dataset,fraction,seed,role,scheme,record_index,ida,has_true_match,n_valid_matches,retained_idb,top1_idb,top1_is_any_valid,top1_score,top2_score,score_gap,threshold,declared,category
DBLP,0.8,43,inner,SRSWOR_65_35,0,conf/sigmod/DoanDH01,True,1,Lv0bggWzgeoJ,Lv0bggWzgeoJ,True,0.9999838966875191,4.670792549806652e-05,0.999937188762021,0.15000000000000002,True,correct
DBLP,0.8,43,inner,SRSWOR_65_35,1,conf/sigmod/MaddenFHH03,True,1,qz24tfFNHuoJ,qz24tfFNHuoJ,True,0.9999847398871429,0.05965277371088652,0.9403319661762564,0.15000000000000002,True,correct
DBLP,0.8,43,inner,SRSWOR_65_35,2,conf/vldb/YangG01,True,6,0Chz95gOxHMJ,xQYKEHCggZQJ,True,0.9999856568067935,0.9999638322777707,2.1824529022773653e-05,0.15000000000000002,True,correct
DBLP,0.8,43,inner,SRSWOR_65_35,3,conf/vldb/JosifovskiR99,True,2,a58OzgW7AvUJ,rR9r4Kuzq-4J,True,0.9999908132331857,0.9999850291447427,5.784088442983837e-06,0.15000000000000002,True,correct
DBLP,0.8,43,inner,SRSWOR_65_35,4,conf/sigmod/PapadopoulosM98,True,1,dLzAJ-I1nCcJ,dLzAJ-I1nCcJ,True,0.9999868555920922,1.5761549319673757e-05,0.9999710940427725,0.15000000000000002,True,correct
DBLP,0.8,43,inner,SRSWOR_65_35,5,journals/vldb/SofferS98,True,1,miubKxLrikUJ,miubKxLrikUJ,True,0.9999879267910187,0.01042451458312217,0.9895634122078965,0.15000000000000002,True,correct
DBLP,0.8,43,inner,SRSWOR_65_35,6,conf/vldb/KahveciS01,True,3,bYV1jynEEO8J,frMKnMtrsksJ,True,0.9999701463679382,0.9999630081096526,7.138258285688259e-06,0.15000000000000002,True,correct
DBLP,0.8,43,inner,SRSWOR_65_35,7,conf/sigmod/GriffinH97,True,1,UwOPyY_jchkJ,UwOPyY_jchkJ,True,0.9999873604901864,6.010873251818981e-06,0.9999813496169346,0.15000000000000002,True,correct
DBLP,0.8,43,inner,SRSWOR_65_35,8,journals/sigmod/Badia02,False,0,,url:http://portal.acm.org/ft_gateway.cfm%3Fid%3D637425%26type%3Dpdf%26dl%3DGUIDE%26dl%3DACM%26CFID%3D11111111%26CFTOKEN%3D2222222,False,0.9999711983625583,0.00010088981022293578,0.9998703085523354,0.15000000000000002,True,false_link
DBLP,0.8,43,inner,SRSWOR_65_35,9,conf/sigmod/PengC03,True,1,4Zlh-TEx9m4J,4Zlh-TEx9m4J,True,0.9999766126732086,0.9919907873567644,0.007985825316444206,0.15000000000000002,True,correct
DBLP,0.8,43,inner,SRSWOR_65_35,10,conf/vldb/Shmueli01,True,2,JhPPFNFWJ1UJ,rEwEqoAns-gJ,True,0.9999836111392619,0.9990417442532447,0.000941866886017273,0.15000000000000002,True,correct
DBLP,0.8,43,inner,SRSWOR_65_35,11,conf/vldb/Kotidis01,True,1,lRL4LmMtwnYJ,lRL4LmMtwnYJ,True,0.9999828823407505,7.398300459837016e-06,0.9999754840402907,0.15000000000000002,True,correct
DBLP,0.8,43,inner,SRSWOR_65_35,12,journals/sigmod/TianDCZ02,True,5,eeCoB5sDWK4J,JceK-ywXk8UJ,True,0.999985169582541,0.9999773528011306,7.816781410374674e-06,0.15000000000000002,True,correct
DBLP,0.8,43,inner,SRSWOR_65_35,13,conf/vldb/WangHH00,True,1,qbxHq9qXVrUJ,qbxHq9qXVrUJ,True,0.9999883237677173,0.9796777501713079,0.02031057359640942,0.15000000000000002,True,correct
DBLP,0.8,43,inner,SRSWOR_65_35,14,journals/tods/ParsonsW00,True,1,Z5rWzHBxtEEJ,Z5rWzHBxtEEJ,True,0.9999879367578275,5.3105383420835155e-06,0.9999826262194854,0.15000000000000002,True,correct
DBLP,0.8,43,inner,SRSWOR_65_35,15,conf/sigmod/CareyK97,True,5,2OPEy9_6BlEJ,yuAO6FZOXmQJ,True,0.9999866948165362,0.9999720851365788,1.4609679957477972e-05,0.15000000000000002,True,correct
DBLP,0.8,43,inner,SRSWOR_65_35,16,journals/sigmod/Fagin02,True,2,C3swZi1md5YJ,C3swZi1md5YJ,True,0.9999825458296914,9.667538335570216e-06,0.9999728782913558,0.15000000000000002,True,correct
DBLP,0.8,43,inner,SRSWOR_65_35,17,journals/sigmod/Rosneblatt94,True,1,D1RdxKP6_6YJ,D1RdxKP6_6YJ,True,0.9997077513531892,5.5413825235249955e-06,0.9997022099706657,0.15000000000000002,True,correct
DBLP,0.8,43,inner,SRSWOR_65_35,18,journals/sigmod/Wong95,True,1,7F9iCGggYVgJ,7F9iCGggYVgJ,True,0.9999880246050986,4.878610762854111e-06,0.9999831459943358,0.15000000000000002,True,correct
DBLP,0.8,43,inner,SRSWOR_65_35,19,conf/sigmod/Tajima96,True,1,IZSzLlgi8tUJ,IZSzLlgi8tUJ,True,0.9999860766799074,1.1821597699746109e-05,0.9999742550822076,0.15000000000000002,True,correct
DBLP,0.8,43,inner,SRSWOR_65_35,20,conf/sigmod/GoyalHKMSZ97,True,2,D-1jnVnmWnQJ,OcGPxRYxbsUJ,True,0.9999806622980867,0.05625639265862308,0.9437242696394637,0.15000000000000002,True,correct
DBLP,0.8,43,inner,SRSWOR_65_35,21,conf/vldb/DeRose99,True,1,_7DyRIjTceAJ,_7DyRIjTceAJ,True,0.9998835259885083,6.619496311369923e-06,0.9998769064921968,0.15000000000000002,True,correct
DBLP,0.8,43,inner,SRSWOR_65_35,22,conf/sigmod/GuoSBS03,True,1,p_PDgjVRUS4J,p_PDgjVRUS4J,True,0.9999826671498487,7.404872062995291e-06,0.9999752622777858,0.15000000000000002,True,correct
DBLP,0.8,43,inner,SRSWOR_65_35,23,conf/vldb/PardonA00,True,2,Bax8yKEV6McJ,k7G60pXtD58J,True,0.9999858649464884,0.9999855371153727,3.2783111569845147e-07,0.15000000000000002,True,correct
DBLP,0.8,43,inner,SRSWOR_65_35,24,conf/vldb/KochBG03,True,2,mZNcc1O3Nl8J,xCbXlJHLR48J,True,0.9999823633823576,0.9999671689299509,1.519445240671935e-05,0.15000000000000002,True,correct
DBLP,0.8,43,inner,SRSWOR_65_35,25,conf/sigmod/SzalayGKT00,True,11,1kKap3JyndkJ,GYR0v7CFkP0J,True,0.9999840340051774,0.9999827328623966,1.301142780851805e-06,0.15000000000000002,True,correct
DBLP,0.8,43,inner,SRSWOR_65_35,26,conf/sigmod/Ubell94,True,3,lphlTARDI9YJ,ZrMjnFuPnI0J,True,0.9980974018376363,0.991255322597865,0.006842079239771315,0.15000000000000002,True,correct
DBLP,0.8,43,inner,SRSWOR_65_35,27,journals/sigmod/Franklin00a,False,0,,diQK7Y_z3XwJ,False,2.5359406495713354e-05,2.013625994896504e-05,5.223146546748312e-06,0.15000000000000002,False,unmatched_abstention
DBLP,0.8,43,inner,SRSWOR_65_35,28,conf/vldb/SrinivasanDFCJYKTDB00,True,1,RmyORCW6qn8J,RmyORCW6qn8J,True,0.9999887855943275,7.365220760311979e-06,0.9999814203735672,0.15000000000000002,True,correct
DBLP,0.8,43,inner,SRSWOR_65_35,29,conf/sigmod/YanMHF01,True,5,8hRWaIVZ2ykJ,8hRWaIVZ2ykJ,True,0.9999808960036993,0.9999808688021378,2.7201561558776177e-08,0.15000000000000002,True,correct
DBLP,0.8,43,inner,SRSWOR_65_35,30,conf/sigmod/BratsbergT00,True,4,356Jyb4b6rYJ,url:http://portal.acm.org/ft_gateway.cfm%3Fid%3D335477%26type%3Dpdf%26coll%3DGUIDE%26dl%3DACM%26CFID%3D11111111%26CFTOKEN%3D2222222,True,0.9999081241990667,0.9991729873977729,0.0007351368012937787,0.15000000000000002,True,correct
DBLP,0.8,43,inner,SRSWOR_65_35,31,conf/sigmod/StonebrakerH01,True,3,ltEmsluBrYkJ,opMsehfY-XoJ,True,0.9999833453233923,0.9999808434618893,2.5018615029681612e-06,0.15000000000000002,True,correct
DBLP,0.8,43,inner,SRSWOR_65_35,32,conf/vldb/KalusD95,True,1,r1xwwqWr2K0J,r1xwwqWr2K0J,True,0.9999836830014315,4.689545439829087e-06,0.9999789934559916,0.15000000000000002,True,correct
DBLP,0.8,43,inner,SRSWOR_65_35,33,conf/vldb/GhoshPSH02,True,1,2dlOojuSNeIJ,2dlOojuSNeIJ,True,0.9999881012756123,6.002979218922483e-06,0.9999820982963934,0.15000000000000002,True,correct
DBLP,0.8,43,inner,SRSWOR_65_35,34,conf/vldb/Koch03,True,1,rhxIrsQkm5AJ,rhxIrsQkm5AJ,True,0.9999027037470326,5.156845038894963e-06,0.9998975469019937,0.15000000000000002,True,correct
DBLP,0.8,43,inner,SRSWOR_65_35,35,conf/vldb/LeeWMS02,True,1,c-MP8R47zVIJ,c-MP8R47zVIJ,True,0.999987365804805,7.324510372276394e-06,0.9999800412944326,0.15000000000000002,True,correct
DBLP,0.8,43,inner,SRSWOR_65_35,36,journals/sigmod/Liu02b,False,0,,url:http://portal.acm.org/ft_gateway.cfm%3Fid%3D945727%26type%3Dpdf%26dl%3DGUIDE%26dl%3DACM%26CFID%3D11111111%26CFTOKEN%3D2222222,False,2.3618588867552315e-05,2.307642848759403e-05,5.421603799582857e-07,0.15000000000000002,False,unmatched_abstention
DBLP,0.8,43,inner,SRSWOR_65_35,37,conf/vldb/Moerkotte02,True,1,jiGdThcReckJ,jiGdThcReckJ,True,0.9999880746589928,5.301339063287281e-06,0.9999827733199295,0.15000000000000002,True,correct
DBLP,0.8,43,inner,SRSWOR_65_35,38,conf/vldb/PedersenJD99,True,3,a36_v9H699oJ,sAUncbolYJ8J,True,0.9999898993540223,0.999986672567452,3.2267865702761966e-06,0.15000000000000002,True,correct
DBLP,0.8,43,inner,SRSWOR_65_35,39,conf/vldb/KornLKF98,True,2,ewsBMN0qVa4J,ewsBMN0qVa4J,True,0.9999823668467916,0.9999717502757958,1.0616570995880537e-05,0.15000000000000002,True,correct
DBLP,0.8,43,inner,SRSWOR_65_35,40,conf/vldb/MengLLA03,True,2,_dOpWA3QWOEJ,_dOpWA3QWOEJ,True,0.9999845896939981,0.9988420002873524,0.0011425894066456888,0.15000000000000002,True,correct
DBLP,0.8,43,inner,SRSWOR_65_35,41,journals/vldb/ChandrasekaranF03,True,1,b9r9U3OwrkcJ,b9r9U3OwrkcJ,True,0.999988467829569,0.00643231288575374,0.9935561549438152,0.15000000000000002,True,correct
DBLP,0.8,43,inner,SRSWOR_65_35,42,journals/vldb/EvangelidisS97,True,1,5dnYlEMQTb0J,5dnYlEMQTb0J,True,0.9999810252448567,0.21169543753354503,0.7882855877113116,0.15000000000000002,True,correct
DBLP,0.8,43,inner,SRSWOR_65_35,43,conf/vldb/YangLH03,True,1,hUMTG7HNlyAJ,hUMTG7HNlyAJ,True,0.9999794894548486,0.0001474233324707011,0.9998320661223778,0.15000000000000002,True,correct
DBLP,0.8,43,inner,SRSWOR_65_35,44,conf/vldb/RohmBSS02,True,2,Lp_ozOkFI30J,Lp_ozOkFI30J,True,0.9999848760159153,0.9999827677863481,2.10822956725476e-06,0.15000000000000002,True,correct
DBLP,0.8,43,inner,SRSWOR_65_35,45,conf/sigmod/BrodskyK95,True,2,6t_N5axEm7cJ,SFmnhrhoQzgJ,True,0.9999776361874404,0.9991103041189584,0.0008673320684819963,0.15000000000000002,True,correct
DBLP,0.8,43,inner,SRSWOR_65_35,46,journals/tods/OliverS94,True,2,RUyqFOxZyDoJ,RUyqFOxZyDoJ,True,0.9999788465455277,0.9999764795012246,2.3670443031198474e-06,0.15000000000000002,True,correct
DBLP,0.8,43,inner,SRSWOR_65_35,47,journals/sigmod/Domingo-FerrerH98,True,2,9bRPA_aTYh4J,ajq2idLfpHMJ,True,0.9999899967680176,0.999983814687707,6.182080310557225e-06,0.15000000000000002,True,correct
DBLP,0.8,43,inner,SRSWOR_65_35,48,journals/sigmod/RossIJP00,False,0,,url:http://portal.acm.org/citation.cfm%3Fid%3D1041410.1041430,False,0.7149313107628772,0.04322805057306649,0.6717032601898107,0.15000000000000002,True,false_link
DBLP,0.8,43,inner,SRSWOR_65_35,49,conf/sigmod/LangS01,True,2,FFQc9XpGFRsJ,FFQc9XpGFRsJ,True,0.9999883742232994,0.9999703996366532,1.797458664620777e-05,0.15000000000000002,True,correct
DBLP,0.8,43,inner,SRSWOR_65_35,50,journals/vldb/StonebrakerALPSSSY96,True,3,dWgXDMGuFd4J,dWgXDMGuFd4J,True,0.99997995065695,0.99996642309843,1.3527558520021188e-05,0.15000000000000002,True,correct
DBLP,0.8,43,inner,SRSWOR_65_35,51,journals/tods/DeyS96,True,3,Jfo57_VwkfUJ,uZVc1wSi3y4J,True,0.9999859650169336,0.9998980597667231,8.79052502105182e-05,0.15000000000000002,True,correct
DBLP,0.8,43,inner,SRSWOR_65_35,52,conf/vldb/Cluet03,True,1,faRBjw1op8YJ,faRBjw1op8YJ,True,0.9999410857940237,1.7164378000675747e-05,0.999923921416023,0.15000000000000002,True,correct
DBLP,0.8,43,inner,SRSWOR_65_35,53,conf/vldb/CareyK98,True,1,MCuFKbwcWIIJ,MCuFKbwcWIIJ,True,0.9999769686196026,4.868218671033804e-06,0.9999721004009315,0.15000000000000002,True,correct
DBLP,0.8,43,inner,SRSWOR_65_35,54,conf/sigmod/BerchtoldBK98,True,8,1tZ74y0DNLIJ,4Uf5sjXgwhoJ,True,0.999986967044769,0.999976018539613,1.0948505155927712e-05,0.15000000000000002,True,correct
DBLP,0.8,43,inner,SRSWOR_65_35,55,conf/sigmod/GoldsteinL01,True,2,dxvwQEOjBJQJ,xufwWHmOf6IJ,True,0.9999889700427145,0.9951554133993011,0.004833556643413339,0.15000000000000002,True,correct
DBLP,0.8,43,inner,SRSWOR_65_35,56,journals/tods/JacoxS03,True,1,ujD_9YAZctUJ,ujD_9YAZctUJ,True,0.9999755085908747,1.3722267787351049e-05,0.9999617863230873,0.15000000000000002,True,correct
DBLP,0.8,43,inner,SRSWOR_65_35,57,conf/sigmod/BrodskySCE99,True,3,_cUSf4sG_28J,jnBo-gBTmAcJ,True,0.9999648925118537,0.9999255315243057,3.936098754797612e-05,0.15000000000000002,True,correct
DBLP,0.8,43,inner,SRSWOR_65_35,58,conf/vldb/BernsteinHJRW00,True,3,0KiQzAIFlJkJ,KlPsHutXQi8J,True,0.9999792341865141,0.9999523631649846,2.6871021529539796e-05,0.15000000000000002,True,correct
DBLP,0.8,43,inner,SRSWOR_65_35,59,journals/sigmod/TomasicS97,True,1,-MNdDpWC-sgJ,-MNdDpWC-sgJ,True,0.99998714781502,5.672921718291811e-06,0.9999814748933017,0.15000000000000002,True,correct
DBLP,0.8,43,inner,SRSWOR_65_35,60,conf/vldb/Campbell99,True,1,m1eeQnYWL0oJ,m1eeQnYWL0oJ,True,0.9999792307404346,7.930630790025857e-06,0.9999713001096445,0.15000000000000002,True,correct
DBLP,0.8,43,inner,SRSWOR_65_35,61,conf/sigmod/Brewer98,True,1,k4UNrsGeUuAJ,k4UNrsGeUuAJ,True,0.999987569124491,6.503108247101161e-05,0.99992253804202,0.15000000000000002,True,correct
DBLP,0.8,43,inner,SRSWOR_65_35,62,journals/sigmod/YuenCLL00,True,1,Ip82P4QfKyEJ,Ip82P4QfKyEJ,True,0.9999864853189929,0.00017298061738670308,0.9998135047016062,0.15000000000000002,True,correct
DBLP,0.8,43,inner,SRSWOR_65_35,63,conf/vldb/AdiBEY00,True,3,R5o2TUro03MJ,RkjggE7xhN0J,True,0.999989428651727,0.9999860683918896,3.3602598373816406e-06,0.15000000000000002,True,correct
DBLP,0.8,43,inner,SRSWOR_65_35,64,conf/vldb/HinneburgAK00,True,2,1ambq2RMGMoJ,1ambq2RMGMoJ,True,0.9999720397109481,0.999968165405774,3.874305174011994e-06,0.15000000000000002,True,correct
DBLP,0.8,43,inner,SRSWOR_65_35,65,conf/sigmod/PoosalaIHS96,True,9,4eUqHKdkGNoJ,hHGQKstQ2PQJ,True,0.9999796606102754,0.9999785084544205,1.1521558549443256e-06,0.15000000000000002,True,correct
DBLP,0.8,43,inner,SRSWOR_65_35,66,conf/sigmod/ImielinskiV95,True,1,dKMRgoNRQDgJ,dKMRgoNRQDgJ,True,0.9999781392073149,8.157356044324403e-06,0.9999699818512706,0.15000000000000002,True,correct
DBLP,0.8,43,inner,SRSWOR_65_35,67,journals/vldb/GutingS95,True,8,A4lUwOD7AeYJ,CBHicx5w3ocJ,True,0.9999776611477891,0.9999773836861644,2.7746162467590096e-07,0.15000000000000002,True,correct
DBLP,0.8,43,inner,SRSWOR_65_35,68,journals/sigmod/VelACM01,True,1,LseDURw3BXMJ,LseDURw3BXMJ,True,0.9999812928526631,5.293528672918406e-06,0.9999759993239902,0.15000000000000002,True,correct
DBLP,0.8,43,inner,SRSWOR_65_35,69,journals/vldb/Navarro02,True,2,UDQsHc_ps4IJ,UDQsHc_ps4IJ,True,0.9999866509940867,0.9999723321972602,1.4318796826451319e-05,0.15000000000000002,True,correct
DBLP,0.8,43,inner,SRSWOR_65_35,70,conf/sigmod/FlokstraKS94,True,1,_uAjDh22Y_EJ,_uAjDh22Y_EJ,True,0.9999893961494623,5.712117346156347e-06,0.9999836840321161,0.15000000000000002,True,correct
DBLP,0.8,43,inner,SRSWOR_65_35,71,journals/sigmod/Aberer02c,True,1,url:http://portal.acm.org/ft_gateway.cfm%3Fid%3D637424%26type%3Dpdf%26coll%3DGUIDE%26dl%3DACM%26CFID%3D11111111%26CFTOKEN%3D2222222,url:http://portal.acm.org/citation.cfm%3Fid%3D637411.637423%26dl%3Dportal%26dl%3DACM%26type%3Dissue%26idx%3D637411%26part%3Dperiodical%26WantType%3Dperiodical%26title%3DACM%2520SIGMOD%2520Record%26CFID%3D11111111%26CFTOKEN%3D2222222,False,0.39493513390783747,0.018340387663705954,0.37659474624413153,0.15000000000000002,True,false_link
DBLP,0.8,43,inner,SRSWOR_65_35,72,journals/tods/MelnikG03,True,2,iyliEUBEyhwJ,y2dZ5cRja_IJ,True,0.9999809676141657,0.9996925478351739,0.0002884197789917442,0.15000000000000002,True,correct
DBLP,0.8,43,inner,SRSWOR_65_35,73,conf/sigmod/Rodriguez-Martinez00,True,1,ZX_Rn4h2st0J,ZX_Rn4h2st0J,True,0.9999740179527351,4.464759536624467e-05,0.9999293703573688,0.15000000000000002,True,correct
DBLP,0.8,43,inner,SRSWOR_65_35,74,journals/sigmod/Nascimento03,True,2,cJRWis64ghgJ,url:http://portal.acm.org/citation.cfm%3Fid%3D776985.776996%26dl%3Dportal%26dl%3DACM%26idx%3D776985%26part%3Dperiodical%26WantType%3Dperiodical%26title%3DACM%2520SIGMOD%2520Record%26CFID%3D11111111%26CFTOKEN%3D2222222,True,0.99998593733706,0.9999635022894438,2.2435047616231607e-05,0.15000000000000002,True,correct
DBLP,0.8,43,inner,SRSWOR_65_35,75,conf/vldb/BhattacharjeePMLCH03,True,1,PUCW4QzlkmsJ,PUCW4QzlkmsJ,True,0.9999884937552104,0.06055240190005694,0.9394360918551534,0.15000000000000002,True,correct
DBLP,0.8,43,inner,SRSWOR_65_35,76,conf/vldb/LeslieJBY95,True,1,zmwPMSd8rGgJ,zmwPMSd8rGgJ,True,0.9999862299755679,5.1343064056460375e-06,0.9999810956691622,0.15000000000000002,True,correct
DBLP,0.8,43,inner,SRSWOR_65_35,77,conf/vldb/LiHKSPAC02,False,0,,tAO-l_SkmSwJ,False,1.0578286632384182e-05,7.208239337718088e-06,3.3700472946660937e-06,0.15000000000000002,False,unmatched_abstention
DBLP,0.8,43,inner,SRSWOR_65_35,78,conf/vldb/BaumgartnerFG01,True,3,I1xHtA3f3MsJ,I1xHtA3f3MsJ,True,0.9999890224176563,0.9999862540384928,2.7683791634647292e-06,0.15000000000000002,True,correct
DBLP,0.8,43,inner,SRSWOR_65_35,79,conf/vldb/DayalHL01,True,3,0XYRlW9tvw8J,0XYRlW9tvw8J,True,0.9999781766384077,0.9999770728435232,1.1037948844938583e-06,0.15000000000000002,True,correct
DBLP,0.8,43,inner,SRSWOR_65_35,80,conf/vldb/Ganguly98,True,1,a8cB2S6Td-sJ,a8cB2S6Td-sJ,True,0.9999818870829361,0.00011764930787498912,0.9998642377750612,0.15000000000000002,True,correct
DBLP,0.8,43,inner,SRSWOR_65_35,81,conf/sigmod/LivnyRBCDLMW97a,True,5,1rcDwhVp-o8J,izDXhqRW9AYJ,True,0.9999586274924197,0.999940711225107,1.7916267312734213e-05,0.15000000000000002,True,correct
DBLP,0.8,43,inner,SRSWOR_65_35,82,journals/sigmod/LenzVJS03,True,1,url:http://portal.acm.org/ft_gateway.cfm%3Fid%3D959083%26type%3Dpdf,url:http://portal.acm.org/ft_gateway.cfm%3Fid%3D959083%26type%3Dpdf,True,0.9999614715789763,0.02442168695932589,0.9755397846196504,0.15000000000000002,True,correct
DBLP,0.8,43,inner,SRSWOR_65_35,83,conf/sigmod/PonnekantiK00,True,1,IddFq2o4ZsoJ,IddFq2o4ZsoJ,True,0.9999653766772116,8.279116540641205e-06,0.999957097560671,0.15000000000000002,True,correct
DBLP,0.8,43,inner,SRSWOR_65_35,84,conf/vldb/RamsakMFZEB00,True,1,4fN0QEu0KeAJ,4fN0QEu0KeAJ,True,0.9999892526103258,5.533102392680963e-06,0.9999837195079331,0.15000000000000002,True,correct
DBLP,0.8,43,inner,SRSWOR_65_35,85,conf/sigmod/GarofalakisRRS99,True,1,z7J4u1sJ52cJ,z7J4u1sJ52cJ,True,0.9999768281509681,7.0300767783286235e-06,0.9999697980741897,0.15000000000000002,True,correct
DBLP,0.8,43,inner,SRSWOR_65_35,86,journals/vldb/HarderST99,True,1,KGyKFmRfspAJ,KGyKFmRfspAJ,True,0.999982134002128,5.18429593368424e-06,0.9999769497061943,0.15000000000000002,True,correct
DBLP,0.8,43,inner,SRSWOR_65_35,87,conf/sigmod/NgLK98,True,1,kJVhJ4ruw6sJ,kJVhJ4ruw6sJ,True,0.9994798881699248,7.972558045743166e-06,0.9994719156118791,0.15000000000000002,True,correct
DBLP,0.8,43,inner,SRSWOR_65_35,88,conf/vldb/HulgeriS02,True,2,syoqNSarAscJ,xGcM9AuhrBMJ,True,0.9999850208474456,0.9999448772515018,4.014359594373129e-05,0.15000000000000002,True,correct
DBLP,0.8,43,inner,SRSWOR_65_35,89,journals/sigmod/NascimentoM99,True,1,url:http://portal.acm.org/ft_gateway.cfm%3Fid%3D310062%26type%3Dpdf%26dl%3DGUIDE%26dl%3DACM%26CFID%3D11111111%26CFTOKEN%3D2222222,url:http://portal.acm.org/ft_gateway.cfm%3Fid%3D310062%26type%3Dpdf%26dl%3DGUIDE%26dl%3DACM%26CFID%3D11111111%26CFTOKEN%3D2222222,True,0.9999856376029594,6.922797329483933e-05,0.9999164096296645,0.15000000000000002,True,correct
DBLP,0.8,43,inner,SRSWOR_65_35,90,journals/sigmod/AilamakiFFSV03,True,1,rMV2yNFwvggJ,rMV2yNFwvggJ,True,0.9999893336120218,4.971460172808105e-06,0.999984362151849,0.15000000000000002,True,correct
DBLP,0.8,43,inner,SRSWOR_65_35,91,conf/vldb/HammelP02,True,1,SU2XS1MVb40J,SU2XS1MVb40J,True,0.9999864968878486,6.410027108561779e-06,0.99998008686074,0.15000000000000002,True,correct
DBLP,0.8,43,inner,SRSWOR_65_35,92,conf/vldb/Nori00,False,0,,Phcd3C1cfLcJ,False,5.688817147287495e-06,5.3156812953767105e-06,3.7313585191078446e-07,0.15000000000000002,False,unmatched_abstention
DBLP,0.8,43,inner,SRSWOR_65_35,93,journals/sigmod/GatziuKBF98,True,4,C8tPNXRbNnIJ,YERfAnxw2RcJ,True,0.9999737839196774,0.9998660601668168,0.0001077237528606112,0.15000000000000002,True,correct
DBLP,0.8,43,inner,SRSWOR_65_35,94,conf/sigmod/LeeKOTM00,True,1,C8RLbWKCgicJ,C8RLbWKCgicJ,True,0.9999877713882077,7.016154358814811e-05,0.9999176098446195,0.15000000000000002,True,correct
DBLP,0.8,43,inner,SRSWOR_65_35,95,journals/tods/LitwinN96,True,4,d7by8a0ArhIJ,eKvrxzDXW0AJ,True,0.9999852972519028,0.999965613659791,1.96835921117966e-05,0.15000000000000002,True,correct
DBLP,0.8,43,inner,SRSWOR_65_35,96,journals/sigmod/HansonN99,True,4,b5uRDGKYrcMJ,b5uRDGKYrcMJ,True,0.9999850585409611,0.9999421700003821,4.2888540578989165e-05,0.15000000000000002,True,correct
DBLP,0.8,43,inner,SRSWOR_65_35,97,conf/vldb/GibsonKR98,True,1,9FBwT6XFOssJ,9FBwT6XFOssJ,True,0.9999872860443606,8.754607175706993e-06,0.9999785314371848,0.15000000000000002,True,correct
DBLP,0.8,43,inner,SRSWOR_65_35,98,conf/vldb/IyerW94,True,1,5smJVUm1KAYJ,5smJVUm1KAYJ,True,0.9999859236511726,0.002087515276902548,0.99789840837427,0.15000000000000002,True,correct
DBLP,0.8,43,inner,SRSWOR_65_35,99,journals/vldb/BraumandlKKKKSS01,True,1,dURGvGhlWbsJ,dURGvGhlWbsJ,True,0.9999829532372859,0.4866031955297242,0.5133797577075617,0.15000000000000002,True,correct
DBLP,0.8,43,inner,SRSWOR_65_35,100,conf/sigmod/KornJF97,True,5,atWqYF6LcuwJ,QLMiox_WLF4J,True,0.9999806370536337,0.9999796354759558,1.0015776779059848e-06,0.15000000000000002,True,correct
DBLP,0.8,43,inner,SRSWOR_65_35,101,journals/sigmod/JukicV97,True,1,yZbJS0Cd6cAJ,yZbJS0Cd6cAJ,True,0.9999872310975386,1.0717850575758963e-05,0.9999765132469629,0.15000000000000002,True,correct
DBLP,0.8,43,inner,SRSWOR_65_35,102,conf/vldb/LempelM02,True,1,DcSYGPdhxwoJ,DcSYGPdhxwoJ,True,0.9999831323498038,6.266480242799651e-06,0.999976865869561,0.15000000000000002,True,correct
DBLP,0.8,43,inner,SRSWOR_65_35,103,journals/sigmod/PitouraAPSV03,True,3,hn2MANNgz9sJ,K84OAzFimWgJ,True,0.9999824174574127,0.9999821390106094,2.784468032812626e-07,0.15000000000000002,True,correct
DBLP,0.8,43,inner,SRSWOR_65_35,104,conf/sigmod/RaoZML02,True,2,7Ucs6vmjHN0J,c2PgXbSSAFcJ,True,0.9999893166008058,0.9999859693261179,3.3472746878704385e-06,0.15000000000000002,True,correct
DBLP,0.8,43,inner,SRSWOR_65_35,105,journals/sigmod/PapianiWDN99,True,3,aU7XlTpoxRgJ,HxmnEeCigX8J,True,0.9999882242988899,0.9999773239067729,1.0900392117041413e-05,0.15000000000000002,True,correct
DBLP,0.8,43,inner,SRSWOR_65_35,106,conf/sigmod/AltinelABFSZ99,True,5,4m_zFz0kP7cJ,ebmulQBhqZEJ,True,0.9999864926247573,0.9999796155794171,6.877045340192289e-06,0.15000000000000002,True,correct
DBLP,0.8,43,inner,SRSWOR_65_35,107,journals/sigmod/LabrinidisM01,True,1,url:http://portal.acm.org/ft_gateway.cfm%3Fid%3D603886%26type%3Dpdf%26dl%3DGUIDE%26dl%3DACM%26CFID%3D11111111%26CFTOKEN%3D2222222,url:http://portal.acm.org/ft_gateway.cfm%3Fid%3D603886%26type%3Dpdf%26dl%3DGUIDE%26dl%3DACM%26CFID%3D11111111%26CFTOKEN%3D2222222,True,0.9999865432439916,0.00015480927085192672,0.9998317339731397,0.15000000000000002,True,correct
DBLP,0.8,43,inner,SRSWOR_65_35,108,conf/sigmod/HanKK97,True,3,MqdtZ_cUxDEJ,NIfccqToMb8J,True,0.9999629356859071,0.9999415965618669,2.133912404023164e-05,0.15000000000000002,True,correct
DBLP,0.8,43,inner,SRSWOR_65_35,109,conf/sigmod/ZhouR02,True,1,-hUVSdRv5UUJ,-hUVSdRv5UUJ,True,0.9999879381727692,1.3912688373513346e-05,0.9999740254843957,0.15000000000000002,True,correct
DBLP,0.8,43,inner,SRSWOR_65_35,110,journals/vldb/AgrawalAJL95,True,1,EyOHVek12P0J,EyOHVek12P0J,True,0.9999868207479438,1.7746773380481085e-05,0.9999690739745632,0.15000000000000002,True,correct
DBLP,0.8,43,inner,SRSWOR_65_35,111,conf/vldb/BohannonFHRRS02,True,1,zYfyg0fCzEsJ,zYfyg0fCzEsJ,True,0.9999845847846902,5.826311466288027e-06,0.9999787584732239,0.15000000000000002,True,correct
DBLP,0.8,43,inner,SRSWOR_65_35,112,conf/vldb/SrikantA95,True,16,08bwdEy_OY8J,Ve-JH2yNN0kJ,True,0.9999778396360771,0.999975800749474,2.038886603106249e-06,0.15000000000000002,True,correct
DBLP,0.8,43,inner,SRSWOR_65_35,113,conf/vldb/VenkataramanZ98,True,2,KrAyBSajhZEJ,KrAyBSajhZEJ,True,0.9999902058662616,0.9999837725254798,6.433340781875074e-06,0.15000000000000002,True,correct
DBLP,0.8,43,inner,SRSWOR_65_35,114,journals/sigmod/AshishK97,True,5,3zbpGI3YqXUJ,kQOOd6RAo1AJ,True,0.9999830326611521,0.99998033307539,2.699585762044876e-06,0.15000000000000002,True,correct
DBLP,0.8,43,inner,SRSWOR_65_35,115,journals/tods/DyresonS98,True,1,dvlv3BMgYrIJ,dvlv3BMgYrIJ,True,0.999982254969741,0.9992411885875178,0.0007410663822232655,0.15000000000000002,True,correct
DBLP,0.8,43,inner,SRSWOR_65_35,116,journals/sigmod/Rosenthal98,True,1,ZMMeRrWUlOoJ,ZMMeRrWUlOoJ,True,0.9999503287769593,5.19133616997707e-06,0.9999451374407894,0.15000000000000002,True,correct
DBLP,0.8,43,inner,SRSWOR_65_35,117,conf/vldb/CormodeKMS03,True,1,0ZQnv8tOzBwJ,0ZQnv8tOzBwJ,True,0.9999889723250732,0.9478364227284458,0.05215254959662741,0.15000000000000002,True,correct
DBLP,0.8,43,inner,SRSWOR_65_35,118,journals/sigmod/HaritsaS96,True,1,qA7JBQahK3wJ,qA7JBQahK3wJ,True,0.9994947902968926,0.9903690723671563,0.009125717929736266,0.15000000000000002,True,correct
DBLP,0.8,43,inner,SRSWOR_65_35,119,journals/sigmod/Snodgrass00b,False,0,,url:http://portal.acm.org/ft_gateway.cfm%3Fid%3D601859%26type%3Dpdf%26dl%3DGUIDE%26dl%3DACM%26CFID%3D11111111%26CFTOKEN%3D2222222,False,0.006569549987118204,0.0014282783868906556,0.005141271600227548,0.15000000000000002,False,unmatched_abstention
DBLP,0.8,43,inner,SRSWOR_65_35,120,journals/sigmod/AbelTK97,True,1,yK-yqVAiXekJ,yK-yqVAiXekJ,True,0.9999768098466936,0.0002314863684386193,0.999745323478255,0.15000000000000002,True,correct
DBLP,0.8,43,inner,SRSWOR_65_35,121,conf/vldb/TanEO01,True,2,1A06w64wjvcJ,1A06w64wjvcJ,True,0.999953386408302,0.9999189721154014,3.4414292900630805e-05,0.15000000000000002,True,correct
DBLP,0.8,43,inner,SRSWOR_65_35,122,conf/vldb/NathDKGKS03,True,3,FirBsg8jxtkJ,pF6EW_yKYyYJ,True,0.9999866026967729,0.9999768515628916,9.751133881241714e-06,0.15000000000000002,True,correct
DBLP,0.8,43,inner,SRSWOR_65_35,123,conf/sigmod/LeflerSW96,True,1,4b12cZc8QK4J,4b12cZc8QK4J,True,0.9999894098733658,2.8368402236883622e-05,0.999961041471129,0.15000000000000002,True,correct
DBLP,0.8,43,inner,SRSWOR_65_35,124,journals/sigmod/SouzaS99,True,2,lSJVvYYknn0J,lSJVvYYknn0J,True,0.99998417235581,0.9998782627835787,0.00010590957223133302,0.15000000000000002,True,correct
DBLP,0.8,43,inner,SRSWOR_65_35,125,conf/vldb/DeutschPT99,True,1,0aJOXauNqYIJ,0aJOXauNqYIJ,True,0.9999848360254717,2.0400484102595563e-05,0.9999644355413692,0.15000000000000002,True,correct
DBLP,0.8,43,inner,SRSWOR_65_35,126,journals/sigmod/BarbaraCJW01,True,2,asukNMVeZZYJ,asukNMVeZZYJ,True,0.9999865860386552,0.9999682998234996,1.8286215155649543e-05,0.15000000000000002,True,correct
DBLP,0.8,43,inner,SRSWOR_65_35,127,conf/vldb/Cabrera03,True,1,url:http://wwwdb.informatik.uni-rostock.de/vldb2003/papers/S31P01.pdf,url:http://wwwdb.informatik.uni-rostock.de/vldb2003/papers/S31P01.pdf,True,0.9999585519870514,0.0015222142836901907,0.9984363377033613,0.15000000000000002,True,correct
DBLP,0.8,43,inner,SRSWOR_65_35,128,conf/sigmod/RundensteinerCCSO00,True,1,url:http://portal.acm.org/ft_gateway.cfm%3Fid%3D335496%26type%3Dpdf%26dl%3DGUIDE%26dl%3DACM%26CFID%3D11111111%26CFTOKEN%3D2222222,url:http://portal.acm.org/ft_gateway.cfm%3Fid%3D335496%26type%3Dpdf%26dl%3DGUIDE%26dl%3DACM%26CFID%3D11111111%26CFTOKEN%3D2222222,True,0.9999789991264386,0.00026375508814665215,0.9997152440382919,0.15000000000000002,True,correct
DBLP,0.8,43,inner,SRSWOR_65_35,129,conf/sigmod/DeligiannakisR03,True,1,zMgbS5u_GwYJ,zMgbS5u_GwYJ,True,0.9999822028731019,4.894063148439841e-06,0.9999773088099535,0.15000000000000002,True,correct
DBLP,0.8,43,inner,SRSWOR_65_35,130,journals/sigmod/Fong95,True,1,zw3-t-veNvAJ,zw3-t-veNvAJ,True,0.9999895972867595,0.00014554538870424424,0.9998440518980553,0.15000000000000002,True,correct
DBLP,0.8,43,inner,SRSWOR_65_35,131,journals/sigmod/Etzion99,True,2,aDxXrqrMy9IJ,aDxXrqrMy9IJ,True,0.999982921930524,0.999977760413995,5.161516528962018e-06,0.15000000000000002,True,correct
DBLP,0.8,43,inner,SRSWOR_65_35,132,conf/sigmod/JohnsonD03,True,1,5OYgUpRggiMJ,5OYgUpRggiMJ,True,0.9999772537764223,8.498142825189473e-06,0.9999687556335971,0.15000000000000002,True,correct
DBLP,0.8,43,inner,SRSWOR_65_35,133,journals/sigmod/Snodgrass02,True,1,_qopgNiYmXQJ,_qopgNiYmXQJ,True,0.9999581460138413,4.906306815147947e-06,0.9999532397070261,0.15000000000000002,True,correct
DBLP,0.8,43,inner,SRSWOR_65_35,134,journals/sigmod/RossHKRRSS01,True,1,tOa0zXK5Ba4J,url:http://portal.acm.org/citation.cfm%3Fid%3D1041410.1041430,False,0.9470730012465769,0.05509019192592768,0.8919828093206492,0.15000000000000002,True,false_link
DBLP,0.8,43,inner,SRSWOR_65_35,135,journals/vldb/CuiW03,True,1,SaOd6rDz5ZgJ,SaOd6rDz5ZgJ,True,0.9999825365557944,0.0002429639911375965,0.9997395725646568,0.15000000000000002,True,correct
DBLP,0.8,43,inner,SRSWOR_65_35,136,conf/sigmod/BerensonBGMOO95,True,9,-CQaLTpGJLQJ,xvAw7wQgenoJ,True,0.9999871599556137,0.9999854690266421,1.6909289716204867e-06,0.15000000000000002,True,correct
DBLP,0.8,43,inner,SRSWOR_65_35,137,conf/vldb/FerrandinaMZFM95,True,4,1hpY5dx3BRIJ,9rofzgQ6HtcJ,True,0.9999816641199539,0.9999559148975183,2.5749222435589303e-05,0.15000000000000002,True,correct
DBLP,0.8,43,inner,SRSWOR_65_35,138,conf/sigmod/CallanCD99,True,3,8UP-2TRKI5wJ,eWVreKOw_QgJ,True,0.9999829177769263,0.999710036325414,0.0002728814515122746,0.15000000000000002,True,correct
DBLP,0.8,43,inner,SRSWOR_65_35,139,conf/sigmod/WangWYY02,True,2,DRp1iFn7znkJ,DRp1iFn7znkJ,True,0.9999834139544359,0.9997408741199028,0.00024253983453315087,0.15000000000000002,True,correct
DBLP,0.8,43,inner,SRSWOR_65_35,140,conf/vldb/GuptaM96,True,2,I0Kfdt6sh0gJ,I83l_B0knOgJ,True,0.9999518023995196,0.9998382570658485,0.00011354533367113895,0.15000000000000002,True,correct
DBLP,0.8,43,inner,SRSWOR_65_35,141,conf/vldb/Amer-YahiaFSX03,True,1,fcB_7jx0pOMJ,fcB_7jx0pOMJ,True,0.9999890975357181,0.6443751483847261,0.355613949150992,0.15000000000000002,True,correct
DBLP,0.8,43,inner,SRSWOR_65_35,142,conf/sigmod/ColbyKLMR97,True,3,0FohHTWs5toJ,0FohHTWs5toJ,True,0.9999837713957308,0.9999709265697379,1.2844825992952558e-05,0.15000000000000002,True,correct
DBLP,0.8,43,inner,SRSWOR_65_35,143,conf/vldb/Graefe99,True,1,3m-KKBVF8KkJ,3m-KKBVF8KkJ,True,0.9999811242749607,0.0007945411127550818,0.9991865831622055,0.15000000000000002,True,correct
DBLP,0.8,43,inner,SRSWOR_65_35,144,conf/sigmod/Maguire01,True,1,url:http://portal.acm.org/ft_gateway.cfm%3Fid%3D375742%26type%3Dpdf%26dl%3DGUIDE%26dl%3DACM%26CFID%3D11111111%26CFTOKEN%3D2222222,url:http://portal.acm.org/ft_gateway.cfm%3Fid%3D375742%26type%3Dpdf%26dl%3DGUIDE%26dl%3DACM%26CFID%3D11111111%26CFTOKEN%3D2222222,True,0.9999603581220263,5.557932272437268e-06,0.9999548001897539,0.15000000000000002,True,correct
DBLP,0.8,43,inner,SRSWOR_65_35,145,conf/sigmod/CherniackZ98,True,2,_wJZsVYdrr8J,_wJZsVYdrr8J,True,0.9999467748429721,0.999838641246418,0.00010813359655414967,0.15000000000000002,True,correct
DBLP,0.8,43,inner,SRSWOR_65_35,146,conf/vldb/ViverosNR96,True,2,lsY_rXfEDDIJ,lsY_rXfEDDIJ,True,0.9999869187432677,0.9999848738811403,2.044862127403846e-06,0.15000000000000002,True,correct
DBLP,0.8,43,inner,SRSWOR_65_35,147,conf/sigmod/VitterW99,True,2,1UFq52qqErUJ,P5oJUiow7lsJ,True,0.9999854481559582,0.9999821251401507,3.323015807521479e-06,0.15000000000000002,True,correct
DBLP,0.8,43,inner,SRSWOR_65_35,148,conf/vldb/Vaskevitch95,True,1,s6Ax0WdZp6IJ,s6Ax0WdZp6IJ,True,0.9999469245168625,1.4698149788277634e-05,0.9999322263670742,0.15000000000000002,True,correct
DBLP,0.8,43,inner,SRSWOR_65_35,149,conf/sigmod/HanFWCZK96,True,1,v9BdA55u_XMJ,v9BdA55u_XMJ,True,0.9999855859141287,0.0004974441081864026,0.9994881418059423,0.15000000000000002,True,correct
DBLP,0.8,43,inner,SRSWOR_65_35,150,journals/vldb/PacittiS00,True,5,9ReaNbX2I-IJ,yXCROrOo320J,True,0.9999851313751139,0.9999473184949026,3.781288021131868e-05,0.15000000000000002,True,correct
DBLP,0.8,43,inner,SRSWOR_65_35,151,conf/vldb/TaoPS02,True,3,c-rJ2AIMUjwJ,o0WQjRyBQ5kJ,True,0.9999844568590865,0.9999702006104956,1.425624859097141e-05,0.15000000000000002,True,correct
DBLP,0.8,43,inner,SRSWOR_65_35,152,conf/sigmod/HristidisKP01,True,1,mg9ABNG06O4J,mg9ABNG06O4J,True,0.9999873187634483,5.214915847395639e-06,0.9999821038476009,0.15000000000000002,True,correct
DBLP,0.8,43,inner,SRSWOR_65_35,153,conf/vldb/ChakrabartiSST00,True,1,eMCZN8ZXNJIJ,eMCZN8ZXNJIJ,True,0.9999861919060807,5.248598944659928e-06,0.999980943307136,0.15000000000000002,True,correct
DBLP,0.8,43,inner,SRSWOR_65_35,154,conf/vldb/Brodie00,True,1,uFCOiVkDZE8J,uFCOiVkDZE8J,True,0.9999839021383556,0.9997364095733683,0.0002474925649873505,0.15000000000000002,True,correct
DBLP,0.8,43,inner,SRSWOR_65_35,155,conf/sigmod/GibbsBT94,True,7,28mTFsC-KCIJ,iS9rQqelSjMJ,True,0.9999855756833677,0.9999839495823427,1.626101024942983e-06,0.15000000000000002,True,correct
DBLP,0.8,43,inner,SRSWOR_65_35,156,conf/sigmod/Kohler99,False,0,,2hzHQA8MjBkJ,False,6.065410555641387e-06,5.466460600050389e-06,5.989499555909981e-07,0.15000000000000002,False,unmatched_abstention
DBLP,0.8,43,inner,SRSWOR_65_35,157,conf/sigmod/LuoEHN02,True,1,7p7mpmvIBrYJ,7p7mpmvIBrYJ,True,0.9999801834972303,6.593570036576923e-06,0.9999735899271937,0.15000000000000002,True,correct
DBLP,0.8,43,inner,SRSWOR_65_35,158,journals/vldb/AtzeniM00,True,1,url:http://www.springerlink.com/index/0YKCKU5LKG6G102T.pdf,wt2W1fPudfIJ,False,2.4655144161823856e-05,1.8821924998638244e-05,5.8332191631856125e-06,0.15000000000000002,False,missing_match
DBLP,0.8,43,inner,SRSWOR_65_35,159,conf/sigmod/LahiriJJC98,True,1,qtwJ7XWG9JIJ,qtwJ7XWG9JIJ,True,0.9999888107522513,1.1250773260257892e-05,0.9999775599789911,0.15000000000000002,True,correct
DBLP,0.8,43,inner,SRSWOR_65_35,160,journals/sigmod/Franklin99a,False,0,,diQK7Y_z3XwJ,False,3.0749458321265956e-05,2.330194957721502e-05,7.447508744050937e-06,0.15000000000000002,False,unmatched_abstention
DBLP,0.8,43,inner,SRSWOR_65_35,161,conf/sigmod/CrescenziMM02,True,1,pI0WktymowwJ,pI0WktymowwJ,True,0.99998105984785,0.7095236097868435,0.29045745006100654,0.15000000000000002,True,correct
DBLP,0.8,43,inner,SRSWOR_65_35,162,journals/sigmod/Jarke95,True,1,url:http://portal.acm.org/ft_gateway.cfm%3Fid%3D202671%26type%3Dpdf%26dl%3DGUIDE%26dl%3DACM%26CFID%3D11111111%26CFTOKEN%3D2222222,url:http://portal.acm.org/ft_gateway.cfm%3Fid%3D202671%26type%3Dpdf%26dl%3DGUIDE%26dl%3DACM%26CFID%3D11111111%26CFTOKEN%3D2222222,True,0.9999869839993609,2.1721600335320187e-05,0.9999652623990256,0.15000000000000002,True,correct
DBLP,0.8,43,inner,SRSWOR_65_35,163,conf/vldb/MankuM02,True,3,dkoIJqatfrsJ,WS4ljty1ff8J,True,0.999982829564421,0.9999714263346683,1.1403229752682265e-05,0.15000000000000002,True,correct
DBLP,0.8,43,inner,SRSWOR_65_35,164,conf/vldb/Mihalisin98,True,1,FuzSLPzjrokJ,FuzSLPzjrokJ,True,0.9999892944895599,6.332871841516822e-06,0.9999829616177184,0.15000000000000002,True,correct
DBLP,0.8,43,inner,SRSWOR_65_35,165,conf/sigmod/GraySSU03,True,1,NnKrsx4j4pkJ,NnKrsx4j4pkJ,True,0.9999834549499025,9.339371918208198e-05,0.9998900612307204,0.15000000000000002,True,correct
DBLP,0.8,43,inner,SRSWOR_65_35,166,conf/vldb/AnciauxBP03,True,2,gYELZxhiJx8J,RLZc9c2-6_oJ,True,0.9999896305076204,0.9999895702077559,6.029986443500945e-08,0.15000000000000002,True,correct
DBLP,0.8,43,inner,SRSWOR_65_35,167,conf/vldb/PanRAMOHAMV02,True,1,F9Fe5NfpK6MJ,F9Fe5NfpK6MJ,True,0.9999854126000225,1.6319255047484967e-05,0.999969093344975,0.15000000000000002,True,correct
DBLP,0.8,43,inner,SRSWOR_65_35,168,conf/sigmod/KoudasS97,True,3,0u8r8MJWgKAJ,0u8r8MJWgKAJ,True,0.9999767299836909,0.9999563586617515,2.037132193943858e-05,0.15000000000000002,True,correct
DBLP,0.8,43,inner,SRSWOR_65_35,169,conf/vldb/HellersteinNP95,True,6,AC19Z_yOCTUJ,AC19Z_yOCTUJ,True,0.9999815594123997,0.9999785571170365,3.002295363208063e-06,0.15000000000000002,True,correct
DBLP,0.8,43,inner,SRSWOR_65_35,170,conf/vldb/LuTD95,True,2,qX-uYKXVk7EJ,qX-uYKXVk7EJ,True,0.9999824428086862,0.999964779637337,1.766317134921369e-05,0.15000000000000002,True,correct
DBLP,0.8,43,inner,SRSWOR_65_35,171,journals/sigmod/McHughAGQW97,True,7,0VMP__pyg_4J,FUXcNB3HHi4J,True,0.9999846996097136,0.9999842617617667,4.378479468991614e-07,0.15000000000000002,True,correct
DBLP,0.8,43,inner,SRSWOR_65_35,172,conf/sigmod/ZaharioudakisCLPU00,True,3,Pbl_CbLYKWYJ,Pbl_CbLYKWYJ,True,0.9999896450540395,0.9999769453260655,1.2699727974019304e-05,0.15000000000000002,True,correct
DBLP,0.8,43,inner,SRSWOR_65_35,173,conf/sigmod/DeHaanTCO03,True,4,3PH--zwkZO8J,gyYBYgpB63sJ,True,0.9999889718307775,0.9999854929113764,3.4789194011120017e-06,0.15000000000000002,True,correct
DBLP,0.8,43,inner,SRSWOR_65_35,174,journals/vldb/Li03,True,3,HlXyqUIDobMJ,HlXyqUIDobMJ,True,0.9999873863913862,0.9999734488337118,1.393755767442606e-05,0.15000000000000002,True,correct
DBLP,0.8,43,inner,SRSWOR_65_35,175,conf/sigmod/Mohan02,True,3,eyxIItge9MQJ,eyxIItge9MQJ,True,0.9999717671892236,0.9985000051801232,0.0014717620091004857,0.15000000000000002,True,correct
DBLP,0.8,43,inner,SRSWOR_65_35,176,conf/vldb/ChavdaW97,True,2,E9AsPVyCDlMJ,E9AsPVyCDlMJ,True,0.9999874131518159,0.9986976788589955,0.0012897342928204214,0.15000000000000002,True,correct
DBLP,0.8,43,inner,SRSWOR_65_35,177,conf/vldb/RamamrithamABEGP00,True,1,jYGXFESkS-YJ,jYGXFESkS-YJ,True,0.9999890324632239,6.223367923254343e-06,0.9999828090953007,0.15000000000000002,True,correct
DBLP,0.8,43,inner,SRSWOR_65_35,178,journals/vldb/DesslochHMMT98,True,1,4D2HQE6fXXEJ,4D2HQE6fXXEJ,True,0.999940938076128,3.96002776754566e-05,0.9999013377984526,0.15000000000000002,True,correct
DBLP,0.8,43,inner,SRSWOR_65_35,179,journals/sigmod/Snodgrass01a,False,0,,CuNhtOboaGoJ,False,1.1626031706159191e-05,6.988299178879595e-06,4.637732527279596e-06,0.15000000000000002,False,unmatched_abstention
DBLP,0.8,43,inner,SRSWOR_65_35,180,journals/sigmod/Qian95a,True,1,url:http://portal.acm.org/ft_gateway.cfm%3Fid%3D212022%26type%3Dpdf%26dl%3DGUIDE%26dl%3DACM%26CFID%3D11111111%26CFTOKEN%3D2222222,url:http://portal.acm.org/ft_gateway.cfm%3Fid%3D212022%26type%3Dpdf%26dl%3DGUIDE%26dl%3DACM%26CFID%3D11111111%26CFTOKEN%3D2222222,True,0.9999865516471065,0.0001470264673275433,0.9998395251797789,0.15000000000000002,True,correct
DBLP,0.8,43,inner,SRSWOR_65_35,181,conf/vldb/TsoisS03,True,1,_2oz5poi5asJ,_2oz5poi5asJ,True,0.9999700409579328,5.393539139173459e-06,0.9999646474187937,0.15000000000000002,True,correct
DBLP,0.8,43,inner,SRSWOR_65_35,182,conf/sigmod/WhitneyS01,True,1,bZj9gl0_YUIJ,bZj9gl0_YUIJ,True,0.9999817906655917,5.399457583809953e-06,0.9999763912080079,0.15000000000000002,True,correct
DBLP,0.8,43,inner,SRSWOR_65_35,183,conf/vldb/Sarawagi95,True,2,C8lF7grRFcMJ,w9je55hjOlwJ,True,0.9999839801664181,0.9999533635987895,3.0616567628594105e-05,0.15000000000000002,True,correct
DBLP,0.8,43,inner,SRSWOR_65_35,184,journals/vldb/RamakrishnanSSS94,True,3,K9jUyjxRaCwJ,rgA2DgNVPBUJ,True,0.9999815947263846,0.9399137941689926,0.060067800557392026,0.15000000000000002,True,correct
DBLP,0.8,43,inner,SRSWOR_65_35,185,journals/sigmod/OrlandicLS02,True,1,eLf0eStn5G4J,eLf0eStn5G4J,True,0.999986893594282,3.8639615943540333e-05,0.9999482539783384,0.15000000000000002,True,correct
DBLP,0.8,43,inner,SRSWOR_65_35,186,conf/vldb/Objectivity98,True,1,o3fkxpcCBskJ,o3fkxpcCBskJ,True,0.28870961584065524,9.628477177266031e-05,0.2886133310688826,0.15000000000000002,True,correct
DBLP,0.8,43,inner,SRSWOR_65_35,187,conf/sigmod/HaasH01,True,3,9wQ6RWWcHRIJ,9wQ6RWWcHRIJ,True,0.7717231862520548,0.17329674502147363,0.5984264412305812,0.15000000000000002,True,correct
DBLP,0.8,43,inner,SRSWOR_65_35,188,conf/sigmod/LarsonG98,True,2,QmBz3hMOFh4J,QmBz3hMOFh4J,True,0.9999843889261092,0.9999654929697958,1.8895956313436102e-05,0.15000000000000002,True,correct
DBLP,0.8,43,inner,SRSWOR_65_35,189,journals/sigmod/DemersGRTY03,True,1,QObLZuX-xBMJ,QObLZuX-xBMJ,True,0.9999869561150688,6.926302588268819e-06,0.9999800298124806,0.15000000000000002,True,correct
DBLP,0.8,43,inner,SRSWOR_65_35,190,conf/vldb/Vieille98,True,1,nlyEH7GkrjoJ,nlyEH7GkrjoJ,True,0.9999878403833063,5.7187180412888735e-06,0.999982121665265,0.15000000000000002,True,correct
DBLP,0.8,43,inner,SRSWOR_65_35,191,journals/sigmod/Aberer03d,True,1,url:http://portal.acm.org/ft_gateway.cfm%3Fid%3D959078%26type%3Dpdf%26dl%3DGUIDE%26dl%3DACM%26CFID%3D11111111%26CFTOKEN%3D2222222,url:http://portal.acm.org/ft_gateway.cfm%3Fid%3D776994%26type%3Dpdf%26dl%3DGUIDE%26dl%3DACM%26CFID%3D11111111%26CFTOKEN%3D2222222,False,0.3490870576974202,0.20788825117742787,0.14119880651999234,0.15000000000000002,True,false_link
DBLP,0.8,43,inner,SRSWOR_65_35,192,conf/vldb/HvasshovdBT00,True,1,af50lhGnD8gJ,af50lhGnD8gJ,True,0.999948384472363,0.000277648455591915,0.9996707360167711,0.15000000000000002,True,correct
DBLP,0.8,43,inner,SRSWOR_65_35,193,conf/sigmod/KemperMPS94,True,1,ChCPyLiBpr4J,ChCPyLiBpr4J,True,0.9999808730708939,5.951876745695381e-05,0.999921354303437,0.15000000000000002,True,correct
DBLP,0.8,43,inner,SRSWOR_65_35,194,conf/vldb/ShahRS02,True,2,ByAk0yD64SYJ,ByAk0yD64SYJ,True,0.9999736635647107,0.9999711625513462,2.5010133645197996e-06,0.15000000000000002,True,correct
DBLP,0.8,43,inner,SRSWOR_65_35,195,conf/sigmod/AbadiCCCCEGHMRSSTXYZ03,True,3,eBnT7lhV2LwJ,VuY9Y49GqXgJ,True,0.9999319442112292,0.9998093730407959,0.00012257117043334986,0.15000000000000002,True,correct
DBLP,0.8,43,inner,SRSWOR_65_35,196,journals/sigmod/HasanMV96,True,1,bLbjFFkQJdIJ,bLbjFFkQJdIJ,True,0.9999871655871075,1.0575099262468887e-05,0.999976590487845,0.15000000000000002,True,correct
DBLP,0.8,43,inner,SRSWOR_65_35,197,conf/vldb/Mohan02,True,3,eyxIItge9MQJ,eyxIItge9MQJ,True,0.999904130986712,0.99975082948846,0.00015330149825210082,0.15000000000000002,True,correct
DBLP,0.8,43,inner,SRSWOR_65_35,198,conf/vldb/LeeL96,True,1,tuVp_18tFv8J,tuVp_18tFv8J,True,0.999982077653852,9.479613359327462e-05,0.9998872815202587,0.15000000000000002,True,correct
DBLP,0.8,43,inner,SRSWOR_65_35,199,journals/sigmod/Camps02,True,1,JclQFC-1s18J,JclQFC-1s18J,True,0.9999811450546168,4.9171787923803325e-06,0.9999762278758244,0.15000000000000002,True,correct
DBLP,0.8,43,inner,SRSWOR_65_35,200,conf/vldb/JagatheesanMPW03,True,1,InqySB8bkKkJ,InqySB8bkKkJ,True,0.999937390605032,0.7976314010116644,0.20230598959336754,0.15000000000000002,True,correct
DBLP,0.8,43,inner,SRSWOR_65_35,201,journals/vldb/AslanM99,True,1,vZcZ-UX6h7UJ,vZcZ-UX6h7UJ,True,0.9999740658287746,1.5090732091869363e-05,0.9999589750966827,0.15000000000000002,True,correct
DBLP,0.8,43,inner,SRSWOR_65_35,202,conf/vldb/PolyzotisG02,True,1,krAZ7iDMEOQJ,krAZ7iDMEOQJ,True,0.9999834404590552,0.00041941373202137244,0.9995640267270338,0.15000000000000002,True,correct
DBLP,0.8,43,inner,SRSWOR_65_35,203,conf/sigmod/JagadishKS00,True,1,OZRYdxoJqXMJ,OZRYdxoJqXMJ,True,0.999986602977853,1.0546938900221337e-05,0.9999760560389528,0.15000000000000002,True,correct
DBLP,0.8,43,inner,SRSWOR_65_35,204,journals/sigmod/Widom95a,False,0,,C84rFQN_ug0J,False,5.3232263449173136e-05,4.398780107088209e-05,9.244462378291045e-06,0.15000000000000002,False,unmatched_abstention
DBLP,0.8,43,inner,SRSWOR_65_35,205,journals/tods/Kuo96,True,2,p--jtVlva8AJ,p--jtVlva8AJ,True,0.9999876805086418,0.9999616779560757,2.6002552566128934e-05,0.15000000000000002,True,correct
DBLP,0.8,43,inner,SRSWOR_65_35,206,journals/sigmod/Snodgrass00a,False,0,,url:http://portal.acm.org/ft_gateway.cfm%3Fid%3D601859%26type%3Dpdf%26dl%3DGUIDE%26dl%3DACM%26CFID%3D11111111%26CFTOKEN%3D2222222,False,0.006569549987118204,0.0014282783868906556,0.005141271600227548,0.15000000000000002,False,unmatched_abstention
DBLP,0.8,43,inner,SRSWOR_65_35,207,journals/vldb/RamanRH00,True,1,CgiCp6N9XZQJ,CgiCp6N9XZQJ,True,0.9999743643942058,0.9987753287564807,0.0011990356377251654,0.15000000000000002,True,correct
DBLP,0.8,43,inner,SRSWOR_65_35,208,conf/vldb/SchmidtWKCMB02,True,3,CvGGYMrKR2sJ,CvGGYMrKR2sJ,True,0.9999796989602623,0.9999743608246381,5.338135624199936e-06,0.15000000000000002,True,correct
DBLP,0.8,43,inner,SRSWOR_65_35,209,journals/sigmod/ChienTZ01,True,1,cjBpI3TcSWsJ,cjBpI3TcSWsJ,True,0.9999733031974125,1.9689124853623846e-05,0.9999536140725589,0.15000000000000002,True,correct
DBLP,0.8,43,inner,SRSWOR_65_35,210,conf/sigmod/SimmenSM96,True,1,XVP8s4K0Bg4J,XVP8s4K0Bg4J,True,0.9999831223574559,7.151558213362385e-06,0.9999759707992425,0.15000000000000002,True,correct
DBLP,0.8,43,inner,SRSWOR_65_35,211,conf/vldb/SrinivasaK03,True,1,4iJ3Fd2xnUYJ,4iJ3Fd2xnUYJ,True,0.9999864360212743,5.812958162632714e-06,0.9999806230631118,0.15000000000000002,True,correct
DBLP,0.8,43,inner,SRSWOR_65_35,212,conf/vldb/AcharyaGP99,True,1,-7tsGpHin24J,-7tsGpHin24J,True,0.999986498021012,0.002300523920982645,0.9976859741000293,0.15000000000000002,True,correct
DBLP,0.8,43,inner,SRSWOR_65_35,213,conf/sigmod/AggarwalWY99,True,2,s9hhR-EdDGgJ,s9hhR-EdDGgJ,True,0.9999857841868592,0.999741052681057,0.000244731505802287,0.15000000000000002,True,correct
DBLP,0.8,43,inner,SRSWOR_65_35,214,conf/vldb/GotoK02,True,1,2Pc6rKYB8ykJ,2Pc6rKYB8ykJ,True,0.9999831157731114,0.00028444851305704035,0.9996986672600543,0.15000000000000002,True,correct
DBLP,0.8,43,inner,SRSWOR_65_35,215,journals/sigmod/X95a,False,0,,url:http://www.springerlink.com/index/X256555608656055.pdf,False,2.2367331843575454e-05,1.527165771582405e-05,7.0956741277514024e-06,0.15000000000000002,False,unmatched_abstention
DBLP,0.8,43,inner,SRSWOR_65_35,216,conf/sigmod/DuSD95,True,1,Vl7gY6FsOOYJ,Vl7gY6FsOOYJ,True,0.9999879158710289,5.701787402658937e-06,0.9999822140836262,0.15000000000000002,True,correct
DBLP,0.8,43,inner,SRSWOR_65_35,217,conf/vldb/HageJPST03,True,3,6dAWUHYKqFUJ,xDDdtO9n_pwJ,True,0.9999878603586835,0.9999791664674896,8.693891193845005e-06,0.15000000000000002,True,correct
DBLP,0.8,43,inner,SRSWOR_65_35,218,journals/sigmod/SilberschatzZ97,True,2,7JRwRy6VapMJ,7JRwRy6VapMJ,True,0.9999813833504396,0.006560543698791137,0.9934208396516485,0.15000000000000002,True,correct
DBLP,0.8,43,inner,SRSWOR_65_35,219,conf/vldb/SantiniG02,True,1,J3cfnmFB4lsJ,J3cfnmFB4lsJ,True,0.9999862000021755,4.755891506394848e-06,0.9999814441106691,0.15000000000000002,True,correct
DBLP,0.8,43,inner,SRSWOR_65_35,220,journals/sigmod/Vassilakis00,True,2,e0j-56kaeR4J,nZO8ZA4eYzYJ,True,0.9999871931701725,0.9999653330987648,2.1860071407697745e-05,0.15000000000000002,True,correct
DBLP,0.8,43,inner,SRSWOR_65_35,221,conf/vldb/KoschBBHHLRT01,True,1,xvNBOkc3UkcJ,xvNBOkc3UkcJ,True,0.999974869495684,0.0010169529964357948,0.9989579164992483,0.15000000000000002,True,correct
DBLP,0.8,43,inner,SRSWOR_65_35,222,journals/tods/HjaltasonS03,True,1,9Wan9sPNUAYJ,9Wan9sPNUAYJ,True,0.9999883522834748,1.938563538985132e-05,0.999968966648085,0.15000000000000002,True,correct
DBLP,0.8,43,inner,SRSWOR_65_35,223,journals/vldb/YangW03,True,3,7WaQNGnv1l4J,7WaQNGnv1l4J,True,0.9999778654037128,0.9999283271832399,4.9538220472933325e-05,0.15000000000000002,True,correct
DBLP,0.8,43,inner,SRSWOR_65_35,224,conf/sigmod/Adelberg98,True,6,3hsPMPTl2msJ,JrU1gnfH1sYJ,True,0.9999815419764454,0.9999803540703047,1.1879061406760982e-06,0.15000000000000002,True,correct
DBLP,0.8,43,inner,SRSWOR_65_35,225,conf/sigmod/Cotton02,True,1,url:http://portal.acm.org/ft_gateway.cfm%3Fid%3D564792%26type%3Dpdf,url:http://portal.acm.org/ft_gateway.cfm%3Fid%3D564792%26type%3Dpdf,True,0.9998752951561762,5.159003700851052e-05,0.9998237051191677,0.15000000000000002,True,correct
DBLP,0.8,43,inner,SRSWOR_65_35,226,journals/tods/RaschidL96,True,1,rUpu2pcFa8cJ,rUpu2pcFa8cJ,True,0.9999853853220669,8.728846829522941e-06,0.9999766564752374,0.15000000000000002,True,correct
DBLP,0.8,43,inner,SRSWOR_65_35,227,conf/sigmod/WattezCBFF00,True,1,1SA9LhktHsUJ,1SA9LhktHsUJ,True,0.9999844614090396,5.897424548478064e-06,0.9999785639844911,0.15000000000000002,True,correct
DBLP,0.8,43,inner,SRSWOR_65_35,228,journals/sigmod/DoanPSB97,True,2,fdM1W8iEk_YJ,fdM1W8iEk_YJ,True,0.9999883861136472,0.9999801987232588,8.18739038832561e-06,0.15000000000000002,True,correct
DBLP,0.8,43,inner,SRSWOR_65_35,229,journals/vldb/BenzakenD95,True,1,rF3edU2oNcEJ,rF3edU2oNcEJ,True,0.9999772143713579,0.0014529167831352319,0.9985242975882227,0.15000000000000002,True,correct
DBLP,0.8,43,inner,SRSWOR_65_35,230,journals/sigmod/Qian95b,True,1,url:http://portal.acm.org/ft_gateway.cfm%3Fid%3D219772%26type%3Dpdf%26dl%3DGUIDE%26dl%3DACM%26CFID%3D11111111%26CFTOKEN%3D2222222,url:http://portal.acm.org/ft_gateway.cfm%3Fid%3D219772%26type%3Dpdf%26dl%3DGUIDE%26dl%3DACM%26CFID%3D11111111%26CFTOKEN%3D2222222,True,0.9999848339718319,0.0002670847682904303,0.9997177492035415,0.15000000000000002,True,correct
DBLP,0.8,43,inner,SRSWOR_65_35,231,conf/vldb/VelegrakisMP03,True,3,gP3ld61I__kJ,gP3ld61I__kJ,True,0.9999847832804558,0.9999743107739724,1.0472506483449884e-05,0.15000000000000002,True,correct
DBLP,0.8,43,inner,SRSWOR_65_35,232,conf/vldb/BamfordBKM98,True,1,rfuptELfgLkJ,rfuptELfgLkJ,True,0.9999804347849852,0.00014909359339367875,0.9998313411915916,0.15000000000000002,True,correct
DBLP,0.8,43,inner,SRSWOR_65_35,233,conf/vldb/Garcia-MolinaLY98,True,5,5Rq_5hPceK8J,lWVWAhlsyYYJ,True,0.9999854836944483,0.999975107372792,1.037632165623581e-05,0.15000000000000002,True,correct
DBLP,0.8,43,inner,SRSWOR_65_35,234,conf/vldb/SadriZZA01,True,2,_xdKnndnOLMJ,89l6j2Mbe2kJ,True,0.9999876756437456,0.9970126951280824,0.0029749805156631393,0.15000000000000002,True,correct
DBLP,0.8,43,inner,SRSWOR_65_35,235,conf/sigmod/CranorJSS03,True,4,b0ayPKpqTwsJ,gya0M9b1KrgJ,True,0.9999838443579325,0.9999823045683608,1.539789571736172e-06,0.15000000000000002,True,correct
DBLP,0.8,43,inner,SRSWOR_65_35,236,conf/sigmod/Cohen98,True,2,_ICk4vgjlgsJ,PSQ-qYD4aiAJ,True,0.9999858893243282,0.9999818897255907,3.999598737536303e-06,0.15000000000000002,True,correct
DBLP,0.8,43,inner,SRSWOR_65_35,237,conf/sigmod/IpeirotisGS01,True,1,bo7ArXlXypQJ,bo7ArXlXypQJ,True,0.9999802453485273,1.1276327605549305e-05,0.9999689690209217,0.15000000000000002,True,correct
DBLP,0.8,43,inner,SRSWOR_65_35,238,journals/tods/MumickFPR96,True,3,foXmpW4KwtkJ,kaZA2eBctgUJ,True,0.9998817785033833,0.9995576655948489,0.0003241129085344019,0.15000000000000002,True,correct
DBLP,0.8,43,inner,SRSWOR_65_35,239,journals/sigmod/FrankNS02,True,1,YeD6vittJSMJ,YeD6vittJSMJ,True,0.6445909409517337,7.795788893589713e-05,0.6445129830627978,0.15000000000000002,True,correct
DBLP,0.8,43,inner,SRSWOR_65_35,240,journals/sigmod/MedskerCS95,True,1,url:http://portal.acm.org/ft_gateway.cfm%3Fid%3D202673%26type%3Dpdf%26coll%3DGUIDE%26dl%3DACM%26CFID%3D11111111%26CFTOKEN%3D2222222,url:http://portal.acm.org/ft_gateway.cfm%3Fid%3D202673%26type%3Dpdf%26coll%3DGUIDE%26dl%3DACM%26CFID%3D11111111%26CFTOKEN%3D2222222,True,0.9999878435602426,5.6647745699172265e-06,0.9999821787856727,0.15000000000000002,True,correct
DBLP,0.8,43,inner,SRSWOR_65_35,241,journals/sigmod/Weikum02,True,1,url:http://portal.acm.org/citation.cfm%3Fid%3D601858.601867%26dl%3DGUIDE%26dl%3DACM%26idx%3DJ689%26part%3Dperiodical%26WantType%3Dperiodical%26title%3DACM%2520SIGMOD%2520Record%26CFID%3D11111111%26CFTOKEN%3D2222222,url:http://portal.acm.org/citation.cfm%3Fid%3D601858.601867%26dl%3DGUIDE%26dl%3DACM%26idx%3DJ689%26part%3Dperiodical%26WantType%3Dperiodical%26title%3DACM%2520SIGMOD%2520Record%26CFID%3D11111111%26CFTOKEN%3D2222222,True,0.9998671278254738,0.9992082304467299,0.0006588973787439167,0.15000000000000002,True,correct
DBLP,0.8,43,inner,SRSWOR_65_35,242,conf/vldb/AshwinRSSS97,True,3,5VcKjo7jBOMJ,5VcKjo7jBOMJ,True,0.9999910507244497,0.9999890691871143,1.981537335438155e-06,0.15000000000000002,True,correct
DBLP,0.8,43,inner,SRSWOR_65_35,243,conf/sigmod/GrossmanQ94,True,1,yjqdBeNw5WoJ,yjqdBeNw5WoJ,True,0.9999822371073303,0.006463903249620677,0.9935183338577096,0.15000000000000002,True,correct
DBLP,0.8,43,inner,SRSWOR_65_35,244,conf/vldb/ShanmugasundaramSBCLPR00,True,4,_bdp5T8SSuoJ,HKM-zP0LT_UJ,True,0.999981698413133,0.9999806345975549,1.0638155780728908e-06,0.15000000000000002,True,correct
DBLP,0.8,43,inner,SRSWOR_65_35,245,conf/sigmod/ShklarSKT95,True,1,4IaWCBK6dMQJ,4IaWCBK6dMQJ,True,0.9999891730071241,9.750337228443415e-05,0.9998916696348397,0.15000000000000002,True,correct
DBLP,0.8,43,inner,SRSWOR_65_35,246,conf/sigmod/Dyreson03,True,2,l7KC1qG6OGEJ,l7KC1qG6OGEJ,True,0.9999885666043599,0.9999717973819603,1.6769222399570793e-05,0.15000000000000002,True,correct
DBLP,0.8,43,inner,SRSWOR_65_35,247,conf/sigmod/HsiaoCY94,True,2,LEi_Rzm1iH0J,LEi_Rzm1iH0J,True,0.9999896912060575,0.9999861368587386,3.5543473189125763e-06,0.15000000000000002,True,correct
DBLP,0.8,43,inner,SRSWOR_65_35,248,conf/sigmod/LiskovACDGGMMS96,True,2,0Mj8N23H1QEJ,Ey7Mbh6IdQIJ,True,0.9999871922052783,0.9997809390490946,0.0002062531561837222,0.15000000000000002,True,correct
DBLP,0.8,43,inner,SRSWOR_65_35,249,journals/vldb/JagadishACLNPPSWWY02,True,5,B10xHVasKUoJ,zaDlTkyGASQJ,True,0.9999580377886746,0.9999519895625946,6.0482260800798215e-06,0.15000000000000002,True,correct
DBLP,0.8,43,inner,SRSWOR_65_35,250,conf/sigmod/TheobaldW02,True,1,w5_HkketH-wJ,w5_HkketH-wJ,True,0.9999875363382094,2.9469392486277415e-05,0.9999580669457231,0.15000000000000002,True,correct
DBLP,0.8,43,inner,SRSWOR_65_35,251,conf/sigmod/SarawagiTA98,True,7,0Vmsc0oib2kJ,ut4Y99B1094J,True,0.9999858070257021,0.9999847275995039,1.079426198202782e-06,0.15000000000000002,True,correct
DBLP,0.8,43,inner,SRSWOR_65_35,252,conf/vldb/BernsteinPS99,True,1,JcHiZlbsts0J,JcHiZlbsts0J,True,0.999983452393616,0.9999621133502858,2.1339043330126373e-05,0.15000000000000002,True,correct
DBLP,0.8,43,inner,SRSWOR_65_35,253,conf/vldb/Fecteau95,True,2,5JMz3UpESeQJ,LhjvKpDcJKUJ,True,0.9999858962663283,0.9999410912995687,4.48049667596262e-05,0.15000000000000002,True,correct
DBLP,0.8,43,inner,SRSWOR_65_35,254,conf/sigmod/CandanLLHA01,True,3,E1oiXxVyfXwJ,efYVCK07AwMJ,True,0.9999861013818433,0.999983287249894,2.8141319492469563e-06,0.15000000000000002,True,correct
DBLP,0.8,43,inner,SRSWOR_65_35,255,journals/vldb/C94,False,0,,url:http://www.springerlink.com/index/X1511125004H5724.pdf,False,0.012163287696126651,0.006438935303219113,0.005724352392907538,0.15000000000000002,False,unmatched_abstention
DBLP,0.8,43,inner,SRSWOR_65_35,256,conf/vldb/Bernstein94,True,1,TqLyg1wbo5UJ,TqLyg1wbo5UJ,True,0.9999776882719854,6.613842456827886e-06,0.9999710744295286,0.15000000000000002,True,correct
DBLP,0.8,43,inner,SRSWOR_65_35,257,conf/sigmod/BabuGR01,True,2,h_oXQ6ntHEUJ,h_oXQ6ntHEUJ,True,0.9999820638041661,0.9999763977128148,5.666091351330671e-06,0.15000000000000002,True,correct
DBLP,0.8,43,inner,SRSWOR_65_35,258,conf/vldb/LabrinidisR01,True,3,3Ozte0ucNJAJ,3Ozte0ucNJAJ,True,0.9999835256588502,0.999962563260137,2.0962398713186836e-05,0.15000000000000002,True,correct
DBLP,0.8,43,inner,SRSWOR_65_35,259,conf/vldb/ShegalovWBL02,True,2,CzVyfZe-kj0J,CzVyfZe-kj0J,True,0.9999838365601235,0.9998885838755831,9.525268454035896e-05,0.15000000000000002,True,correct
DBLP,0.8,43,inner,SRSWOR_65_35,260,conf/vldb/GutierrezPST94,True,1,VUU_DceCRXAJ,VUU_DceCRXAJ,True,0.9999870055674421,5.058834814740447e-06,0.9999819467326274,0.15000000000000002,True,correct
DBLP,0.8,43,inner,SRSWOR_65_35,261,journals/tods/StolboushkinT98,True,1,ZnWLup8HMkUJ,ZnWLup8HMkUJ,True,0.999989455434577,4.051355527084317e-05,0.9999489418793062,0.15000000000000002,True,correct
DBLP,0.8,43,inner,SRSWOR_65_35,262,conf/vldb/UrhanF01,True,1,0-FUXURm1FQJ,0-FUXURm1FQJ,True,0.9999841245862638,4.884569705478717e-06,0.9999792400165584,0.15000000000000002,True,correct
DBLP,0.8,43,inner,SRSWOR_65_35,263,conf/sigmod/Mylopoulos98,True,3,2R-2i60g4MsJ,vU_Vo2059VUJ,True,0.9999854593230731,0.9999710295821594,1.442974091370175e-05,0.15000000000000002,True,correct
DBLP,0.8,43,inner,SRSWOR_65_35,264,conf/vldb/KriegelPS00,True,2,DOOggMfdGYoJ,VSQ0v1UlIvoJ,True,0.999986796027591,0.9999847176777397,2.0783498513310406e-06,0.15000000000000002,True,correct
DBLP,0.8,43,inner,SRSWOR_65_35,265,conf/vldb/ZouS98,True,3,_OimKPnidhsJ,fPzfCbyzqsoJ,True,0.9999842666689175,0.9999821787390286,2.0879298888720754e-06,0.15000000000000002,True,correct
DBLP,0.8,43,inner,SRSWOR_65_35,266,journals/sigmod/WeikumSR03,False,0,,url:http://portal.acm.org/ft_gateway.cfm%3Fid%3D1083797%26type%3Dpdf,False,4.921438990849096e-05,1.4137614952369627e-05,3.507677495612133e-05,0.15000000000000002,False,unmatched_abstention
DBLP,0.8,43,inner,SRSWOR_65_35,267,conf/vldb/SchindlerAG03,True,1,CsWyDorgQF4J,CsWyDorgQF4J,True,0.9999880657735619,5.013792778582818e-06,0.9999830519807833,0.15000000000000002,True,correct
DBLP,0.8,43,inner,SRSWOR_65_35,268,conf/sigmod/KuhnTS94,True,1,JnV4W3TKPxMJ,JnV4W3TKPxMJ,True,0.999985315818561,7.635730586283227e-06,0.9999776800879747,0.15000000000000002,True,correct
DBLP,0.8,43,inner,SRSWOR_65_35,269,conf/vldb/PapadiasMD98,True,2,_6JbypCpDqgJ,7vbPCi-dbawJ,True,0.9999870700451591,0.9999750821731064,1.1987872052698911e-05,0.15000000000000002,True,correct
DBLP,0.8,43,inner,SRSWOR_65_35,270,conf/vldb/LiuJ02,False,0,,cVVo6IeUE9MJ,False,0.0028136053603211083,4.55874530494571e-05,0.0027680179072716513,0.15000000000000002,False,unmatched_abstention
DBLP,0.8,43,inner,SRSWOR_65_35,271,conf/sigmod/LarsonG03,True,3,14VyjJ0mnBMJ,14VyjJ0mnBMJ,True,0.9999820472217776,0.9994325737186551,0.0005494735031225106,0.15000000000000002,True,correct
DBLP,0.8,43,inner,SRSWOR_65_35,272,journals/sigmod/ChrysanthisSZ03,False,0,,xDDdtO9n_pwJ,False,5.501147307080518e-05,5.370841015468966e-05,1.3030629161155184e-06,0.15000000000000002,False,unmatched_abstention
DBLP,0.8,43,inner,SRSWOR_65_35,273,journals/sigmod/Ozsu03a,False,0,,qU_IX5KFwIoJ,False,0.0035841525430601218,0.0012207312933000523,0.0023634212497600695,0.15000000000000002,False,unmatched_abstention
DBLP,0.8,43,inner,SRSWOR_65_35,274,conf/sigmod/BrinMS97,True,9,41B5NuefLPsJ,lx7jXjm_Fa0J,True,0.9999869333309894,0.9999859769509336,9.563800558165525e-07,0.15000000000000002,True,correct
DBLP,0.8,43,inner,SRSWOR_65_35,275,journals/sigmod/GeppertD94,True,1,P9xX0UDXnRcJ,P9xX0UDXnRcJ,True,0.9999520368343072,1.6149619064415897e-05,0.9999358872152428,0.15000000000000002,True,correct
DBLP,0.8,43,inner,SRSWOR_65_35,276,conf/vldb/ManegoldBK00,True,3,-7hYJxFD-AsJ,JgdpgBpMDr4J,True,0.9999736674071357,0.9999572551379945,1.6412269141174995e-05,0.15000000000000002,True,correct
DBLP,0.8,43,inner,SRSWOR_65_35,277,conf/sigmod/KimC03,True,1,BWV2Oys1VXsJ,BWV2Oys1VXsJ,True,0.9999883082460863,8.883825103403922e-06,0.9999794244209829,0.15000000000000002,True,correct
DBLP,0.8,43,inner,SRSWOR_65_35,278,conf/vldb/MaratheS97,True,2,HcgXkUDB-wYJ,vBUROMKYmQYJ,True,0.9999827894815134,3.715760328251116e-05,0.9999456318782309,0.15000000000000002,True,correct
DBLP,0.8,43,inner,SRSWOR_65_35,279,journals/vldb/ChuIT94,True,1,IDo3ZQocZE4J,IDo3ZQocZE4J,True,0.9999868069404497,0.003389873481966895,0.9965969334584829,0.15000000000000002,True,correct
DBLP,0.8,43,inner,SRSWOR_65_35,280,conf/vldb/GehaniJR94,True,2,MxYiwR2f9UYJ,MxYiwR2f9UYJ,True,0.9999869017786223,0.9999844465982795,2.4551803428085606e-06,0.15000000000000002,True,correct
DBLP,0.8,43,inner,SRSWOR_65_35,281,conf/vldb/PfoserJT00,True,2,0IeLWfNYZEYJ,0IeLWfNYZEYJ,True,0.9999883130061651,0.9999257298841072,6.258312205786876e-05,0.15000000000000002,True,correct
DBLP,0.8,43,inner,SRSWOR_65_35,282,journals/sigmod/LeeF01,True,2,llGIoKCzsiYJ,oUisL_YUScYJ,True,0.999979442927647,0.9999690530872958,1.0389840351177071e-05,0.15000000000000002,True,correct
DBLP,0.8,43,inner,SRSWOR_65_35,283,conf/vldb/WienerN95,True,2,LJ4M8B9mNWAJ,Y1lEnVPl6d8J,True,0.9999842952559966,0.93340704416752,0.06657725108847667,0.15000000000000002,True,correct
DBLP,0.8,43,inner,SRSWOR_65_35,284,journals/sigmod/Huyn01,True,1,KNYDz76C_HsJ,KNYDz76C_HsJ,True,0.9999865374549783,1.3166287694743546e-05,0.9999733711672836,0.15000000000000002,True,correct
DBLP,0.8,43,inner,SRSWOR_65_35,285,conf/sigmod/FaginKS03,True,2,dOY1djmoy04J,tQZWeE_nsa0J,True,0.9999878188185171,0.9999043185776862,8.350024083081387e-05,0.15000000000000002,True,correct
DBLP,0.8,43,inner,SRSWOR_65_35,286,conf/vldb/HoelS94,True,2,Id1cvsQURBAJ,Id1cvsQURBAJ,True,0.9999823029651271,0.9993407238240275,0.0006415791410996352,0.15000000000000002,True,correct
DBLP,0.8,43,inner,SRSWOR_65_35,287,journals/vldb/LometS97,True,4,5EjrRrS54fsJ,qjLiaKLJ6eQJ,True,0.9999816689804558,0.9999814371909995,2.317894562953171e-07,0.15000000000000002,True,correct
DBLP,0.8,43,inner,SRSWOR_65_35,288,conf/sigmod/AnnamalaiCD00,True,1,0Igfv6jL3jwJ,0Igfv6jL3jwJ,True,0.9999888466550526,5.9704076196881095e-06,0.9999828762474329,0.15000000000000002,True,correct
DBLP,0.8,43,inner,SRSWOR_65_35,289,journals/sigmod/Qian94a,False,0,,url:http://portal.acm.org/ft_gateway.cfm%3Fid%3D212022%26type%3Dpdf%26dl%3DGUIDE%26dl%3DACM%26CFID%3D11111111%26CFTOKEN%3D2222222,False,0.0004479392611592992,7.296773802946542e-05,0.0003749715231298338,0.15000000000000002,False,unmatched_abstention
DBLP,0.8,43,inner,SRSWOR_65_35,290,conf/vldb/Brin95,True,7,CuCm_rmA28cJ,dXegp-RmzXEJ,True,0.9999879404731329,0.9999796766063085,8.263866824398391e-06,0.15000000000000002,True,correct
DBLP,0.8,43,inner,SRSWOR_65_35,291,conf/sigmod/HellersteinN96,True,5,_hDCldPyum0J,_hDCldPyum0J,True,0.9999823666449986,0.9999791724468968,3.1941981017968857e-06,0.15000000000000002,True,correct
DBLP,0.8,43,inner,SRSWOR_65_35,292,conf/sigmod/KanthAS98,True,4,4O5JTAQZf7IJ,tG_s5R-BKcAJ,True,0.9999803128841447,0.9999492714203462,3.104146379850903e-05,0.15000000000000002,True,correct
DBLP,0.8,43,inner,SRSWOR_65_35,293,conf/vldb/StaudtJ96,True,2,6moFnThDHW0J,6moFnThDHW0J,True,0.9999809464390845,0.9999416618551167,3.928458396784684e-05,0.15000000000000002,True,correct
DBLP,0.8,43,inner,SRSWOR_65_35,294,conf/sigmod/CorralMTV00,True,1,TsShfxPwF6YJ,TsShfxPwF6YJ,True,0.9999870057781095,0.00011120055396404622,0.9998758052241454,0.15000000000000002,True,correct
DBLP,0.8,43,inner,SRSWOR_65_35,295,conf/sigmod/ButtlerLPP01,True,1,8TcpKdIK1r0J,8TcpKdIK1r0J,True,0.9999873094237388,8.44793106050872e-06,0.9999788614926783,0.15000000000000002,True,correct
DBLP,0.8,43,inner,SRSWOR_65_35,296,journals/sigmod/GottlobKP03a,True,1,rDRdlwdHGb0J,rDRdlwdHGb0J,True,0.9999762400803903,6.392081214316726e-05,0.9999123192682472,0.15000000000000002,True,correct
DBLP,0.8,43,inner,SRSWOR_65_35,297,conf/vldb/YanL95,True,6,9B2oMksKaMMJ,VwsS71_KQX8J,True,0.999976621057773,0.999964723770532,1.1897287240936194e-05,0.15000000000000002,True,correct
DBLP,0.8,43,inner,SRSWOR_65_35,298,conf/vldb/Kiessling02,True,2,6Rn6hsdao-wJ,uS43GVHJ3jQJ,True,0.9999819355737523,0.9999439346020623,3.8000971689933216e-05,0.15000000000000002,True,correct
DBLP,0.8,43,inner,SRSWOR_65_35,299,conf/sigmod/Stonebraker98,True,2,LjfcoraomoEJ,Tpkccl5rvR0J,True,0.9999873543533008,0.9999736601236323,1.3694229668459457e-05,0.15000000000000002,True,correct
DBLP,0.8,43,inner,SRSWOR_65_35,300,conf/sigmod/HellersteinA00,True,5,Gsb6dnkFBMoJ,Gsb6dnkFBMoJ,True,0.9999772454885705,0.9999683540713431,8.891417227374632e-06,0.15000000000000002,True,correct
DBLP,0.8,43,inner,SRSWOR_65_35,301,journals/sigmod/Segev95,False,0,,C84rFQN_ug0J,False,0.00024370687468065982,0.00022010400131422913,2.36028733664307e-05,0.15000000000000002,False,unmatched_abstention
DBLP,0.8,43,inner,SRSWOR_65_35,302,conf/vldb/Toivonen96,True,6,fiDTOBR8njMJ,ut53pjEsmxEJ,True,0.9999834785059405,0.9999664516804342,1.702682550630552e-05,0.15000000000000002,True,correct
DBLP,0.8,43,inner,SRSWOR_65_35,303,journals/tods/LechtenborgerV03,True,1,94m93uP4GM4J,94m93uP4GM4J,True,0.9999887666378849,1.0005178276550923e-05,0.9999787614596084,0.15000000000000002,True,correct
DBLP,0.8,43,inner,SRSWOR_65_35,304,conf/sigmod/SistlaW95,True,4,gLjn4f4f63wJ,KO3FcQ57_rkJ,True,0.9999820362439922,0.9999727734450816,9.2627989105587e-06,0.15000000000000002,True,correct
DBLP,0.8,43,inner,SRSWOR_65_35,305,conf/vldb/ChaudhuriG99,True,2,l-Sn0enuHxkJ,l-Sn0enuHxkJ,True,0.9999834985509858,0.9999796231206262,3.875430359623344e-06,0.15000000000000002,True,correct
DBLP,0.8,43,inner,SRSWOR_65_35,306,conf/sigmod/Kulkarni94,True,1,eN_4FTimCKYJ,eN_4FTimCKYJ,True,0.9999849943539036,6.2609905726042385e-06,0.999978733363331,0.15000000000000002,True,correct
DBLP,0.8,43,inner,SRSWOR_65_35,307,conf/sigmod/AcharyaPR99,True,5,0dY1brFaEzgJ,0dY1brFaEzgJ,True,0.9999838636513392,0.9999787935046353,5.0701467039226955e-06,0.15000000000000002,True,correct
DBLP,0.8,43,inner,SRSWOR_65_35,308,conf/sigmod/AbiteboulBCMM03,True,2,AxpQwgyRyLgJ,Rjb06zlxbLIJ,True,0.9999884326269557,0.010501996531626152,0.9894864360953295,0.15000000000000002,True,correct
DBLP,0.8,43,inner,SRSWOR_65_35,309,conf/sigmod/BerchtoldK97,True,2,DNVHTz7tMywJ,DNVHTz7tMywJ,True,0.9999872437312378,0.9999714561841813,1.578754705655605e-05,0.15000000000000002,True,correct
DBLP,0.8,43,inner,SRSWOR_65_35,310,conf/vldb/BaumgartnerFG01a,True,1,GGyAHg9kwysJ,GGyAHg9kwysJ,True,0.999988380496891,1.9100516856826408e-05,0.9999692799800342,0.15000000000000002,True,correct
DBLP,0.8,43,inner,SRSWOR_65_35,311,journals/sigmod/Snodgrass99b,False,0,,url:http://portal.acm.org/ft_gateway.cfm%3Fid%3D290599%26type%3Dpdf%26dl%3DGUIDE%26dl%3DACM%26CFID%3D11111111%26CFTOKEN%3D2222222,False,0.9963921432232283,0.996331648091648,6.049513158035147e-05,0.15000000000000002,True,false_link
DBLP,0.8,43,inner,SRSWOR_65_35,312,conf/vldb/Shenker03,True,1,5yETsE57mzgJ,5yETsE57mzgJ,True,0.9999816065353018,5.734441000493228e-06,0.9999758720943013,0.15000000000000002,True,correct
DBLP,0.8,43,inner,SRSWOR_65_35,313,conf/vldb/LuoNEW03,True,1,8n1UIzMm4VMJ,8n1UIzMm4VMJ,True,0.999985871981322,6.514112356346821e-06,0.9999793578689657,0.15000000000000002,True,correct
DBLP,0.8,43,inner,SRSWOR_65_35,314,journals/vldb/Han98,True,1,url:http://www.springerlink.com/index/YTPAB711B92NCE7J.pdf,url:http://www.springerlink.com/index/YTPAB711B92NCE7J.pdf,True,0.9999840765814335,6.2884691078571405e-06,0.9999777881123256,0.15000000000000002,True,correct
DBLP,0.8,43,inner,SRSWOR_65_35,315,conf/sigmod/Jamil99,True,1,z5EfiutEfScJ,z5EfiutEfScJ,True,0.9999884237653658,1.94223672850792e-05,0.9999690013980808,0.15000000000000002,True,correct
DBLP,0.8,43,inner,SRSWOR_65_35,316,journals/sigmod/X95,False,0,,url:http://www.springerlink.com/index/X256555608656055.pdf,False,2.2367331843575454e-05,1.527165771582405e-05,7.0956741277514024e-06,0.15000000000000002,False,unmatched_abstention
DBLP,0.8,43,inner,SRSWOR_65_35,317,conf/vldb/ChenJLP03,True,2,BGcx_nZKM4wJ,BGcx_nZKM4wJ,True,0.9999881964379157,0.9999827485976188,5.4478402968793915e-06,0.15000000000000002,True,correct
DBLP,0.8,43,inner,SRSWOR_65_35,318,conf/sigmod/CatarciS94,True,3,ga4l4QhCXU4J,ga4l4QhCXU4J,True,0.9999845263706506,0.9995973293986827,0.0003871969719678736,0.15000000000000002,True,correct
DBLP,0.8,43,inner,SRSWOR_65_35,319,journals/sigmod/TheodoridisN00,True,2,DXTczW8Dv4MJ,NegSmYlF-awJ,True,0.9999824568509049,0.9996897328116454,0.0002927240392595065,0.15000000000000002,True,correct
DBLP,0.8,43,inner,SRSWOR_65_35,320,journals/tods/GoldmanL94,True,1,VxMarpzwtzQJ,VxMarpzwtzQJ,True,0.9999855720238335,1.0505870809463035e-05,0.9999750661530241,0.15000000000000002,True,correct
DBLP,0.8,43,inner,SRSWOR_65_35,321,conf/vldb/JaedickeM99,True,3,TaaxQZajjqoJ,zh6yaOX2xiQJ,True,0.9999863213321007,0.9999839521230414,2.3692090593829818e-06,0.15000000000000002,True,correct
DBLP,0.8,43,inner,SRSWOR_65_35,322,journals/sigmod/JainH94,True,3,iQMUP3fkvo4J,iQMUP3fkvo4J,True,0.9999866543417711,0.9998923922677825,9.426207398866016e-05,0.15000000000000002,True,correct
DBLP,0.8,43,inner,SRSWOR_65_35,323,conf/sigmod/WaasG00,True,1,xnoCdNeQykAJ,xnoCdNeQykAJ,True,0.999987511459523,5.436826009031593e-06,0.999982074633514,0.15000000000000002,True,correct
DBLP,0.8,43,inner,SRSWOR_65_35,324,conf/vldb/BunemanDHOW95,True,1,95LnCs7V35YJ,95LnCs7V35YJ,True,0.9999847120073492,6.062068098833338e-06,0.9999786499392503,0.15000000000000002,True,correct
DBLP,0.8,43,inner,SRSWOR_65_35,325,conf/sigmod/Englert94,True,1,KOpz_NXJ3WUJ,KOpz_NXJ3WUJ,True,0.9999852913617241,8.78982699798003e-06,0.9999765015347261,0.15000000000000002,True,correct
DBLP,0.8,43,inner,SRSWOR_65_35,326,journals/sigmod/Date03,True,1,y4ZZN4xhKnUJ,y4ZZN4xhKnUJ,True,0.9999873307304782,4.9736652873003455e-06,0.9999823570651909,0.15000000000000002,True,correct
DBLP,0.8,43,inner,SRSWOR_65_35,327,conf/sigmod/KimCK01,True,1,EYI-OULRIz8J,EYI-OULRIz8J,True,0.9999784954358403,5.540928062699684e-06,0.9999729545077776,0.15000000000000002,True,correct
DBLP,0.8,43,inner,SRSWOR_65_35,328,conf/sigmod/ClossmanSHKPB98,True,4,__YO1CE_aKcJ,Q0Jr0CGWn5MJ,True,0.9999674165545257,0.9999510952293239,1.6321325201795744e-05,0.15000000000000002,True,correct
DBLP,0.8,43,inner,SRSWOR_65_35,329,conf/vldb/ChaudhuriN97,True,3,0rViZf2YXmAJ,hAqEljGAcFsJ,True,0.9999853579651765,0.9999846032526103,7.547125662199505e-07,0.15000000000000002,True,correct
DBLP,0.8,43,inner,SRSWOR_65_35,330,conf/sigmod/TsurUACMNR98,True,5,aym35wwVDlQJ,aym35wwVDlQJ,True,0.9999778644326899,0.999972156309963,5.708122726932885e-06,0.15000000000000002,True,correct
DBLP,0.8,43,inner,SRSWOR_65_35,331,conf/sigmod/GehrkeGRL99,True,1,s3neqsFCVrAJ,s3neqsFCVrAJ,True,0.9999747608165117,1.3531885113719166e-05,0.9999612289313979,0.15000000000000002,True,correct
DBLP,0.8,43,inner,SRSWOR_65_35,332,journals/sigmod/Klein94,True,1,kG86HB6N1xEJ,kG86HB6N1xEJ,True,0.9999614199216579,4.952753766893151e-06,0.999956467167891,0.15000000000000002,True,correct
DBLP,0.8,43,inner,SRSWOR_65_35,333,conf/sigmod/DoRD99,True,2,Q4N41koenF8J,Rviij1nqEcoJ,True,0.9999828307433605,0.9999814314190725,1.3993242879983825e-06,0.15000000000000002,True,correct
DBLP,0.8,43,inner,SRSWOR_65_35,334,journals/sigmod/ElmagarmidJF95,True,1,CJK2SWLYrRYJ,CJK2SWLYrRYJ,True,0.9999886493345985,7.321060522714413e-06,0.9999813282740758,0.15000000000000002,True,correct
DBLP,0.8,43,inner,SRSWOR_65_35,335,conf/vldb/NinkHR99,True,1,tZBIZ9ZHdTkJ,tZBIZ9ZHdTkJ,True,0.999976818160571,8.825861836690929e-06,0.9999679922987343,0.15000000000000002,True,correct
DBLP,0.8,43,inner,SRSWOR_65_35,336,conf/vldb/GohOST99,True,1,hK5EOo-Z7JMJ,hK5EOo-Z7JMJ,True,0.9999705030252038,4.777857856859252e-06,0.9999657251673469,0.15000000000000002,True,correct
DBLP,0.8,43,inner,SRSWOR_65_35,337,conf/vldb/WangZ00,True,2,eDa9jQWsTMoJ,eDa9jQWsTMoJ,True,0.9999893634458317,0.9999861700031083,3.19344272337041e-06,0.15000000000000002,True,correct
DBLP,0.8,43,inner,SRSWOR_65_35,338,conf/vldb/LuL00,True,2,Ih5hY-NRmFgJ,Ih5hY-NRmFgJ,True,0.9999841381759251,0.9997944485801742,0.00018968959575094146,0.15000000000000002,True,correct
DBLP,0.8,43,inner,SRSWOR_65_35,339,conf/sigmod/VossenW99,True,2,9PhYz-N58A8J,9PhYz-N58A8J,True,0.9999827577095839,0.000201467549173483,0.9997812901604104,0.15000000000000002,True,correct
DBLP,0.8,43,inner,SRSWOR_65_35,340,conf/sigmod/DanS95,True,3,nTu7PUukM1wJ,qYsoOX4e1noJ,True,0.9999279657412671,0.9999164325894421,1.1533151825005028e-05,0.15000000000000002,True,correct
DBLP,0.8,43,inner,SRSWOR_65_35,341,conf/vldb/PapadiasZMT03,True,1,hJ8VP7FyOL0J,hJ8VP7FyOL0J,True,0.9999880859127077,2.5453584147329597e-05,0.9999626323285604,0.15000000000000002,True,correct
DBLP,0.8,43,inner,SRSWOR_65_35,342,journals/sigmod/MillerHHYHFP01,True,4,0ckpOQsv-vAJ,0ckpOQsv-vAJ,True,0.9999823134594518,0.9999779530630991,4.36039635265395e-06,0.15000000000000002,True,correct
DBLP,0.8,43,inner,SRSWOR_65_35,343,journals/sigmod/Anisimov03,False,0,,url:http://portal.acm.org/ft_gateway.cfm%3Fid%3D945741%26type%3Dpdf%26dl%3DGUIDE%26dl%3DACM%26CFID%3D11111111%26CFTOKEN%3D2222222,False,0.9999179717065071,6.912431963245586e-06,0.9999110592745438,0.15000000000000002,True,false_link
DBLP,0.8,43,inner,SRSWOR_65_35,344,conf/vldb/CarusoCGLM00,True,1,1Xo59nOfVKoJ,1Xo59nOfVKoJ,True,0.9999866178794136,5.108167470344435e-06,0.9999815097119432,0.15000000000000002,True,correct
DBLP,0.8,43,inner,SRSWOR_65_35,345,journals/sigmod/RamamrithamSSTX96,True,1,kezAM71rts0J,kezAM71rts0J,True,0.9999824978253261,4.0449433046251316e-05,0.9999420483922798,0.15000000000000002,True,correct
DBLP,0.8,43,inner,SRSWOR_65_35,346,conf/sigmod/BornhovdAKMPR03,True,2,4qtu0-tW0IcJ,7lPu8hBgKksJ,True,0.9999851297869123,0.9999791941053849,5.9356815274025365e-06,0.15000000000000002,True,correct
DBLP,0.8,43,inner,SRSWOR_65_35,347,conf/sigmod/OhHP00,True,3,cFpgCsBTSBEJ,T91d5LI-xIwJ,True,0.9999248210050802,0.9956608576440071,0.004263963361073042,0.15000000000000002,True,correct
DBLP,0.8,43,inner,SRSWOR_65_35,348,conf/vldb/BlottK02,False,0,,pPZQjFBQV_YJ,False,6.128274933461526e-06,5.550564265447561e-06,5.777106680139648e-07,0.15000000000000002,False,unmatched_abstention
DBLP,0.8,43,inner,SRSWOR_65_35,349,conf/sigmod/AshleyFHLNP95,True,5,9uxj2XzGt9UJ,FnnILIjz08EJ,True,0.9999866668722179,0.9999669254169614,1.9741455256516716e-05,0.15000000000000002,True,correct
DBLP,0.8,43,inner,SRSWOR_65_35,350,journals/vldb/ChakrabartiRS03,True,1,idfox84uNHUJ,idfox84uNHUJ,True,0.9999853855311271,6.520116204347225e-06,0.9999788654149228,0.15000000000000002,True,correct
DBLP,0.8,43,inner,SRSWOR_65_35,351,conf/vldb/CarneyCCCLSSTZ02,True,5,1J26mBTxdS0J,1J26mBTxdS0J,True,0.9999775610319421,0.999936633237813,4.092779412911973e-05,0.15000000000000002,True,correct
DBLP,0.8,43,inner,SRSWOR_65_35,352,journals/sigmod/Hellerstein03,True,2,5FSG85HbUygJ,pHHvswIOFfAJ,True,0.999978256928442,0.999967513698937,1.0743229505005836e-05,0.15000000000000002,True,correct
DBLP,0.8,43,inner,SRSWOR_65_35,353,journals/sigmod/Seshadri98,True,3,_nIg_hi8PAAJ,_nIg_hi8PAAJ,True,0.9999863584723583,0.9999290294099913,5.732906236699531e-05,0.15000000000000002,True,correct
DBLP,0.8,43,inner,SRSWOR_65_35,354,conf/sigmod/FegarasSRM00,True,2,4_4Jg_EQ8EkJ,p1LusPTTxlAJ,True,0.9999805848735659,0.9998206863917347,0.00015989848183117772,0.15000000000000002,True,correct
DBLP,0.8,43,inner,SRSWOR_65_35,355,journals/sigmod/ChenHKPW94,True,1,HTvxhMKB69AJ,HTvxhMKB69AJ,True,0.9947004307544186,2.211564876300084e-05,0.9946783151056556,0.15000000000000002,True,correct
DBLP,0.8,43,inner,SRSWOR_65_35,356,conf/vldb/ArunJ98,True,1,1dqeMksCm74J,1dqeMksCm74J,True,0.9999888649349051,4.887612500466854e-06,0.9999839773224046,0.15000000000000002,True,correct
DBLP,0.8,43,inner,SRSWOR_65_35,357,conf/vldb/ManolescuFKXO00,True,5,0mGtqfQNJ-4J,c22l_WX_ADwJ,True,0.9999853907148608,0.9999824923831874,2.898331673439891e-06,0.15000000000000002,True,correct
DBLP,0.8,43,inner,SRSWOR_65_35,358,conf/sigmod/WangJLY03,True,1,EQsWWZdE45wJ,EQsWWZdE45wJ,True,0.9999865028358957,5.997136988999772e-06,0.9999805056989067,0.15000000000000002,True,correct
DBLP,0.8,43,inner,SRSWOR_65_35,359,conf/sigmod/FaloutsosRM94,True,9,4bG39HmGrAQJ,AHu54TOP-eoJ,True,0.99998992535749,0.9999859440677765,3.981289713461678e-06,0.15000000000000002,True,correct
DBLP,0.8,43,inner,SRSWOR_65_35,360,conf/vldb/McHughW99,True,2,bXRF6rASxhgJ,bXRF6rASxhgJ,True,0.9999824744756316,0.9908696012269671,0.0091128732486645,0.15000000000000002,True,correct
DBLP,0.8,43,inner,SRSWOR_65_35,361,conf/vldb/WitkowskiBBFGSS03,True,1,Oti_CoAPH9IJ,Oti_CoAPH9IJ,True,0.9999885267696582,0.0002545752294002182,0.999733951540258,0.15000000000000002,True,correct
DBLP,0.8,43,inner,SRSWOR_65_35,362,conf/sigmod/Gerber95,True,2,Cha3zvFBfDsJ,wlxZ0FqTy_MJ,True,0.9968638823878154,0.1967209928478346,0.8001428895399808,0.15000000000000002,True,correct
DBLP,0.8,43,inner,SRSWOR_65_35,363,journals/vldb/SakuraiYUK02,True,1,7J-RvgQd8SMJ,7J-RvgQd8SMJ,True,0.9999888626196992,8.44443395662978e-05,0.9999044182801329,0.15000000000000002,True,correct
DBLP,0.8,43,inner,SRSWOR_65_35,364,journals/tods/Snodgrass01a,False,0,,url:http://www.springerlink.com/index/5G6L5CVD7NA9HCJJ.pdf,False,0.04354013212540994,0.008952678521946398,0.03458745360346355,0.15000000000000002,False,unmatched_abstention
DBLP,0.8,43,inner,SRSWOR_65_35,365,journals/sigmod/ShethGJRSWW96,True,4,HOvgrl8NmmoJ,yI5E8TGu5BwJ,True,0.9999847309490115,0.999983724216662,1.0067323494844516e-06,0.15000000000000002,True,correct
DBLP,0.8,43,inner,SRSWOR_65_35,366,conf/vldb/SubietaKL95,True,1,gEFY87Ma0XUJ,gEFY87Ma0XUJ,True,0.9999862781378848,1.0191444246951415e-05,0.9999760866936378,0.15000000000000002,True,correct
DBLP,0.8,43,inner,SRSWOR_65_35,367,conf/sigmod/ChenCPPSTM00,True,2,Ab6MIDVDzhAJ,Ab6MIDVDzhAJ,True,0.9999673780012376,0.9998104312163975,0.00015694678484012847,0.15000000000000002,True,correct
DBLP,0.8,43,inner,SRSWOR_65_35,368,conf/vldb/JagadishLRSS94,True,2,em_mB-ifc80J,Yiwh22hbTAcJ,True,0.9999818087514118,0.9999420073065625,3.9801444849385526e-05,0.15000000000000002,True,correct
DBLP,0.8,43,inner,SRSWOR_65_35,369,journals/sigmod/LacroixB03,True,1,url:http://portal.acm.org/citation.cfm%3Fid%3D640990.641003%26dl%3Dportal%26dl%3DACM%26idx%3DJ689%26part%3Dperiodical%26WantType%3Dperiodical%26title%3DACM%2520SIGMOD%2520Record%26CFID%3D11111111%26CFTOKEN%3D2222222,url:http://portal.acm.org/citation.cfm%3Fid%3D640990.641003%26dl%3Dportal%26dl%3DACM%26idx%3DJ689%26part%3Dperiodical%26WantType%3Dperiodical%26title%3DACM%2520SIGMOD%2520Record%26CFID%3D11111111%26CFTOKEN%3D2222222,True,0.9999824449349881,3.984244207786992e-05,0.9999426024929102,0.15000000000000002,True,correct
DBLP,0.8,43,inner,SRSWOR_65_35,370,conf/sigmod/OriaOILY00,True,2,9SbEzfHLSooJ,xdUDA920uhMJ,True,0.999985895835916,0.9997601165199591,0.0002257793159569088,0.15000000000000002,True,correct
DBLP,0.8,43,inner,SRSWOR_65_35,371,conf/vldb/Korth95,True,1,UZAQL1o-c0MJ,UZAQL1o-c0MJ,True,0.9999103291287832,5.024610625377536e-06,0.9999053045181578,0.15000000000000002,True,correct
DBLP,0.8,43,inner,SRSWOR_65_35,372,conf/sigmod/Whelan98,True,1,Jp9LEvXjiJAJ,Jp9LEvXjiJAJ,True,0.9999816772473418,1.0093279703658765e-05,0.9999715839676381,0.15000000000000002,True,correct
DBLP,0.8,43,inner,SRSWOR_65_35,373,journals/sigmod/CasatiDS00,True,2,jPx0tvkJ-fUJ,jPx0tvkJ-fUJ,True,0.9988429507488218,0.9983680611583351,0.00047488959048669344,0.15000000000000002,True,correct
DBLP,0.8,43,inner,SRSWOR_65_35,374,journals/sigmod/Qian95,False,0,,Jq59mE-bCdUJ,False,4.7890982706635295e-06,4.757928404413956e-06,3.116986624957357e-08,0.15000000000000002,False,unmatched_abstention
DBLP,0.8,43,inner,SRSWOR_65_35,375,journals/sigmod/SchmidtWKFCMB01,True,3,fc8y9x82jqAJ,fc8y9x82jqAJ,True,0.999957819492507,0.9999339334293017,2.3886063205247332e-05,0.15000000000000002,True,correct
DBLP,0.8,43,inner,SRSWOR_65_35,376,conf/sigmod/ZhangMCMR02,True,1,rvZQMrCOQ1MJ,rvZQMrCOQ1MJ,True,0.9999687316631634,1.11775373656117e-05,0.9999575541257978,0.15000000000000002,True,correct
DBLP,0.8,43,inner,SRSWOR_65_35,377,journals/sigmod/PourabbasR02,True,1,QyNfyYDySawJ,QyNfyYDySawJ,True,0.9999866601822965,7.50822262224918e-06,0.9999791519596742,0.15000000000000002,True,correct
DBLP,0.8,43,inner,SRSWOR_65_35,378,journals/tods/MuralidharS99,True,1,dKvepAPYBmcJ,dKvepAPYBmcJ,True,0.9999847689943653,7.373182858156121e-05,0.9999110371657837,0.15000000000000002,True,correct
DBLP,0.8,43,inner,SRSWOR_65_35,379,conf/vldb/ChenL03,True,1,WaSgR87oMpcJ,WaSgR87oMpcJ,True,0.9999860750731612,5.11068178459897e-06,0.9999809643913766,0.15000000000000002,True,correct
DBLP,0.8,43,inner,SRSWOR_65_35,380,conf/sigmod/SzalayGTKMRSv02,True,4,1tKWKmyczaYJ,1tKWKmyczaYJ,True,0.9999840358474311,0.9999762327378416,7.803109589477053e-06,0.15000000000000002,True,correct
DBLP,0.8,43,inner,SRSWOR_65_35,381,conf/sigmod/LiuHBPT99,True,2,BIox2W-EPfEJ,PKQ1dCQIwi0J,True,0.99998719061732,0.9999731675117375,1.4023105582516848e-05,0.15000000000000002,True,correct
DBLP,0.8,43,inner,SRSWOR_65_35,382,journals/sigmod/BilirisP96,True,1,fu9j50Kk4Y4J,fu9j50Kk4Y4J,True,0.9999809208013828,1.259867728767049e-05,0.9999683221240951,0.15000000000000002,True,correct
DBLP,0.8,43,inner,SRSWOR_65_35,383,journals/sigmod/Aberer01,True,3,7CLhi_LOtoUJ,url:http://portal.acm.org/citation.cfm%3Fid%3D603867.603869%26coll%3DGUIDE%26dl%3DACM%26idx%3DJ689%26part%3Dperiodical%26WantType%3Dperiodical%26title%3DACM%2520SIGMOD%2520Record%26CFID%3D11111111%26CFTOKEN%3D2222222,True,0.9999720918176364,0.997286430489594,0.002685661328042377,0.15000000000000002,True,correct
DBLP,0.8,43,inner,SRSWOR_65_35,384,conf/sigmod/KeoghCMP01,True,5,_nOW6fmEcTEJ,QTzuiNlMnR4J,True,0.9999880928074604,0.999985951009641,2.141797819321667e-06,0.15000000000000002,True,correct
DBLP,0.8,43,inner,SRSWOR_65_35,385,conf/vldb/JagadishKNS99,True,2,GtXc02EJjCgJ,W8O7pgTYGTYJ,True,0.9999823610274996,0.999868911590595,0.00011344943690461129,0.15000000000000002,True,correct
DBLP,0.8,43,inner,SRSWOR_65_35,386,conf/vldb/Blecken00,True,1,hCSzil0nuVEJ,hCSzil0nuVEJ,True,0.999988428699118,6.404533841609825e-06,0.9999820241652764,0.15000000000000002,True,correct
DBLP,0.8,43,inner,SRSWOR_65_35,387,conf/vldb/RamasamyPNK00,True,1,wR0R0jS5J6oJ,wR0R0jS5J6oJ,True,0.9999800626738045,5.858711520047191e-06,0.9999742039622844,0.15000000000000002,True,correct
DBLP,0.8,43,inner,SRSWOR_65_35,388,conf/sigmod/Team02,True,1,r5oJTEjlOPgJ,r5oJTEjlOPgJ,True,0.9998360621826277,5.751869017404093e-06,0.9998303103136102,0.15000000000000002,True,correct
DBLP,0.8,43,inner,SRSWOR_65_35,389,conf/vldb/KemperK94,True,3,jQYEiVS0CIgJ,qUfWV4VVxegJ,True,0.9999861963693936,0.9999790418018344,7.15456755917554e-06,0.15000000000000002,True,correct
DBLP,0.8,43,inner,SRSWOR_65_35,390,journals/sigmod/LightstoneLZ02,True,2,7TYVQTwq9FIJ,7TYVQTwq9FIJ,True,0.9999902568619634,0.9999701203636993,2.013649826415609e-05,0.15000000000000002,True,correct
DBLP,0.8,43,inner,SRSWOR_65_35,391,conf/vldb/ZhouLZLZJT01,True,2,fJQ7Col2vYsJ,fJQ7Col2vYsJ,True,0.9999861530314819,0.9999535054322062,3.2647599275681394e-05,0.15000000000000002,True,correct
DBLP,0.8,43,inner,SRSWOR_65_35,392,conf/vldb/DongHLPW01,True,3,C_H34ddegI8J,C_H34ddegI8J,True,0.999988109885152,0.9999306909111215,5.741897403044316e-05,0.15000000000000002,True,correct
DBLP,0.8,43,inner,SRSWOR_65_35,393,conf/sigmod/RiedelFGN00,True,1,ospJVA6AD1sJ,ospJVA6AD1sJ,True,0.9999840946116083,7.083180416537826e-06,0.9999770114311918,0.15000000000000002,True,correct
DBLP,0.8,43,inner,SRSWOR_65_35,394,journals/sigmod/Geller02,True,1,url:http://portal.acm.org/ft_gateway.cfm%3Fid%3D507355%26type%3Dpdf%26dl%3DGUIDE%26dl%3DACM%26CFID%3D11111111%26CFTOKEN%3D2222222,url:http://portal.acm.org/ft_gateway.cfm%3Fid%3D507355%26type%3Dpdf%26dl%3DGUIDE%26dl%3DACM%26CFID%3D11111111%26CFTOKEN%3D2222222,True,0.9997040442972994,0.007554176882969264,0.9921498674143302,0.15000000000000002,True,correct
DBLP,0.8,43,inner,SRSWOR_65_35,395,conf/sigmod/BouguettayaBH99,True,3,ER8571wXl6EJ,siO8kr7vvLEJ,True,0.9999861017264579,0.9999849848488656,1.1168775922998364e-06,0.15000000000000002,True,correct
DBLP,0.8,43,inner,SRSWOR_65_35,396,conf/vldb/Sullivan96,True,1,zGRQ_2im_9MJ,zGRQ_2im_9MJ,True,0.9999851132851094,1.1395546569963598e-05,0.9999737177385395,0.15000000000000002,True,correct
DBLP,0.8,43,inner,SRSWOR_65_35,397,journals/sigmod/BernsteinDK99,True,3,MsK0xHsckUIJ,Ye5fTBiMoUwJ,True,0.9999572232494913,0.9999112516971446,4.597155234675743e-05,0.15000000000000002,True,correct
DBLP,0.8,43,inner,SRSWOR_65_35,398,journals/sigmod/SommerGB02,True,2,8l5_eKZcCh8J,8l5_eKZcCh8J,True,0.9999774048345863,0.9999335182080014,4.388662658494358e-05,0.15000000000000002,True,correct
DBLP,0.8,43,inner,SRSWOR_65_35,399,conf/vldb/GaasterlandL94,True,2,cVgF0jn9q6MJ,oIFrkS2rPrcJ,True,0.9999871189550458,0.9938955446182627,0.00609157433678309,0.15000000000000002,True,correct
DBLP,0.8,43,inner,SRSWOR_65_35,400,journals/sigmod/NadoH97,True,1,yN9f4dSKC9QJ,yN9f4dSKC9QJ,True,0.9999841498646129,3.1572738919315724e-05,0.9999525771256936,0.15000000000000002,True,correct
DBLP,0.8,43,inner,SRSWOR_65_35,401,journals/tods/FegarasM00,True,1,eCQjRu0EiagJ,eCQjRu0EiagJ,True,0.9999879303137184,0.00014928322051740048,0.9998386470932009,0.15000000000000002,True,correct
DBLP,0.8,43,inner,SRSWOR_65_35,402,conf/sigmod/CeriFP98,True,1,iUGa3pKj-20J,iUGa3pKj-20J,True,0.99997433119762,5.31020409579223e-06,0.9999690209935242,0.15000000000000002,True,correct
DBLP,0.8,43,inner,SRSWOR_65_35,403,journals/sigmod/RossCGJBV99,False,0,,url:http://portal.acm.org/ft_gateway.cfm%3Fid%3D290599%26type%3Dpdf%26dl%3DGUIDE%26dl%3DACM%26CFID%3D11111111%26CFTOKEN%3D2222222,False,0.9963921432232283,0.996331648091648,6.049513158035147e-05,0.15000000000000002,True,false_link
DBLP,0.8,43,inner,SRSWOR_65_35,404,conf/sigmod/JaedickeM98,True,4,9eSx_Gd0JoQJ,MswqiEweEGUJ,True,0.9999910422711882,0.9999878443949203,3.1978762679019113e-06,0.15000000000000002,True,correct
DBLP,0.8,43,inner,SRSWOR_65_35,405,conf/sigmod/GaoW02,True,1,PZTESZecfnQJ,PZTESZecfnQJ,True,0.9999860179200534,5.130567452869063e-05,0.9999347122455247,0.15000000000000002,True,correct
DBLP,0.8,43,inner,SRSWOR_65_35,406,journals/sigmod/AndersonS94,True,1,aDk2IS_xwToJ,aDk2IS_xwToJ,True,0.9999855101669826,1.780643018259273e-05,0.9999677037368,0.15000000000000002,True,correct
DBLP,0.8,43,inner,SRSWOR_65_35,407,conf/vldb/Malaika96,False,0,,PH1Zo2uG8V0J,False,1.9134153713100825e-05,1.2711555151923115e-05,6.4225985611777095e-06,0.15000000000000002,False,unmatched_abstention
DBLP,0.8,43,inner,SRSWOR_65_35,408,conf/vldb/Spintzik95,True,1,QcD01ZjsNcIJ,QcD01ZjsNcIJ,True,0.9999866888007599,1.2825334252777368e-05,0.9999738634665072,0.15000000000000002,True,correct
DBLP,0.8,43,inner,SRSWOR_65_35,409,journals/sigmod/FreemanG96,True,3,Em3qp7RGalkJ,Em3qp7RGalkJ,True,0.9999850193331569,0.9999749398801029,1.0079453053979393e-05,0.15000000000000002,True,correct
DBLP,0.8,43,inner,SRSWOR_65_35,410,conf/vldb/DagevilleZ02,True,1,x9bmOZxOlE8J,x9bmOZxOlE8J,True,0.9999851587024478,1.0129247140879082e-05,0.9999750294553069,0.15000000000000002,True,correct
DBLP,0.8,43,inner,SRSWOR_65_35,411,conf/sigmod/FernandezFKLS97,True,3,4BpkEHas0LcJ,4BpkEHas0LcJ,True,0.9999770788554833,0.9999758303630365,1.2484924467592862e-06,0.15000000000000002,True,correct
DBLP,0.8,43,inner,SRSWOR_65_35,412,journals/sigmod/BabuW01,True,4,EWzSBh-jV3IJ,KJ26gUP0PyIJ,True,0.9999868362986254,0.9999861326274567,7.036711686669861e-07,0.15000000000000002,True,correct
DBLP,0.8,43,inner,SRSWOR_65_35,413,conf/vldb/GoldsteinR00,True,4,30fMB9_zBm0J,ylZFc8RNoeQJ,True,0.9999875475299123,0.9999844983668759,3.0491630363949085e-06,0.15000000000000002,True,correct
DBLP,0.8,43,inner,SRSWOR_65_35,414,conf/vldb/GardarinGT95,True,2,DAUHADa6RjQJ,uMkO2KGQJwwJ,True,0.9999836769627052,0.993774118606011,0.006209558356694234,0.15000000000000002,True,correct
DBLP,0.8,43,inner,SRSWOR_65_35,415,conf/vldb/PellenkoftLK97,True,2,793XPMTdcBEJ,mCU3zHcPfCsJ,True,0.9999832718145407,0.9999831000504567,1.717640840670498e-07,0.15000000000000002,True,correct
DBLP,0.8,43,inner,SRSWOR_65_35,416,journals/sigmod/Aberer02b,True,1,url:http://portal.acm.org/ft_gateway.cfm%3Fid%3D601865%26type%3Dpdf%26coll%3DGUIDE%26dl%3DACM%26CFID%3D11111111%26CFTOKEN%3D2222222,url:http://portal.acm.org/citation.cfm%3Fid%3D637411.637423%26dl%3Dportal%26dl%3DACM%26type%3Dissue%26idx%3D637411%26part%3Dperiodical%26WantType%3Dperiodical%26title%3DACM%2520SIGMOD%2520Record%26CFID%3D11111111%26CFTOKEN%3D2222222,False,0.39493513390783747,0.018340387663705954,0.37659474624413153,0.15000000000000002,True,false_link
DBLP,0.8,43,inner,SRSWOR_65_35,417,conf/sigmod/AndersonBKW98,True,3,H6eMdbXATmkJ,j6v2b9hN-R4J,True,0.9999873142638249,0.9996147724015418,0.0003725418622830823,0.15000000000000002,True,correct
DBLP,0.8,43,inner,SRSWOR_65_35,418,conf/sigmod/GuptaS03,True,3,6ditJPVnXAQJ,6ditJPVnXAQJ,True,0.9999887942644331,0.9998545393828304,0.00013425488160268007,0.15000000000000002,True,correct
DBLP,0.8,43,inner,SRSWOR_65_35,419,conf/vldb/ChanGR02,True,2,7rn7AHVs1YUJ,7rn7AHVs1YUJ,True,0.9999763491348607,0.9999524771432075,2.3871991653212632e-05,0.15000000000000002,True,correct
DBLP,0.8,43,inner,SRSWOR_65_35,420,conf/sigmod/BerchtoldK98,True,5,9UYo0M1RV7oJ,pKKu82IYP9EJ,True,0.9999845203783214,0.9999844152401561,1.0513816528501252e-07,0.15000000000000002,True,correct
DBLP,0.8,43,inner,SRSWOR_65_35,421,journals/sigmod/ButtlerCCFHLPRX02,True,1,JScvAMYcsmoJ,JScvAMYcsmoJ,True,0.9999840682727908,1.0625401948111128e-05,0.9999734428708428,0.15000000000000002,True,correct
DBLP,0.8,43,inner,SRSWOR_65_35,422,conf/sigmod/Agarwal96,True,3,ALk7huiKjWAJ,ALk7huiKjWAJ,True,0.9999815780792674,0.9999625109571952,1.9067122072113918e-05,0.15000000000000002,True,correct
DBLP,0.8,43,inner,SRSWOR_65_35,423,journals/vldb/FerrariAABC02,True,1,74D4YiDcxfcJ,74D4YiDcxfcJ,True,0.9999849687882923,3.109746613534271e-05,0.999953871322157,0.15000000000000002,True,correct
DBLP,0.8,43,inner,SRSWOR_65_35,424,conf/sigmod/Chaudhuri97,True,2,9GsZHpVf2_cJ,9GsZHpVf2_cJ,True,0.9999173308476718,0.9998986657025041,1.866514516768447e-05,0.15000000000000002,True,correct
DBLP,0.8,43,inner,SRSWOR_65_35,425,journals/sigmod/Aberer01a,True,1,url:http://portal.acm.org/ft_gateway.cfm%3Fid%3D604274%26type%3Dpdf%26dl%3DGUIDE%26dl%3DACM%26CFID%3D11111111%26CFTOKEN%3D2222222,url:http://portal.acm.org/citation.cfm%3Fid%3D637411.637423%26dl%3Dportal%26dl%3DACM%26type%3Dissue%26idx%3D637411%26part%3Dperiodical%26WantType%3Dperiodical%26title%3DACM%2520SIGMOD%2520Record%26CFID%3D11111111%26CFTOKEN%3D2222222,False,0.021964038113430718,0.001999126752736926,0.019964911360693793,0.15000000000000002,False,missing_match
DBLP,0.8,43,inner,SRSWOR_65_35,426,journals/sigmod/RamamrithamS97,True,1,HR-yLNuhtl4J,HR-yLNuhtl4J,True,0.9999820219165444,1.3939768122627808e-05,0.9999680821484218,0.15000000000000002,True,correct
DBLP,0.8,43,inner,SRSWOR_65_35,427,conf/vldb/Schek00,True,1,yMjJam38N8sJ,yMjJam38N8sJ,True,0.9999879325004982,0.9996950144535857,0.0002929180469125603,0.15000000000000002,True,correct
DBLP,0.8,43,inner,SRSWOR_65_35,428,journals/sigmod/Ozsu02b,False,0,,qU_IX5KFwIoJ,False,0.0038091416234383355,0.0015242964426694686,0.0022848451807688666,0.15000000000000002,False,unmatched_abstention
DBLP,0.8,43,inner,SRSWOR_65_35,429,conf/vldb/StolteA02,True,1,N3Bry6sSMw8J,N3Bry6sSMw8J,True,0.9999799463162038,1.094144043235646e-05,0.9999690048757715,0.15000000000000002,True,correct
DBLP,0.8,43,inner,SRSWOR_65_35,430,conf/vldb/Banerjee00,True,1,owfPKT5ip68J,owfPKT5ip68J,True,0.9999847853699789,2.8764169936142728e-05,0.9999560212000428,0.15000000000000002,True,correct
DBLP,0.8,43,inner,SRSWOR_65_35,431,journals/sigmod/BoscMP01,True,2,url:http://portal.acm.org/ft_gateway.cfm%3Fid%3D373708%26type%3Dpdf%26dl%3DGUIDE%26dl%3DACM%26CFID%3D11111111%26CFTOKEN%3D2222222,url:http://portal.acm.org/ft_gateway.cfm%3Fid%3D373708%26type%3Dpdf%26dl%3DGUIDE%26dl%3DACM%26CFID%3D11111111%26CFTOKEN%3D2222222,True,0.9999819718695488,0.04236008167233773,0.9576218901972111,0.15000000000000002,True,correct
DBLP,0.8,43,inner,SRSWOR_65_35,432,journals/vldb/WhiteD95,True,2,jKBaGqWJK2oJ,jKBaGqWJK2oJ,True,0.9999809706631806,0.9996086221465053,0.00037234851667533597,0.15000000000000002,True,correct
DBLP,0.8,43,inner,SRSWOR_65_35,433,conf/vldb/Vingralek02,False,0,,d8gRjk3iEi0J,False,6.081466100486166e-06,5.428427725495821e-06,6.53038374990345e-07,0.15000000000000002,False,unmatched_abstention
DBLP,0.8,43,inner,SRSWOR_65_35,434,conf/sigmod/Jhingran00,True,1,uguuV9ATE1YJ,uguuV9ATE1YJ,True,0.9999097947354241,5.148113286399271e-06,0.9999046466221376,0.15000000000000002,True,correct
DBLP,0.8,43,inner,SRSWOR_65_35,435,conf/vldb/Uhl02,True,1,n5SsAbtjBpAJ,n5SsAbtjBpAJ,True,0.9999827170633766,6.647679670522674e-06,0.9999760693837061,0.15000000000000002,True,correct
DBLP,0.8,43,inner,SRSWOR_65_35,436,conf/vldb/XinHLW03,True,1,v0rD-1nzJmYJ,v0rD-1nzJmYJ,True,0.9999872695681902,8.299844486359603e-06,0.9999789697237038,0.15000000000000002,True,correct
DBLP,0.8,43,inner,SRSWOR_65_35,437,conf/sigmod/AbadiC02,True,1,f2Lea-RN8dsJ,f2Lea-RN8dsJ,True,0.9999750194076623,5.120604920439428e-06,0.9999698988027419,0.15000000000000002,True,correct
DBLP,0.8,43,inner,SRSWOR_65_35,438,conf/sigmod/KalnisP01,True,1,-UHxodSX8oMJ,-UHxodSX8oMJ,True,0.9999778105798889,1.3218826871298689e-05,0.9999645917530176,0.15000000000000002,True,correct
DBLP,0.8,43,inner,SRSWOR_65_35,439,conf/sigmod/GarofalakisGR02,True,4,Hz7TBeGZRz8J,S6PWjHRFORYJ,True,0.9999767665044045,0.9994446394419986,0.0005321270624059071,0.15000000000000002,True,correct
DBLP,0.8,43,inner,SRSWOR_65_35,440,journals/sigmod/Aggarwal01,True,2,JKGSOO_3GjUJ,OE8gpNwz8MkJ,True,0.9999854373830187,0.999965204290552,2.023309246668159e-05,0.15000000000000002,True,correct
DBLP,0.8,43,inner,SRSWOR_65_35,441,conf/sigmod/PadmanabhanBMCH03,True,1,wI75uFSs0bwJ,wI75uFSs0bwJ,True,0.9999845604944393,3.6395386397072094e-05,0.9999481651080422,0.15000000000000002,True,correct
DBLP,0.8,43,inner,SRSWOR_65_35,442,conf/sigmod/SubramanianV98,True,1,KxwymZ2AGNQJ,KxwymZ2AGNQJ,True,0.9999872282964711,5.201118289940835e-06,0.9999820271781812,0.15000000000000002,True,correct
DBLP,0.8,43,inner,SRSWOR_65_35,443,journals/sigmod/Bertram94,True,1,qaSgL5tVq1AJ,qaSgL5tVq1AJ,True,0.9999850666607254,5.918152281019881e-06,0.9999791485084444,0.15000000000000002,True,correct
DBLP,0.8,43,inner,SRSWOR_65_35,444,journals/sigmod/Winslett02a,True,1,url:http://portal.acm.org/ft_gateway.cfm%3Fid%3D565127%26type%3Dpdf%26dl%3DGUIDE%26dl%3DACM%26CFID%3D11111111%26CFTOKEN%3D2222222,url:http://portal.acm.org/ft_gateway.cfm%3Fid%3D565127%26type%3Dpdf%26dl%3DGUIDE%26dl%3DACM%26CFID%3D11111111%26CFTOKEN%3D2222222,True,0.02624115098231728,0.0023787211093349685,0.023862429872982312,0.15000000000000002,False,missing_match
DBLP,0.8,43,inner,SRSWOR_65_35,445,conf/sigmod/ChangG99,True,4,10FYofnRROUJ,8Yt1Mba9-wQJ,True,0.9999886682620518,0.9999843625974587,4.305664593085012e-06,0.15000000000000002,True,correct
DBLP,0.8,43,inner,SRSWOR_65_35,446,conf/sigmod/RundensteinerCLCZNJLW99,True,1,SADcQZhMqgEJ,SADcQZhMqgEJ,True,0.9999850718863789,6.468549907029698e-06,0.9999786033364718,0.15000000000000002,True,correct
DBLP,0.8,43,inner,SRSWOR_65_35,447,conf/sigmod/Seshadri99,True,2,B855ccGhBu4J,B855ccGhBu4J,True,0.9998272162073012,0.9971239502184888,0.002703265988812431,0.15000000000000002,True,correct
DBLP,0.8,43,inner,SRSWOR_65_35,448,conf/sigmod/LacroixSC98,True,1,MyaiGcr-oYkJ,MyaiGcr-oYkJ,True,0.9999695522625437,5.112353806108524e-06,0.9999644399087376,0.15000000000000002,True,correct
DBLP,0.8,43,inner,SRSWOR_65_35,449,conf/vldb/MargaritisFT01,True,2,WOiDxLKSioAJ,z2EsEsrBfsYJ,True,0.9999872846863084,0.9998280868574672,0.0001591978288412177,0.15000000000000002,True,correct
DBLP,0.8,43,inner,SRSWOR_65_35,450,conf/sigmod/FlorescuGKR02,True,1,uam2rv99rxsJ,uam2rv99rxsJ,True,0.9999794950873491,0.00017613796744375581,0.9998033571199053,0.15000000000000002,True,correct
DBLP,0.8,43,inner,SRSWOR_65_35,451,journals/vldb/IvesHW02,True,1,Bbm74R5b5yoJ,Bbm74R5b5yoJ,True,0.9999848337548818,9.966352756813007e-06,0.9999748674021249,0.15000000000000002,True,correct
DBLP,0.8,43,inner,SRSWOR_65_35,452,journals/sigmod/PourabbasR00,True,2,3y6y5AXu-j0J,3y6y5AXu-j0J,True,0.9999874734570331,0.9999558796951743,3.15937618587947e-05,0.15000000000000002,True,correct
DBLP,0.8,43,inner,SRSWOR_65_35,453,conf/vldb/Shaw98,True,2,2CygtSE5o1UJ,sZZVwXivu-kJ,True,0.9999853886109326,0.9999394567725438,4.593183838874637e-05,0.15000000000000002,True,correct
DBLP,0.8,43,inner,SRSWOR_65_35,454,journals/sigmod/Critchlow01,True,1,wuQbvQAcACsJ,wuQbvQAcACsJ,True,0.9999790471576329,5.928772436628282e-06,0.9999731183851962,0.15000000000000002,True,correct
DBLP,0.8,43,inner,SRSWOR_65_35,455,journals/sigmod/AilamakiH03,True,1,url:http://portal.acm.org/ft_gateway.cfm%3Fid%3D945725%26type%3Dpdf%26dl%3DGUIDE%26dl%3DACM%26CFID%3D11111111%26CFTOKEN%3D2222222,url:http://portal.acm.org/ft_gateway.cfm%3Fid%3D945725%26type%3Dpdf%26dl%3DGUIDE%26dl%3DACM%26CFID%3D11111111%26CFTOKEN%3D2222222,True,0.9999897557900543,5.364555659864125e-06,0.9999843912343944,0.15000000000000002,True,correct
DBLP,0.8,43,inner,SRSWOR_65_35,456,conf/sigmod/KornackerMH97,True,4,J8sGEkYqAFcJ,O81USJg2EhwJ,True,0.9999825526862092,0.9999807373014236,1.8153847856083871e-06,0.15000000000000002,True,correct
DBLP,0.8,43,inner,SRSWOR_65_35,457,journals/sigmod/UlusoyB96,True,1,LclVYrb7vJoJ,LclVYrb7vJoJ,True,0.9999894374492285,8.048922670497351e-06,0.999981388526558,0.15000000000000002,True,correct
DBLP,0.8,43,inner,SRSWOR_65_35,458,journals/vldb/SaltenisJ02,True,1,HSEOZDaC8ZUJ,HSEOZDaC8ZUJ,True,0.999975417542868,0.035920610906831116,0.9640548066360369,0.15000000000000002,True,correct
DBLP,0.8,43,inner,SRSWOR_65_35,459,conf/vldb/RusinkiewiczKTWM95,True,4,019zSr3Lx4EJ,T2fm7Wb1ak4J,True,0.9999879199268609,0.9999865756600231,1.3442668377328104e-06,0.15000000000000002,True,correct
DBLP,0.8,43,inner,SRSWOR_65_35,460,conf/vldb/Spaccapietra94,True,1,ZpVzTb1a7VoJ,ZpVzTb1a7VoJ,True,0.9999265106960951,1.1326357506667236e-05,0.9999151843385884,0.15000000000000002,True,correct
DBLP,0.8,43,inner,SRSWOR_65_35,461,conf/sigmod/KornMZ03,True,1,6VAQeD6muakJ,6VAQeD6muakJ,True,0.9999904635797567,6.350234887092027e-06,0.9999841133448697,0.15000000000000002,True,correct
DBLP,0.8,43,inner,SRSWOR_65_35,462,journals/vldb/PottingerH01,True,4,eXceb1SMqE4J,Kv3ZFRUKCogJ,True,0.9999792984282257,0.9990801518805659,0.0008991465476598792,0.15000000000000002,True,correct
DBLP,0.8,43,inner,SRSWOR_65_35,463,journals/sigmod/WolfsonSDNR95,True,1,R51Yi7sWJ6EJ,R51Yi7sWJ6EJ,True,0.9999856246947273,9.778342656628481e-06,0.9999758463520707,0.15000000000000002,True,correct
DBLP,0.8,43,inner,SRSWOR_65_35,464,conf/sigmod/ShivakumarG97,True,1,4ioZ9JSSjVQJ,4ioZ9JSSjVQJ,True,0.9999687894880719,6.372760737805484e-06,0.9999624167273341,0.15000000000000002,True,correct
DBLP,0.8,43,inner,SRSWOR_65_35,465,journals/sigmod/WangD03,False,0,,enUg70kEpM8J,False,0.9986510610855323,5.844408833825329e-06,0.9986452166766985,0.15000000000000002,True,false_link
DBLP,0.8,43,inner,SRSWOR_65_35,466,journals/tods/Meo00,True,1,NQShGztSLaoJ,NQShGztSLaoJ,True,0.9999562337130452,8.04121966579985e-06,0.9999481924933794,0.15000000000000002,True,correct
DBLP,0.8,43,inner,SRSWOR_65_35,467,conf/vldb/MiningGroup96,True,1,fGw7o-RlqlcJ,fGw7o-RlqlcJ,True,0.9999814963822536,1.7453038464740498e-05,0.9999640433437889,0.15000000000000002,True,correct
DBLP,0.8,43,inner,SRSWOR_65_35,468,journals/tods/JajodiaSSS01,True,1,oH5XZWjwC6AJ,oH5XZWjwC6AJ,True,0.999984464150225,0.06200875698819202,0.937975707162033,0.15000000000000002,True,correct
DBLP,0.8,43,inner,SRSWOR_65_35,469,conf/vldb/BerchtoldKK96,True,13,_oDfC1aR4CAJ,WnYVibh8fxUJ,True,0.9999857632936436,0.9999828809041436,2.8823895000806843e-06,0.15000000000000002,True,correct
DBLP,0.8,43,inner,SRSWOR_65_35,470,conf/sigmod/FabretJLPRS01,True,4,8lBDhvljrAEJ,8lBDhvljrAEJ,True,0.9999704250029937,0.9999677769815755,2.648021418250046e-06,0.15000000000000002,True,correct
DBLP,0.8,43,inner,SRSWOR_65_35,471,journals/sigmod/Dogac96,True,1,url:http://portal.acm.org/citation.cfm%3Fid%3D234889.234900%26dl%3DGUIDE%26dl%3DACM%26idx%3DJ689%26part%3Dperiodical%26WantType%3Dperiodical%26title%3DACM%2520SIGMOD%2520Record%26CFID%3D11111111%26CFTOKEN%3D2222222,url:http://portal.acm.org/citation.cfm%3Fid%3D234889.234900%26dl%3DGUIDE%26dl%3DACM%26idx%3DJ689%26part%3Dperiodical%26WantType%3Dperiodical%26title%3DACM%2520SIGMOD%2520Record%26CFID%3D11111111%26CFTOKEN%3D2222222,True,0.9999819048486608,0.9187094655196254,0.08127243932903538,0.15000000000000002,True,correct
DBLP,0.8,43,inner,SRSWOR_65_35,472,journals/vldb/AguileraCMVV02,True,3,4OUQOD2i52sJ,SdVmepmUgQIJ,True,0.9999815368357653,0.9996709128836406,0.00031062395212466676,0.15000000000000002,True,correct
DBLP,0.8,43,inner,SRSWOR_65_35,473,conf/vldb/BerckenS96,True,2,GfvntjAdvVYJ,-iBt8AJhTSEJ,True,0.9999836595032077,0.9999743364356021,9.323067605593316e-06,0.15000000000000002,True,correct
DBLP,0.8,43,inner,SRSWOR_65_35,474,conf/vldb/MohanBWSZ00,True,1,zCY0pFken7wJ,zCY0pFken7wJ,True,0.999985832260081,0.0001005427189672647,0.9998852895411137,0.15000000000000002,True,correct
DBLP,0.8,43,inner,SRSWOR_65_35,475,conf/vldb/RamakrishnanR96,True,1,3y1e-H-FdC0J,3y1e-H-FdC0J,True,0.9999738870701346,8.443597771572002e-06,0.999965443472363,0.15000000000000002,True,correct
DBLP,0.8,43,inner,SRSWOR_65_35,476,journals/sigmod/QuixSJ02,True,1,BrO3XOrt66MJ,BrO3XOrt66MJ,True,0.9986438591232882,1.0843484623177164e-05,0.998633015638665,0.15000000000000002,True,correct
DBLP,0.8,43,inner,SRSWOR_65_35,477,conf/vldb/Baumann03,True,1,pJ2UEKVG_hoJ,pJ2UEKVG_hoJ,True,0.9999874825685864,5.006878717654163e-06,0.9999824756898688,0.15000000000000002,True,correct
DBLP,0.8,43,inner,SRSWOR_65_35,478,conf/vldb/AnciauxBBPV01,True,2,H2qCU9-_uykJ,PFEvlg2DiMkJ,True,0.9999856057087201,0.9999558926522314,2.9713056488689382e-05,0.15000000000000002,True,correct
DBLP,0.8,43,inner,SRSWOR_65_35,479,conf/vldb/FankhauserGLMT98,True,2,jGFfS5lAyLQJ,JnwUAxUMwvQJ,True,0.9999870423328442,0.9999788329041296,8.20942871460062e-06,0.15000000000000002,True,correct
DBLP,0.8,43,inner,SRSWOR_65_35,480,conf/sigmod/TsueiPK97,True,1,DpQGq6n1jnkJ,DpQGq6n1jnkJ,True,0.9999107113075398,5.391667174771979e-06,0.9999053196403651,0.15000000000000002,True,correct
DBLP,0.8,43,inner,SRSWOR_65_35,481,journals/sigmod/Ozsu03,False,0,,qU_IX5KFwIoJ,False,0.0035841525430601218,0.0012207312933000523,0.0023634212497600695,0.15000000000000002,False,unmatched_abstention
DBLP,0.8,43,inner,SRSWOR_65_35,482,conf/vldb/BarjaPFWD94,True,2,qhl9_KGvjcUJ,qhl9_KGvjcUJ,True,0.9999861104979971,0.00012866006941570949,0.9998574504285814,0.15000000000000002,True,correct
DBLP,0.8,43,inner,SRSWOR_65_35,483,journals/tods/SalemGS94,True,1,7IBL1cudvR0J,7IBL1cudvR0J,True,0.9999366844595567,0.014528955351276816,0.9854077291082799,0.15000000000000002,True,correct
DBLP,0.8,43,inner,SRSWOR_65_35,484,conf/vldb/ChatziantoniouR96,True,1,46FVYbhr0WoJ,46FVYbhr0WoJ,True,0.9999852599919032,7.441679589025061e-05,0.999910843196013,0.15000000000000002,True,correct
DBLP,0.8,43,inner,SRSWOR_65_35,485,conf/sigmod/DeshpandeNGS03a,True,3,pF6EW_yKYyYJ,sfB17Fi4MZsJ,True,0.9999846186329759,0.999972209338995,1.2409293980941705e-05,0.15000000000000002,True,correct
DBLP,0.8,43,inner,SRSWOR_65_35,486,conf/vldb/MogiK95,True,1,39DBh8H18iEJ,39DBh8H18iEJ,True,0.9999847007769783,1.1558793814553233e-05,0.9999731419831638,0.15000000000000002,True,correct
DBLP,0.8,43,inner,SRSWOR_65_35,487,conf/sigmod/ONeilQ97,True,11,359PjJkfNhQJ,tK0HTC7qEmcJ,True,0.9999727510024584,0.9999659873804729,6.763621985483859e-06,0.15000000000000002,True,correct
DBLP,0.8,43,inner,SRSWOR_65_35,488,conf/sigmod/ChaudhuriN98,True,5,99oqRZGWAYMJ,99oqRZGWAYMJ,True,0.9999685333077066,0.999966575488663,1.9578190436631004e-06,0.15000000000000002,True,correct
DBLP,0.8,43,inner,SRSWOR_65_35,489,journals/tods/WijesekeraJPH03,True,1,oui-frSWZCAJ,oui-frSWZCAJ,True,0.999987439148743,5.567863535578767e-06,0.9999818712852074,0.15000000000000002,True,correct
DBLP,0.8,43,inner,SRSWOR_65_35,490,conf/vldb/AmsalegFG95,True,3,-9bXTTM_M4cJ,-9bXTTM_M4cJ,True,0.9999737574803534,0.9999560090946534,1.7748385700011582e-05,0.15000000000000002,True,correct
DBLP,0.8,43,inner,SRSWOR_65_35,491,conf/sigmod/WangPFY03,True,4,5JXKbI5l1FYJ,jpNXw9L7pxgJ,True,0.9999879597903595,0.9999822925827838,5.667207575665856e-06,0.15000000000000002,True,correct
DBLP,0.8,43,inner,SRSWOR_65_35,492,journals/vldb/MaratheS02,True,1,z6JEYoArZmsJ,z6JEYoArZmsJ,True,0.99997787285384,7.359077923685127e-05,0.9999042820746031,0.15000000000000002,True,correct
DBLP,0.8,43,inner,SRSWOR_65_35,493,conf/vldb/AgarwalADGNRS96,True,7,1bXX8uOvfQAJ,E4fU9kpfXQsJ,True,0.9999865137081223,0.9999845067910557,2.0069170666436875e-06,0.15000000000000002,True,correct
DBLP,0.8,43,inner,SRSWOR_65_35,494,conf/sigmod/FaloutsosL95,True,13,43b8e16YZlEJ,yFaUjmOQp1wJ,True,0.9999822345831336,0.9999789581702226,3.276412910979687e-06,0.15000000000000002,True,correct
DBLP,0.8,43,inner,SRSWOR_65_35,495,conf/vldb/SatheS01,True,1,L1IBwD8w1G0J,L1IBwD8w1G0J,True,0.9999887670985281,5.903524321864065e-06,0.9999828635742063,0.15000000000000002,True,correct
DBLP,0.8,43,inner,SRSWOR_65_35,496,conf/sigmod/KornM00,True,2,HlhXdvHzlvwJ,HlhXdvHzlvwJ,True,0.9999885181772868,0.9999839387415926,4.57943569420749e-06,0.15000000000000002,True,correct
DBLP,0.8,43,inner,SRSWOR_65_35,497,conf/vldb/TengCY03,True,1,wJjaZnzD6pAJ,wJjaZnzD6pAJ,True,0.9999845959679924,0.9993780599954998,0.0006065359724926056,0.15000000000000002,True,correct
DBLP,0.8,43,inner,SRSWOR_65_35,498,journals/sigmod/Ozsoyoglu00,False,0,,url:http://portal.acm.org/ft_gateway.cfm%3Fid%3D601859%26type%3Dpdf%26dl%3DGUIDE%26dl%3DACM%26CFID%3D11111111%26CFTOKEN%3D2222222,False,0.020545498993546393,0.00010049230116769241,0.0204450066923787,0.15000000000000002,False,unmatched_abstention
DBLP,0.8,43,inner,SRSWOR_65_35,499,conf/sigmod/Sahuguet01,True,2,1psqlswyLR0J,xb63RaGQYmYJ,True,0.9999649111886874,0.999909996138067,5.4915050620385486e-05,0.15000000000000002,True,correct
DBLP,0.8,43,inner,SRSWOR_65_35,500,conf/sigmod/AgrawalS00,True,1,ufPUBsN4eg0J,ufPUBsN4eg0J,True,0.999978079125451,0.8154915481520414,0.1844865309734096,0.15000000000000002,True,correct
DBLP,0.8,43,inner,SRSWOR_65_35,501,conf/vldb/JagadishMN99,True,3,9rDll5YAQnoJ,RPWDtUmq6_QJ,True,0.9999861853467383,0.9999818659278146,4.319418923759422e-06,0.15000000000000002,True,correct
DBLP,0.8,43,inner,SRSWOR_65_35,502,conf/vldb/ChoN02,True,2,4tTQJrG4pn8J,4tTQJrG4pn8J,True,0.9999888929764573,0.9998877556242705,0.00010113735218686415,0.15000000000000002,True,correct
DBLP,0.8,43,inner,SRSWOR_65_35,503,conf/sigmod/BohannonDGKLNS03,True,1,83wqw4ciNWoJ,83wqw4ciNWoJ,True,0.002388842876857596,1.6075448179995087e-05,0.002372767428677601,0.15000000000000002,False,missing_match
DBLP,0.8,43,inner,SRSWOR_65_35,504,conf/vldb/ChakrabartiGRS00,True,4,2TVYDBNYioIJ,PTmCbogNUpAJ,True,0.9999853789652126,0.9999796970241512,5.681941061319584e-06,0.15000000000000002,True,correct
DBLP,0.8,43,inner,SRSWOR_65_35,505,journals/sigmod/GamacheS95,True,1,vqgfvx71hgQJ,vqgfvx71hgQJ,True,0.9999896349270685,5.760487511597419e-06,0.9999838744395569,0.15000000000000002,True,correct
DBLP,0.8,43,inner,SRSWOR_65_35,506,conf/sigmod/KotidisR98,True,2,CpHJwU8o-BkJ,CpHJwU8o-BkJ,True,0.9999890731267977,0.9999740845936553,1.4988533142412663e-05,0.15000000000000002,True,correct
DBLP,0.8,43,inner,SRSWOR_65_35,507,conf/sigmod/Kim94,True,1,GzJII5F7OzAJ,GzJII5F7OzAJ,True,0.9999857608224173,3.39136398386525e-05,0.9999518471825787,0.15000000000000002,True,correct
DBLP,0.8,43,inner,SRSWOR_65_35,508,journals/sigmod/RamDD99,True,2,kHE9-cv77fwJ,uA-E1lBgLe0J,True,0.9999861068946513,0.9994932358368985,0.0004928710577527529,0.15000000000000002,True,correct
DBLP,0.8,43,inner,SRSWOR_65_35,509,conf/vldb/RaghavanG03,True,1,ma-ZRYj0pXIJ,ma-ZRYj0pXIJ,True,0.9999860875371805,6.380276956111606e-06,0.9999797072602244,0.15000000000000002,True,correct
DBLP,0.8,43,inner,SRSWOR_65_35,510,journals/sigmod/Darwen96,True,1,url:http://portal.acm.org/citation.cfm%3Fid%3D245882.245886%26dl%3DGUIDE%26dl%3DACM%26idx%3DJ689%26part%3Dperiodical%26WantType%3Dperiodical%26title%3DACM%2520SIGMOD%2520Record%26CFID%3D11111111%26CFTOKEN%3D2222222,url:http://portal.acm.org/citation.cfm%3Fid%3D245882.245886%26dl%3DGUIDE%26dl%3DACM%26idx%3DJ689%26part%3Dperiodical%26WantType%3Dperiodical%26title%3DACM%2520SIGMOD%2520Record%26CFID%3D11111111%26CFTOKEN%3D2222222,True,0.9999885539491723,0.7462821919379139,0.2537063620112584,0.15000000000000002,True,correct
DBLP,0.8,43,inner,SRSWOR_65_35,511,conf/vldb/LockemannKKKN97,True,1,mFJzfuwL1jcJ,mFJzfuwL1jcJ,True,0.9999775601973662,2.1891877719396856e-05,0.9999556683196468,0.15000000000000002,True,correct
DBLP,0.8,43,inner,SRSWOR_65_35,512,conf/vldb/BouganimCDDGS99,True,1,Ult4nmnmJp8J,Ult4nmnmJp8J,True,0.999987931015833,1.2824306886986705e-05,0.9999751067089461,0.15000000000000002,True,correct
DBLP,0.8,43,inner,SRSWOR_65_35,513,journals/sigmod/CareyS99,True,1,url:http://portal.acm.org/ft_gateway.cfm%3Fid%3D310071%26type%3Dpdf%26dl%3DGUIDE%26dl%3DACM%26CFID%3D11111111%26CFTOKEN%3D2222222,url:http://portal.acm.org/ft_gateway.cfm%3Fid%3D310071%26type%3Dpdf%26dl%3DGUIDE%26dl%3DACM%26CFID%3D11111111%26CFTOKEN%3D2222222,True,0.9999886449930578,3.860591455895704e-05,0.9999500390784989,0.15000000000000002,True,correct
DBLP,0.8,43,inner,SRSWOR_65_35,514,conf/vldb/RamanH01,True,2,8PPmw6A0XfkJ,8PPmw6A0XfkJ,True,0.9999843172417706,0.9994129361720875,0.0005713810696831301,0.15000000000000002,True,correct
DBLP,0.8,43,inner,SRSWOR_65_35,515,conf/sigmod/BaulierBGGHJKKMMNNRSSSWW99,True,1,wgRWDYY7q_8J,wgRWDYY7q_8J,True,0.9999812950647161,0.023621147283463977,0.9763601477812521,0.15000000000000002,True,correct
DBLP,0.8,43,inner,SRSWOR_65_35,516,conf/sigmod/HanPY00,True,13,2xwKDuA0DI8J,YkKV8PCox8IJ,True,0.9999826242521097,0.9999824722024687,1.5204964098902707e-07,0.15000000000000002,True,correct
DBLP,0.8,43,inner,SRSWOR_65_35,517,journals/sigmod/Ouksel03,True,1,8M_z-OUkoxYJ,8M_z-OUkoxYJ,True,0.9999880446769003,0.0003800113217362466,0.999608033355164,0.15000000000000002,True,correct
DBLP,0.8,43,inner,SRSWOR_65_35,518,conf/vldb/LabioYCGW00,True,1,-UILVcP4CZ8J,-UILVcP4CZ8J,True,0.9999828597819129,9.127114231521378e-06,0.9999737326676814,0.15000000000000002,True,correct
DBLP,0.8,43,inner,SRSWOR_65_35,519,journals/vldb/FahlR97,True,2,iM6vRWljKpAJ,zXSCJ9LzZ8cJ,True,0.9999850922446958,0.9999655709049428,1.9521339753025835e-05,0.15000000000000002,True,correct
DBLP,0.8,43,inner,SRSWOR_65_35,520,journals/sigmod/Winslett02b,False,0,,url:http://portal.acm.org/ft_gateway.cfm%3Fid%3D601871%26type%3Dpdf%26dl%3DGUIDE%26dl%3DACM%26CFID%3D11111111%26CFTOKEN%3D2222222,False,0.9999020507144256,0.0043068594223438636,0.9955951912920817,0.15000000000000002,True,false_link
DBLP,0.8,43,inner,SRSWOR_65_35,521,conf/sigmod/Ballinger94,True,1,xGGBIZmLvmgJ,xGGBIZmLvmgJ,True,0.9999891474321408,5.497462422441877e-06,0.9999836499697184,0.15000000000000002,True,correct
DBLP,0.8,43,inner,SRSWOR_65_35,522,journals/sigmod/Qian94,True,1,url:http://portal.acm.org/ft_gateway.cfm%3Fid%3D187462%26type%3Dpdf%26coll%3DGUIDE%26dl%3DACM%26CFID%3D11111111%26CFTOKEN%3D2222222,url:http://portal.acm.org/ft_gateway.cfm%3Fid%3D187462%26type%3Dpdf%26coll%3DGUIDE%26dl%3DACM%26CFID%3D11111111%26CFTOKEN%3D2222222,True,0.9999866661601425,7.619385575792809e-06,0.9999790467745667,0.15000000000000002,True,correct
DBLP,0.8,43,inner,SRSWOR_65_35,523,conf/vldb/Galindo-LegariaPK94,True,3,47fE4F2kahEJ,47fE4F2kahEJ,True,0.999986391424327,0.9999758166678114,1.0574756515557837e-05,0.15000000000000002,True,correct
DBLP,0.8,43,inner,SRSWOR_65_35,524,conf/vldb/ScheuermannSV96,True,5,42whesD5Rl8J,kxebBNLKWl4J,True,0.9999858522695634,0.9999530326116592,3.281965790413732e-05,0.15000000000000002,True,correct
DBLP,0.8,43,inner,SRSWOR_65_35,525,journals/sigmod/FininJ02,True,1,rg8576nvnkUJ,rg8576nvnkUJ,True,0.999987662614232,9.405555470281575e-06,0.9999782570587618,0.15000000000000002,True,correct
DBLP,0.8,43,inner,SRSWOR_65_35,526,journals/tods/Alagic99,True,2,Gq6D6zMEPxoJ,Gq6D6zMEPxoJ,True,0.9999878639702088,0.9998600570787413,0.000127806891467519,0.15000000000000002,True,correct
DBLP,0.8,43,inner,SRSWOR_65_35,527,journals/vldb/KrivokapicKG99,True,3,9YwFrtrNlaIJ,A8qZGxwlDiYJ,True,0.9999859999874471,0.9999858955938035,1.0439364361847225e-07,0.15000000000000002,True,correct
DBLP,0.8,43,inner,SRSWOR_65_35,528,journals/tods/CuiWW00,True,2,HEAX8OOSpKgJ,yWDXpb_76z0J,True,0.9999872932202275,0.9997102521530907,0.000277041067136774,0.15000000000000002,True,correct
DBLP,0.8,43,inner,SRSWOR_65_35,529,journals/sigmod/CeriKKLOSV00,True,1,nLbW09uNfmsJ,nLbW09uNfmsJ,True,0.9999817128937517,9.30791874155251e-06,0.9999724049750102,0.15000000000000002,True,correct
DBLP,0.8,43,inner,SRSWOR_65_35,530,journals/tods/TendickM94,True,1,FxCxfE4m1rUJ,FxCxfE4m1rUJ,True,0.999982164644291,2.4082253665106472e-05,0.9999580823906259,0.15000000000000002,True,correct
DBLP,0.8,43,inner,SRSWOR_65_35,531,conf/sigmod/YuMWL01,True,2,h95306-8rjEJ,h95306-8rjEJ,True,0.9999871001834636,0.02241577332354519,0.9775713268599184,0.15000000000000002,True,correct
DBLP,0.8,43,inner,SRSWOR_65_35,532,conf/sigmod/HouZ95,True,1,AeRUCf7iBqYJ,AeRUCf7iBqYJ,True,0.9999843503642163,5.881630515469224e-06,0.9999784687337008,0.15000000000000002,True,correct
DBLP,0.8,43,inner,SRSWOR_65_35,533,journals/vldb/AbiteboulB95,True,3,_RMZmSBR_PUJ,Pkocuf5hMjYJ,True,0.999985713297053,0.9998557545782857,0.00012995871876730902,0.15000000000000002,True,correct
DBLP,0.8,43,inner,SRSWOR_65_35,534,journals/sigmod/ReichB98,True,2,HzOZXA_VJk8J,HzOZXA_VJk8J,True,0.9999841971813389,0.9998592576259152,0.0001249395554236976,0.15000000000000002,True,correct
DBLP,0.8,43,inner,SRSWOR_65_35,535,conf/vldb/CochranePM96,True,1,NRLEnDsPlOkJ,NRLEnDsPlOkJ,True,0.9999739241734978,0.08270805026145553,0.9172658739120423,0.15000000000000002,True,correct
DBLP,0.8,43,inner,SRSWOR_65_35,536,conf/sigmod/FaloutsosSTT00,True,3,qsWDIfzBxiQJ,XMC0W6CQJJIJ,True,0.9999883142098122,0.9999882819136395,3.229617262512363e-08,0.15000000000000002,True,correct
DBLP,0.8,43,inner,SRSWOR_65_35,537,journals/vldb/NgS98,True,3,8vJEjrhM7foJ,url:http://www.springerlink.com/index/85D6LYCWB48DWBKW.pdf,True,0.9999720662293077,0.9999579950692288,1.407116007889897e-05,0.15000000000000002,True,correct
DBLP,0.8,43,inner,SRSWOR_65_35,538,conf/sigmod/BilirisFOP96,True,1,VakyeJZNPM0J,VakyeJZNPM0J,True,0.9999477786662713,7.289431415614646e-06,0.9999404892348557,0.15000000000000002,True,correct
DBLP,0.8,43,inner,SRSWOR_65_35,539,conf/vldb/JohnsonA00,True,1,EPVkQkFM2osJ,EPVkQkFM2osJ,True,0.9999868115193996,6.492343633332539e-06,0.9999803191757662,0.15000000000000002,True,correct
DBLP,0.8,43,inner,SRSWOR_65_35,540,journals/sigmod/Barbara01,True,1,U8tEHzJ2Xj0J,U8tEHzJ2Xj0J,True,0.002321430218905782,2.4810980994064103e-05,0.002296619237911718,0.15000000000000002,False,missing_match
DBLP,0.8,43,inner,SRSWOR_65_35,541,journals/sigmod/Kim02,True,1,1PPb2Y8X7rAJ,1PPb2Y8X7rAJ,True,0.9999893680602143,5.548277987115099e-06,0.9999838197822272,0.15000000000000002,True,correct
DBLP,0.8,43,inner,SRSWOR_65_35,542,conf/sigmod/Grust02,True,3,-3LAxRNpDJIJ,FYfyf-SjQNIJ,True,0.9999684374363367,0.9999483416315745,2.0095804762143565e-05,0.15000000000000002,True,correct
DBLP,0.8,43,inner,SRSWOR_65_35,543,journals/sigmod/ForteHWDCVHFS99,True,1,7ML1mmPqIooJ,7ML1mmPqIooJ,True,0.9999878837104078,1.3474002023863363e-05,0.9999744097083839,0.15000000000000002,True,correct
DBLP,0.8,43,inner,SRSWOR_65_35,544,journals/vldb/TorpJS00,True,2,dMRIRjR_KAAJ,wr5pRI-iGqsJ,True,0.9999823729667493,0.9999355854389202,4.6787527829050823e-05,0.15000000000000002,True,correct
DBLP,0.8,43,inner,SRSWOR_65_35,545,conf/sigmod/Hammond99,True,1,-ndr_jftgFkJ,-ndr_jftgFkJ,True,0.9999868504014454,1.5789818166367454e-05,0.999971060583279,0.15000000000000002,True,correct
DBLP,0.8,43,inner,SRSWOR_65_35,546,conf/vldb/Gupta96,False,0,,Ektpai7vmjgJ,False,5.211231929917819e-06,4.977926535146966e-06,2.3330539477085317e-07,0.15000000000000002,False,unmatched_abstention
DBLP,0.8,43,inner,SRSWOR_65_35,547,journals/sigmod/Suciu01,True,2,_vOvQUzSV-gJ,_vOvQUzSV-gJ,True,0.9999804218877281,0.9997731275838003,0.00020729430392774084,0.15000000000000002,True,correct
DBLP,0.8,43,inner,SRSWOR_65_35,548,journals/sigmod/NejdlSS03,True,1,lZGtV8TM9yoJ,lZGtV8TM9yoJ,True,0.9999820417251607,2.503830997688087e-05,0.9999570034151838,0.15000000000000002,True,correct
DBLP,0.8,43,inner,SRSWOR_65_35,549,conf/sigmod/HaasH99,True,3,bsfsN1NtuOMJ,bsfsN1NtuOMJ,True,0.9999874897647714,0.9999863324417698,1.1573230015438085e-06,0.15000000000000002,True,correct
DBLP,0.8,43,inner,SRSWOR_65_35,550,conf/vldb/SarawagiS96,True,2,GzBmx-QUxFYJ,GzBmx-QUxFYJ,True,0.9999866873281302,0.9999114503537371,7.52369743931558e-05,0.15000000000000002,True,correct
DBLP,0.8,43,inner,SRSWOR_65_35,551,conf/sigmod/DeshpandeGR01,True,2,0Ta25VSGl7kJ,knAoAIpo7hYJ,True,0.9999888630339229,0.9999842185368715,4.644497051398133e-06,0.15000000000000002,True,correct
DBLP,0.8,43,inner,SRSWOR_65_35,552,conf/vldb/StathatosRB97,True,3,JH2hiRXPJcEJ,JH2hiRXPJcEJ,True,0.9999875755955595,0.9999838262137455,3.749381814022179e-06,0.15000000000000002,True,correct
DBLP,0.8,43,inner,SRSWOR_65_35,553,journals/vldb/RamamurthyDS03,True,3,DAlyofX710AJ,uem5wXLoU0wJ,True,0.9999808271226643,0.9999554263853118,2.540073735257664e-05,0.15000000000000002,True,correct
DBLP,0.8,43,inner,SRSWOR_65_35,554,conf/sigmod/ForlizziGNS00,True,5,4k4fUbwNV8UJ,jW1JUC-AQXoJ,True,0.9999850869550589,0.9999815873353769,3.499619682045818e-06,0.15000000000000002,True,correct
DBLP,0.8,43,inner,SRSWOR_65_35,555,journals/vldb/KnorrNT00,True,1,SggrbO99AJgJ,SggrbO99AJgJ,True,0.999983105174814,0.00012984831885379705,0.9998532568559603,0.15000000000000002,True,correct
DBLP,0.8,43,inner,SRSWOR_65_35,556,conf/vldb/SayalCDS02,True,1,0acvmJtaI8QJ,0acvmJtaI8QJ,True,0.9999717224058128,1.8890239386108806e-05,0.9999528321664267,0.15000000000000002,True,correct
DBLP,0.8,43,inner,SRSWOR_65_35,557,journals/vldb/PeckhamMD95,True,2,nhU_8O_9SY0J,zOfVTNgEwz0J,True,0.9999882146932804,0.9999664540158489,2.1760677431426068e-05,0.15000000000000002,True,correct
DBLP,0.8,43,inner,SRSWOR_65_35,558,conf/sigmod/Smith01,True,2,5wh3Y-mBqJQJ,5wh3Y-mBqJQJ,True,0.9915001093863681,0.07115083854742857,0.9203492708389396,0.15000000000000002,True,correct
DBLP,0.8,43,inner,SRSWOR_65_35,559,conf/vldb/BalminHKPSW03,True,1,8xRHvInl0_0J,8xRHvInl0_0J,True,0.9999806005312333,0.006723638737719174,0.9932569617935141,0.15000000000000002,True,correct
DBLP,0.8,43,inner,SRSWOR_65_35,560,conf/sigmod/AggarwalY00,True,3,dfSPs7YoyWsJ,dfSPs7YoyWsJ,True,0.9999884618672165,0.9999760128214427,1.2449045773799128e-05,0.15000000000000002,True,correct
DBLP,0.8,43,inner,SRSWOR_65_35,561,journals/sigmod/Suciu97,False,0,,1sGr4qMsCeMJ,False,0.9993343068838061,0.0008760497233072665,0.9984582571604989,0.15000000000000002,True,false_link
DBLP,0.8,43,inner,SRSWOR_65_35,562,conf/sigmod/LiuPBHPT00,True,1,q_o5zij9nCEJ,q_o5zij9nCEJ,True,0.9999859826066707,0.0009865960265394232,0.9989993865801313,0.15000000000000002,True,correct
DBLP,0.8,43,inner,SRSWOR_65_35,563,journals/sigmod/RossNO03,False,0,,url:http://portal.acm.org/citation.cfm%3Fid%3D1041410.1041430,False,0.21592312366999178,0.02063297655266649,0.19529014711732529,0.15000000000000002,True,false_link
DBLP,0.8,43,inner,SRSWOR_65_35,564,conf/vldb/RamakrishnanGRSWZ95,True,2,JAMaus2HrE0J,url:http://portal.acm.org/citation.cfm%3Fid%3D645921.756661,True,0.9999826305146362,0.9999689006061693,1.3729908466930674e-05,0.15000000000000002,True,correct
DBLP,0.8,43,inner,SRSWOR_65_35,565,conf/vldb/Levy96,True,2,G7CJNSIBp10J,lDTPyBMtHVwJ,True,0.999982828287145,0.9995898124351514,0.00039301585199358335,0.15000000000000002,True,correct
DBLP,0.8,43,inner,SRSWOR_65_35,566,conf/sigmod/DavulcuFKR99,True,1,TDyW6V4cc7MJ,TDyW6V4cc7MJ,True,0.9999833616429848,7.893318917933783e-06,0.9999754683240669,0.15000000000000002,True,correct
DBLP,0.8,43,inner,SRSWOR_65_35,567,journals/vldb/BarbaraI95,True,10,7N0H3ra1FFsJ,GXhaGGajWZkJ,True,0.9999861098356876,0.9999831612154855,2.9486202021145047e-06,0.15000000000000002,True,correct
DBLP,0.8,43,inner,SRSWOR_65_35,568,conf/vldb/LakshmananJN00,True,1,1n7AY641YyAJ,1n7AY641YyAJ,True,0.9999891139718243,5.142009367742499e-06,0.9999839719624566,0.15000000000000002,True,correct
DBLP,0.8,43,inner,SRSWOR_65_35,569,conf/vldb/ViglasNB03,True,1,GGX9LS25OhwJ,GGX9LS25OhwJ,True,0.9999884937332641,1.2088716466930889e-05,0.9999764050167972,0.15000000000000002,True,correct
DBLP,0.8,43,inner,SRSWOR_65_35,570,conf/vldb/CeriM03,True,2,G2QuI5QYYMoJ,hFPNVe44A04J,True,0.9999790419617286,0.9999363189028869,4.272305884167604e-05,0.15000000000000002,True,correct
DBLP,0.8,43,inner,SRSWOR_65_35,571,conf/vldb/ChenCFGJMTW99,True,2,Hq3W65us8dkJ,Hq3W65us8dkJ,True,0.9999802426731895,0.9999048683566977,7.537431649184967e-05,0.15000000000000002,True,correct
DBLP,0.8,43,inner,SRSWOR_65_35,572,conf/sigmod/LakshmananPZ03,True,3,F1aaWSFF8TcJ,rNu93TfKkd4J,True,0.9999855067396187,0.999976052865695,9.453873923703782e-06,0.15000000000000002,True,correct
DBLP,0.8,43,inner,SRSWOR_65_35,573,journals/sigmod/RoantreeS02,True,2,url:http://portal.acm.org/ft_gateway.cfm%3Fid%3D637435%26type%3Dpdf%26dl%3DGUIDE%26dl%3DACM%26CFID%3D11111111%26CFTOKEN%3D2222222,xfrOR_G4_UoJ,True,0.9999872881054126,0.999984259210044,3.0288953686286035e-06,0.15000000000000002,True,correct
DBLP,0.8,43,inner,SRSWOR_65_35,574,journals/vldb/HaasCLS97,True,2,AypWukSuKVoJ,AypWukSuKVoJ,True,0.9999874996632023,0.9982231636763691,0.001764335986833232,0.15000000000000002,True,correct
DBLP,0.8,43,inner,SRSWOR_65_35,575,conf/sigmod/Blakeley96,True,4,1fs-qN_SdH4J,jQ6eIao6R0EJ,True,0.9999878266689016,0.999978958812345,8.867856556626919e-06,0.15000000000000002,True,correct
DBLP,0.8,43,inner,SRSWOR_65_35,576,conf/vldb/AltinelF00,True,4,JhWxdEDCPdUJ,SXHPvzZDrFMJ,True,0.9999751499002146,0.9999711836367023,3.9662635122894585e-06,0.15000000000000002,True,correct
DBLP,0.8,43,inner,SRSWOR_65_35,577,journals/sigmod/BallMRZ02,True,1,Mfc9xsb7BuQJ,Mfc9xsb7BuQJ,True,0.9999841939709956,5.8259892056691996e-06,0.99997836798179,0.15000000000000002,True,correct
DBLP,0.8,43,inner,SRSWOR_65_35,578,conf/vldb/SenkulKT02,True,1,g7HDbO4GCN4J,g7HDbO4GCN4J,True,0.9999874913395036,5.629982866591771e-06,0.999981861356637,0.15000000000000002,True,correct
DBLP,0.8,43,inner,SRSWOR_65_35,579,journals/sigmod/StolfoLCFE01,True,1,lvIPWxkN4YAJ,lvIPWxkN4YAJ,True,0.9999848888182395,9.2120071176333e-06,0.9999756768111219,0.15000000000000002,True,correct
DBLP,0.8,43,inner,SRSWOR_65_35,580,conf/vldb/Suciu96a,True,1,tJtSq968rwgJ,tJtSq968rwgJ,True,0.9999869404070253,9.289411616299265e-06,0.999977650995409,0.15000000000000002,True,correct
DBLP,0.8,43,inner,SRSWOR_65_35,581,conf/sigmod/IoannidisL94,True,1,dDHNsS9sisEJ,dDHNsS9sisEJ,True,0.9999833366331944,5.576530719494064e-06,0.9999777601024749,0.15000000000000002,True,correct
DBLP,0.8,43,inner,SRSWOR_65_35,582,conf/sigmod/BhattacharyaMBNHS02,True,3,2J_9scP1caYJ,tsQbSCfQTooJ,True,0.9999891901129663,0.9995974783096004,0.0003917118033658351,0.15000000000000002,True,correct
DBLP,0.8,43,inner,SRSWOR_65_35,583,journals/tods/LakshmananSS01,True,1,FqrVkPwzd3kJ,FqrVkPwzd3kJ,True,0.9999866254834128,0.00028333095321859215,0.9997032945301941,0.15000000000000002,True,correct
DBLP,0.8,43,inner,SRSWOR_65_35,584,conf/sigmod/Golding95,True,2,uJj9OgotYeEJ,uJj9OgotYeEJ,True,0.9999793762826922,0.9998943096230157,8.506665967644711e-05,0.15000000000000002,True,correct
DBLP,0.8,43,inner,SRSWOR_65_35,585,journals/tods/ShashaLSV95,True,1,0aVKzjogLlAJ,0aVKzjogLlAJ,True,0.9999847945662731,9.65817576468347e-06,0.9999751363905084,0.15000000000000002,True,correct
DBLP,0.8,43,inner,SRSWOR_65_35,586,conf/sigmod/Weininger02,True,1,iXkSngvyu08J,iXkSngvyu08J,True,0.9999708364880515,1.2199968604911945e-05,0.9999586365194466,0.15000000000000002,True,correct
DBLP,0.8,43,inner,SRSWOR_65_35,587,conf/vldb/BaulierBKS98,True,1,dNK16sHm9eUJ,dNK16sHm9eUJ,True,0.999989683908777,8.350256852650809e-05,0.9999061813402504,0.15000000000000002,True,correct
DBLP,0.8,43,inner,SRSWOR_65_35,588,conf/sigmod/OlstonWACELSS98,True,1,UTYa5uf9zSIJ,UTYa5uf9zSIJ,True,0.9999700359291357,1.5069361578031025e-05,0.9999549665675577,0.15000000000000002,True,correct
DBLP,0.8,43,inner,SRSWOR_65_35,589,conf/sigmod/Lomet00,True,1,FiPJDs_jm54J,FiPJDs_jm54J,True,0.999986517990274,4.827920850101373e-06,0.999981690069424,0.15000000000000002,True,correct
DBLP,0.8,43,inner,SRSWOR_65_35,590,journals/sigmod/HanBP01,True,2,FT5pSUb-uTYJ,-OEJgpIAScMJ,True,0.9999823373942418,0.999939038080492,4.329931374980056e-05,0.15000000000000002,True,correct
DBLP,0.8,43,inner,SRSWOR_65_35,591,conf/vldb/Ioannidis03,True,1,jELnwotIy9kJ,jELnwotIy9kJ,True,0.9999722534571099,1.9012140816294264e-05,0.9999532413162936,0.15000000000000002,True,correct
DBLP,0.8,43,inner,SRSWOR_65_35,592,conf/vldb/LevyRO96,True,9,3v8fGnfTuVMJ,e_vUPQi8-xIJ,True,0.9999887699797966,0.9999848219336475,3.948046149115925e-06,0.15000000000000002,True,correct
DBLP,0.8,43,inner,SRSWOR_65_35,593,conf/vldb/Keogh02,True,1,rKIsQpbRiM0J,rKIsQpbRiM0J,True,0.9998781064348542,9.66622924187916e-06,0.9998684402056123,0.15000000000000002,True,correct
DBLP,0.8,43,inner,SRSWOR_65_35,594,journals/sigmod/Snodgrass03c,True,1,url:http://portal.acm.org/ft_gateway.cfm%3Fid%3D959062%26type%3Dpdf%26dl%3DGUIDE%26dl%3DACM%26CFID%3D11111111%26CFTOKEN%3D2222222,url:http://portal.acm.org/ft_gateway.cfm%3Fid%3D959062%26type%3Dpdf%26dl%3DGUIDE%26dl%3DACM%26CFID%3D11111111%26CFTOKEN%3D2222222,True,0.9999846186183075,0.00022332840071659282,0.9997612902175909,0.15000000000000002,True,correct
DBLP,0.8,43,inner,SRSWOR_65_35,595,conf/sigmod/WuAA01,True,2,Mj5XfzB2Rt8J,QKlyEeIFW24J,True,0.9996343507379286,0.9892176350398888,0.010416715698039813,0.15000000000000002,True,correct
DBLP,0.8,43,inner,SRSWOR_65_35,596,journals/sigmod/Liu03a,False,0,,url:http://portal.acm.org/ft_gateway.cfm%3Fid%3D945727%26type%3Dpdf%26dl%3DGUIDE%26dl%3DACM%26CFID%3D11111111%26CFTOKEN%3D2222222,False,0.00014495578805260185,0.00010500826711386425,3.99475209387376e-05,0.15000000000000002,False,unmatched_abstention
DBLP,0.8,43,inner,SRSWOR_65_35,597,conf/sigmod/Keim99,True,1,GBZiTCbChZQJ,GBZiTCbChZQJ,True,0.9999871430953468,0.9999015858712432,8.55572241035274e-05,0.15000000000000002,True,correct
DBLP,0.8,43,inner,SRSWOR_65_35,598,conf/vldb/Kuhn03,False,0,,MyW5sLwDtogJ,False,0.9999150733087682,5.648499197251787e-06,0.9999094248095709,0.15000000000000002,True,false_link
DBLP,0.8,43,inner,SRSWOR_65_35,599,conf/sigmod/TrisoliniLN99,True,1,cFMtMf7bLzIJ,cFMtMf7bLzIJ,True,0.9999859602512017,7.802824690976948e-05,0.999907932004292,0.15000000000000002,True,correct
DBLP,0.8,43,inner,SRSWOR_65_35,600,conf/vldb/WangZL03,True,1,tbuNzuDUSFYJ,tbuNzuDUSFYJ,True,0.9999838313800525,4.301675580939438e-05,0.9999408146242431,0.15000000000000002,True,correct
DBLP,0.8,43,inner,SRSWOR_65_35,601,conf/sigmod/AgrawalK03,True,1,ewoQO00BuFoJ,ewoQO00BuFoJ,True,0.9999810817268256,0.5196931192040934,0.4802879625227322,0.15000000000000002,True,correct
DBLP,0.8,43,inner,SRSWOR_65_35,602,conf/vldb/GyssensL97,True,8,5ZEYqz95ZRAJ,7jSBx3h3cvUJ,True,0.9999806021222037,0.9999714035725317,9.198549672073675e-06,0.15000000000000002,True,correct
DBLP,0.8,43,inner,SRSWOR_65_35,603,journals/sigmod/PissinouSEMOPSTD94,True,3,F7AdjoH_uTcJ,fSKoYnVJbwwJ,True,0.9999814744351482,0.9999595871571446,2.1887278003562827e-05,0.15000000000000002,True,correct
DBLP,0.8,43,inner,SRSWOR_65_35,604,conf/sigmod/HillyerS96,True,2,V-pwJ8K5ZTEJ,V-pwJ8K5ZTEJ,True,0.9999865031190707,0.9999650901879493,2.1412931121345125e-05,0.15000000000000002,True,correct
DBLP,0.8,43,inner,SRSWOR_65_35,605,conf/sigmod/Vaskevitch94,True,1,cr7xWKidCnYJ,cr7xWKidCnYJ,True,0.9999834787422767,5.046797666052197e-06,0.9999784319446107,0.15000000000000002,True,correct
DBLP,0.8,43,inner,SRSWOR_65_35,606,journals/sigmod/YauLMS99,True,2,bhVBJw9Rp3QJ,vWwVQvcIrbEJ,True,0.9999831473995572,0.9998440821782536,0.00013906522130358034,0.15000000000000002,True,correct
DBLP,0.8,43,inner,SRSWOR_65_35,607,conf/vldb/PetrovicBJ03,True,1,nIuz3dc8yHMJ,nIuz3dc8yHMJ,True,0.9999847490818395,1.3137891157656129e-05,0.9999716111906819,0.15000000000000002,True,correct
DBLP,0.8,43,inner,SRSWOR_65_35,608,conf/sigmod/Galhardas00,True,2,GxDfgCi-rq4J,GxDfgCi-rq4J,True,0.9999757269271049,0.9998533449993615,0.00012238192774338685,0.15000000000000002,True,correct
DBLP,0.8,43,inner,SRSWOR_65_35,609,conf/vldb/HoskingC99,True,1,8Pt19BiLeHEJ,8Pt19BiLeHEJ,True,0.9999873627440503,0.7867425337436035,0.21324482900044683,0.15000000000000002,True,correct
DBLP,0.8,43,inner,SRSWOR_65_35,610,conf/sigmod/Bernstein96,True,1,EvuLCpyVqWgJ,EvuLCpyVqWgJ,True,0.9994894837516651,0.0004377590056617436,0.9990517247460033,0.15000000000000002,True,correct
DBLP,0.8,43,inner,SRSWOR_65_35,611,conf/sigmod/RamakrishnanD98,True,2,LSNo-7ii1vEJ,LSNo-7ii1vEJ,True,0.9999745377486267,0.9946833988192467,0.005291138929379935,0.15000000000000002,True,correct
DBLP,0.8,43,inner,SRSWOR_65_35,612,journals/sigmod/Ozsoyoglu99,False,0,,url:http://portal.acm.org/ft_gateway.cfm%3Fid%3D601859%26type%3Dpdf%26dl%3DGUIDE%26dl%3DACM%26CFID%3D11111111%26CFTOKEN%3D2222222,False,0.00032877384060615194,0.00010436021035551823,0.0002244136302506337,0.15000000000000002,False,unmatched_abstention
DBLP,0.8,43,inner,SRSWOR_65_35,613,journals/sigmod/Hanson99,False,0,,url:http://portal.acm.org/citation.cfm%3Fid%3D984488.984489%26coll%3DGUIDE%26dl%3DACM%26idx%3DJ689%26part%3Dperiodical%26WantType%3Dperiodical%26title%3DACM%2520SIGMOD%2520Record%26CFID%3D11111111%26CFTOKEN%3D2222222,False,2.6682981725389743e-05,1.4474640767631345e-05,1.2208340957758398e-05,0.15000000000000002,False,unmatched_abstention
DBLP,0.8,43,inner,SRSWOR_65_35,614,journals/sigmod/TatarinovIMHSDDKMM03,True,2,0JPhnHlRGOoJ,0JPhnHlRGOoJ,True,0.9999803261721653,0.9999414663700753,3.885980208995221e-05,0.15000000000000002,True,correct
DBLP,0.8,43,inner,SRSWOR_65_35,615,conf/vldb/MiloZ98,True,3,a7XtgKiAJFMJ,Nd7-CTB1lRgJ,True,0.9999917305340458,0.9999891558638718,2.5746701739493005e-06,0.15000000000000002,True,correct
DBLP,0.8,43,inner,SRSWOR_65_35,616,journals/sigmod/KantM00,True,1,url:http://portal.acm.org/citation.cfm%3Fid%3D362084.362091%26dl%3DGUIDE%26dl%3DACM%26idx%3DJ689%26part%3Dperiodical%26WantType%3Dperiodical%26title%3DACM%2520SIGMOD%2520Record%26CFID%3D11111111%26CFTOKEN%3D2222222,url:http://portal.acm.org/citation.cfm%3Fid%3D362084.362091%26dl%3DGUIDE%26dl%3DACM%26idx%3DJ689%26part%3Dperiodical%26WantType%3Dperiodical%26title%3DACM%2520SIGMOD%2520Record%26CFID%3D11111111%26CFTOKEN%3D2222222,True,0.9663156587551794,6.774223500792596e-06,0.9663088845316786,0.15000000000000002,True,correct
DBLP,0.8,43,inner,SRSWOR_65_35,617,conf/sigmod/DeshpandeNGS03,True,2,aBiqHXGXoJEJ,fU6zoUKeXe8J,True,0.999978237034138,0.9999222996467931,5.593738734488429e-05,0.15000000000000002,True,correct
DBLP,0.8,43,inner,SRSWOR_65_35,618,conf/vldb/BalminPP00,True,1,FoAVdcYe0tsJ,FoAVdcYe0tsJ,True,0.9999881085924173,0.960503825235969,0.03948428335644827,0.15000000000000002,True,correct
DBLP,0.8,43,inner,SRSWOR_65_35,619,conf/sigmod/ReveszCKLLW00,True,2,bx_A3QEqKhEJ,qxShx7aNiuEJ,True,0.999982530059469,0.9999700841251178,1.2445934351235088e-05,0.15000000000000002,True,correct
DBLP,0.8,43,inner,SRSWOR_65_35,620,conf/vldb/AcharyaFZ96,True,6,4AK08s31YqUJ,ccEW59Ac84MJ,True,0.9999874656657587,0.9999835624127127,3.903253046000366e-06,0.15000000000000002,True,correct
DBLP,0.8,43,inner,SRSWOR_65_35,621,journals/sigmod/Bestavros96,True,1,Q2y53UR0g6oJ,Q2y53UR0g6oJ,True,0.9996276838457346,0.024293830807652014,0.9753338530380826,0.15000000000000002,True,correct
DBLP,0.8,43,inner,SRSWOR_65_35,622,journals/sigmod/WinslettCDHZZ02,True,1,url:http://portal.acm.org/ft_gateway.cfm%3Fid%3D601881%26type%3Dpdf%26dl%3DGUIDE%26dl%3DACM%26CFID%3D11111111%26CFTOKEN%3D2222222,url:http://portal.acm.org/ft_gateway.cfm%3Fid%3D601881%26type%3Dpdf%26dl%3DGUIDE%26dl%3DACM%26CFID%3D11111111%26CFTOKEN%3D2222222,True,0.9999824863547956,3.4450246011714035e-05,0.9999480361087839,0.15000000000000002,True,correct
DBLP,0.8,43,inner,SRSWOR_65_35,623,conf/sigmod/CherniackZ96,True,3,aQc379dSLlIJ,ZsHfcZJwFQQJ,True,0.9999866679148312,0.9999578990624088,2.8768852422311753e-05,0.15000000000000002,True,correct
DBLP,0.8,43,inner,SRSWOR_65_35,624,conf/vldb/AnandBH94,True,1,-UpQkB1uPLMJ,-UpQkB1uPLMJ,True,0.9999736667542142,5.159358711161257e-06,0.999968507395503,0.15000000000000002,True,correct
DBLP,0.8,43,inner,SRSWOR_65_35,625,journals/sigmod/SalgadoE03,False,0,,url:http://portal.acm.org/ft_gateway.cfm%3Fid%3D310062%26type%3Dpdf%26dl%3DGUIDE%26dl%3DACM%26CFID%3D11111111%26CFTOKEN%3D2222222,False,0.2767466239849755,0.00011031686924968146,0.27663630711572584,0.15000000000000002,True,false_link
DBLP,0.8,43,inner,SRSWOR_65_35,626,journals/sigmod/VenkatraoP95,True,1,qk3LVAuS2SUJ,qk3LVAuS2SUJ,True,0.9999775180001687,5.944075141782863e-06,0.9999715739250269,0.15000000000000002,True,correct
DBLP,0.8,43,inner,SRSWOR_65_35,627,conf/sigmod/LabrinidisR00,True,1,DKUouEkK_b4J,DKUouEkK_b4J,True,0.9999609396994062,0.9997506897591408,0.00021024994026541677,0.15000000000000002,True,correct
DBLP,0.8,43,inner,SRSWOR_65_35,628,conf/vldb/RisheYACLMVSV00,True,2,0WYMHga_bt4J,0WYMHga_bt4J,True,0.9999790089977115,0.9998583713860671,0.0001206376116443808,0.15000000000000002,True,correct
DBLP,0.8,43,inner,SRSWOR_65_35,629,conf/sigmod/Nori00,True,1,url:http://portal.acm.org/citation.cfm%3Fid%3D342009.335474,url:http://portal.acm.org/citation.cfm%3Fid%3D342009.335474,True,0.8685982147716111,7.658542516437363e-06,0.8685905562290948,0.15000000000000002,True,correct
DBLP,0.8,43,inner,SRSWOR_65_35,630,conf/vldb/YanG95,True,2,baVAtfo4WCoJ,lr_Kq9SZLY8J,True,0.9999870655312963,0.9999840489806481,3.0165506482715543e-06,0.15000000000000002,True,correct
DBLP,0.8,43,inner,SRSWOR_65_35,631,conf/vldb/AmmannJR95,True,1,x-H7BqZ0Hw8J,x-H7BqZ0Hw8J,True,0.9999905335770222,0.9882787542813974,0.011711779295624725,0.15000000000000002,True,correct
DBLP,0.8,43,inner,SRSWOR_65_35,632,journals/sigmod/WuY00,True,1,url:http://portal.acm.org/ft_gateway.cfm%3Fid%3D362096%26type%3Dpdf%26dl%3DGUIDE%26dl%3DACM%26CFID%3D11111111%26CFTOKEN%3D2222222,url:http://portal.acm.org/ft_gateway.cfm%3Fid%3D362096%26type%3Dpdf%26dl%3DGUIDE%26dl%3DACM%26CFID%3D11111111%26CFTOKEN%3D2222222,True,0.9999749805940972,2.4582715007240057e-05,0.9999503978790899,0.15000000000000002,True,correct
DBLP,0.8,43,inner,SRSWOR_65_35,633,journals/sigmod/FowlerPNB99,True,6,2cbB8em2uAIJ,OewAZ4AUDOQJ,True,0.9999869390743326,0.9999869096083097,2.9466022843926964e-08,0.15000000000000002,True,correct
DBLP,0.8,43,inner,SRSWOR_65_35,634,conf/sigmod/Team99,True,2,bcR9TErOrKQJ,DphRY0uPqi8J,True,0.99998992184041,0.999987347043025,2.5747973849687966e-06,0.15000000000000002,True,correct
DBLP,0.8,43,inner,SRSWOR_65_35,635,conf/vldb/HerlekarDRGS02,False,0,,9jNw_wKmZgUJ,False,4.9957274198464535e-06,4.763480995231796e-06,2.3224642461465785e-07,0.15000000000000002,False,unmatched_abstention
DBLP,0.8,43,inner,SRSWOR_65_35,636,conf/vldb/BrownCC94,True,3,E-1nAx7gc-8J,oayI0FKl-nQJ,True,0.9999824194023611,0.9999769167703816,5.502631979514838e-06,0.15000000000000002,True,correct
DBLP,0.8,43,inner,SRSWOR_65_35,637,conf/vldb/JagadishLS99,True,2,5d1R2mD-7MkJ,5d1R2mD-7MkJ,True,0.9999729776397697,0.9966238802123275,0.0033490974274421603,0.15000000000000002,True,correct
DBLP,0.8,43,inner,SRSWOR_65_35,638,journals/sigmod/MeltonE02,True,2,6uelfg3RgEoJ,6uelfg3RgEoJ,True,0.999988449206257,0.5336676752170778,0.46632077398917915,0.15000000000000002,True,correct
DBLP,0.8,43,inner,SRSWOR_65_35,639,conf/vldb/LiM01,True,3,9vDm1Q41J8oJ,vkMYwC5tzUgJ,True,0.9999839948260673,0.9999603973808706,2.359744519664364e-05,0.15000000000000002,True,correct
DBLP,0.8,43,inner,SRSWOR_65_35,640,conf/vldb/TatbulCZCS03,True,3,F42wOOy-KR0J,TAsynkdIAfwJ,True,0.9999884943696867,0.9999683518682029,2.0142501483855213e-05,0.15000000000000002,True,correct
DBLP,0.8,43,inner,SRSWOR_65_35,641,conf/vldb/AnkerstBKS98,True,1,DbLGmJX7UJ8J,DbLGmJX7UJ8J,True,0.9999899406607382,7.61210090428229e-06,0.9999823285598339,0.15000000000000002,True,correct
DBLP,0.8,43,inner,SRSWOR_65_35,642,journals/sigmod/Hammer03,True,1,url:http://portal.acm.org/ft_gateway.cfm%3Fid%3D601859%26type%3Dpdf%26dl%3DGUIDE%26dl%3DACM%26CFID%3D11111111%26CFTOKEN%3D2222222,url:http://portal.acm.org/ft_gateway.cfm%3Fid%3D601859%26type%3Dpdf%26dl%3DGUIDE%26dl%3DACM%26CFID%3D11111111%26CFTOKEN%3D2222222,True,0.9939068027648469,0.0001522092672347525,0.9937545934976121,0.15000000000000002,True,correct
DBLP,0.8,43,inner,SRSWOR_65_35,643,conf/vldb/ChaudhuriGS95,True,2,77Sb5mlyASgJ,77Sb5mlyASgJ,True,0.9999866131311022,0.7467647648039915,0.2532218483271107,0.15000000000000002,True,correct
DBLP,0.8,43,inner,SRSWOR_65_35,644,journals/sigmod/Stonebraker02,True,1,0HMk-YUh4i8J,0HMk-YUh4i8J,True,0.9999812618743088,1.494640428539381e-05,0.9999663154700235,0.15000000000000002,True,correct
DBLP,0.8,43,inner,SRSWOR_65_35,645,journals/tods/KorthS94,True,1,w40iTKlpWEQJ,w40iTKlpWEQJ,True,0.9999884647057685,4.6892112806028195e-05,0.9999415725929625,0.15000000000000002,True,correct
DBLP,0.8,43,inner,SRSWOR_65_35,646,conf/sigmod/GeorgeH97,True,3,Ah9B3bWU0jEJ,Ah9B3bWU0jEJ,True,0.9999879238201005,0.9999413639648327,4.65598552678026e-05,0.15000000000000002,True,correct
DBLP,0.8,43,inner,SRSWOR_65_35,647,conf/vldb/ZhouR03,True,1,MvbChqWgFawJ,MvbChqWgFawJ,True,0.999983850103711,5.498149266891041e-06,0.9999783519544442,0.15000000000000002,True,correct
DBLP,0.8,43,inner,SRSWOR_65_35,648,journals/tods/KrishnakumarB94,True,1,8ZjEDOBUd_QJ,8ZjEDOBUd_QJ,True,0.9999868795377853,3.457175373524916e-05,0.9999523077840501,0.15000000000000002,True,correct
DBLP,0.8,43,inner,SRSWOR_65_35,649,journals/sigmod/JukicNV03,True,1,eR43Urfx-hcJ,eR43Urfx-hcJ,True,0.9999840930188548,6.056041301309482e-06,0.9999780369775535,0.15000000000000002,True,correct
DBLP,0.8,43,inner,SRSWOR_65_35,650,conf/sigmod/JagadishLMSV99,True,1,946iAs3adDcJ,946iAs3adDcJ,True,0.9999628363722902,2.799582841828208e-05,0.9999348405438719,0.15000000000000002,True,correct
DBLP,0.8,43,inner,SRSWOR_65_35,651,conf/sigmod/CruzALRZ97,True,3,uh2lQGa6hQUJ,url:http://www.csa.com/partners/viewrecord.php%3Frequester%3Dgs%26collection%3DTRD%26recid%3D0294187CI,True,0.999974349648189,0.9999235744750924,5.0775173096595516e-05,0.15000000000000002,True,correct
DBLP,0.8,43,inner,SRSWOR_65_35,652,journals/sigmod/RosenthalSMBTL95,True,1,-_FyboGgZkkJ,-_FyboGgZkkJ,True,0.9999848718903355,7.470283276376865e-05,0.9999101690575717,0.15000000000000002,True,correct
DBLP,0.8,43,inner,SRSWOR_65_35,653,journals/tods/BaralisCP96,True,2,6Njy0-27w5cJ,6Njy0-27w5cJ,True,0.9999876219320999,0.9999751655598635,1.245637223634688e-05,0.15000000000000002,True,correct
DBLP,0.8,43,inner,SRSWOR_65_35,654,conf/vldb/FaloutsosJS97,True,4,C1Wu3OVlJCsJ,u_9qWSpjaO4J,True,0.9999872484018081,0.9999782422013525,9.006200455630164e-06,0.15000000000000002,True,correct
DBLP,0.8,43,inner,SRSWOR_65_35,655,journals/vldb/AbiteboulCM98,True,3,rZcRXL6ueUMJ,WzT3S2G1FjcJ,True,0.9999877796071335,0.9999690118014989,1.8767805634589685e-05,0.15000000000000002,True,correct
DBLP,0.8,43,inner,SRSWOR_65_35,656,conf/vldb/MehtaD95,True,3,7c5g0Tl1lO0J,xkvXoYlg2-cJ,True,0.9999853205370568,0.9999842503358349,1.0702012218644086e-06,0.15000000000000002,True,correct
DBLP,0.8,43,inner,SRSWOR_65_35,657,journals/vldb/IshakbeyogluO98,True,1,O9A-15rmzOsJ,O9A-15rmzOsJ,True,0.9999819628067426,7.140552054258988e-06,0.9999748222546883,0.15000000000000002,True,correct
DBLP,0.8,43,inner,SRSWOR_65_35,658,conf/vldb/TsatalosSI94,True,2,--1aoAaGkgQJ,zt5Ck1PrGf0J,True,0.9999864410005057,0.999975208224308,1.1232776197744876e-05,0.15000000000000002,True,correct
DBLP,0.8,43,inner,SRSWOR_65_35,659,conf/sigmod/ChaudhuriN98a,True,3,AiXOfJPvvpUJ,JyEX0YVMP5oJ,True,0.9999790370244266,0.9999784325077146,6.045167120216632e-07,0.15000000000000002,True,correct
DBLP,0.8,43,inner,SRSWOR_65_35,660,conf/sigmod/Ramanan02,True,1,VGe-IBWyMm4J,VGe-IBWyMm4J,True,0.9999827113266859,0.9458251462807807,0.05415756504590519,0.15000000000000002,True,correct
DBLP,0.8,43,inner,SRSWOR_65_35,661,conf/vldb/CooperSFHS01,True,1,PAfEdPwJ8tgJ,PAfEdPwJ8tgJ,True,0.9999851236026542,0.012710543329809155,0.9872745802728451,0.15000000000000002,True,correct
DBLP,0.8,43,inner,SRSWOR_65_35,662,conf/vldb/DonjerkovicR99,True,3,4U31XD8P478J,Eq1w4LPv_igJ,True,0.999982870991537,0.9999767881856649,6.082805872109631e-06,0.15000000000000002,True,correct
DBLP,0.8,43,inner,SRSWOR_65_35,663,journals/sigmod/Goethals02,False,0,,BrO3XOrt66MJ,False,1.0423368770118923e-05,7.796049405231204e-06,2.627319364887719e-06,0.15000000000000002,False,unmatched_abstention
DBLP,0.8,43,inner,SRSWOR_65_35,664,journals/sigmod/GatziuJSV99,True,1,HtqrJuo7GSsJ,HtqrJuo7GSsJ,True,0.9999870596584505,0.9249386202699991,0.0750484393884514,0.15000000000000002,True,correct
DBLP,0.8,43,inner,SRSWOR_65_35,665,conf/vldb/LiPHCAAT03,True,1,eSC19V7zgtsJ,eSC19V7zgtsJ,True,0.9999738931954509,1.0764335026578803e-05,0.9999631288604244,0.15000000000000002,True,correct
DBLP,0.8,43,inner,SRSWOR_65_35,666,journals/sigmod/ArenasKKKMM03,True,2,biVrK7MrU4QJ,biVrK7MrU4QJ,True,0.9999763752387748,0.9998197715668783,0.0001566036718965158,0.15000000000000002,True,correct
DBLP,0.8,43,inner,SRSWOR_65_35,667,journals/sigmod/OoiST03,True,1,gpjVvUtM6H8J,gpjVvUtM6H8J,True,0.9999874929617478,8.54488737614586e-06,0.9999789480743717,0.15000000000000002,True,correct
DBLP,0.8,43,inner,SRSWOR_65_35,668,conf/vldb/TheodoratosS97,True,2,CVUC4Rc5JU8J,CVUC4Rc5JU8J,True,0.9999762060680397,0.9995791254006301,0.00039708066740962167,0.15000000000000002,True,correct
DBLP,0.8,43,inner,SRSWOR_65_35,669,conf/vldb/ShivakumarGC98,True,1,GHz2PmQwW2UJ,GHz2PmQwW2UJ,True,0.9999857835225475,5.818543286142738e-06,0.9999799649792613,0.15000000000000002,True,correct
DBLP,0.8,43,inner,SRSWOR_65_35,670,journals/vldb/LiR99,True,2,Ko9e8CH2Si4J,nu5nhxl6WXQJ,True,0.9999878878116868,0.9999724976118564,1.5390199830433993e-05,0.15000000000000002,True,correct
DBLP,0.8,43,inner,SRSWOR_65_35,671,journals/tods/CaldersNW02,True,1,DSl0gT8EgR0J,DSl0gT8EgR0J,True,0.9999888814247763,8.034098651345176e-06,0.9999808473261249,0.15000000000000002,True,correct
DBLP,0.8,43,inner,SRSWOR_65_35,672,journals/vldb/AlbanoGO95,True,2,_tswCGHoswMJ,_tswCGHoswMJ,True,0.9999872238622215,0.9987207778080576,0.0012664460541639277,0.15000000000000002,True,correct
DBLP,0.8,43,inner,SRSWOR_65_35,673,journals/sigmod/BoucelmaCGJLL02,True,1,I9JXY0-R4GgJ,I9JXY0-R4GgJ,True,0.9999841720539235,8.811396595173678e-06,0.9999753606573284,0.15000000000000002,True,correct
DBLP,0.8,43,inner,SRSWOR_65_35,674,conf/vldb/LohmanL02,True,1,jC-TppzLPuEJ,jC-TppzLPuEJ,True,0.9999792188728333,2.4055811275387112e-05,0.9999551630615579,0.15000000000000002,True,correct
DBLP,0.8,43,inner,SRSWOR_65_35,675,journals/sigmod/ChangASS98,True,2,CPzROuDNZqgJ,CPzROuDNZqgJ,True,0.9999891197424708,0.9999797694635185,9.350278952324764e-06,0.15000000000000002,True,correct
DBLP,0.8,43,inner,SRSWOR_65_35,676,conf/vldb/HeMYW03,True,1,cBe5X4EKjIEJ,cBe5X4EKjIEJ,True,0.9999854910020431,0.7021925565147229,0.29779293448732025,0.15000000000000002,True,correct
DBLP,0.8,43,inner,SRSWOR_65_35,677,conf/vldb/SahuguetA99,True,5,Mi0eqxwTUwEJ,pK5bydjeZFIJ,True,0.9999894411051409,0.9999880079195703,1.433185570554052e-06,0.15000000000000002,True,correct
DBLP,0.8,43,inner,SRSWOR_65_35,678,journals/sigmod/Halevy00,True,1,czgyMu7SHcgJ,czgyMu7SHcgJ,True,0.9999697162810256,0.00015424729047225217,0.9998154689905534,0.15000000000000002,True,correct
DBLP,0.8,43,inner,SRSWOR_65_35,679,journals/sigmod/KuoM96,True,1,vmwgqLkw0NUJ,vmwgqLkw0NUJ,True,0.9999806690096325,1.760782971424246e-05,0.9999630611799182,0.15000000000000002,True,correct
DBLP,0.8,43,inner,SRSWOR_65_35,680,journals/vldb/Antoshenkov97,True,1,gleX-n_dgkcJ,gleX-n_dgkcJ,True,0.9999827687559053,0.9945926999074165,0.005390068848488805,0.15000000000000002,True,correct
DBLP,0.8,43,inner,SRSWOR_65_35,681,conf/sigmod/SwamiS94,True,1,S6TmnZKgmxwJ,S6TmnZKgmxwJ,True,0.9999762986261658,7.5369833909973645e-06,0.9999687616427748,0.15000000000000002,True,correct
DBLP,0.8,43,inner,SRSWOR_65_35,682,conf/sigmod/TheodoulidisAACKS94,True,2,JFOg1ntEUvMJ,srDgEOADv7cJ,True,0.9999794612299567,0.9999549975244728,2.4463705483923626e-05,0.15000000000000002,True,correct
DBLP,0.8,43,inner,SRSWOR_65_35,683,conf/sigmod/IlyasRLGL03,True,1,qCnvlNwYp6cJ,qCnvlNwYp6cJ,True,0.999864676655725,5.3401007585591285e-06,0.9998593365549664,0.15000000000000002,True,correct
DBLP,0.8,43,inner,SRSWOR_65_35,684,conf/sigmod/Greer99,True,1,oNPjyBZrURgJ,oNPjyBZrURgJ,True,0.9999869169592073,0.00023863725306606394,0.9997482797061412,0.15000000000000002,True,correct
DBLP,0.8,43,inner,SRSWOR_65_35,685,conf/vldb/HaasKWY97,True,10,6TrmUUoylzIJ,U09WdB3GIK4J,True,0.9999864015044764,0.9999818929031741,4.508601302299908e-06,0.15000000000000002,True,correct
DBLP,0.8,43,inner,SRSWOR_65_35,686,journals/sigmod/MeltzerC98,True,2,77mq-gn4LiAJ,77mq-gn4LiAJ,True,0.9999871408390988,0.8415391770318317,0.1584479638072671,0.15000000000000002,True,correct
DBLP,0.8,43,inner,SRSWOR_65_35,687,journals/sigmod/Colliat96,True,3,3FAQV305QD0J,FP-ribG9oVsJ,True,0.9999827827673087,0.9998199678824505,0.00016281488485814233,0.15000000000000002,True,correct
DBLP,0.8,43,inner,SRSWOR_65_35,688,conf/sigmod/Sarawagi00,True,2,H_bdYlpD79oJ,-cYYeoF2GwMJ,True,0.9998968806736092,0.9927717680378162,0.007125112635792963,0.15000000000000002,True,correct
DBLP,0.8,43,inner,SRSWOR_65_35,689,journals/tods/BohlenJS00,True,1,6eheB6Kct4MJ,6eheB6Kct4MJ,True,0.9999260163102429,2.090023657170347e-05,0.9999051160736712,0.15000000000000002,True,correct
DBLP,0.8,43,inner,SRSWOR_65_35,690,conf/vldb/LubbersGJ03,True,1,T3nGiiT3tbsJ,T3nGiiT3tbsJ,True,0.9999839507762152,6.060276190604981e-06,0.9999778905000245,0.15000000000000002,True,correct
DBLP,0.8,43,inner,SRSWOR_65_35,691,conf/sigmod/HullZ96,True,2,H1E3GuQcoUAJ,H1E3GuQcoUAJ,True,0.9999893197791057,0.9990434445543894,0.0009458752247162305,0.15000000000000002,True,correct
DBLP,0.8,43,inner,SRSWOR_65_35,692,conf/vldb/BaumannDFRW99,True,2,lmKF8hAYUkMJ,OV-zNC5uzHUJ,True,0.9999902183183292,0.9998503607746183,0.00013985754371093062,0.15000000000000002,True,correct
DBLP,0.8,43,inner,SRSWOR_65_35,693,journals/vldb/AmielBDS96,True,1,RtYWYRjBUmEJ,RtYWYRjBUmEJ,True,0.9999847962917716,1.5121013210291063e-05,0.9999696752785613,0.15000000000000002,True,correct
DBLP,0.8,43,inner,SRSWOR_65_35,694,conf/sigmod/Suciu99,True,1,FOpGGQJyLLsJ,FOpGGQJyLLsJ,True,0.9605593042151018,0.0003617374441797657,0.960197566770922,0.15000000000000002,True,correct
DBLP,0.8,43,inner,SRSWOR_65_35,695,conf/sigmod/BabcockCD03,True,1,mbhZ3gSR3NMJ,mbhZ3gSR3NMJ,True,0.9999864700633764,6.293184606373811e-06,0.99998017687877,0.15000000000000002,True,correct
DBLP,0.8,43,inner,SRSWOR_65_35,696,conf/vldb/JonscherD94,True,3,1R21hO7j9sQJ,1R21hO7j9sQJ,True,0.9999864601631715,0.9999609953103128,2.5464852858703146e-05,0.15000000000000002,True,correct
DBLP,0.8,43,inner,SRSWOR_65_35,697,conf/vldb/CosleyLP02,True,2,22ZTae8fNuIJ,BTalXWt3faUJ,True,0.9999865009822401,0.9962478745184722,0.00373862646376788,0.15000000000000002,True,correct
DBLP,0.8,43,inner,SRSWOR_65_35,698,journals/sigmod/DreyerDS94,True,1,GCf11c7YuucJ,GCf11c7YuucJ,True,0.9999852104846791,0.0001962329766802534,0.9997889775079989,0.15000000000000002,True,correct
DBLP,0.8,43,inner,SRSWOR_65_35,699,conf/vldb/PapadiasT01,True,2,2V2bnIgsY1kJ,2V2bnIgsY1kJ,True,0.999983550118253,0.9999772669179743,6.283200278733858e-06,0.15000000000000002,True,correct
DBLP,0.8,43,inner,SRSWOR_65_35,700,conf/vldb/IlyasAE03,True,1,Y385z1Dxp84J,Y385z1Dxp84J,True,0.9999820324404488,2.2913954097739784e-05,0.9999591184863511,0.15000000000000002,True,correct
DBLP,0.8,43,inner,SRSWOR_65_35,701,conf/vldb/HardingLM03,False,0,,L9b9MvkOnWcJ,False,5.635564167556011e-06,5.487881772551576e-06,1.4768239500443513e-07,0.15000000000000002,False,unmatched_abstention
DBLP,0.8,43,inner,SRSWOR_65_35,702,journals/tods/ChenHM95,True,1,pO6SFdVGt5QJ,pO6SFdVGt5QJ,True,0.9999854058235845,7.848289797561568e-06,0.9999775575337869,0.15000000000000002,True,correct
DBLP,0.8,43,inner,SRSWOR_65_35,703,conf/sigmod/BonnetBCCCHKMMOSS99,False,0,,BF5T0HCMDzYJ,False,4.7970472525886115e-06,4.765352991561831e-06,3.1694261026780945e-08,0.15000000000000002,False,unmatched_abstention
DBLP,0.8,43,inner,SRSWOR_65_35,704,conf/sigmod/BrunoC02,True,2,Gz0uaD8l3T4J,KAf2DUUVabIJ,True,0.999985581679694,0.03697160340975165,0.9630139782699423,0.15000000000000002,True,correct
DBLP,0.8,43,inner,SRSWOR_65_35,705,conf/sigmod/ChungMS02,True,5,2y_G8dmz1QkJ,mEfTTKdu6soJ,True,0.9999810326082527,0.99997718373381,3.848874442713424e-06,0.15000000000000002,True,correct
DBLP,0.8,43,inner,SRSWOR_65_35,706,conf/vldb/BenediktCFRZZ02,True,1,7xe6Gp9fIEEJ,7xe6Gp9fIEEJ,True,0.9999770792489382,6.896129022372757e-06,0.9999701831199158,0.15000000000000002,True,correct
DBLP,0.8,43,inner,SRSWOR_65_35,707,journals/sigmod/Konig-RiesL97,True,2,3fQBks2g-BMJ,3fQBks2g-BMJ,True,0.9999754258871885,0.9999394643930877,3.596149410078908e-05,0.15000000000000002,True,correct
DBLP,0.8,43,inner,SRSWOR_65_35,708,conf/vldb/GarciaLL98,True,2,5MO7a6e0-GQJ,5MO7a6e0-GQJ,True,0.9999847384899951,0.9999811605659552,3.577924039932512e-06,0.15000000000000002,True,correct
DBLP,0.8,43,inner,SRSWOR_65_35,709,conf/sigmod/HacigumusILM02,True,2,NMgExE-JRD0J,NMgExE-JRD0J,True,0.9999882908168158,0.9992930017505329,0.0006952890662829114,0.15000000000000002,True,correct
DBLP,0.8,43,inner,SRSWOR_65_35,710,conf/sigmod/DasuJMS02,True,3,POt1WbTBB4cJ,POt1WbTBB4cJ,True,0.9999476524214813,0.9999417998268268,5.852594654465193e-06,0.15000000000000002,True,correct
DBLP,0.8,43,inner,SRSWOR_65_35,711,journals/sigmod/ChongFTSYKDJJ03,True,1,url:http://portal.acm.org/ft_gateway.cfm%3Fid%3D777000%26type%3Dpdf%26coll%3DGUIDE%26dl%3DACM%26CFID%3D11111111%26CFTOKEN%3D2222222,url:http://portal.acm.org/ft_gateway.cfm%3Fid%3D777000%26type%3Dpdf%26coll%3DGUIDE%26dl%3DACM%26CFID%3D11111111%26CFTOKEN%3D2222222,True,0.9999090223546754,5.347964563225453e-06,0.9999036743901122,0.15000000000000002,True,correct
DBLP,0.8,43,inner,SRSWOR_65_35,712,conf/vldb/TaoP02,True,1,7ZyV9ivZySQJ,7ZyV9ivZySQJ,True,0.9999727800911976,2.0722706654437124e-05,0.9999520573845432,0.15000000000000002,True,correct
DBLP,0.8,43,inner,SRSWOR_65_35,713,journals/sigmod/FrankGGJKLMNPSSSTW99,True,5,5PisY7JvbzQJ,ixz5LdVw9_8J,True,0.9999769698934754,0.9999750967830048,1.8731104706182222e-06,0.15000000000000002,True,correct
DBLP,0.8,43,inner,SRSWOR_65_35,714,conf/sigmod/TatarinovVBSSZ02,True,2,0HlMHEPJRH4J,0HlMHEPJRH4J,True,0.9999877288999803,0.9999863224799964,1.4064199839181057e-06,0.15000000000000002,True,correct
DBLP,0.8,43,inner,SRSWOR_65_35,715,conf/vldb/BohannonGKNS02,True,2,9BuBq-Tj0TUJ,9BuBq-Tj0TUJ,True,0.9999885129311374,0.9999879767033805,5.362277569753715e-07,0.15000000000000002,True,correct
DBLP,0.8,43,inner,SRSWOR_65_35,716,conf/sigmod/ChenRW02,True,1,05ShsIGjnKkJ,05ShsIGjnKkJ,True,0.9999800331622993,8.131662346733672e-06,0.9999719014999526,0.15000000000000002,True,correct
DBLP,0.8,43,inner,SRSWOR_65_35,717,conf/sigmod/Gray95,False,0,,uoZUYDuROa8J,False,0.0005469819416466538,0.0001936406858553914,0.0003533412557912624,0.15000000000000002,False,unmatched_abstention
DBLP,0.8,43,inner,SRSWOR_65_35,718,conf/vldb/CasatiS00,True,2,OjOQRHgD-qwJ,OjOQRHgD-qwJ,True,0.9999872045479932,0.9999743964247103,1.2808123282859185e-05,0.15000000000000002,True,correct
DBLP,0.8,43,inner,SRSWOR_65_35,719,journals/sigmod/KoksalAD98,True,2,c2UQ3AM5_f8J,enYoi4XT7n0J,True,0.9999776975471112,0.006587696162866139,0.993390001384245,0.15000000000000002,True,correct
DBLP,0.8,43,inner,SRSWOR_65_35,720,journals/vldb/AnGSVKI02,True,1,kBzZ1GUoa1AJ,kBzZ1GUoa1AJ,True,0.9999848290969394,3.773272360236256e-05,0.999947096373337,0.15000000000000002,True,correct
DBLP,0.8,43,inner,SRSWOR_65_35,721,journals/vldb/TurkerG01,True,1,Jab63JLU3N0J,Jab63JLU3N0J,True,0.9999842889044749,2.8875204364313426e-05,0.9999554137001105,0.15000000000000002,True,correct
DBLP,0.8,43,inner,SRSWOR_65_35,722,conf/vldb/JagadishNSSK97,True,2,FzUYum7hqhQJ,ZG9yClLgWnsJ,True,0.9999850390783118,0.9999229865659455,6.205251236635068e-05,0.15000000000000002,True,correct
DBLP,0.8,43,inner,SRSWOR_65_35,723,journals/vldb/Cobb97,True,1,R6XK3NbfZrgJ,R6XK3NbfZrgJ,True,0.9997432517014087,3.5485894286133105e-05,0.9997077658071225,0.15000000000000002,True,correct
DBLP,0.8,43,inner,SRSWOR_65_35,724,conf/vldb/GarofalakisIO98,True,2,i7AX4VpJJbYJ,ReV4xpbiC6EJ,True,0.9999846836968558,0.9999774064075314,7.2772893243699954e-06,0.15000000000000002,True,correct
DBLP,0.8,43,inner,SRSWOR_65_35,725,conf/sigmod/Ozsu99,True,1,cifMTT3UYjQJ,cifMTT3UYjQJ,True,0.999960791053129,0.007414280618005571,0.9925465104351234,0.15000000000000002,True,correct
DBLP,0.8,43,inner,SRSWOR_65_35,726,conf/sigmod/BressanGOT00,True,1,url:http://portal.acm.org/ft_gateway.cfm%3Fid%3D336587%26type%3Dpdf%26dl%3DGUIDE%26dl%3DACM%26CFID%3D11111111%26CFTOKEN%3D2222222,url:http://portal.acm.org/ft_gateway.cfm%3Fid%3D336587%26type%3Dpdf%26dl%3DGUIDE%26dl%3DACM%26CFID%3D11111111%26CFTOKEN%3D2222222,True,0.9999786813723792,1.0389140667744415e-05,0.9999682922317115,0.15000000000000002,True,correct
DBLP,0.8,43,inner,SRSWOR_65_35,727,conf/sigmod/HarinarayanRU96,True,15,4OrM17Osz64J,QHUtoLECZzgJ,True,0.9999784465715843,0.9999685829617906,9.863609793714367e-06,0.15000000000000002,True,correct
DBLP,0.8,43,inner,SRSWOR_65_35,728,conf/vldb/YuPM03,True,2,sP3bZMqHmZsJ,ZEEZqsnVCyYJ,True,0.9999897443239719,7.201663668972131e-06,0.999982542660303,0.15000000000000002,True,correct
DBLP,0.8,43,inner,SRSWOR_65_35,729,conf/sigmod/SeshadriLR94,True,3,60I0j0qUHVYJ,60I0j0qUHVYJ,True,0.9999682100929944,0.9999552377671883,1.2972325806104301e-05,0.15000000000000002,True,correct
DBLP,0.8,43,inner,SRSWOR_65_35,730,conf/sigmod/Toyama98,True,1,h4OQc4N4kjIJ,h4OQc4N4kjIJ,True,0.999985167248733,1.0304646040090627e-05,0.9999748626026929,0.15000000000000002,True,correct
DBLP,0.8,43,inner,SRSWOR_65_35,731,journals/vldb/ChakrabartiDAR98,True,2,0EbuWDceVnoJ,AyDb4G2EiGwJ,True,0.9990800287341122,0.9749436003324661,0.024136428401646093,0.15000000000000002,True,correct
DBLP,0.8,43,inner,SRSWOR_65_35,732,conf/vldb/BohmMSW01,True,2,23cNr1EhPGwJ,Uv3mhmUGwdcJ,True,0.9999833233110798,0.9999698118092528,1.3511501826934946e-05,0.15000000000000002,True,correct
