dataset,fraction,seed,role,scheme,record_index,ida,has_true_match,n_valid_matches,retained_idb,top1_idb,top1_is_any_valid,top1_score,top2_score,score_gap,threshold,declared,category
DBLP,0.6,46,inner,SRSWOR_65_35,0,conf/vldb/AdityaBCHNS02,True,1,2vzhAz4Yll4J,2vzhAz4Yll4J,True,0.9999923614653504,0.9796441255600877,0.02034823590526269,0.40000000000000013,True,correct
DBLP,0.6,46,inner,SRSWOR_65_35,1,journals/tods/CaldersNW02,True,1,DSl0gT8EgR0J,DSl0gT8EgR0J,True,0.9999928989232849,1.0658934396263187e-05,0.9999822399888887,0.40000000000000013,True,correct
DBLP,0.6,46,inner,SRSWOR_65_35,2,journals/vldb/ShyyASL96,True,4,1J2ubL0l2UMJ,n8EWz5rQancJ,True,0.9999931097413954,0.9999927143423765,3.953990189708989e-07,0.40000000000000013,True,correct
DBLP,0.6,46,inner,SRSWOR_65_35,3,journals/tods/CeriFPT95,True,1,DoS7NkmUyYgJ,DoS7NkmUyYgJ,True,0.9996706319677592,0.9967688256968743,0.002901806270884877,0.40000000000000013,True,correct
DBLP,0.6,46,inner,SRSWOR_65_35,4,journals/sigmod/Rosneblatt94,True,1,D1RdxKP6_6YJ,D1RdxKP6_6YJ,True,0.999780901449802,1.4526969059117884e-05,0.9997663744807429,0.40000000000000013,True,correct
DBLP,0.6,46,inner,SRSWOR_65_35,5,conf/sigmod/PiatkoYLS96,True,1,3NMPG1vUNgwJ,3NMPG1vUNgwJ,True,0.9999933867188789,6.9478762972904255e-06,0.9999864388425816,0.40000000000000013,True,correct
DBLP,0.6,46,inner,SRSWOR_65_35,6,conf/sigmod/Adelberg98,True,6,3hsPMPTl2msJ,JrU1gnfH1sYJ,True,0.9999766940279021,0.9999762535358389,4.404920632694598e-07,0.40000000000000013,True,correct
DBLP,0.6,46,inner,SRSWOR_65_35,7,journals/vldb/NanopoulosM02,True,1,icoWjIZ_6IIJ,icoWjIZ_6IIJ,True,0.9999929023423552,1.2077976623409806e-05,0.9999808243657318,0.40000000000000013,True,correct
DBLP,0.6,46,inner,SRSWOR_65_35,8,journals/sigmod/KlasS94,True,3,bViLh5-jVsAJ,bViLh5-jVsAJ,True,0.9997120196819742,0.991255066328075,0.008456953353899177,0.40000000000000013,True,correct
DBLP,0.6,46,inner,SRSWOR_65_35,9,journals/sigmod/KennedyMB96,True,1,vBYtmDEYeK0J,vBYtmDEYeK0J,True,0.9999932230690679,1.953350267149085e-05,0.9999736895663964,0.40000000000000013,True,correct
DBLP,0.6,46,inner,SRSWOR_65_35,10,conf/sigmod/AboulnagaC99,True,2,WWaxLMIptTMJ,WWaxLMIptTMJ,True,0.9999927809049088,0.9999849574166035,7.823488305302995e-06,0.40000000000000013,True,correct
DBLP,0.6,46,inner,SRSWOR_65_35,11,conf/sigmod/Kramer97,True,2,FZRPzy583jAJ,FZRPzy583jAJ,True,0.9999882168847231,0.9999333190314729,5.489785325019092e-05,0.40000000000000013,True,correct
DBLP,0.6,46,inner,SRSWOR_65_35,12,journals/sigmod/Stacey95,True,2,2GKNc8zlLRwJ,rdXUggm5kg0J,True,0.9999932957721431,0.9999678834359312,2.5412336211894093e-05,0.40000000000000013,True,correct
DBLP,0.6,46,inner,SRSWOR_65_35,13,journals/sigmod/BorgidaCS98,True,2,iPbD7vPHzgYJ,iPbD7vPHzgYJ,True,0.9999937004444621,0.9999870332718248,6.667172637309093e-06,0.40000000000000013,True,correct
DBLP,0.6,46,inner,SRSWOR_65_35,14,conf/vldb/EicklerGK95,True,1,63QhLG57QssJ,63QhLG57QssJ,True,0.9999928827603122,1.1460151648591576e-05,0.9999814226086636,0.40000000000000013,True,correct
DBLP,0.6,46,inner,SRSWOR_65_35,15,journals/tods/BellNNS96,True,2,0MteXOu7gzcJ,pz2VRTdXq1cJ,True,0.9999920014271977,0.9999804236053642,1.1577821833475e-05,0.40000000000000013,True,correct
DBLP,0.6,46,inner,SRSWOR_65_35,16,journals/sigmod/RossCGJBV99,False,0,,uPBlQ76s_g4J,False,0.9997584360049016,0.9974328329612142,0.002325603043687341,0.40000000000000013,True,false_link
DBLP,0.6,46,inner,SRSWOR_65_35,17,conf/sigmod/PangCL94,True,1,beMsu5ebf30J,beMsu5ebf30J,True,0.9999926262612661,1.0823885402695268e-05,0.9999818023758633,0.40000000000000013,True,correct
DBLP,0.6,46,inner,SRSWOR_65_35,18,conf/vldb/ZirintsisKM99,True,2,_UYteGcmBKIJ,_UYteGcmBKIJ,True,0.9997760039039021,0.4121101077347128,0.5876658961691893,0.40000000000000013,True,correct
DBLP,0.6,46,inner,SRSWOR_65_35,19,conf/vldb/GravanoG95,True,8,2nMktwioqOYJ,4HVB6aRvsk8J,True,0.999992922700745,0.9999925228389706,3.9986177446937887e-07,0.40000000000000013,True,correct
DBLP,0.6,46,inner,SRSWOR_65_35,20,conf/vldb/JagadishLS99,True,2,5d1R2mD-7MkJ,5d1R2mD-7MkJ,True,0.9999802709531388,0.9996936579207293,0.00028661303240951064,0.40000000000000013,True,correct
DBLP,0.6,46,inner,SRSWOR_65_35,21,journals/sigmod/NadoH97,True,1,yN9f4dSKC9QJ,yN9f4dSKC9QJ,True,0.9999849853643533,2.326114140174419e-05,0.9999617242229516,0.40000000000000013,True,correct
DBLP,0.6,46,inner,SRSWOR_65_35,22,journals/sigmod/Snodgrass98c,False,0,,NHxHsUH9L5MJ,False,0.2523111519050243,0.05723826612972114,0.19507288577530316,0.40000000000000013,False,unmatched_abstention
DBLP,0.6,46,inner,SRSWOR_65_35,23,journals/sigmod/GroskySF02,True,1,HA3wM_i-y3YJ,HA3wM_i-y3YJ,True,0.999992947158675,0.9997245594254369,0.00026838773323811793,0.40000000000000013,True,correct
DBLP,0.6,46,inner,SRSWOR_65_35,24,conf/sigmod/SimmenSM96,True,1,XVP8s4K0Bg4J,XVP8s4K0Bg4J,True,0.9999913853266326,1.3762252518994846e-05,0.9999776230741135,0.40000000000000013,True,correct
DBLP,0.6,46,inner,SRSWOR_65_35,25,conf/sigmod/Bampahl95,True,1,MbgdgwgZCIUJ,MbgdgwgZCIUJ,True,0.9999810214806415,8.99003554455058e-06,0.9999720314450969,0.40000000000000013,True,correct
DBLP,0.6,46,inner,SRSWOR_65_35,26,journals/sigmod/SchlageterBHMSW95,True,2,url:http://portal.acm.org/citation.cfm%3Fid%3D202672,url:http://portal.acm.org/citation.cfm%3Fid%3D202672,True,0.9999918409867758,0.9999795036309322,1.2337355843605735e-05,0.40000000000000013,True,correct
DBLP,0.6,46,inner,SRSWOR_65_35,27,journals/tods/FormicaGM98,True,1,PtcmzsfKYrsJ,PtcmzsfKYrsJ,True,0.9999928356082933,1.406738440867718e-05,0.9999787682238847,0.40000000000000013,True,correct
DBLP,0.6,46,inner,SRSWOR_65_35,28,conf/sigmod/ForlizziGNS00,True,5,4k4fUbwNV8UJ,jW1JUC-AQXoJ,True,0.999992448843386,0.9999918297121371,6.191312489356449e-07,0.40000000000000013,True,correct
DBLP,0.6,46,inner,SRSWOR_65_35,29,conf/vldb/Atal96,True,1,PaW8zjiNR9cJ,PaW8zjiNR9cJ,True,0.999993313344281,1.332621245711892e-05,0.9999799871318239,0.40000000000000013,True,correct
DBLP,0.6,46,inner,SRSWOR_65_35,30,conf/vldb/CowleyP00,True,2,KGeFsGtIROsJ,KGeFsGtIROsJ,True,0.9999896876957464,0.999984933354305,4.754341441315368e-06,0.40000000000000013,True,correct
DBLP,0.6,46,inner,SRSWOR_65_35,31,conf/vldb/SrivastavaDJL96,True,6,01ZVDudF4WAJ,01ZVDudF4WAJ,True,0.9999923904031801,0.9999921452482877,2.451548923865232e-07,0.40000000000000013,True,correct
DBLP,0.6,46,inner,SRSWOR_65_35,32,journals/sigmod/McHughAGQW97,True,7,0VMP__pyg_4J,FUXcNB3HHi4J,True,0.999992058516192,0.9999917805313514,2.779848405909391e-07,0.40000000000000013,True,correct
DBLP,0.6,46,inner,SRSWOR_65_35,33,journals/tods/LitwinN96,True,4,d7by8a0ArhIJ,eKvrxzDXW0AJ,True,0.9999904232513311,0.9999809644194356,9.458831895514663e-06,0.40000000000000013,True,correct
DBLP,0.6,46,inner,SRSWOR_65_35,34,conf/sigmod/Fernandez94,True,1,PmrthJYk66cJ,PmrthJYk66cJ,True,0.9999923593233722,8.311781393158078e-06,0.999984047541979,0.40000000000000013,True,correct
DBLP,0.6,46,inner,SRSWOR_65_35,35,journals/tods/Hellerstein98,True,5,Ae-y0LICgtkJ,q8m4M7OxSSAJ,True,0.9999903826606459,0.9999880396364422,2.343024203654842e-06,0.40000000000000013,True,correct
DBLP,0.6,46,inner,SRSWOR_65_35,36,conf/sigmod/HaasH99,True,3,bsfsN1NtuOMJ,bsfsN1NtuOMJ,True,0.9999923241501003,0.9999916564673029,6.676827973839394e-07,0.40000000000000013,True,correct
DBLP,0.6,46,inner,SRSWOR_65_35,37,conf/vldb/BlottK02,False,0,,pPZQjFBQV_YJ,False,8.174948646453235e-06,7.961062754973324e-06,2.138858914799106e-07,0.40000000000000013,False,unmatched_abstention
DBLP,0.6,46,inner,SRSWOR_65_35,38,conf/vldb/JoshiBLL98,True,1,RufEbUPZNbYJ,RufEbUPZNbYJ,True,0.9999887342921676,0.00042145876239928654,0.9995672755297683,0.40000000000000013,True,correct
DBLP,0.6,46,inner,SRSWOR_65_35,39,conf/vldb/FuC94,True,1,ReboDjzo5y0J,ReboDjzo5y0J,True,0.9999929567972617,9.75095548233837e-06,0.9999832058417794,0.40000000000000013,True,correct
DBLP,0.6,46,inner,SRSWOR_65_35,40,conf/vldb/PantiSG00,True,1,C7Vuxp5KVsAJ,C7Vuxp5KVsAJ,True,0.9999934903775893,1.3429410635724444e-05,0.9999800609669536,0.40000000000000013,True,correct
DBLP,0.6,46,inner,SRSWOR_65_35,41,conf/sigmod/ChenZCKR01,True,3,15Xnu2VYNAQJ,q49c-IEX7N8J,True,0.9999931370095865,0.9999837959693483,9.341040238197706e-06,0.40000000000000013,True,correct
DBLP,0.6,46,inner,SRSWOR_65_35,42,conf/vldb/SchieferKBLF98,True,1,1LATgSt5o_EJ,1LATgSt5o_EJ,True,0.999993350189856,1.8047878426912002e-05,0.9999753023114291,0.40000000000000013,True,correct
DBLP,0.6,46,inner,SRSWOR_65_35,43,journals/sigmod/Aberer03c,True,1,url:http://portal.acm.org/citation.cfm%3Fid%3D945721.945727%26coll%3DGUIDE%26dl%3DACM%26idx%3DJ689%26part%3Dperiodical%26WantType%3Dperiodical%26title%3DACM%2520SIGMOD%2520Record%26CFID%3D11111111%26CFTOKEN%3D2222222,url:http://portal.acm.org/citation.cfm%3Fid%3D945721.945727%26coll%3DGUIDE%26dl%3DACM%26idx%3DJ689%26part%3Dperiodical%26WantType%3Dperiodical%26title%3DACM%2520SIGMOD%2520Record%26CFID%3D11111111%26CFTOKEN%3D2222222,True,0.37611560566738866,0.11380746684221633,0.26230813882517234,0.40000000000000013,False,missing_match
DBLP,0.6,46,inner,SRSWOR_65_35,44,conf/sigmod/BrunoC02,True,2,Gz0uaD8l3T4J,KAf2DUUVabIJ,True,0.9999868549277035,0.004992745635753917,0.9949941092919495,0.40000000000000013,True,correct
DBLP,0.6,46,inner,SRSWOR_65_35,45,conf/sigmod/ShatdalN95,True,1,nbU59lK7JJYJ,nbU59lK7JJYJ,True,0.999992300065522,0.00010639020644089315,0.9998859098590811,0.40000000000000013,True,correct
DBLP,0.6,46,inner,SRSWOR_65_35,46,conf/sigmod/ZouS96,True,2,DYFIQvOg7rgJ,DYFIQvOg7rgJ,True,0.9999907521942031,0.9999867627677516,3.989426451522782e-06,0.40000000000000013,True,correct
DBLP,0.6,46,inner,SRSWOR_65_35,47,conf/sigmod/Sahuguet01,True,2,1psqlswyLR0J,xb63RaGQYmYJ,True,0.9999684452311333,0.9998680945601326,0.00010035067100067074,0.40000000000000013,True,correct
DBLP,0.6,46,inner,SRSWOR_65_35,48,conf/vldb/HoelS94,True,2,Id1cvsQURBAJ,Id1cvsQURBAJ,True,0.999986442306443,0.032708266611181196,0.9672781756952618,0.40000000000000013,True,correct
DBLP,0.6,46,inner,SRSWOR_65_35,49,conf/sigmod/BrodskyK95,True,2,6t_N5axEm7cJ,SFmnhrhoQzgJ,True,0.999990452933192,0.9733523977403,0.026638055192891974,0.40000000000000013,True,correct
DBLP,0.6,46,inner,SRSWOR_65_35,50,journals/sigmod/Snodgrass99b,False,0,,uPBlQ76s_g4J,False,0.9997584360049016,0.9974328329612142,0.002325603043687341,0.40000000000000013,True,false_link
DBLP,0.6,46,inner,SRSWOR_65_35,51,journals/sigmod/ConradEHRSSSV97,True,2,SBnqbyQF3SoJ,SBnqbyQF3SoJ,True,0.9999874850513201,0.9986221532537312,0.001365331797588909,0.40000000000000013,True,correct
DBLP,0.6,46,inner,SRSWOR_65_35,52,conf/sigmod/RodriguezR00,True,6,Bzj3hMdoqVoJ,UF4wxbIa6FMJ,True,0.9999927776546386,0.9999911922748069,1.5853798316367573e-06,0.40000000000000013,True,correct
DBLP,0.6,46,inner,SRSWOR_65_35,53,conf/sigmod/MiloAABN03,True,2,fHp5E4Rxt7cJ,fHp5E4Rxt7cJ,True,0.999987949532298,0.9998843844544797,0.0001035650778182795,0.40000000000000013,True,correct
DBLP,0.6,46,inner,SRSWOR_65_35,54,conf/sigmod/JagadishJOT01,True,1,OM7n6h8R8CoJ,OM7n6h8R8CoJ,True,0.9999845251753218,1.055948898467543e-05,0.9999739656863371,0.40000000000000013,True,correct
DBLP,0.6,46,inner,SRSWOR_65_35,55,conf/sigmod/SelfridgeSW96,True,2,4ucV5h3-YvMJ,V2Wysmw3ti4J,True,0.9999880285102691,0.9999832077366566,4.820773612523865e-06,0.40000000000000013,True,correct
DBLP,0.6,46,inner,SRSWOR_65_35,56,conf/vldb/BrownCC94,True,3,E-1nAx7gc-8J,oayI0FKl-nQJ,True,0.9999855718449603,0.999954430802207,3.1141042753257686e-05,0.40000000000000013,True,correct
DBLP,0.6,46,inner,SRSWOR_65_35,57,conf/vldb/Sol01,True,1,url:http://portal.acm.org/citation.cfm%3Fid%3D645927.672038%26coll%3Dportal%26dl%3DACM%26CFID%3D11111111%26CFTOKEN%3D2222222,aofjcXEI5zcJ,False,0.9999864934491458,0.9999794636585881,7.029790557666615e-06,0.40000000000000013,True,false_link
DBLP,0.6,46,inner,SRSWOR_65_35,58,conf/vldb/LeeLWS97,True,2,3k61gi_ld_UJ,3k61gi_ld_UJ,True,0.9999921787728517,0.9999916103411634,5.684316883858287e-07,0.40000000000000013,True,correct
DBLP,0.6,46,inner,SRSWOR_65_35,59,journals/sigmod/HasselbringHHKRRS00,True,3,JW49QfQtuTMJ,X9PsaiaoDJ4J,True,0.9999834014381338,0.9997178704575927,0.00026553098054105106,0.40000000000000013,True,correct
DBLP,0.6,46,inner,SRSWOR_65_35,60,conf/vldb/CiacciaPZ97,True,8,6cRuX7GDFCoJ,HQQsPfQN7q0J,True,0.9999934811956674,0.9999929341519365,5.470437309806897e-07,0.40000000000000013,True,correct
DBLP,0.6,46,inner,SRSWOR_65_35,61,journals/sigmod/YauLMS99,True,2,bhVBJw9Rp3QJ,vWwVQvcIrbEJ,True,0.9999928582629574,0.9999857498053091,7.1084576482860484e-06,0.40000000000000013,True,correct
DBLP,0.6,46,inner,SRSWOR_65_35,62,journals/sigmod/MillerHHYHFP01,True,4,0ckpOQsv-vAJ,0ckpOQsv-vAJ,True,0.9999913924711724,0.9999880424420273,3.350029145088307e-06,0.40000000000000013,True,correct
DBLP,0.6,46,inner,SRSWOR_65_35,63,conf/sigmod/AbadiCCCCEGHMRSSTXYZ03,True,3,eBnT7lhV2LwJ,eBnT7lhV2LwJ,True,0.9999805750394264,0.9999799033169939,6.717224324548354e-07,0.40000000000000013,True,correct
DBLP,0.6,46,inner,SRSWOR_65_35,64,journals/sigmod/Winslett02a,True,1,url:http://portal.acm.org/ft_gateway.cfm%3Fid%3D565127%26type%3Dpdf%26dl%3DGUIDE%26dl%3DACM%26CFID%3D11111111%26CFTOKEN%3D2222222,url:http://portal.acm.org/ft_gateway.cfm%3Fid%3D565127%26type%3Dpdf%26dl%3DGUIDE%26dl%3DACM%26CFID%3D11111111%26CFTOKEN%3D2222222,True,0.7312412617936597,0.025487511172883955,0.7057537506207757,0.40000000000000013,True,correct
DBLP,0.6,46,inner,SRSWOR_65_35,65,conf/vldb/DiaoLCT00,True,2,hdDsjafWJIwJ,lzbvXZxLKJIJ,True,0.9999911434304316,0.9999347513177251,5.639211270647149e-05,0.40000000000000013,True,correct
DBLP,0.6,46,inner,SRSWOR_65_35,66,conf/vldb/SistlaYH94,True,4,_jl3bN2QlE4J,FT4Sfn-Z7GUJ,True,0.9999910746235502,0.9999885547350743,2.5198884758825812e-06,0.40000000000000013,True,correct
DBLP,0.6,46,inner,SRSWOR_65_35,67,conf/vldb/LitwinNS94,True,4,Ass0qgT-aa4J,SnkWnX5WoKwJ,True,0.9999899238681662,0.9999898429812707,8.08868955148867e-08,0.40000000000000013,True,correct
DBLP,0.6,46,inner,SRSWOR_65_35,68,conf/vldb/TengCY03,True,1,wJjaZnzD6pAJ,wJjaZnzD6pAJ,True,0.9999927596691194,0.999860041331783,0.0001327183373364127,0.40000000000000013,True,correct
DBLP,0.6,46,inner,SRSWOR_65_35,69,conf/sigmod/AgrawalS00,True,1,ufPUBsN4eg0J,ufPUBsN4eg0J,True,0.9999738523577897,0.005828300524791415,0.9941455518329982,0.40000000000000013,True,correct
DBLP,0.6,46,inner,SRSWOR_65_35,70,journals/vldb/ChuaCL03,True,1,MY0lTfhxnr4J,MY0lTfhxnr4J,True,0.9991113809261352,7.038925388668792e-06,0.9991043420007465,0.40000000000000013,True,correct
DBLP,0.6,46,inner,SRSWOR_65_35,71,conf/vldb/PardonA00,True,2,Bax8yKEV6McJ,k7G60pXtD58J,True,0.9999933980111465,0.9999933066963016,9.131484490776387e-08,0.40000000000000013,True,correct
DBLP,0.6,46,inner,SRSWOR_65_35,72,conf/sigmod/EmbleyJN99,True,3,54w4cIKL11UJ,x8uC_9_IzUEJ,True,0.9999921644611677,0.9999358221095993,5.634235156837253e-05,0.40000000000000013,True,correct
DBLP,0.6,46,inner,SRSWOR_65_35,73,journals/vldb/GruserRZZ00,True,1,9EBKpmSLc_oJ,9EBKpmSLc_oJ,True,0.9999901638852003,1.0305461727897531e-05,0.9999798584234725,0.40000000000000013,True,correct
DBLP,0.6,46,inner,SRSWOR_65_35,74,conf/vldb/CeriFP99,True,3,8OrOAQnaveIJ,8OrOAQnaveIJ,True,0.9999927945510729,0.9999917604949432,1.034056129722849e-06,0.40000000000000013,True,correct
DBLP,0.6,46,inner,SRSWOR_65_35,75,conf/sigmod/Mohan94,True,4,E2zhARKv5dsJ,Ft1YZIFfu0cJ,True,0.999993557903403,0.9999718541009431,2.1703802459915877e-05,0.40000000000000013,True,correct
DBLP,0.6,46,inner,SRSWOR_65_35,76,conf/sigmod/KrishnamurthyBN99,True,1,qS4jhfgPbm8J,qS4jhfgPbm8J,True,0.999993451530303,1.3353729739927955e-05,0.9999800978005631,0.40000000000000013,True,correct
DBLP,0.6,46,inner,SRSWOR_65_35,77,journals/sigmod/JensenCEGHJ94,True,13,9ccpmdcUA5QJ,url:http://portal.acm.org/ft_gateway.cfm%3Fid%3D181560%26type%3Dpdf%26coll%3DGUIDE%26dl%3DACM%26CFID%3D11111111%26CFTOKEN%3D2222222,True,0.9999897284281754,0.9999885700602822,1.1583678931614827e-06,0.40000000000000013,True,correct
DBLP,0.6,46,inner,SRSWOR_65_35,78,conf/sigmod/Chaudhuri97,True,2,9GsZHpVf2_cJ,QkyXMep2bWsJ,True,0.9999794865010792,0.9999416625783328,3.7823922746316185e-05,0.40000000000000013,True,correct
DBLP,0.6,46,inner,SRSWOR_65_35,79,conf/vldb/WangYM97,True,10,0qth0oGxonUJ,hcYKj7CHbWYJ,True,0.9999925854398991,0.9999906520237984,1.933416100663443e-06,0.40000000000000013,True,correct
DBLP,0.6,46,inner,SRSWOR_65_35,80,journals/tods/WolfsonJH97,True,3,FlC-FF1hbbUJ,FlC-FF1hbbUJ,True,0.9999929841421717,0.9998587110301943,0.0001342731119774454,0.40000000000000013,True,correct
DBLP,0.6,46,inner,SRSWOR_65_35,81,conf/sigmod/VingralekBW94,True,2,qtSeY_1Q5YUJ,rM8Ecg1WL4kJ,True,0.9999932679407052,0.999987303734278,5.964206427178098e-06,0.40000000000000013,True,correct
DBLP,0.6,46,inner,SRSWOR_65_35,82,journals/sigmod/Snodgrass98,False,0,,NHxHsUH9L5MJ,False,0.2523111519050243,0.05723826612972114,0.19507288577530316,0.40000000000000013,False,unmatched_abstention
DBLP,0.6,46,inner,SRSWOR_65_35,83,journals/sigmod/Hammer02,True,1,url:http://portal.acm.org/ft_gateway.cfm%3Fid%3D584455%26type%3Dpdf%26dl%3DGUIDE%26dl%3DACM%26CFID%3D11111111%26CFTOKEN%3D2222222,url:http://portal.acm.org/ft_gateway.cfm%3Fid%3D584455%26type%3Dpdf%26dl%3DGUIDE%26dl%3DACM%26CFID%3D11111111%26CFTOKEN%3D2222222,True,0.9999934409488657,3.2224708579064566e-05,0.9999612162402866,0.40000000000000013,True,correct
DBLP,0.6,46,inner,SRSWOR_65_35,84,journals/sigmod/Franklin97b,False,0,,diQK7Y_z3XwJ,False,7.028201180032146e-05,4.8505009268558974e-05,2.177700253176249e-05,0.40000000000000013,False,unmatched_abstention
DBLP,0.6,46,inner,SRSWOR_65_35,85,journals/sigmod/CrestaniG02,True,1,tyZxVraNgTsJ,tyZxVraNgTsJ,True,0.9999926991728132,9.635351116733017e-06,0.9999830638216964,0.40000000000000013,True,correct
DBLP,0.6,46,inner,SRSWOR_65_35,86,conf/sigmod/BohannonMR01,True,1,ChD3-mp23f8J,ChD3-mp23f8J,True,0.9999927612570648,5.827336918793644e-05,0.9999344878878769,0.40000000000000013,True,correct
DBLP,0.6,46,inner,SRSWOR_65_35,87,journals/vldb/Seshadri98,True,1,yXXD9DeXoAgJ,yXXD9DeXoAgJ,True,0.9999880412788158,0.0008933975160065659,0.9990946437628092,0.40000000000000013,True,correct
DBLP,0.6,46,inner,SRSWOR_65_35,88,conf/vldb/PfoserJT00,True,2,0IeLWfNYZEYJ,0IeLWfNYZEYJ,True,0.9999925966319442,0.999882323652211,0.00011027297973320582,0.40000000000000013,True,correct
DBLP,0.6,46,inner,SRSWOR_65_35,89,conf/sigmod/Ross00,True,1,9sm_ptv5pmYJ,9sm_ptv5pmYJ,True,0.9999684201545193,2.5870046070971207e-05,0.9999425501084482,0.40000000000000013,True,correct
DBLP,0.6,46,inner,SRSWOR_65_35,90,conf/sigmod/DewanSHH94,True,1,GUdXGx4blW8J,GUdXGx4blW8J,True,0.9999919997793857,3.298748611768148e-05,0.999959012293268,0.40000000000000013,True,correct
DBLP,0.6,46,inner,SRSWOR_65_35,91,conf/vldb/CasatiS00,True,2,OjOQRHgD-qwJ,OjOQRHgD-qwJ,True,0.9999930390516437,0.9999877397317019,5.299319941864944e-06,0.40000000000000013,True,correct
DBLP,0.6,46,inner,SRSWOR_65_35,92,journals/vldb/CasatiSG01,True,1,347oyb_b7DAJ,m7vgjeCVUnEJ,False,0.0015200155496846498,0.0008998437400444294,0.0006201718096402204,0.40000000000000013,False,missing_match
DBLP,0.6,46,inner,SRSWOR_65_35,93,journals/sigmod/Snodgrass03b,True,1,PmIVKWJ5_V4J,PmIVKWJ5_V4J,True,0.9999880180707964,2.896387085272313e-05,0.9999590541999437,0.40000000000000013,True,correct
DBLP,0.6,46,inner,SRSWOR_65_35,94,journals/tods/Jagadish95,True,1,gDFpwto83b4J,gDFpwto83b4J,True,0.9999860667310367,1.8936196898650748e-05,0.9999671305341381,0.40000000000000013,True,correct
DBLP,0.6,46,inner,SRSWOR_65_35,95,journals/sigmod/AbelTK97,True,1,yK-yqVAiXekJ,yK-yqVAiXekJ,True,0.9999923394779252,5.22278578764011e-05,0.9999401116200488,0.40000000000000013,True,correct
DBLP,0.6,46,inner,SRSWOR_65_35,96,conf/sigmod/GangulyGMS96,True,2,05ZgvGyhSC0J,05ZgvGyhSC0J,True,0.9999917336722025,0.9999408223327523,5.091133945023252e-05,0.40000000000000013,True,correct
DBLP,0.6,46,inner,SRSWOR_65_35,97,journals/vldb/Halevy02,True,1,url:http://www.springerlink.com/index/6UEYKJ4UQTK18H6D.pdf,url:http://www.springerlink.com/index/6UEYKJ4UQTK18H6D.pdf,True,0.31411709956845285,0.004527032669445278,0.3095900668990076,0.40000000000000013,False,missing_match
DBLP,0.6,46,inner,SRSWOR_65_35,98,conf/vldb/SchaeferBBJ00,True,1,url:http://portal.acm.org/citation.cfm%3Fid%3D645926.671845,url:http://portal.acm.org/citation.cfm%3Fid%3D645926.671845,True,0.9999925653947859,0.0004657155525574016,0.9995268498422285,0.40000000000000013,True,correct
DBLP,0.6,46,inner,SRSWOR_65_35,99,journals/vldb/SuHHHLWLPLL01,True,3,GRzquCzL_OUJ,xcRKDHBIUb8J,True,0.9999922998378802,0.9999916515484607,6.482894194803634e-07,0.40000000000000013,True,correct
DBLP,0.6,46,inner,SRSWOR_65_35,100,journals/vldb/RamamohanaraoH94,True,2,bFNUZoN0LhsJ,UiWvxN_y9SAJ,True,0.9999925571585755,0.9999807168631631,1.1840295412346435e-05,0.40000000000000013,True,correct
DBLP,0.6,46,inner,SRSWOR_65_35,101,journals/vldb/JagadishKNS00,True,2,GtXc02EJjCgJ,GtXc02EJjCgJ,True,0.9999915187542198,0.9999184921793287,7.302657489105524e-05,0.40000000000000013,True,correct
DBLP,0.6,46,inner,SRSWOR_65_35,102,journals/sigmod/Ozsu03,False,0,,NHxHsUH9L5MJ,False,0.16774199423251476,0.07107758896902118,0.09666440526349358,0.40000000000000013,False,unmatched_abstention
DBLP,0.6,46,inner,SRSWOR_65_35,103,conf/sigmod/MamoulisP99,True,4,fXHqHRgpG8sJ,z9MQwq7G3GYJ,True,0.9999924204892165,0.999989317028709,3.103460507580813e-06,0.40000000000000013,True,correct
DBLP,0.6,46,inner,SRSWOR_65_35,104,conf/sigmod/HanKK97,True,3,MqdtZ_cUxDEJ,NIfccqToMb8J,True,0.9999827809775065,0.9997285002931411,0.0002542806843653933,0.40000000000000013,True,correct
DBLP,0.6,46,inner,SRSWOR_65_35,105,conf/vldb/HaberIL95,True,1,UM1ZozyrJnIJ,UM1ZozyrJnIJ,True,0.9999921243135715,6.7855644533195495e-06,0.9999853387491182,0.40000000000000013,True,correct
DBLP,0.6,46,inner,SRSWOR_65_35,106,conf/vldb/FlorescuKLP97,True,1,-Zb4WBd1aNUJ,-Zb4WBd1aNUJ,True,0.9999902733871417,2.9882799367745434e-05,0.999960390587774,0.40000000000000013,True,correct
DBLP,0.6,46,inner,SRSWOR_65_35,107,conf/sigmod/HernandezS95,True,5,7EYR1qDwKg0J,CckDkmI4U3wJ,True,0.9999929393049863,0.9999922958567338,6.434482525685681e-07,0.40000000000000013,True,correct
DBLP,0.6,46,inner,SRSWOR_65_35,108,conf/sigmod/SunAA03,True,1,wR6CGftUyH0J,wR6CGftUyH0J,True,0.9999931223330873,3.1924004978894665e-05,0.9999611983281085,0.40000000000000013,True,correct
DBLP,0.6,46,inner,SRSWOR_65_35,109,conf/sigmod/Galindo-Legaria94,True,1,iEs59H5EFHwJ,iEs59H5EFHwJ,True,0.9999817233545334,1.7566754483390793e-05,0.99996415660005,0.40000000000000013,True,correct
DBLP,0.6,46,inner,SRSWOR_65_35,110,journals/sigmod/GottlobKP03,True,1,rDRdlwdHGb0J,rDRdlwdHGb0J,True,0.9999938035720468,0.010038076816397143,0.9899557267556497,0.40000000000000013,True,correct
DBLP,0.6,46,inner,SRSWOR_65_35,111,conf/vldb/AgrawalKSX02,True,1,XK-KPRa2qjcJ,XK-KPRa2qjcJ,True,0.9999874341166347,0.00017957676241073345,0.999807857354224,0.40000000000000013,True,correct
DBLP,0.6,46,inner,SRSWOR_65_35,112,conf/vldb/LevyMS94,True,4,6wGozkC-i8EJ,l-QHiSxClXcJ,True,0.9999878832366497,0.9999746291035015,1.3254133148121738e-05,0.40000000000000013,True,correct
DBLP,0.6,46,inner,SRSWOR_65_35,113,conf/sigmod/ThaperGIK02,True,4,6a1G1MBvuWcJ,855tuDOhjl4J,True,0.9999856473244332,0.9999853620140399,2.8531039331092245e-07,0.40000000000000013,True,correct
DBLP,0.6,46,inner,SRSWOR_65_35,114,conf/vldb/HuntAI01,True,1,0GT_dHqK5roJ,0GT_dHqK5roJ,True,0.9999917722338938,0.0030733413435274103,0.9969184308903664,0.40000000000000013,True,correct
DBLP,0.6,46,inner,SRSWOR_65_35,115,journals/sigmod/KempsterST99,True,1,JfmkT9KvKWoJ,JfmkT9KvKWoJ,True,0.9999889040505474,0.991899552530691,0.008089351519856458,0.40000000000000013,True,correct
DBLP,0.6,46,inner,SRSWOR_65_35,116,conf/vldb/IwerksSS03,True,1,4B_LhCns0WoJ,4B_LhCns0WoJ,True,0.9999925163828804,0.00011781467383514314,0.9998747017090454,0.40000000000000013,True,correct
DBLP,0.6,46,inner,SRSWOR_65_35,117,conf/sigmod/LahiriG01,True,2,2eJIgKjsQF4J,2eJIgKjsQF4J,True,0.999991148192812,0.9999393591216894,5.178907112257658e-05,0.40000000000000013,True,correct
DBLP,0.6,46,inner,SRSWOR_65_35,118,conf/vldb/LiuJ02,False,0,,cVVo6IeUE9MJ,False,7.94323021734013e-05,2.042978493050206e-05,5.900251724289924e-05,0.40000000000000013,False,unmatched_abstention
DBLP,0.6,46,inner,SRSWOR_65_35,119,conf/vldb/VermeerA96,True,1,bEddMdwB2_4J,bEddMdwB2_4J,True,0.9999910148671537,4.668859824002696e-05,0.9999443262689137,0.40000000000000013,True,correct
DBLP,0.6,46,inner,SRSWOR_65_35,120,conf/sigmod/ZhangZPTL03,True,1,S3lELcdpzTkJ,S3lELcdpzTkJ,True,0.9999888368757877,0.002234942918547563,0.9977538939572401,0.40000000000000013,True,correct
DBLP,0.6,46,inner,SRSWOR_65_35,121,conf/vldb/MiloZ98,True,3,a7XtgKiAJFMJ,Nd7-CTB1lRgJ,True,0.999993581096732,0.9999895560641683,4.0250325636925766e-06,0.40000000000000013,True,correct
DBLP,0.6,46,inner,SRSWOR_65_35,122,journals/sigmod/Ley00,False,0,,DPf__9SuvxoJ,False,0.00026514483898129214,7.148401631666478e-05,0.00019366082266462735,0.40000000000000013,False,unmatched_abstention
DBLP,0.6,46,inner,SRSWOR_65_35,123,conf/sigmod/Bonnet02,True,1,bqyt1789jJ8J,bqyt1789jJ8J,True,0.9999927234942114,4.56708681622292e-05,0.9999470526260492,0.40000000000000013,True,correct
DBLP,0.6,46,inner,SRSWOR_65_35,124,conf/vldb/GarofalakisOS97,True,3,3p2a2ZKrCjcJ,dW_pRNemQfsJ,True,0.999988381106335,0.9994134129854741,0.0005749681208608859,0.40000000000000013,True,correct
DBLP,0.6,46,inner,SRSWOR_65_35,125,journals/sigmod/CeriKKLOSV00,True,1,nLbW09uNfmsJ,nLbW09uNfmsJ,True,0.9999913509337102,1.57084137910841e-05,0.9999756425199191,0.40000000000000013,True,correct
DBLP,0.6,46,inner,SRSWOR_65_35,126,conf/vldb/IlyasAE02,True,1,nQsk3GveFP0J,nQsk3GveFP0J,True,0.9999905534984395,1.6312953249350365e-05,0.9999742405451901,0.40000000000000013,True,correct
DBLP,0.6,46,inner,SRSWOR_65_35,127,journals/vldb/LawLG99,True,1,TOXrbhbbNJ4J,TOXrbhbbNJ4J,True,0.9999920496274718,7.32753556516752e-06,0.9999847220919066,0.40000000000000013,True,correct
DBLP,0.6,46,inner,SRSWOR_65_35,128,conf/sigmod/ParkKKLPC98,True,2,aepGxosl6YoJ,aepGxosl6YoJ,True,0.9999917900810914,0.9988645159217799,0.0011272741593114644,0.40000000000000013,True,correct
DBLP,0.6,46,inner,SRSWOR_65_35,129,conf/vldb/KeidlSSK02,True,2,dTval1yE6p8J,dTval1yE6p8J,True,0.9999919759168031,0.9998847589065666,0.00010721701023652663,0.40000000000000013,True,correct
DBLP,0.6,46,inner,SRSWOR_65_35,130,conf/sigmod/JagadishLMSV99,True,1,946iAs3adDcJ,946iAs3adDcJ,True,0.9999771870191508,1.996670441077658e-05,0.9999572203147401,0.40000000000000013,True,correct
DBLP,0.6,46,inner,SRSWOR_65_35,131,journals/sigmod/ShethMKA01,True,1,url:http://portal.acm.org/ft_gateway.cfm%3Fid%3D604286%26type%3Dpdf%26dl%3DGUIDE%26dl%3DACM%26CFID%3D11111111%26CFTOKEN%3D2222222,url:http://portal.acm.org/ft_gateway.cfm%3Fid%3D604286%26type%3Dpdf%26dl%3DGUIDE%26dl%3DACM%26CFID%3D11111111%26CFTOKEN%3D2222222,True,0.9999936908007588,8.887112925464566e-06,0.9999848036878334,0.40000000000000013,True,correct
DBLP,0.6,46,inner,SRSWOR_65_35,132,conf/vldb/Garcia-MolinaLY98,True,5,5Rq_5hPceK8J,lWVWAhlsyYYJ,True,0.999988570180185,0.9999861852676913,2.3849124937136423e-06,0.40000000000000013,True,correct
DBLP,0.6,46,inner,SRSWOR_65_35,133,conf/sigmod/BerchtoldBK98,True,8,1tZ74y0DNLIJ,4Uf5sjXgwhoJ,True,0.999992334771682,0.9999907795816334,1.5551900486299175e-06,0.40000000000000013,True,correct
DBLP,0.6,46,inner,SRSWOR_65_35,134,journals/vldb/C94a,False,0,,url:http://www.springerlink.com/index/W80L2810707344M1.pdf,False,0.001984489710784958,0.000303660783584246,0.0016808289272007121,0.40000000000000013,False,unmatched_abstention
DBLP,0.6,46,inner,SRSWOR_65_35,135,conf/sigmod/Cattell94,True,2,QgR0DgMbdgIJ,QgR0DgMbdgIJ,True,0.9999913922249076,3.0168217906822543e-05,0.9999612240070008,0.40000000000000013,True,correct
DBLP,0.6,46,inner,SRSWOR_65_35,136,journals/sigmod/RamamrithamSSTX96,True,1,kezAM71rts0J,kezAM71rts0J,True,0.9999925362042478,8.119054212985431e-05,0.9999113456621179,0.40000000000000013,True,correct
DBLP,0.6,46,inner,SRSWOR_65_35,137,conf/vldb/Dayal99,True,2,OoknnZ3rbfwJ,url:http://portal.acm.org/citation.cfm%3Fid%3D645925.671502,True,0.9999897481767551,0.9997925821855014,0.0001971659912537449,0.40000000000000013,True,correct
DBLP,0.6,46,inner,SRSWOR_65_35,138,conf/sigmod/Keim96,True,2,AF9vuEJOr6cJ,AF9vuEJOr6cJ,True,0.9999880064441837,0.9994924282710282,0.0004955781731554865,0.40000000000000013,True,correct
DBLP,0.6,46,inner,SRSWOR_65_35,139,conf/vldb/ShivakumarGC98,True,1,GHz2PmQwW2UJ,GHz2PmQwW2UJ,True,0.9999877811104242,8.534617701184695e-06,0.999979246492723,0.40000000000000013,True,correct
DBLP,0.6,46,inner,SRSWOR_65_35,140,conf/vldb/Mohan02,True,3,eyxIItge9MQJ,YJlUtEk7zwkJ,True,0.9999282466245009,0.9991949718294169,0.0007332747950840046,0.40000000000000013,True,correct
DBLP,0.6,46,inner,SRSWOR_65_35,141,conf/sigmod/WangTYGWP02,True,2,loFIbaxAcG0J,loFIbaxAcG0J,True,0.9999884508254321,0.9999051885882403,8.32622371917946e-05,0.40000000000000013,True,correct
DBLP,0.6,46,inner,SRSWOR_65_35,142,conf/sigmod/CookWZ94,True,2,BYAEfUWtxgUJ,LiIWlw3oNgUJ,True,0.999989086581876,0.9995997173993313,0.00038936918254472985,0.40000000000000013,True,correct
DBLP,0.6,46,inner,SRSWOR_65_35,143,conf/vldb/BaumgartnerFG01,True,3,I1xHtA3f3MsJ,I1xHtA3f3MsJ,True,0.9999926845995736,0.9999922660135863,4.185859873162556e-07,0.40000000000000013,True,correct
DBLP,0.6,46,inner,SRSWOR_65_35,144,journals/sigmod/Domingo-FerrerH98,True,2,9bRPA_aTYh4J,ajq2idLfpHMJ,True,0.9999939135789359,0.9999902938375921,3.6197413437744075e-06,0.40000000000000013,True,correct
DBLP,0.6,46,inner,SRSWOR_65_35,145,conf/sigmod/ChenRW02,True,1,05ShsIGjnKkJ,05ShsIGjnKkJ,True,0.9999922916235917,1.1698847461475145e-05,0.9999805927761303,0.40000000000000013,True,correct
DBLP,0.6,46,inner,SRSWOR_65_35,146,journals/vldb/PottingerH01,True,4,eXceb1SMqE4J,Kv3ZFRUKCogJ,True,0.9999926031669422,0.9999758728057816,1.6730361160566254e-05,0.40000000000000013,True,correct
DBLP,0.6,46,inner,SRSWOR_65_35,147,journals/vldb/DerrMP94,True,2,a-QMCFr5yJYJ,a-QMCFr5yJYJ,True,0.999993237221038,0.030492599465344255,0.9695006377556937,0.40000000000000013,True,correct
DBLP,0.6,46,inner,SRSWOR_65_35,148,conf/sigmod/HellersteinN96,True,5,_hDCldPyum0J,_hDCldPyum0J,True,0.9999899024359934,0.9999893029498584,5.994861349556402e-07,0.40000000000000013,True,correct
DBLP,0.6,46,inner,SRSWOR_65_35,149,conf/vldb/BraumandlCK98,True,1,rH5VOr1x-a8J,rH5VOr1x-a8J,True,0.9999912809870728,1.2929387636206902e-05,0.9999783515994366,0.40000000000000013,True,correct
DBLP,0.6,46,inner,SRSWOR_65_35,150,journals/sigmod/EisenbergM98,True,2,url:http://portal.acm.org/ft_gateway.cfm%3Fid%3D290604%26type%3Dpdf%26coll%3DGUIDE%26dl%3DACM%26CFID%3D11111111%26CFTOKEN%3D2222222,-RAYAJbKLNUJ,True,0.9999933476970965,0.9495908836007038,0.05040246409639271,0.40000000000000013,True,correct
DBLP,0.6,46,inner,SRSWOR_65_35,151,conf/sigmod/LuMSS95,True,1,Kk87yanaI1AJ,Kk87yanaI1AJ,True,0.9999881181825223,3.350426203144738e-05,0.9999546139204909,0.40000000000000013,True,correct
DBLP,0.6,46,inner,SRSWOR_65_35,152,conf/vldb/SimonD95,True,1,lLARMvKaIQMJ,lLARMvKaIQMJ,True,0.9999867784877164,3.0693939393741606e-05,0.9999560845483227,0.40000000000000013,True,correct
DBLP,0.6,46,inner,SRSWOR_65_35,153,journals/sigmod/Wiegand03,False,0,,I8PUKJzlR8AJ,False,8.616563144648652e-06,8.60766016784452e-06,8.90297680413224e-09,0.40000000000000013,False,unmatched_abstention
DBLP,0.6,46,inner,SRSWOR_65_35,154,conf/sigmod/AnnamalaiCD00,True,1,0Igfv6jL3jwJ,0Igfv6jL3jwJ,True,0.9999924790856916,8.19629119959346e-06,0.9999842827944919,0.40000000000000013,True,correct
DBLP,0.6,46,inner,SRSWOR_65_35,155,conf/vldb/MarronL01,True,4,9z2MfdOAAdIJ,a3aecJJ58NIJ,True,0.9999841942423173,0.9999665948630656,1.7599379251720393e-05,0.40000000000000013,True,correct
DBLP,0.6,46,inner,SRSWOR_65_35,156,journals/sigmod/Qian94a,False,0,,url:http://portal.acm.org/ft_gateway.cfm%3Fid%3D212022%26type%3Dpdf%26dl%3DGUIDE%26dl%3DACM%26CFID%3D11111111%26CFTOKEN%3D2222222,False,0.0002378794255215908,9.933443350049315e-05,0.00013854499202109767,0.40000000000000013,False,unmatched_abstention
DBLP,0.6,46,inner,SRSWOR_65_35,157,conf/vldb/KornLKF98,True,2,ewsBMN0qVa4J,ewsBMN0qVa4J,True,0.9999913894087795,0.9999892454538635,2.143954916045132e-06,0.40000000000000013,True,correct
DBLP,0.6,46,inner,SRSWOR_65_35,158,conf/sigmod/KalnisP01,True,1,-UHxodSX8oMJ,-UHxodSX8oMJ,True,0.9999814936998522,1.5966131858233038e-05,0.999965527567994,0.40000000000000013,True,correct
DBLP,0.6,46,inner,SRSWOR_65_35,159,conf/vldb/PanRAMOHAMV02,True,1,F9Fe5NfpK6MJ,F9Fe5NfpK6MJ,True,0.9999927810425998,9.144547994548057e-06,0.9999836364946053,0.40000000000000013,True,correct
DBLP,0.6,46,inner,SRSWOR_65_35,160,conf/vldb/King02,False,0,,lMKrltuk53EJ,False,8.461605952004708e-06,7.417551747040254e-06,1.044054204964454e-06,0.40000000000000013,False,unmatched_abstention
DBLP,0.6,46,inner,SRSWOR_65_35,161,conf/sigmod/Sarawagi00,True,2,H_bdYlpD79oJ,-cYYeoF2GwMJ,True,0.9977974632984026,0.9936003552181922,0.004197108080210343,0.40000000000000013,True,correct
DBLP,0.6,46,inner,SRSWOR_65_35,162,conf/vldb/SahuguetA99,True,5,Mi0eqxwTUwEJ,pK5bydjeZFIJ,True,0.9999915976020137,0.9999879709345126,3.626667501088754e-06,0.40000000000000013,True,correct
DBLP,0.6,46,inner,SRSWOR_65_35,163,journals/sigmod/BargaL02,True,2,fY3kkkzBLw8J,QTzV3iNq2O8J,True,0.9999921677409057,0.9999908434267872,1.3243141184782203e-06,0.40000000000000013,True,correct
DBLP,0.6,46,inner,SRSWOR_65_35,164,conf/sigmod/GoelI96,True,2,_Vn4nSui5UMJ,hD6w1eBfjWcJ,True,0.9999917057497325,0.9999825328581824,9.172891550113249e-06,0.40000000000000013,True,correct
DBLP,0.6,46,inner,SRSWOR_65_35,165,conf/vldb/ShengBDM02,True,3,6GxdJ4jZUokJ,6GxdJ4jZUokJ,True,0.9999916237000788,0.9999871844835088,4.439216570006899e-06,0.40000000000000013,True,correct
DBLP,0.6,46,inner,SRSWOR_65_35,166,journals/vldb/Barbara-MillaG94,True,5,Cmq7lkkXNt4J,Hc9uWxJu840J,True,0.9999924484401032,0.9999605839597233,3.186448037983958e-05,0.40000000000000013,True,correct
DBLP,0.6,46,inner,SRSWOR_65_35,167,conf/sigmod/LometW98,True,3,5SmDfJWfFvUJ,F2ecYx97F2sJ,True,0.9999909662710018,0.9999654327297653,2.553354123646656e-05,0.40000000000000013,True,correct
DBLP,0.6,46,inner,SRSWOR_65_35,168,journals/sigmod/OoiST03,True,1,gpjVvUtM6H8J,gpjVvUtM6H8J,True,0.9999916708569532,2.3212190649928506e-05,0.9999684586663032,0.40000000000000013,True,correct
DBLP,0.6,46,inner,SRSWOR_65_35,169,journals/sigmod/Aberer03b,True,1,url:http://portal.acm.org/ft_gateway.cfm%3Fid%3D776994%26type%3Dpdf%26dl%3DGUIDE%26dl%3DACM%26CFID%3D11111111%26CFTOKEN%3D2222222,url:http://portal.acm.org/ft_gateway.cfm%3Fid%3D959078%26type%3Dpdf%26dl%3DGUIDE%26dl%3DACM%26CFID%3D11111111%26CFTOKEN%3D2222222,False,0.9943497417463136,0.09157303871562837,0.9027767030306852,0.40000000000000013,True,false_link
DBLP,0.6,46,inner,SRSWOR_65_35,170,conf/sigmod/BunemanM95,True,1,V9DIFmU3vi8J,V9DIFmU3vi8J,True,0.9999911044076959,9.57714139650061e-06,0.9999815272662994,0.40000000000000013,True,correct
DBLP,0.6,46,inner,SRSWOR_65_35,171,conf/vldb/Dasgupta96,True,1,A0c2Gd1lP5QJ,A0c2Gd1lP5QJ,True,0.9999821870648175,1.8209421235717732e-05,0.9999639776435817,0.40000000000000013,True,correct
DBLP,0.6,46,inner,SRSWOR_65_35,172,journals/sigmod/Ozsu02,False,0,,NHxHsUH9L5MJ,False,0.26740195427654706,0.05341818030008732,0.21398377397645973,0.40000000000000013,False,unmatched_abstention
DBLP,0.6,46,inner,SRSWOR_65_35,173,journals/sigmod/Wong95,True,1,7F9iCGggYVgJ,7F9iCGggYVgJ,True,0.9999937672060543,8.356177900648312e-06,0.9999854110281536,0.40000000000000013,True,correct
DBLP,0.6,46,inner,SRSWOR_65_35,174,journals/sigmod/Bestavros96,True,1,Q2y53UR0g6oJ,Q2y53UR0g6oJ,True,0.9999217167886282,0.8756883617521894,0.12423335503643873,0.40000000000000013,True,correct
DBLP,0.6,46,inner,SRSWOR_65_35,175,conf/vldb/RothOH99,True,2,c-Kalb26vykJ,c-Kalb26vykJ,True,0.9999907675711066,0.9978013048367889,0.0021894627343177486,0.40000000000000013,True,correct
DBLP,0.6,46,inner,SRSWOR_65_35,176,conf/sigmod/GarofalakisRRS99,True,1,z7J4u1sJ52cJ,z7J4u1sJ52cJ,True,0.99998058681758,1.155284282040156e-05,0.9999690339747596,0.40000000000000013,True,correct
DBLP,0.6,46,inner,SRSWOR_65_35,177,conf/vldb/GionisIM99,True,4,3RR94IxW5CUJ,A8rGBQif7MIJ,True,0.9999928689207764,0.9999921691300847,6.99790691727209e-07,0.40000000000000013,True,correct
DBLP,0.6,46,inner,SRSWOR_65_35,178,conf/vldb/SizovGT03,True,1,UbQPXbPLMCAJ,UbQPXbPLMCAJ,True,0.9999881196554934,1.4716144659437289e-05,0.999973403510834,0.40000000000000013,True,correct
DBLP,0.6,46,inner,SRSWOR_65_35,179,journals/sigmod/AnyanwuS02,True,2,LoDGuFLlvsAJ,LoDGuFLlvsAJ,True,0.9999616631889106,0.9924974724334865,0.007464190755424038,0.40000000000000013,True,correct
DBLP,0.6,46,inner,SRSWOR_65_35,180,journals/sigmod/HanBP01,True,2,FT5pSUb-uTYJ,-OEJgpIAScMJ,True,0.9999883855709233,0.9997908989140091,0.0001974866569142142,0.40000000000000013,True,correct
DBLP,0.6,46,inner,SRSWOR_65_35,181,conf/vldb/RisheYACLMVSV00,True,2,0WYMHga_bt4J,0WYMHga_bt4J,True,0.9999904981308813,0.004080608059686624,0.9959098900711947,0.40000000000000013,True,correct
DBLP,0.6,46,inner,SRSWOR_65_35,182,conf/vldb/JensenL01,True,1,yUDkYbmDTXIJ,yUDkYbmDTXIJ,True,0.9999884022950908,5.533109331444311e-05,0.9999330712017763,0.40000000000000013,True,correct
DBLP,0.6,46,inner,SRSWOR_65_35,183,journals/vldb/AtkinsonM95,True,5,dahaBAYvs5AJ,N5Got4HigPgJ,True,0.9999874135959416,0.9999463646787762,4.1048917165387167e-05,0.40000000000000013,True,correct
DBLP,0.6,46,inner,SRSWOR_65_35,184,journals/vldb/Cobb97,True,1,R6XK3NbfZrgJ,R6XK3NbfZrgJ,True,0.9992070918549105,5.165546200703287e-05,0.9991554363929035,0.40000000000000013,True,correct
DBLP,0.6,46,inner,SRSWOR_65_35,185,conf/vldb/QianZXP03,True,1,Chp-3UwMgTQJ,Chp-3UwMgTQJ,True,0.9999929800796824,4.737688178046679e-05,0.9999456031979019,0.40000000000000013,True,correct
DBLP,0.6,46,inner,SRSWOR_65_35,186,journals/vldb/AguileraCMVV02,True,3,4OUQOD2i52sJ,SdVmepmUgQIJ,True,0.9999917609506795,0.9999607634487855,3.099750189405892e-05,0.40000000000000013,True,correct
DBLP,0.6,46,inner,SRSWOR_65_35,187,conf/sigmod/RundensteinerCLCZNJLW99,True,1,SADcQZhMqgEJ,SADcQZhMqgEJ,True,0.9999919202762098,9.819347646688086e-06,0.9999821009285631,0.40000000000000013,True,correct
DBLP,0.6,46,inner,SRSWOR_65_35,188,conf/vldb/NaumannLF99,True,3,gvua8jbnHPkJ,MEQuU1E4vdoJ,True,0.9999771073853138,0.9991903069648387,0.0007868004204750756,0.40000000000000013,True,correct
DBLP,0.6,46,inner,SRSWOR_65_35,189,conf/vldb/Bhashyam96,True,1,url:http://portal.acm.org/ft_gateway.cfm%3Fid%3D245908%26type%3Dpdf%26dl%3DGUIDE%26dl%3DACM%26CFID%3D11111111%26CFTOKEN%3D2222222,url:http://portal.acm.org/ft_gateway.cfm%3Fid%3D245908%26type%3Dpdf%26dl%3DGUIDE%26dl%3DACM%26CFID%3D11111111%26CFTOKEN%3D2222222,True,0.9999911741381633,6.849958591457615e-06,0.9999843241795718,0.40000000000000013,True,correct
DBLP,0.6,46,inner,SRSWOR_65_35,190,conf/sigmod/KiesslingHFE01,True,2,DQKMCTskI-MJ,tNzM8E3W2K4J,True,0.9999916544380347,0.9999861580881941,5.496349840594661e-06,0.40000000000000013,True,correct
DBLP,0.6,46,inner,SRSWOR_65_35,191,conf/vldb/Carey00,False,0,,YNf6LdvNZO0J,False,1.0931042223223467e-05,9.419684461973682e-06,1.511357761249785e-06,0.40000000000000013,False,unmatched_abstention
DBLP,0.6,46,inner,SRSWOR_65_35,192,conf/vldb/BrownG01,True,1,aJoPVuDNDSsJ,aJoPVuDNDSsJ,True,0.9999928688595703,2.1276645672782483e-05,0.9999715922138975,0.40000000000000013,True,correct
DBLP,0.6,46,inner,SRSWOR_65_35,193,journals/vldb/MihailaRT02,True,1,my7mYCzEEJAJ,my7mYCzEEJAJ,True,0.999991430115838,1.1117493731443615e-05,0.9999803126221066,0.40000000000000013,True,correct
DBLP,0.6,46,inner,SRSWOR_65_35,194,conf/sigmod/IoannidisP95,True,3,23K90oRfbbsJ,bv21uJEzUwAJ,True,0.999992577487808,0.9999910794314366,1.498056371396217e-06,0.40000000000000013,True,correct
DBLP,0.6,46,inner,SRSWOR_65_35,195,conf/sigmod/KuhnTS94,True,1,JnV4W3TKPxMJ,JnV4W3TKPxMJ,True,0.999993023287461,1.7441690794519187e-05,0.9999755815966664,0.40000000000000013,True,correct
DBLP,0.6,46,inner,SRSWOR_65_35,196,journals/vldb/DiazJ97,True,1,RKAY1aZAeCoJ,RKAY1aZAeCoJ,True,0.9999890889129593,1.1628704057104642e-05,0.9999774602089022,0.40000000000000013,True,correct
DBLP,0.6,46,inner,SRSWOR_65_35,197,conf/sigmod/ArefBV95,True,2,ht_8Iq3SZ80J,ht_8Iq3SZ80J,True,0.9999931577520483,0.9994168382483916,0.0005763195036567748,0.40000000000000013,True,correct
DBLP,0.6,46,inner,SRSWOR_65_35,198,journals/vldb/HarrisR96,True,1,S8x6zjXc9oAJ,S8x6zjXc9oAJ,True,0.9999873126789001,1.621356803073651e-05,0.9999710991108693,0.40000000000000013,True,correct
DBLP,0.6,46,inner,SRSWOR_65_35,199,conf/sigmod/HungYK96,True,4,3gpc7dPy-ucJ,bTI28RjBpPwJ,True,0.9999934307512948,0.9999870027416915,6.428009603265394e-06,0.40000000000000013,True,correct
DBLP,0.6,46,inner,SRSWOR_65_35,200,journals/sigmod/AbererCDDHPS03,True,1,hBrgosYDi3oJ,hBrgosYDi3oJ,True,0.9999917707350672,0.0014833021602343424,0.9985084685748329,0.40000000000000013,True,correct
DBLP,0.6,46,inner,SRSWOR_65_35,201,journals/sigmod/SlivinskasJS02,True,2,url:http://portal.acm.org/ft_gateway.cfm%3Fid%3D565119%26type%3Dpdf%26dl%3DGUIDE%26dl%3DACM%26CFID%3D11111111%26CFTOKEN%3D2222222,xTPSs2k_pUIJ,True,0.9999923630532321,0.9999896911863952,2.6718668368896914e-06,0.40000000000000013,True,correct
DBLP,0.6,46,inner,SRSWOR_65_35,202,conf/vldb/Sarawagi95,True,2,C8lF7grRFcMJ,w9je55hjOlwJ,True,0.9999861327464793,0.9999047812294926,8.135151698673848e-05,0.40000000000000013,True,correct
DBLP,0.6,46,inner,SRSWOR_65_35,203,conf/sigmod/KornJF97,True,5,atWqYF6LcuwJ,QLMiox_WLF4J,True,0.9999886077784048,0.999988014105068,5.936733368239189e-07,0.40000000000000013,True,correct
DBLP,0.6,46,inner,SRSWOR_65_35,204,conf/sigmod/LeeKOTM00,True,1,C8RLbWKCgicJ,C8RLbWKCgicJ,True,0.9999912004606374,1.989483869608272e-05,0.9999713056219413,0.40000000000000013,True,correct
DBLP,0.6,46,inner,SRSWOR_65_35,205,conf/sigmod/Sheth95,True,5,0CD9uUPdnbUJ,eU-7sSXW5jEJ,True,0.9999904120202792,0.9999892550596532,1.1569606259698162e-06,0.40000000000000013,True,correct
DBLP,0.6,46,inner,SRSWOR_65_35,206,journals/tods/DeyS96,True,3,Jfo57_VwkfUJ,uZVc1wSi3y4J,True,0.9999925316402297,0.9999493813566589,4.315028357082529e-05,0.40000000000000013,True,correct
DBLP,0.6,46,inner,SRSWOR_65_35,207,conf/vldb/MignetMAC01,True,4,KkI-NuyDkDQJ,VaDXNMtPZ4oJ,True,0.9999913538366317,0.999991065000002,2.888366297248979e-07,0.40000000000000013,True,correct
DBLP,0.6,46,inner,SRSWOR_65_35,208,journals/sigmod/KarlapalemLS95,True,1,B_m0Yp4aycUJ,B_m0Yp4aycUJ,True,0.9999812669486262,1.191171286601432e-05,0.9999693552357602,0.40000000000000013,True,correct
DBLP,0.6,46,inner,SRSWOR_65_35,209,journals/sigmod/BarclayBGS94,True,2,v1aol6mmLdMJ,wPhDoeiINQsJ,True,0.9999926312593899,0.9997121300340893,0.00028050122530054455,0.40000000000000013,True,correct
DBLP,0.6,46,inner,SRSWOR_65_35,210,conf/sigmod/Hope95,True,1,w3Aykr4vDVwJ,w3Aykr4vDVwJ,True,0.9999839735346286,1.418421967105474e-05,0.9999697893149576,0.40000000000000013,True,correct
DBLP,0.6,46,inner,SRSWOR_65_35,211,conf/sigmod/BrownCL96,True,1,H4A7nUWyXtQJ,H4A7nUWyXtQJ,True,0.9999922301143837,2.3335239597361045e-05,0.9999688948747862,0.40000000000000013,True,correct
DBLP,0.6,46,inner,SRSWOR_65_35,212,conf/vldb/LlirbatST97,True,1,v1fsWCSPn2MJ,v1fsWCSPn2MJ,True,0.9883190302245184,8.840148489413726e-06,0.9883101900760289,0.40000000000000013,True,correct
DBLP,0.6,46,inner,SRSWOR_65_35,213,conf/vldb/LudascherMP02,True,1,cxnuI54po5EJ,cxnuI54po5EJ,True,0.9999913950319086,1.221399642240223e-05,0.9999791810354862,0.40000000000000013,True,correct
DBLP,0.6,46,inner,SRSWOR_65_35,214,journals/sigmod/TsotrasJS98,True,2,f3-E7x12K4gJ,f3-E7x12K4gJ,True,0.9999923065174664,0.9999863493236859,5.957193780492531e-06,0.40000000000000013,True,correct
DBLP,0.6,46,inner,SRSWOR_65_35,215,journals/sigmod/Richey95,True,1,2p2A5_qGf5cJ,2p2A5_qGf5cJ,True,0.9999918081317616,9.866177792755755e-06,0.9999819419539688,0.40000000000000013,True,correct
DBLP,0.6,46,inner,SRSWOR_65_35,216,conf/vldb/DoDJJR98,True,1,69kmXg9nRZkJ,69kmXg9nRZkJ,True,0.9999917880138368,8.43629742578242e-06,0.9999833517164111,0.40000000000000013,True,correct
DBLP,0.6,46,inner,SRSWOR_65_35,217,conf/sigmod/JagadishKS00,True,1,OZRYdxoJqXMJ,OZRYdxoJqXMJ,True,0.9999908646478657,2.143897754336091e-05,0.9999694256703223,0.40000000000000013,True,correct
DBLP,0.6,46,inner,SRSWOR_65_35,218,journals/sigmod/BarbaraBFLS94,True,4,dgFX6qIJoX8J,url:http://portal.acm.org/citation.cfm%3Fid%3D187455,True,0.9999874056233066,0.9999871347427971,2.708805094675526e-07,0.40000000000000013,True,correct
DBLP,0.6,46,inner,SRSWOR_65_35,219,conf/vldb/Schoning98,True,2,HEJ1Z4Q_xXMJ,HEJ1Z4Q_xXMJ,True,0.9999904813158096,0.9999877564517712,2.724864038405883e-06,0.40000000000000013,True,correct
DBLP,0.6,46,inner,SRSWOR_65_35,220,conf/vldb/OuzzaniAB94,True,3,CgoUJ7DogcwJ,CgoUJ7DogcwJ,True,0.9999934195903335,0.9999929327164966,4.868738369134817e-07,0.40000000000000013,True,correct
DBLP,0.6,46,inner,SRSWOR_65_35,221,conf/sigmod/MinPC03,True,1,JjrRZt4ONqMJ,JjrRZt4ONqMJ,True,0.9999871578737842,1.065701337614631e-05,0.9999765008604081,0.40000000000000013,True,correct
DBLP,0.6,46,inner,SRSWOR_65_35,222,conf/sigmod/GuptaLM03,True,1,iCg06Oc9DV8J,iCg06Oc9DV8J,True,0.9999934652799743,1.6090402364352425e-05,0.99997737487761,0.40000000000000013,True,correct
DBLP,0.6,46,inner,SRSWOR_65_35,223,journals/sigmod/Franklin99a,False,0,,diQK7Y_z3XwJ,False,7.003527083988501e-05,5.011346390743226e-05,1.9921806932452757e-05,0.40000000000000013,False,unmatched_abstention
DBLP,0.6,46,inner,SRSWOR_65_35,224,conf/vldb/UrhanF01,True,1,0-FUXURm1FQJ,0-FUXURm1FQJ,True,0.9999917686236913,8.686578282525441e-06,0.9999830820454088,0.40000000000000013,True,correct
DBLP,0.6,46,inner,SRSWOR_65_35,225,conf/sigmod/BozkayaO97,True,3,37lliRw_cOQJ,gIZvbo_lu2IJ,True,0.9999877894974875,0.999971463015766,1.6326481721451458e-05,0.40000000000000013,True,correct
DBLP,0.6,46,inner,SRSWOR_65_35,226,conf/sigmod/HillyerS96,True,2,V-pwJ8K5ZTEJ,V-pwJ8K5ZTEJ,True,0.9999924787198877,0.9999891116564786,3.367063409087656e-06,0.40000000000000013,True,correct
DBLP,0.6,46,inner,SRSWOR_65_35,227,conf/sigmod/AdelbergGW97,True,2,XytbGy--8LMJ,zZo47Z-jVX4J,True,0.9999934570486154,0.9999786009763137,1.4856072301672185e-05,0.40000000000000013,True,correct
DBLP,0.6,46,inner,SRSWOR_65_35,228,conf/sigmod/RoussopoulosKV95,True,7,00c1qmRdM5IJ,efwTNo1wRnMJ,True,0.999992148476166,0.9999888338519523,3.314624213768269e-06,0.40000000000000013,True,correct
DBLP,0.6,46,inner,SRSWOR_65_35,229,conf/sigmod/DoanDH01,True,1,Lv0bggWzgeoJ,Lv0bggWzgeoJ,True,0.9999924378101588,8.991833342676556e-05,0.999902519476732,0.40000000000000013,True,correct
DBLP,0.6,46,inner,SRSWOR_65_35,230,conf/sigmod/BorkarDS01,True,3,8fu2bhk_i9EJ,8zFEVer1rBUJ,True,0.999990624838654,0.9999768558672253,1.3768971428684829e-05,0.40000000000000013,True,correct
DBLP,0.6,46,inner,SRSWOR_65_35,231,journals/sigmod/WangD03,False,0,,enUg70kEpM8J,False,0.9994270936823487,8.248452018451216e-06,0.9994188452303303,0.40000000000000013,True,false_link
DBLP,0.6,46,inner,SRSWOR_65_35,232,conf/sigmod/KabraD98,True,3,E0nhpX8pYsQJ,V9XUvirmVEEJ,True,0.9999891508470056,0.9999841181657187,5.032681286820662e-06,0.40000000000000013,True,correct
DBLP,0.6,46,inner,SRSWOR_65_35,233,conf/vldb/Pound99,True,1,zWp_JdEQ8MgJ,zWp_JdEQ8MgJ,True,0.99999396533627,1.4939222101968243e-05,0.9999790261141681,0.40000000000000013,True,correct
DBLP,0.6,46,inner,SRSWOR_65_35,234,conf/sigmod/Chamberlin03,True,2,_F5D4QMbZ0sJ,lEqiau26hxoJ,True,0.9999746203192112,0.999963448684209,1.117163500219398e-05,0.40000000000000013,True,correct
DBLP,0.6,46,inner,SRSWOR_65_35,235,journals/sigmod/Winslett03,False,0,,8lafnpE84ocJ,False,0.27120056443525975,0.0013579308698749477,0.2698426335653848,0.40000000000000013,False,unmatched_abstention
DBLP,0.6,46,inner,SRSWOR_65_35,236,conf/vldb/ZhouLZLZJT01,True,2,fJQ7Col2vYsJ,fJQ7Col2vYsJ,True,0.9999915380551203,0.9999842013251843,7.336729936024966e-06,0.40000000000000013,True,correct
DBLP,0.6,46,inner,SRSWOR_65_35,237,journals/sigmod/CeriFP99,True,2,mr8XDkQ7adAJ,zCbDZVfxWhAJ,True,0.9999919952537868,0.9999103558036664,8.163945012040763e-05,0.40000000000000013,True,correct
DBLP,0.6,46,inner,SRSWOR_65_35,238,journals/sigmod/Palpanas00,True,2,MGG31wuhuUIJ,MGG31wuhuUIJ,True,0.999992888405256,0.9998968780186079,9.601038664808215e-05,0.40000000000000013,True,correct
DBLP,0.6,46,inner,SRSWOR_65_35,239,conf/sigmod/BohannonDGKLNS03,True,1,83wqw4ciNWoJ,83wqw4ciNWoJ,True,0.9970102812319058,1.1492832530986088e-05,0.9969987883993748,0.40000000000000013,True,correct
DBLP,0.6,46,inner,SRSWOR_65_35,240,conf/vldb/LeslieJBY95,True,1,zmwPMSd8rGgJ,zmwPMSd8rGgJ,True,0.9999917677836999,7.356593357864118e-06,0.9999844111903421,0.40000000000000013,True,correct
DBLP,0.6,46,inner,SRSWOR_65_35,241,conf/vldb/ShanmugasundaramKSFF01,True,1,9r5dL8B5l7oJ,9r5dL8B5l7oJ,True,0.9997825812428123,0.0001652686062721899,0.9996173126365401,0.40000000000000013,True,correct
DBLP,0.6,46,inner,SRSWOR_65_35,242,conf/sigmod/Wu99,True,2,oIDF-Jhm9CYJ,xl1Jscb79KEJ,True,0.9999844477996778,0.9999066208853312,7.782691434654598e-05,0.40000000000000013,True,correct
DBLP,0.6,46,inner,SRSWOR_65_35,243,conf/vldb/OzsuLON01,True,2,qqdXmdgAaMgJ,qqdXmdgAaMgJ,True,0.9999926107109981,0.9999905553900981,2.055320900029578e-06,0.40000000000000013,True,correct
DBLP,0.6,46,inner,SRSWOR_65_35,244,conf/sigmod/Chong98,True,1,W-6r_OOEHLUJ,W-6r_OOEHLUJ,True,0.9999904559736794,1.6831575815835594e-05,0.9999736243978635,0.40000000000000013,True,correct
DBLP,0.6,46,inner,SRSWOR_65_35,245,journals/sigmod/Geller02,True,1,url:http://portal.acm.org/ft_gateway.cfm%3Fid%3D507355%26type%3Dpdf%26dl%3DGUIDE%26dl%3DACM%26CFID%3D11111111%26CFTOKEN%3D2222222,url:http://portal.acm.org/ft_gateway.cfm%3Fid%3D507355%26type%3Dpdf%26dl%3DGUIDE%26dl%3DACM%26CFID%3D11111111%26CFTOKEN%3D2222222,True,0.9997856743629878,0.0015071801777762474,0.9982784941852115,0.40000000000000013,True,correct
DBLP,0.6,46,inner,SRSWOR_65_35,246,conf/vldb/RothS97,True,12,1fQr1rJ4yCwJ,1fQr1rJ4yCwJ,True,0.9999930448047851,0.9999923942484299,6.505563552305915e-07,0.40000000000000013,True,correct
DBLP,0.6,46,inner,SRSWOR_65_35,247,conf/vldb/GoyalHSS95,True,3,2sGH4SLcdL4J,2sGH4SLcdL4J,True,0.9999907090379307,0.999972323541514,1.838549641675069e-05,0.40000000000000013,True,correct
DBLP,0.6,46,inner,SRSWOR_65_35,248,conf/vldb/LuoN01,True,1,TRWSf77xoWsJ,TRWSf77xoWsJ,True,0.9999871148146174,1.1138888629720048e-05,0.9999759759259877,0.40000000000000013,True,correct
DBLP,0.6,46,inner,SRSWOR_65_35,249,conf/sigmod/DarR94,True,1,TtV6gGLQ9NMJ,TtV6gGLQ9NMJ,True,0.9999939235253941,0.0002184514906149388,0.9997754720347791,0.40000000000000013,True,correct
DBLP,0.6,46,inner,SRSWOR_65_35,250,journals/tods/BunemanO96,True,3,Q28u7TpTgI0J,-ZDi1Wdy_DoJ,True,0.9999911053323409,0.9999903842472229,7.210851180605715e-07,0.40000000000000013,True,correct
DBLP,0.6,46,inner,SRSWOR_65_35,251,journals/tods/Snodgrass01a,False,0,,url:http://www.ingentaconnect.com/content/els/09505849/2001/00000043/00000014/art00205,False,0.0050184111048887205,0.003938518746435982,0.0010798923584527387,0.40000000000000013,False,unmatched_abstention
DBLP,0.6,46,inner,SRSWOR_65_35,252,conf/vldb/Hallmark95,True,2,tiAgO7G7YuAJ,xTKZ6OuegIEJ,True,0.9998650464855107,0.0006587938024621042,0.9992062526830485,0.40000000000000013,True,correct
DBLP,0.6,46,inner,SRSWOR_65_35,253,journals/sigmod/HansonN99,True,4,b5uRDGKYrcMJ,b5uRDGKYrcMJ,True,0.9999920283618838,0.9999806070977694,1.142126411446398e-05,0.40000000000000013,True,correct
DBLP,0.6,46,inner,SRSWOR_65_35,254,conf/vldb/LeeWMS02,True,1,c-MP8R47zVIJ,c-MP8R47zVIJ,True,0.9999930611424087,1.0908714842318897e-05,0.9999821524275664,0.40000000000000013,True,correct
DBLP,0.6,46,inner,SRSWOR_65_35,255,journals/tods/PolyzoisG94,True,2,LoL0Yu6h4VAJ,LoL0Yu6h4VAJ,True,0.9999917077665239,0.9999915544372205,1.5332930336509065e-07,0.40000000000000013,True,correct
DBLP,0.6,46,inner,SRSWOR_65_35,256,conf/sigmod/JohnsonD03,True,1,5OYgUpRggiMJ,5OYgUpRggiMJ,True,0.9999910106074442,1.4056897387195773e-05,0.999976953710057,0.40000000000000013,True,correct
DBLP,0.6,46,inner,SRSWOR_65_35,257,conf/vldb/MendelzonV00,True,2,Ah3ENTVwMj4J,AQLsLBctUI4J,True,0.9999829068098341,0.9999822808932547,6.259165794553212e-07,0.40000000000000013,True,correct
DBLP,0.6,46,inner,SRSWOR_65_35,258,conf/sigmod/Chakravarthy97,True,3,5Ng-bLUNAsQJ,5Ng-bLUNAsQJ,True,0.9999925675286114,0.9999669861413072,2.5581387304240977e-05,0.40000000000000013,True,correct
DBLP,0.6,46,inner,SRSWOR_65_35,259,journals/vldb/SaltenisJ02,True,1,HSEOZDaC8ZUJ,HSEOZDaC8ZUJ,True,0.9999888292507446,0.9364593981273418,0.06352943112340281,0.40000000000000013,True,correct
DBLP,0.6,46,inner,SRSWOR_65_35,260,journals/vldb/MuckP97,True,1,yHSQJtyFciMJ,yHSQJtyFciMJ,True,0.998655700549123,1.0005645825193174e-05,0.9986456949032978,0.40000000000000013,True,correct
DBLP,0.6,46,inner,SRSWOR_65_35,261,journals/sigmod/Bussler02,True,1,Phcd3C1cfLcJ,Phcd3C1cfLcJ,True,0.9999930896442564,5.442481408433995e-05,0.999938664830172,0.40000000000000013,True,correct
DBLP,0.6,46,inner,SRSWOR_65_35,262,conf/sigmod/ShashaB02,True,2,3HUnvGuXtZEJ,DEl2TsijDYEJ,True,0.9990020103163334,0.9989790338646332,2.2976451700240652e-05,0.40000000000000013,True,correct
DBLP,0.6,46,inner,SRSWOR_65_35,263,journals/sigmod/Ozsoyoglu00,False,0,,url:http://portal.acm.org/ft_gateway.cfm%3Fid%3D601859%26type%3Dpdf%26dl%3DGUIDE%26dl%3DACM%26CFID%3D11111111%26CFTOKEN%3D2222222,False,0.0008825932934467257,0.00022729613644766923,0.0006552971569990564,0.40000000000000013,False,unmatched_abstention
DBLP,0.6,46,inner,SRSWOR_65_35,264,journals/sigmod/BilirisP96,True,1,fu9j50Kk4Y4J,fu9j50Kk4Y4J,True,0.9999924759865553,1.2174526910153435e-05,0.9999803014596451,0.40000000000000013,True,correct
DBLP,0.6,46,inner,SRSWOR_65_35,265,conf/sigmod/GarofalakisGR02,True,4,Hz7TBeGZRz8J,S6PWjHRFORYJ,True,0.9999918025675079,0.9999375004259439,5.4302141563988826e-05,0.40000000000000013,True,correct
DBLP,0.6,46,inner,SRSWOR_65_35,266,conf/sigmod/UrhanFA98,True,1,ufjnZovcIb4J,ufjnZovcIb4J,True,0.9999858775312469,7.966363875179206e-06,0.9999779111673717,0.40000000000000013,True,correct
DBLP,0.6,46,inner,SRSWOR_65_35,267,conf/vldb/KaushikBNS02,True,1,dL5oJVHK10kJ,dL5oJVHK10kJ,True,0.9999907832212978,7.921688594514404e-06,0.9999828615327032,0.40000000000000013,True,correct
DBLP,0.6,46,inner,SRSWOR_65_35,268,journals/vldb/PacittiS00,True,5,9ReaNbX2I-IJ,yXCROrOo320J,True,0.9999916798120919,0.9999743958142819,1.7283997809980356e-05,0.40000000000000013,True,correct
DBLP,0.6,46,inner,SRSWOR_65_35,269,conf/vldb/CabreraRH95,True,1,x3WHLHvq-SEJ,x3WHLHvq-SEJ,True,0.9999924746589883,9.324621794303574e-06,0.9999831500371941,0.40000000000000013,True,correct
DBLP,0.6,46,inner,SRSWOR_65_35,270,conf/vldb/SattlerGS03,True,1,7y1DNkciIFQJ,7y1DNkciIFQJ,True,0.9999904814065855,0.0004486197697455228,0.99954186163684,0.40000000000000013,True,correct
DBLP,0.6,46,inner,SRSWOR_65_35,271,journals/sigmod/Etzion99,True,2,aDxXrqrMy9IJ,aDxXrqrMy9IJ,True,0.9999929515561508,0.999990482060147,2.4694960037985325e-06,0.40000000000000013,True,correct
DBLP,0.6,46,inner,SRSWOR_65_35,272,conf/sigmod/BarbosaMKL02,True,2,ueKnwQCE3nIJ,wO-iR4jRq0UJ,True,0.9999738269359791,0.9945533269287241,0.005420500007255025,0.40000000000000013,True,correct
DBLP,0.6,46,inner,SRSWOR_65_35,273,journals/sigmod/BallMRZ02,True,1,Mfc9xsb7BuQJ,Mfc9xsb7BuQJ,True,0.9999915825239037,8.781088336129987e-06,0.9999828014355676,0.40000000000000013,True,correct
DBLP,0.6,46,inner,SRSWOR_65_35,274,conf/sigmod/ShenNSHS03,True,1,LjrsWIr3rhAJ,LjrsWIr3rhAJ,True,0.9999929147454951,1.1255291266780798e-05,0.9999816594542283,0.40000000000000013,True,correct
DBLP,0.6,46,inner,SRSWOR_65_35,275,journals/sigmod/Zhang95,True,1,f86VsMJZ9gAJ,f86VsMJZ9gAJ,True,0.9999934775951603,1.4421703247852705e-05,0.9999790558919125,0.40000000000000013,True,correct
DBLP,0.6,46,inner,SRSWOR_65_35,276,conf/vldb/AbrolLMMMRTWZ01,True,1,w9Ma-YjZHYkJ,w9Ma-YjZHYkJ,True,0.9999909057111237,9.551510938242452e-06,0.9999813542001854,0.40000000000000013,True,correct
DBLP,0.6,46,inner,SRSWOR_65_35,277,conf/sigmod/Levine95,True,1,url:http://portal.acm.org/ft_gateway.cfm%3Fid%3D223878%26type%3Dpdf%26dl%3DGUIDE%26dl%3DACM%26CFID%3D11111111%26CFTOKEN%3D2222222,url:http://portal.acm.org/ft_gateway.cfm%3Fid%3D223878%26type%3Dpdf%26dl%3DGUIDE%26dl%3DACM%26CFID%3D11111111%26CFTOKEN%3D2222222,True,0.9999691955098686,8.425250268544905e-06,0.9999607702596001,0.40000000000000013,True,correct
DBLP,0.6,46,inner,SRSWOR_65_35,278,conf/sigmod/OoiTZGLLLNSWZ03,True,1,l78OeieL4ZsJ,l78OeieL4ZsJ,True,0.9999380848016444,9.62827826217284e-06,0.9999284565233822,0.40000000000000013,True,correct
DBLP,0.6,46,inner,SRSWOR_65_35,279,conf/vldb/ShashaB02,True,4,3HUnvGuXtZEJ,DEl2TsijDYEJ,True,0.9999902323475723,0.9999858842771262,4.348070446136276e-06,0.40000000000000013,True,correct
DBLP,0.6,46,inner,SRSWOR_65_35,280,conf/vldb/Sterling98,True,1,LlP2Fn3bzUMJ,LlP2Fn3bzUMJ,True,0.9999898664049689,0.020684020064223856,0.979305846340745,0.40000000000000013,True,correct
DBLP,0.6,46,inner,SRSWOR_65_35,281,conf/sigmod/SagonasSW94a,True,6,0hHYO7tQJUgJ,nDGblldnEGAJ,True,0.9999920799883605,0.999883460886036,0.00010861910232451422,0.40000000000000013,True,correct
DBLP,0.6,46,inner,SRSWOR_65_35,282,conf/vldb/CareyKRLABFLOPQRSSUVWY01,True,1,_pAcjtd1nbEJ,_pAcjtd1nbEJ,True,0.9999906861764205,1.077816134141182e-05,0.9999799080150791,0.40000000000000013,True,correct
DBLP,0.6,46,inner,SRSWOR_65_35,283,journals/sigmod/TanakaV01,True,2,sQu8znidi50J,tA1HEgZGgrsJ,True,0.9999467387426767,0.9993959706116048,0.0005507681310719104,0.40000000000000013,True,correct
DBLP,0.6,46,inner,SRSWOR_65_35,284,conf/vldb/ZemankovaI94,True,1,Y1ZxtWV-qeUJ,Y1ZxtWV-qeUJ,True,0.9999893146342684,1.1384662519697762e-05,0.9999779299717487,0.40000000000000013,True,correct
DBLP,0.6,46,inner,SRSWOR_65_35,285,journals/sigmod/RossAJS02,False,0,,tOa0zXK5Ba4J,False,0.9998991995258701,0.8593551389032095,0.14054406062266067,0.40000000000000013,True,false_link
DBLP,0.6,46,inner,SRSWOR_65_35,286,conf/vldb/AgrawalCN00,True,10,_tle794_iKcJ,U8CMJBaJyX8J,True,0.9999891706010587,0.9999778055006651,1.1365100393678773e-05,0.40000000000000013,True,correct
DBLP,0.6,46,inner,SRSWOR_65_35,287,conf/vldb/AgrawalSX02,True,1,a1CLM5GoVtYJ,a1CLM5GoVtYJ,True,0.9999905978972505,4.2605883000672834e-05,0.9999479920142499,0.40000000000000013,True,correct
DBLP,0.6,46,inner,SRSWOR_65_35,288,conf/vldb/Bernstein94,True,1,TqLyg1wbo5UJ,TqLyg1wbo5UJ,True,0.9999900732877566,1.206392094323981e-05,0.9999780093668134,0.40000000000000013,True,correct
DBLP,0.6,46,inner,SRSWOR_65_35,289,conf/sigmod/ReissK03,True,1,L1m30vG-d5sJ,L1m30vG-d5sJ,True,0.9999937634007213,1.0196402254533316e-05,0.9999835669984668,0.40000000000000013,True,correct
DBLP,0.6,46,inner,SRSWOR_65_35,290,conf/sigmod/LiuHBPT99,True,2,BIox2W-EPfEJ,PKQ1dCQIwi0J,True,0.999993124733266,0.9999674780830126,2.5646650253396963e-05,0.40000000000000013,True,correct
DBLP,0.6,46,inner,SRSWOR_65_35,291,journals/sigmod/ForteHWDCVHFS99,True,1,7ML1mmPqIooJ,7ML1mmPqIooJ,True,0.9999932026153698,2.0935325681808537e-05,0.999972267289688,0.40000000000000013,True,correct
DBLP,0.6,46,inner,SRSWOR_65_35,292,conf/vldb/BalminPP00,True,1,FoAVdcYe0tsJ,FoAVdcYe0tsJ,True,0.9999929295345764,0.03357875733199,0.9664141722025864,0.40000000000000013,True,correct
DBLP,0.6,46,inner,SRSWOR_65_35,293,conf/vldb/X00,False,0,,url:http://portal.acm.org/ft_gateway.cfm%3Fid%3D764213%26type%3Dpdf%26dl%3DGUIDE%26dl%3DACM%26CFID%3D11111111%26CFTOKEN%3D2222222,False,1.588931809730125e-05,1.316454250068676e-05,2.72477559661449e-06,0.40000000000000013,False,unmatched_abstention
DBLP,0.6,46,inner,SRSWOR_65_35,294,journals/tods/LiuHD98,True,2,aYjE-ILUHaoJ,aYjE-ILUHaoJ,True,0.9999912226374035,0.06911845098429938,0.9308727716531041,0.40000000000000013,True,correct
DBLP,0.6,46,inner,SRSWOR_65_35,295,conf/vldb/GuPS00,True,2,mRWLGqueLNsJ,mRWLGqueLNsJ,True,0.9999929502049248,0.9999890819806885,3.868224236369677e-06,0.40000000000000013,True,correct
DBLP,0.6,46,inner,SRSWOR_65_35,296,journals/vldb/SofferS98,True,1,miubKxLrikUJ,miubKxLrikUJ,True,0.999992403686437,0.9437474552576565,0.05624494842878058,0.40000000000000013,True,correct
DBLP,0.6,46,inner,SRSWOR_65_35,297,conf/sigmod/FernandezFKLS97,True,3,4BpkEHas0LcJ,ek26aiEheesJ,True,0.9999914461685261,0.9999910499050889,3.962634371745821e-07,0.40000000000000013,True,correct
DBLP,0.6,46,inner,SRSWOR_65_35,298,journals/tods/MumickFPR96,True,3,foXmpW4KwtkJ,kaZA2eBctgUJ,True,0.9997327020097607,0.907593203048062,0.09213949896169871,0.40000000000000013,True,correct
DBLP,0.6,46,inner,SRSWOR_65_35,299,journals/sigmod/SpynsMJ02,True,3,GVrDsGpbJGsJ,jD6nDNmhP3AJ,True,0.9999915503446712,0.9999562545348325,3.5295809838742365e-05,0.40000000000000013,True,correct
DBLP,0.6,46,inner,SRSWOR_65_35,300,conf/sigmod/Cabrera03,False,0,,NN8a0RhNBfAJ,False,0.0001942772412077606,0.00014588802946430014,4.8389211743460466e-05,0.40000000000000013,False,unmatched_abstention
DBLP,0.6,46,inner,SRSWOR_65_35,301,conf/sigmod/KanthRA02,True,1,RgDMwqhT30wJ,RgDMwqhT30wJ,True,0.9999909413474939,9.574283073206018e-06,0.9999813670644206,0.40000000000000013,True,correct
DBLP,0.6,46,inner,SRSWOR_65_35,302,journals/sigmod/MedeirosP94,True,3,5aANcyqvjJQJ,chmPCuLihZoJ,True,0.9999812320080766,0.9999794418885901,1.7901194865332926e-06,0.40000000000000013,True,correct
DBLP,0.6,46,inner,SRSWOR_65_35,303,conf/vldb/ChristopheBPV00,True,5,8DRB_dYz2CgJ,8DRB_dYz2CgJ,True,0.9999910752108471,0.9999799449774582,1.1130233388834121e-05,0.40000000000000013,True,correct
DBLP,0.6,46,inner,SRSWOR_65_35,304,conf/sigmod/MoleskyR95,True,2,mSR0bA8pIOwJ,u03oQbB0y-oJ,True,0.9999910188935937,0.9980694295194203,0.0019215893741733048,0.40000000000000013,True,correct
DBLP,0.6,46,inner,SRSWOR_65_35,305,journals/vldb/OzsuPSILM95,True,5,2Y6WYH71fO0J,2Y6WYH71fO0J,True,0.9999923472325313,0.9999915354320056,8.118005256907423e-07,0.40000000000000013,True,correct
DBLP,0.6,46,inner,SRSWOR_65_35,306,conf/sigmod/TsurUACMNR98,True,5,aym35wwVDlQJ,aym35wwVDlQJ,True,0.999991814004513,0.9999891377094173,2.6762950956493725e-06,0.40000000000000013,True,correct
DBLP,0.6,46,inner,SRSWOR_65_35,307,conf/sigmod/GuptaMR95,True,4,2GUwicKtWTUJ,ELtcV7mOQDgJ,True,0.9999902566854196,0.9999649470417556,2.530964366398436e-05,0.40000000000000013,True,correct
DBLP,0.6,46,inner,SRSWOR_65_35,308,conf/sigmod/FernandezMS01,True,1,JYYcPQLrBw8J,JYYcPQLrBw8J,True,0.9999817435095159,1.3839430335721065e-05,0.9999679040791801,0.40000000000000013,True,correct
DBLP,0.6,46,inner,SRSWOR_65_35,309,journals/sigmod/HuangKL02,True,2,g4mWc14U8m4J,yyUMt1X2WXcJ,True,0.9999935401361656,0.9999806624087354,1.2877727430193886e-05,0.40000000000000013,True,correct
DBLP,0.6,46,inner,SRSWOR_65_35,310,journals/sigmod/LohmanGFS01,False,0,,DPf__9SuvxoJ,False,8.48624130595461e-05,3.186788493966418e-05,5.2994528119881914e-05,0.40000000000000013,False,unmatched_abstention
DBLP,0.6,46,inner,SRSWOR_65_35,311,conf/sigmod/MarklL02,True,2,5fSqMJg7FV4J,b7IXEwTLIHAJ,True,0.9999901191803157,0.14843600821638706,0.8515541109639286,0.40000000000000013,True,correct
DBLP,0.6,46,inner,SRSWOR_65_35,312,conf/sigmod/ZhaoDN97,True,3,b-Va1c3t13gJ,YwLoGdTgG-sJ,True,0.9999931044694237,0.9999899809195246,3.1235498990644928e-06,0.40000000000000013,True,correct
DBLP,0.6,46,inner,SRSWOR_65_35,313,conf/vldb/AgrawalSX01,True,2,bpWvAVOZLbwJ,bpWvAVOZLbwJ,True,0.9999913848994149,0.9999813179904297,1.0066908985195688e-05,0.40000000000000013,True,correct
DBLP,0.6,46,inner,SRSWOR_65_35,314,journals/sigmod/BoscMP01,True,2,url:http://portal.acm.org/ft_gateway.cfm%3Fid%3D373708%26type%3Dpdf%26dl%3DGUIDE%26dl%3DACM%26CFID%3D11111111%26CFTOKEN%3D2222222,url:http://portal.acm.org/ft_gateway.cfm%3Fid%3D373708%26type%3Dpdf%26dl%3DGUIDE%26dl%3DACM%26CFID%3D11111111%26CFTOKEN%3D2222222,True,0.999993258715056,0.9982974825956807,0.001695776119375214,0.40000000000000013,True,correct
DBLP,0.6,46,inner,SRSWOR_65_35,315,journals/sigmod/MusickC99,True,2,mA4kKq9Z3tYJ,mA4kKq9Z3tYJ,True,0.9999935857473894,0.999984202153823,9.383593566392179e-06,0.40000000000000013,True,correct
DBLP,0.6,46,inner,SRSWOR_65_35,316,conf/sigmod/HoAMS97,True,7,1HAB-tuw7N4J,1HAB-tuw7N4J,True,0.9999900913906019,0.9999776622768468,1.2429113755096921e-05,0.40000000000000013,True,correct
DBLP,0.6,46,inner,SRSWOR_65_35,317,conf/vldb/ManolopoulosT01,True,2,BqSvyuGWls8J,hr5OGCJqc2MJ,True,0.9999922588042208,0.0002788206878958023,0.9997134381163251,0.40000000000000013,True,correct
DBLP,0.6,46,inner,SRSWOR_65_35,318,journals/sigmod/HadzilacosT97,True,2,a8YsBAmwFjoJ,a8YsBAmwFjoJ,True,0.9999933301579882,0.9999890682384599,4.261919528292246e-06,0.40000000000000013,True,correct
DBLP,0.6,46,inner,SRSWOR_65_35,319,conf/sigmod/BilirisP94,True,1,KYhmilHkq_IJ,KYhmilHkq_IJ,True,0.9999931901511755,1.6342460400779774e-05,0.9999768476907747,0.40000000000000013,True,correct
DBLP,0.6,46,inner,SRSWOR_65_35,320,journals/tods/MokNE96,True,1,xUeP4X8k5SoJ,xUeP4X8k5SoJ,True,0.9998836534217589,0.0047025684287577176,0.9951810849930012,0.40000000000000013,True,correct
DBLP,0.6,46,inner,SRSWOR_65_35,321,journals/tods/GravanoGT99,True,3,a1TYKJbJRREJ,aXLcAfb2y5kJ,True,0.999991807303615,0.999973237201654,1.8570101961046248e-05,0.40000000000000013,True,correct
DBLP,0.6,46,inner,SRSWOR_65_35,322,journals/vldb/RamanRH00,True,1,CgiCp6N9XZQJ,CgiCp6N9XZQJ,True,0.9999901306320313,0.9998384757633494,0.00015165486868196076,0.40000000000000013,True,correct
DBLP,0.6,46,inner,SRSWOR_65_35,323,conf/sigmod/NazeriBO01,True,1,2E9I_lugGC4J,2E9I_lugGC4J,True,0.9999912137264882,0.003927590658178949,0.9960636230683093,0.40000000000000013,True,correct
DBLP,0.6,46,inner,SRSWOR_65_35,324,journals/sigmod/Ioannidis96,True,1,IgQsVaud8BIJ,IgQsVaud8BIJ,True,0.9999889241483348,0.00014773841185610064,0.9998411857364787,0.40000000000000013,True,correct
DBLP,0.6,46,inner,SRSWOR_65_35,325,conf/vldb/MiningGroup96,True,1,fGw7o-RlqlcJ,fGw7o-RlqlcJ,True,0.9999862714493053,2.7393131729167633e-05,0.9999588783175761,0.40000000000000013,True,correct
DBLP,0.6,46,inner,SRSWOR_65_35,326,conf/vldb/KerstenWFKBC03,True,1,Ub6YwssjyiYJ,Ub6YwssjyiYJ,True,0.9999893976055642,7.359330006336423e-06,0.9999820382755579,0.40000000000000013,True,correct
DBLP,0.6,46,inner,SRSWOR_65_35,327,conf/sigmod/NestorovAM98,True,2,5icRoG_Vmc0J,5icRoG_Vmc0J,True,0.9999860624251841,0.9973144933429624,0.0026715690822216587,0.40000000000000013,True,correct
DBLP,0.6,46,inner,SRSWOR_65_35,328,journals/tods/BaralisW00,True,1,4RrNbX-RjpsJ,4RrNbX-RjpsJ,True,0.999992950877209,0.051162110475245506,0.9488308404019634,0.40000000000000013,True,correct
DBLP,0.6,46,inner,SRSWOR_65_35,329,journals/vldb/AlbanoGO95,True,2,_tswCGHoswMJ,_tswCGHoswMJ,True,0.9999925504408435,0.9999751458000684,1.740464077504278e-05,0.40000000000000013,True,correct
DBLP,0.6,46,inner,SRSWOR_65_35,330,conf/sigmod/RaoR00,True,1,wp2_GObi-XkJ,wp2_GObi-XkJ,True,0.9999922979871234,2.7931985937958616e-05,0.9999643660011854,0.40000000000000013,True,correct
DBLP,0.6,46,inner,SRSWOR_65_35,331,conf/sigmod/HanFWCZK96,True,1,v9BdA55u_XMJ,v9BdA55u_XMJ,True,0.999990910358616,4.267647579892085e-05,0.9999482338828171,0.40000000000000013,True,correct
DBLP,0.6,46,inner,SRSWOR_65_35,332,conf/sigmod/KotidisR98,True,2,CpHJwU8o-BkJ,CpHJwU8o-BkJ,True,0.9999936701169851,0.9999892959085808,4.374208404378521e-06,0.40000000000000013,True,correct
DBLP,0.6,46,inner,SRSWOR_65_35,333,conf/vldb/LinR98,True,1,9qhYcGzQxC4J,9qhYcGzQxC4J,True,0.9999774585112975,1.1207199713255917e-05,0.9999662513115842,0.40000000000000013,True,correct
DBLP,0.6,46,inner,SRSWOR_65_35,334,journals/vldb/RamakrishnanSSS94,True,3,K9jUyjxRaCwJ,rgA2DgNVPBUJ,True,0.9999916994826872,0.8696162519023368,0.13037544758035036,0.40000000000000013,True,correct
DBLP,0.6,46,inner,SRSWOR_65_35,335,conf/vldb/MuntzR94,True,1,o9DfGI9zsloJ,o9DfGI9zsloJ,True,0.9999920861190646,8.364358101772106e-06,0.9999837217609628,0.40000000000000013,True,correct
DBLP,0.6,46,inner,SRSWOR_65_35,336,conf/sigmod/TaoP02,True,1,fDWfHiQ6BR4J,fDWfHiQ6BR4J,True,0.9999917110872292,4.5327096874447464e-05,0.9999463839903547,0.40000000000000013,True,correct
DBLP,0.6,46,inner,SRSWOR_65_35,337,conf/vldb/RamakrishnanGRSWZ95,True,2,JAMaus2HrE0J,url:http://portal.acm.org/citation.cfm%3Fid%3D645921.756661,True,0.9999925824270314,0.9999627813986183,2.980102841310117e-05,0.40000000000000013,True,correct
DBLP,0.6,46,inner,SRSWOR_65_35,338,journals/sigmod/dOnofrioP03,True,1,url:http://portal.acm.org/ft_gateway.cfm%3Fid%3D776990%26type%3Dpdf%26dl%3DGUIDE%26dl%3DACM%26CFID%3D11111111%26CFTOKEN%3D2222222,url:http://portal.acm.org/ft_gateway.cfm%3Fid%3D776990%26type%3Dpdf%26dl%3DGUIDE%26dl%3DACM%26CFID%3D11111111%26CFTOKEN%3D2222222,True,0.9999858239347255,2.7972397248713683e-05,0.9999578515374767,0.40000000000000013,True,correct
DBLP,0.6,46,inner,SRSWOR_65_35,339,conf/sigmod/BabyCY01,True,1,rNoNn5hWsroJ,rNoNn5hWsroJ,True,0.9999923816461771,3.108946006429623e-05,0.9999612921861128,0.40000000000000013,True,correct
DBLP,0.6,46,inner,SRSWOR_65_35,340,conf/vldb/StillgerLMK01,True,3,k8EsgEuKhQ0J,k8EsgEuKhQ0J,True,0.9999932480345521,0.9998918074396396,0.00010144059491257185,0.40000000000000013,True,correct
DBLP,0.6,46,inner,SRSWOR_65_35,341,conf/sigmod/HarinarayanRU96,True,15,4OrM17Osz64J,QHUtoLECZzgJ,True,0.9999911766292211,0.9999832717826349,7.90484658619306e-06,0.40000000000000013,True,correct
DBLP,0.6,46,inner,SRSWOR_65_35,342,conf/vldb/IpeirotisG02,True,2,3CSFFlEVviMJ,3CSFFlEVviMJ,True,0.9999909597900798,0.999990495611422,4.641786578440943e-07,0.40000000000000013,True,correct
DBLP,0.6,46,inner,SRSWOR_65_35,343,journals/sigmod/MaelbranckeO95,True,1,_FKSZiytB2AJ,_FKSZiytB2AJ,True,0.9999756414300486,0.7580773848234885,0.24189825660656006,0.40000000000000013,True,correct
DBLP,0.6,46,inner,SRSWOR_65_35,344,conf/vldb/ChaudhuriW00,True,2,OuM0E0BhEXIJ,OuM0E0BhEXIJ,True,0.999990126988888,0.999987295994941,2.830993947045002e-06,0.40000000000000013,True,correct
DBLP,0.6,46,inner,SRSWOR_65_35,345,journals/sigmod/ArenasKKKMM03,True,2,biVrK7MrU4QJ,biVrK7MrU4QJ,True,0.9999839912387478,0.9998549281984929,0.00012906304025495086,0.40000000000000013,True,correct
DBLP,0.6,46,inner,SRSWOR_65_35,346,journals/sigmod/JacobS99,True,1,3-iiSyJLwLkJ,3-iiSyJLwLkJ,True,0.9999923758898279,0.9999851899771118,7.185912716090037e-06,0.40000000000000013,True,correct
DBLP,0.6,46,inner,SRSWOR_65_35,347,conf/vldb/Huyn97,True,2,9OYLimeDdj0J,9OYLimeDdj0J,True,0.9999929011238655,0.9909623901283928,0.009030510995472696,0.40000000000000013,True,correct
DBLP,0.6,46,inner,SRSWOR_65_35,348,conf/vldb/HanF95,True,15,_rlpIiNduaYJ,qNLsbj_Fu5EJ,True,0.9999926923393453,0.9999904462115544,2.246127790872521e-06,0.40000000000000013,True,correct
DBLP,0.6,46,inner,SRSWOR_65_35,349,conf/sigmod/BersonGMJ94,True,4,bw_c9Mk0_7IJ,bw_c9Mk0_7IJ,True,0.9999924258579633,0.9999808217097387,1.1604148224653166e-05,0.40000000000000013,True,correct
DBLP,0.6,46,inner,SRSWOR_65_35,350,journals/sigmod/RossHKRRSS01,True,1,tOa0zXK5Ba4J,tOa0zXK5Ba4J,True,0.9946305879469051,0.402142839414764,0.5924877485321411,0.40000000000000013,True,correct
DBLP,0.6,46,inner,SRSWOR_65_35,351,conf/vldb/WangSG03,True,1,T1TgIax4zVcJ,T1TgIax4zVcJ,True,0.999993302462909,8.243434863403005e-06,0.9999850590280456,0.40000000000000013,True,correct
DBLP,0.6,46,inner,SRSWOR_65_35,352,conf/vldb/BamfordAP99,True,1,2y9m1qzVu4EJ,2y9m1qzVu4EJ,True,0.9999934499126308,8.40545152588904e-06,0.9999850444611049,0.40000000000000013,True,correct
DBLP,0.6,46,inner,SRSWOR_65_35,353,conf/vldb/ChungCLL01,True,1,mJiDvbtTKWoJ,mJiDvbtTKWoJ,True,0.9999892297093022,1.9557715744130355e-05,0.999969671993558,0.40000000000000013,True,correct
DBLP,0.6,46,inner,SRSWOR_65_35,354,conf/sigmod/LiBKN03,True,1,micx2kyGfKIJ,micx2kyGfKIJ,True,0.9999927300974901,1.3311897449374393e-05,0.9999794182000408,0.40000000000000013,True,correct
DBLP,0.6,46,inner,SRSWOR_65_35,355,conf/vldb/WeberSNSS03,True,2,TMPrfw4VcFAJ,wjrZrNrZl4kJ,True,0.9999913691433037,0.9998898374486328,0.00010153169467086443,0.40000000000000013,True,correct
DBLP,0.6,46,inner,SRSWOR_65_35,356,conf/sigmod/AvnurHLORRRW98,True,1,bEu_llku9NMJ,bEu_llku9NMJ,True,0.9999924862905495,6.816905324479078e-06,0.999985669385225,0.40000000000000013,True,correct
DBLP,0.6,46,inner,SRSWOR_65_35,357,conf/vldb/Moni96,True,1,gbjXwFztQTsJ,gbjXwFztQTsJ,True,0.9999916448580058,9.667529115980731e-06,0.9999819773288898,0.40000000000000013,True,correct
DBLP,0.6,46,inner,SRSWOR_65_35,358,journals/sigmod/LabrinidisR00,True,2,TppC2jA5UXMJ,Wcbvsi-QDtcJ,True,0.9999933698580665,0.9999915093828204,1.8604752460849028e-06,0.40000000000000013,True,correct
DBLP,0.6,46,inner,SRSWOR_65_35,359,conf/vldb/JermaineDO99,True,2,eawaEzvWj4gJ,eawaEzvWj4gJ,True,0.9999937659874112,0.9477363225262602,0.05225744346115102,0.40000000000000013,True,correct
DBLP,0.6,46,inner,SRSWOR_65_35,360,journals/sigmod/Snodgrass03,True,1,m-l6e98xxOsJ,m-l6e98xxOsJ,True,0.9999919438202503,0.0006243137792145489,0.9993676300410357,0.40000000000000013,True,correct
DBLP,0.6,46,inner,SRSWOR_65_35,361,conf/vldb/KornSFSP96,True,8,1zxdq0otm4gJ,qdLbwgIRnvgJ,True,0.9999935741021663,0.9999926627586252,9.113435410768034e-07,0.40000000000000013,True,correct
DBLP,0.6,46,inner,SRSWOR_65_35,362,conf/vldb/McKennaBHT96,True,1,0tZaTV3W05wJ,0tZaTV3W05wJ,True,0.9999925138774164,2.1272303936241435e-05,0.9999712415734802,0.40000000000000013,True,correct
DBLP,0.6,46,inner,SRSWOR_65_35,363,journals/vldb/DesslochHMMT98,True,1,4D2HQE6fXXEJ,4D2HQE6fXXEJ,True,0.9999804066277591,2.9124490476497048e-05,0.9999512821372826,0.40000000000000013,True,correct
DBLP,0.6,46,inner,SRSWOR_65_35,364,journals/sigmod/Widom96b,False,0,,diQK7Y_z3XwJ,False,0.00010312916007093889,4.8310202280804543e-05,5.481895779013435e-05,0.40000000000000013,False,unmatched_abstention
DBLP,0.6,46,inner,SRSWOR_65_35,365,conf/vldb/KemperK94,True,3,jQYEiVS0CIgJ,qUfWV4VVxegJ,True,0.9999925072206595,0.9999900967942377,2.410426421795009e-06,0.40000000000000013,True,correct
DBLP,0.6,46,inner,SRSWOR_65_35,366,conf/vldb/RamanH01,True,2,8PPmw6A0XfkJ,8PPmw6A0XfkJ,True,0.9999928919514083,0.9999834778756939,9.4140757144201e-06,0.40000000000000013,True,correct
DBLP,0.6,46,inner,SRSWOR_65_35,367,conf/sigmod/ChenGMV02,True,1,IqV3EploPP4J,IqV3EploPP4J,True,0.9999850654786483,2.4838395575818367e-05,0.9999602270830725,0.40000000000000013,True,correct
DBLP,0.6,46,inner,SRSWOR_65_35,368,conf/sigmod/Team95,False,0,,yR-Zh_yHZI0J,False,2.9170938612859328e-05,2.5112991483650944e-05,4.0579471292083836e-06,0.40000000000000013,False,unmatched_abstention
DBLP,0.6,46,inner,SRSWOR_65_35,369,journals/sigmod/SellisV95,True,1,url:http://portal.acm.org/ft_gateway.cfm%3Fid%3D219766%26type%3Dpdf%26dl%3DGUIDE%26dl%3DACM%26CFID%3D11111111%26CFTOKEN%3D2222222,url:http://portal.acm.org/ft_gateway.cfm%3Fid%3D219766%26type%3Dpdf%26dl%3DGUIDE%26dl%3DACM%26CFID%3D11111111%26CFTOKEN%3D2222222,True,0.9999112209713313,0.00014484925914847092,0.9997663717121829,0.40000000000000013,True,correct
DBLP,0.6,46,inner,SRSWOR_65_35,370,conf/vldb/GaoS03,True,1,BEpwgIQR6r4J,BEpwgIQR6r4J,True,0.9999889682964437,1.306765348120741e-05,0.9999759006429625,0.40000000000000013,True,correct
DBLP,0.6,46,inner,SRSWOR_65_35,371,journals/vldb/YangW03,True,3,7WaQNGnv1l4J,7WaQNGnv1l4J,True,0.9999889070871099,0.999963261899117,2.5645187992862084e-05,0.40000000000000013,True,correct
DBLP,0.6,46,inner,SRSWOR_65_35,372,journals/vldb/JiangE98,True,1,PjtgP4aQt00J,PjtgP4aQt00J,True,0.9999901877854094,9.44554667603517e-06,0.9999807422387333,0.40000000000000013,True,correct
DBLP,0.6,46,inner,SRSWOR_65_35,373,journals/sigmod/SommerGB02,True,2,8l5_eKZcCh8J,8l5_eKZcCh8J,True,0.9999917665902935,0.31247257653351773,0.6875191900567759,0.40000000000000013,True,correct
DBLP,0.6,46,inner,SRSWOR_65_35,374,conf/vldb/BernsteinD94,True,1,rNNtyNCgHLoJ,rNNtyNCgHLoJ,True,0.9999920421405091,2.7037929693945183e-05,0.9999650042108151,0.40000000000000013,True,correct
DBLP,0.6,46,inner,SRSWOR_65_35,375,conf/vldb/BargaP95,True,9,3CDeAczlaSUJ,Rp6i1uA3RYQJ,True,0.999993397356319,0.9999843813911417,9.015965177328056e-06,0.40000000000000013,True,correct
DBLP,0.6,46,inner,SRSWOR_65_35,376,conf/vldb/Novaretti01,True,1,tZtnFoH5lY0J,tZtnFoH5lY0J,True,0.9999929223700171,8.3515969784933e-06,0.9999845707730386,0.40000000000000013,True,correct
DBLP,0.6,46,inner,SRSWOR_65_35,377,conf/vldb/BerckenS96,True,2,GfvntjAdvVYJ,-iBt8AJhTSEJ,True,0.999988283668,0.999980880092202,7.403575797981787e-06,0.40000000000000013,True,correct
DBLP,0.6,46,inner,SRSWOR_65_35,378,conf/vldb/Padmanabhan96,True,1,1IjlMvLBFC0J,1IjlMvLBFC0J,True,0.9999924598245619,0.0015374391141332363,0.9984550207104286,0.40000000000000013,True,correct
DBLP,0.6,46,inner,SRSWOR_65_35,379,conf/vldb/Kiessling02,True,2,6Rn6hsdao-wJ,uS43GVHJ3jQJ,True,0.9999894350515522,0.9999798963204398,9.538731112423982e-06,0.40000000000000013,True,correct
DBLP,0.6,46,inner,SRSWOR_65_35,380,conf/sigmod/ClossmanSHKPB98,True,4,__YO1CE_aKcJ,Q0Jr0CGWn5MJ,True,0.9999879774601238,0.9997393057660422,0.0002486716940816036,0.40000000000000013,True,correct
DBLP,0.6,46,inner,SRSWOR_65_35,381,conf/vldb/LuL00,True,2,Ih5hY-NRmFgJ,Ih5hY-NRmFgJ,True,0.9999929258047839,0.9999804061232487,1.2519681535261284e-05,0.40000000000000013,True,correct
DBLP,0.6,46,inner,SRSWOR_65_35,382,journals/sigmod/CheungF98,True,2,ig7B9agTOMAJ,ig7B9agTOMAJ,True,0.9999924516585655,0.9999874192001781,5.03245838745503e-06,0.40000000000000013,True,correct
DBLP,0.6,46,inner,SRSWOR_65_35,383,journals/sigmod/MeersmanS02,False,0,,diQK7Y_z3XwJ,False,0.09099312141240114,0.03636912786087994,0.0546239935515212,0.40000000000000013,False,unmatched_abstention
DBLP,0.6,46,inner,SRSWOR_65_35,384,conf/vldb/WeikumMHZ02,True,2,uNwtCAfL3T4J,W_b-Eo5VaOgJ,True,0.9999902180757867,0.027337980484895677,0.972652237590891,0.40000000000000013,True,correct
DBLP,0.6,46,inner,SRSWOR_65_35,385,conf/sigmod/NgWY01,True,1,TShyzmLNvtoJ,TShyzmLNvtoJ,True,0.9999801611092249,1.6013693220483987e-05,0.9999641474160045,0.40000000000000013,True,correct
DBLP,0.6,46,inner,SRSWOR_65_35,386,conf/sigmod/MassariPSC95,True,1,O2FrN68p5PUJ,O2FrN68p5PUJ,True,0.999984319335472,0.9902587912698931,0.009725528065578914,0.40000000000000013,True,correct
DBLP,0.6,46,inner,SRSWOR_65_35,387,conf/sigmod/CorralMTV00,True,1,TsShfxPwF6YJ,TsShfxPwF6YJ,True,0.9999931966618779,0.00038514277532188107,0.999608053886556,0.40000000000000013,True,correct
DBLP,0.6,46,inner,SRSWOR_65_35,388,conf/vldb/MatthesS94,True,2,KRLEL-N4Ce8J,KRLEL-N4Ce8J,True,0.9999483829464626,0.01258435659544261,0.9873640263510199,0.40000000000000013,True,correct
DBLP,0.6,46,inner,SRSWOR_65_35,389,conf/vldb/ChakrabartiBD99,True,2,dQooUB7__ZsJ,zmBMRUNv8sQJ,True,0.9999929540898411,0.13942991876410626,0.8605630353257349,0.40000000000000013,True,correct
DBLP,0.6,46,inner,SRSWOR_65_35,390,journals/sigmod/AtzeniM98,True,2,HtxGbMkTXdsJ,HtxGbMkTXdsJ,True,0.9995953671307231,0.9991519689520153,0.00044339817870775455,0.40000000000000013,True,correct
DBLP,0.6,46,inner,SRSWOR_65_35,391,conf/vldb/Kuhn03,False,0,,MyW5sLwDtogJ,False,0.9999767793295771,2.240947824885376e-05,0.9999543698513282,0.40000000000000013,True,false_link
DBLP,0.6,46,inner,SRSWOR_65_35,392,journals/sigmod/Alonso95,False,0,,ftnsmTUaDSMJ,False,0.00016620193652180476,0.00011185993237074611,5.434200415105865e-05,0.40000000000000013,False,unmatched_abstention
DBLP,0.6,46,inner,SRSWOR_65_35,393,journals/sigmod/DunhamH95a,True,3,CiumYR8Q4WcJ,CiumYR8Q4WcJ,True,0.9999846585676196,0.9999810591434035,3.599424216127467e-06,0.40000000000000013,True,correct
DBLP,0.6,46,inner,SRSWOR_65_35,394,conf/sigmod/ZhangDWEMPMDR03,True,2,1hkVjoUg8hUJ,gWslyEjd3BYJ,True,0.9999909148910999,0.9999889665709409,1.9483201589842736e-06,0.40000000000000013,True,correct
DBLP,0.6,46,inner,SRSWOR_65_35,395,conf/vldb/HammelP02,True,1,SU2XS1MVb40J,SU2XS1MVb40J,True,0.9999923413041044,1.34493789468732e-05,0.9999788919251575,0.40000000000000013,True,correct
DBLP,0.6,46,inner,SRSWOR_65_35,396,conf/sigmod/FernandezFKLS98,True,9,4xxRU4CpidMJ,N9NHi5y3K38J,True,0.9999928444986194,0.9999927147036684,1.2979495100928773e-07,0.40000000000000013,True,correct
DBLP,0.6,46,inner,SRSWOR_65_35,397,conf/sigmod/ZhouLP99,True,1,0OwKmPjQpd0J,0OwKmPjQpd0J,True,0.9999916085247544,1.0741364716791156e-05,0.9999808671600376,0.40000000000000013,True,correct
DBLP,0.6,46,inner,SRSWOR_65_35,398,conf/vldb/DuttaDMRT00,True,1,q0Ovw6QUk3MJ,q0Ovw6QUk3MJ,True,0.9999893853336739,0.00010870663227189566,0.999880678701402,0.40000000000000013,True,correct
DBLP,0.6,46,inner,SRSWOR_65_35,399,journals/vldb/KrivokapicKG99,True,3,9YwFrtrNlaIJ,A8qZGxwlDiYJ,True,0.9999914990282712,0.9999906986387848,8.003894864661021e-07,0.40000000000000013,True,correct
DBLP,0.6,46,inner,SRSWOR_65_35,400,conf/vldb/LempelM02,True,1,DcSYGPdhxwoJ,DcSYGPdhxwoJ,True,0.9999897053629873,7.147351382436197e-06,0.9999825580116048,0.40000000000000013,True,correct
DBLP,0.6,46,inner,SRSWOR_65_35,401,conf/vldb/OhuraTPK02,False,0,,7e_EwULfgusJ,False,8.895524436934243e-06,7.657235265831742e-06,1.2382891711025014e-06,0.40000000000000013,False,unmatched_abstention
DBLP,0.6,46,inner,SRSWOR_65_35,402,journals/vldb/FiebigHKMNSW02,True,1,w_FOwUavk0kJ,w_FOwUavk0kJ,True,0.999989964452566,9.783463566476613e-06,0.9999801809889995,0.40000000000000013,True,correct
DBLP,0.6,46,inner,SRSWOR_65_35,403,journals/vldb/CatarciSC97,True,2,IIykL2NeD3UJ,IIykL2NeD3UJ,True,0.9999919231883121,0.9999806015117304,1.1321676581688145e-05,0.40000000000000013,True,correct
DBLP,0.6,46,inner,SRSWOR_65_35,404,conf/sigmod/LoR94,True,2,3CMnzSHX7KoJ,3CMnzSHX7KoJ,True,0.9999899948026402,0.9999819286642967,8.066138343476581e-06,0.40000000000000013,True,correct
DBLP,0.6,46,inner,SRSWOR_65_35,405,conf/sigmod/FegarasM95,True,4,LSWVPfB8TC4J,LSWVPfB8TC4J,True,0.9999924499595034,0.9998473557204399,0.0001450942390635035,0.40000000000000013,True,correct
DBLP,0.6,46,inner,SRSWOR_65_35,406,conf/vldb/VeltriCV01,True,2,itG_XrygxXIJ,SdVmepmUgQIJ,False,0.9999632631253179,0.9999167592339426,4.6503891375282436e-05,0.40000000000000013,True,false_link
DBLP,0.6,46,inner,SRSWOR_65_35,407,conf/sigmod/MatiasVW98,True,1,6WjESNMzLvgJ,6WjESNMzLvgJ,True,0.9999698575200673,3.079946715148977e-05,0.9999390580529158,0.40000000000000013,True,correct
DBLP,0.6,46,inner,SRSWOR_65_35,408,conf/vldb/Duranti01,True,1,gQW6iYG5Vh0J,gQW6iYG5Vh0J,True,0.9999929017805218,0.9979902184061388,0.0020026833743830297,0.40000000000000013,True,correct
DBLP,0.6,46,inner,SRSWOR_65_35,409,conf/vldb/AlonsoHST97,True,1,iRJV85kKVgwJ,iRJV85kKVgwJ,True,0.9999928880254484,1.830036516729937e-05,0.9999745876602811,0.40000000000000013,True,correct
DBLP,0.6,46,inner,SRSWOR_65_35,410,conf/sigmod/ChenR94,True,4,4Hhh-d__bksJ,4Hhh-d__bksJ,True,0.9999919813175092,0.999984819936006,7.161381503251185e-06,0.40000000000000013,True,correct
DBLP,0.6,46,inner,SRSWOR_65_35,411,conf/vldb/NetzCBF00,True,1,mRIRFxOC8A8J,mRIRFxOC8A8J,True,0.9999918271716381,0.999866379081267,0.00012544809037118299,0.40000000000000013,True,correct
DBLP,0.6,46,inner,SRSWOR_65_35,412,journals/sigmod/MotroA03,True,1,url:http://portal.acm.org/ft_gateway.cfm%3Fid%3D959085%26type%3Dpdf%26dl%3DGUIDE%26dl%3DACM%26CFID%3D11111111%26CFTOKEN%3D2222222,url:http://portal.acm.org/ft_gateway.cfm%3Fid%3D959085%26type%3Dpdf%26dl%3DGUIDE%26dl%3DACM%26CFID%3D11111111%26CFTOKEN%3D2222222,True,0.9999933574344825,0.9969330277822919,0.0030603296521906076,0.40000000000000013,True,correct
DBLP,0.6,46,inner,SRSWOR_65_35,413,conf/sigmod/GibbsBT94,True,7,28mTFsC-KCIJ,iS9rQqelSjMJ,True,0.9999920867756441,0.9999881331756294,3.953600014705572e-06,0.40000000000000013,True,correct
DBLP,0.6,46,inner,SRSWOR_65_35,414,conf/sigmod/GillmannWSWW00,True,2,3bYCefUMXr8J,L61_1TEGBLYJ,True,0.9999932718686899,0.9999923058277557,9.660409342471254e-07,0.40000000000000013,True,correct
DBLP,0.6,46,inner,SRSWOR_65_35,415,conf/vldb/AbiteboulABBNM03,True,1,TD1X4Bo-eYsJ,TD1X4Bo-eYsJ,True,0.9999901054886557,6.968925679994778e-06,0.9999831365629758,0.40000000000000013,True,correct
DBLP,0.6,46,inner,SRSWOR_65_35,416,conf/sigmod/GotoK03,True,1,url:http://portal.acm.org/ft_gateway.cfm%3Fid%3D872837%26type%3Dpdf%26dl%3Dportal%26dl%3DACM%26CFID%3D11111111%26CFTOKEN%3D2222222,url:http://portal.acm.org/ft_gateway.cfm%3Fid%3D872837%26type%3Dpdf%26dl%3Dportal%26dl%3DACM%26CFID%3D11111111%26CFTOKEN%3D2222222,True,0.999984393853143,1.2021267278506165e-05,0.9999723725858645,0.40000000000000013,True,correct
DBLP,0.6,46,inner,SRSWOR_65_35,417,conf/sigmod/BaruFGHJPW95,True,2,C60KJG_xVm0J,C60KJG_xVm0J,True,0.9999928821358366,6.281985058573132e-05,0.9999300622852508,0.40000000000000013,True,correct
DBLP,0.6,46,inner,SRSWOR_65_35,418,conf/sigmod/LabioWGG00,True,1,EhR3fz7f7vcJ,EhR3fz7f7vcJ,True,0.999991852323558,5.295470382432368e-05,0.9999388976197338,0.40000000000000013,True,correct
DBLP,0.6,46,inner,SRSWOR_65_35,419,journals/tods/ChenHM95,True,1,pO6SFdVGt5QJ,pO6SFdVGt5QJ,True,0.9999933062430798,1.3604916376937469e-05,0.9999797013267029,0.40000000000000013,True,correct
DBLP,0.6,46,inner,SRSWOR_65_35,420,conf/sigmod/LiVCAHMWBCHIKSS99,True,3,L854PhEQPTsJ,P25_yh3lBhoJ,True,0.9999867913172971,0.999982797718841,3.993598456042413e-06,0.40000000000000013,True,correct
DBLP,0.6,46,inner,SRSWOR_65_35,421,conf/sigmod/2002,False,0,,rdq68lTjhsYJ,False,0.0001637804810297925,3.111318775221392e-05,0.0001326672932775786,0.40000000000000013,False,unmatched_abstention
DBLP,0.6,46,inner,SRSWOR_65_35,422,conf/sigmod/ShahC01,True,1,2wGOv6yh4yIJ,2wGOv6yh4yIJ,True,0.999992231285057,2.0956499350022517e-05,0.9999712747857069,0.40000000000000013,True,correct
DBLP,0.6,46,inner,SRSWOR_65_35,423,journals/vldb/HarderST99,True,1,KGyKFmRfspAJ,KGyKFmRfspAJ,True,0.9999864903831968,9.159411653045869e-06,0.9999773309715437,0.40000000000000013,True,correct
DBLP,0.6,46,inner,SRSWOR_65_35,424,conf/vldb/Suciu96,True,2,D45fvUWVon0J,D45fvUWVon0J,True,0.9999912956756528,0.002688555567323761,0.9973027401083291,0.40000000000000013,True,correct
DBLP,0.6,46,inner,SRSWOR_65_35,425,journals/sigmod/KiyokiKH94,True,1,xT3mwY4t5kEJ,xT3mwY4t5kEJ,True,0.9999926677459952,8.844229816501934e-06,0.9999838235161786,0.40000000000000013,True,correct
DBLP,0.6,46,inner,SRSWOR_65_35,426,journals/sigmod/KimballS95,True,3,5AiEsU9p7FIJ,5AiEsU9p7FIJ,True,0.9999888082336642,0.9999325729475824,5.623528608178496e-05,0.40000000000000013,True,correct
DBLP,0.6,46,inner,SRSWOR_65_35,427,journals/tods/EiterGM97,True,1,WXWcO2ulDQUJ,WXWcO2ulDQUJ,True,0.9999811159566874,0.8690948784506827,0.1308862375060047,0.40000000000000013,True,correct
DBLP,0.6,46,inner,SRSWOR_65_35,428,conf/sigmod/BrunoKS02,True,3,2VpRW4Tf08EJ,GahdNMZNCWgJ,True,0.9999897275955127,0.9752877996372665,0.024701927958246217,0.40000000000000013,True,correct
DBLP,0.6,46,inner,SRSWOR_65_35,429,conf/vldb/Mattos03,True,2,0ZvKAMWwp80J,HeE1NxaX5t8J,True,0.9999880107097276,0.9999339630335269,5.404767620076356e-05,0.40000000000000013,True,correct
DBLP,0.6,46,inner,SRSWOR_65_35,430,conf/vldb/Banerjee00,True,1,owfPKT5ip68J,owfPKT5ip68J,True,0.9999907692702474,0.00015405987868913245,0.9998367093915583,0.40000000000000013,True,correct
DBLP,0.6,46,inner,SRSWOR_65_35,431,journals/sigmod/DrewHKKLLLSW95,True,2,9fcJjh5vHn8J,9fcJjh5vHn8J,True,0.9999931812676319,0.9999901793131574,3.0019544745574223e-06,0.40000000000000013,True,correct
DBLP,0.6,46,inner,SRSWOR_65_35,432,conf/vldb/LiRS99,True,2,Bf44yXvb6EAJ,Bf44yXvb6EAJ,True,0.9999842757288676,0.9994478337844825,0.0005364419443850688,0.40000000000000013,True,correct
DBLP,0.6,46,inner,SRSWOR_65_35,433,conf/sigmod/BlakeleyP98,True,1,yotsUgKBK44J,yotsUgKBK44J,True,0.9999799306855627,0.1728788398470572,0.8271010908385055,0.40000000000000013,True,correct
DBLP,0.6,46,inner,SRSWOR_65_35,434,conf/sigmod/FlorescuGKR02,True,1,uam2rv99rxsJ,uam2rv99rxsJ,True,0.9999922533540017,0.00016863345757208733,0.9998236198964295,0.40000000000000013,True,correct
DBLP,0.6,46,inner,SRSWOR_65_35,435,journals/sigmod/LometBCLN98,True,2,eCi5eTVzsoQJ,url:http://portal.acm.org/ft_gateway.cfm%3Fid%3D290608%26type%3Dpdf%26dl%3DGUIDE%26dl%3DACM%26CFID%3D11111111%26CFTOKEN%3D2222222,True,0.9999923264775726,0.9999648947884153,2.743168915730898e-05,0.40000000000000013,True,correct
DBLP,0.6,46,inner,SRSWOR_65_35,436,journals/vldb/SakuraiYUK02,True,1,7J-RvgQd8SMJ,7J-RvgQd8SMJ,True,0.9999897971973799,3.85517593543187e-05,0.9999512454380256,0.40000000000000013,True,correct
DBLP,0.6,46,inner,SRSWOR_65_35,437,conf/sigmod/BryanMCLG94,True,1,nbU-wr3ivUIJ,nbU-wr3ivUIJ,True,0.9999933982252106,1.1944291687007106e-05,0.9999814539335236,0.40000000000000013,True,correct
DBLP,0.6,46,inner,SRSWOR_65_35,438,conf/vldb/MohaniaS94,True,1,JORYEDHKYSMJ,JORYEDHKYSMJ,True,0.999987593876472,8.783932967708702e-05,0.9998997545467949,0.40000000000000013,True,correct
DBLP,0.6,46,inner,SRSWOR_65_35,439,conf/vldb/SarawagiBKM02,True,1,G9DGYRD0cnMJ,G9DGYRD0cnMJ,True,0.9999929216410113,0.00047999195819636566,0.9995129296828149,0.40000000000000013,True,correct
DBLP,0.6,46,inner,SRSWOR_65_35,440,journals/vldb/MehtaGPN98,True,3,7Zf8Y2idDb0J,7Zf8Y2idDb0J,True,0.9999931583523433,0.9999632996473294,2.985870501381882e-05,0.40000000000000013,True,correct
DBLP,0.6,46,inner,SRSWOR_65_35,441,journals/sigmod/BawaCCDGGKMSSVY03,True,1,7gJjI63FlyYJ,7gJjI63FlyYJ,True,0.9997646344937834,1.455652151684858e-05,0.9997500779722666,0.40000000000000013,True,correct
DBLP,0.6,46,inner,SRSWOR_65_35,442,journals/sigmod/Chen94,True,1,url:http://portal.acm.org/ft_gateway.cfm%3Fid%3D187460%26type%3Dpdf%26coll%3DGUIDE%26dl%3DACM%26CFID%3D11111111%26CFTOKEN%3D2222222,url:http://portal.acm.org/ft_gateway.cfm%3Fid%3D187460%26type%3Dpdf%26coll%3DGUIDE%26dl%3DACM%26CFID%3D11111111%26CFTOKEN%3D2222222,True,0.9999896044172959,0.00019058970176207357,0.9997990147155338,0.40000000000000013,True,correct
DBLP,0.6,46,inner,SRSWOR_65_35,443,conf/vldb/LaneEN00,True,2,0O3JgOoSdIUJ,EUNYWV7uBTwJ,True,0.9999841242986063,0.999950421625732,3.370267287428064e-05,0.40000000000000013,True,correct
DBLP,0.6,46,inner,SRSWOR_65_35,444,conf/sigmod/CohenM03,True,1,bQv5hYB-JIEJ,bQv5hYB-JIEJ,True,0.9999735906535002,1.2303218502887052e-05,0.9999612874349973,0.40000000000000013,True,correct
DBLP,0.6,46,inner,SRSWOR_65_35,445,conf/sigmod/MayrS99,True,1,1lRZz4bZvxEJ,1lRZz4bZvxEJ,True,0.9999900253653323,1.3382669364202732e-05,0.9999766426959681,0.40000000000000013,True,correct
DBLP,0.6,46,inner,SRSWOR_65_35,446,conf/vldb/ManolescuFK01,True,4,ckjlnFHOwd8J,O8eIfc2eSjcJ,True,0.9975176004961611,0.9767051253012434,0.02081247519491769,0.40000000000000013,True,correct
DBLP,0.6,46,inner,SRSWOR_65_35,447,journals/sigmod/RoddickABDEGHLMMMW00,True,2,eA8gNVxHRJ4J,eA8gNVxHRJ4J,True,0.9999893972314458,0.999977342129421,1.2055102024732811e-05,0.40000000000000013,True,correct
DBLP,0.6,46,inner,SRSWOR_65_35,448,conf/vldb/PereiraFLS00,True,4,e60hJN21ZO0J,KAW0nLm2wVAJ,True,0.9999915944041848,0.9999891576528317,2.43675135314092e-06,0.40000000000000013,True,correct
DBLP,0.6,46,inner,SRSWOR_65_35,449,conf/sigmod/Ahn94,True,1,5s6b10Hik30J,5s6b10Hik30J,True,0.9992493234356047,0.00014923995350641462,0.9991000834820982,0.40000000000000013,True,correct
DBLP,0.6,46,inner,SRSWOR_65_35,450,conf/vldb/PirotteZMY94,True,1,8s-SP8sAvQAJ,8s-SP8sAvQAJ,True,0.9999928675537091,7.128284692250707e-06,0.9999857392690168,0.40000000000000013,True,correct
DBLP,0.6,46,inner,SRSWOR_65_35,451,journals/sigmod/MeltonE01,True,1,619anaISuGEJ,619anaISuGEJ,True,0.9999828976788038,0.0005066975075417807,0.999476200171262,0.40000000000000013,True,correct
DBLP,0.6,46,inner,SRSWOR_65_35,452,journals/sigmod/JukicNV03,True,1,eR43Urfx-hcJ,eR43Urfx-hcJ,True,0.9999932427910632,1.1162442897675436e-05,0.9999820803481655,0.40000000000000013,True,correct
DBLP,0.6,46,inner,SRSWOR_65_35,453,journals/sigmod/Mackay99,True,2,PcnfzFfEY1wJ,PcnfzFfEY1wJ,True,0.9999883319269618,0.9999869749845015,1.3569424602843938e-06,0.40000000000000013,True,correct
DBLP,0.6,46,inner,SRSWOR_65_35,454,conf/sigmod/LeeWMS01,True,3,4rJJdFvMmgYJ,OFXL5KsJiWcJ,True,0.9999912357026591,0.9997637337918736,0.0002275019107855769,0.40000000000000013,True,correct
DBLP,0.6,46,inner,SRSWOR_65_35,455,journals/sigmod/RiekertMW97,True,1,M-3MGd3wPcsJ,M-3MGd3wPcsJ,True,0.9999905843212052,0.025502983528771915,0.9744876007924334,0.40000000000000013,True,correct
DBLP,0.6,46,inner,SRSWOR_65_35,456,conf/sigmod/Stonebraker98,True,2,LjfcoraomoEJ,Tpkccl5rvR0J,True,0.9999933113863017,0.9999860162398477,7.295146453922818e-06,0.40000000000000013,True,correct
DBLP,0.6,46,inner,SRSWOR_65_35,457,conf/sigmod/WhitneyS01,True,1,bZj9gl0_YUIJ,bZj9gl0_YUIJ,True,0.9999927575697354,8.851815629604975e-06,0.9999839057541058,0.40000000000000013,True,correct
DBLP,0.6,46,inner,SRSWOR_65_35,458,conf/vldb/RamakrishnanR96,True,1,3y1e-H-FdC0J,3y1e-H-FdC0J,True,0.9999726353018983,1.2924062058597075e-05,0.9999597112398397,0.40000000000000013,True,correct
DBLP,0.6,46,inner,SRSWOR_65_35,459,conf/sigmod/JagadishLS99,True,3,p5n3KKoHgMgJ,uXZXfQgn4doJ,True,0.9999923571297724,0.9999921604773161,1.9665245631905748e-07,0.40000000000000013,True,correct
DBLP,0.6,46,inner,SRSWOR_65_35,460,journals/tods/WijesekeraJPH03,True,1,oui-frSWZCAJ,oui-frSWZCAJ,True,0.9999919093194669,8.809363272696497e-06,0.9999830999561942,0.40000000000000013,True,correct
DBLP,0.6,46,inner,SRSWOR_65_35,461,conf/vldb/BergerBSW03,True,3,4bBWSfhvZ5AJ,kADCX48-o5IJ,True,0.9999922188283534,0.9999919395243588,2.793039945991893e-07,0.40000000000000013,True,correct
DBLP,0.6,46,inner,SRSWOR_65_35,462,journals/sigmod/TsotrasK96,True,3,9HEdn3A13BQJ,9HEdn3A13BQJ,True,0.72250872309562,0.015649061644656837,0.7068596614509631,0.40000000000000013,True,correct
DBLP,0.6,46,inner,SRSWOR_65_35,463,conf/vldb/IoannidisP99,True,3,2k9bgRJC-hYJ,umrivnVIoj0J,True,0.999987937965715,0.9999806989803038,7.238985411106569e-06,0.40000000000000013,True,correct
DBLP,0.6,46,inner,SRSWOR_65_35,464,conf/sigmod/HellersteinA00,True,5,Gsb6dnkFBMoJ,Gsb6dnkFBMoJ,True,0.9999934449384423,0.9999922547944731,1.1901439692652005e-06,0.40000000000000013,True,correct
DBLP,0.6,46,inner,SRSWOR_65_35,465,conf/sigmod/Team95c,False,0,,O-TrhFwhKM8J,False,7.756403929416961e-06,7.354664281636084e-06,4.017396477808774e-07,0.40000000000000013,False,unmatched_abstention
DBLP,0.6,46,inner,SRSWOR_65_35,466,conf/vldb/SayalCDS02,True,1,0acvmJtaI8QJ,0acvmJtaI8QJ,True,0.9999887327449692,2.5667431589813916e-05,0.9999630653133794,0.40000000000000013,True,correct
DBLP,0.6,46,inner,SRSWOR_65_35,467,conf/sigmod/DreyerDS95,True,2,i1qU2OFSeloJ,i1qU2OFSeloJ,True,0.9999921992503633,0.9999913676945341,8.315558291949188e-07,0.40000000000000013,True,correct
DBLP,0.6,46,inner,SRSWOR_65_35,468,conf/sigmod/DeHaanTCO03,True,4,3PH--zwkZO8J,gyYBYgpB63sJ,True,0.9999931693766502,0.9999915173629219,1.652013728259405e-06,0.40000000000000013,True,correct
DBLP,0.6,46,inner,SRSWOR_65_35,469,conf/vldb/PatonG01,True,1,mHCrMuxQnBsJ,mHCrMuxQnBsJ,True,0.9999861953162344,3.109690267772968e-05,0.9999550984135567,0.40000000000000013,True,correct
DBLP,0.6,46,inner,SRSWOR_65_35,470,conf/sigmod/AchyutuniON96,True,1,eRSkDzxP1JcJ,eRSkDzxP1JcJ,True,0.9999925809908913,1.0436906431883068e-05,0.9999821440844594,0.40000000000000013,True,correct
DBLP,0.6,46,inner,SRSWOR_65_35,471,conf/vldb/HvasshovdTBH95,True,6,_83yTuPv-NAJ,LVitsyrkl9AJ,True,0.9999916945575217,0.9999911370935095,5.574640121741581e-07,0.40000000000000013,True,correct
DBLP,0.6,46,inner,SRSWOR_65_35,472,conf/sigmod/AdaliCPS96,True,9,_CkpzhLiR30J,npAaKsmFlpcJ,True,0.9999894025689638,0.999989227254196,1.7531476781407207e-07,0.40000000000000013,True,correct
DBLP,0.6,46,inner,SRSWOR_65_35,473,conf/vldb/Hess96,True,1,Gia7489k5t4J,Gia7489k5t4J,True,0.9999911895781138,2.8438774235212584e-05,0.9999627508038786,0.40000000000000013,True,correct
DBLP,0.6,46,inner,SRSWOR_65_35,474,conf/sigmod/BeyerR99,True,1,6Cdfxiuibd0J,6Cdfxiuibd0J,True,0.9999917419140429,0.00019151839509129717,0.9998002235189516,0.40000000000000013,True,correct
DBLP,0.6,46,inner,SRSWOR_65_35,475,journals/vldb/C94b,False,0,,htoweFiOSFEJ,False,0.009697306037872482,0.0020692231482554798,0.007628082889617003,0.40000000000000013,False,unmatched_abstention
DBLP,0.6,46,inner,SRSWOR_65_35,476,journals/sigmod/Snodgrass00a,False,0,,NHxHsUH9L5MJ,False,0.019684288884703884,0.00859311930898738,0.011091169575716504,0.40000000000000013,False,unmatched_abstention
DBLP,0.6,46,inner,SRSWOR_65_35,477,conf/sigmod/GrossmanQ94,True,1,yjqdBeNw5WoJ,yjqdBeNw5WoJ,True,0.9999931612878098,0.004664288036962098,0.9953288732508477,0.40000000000000013,True,correct
DBLP,0.6,46,inner,SRSWOR_65_35,478,conf/sigmod/WangCMSSZ94,True,4,_Xj-7At79joJ,ZM65itnp_E4J,True,0.9999922609965196,0.9999896948331065,2.5661634130980104e-06,0.40000000000000013,True,correct
DBLP,0.6,46,inner,SRSWOR_65_35,479,journals/tods/Lerner00,True,2,ETqxTcvf7K4J,ETqxTcvf7K4J,True,0.99999204481144,0.9996465445599435,0.0003455002514964889,0.40000000000000013,True,correct
DBLP,0.6,46,inner,SRSWOR_65_35,480,conf/vldb/CooperSFHS01,True,1,PAfEdPwJ8tgJ,PAfEdPwJ8tgJ,True,0.9999926147266528,0.0006889500520275546,0.9993036646746253,0.40000000000000013,True,correct
DBLP,0.6,46,inner,SRSWOR_65_35,481,conf/vldb/DagevilleZ02,True,1,x9bmOZxOlE8J,x9bmOZxOlE8J,True,0.999991027514382,2.9606320111176943e-05,0.9999614211942708,0.40000000000000013,True,correct
DBLP,0.6,46,inner,SRSWOR_65_35,482,journals/sigmod/GalianoM03,False,0,,gIKwrx708HMJ,False,0.9997547034994928,0.04938592244009552,0.9503687810593973,0.40000000000000013,True,false_link
DBLP,0.6,46,inner,SRSWOR_65_35,483,journals/sigmod/PissinouSEMOPSTD94,True,3,F7AdjoH_uTcJ,fSKoYnVJbwwJ,True,0.9999911502523391,0.9999758520427978,1.5298209541270147e-05,0.40000000000000013,True,correct
DBLP,0.6,46,inner,SRSWOR_65_35,484,journals/tods/LeveneL99,True,1,iwPgaJ1eQrkJ,iwPgaJ1eQrkJ,True,0.9999895079664303,8.77819970376932e-06,0.9999807297667265,0.40000000000000013,True,correct
DBLP,0.6,46,inner,SRSWOR_65_35,485,conf/sigmod/HsiaoCY94,True,2,LEi_Rzm1iH0J,LEi_Rzm1iH0J,True,0.9999929456855128,0.999991321734968,1.6239505448156777e-06,0.40000000000000013,True,correct
DBLP,0.6,46,inner,SRSWOR_65_35,486,conf/sigmod/MaratheS99,True,1,z6JEYoArZmsJ,z6JEYoArZmsJ,True,0.9998465400663741,3.109337388593055e-05,0.9998154466924881,0.40000000000000013,True,correct
DBLP,0.6,46,inner,SRSWOR_65_35,487,journals/sigmod/ChengP03,True,1,6fAPR3UvX28J,6fAPR3UvX28J,True,0.9999908175251232,1.7980329581633446e-05,0.9999728371955415,0.40000000000000013,True,correct
DBLP,0.6,46,inner,SRSWOR_65_35,488,conf/vldb/AnciauxBBPV01,True,2,H2qCU9-_uykJ,PFEvlg2DiMkJ,True,0.9999922213954733,0.9999796741253245,1.254727014876611e-05,0.40000000000000013,True,correct
DBLP,0.6,46,inner,SRSWOR_65_35,489,conf/sigmod/ChristophidesCS00,True,6,DJv_OAw-BcIJ,DJv_OAw-BcIJ,True,0.9999918066629155,0.9999916294655706,1.7719734490828642e-07,0.40000000000000013,True,correct
DBLP,0.6,46,inner,SRSWOR_65_35,490,conf/sigmod/ChangBCLLS00,True,2,bqtRaOoJ87AJ,bqtRaOoJ87AJ,True,0.9999924272952457,0.999991545169754,8.821254917634747e-07,0.40000000000000013,True,correct
DBLP,0.6,46,inner,SRSWOR_65_35,491,conf/vldb/MeoPC96,True,6,_jeGsG2xolAJ,Opm5VlTzQTAJ,True,0.9999921974572821,0.9999920428386799,1.5461860214394108e-07,0.40000000000000013,True,correct
DBLP,0.6,46,inner,SRSWOR_65_35,492,journals/sigmod/X95,False,0,,url:http://portal.acm.org/citation.cfm%3Fid%3D1041410.1041430,False,3.941378502629379e-05,3.901023233268281e-05,4.035526936109802e-07,0.40000000000000013,False,unmatched_abstention
DBLP,0.6,46,inner,SRSWOR_65_35,493,conf/sigmod/Ivinskis95,True,1,9FaaDi_zGnEJ,9FaaDi_zGnEJ,True,0.9999904985930119,1.0707011336144222e-05,0.9999797915816758,0.40000000000000013,True,correct
DBLP,0.6,46,inner,SRSWOR_65_35,494,conf/vldb/ChakrabartiRS02,True,1,idfox84uNHUJ,idfox84uNHUJ,True,0.999992057092241,7.1726090172326644e-06,0.9999848844832238,0.40000000000000013,True,correct
DBLP,0.6,46,inner,SRSWOR_65_35,495,journals/tods/Alagic99,True,2,Gq6D6zMEPxoJ,Gq6D6zMEPxoJ,True,0.999991071839749,0.9917927833478445,0.008198288491904515,0.40000000000000013,True,correct
DBLP,0.6,46,inner,SRSWOR_65_35,496,conf/sigmod/FukudaMMT96a,True,3,fSKep047pbgJ,fSKep047pbgJ,True,0.999986690438234,0.9999818178742826,4.8725639513191865e-06,0.40000000000000013,True,correct
DBLP,0.6,46,inner,SRSWOR_65_35,497,conf/vldb/BohannonFHRRS02,True,1,zYfyg0fCzEsJ,zYfyg0fCzEsJ,True,0.9999913331650966,1.0429205415772128e-05,0.9999809039596809,0.40000000000000013,True,correct
DBLP,0.6,46,inner,SRSWOR_65_35,498,conf/vldb/FangSGMU98,True,5,E7yZtVJa2xAJ,MdwCZg0RBHYJ,True,0.9999913142086709,0.9999654027187975,2.5911489873409188e-05,0.40000000000000013,True,correct
DBLP,0.6,46,inner,SRSWOR_65_35,499,journals/sigmod/CfP99,False,0,,xKi8Vm3o9KsJ,False,0.0001809273164853119,5.343208749338134e-05,0.00012749522899193057,0.40000000000000013,False,unmatched_abstention
DBLP,0.6,46,inner,SRSWOR_65_35,500,conf/vldb/Deshpande00,True,1,2DiLFd0rgPgJ,2DiLFd0rgPgJ,True,0.9999920422543456,6.727541026867057e-06,0.9999853147133188,0.40000000000000013,True,correct
DBLP,0.6,46,inner,SRSWOR_65_35,501,journals/vldb/NgC98,True,2,eTDBrdfpGNEJ,J7mY8RlpTKMJ,True,0.999991488888367,0.9999891104103489,2.378478018094654e-06,0.40000000000000013,True,correct
DBLP,0.6,46,inner,SRSWOR_65_35,502,conf/vldb/DittrichSTW02,True,1,egCgEjikCgAJ,egCgEjikCgAJ,True,0.9999925166826235,1.397849351656363e-05,0.9999785381891069,0.40000000000000013,True,correct
DBLP,0.6,46,inner,SRSWOR_65_35,503,conf/vldb/ZhangL98,True,1,ZjHAEBJYahAJ,ZjHAEBJYahAJ,True,0.9999897346367301,3.0380157887822547e-05,0.9999593544788423,0.40000000000000013,True,correct
DBLP,0.6,46,inner,SRSWOR_65_35,504,journals/vldb/HarderR96,True,1,pWXIPx5lA7gJ,pWXIPx5lA7gJ,True,0.9999902733222101,1.260677792230522e-05,0.9999776665442879,0.40000000000000013,True,correct
DBLP,0.6,46,inner,SRSWOR_65_35,505,journals/sigmod/OukselS99,True,2,S-LYnzS1K70J,S-LYnzS1K70J,True,0.9999882569442358,3.0022077256589277e-05,0.9999582348669792,0.40000000000000013,True,correct
DBLP,0.6,46,inner,SRSWOR_65_35,506,conf/sigmod/Melling94,True,1,j4O-xhs1QAgJ,j4O-xhs1QAgJ,True,0.9999929690046648,1.7293273932539926e-05,0.9999756757307323,0.40000000000000013,True,correct
DBLP,0.6,46,inner,SRSWOR_65_35,507,conf/vldb/ChoALS02,True,1,_-JZT1cOuZ8J,_-JZT1cOuZ8J,True,0.9999896158417373,1.752412050325558e-05,0.999972091721234,0.40000000000000013,True,correct
DBLP,0.6,46,inner,SRSWOR_65_35,508,conf/sigmod/GardarinMP95,True,4,9-bSCnqVrlkJ,l-9pykkOVrkJ,True,0.9999922603248711,0.9999872664476912,4.993877179892969e-06,0.40000000000000013,True,correct
DBLP,0.6,46,inner,SRSWOR_65_35,509,conf/sigmod/PengC03,True,1,4Zlh-TEx9m4J,4Zlh-TEx9m4J,True,0.9999792892855927,0.0012564504484815111,0.9987228388371111,0.40000000000000013,True,correct
DBLP,0.6,46,inner,SRSWOR_65_35,510,conf/vldb/NathDKGKS03,True,3,FirBsg8jxtkJ,pF6EW_yKYyYJ,True,0.9999930151854933,0.9999862317613957,6.783424097656088e-06,0.40000000000000013,True,correct
DBLP,0.6,46,inner,SRSWOR_65_35,511,conf/vldb/CochranePM96,True,1,NRLEnDsPlOkJ,NRLEnDsPlOkJ,True,0.9999879344682615,0.005036013202614429,0.9949519212656471,0.40000000000000013,True,correct
DBLP,0.6,46,inner,SRSWOR_65_35,512,conf/vldb/WildfogelY97,True,1,uqYakLN84x0J,uqYakLN84x0J,True,0.9999916052910539,8.252858307227922e-06,0.9999833524327467,0.40000000000000013,True,correct
DBLP,0.6,46,inner,SRSWOR_65_35,513,conf/sigmod/KriegelMPS01,True,1,tsPOU-H3A94J,tsPOU-H3A94J,True,0.9999882774986407,1.2170986255458018e-05,0.9999761065123852,0.40000000000000013,True,correct
DBLP,0.6,46,inner,SRSWOR_65_35,514,conf/vldb/DongHLPW01,True,3,C_H34ddegI8J,C_H34ddegI8J,True,0.9999918551980126,0.999977873107058,1.3982090954600679e-05,0.40000000000000013,True,correct
DBLP,0.6,46,inner,SRSWOR_65_35,515,conf/sigmod/TatarinovIHW01,True,5,0dEQ9YTk3osJ,jfkafZcMjgIJ,True,0.9999855439411394,0.9999777700195293,7.773921610110257e-06,0.40000000000000013,True,correct
DBLP,0.6,46,inner,SRSWOR_65_35,516,journals/sigmod/Widom96a,False,0,,diQK7Y_z3XwJ,False,0.00011936569818943455,6.39207511874561e-05,5.5444947001978456e-05,0.40000000000000013,False,unmatched_abstention
DBLP,0.6,46,inner,SRSWOR_65_35,517,conf/vldb/BaumgartnerFG01a,True,1,GGyAHg9kwysJ,GGyAHg9kwysJ,True,0.9999931891964413,2.91733589456765e-05,0.9999640158374956,0.40000000000000013,True,correct
DBLP,0.6,46,inner,SRSWOR_65_35,518,journals/vldb/KnorrNT00,True,1,SggrbO99AJgJ,SggrbO99AJgJ,True,0.9999887578177499,0.00026276339825977374,0.9997259944194901,0.40000000000000013,True,correct
DBLP,0.6,46,inner,SRSWOR_65_35,519,conf/vldb/Sarawagi00,True,1,z5DmAoBjsjAJ,z5DmAoBjsjAJ,True,0.9999911620347529,0.00011042190358414474,0.9998807401311688,0.40000000000000013,True,correct
DBLP,0.6,46,inner,SRSWOR_65_35,520,conf/sigmod/ONeilQ97,True,11,359PjJkfNhQJ,tK0HTC7qEmcJ,True,0.9999913509996964,0.9999894801934435,1.8708062529126934e-06,0.40000000000000013,True,correct
DBLP,0.6,46,inner,SRSWOR_65_35,521,conf/vldb/ViverosNR96,True,2,lsY_rXfEDDIJ,lsY_rXfEDDIJ,True,0.9999920403644508,0.9999882181095056,3.822254945218262e-06,0.40000000000000013,True,correct
DBLP,0.6,46,inner,SRSWOR_65_35,522,conf/vldb/Sarawagi02,True,1,BJ0pr7FqzzoJ,BJ0pr7FqzzoJ,True,0.9999835187603224,0.0006738998298622626,0.9993096189304602,0.40000000000000013,True,correct
DBLP,0.6,46,inner,SRSWOR_65_35,523,conf/vldb/WangZ00,True,2,eDa9jQWsTMoJ,eDa9jQWsTMoJ,True,0.9999930644635306,0.9999898703954364,3.194068094236613e-06,0.40000000000000013,True,correct
DBLP,0.6,46,inner,SRSWOR_65_35,524,journals/sigmod/Camps96,True,1,mDj9X3EN9ycJ,url:http://portal.acm.org/ft_gateway.cfm%3Fid%3D245885%26type%3Dpdf%26dl%3DGUIDE%26dl%3DACM%26CFID%3D11111111%26CFTOKEN%3D2222222,False,0.999979452198413,0.9998888591290266,9.05930693864132e-05,0.40000000000000013,True,false_link
DBLP,0.6,46,inner,SRSWOR_65_35,525,conf/vldb/MengLLA03,True,2,_dOpWA3QWOEJ,_dOpWA3QWOEJ,True,0.9999917333410964,0.9993566492637619,0.0006350840773344801,0.40000000000000013,True,correct
DBLP,0.6,46,inner,SRSWOR_65_35,526,conf/sigmod/DasuJMS02,True,3,POt1WbTBB4cJ,POt1WbTBB4cJ,True,0.9999664108964589,0.999964470492004,1.940404454892075e-06,0.40000000000000013,True,correct
DBLP,0.6,46,inner,SRSWOR_65_35,527,journals/vldb/LometS97,True,4,5EjrRrS54fsJ,qjLiaKLJ6eQJ,True,0.9999906105941431,0.9999905153956533,9.519848975791945e-08,0.40000000000000013,True,correct
DBLP,0.6,46,inner,SRSWOR_65_35,528,journals/sigmod/Huyn01,True,1,KNYDz76C_HsJ,KNYDz76C_HsJ,True,0.9999926283776224,3.190571329792575e-05,0.9999607226643245,0.40000000000000013,True,correct
DBLP,0.6,46,inner,SRSWOR_65_35,529,conf/sigmod/BergstraesserBPS99,True,2,4Ha7Bs5Vq3MJ,qcZ2tYThtK0J,True,0.9999922743067399,0.006162993040779115,0.9938292812659607,0.40000000000000013,True,correct
DBLP,0.6,46,inner,SRSWOR_65_35,530,conf/sigmod/BonnetBCCCHKMMOSS99,False,0,,xtcC5gjw_0YJ,False,6.702156648091149e-06,6.61302885098898e-06,8.912779710216875e-08,0.40000000000000013,False,unmatched_abstention
DBLP,0.6,46,inner,SRSWOR_65_35,531,conf/vldb/Kotidis01,True,1,lRL4LmMtwnYJ,lRL4LmMtwnYJ,True,0.9999917991270346,1.407373137840181e-05,0.9999777253956562,0.40000000000000013,True,correct
DBLP,0.6,46,inner,SRSWOR_65_35,532,journals/vldb/ChangG01,True,1,hYu2nw263UoJ,hYu2nw263UoJ,True,0.9999880017194381,2.1157388588425168e-05,0.9999668443308497,0.40000000000000013,True,correct
DBLP,0.6,46,inner,SRSWOR_65_35,533,journals/sigmod/CoxEH96,True,1,pqzGz7zfpDgJ,pqzGz7zfpDgJ,True,0.9999916550269714,9.440188501701772e-06,0.9999822148384697,0.40000000000000013,True,correct
DBLP,0.6,46,inner,SRSWOR_65_35,534,conf/sigmod/Kulkarni94,True,1,eN_4FTimCKYJ,eN_4FTimCKYJ,True,0.9999928985304942,1.6460788223166026e-05,0.9999764377422711,0.40000000000000013,True,correct
DBLP,0.6,46,inner,SRSWOR_65_35,535,conf/vldb/BlokWZPAKJ01,True,2,4Ga0Ts2_rp0J,jxPqWIuxhvwJ,True,0.9999894075502433,0.9999528829110814,3.652463916192783e-05,0.40000000000000013,True,correct
DBLP,0.6,46,inner,SRSWOR_65_35,536,journals/sigmod/Snodgrass03a,False,0,,m-l6e98xxOsJ,False,0.0002893828809808844,0.00023045508002539401,5.8927800955490395e-05,0.40000000000000013,False,unmatched_abstention
DBLP,0.6,46,inner,SRSWOR_65_35,537,conf/sigmod/KimC03,True,1,BWV2Oys1VXsJ,BWV2Oys1VXsJ,True,0.999992347458772,1.6420071029582314e-05,0.9999759273877424,0.40000000000000013,True,correct
DBLP,0.6,46,inner,SRSWOR_65_35,538,conf/sigmod/ReinwaldP98,True,2,QAjOGW-ffQIJ,QAjOGW-ffQIJ,True,0.9999839039651244,0.9999828532750077,1.0506901166884575e-06,0.40000000000000013,True,correct
DBLP,0.6,46,inner,SRSWOR_65_35,539,conf/sigmod/Smith01,True,2,5wh3Y-mBqJQJ,5wh3Y-mBqJQJ,True,0.9999487549094768,0.0384539453003319,0.9614948096091449,0.40000000000000013,True,correct
DBLP,0.6,46,inner,SRSWOR_65_35,540,conf/sigmod/McIverK94,True,1,LMV_K5t2am0J,LMV_K5t2am0J,True,0.9999596552753994,7.053561050822473e-06,0.9999526017143486,0.40000000000000013,True,correct
DBLP,0.6,46,inner,SRSWOR_65_35,541,conf/vldb/RamanRH99,True,3,6uP3E_WEkCAJ,6uP3E_WEkCAJ,True,0.9999927985355,0.9999883897569928,4.40877850726995e-06,0.40000000000000013,True,correct
DBLP,0.6,46,inner,SRSWOR_65_35,542,conf/vldb/PapadimitriouBF03,True,1,pAvCmcv_-lMJ,pAvCmcv_-lMJ,True,0.999990013410527,0.9991972905484645,0.0007927228620624449,0.40000000000000013,True,correct
DBLP,0.6,46,inner,SRSWOR_65_35,543,journals/sigmod/Liu03a,False,0,,url:http://portal.acm.org/citation.cfm%3Fid%3D945721.945727%26coll%3DGUIDE%26dl%3DACM%26idx%3DJ689%26part%3Dperiodical%26WantType%3Dperiodical%26title%3DACM%2520SIGMOD%2520Record%26CFID%3D11111111%26CFTOKEN%3D2222222,False,0.00016850937005893525,0.00010195141279511801,6.655795726381724e-05,0.40000000000000013,False,unmatched_abstention
DBLP,0.6,46,inner,SRSWOR_65_35,544,journals/sigmod/BerzalM02,False,0,,U7glO1ebLPYJ,False,0.9975648976229015,0.18138778813682266,0.8161771094860788,0.40000000000000013,True,false_link
DBLP,0.6,46,inner,SRSWOR_65_35,545,conf/vldb/ZhangL97,True,2,QGopit06CLEJ,QGopit06CLEJ,True,0.9999898211343735,0.9999856305336444,4.190600729092608e-06,0.40000000000000013,True,correct
DBLP,0.6,46,inner,SRSWOR_65_35,546,journals/sigmod/Snodgrass01a,False,0,,CuNhtOboaGoJ,False,2.7266829743107775e-05,1.726601788762931e-05,1.0000811855478466e-05,0.40000000000000013,False,unmatched_abstention
DBLP,0.6,46,inner,SRSWOR_65_35,547,conf/sigmod/AcharyaGP00,True,3,q_bQLiJ-KZAJ,WGWZ2cNZW2YJ,True,0.9999917154495622,0.9999873412255641,4.374223998127036e-06,0.40000000000000013,True,correct
DBLP,0.6,46,inner,SRSWOR_65_35,548,conf/vldb/KoudasMJ99,True,2,dRemTC899xcJ,dRemTC899xcJ,True,0.9999922220927526,0.999985884519433,6.337573319581402e-06,0.40000000000000013,True,correct
DBLP,0.6,46,inner,SRSWOR_65_35,549,conf/vldb/X00a,False,0,,NaCqw8qESpAJ,False,0.00016517864893825216,7.7065079737163e-05,8.811356920108916e-05,0.40000000000000013,False,unmatched_abstention
