dataset,fraction,seed,role,scheme,record_index,ida,has_true_match,n_valid_matches,retained_idb,top1_idb,top1_is_any_valid,top1_score,top2_score,score_gap,threshold,declared,category
DBLP,0.9,46,inner,bootstrap_OOB,0,conf/vldb/Moerkotte02,True,1,jiGdThcReckJ,jiGdThcReckJ,True,0.9999940756248097,3.0696352473330515e-06,0.9999910059895624,0.1,True,correct
DBLP,0.9,46,inner,bootstrap_OOB,1,journals/vldb/ShegalovGW01,True,1,_6ErNQyZwXsJ,_6ErNQyZwXsJ,True,0.9999955216686516,2.746735435927154e-06,0.9999927749332157,0.1,True,correct
DBLP,0.9,46,inner,bootstrap_OOB,2,conf/sigmod/Faloutsos95,True,1,R0xUZUxSGmwJ,R0xUZUxSGmwJ,True,0.9999062217367036,4.943829490463637e-05,0.999856783441799,0.1,True,correct
DBLP,0.9,46,inner,bootstrap_OOB,3,conf/sigmod/GriffinL95,True,4,6QZGeKna5lgJ,7xa2FxbUh2cJ,True,0.9999877938169072,0.9999875532406953,2.40576211840704e-07,0.1,True,correct
DBLP,0.9,46,inner,bootstrap_OOB,4,journals/sigmod/MarchiLPT03,True,2,9dgFU6XaLrwJ,9dgFU6XaLrwJ,True,0.9999956824844961,0.999979774556217,1.5907928279101924e-05,0.1,True,correct
DBLP,0.9,46,inner,bootstrap_OOB,5,journals/vldb/ChakrabartiGRS01,True,4,2TVYDBNYioIJ,PTmCbogNUpAJ,True,0.9999931379389154,0.9999896540957214,3.4838431940409365e-06,0.1,True,correct
DBLP,0.9,46,inner,bootstrap_OOB,6,journals/sigmod/Liu01,False,0,,url:http://doi.wiley.com/10.1002/he.21,False,0.035682734609420896,0.01056678881632278,0.025115945793098116,0.1,False,unmatched_abstention
DBLP,0.9,46,inner,bootstrap_OOB,7,journals/vldb/C95c,False,0,,X90A1BsaKHoJ,False,1.1475725297617168e-05,6.882502601495048e-06,4.593222696122121e-06,0.1,False,unmatched_abstention
DBLP,0.9,46,inner,bootstrap_OOB,8,journals/sigmod/BohmR94,True,2,GXApzwcGl78J,GXApzwcGl78J,True,0.9999934751812725,0.2060543684066494,0.7939391067746231,0.1,True,correct
DBLP,0.9,46,inner,bootstrap_OOB,9,conf/sigmod/GoldmanW00,True,1,Ol886Ck3jz4J,Ol886Ck3jz4J,True,0.9999956476009841,2.770396402157581e-06,0.999992877204582,0.1,True,correct
DBLP,0.9,46,inner,bootstrap_OOB,10,conf/vldb/PitouraC99,True,1,6VU-VxcDsFsJ,6VU-VxcDsFsJ,True,0.9999954159625951,3.225695859352363e-06,0.9999921902667358,0.1,True,correct
DBLP,0.9,46,inner,bootstrap_OOB,11,journals/sigmod/RossAKSSY00,False,0,,url:http://portal.acm.org/citation.cfm%3Fid%3D1041410.1041430,False,0.16947694637006788,0.06749076082262541,0.10198618554744247,0.1,True,false_link
DBLP,0.9,46,inner,bootstrap_OOB,12,journals/sigmod/RossCGLLM01,False,0,,url:http://portal.acm.org/citation.cfm%3Fid%3D1041410.1041430,False,0.9975376887534237,0.9728587086390996,0.024678980114324123,0.1,True,false_link
DBLP,0.9,46,inner,bootstrap_OOB,13,conf/sigmod/PhanN02,True,1,LLIkm2GMqakJ,LLIkm2GMqakJ,True,0.9999943706667618,2.8901010696388344e-06,0.9999914805656921,0.1,True,correct
DBLP,0.9,46,inner,bootstrap_OOB,14,journals/tods/FukudaMMT01,True,7,_2f7zWIzK0QJ,k6ukzru4nX8J,True,0.999995318028948,0.9999779646659188,1.735336302921553e-05,0.1,True,correct
DBLP,0.9,46,inner,bootstrap_OOB,15,conf/vldb/LeeHJT03,True,1,BSE2se70OMYJ,BSE2se70OMYJ,True,0.9999954805922929,2.770721393192924e-06,0.9999927098708997,0.1,True,correct
DBLP,0.9,46,inner,bootstrap_OOB,16,conf/sigmod/SeshadriLR94,True,3,60I0j0qUHVYJ,60I0j0qUHVYJ,True,0.9999781679164688,0.9904817859451743,0.009496381971294432,0.1,True,correct
DBLP,0.9,46,inner,bootstrap_OOB,17,journals/sigmod/BernsteinHP00,True,3,FFzJxlpy6TsJ,FFzJxlpy6TsJ,True,0.9999953960546741,0.9999883274640162,7.068590657910434e-06,0.1,True,correct
DBLP,0.9,46,inner,bootstrap_OOB,18,conf/sigmod/LakshmananPZ03a,True,2,4sJ3mLPGGVQJ,4sJ3mLPGGVQJ,True,0.9999955316726057,0.9999797800718601,1.5751600745628203e-05,0.1,True,correct
DBLP,0.9,46,inner,bootstrap_OOB,19,journals/sigmod/LaenderRST02,True,4,34QnrkmS0Y8J,paQAZ2KXFgAJ,True,0.9999949753031211,0.9999934971098067,1.4781933144192294e-06,0.1,True,correct
DBLP,0.9,46,inner,bootstrap_OOB,20,journals/vldb/ChanGR03,True,2,7rn7AHVs1YUJ,7rn7AHVs1YUJ,True,0.9999951263231314,0.9999729524767029,2.2173846428441557e-05,0.1,True,correct
DBLP,0.9,46,inner,bootstrap_OOB,21,journals/sigmod/Fankhauser01,True,1,_sltXCfRKhYJ,_sltXCfRKhYJ,True,0.9999953136422105,2.8737535580625307e-06,0.9999924398886525,0.1,True,correct
DBLP,0.9,46,inner,bootstrap_OOB,22,conf/vldb/ChenHWW02,True,1,kgXRJZKRxZQJ,kgXRJZKRxZQJ,True,0.9999948660852939,2.9003640711171265e-06,0.9999919657212227,0.1,True,correct
DBLP,0.9,46,inner,bootstrap_OOB,23,journals/vldb/OoiTCH98,True,1,xv1webZ985MJ,xv1webZ985MJ,True,0.9999943933940232,1.814450327656194e-05,0.9999762488907467,0.1,True,correct
DBLP,0.9,46,inner,bootstrap_OOB,24,journals/tods/TaoSP03,True,1,FBp7oibu4ygJ,FBp7oibu4ygJ,True,0.9999947402772346,4.058215207124116e-05,0.9999541581251633,0.1,True,correct
DBLP,0.9,46,inner,bootstrap_OOB,25,journals/sigmod/BichlerSZ98,True,2,fQNdA5cjapAJ,fQNdA5cjapAJ,True,0.9999952893292741,0.999991190191453,4.099137821067522e-06,0.1,True,correct
DBLP,0.9,46,inner,bootstrap_OOB,26,conf/sigmod/AdaliBSS98,True,3,69JsZwNpla0J,YQ90BYSVqbsJ,True,0.999991555097643,0.9999838003110927,7.754786550351334e-06,0.1,True,correct
DBLP,0.9,46,inner,bootstrap_OOB,27,journals/sigmod/TatarinovIMHSDDKMM03,True,2,0JPhnHlRGOoJ,0JPhnHlRGOoJ,True,0.9999916112612204,0.9998918660239382,9.974523728217832e-05,0.1,True,correct
DBLP,0.9,46,inner,bootstrap_OOB,28,conf/sigmod/ZhangRL96,True,17,1ms09_UeEH4J,hk9P76dJfcAJ,True,0.9999955991891372,0.9999950671149433,5.320741938152906e-07,0.1,True,correct
DBLP,0.9,46,inner,bootstrap_OOB,29,journals/vldb/SivasankaranSTPR96,True,3,url:http://ieeexplore.ieee.org/iel2/997/7843/00331718.pdf%3Farnumber%3D331718,XX_3v0k3v6QJ,True,0.9999948560042189,0.9999903506992364,4.505304982527214e-06,0.1,True,correct
DBLP,0.9,46,inner,bootstrap_OOB,30,conf/sigmod/HanKS97,True,4,_EEZCcB1BPYJ,nD_Yjp9TNuIJ,True,0.9999955898999531,0.9999939081900425,1.6817099105503885e-06,0.1,True,correct
DBLP,0.9,46,inner,bootstrap_OOB,31,journals/tods/WangBBJ97,True,5,Io4omPiDA94J,NYQMkdaH2egJ,True,0.9999954648549204,0.9999950310235587,4.3383136172359116e-07,0.1,True,correct
DBLP,0.9,46,inner,bootstrap_OOB,32,journals/sigmod/Roussopoulos98,True,2,GfjHZswtM0EJ,GfjHZswtM0EJ,True,0.9999939621701518,0.9155004773571727,0.08449348481297914,0.1,True,correct
DBLP,0.9,46,inner,bootstrap_OOB,33,conf/vldb/NinkHR99,True,1,tZBIZ9ZHdTkJ,tZBIZ9ZHdTkJ,True,0.999994900759058,3.0647123456469433e-06,0.9999918360467123,0.1,True,correct
DBLP,0.9,46,inner,bootstrap_OOB,34,conf/vldb/DingGS00,True,2,I5fV3jpcrmAJ,I5fV3jpcrmAJ,True,0.9999932198238947,0.9999796754627676,1.3544361127104665e-05,0.1,True,correct
DBLP,0.9,46,inner,bootstrap_OOB,35,conf/vldb/HalversonBKKRTVWND03,True,1,oR7DmJ9JJDYJ,oR7DmJ9JJDYJ,True,0.9999908591314599,3.5566697497807255e-06,0.9999873024617101,0.1,True,correct
DBLP,0.9,46,inner,bootstrap_OOB,36,journals/sigmod/DreyerDS94,True,1,GCf11c7YuucJ,GCf11c7YuucJ,True,0.9999951695369392,8.291015729712382e-06,0.9999868785212095,0.1,True,correct
DBLP,0.9,46,inner,bootstrap_OOB,37,conf/sigmod/VanceM96,True,4,5eHH3hxffFUJ,-tCYCLPZLvYJ,True,0.9999952496341166,0.999995187588896,6.20452205168931e-08,0.1,True,correct
DBLP,0.9,46,inner,bootstrap_OOB,38,journals/tods/DiaoAFZF03,True,2,fREDZIbZVdEJ,fREDZIbZVdEJ,True,0.9999955968508307,0.9999786590987513,1.693775207944892e-05,0.1,True,correct
DBLP,0.9,46,inner,bootstrap_OOB,39,journals/tods/HjaltasonS03,True,1,9Wan9sPNUAYJ,9Wan9sPNUAYJ,True,0.9999955522922368,2.9076422217820343e-06,0.999992644650015,0.1,True,correct
DBLP,0.9,46,inner,bootstrap_OOB,40,journals/vldb/SteinbrunnMK97,True,2,0WXQjwXCy0QJ,nwwVf5FGX4QJ,True,0.9999952457591473,0.9999951398667853,1.0589236199010088e-07,0.1,True,correct
DBLP,0.9,46,inner,bootstrap_OOB,41,journals/sigmod/AbererCH02,True,2,ulDBbXl-6Q4J,ulDBbXl-6Q4J,True,0.9999946169385769,0.9999935759097236,1.0410288533435619e-06,0.1,True,correct
DBLP,0.9,46,inner,bootstrap_OOB,42,conf/vldb/LeeL96,True,1,tuVp_18tFv8J,tuVp_18tFv8J,True,0.9999954984006123,3.017428730161262e-06,0.9999924809718821,0.1,True,correct
DBLP,0.9,46,inner,bootstrap_OOB,43,conf/vldb/ZhouR03,True,1,MvbChqWgFawJ,MvbChqWgFawJ,True,0.999994680287002,3.361859210718117e-06,0.9999913184277913,0.1,True,correct
DBLP,0.9,46,inner,bootstrap_OOB,44,conf/vldb/RizviH02,True,4,2pPdWgF69ZoJ,3ku_XOqYuawJ,True,0.999995457076175,0.9999918781571709,3.5789190040436125e-06,0.1,True,correct
DBLP,0.9,46,inner,bootstrap_OOB,45,journals/tods/MehrotraRKS98,True,1,tAnONC5J2W8J,tAnONC5J2W8J,True,0.999995297695715,3.7206378837996723e-06,0.9999915770578313,0.1,True,correct
DBLP,0.9,46,inner,bootstrap_OOB,46,journals/tods/BaekgaardM95,True,1,6UycFCZooDoJ,6UycFCZooDoJ,True,0.9999920980723487,3.470289612630824e-06,0.999988627782736,0.1,True,correct
DBLP,0.9,46,inner,bootstrap_OOB,47,journals/vldb/FahlR97,True,2,iM6vRWljKpAJ,zXSCJ9LzZ8cJ,True,0.9999945468272963,0.999990610235962,3.936591334241513e-06,0.1,True,correct
DBLP,0.9,46,inner,bootstrap_OOB,48,journals/sigmod/Winslett01a,False,0,,WNKKVlRqOGMJ,False,2.930916620052647e-06,2.9207432668434596e-06,1.0173353209187205e-08,0.1,False,unmatched_abstention
DBLP,0.9,46,inner,bootstrap_OOB,49,journals/vldb/CandanLS00,True,2,nXvDy_QqSd4J,nXvDy_QqSd4J,True,0.9999934745776607,0.9999836093417848,9.865235875983203e-06,0.1,True,correct
DBLP,0.9,46,inner,bootstrap_OOB,50,journals/vldb/NgS98,True,3,8vJEjrhM7foJ,url:http://www.springerlink.com/index/85D6LYCWB48DWBKW.pdf,True,0.9999939431731857,0.9999789562838748,1.4986889310897311e-05,0.1,True,correct
DBLP,0.9,46,inner,bootstrap_OOB,51,conf/vldb/DesslochM97,True,2,CjtIFow-OWcJ,CjtIFow-OWcJ,True,0.9999955353826657,0.9999844926742679,1.1042708397801526e-05,0.1,True,correct
DBLP,0.9,46,inner,bootstrap_OOB,52,conf/vldb/NgY94,True,3,1O-Uy922LQUJ,1O-Uy922LQUJ,True,0.9999955844122037,0.9999903106604389,5.273751764844903e-06,0.1,True,correct
DBLP,0.9,46,inner,bootstrap_OOB,53,conf/sigmod/VriesMNK02,True,1,dVn0Led5JLAJ,dVn0Led5JLAJ,True,0.9999952953452782,2.8733123525843485e-06,0.9999924220329256,0.1,True,correct
DBLP,0.9,46,inner,bootstrap_OOB,54,conf/sigmod/MumickQM97,True,3,8m_6OmUvYJwJ,c_n0wQe1FhAJ,True,0.9999953427178867,0.9999951041022512,2.386156354727831e-07,0.1,True,correct
DBLP,0.9,46,inner,bootstrap_OOB,55,journals/vldb/BonifatiCP01,True,1,FLTKBG-bw7sJ,FLTKBG-bw7sJ,True,0.9999953545261904,2.9421493632014018e-06,0.9999924123768271,0.1,True,correct
DBLP,0.9,46,inner,bootstrap_OOB,56,journals/vldb/Li03,True,3,HlXyqUIDobMJ,HlXyqUIDobMJ,True,0.9999958280829735,0.9999938498399291,1.9782430443759935e-06,0.1,True,correct
DBLP,0.9,46,inner,bootstrap_OOB,57,journals/tods/FegarasM00,True,1,eCQjRu0EiagJ,eCQjRu0EiagJ,True,0.9999948000521731,3.4381910719125614e-06,0.9999913618611012,0.1,True,correct
DBLP,0.9,46,inner,bootstrap_OOB,58,journals/sigmod/ShethBS99,True,3,cqlnSEkt12EJ,NLklGN91cZgJ,True,0.99999046047801,0.9999902554402311,2.0503777886649033e-07,0.1,True,correct
DBLP,0.9,46,inner,bootstrap_OOB,59,journals/sigmod/Fong95,True,1,zw3-t-veNvAJ,zw3-t-veNvAJ,True,0.9999954192401668,4.7217035430017846e-06,0.9999906975366237,0.1,True,correct
DBLP,0.9,46,inner,bootstrap_OOB,60,conf/sigmod/McAuliffeCS96,True,2,c__Nxyn_uvwJ,c__Nxyn_uvwJ,True,0.999994848217937,0.99845031250117,0.0015445357167670482,0.1,True,correct
DBLP,0.9,46,inner,bootstrap_OOB,61,conf/sigmod/Pruscino03,False,0,,7aUag74jtdIJ,False,2.9765805713175674e-06,2.871923408861221e-06,1.0465716245634648e-07,0.1,False,unmatched_abstention
DBLP,0.9,46,inner,bootstrap_OOB,62,conf/vldb/PapakonstantinouAG96,True,6,Aiy1CuDyBNQJ,gkbvvgj8kdUJ,True,0.999994952128926,0.999991852004975,3.100123950994238e-06,0.1,True,correct
DBLP,0.9,46,inner,bootstrap_OOB,63,journals/sigmod/Mendelzon98,False,0,,LxniIL-QAhgJ,False,0.0004874550376866536,0.00015328750943889767,0.0003341675282477559,0.1,False,unmatched_abstention
DBLP,0.9,46,inner,bootstrap_OOB,64,conf/sigmod/HwangLYMMGCSS94,True,1,AWah9GLEFTAJ,AWah9GLEFTAJ,True,0.9999939347398367,4.246753990503221e-06,0.9999896879858462,0.1,True,correct
DBLP,0.9,46,inner,bootstrap_OOB,65,journals/sigmod/ChakravarthyAEFO03,True,2,url:http://portal.acm.org/citation.cfm%3Fid%3D641006,url:http://portal.acm.org/citation.cfm%3Fid%3D641006,True,0.999994750189602,0.9999942745207522,4.756688498641637e-07,0.1,True,correct
DBLP,0.9,46,inner,bootstrap_OOB,66,conf/sigmod/BrodskySCE99,True,3,_cUSf4sG_28J,jnBo-gBTmAcJ,True,0.9999938163289755,0.9999899707384465,3.845590529016896e-06,0.1,True,correct
DBLP,0.9,46,inner,bootstrap_OOB,67,conf/sigmod/LarsonG98,True,2,QmBz3hMOFh4J,QmBz3hMOFh4J,True,0.9999954131551309,0.9999837933111941,1.1619843936716556e-05,0.1,True,correct
DBLP,0.9,46,inner,bootstrap_OOB,68,conf/vldb/ShanmugasundaramGTZDN99,True,13,C5EoaXfZ7BsJ,GIlUG9H3gUUJ,True,0.99999505872939,0.9999947427395318,3.159898581683862e-07,0.1,True,correct
DBLP,0.9,46,inner,bootstrap_OOB,69,conf/sigmod/HinneburgKW02,True,3,7v3f7Thmyw0J,VWd7jhLXfV0J,True,0.9999952891405883,0.00039851556823674065,0.9995967735723515,0.1,True,correct
DBLP,0.9,46,inner,bootstrap_OOB,70,conf/sigmod/WangJLY03,True,1,EQsWWZdE45wJ,EQsWWZdE45wJ,True,0.9999954002853102,2.967420082326663e-06,0.9999924328652279,0.1,True,correct
DBLP,0.9,46,inner,bootstrap_OOB,71,conf/vldb/Koch03,True,1,rhxIrsQkm5AJ,rhxIrsQkm5AJ,True,0.9999904304819454,2.7622181465214817e-06,0.9999876682637988,0.1,True,correct
DBLP,0.9,46,inner,bootstrap_OOB,72,journals/sigmod/ConradHHKRSS99,True,4,3aPleydkcIoJ,cjvOCqu3cJgJ,True,0.9999932836388982,0.9999925133062529,7.703326452279669e-07,0.1,True,correct
DBLP,0.9,46,inner,bootstrap_OOB,73,conf/vldb/PolyzotisG02,True,1,krAZ7iDMEOQJ,krAZ7iDMEOQJ,True,0.9999955179386467,0.00011423975712637246,0.9998812781815204,0.1,True,correct
DBLP,0.9,46,inner,bootstrap_OOB,74,conf/sigmod/Bussler02,True,1,url:http://portal.acm.org/ft_gateway.cfm%3Fid%3D564801%26type%3Dpdf%26dl%3DGUIDE%26dl%3DACM%26CFID%3D11111111%26CFTOKEN%3D2222222,url:http://portal.acm.org/ft_gateway.cfm%3Fid%3D564801%26type%3Dpdf%26dl%3DGUIDE%26dl%3DACM%26CFID%3D11111111%26CFTOKEN%3D2222222,True,0.999649615863792,6.872349612621201e-06,0.9996427435141794,0.1,True,correct
DBLP,0.9,46,inner,bootstrap_OOB,75,conf/sigmod/ChoALS03,True,1,MAdjH9lCsysJ,MAdjH9lCsysJ,True,0.9999949541119045,3.116176355277094e-06,0.9999918379355492,0.1,True,correct
DBLP,0.9,46,inner,bootstrap_OOB,76,journals/vldb/HelmerM03,True,2,fz4PKDuWGmoJ,fz4PKDuWGmoJ,True,0.9999958592381205,0.999990882098879,4.97713924152432e-06,0.1,True,correct
DBLP,0.9,46,inner,bootstrap_OOB,77,conf/vldb/RoussopoulosK98,True,1,Mg0A5yz-_wYJ,Mg0A5yz-_wYJ,True,0.9999943069061507,0.00025177494533518255,0.9997425319608154,0.1,True,correct
DBLP,0.9,46,inner,bootstrap_OOB,78,conf/vldb/EsterKSWX98,True,2,ebJMvVO8zp0J,MC7KlhmEQt8J,True,0.9999955365704258,0.9999943018926761,1.2346777497063144e-06,0.1,True,correct
DBLP,0.9,46,inner,bootstrap_OOB,79,conf/sigmod/ColletC95,True,1,vP27NkXI4MEJ,vP27NkXI4MEJ,True,0.9999883052240471,1.2305377586232058e-05,0.9999759998464609,0.1,True,correct
DBLP,0.9,46,inner,bootstrap_OOB,80,journals/vldb/AnGSVKI02,True,1,kBzZ1GUoa1AJ,kBzZ1GUoa1AJ,True,0.9999952856530371,2.9294104312043794e-06,0.9999923562426059,0.1,True,correct
DBLP,0.9,46,inner,bootstrap_OOB,81,journals/tods/KorthS94,True,1,w40iTKlpWEQJ,w40iTKlpWEQJ,True,0.9999957486183865,5.229258654488509e-06,0.9999905193597319,0.1,True,correct
DBLP,0.9,46,inner,bootstrap_OOB,82,conf/vldb/JohnsonM98,True,4,cTZLUZ5_cfkJ,eFynrwKK_T0J,True,0.9999937910315785,0.9998626685413634,0.00013112249021507427,0.1,True,correct
DBLP,0.9,46,inner,bootstrap_OOB,83,conf/sigmod/Ballinger94,True,1,xGGBIZmLvmgJ,xGGBIZmLvmgJ,True,0.9999955215789628,3.42215539981838e-06,0.9999920994235629,0.1,True,correct
DBLP,0.9,46,inner,bootstrap_OOB,84,conf/vldb/Galindo-LegariaPK94,True,3,47fE4F2kahEJ,47fE4F2kahEJ,True,0.9999946203205958,0.9999853178769637,9.302443632175361e-06,0.1,True,correct
DBLP,0.9,46,inner,bootstrap_OOB,85,conf/sigmod/GraySSU03,True,1,NnKrsx4j4pkJ,NnKrsx4j4pkJ,True,0.9999901156743413,5.23428795087959e-06,0.9999848813863904,0.1,True,correct
DBLP,0.9,46,inner,bootstrap_OOB,86,journals/sigmod/Hanna95,True,2,29btu5OspbAJ,EKqpEdn3kDMJ,True,0.9999953553147076,0.999991762396297,3.592918410677548e-06,0.1,True,correct
DBLP,0.9,46,inner,bootstrap_OOB,87,journals/vldb/KieslingSSD94,True,1,bvFRYOianJUJ,bvFRYOianJUJ,True,0.9999949243965913,2.6933443312154234e-06,0.9999922310522601,0.1,True,correct
DBLP,0.9,46,inner,bootstrap_OOB,88,journals/vldb/LiangOY00,True,1,ikw-En98LywJ,ikw-En98LywJ,True,0.999995746963863,2.87566440317604e-06,0.9999928712994598,0.1,True,correct
DBLP,0.9,46,inner,bootstrap_OOB,89,conf/vldb/DiwanRSS96,True,1,HjDa9on7LzoJ,HjDa9on7LzoJ,True,0.9999955074155444,3.1593258416459435e-06,0.9999923480897028,0.1,True,correct
DBLP,0.9,46,inner,bootstrap_OOB,90,conf/vldb/BernsteinHSSZ97,True,3,62aA4DYB0MQJ,L2c8XblCSicJ,True,0.9999938531646062,0.999991974768876,1.878395730181559e-06,0.1,True,correct
DBLP,0.9,46,inner,bootstrap_OOB,91,conf/vldb/KornMS02,True,1,mClzTQppJE4J,mClzTQppJE4J,True,0.9999945052474164,3.085787203772972e-06,0.9999914194602126,0.1,True,correct
DBLP,0.9,46,inner,bootstrap_OOB,92,journals/sigmod/GunopulosK01,False,0,,TmXE_bpkL98J,False,2.774481375905894e-06,2.7722623165324256e-06,2.2190593734682123e-09,0.1,False,unmatched_abstention
DBLP,0.9,46,inner,bootstrap_OOB,93,journals/sigmod/SegevJS95,True,1,2kiNfwTpqp4J,2kiNfwTpqp4J,True,0.9999937537402152,6.74139366743033e-05,0.9999263398035408,0.1,True,correct
DBLP,0.9,46,inner,bootstrap_OOB,94,conf/sigmod/HsiaoN00,True,1,iY5wlS4jsg0J,iY5wlS4jsg0J,True,0.9999942876157216,2.7900832317175127e-06,0.99999149753249,0.1,True,correct
DBLP,0.9,46,inner,bootstrap_OOB,95,conf/sigmod/AgrawalES03,True,2,HypA8oN4PqsJ,HypA8oN4PqsJ,True,0.999992384900369,0.020118858743338033,0.9798735261570309,0.1,True,correct
DBLP,0.9,46,inner,bootstrap_OOB,96,conf/sigmod/SlivinskasJS01,True,1,oAVbM_vepr8J,oAVbM_vepr8J,True,0.9999955156897443,2.6836705447204978e-06,0.9999928320191996,0.1,True,correct
DBLP,0.9,46,inner,bootstrap_OOB,97,conf/sigmod/Brown99,True,1,itP4yy9sLUUJ,itP4yy9sLUUJ,True,0.9999916586790408,3.090195761845712e-06,0.999988568483279,0.1,True,correct
DBLP,0.9,46,inner,bootstrap_OOB,98,conf/vldb/ConradGJM02,True,1,gIm89AXuE4oJ,gIm89AXuE4oJ,True,0.9998788977242233,2.9274164117158983e-06,0.9998759703078116,0.1,True,correct
DBLP,0.9,46,inner,bootstrap_OOB,99,journals/sigmod/TianDCZ02,True,5,eeCoB5sDWK4J,JceK-ywXk8UJ,True,0.9999954311028215,0.9999942320968567,1.1990059648470108e-06,0.1,True,correct
DBLP,0.9,46,inner,bootstrap_OOB,100,journals/vldb/FangGM96,False,0,,AWGtiQgXS7QJ,False,0.9999874436878919,0.001058787835343928,0.998928655852548,0.1,True,false_link
DBLP,0.9,46,inner,bootstrap_OOB,101,journals/vldb/FuCCM00,True,1,7kC8fo78d6sJ,7kC8fo78d6sJ,True,0.9999953325579712,2.8012223281760593e-06,0.999992531335643,0.1,True,correct
DBLP,0.9,46,inner,bootstrap_OOB,102,conf/vldb/DillKMRST01,True,3,_dtqcPU4NdkJ,eZoS-yciSRsJ,True,0.9999947840346797,0.9999801351347298,1.4648899949842864e-05,0.1,True,correct
DBLP,0.9,46,inner,bootstrap_OOB,103,journals/sigmod/PourabbasR00,True,2,3y6y5AXu-j0J,3y6y5AXu-j0J,True,0.9999954268263885,0.9999814663418819,1.3960484506636561e-05,0.1,True,correct
DBLP,0.9,46,inner,bootstrap_OOB,104,conf/vldb/SantiniG02,True,1,J3cfnmFB4lsJ,J3cfnmFB4lsJ,True,0.9999957506451114,3.0661418931849107e-06,0.9999926845032182,0.1,True,correct
DBLP,0.9,46,inner,bootstrap_OOB,105,journals/sigmod/RashidS00,True,1,e0GH54HirssJ,e0GH54HirssJ,True,0.9999948732090067,2.8236906628492212e-06,0.9999920495183439,0.1,True,correct
DBLP,0.9,46,inner,bootstrap_OOB,106,journals/tods/GoldmanL94,True,1,VxMarpzwtzQJ,VxMarpzwtzQJ,True,0.9999951684404284,3.002169930785307e-06,0.9999921662704976,0.1,True,correct
DBLP,0.9,46,inner,bootstrap_OOB,107,conf/vldb/SatheS01,True,1,L1IBwD8w1G0J,L1IBwD8w1G0J,True,0.9999952611225841,3.3677443579415536e-06,0.9999918933782261,0.1,True,correct
DBLP,0.9,46,inner,bootstrap_OOB,108,conf/sigmod/ZhouR02,True,1,-hUVSdRv5UUJ,-hUVSdRv5UUJ,True,0.9999949479293715,3.017987043112984e-06,0.9999919299423283,0.1,True,correct
DBLP,0.9,46,inner,bootstrap_OOB,109,journals/sigmod/Darwen96,True,1,url:http://portal.acm.org/citation.cfm%3Fid%3D245882.245886%26dl%3DGUIDE%26dl%3DACM%26idx%3DJ689%26part%3Dperiodical%26WantType%3Dperiodical%26title%3DACM%2520SIGMOD%2520Record%26CFID%3D11111111%26CFTOKEN%3D2222222,url:http://portal.acm.org/citation.cfm%3Fid%3D245882.245886%26dl%3DGUIDE%26dl%3DACM%26idx%3DJ689%26part%3Dperiodical%26WantType%3Dperiodical%26title%3DACM%2520SIGMOD%2520Record%26CFID%3D11111111%26CFTOKEN%3D2222222,True,0.9999948730476583,0.0012428606163993933,0.9987520124312589,0.1,True,correct
DBLP,0.9,46,inner,bootstrap_OOB,110,journals/vldb/WhiteD95,True,2,jKBaGqWJK2oJ,jKBaGqWJK2oJ,True,0.999994949042208,0.999803211845633,0.00019173719657494814,0.1,True,correct
DBLP,0.9,46,inner,bootstrap_OOB,111,conf/sigmod/OlstonWL01,True,1,I_YprPVQ45QJ,I_YprPVQ45QJ,True,0.9999945150011963,3.26039363418669e-06,0.9999912546075621,0.1,True,correct
DBLP,0.9,46,inner,bootstrap_OOB,112,conf/vldb/Meier95,True,1,C_lenwvj88AJ,C_lenwvj88AJ,True,0.9999943236959682,2.89306551167914e-06,0.9999914306304565,0.1,True,correct
DBLP,0.9,46,inner,bootstrap_OOB,113,journals/sigmod/Bussche00,True,2,abRCzV130REJ,CER66z1lh0MJ,True,0.9999898316127783,0.8818814218951289,0.11810840971764947,0.1,True,correct
DBLP,0.9,46,inner,bootstrap_OOB,114,journals/tods/ChakrabartiKMP02,True,4,_nOW6fmEcTEJ,eHY42LnL_lsJ,True,0.9999949531590169,0.9999904034853898,4.5496736270633775e-06,0.1,True,correct
DBLP,0.9,46,inner,bootstrap_OOB,115,conf/vldb/Ioannidis03,True,1,jELnwotIy9kJ,jELnwotIy9kJ,True,0.9999931385736662,4.891683394268762e-06,0.999988246890272,0.1,True,correct
DBLP,0.9,46,inner,bootstrap_OOB,116,journals/vldb/WhangKW94,True,1,gLSOYwdwIQ8J,gLSOYwdwIQ8J,True,0.9999948002009419,2.697171643353009e-06,0.9999921030292985,0.1,True,correct
DBLP,0.9,46,inner,bootstrap_OOB,117,conf/vldb/SheikholeslamiCZ98,True,3,btydMRJMBqoJ,btydMRJMBqoJ,True,0.9999955381451046,0.9999940148728987,1.523272205816717e-06,0.1,True,correct
DBLP,0.9,46,inner,bootstrap_OOB,118,conf/sigmod/LiuPTBBZBHY98,True,3,0e3PPUvtZ0MJ,ezlAkB7ijDUJ,True,0.9999850380652756,0.08835225819661548,0.9116327798686601,0.1,True,correct
DBLP,0.9,46,inner,bootstrap_OOB,119,journals/sigmod/McHughW97,True,1,dAnyGPqToQEJ,dAnyGPqToQEJ,True,0.9999952769183543,2.7705919206511016e-06,0.9999925063264337,0.1,True,correct
DBLP,0.9,46,inner,bootstrap_OOB,120,conf/sigmod/Norrie95,True,1,url:http://portal.acm.org/ft_gateway.cfm%3Fid%3D223883%26type%3Dpdf%26dl%3DGUIDE%26dl%3DACM%26CFID%3D11111111%26CFTOKEN%3D2222222,url:http://portal.acm.org/ft_gateway.cfm%3Fid%3D223883%26type%3Dpdf%26dl%3DGUIDE%26dl%3DACM%26CFID%3D11111111%26CFTOKEN%3D2222222,True,0.9976205398645303,5.688989910443809e-05,0.9975636499654258,0.1,True,correct
DBLP,0.9,46,inner,bootstrap_OOB,121,journals/sigmod/BerndtssonH96,True,2,8Dj_i69XP60J,url:http://portal.acm.org/ft_gateway.cfm%3Fid%3D381889%26type%3Dpdf%26dl%3DGUIDE%26dl%3DACM%26CFID%3D11111111%26CFTOKEN%3D2222222,True,0.9999958884827479,0.9999900814258293,5.807056918549769e-06,0.1,True,correct
DBLP,0.9,46,inner,bootstrap_OOB,122,conf/sigmod/TomasicABKNR97,True,3,_fF5I-bkUSQJ,6CpWnsUqJNIJ,True,0.9999951522864917,0.9999939749683155,1.1773181761709495e-06,0.1,True,correct
DBLP,0.9,46,inner,bootstrap_OOB,123,journals/sigmod/NascimentoSP03,True,1,G3QWq2T08SEJ,G3QWq2T08SEJ,True,0.9999912594995565,3.0725318347708075e-06,0.9999881869677217,0.1,True,correct
DBLP,0.9,46,inner,bootstrap_OOB,124,conf/sigmod/BaruGLMPVC99,True,7,3SHIgRrrL5QJ,mXKKjAJUm-oJ,True,0.9999950737342128,0.9999919475609585,3.1261732542642306e-06,0.1,True,correct
DBLP,0.9,46,inner,bootstrap_OOB,125,journals/tods/Suciu02,True,1,Y7kHpHu3nP0J,Y7kHpHu3nP0J,True,0.9999946151363607,3.243637058695829e-06,0.999991371499302,0.1,True,correct
DBLP,0.9,46,inner,bootstrap_OOB,126,journals/sigmod/LuoI02,True,2,url:http://portal.acm.org/citation.cfm%3Fid%3D601858.601879%26dl%3DGUIDE%26dl%3DACM%26idx%3DJ689%26part%3Dperiodical%26WantType%3Dperiodical%26title%3DACM%2520SIGMOD%2520Record%26CFID%3D11111111%26CFTOKEN%3D2222222,url:http://portal.acm.org/ft_gateway.cfm%3Fid%3D601879%26type%3Dpdf%26dl%3DGUIDE%26dl%3DACM%26CFID%3D11111111%26CFTOKEN%3D2222222,True,0.9999923760715973,0.9999912380677141,1.138003883238703e-06,0.1,True,correct
DBLP,0.9,46,inner,bootstrap_OOB,127,conf/vldb/ZurekS99,True,1,mEdoUlcnDsgJ,mEdoUlcnDsgJ,True,0.9999957651888438,2.965923419550519e-06,0.9999927992654243,0.1,True,correct
DBLP,0.9,46,inner,bootstrap_OOB,128,conf/vldb/DyresonBJ99,True,1,FkPcMtplo18J,FkPcMtplo18J,True,0.9999952016945126,2.8060136529161566e-06,0.9999923956808597,0.1,True,correct
DBLP,0.9,46,inner,bootstrap_OOB,129,journals/sigmod/FrankNS02,True,1,YeD6vittJSMJ,YeD6vittJSMJ,True,0.9989782252519092,0.0007872798870422389,0.998190945364867,0.1,True,correct
DBLP,0.9,46,inner,bootstrap_OOB,130,conf/vldb/LinLYZ03,True,1,9rbctPoEdNUJ,9rbctPoEdNUJ,True,0.9999926149097709,2.8428532521091734e-06,0.9999897720565187,0.1,True,correct
DBLP,0.9,46,inner,bootstrap_OOB,131,journals/sigmod/AtzeniMM97,True,4,9CDasz2P9wsJ,Hdq-Mlh3fcMJ,True,0.9999939290338861,0.9999919831755514,1.945858334684303e-06,0.1,True,correct
DBLP,0.9,46,inner,bootstrap_OOB,132,journals/sigmod/Sidell96,True,1,url:http://portal.acm.org/ft_gateway.cfm%3Fid%3D245906%26type%3Dpdf%26dl%3DGUIDE%26dl%3DACM%26CFID%3D11111111%26CFTOKEN%3D2222222,url:http://portal.acm.org/ft_gateway.cfm%3Fid%3D245906%26type%3Dpdf%26dl%3DGUIDE%26dl%3DACM%26CFID%3D11111111%26CFTOKEN%3D2222222,True,0.9999942919123584,1.9647878278830028e-05,0.9999746440340797,0.1,True,correct
DBLP,0.9,46,inner,bootstrap_OOB,133,journals/sigmod/RossIJP00,False,0,,url:http://portal.acm.org/citation.cfm%3Fid%3D1041410.1041430,False,0.16947694637006788,0.06749076082262541,0.10198618554744247,0.1,True,false_link
DBLP,0.9,46,inner,bootstrap_OOB,134,journals/sigmod/CuiJO02,True,2,LIUl6zpveGQJ,Llr0ikQ8yIIJ,True,0.9996645328361579,3.4845053774683846e-05,0.9996296877823831,0.1,True,correct
DBLP,0.9,46,inner,bootstrap_OOB,135,conf/vldb/SteinbrunnPMK95,True,2,EPtaqugcCyMJ,EPtaqugcCyMJ,True,0.9999939963394849,0.9999857777864849,8.21855300003893e-06,0.1,True,correct
DBLP,0.9,46,inner,bootstrap_OOB,136,conf/vldb/BawaBA03,True,2,bo1rnY4bU4kJ,ZjIllDHwkSoJ,True,0.9999949073295842,0.999975736994416,1.9170335168183783e-05,0.1,True,correct
DBLP,0.9,46,inner,bootstrap_OOB,137,journals/vldb/ChenHY97,True,1,IWZsSVPC6HMJ,IWZsSVPC6HMJ,True,0.9999954273889613,3.499475817986329e-06,0.9999919279131433,0.1,True,correct
DBLP,0.9,46,inner,bootstrap_OOB,138,journals/vldb/GeorgakopoulosRL94,True,1,G85JsnuAjzMJ,G85JsnuAjzMJ,True,0.9999956244072571,2.8594721786273795e-06,0.9999927649350785,0.1,True,correct
DBLP,0.9,46,inner,bootstrap_OOB,139,conf/sigmod/Brewer98,True,1,k4UNrsGeUuAJ,k4UNrsGeUuAJ,True,0.9999951921165527,9.705486712328366e-06,0.9999854866298404,0.1,True,correct
DBLP,0.9,46,inner,bootstrap_OOB,140,conf/vldb/ChanI99,True,2,KuA45Oh0rkYJ,QV20-69j6YYJ,True,0.9999948089955242,0.9999724957234043,2.2313272119878214e-05,0.1,True,correct
DBLP,0.9,46,inner,bootstrap_OOB,141,conf/sigmod/DarEGP98,True,1,ewnL82c8kiMJ,ewnL82c8kiMJ,True,0.9999952728492555,4.2191570755399245e-05,0.9999530812785001,0.1,True,correct
DBLP,0.9,46,inner,bootstrap_OOB,142,conf/sigmod/BrinkhoffKSS94,True,5,cb1kf4z7hA4J,cb1kf4z7hA4J,True,0.9999943036584873,0.9999924168452625,1.8868132247717995e-06,0.1,True,correct
DBLP,0.9,46,inner,bootstrap_OOB,143,conf/sigmod/KornackerSH98,True,2,08hpWyqMTqAJ,bV8_CDuW2gMJ,True,0.9999949071595958,0.9999778608859837,1.7046273612097984e-05,0.1,True,correct
DBLP,0.9,46,inner,bootstrap_OOB,144,conf/sigmod/BertinoCF01,True,1,JSzfxAgs4pgJ,JSzfxAgs4pgJ,True,0.9999956316578678,0.02185242431068308,0.9781432073471846,0.1,True,correct
DBLP,0.9,46,inner,bootstrap_OOB,145,conf/sigmod/Hidber99,True,2,HkBKH9ZUJEcJ,HkBKH9ZUJEcJ,True,0.9999880180250894,0.999927664791773,6.035323331643472e-05,0.1,True,correct
DBLP,0.9,46,inner,bootstrap_OOB,146,conf/vldb/BeneventanoBCCGMMV00,True,4,4AcfxYXwZnIJ,Q6jRYrIlTM4J,True,0.9999921477123794,0.9999901397575177,2.0079548617157883e-06,0.1,True,correct
DBLP,0.9,46,inner,bootstrap_OOB,147,conf/sigmod/ImielinskiV95,True,1,dKMRgoNRQDgJ,dKMRgoNRQDgJ,True,0.9999872789614942,2.7912622254674736e-06,0.9999844876992687,0.1,True,correct
DBLP,0.9,46,inner,bootstrap_OOB,148,conf/sigmod/Cotton02,True,1,url:http://portal.acm.org/ft_gateway.cfm%3Fid%3D564792%26type%3Dpdf,url:http://portal.acm.org/ft_gateway.cfm%3Fid%3D564792%26type%3Dpdf,True,0.9999526922834072,4.028426869600761e-06,0.9999486638565376,0.1,True,correct
DBLP,0.9,46,inner,bootstrap_OOB,149,journals/sigmod/LacroixB03,True,1,url:http://portal.acm.org/citation.cfm%3Fid%3D640990.641003%26dl%3Dportal%26dl%3DACM%26idx%3DJ689%26part%3Dperiodical%26WantType%3Dperiodical%26title%3DACM%2520SIGMOD%2520Record%26CFID%3D11111111%26CFTOKEN%3D2222222,url:http://portal.acm.org/citation.cfm%3Fid%3D640990.641003%26dl%3Dportal%26dl%3DACM%26idx%3DJ689%26part%3Dperiodical%26WantType%3Dperiodical%26title%3DACM%2520SIGMOD%2520Record%26CFID%3D11111111%26CFTOKEN%3D2222222,True,0.999995273809392,5.2354068511561015e-05,0.9999429197408805,0.1,True,correct
DBLP,0.9,46,inner,bootstrap_OOB,150,conf/vldb/ChristodoulakisTZ97,True,2,D0z0BDnbnFcJ,lojHMj5xWEwJ,True,0.9999958049469622,0.9999947174248335,1.0875221286843484e-06,0.1,True,correct
DBLP,0.9,46,inner,bootstrap_OOB,151,conf/sigmod/BouguettayaBH99,True,3,ER8571wXl6EJ,siO8kr7vvLEJ,True,0.9999947581940265,0.9999916300403051,3.1281537213878607e-06,0.1,True,correct
DBLP,0.9,46,inner,bootstrap_OOB,152,conf/sigmod/Seshadri03,False,0,,FEq1iZm8DkQJ,False,2.896231855461849e-06,2.8568064185469085e-06,3.9425436914940363e-08,0.1,False,unmatched_abstention
DBLP,0.9,46,inner,bootstrap_OOB,153,conf/sigmod/Hellerstein00,True,1,rbluxTXqUQwJ,rbluxTXqUQwJ,True,0.9998757690729984,0.0003469699966020816,0.9995287990763962,0.1,True,correct
DBLP,0.9,46,inner,bootstrap_OOB,154,journals/tods/Snodgrass01,False,0,,url:http://www.springerlink.com/index/5G6L5CVD7NA9HCJJ.pdf,False,0.09981985347911351,0.013459319768269135,0.08636053371084437,0.1,False,unmatched_abstention
DBLP,0.9,46,inner,bootstrap_OOB,155,conf/sigmod/GuoSBS03,True,1,p_PDgjVRUS4J,p_PDgjVRUS4J,True,0.9999891829870995,2.699678146044549e-06,0.9999864833089535,0.1,True,correct
DBLP,0.9,46,inner,bootstrap_OOB,156,conf/vldb/Greco98,True,1,CCr8CUlHeNsJ,CCr8CUlHeNsJ,True,0.999994808847007,6.206659545152136e-06,0.9999886021874618,0.1,True,correct
DBLP,0.9,46,inner,bootstrap_OOB,157,journals/sigmod/ShahMFH01,True,1,7b-nJDMGtwUJ,7b-nJDMGtwUJ,True,0.999995112023915,2.883933755229131e-06,0.9999922280901598,0.1,True,correct
DBLP,0.9,46,inner,bootstrap_OOB,158,conf/sigmod/AltinelLKMPLWB02,True,2,HtYTQ-fN8ccJ,HtYTQ-fN8ccJ,True,0.9999927344224381,0.7871765283396865,0.21281620608275154,0.1,True,correct
DBLP,0.9,46,inner,bootstrap_OOB,159,conf/vldb/SetzerZ94,True,1,1tmW1mOCZqIJ,1tmW1mOCZqIJ,True,0.9999955733951026,3.0188016745941938e-06,0.999992554593428,0.1,True,correct
DBLP,0.9,46,inner,bootstrap_OOB,160,conf/sigmod/DobraGGR02,True,2,v7A9Otp7OjsJ,v7A9Otp7OjsJ,True,0.9999937083396182,0.987033397834667,0.012960310504951167,0.1,True,correct
DBLP,0.9,46,inner,bootstrap_OOB,161,journals/vldb/OoiHLT96,True,1,EclgEUrqHQAJ,EclgEUrqHQAJ,True,0.9999958687007555,3.5607049973698517e-06,0.9999923079957581,0.1,True,correct
DBLP,0.9,46,inner,bootstrap_OOB,162,conf/vldb/KnorrN99,True,2,7J-gi_InWY0J,7lkCBMe603kJ,True,0.9999957097955019,0.9999950039819511,7.058135508275498e-07,0.1,True,correct
DBLP,0.9,46,inner,bootstrap_OOB,163,conf/sigmod/HammerGIPUW95,True,1,ylzKvQxmX7cJ,ylzKvQxmX7cJ,True,0.9999952281574879,3.4239051422356536e-06,0.9999918042523457,0.1,True,correct
DBLP,0.9,46,inner,bootstrap_OOB,164,conf/vldb/ChangG00,True,2,fIuGhhcZl-4J,fIuGhhcZl-4J,True,0.999990407584548,0.9999592262549073,3.118132964075038e-05,0.1,True,correct
DBLP,0.9,46,inner,bootstrap_OOB,165,journals/vldb/PeckhamMD95,True,2,nhU_8O_9SY0J,zOfVTNgEwz0J,True,0.9999957762925644,0.9999869833166355,8.79297592892847e-06,0.1,True,correct
DBLP,0.9,46,inner,bootstrap_OOB,166,journals/tods/MayL02,True,1,ky-2yjNGtW8J,ky-2yjNGtW8J,True,0.9999956508041863,3.1870940685962418e-06,0.9999924637101177,0.1,True,correct
DBLP,0.9,46,inner,bootstrap_OOB,167,conf/vldb/ChaudhuriS94,True,3,bd-Lu1jeg-AJ,-f2FsG-EC9IJ,True,0.999995362573404,0.9999953065352077,5.603819630550788e-08,0.1,True,correct
DBLP,0.9,46,inner,bootstrap_OOB,168,conf/sigmod/IlyasRLGL03,True,1,qCnvlNwYp6cJ,qCnvlNwYp6cJ,True,0.999974443310909,3.1243804107806006e-06,0.9999713189304982,0.1,True,correct
DBLP,0.9,46,inner,bootstrap_OOB,169,journals/sigmod/GerlaX03,True,1,KKiefntReoUJ,KKiefntReoUJ,True,0.9999952706442604,2.9819391393491376e-06,0.999992288705121,0.1,True,correct
DBLP,0.9,46,inner,bootstrap_OOB,170,journals/sigmod/Ozsu01a,False,0,,yNSC6-93CosJ,False,0.026073632258417495,0.015511713932214065,0.01056191832620343,0.1,False,unmatched_abstention
DBLP,0.9,46,inner,bootstrap_OOB,171,conf/vldb/CormodeKMS03,True,1,0ZQnv8tOzBwJ,0ZQnv8tOzBwJ,True,0.9999955634253249,0.0023614787384730863,0.9976340846868519,0.1,True,correct
DBLP,0.9,46,inner,bootstrap_OOB,172,conf/vldb/KraftSRM03,False,0,,HXw7YpbX1GAJ,False,2.7975621686055393e-06,2.79308891902714e-06,4.473249578399379e-09,0.1,False,unmatched_abstention
DBLP,0.9,46,inner,bootstrap_OOB,173,conf/sigmod/ReveszCKLLW00,True,2,bx_A3QEqKhEJ,qxShx7aNiuEJ,True,0.9999941774323244,0.9999903604486415,3.81698368290273e-06,0.1,True,correct
DBLP,0.9,46,inner,bootstrap_OOB,174,conf/sigmod/WangSSZZW00,True,2,CaplZan57x4J,CaplZan57x4J,True,0.9999936877193624,0.9997441465647894,0.0002495411545729853,0.1,True,correct
DBLP,0.9,46,inner,bootstrap_OOB,175,conf/sigmod/FungSG02,True,1,_H4-ZecAsp0J,_H4-ZecAsp0J,True,0.9999928090012864,1.0110842442704712e-05,0.9999826981588437,0.1,True,correct
DBLP,0.9,46,inner,bootstrap_OOB,176,conf/vldb/BamfordBKM98,True,1,rfuptELfgLkJ,rfuptELfgLkJ,True,0.999994659384855,3.258842440884436e-06,0.9999914005424141,0.1,True,correct
DBLP,0.9,46,inner,bootstrap_OOB,177,journals/sigmod/Kumar03,True,1,VuNnpxJwvQkJ,VuNnpxJwvQkJ,True,0.999993879376375,3.4890588016207745e-06,0.9999903903175733,0.1,True,correct
DBLP,0.9,46,inner,bootstrap_OOB,178,conf/sigmod/CranorGJSS02,True,2,89Avc7qz9YoJ,89Avc7qz9YoJ,True,0.9999956571952366,0.9999952726058097,3.8458942697161547e-07,0.1,True,correct
DBLP,0.9,46,inner,bootstrap_OOB,179,conf/vldb/JohnsonS94,True,2,1TMemq4kM3YJ,1TMemq4kM3YJ,True,0.9999525304539527,0.9983736375298181,0.0015788929241346006,0.1,True,correct
DBLP,0.9,46,inner,bootstrap_OOB,180,conf/sigmod/AgrawalCFGHIIMMSS94,True,1,bXnzC8MN_joJ,bXnzC8MN_joJ,True,0.9999923843193653,3.1722476571182774e-06,0.9999892120717082,0.1,True,correct
DBLP,0.9,46,inner,bootstrap_OOB,181,conf/vldb/Chawathe99,True,3,1-mxxSvIMB8J,1-mxxSvIMB8J,True,0.9999957302040072,0.9999927804987049,2.949705302346395e-06,0.1,True,correct
DBLP,0.9,46,inner,bootstrap_OOB,182,conf/sigmod/GoyalHKMSZ97,True,2,D-1jnVnmWnQJ,OcGPxRYxbsUJ,True,0.9999862789099375,1.164127566741601e-05,0.9999746376342701,0.1,True,correct
DBLP,0.9,46,inner,bootstrap_OOB,183,conf/vldb/GarofalakisI97,True,3,aCvCz2wg854J,aCvCz2wg854J,True,0.9999955268632615,0.9999952262139169,3.0064934464224535e-07,0.1,True,correct
DBLP,0.9,46,inner,bootstrap_OOB,184,journals/sigmod/HellersteinHM03,True,1,6ussAgzdL6oJ,6ussAgzdL6oJ,True,0.9999954644050948,3.241067492099169e-06,0.9999922233376027,0.1,True,correct
DBLP,0.9,46,inner,bootstrap_OOB,185,journals/sigmod/PapianiWDN99,True,3,aU7XlTpoxRgJ,HxmnEeCigX8J,True,0.9999952283122113,0.9999930876998788,2.1406123325018456e-06,0.1,True,correct
DBLP,0.9,46,inner,bootstrap_OOB,186,conf/vldb/AboulnagaAN01,True,2,OBbDFGQNEDQJ,OBbDFGQNEDQJ,True,0.9999952802818387,0.9999881604181643,7.119863674409643e-06,0.1,True,correct
DBLP,0.9,46,inner,bootstrap_OOB,187,conf/sigmod/RundensteinerWYD02,True,1,7MfXAAdBQ2EJ,7MfXAAdBQ2EJ,True,0.9999953095779117,2.800915128696805e-06,0.999992508662783,0.1,True,correct
DBLP,0.9,46,inner,bootstrap_OOB,188,journals/vldb/PapazogluK97,True,2,3k9vWWMJiWYJ,kFQl7LX8OQkJ,True,0.9999910642842091,0.999988939495768,2.1247884411934592e-06,0.1,True,correct
DBLP,0.9,46,inner,bootstrap_OOB,189,conf/vldb/GutierrezPST94,True,1,VUU_DceCRXAJ,VUU_DceCRXAJ,True,0.9999956498832999,2.8116684120962707e-06,0.9999928382148878,0.1,True,correct
DBLP,0.9,46,inner,bootstrap_OOB,190,journals/sigmod/MeltonMJKS02,True,1,cvBAdEvcTSkJ,cvBAdEvcTSkJ,True,0.999954004295157,2.8077376326585504e-05,0.9999259269188304,0.1,True,correct
DBLP,0.9,46,inner,bootstrap_OOB,191,journals/sigmod/EisenbergM01,True,2,GKUflKzgAVEJ,GKUflKzgAVEJ,True,0.9999948678182056,0.9999929435256638,1.9242925417550794e-06,0.1,True,correct
DBLP,0.9,46,inner,bootstrap_OOB,192,journals/vldb/HuangDT99,False,0,,zODPED9-QZEJ,False,0.999995035101958,2.8283046280952717e-06,0.9999922067973299,0.1,True,false_link
DBLP,0.9,46,inner,bootstrap_OOB,193,conf/vldb/TanGO99,True,1,CcTZvs8xd2sJ,CcTZvs8xd2sJ,True,0.9999956403893088,2.8157578495725075e-06,0.9999928246314592,0.1,True,correct
DBLP,0.9,46,inner,bootstrap_OOB,194,conf/vldb/SakuraiYKU01,True,1,OQMYc3S0Ny8J,OQMYc3S0Ny8J,True,0.9999956470530502,2.971095623973091e-06,0.9999926759574262,0.1,True,correct
DBLP,0.9,46,inner,bootstrap_OOB,195,journals/sigmod/PhatakSSS96,True,1,url:http://portal.acm.org/ft_gateway.cfm%3Fid%3D381897%26type%3Dpdf%26dl%3Dportal%26dl%3DACM%26CFID%3D11111111%26CFTOKEN%3D2222222,url:http://portal.acm.org/ft_gateway.cfm%3Fid%3D381897%26type%3Dpdf%26dl%3Dportal%26dl%3DACM%26CFID%3D11111111%26CFTOKEN%3D2222222,True,0.9999951067768968,8.979513462510154e-06,0.9999861272634344,0.1,True,correct
DBLP,0.9,46,inner,bootstrap_OOB,196,conf/sigmod/Shasha97,True,2,Q-KG8a3_BmIJ,r2TwyhAdYecJ,True,0.9999954766253312,0.9999066985002547,8.877812507646077e-05,0.1,True,correct
DBLP,0.9,46,inner,bootstrap_OOB,197,journals/vldb/ChandrasekaranF03,True,1,b9r9U3OwrkcJ,b9r9U3OwrkcJ,True,0.999995360715551,0.0005287829695263411,0.9994665777460247,0.1,True,correct
DBLP,0.9,46,inner,bootstrap_OOB,198,conf/vldb/George98,True,1,xACnzf6RhVwJ,xACnzf6RhVwJ,True,0.9999935410047469,5.278984414906742e-06,0.999988262020332,0.1,True,correct
DBLP,0.9,46,inner,bootstrap_OOB,199,conf/vldb/BouganimP02,True,1,PhERWOcOkOgJ,PhERWOcOkOgJ,True,0.9999951307876956,7.009477711158857e-06,0.9999881213099845,0.1,True,correct
DBLP,0.9,46,inner,bootstrap_OOB,200,conf/sigmod/Rajaraman99,True,2,m_n55lcmF-sJ,url:http://portal.acm.org/ft_gateway.cfm%3Fid%3D304246%26type%3Dpdf%26dl%3DGUIDE%26dl%3DACM%26CFID%3D11111111%26CFTOKEN%3D2222222,True,0.9999920392181515,0.9999914655043857,5.737137658279323e-07,0.1,True,correct
DBLP,0.9,46,inner,bootstrap_OOB,201,conf/sigmod/Hellerstein94,True,2,Nn0LzB8rUPEJ,Nn0LzB8rUPEJ,True,0.999949779325247,6.225865747435209e-05,0.9998875206677726,0.1,True,correct
DBLP,0.9,46,inner,bootstrap_OOB,202,conf/vldb/BrightR02,True,1,lovlkpxUzUsJ,lovlkpxUzUsJ,True,0.9999955649989883,3.3395931129367174e-06,0.9999922254058754,0.1,True,correct
DBLP,0.9,46,inner,bootstrap_OOB,203,conf/sigmod/ZaianeHLCC98,True,6,eauaGLr5uCUJ,eauaGLr5uCUJ,True,0.9999947076020199,0.9999944009920853,3.0660993466380404e-07,0.1,True,correct
DBLP,0.9,46,inner,bootstrap_OOB,204,conf/vldb/ArionBCDMP03,True,2,CzpCERFYBikJ,CzpCERFYBikJ,True,0.9999952504359085,0.9999907765035017,4.473932406878767e-06,0.1,True,correct
DBLP,0.9,46,inner,bootstrap_OOB,205,conf/sigmod/WilschutFA95,True,2,vgoFTdXYHZ0J,vgoFTdXYHZ0J,True,0.9999950229136656,5.961924210942714e-06,0.9999890609894546,0.1,True,correct
DBLP,0.9,46,inner,bootstrap_OOB,206,conf/vldb/Taylor00,True,1,Af_4cNCu3MwJ,Af_4cNCu3MwJ,True,0.9999931726589906,7.223261485656975e-06,0.999985949397505,0.1,True,correct
DBLP,0.9,46,inner,bootstrap_OOB,207,conf/sigmod/StoltePAG03,True,1,9WTNlminW6AJ,9WTNlminW6AJ,True,0.9999957718392515,3.062094699447971e-06,0.999992709744552,0.1,True,correct
DBLP,0.9,46,inner,bootstrap_OOB,208,conf/sigmod/ChangG99,True,4,10FYofnRROUJ,8Yt1Mba9-wQJ,True,0.9999948627646935,0.9999914523089183,3.410455775232357e-06,0.1,True,correct
DBLP,0.9,46,inner,bootstrap_OOB,209,journals/vldb/RoySSSA98,True,3,5VcKjo7jBOMJ,vitgygjdz3AJ,True,0.9999954122189274,0.9999953089963708,1.0322255661332491e-07,0.1,True,correct
DBLP,0.9,46,inner,bootstrap_OOB,210,conf/vldb/Tsur00,True,1,buI2V0eIcZoJ,buI2V0eIcZoJ,True,0.9999936105773247,3.048557313475864e-06,0.9999905620200112,0.1,True,correct
DBLP,0.9,46,inner,bootstrap_OOB,211,conf/vldb/KoudasGGSV03,True,1,d8BBxc5Ato8J,d8BBxc5Ato8J,True,0.9999950833510771,2.827749044256957e-06,0.9999922556020329,0.1,True,correct
DBLP,0.9,46,inner,bootstrap_OOB,212,conf/sigmod/HellersteinW02,True,1,url:http://portal.acm.org/ft_gateway.cfm%3Fid%3D564788%26type%3Dpdf%26dl%3DGUIDE%26dl%3DACM%26CFID%3D11111111%26CFTOKEN%3D2222222,url:http://portal.acm.org/ft_gateway.cfm%3Fid%3D564788%26type%3Dpdf%26dl%3DGUIDE%26dl%3DACM%26CFID%3D11111111%26CFTOKEN%3D2222222,True,0.9999866672409564,2.942921071498218e-06,0.9999837243198849,0.1,True,correct
DBLP,0.9,46,inner,bootstrap_OOB,213,conf/sigmod/HristidisKP01,True,1,mg9ABNG06O4J,mg9ABNG06O4J,True,0.9999955733402226,2.798917818468972e-06,0.9999927744224041,0.1,True,correct
DBLP,0.9,46,inner,bootstrap_OOB,214,journals/sigmod/Jarke95,True,1,url:http://portal.acm.org/ft_gateway.cfm%3Fid%3D202671%26type%3Dpdf%26dl%3DGUIDE%26dl%3DACM%26CFID%3D11111111%26CFTOKEN%3D2222222,url:http://portal.acm.org/ft_gateway.cfm%3Fid%3D202671%26type%3Dpdf%26dl%3DGUIDE%26dl%3DACM%26CFID%3D11111111%26CFTOKEN%3D2222222,True,0.9999943825347695,4.169236289051164e-06,0.9999902132984804,0.1,True,correct
DBLP,0.9,46,inner,bootstrap_OOB,215,journals/sigmod/Franklin97,False,0,,ntqMqfgRXM4J,False,0.0010440074266898057,0.00035253958553190087,0.0006914678411579048,0.1,False,unmatched_abstention
DBLP,0.9,46,inner,bootstrap_OOB,216,journals/vldb/DattaDVRN01,True,2,icK75z3VuGIJ,icK75z3VuGIJ,True,0.9999958163254895,7.204081608046364e-06,0.9999886122438815,0.1,True,correct
DBLP,0.9,46,inner,bootstrap_OOB,217,conf/vldb/MillerHH00,True,7,6vtHcpLApB8J,KTp2S_xbXfYJ,True,0.9999939747614602,0.9999928995936878,1.0751677724796238e-06,0.1,True,correct
DBLP,0.9,46,inner,bootstrap_OOB,218,journals/vldb/Baumann94,True,1,2Yii02idzcUJ,2Yii02idzcUJ,True,0.9999909696991839,3.9157941223422936e-05,0.9999518117579604,0.1,True,correct
DBLP,0.9,46,inner,bootstrap_OOB,219,conf/sigmod/ZaharioudakisCLPU00,True,3,Pbl_CbLYKWYJ,Pbl_CbLYKWYJ,True,0.999995209531368,0.9999914881497098,3.7213816581616044e-06,0.1,True,correct
DBLP,0.9,46,inner,bootstrap_OOB,220,conf/vldb/BohannonLRSSS97,True,4,GzK2N5eQ0pQJ,GzK2N5eQ0pQJ,True,0.9999952138147283,0.9999951803780615,3.3436666879715915e-08,0.1,True,correct
DBLP,0.9,46,inner,bootstrap_OOB,221,conf/vldb/GeorgeH98,True,2,2L-UFpDof3UJ,2L-UFpDof3UJ,True,0.9999929476563864,0.008055496321704773,0.9919374513346816,0.1,True,correct
DBLP,0.9,46,inner,bootstrap_OOB,222,journals/sigmod/Snodgrass02b,True,1,KENWBobILMwJ,KENWBobILMwJ,True,0.9999948549542982,9.499540572175529e-06,0.999985355413726,0.1,True,correct
DBLP,0.9,46,inner,bootstrap_OOB,223,conf/vldb/Mihalisin98,True,1,FuzSLPzjrokJ,FuzSLPzjrokJ,True,0.9999957669654612,3.2693359093762045e-06,0.9999924976295519,0.1,True,correct
DBLP,0.9,46,inner,bootstrap_OOB,224,conf/vldb/Kleewein96,True,1,rXaCSxty6AAJ,rXaCSxty6AAJ,True,0.9999952703691276,2.9048207431113947e-06,0.9999923655483844,0.1,True,correct
DBLP,0.9,46,inner,bootstrap_OOB,225,conf/sigmod/JarkeQBLMS99,True,1,nSKzTBqurCwJ,nSKzTBqurCwJ,True,0.9999949708590656,2.7782544096718075e-06,0.999992192604656,0.1,True,correct
DBLP,0.9,46,inner,bootstrap_OOB,226,conf/vldb/KumaranH03,True,1,wW6dUVL80RYJ,wW6dUVL80RYJ,True,0.9999940426510211,7.843912496308683e-06,0.9999861987385248,0.1,True,correct
DBLP,0.9,46,inner,bootstrap_OOB,227,conf/vldb/KonopnickiS95,True,5,cA1Zsnlz-tIJ,fAZ2KwztkLoJ,True,0.999993591036472,0.999993368802049,2.2223442297519824e-07,0.1,True,correct
DBLP,0.9,46,inner,bootstrap_OOB,228,journals/vldb/Sarawagi01,True,1,Xx6kw0tCeQIJ,Xx6kw0tCeQIJ,True,0.999992069497783,3.608137443635765e-06,0.9999884613603394,0.1,True,correct
DBLP,0.9,46,inner,bootstrap_OOB,229,journals/sigmod/GuptaHR97,True,2,YSgaDQ95dfEJ,-ha8fD8Kj_oJ,True,0.9999892304282648,0.9999679527635007,2.1277664764118853e-05,0.1,True,correct
DBLP,0.9,46,inner,bootstrap_OOB,230,conf/sigmod/OzdenRSS96,True,1,-NqtWdEMQkgJ,-NqtWdEMQkgJ,True,0.9999948932158491,4.404812347412367e-06,0.9999904884035017,0.1,True,correct
DBLP,0.9,46,inner,bootstrap_OOB,231,journals/vldb/VaghaniRKSSLH94,True,1,B3E3_clrrrYJ,B3E3_clrrrYJ,True,0.9999921944654158,0.9136431207948441,0.08634907367057165,0.1,True,correct
DBLP,0.9,46,inner,bootstrap_OOB,232,conf/vldb/LubbersGJ03,True,1,T3nGiiT3tbsJ,T3nGiiT3tbsJ,True,0.9999946344722098,2.8401786075946632e-06,0.9999917942936022,0.1,True,correct
DBLP,0.9,46,inner,bootstrap_OOB,233,journals/sigmod/PoessF00,True,3,JSrjKrTM_3sJ,t4-_Dfpk2SMJ,True,0.9999957089116596,0.9999954497440914,2.5916756818400444e-07,0.1,True,correct
DBLP,0.9,46,inner,bootstrap_OOB,234,conf/sigmod/HjaltasonS98,True,2,3mwWUz_ORNYJ,3mwWUz_ORNYJ,True,0.9999949502559322,0.9995727090233769,0.0004222412325552982,0.1,True,correct
DBLP,0.9,46,inner,bootstrap_OOB,235,conf/vldb/Uhl02,True,1,n5SsAbtjBpAJ,n5SsAbtjBpAJ,True,0.9999947799342402,2.841877406200064e-06,0.9999919380568341,0.1,True,correct
DBLP,0.9,46,inner,bootstrap_OOB,236,conf/sigmod/HeC03,True,1,MNmlxFx4l-8J,MNmlxFx4l-8J,True,0.9999942918851402,2.2387306266553023e-05,0.9999719045788736,0.1,True,correct
DBLP,0.9,46,inner,bootstrap_OOB,237,journals/vldb/C95a,False,0,,ciB46ylPwJ8J,False,0.0028993395812744347,0.0010804639331530284,0.0018188756481214063,0.1,False,unmatched_abstention
DBLP,0.9,46,inner,bootstrap_OOB,238,conf/sigmod/BerchtoldK97,True,2,DNVHTz7tMywJ,DNVHTz7tMywJ,True,0.9999948955578705,0.999993199950562,1.6956073084495316e-06,0.1,True,correct
DBLP,0.9,46,inner,bootstrap_OOB,239,conf/vldb/CarinoO98,True,3,iaOLRaqTWmEJ,lDNAWc5SrmIJ,True,0.999994063917984,0.9999869151624252,7.148755558739062e-06,0.1,True,correct
DBLP,0.9,46,inner,bootstrap_OOB,240,conf/sigmod/CeriFPP95,False,0,,sgdwuYrI4MgJ,False,3.0081654808096385e-06,2.857784665387024e-06,1.5038081542261464e-07,0.1,False,unmatched_abstention
DBLP,0.9,46,inner,bootstrap_OOB,241,conf/sigmod/MotakisZ97,True,4,8hMkXAIa8vEJ,e8OIK3dEo6EJ,True,0.9999904358830815,0.9995405379756513,0.00044989790743010794,0.1,True,correct
DBLP,0.9,46,inner,bootstrap_OOB,242,conf/vldb/HerlekarDRGS02,False,0,,url:http://portal.acm.org/ft_gateway.cfm%3Fid%3D1099693%26type%3Dpdf,False,2.8287146434378055e-06,2.7652808407918665e-06,6.343380264593897e-08,0.1,False,unmatched_abstention
DBLP,0.9,46,inner,bootstrap_OOB,243,journals/sigmod/Datta94,True,2,3TVyZeq1-i4J,PPH2NlobSwsJ,True,0.9999952397523719,0.9999932862709106,1.953481461369755e-06,0.1,True,correct
DBLP,0.9,46,inner,bootstrap_OOB,244,journals/sigmod/CruzKLSWY02,True,1,url:http://portal.acm.org/ft_gateway.cfm%3Fid%3D601882%26type%3Dpdf%26dl%3DGUIDE%26dl%3DACM%26CFID%3D11111111%26CFTOKEN%3D2222222,url:http://portal.acm.org/ft_gateway.cfm%3Fid%3D601882%26type%3Dpdf%26dl%3DGUIDE%26dl%3DACM%26CFID%3D11111111%26CFTOKEN%3D2222222,True,0.999994972168241,7.549414102898066e-06,0.9999874227541381,0.1,True,correct
DBLP,0.9,46,inner,bootstrap_OOB,245,conf/vldb/ChenDZ03,True,2,5MbqS0-RzBIJ,cCpHMzAXRnsJ,True,0.9999946553342414,0.9998813961777917,0.00011325915644966322,0.1,True,correct
DBLP,0.9,46,inner,bootstrap_OOB,246,journals/sigmod/Bernstein98,True,3,AYEI8XDoY9wJ,AYEI8XDoY9wJ,True,0.9999939322173802,0.9995894196583103,0.000404512559069925,0.1,True,correct
DBLP,0.9,46,inner,bootstrap_OOB,247,conf/sigmod/HuangSW94,True,2,5Chw6HN64vEJ,5Chw6HN64vEJ,True,0.9999943375209505,0.9993947846602884,0.0005995528606620448,0.1,True,correct
DBLP,0.9,46,inner,bootstrap_OOB,248,conf/sigmod/CareyCNVDRSM99,True,1,W6ROObWo3bIJ,W6ROObWo3bIJ,True,0.99999259796623,0.00020060650010639253,0.9997919914661236,0.1,True,correct
DBLP,0.9,46,inner,bootstrap_OOB,249,journals/vldb/GarofalakisOS98,True,1,byJ0lVRijnkJ,byJ0lVRijnkJ,True,0.9999943494750033,3.676113160732998e-06,0.9999906733618426,0.1,True,correct
DBLP,0.9,46,inner,bootstrap_OOB,250,conf/sigmod/BabcockBDM03,True,4,a2wqpKma5J4J,a2wqpKma5J4J,True,0.9999956278652009,0.9999949035788125,7.242863884204809e-07,0.1,True,correct
DBLP,0.9,46,inner,bootstrap_OOB,251,conf/sigmod/MissikoffT94,True,1,nxNSfctbGWAJ,nxNSfctbGWAJ,True,0.9999953106245035,4.268822900973431e-06,0.9999910418016026,0.1,True,correct
DBLP,0.9,46,inner,bootstrap_OOB,252,conf/vldb/LongS03,True,1,zU4MULiFRrYJ,zU4MULiFRrYJ,True,0.9999956196559507,3.1037818839946503e-06,0.9999925158740668,0.1,True,correct
DBLP,0.9,46,inner,bootstrap_OOB,253,conf/sigmod/Dyreson03,True,2,l7KC1qG6OGEJ,l7KC1qG6OGEJ,True,0.9999952906139323,0.999989670993125,5.6196208073622245e-06,0.1,True,correct
DBLP,0.9,46,inner,bootstrap_OOB,254,conf/vldb/Mohan99,True,1,4N472VSotmMJ,4N472VSotmMJ,True,0.9999930404522118,2.9881108546758938e-06,0.9999900523413572,0.1,True,correct
DBLP,0.9,46,inner,bootstrap_OOB,255,conf/sigmod/BuchmannDZH95,True,4,4pl5VSwjXj0J,MoNBLfTlYg0J,True,0.9999946297523178,0.9999919754499992,2.654302318605417e-06,0.1,True,correct
DBLP,0.9,46,inner,bootstrap_OOB,256,conf/sigmod/VossenW99,True,2,9PhYz-N58A8J,9PhYz-N58A8J,True,0.9999952619676223,4.9934553783758525e-06,0.9999902685122439,0.1,True,correct
DBLP,0.9,46,inner,bootstrap_OOB,257,conf/sigmod/GuptaHR97,True,2,pGix0qZ6Uz4J,pGix0qZ6Uz4J,True,0.9999953593615036,0.9936657679634635,0.006329591398040124,0.1,True,correct
DBLP,0.9,46,inner,bootstrap_OOB,258,conf/sigmod/Weininger00,True,1,url:http://portal.acm.org/citation.cfm%3Fid%3D335465,url:http://portal.acm.org/citation.cfm%3Fid%3D335465,True,0.9999954911180243,2.856871806218205e-06,0.9999926342462181,0.1,True,correct
DBLP,0.9,46,inner,bootstrap_OOB,259,journals/vldb/LeeW94,True,1,KPU-guH7cCkJ,KPU-guH7cCkJ,True,0.9999950664045365,1.213084589027917e-05,0.9999829355586463,0.1,True,correct
DBLP,0.9,46,inner,bootstrap_OOB,260,journals/sigmod/Snodgrass98a,True,1,CGvD6Du5kaoJ,url:http://portal.acm.org/ft_gateway.cfm%3Fid%3D290599%26type%3Dpdf%26dl%3DGUIDE%26dl%3DACM%26CFID%3D11111111%26CFTOKEN%3D2222222,False,0.9990082999898532,0.9928419944557723,0.006166305534080929,0.1,True,false_link
DBLP,0.9,46,inner,bootstrap_OOB,261,journals/sigmod/Libkin99,True,2,V_FnUWKirh8J,zSO1Y5W7WkwJ,True,0.999995862407891,0.9999958440583512,1.8349539776529866e-08,0.1,True,correct
DBLP,0.9,46,inner,bootstrap_OOB,262,conf/sigmod/Keim99,True,1,GBZiTCbChZQJ,GBZiTCbChZQJ,True,0.9999952040551472,0.9998822366560024,0.00011296739914479215,0.1,True,correct
DBLP,0.9,46,inner,bootstrap_OOB,263,conf/sigmod/Golding95,True,2,uJj9OgotYeEJ,uJj9OgotYeEJ,True,0.9999942572842735,0.9999924537170858,1.8035671877081327e-06,0.1,True,correct
DBLP,0.9,46,inner,bootstrap_OOB,264,conf/vldb/BaulierBGJGKKMMNNRSS98,True,1,VQ41LtuXMrUJ,VQ41LtuXMrUJ,True,0.9999949951692988,0.4405111443530955,0.5594838508162032,0.1,True,correct
DBLP,0.9,46,inner,bootstrap_OOB,265,conf/sigmod/Krishnamurthy03,False,0,,kHi1YOTBmlkJ,False,5.221718789232276e-06,3.5180807575615017e-06,1.703638031670774e-06,0.1,False,unmatched_abstention
DBLP,0.9,46,inner,bootstrap_OOB,266,journals/vldb/IshakbeyogluO98,True,1,O9A-15rmzOsJ,O9A-15rmzOsJ,True,0.9999943554963932,2.8585396975991205e-06,0.9999914969566955,0.1,True,correct
DBLP,0.9,46,inner,bootstrap_OOB,267,conf/vldb/Nori02,False,0,,W1IcM8IUwAEJ,False,3.656567872828269e-06,3.655504443049697e-06,1.063429778572021e-09,0.1,False,unmatched_abstention
DBLP,0.9,46,inner,bootstrap_OOB,268,conf/sigmod/CareyMN97,True,4,6YXYnLb8CyYJ,nM9bJESsWNoJ,True,0.999994075647409,0.9999934501437514,6.255036576474637e-07,0.1,True,correct
DBLP,0.9,46,inner,bootstrap_OOB,269,conf/sigmod/KotidisR99,True,5,323DOAMQyUkJ,qzjtGDo7OuMJ,True,0.9999956077509122,0.9999946539017803,9.538491319016629e-07,0.1,True,correct
DBLP,0.9,46,inner,bootstrap_OOB,270,journals/sigmod/SalgadoE03,False,0,,url:http://portal.acm.org/ft_gateway.cfm%3Fid%3D310062%26type%3Dpdf%26dl%3DGUIDE%26dl%3DACM%26CFID%3D11111111%26CFTOKEN%3D2222222,False,0.0006531541320865382,4.835616060202263e-06,0.000648318516026336,0.1,False,unmatched_abstention
DBLP,0.9,46,inner,bootstrap_OOB,271,journals/sigmod/ChrysanthisSZ03,False,0,,url:http://portal.acm.org/ft_gateway.cfm%3Fid%3D1058166%26type%3Dpdf,False,1.9946036205791066e-05,6.333403336208607e-06,1.3612632869582458e-05,0.1,False,unmatched_abstention
DBLP,0.9,46,inner,bootstrap_OOB,272,conf/sigmod/RundensteinerKZWLLN99,True,1,2XRfNjwuDrsJ,2XRfNjwuDrsJ,True,0.9999953715955128,0.0002419858443664877,0.9997533857511463,0.1,True,correct
DBLP,0.9,46,inner,bootstrap_OOB,273,conf/sigmod/FranklinJK96,True,7,0e3bs1VFPvAJ,yY5hMqazRHoJ,True,0.9999948532219511,0.9999928178835329,2.0353384182492107e-06,0.1,True,correct
DBLP,0.9,46,inner,bootstrap_OOB,274,conf/vldb/HvasshovdBT00,True,1,af50lhGnD8gJ,af50lhGnD8gJ,True,0.999993286584634,0.9530124529037874,0.0469808336808466,0.1,True,correct
DBLP,0.9,46,inner,bootstrap_OOB,275,conf/sigmod/IpeirotisGS01,True,1,bo7ArXlXypQJ,bo7ArXlXypQJ,True,0.9999947118298816,2.9606868065877503e-06,0.999991751143075,0.1,True,correct
DBLP,0.9,46,inner,bootstrap_OOB,276,journals/vldb/LeeSC01,True,1,Hz_TU6kUj08J,Hz_TU6kUj08J,True,0.9999958992358164,2.9702258824040555e-06,0.9999929290099341,0.1,True,correct
DBLP,0.9,46,inner,bootstrap_OOB,277,journals/sigmod/AndersonS94,True,1,aDk2IS_xwToJ,aDk2IS_xwToJ,True,0.9999951762165896,4.127691874026296e-06,0.9999910485247155,0.1,True,correct
DBLP,0.9,46,inner,bootstrap_OOB,278,conf/sigmod/SismanisDRK02,True,4,bCj32WyDQ0IJ,seSeL2gsCJoJ,True,0.9999937008169274,0.9999909403453231,2.7604716043017063e-06,0.1,True,correct
DBLP,0.9,46,inner,bootstrap_OOB,279,conf/sigmod/BaulierBGGHJKKMMNNRSSSWW99,True,1,wgRWDYY7q_8J,wgRWDYY7q_8J,True,0.9999953923562669,0.14078897496497686,0.85920641739129,0.1,True,correct
DBLP,0.9,46,inner,bootstrap_OOB,280,journals/sigmod/RoantreeS02,True,2,url:http://portal.acm.org/ft_gateway.cfm%3Fid%3D637435%26type%3Dpdf%26dl%3DGUIDE%26dl%3DACM%26CFID%3D11111111%26CFTOKEN%3D2222222,xfrOR_G4_UoJ,True,0.9999953970688011,0.9999951535530606,2.435157405722421e-07,0.1,True,correct
DBLP,0.9,46,inner,bootstrap_OOB,281,conf/sigmod/KalnisP01,True,1,-UHxodSX8oMJ,-UHxodSX8oMJ,True,0.9999945409683629,3.1310589345910713e-06,0.9999914099094284,0.1,True,correct
DBLP,0.9,46,inner,bootstrap_OOB,282,conf/sigmod/KemperKM98,True,2,5BK4tIRJ3wwJ,Z0oCigN4pVMJ,True,0.999990826251713,0.9999881146239773,2.7116277356853402e-06,0.1,True,correct
DBLP,0.9,46,inner,bootstrap_OOB,283,conf/vldb/GantiLR00,True,2,V7byawkFcZMJ,V7byawkFcZMJ,True,0.9999946211516622,0.9992736557766947,0.0007209653749674638,0.1,True,correct
DBLP,0.9,46,inner,bootstrap_OOB,284,conf/sigmod/BarbosaMKL02,True,2,ueKnwQCE3nIJ,wO-iR4jRq0UJ,True,0.9999855286441861,0.9998698905366659,0.00011563810752024395,0.1,True,correct
DBLP,0.9,46,inner,bootstrap_OOB,285,conf/sigmod/MerialdoAMMP00,True,1,Qq0WheHyVv8J,Qq0WheHyVv8J,True,0.9999956314995584,2.752399352650123e-06,0.9999928791002057,0.1,True,correct
DBLP,0.9,46,inner,bootstrap_OOB,286,conf/vldb/KahveciS01,True,3,bYV1jynEEO8J,frMKnMtrsksJ,True,0.9999911538891034,0.9999846053521728,6.548536930606197e-06,0.1,True,correct
DBLP,0.9,46,inner,bootstrap_OOB,287,conf/vldb/AnKR03,True,1,Z9dkL1yphh8J,Z9dkL1yphh8J,True,0.9999955101139331,2.9592104724696483e-06,0.9999925509034606,0.1,True,correct
DBLP,0.9,46,inner,bootstrap_OOB,288,conf/sigmod/PengC03,True,1,4Zlh-TEx9m4J,4Zlh-TEx9m4J,True,0.9999924323271953,0.00015060344928869137,0.9998418288779065,0.1,True,correct
DBLP,0.9,46,inner,bootstrap_OOB,289,journals/sigmod/McClatcheyV97,True,2,mbFxAqrWXbYJ,url:http://portal.acm.org/ft_gateway.cfm%3Fid%3D271087%26type%3Dpdf%26dl%3DGUIDE%26dl%3DACM%26CFID%3D11111111%26CFTOKEN%3D2222222,True,0.9999952442672352,1.363850979539519e-05,0.9999816057574398,0.1,True,correct
DBLP,0.9,46,inner,bootstrap_OOB,290,journals/sigmod/AlonsoCIM95,True,1,5LlePa4wQmEJ,5LlePa4wQmEJ,True,0.9999953883910193,2.7895324956575406e-06,0.9999925988585237,0.1,True,correct
DBLP,0.9,46,inner,bootstrap_OOB,291,journals/sigmod/OConnellW03,True,1,SeDkIL_DlRwJ,SeDkIL_DlRwJ,True,0.9999659206594297,3.035858487509255e-06,0.9999628848009422,0.1,True,correct
DBLP,0.9,46,inner,bootstrap_OOB,292,conf/vldb/VieiraM03,True,2,b9zAhFneX5YJ,sUtdmV9XsIcJ,True,0.9999952643798969,0.9999545671805489,4.069719934807203e-05,0.1,True,correct
DBLP,0.9,46,inner,bootstrap_OOB,293,conf/sigmod/WoelkBJOTU95,True,6,19VIHSiMAXcJ,--PsNHvlpbIJ,True,0.9999941514652242,0.9999921737663652,1.9776988590125555e-06,0.1,True,correct
DBLP,0.9,46,inner,bootstrap_OOB,294,conf/sigmod/NgLHM99,True,1,YemauUgIzlcJ,YemauUgIzlcJ,True,0.9999940371944404,0.9999870864224203,6.950772020064555e-06,0.1,True,correct
DBLP,0.9,46,inner,bootstrap_OOB,295,journals/sigmod/RoddickABDEGHLMMMW00,True,2,eA8gNVxHRJ4J,eA8gNVxHRJ4J,True,0.9999933281603934,0.9999888827607221,4.445399671371142e-06,0.1,True,correct
DBLP,0.9,46,inner,bootstrap_OOB,296,conf/sigmod/SionAP03,True,1,_L0DhCpFaXMJ,_L0DhCpFaXMJ,True,0.9999577018724988,0.00024439842872959127,0.9997133034437692,0.1,True,correct
DBLP,0.9,46,inner,bootstrap_OOB,297,conf/sigmod/GotoK03,True,1,url:http://portal.acm.org/ft_gateway.cfm%3Fid%3D872837%26type%3Dpdf%26dl%3Dportal%26dl%3DACM%26CFID%3D11111111%26CFTOKEN%3D2222222,url:http://portal.acm.org/ft_gateway.cfm%3Fid%3D872837%26type%3Dpdf%26dl%3Dportal%26dl%3DACM%26CFID%3D11111111%26CFTOKEN%3D2222222,True,0.9999928246201327,3.1819645865721986e-06,0.9999896426555461,0.1,True,correct
DBLP,0.9,46,inner,bootstrap_OOB,298,conf/vldb/TreschPL95,True,1,1rPUqMFsS3AJ,1rPUqMFsS3AJ,True,0.9999949208957407,0.3243322578574371,0.6756626630383036,0.1,True,correct
DBLP,0.9,46,inner,bootstrap_OOB,299,conf/sigmod/HoAMS97,True,7,1HAB-tuw7N4J,1HAB-tuw7N4J,True,0.9999943539781865,0.9999939502852916,4.0369289489028404e-07,0.1,True,correct
DBLP,0.9,46,inner,bootstrap_OOB,300,conf/vldb/HeymannTKWRMF02,True,1,EAZ5Gz22bIUJ,EAZ5Gz22bIUJ,True,0.9999949107330101,2.7467328164445584e-06,0.9999921640001936,0.1,True,correct
DBLP,0.9,46,inner,bootstrap_OOB,301,journals/sigmod/Snodgrass98c,False,0,,NHxHsUH9L5MJ,False,0.004326331005761308,0.0018046964860725053,0.002521634519688803,0.1,False,unmatched_abstention
DBLP,0.9,46,inner,bootstrap_OOB,302,journals/vldb/AbbadiSW01,False,0,,347oyb_b7DAJ,False,0.9990775425678241,0.9889326944434933,0.010144848124330808,0.1,True,false_link
DBLP,0.9,46,inner,bootstrap_OOB,303,conf/sigmod/GunopulosD01,True,4,kneUxV6J3nQJ,oYtmj53qV0UJ,True,0.9999942602135333,0.9999454131707055,4.884704282781538e-05,0.1,True,correct
DBLP,0.9,46,inner,bootstrap_OOB,304,conf/sigmod/RundensteinerCLCZNJLW99,True,1,SADcQZhMqgEJ,SADcQZhMqgEJ,True,0.9999946335561997,2.7501454994438645e-06,0.9999918834107002,0.1,True,correct
DBLP,0.9,46,inner,bootstrap_OOB,305,conf/vldb/LockemannKKKN97,True,1,mFJzfuwL1jcJ,mFJzfuwL1jcJ,True,0.9999950093344364,3.5111191295630384e-06,0.9999914982153069,0.1,True,correct
DBLP,0.9,46,inner,bootstrap_OOB,306,conf/vldb/BohannonFHRRS02,True,1,zYfyg0fCzEsJ,zYfyg0fCzEsJ,True,0.9999955622150858,2.757564718034254e-06,0.9999928046503678,0.1,True,correct
DBLP,0.9,46,inner,bootstrap_OOB,307,journals/sigmod/Aberer02b,True,1,url:http://portal.acm.org/ft_gateway.cfm%3Fid%3D601865%26type%3Dpdf%26coll%3DGUIDE%26dl%3DACM%26CFID%3D11111111%26CFTOKEN%3D2222222,url:http://portal.acm.org/ft_gateway.cfm%3Fid%3D604274%26type%3Dpdf%26dl%3DGUIDE%26dl%3DACM%26CFID%3D11111111%26CFTOKEN%3D2222222,False,0.9995489811662331,0.8014014620071801,0.19814751915905304,0.1,True,false_link
DBLP,0.9,46,inner,bootstrap_OOB,308,journals/sigmod/RamirezSP94,True,1,V2WMOB42Gj0J,V2WMOB42Gj0J,True,0.9999947556589462,2.800952525093196e-06,0.9999919547064211,0.1,True,correct
DBLP,0.9,46,inner,bootstrap_OOB,309,conf/vldb/PirotteZMY94,True,1,8s-SP8sAvQAJ,8s-SP8sAvQAJ,True,0.9999949613297139,2.9334556988220234e-06,0.9999920278740151,0.1,True,correct
DBLP,0.9,46,inner,bootstrap_OOB,310,conf/vldb/AbiteboulBBCCDMMP03,True,1,fANcvlGA8WAJ,fANcvlGA8WAJ,True,0.9999948859346084,3.2954866402169737e-06,0.9999915904479681,0.1,True,correct
DBLP,0.9,46,inner,bootstrap_OOB,311,conf/sigmod/MelnikRB03,True,4,bkpTodGryDAJ,wfjeWtEY2NcJ,True,0.9999957131164653,0.9999956398404671,7.327599815809549e-08,0.1,True,correct
DBLP,0.9,46,inner,bootstrap_OOB,312,journals/sigmod/BergamaschiCV99,True,3,4C9A2HGs4qsJ,4C9A2HGs4qsJ,True,0.9999941962093195,0.9999718736346033,2.2322574716238108e-05,0.1,True,correct
DBLP,0.9,46,inner,bootstrap_OOB,313,conf/sigmod/KoudasS03,True,1,url:http://portal.acm.org/ft_gateway.cfm%3Fid%3D872871%26type%3Dpdf%26dl%3Dportal%26dl%3DACM%26CFID%3D11111111%26CFTOKEN%3D2222222,url:http://portal.acm.org/ft_gateway.cfm%3Fid%3D872871%26type%3Dpdf%26dl%3Dportal%26dl%3DACM%26CFID%3D11111111%26CFTOKEN%3D2222222,True,0.9999908686022899,5.5843219499211085e-06,0.99998528428034,0.1,True,correct
DBLP,0.9,46,inner,bootstrap_OOB,314,conf/vldb/LakshmananNWZJ02,True,1,qfw7Pu1wVcIJ,qfw7Pu1wVcIJ,True,0.9998506991274956,2.9720024660726567e-06,0.9998477271250296,0.1,True,correct
DBLP,0.9,46,inner,bootstrap_OOB,315,journals/sigmod/SycaraKWL99,True,6,7OyvdUHeptMJ,YgouJdrCoZQJ,True,0.9999957428653354,0.9999940255484203,1.7173169151174505e-06,0.1,True,correct
DBLP,0.9,46,inner,bootstrap_OOB,316,conf/sigmod/SimmenSM96,True,1,XVP8s4K0Bg4J,XVP8s4K0Bg4J,True,0.999995159280841,3.0087220797932805e-06,0.9999921505587612,0.1,True,correct
DBLP,0.9,46,inner,bootstrap_OOB,317,conf/vldb/BlottK02,False,0,,pPZQjFBQV_YJ,False,2.7446668230331162e-06,2.7232246072673046e-06,2.1442215765811646e-08,0.1,False,unmatched_abstention
DBLP,0.9,46,inner,bootstrap_OOB,318,conf/vldb/HaasKWY97,True,10,6TrmUUoylzIJ,U09WdB3GIK4J,True,0.9999932508993583,0.9999831928690112,1.0058030347148694e-05,0.1,True,correct
DBLP,0.9,46,inner,bootstrap_OOB,319,journals/sigmod/PaepckeGRC00,True,2,5ObmwcHCFQsJ,5ObmwcHCFQsJ,True,0.9999946265453393,0.9999936441790093,9.823663300601027e-07,0.1,True,correct
DBLP,0.9,46,inner,bootstrap_OOB,320,journals/sigmod/Ozsu01,False,0,,yNSC6-93CosJ,False,0.026073632258417495,0.015511713932214065,0.01056191832620343,0.1,False,unmatched_abstention
DBLP,0.9,46,inner,bootstrap_OOB,321,conf/sigmod/CatarciS01,True,1,frbExwv4DiwJ,frbExwv4DiwJ,True,0.9999947149758808,3.029238576522513e-06,0.9999916857373042,0.1,True,correct
DBLP,0.9,46,inner,bootstrap_OOB,322,journals/sigmod/LeeC00,True,4,3kSb_ooS1cgJ,Knzz_bkGA00J,True,0.9999951456894416,0.9999947908996748,3.547897667877109e-07,0.1,True,correct
DBLP,0.9,46,inner,bootstrap_OOB,323,conf/vldb/ChakrabartiBD99,True,2,dQooUB7__ZsJ,zmBMRUNv8sQJ,True,0.9999954255134492,0.9926912773903813,0.0073041481230678995,0.1,True,correct
DBLP,0.9,46,inner,bootstrap_OOB,324,conf/vldb/Chiueh94,True,3,_YFIPoyVC3UJ,nOF-SuSEaaEJ,True,0.9999926656759139,0.998957060728657,0.0010356049472569628,0.1,True,correct
DBLP,0.9,46,inner,bootstrap_OOB,325,conf/sigmod/OlstonWACELSS98,True,1,UTYa5uf9zSIJ,UTYa5uf9zSIJ,True,0.9999809371334936,2.8528124373841004e-06,0.9999780843210562,0.1,True,correct
DBLP,0.9,46,inner,bootstrap_OOB,326,conf/vldb/BerchtoldKK96,True,13,_oDfC1aR4CAJ,WnYVibh8fxUJ,True,0.999995649891597,0.9999951842006892,4.6569090772496935e-07,0.1,True,correct
DBLP,0.9,46,inner,bootstrap_OOB,327,conf/vldb/CherniackZ98,True,1,So_H9Oer6lsJ,So_H9Oer6lsJ,True,0.9999949332662141,3.1681087491277064e-06,0.999991765157465,0.1,True,correct
DBLP,0.9,46,inner,bootstrap_OOB,328,conf/vldb/Moni96,True,1,gbjXwFztQTsJ,gbjXwFztQTsJ,True,0.9999954747743295,2.8388950224224416e-06,0.9999926358793071,0.1,True,correct
DBLP,0.9,46,inner,bootstrap_OOB,329,journals/sigmod/ConradEHRSSSV97,True,2,SBnqbyQF3SoJ,SBnqbyQF3SoJ,True,0.9999934444445668,0.9994959240653372,0.0004975203792296767,0.1,True,correct
DBLP,0.9,46,inner,bootstrap_OOB,330,journals/sigmod/EisenbergM98a,True,1,AatoNnELw78J,AatoNnELw78J,True,0.9999945978744218,0.9999746292002811,1.996867414066905e-05,0.1,True,correct
DBLP,0.9,46,inner,bootstrap_OOB,331,conf/vldb/ManolescuFK01,True,4,ckjlnFHOwd8J,nfnRkTrOnzwJ,True,0.9995398551026226,0.9988558863588441,0.000683968743778407,0.1,True,correct
DBLP,0.9,46,inner,bootstrap_OOB,332,conf/sigmod/TsueiPK97,True,1,DpQGq6n1jnkJ,DpQGq6n1jnkJ,True,0.9999673061208674,2.731896992714418e-06,0.9999645742238746,0.1,True,correct
DBLP,0.9,46,inner,bootstrap_OOB,333,conf/sigmod/JarkeQCLFLVV00,True,2,AYtgczYwVnYJ,bl_VrPzIIPwJ,True,0.9999937268288828,0.9999858913157939,7.83551308891628e-06,0.1,True,correct
DBLP,0.9,46,inner,bootstrap_OOB,334,journals/vldb/DerrMP94,True,2,a-QMCFr5yJYJ,a-QMCFr5yJYJ,True,0.9999956134983117,0.0007708464970369032,0.9992247670012748,0.1,True,correct
DBLP,0.9,46,inner,bootstrap_OOB,335,conf/sigmod/LamCKNH01,True,1,8hdQohffF48J,8hdQohffF48J,True,0.9999902289097073,2.700460939966068e-06,0.9999875284487674,0.1,True,correct
DBLP,0.9,46,inner,bootstrap_OOB,336,conf/vldb/ChungCLL01,True,1,mJiDvbtTKWoJ,mJiDvbtTKWoJ,True,0.9999948295882626,2.9903857616966445e-06,0.9999918392025009,0.1,True,correct
DBLP,0.9,46,inner,bootstrap_OOB,337,journals/tods/WolfsonJH97,True,3,FlC-FF1hbbUJ,FlC-FF1hbbUJ,True,0.9999933881693008,0.987903341481703,0.012090046687597833,0.1,True,correct
DBLP,0.9,46,inner,bootstrap_OOB,338,journals/sigmod/Snodgrass00a,False,0,,url:http://portal.acm.org/ft_gateway.cfm%3Fid%3D601859%26type%3Dpdf%26dl%3DGUIDE%26dl%3DACM%26CFID%3D11111111%26CFTOKEN%3D2222222,False,0.0026121605506893093,0.001988622919728632,0.0006235376309606773,0.1,False,unmatched_abstention
DBLP,0.9,46,inner,bootstrap_OOB,339,journals/vldb/MedjahedBE03,True,2,M0FH31YCEU0J,YqXx_xeZE2gJ,True,0.9999945092389798,0.9477455094712293,0.05224899976775055,0.1,True,correct
DBLP,0.9,46,inner,bootstrap_OOB,340,conf/vldb/LuOT94,True,1,ZFXYXT4yEcAJ,ZFXYXT4yEcAJ,True,0.9999948076834754,3.091118320302941e-06,0.9999917165651551,0.1,True,correct
DBLP,0.9,46,inner,bootstrap_OOB,341,journals/sigmod/CrestaniG02,True,1,tyZxVraNgTsJ,tyZxVraNgTsJ,True,0.9999947095095167,2.922445660328932e-06,0.9999917870638564,0.1,True,correct
DBLP,0.9,46,inner,bootstrap_OOB,342,journals/tods/MamoulisP01,True,1,Rg8V7NSK9tMJ,Rg8V7NSK9tMJ,True,0.9999780907872916,8.16950093619217e-06,0.9999699212863554,0.1,True,correct
DBLP,0.9,46,inner,bootstrap_OOB,343,journals/sigmod/VassiliadisS99,True,3,6usYpcQMCgIJ,eGARASwVBrUJ,True,0.9999955276481176,0.9999920433850318,3.4842630858289425e-06,0.1,True,correct
DBLP,0.9,46,inner,bootstrap_OOB,344,conf/vldb/LevyMS94,True,4,6wGozkC-i8EJ,l-QHiSxClXcJ,True,0.9999942651980502,0.9999152710069473,7.899419110291017e-05,0.1,True,correct
DBLP,0.9,46,inner,bootstrap_OOB,345,journals/sigmod/YauLMS99,True,2,bhVBJw9Rp3QJ,vWwVQvcIrbEJ,True,0.9999954927689164,0.9999310111860775,6.448158283889338e-05,0.1,True,correct
DBLP,0.9,46,inner,bootstrap_OOB,346,conf/vldb/HjelsvoldM94,True,2,5Wuyp1aLBocJ,eyNcyx9rcFwJ,True,0.9999940110588549,0.9999892281890514,4.782869803432455e-06,0.1,True,correct
DBLP,0.9,46,inner,bootstrap_OOB,347,conf/sigmod/GarofalakisGR02,True,4,Hz7TBeGZRz8J,S6PWjHRFORYJ,True,0.9999944876700135,0.9996292838233811,0.00036520384663241146,0.1,True,correct
DBLP,0.9,46,inner,bootstrap_OOB,348,conf/sigmod/KornM00,True,2,HlhXdvHzlvwJ,HlhXdvHzlvwJ,True,0.9999956441794196,0.9999939472902201,1.6968891994872948e-06,0.1,True,correct
DBLP,0.9,46,inner,bootstrap_OOB,349,journals/sigmod/Jagadish00,False,0,,url:http://portal.acm.org/citation.cfm%3Fid%3D335191%26dl%3DGUIDE%26dl%3DACM%26type%3Dissue%26idx%3D335191%26part%3Dperiodical%26WantType%3Dperiodical%26title%3DACM%2520SIGMOD%2520Record%26CFID%3D11111111%26CFTOKEN%3D2222222,False,8.943653004049875e-06,8.847595798505899e-06,9.605720554397589e-08,0.1,False,unmatched_abstention
DBLP,0.9,46,inner,bootstrap_OOB,350,conf/vldb/MohanBWSZ00,True,1,zCY0pFken7wJ,zCY0pFken7wJ,True,0.9999953506081996,3.203965810700334e-05,0.9999633109500925,0.1,True,correct
DBLP,0.9,46,inner,bootstrap_OOB,351,journals/sigmod/Winslett03a,False,0,,E81b1ZUux6cJ,False,0.0005121060642711724,1.727809159228922e-05,0.0004948279726788832,0.1,False,unmatched_abstention
DBLP,0.9,46,inner,bootstrap_OOB,352,conf/vldb/AbiteboulACEMM99,True,2,hh9fQmB-eEEJ,OYOTbj4m7JYJ,True,0.9999934973516645,1.1606445842360139e-05,0.9999818909058222,0.1,True,correct
DBLP,0.9,46,inner,bootstrap_OOB,353,conf/vldb/WangZ00,True,2,eDa9jQWsTMoJ,eDa9jQWsTMoJ,True,0.9999953094437163,0.9999944265210716,8.829226446627203e-07,0.1,True,correct
DBLP,0.9,46,inner,bootstrap_OOB,354,conf/sigmod/PiatkoYLS96,True,1,3NMPG1vUNgwJ,3NMPG1vUNgwJ,True,0.9999958108078867,2.9542336298200515e-06,0.9999928565742568,0.1,True,correct
DBLP,0.9,46,inner,bootstrap_OOB,355,conf/vldb/GravanoG95,True,8,2nMktwioqOYJ,4HVB6aRvsk8J,True,0.9999952040048358,0.9999951787460889,2.525874687187013e-08,0.1,True,correct
DBLP,0.9,46,inner,bootstrap_OOB,356,journals/sigmod/Snodgrass00,False,0,,url:http://portal.acm.org/ft_gateway.cfm%3Fid%3D601859%26type%3Dpdf%26dl%3DGUIDE%26dl%3DACM%26CFID%3D11111111%26CFTOKEN%3D2222222,False,0.0026121605506893093,0.001988622919728632,0.0006235376309606773,0.1,False,unmatched_abstention
DBLP,0.9,46,inner,bootstrap_OOB,357,conf/vldb/Orenstein98,True,1,VfWJDzGt9JYJ,VfWJDzGt9JYJ,True,0.999992987439959,2.830274323558809e-06,0.9999901571656354,0.1,True,correct
DBLP,0.9,46,inner,bootstrap_OOB,358,conf/vldb/OoiYTJ01,True,2,RFEE_MNM8IUJ,RFEE_MNM8IUJ,True,0.9999954921542017,0.9999953030291784,1.8912502330881154e-07,0.1,True,correct
DBLP,0.9,46,inner,bootstrap_OOB,359,journals/tods/DeyS96,True,3,Jfo57_VwkfUJ,uZVc1wSi3y4J,True,0.9999947708909529,0.999921676914927,7.30939760259508e-05,0.1,True,correct
DBLP,0.9,46,inner,bootstrap_OOB,360,conf/sigmod/ChenDLT00,True,1,url:http://portal.acm.org/citation.cfm%3Fid%3D342009.336560,url:http://portal.acm.org/citation.cfm%3Fid%3D342009.336560,True,0.9999955247127329,1.5591954980195576e-05,0.9999799327577527,0.1,True,correct
DBLP,0.9,46,inner,bootstrap_OOB,361,conf/sigmod/KimC03,True,1,BWV2Oys1VXsJ,BWV2Oys1VXsJ,True,0.9999954059624631,2.8300961851138436e-06,0.999992575866278,0.1,True,correct
DBLP,0.9,46,inner,bootstrap_OOB,362,conf/vldb/NishioSTTL01,True,1,S30IXg4ClFIJ,S30IXg4ClFIJ,True,0.999987454663692,2.8277166835139933e-06,0.9999846269470085,0.1,True,correct
DBLP,0.9,46,inner,bootstrap_OOB,363,journals/sigmod/CalvaneseGLV03,True,1,pGcIRyDyFG8J,pGcIRyDyFG8J,True,0.9999939065050348,3.29759614101209e-06,0.9999906089088938,0.1,True,correct
DBLP,0.9,46,inner,bootstrap_OOB,364,journals/vldb/LometS97,True,4,5EjrRrS54fsJ,qjLiaKLJ6eQJ,True,0.9999946588042008,0.9999940130232766,6.45780924179995e-07,0.1,True,correct
DBLP,0.9,46,inner,bootstrap_OOB,365,journals/vldb/ShyyASL96,True,4,1J2ubL0l2UMJ,n8EWz5rQancJ,True,0.9999951970430451,0.9999947850592861,4.1198375899664796e-07,0.1,True,correct
DBLP,0.9,46,inner,bootstrap_OOB,366,journals/sigmod/MeltonE02,True,2,6uelfg3RgEoJ,6uelfg3RgEoJ,True,0.9999953314762047,0.0011043808601294803,0.9988909506160752,0.1,True,correct
DBLP,0.9,46,inner,bootstrap_OOB,367,journals/vldb/RamanRH00,True,1,CgiCp6N9XZQJ,CgiCp6N9XZQJ,True,0.9999833239313188,0.358303896559375,0.6416794273719438,0.1,True,correct
DBLP,0.9,46,inner,bootstrap_OOB,368,conf/vldb/VassalosP97,True,8,_Va8sQkrP2kJ,kG-k9420fGMJ,True,0.9999949680093523,0.9999944575181613,5.104911909858956e-07,0.1,True,correct
DBLP,0.9,46,inner,bootstrap_OOB,369,journals/sigmod/AbelTK97,True,1,yK-yqVAiXekJ,yK-yqVAiXekJ,True,0.9999951600748047,3.5578605033419004e-06,0.9999916022143014,0.1,True,correct
DBLP,0.9,46,inner,bootstrap_OOB,370,conf/vldb/LudascherMP02,True,1,cxnuI54po5EJ,cxnuI54po5EJ,True,0.9999948545960986,3.367917795313393e-06,0.9999914866783033,0.1,True,correct
DBLP,0.9,46,inner,bootstrap_OOB,371,conf/sigmod/WaasG00,True,1,xnoCdNeQykAJ,xnoCdNeQykAJ,True,0.9999954651360388,2.7430261341652315e-06,0.9999927221099046,0.1,True,correct
DBLP,0.9,46,inner,bootstrap_OOB,372,journals/sigmod/MusickM98,True,1,gt83e4uB09wJ,gt83e4uB09wJ,True,0.9999949674622529,4.5074632036914695e-06,0.9999904599990492,0.1,True,correct
DBLP,0.9,46,inner,bootstrap_OOB,373,journals/vldb/DesslochHMMT98,True,1,4D2HQE6fXXEJ,4D2HQE6fXXEJ,True,0.999994049022072,3.4303503314671875e-06,0.9999906186717405,0.1,True,correct
DBLP,0.9,46,inner,bootstrap_OOB,374,conf/sigmod/Whelan98,True,1,Jp9LEvXjiJAJ,Jp9LEvXjiJAJ,True,0.9999947827810038,2.888580043654851e-06,0.9999918942009602,0.1,True,correct
DBLP,0.9,46,inner,bootstrap_OOB,375,journals/sigmod/ReichB98,True,2,HzOZXA_VJk8J,HzOZXA_VJk8J,True,0.9999956672394165,0.9999741616366967,2.1505602719740224e-05,0.1,True,correct
DBLP,0.9,46,inner,bootstrap_OOB,376,conf/sigmod/GrumbachRS98,True,1,RQTFVFT_w9gJ,RQTFVFT_w9gJ,True,0.9999950757727358,2.9090345687367633e-06,0.999992166738167,0.1,True,correct
DBLP,0.9,46,inner,bootstrap_OOB,377,conf/sigmod/IoannidisP95,True,3,23K90oRfbbsJ,23K90oRfbbsJ,True,0.9999951206912997,0.9999950764489258,4.4242373875569285e-08,0.1,True,correct
DBLP,0.9,46,inner,bootstrap_OOB,378,journals/tods/WijesekeraJPH03,True,1,oui-frSWZCAJ,oui-frSWZCAJ,True,0.9999954465491404,2.7786147708224207e-06,0.9999926679343696,0.1,True,correct
DBLP,0.9,46,inner,bootstrap_OOB,379,journals/sigmod/Chang03,True,1,B55TCVoUsnoJ,B55TCVoUsnoJ,True,0.9999942136015194,3.267895770027626e-06,0.9999909457057494,0.1,True,correct
DBLP,0.9,46,inner,bootstrap_OOB,380,journals/vldb/HansonCDERTX98,True,1,F6Ko8ZvWypUJ,F6Ko8ZvWypUJ,True,0.9999951491695088,2.8293675536760444e-06,0.9999923198019551,0.1,True,correct
DBLP,0.9,46,inner,bootstrap_OOB,381,journals/tods/Lerner00,True,2,ETqxTcvf7K4J,ETqxTcvf7K4J,True,0.999996021796206,0.9999643433076536,3.1678488552344675e-05,0.1,True,correct
DBLP,0.9,46,inner,bootstrap_OOB,382,conf/sigmod/HammerGNYBV97,True,9,2rysKgS6lugJ,t9nmZzSMVAAJ,True,0.9999944461422623,0.9999941793699295,2.667723327798299e-07,0.1,True,correct
DBLP,0.9,46,inner,bootstrap_OOB,383,conf/vldb/AbiteboulBMMW02,True,4,0MJZbBBMixgJ,mm3mXWb8QS0J,True,0.9999951925429511,0.9999947872172642,4.0532568690299087e-07,0.1,True,correct
DBLP,0.9,46,inner,bootstrap_OOB,384,conf/sigmod/WangCMSSZ94,True,4,_Xj-7At79joJ,ZM65itnp_E4J,True,0.9999950929538477,0.9999867129996143,8.379954233417308e-06,0.1,True,correct
DBLP,0.9,46,inner,bootstrap_OOB,385,conf/vldb/Schek00,True,1,yMjJam38N8sJ,yMjJam38N8sJ,True,0.9999950640514655,0.9999731293061221,2.1934745343399342e-05,0.1,True,correct
DBLP,0.9,46,inner,bootstrap_OOB,386,conf/vldb/AgrawalKSX02,True,1,XK-KPRa2qjcJ,XK-KPRa2qjcJ,True,0.9999870958893283,5.8517594968573185e-06,0.9999812441298315,0.1,True,correct
DBLP,0.9,46,inner,bootstrap_OOB,387,conf/sigmod/ChenGMV02,True,1,IqV3EploPP4J,IqV3EploPP4J,True,0.999991627757099,2.774719521111731e-06,0.9999888530375779,0.1,True,correct
DBLP,0.9,46,inner,bootstrap_OOB,388,conf/sigmod/ProcopiucJAM02,True,1,k7RinzPIdhYJ,k7RinzPIdhYJ,True,0.9999949556755979,0.004199158146859447,0.9957957975287385,0.1,True,correct
DBLP,0.9,46,inner,bootstrap_OOB,389,conf/sigmod/RossSS96,True,1,iurxdvB6oLAJ,iurxdvB6oLAJ,True,0.9999952453238656,2.7718234758148974e-06,0.9999924735003898,0.1,True,correct
DBLP,0.9,46,inner,bootstrap_OOB,390,conf/vldb/ChoG00,True,6,0ofvccnIJ-0J,9MI4jOOqkn4J,True,0.999995388953923,0.9999952535511933,1.3540272969514433e-07,0.1,True,correct
DBLP,0.9,46,inner,bootstrap_OOB,391,conf/vldb/Korth95,True,1,UZAQL1o-c0MJ,UZAQL1o-c0MJ,True,0.9999792898386096,2.8511669211915435e-06,0.9999764386716884,0.1,True,correct
DBLP,0.9,46,inner,bootstrap_OOB,392,journals/sigmod/GobleR02,True,1,url:http://portal.acm.org/ft_gateway.cfm%3Fid%3D507366%26type%3Dpdf%26dl%3DGUIDE%26dl%3DACM%26CFID%3D11111111%26CFTOKEN%3D2222222,url:http://portal.acm.org/ft_gateway.cfm%3Fid%3D507366%26type%3Dpdf%26dl%3DGUIDE%26dl%3DACM%26CFID%3D11111111%26CFTOKEN%3D2222222,True,0.9999955580147741,1.0640307999801478e-05,0.9999849177067743,0.1,True,correct
DBLP,0.9,46,inner,bootstrap_OOB,393,journals/tods/KotidisR01,True,1,04utamFvle4J,04utamFvle4J,True,0.999994714159311,1.0559770954238881e-05,0.9999841543883567,0.1,True,correct
DBLP,0.9,46,inner,bootstrap_OOB,394,conf/sigmod/YangWYH02,True,1,xsaovu54vl4J,xsaovu54vl4J,True,0.9999953257159199,0.00013101143246704955,0.9998643142834528,0.1,True,correct
DBLP,0.9,46,inner,bootstrap_OOB,395,journals/sigmod/HalkidiBV02a,True,1,SFs0XOMPphIJ,SFs0XOMPphIJ,True,0.999992261328632,0.9999551712546614,3.709007397056929e-05,0.1,True,correct
DBLP,0.9,46,inner,bootstrap_OOB,396,conf/vldb/Faloutsos02,False,0,,Q3GsyHYz-EUJ,False,3.3621541855946623e-06,2.9440102260249863e-06,4.18143959569676e-07,0.1,False,unmatched_abstention
DBLP,0.9,46,inner,bootstrap_OOB,397,conf/vldb/FlorescuHKLRWCSA03,True,2,1KSfxI44iGUJ,1KSfxI44iGUJ,True,0.9999941718768751,0.9999103184395037,8.385343737138395e-05,0.1,True,correct
DBLP,0.9,46,inner,bootstrap_OOB,398,conf/vldb/ShanmugasundaramKSFF01,True,1,9r5dL8B5l7oJ,9r5dL8B5l7oJ,True,0.9999139541491412,7.291322521330984e-06,0.9999066628266199,0.1,True,correct
DBLP,0.9,46,inner,bootstrap_OOB,399,conf/vldb/Novaretti01,True,1,tZtnFoH5lY0J,tZtnFoH5lY0J,True,0.9999956599940584,3.020218447853439e-06,0.9999926397756105,0.1,True,correct
DBLP,0.9,46,inner,bootstrap_OOB,400,conf/sigmod/ChanI99,True,2,kNT7yt823K8J,uLiEqn5nA_IJ,True,0.9999960887053766,0.9999956569260241,4.3177935249438804e-07,0.1,True,correct
DBLP,0.9,46,inner,bootstrap_OOB,401,journals/vldb/LaurentLSV01,True,1,TTIgIh9uC_YJ,TTIgIh9uC_YJ,True,0.9999956581559825,2.721822554675332e-06,0.9999929363334278,0.1,True,correct
DBLP,0.9,46,inner,bootstrap_OOB,402,journals/sigmod/Vassilakis00,True,2,e0j-56kaeR4J,nZO8ZA4eYzYJ,True,0.999995563264543,0.9999946749726601,8.882918828279074e-07,0.1,True,correct
DBLP,0.9,46,inner,bootstrap_OOB,403,journals/vldb/MaedcheMS03,True,1,qKJ1c8D-95wJ,qKJ1c8D-95wJ,True,0.9999952788547892,2.7599694135281493e-06,0.9999925188853757,0.1,True,correct
DBLP,0.9,46,inner,bootstrap_OOB,404,conf/vldb/BertinoBFS96,True,1,s0v9B-K8owEJ,s0v9B-K8owEJ,True,0.9999954335030189,0.0002582266712791784,0.9997372068317397,0.1,True,correct
DBLP,0.9,46,inner,bootstrap_OOB,405,conf/sigmod/ZhangZPTL03,True,1,S3lELcdpzTkJ,S3lELcdpzTkJ,True,0.9999770666768942,0.0001557928390105579,0.9998212738378837,0.1,True,correct
DBLP,0.9,46,inner,bootstrap_OOB,406,conf/vldb/EvangelidisLS95,True,5,3TOqLeL1G64J,EbGZKQPyH_4J,True,0.999995594880988,0.9999952563658694,3.385151186030555e-07,0.1,True,correct
DBLP,0.9,46,inner,bootstrap_OOB,407,conf/vldb/PatonG01,True,1,mHCrMuxQnBsJ,mHCrMuxQnBsJ,True,0.9999881801608854,4.029860112828809e-06,0.9999841503007726,0.1,True,correct
DBLP,0.9,46,inner,bootstrap_OOB,408,conf/sigmod/KornJF97,True,5,atWqYF6LcuwJ,QLMiox_WLF4J,True,0.9999949998112296,0.99999472462402,2.751872096862229e-07,0.1,True,correct
DBLP,0.9,46,inner,bootstrap_OOB,409,conf/vldb/IlyasAE03,True,1,Y385z1Dxp84J,Y385z1Dxp84J,True,0.999962753419542,5.0138788463472235e-06,0.9999577395406957,0.1,True,correct
DBLP,0.9,46,inner,bootstrap_OOB,410,journals/sigmod/Winslett03b,False,0,,nPkMLSiC3JQJ,False,3.00817695603764e-06,2.9256246287484497e-06,8.255232728919042e-08,0.1,False,unmatched_abstention
DBLP,0.9,46,inner,bootstrap_OOB,411,conf/sigmod/BeyerR99,True,1,6Cdfxiuibd0J,6Cdfxiuibd0J,True,0.9999950943622355,8.107796851611751e-06,0.999986986565384,0.1,True,correct
DBLP,0.9,46,inner,bootstrap_OOB,412,conf/vldb/DeutschPT99,True,1,0aJOXauNqYIJ,0aJOXauNqYIJ,True,0.9999952382358692,3.0300331277333164e-06,0.9999922082027415,0.1,True,correct
DBLP,0.9,46,inner,bootstrap_OOB,413,journals/sigmod/Ozsu02,False,0,,yNSC6-93CosJ,False,0.0013707248187745504,0.00112912343566987,0.00024160138310468028,0.1,False,unmatched_abstention
DBLP,0.9,46,inner,bootstrap_OOB,414,conf/sigmod/Galindo-LegariaJ01,True,1,BSlaDX5r0HQJ,BSlaDX5r0HQJ,True,0.9999952609644053,3.0603751657105327e-06,0.9999922005892395,0.1,True,correct
DBLP,0.9,46,inner,bootstrap_OOB,415,journals/sigmod/Abiteboul99,True,2,13NBtnaNfIEJ,J_7kZS39msAJ,True,0.9999937109431475,0.9996775730270904,0.00031613791605711317,0.1,True,correct
DBLP,0.9,46,inner,bootstrap_OOB,416,conf/sigmod/KrishnamurthyBN99,True,1,qS4jhfgPbm8J,qS4jhfgPbm8J,True,0.9999952766525957,2.8640763258766903e-06,0.9999924125762698,0.1,True,correct
DBLP,0.9,46,inner,bootstrap_OOB,417,conf/vldb/SizovGT03,True,1,UbQPXbPLMCAJ,UbQPXbPLMCAJ,True,0.9999941302600166,2.827339168875292e-06,0.9999913029208477,0.1,True,correct
DBLP,0.9,46,inner,bootstrap_OOB,418,conf/sigmod/BozkayaO97,True,3,37lliRw_cOQJ,gIZvbo_lu2IJ,True,0.9999953406876745,0.999992091287212,3.249400462479457e-06,0.1,True,correct
DBLP,0.9,46,inner,bootstrap_OOB,419,conf/sigmod/GoyalHKMS96,True,1,uUcmU_hKF2kJ,uUcmU_hKF2kJ,True,0.999990359575276,0.9999213409180323,6.901865724373568e-05,0.1,True,correct
DBLP,0.9,46,inner,bootstrap_OOB,420,conf/vldb/LohmanL02,True,1,jC-TppzLPuEJ,jC-TppzLPuEJ,True,0.9999947478560159,4.09328187915992e-06,0.9999906545741368,0.1,True,correct
DBLP,0.9,46,inner,bootstrap_OOB,421,conf/vldb/LimWPVP02,True,2,9kl_hTyQtmQJ,9kl_hTyQtmQJ,True,0.9999954601295257,0.9999414238207295,5.403630879619037e-05,0.1,True,correct
DBLP,0.9,46,inner,bootstrap_OOB,422,conf/sigmod/Chakrabarti99,True,1,url:http://portal.acm.org/ft_gateway.cfm%3Fid%3D304231%26type%3Dpdf%26dl%3DGUIDE%26dl%3DACM%26CFID%3D11111111%26CFTOKEN%3D2222222,url:http://portal.acm.org/ft_gateway.cfm%3Fid%3D304231%26type%3Dpdf%26dl%3DGUIDE%26dl%3DACM%26CFID%3D11111111%26CFTOKEN%3D2222222,True,0.9996553932940447,3.056008255460081e-05,0.9996248332114901,0.1,True,correct
DBLP,0.9,46,inner,bootstrap_OOB,423,journals/sigmod/LiefkeS00,True,2,4q4PDOS45uIJ,N0eowMtIAukJ,True,0.9999952134312998,0.9999779566160603,1.7256815239563572e-05,0.1,True,correct
DBLP,0.9,46,inner,bootstrap_OOB,424,conf/sigmod/EmbleyJN99,True,3,54w4cIKL11UJ,x8uC_9_IzUEJ,True,0.9999947870581811,0.9999930345759026,1.7524822785164318e-06,0.1,True,correct
DBLP,0.9,46,inner,bootstrap_OOB,425,journals/vldb/ChakrabartiDAR98,True,2,0EbuWDceVnoJ,AyDb4G2EiGwJ,True,0.9999870245014546,0.9877136015840613,0.012273422917393306,0.1,True,correct
DBLP,0.9,46,inner,bootstrap_OOB,426,conf/vldb/HoelS94,True,2,Id1cvsQURBAJ,Id1cvsQURBAJ,True,0.9999935272045315,0.3098636527067174,0.6901298744978142,0.1,True,correct
DBLP,0.9,46,inner,bootstrap_OOB,427,journals/vldb/ShanmugasundaramSBCLPR01,True,5,_bdp5T8SSuoJ,HKM-zP0LT_UJ,True,0.9999941030253695,0.9999928002385137,1.3027868558390665e-06,0.1,True,correct
DBLP,0.9,46,inner,bootstrap_OOB,428,journals/sigmod/Franklin00b,False,0,,C84rFQN_ug0J,False,5.815031852539441e-06,5.388829611251556e-06,4.262022412878847e-07,0.1,False,unmatched_abstention
DBLP,0.9,46,inner,bootstrap_OOB,429,conf/sigmod/RundensteinerKRCJM96,True,5,38HoFGLnxkQJ,UEaXoXn3DicJ,True,0.999995670589193,0.9999953676919182,3.028972748175818e-07,0.1,True,correct
DBLP,0.9,46,inner,bootstrap_OOB,430,journals/sigmod/Aberer03c,True,1,url:http://portal.acm.org/citation.cfm%3Fid%3D945721.945727%26coll%3DGUIDE%26dl%3DACM%26idx%3DJ689%26part%3Dperiodical%26WantType%3Dperiodical%26title%3DACM%2520SIGMOD%2520Record%26CFID%3D11111111%26CFTOKEN%3D2222222,url:http://portal.acm.org/citation.cfm%3Fid%3D945721.945727%26coll%3DGUIDE%26dl%3DACM%26idx%3DJ689%26part%3Dperiodical%26WantType%3Dperiodical%26title%3DACM%2520SIGMOD%2520Record%26CFID%3D11111111%26CFTOKEN%3D2222222,True,0.9970567101966007,0.8194634654583408,0.17759324473825988,0.1,True,correct
DBLP,0.9,46,inner,bootstrap_OOB,431,conf/vldb/KarayannidisTSPMRFEB02,True,1,9KiPVAodKnYJ,9KiPVAodKnYJ,True,0.9999950864119488,2.95686340432805e-06,0.9999921295485444,0.1,True,correct
DBLP,0.9,46,inner,bootstrap_OOB,432,conf/vldb/YagoubFIV00a,True,1,hMsWZU5TJWYJ,hMsWZU5TJWYJ,True,0.9999950049252431,3.2272528191878554e-06,0.9999917776724239,0.1,True,correct
DBLP,0.9,46,inner,bootstrap_OOB,433,conf/sigmod/GuptaMR95,True,4,2GUwicKtWTUJ,ELtcV7mOQDgJ,True,0.9999947381399691,0.9999895969494503,5.141190518753724e-06,0.1,True,correct
DBLP,0.9,46,inner,bootstrap_OOB,434,journals/sigmod/HasanMV96,True,1,bLbjFFkQJdIJ,bLbjFFkQJdIJ,True,0.9999951221661567,2.9281591230327783e-06,0.9999921940070337,0.1,True,correct
DBLP,0.9,46,inner,bootstrap_OOB,435,conf/sigmod/ChristophidesCM96,True,4,GpGg0czXSQcJ,q3Y-Mlx2sUsJ,True,0.9999953676742473,0.9999933009042444,2.0667700029175506e-06,0.1,True,correct
DBLP,0.9,46,inner,bootstrap_OOB,436,conf/sigmod/Fernandez94,True,1,PmrthJYk66cJ,PmrthJYk66cJ,True,0.9999954233098307,2.7873731697971873e-06,0.9999926359366609,0.1,True,correct
DBLP,0.9,46,inner,bootstrap_OOB,437,conf/sigmod/KuhnTS94,True,1,JnV4W3TKPxMJ,JnV4W3TKPxMJ,True,0.999994952542913,2.9355014231628907e-06,0.9999920170414899,0.1,True,correct
DBLP,0.9,46,inner,bootstrap_OOB,438,journals/vldb/AmielBDS96,True,1,RtYWYRjBUmEJ,RtYWYRjBUmEJ,True,0.9999957109736749,3.376024701019554e-06,0.9999923349489739,0.1,True,correct
DBLP,0.9,46,inner,bootstrap_OOB,439,conf/sigmod/FegarasSRM00,True,2,4_4Jg_EQ8EkJ,p1LusPTTxlAJ,True,0.9999907409339094,0.9998633136600783,0.0001274272738310822,0.1,True,correct
DBLP,0.9,46,inner,bootstrap_OOB,440,conf/sigmod/BerckenDS00,True,4,3IFlpeKgLlAJ,3IFlpeKgLlAJ,True,0.9999953792209787,0.9999953334970797,4.572389900037166e-08,0.1,True,correct
DBLP,0.9,46,inner,bootstrap_OOB,441,conf/vldb/Banerjee00,True,1,owfPKT5ip68J,owfPKT5ip68J,True,0.9999940088309692,3.6701861272889265e-06,0.999990338644842,0.1,True,correct
DBLP,0.9,46,inner,bootstrap_OOB,442,conf/sigmod/Blakeley96,True,4,1fs-qN_SdH4J,jQ6eIao6R0EJ,True,0.9999948231889758,0.9999938864934299,9.366955459055859e-07,0.1,True,correct
DBLP,0.9,46,inner,bootstrap_OOB,443,conf/vldb/YuPM03,True,2,sP3bZMqHmZsJ,ZEEZqsnVCyYJ,True,0.9999956415117245,2.9261687458968627e-06,0.9999927153429786,0.1,True,correct
DBLP,0.9,46,inner,bootstrap_OOB,444,conf/vldb/FegarasE01,True,1,pinPEM3Rvm0J,pinPEM3Rvm0J,True,0.9999947431957577,3.083533821510726e-06,0.9999916596619361,0.1,True,correct
DBLP,0.9,46,inner,bootstrap_OOB,445,conf/sigmod/AcharyaGPR99a,True,7,ahfoveFQC2sJ,VlVV2mEnoQ4J,True,0.9999935278464812,0.9999933772075859,1.506388953576021e-07,0.1,True,correct
DBLP,0.9,46,inner,bootstrap_OOB,446,conf/sigmod/ShashaB02,True,2,3HUnvGuXtZEJ,url:http://portal.acm.org/citation.cfm%3Fid%3D564691.564798%26dl%3DGUIDE%26dl%3DACM%26type%3Dseries%26idx%3D564691%26part%3DProceedings%26WantType%3DProceedings%26title%3DInternational%2520Conference%2520on%2520Management%2520of%2520Data%2520and%2520Symposium%2520on%2520Principles%2520of%2520Database%2520Systems%26CFID%3D11111111%26CFTOKEN%3D2222222,False,0.9999939693749764,0.9999922802134068,1.6891615696179585e-06,0.1,True,false_link
DBLP,0.9,46,inner,bootstrap_OOB,447,journals/sigmod/Widom94,True,1,lAbG3uFZvVUJ,lAbG3uFZvVUJ,True,0.9999951552397638,2.930315728339776e-06,0.9999922249240355,0.1,True,correct
DBLP,0.9,46,inner,bootstrap_OOB,448,journals/tods/FraternaliT95,True,3,8k0tS22xvPcJ,8k0tS22xvPcJ,True,0.9999951890664723,0.9999923931676034,2.7958988689791298e-06,0.1,True,correct
DBLP,0.9,46,inner,bootstrap_OOB,449,conf/vldb/OzsoyogluAAOUO02,True,1,Pb3y_NGGwjwJ,Pb3y_NGGwjwJ,True,0.9999916122771663,2.7369142547520236e-06,0.9999888753629115,0.1,True,correct
DBLP,0.9,46,inner,bootstrap_OOB,450,conf/vldb/SchieferKBLF98,True,1,1LATgSt5o_EJ,1LATgSt5o_EJ,True,0.999995217437522,2.8632242595255843e-06,0.9999923542132624,0.1,True,correct
DBLP,0.9,46,inner,bootstrap_OOB,451,conf/sigmod/PolyzotisG02,True,2,FK5GEhwW7uQJ,obfTDYVJb4gJ,True,0.9999948689927285,0.999963592741503,3.1276251225453855e-05,0.1,True,correct
DBLP,0.9,46,inner,bootstrap_OOB,452,conf/vldb/ChristopheBPV00,True,5,8DRB_dYz2CgJ,8DRB_dYz2CgJ,True,0.9999952303640971,0.9999882448655932,6.985498503864207e-06,0.1,True,correct
DBLP,0.9,46,inner,bootstrap_OOB,453,journals/sigmod/Snodgrass98,False,0,,NHxHsUH9L5MJ,False,0.004326331005761308,0.0018046964860725053,0.002521634519688803,0.1,False,unmatched_abstention
DBLP,0.9,46,inner,bootstrap_OOB,454,conf/vldb/FaloutsosG96,True,3,1T0QEMsUItoJ,vwcVawlOJn0J,True,0.9999957831668298,0.9999954451158936,3.3805093624383886e-07,0.1,True,correct
DBLP,0.9,46,inner,bootstrap_OOB,455,conf/vldb/JoshiBLL98,True,1,RufEbUPZNbYJ,RufEbUPZNbYJ,True,0.9999937419464252,7.272169976987313e-06,0.9999864697764482,0.1,True,correct
DBLP,0.9,46,inner,bootstrap_OOB,456,journals/sigmod/TanakaV01,True,2,sQu8znidi50J,tA1HEgZGgrsJ,True,0.9999845249834703,0.2434506862561159,0.7565338387273545,0.1,True,correct
DBLP,0.9,46,inner,bootstrap_OOB,457,journals/sigmod/SilberschatzZ97,True,2,7JRwRy6VapMJ,7JRwRy6VapMJ,True,0.9999943368945009,1.8662706766769735e-05,0.9999756741877341,0.1,True,correct
DBLP,0.9,46,inner,bootstrap_OOB,458,conf/vldb/Shmueli01,True,2,JhPPFNFWJ1UJ,rEwEqoAns-gJ,True,0.999993222106021,0.999952783956391,4.043814963006209e-05,0.1,True,correct
DBLP,0.9,46,inner,bootstrap_OOB,459,conf/sigmod/BersonGM95,True,3,AdvsjAZhCc8J,-A4ypXVd348J,True,0.9999923975479905,0.9996481884718235,0.00034420907616705687,0.1,True,correct
DBLP,0.9,46,inner,bootstrap_OOB,460,journals/vldb/AbiteboulCM98,True,3,rZcRXL6ueUMJ,WzT3S2G1FjcJ,True,0.9999951409141737,0.9999661250185107,2.901589566306484e-05,0.1,True,correct
DBLP,0.9,46,inner,bootstrap_OOB,461,journals/sigmod/KennedyMB96,True,1,vBYtmDEYeK0J,vBYtmDEYeK0J,True,0.999995141762115,3.069152260488173e-06,0.9999920726098546,0.1,True,correct
DBLP,0.9,46,inner,bootstrap_OOB,462,conf/vldb/LaneEN00,True,2,0O3JgOoSdIUJ,EUNYWV7uBTwJ,True,0.999993143132985,0.999984885258321,8.257874664074905e-06,0.1,True,correct
DBLP,0.9,46,inner,bootstrap_OOB,463,journals/sigmod/Bussler02,True,1,Phcd3C1cfLcJ,Phcd3C1cfLcJ,True,0.9999957424552653,9.277309265953061e-06,0.9999864651459994,0.1,True,correct
DBLP,0.9,46,inner,bootstrap_OOB,464,journals/sigmod/Aberer03a,True,2,6MY_fFzgHtgJ,6MY_fFzgHtgJ,True,0.9999957768322852,0.9999957704680571,6.36422814448423e-09,0.1,True,correct
DBLP,0.9,46,inner,bootstrap_OOB,465,conf/vldb/GehaniJR94,True,2,MxYiwR2f9UYJ,MxYiwR2f9UYJ,True,0.9999956174873418,0.9999949963003611,6.211869806316273e-07,0.1,True,correct
DBLP,0.9,46,inner,bootstrap_OOB,466,conf/vldb/NgC97,True,2,eTDBrdfpGNEJ,J7mY8RlpTKMJ,True,0.9999950335534132,0.9999917717316995,3.2618217137292405e-06,0.1,True,correct
DBLP,0.9,46,inner,bootstrap_OOB,467,conf/vldb/BlokWZPAKJ01,True,2,4Ga0Ts2_rp0J,jxPqWIuxhvwJ,True,0.9999915645794787,0.9999871839824104,4.380597068309733e-06,0.1,True,correct
DBLP,0.9,46,inner,bootstrap_OOB,468,conf/vldb/GaoS03,True,1,BEpwgIQR6r4J,BEpwgIQR6r4J,True,0.9999954758401504,2.7765539239969155e-06,0.9999926992862264,0.1,True,correct
DBLP,0.9,46,inner,bootstrap_OOB,469,conf/vldb/Brodie03,True,1,deEJ1JsF8RwJ,deEJ1JsF8RwJ,True,0.9999925458144427,3.0090377229063936e-06,0.9999895367767199,0.1,True,correct
DBLP,0.9,46,inner,bootstrap_OOB,470,conf/vldb/UrhanF01,True,1,0-FUXURm1FQJ,0-FUXURm1FQJ,True,0.9999952316375511,2.8016578077702186e-06,0.9999924299797434,0.1,True,correct
DBLP,0.9,46,inner,bootstrap_OOB,471,conf/sigmod/ChenCPPSTM00,True,2,Ab6MIDVDzhAJ,Ab6MIDVDzhAJ,True,0.9999881165507104,0.9998197002357451,0.00016841631496533616,0.1,True,correct
DBLP,0.9,46,inner,bootstrap_OOB,472,conf/vldb/KornSFSP96,True,8,1zxdq0otm4gJ,QjbxSG6_-WIJ,True,0.999995309331884,0.9999919003023777,3.4090295062405573e-06,0.1,True,correct
DBLP,0.9,46,inner,bootstrap_OOB,473,conf/sigmod/ShenNSHS03,True,1,LjrsWIr3rhAJ,LjrsWIr3rhAJ,True,0.9999957917840632,2.704945774687289e-06,0.9999930868382885,0.1,True,correct
DBLP,0.9,46,inner,bootstrap_OOB,474,conf/vldb/KonigW99,True,1,6HMffRHCspAJ,6HMffRHCspAJ,True,0.9999954945481074,0.9974046028773702,0.0025908916707372276,0.1,True,correct
DBLP,0.9,46,inner,bootstrap_OOB,475,conf/vldb/StolteA02,True,1,N3Bry6sSMw8J,N3Bry6sSMw8J,True,0.9999942146940412,3.7149047631781037e-06,0.999990499789278,0.1,True,correct
DBLP,0.9,46,inner,bootstrap_OOB,476,conf/vldb/MadhavanH03,True,2,mu31RuCR_E4J,ujCYoqKS6BcJ,True,0.9999942436202339,0.999990385934393,3.857685840880087e-06,0.1,True,correct
DBLP,0.9,46,inner,bootstrap_OOB,477,conf/sigmod/StonebrakerH01,True,3,ltEmsluBrYkJ,opMsehfY-XoJ,True,0.9999937503379217,0.9999931500544736,6.002834480600683e-07,0.1,True,correct
DBLP,0.9,46,inner,bootstrap_OOB,478,journals/tods/BrightHP94,True,2,BHvvo_nJxucJ,BHvvo_nJxucJ,True,0.9999955318600994,0.9999466172642124,4.89145958869619e-05,0.1,True,correct
DBLP,0.9,46,inner,bootstrap_OOB,479,journals/tods/GuoSW96,True,2,KoI8CRWkAYsJ,V8Ls_TYs6mgJ,True,0.9999948234358182,0.9916930173890366,0.008301806046781657,0.1,True,correct
DBLP,0.9,46,inner,bootstrap_OOB,480,journals/sigmod/EisenbergM02,True,1,wgK6p4mDSIMJ,wgK6p4mDSIMJ,True,0.9999951470456688,7.139762171303108e-06,0.9999880072834976,0.1,True,correct
DBLP,0.9,46,inner,bootstrap_OOB,481,journals/sigmod/Franklin97b,False,0,,C84rFQN_ug0J,False,6.446951887396093e-06,5.0402802940167295e-06,1.4066715933793634e-06,0.1,False,unmatched_abstention
DBLP,0.9,46,inner,bootstrap_OOB,482,conf/vldb/NarayananS01,False,0,,og1PK9Js-EcJ,False,3.0708005829538502e-06,2.9735390613487316e-06,9.726152160511861e-08,0.1,False,unmatched_abstention
DBLP,0.9,46,inner,bootstrap_OOB,483,journals/tods/CiacciaP02,True,1,dArDZIV5VE4J,dArDZIV5VE4J,True,0.9999953308127751,3.6655094097068956e-06,0.9999916653033655,0.1,True,correct
DBLP,0.9,46,inner,bootstrap_OOB,484,conf/sigmod/AtzeniT97,True,3,i2LI1TWifbYJ,i2LI1TWifbYJ,True,0.9999956450849009,0.9999953738019718,2.712829291207086e-07,0.1,True,correct
DBLP,0.9,46,inner,bootstrap_OOB,485,journals/tods/StolboushkinT98,True,1,ZnWLup8HMkUJ,ZnWLup8HMkUJ,True,0.9999955782471904,8.740717518056805e-05,0.9999081710720099,0.1,True,correct
DBLP,0.9,46,inner,bootstrap_OOB,486,conf/sigmod/FranklinZ98,True,2,5Cj9Wx8llkwJ,5Cj9Wx8llkwJ,True,0.9999957872868211,0.9999926290665376,3.158220283516755e-06,0.1,True,correct
DBLP,0.9,46,inner,bootstrap_OOB,487,conf/sigmod/LiYVGPUV98,True,6,4zDGoqCAWOoJ,6jeHlSgjCskJ,True,0.9999954194105365,0.9999949826102428,4.3680029371273577e-07,0.1,True,correct
DBLP,0.9,46,inner,bootstrap_OOB,488,conf/vldb/BaumannDFRW99,True,2,lmKF8hAYUkMJ,OV-zNC5uzHUJ,True,0.9999951083212708,0.9999932479186466,1.860402624176416e-06,0.1,True,correct
DBLP,0.9,46,inner,bootstrap_OOB,489,conf/sigmod/BreunigKNS00,True,4,4ZBs-U7sOk0J,KILdAgEb2OsJ,True,0.9999929530079257,0.9999929433641533,9.64377233625413e-09,0.1,True,correct
DBLP,0.9,46,inner,bootstrap_OOB,490,conf/vldb/BernsteinD94,True,1,rNNtyNCgHLoJ,rNNtyNCgHLoJ,True,0.9999941006572911,6.662639100905716e-06,0.9999874380181902,0.1,True,correct
DBLP,0.9,46,inner,bootstrap_OOB,491,journals/sigmod/AbiteboulH95,True,1,kUA9e6YP8igJ,kUA9e6YP8igJ,True,0.9999913522615879,0.0006173553845687618,0.9993739968770191,0.1,True,correct
DBLP,0.9,46,inner,bootstrap_OOB,492,conf/vldb/Atal96,True,1,PaW8zjiNR9cJ,PaW8zjiNR9cJ,True,0.9999955378387242,3.524757006100658e-06,0.9999920130817181,0.1,True,correct
DBLP,0.9,46,inner,bootstrap_OOB,493,conf/vldb/Brodie00,True,1,uFCOiVkDZE8J,uFCOiVkDZE8J,True,0.9999950555239598,0.9999877487664108,7.306757549008225e-06,0.1,True,correct
DBLP,0.9,46,inner,bootstrap_OOB,494,conf/sigmod/MinPC03,True,1,JjrRZt4ONqMJ,JjrRZt4ONqMJ,True,0.999986268987716,4.342937296598322e-06,0.9999819260504195,0.1,True,correct
DBLP,0.9,46,inner,bootstrap_OOB,495,conf/vldb/TsurAADKW01,True,1,PvNI0yqRqtQJ,PvNI0yqRqtQJ,True,0.9999938948483065,3.5418712677355062e-06,0.9999903529770388,0.1,True,correct
DBLP,0.9,46,inner,bootstrap_OOB,496,conf/vldb/FangSGMU98,True,5,E7yZtVJa2xAJ,MdwCZg0RBHYJ,True,0.9999924895143677,0.9999721102022491,2.0379312118623538e-05,0.1,True,correct
DBLP,0.9,46,inner,bootstrap_OOB,497,conf/sigmod/Jamil99,True,1,z5EfiutEfScJ,z5EfiutEfScJ,True,0.9999951346403754,2.98399590872123e-06,0.9999921506444667,0.1,True,correct
DBLP,0.9,46,inner,bootstrap_OOB,498,conf/vldb/Wang95,True,2,7FUOWtSbiogJ,7FUOWtSbiogJ,True,0.9999952433373875,0.3722321983527225,0.6277630449846651,0.1,True,correct
DBLP,0.9,46,inner,bootstrap_OOB,499,conf/sigmod/FernandezFKLS98,True,9,4xxRU4CpidMJ,fNDX0gaFmB0J,True,0.9999952896437334,0.9999950524768751,2.3716685826347117e-07,0.1,True,correct
DBLP,0.9,46,inner,bootstrap_OOB,500,conf/sigmod/WangSCRZP97,True,2,chcojj8yN1sJ,chcojj8yN1sJ,True,0.9999952080417971,0.999526651752124,0.0004685562896731277,0.1,True,correct
DBLP,0.9,46,inner,bootstrap_OOB,501,journals/vldb/PucheralBVB01,True,5,8DRB_dYz2CgJ,hNOti13KB_8J,True,0.9999951019259814,0.9999913478895441,3.754036437264574e-06,0.1,True,correct
DBLP,0.9,46,inner,bootstrap_OOB,502,journals/sigmod/TsotrasJS98,True,2,f3-E7x12K4gJ,f3-E7x12K4gJ,True,0.9999948901174726,0.9999887305527412,6.159564731378353e-06,0.1,True,correct
DBLP,0.9,46,inner,bootstrap_OOB,503,conf/sigmod/NgLHP98,True,12,_2mjU5KqoVgJ,qOiru8Q7FbIJ,True,0.9999945096683451,0.9999941710764539,3.3859189119134214e-07,0.1,True,correct
DBLP,0.9,46,inner,bootstrap_OOB,504,conf/vldb/FlescaFM03,True,1,LXjSnbxB7EsJ,LXjSnbxB7EsJ,True,0.9999946332286497,0.9962163527978395,0.003778280430810188,0.1,True,correct
DBLP,0.9,46,inner,bootstrap_OOB,505,journals/sigmod/ChangGKRS98,True,2,5FiyBEZ3v70J,url:http://portal.acm.org/ft_gateway.cfm%3Fid%3D290607%26type%3Dpdf%26dl%3Dportal%26dl%3DACM%26CFID%3D11111111%26CFTOKEN%3D2222222,True,0.9999946528565041,0.33352655941802223,0.6664680934384819,0.1,True,correct
DBLP,0.9,46,inner,bootstrap_OOB,506,conf/vldb/PalpanasSCP02,True,1,nlh2WXZT3VIJ,nlh2WXZT3VIJ,True,0.9999942319758406,2.8860577884033867e-06,0.9999913459180522,0.1,True,correct
DBLP,0.9,46,inner,bootstrap_OOB,507,journals/vldb/ShethTP03,True,2,Svbxes_XzdUJ,tReKvTMB7pcJ,True,0.9999957091735578,0.9999393721316254,5.6337041932419396e-05,0.1,True,correct
DBLP,0.9,46,inner,bootstrap_OOB,508,conf/sigmod/AggarwalPWYP99,True,2,5uimonC4q_QJ,G3dX_RTA26MJ,True,0.9999941068482866,0.007222813885657416,0.9927712929626292,0.1,True,correct
DBLP,0.9,46,inner,bootstrap_OOB,509,conf/sigmod/HellersteinN96,True,5,_hDCldPyum0J,_hDCldPyum0J,True,0.9999951741782278,0.9999939943237698,1.179854458022156e-06,0.1,True,correct
DBLP,0.9,46,inner,bootstrap_OOB,510,conf/vldb/ChakrabartiDAR97,True,7,-2Ib1nqgXbcJ,QyBDbs7EpmsJ,True,0.9999954159276216,0.9999954124201834,3.5074382287447747e-09,0.1,True,correct
DBLP,0.9,46,inner,bootstrap_OOB,511,conf/vldb/Raghavan96,True,1,zuVOWDbv0lsJ,zuVOWDbv0lsJ,True,0.9999927372142663,3.0453986919733956e-06,0.9999896918155743,0.1,True,correct
DBLP,0.9,46,inner,bootstrap_OOB,512,conf/sigmod/Olson95,True,1,nJycrIdh5E4J,nJycrIdh5E4J,True,0.9999869208888079,5.531968008065075e-06,0.9999813889207999,0.1,True,correct
DBLP,0.9,46,inner,bootstrap_OOB,513,conf/vldb/GinisHKMT97,True,1,GBVvAWWCTcgJ,GBVvAWWCTcgJ,True,0.9999954654690334,2.874438794016338e-06,0.9999925910302394,0.1,True,correct
DBLP,0.9,46,inner,bootstrap_OOB,514,conf/vldb/SenkulKT02,True,1,g7HDbO4GCN4J,g7HDbO4GCN4J,True,0.999995579904119,2.762897866439819e-06,0.9999928170062525,0.1,True,correct
DBLP,0.9,46,inner,bootstrap_OOB,515,conf/vldb/KumarKA97,True,3,8bLd-1l1at4J,EhTWppk6No8J,True,0.9999958131004514,0.9999950267615855,7.863388659101744e-07,0.1,True,correct
DBLP,0.9,46,inner,bootstrap_OOB,516,conf/vldb/Shenker03,True,1,5yETsE57mzgJ,5yETsE57mzgJ,True,0.9999950872694009,3.1180313154066968e-06,0.9999919692380855,0.1,True,correct
DBLP,0.9,46,inner,bootstrap_OOB,517,conf/sigmod/DogacAEOADAOS94,True,5,AgBMhm_0uEIJ,AgBMhm_0uEIJ,True,0.9999868358717919,0.9999691095518971,1.7726319894828535e-05,0.1,True,correct
DBLP,0.9,46,inner,bootstrap_OOB,518,conf/vldb/ManolopoulosT01,True,2,BqSvyuGWls8J,hr5OGCJqc2MJ,True,0.9999954410482289,0.28331189341938656,0.7166835476288423,0.1,True,correct
DBLP,0.9,46,inner,bootstrap_OOB,519,conf/sigmod/CruzJ99,True,1,vXMwU21-7HMJ,vXMwU21-7HMJ,True,0.9999958273389027,0.002076974909515161,0.9979188524293875,0.1,True,correct
DBLP,0.9,46,inner,bootstrap_OOB,520,conf/sigmod/Team95a,True,1,P-jrIizJxEgJ,P-jrIizJxEgJ,True,0.9999024005347504,5.685232188445453e-06,0.999896715302562,0.1,True,correct
DBLP,0.9,46,inner,bootstrap_OOB,521,conf/vldb/Johnson99,True,1,B3PwhNu8Y6IJ,B3PwhNu8Y6IJ,True,0.9999926507764936,3.080471157066869e-06,0.9999895703053365,0.1,True,correct
DBLP,0.9,46,inner,bootstrap_OOB,522,journals/vldb/KellerB96,True,3,tVoqZpEEHv8J,tVoqZpEEHv8J,True,0.9999953856898857,0.9999919090879894,3.476601896257314e-06,0.1,True,correct
DBLP,0.9,46,inner,bootstrap_OOB,523,conf/vldb/ChoenniV00,True,1,R1j3CdeOlwsJ,R1j3CdeOlwsJ,True,0.9999953133025362,5.443046299460125e-06,0.9999898702562368,0.1,True,correct
DBLP,0.9,46,inner,bootstrap_OOB,524,conf/vldb/IshikawaSF98,True,4,9MDCp_a1roUJ,D1HCBThHOkcJ,True,0.9999954608005543,0.999994416285135,1.0445154193794437e-06,0.1,True,correct
DBLP,0.9,46,inner,bootstrap_OOB,525,journals/sigmod/LabrinidisR00,True,2,TppC2jA5UXMJ,Wcbvsi-QDtcJ,True,0.9999953546856767,0.9999951962734702,1.5841220646350962e-07,0.1,True,correct
DBLP,0.9,46,inner,bootstrap_OOB,526,conf/vldb/KounevB02,True,2,DayIdkLVfyIJ,mq4cLaNqTDQJ,True,0.9999951643747166,0.9999888229103291,6.341464387493723e-06,0.1,True,correct
DBLP,0.9,46,inner,bootstrap_OOB,527,conf/sigmod/IoannidisL94,True,1,dDHNsS9sisEJ,dDHNsS9sisEJ,True,0.9999946560630688,2.8073921394593603e-06,0.9999918486709294,0.1,True,correct
DBLP,0.9,46,inner,bootstrap_OOB,528,journals/sigmod/HasselbringHHKRRS00,True,3,JW49QfQtuTMJ,X9PsaiaoDJ4J,True,0.9999918922186127,0.9999771967418574,1.4695476755366421e-05,0.1,True,correct
DBLP,0.9,46,inner,bootstrap_OOB,529,conf/sigmod/GuptaS03,True,3,6ditJPVnXAQJ,6ditJPVnXAQJ,True,0.9999956010060291,0.9999608298832421,3.4771122787047304e-05,0.1,True,correct
DBLP,0.9,46,inner,bootstrap_OOB,530,conf/sigmod/KiesslingHFE01,True,2,DQKMCTskI-MJ,tNzM8E3W2K4J,True,0.999994575448406,0.9999927533829628,1.8220654431910788e-06,0.1,True,correct
DBLP,0.9,46,inner,bootstrap_OOB,531,journals/vldb/SakuraiYUK02,True,1,7J-RvgQd8SMJ,7J-RvgQd8SMJ,True,0.9999955200497067,6.233103042406161e-06,0.9999892869466643,0.1,True,correct
DBLP,0.9,46,inner,bootstrap_OOB,532,conf/sigmod/Gettys95,False,0,,kFKcEBSCjVEJ,False,2.8586378391753885e-06,2.85734591159534e-06,1.2919275800485155e-09,0.1,False,unmatched_abstention
DBLP,0.9,46,inner,bootstrap_OOB,533,conf/sigmod/Cohen98a,True,1,qfD_kxYt-dsJ,qfD_kxYt-dsJ,True,0.9999955692645294,3.877756556736375e-06,0.9999916915079726,0.1,True,correct
DBLP,0.9,46,inner,bootstrap_OOB,534,conf/sigmod/LeeWMS01,True,3,4rJJdFvMmgYJ,OFXL5KsJiWcJ,True,0.9999954761853016,0.999973497910058,2.1978275243639267e-05,0.1,True,correct
DBLP,0.9,46,inner,bootstrap_OOB,535,journals/sigmod/Franklin00a,False,0,,C84rFQN_ug0J,False,5.815031852539441e-06,5.388829611251556e-06,4.262022412878847e-07,0.1,False,unmatched_abstention
DBLP,0.9,46,inner,bootstrap_OOB,536,conf/vldb/LeeLWS97,True,2,3k61gi_ld_UJ,3k61gi_ld_UJ,True,0.9999953812960674,0.9999947665056821,6.147903852671277e-07,0.1,True,correct
DBLP,0.9,46,inner,bootstrap_OOB,537,conf/sigmod/BilirisFOP96,True,1,VakyeJZNPM0J,VakyeJZNPM0J,True,0.9999896612661963,2.674414053450126e-06,0.9999869868521428,0.1,True,correct
DBLP,0.9,46,inner,bootstrap_OOB,538,journals/tods/AmmannJR97,True,1,2e-NAgqt-joJ,2e-NAgqt-joJ,True,0.9999952254034825,0.46946371760164324,0.5305315078018393,0.1,True,correct
DBLP,0.9,46,inner,bootstrap_OOB,539,conf/sigmod/HanFHCC94,True,3,6M-fnuhWEOIJ,dvmROCT52KoJ,True,0.9999959054453358,0.9999952298637186,6.755816172043794e-07,0.1,True,correct
DBLP,0.9,46,inner,bootstrap_OOB,540,journals/tods/GraefeC95,True,1,Bn8s7u5T9SAJ,Bn8s7u5T9SAJ,True,0.9999953257649545,2.968269186961796e-06,0.9999923574957675,0.1,True,correct
DBLP,0.9,46,inner,bootstrap_OOB,541,conf/sigmod/Chakravarthy97,True,3,5Ng-bLUNAsQJ,5Ng-bLUNAsQJ,True,0.9999956439634053,0.9999819256136464,1.371834975893993e-05,0.1,True,correct
DBLP,0.9,46,inner,bootstrap_OOB,542,conf/vldb/HellersteinNP95,True,6,AC19Z_yOCTUJ,AC19Z_yOCTUJ,True,0.9999951476889343,0.9999935462014744,1.6014874598679896e-06,0.1,True,correct
DBLP,0.9,46,inner,bootstrap_OOB,543,journals/sigmod/CeriKKLOSV00,True,1,nLbW09uNfmsJ,nLbW09uNfmsJ,True,0.9999877517687138,3.507247106735841e-06,0.9999842445216071,0.1,True,correct
DBLP,0.9,46,inner,bootstrap_OOB,544,conf/vldb/Pogue98,True,1,bYLjqg3pPNgJ,bYLjqg3pPNgJ,True,0.9999906913178361,9.107064366015962e-06,0.9999815842534702,0.1,True,correct
DBLP,0.9,46,inner,bootstrap_OOB,545,conf/vldb/SakuraiYUK00,True,1,K2xCMgImpVkJ,K2xCMgImpVkJ,True,0.9999958390852766,6.958252777015195e-05,0.9999262565575064,0.1,True,correct
DBLP,0.9,46,inner,bootstrap_OOB,546,journals/sigmod/Ozsu03a,False,0,,NHxHsUH9L5MJ,False,0.0032477428739526855,0.0031902517164685527,5.749115748413273e-05,0.1,False,unmatched_abstention
DBLP,0.9,46,inner,bootstrap_OOB,547,conf/vldb/StillgerLMK01,True,3,k8EsgEuKhQ0J,k8EsgEuKhQ0J,True,0.9999941567336487,0.9999445898083505,4.956692529811679e-05,0.1,True,correct
DBLP,0.9,46,inner,bootstrap_OOB,548,conf/vldb/MiloZ98,True,3,a7XtgKiAJFMJ,Nd7-CTB1lRgJ,True,0.999994853614602,0.9999947356002108,1.1801439125935786e-07,0.1,True,correct
DBLP,0.9,46,inner,bootstrap_OOB,549,journals/sigmod/GroskyFS94,True,2,sWM6PKw-JaQJ,zMK02pxd4OEJ,True,0.9999950952276554,0.9999902459288064,4.84929884903007e-06,0.1,True,correct
DBLP,0.9,46,inner,bootstrap_OOB,550,journals/tods/GutingBEJLSV00,True,4,1qV5-83rTyUJ,cURCJR2xHE0J,True,0.9999932239932054,0.9135032520529508,0.08648997194025465,0.1,True,correct
DBLP,0.9,46,inner,bootstrap_OOB,551,conf/sigmod/HellersteinA00,True,5,Gsb6dnkFBMoJ,Gsb6dnkFBMoJ,True,0.9999952226433317,0.9999947543384191,4.6830491262639384e-07,0.1,True,correct
DBLP,0.9,46,inner,bootstrap_OOB,552,conf/vldb/BonczRK98,True,2,965BXzMPxSoJ,ts5vu2eNQgYJ,True,0.9999903055584037,0.9533183501513546,0.04667195540704916,0.1,True,correct
DBLP,0.9,46,inner,bootstrap_OOB,553,conf/vldb/MuntzR94,True,1,o9DfGI9zsloJ,o9DfGI9zsloJ,True,0.9999955809999644,2.849351156243027e-06,0.9999927316488082,0.1,True,correct
DBLP,0.9,46,inner,bootstrap_OOB,554,conf/sigmod/Amer-YahiaFSX03,True,3,7-b5YXuGJS0J,IgRat6Xyu2EJ,True,0.9999924588321638,0.9999923258189258,1.3301323797954012e-07,0.1,True,correct
DBLP,0.9,46,inner,bootstrap_OOB,555,conf/vldb/GohOST99,True,1,hK5EOo-Z7JMJ,hK5EOo-Z7JMJ,True,0.999995140636128,2.8645024541346025e-06,0.9999922761336739,0.1,True,correct
DBLP,0.9,46,inner,bootstrap_OOB,556,journals/sigmod/LawderK01,True,1,eznFJ2e_pQQJ,eznFJ2e_pQQJ,True,0.9999952786746893,1.3377986332581698e-05,0.9999819006883567,0.1,True,correct
DBLP,0.9,46,inner,bootstrap_OOB,557,conf/vldb/CareyK98,True,1,MCuFKbwcWIIJ,MCuFKbwcWIIJ,True,0.9999946502041555,2.963099077076994e-06,0.9999916871050784,0.1,True,correct
DBLP,0.9,46,inner,bootstrap_OOB,558,journals/sigmod/Winslett03c,False,0,,GCVMmOSZn0AJ,False,0.0020183126401577007,4.419240255314737e-06,0.002013893399902386,0.1,False,unmatched_abstention
DBLP,0.9,46,inner,bootstrap_OOB,559,conf/sigmod/AgrawalASY97,True,5,3nxl8d4c0t4J,3nxl8d4c0t4J,True,0.999995394293689,0.9999935112526557,1.8830410333237069e-06,0.1,True,correct
DBLP,0.9,46,inner,bootstrap_OOB,560,journals/vldb/ChienTZ02,True,1,j4wcclZqY0oJ,j4wcclZqY0oJ,True,0.9999944578194376,7.239495439757448e-06,0.9999872183239978,0.1,True,correct
DBLP,0.9,46,inner,bootstrap_OOB,561,journals/sigmod/BorgidaCS98,True,2,iPbD7vPHzgYJ,iPbD7vPHzgYJ,True,0.9999956199984844,0.9999881838124959,7.436185988529687e-06,0.1,True,correct
DBLP,0.9,46,inner,bootstrap_OOB,562,conf/vldb/LakshmananPZ03,True,2,tcnjvKELfs0J,zbzO-4fuIwUJ,True,0.9999954915136057,0.9999853603527452,1.0131160860460398e-05,0.1,True,correct
DBLP,0.9,46,inner,bootstrap_OOB,563,journals/sigmod/HadzilacosT97,True,2,a8YsBAmwFjoJ,a8YsBAmwFjoJ,True,0.9999958919004668,0.9999935532202613,2.3386802054936595e-06,0.1,True,correct
DBLP,0.9,46,inner,bootstrap_OOB,564,journals/tods/TaoPZ02,True,1,CxBJwFNdozAJ,CxBJwFNdozAJ,True,0.9999951481331542,2.9838223229125844e-06,0.9999921643108313,0.1,True,correct
DBLP,0.9,46,inner,bootstrap_OOB,565,conf/sigmod/HanPY00,True,13,2xwKDuA0DI8J,rLJSEgt6UbMJ,True,0.9999947057746194,0.999994125494366,5.80280253403842e-07,0.1,True,correct
DBLP,0.9,46,inner,bootstrap_OOB,566,conf/sigmod/TomasicGS94,True,3,kRHYZELNeoIJ,kRHYZELNeoIJ,True,0.9999951661821217,0.9999940719455885,1.094236533161208e-06,0.1,True,correct
DBLP,0.9,46,inner,bootstrap_OOB,567,conf/vldb/KoudasMJ99,True,2,dRemTC899xcJ,dRemTC899xcJ,True,0.9999955402679129,0.9999912265623706,4.313705542324797e-06,0.1,True,correct
DBLP,0.9,46,inner,bootstrap_OOB,568,conf/vldb/Jacobs97,True,1,U-98tPsJi6EJ,U-98tPsJi6EJ,True,0.9999948364031515,2.7147117850915116e-06,0.9999921216913663,0.1,True,correct
DBLP,0.9,46,inner,bootstrap_OOB,569,journals/sigmod/ZobelMR96,True,1,6NbNX8nSta0J,6NbNX8nSta0J,True,0.9999952190518381,2.8539934422179003e-06,0.9999923650583958,0.1,True,correct
DBLP,0.9,46,inner,bootstrap_OOB,570,conf/vldb/BouganimCDDGS99,True,1,Ult4nmnmJp8J,Ult4nmnmJp8J,True,0.9999953535647271,2.7997160375897544e-06,0.9999925538486896,0.1,True,correct
DBLP,0.9,46,inner,bootstrap_OOB,571,journals/tods/CeriFPT95,True,1,DoS7NkmUyYgJ,aphxPCo8qkgJ,False,0.9998699045553583,0.998875552182107,0.0009943523732512949,0.1,True,false_link
DBLP,0.9,46,inner,bootstrap_OOB,572,journals/vldb/JagadishKNS00,True,2,GtXc02EJjCgJ,GtXc02EJjCgJ,True,0.9999944046218362,0.9944197863681796,0.005574618253656571,0.1,True,correct
DBLP,0.9,46,inner,bootstrap_OOB,573,conf/vldb/Sterling98,True,1,LlP2Fn3bzUMJ,LlP2Fn3bzUMJ,True,0.9999919605592625,2.5661214996276055e-05,0.9999662993442663,0.1,True,correct
DBLP,0.9,46,inner,bootstrap_OOB,574,conf/sigmod/JagadishKS00,True,1,OZRYdxoJqXMJ,OZRYdxoJqXMJ,True,0.9999947825123198,3.777722953157689e-06,0.9999910047893666,0.1,True,correct
DBLP,0.9,46,inner,bootstrap_OOB,575,conf/sigmod/Agarwal96,True,3,ALk7huiKjWAJ,ALk7huiKjWAJ,True,0.9999951014074571,0.9999687184506101,2.6382956846981998e-05,0.1,True,correct
DBLP,0.9,46,inner,bootstrap_OOB,576,conf/sigmod/BunemanDHS96,True,9,AtUsoMh8rY4J,rNVPCLfguuMJ,True,0.9999952331607013,0.9999936306842729,1.602476428330668e-06,0.1,True,correct
DBLP,0.9,46,inner,bootstrap_OOB,577,conf/sigmod/ChangH02,True,2,4zxRX5K-YSsJ,4zxRX5K-YSsJ,True,0.9999955225569005,0.9999892612163738,6.261340526725334e-06,0.1,True,correct
DBLP,0.9,46,inner,bootstrap_OOB,578,conf/sigmod/ZaharioudakisC97,True,1,U0o8vPY7L4kJ,U0o8vPY7L4kJ,True,0.9999959711774065,2.964625414542039e-06,0.999993006551992,0.1,True,correct
DBLP,0.9,46,inner,bootstrap_OOB,579,journals/sigmod/LometBCLN98,True,2,eCi5eTVzsoQJ,url:http://portal.acm.org/ft_gateway.cfm%3Fid%3D290608%26type%3Dpdf%26dl%3DGUIDE%26dl%3DACM%26CFID%3D11111111%26CFTOKEN%3D2222222,True,0.9999937916592042,0.9984908530456568,0.0015029386135474443,0.1,True,correct
DBLP,0.9,46,inner,bootstrap_OOB,580,conf/sigmod/Chong98,True,1,W-6r_OOEHLUJ,W-6r_OOEHLUJ,True,0.9999912766455488,3.008254414971634e-06,0.9999882683911337,0.1,True,correct
DBLP,0.9,46,inner,bootstrap_OOB,581,conf/vldb/Adler01,True,1,Tnuonq9Zi4cJ,Tnuonq9Zi4cJ,True,0.9999926511129043,2.773092602846328e-06,0.9999898780203014,0.1,True,correct
DBLP,0.9,46,inner,bootstrap_OOB,582,conf/vldb/VeltriCV01,True,2,itG_XrygxXIJ,SdVmepmUgQIJ,False,0.9999946846684818,0.9999925448333621,2.1398351197632337e-06,0.1,True,false_link
DBLP,0.9,46,inner,bootstrap_OOB,583,conf/vldb/SeshadriLR97,True,8,ad-TVNZBg8YJ,kIzNmOrszKoJ,True,0.9999952665968408,0.9999950448556713,2.217411695371041e-07,0.1,True,correct
DBLP,0.9,46,inner,bootstrap_OOB,584,journals/sigmod/BabuW01,True,4,EWzSBh-jV3IJ,KJ26gUP0PyIJ,True,0.9999923202401156,0.9999915757058276,7.445342879996986e-07,0.1,True,correct
DBLP,0.9,46,inner,bootstrap_OOB,585,conf/sigmod/ImielinskiVB94,True,16,1H_A7k3QsbQJ,cffLplmoKH4J,True,0.9999952071185794,0.9999941191378847,1.087980694647328e-06,0.1,True,correct
DBLP,0.9,46,inner,bootstrap_OOB,586,journals/sigmod/BilirisP96,True,1,fu9j50Kk4Y4J,fu9j50Kk4Y4J,True,0.9999946327065755,3.1056946252952453e-06,0.9999915270119503,0.1,True,correct
DBLP,0.9,46,inner,bootstrap_OOB,587,conf/sigmod/PalmerF00,True,2,cnNLe97Pd2sJ,cnNLe97Pd2sJ,True,0.9999956330782283,0.9999940986709723,1.534407255920911e-06,0.1,True,correct
DBLP,0.9,46,inner,bootstrap_OOB,588,journals/sigmod/Gaffney96,True,1,uaT2hY6421UJ,uaT2hY6421UJ,True,0.9999877768098216,2.8051547833632567e-06,0.9999849716550383,0.1,True,correct
DBLP,0.9,46,inner,bootstrap_OOB,589,conf/sigmod/ShenoyHSBBS00,True,3,SipDBj3SOb4J,SipDBj3SOb4J,True,0.9999937527572558,0.9999550585950611,3.869416219470789e-05,0.1,True,correct
DBLP,0.9,46,inner,bootstrap_OOB,590,conf/sigmod/JagadishLMSV99,True,1,946iAs3adDcJ,946iAs3adDcJ,True,0.9999682967398197,3.1414974401846175e-06,0.9999651552423795,0.1,True,correct
DBLP,0.9,46,inner,bootstrap_OOB,591,journals/sigmod/SnodgrassHMOPRRWY98,False,0,,url:http://portal.acm.org/ft_gateway.cfm%3Fid%3D290599%26type%3Dpdf%26dl%3DGUIDE%26dl%3DACM%26CFID%3D11111111%26CFTOKEN%3D2222222,False,0.9990082999898532,0.9928419944557723,0.006166305534080929,0.1,True,false_link
DBLP,0.9,46,inner,bootstrap_OOB,592,conf/sigmod/JagadishJOT01,True,1,OM7n6h8R8CoJ,OM7n6h8R8CoJ,True,0.999993629366032,2.777989468053957e-06,0.999990851376564,0.1,True,correct
DBLP,0.9,46,inner,bootstrap_OOB,593,journals/sigmod/HalkidiBV02,True,2,GHjgDrEbqM4J,GHjgDrEbqM4J,True,0.999993030230222,0.9993422006061864,0.0006508296240356204,0.1,True,correct
DBLP,0.9,46,inner,bootstrap_OOB,594,journals/vldb/SheikholeslamiCZ00,True,3,2GWXn3jT0uwJ,Eo0JhvpLGj0J,True,0.9999957745682182,0.9999945480388832,1.226529334985571e-06,0.1,True,correct
DBLP,0.9,46,inner,bootstrap_OOB,595,conf/vldb/Baumann03,True,1,pJ2UEKVG_hoJ,pJ2UEKVG_hoJ,True,0.9999941385892068,3.4714117194515725e-06,0.9999906671774874,0.1,True,correct
DBLP,0.9,46,inner,bootstrap_OOB,596,journals/sigmod/Finkelstein95,True,1,gbnxN3MpucMJ,gbnxN3MpucMJ,True,0.9999930197336059,3.1724564084112484e-06,0.9999898472771974,0.1,True,correct
DBLP,0.9,46,inner,bootstrap_OOB,597,conf/vldb/Vaskevitch95,True,1,s6Ax0WdZp6IJ,s6Ax0WdZp6IJ,True,0.9999894430584704,3.531984819181228e-06,0.9999859110736512,0.1,True,correct
DBLP,0.9,46,inner,bootstrap_OOB,598,conf/vldb/Duranti01,True,1,gQW6iYG5Vh0J,gQW6iYG5Vh0J,True,0.9999941199622608,0.12322411342204112,0.8767700065402197,0.1,True,correct
DBLP,0.9,46,inner,bootstrap_OOB,599,conf/sigmod/SzalayGTKMRSv02,True,4,1tKWKmyczaYJ,1tKWKmyczaYJ,True,0.9999948778565887,0.9999928332233724,2.044633216291558e-06,0.1,True,correct
DBLP,0.9,46,inner,bootstrap_OOB,600,journals/sigmod/Segev95,False,0,,url:http://www.springerlink.com/index/P12116P8M7211245.pdf,False,0.004165334312000135,0.0024674418756668918,0.0016978924363332429,0.1,False,unmatched_abstention
DBLP,0.9,46,inner,bootstrap_OOB,601,conf/sigmod/GoelI96,True,2,_Vn4nSui5UMJ,hD6w1eBfjWcJ,True,0.9999953553147076,0.9999844556287402,1.0899685967458161e-05,0.1,True,correct
DBLP,0.9,46,inner,bootstrap_OOB,602,conf/vldb/HanF95,True,15,_rlpIiNduaYJ,qNLsbj_Fu5EJ,True,0.9999952812269651,0.9999940372854244,1.2439415407738963e-06,0.1,True,correct
DBLP,0.9,46,inner,bootstrap_OOB,603,journals/sigmod/Suciu02,True,1,Ikk1rb4o66UJ,Ikk1rb4o66UJ,True,0.999992174773889,3.9794787472784645e-06,0.9999881952951417,0.1,True,correct
DBLP,0.9,46,inner,bootstrap_OOB,604,conf/vldb/Sarawagi02,True,1,BJ0pr7FqzzoJ,BJ0pr7FqzzoJ,True,0.9992040660613144,8.884943504270904e-06,0.9991951811178101,0.1,True,correct
DBLP,0.9,46,inner,bootstrap_OOB,605,conf/sigmod/DoanDH01,True,1,Lv0bggWzgeoJ,Lv0bggWzgeoJ,True,0.9999952147731647,0.00014488973367099566,0.9998503250394937,0.1,True,correct
DBLP,0.9,46,inner,bootstrap_OOB,606,conf/vldb/FuC94,True,1,ReboDjzo5y0J,ReboDjzo5y0J,True,0.9999959222290562,2.7217265145374e-06,0.9999932005025417,0.1,True,correct
DBLP,0.9,46,inner,bootstrap_OOB,607,conf/sigmod/Fegaras98,True,1,XVtlJYx2G_wJ,XVtlJYx2G_wJ,True,0.9999930122006419,4.951771419867408e-06,0.999988060429222,0.1,True,correct
DBLP,0.9,46,inner,bootstrap_OOB,608,conf/sigmod/RoussopoulosKV95,True,7,00c1qmRdM5IJ,efwTNo1wRnMJ,True,0.9999825956278472,0.9999399297284919,4.266589935530973e-05,0.1,True,correct
DBLP,0.9,46,inner,bootstrap_OOB,609,conf/sigmod/HsuLG00,True,2,AvYMafGTVLEJ,kxIpDxLD46gJ,True,0.9999954664548998,0.999994552139641,9.143152588375614e-07,0.1,True,correct
DBLP,0.9,46,inner,bootstrap_OOB,610,conf/vldb/SistlaYLL95,True,3,HtTNmhCJY-oJ,HtTNmhCJY-oJ,True,0.9999953900839202,0.9999952790348824,1.1104903785419395e-07,0.1,True,correct
DBLP,0.9,46,inner,bootstrap_OOB,611,conf/sigmod/ChawatheG97,True,3,5O88Bum19wAJ,5O88Bum19wAJ,True,0.9999946755972563,0.9999934182786179,1.2573186384257085e-06,0.1,True,correct
DBLP,0.9,46,inner,bootstrap_OOB,612,conf/vldb/BrinkhoffK94,True,2,egvBPvtoaMMJ,egvBPvtoaMMJ,True,0.9999955381110632,0.9999900401557407,5.497955322564252e-06,0.1,True,correct
DBLP,0.9,46,inner,bootstrap_OOB,613,conf/vldb/Carey00,False,0,,qS9dVchK5mQJ,False,3.0089229397613657e-06,2.9356414017049458e-06,7.328153805641996e-08,0.1,False,unmatched_abstention
DBLP,0.9,46,inner,bootstrap_OOB,614,journals/vldb/TenienteO95,True,3,aC-8qspy24wJ,aC-8qspy24wJ,True,0.9999926383465524,0.9999884387256999,4.199620852518571e-06,0.1,True,correct
DBLP,0.9,46,inner,bootstrap_OOB,615,conf/sigmod/RiedewaldAA02,True,2,AFKhL1I3L9AJ,nQvBo5KHITYJ,True,0.9999949886834276,0.9999030523446912,9.193633873638696e-05,0.1,True,correct
DBLP,0.9,46,inner,bootstrap_OOB,616,conf/vldb/SripadaW94,True,1,VqNz3sp638UJ,VqNz3sp638UJ,True,0.999859780849924,3.004581615460547e-06,0.9998567762683085,0.1,True,correct
DBLP,0.9,46,inner,bootstrap_OOB,617,conf/vldb/Objectivity98,True,1,o3fkxpcCBskJ,o3fkxpcCBskJ,True,0.044017395768212175,0.00011008872763291897,0.043907307040579255,0.1,False,missing_match
DBLP,0.9,46,inner,bootstrap_OOB,618,journals/vldb/MehtaD97,True,2,VPX141ia9EcJ,zppqMPNFTQIJ,True,0.9999953138075696,0.7526533685380434,0.24734194526952613,0.1,True,correct
DBLP,0.9,46,inner,bootstrap_OOB,619,conf/sigmod/Team95,False,0,,nxNSfctbGWAJ,False,2.9031978331299985e-06,2.8684088498095383e-06,3.478898332046012e-08,0.1,False,unmatched_abstention
DBLP,0.9,46,inner,bootstrap_OOB,620,conf/sigmod/MamoulisP99,True,4,fXHqHRgpG8sJ,z9MQwq7G3GYJ,True,0.9999955106919481,0.9999947902886047,7.204033434238255e-07,0.1,True,correct
DBLP,0.9,46,inner,bootstrap_OOB,621,conf/vldb/LabioG96,True,3,1JLlGYW8cDAJ,B3unqvqyJrMJ,True,0.9999950841574948,0.9999948824121095,2.0174538528650032e-07,0.1,True,correct
DBLP,0.9,46,inner,bootstrap_OOB,622,conf/sigmod/PeiMHZ00,True,1,UyhrqiH_-MoJ,UyhrqiH_-MoJ,True,0.9999948297854933,2.8746772944500847e-06,0.9999919551081988,0.1,True,correct
DBLP,0.9,46,inner,bootstrap_OOB,623,conf/vldb/McKennaBHT96,True,1,0tZaTV3W05wJ,0tZaTV3W05wJ,True,0.999995569564527,2.883389242167058e-06,0.9999926861752848,0.1,True,correct
DBLP,0.9,46,inner,bootstrap_OOB,624,conf/vldb/BaumgartnerFG01a,True,1,GGyAHg9kwysJ,GGyAHg9kwysJ,True,0.9999954896902031,3.407903598932671e-06,0.9999920817866041,0.1,True,correct
DBLP,0.9,46,inner,bootstrap_OOB,625,conf/sigmod/BrownCL96,True,1,H4A7nUWyXtQJ,H4A7nUWyXtQJ,True,0.9999943869741349,3.392850354842619e-06,0.99999099412378,0.1,True,correct
DBLP,0.9,46,inner,bootstrap_OOB,626,conf/sigmod/MaddenFHH03,True,1,qz24tfFNHuoJ,qz24tfFNHuoJ,True,0.9999957792440746,3.6279542027327606e-05,0.9999594997020472,0.1,True,correct
DBLP,0.9,46,inner,bootstrap_OOB,627,journals/tods/BunemanO96,True,3,Q28u7TpTgI0J,-ZDi1Wdy_DoJ,True,0.9999953102711933,0.9999937010932587,1.6091779345694945e-06,0.1,True,correct
DBLP,0.9,46,inner,bootstrap_OOB,628,conf/vldb/ChaudhuriN97,True,3,0rViZf2YXmAJ,hAqEljGAcFsJ,True,0.9999958484672731,0.9999905486775011,5.299789771928687e-06,0.1,True,correct
DBLP,0.9,46,inner,bootstrap_OOB,629,conf/vldb/ChatziantoniouR97,True,2,UEvW-FsWASUJ,UEvW-FsWASUJ,True,0.9999926740365732,0.9999903291604864,2.344876086857184e-06,0.1,True,correct
DBLP,0.9,46,inner,bootstrap_OOB,630,conf/vldb/Sarawagi00,True,1,z5DmAoBjsjAJ,z5DmAoBjsjAJ,True,0.9999945683823523,0.00012626370360685696,0.9998683046787454,0.1,True,correct
DBLP,0.9,46,inner,bootstrap_OOB,631,journals/sigmod/Aberer02,True,1,url:http://portal.acm.org/ft_gateway.cfm%3Fid%3D507353%26type%3Dpdf%26dl%3Dportal%26dl%3DACM%26CFID%3D11111111%26CFTOKEN%3D2222222,url:http://portal.acm.org/ft_gateway.cfm%3Fid%3D604274%26type%3Dpdf%26dl%3DGUIDE%26dl%3DACM%26CFID%3D11111111%26CFTOKEN%3D2222222,False,0.9995489811662331,0.8014014620071801,0.19814751915905304,0.1,True,false_link
DBLP,0.9,46,inner,bootstrap_OOB,632,journals/sigmod/SureSS02,True,3,A-OWMulBkOoJ,v0tY6g0DHMcJ,True,0.9999949046285294,0.9999943635812282,5.410473011835393e-07,0.1,True,correct
DBLP,0.9,46,inner,bootstrap_OOB,633,journals/sigmod/Snodgrass99b,False,0,,url:http://portal.acm.org/ft_gateway.cfm%3Fid%3D290599%26type%3Dpdf%26dl%3DGUIDE%26dl%3DACM%26CFID%3D11111111%26CFTOKEN%3D2222222,False,0.9878230631355833,0.9849799055725682,0.0028431575630151196,0.1,True,false_link
DBLP,0.9,46,inner,bootstrap_OOB,634,conf/vldb/PappasC00,True,2,BsQtFZrn3fsJ,url:http://portal.acm.org/citation.cfm%3Fid%3D645926.671850,True,0.9999958039626751,0.9999954129014124,3.9106126270560537e-07,0.1,True,correct
DBLP,0.9,46,inner,bootstrap_OOB,635,journals/tods/KrishnakumarB94,True,1,8ZjEDOBUd_QJ,8ZjEDOBUd_QJ,True,0.9999959193814247,5.929462275064177e-06,0.9999899899191497,0.1,True,correct
DBLP,0.9,46,inner,bootstrap_OOB,636,journals/vldb/AbadiCCCCLSTZ03,True,1,gBVNSFeS4P8J,gBVNSFeS4P8J,True,0.9999947230994174,0.9999942418467941,4.812526233077818e-07,0.1,True,correct
DBLP,0.9,46,inner,bootstrap_OOB,637,conf/sigmod/MiloAABN03,True,2,fHp5E4Rxt7cJ,P7vZf4MkRO4J,True,0.9997036026671331,0.9996982540249446,5.3486421884851865e-06,0.1,True,correct
DBLP,0.9,46,inner,bootstrap_OOB,638,conf/vldb/OzsuVU98,True,2,tftfK6qWKJcJ,WAivXgeI8vIJ,True,0.9999955765474557,0.999994463566977,1.1129804787790576e-06,0.1,True,correct
DBLP,0.9,46,inner,bootstrap_OOB,639,journals/sigmod/WenLMZ03,True,1,5KdceadGf8cJ,5KdceadGf8cJ,True,0.9999956078053658,2.716667141582732e-06,0.9999928911382242,0.1,True,correct
DBLP,0.9,46,inner,bootstrap_OOB,640,journals/vldb/AguileraCMVV02,True,3,4OUQOD2i52sJ,SdVmepmUgQIJ,True,0.9999954452635823,0.9998490467541845,0.00014639850939779375,0.1,True,correct
DBLP,0.9,46,inner,bootstrap_OOB,641,journals/sigmod/SommerGB02,True,2,8l5_eKZcCh8J,8l5_eKZcCh8J,True,0.9999932020773054,0.9997324689780278,0.0002607330992775436,0.1,True,correct
DBLP,0.9,46,inner,bootstrap_OOB,642,conf/sigmod/ChenRW02,True,1,05ShsIGjnKkJ,05ShsIGjnKkJ,True,0.9999952633997763,2.7761938301187147e-06,0.9999924872059461,0.1,True,correct
DBLP,0.9,46,inner,bootstrap_OOB,643,journals/sigmod/ChaudhuriD97,True,14,1oCTwvC32jkJ,zlbJ-7JZdP0J,True,0.9999954767072929,0.9999950537789551,4.2292833779544736e-07,0.1,True,correct
DBLP,0.9,46,inner,bootstrap_OOB,644,journals/sigmod/BawaCCDGGKMSSVY03,True,1,7gJjI63FlyYJ,7gJjI63FlyYJ,True,0.9999921711909927,3.0200542754399357e-06,0.9999891511367173,0.1,True,correct
DBLP,0.9,46,inner,bootstrap_OOB,645,conf/vldb/PardonA00,True,2,Bax8yKEV6McJ,k7G60pXtD58J,True,0.999995620265809,0.9999955247938233,9.547198576154159e-08,0.1,True,correct
DBLP,0.9,46,inner,bootstrap_OOB,646,journals/sigmod/RamDD99,True,2,kHE9-cv77fwJ,uA-E1lBgLe0J,True,0.9999950295543255,0.023186829698663227,0.9768081998556623,0.1,True,correct
DBLP,0.9,46,inner,bootstrap_OOB,647,conf/vldb/GibsonKR98,True,1,9FBwT6XFOssJ,9FBwT6XFOssJ,True,0.9999951998866529,2.8322318856310507e-06,0.9999923676547672,0.1,True,correct
DBLP,0.9,46,inner,bootstrap_OOB,648,conf/vldb/DonjerkovicR99,True,3,4U31XD8P478J,Eq1w4LPv_igJ,True,0.9999942197125751,0.9999926359802406,1.5837323344980447e-06,0.1,True,correct
DBLP,0.9,46,inner,bootstrap_OOB,649,journals/tods/Kuo96,True,2,p--jtVlva8AJ,p--jtVlva8AJ,True,0.9999953709289555,0.999967209637859,2.816129109650678e-05,0.1,True,correct
DBLP,0.9,46,inner,bootstrap_OOB,650,journals/sigmod/Ouksel02,True,1,url:http://portal.acm.org/citation.cfm%3Fid%3D565117.565131%26dl%3DGUIDE%26dl%3DACM%26idx%3DJ689%26part%3Dperiodical%26WantType%3Dperiodical%26title%3DACM%2520SIGMOD%2520Record%26CFID%3D11111111%26CFTOKEN%3D2222222,url:http://portal.acm.org/citation.cfm%3Fid%3D565117.565131%26dl%3DGUIDE%26dl%3DACM%26idx%3DJ689%26part%3Dperiodical%26WantType%3Dperiodical%26title%3DACM%2520SIGMOD%2520Record%26CFID%3D11111111%26CFTOKEN%3D2222222,True,0.9999600652748634,5.064878641598527e-06,0.9999550003962218,0.1,True,correct
DBLP,0.9,46,inner,bootstrap_OOB,651,conf/vldb/CochranePM96,True,1,NRLEnDsPlOkJ,NRLEnDsPlOkJ,True,0.9999926692002974,5.513226381076661e-05,0.9999375369364866,0.1,True,correct
DBLP,0.9,46,inner,bootstrap_OOB,652,conf/sigmod/Team02,True,1,r5oJTEjlOPgJ,r5oJTEjlOPgJ,True,0.9999577751415112,2.9954635011323968e-06,0.99995477967801,0.1,True,correct
DBLP,0.9,46,inner,bootstrap_OOB,653,journals/sigmod/CeriFP99,True,2,mr8XDkQ7adAJ,zCbDZVfxWhAJ,True,0.9999950357174533,0.997061068715887,0.00293396700156634,0.1,True,correct
DBLP,0.9,46,inner,bootstrap_OOB,654,conf/sigmod/HarinarayanRU96,True,15,4OrM17Osz64J,QHUtoLECZzgJ,True,0.9999934964772127,0.9999888091088308,4.687368381883772e-06,0.1,True,correct
DBLP,0.9,46,inner,bootstrap_OOB,655,conf/sigmod/MatiasVW98,True,1,6WjESNMzLvgJ,6WjESNMzLvgJ,True,0.9999920304370379,3.924749755649716e-06,0.9999881056872822,0.1,True,correct
DBLP,0.9,46,inner,bootstrap_OOB,656,journals/vldb/ChuaCL03,True,1,MY0lTfhxnr4J,MY0lTfhxnr4J,True,0.9999917988063715,2.947215462482457e-06,0.999988851590909,0.1,True,correct
DBLP,0.9,46,inner,bootstrap_OOB,657,conf/vldb/Mohan96,True,1,wYwNJy4GsEYJ,wYwNJy4GsEYJ,True,0.9999896896919521,3.3729191996408006e-06,0.9999863167727525,0.1,True,correct
DBLP,0.9,46,inner,bootstrap_OOB,658,conf/vldb/KeidlSSK02,True,2,dTval1yE6p8J,dTval1yE6p8J,True,0.9999951856609407,0.9997260349948264,0.00026915066611432614,0.1,True,correct
DBLP,0.9,46,inner,bootstrap_OOB,659,journals/sigmod/Winslett02c,False,0,,url:http://portal.acm.org/ft_gateway.cfm%3Fid%3D565127%26type%3Dpdf%26dl%3DGUIDE%26dl%3DACM%26CFID%3D11111111%26CFTOKEN%3D2222222,False,1.1941273498937451e-05,5.0414532803242525e-06,6.899820218613198e-06,0.1,False,unmatched_abstention
DBLP,0.9,46,inner,bootstrap_OOB,660,journals/sigmod/KarlapalemLS95,True,1,B_m0Yp4aycUJ,B_m0Yp4aycUJ,True,0.9999719795717796,3.0789145391889385e-06,0.9999689006572404,0.1,True,correct
DBLP,0.9,46,inner,bootstrap_OOB,661,conf/vldb/BerckenS96,True,2,GfvntjAdvVYJ,-iBt8AJhTSEJ,True,0.9999945233589895,0.9999937467071635,7.766518260732269e-07,0.1,True,correct
DBLP,0.9,46,inner,bootstrap_OOB,662,conf/vldb/LinR98,True,1,9qhYcGzQxC4J,9qhYcGzQxC4J,True,0.9999805724643189,2.9292428142815626e-06,0.9999776432215046,0.1,True,correct
DBLP,0.9,46,inner,bootstrap_OOB,663,journals/vldb/PoulovassilisS96,True,2,0BMQ7HirTaUJ,B87s9MFTeZ8J,True,0.9999943165187928,6.661036001489325e-05,0.9999277061587779,0.1,True,correct
DBLP,0.9,46,inner,bootstrap_OOB,664,journals/sigmod/SouzaS99,True,2,lSJVvYYknn0J,lSJVvYYknn0J,True,0.9999954389390895,0.9999514079056103,4.403103347916382e-05,0.1,True,correct
DBLP,0.9,46,inner,bootstrap_OOB,665,journals/sigmod/BoucelmaCGJLL02,True,1,I9JXY0-R4GgJ,I9JXY0-R4GgJ,True,0.9999950414095328,3.223985915858213e-06,0.9999918174236169,0.1,True,correct
DBLP,0.9,46,inner,bootstrap_OOB,666,conf/vldb/RothOH99,True,2,c-Kalb26vykJ,c-Kalb26vykJ,True,0.9999956972163748,0.9999289342586417,6.676295773311303e-05,0.1,True,correct
DBLP,0.9,46,inner,bootstrap_OOB,667,journals/sigmod/YuenCLL00,True,1,Ip82P4QfKyEJ,Ip82P4QfKyEJ,True,0.9999953623257334,5.9223528746405375e-06,0.9999894399728587,0.1,True,correct
DBLP,0.9,46,inner,bootstrap_OOB,668,conf/vldb/IpeirotisG02,True,2,3CSFFlEVviMJ,3CSFFlEVviMJ,True,0.9999954632370701,0.9999952013833348,2.618537353615835e-07,0.1,True,correct
DBLP,0.9,46,inner,bootstrap_OOB,669,conf/vldb/FlorescuKLP97,True,1,-Zb4WBd1aNUJ,-Zb4WBd1aNUJ,True,0.9999954496225852,4.104927362555709e-06,0.9999913446952227,0.1,True,correct
DBLP,0.9,46,inner,bootstrap_OOB,670,conf/vldb/ChenRS95,True,1,4TMZhO1wdwsJ,4TMZhO1wdwsJ,True,0.999993558603738,2.9063004306225295e-06,0.9999906523033073,0.1,True,correct
DBLP,0.9,46,inner,bootstrap_OOB,671,conf/sigmod/GehrkeKS01,True,3,f6JFkfhawW8J,f6JFkfhawW8J,True,0.9999951847793324,0.9999948947886764,2.899906559328258e-07,0.1,True,correct
DBLP,0.9,46,inner,bootstrap_OOB,672,conf/sigmod/ZhugeGHW95,True,10,_XLK2p-e2pYJ,_XLK2p-e2pYJ,True,0.999994762231622,0.999993132321757,1.6299098649641408e-06,0.1,True,correct
DBLP,0.9,46,inner,bootstrap_OOB,673,conf/vldb/ZimbraoS98,True,3,1KckBFVfgyMJ,1KckBFVfgyMJ,True,0.9999956570709869,0.9999240020972887,7.165497369820972e-05,0.1,True,correct
DBLP,0.9,46,inner,bootstrap_OOB,674,journals/sigmod/Bernstein01,False,0,,url:http://portal.acm.org/citation.cfm%3Fid%3D376284,False,0.0001193751458234922,4.4656793024065626e-05,7.471835279942657e-05,0.1,False,unmatched_abstention
DBLP,0.9,46,inner,bootstrap_OOB,675,journals/tods/CaldersNW02,True,1,DSl0gT8EgR0J,DSl0gT8EgR0J,True,0.9999952757831445,2.725573363886391e-06,0.9999925502097806,0.1,True,correct
DBLP,0.9,46,inner,bootstrap_OOB,676,conf/vldb/BrownG01,True,1,aJoPVuDNDSsJ,aJoPVuDNDSsJ,True,0.9999957609744743,6.8718646383014e-06,0.999988889109836,0.1,True,correct
DBLP,0.9,46,inner,bootstrap_OOB,677,conf/vldb/ManegoldBK02,True,1,KB9ZbekVNzoJ,KB9ZbekVNzoJ,True,0.9999954014388437,5.855376869235344e-06,0.9999895460619744,0.1,True,correct
DBLP,0.9,46,inner,bootstrap_OOB,678,conf/vldb/MurthyB03,True,1,kHi1YOTBmlkJ,kHi1YOTBmlkJ,True,0.9999939302553876,1.5962401863532645e-05,0.9999779678535241,0.1,True,correct
DBLP,0.9,46,inner,bootstrap_OOB,679,conf/sigmod/Galindo-Legaria94,True,1,iEs59H5EFHwJ,iEs59H5EFHwJ,True,0.999989325817307,4.74134560943253e-06,0.9999845844716976,0.1,True,correct
DBLP,0.9,46,inner,bootstrap_OOB,680,conf/vldb/BliujuteJSS98,True,5,gybR2qK1ib8J,oBpe7jg0YHYJ,True,0.9999950833416994,0.9999871900187306,7.89332296879941e-06,0.1,True,correct
DBLP,0.9,46,inner,bootstrap_OOB,681,journals/sigmod/EisenbergM00,True,3,4mD1eFCHKKwJ,4mD1eFCHKKwJ,True,0.9999948932255897,0.9999061003972537,8.879282833595958e-05,0.1,True,correct
DBLP,0.9,46,inner,bootstrap_OOB,682,conf/sigmod/Bussler01,True,1,UYIeOe280OwJ,UYIeOe280OwJ,True,0.4702748450863947,0.25361209679345575,0.21666274829293897,0.1,True,correct
DBLP,0.9,46,inner,bootstrap_OOB,683,conf/sigmod/Cohen98,True,2,_ICk4vgjlgsJ,_ICk4vgjlgsJ,True,0.9999954155035481,0.999995179706951,2.3579659713668377e-07,0.1,True,correct
DBLP,0.9,46,inner,bootstrap_OOB,684,conf/sigmod/DasGR03,True,1,JaJKfzmaEBYJ,JaJKfzmaEBYJ,True,0.9999905732340951,3.0812615151206364e-06,0.99998749197258,0.1,True,correct
DBLP,0.9,46,inner,bootstrap_OOB,685,conf/vldb/NaumannLF99,True,3,gvua8jbnHPkJ,MEQuU1E4vdoJ,True,0.9999948675979528,0.9999870083677992,7.859230153561825e-06,0.1,True,correct
DBLP,0.9,46,inner,bootstrap_OOB,686,conf/vldb/CarinoOBS99,True,1,47kAOej6WIQJ,47kAOej6WIQJ,True,0.9999938149547819,2.7875246935266856e-06,0.9999910274300884,0.1,True,correct
DBLP,0.9,46,inner,bootstrap_OOB,687,journals/vldb/DeWittNSV96,True,1,WTuHfc-D3TwJ,WTuHfc-D3TwJ,True,0.9999924327602052,2.861529074083466e-06,0.9999895712311311,0.1,True,correct
DBLP,0.9,46,inner,bootstrap_OOB,688,journals/tods/Ross96,True,1,url:http://portal.acm.org/ft_gateway.cfm%3Fid%3D232628%26type%3Dpdf%26dl%3DGUIDE%26dl%3DACM%26CFID%3D11111111%26CFTOKEN%3D2222222,url:http://portal.acm.org/ft_gateway.cfm%3Fid%3D232628%26type%3Dpdf%26dl%3DGUIDE%26dl%3DACM%26CFID%3D11111111%26CFTOKEN%3D2222222,True,0.9999951606840374,2.9027188880298427e-06,0.9999922579651493,0.1,True,correct
DBLP,0.9,46,inner,bootstrap_OOB,689,conf/vldb/TaoP02,True,1,7ZyV9ivZySQJ,7ZyV9ivZySQJ,True,0.9999876113625629,2.8374929492469204e-06,0.9999847738696136,0.1,True,correct
DBLP,0.9,46,inner,bootstrap_OOB,690,journals/tods/MokNE96,True,1,xUeP4X8k5SoJ,xUeP4X8k5SoJ,True,0.9999523095754164,0.12326179050965791,0.8766905190657585,0.1,True,correct
DBLP,0.9,46,inner,bootstrap_OOB,691,conf/sigmod/DasuJMS02,True,3,POt1WbTBB4cJ,zTF5z0v_nh0J,True,0.9999884982752328,0.9999884067183692,9.155686364614724e-08,0.1,True,correct
DBLP,0.9,46,inner,bootstrap_OOB,692,conf/vldb/Kiessling02,True,2,6Rn6hsdao-wJ,uS43GVHJ3jQJ,True,0.9999941516994773,0.9999460993857092,4.8052313768032207e-05,0.1,True,correct
DBLP,0.9,46,inner,bootstrap_OOB,693,journals/sigmod/Snodgrass99,False,0,,NHxHsUH9L5MJ,False,0.0337816764082677,0.020881963671067462,0.012899712737200239,0.1,False,unmatched_abstention
DBLP,0.9,46,inner,bootstrap_OOB,694,journals/tods/LakshmananSS01,True,1,FqrVkPwzd3kJ,FqrVkPwzd3kJ,True,0.9999950110142379,1.742426769668717e-05,0.9999775867465412,0.1,True,correct
DBLP,0.9,46,inner,bootstrap_OOB,695,conf/vldb/LiM01,True,3,9vDm1Q41J8oJ,vkMYwC5tzUgJ,True,0.9999951325705192,0.9999934507558689,1.6818146503227993e-06,0.1,True,correct
DBLP,0.9,46,inner,bootstrap_OOB,696,journals/sigmod/Date03,True,1,y4ZZN4xhKnUJ,y4ZZN4xhKnUJ,True,0.9999951511028292,2.8776478705848237e-06,0.9999922734549587,0.1,True,correct
DBLP,0.9,46,inner,bootstrap_OOB,697,journals/vldb/SinghalS97,True,1,3fO2448hZgwJ,3fO2448hZgwJ,True,0.9999957261871494,3.0086618244175183e-06,0.9999927175253249,0.1,True,correct
DBLP,0.9,46,inner,bootstrap_OOB,698,journals/tods/CliffordDIJS97,True,7,1XXrXRdYiFQJ,1XXrXRdYiFQJ,True,0.9999942837192715,0.9999793974345028,1.4886284768644842e-05,0.1,True,correct
DBLP,0.9,46,inner,bootstrap_OOB,699,conf/sigmod/Chaudhuri97,True,2,9GsZHpVf2_cJ,9GsZHpVf2_cJ,True,0.9999901835174316,0.9999845273150426,5.656202389014986e-06,0.1,True,correct
DBLP,0.9,46,inner,bootstrap_OOB,700,conf/vldb/Cabrera03,True,1,url:http://wwwdb.informatik.uni-rostock.de/vldb2003/papers/S31P01.pdf,url:http://wwwdb.informatik.uni-rostock.de/vldb2003/papers/S31P01.pdf,True,0.9999038265360147,1.3724597363337284e-05,0.9998901019386514,0.1,True,correct
DBLP,0.9,46,inner,bootstrap_OOB,701,conf/vldb/WangSG03,True,1,T1TgIax4zVcJ,T1TgIax4zVcJ,True,0.9999938020827146,3.2540474296517136e-06,0.999990548035285,0.1,True,correct
DBLP,0.9,46,inner,bootstrap_OOB,702,journals/tods/GravanoGT99,True,3,a1TYKJbJRREJ,aXLcAfb2y5kJ,True,0.9999941354748366,0.9999857082550369,8.427219799767016e-06,0.1,True,correct
DBLP,0.9,46,inner,bootstrap_OOB,703,journals/vldb/KnorrNT00,True,1,SggrbO99AJgJ,SggrbO99AJgJ,True,0.9999952729394175,4.286303039194039e-06,0.9999909866363783,0.1,True,correct
DBLP,0.9,46,inner,bootstrap_OOB,704,conf/vldb/Deshpande00,True,1,2DiLFd0rgPgJ,2DiLFd0rgPgJ,True,0.9999955387620569,2.9545294683152237e-06,0.9999925842325886,0.1,True,correct
DBLP,0.9,46,inner,bootstrap_OOB,705,journals/tods/DekhtyarRS01,True,6,5HstPUbtZ1QJ,jZShiF9wrikJ,True,0.999991773512781,0.9999894519948725,2.3215179084656867e-06,0.1,True,correct
DBLP,0.9,46,inner,bootstrap_OOB,706,conf/vldb/Huyn97,True,2,9OYLimeDdj0J,9OYLimeDdj0J,True,0.9999956692058141,0.9999726512942526,2.30179115614515e-05,0.1,True,correct
DBLP,0.9,46,inner,bootstrap_OOB,707,conf/sigmod/BilirisP94,True,1,KYhmilHkq_IJ,KYhmilHkq_IJ,True,0.9999943830543939,3.5537979768117985e-06,0.9999908292564171,0.1,True,correct
DBLP,0.9,46,inner,bootstrap_OOB,708,conf/vldb/AmirKN01,True,1,dEwdHTZZYWYJ,dEwdHTZZYWYJ,True,0.9999951309966539,2.81415249296673e-06,0.999992316844161,0.1,True,correct
DBLP,0.9,46,inner,bootstrap_OOB,709,conf/vldb/ChakrabartiM00,True,2,7P1LlDStRGYJ,7P1LlDStRGYJ,True,0.9999955701602364,0.9999621671459908,3.340301424559211e-05,0.1,True,correct
DBLP,0.9,46,inner,bootstrap_OOB,710,conf/sigmod/GravanoGT94,True,10,81oh7EDAYeoJ,H6fWl-cSuY4J,True,0.9999953576750295,0.9999951467726024,2.109024270779969e-07,0.1,True,correct
DBLP,0.9,46,inner,bootstrap_OOB,711,journals/sigmod/ShethMKA01,True,1,url:http://portal.acm.org/ft_gateway.cfm%3Fid%3D604286%26type%3Dpdf%26dl%3DGUIDE%26dl%3DACM%26CFID%3D11111111%26CFTOKEN%3D2222222,url:http://portal.acm.org/ft_gateway.cfm%3Fid%3D604286%26type%3Dpdf%26dl%3DGUIDE%26dl%3DACM%26CFID%3D11111111%26CFTOKEN%3D2222222,True,0.9999952258587997,2.9546111813110007e-06,0.9999922712476185,0.1,True,correct
DBLP,0.9,46,inner,bootstrap_OOB,712,journals/sigmod/Bertram94,True,1,qaSgL5tVq1AJ,qaSgL5tVq1AJ,True,0.9999940157746674,2.9668286829870612e-06,0.9999910489459845,0.1,True,correct
DBLP,0.9,46,inner,bootstrap_OOB,713,journals/vldb/OzsuPSILM95,True,5,2Y6WYH71fO0J,gld2wLKYWpsJ,True,0.9999925555968529,0.9999924056494035,1.4994744934604398e-07,0.1,True,correct
DBLP,0.9,46,inner,bootstrap_OOB,714,conf/vldb/Gibbons01,True,1,tYtl6ZxQ-_YJ,tYtl6ZxQ-_YJ,True,0.9999957649101705,0.9999922224858718,3.5424242986747956e-06,0.1,True,correct
DBLP,0.9,46,inner,bootstrap_OOB,715,journals/sigmod/RossAA02,False,0,,tOa0zXK5Ba4J,False,0.9997252384799957,0.9996506103763814,7.462810361436034e-05,0.1,True,false_link
DBLP,0.9,46,inner,bootstrap_OOB,716,conf/sigmod/2000,False,0,,GbKwENZEG40J,False,3.388827576450523e-06,3.043961397961724e-06,3.448661784887992e-07,0.1,False,unmatched_abstention
DBLP,0.9,46,inner,bootstrap_OOB,717,journals/sigmod/Suciu97,False,0,,1sGr4qMsCeMJ,False,0.9983765144177661,0.0002973914263019054,0.9980791229914642,0.1,True,false_link
DBLP,0.9,46,inner,bootstrap_OOB,718,conf/sigmod/RajagopalanML98,True,7,6bxNVhIp7FAJ,iUtn70TmoZIJ,True,0.9999954654560601,0.99999545133205,1.4124010072613657e-08,0.1,True,correct
DBLP,0.9,46,inner,bootstrap_OOB,719,journals/sigmod/LeeCL95,True,1,G1E5PwzwdSMJ,G1E5PwzwdSMJ,True,0.9999938406951344,3.308413163692828e-06,0.9999905322819708,0.1,True,correct
DBLP,0.9,46,inner,bootstrap_OOB,720,journals/sigmod/VelACM01,True,1,LseDURw3BXMJ,LseDURw3BXMJ,True,0.9999861032108538,2.905873626937298e-06,0.9999831973372268,0.1,True,correct
DBLP,0.9,46,inner,bootstrap_OOB,721,conf/vldb/AilamakiDHS01,True,4,265Cu1i6gvQJ,gUJrOpj89tQJ,True,0.9999937971038579,0.9999804559136244,1.3341190233551181e-05,0.1,True,correct
DBLP,0.9,46,inner,bootstrap_OOB,722,conf/vldb/Jamil97,True,1,tLpAE7ZSkLsJ,tLpAE7ZSkLsJ,True,0.9999956492360736,3.0016775207647752e-06,0.9999926475585529,0.1,True,correct
DBLP,0.9,46,inner,bootstrap_OOB,723,conf/vldb/JagadishKNS99,True,2,GtXc02EJjCgJ,W8O7pgTYGTYJ,True,0.999992368739219,0.9979777167507434,0.002014651988475613,0.1,True,correct
DBLP,0.9,46,inner,bootstrap_OOB,724,conf/sigmod/Bierman03,True,1,vQcfluHWCeAJ,vQcfluHWCeAJ,True,0.9999899300450207,2.8044593184812655e-06,0.9999871255857022,0.1,True,correct
DBLP,0.9,46,inner,bootstrap_OOB,725,conf/vldb/TengCY03,True,1,wJjaZnzD6pAJ,wJjaZnzD6pAJ,True,0.999995304328013,0.9999814460932447,1.385823476829362e-05,0.1,True,correct
DBLP,0.9,46,inner,bootstrap_OOB,726,journals/vldb/RamamurthyDS03,True,3,DAlyofX710AJ,uem5wXLoU0wJ,True,0.9999943698829032,0.999988146262121,6.223620782286332e-06,0.1,True,correct
DBLP,0.9,46,inner,bootstrap_OOB,727,conf/sigmod/ShintaniK98,True,3,9dllFM2Tr5oJ,Zd4RU49YmRgJ,True,0.9999953615693712,0.9999952208661531,1.4070321807668762e-07,0.1,True,correct
DBLP,0.9,46,inner,bootstrap_OOB,728,conf/sigmod/AdelbergGK95,True,1,NbLabaGWoh4J,NbLabaGWoh4J,True,0.99999549192205,2.760190519177272e-06,0.9999927317315308,0.1,True,correct
DBLP,0.9,46,inner,bootstrap_OOB,729,conf/sigmod/RamanH02,True,3,4692SthNStUJ,Oh2u3cZ3zJ0J,True,0.9999931497931659,0.999991808866086,1.3409270799291662e-06,0.1,True,correct
DBLP,0.9,46,inner,bootstrap_OOB,730,conf/vldb/VorugantiOU99,True,3,ItOlYY7ITt0J,ItOlYY7ITt0J,True,0.9999956485057543,0.9999939308284246,1.7176773297045145e-06,0.1,True,correct
DBLP,0.9,46,inner,bootstrap_OOB,731,journals/sigmod/Jhingran00,True,1,lrGge6mTVckJ,lrGge6mTVckJ,True,0.9999953375362062,2.9013074286921012e-06,0.9999924362287775,0.1,True,correct
DBLP,0.9,46,inner,bootstrap_OOB,732,conf/sigmod/LiS98,True,1,Vxg-4KP7FfEJ,Vxg-4KP7FfEJ,True,0.9999508398338108,3.0144489719251618e-06,0.999947825384839,0.1,True,correct
DBLP,0.9,46,inner,bootstrap_OOB,733,conf/vldb/KochBG03,True,2,mZNcc1O3Nl8J,xCbXlJHLR48J,True,0.9999936108698008,0.9999893188114544,4.292058346400118e-06,0.1,True,correct
DBLP,0.9,46,inner,bootstrap_OOB,734,journals/tods/BaralisW00,True,1,4RrNbX-RjpsJ,4RrNbX-RjpsJ,True,0.9999956580483232,0.09288594452151383,0.9071097135268094,0.1,True,correct
DBLP,0.9,46,inner,bootstrap_OOB,735,journals/sigmod/Mani03,True,1,FgLCpqaf8C8J,FgLCpqaf8C8J,True,0.9999937144508084,2.8857660539172236e-06,0.9999908286847545,0.1,True,correct
DBLP,0.9,46,inner,bootstrap_OOB,736,conf/sigmod/Suciu99,True,1,FOpGGQJyLLsJ,FOpGGQJyLLsJ,True,0.00854047388898348,6.536470475899111e-05,0.00847510918422449,0.1,False,missing_match
DBLP,0.9,46,inner,bootstrap_OOB,737,conf/vldb/GrumbachRS00,True,1,iQ3Zi3crc9wJ,iQ3Zi3crc9wJ,True,0.9999954046961232,2.9647469900203425e-06,0.9999924399491332,0.1,True,correct
DBLP,0.9,46,inner,bootstrap_OOB,738,conf/vldb/AgrawalCN00,True,10,_tle794_iKcJ,U8CMJBaJyX8J,True,0.9999954144060205,0.999990344725159,5.06968086144699e-06,0.1,True,correct
DBLP,0.9,46,inner,bootstrap_OOB,739,conf/sigmod/WhiteD95,True,1,6SBwemr2zscJ,6SBwemr2zscJ,True,0.9999956291867562,1.173083291003172e-05,0.9999838983538462,0.1,True,correct
DBLP,0.9,46,inner,bootstrap_OOB,740,journals/vldb/EvangelidisS97,True,1,5dnYlEMQTb0J,5dnYlEMQTb0J,True,0.9999956146778369,0.051127480818389345,0.9488681338594476,0.1,True,correct
DBLP,0.9,46,inner,bootstrap_OOB,741,conf/sigmod/GarofalakisRRS99,True,1,z7J4u1sJ52cJ,z7J4u1sJ52cJ,True,0.9999939350868815,2.7339246938326964e-06,0.9999912011621876,0.1,True,correct
DBLP,0.9,46,inner,bootstrap_OOB,742,conf/vldb/NetzCBF00,True,1,mRIRFxOC8A8J,mRIRFxOC8A8J,True,0.9999951316606179,0.9997619864946448,0.0002331451659731698,0.1,True,correct
DBLP,0.9,46,inner,bootstrap_OOB,743,journals/vldb/C94a,False,0,,url:http://www.springerlink.com/index/W80L2810707344M1.pdf,False,0.1952601238484275,0.009362141534930741,0.18589798231349677,0.1,True,false_link
DBLP,0.9,46,inner,bootstrap_OOB,744,journals/vldb/IvesHW02,True,1,Bbm74R5b5yoJ,Bbm74R5b5yoJ,True,0.9999952131482736,3.835014513201628e-06,0.9999913781337604,0.1,True,correct
DBLP,0.9,46,inner,bootstrap_OOB,745,journals/sigmod/Wiegand03,False,0,,ull5ogAD3bYJ,False,3.0115008759251885e-06,2.990012193262662e-06,2.1488682662526248e-08,0.1,False,unmatched_abstention
DBLP,0.9,46,inner,bootstrap_OOB,746,conf/vldb/JagadishMN99,True,3,9rDll5YAQnoJ,RPWDtUmq6_QJ,True,0.9999950917978256,0.9999940878949485,1.0039028771613445e-06,0.1,True,correct
DBLP,0.9,46,inner,bootstrap_OOB,747,conf/sigmod/Ross00,True,1,9sm_ptv5pmYJ,9sm_ptv5pmYJ,True,0.9999395005775742,3.0217886172205103e-06,0.999936478788957,0.1,True,correct
DBLP,0.9,46,inner,bootstrap_OOB,748,journals/sigmod/DomenigD99,True,2,bi68bm0miqkJ,S6TMGRGUq1IJ,True,0.99999525218398,0.9999805237323958,1.472845158423386e-05,0.1,True,correct
DBLP,0.9,46,inner,bootstrap_OOB,749,conf/vldb/DeckerK03,True,1,es2kSNccUGMJ,es2kSNccUGMJ,True,0.9999849235949637,0.00013249160707109485,0.9998524319878926,0.1,True,correct
DBLP,0.9,46,inner,bootstrap_OOB,750,journals/sigmod/Kuijpers02,True,1,url:http://portal.acm.org/citation.cfm%3Fid%3D601858.601866%26dl%3DGUIDE%26dl%3DACM%26idx%3DJ689%26part%3Dperiodical%26WantType%3Dperiodical%26title%3DACM%2520SIGMOD%2520Record%26CFID%3D11111111%26CFTOKEN%3D2222222,06Ut4zQ7xWQJ,False,0.9999273819773279,0.9999228757386469,4.506238680979102e-06,0.1,True,false_link
DBLP,0.9,46,inner,bootstrap_OOB,751,conf/sigmod/ZhaoDN97,True,3,b-Va1c3t13gJ,YwLoGdTgG-sJ,True,0.999995885533074,0.9999954301179836,4.554150903057774e-07,0.1,True,correct
DBLP,0.9,46,inner,bootstrap_OOB,752,conf/sigmod/Toyama98,True,1,h4OQc4N4kjIJ,h4OQc4N4kjIJ,True,0.9999953110001465,2.9309473666627472e-06,0.9999923800527798,0.1,True,correct
DBLP,0.9,46,inner,bootstrap_OOB,753,journals/vldb/BarbaraI95,True,10,7N0H3ra1FFsJ,bMUUwjP72hwJ,True,0.9999954612810368,0.9999952231444675,2.3813656924165372e-07,0.1,True,correct
DBLP,0.9,46,inner,bootstrap_OOB,754,journals/tods/FranklinCL97,True,2,vqboZ3T4n4AJ,vqboZ3T4n4AJ,True,0.9999951113992321,0.9999769470848898,1.8164314342317134e-05,0.1,True,correct
DBLP,0.9,46,inner,bootstrap_OOB,755,conf/sigmod/HaasH99,True,3,bsfsN1NtuOMJ,bsfsN1NtuOMJ,True,0.9999943437438789,0.9999942409076931,1.0283618578910136e-07,0.1,True,correct
DBLP,0.9,46,inner,bootstrap_OOB,756,conf/vldb/Kuhn03,False,0,,MyW5sLwDtogJ,False,0.9999420590470159,4.007340867874594e-06,0.999938051706148,0.1,True,false_link
DBLP,0.9,46,inner,bootstrap_OOB,757,journals/sigmod/BurtonM98,True,2,gCsPS_1fwmYJ,LOXd8JPfhpwJ,True,0.9999955601323635,0.9999699406514457,2.561948091772681e-05,0.1,True,correct
DBLP,0.9,46,inner,bootstrap_OOB,758,conf/sigmod/HacigumusILM02,True,2,NMgExE-JRD0J,NMgExE-JRD0J,True,0.9999955153262226,0.8536595585848522,0.14633595674137034,0.1,True,correct
DBLP,0.9,46,inner,bootstrap_OOB,759,conf/sigmod/ChoiC02,True,1,D8a4umAppIcJ,D8a4umAppIcJ,True,0.9999956693297167,0.0002914667480440059,0.9997042025816727,0.1,True,correct
DBLP,0.9,46,inner,bootstrap_OOB,760,conf/vldb/LlirbatST97,True,1,v1fsWCSPn2MJ,v1fsWCSPn2MJ,True,0.9999579933066687,2.880596791989395e-06,0.9999551127098767,0.1,True,correct
DBLP,0.9,46,inner,bootstrap_OOB,761,conf/sigmod/PaparizosACJLNPSWWY03,True,1,HuPDChjYd44J,HuPDChjYd44J,True,0.999994166026821,0.9384130163394875,0.061581149687333525,0.1,True,correct
DBLP,0.9,46,inner,bootstrap_OOB,762,conf/sigmod/YerneniLGU99,True,5,2MbaeG3IVV0J,hnMltY0uSf0J,True,0.9999930185219531,0.9999847938122122,8.224709740933811e-06,0.1,True,correct
DBLP,0.9,46,inner,bootstrap_OOB,763,conf/vldb/BergerBSW03,True,3,4bBWSfhvZ5AJ,kADCX48-o5IJ,True,0.9999948796294758,0.9999941787759474,7.008535283237194e-07,0.1,True,correct
DBLP,0.9,46,inner,bootstrap_OOB,764,journals/sigmod/Huyn01,True,1,KNYDz76C_HsJ,KNYDz76C_HsJ,True,0.9999952385174122,3.131551663544856e-06,0.9999921069657487,0.1,True,correct
DBLP,0.9,46,inner,bootstrap_OOB,765,journals/sigmod/DadamK97,True,1,9Ai_9dZChG4J,9Ai_9dZChG4J,True,0.9999953447072581,3.5533370817828063e-06,0.9999917913701764,0.1,True,correct
DBLP,0.9,46,inner,bootstrap_OOB,766,conf/vldb/SellisRF97,True,2,moT0ba0vRKcJ,moT0ba0vRKcJ,True,0.9999950515755973,0.999982370865355,1.2680710242296556e-05,0.1,True,correct
DBLP,0.9,46,inner,bootstrap_OOB,767,conf/sigmod/Zeller03,False,0,,amSBALWOE6cJ,False,6.789176329695627e-06,2.9276676839296404e-06,3.861508645765986e-06,0.1,False,unmatched_abstention
DBLP,0.9,46,inner,bootstrap_OOB,768,journals/vldb/MehtaGPN98,True,3,7Zf8Y2idDb0J,7Zf8Y2idDb0J,True,0.9999955061771697,0.999992590069973,2.916107196715423e-06,0.1,True,correct
DBLP,0.9,46,inner,bootstrap_OOB,769,journals/sigmod/Fong97,True,1,rgJU30QjbhkJ,rgJU30QjbhkJ,True,0.999995073677836,0.0007108180159663532,0.9992842556618696,0.1,True,correct
DBLP,0.9,46,inner,bootstrap_OOB,770,conf/sigmod/GangulyGMS96,True,2,05ZgvGyhSC0J,05ZgvGyhSC0J,True,0.9999953375717776,0.9996634303717689,0.00033190720000875196,0.1,True,correct
DBLP,0.9,46,inner,bootstrap_OOB,771,journals/sigmod/Wedekind94,True,1,gqehj3-ukjIJ,gqehj3-ukjIJ,True,0.0020840752373864273,1.745280544715959e-05,0.0020666224319392675,0.1,False,missing_match
DBLP,0.9,46,inner,bootstrap_OOB,772,conf/vldb/RamsakMFZEB00,True,1,4fN0QEu0KeAJ,4fN0QEu0KeAJ,True,0.9999951600655732,2.7374989835671837e-06,0.9999924225665896,0.1,True,correct
DBLP,0.9,46,inner,bootstrap_OOB,773,conf/sigmod/ChungMS02,True,5,2y_G8dmz1QkJ,mEfTTKdu6soJ,True,0.9999953674621925,0.9999951209332627,2.4652892982590657e-07,0.1,True,correct
DBLP,0.9,46,inner,bootstrap_OOB,774,conf/vldb/LiHKSPAC02,False,0,,cHvDZe20014J,False,2.9374785385654492e-06,2.846279495582397e-06,9.119904298305224e-08,0.1,False,unmatched_abstention
DBLP,0.9,46,inner,bootstrap_OOB,775,conf/vldb/Schoning03,True,1,4NM5WR1WtPcJ,4NM5WR1WtPcJ,True,0.9999895789371466,3.044756907170013e-06,0.9999865341802394,0.1,True,correct
DBLP,0.9,46,inner,bootstrap_OOB,776,conf/vldb/Shaw98,True,2,2CygtSE5o1UJ,sZZVwXivu-kJ,True,0.9999953775152718,0.9999878825201994,7.494995072354627e-06,0.1,True,correct
DBLP,0.9,46,inner,bootstrap_OOB,777,conf/vldb/HulgeriS02,True,2,syoqNSarAscJ,xGcM9AuhrBMJ,True,0.9999952495888137,0.9999944817790969,7.678097168062337e-07,0.1,True,correct
DBLP,0.9,46,inner,bootstrap_OOB,778,conf/vldb/BalminPP00,True,1,FoAVdcYe0tsJ,FoAVdcYe0tsJ,True,0.9999953304431729,0.00013991930414274703,0.9998554111390302,0.1,True,correct
DBLP,0.9,46,inner,bootstrap_OOB,779,journals/sigmod/BunemanFSW01,False,0,,FLey09ZW6NgJ,False,0.0002537416398275729,1.963057263120864e-05,0.00023411106719636426,0.1,False,unmatched_abstention
DBLP,0.9,46,inner,bootstrap_OOB,780,journals/sigmod/JainH94,True,3,iQMUP3fkvo4J,iQMUP3fkvo4J,True,0.9999942725055797,0.9998593378567329,0.0001349346488468406,0.1,True,correct
DBLP,0.9,46,inner,bootstrap_OOB,781,conf/vldb/GibbonsMP97,True,1,QKnjF3UgncMJ,QKnjF3UgncMJ,True,0.9999723760413105,0.0028935927684759,0.9970787832728346,0.1,True,correct
DBLP,0.9,46,inner,bootstrap_OOB,782,journals/sigmod/Halevy03,True,1,706PCMwA_E4J,706PCMwA_E4J,True,0.9999955810210359,3.1911938684843968e-06,0.9999923898271674,0.1,True,correct
DBLP,0.9,46,inner,bootstrap_OOB,783,journals/tods/Snodgrass01a,False,0,,url:http://www.springerlink.com/index/5G6L5CVD7NA9HCJJ.pdf,False,0.09981985347911351,0.013459319768269135,0.08636053371084437,0.1,False,unmatched_abstention
DBLP,0.9,46,inner,bootstrap_OOB,784,conf/vldb/RaghavanG03,True,1,ma-ZRYj0pXIJ,ma-ZRYj0pXIJ,True,0.999992972926132,2.903638089358073e-06,0.9999900692880426,0.1,True,correct
DBLP,0.9,46,inner,bootstrap_OOB,785,journals/sigmod/SlivinskasJS02,True,2,url:http://portal.acm.org/ft_gateway.cfm%3Fid%3D565119%26type%3Dpdf%26dl%3DGUIDE%26dl%3DACM%26CFID%3D11111111%26CFTOKEN%3D2222222,xTPSs2k_pUIJ,True,0.9999948416252595,0.9999926848437455,2.156781514051076e-06,0.1,True,correct
DBLP,0.9,46,inner,bootstrap_OOB,786,conf/vldb/ZhouS03,True,1,NlDvk5J0WwEJ,NlDvk5J0WwEJ,True,0.9999957285097286,2.760627518146583e-06,0.9999929678822105,0.1,True,correct
DBLP,0.9,46,inner,bootstrap_OOB,787,conf/vldb/KiesslingK02,True,4,3VHepuiTGHUJ,OuVZjeR64pMJ,True,0.9999887153351014,0.9999260421979759,6.267313712549072e-05,0.1,True,correct
DBLP,0.9,46,inner,bootstrap_OOB,788,journals/sigmod/Wong95,True,1,7F9iCGggYVgJ,7F9iCGggYVgJ,True,0.9999950848700327,3.1877628155631296e-06,0.9999918971072171,0.1,True,correct
DBLP,0.9,46,inner,bootstrap_OOB,789,journals/vldb/MedjahedBBNE03,True,4,18FFG2HC51oJ,vtVf3hshlVIJ,True,0.9999945856146063,0.9999912784256686,3.307188937706762e-06,0.1,True,correct
DBLP,0.9,46,inner,bootstrap_OOB,790,conf/sigmod/Jagadish94,True,1,eH69_dCm18wJ,eH69_dCm18wJ,True,0.9999900224445801,4.079206181706611e-06,0.9999859432383984,0.1,True,correct
DBLP,0.9,46,inner,bootstrap_OOB,791,journals/vldb/Halevy02,True,1,url:http://www.springerlink.com/index/6UEYKJ4UQTK18H6D.pdf,url:http://www.springerlink.com/index/5G6L5CVD7NA9HCJJ.pdf,False,0.6377609205589976,0.04939642255643807,0.5883644980025595,0.1,True,false_link
DBLP,0.9,46,inner,bootstrap_OOB,792,conf/vldb/OoiGT98,True,1,LJdSx1Di81MJ,LJdSx1Di81MJ,True,0.9999956620961278,2.9404102541005487e-06,0.9999927216858737,0.1,True,correct
DBLP,0.9,46,inner,bootstrap_OOB,793,journals/sigmod/Seshadri98,True,3,_nIg_hi8PAAJ,_nIg_hi8PAAJ,True,0.999995126504395,0.9999892628343603,5.86367003474475e-06,0.1,True,correct
DBLP,0.9,46,inner,bootstrap_OOB,794,journals/sigmod/RamamrithamS97,True,1,HR-yLNuhtl4J,HR-yLNuhtl4J,True,0.9999953604854792,8.093713415352046e-06,0.9999872667720638,0.1,True,correct
DBLP,0.9,46,inner,bootstrap_OOB,795,journals/tods/RosenthalR94,True,1,zM422IjZcPgJ,zM422IjZcPgJ,True,0.9999953632013673,5.624430978826858e-05,0.999939118891579,0.1,True,correct
DBLP,0.9,46,inner,bootstrap_OOB,796,conf/sigmod/MoonWH02,True,1,rlfxeE4k2p4J,rlfxeE4k2p4J,True,0.9999958737013968,5.672440240779114e-05,0.999939149298989,0.1,True,correct
DBLP,0.9,46,inner,bootstrap_OOB,797,conf/sigmod/ForlizziGNS00,True,5,4k4fUbwNV8UJ,jW1JUC-AQXoJ,True,0.9999952537548834,0.9999951726684569,8.108642646220687e-08,0.1,True,correct
DBLP,0.9,46,inner,bootstrap_OOB,798,conf/sigmod/ShanmugasundaramNSR99,True,6,DZI4GwpYBOcJ,eQjFv7QxsQQJ,True,0.9999946576121342,0.9999920862851014,2.571327032852011e-06,0.1,True,correct
DBLP,0.9,46,inner,bootstrap_OOB,799,journals/vldb/ConstantopoulosJMV95,True,1,_da6PvkQBM4J,_da6PvkQBM4J,True,0.9999953141963633,0.9827198115778886,0.01727550261847477,0.1,True,correct
DBLP,0.9,46,inner,bootstrap_OOB,800,conf/sigmod/ArasuBBDIRW03,True,3,1DKKwROqEeYJ,1DKKwROqEeYJ,True,0.9999143827061608,0.9995292316907853,0.00038515101537550667,0.1,True,correct
DBLP,0.9,46,inner,bootstrap_OOB,801,journals/sigmod/RamamrithamSSTX96,True,1,kezAM71rts0J,kezAM71rts0J,True,0.9999948029177032,1.014606932873918e-05,0.9999846568483745,0.1,True,correct
DBLP,0.9,46,inner,bootstrap_OOB,802,journals/sigmod/GolabO03,True,3,jGb8C7wu8aYJ,lC5GjK5OpD0J,True,0.9999933072771465,0.9997987941072641,0.0001945131698823932,0.1,True,correct
DBLP,0.9,46,inner,bootstrap_OOB,803,conf/vldb/EicklerKK97,True,1,PCFJuVxYxtwJ,PCFJuVxYxtwJ,True,0.9999940910796675,2.9899751241314385e-06,0.9999911011045434,0.1,True,correct
DBLP,0.9,46,inner,bootstrap_OOB,804,conf/sigmod/GeorgeH97,True,3,Ah9B3bWU0jEJ,Ah9B3bWU0jEJ,True,0.9999953889143459,0.9999845888562927,1.0800058053206385e-05,0.1,True,correct
DBLP,0.9,46,inner,bootstrap_OOB,805,conf/vldb/ZhouLZLZJT01,True,2,fJQ7Col2vYsJ,fJQ7Col2vYsJ,True,0.9999936934416179,0.9999789654531489,1.4727988469021014e-05,0.1,True,correct
DBLP,0.9,46,inner,bootstrap_OOB,806,conf/sigmod/GetoorTK01,True,2,99N4rXNdaqMJ,99N4rXNdaqMJ,True,0.9999947365088422,0.999711679300768,0.0002830572080742,0.1,True,correct
DBLP,0.9,46,inner,bootstrap_OOB,807,conf/sigmod/BaumannDFRW98,True,1,k3WA-AE7Sh4J,k3WA-AE7Sh4J,True,0.9999899909470894,1.825720432560683e-05,0.9999717337427638,0.1,True,correct
DBLP,0.9,46,inner,bootstrap_OOB,808,journals/sigmod/PissinouSEMOPSTD94,True,3,F7AdjoH_uTcJ,fSKoYnVJbwwJ,True,0.9999950077826157,0.999989378528954,5.6292536617652544e-06,0.1,True,correct
DBLP,0.9,46,inner,bootstrap_OOB,809,journals/sigmod/Chamberlin03,False,0,,w2HFVqQoVIIJ,False,3.6953928645077193e-06,3.3750492979478937e-06,3.2034356655982566e-07,0.1,False,unmatched_abstention
DBLP,0.9,46,inner,bootstrap_OOB,810,journals/sigmod/DongS00,True,1,gH_HDDJghbAJ,gH_HDDJghbAJ,True,0.9999932803842796,3.2036624213720553e-06,0.9999900767218582,0.1,True,correct
DBLP,0.9,46,inner,bootstrap_OOB,811,journals/vldb/AslanM99,True,1,vZcZ-UX6h7UJ,vZcZ-UX6h7UJ,True,0.9999948100053284,2.8085704119678783e-06,0.9999920014349164,0.1,True,correct
DBLP,0.9,46,inner,bootstrap_OOB,812,journals/sigmod/Hellerstein03,True,2,5FSG85HbUygJ,pHHvswIOFfAJ,True,0.9999921049269572,0.9882672319536789,0.011724872973278289,0.1,True,correct
DBLP,0.9,46,inner,bootstrap_OOB,813,journals/sigmod/Widom96b,False,0,,ntqMqfgRXM4J,False,2.09021899599998e-05,1.2646273817842094e-05,8.255916142157708e-06,0.1,False,unmatched_abstention
DBLP,0.9,46,inner,bootstrap_OOB,814,conf/sigmod/HillyerS96,True,2,V-pwJ8K5ZTEJ,V-pwJ8K5ZTEJ,True,0.9999952471644721,0.9999933535437749,1.8936206971353897e-06,0.1,True,correct
DBLP,0.9,46,inner,bootstrap_OOB,815,journals/sigmod/SpynsMJ02,True,3,GVrDsGpbJGsJ,jD6nDNmhP3AJ,True,0.9999942422586324,0.9999718962638016,2.2345994830863525e-05,0.1,True,correct
DBLP,0.9,46,inner,bootstrap_OOB,816,conf/sigmod/WitkowskiBBDFGSS03,True,1,ygCe1xRFuKgJ,ygCe1xRFuKgJ,True,0.9999944989136366,3.1017194579730867e-06,0.9999913971941786,0.1,True,correct
DBLP,0.9,46,inner,bootstrap_OOB,817,journals/sigmod/HummerLW02,True,2,url:http://portal.acm.org/ft_gateway.cfm%3Fid%3D507345%26type%3Dpdf%26dl%3DGUIDE%26dl%3DACM%26CFID%3D11111111%26CFTOKEN%3D2222222,url:http://portal.acm.org/ft_gateway.cfm%3Fid%3D507345%26type%3Dpdf%26dl%3DGUIDE%26dl%3DACM%26CFID%3D11111111%26CFTOKEN%3D2222222,True,0.9999951479017946,0.9999942623807708,8.855210237301847e-07,0.1,True,correct
DBLP,0.9,46,inner,bootstrap_OOB,818,conf/vldb/JensenL01,True,1,yUDkYbmDTXIJ,yUDkYbmDTXIJ,True,0.999994957214761,4.722140348980244e-06,0.999990235074412,0.1,True,correct
DBLP,0.9,46,inner,bootstrap_OOB,819,conf/sigmod/ChaudhuriD97,True,5,4zZ7Lxt4PPIJ,D7w6TQwatE0J,True,0.9999938211274108,0.9999907203901119,3.100737298811218e-06,0.1,True,correct
DBLP,0.9,46,inner,bootstrap_OOB,820,journals/tods/ChenHM95,True,1,pO6SFdVGt5QJ,pO6SFdVGt5QJ,True,0.9999955743406224,2.8060243569991462e-06,0.9999927683162654,0.1,True,correct
DBLP,0.9,46,inner,bootstrap_OOB,821,conf/vldb/PapadimitriouBF03,True,1,pAvCmcv_-lMJ,pAvCmcv_-lMJ,True,0.9999911975481937,0.011619618260799668,0.9883715792873939,0.1,True,correct
DBLP,0.9,46,inner,bootstrap_OOB,822,conf/vldb/GottlobKP02,True,6,e5Gm5upjQnkJ,vEFwZXLJ49EJ,True,0.9999924079232023,0.9999923453493661,6.257383622365609e-08,0.1,True,correct
DBLP,0.9,46,inner,bootstrap_OOB,823,conf/sigmod/GebhardtJJ97,True,3,9mbr0dyW1NgJ,9mbr0dyW1NgJ,True,0.9999958415685914,0.9999950262635637,8.153050277126539e-07,0.1,True,correct
DBLP,0.9,46,inner,bootstrap_OOB,824,conf/vldb/McHughW99,True,2,bXRF6rASxhgJ,bXRF6rASxhgJ,True,0.9999921583612398,0.9988577544944919,0.0011344038667479017,0.1,True,correct
DBLP,0.9,46,inner,bootstrap_OOB,825,conf/sigmod/LiVCAHMWBCHIKSS99,True,3,L854PhEQPTsJ,P25_yh3lBhoJ,True,0.9999949374296775,0.9999944658316015,4.715980760350291e-07,0.1,True,correct
DBLP,0.9,46,inner,bootstrap_OOB,826,journals/vldb/TurkerG01,True,1,Jab63JLU3N0J,Jab63JLU3N0J,True,0.999995366534338,2.8969003496514014e-06,0.9999924696339884,0.1,True,correct
DBLP,0.9,46,inner,bootstrap_OOB,827,conf/vldb/FrohnLU94,True,2,iarLqyQmZ7IJ,xpreqF8k7N4J,True,0.999995437412073,0.9999937151760805,1.7222359924851105e-06,0.1,True,correct
DBLP,0.9,46,inner,bootstrap_OOB,828,conf/sigmod/BohannonMR01,True,1,ChD3-mp23f8J,ChD3-mp23f8J,True,0.9999955686517954,1.3150777392837511e-05,0.9999824178744026,0.1,True,correct
DBLP,0.9,46,inner,bootstrap_OOB,829,journals/tods/AikenHW95,True,3,cHpmOFVpTi8J,XLld3hq3vt0J,True,0.9999952223973002,0.9999916113332205,3.6110640797559768e-06,0.1,True,correct
DBLP,0.9,46,inner,bootstrap_OOB,830,journals/sigmod/Widom95,False,0,,C84rFQN_ug0J,False,0.00045290176536257623,0.00010103383756456311,0.0003518679277980131,0.1,False,unmatched_abstention
DBLP,0.9,46,inner,bootstrap_OOB,831,journals/sigmod/KoksalAD98,True,2,c2UQ3AM5_f8J,enYoi4XT7n0J,True,0.999986996282297,9.32479546072857e-05,0.9998937483276897,0.1,True,correct
DBLP,0.9,46,inner,bootstrap_OOB,832,journals/sigmod/BrunieK96,True,1,spI2g7jFHuYJ,spI2g7jFHuYJ,True,0.9999957749550488,3.3880003297574264e-06,0.999992386954719,0.1,True,correct
DBLP,0.9,46,inner,bootstrap_OOB,833,journals/sigmod/TheodoridisN00,True,2,DXTczW8Dv4MJ,NegSmYlF-awJ,True,0.9999943847682786,0.9851428638813706,0.014851520886907998,0.1,True,correct
DBLP,0.9,46,inner,bootstrap_OOB,834,journals/sigmod/Qian95,False,0,,C3Pe9-UUlTQJ,False,3.2880622688236254e-06,3.088581210662348e-06,1.9948105816127725e-07,0.1,False,unmatched_abstention
DBLP,0.9,46,inner,bootstrap_OOB,835,conf/vldb/HinneburgAK00,True,2,1ambq2RMGMoJ,1ambq2RMGMoJ,True,0.9999935111969626,0.9999768069272849,1.670426967770311e-05,0.1,True,correct
DBLP,0.9,46,inner,bootstrap_OOB,836,journals/sigmod/Colliat96,True,3,3FAQV305QD0J,FP-ribG9oVsJ,True,0.9999937171297025,0.9999873377241433,6.379405559253648e-06,0.1,True,correct
DBLP,0.9,46,inner,bootstrap_OOB,837,journals/vldb/RahmB01,True,6,707RPzHAB8YJ,OmmFvfvPT6MJ,True,0.9999957228436797,0.9999953520711844,3.707724952617397e-07,0.1,True,correct
DBLP,0.9,46,inner,bootstrap_OOB,838,conf/sigmod/MoleskyR95,True,2,mSR0bA8pIOwJ,u03oQbB0y-oJ,True,0.9999949043564014,0.9998692795710341,0.00012562478536726207,0.1,True,correct
