dataset,fraction,seed,record_index,ida,has_true_match,n_valid_matches,retained_idb,top1_idb,top1_is_any_valid,top1_score,top2_score,score_gap,threshold,declared,category,legacy_sigmoid_threshold,direct_threshold,direct_threshold_sigmoid_equivalent,direct_declared,direct_category
DBLP,0.7,43,0,journals/sigmod/AtzeniM98,True,2,HtxGbMkTXdsJ,iPSta_aqkJYJ,False,0.7821264472461075,0.7260319785928266,0.0560944686532808,0.6000000000000002,True,false_link,0.6000000000000002,0.25000000000000006,0.5621765008857981,True,false_link
DBLP,0.7,43,1,conf/vldb/ShiSZ03,True,1,-OjqoDQTIxMJ,-OjqoDQTIxMJ,True,0.9999918538696746,4.314988107582769e-06,0.999987538881567,0.6000000000000002,True,correct,0.6000000000000002,0.25000000000000006,0.5621765008857981,True,correct
DBLP,0.7,43,2,conf/vldb/MalonM97,True,1,ogRpbFNQTSkJ,ogRpbFNQTSkJ,True,0.9999909215687092,6.942458371327172e-06,0.999983979110338,0.6000000000000002,True,correct,0.6000000000000002,0.25000000000000006,0.5621765008857981,True,correct
DBLP,0.7,43,3,conf/vldb/ChaudhuriS96,True,5,31oH64SXpRcJ,31oH64SXpRcJ,True,0.9999914712160934,0.999989527889206,1.943326887299257e-06,0.6000000000000002,True,correct,0.6000000000000002,0.25000000000000006,0.5621765008857981,True,correct
DBLP,0.7,43,4,conf/sigmod/SeidlK98,True,2,B8MoLkcvms4J,B8MoLkcvms4J,True,0.9999901440727188,0.999988924665892,1.219406826735714e-06,0.6000000000000002,True,correct,0.6000000000000002,0.25000000000000006,0.5621765008857981,True,correct
DBLP,0.7,43,5,conf/sigmod/BargaL99,True,2,hf84fEpX5agJ,QGxyK7bJQOMJ,True,0.9999890333731488,0.9999752888327792,1.3744540369842184e-05,0.6000000000000002,True,correct,0.6000000000000002,0.25000000000000006,0.5621765008857981,True,correct
DBLP,0.7,43,6,conf/sigmod/ChooOLCGBPS96,True,6,5awQcPWFBrcJ,WrrEnOJswS4J,True,0.999989997531167,0.9999857892562968,4.208274870243223e-06,0.6000000000000002,True,correct,0.6000000000000002,0.25000000000000006,0.5621765008857981,True,correct
DBLP,0.7,43,7,conf/sigmod/Galindo-Legaria94,True,1,iEs59H5EFHwJ,iEs59H5EFHwJ,True,0.9954596678119356,5.3660753304857965e-06,0.995454301736605,0.6000000000000002,True,correct,0.6000000000000002,0.25000000000000006,0.5621765008857981,True,correct
DBLP,0.7,43,8,conf/vldb/AgrawalSX02,True,1,a1CLM5GoVtYJ,a1CLM5GoVtYJ,True,0.9999909723684748,7.898687835635953e-05,0.9999119854901184,0.6000000000000002,True,correct,0.6000000000000002,0.25000000000000006,0.5621765008857981,True,correct
DBLP,0.7,43,9,journals/sigmod/NorrieBSW94,True,2,ctEdyJRdTbkJ,q6YVJJgD1uQJ,True,0.9999914120103144,0.0011817124083016,0.9988096996020128,0.6000000000000002,True,correct,0.6000000000000002,0.25000000000000006,0.5621765008857981,True,correct
DBLP,0.7,43,10,journals/vldb/PapazogluK97,True,2,3k9vWWMJiWYJ,kFQl7LX8OQkJ,True,0.999987172953288,0.9999714154329122,1.5757520375858647e-05,0.6000000000000002,True,correct,0.6000000000000002,0.25000000000000006,0.5621765008857981,True,correct
DBLP,0.7,43,11,journals/vldb/BerendtS00,True,3,_0meUij3ZJEJ,_0meUij3ZJEJ,True,0.9999923751045344,0.9999913045366272,1.0705679072131602e-06,0.6000000000000002,True,correct,0.6000000000000002,0.25000000000000006,0.5621765008857981,True,correct
DBLP,0.7,43,12,conf/sigmod/UrhanFA98,True,1,ufjnZovcIb4J,ufjnZovcIb4J,True,0.9999858974498944,4.363961742651214e-06,0.999981533488152,0.6000000000000002,True,correct,0.6000000000000002,0.25000000000000006,0.5621765008857981,True,correct
DBLP,0.7,43,13,conf/vldb/NgH94,True,14,32AYdsd8K3kJ,YMluKoJrxMcJ,True,0.9999921443268632,0.9999912242193176,9.201075454878804e-07,0.6000000000000002,True,correct,0.6000000000000002,0.25000000000000006,0.5621765008857981,True,correct
DBLP,0.7,43,14,conf/vldb/TanGO99,True,1,CcTZvs8xd2sJ,CcTZvs8xd2sJ,True,0.9999917943940264,5.816096707967276e-06,0.9999859782973184,0.6000000000000002,True,correct,0.6000000000000002,0.25000000000000006,0.5621765008857981,True,correct
DBLP,0.7,43,15,conf/sigmod/OoiTZGLLLNSWZ03,True,1,l78OeieL4ZsJ,l78OeieL4ZsJ,True,0.9999839828244752,5.986913918184378e-06,0.9999779959105572,0.6000000000000002,True,correct,0.6000000000000002,0.25000000000000006,0.5621765008857981,True,correct
DBLP,0.7,43,16,conf/vldb/MadhavanBR01,True,4,5mM4rpgyeNoJ,wRHapJxb_-QJ,True,0.9999914835539848,0.9999913035165816,1.800374034299779e-07,0.6000000000000002,True,correct,0.6000000000000002,0.25000000000000006,0.5621765008857981,True,correct
DBLP,0.7,43,17,conf/sigmod/HjaltasonS98,True,2,3mwWUz_ORNYJ,3mwWUz_ORNYJ,True,0.9999899733683538,0.9997852001488876,0.0002047732194661,0.6000000000000002,True,correct,0.6000000000000002,0.25000000000000006,0.5621765008857981,True,correct
DBLP,0.7,43,18,journals/tods/GutingBEJLSV00,True,4,1qV5-83rTyUJ,cURCJR2xHE0J,True,0.9999855705927858,0.1922120098318651,0.8077735607609207,0.6000000000000002,True,correct,0.6000000000000002,0.25000000000000006,0.5621765008857981,True,correct
DBLP,0.7,43,19,journals/sigmod/CuiJO02,True,2,LIUl6zpveGQJ,Llr0ikQ8yIIJ,True,0.99992753257585,0.0004564244504734,0.9994711081253764,0.6000000000000002,True,correct,0.6000000000000002,0.25000000000000006,0.5621765008857981,True,correct
DBLP,0.7,43,20,conf/vldb/GarofalakisRS99,True,6,7BITau8qhpEJ,Xm3ygCvkmN8J,True,0.999990859201198,0.999990780249892,7.895130604840261e-08,0.6000000000000002,True,correct,0.6000000000000002,0.25000000000000006,0.5621765008857981,True,correct
DBLP,0.7,43,21,conf/vldb/Moerkotte98,True,2,HcCevkoobDsJ,HcCevkoobDsJ,True,0.9999906637127564,0.9999705249863028,2.0138726453566846e-05,0.6000000000000002,True,correct,0.6000000000000002,0.25000000000000006,0.5621765008857981,True,correct
DBLP,0.7,43,22,conf/sigmod/PopaDST00,True,1,gAwckIiPpTEJ,gAwckIiPpTEJ,True,0.9999836501349856,4.485362411044307e-06,0.9999791647725744,0.6000000000000002,True,correct,0.6000000000000002,0.25000000000000006,0.5621765008857981,True,correct
DBLP,0.7,43,23,conf/sigmod/Aggarwal03,True,1,qbubaA6mQawJ,qbubaA6mQawJ,True,0.999122901223464,3.797769854117968e-05,0.9990849235249228,0.6000000000000002,True,correct,0.6000000000000002,0.25000000000000006,0.5621765008857981,True,correct
DBLP,0.7,43,24,conf/sigmod/KarbhariRXD02,True,2,Mw3xLuyR3qQJ,TZsVVmiiHqEJ,True,0.999991326285666,0.9999872935837616,4.032701904299607e-06,0.6000000000000002,True,correct,0.6000000000000002,0.25000000000000006,0.5621765008857981,True,correct
DBLP,0.7,43,25,conf/sigmod/IoannidisP95,True,3,23K90oRfbbsJ,bv21uJEzUwAJ,True,0.9999916289307128,0.9999897442163862,1.884714326605419e-06,0.6000000000000002,True,correct,0.6000000000000002,0.25000000000000006,0.5621765008857981,True,correct
DBLP,0.7,43,26,conf/vldb/GrustKT03,True,2,25xRkmL_4BsJ,25xRkmL_4BsJ,True,0.9999919715920884,0.98251234764193,0.0174796239501582,0.6000000000000002,True,correct,0.6000000000000002,0.25000000000000006,0.5621765008857981,True,correct
DBLP,0.7,43,27,conf/sigmod/Dietterich94,False,0,,pMJCOmp4AAkJ,False,0.9841168497413252,4.9995450605588805e-06,0.9841118501962648,0.6000000000000002,True,false_link,0.6000000000000002,0.25000000000000006,0.5621765008857981,True,false_link
DBLP,0.7,43,28,conf/sigmod/BreitbartKRSS99,True,1,XV2lpkhWCsYJ,XV2lpkhWCsYJ,True,0.9999905468746496,6.637923730252668e-06,0.9999839089509194,0.6000000000000002,True,correct,0.6000000000000002,0.25000000000000006,0.5621765008857981,True,correct
DBLP,0.7,43,29,conf/sigmod/HsiaoN00,True,1,iY5wlS4jsg0J,iY5wlS4jsg0J,True,0.999990750483098,5.450723807743976e-06,0.9999852997592902,0.6000000000000002,True,correct,0.6000000000000002,0.25000000000000006,0.5621765008857981,True,correct
DBLP,0.7,43,30,conf/vldb/MillerHH00,True,7,6vtHcpLApB8J,Rqg_slyUMYMJ,True,0.999989614296754,0.9999812652156512,8.349081102809741e-06,0.6000000000000002,True,correct,0.6000000000000002,0.25000000000000006,0.5621765008857981,True,correct
DBLP,0.7,43,31,conf/vldb/BliujuteJSS98,True,5,gybR2qK1ib8J,oBpe7jg0YHYJ,True,0.99999232259806,0.9999625429764076,2.97796216525148e-05,0.6000000000000002,True,correct,0.6000000000000002,0.25000000000000006,0.5621765008857981,True,correct
DBLP,0.7,43,32,journals/sigmod/FifeG03,True,1,oOdAqQph_zsJ,oOdAqQph_zsJ,True,0.999992339273366,0.9999256326496586,6.670662370733549e-05,0.6000000000000002,True,correct,0.6000000000000002,0.25000000000000006,0.5621765008857981,True,correct
DBLP,0.7,43,33,conf/sigmod/AchyutuniON96,True,1,eRSkDzxP1JcJ,eRSkDzxP1JcJ,True,0.9999928833236508,5.317207404338465e-06,0.9999875661162464,0.6000000000000002,True,correct,0.6000000000000002,0.25000000000000006,0.5621765008857981,True,correct
DBLP,0.7,43,34,conf/vldb/MahnkeMS02,True,1,VhxIKKG8oWYJ,VhxIKKG8oWYJ,True,0.999985151652304,4.313395867175568e-06,0.9999808382564368,0.6000000000000002,True,correct,0.6000000000000002,0.25000000000000006,0.5621765008857981,True,correct
DBLP,0.7,43,35,conf/vldb/JarkeKL00,True,2,6c3XQZ-_HDUJ,6c3XQZ-_HDUJ,True,0.9999891288903516,0.9999669469842012,2.218190615022042e-05,0.6000000000000002,True,correct,0.6000000000000002,0.25000000000000006,0.5621765008857981,True,correct
DBLP,0.7,43,36,conf/sigmod/JonkerS95,True,1,Rg4UOUTwgAcJ,Rg4UOUTwgAcJ,True,0.999989207109441,6.410552851477959e-06,0.9999827965565896,0.6000000000000002,True,correct,0.6000000000000002,0.25000000000000006,0.5621765008857981,True,correct
DBLP,0.7,43,37,conf/sigmod/OlstonWL01,True,1,I_YprPVQ45QJ,I_YprPVQ45QJ,True,0.9999896712689328,4.58582138869317e-06,0.999985085447544,0.6000000000000002,True,correct,0.6000000000000002,0.25000000000000006,0.5621765008857981,True,correct
DBLP,0.7,43,38,conf/vldb/Slutz98,True,1,1blbGQk5ZpUJ,1blbGQk5ZpUJ,True,0.9999856722688808,4.365793310129855e-06,0.9999813064755708,0.6000000000000002,True,correct,0.6000000000000002,0.25000000000000006,0.5621765008857981,True,correct
DBLP,0.7,43,39,conf/vldb/ChristodoulakisTZ97,True,2,D0z0BDnbnFcJ,lojHMj5xWEwJ,True,0.9999925630688564,0.999991037571482,1.5254973741996023e-06,0.6000000000000002,True,correct,0.6000000000000002,0.25000000000000006,0.5621765008857981,True,correct
DBLP,0.7,43,40,conf/vldb/NiermanJ02,True,1,1NZsxf_zwF4J,1NZsxf_zwF4J,True,0.9999911010476262,4.709430979916935e-06,0.9999863916166464,0.6000000000000002,True,correct,0.6000000000000002,0.25000000000000006,0.5621765008857981,True,correct
DBLP,0.7,43,41,conf/vldb/SkubiszewskiV97,True,1,MJAw_2C6ErAJ,MJAw_2C6ErAJ,True,0.9999911900402226,5.617513445610895e-06,0.999985572526777,0.6000000000000002,True,correct,0.6000000000000002,0.25000000000000006,0.5621765008857981,True,correct
DBLP,0.7,43,42,journals/tods/GunopulosKMSTS03,True,5,5cAIVZJShAEJ,-q1BFuUI27EJ,True,0.9999922851150124,0.9699418284556076,0.0300504566594047,0.6000000000000002,True,correct,0.6000000000000002,0.25000000000000006,0.5621765008857981,True,correct
DBLP,0.7,43,43,journals/sigmod/Ulusoy95,True,1,uMYecZGSCv4J,uMYecZGSCv4J,True,0.9999899553468464,0.0001010453031082,0.999888910043738,0.6000000000000002,True,correct,0.6000000000000002,0.25000000000000006,0.5621765008857981,True,correct
DBLP,0.7,43,44,journals/sigmod/LuoI02,True,2,url:http://portal.acm.org/citation.cfm%3Fid%3D601858.601879%26dl%3DGUIDE%26dl%3DACM%26idx%3DJ689%26part%3Dperiodical%26WantType%3Dperiodical%26title%3DACM%2520SIGMOD%2520Record%26CFID%3D11111111%26CFTOKEN%3D2222222,url:http://portal.acm.org/ft_gateway.cfm%3Fid%3D601879%26type%3Dpdf%26dl%3DGUIDE%26dl%3DACM%26CFID%3D11111111%26CFTOKEN%3D2222222,True,0.9999833928247284,0.999981614970613,1.7778541152591032e-06,0.6000000000000002,True,correct,0.6000000000000002,0.25000000000000006,0.5621765008857981,True,correct
DBLP,0.7,43,45,conf/vldb/Selinger02,True,1,76u3c8hIWqoJ,76u3c8hIWqoJ,True,0.9999909547451898,5.950018886143634e-06,0.9999850047263036,0.6000000000000002,True,correct,0.6000000000000002,0.25000000000000006,0.5621765008857981,True,correct
DBLP,0.7,43,46,conf/vldb/LiRS99,True,2,Bf44yXvb6EAJ,Bf44yXvb6EAJ,True,0.9999855301483908,0.8983471489820525,0.1016383811663383,0.6000000000000002,True,correct,0.6000000000000002,0.25000000000000006,0.5621765008857981,True,correct
DBLP,0.7,43,47,journals/sigmod/Franklin97,False,0,,C84rFQN_ug0J,False,0.0153789749920367,0.0051691947935269,0.0102097801985098,0.6000000000000002,False,unmatched_abstention,0.6000000000000002,0.25000000000000006,0.5621765008857981,False,unmatched_abstention
DBLP,0.7,43,48,conf/sigmod/BarbosaMKL02,True,2,ueKnwQCE3nIJ,wO-iR4jRq0UJ,True,0.9998207624599712,0.3122244040057885,0.6875963584541827,0.6000000000000002,True,correct,0.6000000000000002,0.25000000000000006,0.5621765008857981,True,correct
DBLP,0.7,43,49,conf/vldb/Ladin00,True,1,kPTa4IiS_sgJ,kPTa4IiS_sgJ,True,0.9999875637056396,0.5304452055926727,0.4695423581129669,0.6000000000000002,True,correct,0.6000000000000002,0.25000000000000006,0.5621765008857981,True,correct
DBLP,0.7,43,50,conf/vldb/ShuklaDN98,True,2,1eCp1f8DhasJ,1eCp1f8DhasJ,True,0.9999905660573608,0.9999874833206204,3.0827367404340222e-06,0.6000000000000002,True,correct,0.6000000000000002,0.25000000000000006,0.5621765008857981,True,correct
DBLP,0.7,43,51,conf/vldb/ChristopheBPV00,True,5,8DRB_dYz2CgJ,8DRB_dYz2CgJ,True,0.9999916441089788,0.999991021591155,6.225178236229922e-07,0.6000000000000002,True,correct,0.6000000000000002,0.25000000000000006,0.5621765008857981,True,correct
DBLP,0.7,43,52,journals/sigmod/SchlageterBHMSW95,True,2,url:http://portal.acm.org/citation.cfm%3Fid%3D202672,url:http://portal.acm.org/citation.cfm%3Fid%3D202672,True,0.9999900790891824,0.9999741095429976,1.596954618499069e-05,0.6000000000000002,True,correct,0.6000000000000002,0.25000000000000006,0.5621765008857981,True,correct
DBLP,0.7,43,53,conf/vldb/Amer-YahiaCD98,True,3,9nmG2KCklEcJ,9nmG2KCklEcJ,True,0.999992540779704,0.9999918767396152,6.640400889157405e-07,0.6000000000000002,True,correct,0.6000000000000002,0.25000000000000006,0.5621765008857981,True,correct
DBLP,0.7,43,54,journals/sigmod/BonifatiC00,True,4,EP5trsliqVMJ,XCdMiXLp41IJ,True,0.99999069252508,0.9999839636582624,6.728866817518053e-06,0.6000000000000002,True,correct,0.6000000000000002,0.25000000000000006,0.5621765008857981,True,correct
DBLP,0.7,43,55,journals/sigmod/BertinoEH03,True,1,4m-WmWU5iGYJ,4m-WmWU5iGYJ,True,0.9999922256375252,1.6123996366927608e-05,0.9999761016411584,0.6000000000000002,True,correct,0.6000000000000002,0.25000000000000006,0.5621765008857981,True,correct
DBLP,0.7,43,56,conf/sigmod/SagonasSW94a,True,6,0hHYO7tQJUgJ,nDGblldnEGAJ,True,0.9999920696490426,0.9999733465957952,1.8723053247571286e-05,0.6000000000000002,True,correct,0.6000000000000002,0.25000000000000006,0.5621765008857981,True,correct
DBLP,0.7,43,57,conf/sigmod/Weininger00,True,1,url:http://portal.acm.org/citation.cfm%3Fid%3D335465,url:http://portal.acm.org/citation.cfm%3Fid%3D335465,True,0.9999918459495296,4.44373087849943e-06,0.9999874022186512,0.6000000000000002,True,correct,0.6000000000000002,0.25000000000000006,0.5621765008857981,True,correct
DBLP,0.7,43,58,journals/tods/Chomicki95,False,0,,QVmWvrI3myQJ,False,0.0547850979674164,4.605754626754116e-06,0.0547804922127897,0.6000000000000002,False,unmatched_abstention,0.6000000000000002,0.25000000000000006,0.5621765008857981,False,unmatched_abstention
DBLP,0.7,43,59,conf/sigmod/CookWZ94,True,2,BYAEfUWtxgUJ,LiIWlw3oNgUJ,True,0.9999879134161284,0.9998428708790088,0.0001450425371194,0.6000000000000002,True,correct,0.6000000000000002,0.25000000000000006,0.5621765008857981,True,correct
DBLP,0.7,43,60,journals/tods/BozkayaO99,True,2,0znTIa901S8J,CEKbSWc_C6UJ,True,0.999991724585628,0.999943115580018,4.860900561010073e-05,0.6000000000000002,True,correct,0.6000000000000002,0.25000000000000006,0.5621765008857981,True,correct
DBLP,0.7,43,61,conf/sigmod/BersonGMJ94,True,4,bw_c9Mk0_7IJ,bw_c9Mk0_7IJ,True,0.9999906185243472,0.99998558761855,5.030905797176466e-06,0.6000000000000002,True,correct,0.6000000000000002,0.25000000000000006,0.5621765008857981,True,correct
DBLP,0.7,43,62,conf/sigmod/AdamY98,True,1,url:http://portal.acm.org/ft_gateway.cfm%3Fid%3D276350%26type%3Dpdf%26dl%3DGUIDE%26dl%3DACM%26CFID%3D11111111%26CFTOKEN%3D2222222,url:http://portal.acm.org/ft_gateway.cfm%3Fid%3D276350%26type%3Dpdf%26dl%3DGUIDE%26dl%3DACM%26CFID%3D11111111%26CFTOKEN%3D2222222,True,0.9999382058399956,0.0045595167897028,0.9953786890502928,0.6000000000000002,True,correct,0.6000000000000002,0.25000000000000006,0.5621765008857981,True,correct
DBLP,0.7,43,63,conf/sigmod/KanthRA02,True,1,RgDMwqhT30wJ,RgDMwqhT30wJ,True,0.999983193237657,4.911887349478015e-06,0.9999782813503076,0.6000000000000002,True,correct,0.6000000000000002,0.25000000000000006,0.5621765008857981,True,correct
DBLP,0.7,43,64,journals/tods/MehrotraRKS98,True,1,tAnONC5J2W8J,tAnONC5J2W8J,True,0.9999928332097028,8.462727693521863e-06,0.9999843704820094,0.6000000000000002,True,correct,0.6000000000000002,0.25000000000000006,0.5621765008857981,True,correct
DBLP,0.7,43,65,journals/sigmod/GrayG97,True,5,aYtTMXVoTiMJ,fFCqy9V5XNgJ,True,0.9999918754845234,0.9999906722741824,1.2032103409165271e-06,0.6000000000000002,True,correct,0.6000000000000002,0.25000000000000006,0.5621765008857981,True,correct
DBLP,0.7,43,66,conf/vldb/MuthOPW98,True,1,cy0zVqmNba4J,cy0zVqmNba4J,True,0.9999928420279162,0.9999345636358744,5.827839204186613e-05,0.6000000000000002,True,correct,0.6000000000000002,0.25000000000000006,0.5621765008857981,True,correct
DBLP,0.7,43,67,journals/sigmod/Libkin99,True,2,V_FnUWKirh8J,zSO1Y5W7WkwJ,True,0.9999930966065704,0.9999907242035246,2.372403045791671e-06,0.6000000000000002,True,correct,0.6000000000000002,0.25000000000000006,0.5621765008857981,True,correct
DBLP,0.7,43,68,conf/sigmod/Lassettre98,True,1,7p2MaOtr7u8J,7p2MaOtr7u8J,True,0.9999901916773846,1.0820262864245778e-05,0.9999793714145204,0.6000000000000002,True,correct,0.6000000000000002,0.25000000000000006,0.5621765008857981,True,correct
DBLP,0.7,43,69,journals/vldb/ChirkovaHS02,True,1,NdmocXlpq9QJ,NdmocXlpq9QJ,True,0.9999914415827826,4.725789482009654e-06,0.9999867157933008,0.6000000000000002,True,correct,0.6000000000000002,0.25000000000000006,0.5621765008857981,True,correct
DBLP,0.7,43,70,journals/sigmod/MattosD94,True,1,HhUCea7De6YJ,HhUCea7De6YJ,True,0.9999915475722124,5.623945823344256e-06,0.9999859236263888,0.6000000000000002,True,correct,0.6000000000000002,0.25000000000000006,0.5621765008857981,True,correct
DBLP,0.7,43,71,journals/tods/DeySB99,True,1,lUIjuGqk6q4J,lUIjuGqk6q4J,True,0.9999892050095072,4.940337654875565e-06,0.9999842646718524,0.6000000000000002,True,correct,0.6000000000000002,0.25000000000000006,0.5621765008857981,True,correct
DBLP,0.7,43,72,conf/vldb/PoosalaI96,True,1,NTlGMs3lqNEJ,NTlGMs3lqNEJ,True,0.999992172139127,5.3792484649136425e-06,0.999986792890662,0.6000000000000002,True,correct,0.6000000000000002,0.25000000000000006,0.5621765008857981,True,correct
DBLP,0.7,43,73,journals/sigmod/Group94,False,0,,DOb8D3xCXJcJ,False,5.08898064277405e-06,4.693120151759937e-06,3.958604910141131e-07,0.6000000000000002,False,unmatched_abstention,0.6000000000000002,0.25000000000000006,0.5621765008857981,False,unmatched_abstention
DBLP,0.7,43,74,conf/vldb/LaneEN00,True,2,0O3JgOoSdIUJ,EUNYWV7uBTwJ,True,0.9999804432541008,0.998039319427594,0.0019411238265069,0.6000000000000002,True,correct,0.6000000000000002,0.25000000000000006,0.5621765008857981,True,correct
DBLP,0.7,43,75,journals/vldb/TanGO00,True,1,url:http://www.springerlink.com/index/4N8LT3XHXGCR8DLW.pdf,url:http://www.springerlink.com/index/4N8LT3XHXGCR8DLW.pdf,True,0.9999860162398476,5.638375712545577e-06,0.9999803778641352,0.6000000000000002,True,correct,0.6000000000000002,0.25000000000000006,0.5621765008857981,True,correct
DBLP,0.7,43,76,conf/sigmod/AdelbergGW97,True,2,XytbGy--8LMJ,zZo47Z-jVX4J,True,0.999992806929926,0.9999892519543442,3.554975581798736e-06,0.6000000000000002,True,correct,0.6000000000000002,0.25000000000000006,0.5621765008857981,True,correct
DBLP,0.7,43,77,conf/vldb/MiklauS03,True,1,cJUP6vfSm50J,cJUP6vfSm50J,True,0.9999916651756116,0.9998295464086708,0.0001621187669407,0.6000000000000002,True,correct,0.6000000000000002,0.25000000000000006,0.5621765008857981,True,correct
DBLP,0.7,43,78,conf/vldb/KaushikBNS02,True,1,dL5oJVHK10kJ,dL5oJVHK10kJ,True,0.9999896125930444,4.701730311020235e-06,0.9999849108627334,0.6000000000000002,True,correct,0.6000000000000002,0.25000000000000006,0.5621765008857981,True,correct
DBLP,0.7,43,79,journals/tods/GravanoGT99,True,3,a1TYKJbJRREJ,aXLcAfb2y5kJ,True,0.9999897224314978,0.9999797181951704,1.0004236327243454e-05,0.6000000000000002,True,correct,0.6000000000000002,0.25000000000000006,0.5621765008857981,True,correct
DBLP,0.7,43,80,journals/vldb/RafieiM02,True,1,kZFfJieudW4J,kZFfJieudW4J,True,0.9999891850706896,2.909908792106211e-05,0.9999600859827686,0.6000000000000002,True,correct,0.6000000000000002,0.25000000000000006,0.5621765008857981,True,correct
DBLP,0.7,43,81,journals/vldb/RahmB01,True,6,707RPzHAB8YJ,OmmFvfvPT6MJ,True,0.9999911353437206,0.9999881535173704,2.981826350167971e-06,0.6000000000000002,True,correct,0.6000000000000002,0.25000000000000006,0.5621765008857981,True,correct
DBLP,0.7,43,82,conf/vldb/Deshpande00,True,1,2DiLFd0rgPgJ,2DiLFd0rgPgJ,True,0.9999909102112507,4.497818807579646e-06,0.9999864123924432,0.6000000000000002,True,correct,0.6000000000000002,0.25000000000000006,0.5621765008857981,True,correct
DBLP,0.7,43,83,journals/sigmod/Gallagher94,True,1,PVm9r7wHzDAJ,PVm9r7wHzDAJ,True,0.9999884237101664,6.160973289088263e-06,0.9999822627368774,0.6000000000000002,True,correct,0.6000000000000002,0.25000000000000006,0.5621765008857981,True,correct
DBLP,0.7,43,84,conf/sigmod/Raghavan03,False,0,,W3NucQtmzesJ,False,6.1573197957397344e-06,5.746062934249097e-06,4.112568614906378e-07,0.6000000000000002,False,unmatched_abstention,0.6000000000000002,0.25000000000000006,0.5621765008857981,False,unmatched_abstention
DBLP,0.7,43,85,conf/sigmod/FukudaMMT96,True,3,Bcuo4_yr2p0J,Bcuo4_yr2p0J,True,0.9999898085654724,0.9999888554267472,9.531387251682232e-07,0.6000000000000002,True,correct,0.6000000000000002,0.25000000000000006,0.5621765008857981,True,correct
DBLP,0.7,43,86,journals/sigmod/YanG95,True,1,tMXkkRDxvkQJ,tMXkkRDxvkQJ,True,0.9999905313468932,4.856838873919819e-06,0.9999856745080192,0.6000000000000002,True,correct,0.6000000000000002,0.25000000000000006,0.5621765008857981,True,correct
DBLP,0.7,43,87,journals/sigmod/Konig-RiesMMPPRSVW02,True,2,FIxl60DSBqgJ,s6EfjBMbUb4J,True,0.9999875468411168,0.0056186162500016,0.9943689305911152,0.6000000000000002,True,correct,0.6000000000000002,0.25000000000000006,0.5621765008857981,True,correct
DBLP,0.7,43,88,journals/tods/TaoPZ02,True,1,CxBJwFNdozAJ,CxBJwFNdozAJ,True,0.9999907429381142,4.315745347925243e-06,0.9999864271927664,0.6000000000000002,True,correct,0.6000000000000002,0.25000000000000006,0.5621765008857981,True,correct
DBLP,0.7,43,89,conf/sigmod/ChaudhuriG96,True,1,Fh1QPZpWHUMJ,Fh1QPZpWHUMJ,True,0.9999915110506832,0.8742039286246908,0.1257875824259923,0.6000000000000002,True,correct,0.6000000000000002,0.25000000000000006,0.5621765008857981,True,correct
DBLP,0.7,43,90,journals/sigmod/HasselbringHHKRRS00,True,3,JW49QfQtuTMJ,X9PsaiaoDJ4J,True,0.9999858788510536,0.999882891751055,0.0001029870999986,0.6000000000000002,True,correct,0.6000000000000002,0.25000000000000006,0.5621765008857981,True,correct
DBLP,0.7,43,91,conf/vldb/Sripada02,True,1,UXm0EWCXxpIJ,UXm0EWCXxpIJ,True,0.9999894996883052,6.440524021500169e-06,0.9999830591642838,0.6000000000000002,True,correct,0.6000000000000002,0.25000000000000006,0.5621765008857981,True,correct
DBLP,0.7,43,92,conf/vldb/DeutschT03,True,1,qkJ_IyVmLfUJ,qkJ_IyVmLfUJ,True,0.9999920883829024,4.3241909862619095e-06,0.999987764191916,0.6000000000000002,True,correct,0.6000000000000002,0.25000000000000006,0.5621765008857981,True,correct
DBLP,0.7,43,93,conf/vldb/PottingerL00,True,5,eXceb1SMqE4J,mpnnRdFUUJQJ,True,0.9999823819410856,0.999958496692481,2.388524860452712e-05,0.6000000000000002,True,correct,0.6000000000000002,0.25000000000000006,0.5621765008857981,True,correct
DBLP,0.7,43,94,journals/sigmod/Roussopoulos98,True,2,GfjHZswtM0EJ,GfjHZswtM0EJ,True,0.9999903998422576,0.99997638019481,1.401964744751627e-05,0.6000000000000002,True,correct,0.6000000000000002,0.25000000000000006,0.5621765008857981,True,correct
DBLP,0.7,43,95,journals/sigmod/GroskyFS94,True,2,sWM6PKw-JaQJ,zMK02pxd4OEJ,True,0.9999927431476648,0.9999503105370016,4.243261066305681e-05,0.6000000000000002,True,correct,0.6000000000000002,0.25000000000000006,0.5621765008857981,True,correct
DBLP,0.7,43,96,conf/sigmod/ChanI98,True,4,39AOIRe9qSQJ,39AOIRe9qSQJ,True,0.9999914207283164,0.9999910979664474,3.227618690093692e-07,0.6000000000000002,True,correct,0.6000000000000002,0.25000000000000006,0.5621765008857981,True,correct
DBLP,0.7,43,97,conf/vldb/LinR98,True,1,9qhYcGzQxC4J,9qhYcGzQxC4J,True,0.9999840809846235,4.566414238146456e-06,0.9999795145703856,0.6000000000000002,True,correct,0.6000000000000002,0.25000000000000006,0.5621765008857981,True,correct
DBLP,0.7,43,98,journals/sigmod/GobleR02,True,1,url:http://portal.acm.org/ft_gateway.cfm%3Fid%3D507366%26type%3Dpdf%26dl%3DGUIDE%26dl%3DACM%26CFID%3D11111111%26CFTOKEN%3D2222222,url:http://portal.acm.org/ft_gateway.cfm%3Fid%3D507366%26type%3Dpdf%26dl%3DGUIDE%26dl%3DACM%26CFID%3D11111111%26CFTOKEN%3D2222222,True,0.9999886636466662,0.0001388805111751,0.999849783135491,0.6000000000000002,True,correct,0.6000000000000002,0.25000000000000006,0.5621765008857981,True,correct
DBLP,0.7,43,99,journals/sigmod/LawderK01,True,1,eznFJ2e_pQQJ,eznFJ2e_pQQJ,True,0.9999908797856016,5.6820445554240734e-05,0.9999340593400474,0.6000000000000002,True,correct,0.6000000000000002,0.25000000000000006,0.5621765008857981,True,correct
DBLP,0.7,43,100,journals/tods/WolfsonJH97,True,3,FlC-FF1hbbUJ,FlC-FF1hbbUJ,True,0.9999907365178308,0.9990570265055084,0.0009337100123224,0.6000000000000002,True,correct,0.6000000000000002,0.25000000000000006,0.5621765008857981,True,correct
DBLP,0.7,43,101,conf/sigmod/BhargavaGI95,True,1,TXvfEP4WTD0J,TXvfEP4WTD0J,True,0.9999925622248178,4.448467082657311e-06,0.9999881137577352,0.6000000000000002,True,correct,0.6000000000000002,0.25000000000000006,0.5621765008857981,True,correct
DBLP,0.7,43,102,conf/sigmod/MaddenH02,True,1,NXakCefUcdUJ,NXakCefUcdUJ,True,0.9999906550454414,4.61895500852635e-06,0.9999860360904328,0.6000000000000002,True,correct,0.6000000000000002,0.25000000000000006,0.5621765008857981,True,correct
DBLP,0.7,43,103,conf/vldb/LlirbatST97,True,1,v1fsWCSPn2MJ,v1fsWCSPn2MJ,True,0.9965432437581134,4.392684740022334e-06,0.9965388510733734,0.6000000000000002,True,correct,0.6000000000000002,0.25000000000000006,0.5621765008857981,True,correct
DBLP,0.7,43,104,conf/vldb/Moni96,True,1,gbjXwFztQTsJ,gbjXwFztQTsJ,True,0.9999916960068688,4.616880739004807e-06,0.9999870791261298,0.6000000000000002,True,correct,0.6000000000000002,0.25000000000000006,0.5621765008857981,True,correct
DBLP,0.7,43,105,journals/sigmod/Snodgrass03,True,1,m-l6e98xxOsJ,m-l6e98xxOsJ,True,0.9999861574941592,0.0001961147615394,0.9997900427326196,0.6000000000000002,True,correct,0.6000000000000002,0.25000000000000006,0.5621765008857981,True,correct
DBLP,0.7,43,106,journals/vldb/MuthOPW00,True,1,WFygKYK0NVQJ,WFygKYK0NVQJ,True,0.99999139995426,0.9996886714380272,0.0003027285162325,0.6000000000000002,True,correct,0.6000000000000002,0.25000000000000006,0.5621765008857981,True,correct
DBLP,0.7,43,107,conf/sigmod/BohmA96,True,1,978pJCGhaGoJ,978pJCGhaGoJ,True,0.9999883452499888,5.673776576764715e-06,0.999982671473412,0.6000000000000002,True,correct,0.6000000000000002,0.25000000000000006,0.5621765008857981,True,correct
DBLP,0.7,43,108,journals/vldb/Ozsu03,True,1,url:http://www.springerlink.com/index/3G9E0YCGLRQFPN89.pdf,url:http://www.springerlink.com/index/3G9E0YCGLRQFPN89.pdf,True,0.9999771713932396,4.842857046065058e-06,0.9999723285361936,0.6000000000000002,True,correct,0.6000000000000002,0.25000000000000006,0.5621765008857981,True,correct
DBLP,0.7,43,109,conf/vldb/MorimotoIM97,True,3,3enylshvOl8J,3enylshvOl8J,True,0.999989597723261,0.9999696018742256,1.9995849035558955e-05,0.6000000000000002,True,correct,0.6000000000000002,0.25000000000000006,0.5621765008857981,True,correct
DBLP,0.7,43,110,conf/sigmod/CeriFPP95,False,0,,LnNHfHLFsEcJ,False,6.39206775354603e-06,5.398000529609419e-06,9.940672239366106e-07,0.6000000000000002,False,unmatched_abstention,0.6000000000000002,0.25000000000000006,0.5621765008857981,False,unmatched_abstention
DBLP,0.7,43,111,journals/sigmod/Alonso95a,False,0,,ftnsmTUaDSMJ,False,1.5166765810901576e-05,1.4267477863800658e-05,8.992879471009193e-07,0.6000000000000002,False,unmatched_abstention,0.6000000000000002,0.25000000000000006,0.5621765008857981,False,unmatched_abstention
DBLP,0.7,43,112,conf/vldb/PirotteZMY94,True,1,8s-SP8sAvQAJ,8s-SP8sAvQAJ,True,0.9999930731359308,4.407131765178137e-06,0.9999886660041656,0.6000000000000002,True,correct,0.6000000000000002,0.25000000000000006,0.5621765008857981,True,correct
DBLP,0.7,43,113,conf/sigmod/WynblattN01,True,1,PVUtZWBcxlAJ,PVUtZWBcxlAJ,True,0.9999907890733952,6.68768247061801e-06,0.9999841013909246,0.6000000000000002,True,correct,0.6000000000000002,0.25000000000000006,0.5621765008857981,True,correct
DBLP,0.7,43,114,conf/sigmod/CareyDFHMNSSTTWZ94,True,8,0oPBNo-ofPkJ,0oPBNo-ofPkJ,True,0.999974237173164,0.9999713730947084,2.864078455733221e-06,0.6000000000000002,True,correct,0.6000000000000002,0.25000000000000006,0.5621765008857981,True,correct
DBLP,0.7,43,115,conf/sigmod/AgrawalES03,True,2,HypA8oN4PqsJ,HypA8oN4PqsJ,True,0.9999905449812854,0.0004951475953842,0.9994953973859012,0.6000000000000002,True,correct,0.6000000000000002,0.25000000000000006,0.5621765008857981,True,correct
DBLP,0.7,43,116,conf/sigmod/Norrie95,True,1,url:http://portal.acm.org/ft_gateway.cfm%3Fid%3D223883%26type%3Dpdf%26dl%3DGUIDE%26dl%3DACM%26CFID%3D11111111%26CFTOKEN%3D2222222,url:http://portal.acm.org/ft_gateway.cfm%3Fid%3D223883%26type%3Dpdf%26dl%3DGUIDE%26dl%3DACM%26CFID%3D11111111%26CFTOKEN%3D2222222,True,0.9984643093270076,3.848923708783193e-05,0.9984258200899196,0.6000000000000002,True,correct,0.6000000000000002,0.25000000000000006,0.5621765008857981,True,correct
DBLP,0.7,43,117,journals/vldb/PapazogluK97a,False,0,,kFQl7LX8OQkJ,False,0.9981397412700964,0.990312387896446,0.0078273533736505,0.6000000000000002,True,false_link,0.6000000000000002,0.25000000000000006,0.5621765008857981,True,false_link
DBLP,0.7,43,118,conf/vldb/DuttaDMRT00,True,1,q0Ovw6QUk3MJ,q0Ovw6QUk3MJ,True,0.999991753758108,4.788748160704985e-05,0.9999438662765008,0.6000000000000002,True,correct,0.6000000000000002,0.25000000000000006,0.5621765008857981,True,correct
DBLP,0.7,43,119,conf/sigmod/HwangLYMMGCSS94,True,1,AWah9GLEFTAJ,AWah9GLEFTAJ,True,0.999989733687084,2.787607705329167e-05,0.9999618576100304,0.6000000000000002,True,correct,0.6000000000000002,0.25000000000000006,0.5621765008857981,True,correct
DBLP,0.7,43,120,conf/sigmod/CareyMN97,True,4,6YXYnLb8CyYJ,dBgA1e-6LvkJ,True,0.9999869325832972,0.9999591940468312,2.773853646598212e-05,0.6000000000000002,True,correct,0.6000000000000002,0.25000000000000006,0.5621765008857981,True,correct
DBLP,0.7,43,121,conf/vldb/IlyasAE02,True,1,nQsk3GveFP0J,nQsk3GveFP0J,True,0.9999896925823236,4.730934588363432e-06,0.9999849616477352,0.6000000000000002,True,correct,0.6000000000000002,0.25000000000000006,0.5621765008857981,True,correct
DBLP,0.7,43,122,conf/sigmod/BohrerBBCFHKKMNRRSUUW97a,True,2,JntLVX4TPi0J,NiBdZXS0TCMJ,True,0.0035213999072291,0.0001010704547813,0.0034203294524477,0.6000000000000002,False,missing_match,0.6000000000000002,0.25000000000000006,0.5621765008857981,False,missing_match
DBLP,0.7,43,123,conf/sigmod/RamaswamyRS00,True,2,o0vnSBVzRQcJ,VJIHPbki2uAJ,True,0.999991490389835,0.9999879503137344,3.540076100705392e-06,0.6000000000000002,True,correct,0.6000000000000002,0.25000000000000006,0.5621765008857981,True,correct
DBLP,0.7,43,124,conf/sigmod/Amer-YahiaFSX03,True,3,7-b5YXuGJS0J,7-b5YXuGJS0J,True,0.999990768627604,0.999989507796329,1.2608312750517214e-06,0.6000000000000002,True,correct,0.6000000000000002,0.25000000000000006,0.5621765008857981,True,correct
DBLP,0.7,43,125,conf/sigmod/BreunigKNS00,True,4,4ZBs-U7sOk0J,KILdAgEb2OsJ,True,0.9999905879122828,0.9999875095776248,3.078334657957704e-06,0.6000000000000002,True,correct,0.6000000000000002,0.25000000000000006,0.5621765008857981,True,correct
DBLP,0.7,43,126,journals/tods/YanG94,True,3,fx6kDLBa8q8J,fx6kDLBa8q8J,True,0.9999735345820648,0.999807770111888,0.0001657644701767,0.6000000000000002,True,correct,0.6000000000000002,0.25000000000000006,0.5621765008857981,True,correct
DBLP,0.7,43,127,conf/vldb/CareyCNVDRSM99,True,1,JpMllVmmnkAJ,JpMllVmmnkAJ,True,0.9999893870240516,0.012680981331073,0.9873084056929786,0.6000000000000002,True,correct,0.6000000000000002,0.25000000000000006,0.5621765008857981,True,correct
DBLP,0.7,43,128,conf/sigmod/Deutsch95,True,1,url:http://portal.acm.org/citation.cfm%3Fid%3D223784.223880,url:http://portal.acm.org/citation.cfm%3Fid%3D223784.223880,True,0.9999567862159294,0.0008543126000192,0.9991024736159102,0.6000000000000002,True,correct,0.6000000000000002,0.25000000000000006,0.5621765008857981,True,correct
DBLP,0.7,43,129,journals/sigmod/Snodgrass97,False,0,,NHxHsUH9L5MJ,False,0.002266788232803,0.0011892946911597,0.0010774935416432,0.6000000000000002,False,unmatched_abstention,0.6000000000000002,0.25000000000000006,0.5621765008857981,False,unmatched_abstention
DBLP,0.7,43,130,conf/sigmod/ChoALS03,True,1,MAdjH9lCsysJ,MAdjH9lCsysJ,True,0.9999915023110086,5.556305279285259e-06,0.9999859460057292,0.6000000000000002,True,correct,0.6000000000000002,0.25000000000000006,0.5621765008857981,True,correct
DBLP,0.7,43,131,journals/vldb/C94b,False,0,,hsFryDOr0WwJ,False,0.0004922128460881,0.0004312027677232,6.101007836493565e-05,0.6000000000000002,False,unmatched_abstention,0.6000000000000002,0.25000000000000006,0.5621765008857981,False,unmatched_abstention
DBLP,0.7,43,132,conf/sigmod/SionAP03,True,1,_L0DhCpFaXMJ,_L0DhCpFaXMJ,True,0.9999814184876956,0.7105898636140052,0.2893915548736903,0.6000000000000002,True,correct,0.6000000000000002,0.25000000000000006,0.5621765008857981,True,correct
DBLP,0.7,43,133,conf/vldb/CohenMKS03,True,1,gRoNHWLN1WMJ,gRoNHWLN1WMJ,True,0.9999906108179992,6.156544735034429e-06,0.999984454273264,0.6000000000000002,True,correct,0.6000000000000002,0.25000000000000006,0.5621765008857981,True,correct
DBLP,0.7,43,134,conf/sigmod/JarkeQCLFLVV00,True,2,AYtgczYwVnYJ,bl_VrPzIIPwJ,True,0.99999042730553,0.9999889193095898,1.5079959402308774e-06,0.6000000000000002,True,correct,0.6000000000000002,0.25000000000000006,0.5621765008857981,True,correct
DBLP,0.7,43,135,journals/tods/BellNNS96,True,2,0MteXOu7gzcJ,pz2VRTdXq1cJ,True,0.9999905235237476,0.9999735373581784,1.6986165569221612e-05,0.6000000000000002,True,correct,0.6000000000000002,0.25000000000000006,0.5621765008857981,True,correct
DBLP,0.7,43,136,conf/vldb/GoldmanW97,True,8,_lvdMphdfvEJ,3zf3WSt0B6UJ,True,0.9999923025764776,0.9999917801550884,5.224213892596197e-07,0.6000000000000002,True,correct,0.6000000000000002,0.25000000000000006,0.5621765008857981,True,correct
DBLP,0.7,43,137,conf/sigmod/BerckenDS00,True,4,3IFlpeKgLlAJ,3IFlpeKgLlAJ,True,0.9999919133769662,0.9999914223808728,4.90996093560625e-07,0.6000000000000002,True,correct,0.6000000000000002,0.25000000000000006,0.5621765008857981,True,correct
DBLP,0.7,43,138,conf/vldb/OzsoyogluAAOUO02,True,1,Pb3y_NGGwjwJ,Pb3y_NGGwjwJ,True,0.9999897661893322,5.593932257006168e-06,0.9999841722570753,0.6000000000000002,True,correct,0.6000000000000002,0.25000000000000006,0.5621765008857981,True,correct
DBLP,0.7,43,139,journals/sigmod/Snodgrass94,True,2,i7dLYB6NnW0J,SYVDufoTe_IJ,True,0.9999876856182396,4.914821311916963e-05,0.9999385374051204,0.6000000000000002,True,correct,0.6000000000000002,0.25000000000000006,0.5621765008857981,True,correct
DBLP,0.7,43,140,conf/sigmod/KriegelBKPS03,True,2,i0c65loyE60J,tsqBH6P4jMcJ,True,0.999992810016172,0.999992645532105,1.6448406714442146e-07,0.6000000000000002,True,correct,0.6000000000000002,0.25000000000000006,0.5621765008857981,True,correct
DBLP,0.7,43,141,journals/sigmod/Chang03,True,1,B55TCVoUsnoJ,B55TCVoUsnoJ,True,0.999990255170729,5.7083434976781335e-06,0.9999845468272314,0.6000000000000002,True,correct,0.6000000000000002,0.25000000000000006,0.5621765008857981,True,correct
DBLP,0.7,43,142,journals/sigmod/KempsterST99,True,1,JfmkT9KvKWoJ,JfmkT9KvKWoJ,True,0.9999795732152256,0.9785837650404454,0.0213958081747801,0.6000000000000002,True,correct,0.6000000000000002,0.25000000000000006,0.5621765008857981,True,correct
DBLP,0.7,43,143,journals/tods/CeriFPT95,True,1,DoS7NkmUyYgJ,aphxPCo8qkgJ,False,0.9999166011218158,0.9996679381445266,0.0002486629772892,0.6000000000000002,True,false_link,0.6000000000000002,0.25000000000000006,0.5621765008857981,True,false_link
DBLP,0.7,43,144,journals/vldb/BeckerGOSW96,True,2,BNQ07kOYONgJ,BNQ07kOYONgJ,True,0.9999921716762724,0.9999772946074522,1.4877068820196016e-05,0.6000000000000002,True,correct,0.6000000000000002,0.25000000000000006,0.5621765008857981,True,correct
DBLP,0.7,43,145,conf/vldb/CareyD96,True,7,5HV8kccLoZ4J,5xe-dQqXfI8J,True,0.9999896330784458,0.9999813792488396,8.25382960634169e-06,0.6000000000000002,True,correct,0.6000000000000002,0.25000000000000006,0.5621765008857981,True,correct
DBLP,0.7,43,146,conf/sigmod/BaruFGHJPW95,True,2,C60KJG_xVm0J,C60KJG_xVm0J,True,0.9999912715360848,2.5966714352758992e-05,0.999965304821732,0.6000000000000002,True,correct,0.6000000000000002,0.25000000000000006,0.5621765008857981,True,correct
DBLP,0.7,43,147,journals/sigmod/WenLMZ03,True,1,5KdceadGf8cJ,5KdceadGf8cJ,True,0.9999913305942174,4.82417445152671e-06,0.9999865064197658,0.6000000000000002,True,correct,0.6000000000000002,0.25000000000000006,0.5621765008857981,True,correct
DBLP,0.7,43,148,conf/sigmod/PeiMHZ00,True,1,UyhrqiH_-MoJ,UyhrqiH_-MoJ,True,0.9999891257174686,6.0847206042417535e-06,0.9999830409968644,0.6000000000000002,True,correct,0.6000000000000002,0.25000000000000006,0.5621765008857981,True,correct
DBLP,0.7,43,149,conf/sigmod/GodfreySE98,True,2,f5cqkpUXl0kJ,f5cqkpUXl0kJ,True,0.9999912826998,0.999990157157184,1.1255426161094206e-06,0.6000000000000002,True,correct,0.6000000000000002,0.25000000000000006,0.5621765008857981,True,correct
DBLP,0.7,43,150,journals/vldb/NanopoulosM02,True,1,icoWjIZ_6IIJ,icoWjIZ_6IIJ,True,0.9999911957851516,4.720843558615111e-06,0.9999864749415928,0.6000000000000002,True,correct,0.6000000000000002,0.25000000000000006,0.5621765008857981,True,correct
DBLP,0.7,43,151,journals/vldb/BerchtoldKK97,True,1,VHo2go6vjYsJ,VHo2go6vjYsJ,True,0.9999931591352574,4.3628382066881066e-06,0.9999887962970508,0.6000000000000002,True,correct,0.6000000000000002,0.25000000000000006,0.5621765008857981,True,correct
DBLP,0.7,43,152,conf/sigmod/BrunoKS02,True,3,2VpRW4Tf08EJ,GahdNMZNCWgJ,True,0.9999881783233832,0.9277370364938278,0.0722511418295553,0.6000000000000002,True,correct,0.6000000000000002,0.25000000000000006,0.5621765008857981,True,correct
DBLP,0.7,43,153,conf/vldb/LuOT94,True,1,ZFXYXT4yEcAJ,ZFXYXT4yEcAJ,True,0.9999897158232628,4.978092693316866e-06,0.9999847377305694,0.6000000000000002,True,correct,0.6000000000000002,0.25000000000000006,0.5621765008857981,True,correct
DBLP,0.7,43,154,conf/sigmod/GuhaJKSY02,True,1,z6l0wfs32iYJ,z6l0wfs32iYJ,True,0.9999851884375452,1.100624172557842e-05,0.9999741821958196,0.6000000000000002,True,correct,0.6000000000000002,0.25000000000000006,0.5621765008857981,True,correct
DBLP,0.7,43,155,journals/sigmod/LeeCL95,True,1,G1E5PwzwdSMJ,G1E5PwzwdSMJ,True,0.9999853474748108,7.111153921326048e-06,0.9999782363208894,0.6000000000000002,True,correct,0.6000000000000002,0.25000000000000006,0.5621765008857981,True,correct
DBLP,0.7,43,156,journals/vldb/BernsteinIR03,True,1,url:http://www.springerlink.com/index/RTCC57FUUW3CADRF.pdf,url:http://www.springerlink.com/index/589TQRPPVBXQ6LJN.pdf,False,0.672274314091491,0.4976748730953237,0.1745994409961672,0.6000000000000002,True,false_link,0.6000000000000002,0.25000000000000006,0.5621765008857981,True,false_link
DBLP,0.7,43,157,conf/sigmod/Rajaraman99,True,2,m_n55lcmF-sJ,url:http://portal.acm.org/ft_gateway.cfm%3Fid%3D304246%26type%3Dpdf%26dl%3DGUIDE%26dl%3DACM%26CFID%3D11111111%26CFTOKEN%3D2222222,True,0.9999878427718834,0.9999840888617764,3.7539101069850034e-06,0.6000000000000002,True,correct,0.6000000000000002,0.25000000000000006,0.5621765008857981,True,correct
DBLP,0.7,43,158,conf/vldb/SindoniTABFGMPPT01,True,1,0zdXnl9cQysJ,0zdXnl9cQysJ,True,0.9999891647747212,6.016705911296729e-06,0.99998314806881,0.6000000000000002,True,correct,0.6000000000000002,0.25000000000000006,0.5621765008857981,True,correct
DBLP,0.7,43,159,conf/vldb/EsterKSWX98,True,2,ebJMvVO8zp0J,MC7KlhmEQt8J,True,0.9999922159411868,0.9999912017864452,1.0141547416298025e-06,0.6000000000000002,True,correct,0.6000000000000002,0.25000000000000006,0.5621765008857981,True,correct
DBLP,0.7,43,160,journals/vldb/DiazJ97,True,1,RKAY1aZAeCoJ,RKAY1aZAeCoJ,True,0.9999891650227144,4.975245034800341e-06,0.9999841897776794,0.6000000000000002,True,correct,0.6000000000000002,0.25000000000000006,0.5621765008857981,True,correct
DBLP,0.7,43,161,conf/sigmod/Amer-YahiaCLS01,True,4,DFubU20j1OIJ,DFubU20j1OIJ,True,0.9999874200999834,0.9998461829029608,0.0001412371970227,0.6000000000000002,True,correct,0.6000000000000002,0.25000000000000006,0.5621765008857981,True,correct
DBLP,0.7,43,162,conf/sigmod/Cattell94,True,2,QgR0DgMbdgIJ,QgR0DgMbdgIJ,True,0.9999900147628232,6.175096589711088e-06,0.9999838396662336,0.6000000000000002,True,correct,0.6000000000000002,0.25000000000000006,0.5621765008857981,True,correct
DBLP,0.7,43,163,journals/vldb/LandauST95,True,3,E8U_krxA1dsJ,N9d3F0NvbcEJ,True,0.9999892694778364,0.9999844510177808,4.818460055511231e-06,0.6000000000000002,True,correct,0.6000000000000002,0.25000000000000006,0.5621765008857981,True,correct
DBLP,0.7,43,164,conf/vldb/GuptaHQ95,True,5,16a8RD8og7QJ,VCSbj6MwKlgJ,True,0.999991299601149,0.9999697902675238,2.150933362521368e-05,0.6000000000000002,True,correct,0.6000000000000002,0.25000000000000006,0.5621765008857981,True,correct
DBLP,0.7,43,165,conf/vldb/LiCHPALHAY01,True,1,Nn0x6RmkrVwJ,Nn0x6RmkrVwJ,True,0.9999922993532012,6.439584345269984e-06,0.999985859768856,0.6000000000000002,True,correct,0.6000000000000002,0.25000000000000006,0.5621765008857981,True,correct
DBLP,0.7,43,166,journals/tods/DekhtyarRS01,True,6,5HstPUbtZ1QJ,jZShiF9wrikJ,True,0.9999887346681906,0.9999880953053968,6.393627937084645e-07,0.6000000000000002,True,correct,0.6000000000000002,0.25000000000000006,0.5621765008857981,True,correct
DBLP,0.7,43,167,journals/sigmod/Winslett03b,False,0,,nPkMLSiC3JQJ,False,6.136743387247621e-06,5.444473974592502e-06,6.922694126551187e-07,0.6000000000000002,False,unmatched_abstention,0.6000000000000002,0.25000000000000006,0.5621765008857981,False,unmatched_abstention
DBLP,0.7,43,168,conf/vldb/LimWV03,True,1,aPJnWocHLUwJ,aPJnWocHLUwJ,True,0.9999924777730188,4.935378988359264e-06,0.9999875423940304,0.6000000000000002,True,correct,0.6000000000000002,0.25000000000000006,0.5621765008857981,True,correct
DBLP,0.7,43,169,conf/vldb/NaumannLF99,True,3,gvua8jbnHPkJ,MEQuU1E4vdoJ,True,0.9999914411828412,0.9999838418309916,7.599351849796321e-06,0.6000000000000002,True,correct,0.6000000000000002,0.25000000000000006,0.5621765008857981,True,correct
DBLP,0.7,43,170,conf/sigmod/DoppelhammerHKK97,True,2,LUfRqM48JaEJ,q_A8Y8KY9WkJ,True,0.9999919482213552,0.9999886270029216,3.3212184333830663e-06,0.6000000000000002,True,correct,0.6000000000000002,0.25000000000000006,0.5621765008857981,True,correct
DBLP,0.7,43,171,conf/sigmod/IvesLPST00,True,2,4-FwpSOweRAJ,rtnpqb22gGcJ,True,0.9999915310718018,0.9999836916198648,7.8394519369418e-06,0.6000000000000002,True,correct,0.6000000000000002,0.25000000000000006,0.5621765008857981,True,correct
DBLP,0.7,43,172,conf/vldb/LakshmiZ98,True,2,3XwLBVHUBvAJ,QmXB6EKu-pYJ,True,0.9999892549264404,0.9576530214324304,0.04233623349401,0.6000000000000002,True,correct,0.6000000000000002,0.25000000000000006,0.5621765008857981,True,correct
DBLP,0.7,43,173,journals/sigmod/KambhampatiK03,True,1,url:http://portal.acm.org/ft_gateway.cfm%3Fid%3D959086%26type%3Dpdf%26dl%3DGUIDE%26dl%3DACM%26CFID%3D11111111%26CFTOKEN%3D2222222,url:http://portal.acm.org/ft_gateway.cfm%3Fid%3D959086%26type%3Dpdf%26dl%3DGUIDE%26dl%3DACM%26CFID%3D11111111%26CFTOKEN%3D2222222,True,0.99999254023905,5.053747572816889e-06,0.9999874864914772,0.6000000000000002,True,correct,0.6000000000000002,0.25000000000000006,0.5621765008857981,True,correct
DBLP,0.7,43,174,journals/sigmod/Chen94,True,1,url:http://portal.acm.org/ft_gateway.cfm%3Fid%3D187460%26type%3Dpdf%26coll%3DGUIDE%26dl%3DACM%26CFID%3D11111111%26CFTOKEN%3D2222222,url:http://portal.acm.org/ft_gateway.cfm%3Fid%3D187460%26type%3Dpdf%26coll%3DGUIDE%26dl%3DACM%26CFID%3D11111111%26CFTOKEN%3D2222222,True,0.9999887869524812,0.0002069699585137,0.9997818169939672,0.6000000000000002,True,correct,0.6000000000000002,0.25000000000000006,0.5621765008857981,True,correct
DBLP,0.7,43,175,conf/sigmod/Pirahesh94,True,1,VG96hL8afvgJ,VG96hL8afvgJ,True,0.9999814078346936,1.3837397973465289e-05,0.99996757043672,0.6000000000000002,True,correct,0.6000000000000002,0.25000000000000006,0.5621765008857981,True,correct
DBLP,0.7,43,176,conf/sigmod/CatarciS01,True,1,frbExwv4DiwJ,frbExwv4DiwJ,True,0.9999871694297956,5.049850016153574e-06,0.9999821195797796,0.6000000000000002,True,correct,0.6000000000000002,0.25000000000000006,0.5621765008857981,True,correct
DBLP,0.7,43,177,conf/sigmod/ZhugeGHW95,True,10,_XLK2p-e2pYJ,_XLK2p-e2pYJ,True,0.9999894340842684,0.999987508970116,1.9251141524234683e-06,0.6000000000000002,True,correct,0.6000000000000002,0.25000000000000006,0.5621765008857981,True,correct
DBLP,0.7,43,178,journals/sigmod/AndlerHEMBE96,True,5,3Isoplo_hi0J,oNYOKYvjoKgJ,True,0.9999919436281752,0.9999889528414808,2.9907866945233508e-06,0.6000000000000002,True,correct,0.6000000000000002,0.25000000000000006,0.5621765008857981,True,correct
DBLP,0.7,43,179,conf/vldb/PapakonstantinouAG96,True,6,Aiy1CuDyBNQJ,gkbvvgj8kdUJ,True,0.9999901752757347,0.9999899180721212,2.572036135184419e-07,0.6000000000000002,True,correct,0.6000000000000002,0.25000000000000006,0.5621765008857981,True,correct
DBLP,0.7,43,180,conf/sigmod/Zeller03,False,0,,amSBALWOE6cJ,False,1.9249017796488904e-05,1.0454797886503024e-05,8.794219909985879e-06,0.6000000000000002,False,unmatched_abstention,0.6000000000000002,0.25000000000000006,0.5621765008857981,False,unmatched_abstention
DBLP,0.7,43,181,conf/vldb/Huyn01,True,1,SbL4xw4mCewJ,SbL4xw4mCewJ,True,0.999989592583286,4.494958664203644e-06,0.999985097624622,0.6000000000000002,True,correct,0.6000000000000002,0.25000000000000006,0.5621765008857981,True,correct
DBLP,0.7,43,182,conf/sigmod/CookKWZ96,True,1,5MTgNlhnyTgJ,5MTgNlhnyTgJ,True,0.9999904624610612,0.0001209389843781,0.9998695234766832,0.6000000000000002,True,correct,0.6000000000000002,0.25000000000000006,0.5621765008857981,True,correct
DBLP,0.7,43,183,journals/vldb/C94a,False,0,,url:http://www.springerlink.com/index/W80L2810707344M1.pdf,False,0.9911434033736564,0.0003264681461722,0.990816935227484,0.6000000000000002,True,false_link,0.6000000000000002,0.25000000000000006,0.5621765008857981,True,false_link
DBLP,0.7,43,184,journals/sigmod/Neven02,True,1,xAXF0HSF4h8J,xAXF0HSF4h8J,True,0.9999892481714194,4.993398233426456e-06,0.999984254773186,0.6000000000000002,True,correct,0.6000000000000002,0.25000000000000006,0.5621765008857981,True,correct
DBLP,0.7,43,185,conf/vldb/OzsuLON01,True,2,qqdXmdgAaMgJ,qqdXmdgAaMgJ,True,0.9999924608168296,0.9999899549253514,2.5058914780995423e-06,0.6000000000000002,True,correct,0.6000000000000002,0.25000000000000006,0.5621765008857981,True,correct
DBLP,0.7,43,186,journals/sigmod/Wedekind94,True,1,gqehj3-ukjIJ,gqehj3-ukjIJ,True,0.0975160107106093,1.980512936937977e-05,0.0974962055812399,0.6000000000000002,False,missing_match,0.6000000000000002,0.25000000000000006,0.5621765008857981,False,missing_match
DBLP,0.7,43,187,journals/sigmod/Han98,True,5,2kDtSxYI5DgJ,Y0GdVVrbzfQJ,True,0.999989450224295,0.9999872938139944,2.156410300435674e-06,0.6000000000000002,True,correct,0.6000000000000002,0.25000000000000006,0.5621765008857981,True,correct
DBLP,0.7,43,188,conf/vldb/StillgerLMK01,True,3,k8EsgEuKhQ0J,k8EsgEuKhQ0J,True,0.99998882738629,0.9999795358962622,9.29149002770746e-06,0.6000000000000002,True,correct,0.6000000000000002,0.25000000000000006,0.5621765008857981,True,correct
DBLP,0.7,43,189,conf/sigmod/MohanN94,True,1,_2hj6snS3foJ,_2hj6snS3foJ,True,0.999992820869229,0.0001134411260775,0.9998793797431514,0.6000000000000002,True,correct,0.6000000000000002,0.25000000000000006,0.5621765008857981,True,correct
DBLP,0.7,43,190,conf/vldb/WangC03,True,3,B1uNI67mfJcJ,B1uNI67mfJcJ,True,0.9999896038521884,0.9999710232823948,1.8580569793646973e-05,0.6000000000000002,True,correct,0.6000000000000002,0.25000000000000006,0.5621765008857981,True,correct
DBLP,0.7,43,191,journals/tods/GuoSW96,True,2,KoI8CRWkAYsJ,V8Ls_TYs6mgJ,True,0.9999919068654668,0.9999314374223024,6.0469443164401504e-05,0.6000000000000002,True,correct,0.6000000000000002,0.25000000000000006,0.5621765008857981,True,correct
DBLP,0.7,43,192,journals/tods/Ng01,True,1,npCKXD_vLM8J,npCKXD_vLM8J,True,0.9999879122980035,9.318013340706572e-05,0.9998947321645966,0.6000000000000002,True,correct,0.6000000000000002,0.25000000000000006,0.5621765008857981,True,correct
DBLP,0.7,43,193,journals/sigmod/Widom96a,False,0,,C84rFQN_ug0J,False,3.056774824981644e-05,2.13515071894012e-05,9.21624106041524e-06,0.6000000000000002,False,unmatched_abstention,0.6000000000000002,0.25000000000000006,0.5621765008857981,False,unmatched_abstention
DBLP,0.7,43,194,conf/sigmod/BabcockO03,True,1,acnzsOLHFywJ,acnzsOLHFywJ,True,0.999976185092203,6.46883368035432e-06,0.9999697162585226,0.6000000000000002,True,correct,0.6000000000000002,0.25000000000000006,0.5621765008857981,True,correct
DBLP,0.7,43,195,journals/sigmod/BuchnerM98,True,6,-3LEFj2dY-UJ,4J5CvdomBmsJ,True,0.9999908268378565,0.9999891697231764,1.6571146800314906e-06,0.6000000000000002,True,correct,0.6000000000000002,0.25000000000000006,0.5621765008857981,True,correct
DBLP,0.7,43,196,journals/tods/HsuSY01,True,2,dkdzE1VG71sJ,dkdzE1VG71sJ,True,0.9999515147841478,0.9886135353626924,0.0113379794214555,0.6000000000000002,True,correct,0.6000000000000002,0.25000000000000006,0.5621765008857981,True,correct
DBLP,0.7,43,197,journals/tods/BeneventanoBS03,True,1,rRH6Z1oP78cJ,rRH6Z1oP78cJ,True,0.9999919946201512,0.000156343453769,0.9998356511663824,0.6000000000000002,True,correct,0.6000000000000002,0.25000000000000006,0.5621765008857981,True,correct
DBLP,0.7,43,198,journals/sigmod/Alonso94,False,0,,uzEcNW5U3V4J,False,8.787560643797969e-05,4.529762678416401e-05,4.257797965381568e-05,0.6000000000000002,False,unmatched_abstention,0.6000000000000002,0.25000000000000006,0.5621765008857981,False,unmatched_abstention
DBLP,0.7,43,199,conf/vldb/RaghavanG01,True,3,9Wo54Wyh_X8J,LcX8Pm2ABJsJ,True,0.999987570238798,0.9999804193483376,7.150890460327908e-06,0.6000000000000002,True,correct,0.6000000000000002,0.25000000000000006,0.5621765008857981,True,correct
DBLP,0.7,43,200,conf/vldb/BlottKS98,False,0,,Phju6OZ7owkJ,False,5.816118894528762e-06,4.557169547981857e-06,1.2589493465469054e-06,0.6000000000000002,False,unmatched_abstention,0.6000000000000002,0.25000000000000006,0.5621765008857981,False,unmatched_abstention
DBLP,0.7,43,201,conf/sigmod/GuptaHR97,True,2,pGix0qZ6Uz4J,pGix0qZ6Uz4J,True,0.9999917508006518,0.9995983376916936,0.0003934131089583,0.6000000000000002,True,correct,0.6000000000000002,0.25000000000000006,0.5621765008857981,True,correct
DBLP,0.7,43,202,journals/vldb/CliftonGB95,True,1,YkIvdNOC64cJ,YkIvdNOC64cJ,True,0.9999925527920288,4.865484904786523e-06,0.999987687307124,0.6000000000000002,True,correct,0.6000000000000002,0.25000000000000006,0.5621765008857981,True,correct
DBLP,0.7,43,203,conf/vldb/SarawagiBKM02,True,1,G9DGYRD0cnMJ,G9DGYRD0cnMJ,True,0.9999908160713444,8.176495296303144e-05,0.9999090511183816,0.6000000000000002,True,correct,0.6000000000000002,0.25000000000000006,0.5621765008857981,True,correct
DBLP,0.7,43,204,conf/sigmod/CareyCNVDRSM99,True,1,W6ROObWo3bIJ,W6ROObWo3bIJ,True,0.9999891158299744,0.1188416278731099,0.8811474879568644,0.6000000000000002,True,correct,0.6000000000000002,0.25000000000000006,0.5621765008857981,True,correct
DBLP,0.7,43,205,journals/vldb/FernandezFLS00,True,1,uo79zyqUB10J,uo79zyqUB10J,True,0.9999881799692576,1.2071942533095224e-05,0.9999761080267244,0.6000000000000002,True,correct,0.6000000000000002,0.25000000000000006,0.5621765008857981,True,correct
DBLP,0.7,43,206,journals/sigmod/DogacAOD95,True,1,oUOuTMrB0esJ,oUOuTMrB0esJ,True,0.9999906654488154,6.294043696102637e-05,0.9999277250118545,0.6000000000000002,True,correct,0.6000000000000002,0.25000000000000006,0.5621765008857981,True,correct
DBLP,0.7,43,207,journals/sigmod/Scholl01,False,0,,url:http://portal.acm.org/citation.cfm%3Fid%3D604275,False,0.0669030149852264,3.377972018086545e-05,0.0668692352650455,0.6000000000000002,False,unmatched_abstention,0.6000000000000002,0.25000000000000006,0.5621765008857981,False,unmatched_abstention
DBLP,0.7,43,208,conf/vldb/GinisHKMT97,True,1,GBVvAWWCTcgJ,GBVvAWWCTcgJ,True,0.9999924851583027,6.51327996117594e-06,0.9999859718783416,0.6000000000000002,True,correct,0.6000000000000002,0.25000000000000006,0.5621765008857981,True,correct
DBLP,0.7,43,209,conf/sigmod/OzdenRSS96,True,1,-NqtWdEMQkgJ,-NqtWdEMQkgJ,True,0.9999907878259624,4.942170748866522e-06,0.9999858456552136,0.6000000000000002,True,correct,0.6000000000000002,0.25000000000000006,0.5621765008857981,True,correct
DBLP,0.7,43,210,conf/sigmod/GehrkeKS01,True,3,f6JFkfhawW8J,f6JFkfhawW8J,True,0.9999928527099632,0.9999925484797708,3.042301922606683e-07,0.6000000000000002,True,correct,0.6000000000000002,0.25000000000000006,0.5621765008857981,True,correct
DBLP,0.7,43,211,conf/sigmod/NestorovAM98,True,2,5icRoG_Vmc0J,5icRoG_Vmc0J,True,0.9999905463427428,0.9999668599354952,2.3686407247480723e-05,0.6000000000000002,True,correct,0.6000000000000002,0.25000000000000006,0.5621765008857981,True,correct
DBLP,0.7,43,212,conf/sigmod/AgrawalCD02,True,1,iABZEL2Zoz8J,iABZEL2Zoz8J,True,0.9999926706822702,0.0017747088278592,0.9982179618544108,0.6000000000000002,True,correct,0.6000000000000002,0.25000000000000006,0.5621765008857981,True,correct
DBLP,0.7,43,213,conf/sigmod/BilirisDGJR94,True,2,3Lzo6p8X-n4J,3Lzo6p8X-n4J,True,0.9999926148745564,0.999988466014788,4.148859768182689e-06,0.6000000000000002,True,correct,0.6000000000000002,0.25000000000000006,0.5621765008857981,True,correct
DBLP,0.7,43,214,conf/sigmod/SalemBCL00,True,1,FElMcikK2GUJ,FElMcikK2GUJ,True,0.9999877797236744,4.402867835093003e-06,0.9999833768558392,0.6000000000000002,True,correct,0.6000000000000002,0.25000000000000006,0.5621765008857981,True,correct
DBLP,0.7,43,215,conf/sigmod/Bussler02,True,1,url:http://portal.acm.org/ft_gateway.cfm%3Fid%3D564801%26type%3Dpdf%26dl%3DGUIDE%26dl%3DACM%26CFID%3D11111111%26CFTOKEN%3D2222222,url:http://portal.acm.org/ft_gateway.cfm%3Fid%3D564801%26type%3Dpdf%26dl%3DGUIDE%26dl%3DACM%26CFID%3D11111111%26CFTOKEN%3D2222222,True,0.9999808324792246,1.5813190570028778e-05,0.9999650192886548,0.6000000000000002,True,correct,0.6000000000000002,0.25000000000000006,0.5621765008857981,True,correct
DBLP,0.7,43,216,conf/sigmod/KemperKM98,True,2,5BK4tIRJ3wwJ,5BK4tIRJ3wwJ,True,0.9999881779513388,0.9999824553785894,5.722572749333743e-06,0.6000000000000002,True,correct,0.6000000000000002,0.25000000000000006,0.5621765008857981,True,correct
DBLP,0.7,43,217,conf/sigmod/JoshiA01,True,2,H9bMRYKnXMQJ,H9bMRYKnXMQJ,True,0.9999904953757548,0.9999825289431904,7.966432564399106e-06,0.6000000000000002,True,correct,0.6000000000000002,0.25000000000000006,0.5621765008857981,True,correct
DBLP,0.7,43,218,conf/sigmod/WodtkeWWDM97,True,2,tnXqwH3BXW0J,tnXqwH3BXW0J,True,0.9999908475562376,0.999988517531231,2.330025006713754e-06,0.6000000000000002,True,correct,0.6000000000000002,0.25000000000000006,0.5621765008857981,True,correct
DBLP,0.7,43,219,journals/sigmod/Yang94,True,1,sHJ914nPZtUJ,sHJ914nPZtUJ,True,0.999990957608618,4.834809100946794e-06,0.999986122799517,0.6000000000000002,True,correct,0.6000000000000002,0.25000000000000006,0.5621765008857981,True,correct
DBLP,0.7,43,220,conf/sigmod/ChoiC02,True,1,D8a4umAppIcJ,D8a4umAppIcJ,True,0.9999916384971076,5.411228634788487e-05,0.9999375262107596,0.6000000000000002,True,correct,0.6000000000000002,0.25000000000000006,0.5621765008857981,True,correct
DBLP,0.7,43,221,conf/vldb/KornSFSP96,True,8,1zxdq0otm4gJ,QjbxSG6_-WIJ,True,0.9999922854975892,0.999990442584642,1.8429129471364547e-06,0.6000000000000002,True,correct,0.6000000000000002,0.25000000000000006,0.5621765008857981,True,correct
DBLP,0.7,43,222,journals/vldb/WidomS00,True,1,url:http://www.springerlink.com/index/JWGUMV8YDL893E3V.pdf,url:http://www.springerlink.com/index/JWGUMV8YDL893E3V.pdf,True,0.3383641190552434,0.0009742781989543,0.337389840856289,0.6000000000000002,False,missing_match,0.6000000000000002,0.25000000000000006,0.5621765008857981,False,missing_match
DBLP,0.7,43,223,conf/sigmod/Hope95,True,1,w3Aykr4vDVwJ,w3Aykr4vDVwJ,True,0.9999851186505578,4.452656273046673e-06,0.9999806659942848,0.6000000000000002,True,correct,0.6000000000000002,0.25000000000000006,0.5621765008857981,True,correct
DBLP,0.7,43,224,journals/sigmod/Franklin98a,False,0,,url:http://portal.acm.org/citation.cfm%3Fid%3D945721.945727%26coll%3DGUIDE%26dl%3DACM%26idx%3DJ689%26part%3Dperiodical%26WantType%3Dperiodical%26title%3DACM%2520SIGMOD%2520Record%26CFID%3D11111111%26CFTOKEN%3D2222222,False,8.965523124365686e-06,8.850009295590129e-06,1.1551382877555669e-07,0.6000000000000002,False,unmatched_abstention,0.6000000000000002,0.25000000000000006,0.5621765008857981,False,unmatched_abstention
DBLP,0.7,43,225,conf/vldb/RizviH02,True,4,2pPdWgF69ZoJ,3ku_XOqYuawJ,True,0.9999922969513868,0.999991752562668,5.44388718659583e-07,0.6000000000000002,True,correct,0.6000000000000002,0.25000000000000006,0.5621765008857981,True,correct
DBLP,0.7,43,226,journals/vldb/BohmAnY97,True,4,O7IuKWfq4RYJ,XsTFqLpfsfgJ,True,0.999992697536428,0.9999921054314022,5.921050258983485e-07,0.6000000000000002,True,correct,0.6000000000000002,0.25000000000000006,0.5621765008857981,True,correct
DBLP,0.7,43,227,journals/sigmod/SmithO99,True,1,-iis302p2MkJ,-iis302p2MkJ,True,0.9999918407611242,4.873686164537453e-06,0.9999869670749596,0.6000000000000002,True,correct,0.6000000000000002,0.25000000000000006,0.5621765008857981,True,correct
DBLP,0.7,43,228,conf/sigmod/DanielsDDEHJJLSSS94,True,1,fLNHwVFqnbIJ,fLNHwVFqnbIJ,True,0.9999893159996748,5.149281903374254e-06,0.9999841667177716,0.6000000000000002,True,correct,0.6000000000000002,0.25000000000000006,0.5621765008857981,True,correct
DBLP,0.7,43,229,conf/vldb/ZengBNN01,True,2,3TivNLIErRkJ,3TivNLIErRkJ,True,0.9999918687331432,0.999969968931444,2.189980169919892e-05,0.6000000000000002,True,correct,0.6000000000000002,0.25000000000000006,0.5621765008857981,True,correct
DBLP,0.7,43,230,journals/sigmod/MalaikaEM03,True,2,OGh0R54BW0MJ,OGh0R54BW0MJ,True,0.99998667889546,0.0269143021341967,0.9730723767612632,0.6000000000000002,True,correct,0.6000000000000002,0.25000000000000006,0.5621765008857981,True,correct
DBLP,0.7,43,231,conf/vldb/RezendeS98,True,1,niRuvMkp4r4J,niRuvMkp4r4J,True,0.999990449518317,1.1974093036412044e-05,0.9999784754252804,0.6000000000000002,True,correct,0.6000000000000002,0.25000000000000006,0.5621765008857981,True,correct
DBLP,0.7,43,232,conf/vldb/Guting94,True,4,_0wERrIJ168J,584tvD8f6AAJ,True,0.999985289930896,0.9999451138162478,4.017611464801618e-05,0.6000000000000002,True,correct,0.6000000000000002,0.25000000000000006,0.5621765008857981,True,correct
DBLP,0.7,43,233,journals/sigmod/CaplinskasEV02,True,5,Axu6UlX-pPYJ,MH0RCZvsQ1cJ,True,0.999984851043294,0.9999820046604704,2.84638282355143e-06,0.6000000000000002,True,correct,0.6000000000000002,0.25000000000000006,0.5621765008857981,True,correct
DBLP,0.7,43,234,conf/sigmod/MassariPSC95,True,1,O2FrN68p5PUJ,O2FrN68p5PUJ,True,0.9999797288497272,0.999322529162881,0.000657199686846,0.6000000000000002,True,correct,0.6000000000000002,0.25000000000000006,0.5621765008857981,True,correct
DBLP,0.7,43,235,journals/sigmod/AbererCDDHPS03,True,1,hBrgosYDi3oJ,hBrgosYDi3oJ,True,0.999988714732426,0.0001282448419923,0.9998604698904336,0.6000000000000002,True,correct,0.6000000000000002,0.25000000000000006,0.5621765008857981,True,correct
DBLP,0.7,43,236,journals/vldb/ChienTZ02,True,1,j4wcclZqY0oJ,j4wcclZqY0oJ,True,0.9999922510265202,2.9687434227723167e-05,0.9999625635922924,0.6000000000000002,True,correct,0.6000000000000002,0.25000000000000006,0.5621765008857981,True,correct
DBLP,0.7,43,237,conf/vldb/LuoN01,True,1,TRWSf77xoWsJ,TRWSf77xoWsJ,True,0.9999908156334144,5.759905219710924e-06,0.9999850557281946,0.6000000000000002,True,correct,0.6000000000000002,0.25000000000000006,0.5621765008857981,True,correct
DBLP,0.7,43,238,journals/sigmod/GriffinK98,True,2,NusQl_2spdYJ,Qvl2bcDAyqEJ,True,0.9999901923788984,0.9999739580206352,1.6234358263256254e-05,0.6000000000000002,True,correct,0.6000000000000002,0.25000000000000006,0.5621765008857981,True,correct
DBLP,0.7,43,239,conf/vldb/KeidlSSK02,True,2,dTval1yE6p8J,dTval1yE6p8J,True,0.9999909397059494,0.9997301151100104,0.0002608245959389,0.6000000000000002,True,correct,0.6000000000000002,0.25000000000000006,0.5621765008857981,True,correct
DBLP,0.7,43,240,journals/sigmod/Gunther97,False,0,,url:http://www.springerlink.com/index/U224623541225714.pdf,False,2.6990064172243387e-05,2.0424525207624905e-05,6.565538964618482e-06,0.6000000000000002,False,unmatched_abstention,0.6000000000000002,0.25000000000000006,0.5621765008857981,False,unmatched_abstention
DBLP,0.7,43,241,conf/vldb/SizovGT03,True,1,UbQPXbPLMCAJ,UbQPXbPLMCAJ,True,0.9999908188736036,5.460114615397144e-06,0.9999853587589884,0.6000000000000002,True,correct,0.6000000000000002,0.25000000000000006,0.5621765008857981,True,correct
DBLP,0.7,43,242,journals/sigmod/Suciu02,True,1,Ikk1rb4o66UJ,Ikk1rb4o66UJ,True,0.9999846381884324,9.484052609250357e-06,0.9999751541358232,0.6000000000000002,True,correct,0.6000000000000002,0.25000000000000006,0.5621765008857981,True,correct
DBLP,0.7,43,243,conf/sigmod/ZhangRL96,True,17,1ms09_UeEH4J,hk9P76dJfcAJ,True,0.9999921858928064,0.999991460929008,7.249637983264279e-07,0.6000000000000002,True,correct,0.6000000000000002,0.25000000000000006,0.5621765008857981,True,correct
DBLP,0.7,43,244,conf/sigmod/CranorGJSS02,True,2,89Avc7qz9YoJ,89Avc7qz9YoJ,True,0.9999929285770236,0.999989960594894,2.9679821293981945e-06,0.6000000000000002,True,correct,0.6000000000000002,0.25000000000000006,0.5621765008857981,True,correct
DBLP,0.7,43,245,conf/vldb/BernsteinHSSZ97,True,3,62aA4DYB0MQJ,L2c8XblCSicJ,True,0.9999815408498436,0.9999806817440988,8.591057446549755e-07,0.6000000000000002,True,correct,0.6000000000000002,0.25000000000000006,0.5621765008857981,True,correct
DBLP,0.7,43,246,journals/sigmod/Segev94,False,0,,diQK7Y_z3XwJ,False,1.0819334203537036e-05,7.430876736090188e-06,3.3884574674468487e-06,0.6000000000000002,False,unmatched_abstention,0.6000000000000002,0.25000000000000006,0.5621765008857981,False,unmatched_abstention
DBLP,0.7,43,247,journals/sigmod/GalianoM03,False,0,,gIKwrx708HMJ,False,0.9999673494299854,0.99840316210912,0.0015641873208654,0.6000000000000002,True,false_link,0.6000000000000002,0.25000000000000006,0.5621765008857981,True,false_link
DBLP,0.7,43,248,journals/sigmod/Snodgrass98,False,0,,qU_IX5KFwIoJ,False,0.0010774671757142,0.0007804478163063,0.0002970193594078,0.6000000000000002,False,unmatched_abstention,0.6000000000000002,0.25000000000000006,0.5621765008857981,False,unmatched_abstention
DBLP,0.7,43,249,journals/sigmod/Snodgrass01,False,0,,qU_IX5KFwIoJ,False,0.00158842171742,0.0004772352381133,0.0011111864793067,0.6000000000000002,False,unmatched_abstention,0.6000000000000002,0.25000000000000006,0.5621765008857981,False,unmatched_abstention
DBLP,0.7,43,250,conf/vldb/Gawlick96,True,1,Y5OJk6_D-ZUJ,Y5OJk6_D-ZUJ,True,0.9999925470583813,4.941110393079488e-06,0.999987605947988,0.6000000000000002,True,correct,0.6000000000000002,0.25000000000000006,0.5621765008857981,True,correct
DBLP,0.7,43,251,conf/sigmod/KanthRSB99,True,2,I48hanU3OR4J,yPFlbrVJFJoJ,True,0.9999916987068904,0.999989759257654,1.9394492365432114e-06,0.6000000000000002,True,correct,0.6000000000000002,0.25000000000000006,0.5621765008857981,True,correct
DBLP,0.7,43,252,conf/sigmod/ChenR94,True,4,4Hhh-d__bksJ,4Hhh-d__bksJ,True,0.9999902945503109,0.999981579080627,8.715469683728827e-06,0.6000000000000002,True,correct,0.6000000000000002,0.25000000000000006,0.5621765008857981,True,correct
DBLP,0.7,43,253,conf/sigmod/StoltePAG03,True,1,9WTNlminW6AJ,9WTNlminW6AJ,True,0.9999920918830294,4.708434029682024e-06,0.9999873834489996,0.6000000000000002,True,correct,0.6000000000000002,0.25000000000000006,0.5621765008857981,True,correct
DBLP,0.7,43,254,journals/sigmod/Halevy03,True,1,706PCMwA_E4J,706PCMwA_E4J,True,0.9999926182332806,5.4577771088412046e-06,0.9999871604561718,0.6000000000000002,True,correct,0.6000000000000002,0.25000000000000006,0.5621765008857981,True,correct
DBLP,0.7,43,255,conf/sigmod/ChaudhuriDN01,True,2,lCQ0HZYyYNcJ,qfohkpyTawoJ,True,0.9999926581179568,0.9999915391202762,1.1189976805159318e-06,0.6000000000000002,True,correct,0.6000000000000002,0.25000000000000006,0.5621765008857981,True,correct
DBLP,0.7,43,256,conf/vldb/Bayer95,True,1,W3l3pQ62_YMJ,W3l3pQ62_YMJ,True,0.9999879527151844,6.1688162282734e-06,0.9999817838989562,0.6000000000000002,True,correct,0.6000000000000002,0.25000000000000006,0.5621765008857981,True,correct
DBLP,0.7,43,257,conf/vldb/SteenhagenABB94,True,5,aCZo57LF-4sJ,Xr2RguUzt-gJ,True,0.9999924055842208,0.9999897149993868,2.6905848340419425e-06,0.6000000000000002,True,correct,0.6000000000000002,0.25000000000000006,0.5621765008857981,True,correct
DBLP,0.7,43,258,journals/sigmod/Snodgrass03b,True,1,PmIVKWJ5_V4J,PmIVKWJ5_V4J,True,0.9999809869526096,1.371067813850474e-05,0.9999672762744712,0.6000000000000002,True,correct,0.6000000000000002,0.25000000000000006,0.5621765008857981,True,correct
DBLP,0.7,43,259,journals/vldb/C95c,False,0,,X90A1BsaKHoJ,False,0.0001318247149474,3.1119211532998045e-05,0.0001007055034144,0.6000000000000002,False,unmatched_abstention,0.6000000000000002,0.25000000000000006,0.5621765008857981,False,unmatched_abstention
DBLP,0.7,43,260,conf/vldb/FukudaMMT96,True,1,B8_0dK37qcsJ,B8_0dK37qcsJ,True,0.999991996421682,2.050350476759334e-05,0.9999714929169145,0.6000000000000002,True,correct,0.6000000000000002,0.25000000000000006,0.5621765008857981,True,correct
DBLP,0.7,43,261,journals/sigmod/TanK03,True,2,qIzj09N-Qr8J,qIzj09N-Qr8J,True,0.9999926733867968,0.9999807913984118,1.188198838508736e-05,0.6000000000000002,True,correct,0.6000000000000002,0.25000000000000006,0.5621765008857981,True,correct
DBLP,0.7,43,262,conf/sigmod/DewanSHH94,True,1,GUdXGx4blW8J,GUdXGx4blW8J,True,0.9999916438778824,1.4936757584724665e-05,0.9999767071202976,0.6000000000000002,True,correct,0.6000000000000002,0.25000000000000006,0.5621765008857981,True,correct
DBLP,0.7,43,263,journals/vldb/LinJF94,True,4,8-USisLIGMMJ,vmxFQL7lhKoJ,True,0.9999860674219756,0.999985036181702,1.0312402737300277e-06,0.6000000000000002,True,correct,0.6000000000000002,0.25000000000000006,0.5621765008857981,True,correct
DBLP,0.7,43,264,conf/sigmod/CohenM03,True,1,bQv5hYB-JIEJ,bQv5hYB-JIEJ,True,0.9999518749198516,4.518868986209082e-06,0.9999473560508652,0.6000000000000002,True,correct,0.6000000000000002,0.25000000000000006,0.5621765008857981,True,correct
DBLP,0.7,43,265,journals/sigmod/Finkelstein95,True,1,gbnxN3MpucMJ,gbnxN3MpucMJ,True,0.9999856290672848,6.577623922566042e-06,0.9999790514433624,0.6000000000000002,True,correct,0.6000000000000002,0.25000000000000006,0.5621765008857981,True,correct
DBLP,0.7,43,266,journals/sigmod/Lomet01,True,1,fI5o4MfWwzIJ,fI5o4MfWwzIJ,True,0.999992325218776,5.5324797713976205e-06,0.9999867927390046,0.6000000000000002,True,correct,0.6000000000000002,0.25000000000000006,0.5621765008857981,True,correct
DBLP,0.7,43,267,conf/sigmod/BrinMUT97,True,13,0cOrb6RuPW0J,vIwsSOGQOWAJ,True,0.9999927030916828,0.9999921054615174,5.976301653554117e-07,0.6000000000000002,True,correct,0.6000000000000002,0.25000000000000006,0.5621765008857981,True,correct
DBLP,0.7,43,268,journals/sigmod/Franklin97b,False,0,,C84rFQN_ug0J,False,9.352987685239686e-06,9.020436983286426e-06,3.3255070195326e-07,0.6000000000000002,False,unmatched_abstention,0.6000000000000002,0.25000000000000006,0.5621765008857981,False,unmatched_abstention
DBLP,0.7,43,269,conf/sigmod/RafieiM97,True,8,F9KzvnDpCPUJ,F9KzvnDpCPUJ,True,0.9999897434828168,0.9999878523215004,1.8911613163252736e-06,0.6000000000000002,True,correct,0.6000000000000002,0.25000000000000006,0.5621765008857981,True,correct
DBLP,0.7,43,270,journals/vldb/ChangG01,True,1,hYu2nw263UoJ,hYu2nw263UoJ,True,0.9999856864448812,7.439626727849667e-06,0.9999782468181532,0.6000000000000002,True,correct,0.6000000000000002,0.25000000000000006,0.5621765008857981,True,correct
DBLP,0.7,43,271,conf/sigmod/GreenwaldK01,True,2,8but_7FuryIJ,8but_7FuryIJ,True,0.9999900224826412,0.9999668442563122,2.3178226328912643e-05,0.6000000000000002,True,correct,0.6000000000000002,0.25000000000000006,0.5621765008857981,True,correct
DBLP,0.7,43,272,journals/sigmod/BernsteinBCDFGGHHJLMNPSU98,True,6,CuNhtOboaGoJ,Syu5W-3uFFAJ,True,0.9999892174693068,0.9999849972013802,4.220267926458021e-06,0.6000000000000002,True,correct,0.6000000000000002,0.25000000000000006,0.5621765008857981,True,correct
DBLP,0.7,43,273,conf/sigmod/HernandezS95,True,5,7EYR1qDwKg0J,IHy3bqAuSOUJ,True,0.9999917301318342,0.9999913935874843,3.365443497216347e-07,0.6000000000000002,True,correct,0.6000000000000002,0.25000000000000006,0.5621765008857981,True,correct
DBLP,0.7,43,274,journals/sigmod/CoxEH96,True,1,pqzGz7zfpDgJ,pqzGz7zfpDgJ,True,0.9999861398463036,4.869476997880456e-06,0.9999812703693058,0.6000000000000002,True,correct,0.6000000000000002,0.25000000000000006,0.5621765008857981,True,correct
DBLP,0.7,43,275,conf/sigmod/ChoSG00,True,1,ilJdCU_qODkJ,ilJdCU_qODkJ,True,0.999992226045293,6.441801709757418e-06,0.9999857842435832,0.6000000000000002,True,correct,0.6000000000000002,0.25000000000000006,0.5621765008857981,True,correct
DBLP,0.7,43,276,journals/sigmod/ChristoffelPSL98,True,4,F7QAoJ5PGekJ,yC3NWP247K8J,True,0.9999888349806626,0.9999877387378282,1.096242834397465e-06,0.6000000000000002,True,correct,0.6000000000000002,0.25000000000000006,0.5621765008857981,True,correct
DBLP,0.7,43,277,journals/tods/TaoP03,True,1,faqaX7J_Kl8J,faqaX7J_Kl8J,True,0.9999814747884852,8.604418289144442e-06,0.9999728703701962,0.6000000000000002,True,correct,0.6000000000000002,0.25000000000000006,0.5621765008857981,True,correct
DBLP,0.7,43,278,conf/vldb/KietzRS97,True,1,L4k3lAWc-JgJ,L4k3lAWc-JgJ,True,0.9999900161435004,1.1977736330749131e-05,0.9999780384071696,0.6000000000000002,True,correct,0.6000000000000002,0.25000000000000006,0.5621765008857981,True,correct
DBLP,0.7,43,279,conf/vldb/Chawathe99,True,3,1-mxxSvIMB8J,1-mxxSvIMB8J,True,0.9999914352549928,0.99998777845332,3.656801672913268e-06,0.6000000000000002,True,correct,0.6000000000000002,0.25000000000000006,0.5621765008857981,True,correct
DBLP,0.7,43,280,conf/vldb/WuYCT95,True,2,A5s_U6Ixg3EJ,A5s_U6Ixg3EJ,True,0.9999926543500688,0.0086340377153029,0.9913586166347657,0.6000000000000002,True,correct,0.6000000000000002,0.25000000000000006,0.5621765008857981,True,correct
DBLP,0.7,43,281,conf/vldb/BraumandlCK98,True,1,rH5VOr1x-a8J,rH5VOr1x-a8J,True,0.9999914224790344,5.1223876586987134e-06,0.9999863000913758,0.6000000000000002,True,correct,0.6000000000000002,0.25000000000000006,0.5621765008857981,True,correct
DBLP,0.7,43,282,conf/vldb/RantzauCHM02,False,0,,1px2xYEVMzwJ,False,4.4087417889868055e-06,4.406829163177948e-06,1.9126258088574783e-09,0.6000000000000002,False,unmatched_abstention,0.6000000000000002,0.25000000000000006,0.5621765008857981,False,unmatched_abstention
DBLP,0.7,43,283,conf/vldb/LeeLWS97,True,2,3k61gi_ld_UJ,3k61gi_ld_UJ,True,0.9999910253578213,0.999989288627725,1.7367300962911614e-06,0.6000000000000002,True,correct,0.6000000000000002,0.25000000000000006,0.5621765008857981,True,correct
DBLP,0.7,43,284,journals/vldb/SuHHHLWLPLL01,True,3,GRzquCzL_OUJ,xcRKDHBIUb8J,True,0.9999926291016848,0.9999919369718684,6.921298162376743e-07,0.6000000000000002,True,correct,0.6000000000000002,0.25000000000000006,0.5621765008857981,True,correct
DBLP,0.7,43,285,conf/vldb/BertinoBFS96,True,1,s0v9B-K8owEJ,s0v9B-K8owEJ,True,0.9999915534464896,0.0295882171795575,0.9704033362669322,0.6000000000000002,True,correct,0.6000000000000002,0.25000000000000006,0.5621765008857981,True,correct
DBLP,0.7,43,286,journals/sigmod/Stacey95,True,2,2GKNc8zlLRwJ,rdXUggm5kg0J,True,0.9999868150154392,0.9999227506831394,6.406433229988462e-05,0.6000000000000002,True,correct,0.6000000000000002,0.25000000000000006,0.5621765008857981,True,correct
DBLP,0.7,43,287,conf/sigmod/BunemanKTT02,True,1,cKIQyzazkYEJ,cKIQyzazkYEJ,True,0.9999804540869828,8.59292972093098e-06,0.999971861157262,0.6000000000000002,True,correct,0.6000000000000002,0.25000000000000006,0.5621765008857981,True,correct
DBLP,0.7,43,288,journals/sigmod/Dogac02,True,1,url:http://portal.acm.org/ft_gateway.cfm%3Fid%3D507340%26type%3Dpdf%26dl%3DGUIDE%26dl%3DACM%26CFID%3D11111111%26CFTOKEN%3D2222222,url:http://portal.acm.org/citation.cfm%3Fid%3D945721.945727%26coll%3DGUIDE%26dl%3DACM%26idx%3DJ689%26part%3Dperiodical%26WantType%3Dperiodical%26title%3DACM%2520SIGMOD%2520Record%26CFID%3D11111111%26CFTOKEN%3D2222222,False,0.0094846738126065,0.0063997569689806,0.0030849168436258,0.6000000000000002,False,missing_match,0.6000000000000002,0.25000000000000006,0.5621765008857981,False,missing_match
DBLP,0.7,43,289,journals/sigmod/AbererCH02,True,2,ulDBbXl-6Q4J,ulDBbXl-6Q4J,True,0.9999907731603662,0.9999893532160654,1.4199443008067192e-06,0.6000000000000002,True,correct,0.6000000000000002,0.25000000000000006,0.5621765008857981,True,correct
DBLP,0.7,43,290,conf/sigmod/RadekeBBEKKN95,True,2,bDN03rZhUQEJ,bDN03rZhUQEJ,True,0.9999902470170932,0.9988657791302452,0.001124467886848,0.6000000000000002,True,correct,0.6000000000000002,0.25000000000000006,0.5621765008857981,True,correct
DBLP,0.7,43,291,journals/sigmod/DongS00,True,1,gH_HDDJghbAJ,gH_HDDJghbAJ,True,0.9999880657280368,5.471838046853829e-06,0.99998259388999,0.6000000000000002,True,correct,0.6000000000000002,0.25000000000000006,0.5621765008857981,True,correct
DBLP,0.7,43,292,journals/sigmod/KlasS94,True,3,bViLh5-jVsAJ,bViLh5-jVsAJ,True,0.9997542146809768,0.9952960722006904,0.0044581424802864,0.6000000000000002,True,correct,0.6000000000000002,0.25000000000000006,0.5621765008857981,True,correct
DBLP,0.7,43,293,conf/vldb/TanSHCR01,True,2,004z3CTw0DEJ,hPcNG0tPwgIJ,True,0.9999921035791032,0.999991297767258,8.058118450282592e-07,0.6000000000000002,True,correct,0.6000000000000002,0.25000000000000006,0.5621765008857981,True,correct
DBLP,0.7,43,294,journals/tods/KarpSP03,True,1,mAQIVsd2VOMJ,mAQIVsd2VOMJ,True,0.9999927744924852,9.494921410846718e-06,0.9999832795710742,0.6000000000000002,True,correct,0.6000000000000002,0.25000000000000006,0.5621765008857981,True,correct
DBLP,0.7,43,295,conf/vldb/CeriCW00,True,4,bDuu6x2n1tgJ,HbrsuuNPd1QJ,True,0.9999902531166928,0.9999890846770948,1.1684395979649764e-06,0.6000000000000002,True,correct,0.6000000000000002,0.25000000000000006,0.5621765008857981,True,correct
DBLP,0.7,43,296,conf/vldb/Hallmark95,True,2,tiAgO7G7YuAJ,xTKZ6OuegIEJ,True,0.9999441475226304,0.000318721307193,0.9996254262154374,0.6000000000000002,True,correct,0.6000000000000002,0.25000000000000006,0.5621765008857981,True,correct
DBLP,0.7,43,297,journals/sigmod/BichlerSZ98,True,2,fQNdA5cjapAJ,fQNdA5cjapAJ,True,0.9999918912752392,0.9999899624138324,1.928861406819138e-06,0.6000000000000002,True,correct,0.6000000000000002,0.25000000000000006,0.5621765008857981,True,correct
DBLP,0.7,43,298,conf/vldb/HristidisGP03,True,1,B2rShDD99xwJ,B2rShDD99xwJ,True,0.9999901304908492,1.0557082479437907e-05,0.9999795734083698,0.6000000000000002,True,correct,0.6000000000000002,0.25000000000000006,0.5621765008857981,True,correct
DBLP,0.7,43,299,conf/vldb/MedianoCD94,True,1,qwjRkZuiMHsJ,qwjRkZuiMHsJ,True,0.9999736166067328,4.304023041511918e-06,0.9999693125836912,0.6000000000000002,True,correct,0.6000000000000002,0.25000000000000006,0.5621765008857981,True,correct
DBLP,0.7,43,300,journals/sigmod/LudwigG00,True,1,T7hbL2VkOhsJ,T7hbL2VkOhsJ,True,0.9842115641474533,5.211977452062319e-06,0.9842063521700012,0.6000000000000002,True,correct,0.6000000000000002,0.25000000000000006,0.5621765008857981,True,correct
DBLP,0.7,43,301,conf/vldb/OoiYTJ01,True,2,RFEE_MNM8IUJ,RFEE_MNM8IUJ,True,0.9999913145234322,0.9999911891832016,1.253402306389262e-07,0.6000000000000002,True,correct,0.6000000000000002,0.25000000000000006,0.5621765008857981,True,correct
DBLP,0.7,43,302,journals/sigmod/CherniakV03,False,0,,uPBlQ76s_g4J,False,0.1682060066728967,0.0086501213470555,0.1595558853258411,0.6000000000000002,False,unmatched_abstention,0.6000000000000002,0.25000000000000006,0.5621765008857981,False,unmatched_abstention
DBLP,0.7,43,303,conf/sigmod/Kennamer98,True,3,RQ9qLR4St8sJ,url:http://portal.acm.org/citation.cfm%3Fid%3D276304.276373%26dl%3Dportal%26dl%3DACM%26type%3Dseries%26idx%3D276304%26part%3DProceedings%26WantType%3DProceedings%26title%3DInternational%2520Conference%2520on%2520Management%2520of%2520Data%26CFID%3D11111111%26CFTOKEN%3D2222222,True,0.9999935600226044,0.9999918271872263,1.732835377965536e-06,0.6000000000000002,True,correct,0.6000000000000002,0.25000000000000006,0.5621765008857981,True,correct
DBLP,0.7,43,304,conf/vldb/GuPS00,True,2,mRWLGqueLNsJ,mRWLGqueLNsJ,True,0.9999930175964284,0.9999891414276528,3.876168775729383e-06,0.6000000000000002,True,correct,0.6000000000000002,0.25000000000000006,0.5621765008857981,True,correct
DBLP,0.7,43,305,conf/sigmod/AntonJLPZZ02,True,1,89P3EdEDuOEJ,89P3EdEDuOEJ,True,0.999992608568423,4.211089569382116e-05,0.9999504976727293,0.6000000000000002,True,correct,0.6000000000000002,0.25000000000000006,0.5621765008857981,True,correct
DBLP,0.7,43,306,journals/sigmod/BergamaschiCV99,True,3,4C9A2HGs4qsJ,4C9A2HGs4qsJ,True,0.9999885810969698,0.9999619742473678,2.660684960198445e-05,0.6000000000000002,True,correct,0.6000000000000002,0.25000000000000006,0.5621765008857981,True,correct
DBLP,0.7,43,307,journals/tods/ZaharioudakisCF97,True,2,EN1nFWJxnoIJ,naUCkadkOekJ,True,0.999992382009437,1.5733376095277653e-05,0.9999766486333416,0.6000000000000002,True,correct,0.6000000000000002,0.25000000000000006,0.5621765008857981,True,correct
DBLP,0.7,43,308,conf/vldb/AbiteboulABBNM03,True,1,TD1X4Bo-eYsJ,TD1X4Bo-eYsJ,True,0.9999916999417984,5.29049552858338e-06,0.9999864094462698,0.6000000000000002,True,correct,0.6000000000000002,0.25000000000000006,0.5621765008857981,True,correct
DBLP,0.7,43,309,journals/tods/ChrysanthisR94,True,1,q2yP1EWKhTcJ,q2yP1EWKhTcJ,True,0.9999905042817178,0.9999281162945776,6.238798714008897e-05,0.6000000000000002,True,correct,0.6000000000000002,0.25000000000000006,0.5621765008857981,True,correct
DBLP,0.7,43,310,conf/sigmod/LamCKNH01,True,1,8hdQohffF48J,8hdQohffF48J,True,0.9999826183354282,4.377003401102822e-06,0.9999782413320272,0.6000000000000002,True,correct,0.6000000000000002,0.25000000000000006,0.5621765008857981,True,correct
DBLP,0.7,43,311,conf/sigmod/PatelD96,True,5,Goan1fI4O_oJ,nmTGteLy8NAJ,True,0.9999858839001958,0.9999852442959852,6.396042107059685e-07,0.6000000000000002,True,correct,0.6000000000000002,0.25000000000000006,0.5621765008857981,True,correct
DBLP,0.7,43,312,conf/sigmod/RaoBG96,True,2,UmM1k4NoD2IJ,UmM1k4NoD2IJ,True,0.999991569814872,0.999563810341374,0.0004277594734982,0.6000000000000002,True,correct,0.6000000000000002,0.25000000000000006,0.5621765008857981,True,correct
DBLP,0.7,43,313,conf/vldb/SteinbrunnPMK95,True,2,EPtaqugcCyMJ,EPtaqugcCyMJ,True,0.9999875070282722,0.999954065048986,3.344197928611958e-05,0.6000000000000002,True,correct,0.6000000000000002,0.25000000000000006,0.5621765008857981,True,correct
DBLP,0.7,43,314,conf/sigmod/SlivinskasJS01,True,1,oAVbM_vepr8J,oAVbM_vepr8J,True,0.9999922589075756,4.484506981477347e-06,0.9999877744005942,0.6000000000000002,True,correct,0.6000000000000002,0.25000000000000006,0.5621765008857981,True,correct
DBLP,0.7,43,315,journals/sigmod/Kuijpers02,True,1,url:http://portal.acm.org/citation.cfm%3Fid%3D601858.601866%26dl%3DGUIDE%26dl%3DACM%26idx%3DJ689%26part%3Dperiodical%26WantType%3Dperiodical%26title%3DACM%2520SIGMOD%2520Record%26CFID%3D11111111%26CFTOKEN%3D2222222,06Ut4zQ7xWQJ,False,0.9999357987878286,0.9998816554493528,5.414333847575392e-05,0.6000000000000002,True,false_link,0.6000000000000002,0.25000000000000006,0.5621765008857981,True,false_link
DBLP,0.7,43,316,conf/vldb/FuhDCMTLDRM99,True,1,nh2FuiC6fHgJ,nh2FuiC6fHgJ,True,0.9999910387509128,4.252164187771151e-06,0.999986786586725,0.6000000000000002,True,correct,0.6000000000000002,0.25000000000000006,0.5621765008857981,True,correct
DBLP,0.7,43,317,conf/vldb/DiligentiCLGG00,True,1,XCP3p-Hk8bMJ,XCP3p-Hk8bMJ,True,0.9999895020312666,4.4836517150536056e-06,0.9999850183795516,0.6000000000000002,True,correct,0.6000000000000002,0.25000000000000006,0.5621765008857981,True,correct
DBLP,0.7,43,318,journals/tods/LiuM96,True,3,moMP8RcSDhgJ,TNx5vnRHHxMJ,True,0.9999904759403306,0.9998975527375312,9.292320279941092e-05,0.6000000000000002,True,correct,0.6000000000000002,0.25000000000000006,0.5621765008857981,True,correct
DBLP,0.7,43,319,journals/sigmod/Hammer00,True,1,url:http://portal.acm.org/ft_gateway.cfm%3Fid%3D601859%26type%3Dpdf%26dl%3DGUIDE%26dl%3DACM%26CFID%3D11111111%26CFTOKEN%3D2222222,url:http://portal.acm.org/ft_gateway.cfm%3Fid%3D601859%26type%3Dpdf%26dl%3DGUIDE%26dl%3DACM%26CFID%3D11111111%26CFTOKEN%3D2222222,True,0.999943062339672,4.117013031978211e-05,0.999901892209352,0.6000000000000002,True,correct,0.6000000000000002,0.25000000000000006,0.5621765008857981,True,correct
DBLP,0.7,43,320,conf/vldb/TamuraK99,True,3,N0yBbMrpeUwJ,w2W3fqz4M7IJ,True,0.9999925195581184,0.999992492056626,2.7501492305681552e-08,0.6000000000000002,True,correct,0.6000000000000002,0.25000000000000006,0.5621765008857981,True,correct
DBLP,0.7,43,321,journals/vldb/Baumann94,True,1,2Yii02idzcUJ,2Yii02idzcUJ,True,0.9999749225715464,0.0001025785459408,0.9998723440256057,0.6000000000000002,True,correct,0.6000000000000002,0.25000000000000006,0.5621765008857981,True,correct
DBLP,0.7,43,322,conf/sigmod/ThaperGIK02,True,4,6a1G1MBvuWcJ,855tuDOhjl4J,True,0.9999852882473904,0.999985173117914,1.1512947639680249e-07,0.6000000000000002,True,correct,0.6000000000000002,0.25000000000000006,0.5621765008857981,True,correct
DBLP,0.7,43,323,journals/sigmod/Kemper02,False,0,,bUvKrCjhep0J,False,5.817772031404787e-06,5.285296295130337e-06,5.324757362744502e-07,0.6000000000000002,False,unmatched_abstention,0.6000000000000002,0.25000000000000006,0.5621765008857981,False,unmatched_abstention
DBLP,0.7,43,324,journals/vldb/TenienteO95,True,3,aC-8qspy24wJ,aC-8qspy24wJ,True,0.9999903041530238,0.9999878508153848,2.453337639152231e-06,0.6000000000000002,True,correct,0.6000000000000002,0.25000000000000006,0.5621765008857981,True,correct
DBLP,0.7,43,325,conf/vldb/AboulnagaAN01,True,2,OBbDFGQNEDQJ,OBbDFGQNEDQJ,True,0.9999921394782408,0.9999900760705928,2.0634076480785524e-06,0.6000000000000002,True,correct,0.6000000000000002,0.25000000000000006,0.5621765008857981,True,correct
DBLP,0.7,43,326,conf/sigmod/AltinelLKMPLWB02,True,2,HtYTQ-fN8ccJ,HtYTQ-fN8ccJ,True,0.999991567233771,0.9997749332830644,0.0002166339507064,0.6000000000000002,True,correct,0.6000000000000002,0.25000000000000006,0.5621765008857981,True,correct
DBLP,0.7,43,327,journals/vldb/WangW01,True,1,4eHVZHcQvdMJ,4eHVZHcQvdMJ,True,0.999992919959962,1.0639557127540447e-05,0.9999822804028344,0.6000000000000002,True,correct,0.6000000000000002,0.25000000000000006,0.5621765008857981,True,correct
DBLP,0.7,43,328,conf/vldb/KnorrN98,True,6,gQVLY8V1hekJ,gQVLY8V1hekJ,True,0.9999899591969594,0.9999866707752412,3.2884217181505804e-06,0.6000000000000002,True,correct,0.6000000000000002,0.25000000000000006,0.5621765008857981,True,correct
DBLP,0.7,43,329,conf/vldb/NishioSTTL01,True,1,S30IXg4ClFIJ,S30IXg4ClFIJ,True,0.9999739645265716,5.40917273681683e-06,0.9999685553538348,0.6000000000000002,True,correct,0.6000000000000002,0.25000000000000006,0.5621765008857981,True,correct
DBLP,0.7,43,330,conf/sigmod/Perna95,True,1,url:http://portal.acm.org/ft_gateway.cfm%3Fid%3D223872%26type%3Dpdf%26dl%3DGUIDE%26dl%3DACM%26CFID%3D11111111%26CFTOKEN%3D2222222,url:http://portal.acm.org/ft_gateway.cfm%3Fid%3D223872%26type%3Dpdf%26dl%3DGUIDE%26dl%3DACM%26CFID%3D11111111%26CFTOKEN%3D2222222,True,0.999965144244627,4.580165751192453e-06,0.9999605640788758,0.6000000000000002,True,correct,0.6000000000000002,0.25000000000000006,0.5621765008857981,True,correct
DBLP,0.7,43,331,conf/vldb/NicklasGS03,True,1,zApMW7wX5-AJ,zApMW7wX5-AJ,True,0.9999922876234882,4.400529678051536e-06,0.99998788709381,0.6000000000000002,True,correct,0.6000000000000002,0.25000000000000006,0.5621765008857981,True,correct
DBLP,0.7,43,332,journals/vldb/KamelWS94,True,1,tYBrsGkj1a0J,tYBrsGkj1a0J,True,0.9999897921072936,4.313478139102395e-06,0.9999854786291544,0.6000000000000002,True,correct,0.6000000000000002,0.25000000000000006,0.5621765008857981,True,correct
DBLP,0.7,43,333,conf/sigmod/HinneburgK99,True,3,C9imFvgrSvAJ,C9imFvgrSvAJ,True,0.9999913576205124,0.9999896269667482,1.730653764187018e-06,0.6000000000000002,True,correct,0.6000000000000002,0.25000000000000006,0.5621765008857981,True,correct
DBLP,0.7,43,334,conf/sigmod/HammerGNYBV97,True,9,2rysKgS6lugJ,t9nmZzSMVAAJ,True,0.9999898428844064,0.9999852748004951,4.568083911138388e-06,0.6000000000000002,True,correct,0.6000000000000002,0.25000000000000006,0.5621765008857981,True,correct
DBLP,0.7,43,335,conf/vldb/Hamilton99,True,1,_zPTedzhFhQJ,_zPTedzhFhQJ,True,0.9999865276297812,6.082243310314442e-06,0.9999804453864708,0.6000000000000002,True,correct,0.6000000000000002,0.25000000000000006,0.5621765008857981,True,correct
DBLP,0.7,43,336,journals/vldb/AgrawalHK03,True,1,NDKJPUgy_K4J,NDKJPUgy_K4J,True,0.9999920474814746,0.0127490768499835,0.9872429706314912,0.6000000000000002,True,correct,0.6000000000000002,0.25000000000000006,0.5621765008857981,True,correct
DBLP,0.7,43,337,conf/vldb/BonifatiCDS01,True,1,tCrfb27dXiwJ,tCrfb27dXiwJ,True,0.99999234356066,5.425917497925796e-06,0.9999869176431622,0.6000000000000002,True,correct,0.6000000000000002,0.25000000000000006,0.5621765008857981,True,correct
DBLP,0.7,43,338,conf/vldb/OzdenGHNSDGGW01,True,2,url:http://portal.acm.org/citation.cfm%3Fid%3D645927.672352,url:http://portal.acm.org/citation.cfm%3Fid%3D645927.672352,True,0.9999908478879098,0.9999869871518466,3.86073606317705e-06,0.6000000000000002,True,correct,0.6000000000000002,0.25000000000000006,0.5621765008857981,True,correct
DBLP,0.7,43,339,conf/sigmod/RundensteinerKZWLLN99,True,1,2XRfNjwuDrsJ,2XRfNjwuDrsJ,True,0.999991581560553,8.885457640830187e-05,0.9999027269841448,0.6000000000000002,True,correct,0.6000000000000002,0.25000000000000006,0.5621765008857981,True,correct
DBLP,0.7,43,340,journals/sigmod/Ritter98,True,1,mzqmEYGGT_IJ,mzqmEYGGT_IJ,True,0.999980738201532,0.0004696016647002,0.9995111365368315,0.6000000000000002,True,correct,0.6000000000000002,0.25000000000000006,0.5621765008857981,True,correct
DBLP,0.7,43,341,journals/sigmod/Ioannidis96,True,1,IgQsVaud8BIJ,IgQsVaud8BIJ,True,0.999987550415313,1.9810645219910163e-05,0.999967739770093,0.6000000000000002,True,correct,0.6000000000000002,0.25000000000000006,0.5621765008857981,True,correct
DBLP,0.7,43,342,conf/sigmod/KiesslingHFE01,True,2,DQKMCTskI-MJ,tNzM8E3W2K4J,True,0.9999933250992232,0.999991655727274,1.669371949120091e-06,0.6000000000000002,True,correct,0.6000000000000002,0.25000000000000006,0.5621765008857981,True,correct
DBLP,0.7,43,343,conf/sigmod/KrishnanVI96,True,1,8tFA4ENYqKQJ,8tFA4ENYqKQJ,True,0.9999928189382552,4.666436166181846e-06,0.9999881525020892,0.6000000000000002,True,correct,0.6000000000000002,0.25000000000000006,0.5621765008857981,True,correct
DBLP,0.7,43,344,journals/sigmod/BohmR94,True,2,GXApzwcGl78J,GXApzwcGl78J,True,0.9999894076613608,0.998713532888208,0.0012758747731528,0.6000000000000002,True,correct,0.6000000000000002,0.25000000000000006,0.5621765008857981,True,correct
DBLP,0.7,43,345,conf/sigmod/BumbulisB02,True,1,Ev27auQiecUJ,Ev27auQiecUJ,True,0.9999825247106804,3.901808266116642e-05,0.9999435066280192,0.6000000000000002,True,correct,0.6000000000000002,0.25000000000000006,0.5621765008857981,True,correct
DBLP,0.7,43,346,conf/vldb/WeberSB98,True,5,6D0Qt6Sjp8cJ,K4rzmIbgF_sJ,True,0.9999931788026232,0.9999925305076932,6.482949298503016e-07,0.6000000000000002,True,correct,0.6000000000000002,0.25000000000000006,0.5621765008857981,True,correct
DBLP,0.7,43,347,journals/vldb/MedjahedBE03,True,2,M0FH31YCEU0J,YqXx_xeZE2gJ,True,0.9999905039104252,0.5777316454066382,0.4222588585037871,0.6000000000000002,True,correct,0.6000000000000002,0.25000000000000006,0.5621765008857981,True,correct
DBLP,0.7,43,348,conf/sigmod/MogiK96,True,3,G-ggEZEKjT8J,hxWB8uQMCdgJ,True,0.9999927257144696,0.993576616036163,0.0064161096783067,0.6000000000000002,True,correct,0.6000000000000002,0.25000000000000006,0.5621765008857981,True,correct
DBLP,0.7,43,349,conf/sigmod/MeccaAMMS98,True,3,I-fmtPvluKEJ,v2KwhRi-OrMJ,True,0.9999886465956151,0.9999875276345274,1.1189610878981071e-06,0.6000000000000002,True,correct,0.6000000000000002,0.25000000000000006,0.5621765008857981,True,correct
DBLP,0.7,43,350,conf/sigmod/Team95a,True,1,P-jrIizJxEgJ,P-jrIizJxEgJ,True,0.9999647141815876,9.014752534865117e-06,0.9999556994290526,0.6000000000000002,True,correct,0.6000000000000002,0.25000000000000006,0.5621765008857981,True,correct
DBLP,0.7,43,351,conf/vldb/Pound99,True,1,zWp_JdEQ8MgJ,zWp_JdEQ8MgJ,True,0.9999925510660044,4.723978078466246e-06,0.999987827087926,0.6000000000000002,True,correct,0.6000000000000002,0.25000000000000006,0.5621765008857981,True,correct
DBLP,0.7,43,352,journals/sigmod/BunemanRU97,True,3,5qg4BNiroqMJ,5qg4BNiroqMJ,True,0.9999918812315644,0.9999785449668372,1.3336264727215053e-05,0.6000000000000002,True,correct,0.6000000000000002,0.25000000000000006,0.5621765008857981,True,correct
DBLP,0.7,43,353,conf/vldb/Sterling98,True,1,LlP2Fn3bzUMJ,LlP2Fn3bzUMJ,True,0.999987658236614,0.0005942298377002,0.9993934283989138,0.6000000000000002,True,correct,0.6000000000000002,0.25000000000000006,0.5621765008857981,True,correct
DBLP,0.7,43,354,conf/sigmod/GravanoCGP97,True,8,1xxRTUP64bwJ,PsoYENGEh9cJ,True,0.9999900000777564,0.9999857986990616,4.201378694834723e-06,0.6000000000000002,True,correct,0.6000000000000002,0.25000000000000006,0.5621765008857981,True,correct
DBLP,0.7,43,355,journals/sigmod/ClementLGMK97,True,2,J7Y20fYLGbcJ,J7Y20fYLGbcJ,True,0.9999926496550136,0.9999794888289196,1.3160826093927548e-05,0.6000000000000002,True,correct,0.6000000000000002,0.25000000000000006,0.5621765008857981,True,correct
DBLP,0.7,43,356,conf/vldb/Ramaswamy00,False,0,,url:http://portal.acm.org/citation.cfm%3Fid%3D288552,False,4.465669127941937e-06,4.4336266279917785e-06,3.2042499950158335e-08,0.6000000000000002,False,unmatched_abstention,0.6000000000000002,0.25000000000000006,0.5621765008857981,False,unmatched_abstention
DBLP,0.7,43,357,journals/sigmod/HalkidiBV02a,True,1,SFs0XOMPphIJ,SFs0XOMPphIJ,True,0.9999871072798026,0.999727614613614,0.0002594926661886,0.6000000000000002,True,correct,0.6000000000000002,0.25000000000000006,0.5621765008857981,True,correct
DBLP,0.7,43,358,conf/sigmod/ShanmugasundaramNSR99,True,6,DZI4GwpYBOcJ,eQjFv7QxsQQJ,True,0.9999916598244588,0.9999898819232056,1.777901253219305e-06,0.6000000000000002,True,correct,0.6000000000000002,0.25000000000000006,0.5621765008857981,True,correct
DBLP,0.7,43,359,journals/vldb/LeeW94,True,1,KPU-guH7cCkJ,KPU-guH7cCkJ,True,0.9999915749425664,0.0005977647936273,0.999393810148939,0.6000000000000002,True,correct,0.6000000000000002,0.25000000000000006,0.5621765008857981,True,correct
DBLP,0.7,43,360,conf/sigmod/ChangC01,True,2,BGagLieYacQJ,BGagLieYacQJ,True,0.999982561219808,0.992344583137984,0.0076379780818239,0.6000000000000002,True,correct,0.6000000000000002,0.25000000000000006,0.5621765008857981,True,correct
DBLP,0.7,43,361,journals/vldb/NguSHL01,True,1,djYvVVRYNTwJ,djYvVVRYNTwJ,True,0.9999931369114106,6.061940913688265e-06,0.9999870749704968,0.6000000000000002,True,correct,0.6000000000000002,0.25000000000000006,0.5621765008857981,True,correct
DBLP,0.7,43,362,journals/sigmod/YeungHL94,True,1,yQv94p3tE1IJ,yQv94p3tE1IJ,True,0.9999898755140728,1.9916213564584546e-05,0.9999699593005082,0.6000000000000002,True,correct,0.6000000000000002,0.25000000000000006,0.5621765008857981,True,correct
DBLP,0.7,43,363,conf/sigmod/ChawatheG97,True,3,5O88Bum19wAJ,JLeihu2aUqYJ,True,0.9999883163270388,0.9999873880633234,9.282637153384954e-07,0.6000000000000002,True,correct,0.6000000000000002,0.25000000000000006,0.5621765008857981,True,correct
DBLP,0.7,43,364,conf/sigmod/YerneniLGU99,True,5,2MbaeG3IVV0J,hnMltY0uSf0J,True,0.9999887649986996,0.9999878424008728,9.225978265803292e-07,0.6000000000000002,True,correct,0.6000000000000002,0.25000000000000006,0.5621765008857981,True,correct
DBLP,0.7,43,365,conf/sigmod/IvesFFLW99,True,4,0087thkugMUJ,yrnhcMqsUVoJ,True,0.9999914761273808,0.9999802135790729,1.1262548308188514e-05,0.6000000000000002,True,correct,0.6000000000000002,0.25000000000000006,0.5621765008857981,True,correct
DBLP,0.7,43,366,journals/sigmod/BorgidaCS98,True,2,iPbD7vPHzgYJ,iPbD7vPHzgYJ,True,0.999991590451302,0.9999286311622064,6.29592890957209e-05,0.6000000000000002,True,correct,0.6000000000000002,0.25000000000000006,0.5621765008857981,True,correct
DBLP,0.7,43,367,journals/sigmod/FengJH01,True,1,SUT-QTwqFNkJ,SUT-QTwqFNkJ,True,0.999989697338858,5.31267092345351e-06,0.9999843846679348,0.6000000000000002,True,correct,0.6000000000000002,0.25000000000000006,0.5621765008857981,True,correct
DBLP,0.7,43,368,conf/vldb/GallersdorferN95,True,1,U8jfPCxfXicJ,U8jfPCxfXicJ,True,0.9999887430448772,4.772661719562197e-06,0.9999839703831576,0.6000000000000002,True,correct,0.6000000000000002,0.25000000000000006,0.5621765008857981,True,correct
DBLP,0.7,43,369,journals/sigmod/RossAKSSY00,False,0,,uPBlQ76s_g4J,False,0.99973091160245,0.93140563592931,0.0683252756731399,0.6000000000000002,True,false_link,0.6000000000000002,0.25000000000000006,0.5621765008857981,True,false_link
DBLP,0.7,43,370,journals/tods/ChakrabartiKMP02,True,4,_nOW6fmEcTEJ,eHY42LnL_lsJ,True,0.9999919760086302,0.9999912939903828,6.820182473221692e-07,0.6000000000000002,True,correct,0.6000000000000002,0.25000000000000006,0.5621765008857981,True,correct
DBLP,0.7,43,371,journals/sigmod/Snodgrass00,False,0,,url:http://portal.acm.org/ft_gateway.cfm%3Fid%3D601859%26type%3Dpdf%26dl%3DGUIDE%26dl%3DACM%26CFID%3D11111111%26CFTOKEN%3D2222222,False,0.0010386528180603,0.0006187337585422,0.000419919059518,0.6000000000000002,False,unmatched_abstention,0.6000000000000002,0.25000000000000006,0.5621765008857981,False,unmatched_abstention
DBLP,0.7,43,372,conf/vldb/HalversonBKKRTVWND03,True,1,oR7DmJ9JJDYJ,oR7DmJ9JJDYJ,True,0.999989439655013,5.5257831111207496e-06,0.999983913871902,0.6000000000000002,True,correct,0.6000000000000002,0.25000000000000006,0.5621765008857981,True,correct
DBLP,0.7,43,373,journals/sigmod/ShethM02,True,2,B_axrPz8j5EJ,B_axrPz8j5EJ,True,0.9999907835553012,0.7477048373390619,0.2522859462162393,0.6000000000000002,True,correct,0.6000000000000002,0.25000000000000006,0.5621765008857981,True,correct
DBLP,0.7,43,374,conf/vldb/Faloutsos02,False,0,,PZTESZecfnQJ,False,9.045410082138535e-06,8.892301345043005e-06,1.5310873709553017e-07,0.6000000000000002,False,unmatched_abstention,0.6000000000000002,0.25000000000000006,0.5621765008857981,False,unmatched_abstention
DBLP,0.7,43,375,journals/vldb/FuCCM00,True,1,7kC8fo78d6sJ,7kC8fo78d6sJ,True,0.9999926279698668,5.067806601029565e-06,0.9999875601632656,0.6000000000000002,True,correct,0.6000000000000002,0.25000000000000006,0.5621765008857981,True,correct
DBLP,0.7,43,376,conf/vldb/FernandezSCMS03,True,2,FjmyLJQ2TrYJ,sn_R4N1q2SwJ,True,0.9999920246130758,0.9999792766411792,1.2747971896542865e-05,0.6000000000000002,True,correct,0.6000000000000002,0.25000000000000006,0.5621765008857981,True,correct
DBLP,0.7,43,377,conf/sigmod/Gal00,True,2,i6QOOOYvOqQJ,SudUID_rEy0J,True,0.9999596812371117,0.9999116083687998,4.807286831176594e-05,0.6000000000000002,True,correct,0.6000000000000002,0.25000000000000006,0.5621765008857981,True,correct
DBLP,0.7,43,378,journals/tods/Jimenez-PerisPAK03,True,2,gcTZH6tRjXIJ,yj7oLWfPR4gJ,True,0.9999928473572912,0.9999923197567208,5.276005703436226e-07,0.6000000000000002,True,correct,0.6000000000000002,0.25000000000000006,0.5621765008857981,True,correct
DBLP,0.7,43,379,conf/vldb/GraefeBC98,True,1,v-kvo2hnsgkJ,v-kvo2hnsgkJ,True,0.9999921096915462,1.2281999875336854e-05,0.9999798276916708,0.6000000000000002,True,correct,0.6000000000000002,0.25000000000000006,0.5621765008857981,True,correct
DBLP,0.7,43,380,journals/tods/FernandezKSMT02,True,1,ckrgSn0vBOMJ,ckrgSn0vBOMJ,True,0.9999905858745144,6.231563655400273e-06,0.9999843543108587,0.6000000000000002,True,correct,0.6000000000000002,0.25000000000000006,0.5621765008857981,True,correct
DBLP,0.7,43,381,conf/vldb/MaedaT01,True,1,dipeGpTdsoQJ,dipeGpTdsoQJ,True,0.9999925883313836,5.150853571213038e-06,0.9999874374778124,0.6000000000000002,True,correct,0.6000000000000002,0.25000000000000006,0.5621765008857981,True,correct
DBLP,0.7,43,382,journals/sigmod/Ouksel02,True,1,url:http://portal.acm.org/citation.cfm%3Fid%3D565117.565131%26dl%3DGUIDE%26dl%3DACM%26idx%3DJ689%26part%3Dperiodical%26WantType%3Dperiodical%26title%3DACM%2520SIGMOD%2520Record%26CFID%3D11111111%26CFTOKEN%3D2222222,url:http://portal.acm.org/citation.cfm%3Fid%3D565117.565131%26dl%3DGUIDE%26dl%3DACM%26idx%3DJ689%26part%3Dperiodical%26WantType%3Dperiodical%26title%3DACM%2520SIGMOD%2520Record%26CFID%3D11111111%26CFTOKEN%3D2222222,True,0.9999630629245976,7.71072180559579e-06,0.999955352202792,0.6000000000000002,True,correct,0.6000000000000002,0.25000000000000006,0.5621765008857981,True,correct
DBLP,0.7,43,383,conf/vldb/GarofalakisG02,True,4,Hz7TBeGZRz8J,S6PWjHRFORYJ,True,0.9999853018081604,0.9999587898036928,2.6512004467571515e-05,0.6000000000000002,True,correct,0.6000000000000002,0.25000000000000006,0.5621765008857981,True,correct
DBLP,0.7,43,384,journals/vldb/KraissW98,True,3,K0aOFYBWg3AJ,LMz7v87sxxYJ,True,0.999992307801338,0.999991772532057,5.352692808990867e-07,0.6000000000000002,True,correct,0.6000000000000002,0.25000000000000006,0.5621765008857981,True,correct
DBLP,0.7,43,385,conf/vldb/CasatiDGS01,True,2,bFnDGrZ_4voJ,XQw3ADYCXdcJ,True,0.9999915417180486,0.9999902349647558,1.306753292795726e-06,0.6000000000000002,True,correct,0.6000000000000002,0.25000000000000006,0.5621765008857981,True,correct
DBLP,0.7,43,386,journals/sigmod/Manola98,True,2,VIjfH9f94xkJ,VIjfH9f94xkJ,True,0.9999896145344588,0.9998864747918814,0.0001031397425772,0.6000000000000002,True,correct,0.6000000000000002,0.25000000000000006,0.5621765008857981,True,correct
DBLP,0.7,43,387,journals/tods/GhandeharizadehHJ96,True,3,axMI0TqrxxQJ,vMVuIqz5BiwJ,True,0.9999917805470286,0.9999911424168286,6.38130200014686e-07,0.6000000000000002,True,correct,0.6000000000000002,0.25000000000000006,0.5621765008857981,True,correct
DBLP,0.7,43,388,conf/sigmod/GeneserethKD97,True,3,2Nl65Vp7bxUJ,2Nl65Vp7bxUJ,True,0.999987071241192,0.9999870511776038,2.0063588235252894e-08,0.6000000000000002,True,correct,0.6000000000000002,0.25000000000000006,0.5621765008857981,True,correct
DBLP,0.7,43,389,conf/vldb/ArionBCDMP03,True,2,CzpCERFYBikJ,CzpCERFYBikJ,True,0.999991252269674,0.9999866073593812,4.6449102928392e-06,0.6000000000000002,True,correct,0.6000000000000002,0.25000000000000006,0.5621765008857981,True,correct
DBLP,0.7,43,390,conf/sigmod/ClaypoolRZSK01,True,1,1VWOXPII9HUJ,1VWOXPII9HUJ,True,0.9999762856033444,4.622934399174074e-06,0.9999716626689452,0.6000000000000002,True,correct,0.6000000000000002,0.25000000000000006,0.5621765008857981,True,correct
DBLP,0.7,43,391,journals/sigmod/NgH95,True,2,qolJkVC2MoYJ,url:http://portal.acm.org/citation.cfm%3Fid%3D202660.202665%26dl%3DGUIDE%26dl%3DACM%26idx%3DJ689%26part%3Dperiodical%26WantType%3Dperiodical%26title%3DACM%2520SIGMOD%2520Record%26CFID%3D11111111%26CFTOKEN%3D2222222,True,0.9999912615415198,0.9999647834325284,2.6478108991589977e-05,0.6000000000000002,True,correct,0.6000000000000002,0.25000000000000006,0.5621765008857981,True,correct
DBLP,0.7,43,392,conf/sigmod/PapadiasTSE95,True,2,oIc_goYCwh4J,PogZLKV_bIsJ,True,0.9999911660036688,0.999984960385831,6.205617837817812e-06,0.6000000000000002,True,correct,0.6000000000000002,0.25000000000000006,0.5621765008857981,True,correct
DBLP,0.7,43,393,conf/sigmod/HanWDPW02,True,2,nwWpGh3Mx7MJ,nwWpGh3Mx7MJ,True,0.9999907318521654,0.9974790182722862,0.0025117135798791,0.6000000000000002,True,correct,0.6000000000000002,0.25000000000000006,0.5621765008857981,True,correct
DBLP,0.7,43,394,journals/sigmod/AtzeniMM97,True,4,9CDasz2P9wsJ,Hdq-Mlh3fcMJ,True,0.9999762995980688,0.9999660923428056,1.0207255263017244e-05,0.6000000000000002,True,correct,0.6000000000000002,0.25000000000000006,0.5621765008857981,True,correct
DBLP,0.7,43,395,conf/sigmod/GunopulosKTD00,True,2,ASfROcKWFmgJ,ASfROcKWFmgJ,True,0.999992620921975,0.9999910942981995,1.5266237753941423e-06,0.6000000000000002,True,correct,0.6000000000000002,0.25000000000000006,0.5621765008857981,True,correct
DBLP,0.7,43,396,conf/vldb/AgrawalK02,True,4,4weou-KgkM8J,4weou-KgkM8J,True,0.9999841219971584,0.9999802640845727,3.857912585503165e-06,0.6000000000000002,True,correct,0.6000000000000002,0.25000000000000006,0.5621765008857981,True,correct
DBLP,0.7,43,397,conf/sigmod/KiepuszewskiMO98,True,5,909hLNR8130J,T3Zm8WKD_FYJ,True,0.999991423526022,0.99999038174343,1.0417825919706305e-06,0.6000000000000002,True,correct,0.6000000000000002,0.25000000000000006,0.5621765008857981,True,correct
DBLP,0.7,43,398,conf/sigmod/KriegelMPS01,True,1,tsPOU-H3A94J,tsPOU-H3A94J,True,0.9999879245456246,5.443549836674561e-06,0.999982480995788,0.6000000000000002,True,correct,0.6000000000000002,0.25000000000000006,0.5621765008857981,True,correct
DBLP,0.7,43,399,conf/sigmod/MoonWH02,True,1,rlfxeE4k2p4J,rlfxeE4k2p4J,True,0.9999906335965124,2.3240631139877155e-05,0.9999673929653724,0.6000000000000002,True,correct,0.6000000000000002,0.25000000000000006,0.5621765008857981,True,correct
DBLP,0.7,43,400,conf/sigmod/MoleskyR95,True,2,mSR0bA8pIOwJ,u03oQbB0y-oJ,True,0.999991324854522,0.999981403241916,9.921612605823247e-06,0.6000000000000002,True,correct,0.6000000000000002,0.25000000000000006,0.5621765008857981,True,correct
DBLP,0.7,43,401,journals/sigmod/KuokFW98,True,4,3oLpUbHFATsJ,LqcSQT8NlVwJ,True,0.9999744150479885,0.9999731855968994,1.229451089046485e-06,0.6000000000000002,True,correct,0.6000000000000002,0.25000000000000006,0.5621765008857981,True,correct
DBLP,0.7,43,402,journals/vldb/HarderR96,True,1,pWXIPx5lA7gJ,pWXIPx5lA7gJ,True,0.9999925418395574,4.74065384315346e-06,0.9999878011857144,0.6000000000000002,True,correct,0.6000000000000002,0.25000000000000006,0.5621765008857981,True,correct
DBLP,0.7,43,403,journals/sigmod/Segev94b,False,0,,C84rFQN_ug0J,False,0.0001885128859013,0.0001157159136698,7.279697223147659e-05,0.6000000000000002,False,unmatched_abstention,0.6000000000000002,0.25000000000000006,0.5621765008857981,False,unmatched_abstention
DBLP,0.7,43,404,conf/vldb/AbrolLMMMRTWZ01,True,1,w9Ma-YjZHYkJ,w9Ma-YjZHYkJ,True,0.9999913688881404,4.846437695776502e-06,0.9999865224504446,0.6000000000000002,True,correct,0.6000000000000002,0.25000000000000006,0.5621765008857981,True,correct
DBLP,0.7,43,405,journals/tods/CliffordC94,True,4,9txS2mlA2DMJ,OY6BjHhbz2cJ,True,0.9999905898688436,0.9999824773166708,8.112552172812038e-06,0.6000000000000002,True,correct,0.6000000000000002,0.25000000000000006,0.5621765008857981,True,correct
DBLP,0.7,43,406,conf/sigmod/LabioWGG00,True,1,EhR3fz7f7vcJ,EhR3fz7f7vcJ,True,0.9999887100713666,1.2638617862174487e-05,0.9999760714535044,0.6000000000000002,True,correct,0.6000000000000002,0.25000000000000006,0.5621765008857981,True,correct
DBLP,0.7,43,407,conf/vldb/Mina98,True,2,6SiX0ZUh1x0J,ButmJWjGXusJ,True,0.999989747707458,0.9969243684514592,0.0030653792559987,0.6000000000000002,True,correct,0.6000000000000002,0.25000000000000006,0.5621765008857981,True,correct
DBLP,0.7,43,408,journals/sigmod/RossAA02,False,0,,url:http://portal.acm.org/citation.cfm%3Fid%3D1041410.1041430,False,0.9992457682774116,0.9969297602155208,0.0023160080618905,0.6000000000000002,True,false_link,0.6000000000000002,0.25000000000000006,0.5621765008857981,True,false_link
DBLP,0.7,43,409,journals/vldb/OzsuPSILM95,True,5,2Y6WYH71fO0J,gld2wLKYWpsJ,True,0.9999884986371969,0.9999876026994492,8.959377476580599e-07,0.6000000000000002,True,correct,0.6000000000000002,0.25000000000000006,0.5621765008857981,True,correct
DBLP,0.7,43,410,conf/sigmod/BerchtoldBBKK97,True,1,BMkGN7AiGhYJ,BMkGN7AiGhYJ,True,0.9999908025208772,0.0001156291066753,0.9998751734142016,0.6000000000000002,True,correct,0.6000000000000002,0.25000000000000006,0.5621765008857981,True,correct
DBLP,0.7,43,411,conf/vldb/Klots96,True,1,dTORuW_9YRoJ,dTORuW_9YRoJ,True,0.9999908939864698,9.292636848771743e-06,0.999981601349621,0.6000000000000002,True,correct,0.6000000000000002,0.25000000000000006,0.5621765008857981,True,correct
DBLP,0.7,43,412,conf/vldb/BaralisW94,True,2,nqaF5CzBelgJ,q-td2YANr18J,True,0.9999918181020098,0.9999857984823683,6.019619641417506e-06,0.6000000000000002,True,correct,0.6000000000000002,0.25000000000000006,0.5621765008857981,True,correct
DBLP,0.7,43,413,journals/sigmod/DunhamH95,False,0,,hYFEbFhIQdEJ,False,7.845737945612506e-06,7.263824750447048e-06,5.819131951654586e-07,0.6000000000000002,False,unmatched_abstention,0.6000000000000002,0.25000000000000006,0.5621765008857981,False,unmatched_abstention
DBLP,0.7,43,414,conf/sigmod/RaoR98,True,3,iqZZMPppeKAJ,WlSXiMaxGlQJ,True,0.9999902945965892,0.9999901660330678,1.285635214953729e-07,0.6000000000000002,True,correct,0.6000000000000002,0.25000000000000006,0.5621765008857981,True,correct
DBLP,0.7,43,415,journals/tods/KossmannFDA00,True,1,8tDPAHGDRggJ,8tDPAHGDRggJ,True,0.999991804037088,4.387606212104459e-06,0.999987416430876,0.6000000000000002,True,correct,0.6000000000000002,0.25000000000000006,0.5621765008857981,True,correct
DBLP,0.7,43,416,conf/sigmod/RossSS96,True,1,iurxdvB6oLAJ,iurxdvB6oLAJ,True,0.999989252343838,4.965139526353306e-06,0.9999842872043118,0.6000000000000002,True,correct,0.6000000000000002,0.25000000000000006,0.5621765008857981,True,correct
DBLP,0.7,43,417,journals/sigmod/ChangGKRS98,True,2,5FiyBEZ3v70J,url:http://portal.acm.org/ft_gateway.cfm%3Fid%3D290607%26type%3Dpdf%26dl%3Dportal%26dl%3DACM%26CFID%3D11111111%26CFTOKEN%3D2222222,True,0.9999907074960812,0.9999688623834916,2.1845112589624627e-05,0.6000000000000002,True,correct,0.6000000000000002,0.25000000000000006,0.5621765008857981,True,correct
DBLP,0.7,43,418,conf/sigmod/KaushikBNK02,True,2,8M2rLLD3DlQJ,xJQAjLzvlB0J,True,0.9999867936978428,0.9999853115187892,1.4821790536023729e-06,0.6000000000000002,True,correct,0.6000000000000002,0.25000000000000006,0.5621765008857981,True,correct
DBLP,0.7,43,419,conf/sigmod/2003,False,0,,GbKwENZEG40J,False,0.0002658297846018,9.259021940392588e-06,0.0002565707626614,0.6000000000000002,False,unmatched_abstention,0.6000000000000002,0.25000000000000006,0.5621765008857981,False,unmatched_abstention
DBLP,0.7,43,420,conf/vldb/YuV00,True,2,43N2r_SuYccJ,43N2r_SuYccJ,True,0.9999917989784364,0.9998012209830552,0.0001905779953811,0.6000000000000002,True,correct,0.6000000000000002,0.25000000000000006,0.5621765008857981,True,correct
DBLP,0.7,43,421,journals/tods/TaoSP03,True,1,FBp7oibu4ygJ,FBp7oibu4ygJ,True,0.9999880327109018,0.0001982169007779,0.9997898158101238,0.6000000000000002,True,correct,0.6000000000000002,0.25000000000000006,0.5621765008857981,True,correct
DBLP,0.7,43,422,conf/sigmod/Carey00,True,3,RRLtMwMOBe4J,x6n6Ev8WnhEJ,True,0.99997284522021,0.9949337178474918,0.0050391273727182,0.6000000000000002,True,correct,0.6000000000000002,0.25000000000000006,0.5621765008857981,True,correct
DBLP,0.7,43,423,conf/sigmod/ZhaoDN97,True,3,b-Va1c3t13gJ,YwLoGdTgG-sJ,True,0.9999929330534804,0.999989603098664,3.3299548165555137e-06,0.6000000000000002,True,correct,0.6000000000000002,0.25000000000000006,0.5621765008857981,True,correct
DBLP,0.7,43,424,journals/sigmod/Winslett01a,False,0,,url:http://doi.wiley.com/10.1002/he.11110,False,6.343425520887709e-06,6.209163827441686e-06,1.3426169344602258e-07,0.6000000000000002,False,unmatched_abstention,0.6000000000000002,0.25000000000000006,0.5621765008857981,False,unmatched_abstention
DBLP,0.7,43,425,journals/tods/BrightHP94,True,2,BHvvo_nJxucJ,BHvvo_nJxucJ,True,0.9999910971174504,0.99984892435687,0.0001421727605803,0.6000000000000002,True,correct,0.6000000000000002,0.25000000000000006,0.5621765008857981,True,correct
DBLP,0.7,43,426,conf/vldb/AksoyZF01,True,2,A92KQRVdZaoJ,A92KQRVdZaoJ,True,0.9999913390231896,0.9999906631963278,6.758268616957608e-07,0.6000000000000002,True,correct,0.6000000000000002,0.25000000000000006,0.5621765008857981,True,correct
DBLP,0.7,43,427,journals/vldb/DerrMP94,True,2,a-QMCFr5yJYJ,a-QMCFr5yJYJ,True,0.999992511249704,0.1174446810791652,0.8825478301705388,0.6000000000000002,True,correct,0.6000000000000002,0.25000000000000006,0.5621765008857981,True,correct
DBLP,0.7,43,428,conf/vldb/ChungCLL01,True,1,mJiDvbtTKWoJ,mJiDvbtTKWoJ,True,0.9999904019294472,1.0081129883710751e-05,0.9999803207995634,0.6000000000000002,True,correct,0.6000000000000002,0.25000000000000006,0.5621765008857981,True,correct
DBLP,0.7,43,429,journals/tods/EiterGM97,True,1,WXWcO2ulDQUJ,WXWcO2ulDQUJ,True,0.9999736344897856,0.9978052336741592,0.0021684008156261,0.6000000000000002,True,correct,0.6000000000000002,0.25000000000000006,0.5621765008857981,True,correct
DBLP,0.7,43,430,conf/vldb/DarEGP98,True,1,D6gxih90YU4J,D6gxih90YU4J,True,0.9999921208578544,5.6092778768892565e-05,0.9999360280790855,0.6000000000000002,True,correct,0.6000000000000002,0.25000000000000006,0.5621765008857981,True,correct
DBLP,0.7,43,431,conf/sigmod/AggarwalPWYP99,True,2,5uimonC4q_QJ,G3dX_RTA26MJ,True,0.9999907068048242,0.9384326074068556,0.0615580993979684,0.6000000000000002,True,correct,0.6000000000000002,0.25000000000000006,0.5621765008857981,True,correct
DBLP,0.7,43,432,journals/vldb/VerykiosME03,True,1,khdP4spNnPoJ,khdP4spNnPoJ,True,0.9999925013089026,4.372439188565772e-06,0.999988128869714,0.6000000000000002,True,correct,0.6000000000000002,0.25000000000000006,0.5621765008857981,True,correct
DBLP,0.7,43,433,conf/vldb/IoannidisLGP96,True,4,jazpbJzP6k8J,qb-jf_sQ_5kJ,True,0.9999885319657412,0.9999846796356988,3.852330042408703e-06,0.6000000000000002,True,correct,0.6000000000000002,0.25000000000000006,0.5621765008857981,True,correct
DBLP,0.7,43,434,journals/sigmod/Grohe02,True,2,jzwiskpRLOUJ,jzwiskpRLOUJ,True,0.99999022702722,0.0392124565462597,0.9607777704809602,0.6000000000000002,True,correct,0.6000000000000002,0.25000000000000006,0.5621765008857981,True,correct
DBLP,0.7,43,435,conf/sigmod/DattaDRTV01,True,2,1ivmtE5W6FsJ,qK-N8yVLSWUJ,True,0.9999925043547188,0.99999107498104,1.4293736788628664e-06,0.6000000000000002,True,correct,0.6000000000000002,0.25000000000000006,0.5621765008857981,True,correct
DBLP,0.7,43,436,conf/vldb/GionisIM99,True,4,3RR94IxW5CUJ,3RR94IxW5CUJ,True,0.9999916605004996,0.9999915092451668,1.5125533292525972e-07,0.6000000000000002,True,correct,0.6000000000000002,0.25000000000000006,0.5621765008857981,True,correct
DBLP,0.7,43,437,conf/vldb/AbiteboulBMMW02,True,4,0MJZbBBMixgJ,mm3mXWb8QS0J,True,0.9999927222450182,0.9999926633603672,5.8884650933066496e-08,0.6000000000000002,True,correct,0.6000000000000002,0.25000000000000006,0.5621765008857981,True,correct
DBLP,0.7,43,438,journals/tods/IoannidisR95,True,1,TJDMWbCXMtgJ,TJDMWbCXMtgJ,True,0.999987478915208,4.548798089582274e-06,0.9999829301171184,0.6000000000000002,True,correct,0.6000000000000002,0.25000000000000006,0.5621765008857981,True,correct
DBLP,0.7,43,439,journals/sigmod/DoanPK95,True,1,c0TSepqRwwMJ,c0TSepqRwwMJ,True,0.9999933914158315,5.177768884193027e-06,0.9999882136469472,0.6000000000000002,True,correct,0.6000000000000002,0.25000000000000006,0.5621765008857981,True,correct
DBLP,0.7,43,440,conf/sigmod/FlorescuLMS99,True,2,h0uuqAstOPUJ,mH0XY3h8UlcJ,True,0.9999893909908264,0.9999887374611116,6.535297145671137e-07,0.6000000000000002,True,correct,0.6000000000000002,0.25000000000000006,0.5621765008857981,True,correct
DBLP,0.7,43,441,conf/sigmod/ChangBCLLS00,True,2,bqtRaOoJ87AJ,bqtRaOoJ87AJ,True,0.9999909524503432,0.9999839414371522,7.011013190894033e-06,0.6000000000000002,True,correct,0.6000000000000002,0.25000000000000006,0.5621765008857981,True,correct
DBLP,0.7,43,442,conf/sigmod/GangulyGMS96,True,2,05ZgvGyhSC0J,05ZgvGyhSC0J,True,0.9999912265791044,0.999858645269281,0.0001325813098234,0.6000000000000002,True,correct,0.6000000000000002,0.25000000000000006,0.5621765008857981,True,correct
DBLP,0.7,43,443,journals/sigmod/RoddickABDEGHLMMMW00,True,2,eA8gNVxHRJ4J,eA8gNVxHRJ4J,True,0.9999882899904572,0.9999570768369596,3.1213153497522406e-05,0.6000000000000002,True,correct,0.6000000000000002,0.25000000000000006,0.5621765008857981,True,correct
DBLP,0.7,43,444,conf/sigmod/ShatdalN95,True,1,nbU59lK7JJYJ,nbU59lK7JJYJ,True,0.9999869782012624,2.672054127287708e-05,0.9999602576599896,0.6000000000000002,True,correct,0.6000000000000002,0.25000000000000006,0.5621765008857981,True,correct
DBLP,0.7,43,445,conf/sigmod/GangulyGR03,True,1,Di-EjDZ_abYJ,Di-EjDZ_abYJ,True,0.9999906906875216,0.8650539530324015,0.1349367376551201,0.6000000000000002,True,correct,0.6000000000000002,0.25000000000000006,0.5621765008857981,True,correct
DBLP,0.7,43,446,conf/sigmod/CasatiS01,True,2,2_VG_VUkHH8J,7H9j9z0x_3UJ,True,0.999992326192166,0.9999870609294816,5.265262684406302e-06,0.6000000000000002,True,correct,0.6000000000000002,0.25000000000000006,0.5621765008857981,True,correct
DBLP,0.7,43,447,conf/sigmod/BlakeleyD00,True,2,url:http://portal.acm.org/citation.cfm%3Fid%3D335191.335480%26coll%3DGUIDE%26dl%3DACM%26idx%3DJ689%26part%3Dperiodical%26WantType%3Dperiodical%26title%3DACM%2520SIGMOD%2520Record%26CFID%3D11111111%26CFTOKEN%3D2222222,url:http://portal.acm.org/citation.cfm%3Fid%3D335191.335480%26coll%3DGUIDE%26dl%3DACM%26idx%3DJ689%26part%3Dperiodical%26WantType%3Dperiodical%26title%3DACM%2520SIGMOD%2520Record%26CFID%3D11111111%26CFTOKEN%3D2222222,True,0.9977285340834614,0.0010053559909326,0.9967231780925287,0.6000000000000002,True,correct,0.6000000000000002,0.25000000000000006,0.5621765008857981,True,correct
DBLP,0.7,43,448,conf/sigmod/KrishnamurthyBN99,True,1,qS4jhfgPbm8J,qS4jhfgPbm8J,True,0.999992492371663,4.7338004169264805e-06,0.999987758571246,0.6000000000000002,True,correct,0.6000000000000002,0.25000000000000006,0.5621765008857981,True,correct
DBLP,0.7,43,449,conf/sigmod/NgLHM99,True,1,YemauUgIzlcJ,YemauUgIzlcJ,True,0.9999875986435516,0.999965800883844,2.1797759707342657e-05,0.6000000000000002,True,correct,0.6000000000000002,0.25000000000000006,0.5621765008857981,True,correct
DBLP,0.7,43,450,conf/sigmod/RoussopoulosKS99,False,0,,Mg0A5yz-_wYJ,False,4.564692021317872e-05,5.057054903514457e-06,4.058986530966426e-05,0.6000000000000002,False,unmatched_abstention,0.6000000000000002,0.25000000000000006,0.5621765008857981,False,unmatched_abstention
DBLP,0.7,43,451,conf/sigmod/NazeriBO01,True,1,2E9I_lugGC4J,2E9I_lugGC4J,True,0.9999898871131718,0.0002203805622537,0.999769506550918,0.6000000000000002,True,correct,0.6000000000000002,0.25000000000000006,0.5621765008857981,True,correct
DBLP,0.7,43,452,journals/sigmod/Bhashyam96,True,1,url:http://portal.acm.org/ft_gateway.cfm%3Fid%3D245908%26type%3Dpdf%26dl%3DGUIDE%26dl%3DACM%26CFID%3D11111111%26CFTOKEN%3D2222222,url:http://portal.acm.org/ft_gateway.cfm%3Fid%3D245908%26type%3Dpdf%26dl%3DGUIDE%26dl%3DACM%26CFID%3D11111111%26CFTOKEN%3D2222222,True,0.9999904897089228,4.365085567950642e-06,0.9999861246233548,0.6000000000000002,True,correct,0.6000000000000002,0.25000000000000006,0.5621765008857981,True,correct
DBLP,0.7,43,453,conf/sigmod/LoR96,True,2,em5eiGpRZFkJ,em5eiGpRZFkJ,True,0.9999866400414228,0.9998951481244704,9.149191695223546e-05,0.6000000000000002,True,correct,0.6000000000000002,0.25000000000000006,0.5621765008857981,True,correct
DBLP,0.7,43,454,conf/sigmod/WolfsonSXZC99,True,5,4dbCEDwsluQJ,SHi3jbyB9t0J,True,0.999991428162314,0.9999907744361792,6.537261348915635e-07,0.6000000000000002,True,correct,0.6000000000000002,0.25000000000000006,0.5621765008857981,True,correct
DBLP,0.7,43,455,conf/sigmod/KrollW94,True,4,AMvcOVWQiNEJ,zd_8s13rNRoJ,True,0.9999881540709376,0.9999831938146518,4.960256285824194e-06,0.6000000000000002,True,correct,0.6000000000000002,0.25000000000000006,0.5621765008857981,True,correct
DBLP,0.7,43,456,conf/vldb/AgrawalPWZ95,True,7,bebOe4pVnmUJ,x_ykbVlfyP8J,True,0.9999833953902172,0.999977058320872,6.337069345052626e-06,0.6000000000000002,True,correct,0.6000000000000002,0.25000000000000006,0.5621765008857981,True,correct
DBLP,0.7,43,457,conf/sigmod/KotidisR99,True,5,323DOAMQyUkJ,qzjtGDo7OuMJ,True,0.9999918975520206,0.9999915913494832,3.062025374367394e-07,0.6000000000000002,True,correct,0.6000000000000002,0.25000000000000006,0.5621765008857981,True,correct
DBLP,0.7,43,458,journals/tods/FranklinCL97,True,2,vqboZ3T4n4AJ,vqboZ3T4n4AJ,True,0.9999912274826844,0.9999665012650502,2.4726217634385428e-05,0.6000000000000002,True,correct,0.6000000000000002,0.25000000000000006,0.5621765008857981,True,correct
DBLP,0.7,43,459,conf/sigmod/DarEGP98,True,1,ewnL82c8kiMJ,ewnL82c8kiMJ,True,0.9999926286799096,6.416950642808142e-05,0.9999284591734814,0.6000000000000002,True,correct,0.6000000000000002,0.25000000000000006,0.5621765008857981,True,correct
DBLP,0.7,43,460,conf/sigmod/MaheshwariL97,True,3,1hXAkApUm3kJ,VcVAYDLTty8J,True,0.999952930156097,0.9998879767495368,6.495340656009763e-05,0.6000000000000002,True,correct,0.6000000000000002,0.25000000000000006,0.5621765008857981,True,correct
DBLP,0.7,43,461,conf/sigmod/LuMSS95,True,1,Kk87yanaI1AJ,Kk87yanaI1AJ,True,0.9999872849045764,1.259175861512675e-05,0.9999746931459612,0.6000000000000002,True,correct,0.6000000000000002,0.25000000000000006,0.5621765008857981,True,correct
DBLP,0.7,43,462,journals/vldb/MirbelPSTV00,True,1,tUEcojf_6BUJ,tUEcojf_6BUJ,True,0.9999918077567622,0.0020895177885284,0.9979022899682338,0.6000000000000002,True,correct,0.6000000000000002,0.25000000000000006,0.5621765008857981,True,correct
DBLP,0.7,43,463,conf/vldb/BasuFP00,False,0,,Jm-CSO9lwqYJ,False,4.530087614453039e-06,4.405997114805235e-06,1.2409049964780376e-07,0.6000000000000002,False,unmatched_abstention,0.6000000000000002,0.25000000000000006,0.5621765008857981,False,unmatched_abstention
DBLP,0.7,43,464,conf/vldb/FlorescuKLP97,True,1,-Zb4WBd1aNUJ,-Zb4WBd1aNUJ,True,0.9999910737553018,7.107465646045496e-06,0.9999839662896558,0.6000000000000002,True,correct,0.6000000000000002,0.25000000000000006,0.5621765008857981,True,correct
DBLP,0.7,43,465,conf/vldb/AilamakiDHW99,True,2,4bTXoodYyHMJ,-mTrpy_n8PYJ,True,0.9999856955740022,0.9998509051271112,0.0001347904468911,0.6000000000000002,True,correct,0.6000000000000002,0.25000000000000006,0.5621765008857981,True,correct
DBLP,0.7,43,466,journals/sigmod/Kosch02,True,1,_avm808LQocJ,_avm808LQocJ,True,0.9999908312983172,0.0001027114667699,0.9998881198315472,0.6000000000000002,True,correct,0.6000000000000002,0.25000000000000006,0.5621765008857981,True,correct
DBLP,0.7,43,467,conf/vldb/WildfogelY97,True,1,uqYakLN84x0J,uqYakLN84x0J,True,0.9999907888098674,4.345729719811478e-06,0.9999864430801476,0.6000000000000002,True,correct,0.6000000000000002,0.25000000000000006,0.5621765008857981,True,correct
DBLP,0.7,43,468,conf/vldb/HelmerWM98,True,2,5ipPVLRhDqoJ,5ipPVLRhDqoJ,True,0.9999923293968932,0.999988555859257,3.7735376362535433e-06,0.6000000000000002,True,correct,0.6000000000000002,0.25000000000000006,0.5621765008857981,True,correct
DBLP,0.7,43,469,conf/vldb/HankinsP03,True,1,NsxXW_CvQpkJ,NsxXW_CvQpkJ,True,0.9999905145272804,4.33647273078649e-06,0.9999861780545496,0.6000000000000002,True,correct,0.6000000000000002,0.25000000000000006,0.5621765008857981,True,correct
DBLP,0.7,43,470,conf/sigmod/AtzeniT97,True,3,i2LI1TWifbYJ,XaKiz5S-cqUJ,True,0.9999927854060436,0.99999276195427,2.34517737451867e-08,0.6000000000000002,True,correct,0.6000000000000002,0.25000000000000006,0.5621765008857981,True,correct
DBLP,0.7,43,471,conf/sigmod/GuptaMR95,True,4,2GUwicKtWTUJ,ELtcV7mOQDgJ,True,0.9999889508501344,0.9999789578090204,9.993041113931511e-06,0.6000000000000002,True,correct,0.6000000000000002,0.25000000000000006,0.5621765008857981,True,correct
DBLP,0.7,43,472,conf/vldb/ShahDR03,True,3,FR1h4tU9FosJ,Zlk6Tn-sPxwJ,True,0.9999933602338748,0.9999898054840168,3.554749858136752e-06,0.6000000000000002,True,correct,0.6000000000000002,0.25000000000000006,0.5621765008857981,True,correct
DBLP,0.7,43,473,conf/vldb/GarofalakisG01,True,3,PIhBWXtNTvUJ,SHDQQrfJ3BMJ,True,0.9999880976098462,0.9999827391351616,5.358474684524772e-06,0.6000000000000002,True,correct,0.6000000000000002,0.25000000000000006,0.5621765008857981,True,correct
DBLP,0.7,43,474,conf/vldb/GehrkeRG98,True,2,G8JSWUAO2lMJ,hobnzQKRlK4J,True,0.9999829410728746,0.9999623162539366,2.0624818937942105e-05,0.6000000000000002,True,correct,0.6000000000000002,0.25000000000000006,0.5621765008857981,True,correct
DBLP,0.7,43,475,conf/sigmod/GebhardtJJ97,True,3,9mbr0dyW1NgJ,9mbr0dyW1NgJ,True,0.9999925028105158,0.9999915752318104,9.275787054008332e-07,0.6000000000000002,True,correct,0.6000000000000002,0.25000000000000006,0.5621765008857981,True,correct
DBLP,0.7,43,476,journals/sigmod/ErdurD02,True,1,9OcrAEypDhMJ,9OcrAEypDhMJ,True,0.9999854716870604,5.338776823368889e-06,0.999980132910237,0.6000000000000002,True,correct,0.6000000000000002,0.25000000000000006,0.5621765008857981,True,correct
DBLP,0.7,43,477,conf/vldb/ZellerK02,True,1,UIWreKZndVQJ,UIWreKZndVQJ,True,0.9999901670833824,5.928489739144357e-06,0.9999842385936434,0.6000000000000002,True,correct,0.6000000000000002,0.25000000000000006,0.5621765008857981,True,correct
DBLP,0.7,43,478,journals/tods/TariSS97,True,3,8UdB5vOY_r0J,wGAAD7CTrnMJ,True,0.9999916942486116,0.9999907745681496,9.196804620081878e-07,0.6000000000000002,True,correct,0.6000000000000002,0.25000000000000006,0.5621765008857981,True,correct
DBLP,0.7,43,479,journals/vldb/C95a,False,0,,ciB46ylPwJ8J,False,0.0236839301490347,0.0079870954062623,0.0156968347427724,0.6000000000000002,False,unmatched_abstention,0.6000000000000002,0.25000000000000006,0.5621765008857981,False,unmatched_abstention
DBLP,0.7,43,480,conf/sigmod/IoannidisLANT97,True,5,bbr1Xk0-hH8J,bbr1Xk0-hH8J,True,0.9999761990100542,0.9537006249100471,0.046275574100007,0.6000000000000002,True,correct,0.6000000000000002,0.25000000000000006,0.5621765008857981,True,correct
DBLP,0.7,43,481,journals/sigmod/Snodgrass98a,True,1,CGvD6Du5kaoJ,uPBlQ76s_g4J,False,0.999970205668482,0.9875053356581784,0.0124648700103036,0.6000000000000002,True,false_link,0.6000000000000002,0.25000000000000006,0.5621765008857981,True,false_link
DBLP,0.7,43,482,journals/sigmod/FernandezFLS97,True,4,9NlVdFCl2ysJ,9NlVdFCl2ysJ,True,0.9999893849085068,0.9999770068051512,1.2378103355636938e-05,0.6000000000000002,True,correct,0.6000000000000002,0.25000000000000006,0.5621765008857981,True,correct
DBLP,0.7,43,483,conf/vldb/CiliaHB02,True,1,_aEC8CgKod0J,_aEC8CgKod0J,True,0.9999914199510136,5.027496128042506e-06,0.9999863924548856,0.6000000000000002,True,correct,0.6000000000000002,0.25000000000000006,0.5621765008857981,True,correct
DBLP,0.7,43,484,journals/sigmod/Alonso94a,False,0,,uzEcNW5U3V4J,False,8.787560643797969e-05,4.529762678416401e-05,4.257797965381568e-05,0.6000000000000002,False,unmatched_abstention,0.6000000000000002,0.25000000000000006,0.5621765008857981,False,unmatched_abstention
DBLP,0.7,43,485,conf/vldb/LernerS03,True,3,GsTq8-R1uaMJ,KtkbM7ohXrEJ,True,0.9999920629984558,0.999991549450169,5.135482867846264e-07,0.6000000000000002,True,correct,0.6000000000000002,0.25000000000000006,0.5621765008857981,True,correct
DBLP,0.7,43,486,conf/vldb/BerckenS01,True,3,A46cpXEm-8AJ,BJ8i-uzFQi4J,True,0.9999899656296743,0.9999896487565564,3.168731178559981e-07,0.6000000000000002,True,correct,0.6000000000000002,0.25000000000000006,0.5621765008857981,True,correct
DBLP,0.7,43,487,conf/vldb/SeshadriLR96,True,4,ifOM4z6uxXUJ,ifOM4z6uxXUJ,True,0.999992608208917,0.9999925780257626,3.0183154420271314e-08,0.6000000000000002,True,correct,0.6000000000000002,0.25000000000000006,0.5621765008857981,True,correct
DBLP,0.7,43,488,conf/vldb/AggarwalHWY03,True,4,szlqyCesMpgJ,szlqyCesMpgJ,True,0.9999922332333182,0.9999910864301492,1.146803168872168e-06,0.6000000000000002,True,correct,0.6000000000000002,0.25000000000000006,0.5621765008857981,True,correct
DBLP,0.7,43,489,conf/vldb/KangC02,True,1,gndV1O-oEkMJ,gndV1O-oEkMJ,True,0.9999923377316908,5.063690546796336e-06,0.999987274041144,0.6000000000000002,True,correct,0.6000000000000002,0.25000000000000006,0.5621765008857981,True,correct
DBLP,0.7,43,490,journals/vldb/FengYLH02,True,1,Uxh3R2hfBOAJ,Uxh3R2hfBOAJ,True,0.9999925875891786,6.5525489955335625e-06,0.9999860350401832,0.6000000000000002,True,correct,0.6000000000000002,0.25000000000000006,0.5621765008857981,True,correct
DBLP,0.7,43,491,conf/vldb/CareyKSSS00,True,2,fRo4fx_Q6gIJ,fRo4fx_Q6gIJ,True,0.99999193253384,0.9999912632330707,6.693007692515351e-07,0.6000000000000002,True,correct,0.6000000000000002,0.25000000000000006,0.5621765008857981,True,correct
DBLP,0.7,43,492,conf/sigmod/Bayardo98,True,6,htTH8PrZ0dYJ,htTH8PrZ0dYJ,True,0.9999874601898494,0.9999796482896034,7.811900246013082e-06,0.6000000000000002,True,correct,0.6000000000000002,0.25000000000000006,0.5621765008857981,True,correct
DBLP,0.7,43,493,conf/sigmod/ZhouWGGZWXYF03,True,1,AwFxLUGiceUJ,AwFxLUGiceUJ,True,0.999990400830983,4.864422445825707e-06,0.9999855364085372,0.6000000000000002,True,correct,0.6000000000000002,0.25000000000000006,0.5621765008857981,True,correct
DBLP,0.7,43,494,conf/sigmod/Miller98,True,5,_ExuZq1BkEkJ,fW6JIoNRqAQJ,True,0.9999867267155508,0.9999810153440944,5.7113714565515394e-06,0.6000000000000002,True,correct,0.6000000000000002,0.25000000000000006,0.5621765008857981,True,correct
DBLP,0.7,43,495,conf/vldb/FlorescuHKLRWCSA03,True,2,1KSfxI44iGUJ,1KSfxI44iGUJ,True,0.9999899509394332,0.9999860313810752,3.91955835798985e-06,0.6000000000000002,True,correct,0.6000000000000002,0.25000000000000006,0.5621765008857981,True,correct
DBLP,0.7,43,496,conf/sigmod/DavisonG95,True,2,96SrVGnDmMoJ,96SrVGnDmMoJ,True,0.9999914004545414,0.97538484567373,0.0246065547808115,0.6000000000000002,True,correct,0.6000000000000002,0.25000000000000006,0.5621765008857981,True,correct
DBLP,0.7,43,497,conf/sigmod/ZhaoDNS98,True,7,6AK0GF7jAtsJ,MjGo7AhsPSsJ,True,0.9999934606292824,0.9999924736326544,9.869966279829612e-07,0.6000000000000002,True,correct,0.6000000000000002,0.25000000000000006,0.5621765008857981,True,correct
DBLP,0.7,43,498,conf/vldb/Gentili01,True,1,2j1dalv3kCEJ,2j1dalv3kCEJ,True,0.9999915628416712,4.400731122038065e-06,0.9999871621105492,0.6000000000000002,True,correct,0.6000000000000002,0.25000000000000006,0.5621765008857981,True,correct
DBLP,0.7,43,499,journals/sigmod/Segev94a,False,0,,diQK7Y_z3XwJ,False,1.0819334203537036e-05,7.430876736090188e-06,3.3884574674468487e-06,0.6000000000000002,False,unmatched_abstention,0.6000000000000002,0.25000000000000006,0.5621765008857981,False,unmatched_abstention
DBLP,0.7,43,500,conf/vldb/DyresonBJ99,True,1,FkPcMtplo18J,FkPcMtplo18J,True,0.999992001228868,4.894371201220479e-06,0.9999871068576668,0.6000000000000002,True,correct,0.6000000000000002,0.25000000000000006,0.5621765008857981,True,correct
DBLP,0.7,43,501,journals/sigmod/Aberer02,True,1,url:http://portal.acm.org/ft_gateway.cfm%3Fid%3D507353%26type%3Dpdf%26dl%3Dportal%26dl%3DACM%26CFID%3D11111111%26CFTOKEN%3D2222222,url:http://portal.acm.org/ft_gateway.cfm%3Fid%3D601865%26type%3Dpdf%26coll%3DGUIDE%26dl%3DACM%26CFID%3D11111111%26CFTOKEN%3D2222222,False,0.9799182252616712,0.772562962897837,0.2073552623638341,0.6000000000000002,True,false_link,0.6000000000000002,0.25000000000000006,0.5621765008857981,True,false_link
DBLP,0.7,43,502,conf/sigmod/RiedewaldAA02,True,2,AFKhL1I3L9AJ,nQvBo5KHITYJ,True,0.999991233395489,0.9999666967757044,2.4536619784631952e-05,0.6000000000000002,True,correct,0.6000000000000002,0.25000000000000006,0.5621765008857981,True,correct
DBLP,0.7,43,503,conf/sigmod/MiloAABN03,True,2,fHp5E4Rxt7cJ,P7vZf4MkRO4J,True,0.999986541036502,0.9999862592417768,2.817947251099185e-07,0.6000000000000002,True,correct,0.6000000000000002,0.25000000000000006,0.5621765008857981,True,correct
DBLP,0.7,43,504,conf/sigmod/Epstein95,False,0,,dwPOCFCBZ78J,False,0.0104916502670605,0.0007712587007978,0.0097203915662627,0.6000000000000002,False,unmatched_abstention,0.6000000000000002,0.25000000000000006,0.5621765008857981,False,unmatched_abstention
DBLP,0.7,43,505,conf/sigmod/AgrawalGGR98,True,11,_LE5T2vKPUcJ,1rW7ao6gK-QJ,True,0.9999916521455622,0.9999906098240372,1.0423215250909834e-06,0.6000000000000002,True,correct,0.6000000000000002,0.25000000000000006,0.5621765008857981,True,correct
DBLP,0.7,43,506,journals/sigmod/FrewD97,True,2,5jMT1PENhSIJ,5jMT1PENhSIJ,True,0.9999895695711593,0.9999857270105068,3.842560652222993e-06,0.6000000000000002,True,correct,0.6000000000000002,0.25000000000000006,0.5621765008857981,True,correct
DBLP,0.7,43,507,journals/vldb/C95b,True,1,url:http://www.springerlink.com/index/J267M1G774146066.pdf,url:http://www.springerlink.com/index/J267M1G774146066.pdf,True,0.9999654442655124,6.412619648800561e-05,0.9999013180690244,0.6000000000000002,True,correct,0.6000000000000002,0.25000000000000006,0.5621765008857981,True,correct
DBLP,0.7,43,508,conf/sigmod/AcharyaGPR99a,True,7,ahfoveFQC2sJ,VlVV2mEnoQ4J,True,0.9999914104458676,0.9999904662259044,9.442199634390748e-07,0.6000000000000002,True,correct,0.6000000000000002,0.25000000000000006,0.5621765008857981,True,correct
DBLP,0.7,43,509,conf/vldb/McKennaBHT96,True,1,0tZaTV3W05wJ,0tZaTV3W05wJ,True,0.9999911618493248,4.527440100497807e-06,0.9999866344092244,0.6000000000000002,True,correct,0.6000000000000002,0.25000000000000006,0.5621765008857981,True,correct
DBLP,0.7,43,510,journals/vldb/FangGM96,False,0,,AWGtiQgXS7QJ,False,0.9999810035541874,0.0004079987957852,0.9995730047584022,0.6000000000000002,True,false_link,0.6000000000000002,0.25000000000000006,0.5621765008857981,True,false_link
DBLP,0.7,43,511,conf/sigmod/ChandrasekaranCDFHHKMRS03,True,3,eOhZfLS25AsJ,MNuT46WJZaQJ,True,0.9999891904325404,0.9867573971293792,0.0132317933031613,0.6000000000000002,True,correct,0.6000000000000002,0.25000000000000006,0.5621765008857981,True,correct
DBLP,0.7,43,512,conf/sigmod/LlirbatFS97,True,1,hJiwQ2CQRBkJ,hJiwQ2CQRBkJ,True,0.9999915758986406,4.270138052469634e-06,0.999987305760588,0.6000000000000002,True,correct,0.6000000000000002,0.25000000000000006,0.5621765008857981,True,correct
DBLP,0.7,43,513,conf/vldb/FegarasE01,True,1,pinPEM3Rvm0J,pinPEM3Rvm0J,True,0.9999890036832536,8.38182957668217e-06,0.999980621853677,0.6000000000000002,True,correct,0.6000000000000002,0.25000000000000006,0.5621765008857981,True,correct
DBLP,0.7,43,514,conf/sigmod/AdyaGLM95,True,4,7YMi5qKSe2EJ,bfcbZlt6vngJ,True,0.9999918008083551,0.9999916317483106,1.690600446302426e-07,0.6000000000000002,True,correct,0.6000000000000002,0.25000000000000006,0.5621765008857981,True,correct
DBLP,0.7,43,515,conf/vldb/RaoR99,True,2,N8XkcmIO0ysJ,tv4rTR2Z-I8J,True,0.999992026217751,0.9797869689469892,0.0202050572707617,0.6000000000000002,True,correct,0.6000000000000002,0.25000000000000006,0.5621765008857981,True,correct
DBLP,0.7,43,516,conf/vldb/RothOH99,True,2,c-Kalb26vykJ,c-Kalb26vykJ,True,0.9999924675507296,0.9993611216248176,0.0006313459259118,0.6000000000000002,True,correct,0.6000000000000002,0.25000000000000006,0.5621765008857981,True,correct
DBLP,0.7,43,517,journals/sigmod/ConstantopoulosCP01,False,0,,YeD6vittJSMJ,False,0.000167916716784,2.864645873970288e-05,0.0001392702580443,0.6000000000000002,False,unmatched_abstention,0.6000000000000002,0.25000000000000006,0.5621765008857981,False,unmatched_abstention
DBLP,0.7,43,518,journals/sigmod/DogacDATKCD98,True,3,fYMpjIpF8ckJ,vG5FK8BJkZgJ,True,0.9999920463741258,0.9999842497500512,7.796624074463132e-06,0.6000000000000002,True,correct,0.6000000000000002,0.25000000000000006,0.5621765008857981,True,correct
DBLP,0.7,43,519,conf/vldb/OzsuVU98,True,2,tftfK6qWKJcJ,WAivXgeI8vIJ,True,0.9999916415665664,0.9999658152960634,2.582627050307096e-05,0.6000000000000002,True,correct,0.6000000000000002,0.25000000000000006,0.5621765008857981,True,correct
DBLP,0.7,43,520,conf/vldb/JiangSLB00,True,1,eZwzDZ7QhzoJ,eZwzDZ7QhzoJ,True,0.9999910976098784,8.778241561219688e-06,0.9999823193683172,0.6000000000000002,True,correct,0.6000000000000002,0.25000000000000006,0.5621765008857981,True,correct
DBLP,0.7,43,521,journals/vldb/JagadishKNS00,True,2,GtXc02EJjCgJ,GtXc02EJjCgJ,True,0.9999927441787644,0.9998334844606362,0.0001592597181282,0.6000000000000002,True,correct,0.6000000000000002,0.25000000000000006,0.5621765008857981,True,correct
DBLP,0.7,43,522,conf/vldb/JoshiBLL98,True,1,RufEbUPZNbYJ,RufEbUPZNbYJ,True,0.9999896915698028,2.4941363272526925e-05,0.9999647502065302,0.6000000000000002,True,correct,0.6000000000000002,0.25000000000000006,0.5621765008857981,True,correct
DBLP,0.7,43,523,journals/sigmod/Bussche00,True,2,abRCzV130REJ,CER66z1lh0MJ,True,0.999987754501688,0.9998786795051388,0.0001090749965491,0.6000000000000002,True,correct,0.6000000000000002,0.25000000000000006,0.5621765008857981,True,correct
DBLP,0.7,43,524,conf/sigmod/Hammond99,True,1,-ndr_jftgFkJ,-ndr_jftgFkJ,True,0.9999876569536308,7.785528785136628e-06,0.9999798714248456,0.6000000000000002,True,correct,0.6000000000000002,0.25000000000000006,0.5621765008857981,True,correct
DBLP,0.7,43,525,conf/vldb/TreschPL95,True,1,1rPUqMFsS3AJ,1rPUqMFsS3AJ,True,0.999990885089616,0.0037874667080609,0.9962034183815552,0.6000000000000002,True,correct,0.6000000000000002,0.25000000000000006,0.5621765008857981,True,correct
DBLP,0.7,43,526,journals/sigmod/Keim96,True,1,vkUvhZOw-1YJ,vkUvhZOw-1YJ,True,0.999985515444643,0.0001046407221115,0.9998808747225314,0.6000000000000002,True,correct,0.6000000000000002,0.25000000000000006,0.5621765008857981,True,correct
DBLP,0.7,43,527,conf/sigmod/KoudasS03,True,1,url:http://portal.acm.org/ft_gateway.cfm%3Fid%3D872871%26type%3Dpdf%26dl%3Dportal%26dl%3DACM%26CFID%3D11111111%26CFTOKEN%3D2222222,url:http://portal.acm.org/ft_gateway.cfm%3Fid%3D872871%26type%3Dpdf%26dl%3Dportal%26dl%3DACM%26CFID%3D11111111%26CFTOKEN%3D2222222,True,0.9999787399252577,7.631588283813245e-06,0.9999711083369738,0.6000000000000002,True,correct,0.6000000000000002,0.25000000000000006,0.5621765008857981,True,correct
DBLP,0.7,43,528,conf/sigmod/OlstonW02,True,1,pBKI-JCAlcIJ,pBKI-JCAlcIJ,True,0.9999926283495022,4.688673426690087e-06,0.9999879396760756,0.6000000000000002,True,correct,0.6000000000000002,0.25000000000000006,0.5621765008857981,True,correct
DBLP,0.7,43,529,journals/sigmod/Snodgrass03a,False,0,,m-l6e98xxOsJ,False,0.0002356578683926,0.0001239996694467,0.0001116581989459,0.6000000000000002,False,unmatched_abstention,0.6000000000000002,0.25000000000000006,0.5621765008857981,False,unmatched_abstention
DBLP,0.7,43,530,conf/vldb/ChenRS95,True,1,4TMZhO1wdwsJ,4TMZhO1wdwsJ,True,0.9999893251454331,4.671244900873984e-06,0.9999846539005324,0.6000000000000002,True,correct,0.6000000000000002,0.25000000000000006,0.5621765008857981,True,correct
DBLP,0.7,43,531,conf/sigmod/CareyFZ94,True,5,_Dtj6cJQFAQJ,EN1nFWJxnoIJ,True,0.9999923092243508,0.9999899003365028,2.4088878480821307e-06,0.6000000000000002,True,correct,0.6000000000000002,0.25000000000000006,0.5621765008857981,True,correct
DBLP,0.7,43,532,conf/vldb/BunemanDHOW95,True,1,95LnCs7V35YJ,95LnCs7V35YJ,True,0.9999914753794866,4.548485760548626e-06,0.999986926893726,0.6000000000000002,True,correct,0.6000000000000002,0.25000000000000006,0.5621765008857981,True,correct
DBLP,0.7,43,533,conf/sigmod/Lomet00,True,1,FiPJDs_jm54J,FiPJDs_jm54J,True,0.999992221017136,4.465379540636254e-06,0.9999877556375952,0.6000000000000002,True,correct,0.6000000000000002,0.25000000000000006,0.5621765008857981,True,correct
DBLP,0.7,43,534,conf/sigmod/DeshpandeGR01,True,2,0Ta25VSGl7kJ,0Ta25VSGl7kJ,True,0.9999928089669972,0.9999926630035262,1.4596347097661777e-07,0.6000000000000002,True,correct,0.6000000000000002,0.25000000000000006,0.5621765008857981,True,correct
DBLP,0.7,43,535,conf/vldb/KoudasGGSV03,True,1,d8BBxc5Ato8J,d8BBxc5Ato8J,True,0.999991628787014,4.460523236176339e-06,0.9999871682637778,0.6000000000000002,True,correct,0.6000000000000002,0.25000000000000006,0.5621765008857981,True,correct
DBLP,0.7,43,536,conf/vldb/CatozziR01,True,2,UQY439hXMEgJ,x_mqIy3GCmAJ,True,0.999990704048147,0.9996024821351728,0.0003882219129742,0.6000000000000002,True,correct,0.6000000000000002,0.25000000000000006,0.5621765008857981,True,correct
DBLP,0.7,43,537,conf/vldb/JohnsonM98,True,4,cTZLUZ5_cfkJ,eFynrwKK_T0J,True,0.999984229143653,0.9998011633567464,0.0001830657869065,0.6000000000000002,True,correct,0.6000000000000002,0.25000000000000006,0.5621765008857981,True,correct
DBLP,0.7,43,538,conf/vldb/Ioannidis03,True,1,jELnwotIy9kJ,jELnwotIy9kJ,True,0.9999820557972476,9.902988544791927e-06,0.9999721528087028,0.6000000000000002,True,correct,0.6000000000000002,0.25000000000000006,0.5621765008857981,True,correct
DBLP,0.7,43,539,journals/vldb/GutingS95,True,8,A4lUwOD7AeYJ,rjQa8odFpMwJ,True,0.9999827291239964,0.9999813134645616,1.4156594347891629e-06,0.6000000000000002,True,correct,0.6000000000000002,0.25000000000000006,0.5621765008857981,True,correct
DBLP,0.7,43,540,conf/sigmod/LakhamrajuRSS00,True,3,DyGC4KFw5mgJ,GveQLUTEle8J,True,0.9999912281352122,0.0006766274990821,0.99931460063613,0.6000000000000002,True,correct,0.6000000000000002,0.25000000000000006,0.5621765008857981,True,correct
DBLP,0.7,43,541,conf/sigmod/ChenDLT00,True,1,url:http://portal.acm.org/citation.cfm%3Fid%3D342009.336560,url:http://portal.acm.org/citation.cfm%3Fid%3D342009.336560,True,0.9999923965038888,3.2054541565315e-05,0.9999603419623234,0.6000000000000002,True,correct,0.6000000000000002,0.25000000000000006,0.5621765008857981,True,correct
DBLP,0.7,43,542,conf/vldb/HuangJR97,True,3,LD8Mtycec9EJ,nBHS2BTx-GkJ,True,0.999991881037997,0.9999581259325848,3.375510541214766e-05,0.6000000000000002,True,correct,0.6000000000000002,0.25000000000000006,0.5621765008857981,True,correct
DBLP,0.7,43,543,journals/sigmod/JaegerF95,True,2,oacFELqmw0cJ,oacFELqmw0cJ,True,0.9999649488468176,0.9999023700964362,6.257875038129246e-05,0.6000000000000002,True,correct,0.6000000000000002,0.25000000000000006,0.5621765008857981,True,correct
DBLP,0.7,43,544,journals/tods/Snodgrass01a,False,0,,url:http://www.springerlink.com/index/M131V2216478525N.pdf,False,0.0159729439804699,0.0122741946159383,0.0036987493645315,0.6000000000000002,False,unmatched_abstention,0.6000000000000002,0.25000000000000006,0.5621765008857981,False,unmatched_abstention
DBLP,0.7,43,545,conf/sigmod/BrunoCG01,True,3,8KJ9XFv1ESAJ,8KJ9XFv1ESAJ,True,0.9999908564199677,0.9999899116281612,9.447918064564576e-07,0.6000000000000002,True,correct,0.6000000000000002,0.25000000000000006,0.5621765008857981,True,correct
DBLP,0.7,43,546,journals/sigmod/SalgadoE03,False,0,,url:http://portal.acm.org/ft_gateway.cfm%3Fid%3D310062%26type%3Dpdf%26dl%3DGUIDE%26dl%3DACM%26CFID%3D11111111%26CFTOKEN%3D2222222,False,0.0003415370429524,6.559970707064068e-06,0.0003349770722453,0.6000000000000002,False,unmatched_abstention,0.6000000000000002,0.25000000000000006,0.5621765008857981,False,unmatched_abstention
DBLP,0.7,43,547,journals/sigmod/Fagin02,True,2,C3swZi1md5YJ,C3swZi1md5YJ,True,0.9999898994792455,5.533287081958821e-06,0.9999843661921636,0.6000000000000002,True,correct,0.6000000000000002,0.25000000000000006,0.5621765008857981,True,correct
DBLP,0.7,43,548,journals/tods/Ross96,True,1,url:http://portal.acm.org/ft_gateway.cfm%3Fid%3D232628%26type%3Dpdf%26dl%3DGUIDE%26dl%3DACM%26CFID%3D11111111%26CFTOKEN%3D2222222,url:http://portal.acm.org/ft_gateway.cfm%3Fid%3D232628%26type%3Dpdf%26dl%3DGUIDE%26dl%3DACM%26CFID%3D11111111%26CFTOKEN%3D2222222,True,0.9999805855030774,4.828606930886138e-06,0.9999757568961466,0.6000000000000002,True,correct,0.6000000000000002,0.25000000000000006,0.5621765008857981,True,correct
DBLP,0.7,43,549,conf/sigmod/SismanisDRK02,True,4,bCj32WyDQ0IJ,seSeL2gsCJoJ,True,0.9999899394519176,0.999987369936852,2.569515065609096e-06,0.6000000000000002,True,correct,0.6000000000000002,0.25000000000000006,0.5621765008857981,True,correct
DBLP,0.7,43,550,journals/sigmod/TatarinovIMHSDDKMM03,True,2,0JPhnHlRGOoJ,0JPhnHlRGOoJ,True,0.9999856396436456,0.99992191652302,6.372312062563612e-05,0.6000000000000002,True,correct,0.6000000000000002,0.25000000000000006,0.5621765008857981,True,correct
DBLP,0.7,43,551,conf/sigmod/OhHP00,True,3,cFpgCsBTSBEJ,T91d5LI-xIwJ,True,0.999992486577167,0.999984796045284,7.690531883097762e-06,0.6000000000000002,True,correct,0.6000000000000002,0.25000000000000006,0.5621765008857981,True,correct
DBLP,0.7,43,552,conf/vldb/BaulierBKS98,True,1,dNK16sHm9eUJ,dNK16sHm9eUJ,True,0.9999927322672169,8.215440579273444e-06,0.9999845168266376,0.6000000000000002,True,correct,0.6000000000000002,0.25000000000000006,0.5621765008857981,True,correct
DBLP,0.7,43,553,conf/vldb/ShahRS02,True,2,ByAk0yD64SYJ,Q3MhG5RK29oJ,True,0.9999902699730002,0.9999717664084126,1.850356458765745e-05,0.6000000000000002,True,correct,0.6000000000000002,0.25000000000000006,0.5621765008857981,True,correct
DBLP,0.7,43,554,conf/vldb/Gibbons01,True,1,tYtl6ZxQ-_YJ,tYtl6ZxQ-_YJ,True,0.9999907858226889,0.999807865032393,0.0001829207902958,0.6000000000000002,True,correct,0.6000000000000002,0.25000000000000006,0.5621765008857981,True,correct
DBLP,0.7,43,555,conf/sigmod/ViglasN02,True,2,2aeb_pBP7lcJ,2aeb_pBP7lcJ,True,0.999989577068598,0.999919163590614,7.041347798408815e-05,0.6000000000000002,True,correct,0.6000000000000002,0.25000000000000006,0.5621765008857981,True,correct
DBLP,0.7,43,556,conf/vldb/Leymann01,True,1,eRh9hA637AMJ,eRh9hA637AMJ,True,0.999987491768942,1.6407313786358622e-05,0.9999710844551556,0.6000000000000002,True,correct,0.6000000000000002,0.25000000000000006,0.5621765008857981,True,correct
DBLP,0.7,43,557,conf/sigmod/MamoulisP99,True,4,fXHqHRgpG8sJ,z9MQwq7G3GYJ,True,0.9999910680414827,0.9999892154639524,1.8525775303812608e-06,0.6000000000000002,True,correct,0.6000000000000002,0.25000000000000006,0.5621765008857981,True,correct
DBLP,0.7,43,558,journals/sigmod/ArenasKKKMM03,True,2,biVrK7MrU4QJ,biVrK7MrU4QJ,True,0.9999902982889128,0.9999866552835538,3.643005358933138e-06,0.6000000000000002,True,correct,0.6000000000000002,0.25000000000000006,0.5621765008857981,True,correct
DBLP,0.7,43,559,conf/sigmod/ChenGK01,True,1,8OgkUeiawO0J,8OgkUeiawO0J,True,0.9999850031235444,0.0002233758902677,0.9997616272332768,0.6000000000000002,True,correct,0.6000000000000002,0.25000000000000006,0.5621765008857981,True,correct
DBLP,0.7,43,560,conf/sigmod/WuAA01,True,2,Mj5XfzB2Rt8J,QKlyEeIFW24J,True,0.9998081070688942,0.0006174339399622,0.999190673128932,0.6000000000000002,True,correct,0.6000000000000002,0.25000000000000006,0.5621765008857981,True,correct
DBLP,0.7,43,561,conf/sigmod/MayrS99,True,1,1lRZz4bZvxEJ,1lRZz4bZvxEJ,True,0.9999860950977564,5.667179112239836e-06,0.9999804279186444,0.6000000000000002,True,correct,0.6000000000000002,0.25000000000000006,0.5621765008857981,True,correct
DBLP,0.7,43,562,conf/sigmod/SelfridgeSW96,True,2,4ucV5h3-YvMJ,V2Wysmw3ti4J,True,0.9999867659233358,0.9999840240746628,2.7418486731045637e-06,0.6000000000000002,True,correct,0.6000000000000002,0.25000000000000006,0.5621765008857981,True,correct
DBLP,0.7,43,563,conf/vldb/WuFSP00,True,2,tr_rawv-6SMJ,XojbAfbtdvcJ,True,0.9999915191181844,0.9999435093397218,4.800977846275423e-05,0.6000000000000002,True,correct,0.6000000000000002,0.25000000000000006,0.5621765008857981,True,correct
DBLP,0.7,43,564,journals/tods/Revesz98,True,1,dr8s9hbwjR0J,dr8s9hbwjR0J,True,0.9999838527833484,1.0615111739757322e-05,0.9999732376716088,0.6000000000000002,True,correct,0.6000000000000002,0.25000000000000006,0.5621765008857981,True,correct
DBLP,0.7,43,565,conf/vldb/OoiGT98,True,1,LJdSx1Di81MJ,LJdSx1Di81MJ,True,0.99999138659173,1.7935887946893053e-05,0.9999734507037832,0.6000000000000002,True,correct,0.6000000000000002,0.25000000000000006,0.5621765008857981,True,correct
DBLP,0.7,43,566,journals/sigmod/PourabbasR00,True,2,3y6y5AXu-j0J,3y6y5AXu-j0J,True,0.9999923713150832,0.9999884857859932,3.885529090252859e-06,0.6000000000000002,True,correct,0.6000000000000002,0.25000000000000006,0.5621765008857981,True,correct
DBLP,0.7,43,567,journals/vldb/Bertino94,True,2,oRWtcCo6xlAJ,ylP7n4GU-DQJ,True,0.99998751860339,0.9972729173221916,0.0027146012811984,0.6000000000000002,True,correct,0.6000000000000002,0.25000000000000006,0.5621765008857981,True,correct
DBLP,0.7,43,568,conf/sigmod/BohmBKK01,True,1,C4XcBh6anhAJ,C4XcBh6anhAJ,True,0.9999918740665014,1.1365743410607949e-05,0.9999805083230908,0.6000000000000002,True,correct,0.6000000000000002,0.25000000000000006,0.5621765008857981,True,correct
DBLP,0.7,43,569,journals/vldb/MihailaRT02,True,1,my7mYCzEEJAJ,my7mYCzEEJAJ,True,0.9999930361965328,5.063748496173932e-06,0.9999879724480368,0.6000000000000002,True,correct,0.6000000000000002,0.25000000000000006,0.5621765008857981,True,correct
DBLP,0.7,43,570,conf/vldb/RosenthalS94,True,1,NFUWsBXtCncJ,NFUWsBXtCncJ,True,0.9999884057232784,4.392290975483835e-06,0.999984013432303,0.6000000000000002,True,correct,0.6000000000000002,0.25000000000000006,0.5621765008857981,True,correct
DBLP,0.7,43,571,journals/sigmod/Loeffen94,True,3,gb-yIDOxaEkJ,gb-yIDOxaEkJ,True,0.999992290469363,0.9999670284279324,2.526204143049604e-05,0.6000000000000002,True,correct,0.6000000000000002,0.25000000000000006,0.5621765008857981,True,correct
DBLP,0.7,43,572,conf/vldb/LabrinidisR01,True,3,3Ozte0ucNJAJ,3Ozte0ucNJAJ,True,0.9999915584231324,0.9999843527220974,7.205701035073453e-06,0.6000000000000002,True,correct,0.6000000000000002,0.25000000000000006,0.5621765008857981,True,correct
DBLP,0.7,43,573,conf/sigmod/EmbleyJN99,True,3,54w4cIKL11UJ,x8uC_9_IzUEJ,True,0.9999916673612016,0.9999772110464904,1.4456314711086549e-05,0.6000000000000002,True,correct,0.6000000000000002,0.25000000000000006,0.5621765008857981,True,correct
DBLP,0.7,43,574,conf/sigmod/SaltenisJLL00,True,11,a7v0bHRrpjMJ,e0UYPB4kRCYJ,True,0.9999902053805528,0.9999875711870654,2.634193487338621e-06,0.6000000000000002,True,correct,0.6000000000000002,0.25000000000000006,0.5621765008857981,True,correct
DBLP,0.7,43,575,journals/sigmod/ZobelMR96,True,1,6NbNX8nSta0J,6NbNX8nSta0J,True,0.9999921585108048,5.168523561688478e-06,0.999986989987243,0.6000000000000002,True,correct,0.6000000000000002,0.25000000000000006,0.5621765008857981,True,correct
DBLP,0.7,43,576,journals/sigmod/CfP99,False,0,,xKi8Vm3o9KsJ,False,2.7297999097749963e-05,1.9263341536707124e-05,8.034657561042839e-06,0.6000000000000002,False,unmatched_abstention,0.6000000000000002,0.25000000000000006,0.5621765008857981,False,unmatched_abstention
DBLP,0.7,43,577,conf/sigmod/WilschutFA95,True,2,vgoFTdXYHZ0J,vgoFTdXYHZ0J,True,0.9999908969733076,9.157508561470764e-05,0.9998993218876928,0.6000000000000002,True,correct,0.6000000000000002,0.25000000000000006,0.5621765008857981,True,correct
DBLP,0.7,43,578,journals/sigmod/LightstoneLZ02,True,2,7TYVQTwq9FIJ,7TYVQTwq9FIJ,True,0.9999916640309288,0.9999840952790005,7.568751928310746e-06,0.6000000000000002,True,correct,0.6000000000000002,0.25000000000000006,0.5621765008857981,True,correct
DBLP,0.7,43,579,conf/vldb/Bhashyam96,True,1,url:http://portal.acm.org/ft_gateway.cfm%3Fid%3D245908%26type%3Dpdf%26dl%3DGUIDE%26dl%3DACM%26CFID%3D11111111%26CFTOKEN%3D2222222,url:http://portal.acm.org/ft_gateway.cfm%3Fid%3D245908%26type%3Dpdf%26dl%3DGUIDE%26dl%3DACM%26CFID%3D11111111%26CFTOKEN%3D2222222,True,0.9999907425143538,4.586258745549696e-06,0.9999861562556084,0.6000000000000002,True,correct,0.6000000000000002,0.25000000000000006,0.5621765008857981,True,correct
DBLP,0.7,43,580,conf/sigmod/BornhovdAKMPR03,True,2,4qtu0-tW0IcJ,7lPu8hBgKksJ,True,0.9999924942687644,0.9999923555260783,1.387426860066654e-07,0.6000000000000002,True,correct,0.6000000000000002,0.25000000000000006,0.5621765008857981,True,correct
DBLP,0.7,43,581,journals/sigmod/Vassilakis00,True,2,e0j-56kaeR4J,nZO8ZA4eYzYJ,True,0.999992755531922,0.9999900777077476,2.6778241745128994e-06,0.6000000000000002,True,correct,0.6000000000000002,0.25000000000000006,0.5621765008857981,True,correct
DBLP,0.7,43,582,conf/vldb/CeriFP99,True,3,8OrOAQnaveIJ,8OrOAQnaveIJ,True,0.99999247438627,0.9999924294831468,4.490312299765265e-08,0.6000000000000002,True,correct,0.6000000000000002,0.25000000000000006,0.5621765008857981,True,correct
DBLP,0.7,43,583,conf/vldb/ChangG97,True,6,0NK87fQBfPUJ,2SYiXa0vGN4J,True,0.999990480153801,0.9999847669171203,5.713236680526812e-06,0.6000000000000002,True,correct,0.6000000000000002,0.25000000000000006,0.5621765008857981,True,correct
DBLP,0.7,43,584,journals/tods/Galindo-LegariaR97,True,3,g4p3K22hY_oJ,Vjga5yC23KIJ,True,0.9999916802167512,0.9999780470547768,1.3633161974224706e-05,0.6000000000000002,True,correct,0.6000000000000002,0.25000000000000006,0.5621765008857981,True,correct
DBLP,0.7,43,585,journals/sigmod/FreemanG96,True,3,Em3qp7RGalkJ,Em3qp7RGalkJ,True,0.9999919145028314,0.999989803422713,2.111080118383235e-06,0.6000000000000002,True,correct,0.6000000000000002,0.25000000000000006,0.5621765008857981,True,correct
DBLP,0.7,43,586,conf/sigmod/BertinoCF01,True,1,JSzfxAgs4pgJ,JSzfxAgs4pgJ,True,0.9999914271812976,0.7879002791633871,0.2120911480179104,0.6000000000000002,True,correct,0.6000000000000002,0.25000000000000006,0.5621765008857981,True,correct
DBLP,0.7,43,587,journals/vldb/Sarawagi01,True,1,Xx6kw0tCeQIJ,Xx6kw0tCeQIJ,True,0.9999841311858156,6.599044537566942e-05,0.99991814074044,0.6000000000000002,True,correct,0.6000000000000002,0.25000000000000006,0.5621765008857981,True,correct
DBLP,0.7,43,588,journals/sigmod/UrbanDG96,True,1,url:http://portal.acm.org/ft_gateway.cfm%3Fid%3D381892%26type%3Dpdf%26dl%3DGUIDE%26dl%3DACM%26CFID%3D11111111%26CFTOKEN%3D2222222,url:http://portal.acm.org/ft_gateway.cfm%3Fid%3D381892%26type%3Dpdf%26dl%3DGUIDE%26dl%3DACM%26CFID%3D11111111%26CFTOKEN%3D2222222,True,0.9999913664513618,1.3116283710631976e-05,0.9999782501676512,0.6000000000000002,True,correct,0.6000000000000002,0.25000000000000006,0.5621765008857981,True,correct
DBLP,0.7,43,589,journals/vldb/ShegalovGW01,True,1,_6ErNQyZwXsJ,_6ErNQyZwXsJ,True,0.9999928697232116,4.626581876413213e-06,0.9999882431413352,0.6000000000000002,True,correct,0.6000000000000002,0.25000000000000006,0.5621765008857981,True,correct
DBLP,0.7,43,590,conf/sigmod/Martin94,True,1,ogow-Rtc3fEJ,ogow-Rtc3fEJ,True,0.9999876766662382,0.0020827081397904,0.9979049685264476,0.6000000000000002,True,correct,0.6000000000000002,0.25000000000000006,0.5621765008857981,True,correct
DBLP,0.7,43,591,conf/vldb/SchindlerAG03,True,1,CsWyDorgQF4J,CsWyDorgQF4J,True,0.999991914525964,4.809300462071565e-06,0.999987105225502,0.6000000000000002,True,correct,0.6000000000000002,0.25000000000000006,0.5621765008857981,True,correct
DBLP,0.7,43,592,conf/vldb/TsoisS03,True,1,_2oz5poi5asJ,_2oz5poi5asJ,True,0.9999908771063368,4.980609480730608e-06,0.999985896496856,0.6000000000000002,True,correct,0.6000000000000002,0.25000000000000006,0.5621765008857981,True,correct
DBLP,0.7,43,593,conf/vldb/Kuhn03,False,0,,MyW5sLwDtogJ,False,0.9997737784007436,4.562748924481503e-06,0.9997692156518192,0.6000000000000002,True,false_link,0.6000000000000002,0.25000000000000006,0.5621765008857981,True,false_link
DBLP,0.7,43,594,conf/sigmod/RoySSB00,True,5,0MCbJO8XsEoJ,OZHS88jHgDkJ,True,0.9999920782131944,0.9999913241181766,7.540950178741568e-07,0.6000000000000002,True,correct,0.6000000000000002,0.25000000000000006,0.5621765008857981,True,correct
DBLP,0.7,43,595,journals/tods/MamoulisP01,True,1,Rg8V7NSK9tMJ,Rg8V7NSK9tMJ,True,0.9999487742089476,1.739227655158233e-05,0.999931381932396,0.6000000000000002,True,correct,0.6000000000000002,0.25000000000000006,0.5621765008857981,True,correct
DBLP,0.7,43,596,conf/vldb/VenkataramanZ98,True,2,KrAyBSajhZEJ,KrAyBSajhZEJ,True,0.9999921784297372,0.9999893932063124,2.7852234247838226e-06,0.6000000000000002,True,correct,0.6000000000000002,0.25000000000000006,0.5621765008857981,True,correct
DBLP,0.7,43,597,journals/sigmod/BunemanFSW01,False,0,,FLey09ZW6NgJ,False,0.13691129260843,0.0003784583744624,0.1365328342339676,0.6000000000000002,False,unmatched_abstention,0.6000000000000002,0.25000000000000006,0.5621765008857981,False,unmatched_abstention
DBLP,0.7,43,598,conf/vldb/ColletCS94,True,4,Iap8Eg0Sm8oJ,uMutI8spj1QJ,True,0.9999929245498363,0.9999902509971426,2.6735526938992398e-06,0.6000000000000002,True,correct,0.6000000000000002,0.25000000000000006,0.5621765008857981,True,correct
DBLP,0.7,43,599,journals/sigmod/LaenderRST02,True,4,34QnrkmS0Y8J,paQAZ2KXFgAJ,True,0.9999898327569872,0.9999799436960036,9.889060983647724e-06,0.6000000000000002,True,correct,0.6000000000000002,0.25000000000000006,0.5621765008857981,True,correct
DBLP,0.7,43,600,journals/tods/Lerner00,True,2,ETqxTcvf7K4J,ETqxTcvf7K4J,True,0.9999894674647116,0.9997024681931266,0.000286999271585,0.6000000000000002,True,correct,0.6000000000000002,0.25000000000000006,0.5621765008857981,True,correct
DBLP,0.7,43,601,conf/vldb/RysNS96,True,2,pwxPfVlOqQUJ,pwxPfVlOqQUJ,True,0.999991952658428,0.9999911248038756,8.278545523543457e-07,0.6000000000000002,True,correct,0.6000000000000002,0.25000000000000006,0.5621765008857981,True,correct
DBLP,0.7,43,602,journals/sigmod/SureSS02,True,3,A-OWMulBkOoJ,A-OWMulBkOoJ,True,0.9999924385168836,0.9999923563279672,8.21889161173317e-08,0.6000000000000002,True,correct,0.6000000000000002,0.25000000000000006,0.5621765008857981,True,correct
DBLP,0.7,43,603,conf/sigmod/DuSD95,True,1,Vl7gY6FsOOYJ,Vl7gY6FsOOYJ,True,0.9999900815015011,4.509703347703709e-06,0.9999855717981534,0.6000000000000002,True,correct,0.6000000000000002,0.25000000000000006,0.5621765008857981,True,correct
DBLP,0.7,43,604,journals/vldb/Halevy02,True,1,url:http://www.springerlink.com/index/6UEYKJ4UQTK18H6D.pdf,url:http://www.springerlink.com/index/6UEYKJ4UQTK18H6D.pdf,True,0.8261315766100821,0.794081099603482,0.0320504770066,0.6000000000000002,True,correct,0.6000000000000002,0.25000000000000006,0.5621765008857981,True,correct
DBLP,0.7,43,605,conf/sigmod/Faloutsos95,True,1,R0xUZUxSGmwJ,R0xUZUxSGmwJ,True,0.9999016957970775,0.0004375114100472,0.9994641843870304,0.6000000000000002,True,correct,0.6000000000000002,0.25000000000000006,0.5621765008857981,True,correct
DBLP,0.7,43,606,conf/vldb/WangHH00,True,1,qbxHq9qXVrUJ,qbxHq9qXVrUJ,True,0.9999897276738838,0.0136245068976942,0.9863652207761896,0.6000000000000002,True,correct,0.6000000000000002,0.25000000000000006,0.5621765008857981,True,correct
DBLP,0.7,43,607,journals/sigmod/Franklin98b,False,0,,url:http://portal.acm.org/citation.cfm%3Fid%3D945721.945727%26coll%3DGUIDE%26dl%3DACM%26idx%3DJ689%26part%3Dperiodical%26WantType%3Dperiodical%26title%3DACM%2520SIGMOD%2520Record%26CFID%3D11111111%26CFTOKEN%3D2222222,False,8.965523124365686e-06,8.850009295590129e-06,1.1551382877555669e-07,0.6000000000000002,False,unmatched_abstention,0.6000000000000002,0.25000000000000006,0.5621765008857981,False,unmatched_abstention
DBLP,0.7,43,608,conf/vldb/BestavrosB95,True,2,LDv4my6gWJQJ,lGyhpsPV6ogJ,True,0.9999872567899424,0.998084526662916,0.0019027301270264,0.6000000000000002,True,correct,0.6000000000000002,0.25000000000000006,0.5621765008857981,True,correct
DBLP,0.7,43,609,journals/sigmod/EisenbergM99a,True,2,e3s4OFTeBqwJ,e3s4OFTeBqwJ,True,0.9999912248218767,0.9999844125349364,6.8122869402165165e-06,0.6000000000000002,True,correct,0.6000000000000002,0.25000000000000006,0.5621765008857981,True,correct
DBLP,0.7,43,610,conf/vldb/MignetMAC01,True,4,KkI-NuyDkDQJ,VaDXNMtPZ4oJ,True,0.9999902900324544,0.9999889582342248,1.331798229586845e-06,0.6000000000000002,True,correct,0.6000000000000002,0.25000000000000006,0.5621765008857981,True,correct
DBLP,0.7,43,611,conf/sigmod/Grust02,True,3,-3LAxRNpDJIJ,-3LAxRNpDJIJ,True,0.9999800797974634,0.9999792396515366,8.401459268281286e-07,0.6000000000000002,True,correct,0.6000000000000002,0.25000000000000006,0.5621765008857981,True,correct
DBLP,0.7,43,612,conf/vldb/ZemankovaI94,True,1,Y1ZxtWV-qeUJ,Y1ZxtWV-qeUJ,True,0.9999922100150596,4.701461284815652e-06,0.9999875085537748,0.6000000000000002,True,correct,0.6000000000000002,0.25000000000000006,0.5621765008857981,True,correct
DBLP,0.7,43,613,conf/vldb/SimonD95,True,1,lLARMvKaIQMJ,lLARMvKaIQMJ,True,0.9999869097331472,1.3361334663166704e-05,0.9999735483984842,0.6000000000000002,True,correct,0.6000000000000002,0.25000000000000006,0.5621765008857981,True,correct
DBLP,0.7,43,614,journals/vldb/MuckP97,True,1,yHSQJtyFciMJ,yHSQJtyFciMJ,True,0.9988922822514026,4.523366041127872e-06,0.9988877588853614,0.6000000000000002,True,correct,0.6000000000000002,0.25000000000000006,0.5621765008857981,True,correct
DBLP,0.7,43,615,conf/sigmod/ZhouR02,True,1,-hUVSdRv5UUJ,-hUVSdRv5UUJ,True,0.9999900345406316,5.04667253020097e-06,0.9999849878681016,0.6000000000000002,True,correct,0.6000000000000002,0.25000000000000006,0.5621765008857981,True,correct
DBLP,0.7,43,616,conf/sigmod/WoelkBJOTU95,True,6,19VIHSiMAXcJ,--PsNHvlpbIJ,True,0.9999912640329024,0.9999890861447426,2.177888159704544e-06,0.6000000000000002,True,correct,0.6000000000000002,0.25000000000000006,0.5621765008857981,True,correct
DBLP,0.7,43,617,journals/sigmod/WuY00,True,1,url:http://portal.acm.org/ft_gateway.cfm%3Fid%3D362096%26type%3Dpdf%26dl%3DGUIDE%26dl%3DACM%26CFID%3D11111111%26CFTOKEN%3D2222222,url:http://portal.acm.org/ft_gateway.cfm%3Fid%3D362096%26type%3Dpdf%26dl%3DGUIDE%26dl%3DACM%26CFID%3D11111111%26CFTOKEN%3D2222222,True,0.9999835196090444,8.394156567358402e-06,0.999975125452477,0.6000000000000002,True,correct,0.6000000000000002,0.25000000000000006,0.5621765008857981,True,correct
DBLP,0.7,43,618,journals/sigmod/ChengP03,True,1,6fAPR3UvX28J,6fAPR3UvX28J,True,0.9999892109376802,7.294563570733573e-06,0.9999819163741096,0.6000000000000002,True,correct,0.6000000000000002,0.25000000000000006,0.5621765008857981,True,correct
DBLP,0.7,43,619,conf/sigmod/PiatkoYLS96,True,1,3NMPG1vUNgwJ,3NMPG1vUNgwJ,True,0.9999927043093751,4.326888826733762e-06,0.9999883774205484,0.6000000000000002,True,correct,0.6000000000000002,0.25000000000000006,0.5621765008857981,True,correct
DBLP,0.7,43,620,conf/sigmod/Keim96,True,2,AF9vuEJOr6cJ,AF9vuEJOr6cJ,True,0.9999894067420816,0.9999674926254712,2.191411661034426e-05,0.6000000000000002,True,correct,0.6000000000000002,0.25000000000000006,0.5621765008857981,True,correct
DBLP,0.7,43,621,conf/sigmod/AgichteinG03,True,1,url:http://portal.acm.org/citation.cfm%3Fid%3D872851,url:http://portal.acm.org/citation.cfm%3Fid%3D872851,True,0.9999918733070216,1.0007401713125749e-05,0.9999818659053084,0.6000000000000002,True,correct,0.6000000000000002,0.25000000000000006,0.5621765008857981,True,correct
DBLP,0.7,43,622,conf/vldb/YanA94,True,3,8j5i7YJQnNAJ,8j5i7YJQnNAJ,True,0.9999914383582356,0.9999892546395152,2.1837187202944364e-06,0.6000000000000002,True,correct,0.6000000000000002,0.25000000000000006,0.5621765008857981,True,correct
DBLP,0.7,43,623,journals/sigmod/Geller02,True,1,url:http://portal.acm.org/ft_gateway.cfm%3Fid%3D507355%26type%3Dpdf%26dl%3DGUIDE%26dl%3DACM%26CFID%3D11111111%26CFTOKEN%3D2222222,url:http://portal.acm.org/ft_gateway.cfm%3Fid%3D507355%26type%3Dpdf%26dl%3DGUIDE%26dl%3DACM%26CFID%3D11111111%26CFTOKEN%3D2222222,True,0.992730146811911,0.0022316076362322,0.9904985391756788,0.6000000000000002,True,correct,0.6000000000000002,0.25000000000000006,0.5621765008857981,True,correct
DBLP,0.7,43,624,conf/vldb/DiaoLCT00,True,2,hdDsjafWJIwJ,lzbvXZxLKJIJ,True,0.9999885728177292,0.9999289230759172,5.964974181205118e-05,0.6000000000000002,True,correct,0.6000000000000002,0.25000000000000006,0.5621765008857981,True,correct
DBLP,0.7,43,625,journals/vldb/Seshadri98,True,1,yXXD9DeXoAgJ,yXXD9DeXoAgJ,True,0.9999901706461138,3.261428445726758e-05,0.9999575563616566,0.6000000000000002,True,correct,0.6000000000000002,0.25000000000000006,0.5621765008857981,True,correct
DBLP,0.7,43,626,journals/sigmod/OConnellW03,True,1,SeDkIL_DlRwJ,SeDkIL_DlRwJ,True,0.999977302596025,4.5471239096067495e-06,0.9999727554721154,0.6000000000000002,True,correct,0.6000000000000002,0.25000000000000006,0.5621765008857981,True,correct
DBLP,0.7,43,627,journals/sigmod/LabrinidisR00,True,2,TppC2jA5UXMJ,Wcbvsi-QDtcJ,True,0.9999923043820974,0.9999900380373828,2.26634471467424e-06,0.6000000000000002,True,correct,0.6000000000000002,0.25000000000000006,0.5621765008857981,True,correct
DBLP,0.7,43,628,conf/sigmod/ZaharioudakisC97,True,1,U0o8vPY7L4kJ,U0o8vPY7L4kJ,True,0.9999929516569782,5.005833122052572e-06,0.9999879458238562,0.6000000000000002,True,correct,0.6000000000000002,0.25000000000000006,0.5621765008857981,True,correct
DBLP,0.7,43,629,journals/sigmod/GatziuJSV99,True,1,HtqrJuo7GSsJ,HtqrJuo7GSsJ,True,0.9999920594855448,0.9817680809633044,0.0182239785222402,0.6000000000000002,True,correct,0.6000000000000002,0.25000000000000006,0.5621765008857981,True,correct
DBLP,0.7,43,630,conf/vldb/CormodeKMS03,True,1,0ZQnv8tOzBwJ,0ZQnv8tOzBwJ,True,0.9999922990667856,0.8708784034634884,0.1291138956032971,0.6000000000000002,True,correct,0.6000000000000002,0.25000000000000006,0.5621765008857981,True,correct
DBLP,0.7,43,631,conf/vldb/GottlobKP02,True,6,e5Gm5upjQnkJ,lmLjPf_m6jwJ,True,0.9999885796376446,0.999987978973468,6.006641766198584e-07,0.6000000000000002,True,correct,0.6000000000000002,0.25000000000000006,0.5621765008857981,True,correct
DBLP,0.7,43,632,conf/vldb/LifantsevC02,True,1,gPvyDDUyrg4J,gPvyDDUyrg4J,True,0.9999908887571451,4.297813133172234e-06,0.999986590944012,0.6000000000000002,True,correct,0.6000000000000002,0.25000000000000006,0.5621765008857981,True,correct
DBLP,0.7,43,633,conf/sigmod/PatelYKTNBHRLEKGDN97,True,2,0inuMFZSQ50J,0inuMFZSQ50J,True,0.999991303649277,0.6433788566609351,0.3566124469883419,0.6000000000000002,True,correct,0.6000000000000002,0.25000000000000006,0.5621765008857981,True,correct
DBLP,0.7,43,634,conf/sigmod/BaruGLMPVC99,True,7,3SHIgRrrL5QJ,mXKKjAJUm-oJ,True,0.9999922944238993,0.9999887696049522,3.524818946942787e-06,0.6000000000000002,True,correct,0.6000000000000002,0.25000000000000006,0.5621765008857981,True,correct
DBLP,0.7,43,635,conf/sigmod/RiedelFGN00,True,1,ospJVA6AD1sJ,ospJVA6AD1sJ,True,0.999992162099504,5.3116830417874434e-06,0.9999868504164622,0.6000000000000002,True,correct,0.6000000000000002,0.25000000000000006,0.5621765008857981,True,correct
DBLP,0.7,43,636,journals/sigmod/AilamakiFFSV03,True,1,rMV2yNFwvggJ,rMV2yNFwvggJ,True,0.9999930894597288,4.395186387909324e-06,0.9999886942733408,0.6000000000000002,True,correct,0.6000000000000002,0.25000000000000006,0.5621765008857981,True,correct
DBLP,0.7,43,637,conf/vldb/CormodeDIM02,True,2,HjwbHpPjvasJ,LU7BfMnARgYJ,True,0.9999906636326228,0.9994140220716764,0.0005766415609463,0.6000000000000002,True,correct,0.6000000000000002,0.25000000000000006,0.5621765008857981,True,correct
DBLP,0.7,43,638,conf/sigmod/JaedickeM98,True,4,9eSx_Gd0JoQJ,LrJw7qiWElQJ,True,0.9999925828443794,0.9999923325417848,2.5030259453995285e-07,0.6000000000000002,True,correct,0.6000000000000002,0.25000000000000006,0.5621765008857981,True,correct
DBLP,0.7,43,639,journals/sigmod/KokkotosIPS95,True,1,-IvY8_ki_psJ,-IvY8_ki_psJ,True,0.9999923262507118,6.582669243822533e-06,0.999985743581468,0.6000000000000002,True,correct,0.6000000000000002,0.25000000000000006,0.5621765008857981,True,correct
DBLP,0.7,43,640,journals/sigmod/MeersmanS02,False,0,,url:http://portal.acm.org/citation.cfm%3Fid%3D945721.945727%26coll%3DGUIDE%26dl%3DACM%26idx%3DJ689%26part%3Dperiodical%26WantType%3Dperiodical%26title%3DACM%2520SIGMOD%2520Record%26CFID%3D11111111%26CFTOKEN%3D2222222,False,0.0094846738126065,0.0063997569689806,0.0030849168436258,0.6000000000000002,False,unmatched_abstention,0.6000000000000002,0.25000000000000006,0.5621765008857981,False,unmatched_abstention
DBLP,0.7,43,641,journals/sigmod/McHughW97,True,1,dAnyGPqToQEJ,dAnyGPqToQEJ,True,0.9999921286761264,5.413306322935691e-06,0.9999867153698034,0.6000000000000002,True,correct,0.6000000000000002,0.25000000000000006,0.5621765008857981,True,correct
DBLP,0.7,43,642,journals/tods/CeriFPT94,True,4,39m5BLDo1zYJ,aphxPCo8qkgJ,True,0.999990792094645,0.9999417892252124,4.9002869432768215e-05,0.6000000000000002,True,correct,0.6000000000000002,0.25000000000000006,0.5621765008857981,True,correct
DBLP,0.7,43,643,conf/sigmod/Gray95,False,0,,jiJgbmwO0lAJ,False,0.0002763383159435,0.0001525339919786,0.0001238043239648,0.6000000000000002,False,unmatched_abstention,0.6000000000000002,0.25000000000000006,0.5621765008857981,False,unmatched_abstention
DBLP,0.7,43,644,conf/vldb/SarawagiS96,True,2,GzBmx-QUxFYJ,GzBmx-QUxFYJ,True,0.9999896544311776,0.9999241877601612,6.546667101647863e-05,0.6000000000000002,True,correct,0.6000000000000002,0.25000000000000006,0.5621765008857981,True,correct
DBLP,0.7,43,645,journals/sigmod/Snodgrass03c,True,1,url:http://portal.acm.org/ft_gateway.cfm%3Fid%3D959062%26type%3Dpdf%26dl%3DGUIDE%26dl%3DACM%26CFID%3D11111111%26CFTOKEN%3D2222222,url:http://portal.acm.org/ft_gateway.cfm%3Fid%3D959062%26type%3Dpdf%26dl%3DGUIDE%26dl%3DACM%26CFID%3D11111111%26CFTOKEN%3D2222222,True,0.999987926169259,7.399921263257726e-05,0.9999139269566264,0.6000000000000002,True,correct,0.6000000000000002,0.25000000000000006,0.5621765008857981,True,correct
DBLP,0.7,43,646,conf/vldb/TaoPS02,True,3,c-rJ2AIMUjwJ,o0WQjRyBQ5kJ,True,0.9999871580697356,0.9999602558819668,2.690218776890685e-05,0.6000000000000002,True,correct,0.6000000000000002,0.25000000000000006,0.5621765008857981,True,correct
DBLP,0.7,43,647,conf/sigmod/GravanoGT94,True,10,81oh7EDAYeoJ,H6fWl-cSuY4J,True,0.9999914333598288,0.9999905921838804,8.411759482296333e-07,0.6000000000000002,True,correct,0.6000000000000002,0.25000000000000006,0.5621765008857981,True,correct
DBLP,0.7,43,648,conf/vldb/BelloDDFNSWZ98,True,3,v-A9Q61fYy4J,zrMFWOX1h2MJ,True,0.9999885683270006,0.9999827012004098,5.867126590786143e-06,0.6000000000000002,True,correct,0.6000000000000002,0.25000000000000006,0.5621765008857981,True,correct
DBLP,0.7,43,649,journals/sigmod/YuenCLL00,True,1,Ip82P4QfKyEJ,Ip82P4QfKyEJ,True,0.999991934672398,3.0256208903086977e-05,0.9999616784634948,0.6000000000000002,True,correct,0.6000000000000002,0.25000000000000006,0.5621765008857981,True,correct
DBLP,0.7,43,650,journals/sigmod/SnodgrassAABCDEGJKKKLLRSSS94a,True,2,12xRfc32PXoJ,12xRfc32PXoJ,True,0.9999392459622296,0.998793676897137,0.0011455690650926,0.6000000000000002,True,correct,0.6000000000000002,0.25000000000000006,0.5621765008857981,True,correct
DBLP,0.7,43,651,journals/vldb/AmielBDS96,True,1,RtYWYRjBUmEJ,RtYWYRjBUmEJ,True,0.9999923299747724,9.620880290206232e-06,0.999982709094482,0.6000000000000002,True,correct,0.6000000000000002,0.25000000000000006,0.5621765008857981,True,correct
DBLP,0.7,43,652,conf/vldb/Korth95,True,1,UZAQL1o-c0MJ,UZAQL1o-c0MJ,True,0.9999491166230516,4.282531734062392e-06,0.9999448340913176,0.6000000000000002,True,correct,0.6000000000000002,0.25000000000000006,0.5621765008857981,True,correct
DBLP,0.7,43,653,conf/vldb/FerrandinaMZ94,True,1,yQ2TMZ92GaIJ,yQ2TMZ92GaIJ,True,0.999990863419381,0.0001217548623953,0.9998691085569856,0.6000000000000002,True,correct,0.6000000000000002,0.25000000000000006,0.5621765008857981,True,correct
DBLP,0.7,43,654,journals/sigmod/LiefkeS00,True,2,4q4PDOS45uIJ,N0eowMtIAukJ,True,0.999991080171536,0.9999743714585286,1.6708713007407283e-05,0.6000000000000002,True,correct,0.6000000000000002,0.25000000000000006,0.5621765008857981,True,correct
DBLP,0.7,43,655,conf/vldb/HulgeriS02,True,2,syoqNSarAscJ,xGcM9AuhrBMJ,True,0.9999911230008668,0.9999838913270104,7.231673856411547e-06,0.6000000000000002,True,correct,0.6000000000000002,0.25000000000000006,0.5621765008857981,True,correct
DBLP,0.7,43,656,conf/vldb/RamanRH99,True,3,6uP3E_WEkCAJ,6uP3E_WEkCAJ,True,0.9999911318008204,0.99998554719431,5.584606510566914e-06,0.6000000000000002,True,correct,0.6000000000000002,0.25000000000000006,0.5621765008857981,True,correct
DBLP,0.7,43,657,journals/tods/LeveneL99,True,1,iwPgaJ1eQrkJ,iwPgaJ1eQrkJ,True,0.9999887843536652,5.202264210144613e-06,0.9999835820894551,0.6000000000000002,True,correct,0.6000000000000002,0.25000000000000006,0.5621765008857981,True,correct
DBLP,0.7,43,658,conf/sigmod/IpeirotisGS01,True,1,bo7ArXlXypQJ,bo7ArXlXypQJ,True,0.9999884822057338,1.1618871503906975e-05,0.99997686333423,0.6000000000000002,True,correct,0.6000000000000002,0.25000000000000006,0.5621765008857981,True,correct
DBLP,0.7,43,659,conf/sigmod/ZhangNBB94,True,3,bymQ_6SSse4J,bymQ_6SSse4J,True,0.9999928651317924,0.9999904613422343,2.403789557847702e-06,0.6000000000000002,True,correct,0.6000000000000002,0.25000000000000006,0.5621765008857981,True,correct
DBLP,0.7,43,660,conf/vldb/PapadiasMD98,True,2,_6JbypCpDqgJ,7vbPCi-dbawJ,True,0.9999918349387156,0.999975314153058,1.6520785657392345e-05,0.6000000000000002,True,correct,0.6000000000000002,0.25000000000000006,0.5621765008857981,True,correct
DBLP,0.7,43,661,journals/sigmod/DarwenD95,True,5,5Sg1yO3UqawJ,DVnOcHunv7MJ,True,0.9999855379842856,0.9999837898796762,1.7481046095113584e-06,0.6000000000000002,True,correct,0.6000000000000002,0.25000000000000006,0.5621765008857981,True,correct
DBLP,0.7,43,662,journals/sigmod/KiyokiKH94,True,1,xT3mwY4t5kEJ,xT3mwY4t5kEJ,True,0.9999920441286168,4.543240104979744e-06,0.9999875008885118,0.6000000000000002,True,correct,0.6000000000000002,0.25000000000000006,0.5621765008857981,True,correct
DBLP,0.7,43,663,journals/sigmod/Gaffney96,True,1,uaT2hY6421UJ,uaT2hY6421UJ,True,0.9999823069138832,4.3323969805037625e-06,0.9999779745169028,0.6000000000000002,True,correct,0.6000000000000002,0.25000000000000006,0.5621765008857981,True,correct
DBLP,0.7,43,664,conf/sigmod/IoannidisL94,True,1,dDHNsS9sisEJ,dDHNsS9sisEJ,True,0.9999906195979004,4.821681533219974e-06,0.9999857979163672,0.6000000000000002,True,correct,0.6000000000000002,0.25000000000000006,0.5621765008857981,True,correct
DBLP,0.7,43,665,journals/sigmod/BerraNT95,True,1,url:http://portal.acm.org/ft_gateway.cfm%3Fid%3D202670%26type%3Dpdf%26dl%3DGUIDE%26dl%3DACM%26CFID%3D11111111%26CFTOKEN%3D2222222,url:http://portal.acm.org/ft_gateway.cfm%3Fid%3D202670%26type%3Dpdf%26dl%3DGUIDE%26dl%3DACM%26CFID%3D11111111%26CFTOKEN%3D2222222,True,0.9999868569709052,3.181371417471693e-05,0.9999550432567303,0.6000000000000002,True,correct,0.6000000000000002,0.25000000000000006,0.5621765008857981,True,correct
DBLP,0.7,43,666,conf/vldb/PantiSG00,True,1,C7Vuxp5KVsAJ,C7Vuxp5KVsAJ,True,0.9999926465069467,5.2369042971895325e-06,0.9999874096026496,0.6000000000000002,True,correct,0.6000000000000002,0.25000000000000006,0.5621765008857981,True,correct
DBLP,0.7,43,667,conf/vldb/GehaniJR94,True,2,MxYiwR2f9UYJ,MxYiwR2f9UYJ,True,0.999991381522006,0.9999888910272912,2.490494714901814e-06,0.6000000000000002,True,correct,0.6000000000000002,0.25000000000000006,0.5621765008857981,True,correct
DBLP,0.7,43,668,conf/sigmod/Seshadri99,True,2,B855ccGhBu4J,B855ccGhBu4J,True,0.999931577457874,0.9999118629767996,1.971448107429552e-05,0.6000000000000002,True,correct,0.6000000000000002,0.25000000000000006,0.5621765008857981,True,correct
DBLP,0.7,43,669,journals/sigmod/Darwen96,True,1,url:http://portal.acm.org/citation.cfm%3Fid%3D245882.245886%26dl%3DGUIDE%26dl%3DACM%26idx%3DJ689%26part%3Dperiodical%26WantType%3Dperiodical%26title%3DACM%2520SIGMOD%2520Record%26CFID%3D11111111%26CFTOKEN%3D2222222,url:http://portal.acm.org/citation.cfm%3Fid%3D245882.245886%26dl%3DGUIDE%26dl%3DACM%26idx%3DJ689%26part%3Dperiodical%26WantType%3Dperiodical%26title%3DACM%2520SIGMOD%2520Record%26CFID%3D11111111%26CFTOKEN%3D2222222,True,0.999992224569814,0.0813028390455489,0.918689385524265,0.6000000000000002,True,correct,0.6000000000000002,0.25000000000000006,0.5621765008857981,True,correct
DBLP,0.7,43,670,conf/vldb/ZhuS02,True,1,iuyRrJJDBcIJ,iuyRrJJDBcIJ,True,0.9999898264137338,6.9968349666096525e-06,0.9999828295787672,0.6000000000000002,True,correct,0.6000000000000002,0.25000000000000006,0.5621765008857981,True,correct
DBLP,0.7,43,671,conf/vldb/CarinoO98,True,3,iaOLRaqTWmEJ,lDNAWc5SrmIJ,True,0.9999893636487036,0.9999639283453072,2.543530339638167e-05,0.6000000000000002,True,correct,0.6000000000000002,0.25000000000000006,0.5621765008857981,True,correct
DBLP,0.7,43,672,journals/sigmod/Franklin00b,False,0,,url:http://portal.acm.org/citation.cfm%3Fid%3D945721.945727%26coll%3DGUIDE%26dl%3DACM%26idx%3DJ689%26part%3Dperiodical%26WantType%3Dperiodical%26title%3DACM%2520SIGMOD%2520Record%26CFID%3D11111111%26CFTOKEN%3D2222222,False,9.06208280892328e-06,7.300882887522109e-06,1.7611999214011705e-06,0.6000000000000002,False,unmatched_abstention,0.6000000000000002,0.25000000000000006,0.5621765008857981,False,unmatched_abstention
DBLP,0.7,43,673,conf/sigmod/BaulierBGGHJKKMMNNRSSSWW99,True,1,wgRWDYY7q_8J,wgRWDYY7q_8J,True,0.9999917699109886,0.0848892441140988,0.9151025257968898,0.6000000000000002,True,correct,0.6000000000000002,0.25000000000000006,0.5621765008857981,True,correct
DBLP,0.7,43,674,conf/sigmod/AgrawalASY97,True,5,3nxl8d4c0t4J,3nxl8d4c0t4J,True,0.999991044440766,0.999988674236562,2.370204203905324e-06,0.6000000000000002,True,correct,0.6000000000000002,0.25000000000000006,0.5621765008857981,True,correct
DBLP,0.7,43,675,journals/tods/Hellerstein98,True,5,Ae-y0LICgtkJ,q8m4M7OxSSAJ,True,0.9999867090455796,0.9999845268133416,2.1822322381348518e-06,0.6000000000000002,True,correct,0.6000000000000002,0.25000000000000006,0.5621765008857981,True,correct
DBLP,0.7,43,676,journals/sigmod/TianDCZ02,True,5,eeCoB5sDWK4J,JceK-ywXk8UJ,True,0.99999147957335,0.9999870588315964,4.420741753663471e-06,0.6000000000000002,True,correct,0.6000000000000002,0.25000000000000006,0.5621765008857981,True,correct
DBLP,0.7,43,677,conf/vldb/DarFJST96,True,11,57-MJmAVId8J,95lS1rShpqQJ,True,0.999989632999353,0.9999888745198316,7.584795214121698e-07,0.6000000000000002,True,correct,0.6000000000000002,0.25000000000000006,0.5621765008857981,True,correct
DBLP,0.7,43,678,journals/vldb/FerrariAABC02,True,1,74D4YiDcxfcJ,74D4YiDcxfcJ,True,0.9999913224053116,7.154450566540273e-06,0.9999841679547452,0.6000000000000002,True,correct,0.6000000000000002,0.25000000000000006,0.5621765008857981,True,correct
DBLP,0.7,43,679,journals/sigmod/ShahMFH01,True,1,7b-nJDMGtwUJ,7b-nJDMGtwUJ,True,0.9999911772098056,4.389912383239836e-06,0.9999867872974224,0.6000000000000002,True,correct,0.6000000000000002,0.25000000000000006,0.5621765008857981,True,correct
DBLP,0.7,43,680,journals/sigmod/BerndtssonH96,True,2,8Dj_i69XP60J,url:http://portal.acm.org/ft_gateway.cfm%3Fid%3D381889%26type%3Dpdf%26dl%3DGUIDE%26dl%3DACM%26CFID%3D11111111%26CFTOKEN%3D2222222,True,0.9999807795794106,0.851799536953075,0.1481812426263355,0.6000000000000002,True,correct,0.6000000000000002,0.25000000000000006,0.5621765008857981,True,correct
DBLP,0.7,43,681,journals/sigmod/JacobS99,True,1,3-iiSyJLwLkJ,3-iiSyJLwLkJ,True,0.9999891764861956,0.9999646402762206,2.453620997500128e-05,0.6000000000000002,True,correct,0.6000000000000002,0.25000000000000006,0.5621765008857981,True,correct
DBLP,0.7,43,682,conf/sigmod/LiuFP03,True,2,_97cTemKZnMJ,5BY1upUmSTUJ,True,0.0071938424593478,0.0013205254695518,0.0058733169897959,0.6000000000000002,False,missing_match,0.6000000000000002,0.25000000000000006,0.5621765008857981,False,missing_match
DBLP,0.7,43,683,journals/tods/SrivastavaSRN95,True,2,url:http://www.csa.com/partners/viewrecord.php%3Frequester%3Dgs%26collection%3DTRD%26recid%3D0219026CI,zm3D83ZiU4UJ,True,0.9999899381949744,0.9999298379880645,6.0100206909941e-05,0.6000000000000002,True,correct,0.6000000000000002,0.25000000000000006,0.5621765008857981,True,correct
DBLP,0.7,43,684,journals/sigmod/CruzKLSWY02,True,1,url:http://portal.acm.org/ft_gateway.cfm%3Fid%3D601882%26type%3Dpdf%26dl%3DGUIDE%26dl%3DACM%26CFID%3D11111111%26CFTOKEN%3D2222222,url:http://portal.acm.org/ft_gateway.cfm%3Fid%3D601882%26type%3Dpdf%26dl%3DGUIDE%26dl%3DACM%26CFID%3D11111111%26CFTOKEN%3D2222222,True,0.9999926266550528,2.6345528749442592e-05,0.9999662811263034,0.6000000000000002,True,correct,0.6000000000000002,0.25000000000000006,0.5621765008857981,True,correct
DBLP,0.7,43,685,journals/vldb/Antoshenkov97,True,1,gleX-n_dgkcJ,gleX-n_dgkcJ,True,0.999988158679227,0.1591239312068954,0.8408642274723315,0.6000000000000002,True,correct,0.6000000000000002,0.25000000000000006,0.5621765008857981,True,correct
DBLP,0.7,43,686,journals/sigmod/X94b,False,0,,V3C6Q9Ki3FAJ,False,1.131163379266466e-05,1.061193351451766e-05,6.997002781469981e-07,0.6000000000000002,False,unmatched_abstention,0.6000000000000002,0.25000000000000006,0.5621765008857981,False,unmatched_abstention
DBLP,0.7,43,687,conf/sigmod/PapadopoulosM98,True,1,dLzAJ-I1nCcJ,dLzAJ-I1nCcJ,True,0.999990213503666,6.12259686454032e-06,0.9999840909068016,0.6000000000000002,True,correct,0.6000000000000002,0.25000000000000006,0.5621765008857981,True,correct
DBLP,0.7,43,688,conf/sigmod/Team95c,False,0,,woeCho0v-kcJ,False,4.4773875898871004e-06,4.470040769416555e-06,7.346820470545359e-09,0.6000000000000002,False,unmatched_abstention,0.6000000000000002,0.25000000000000006,0.5621765008857981,False,unmatched_abstention
DBLP,0.7,43,689,journals/vldb/EyalM01,True,1,ntrSSBumclMJ,ntrSSBumclMJ,True,0.999992452543942,4.549531279482275e-06,0.9999879030126624,0.6000000000000002,True,correct,0.6000000000000002,0.25000000000000006,0.5621765008857981,True,correct
DBLP,0.7,43,690,conf/sigmod/ZaharioudakisCLPU00,True,3,Pbl_CbLYKWYJ,Pbl_CbLYKWYJ,True,0.9999919162992642,0.9999881069252624,3.809374001906285e-06,0.6000000000000002,True,correct,0.6000000000000002,0.25000000000000006,0.5621765008857981,True,correct
DBLP,0.7,43,691,conf/vldb/AtzeniMM97,True,7,25kJ4dWczjEJ,sARbiNQPPWQJ,True,0.9999894001835872,0.9999864917487896,2.9084347977770264e-06,0.6000000000000002,True,correct,0.6000000000000002,0.25000000000000006,0.5621765008857981,True,correct
DBLP,0.7,43,692,conf/vldb/CarinoJ98,True,1,LF2aUSIWko4J,LF2aUSIWko4J,True,0.9999906173075052,4.345729719811478e-06,0.9999862715777852,0.6000000000000002,True,correct,0.6000000000000002,0.25000000000000006,0.5621765008857981,True,correct
DBLP,0.7,43,693,conf/sigmod/ChakrabartiM99,True,1,Jg81WYtxtZoJ,Jg81WYtxtZoJ,True,0.9999915907640724,8.004975232337887e-06,0.99998358578884,0.6000000000000002,True,correct,0.6000000000000002,0.25000000000000006,0.5621765008857981,True,correct
DBLP,0.7,43,694,conf/vldb/WangSG03,True,1,T1TgIax4zVcJ,T1TgIax4zVcJ,True,0.9999914468537286,4.436223513519526e-06,0.9999870106302152,0.6000000000000002,True,correct,0.6000000000000002,0.25000000000000006,0.5621765008857981,True,correct
DBLP,0.7,43,695,journals/sigmod/PuSW01,True,1,nkW4iN6JqfAJ,nkW4iN6JqfAJ,True,0.9999916019279652,1.1473547652458503e-05,0.9999801283803128,0.6000000000000002,True,correct,0.6000000000000002,0.25000000000000006,0.5621765008857981,True,correct
DBLP,0.7,43,696,journals/sigmod/CiliaB02,True,1,Y1HVgTopekIJ,Y1HVgTopekIJ,True,0.9999916786059326,4.360109635444655e-06,0.9999873184962972,0.6000000000000002,True,correct,0.6000000000000002,0.25000000000000006,0.5621765008857981,True,correct
DBLP,0.7,43,697,conf/vldb/PossP03,True,1,DYZlq4rntjwJ,DYZlq4rntjwJ,True,0.9999865619674112,5.336023962308737e-05,0.9999332017277882,0.6000000000000002,True,correct,0.6000000000000002,0.25000000000000006,0.5621765008857981,True,correct
DBLP,0.7,43,698,journals/sigmod/BallMRZ02,True,1,Mfc9xsb7BuQJ,Mfc9xsb7BuQJ,True,0.9999921913309132,4.4806082903179805e-06,0.9999877107226228,0.6000000000000002,True,correct,0.6000000000000002,0.25000000000000006,0.5621765008857981,True,correct
DBLP,0.7,43,699,conf/sigmod/CarinoKKB01,True,2,a9HFF_bwiH4J,a9HFF_bwiH4J,True,0.9999898269182352,0.999981043096607,8.7838216281666e-06,0.6000000000000002,True,correct,0.6000000000000002,0.25000000000000006,0.5621765008857981,True,correct
DBLP,0.7,43,700,journals/sigmod/AtkinsonDJPS96,True,5,5tuINV43CDUJ,JHVWab3P4zIJ,True,0.9999892950714832,0.99998782807354,1.4669979432335722e-06,0.6000000000000002,True,correct,0.6000000000000002,0.25000000000000006,0.5621765008857981,True,correct
DBLP,0.7,43,701,conf/vldb/YuPM03,True,2,sP3bZMqHmZsJ,ZEEZqsnVCyYJ,True,0.99999149979841,4.4878697592588905e-06,0.9999870119286508,0.6000000000000002,True,correct,0.6000000000000002,0.25000000000000006,0.5621765008857981,True,correct
DBLP,0.7,43,702,conf/sigmod/CallanCD99,True,3,8UP-2TRKI5wJ,eWVreKOw_QgJ,True,0.999991075287448,0.9999791366839706,1.193860347725728e-05,0.6000000000000002,True,correct,0.6000000000000002,0.25000000000000006,0.5621765008857981,True,correct
DBLP,0.7,43,703,journals/sigmod/Gardels97,True,1,PlitMluIJyYJ,PlitMluIJyYJ,True,0.9999898322527756,0.1312993523856392,0.8686904798671364,0.6000000000000002,True,correct,0.6000000000000002,0.25000000000000006,0.5621765008857981,True,correct
DBLP,0.7,43,704,journals/sigmod/WangD03,False,0,,enUg70kEpM8J,False,0.9998499993439948,4.385614923504434e-06,0.9998456137290712,0.6000000000000002,True,false_link,0.6000000000000002,0.25000000000000006,0.5621765008857981,True,false_link
DBLP,0.7,43,705,conf/sigmod/BohannonMR01,True,1,ChD3-mp23f8J,ChD3-mp23f8J,True,0.999991540185298,2.2965298058384022e-05,0.9999685748872396,0.6000000000000002,True,correct,0.6000000000000002,0.25000000000000006,0.5621765008857981,True,correct
DBLP,0.7,43,706,journals/vldb/DeyBS96,True,1,q8IL-AZTmcgJ,q8IL-AZTmcgJ,True,0.9999877272381142,6.689751750470054e-05,0.9999208297206096,0.6000000000000002,True,correct,0.6000000000000002,0.25000000000000006,0.5621765008857981,True,correct
DBLP,0.7,43,707,conf/vldb/Duranti01,True,1,gQW6iYG5Vh0J,gQW6iYG5Vh0J,True,0.9999894212896574,0.0336148303242105,0.9663745909654468,0.6000000000000002,True,correct,0.6000000000000002,0.25000000000000006,0.5621765008857981,True,correct
DBLP,0.7,43,708,journals/tods/PolyzoisG94,True,2,LoL0Yu6h4VAJ,LoL0Yu6h4VAJ,True,0.9999885854085124,0.9999881920244952,3.933840171388425e-07,0.6000000000000002,True,correct,0.6000000000000002,0.25000000000000006,0.5621765008857981,True,correct
DBLP,0.7,43,709,conf/sigmod/ClossmanSHKPB98,True,4,__YO1CE_aKcJ,qq2lTNrNTBUJ,True,0.9999834386112708,0.9999820211107148,1.4175005562666598e-06,0.6000000000000002,True,correct,0.6000000000000002,0.25000000000000006,0.5621765008857981,True,correct
DBLP,0.7,43,710,conf/sigmod/DraperHW01,True,3,6csUZFROjIEJ,sURGDemFSsUJ,True,0.999985246040801,0.9999800434801148,5.202560686146107e-06,0.6000000000000002,True,correct,0.6000000000000002,0.25000000000000006,0.5621765008857981,True,correct
DBLP,0.7,43,711,conf/vldb/NgY94,True,3,1O-Uy922LQUJ,1O-Uy922LQUJ,True,0.9999918586382552,0.999986636575454,5.222062801180094e-06,0.6000000000000002,True,correct,0.6000000000000002,0.25000000000000006,0.5621765008857981,True,correct
DBLP,0.7,43,712,conf/vldb/RossS97,True,4,5Y_l1wlPo04J,-rTWS2erFQcJ,True,0.9999821190364654,0.9998846347741768,9.748426228872732e-05,0.6000000000000002,True,correct,0.6000000000000002,0.25000000000000006,0.5621765008857981,True,correct
DBLP,0.7,43,713,conf/sigmod/DasuJMS02,True,3,POt1WbTBB4cJ,zTF5z0v_nh0J,True,0.9999822361417404,0.9999812781822758,9.57959464531477e-07,0.6000000000000002,True,correct,0.6000000000000002,0.25000000000000006,0.5621765008857981,True,correct
DBLP,0.7,43,714,conf/sigmod/GeorgeH97,True,3,Ah9B3bWU0jEJ,Ah9B3bWU0jEJ,True,0.9999916318839784,0.9999791154237978,1.251646018052277e-05,0.6000000000000002,True,correct,0.6000000000000002,0.25000000000000006,0.5621765008857981,True,correct
DBLP,0.7,43,715,journals/sigmod/Huyn01,True,1,KNYDz76C_HsJ,KNYDz76C_HsJ,True,0.9999919574152,1.1371923373911808e-05,0.999980585491826,0.6000000000000002,True,correct,0.6000000000000002,0.25000000000000006,0.5621765008857981,True,correct
DBLP,0.7,43,716,conf/vldb/JermaineDO99,True,2,eawaEzvWj4gJ,eawaEzvWj4gJ,True,0.9999926373636072,0.999866324409562,0.0001263129540451,0.6000000000000002,True,correct,0.6000000000000002,0.25000000000000006,0.5621765008857981,True,correct
DBLP,0.7,43,717,conf/sigmod/LiBCS00,True,1,4abl38Q9iH4J,4abl38Q9iH4J,True,0.999988462329354,5.043073796366738e-06,0.9999834192555576,0.6000000000000002,True,correct,0.6000000000000002,0.25000000000000006,0.5621765008857981,True,correct
DBLP,0.7,43,718,journals/sigmod/Chamberlin03,False,0,,bTx3HtUoRr0J,False,2.112430430219715e-05,5.0777191253220685e-06,1.604658517687508e-05,0.6000000000000002,False,unmatched_abstention,0.6000000000000002,0.25000000000000006,0.5621765008857981,False,unmatched_abstention
DBLP,0.7,43,719,conf/vldb/BernsteinPS99,True,1,JcHiZlbsts0J,JcHiZlbsts0J,True,0.999990754769084,0.9999326648326532,5.808993643086069e-05,0.6000000000000002,True,correct,0.6000000000000002,0.25000000000000006,0.5621765008857981,True,correct
DBLP,0.7,43,720,journals/vldb/NgS98,True,3,8vJEjrhM7foJ,url:http://www.springerlink.com/index/85D6LYCWB48DWBKW.pdf,True,0.9999857245329828,0.9999500440413012,3.568049168167775e-05,0.6000000000000002,True,correct,0.6000000000000002,0.25000000000000006,0.5621765008857981,True,correct
DBLP,0.7,43,721,conf/sigmod/Galindo-LegariaJ01,True,1,BSlaDX5r0HQJ,BSlaDX5r0HQJ,True,0.9999910838796144,4.617391512966053e-06,0.9999864664881016,0.6000000000000002,True,correct,0.6000000000000002,0.25000000000000006,0.5621765008857981,True,correct
DBLP,0.7,43,722,journals/sigmod/Wade96,True,1,AYtrcxExrbkJ,AYtrcxExrbkJ,True,0.9999752505086296,6.15071142565686e-06,0.999969099797204,0.6000000000000002,True,correct,0.6000000000000002,0.25000000000000006,0.5621765008857981,True,correct
DBLP,0.7,43,723,conf/vldb/IdrisGC94,True,2,esWYQTXHBfUJ,Xf7TnMxlGTkJ,True,0.9999907733099532,0.997724471507518,0.0022663018024353,0.6000000000000002,True,correct,0.6000000000000002,0.25000000000000006,0.5621765008857981,True,correct
DBLP,0.7,43,724,journals/sigmod/Abiteboul99,True,2,13NBtnaNfIEJ,J_7kZS39msAJ,True,0.9999901029311562,0.9999799636926596,1.013923849646492e-05,0.6000000000000002,True,correct,0.6000000000000002,0.25000000000000006,0.5621765008857981,True,correct
DBLP,0.7,43,725,conf/vldb/VassalosP97,True,8,_Va8sQkrP2kJ,kG-k9420fGMJ,True,0.9999926688367488,0.9999920478227498,6.210139991136288e-07,0.6000000000000002,True,correct,0.6000000000000002,0.25000000000000006,0.5621765008857981,True,correct
DBLP,0.7,43,726,conf/vldb/ViverosNR96,True,2,lsY_rXfEDDIJ,lsY_rXfEDDIJ,True,0.9999908984923984,0.999989787511384,1.1109810144072083e-06,0.6000000000000002,True,correct,0.6000000000000002,0.25000000000000006,0.5621765008857981,True,correct
DBLP,0.7,43,727,conf/vldb/BalminPP00,True,1,FoAVdcYe0tsJ,FoAVdcYe0tsJ,True,0.9999921593258824,0.0366917067875441,0.9633004525383384,0.6000000000000002,True,correct,0.6000000000000002,0.25000000000000006,0.5621765008857981,True,correct
DBLP,0.7,43,728,journals/tods/KossmannS00,True,2,PnGVbzQCWY0J,PnGVbzQCWY0J,True,0.9999902323196268,0.9998865467578304,0.0001036855617964,0.6000000000000002,True,correct,0.6000000000000002,0.25000000000000006,0.5621765008857981,True,correct
DBLP,0.7,43,729,journals/tods/CasatiCPP99,True,6,12JXvv17ugoJ,6F_cUJERo6sJ,True,0.9999925658627205,0.9999896301516096,2.935711110763073e-06,0.6000000000000002,True,correct,0.6000000000000002,0.25000000000000006,0.5621765008857981,True,correct
DBLP,0.7,43,730,journals/vldb/BunemanFS00,True,1,E_CQlx3K0W4J,E_CQlx3K0W4J,True,0.9999926493465768,1.2862055364318636e-05,0.9999797872912124,0.6000000000000002,True,correct,0.6000000000000002,0.25000000000000006,0.5621765008857981,True,correct
DBLP,0.7,43,731,journals/vldb/Cobb97,True,1,R6XK3NbfZrgJ,R6XK3NbfZrgJ,True,0.9993728567585226,7.078959799865184e-06,0.9993657777987228,0.6000000000000002,True,correct,0.6000000000000002,0.25000000000000006,0.5621765008857981,True,correct
DBLP,0.7,43,732,conf/vldb/BrinkhoffK94,True,2,egvBPvtoaMMJ,egvBPvtoaMMJ,True,0.999991331718554,0.9999860408360162,5.29088253797827e-06,0.6000000000000002,True,correct,0.6000000000000002,0.25000000000000006,0.5621765008857981,True,correct
DBLP,0.7,43,733,journals/sigmod/HasanFV96,True,3,m2CCumFeAWgJ,m2CCumFeAWgJ,True,0.9999907913482076,0.9999884465512,2.344797007558519e-06,0.6000000000000002,True,correct,0.6000000000000002,0.25000000000000006,0.5621765008857981,True,correct
DBLP,0.7,43,734,conf/vldb/GantiLR00,True,2,V7byawkFcZMJ,V7byawkFcZMJ,True,0.9999897255772504,0.9999718024378338,1.7923139416731182e-05,0.6000000000000002,True,correct,0.6000000000000002,0.25000000000000006,0.5621765008857981,True,correct
DBLP,0.7,43,735,journals/vldb/SwamiS95,True,1,S6TmnZKgmxwJ,S6TmnZKgmxwJ,True,0.9999924134383174,6.672081394358187e-06,0.999985741356923,0.6000000000000002,True,correct,0.6000000000000002,0.25000000000000006,0.5621765008857981,True,correct
DBLP,0.7,43,736,conf/sigmod/BabcockBDM03,True,4,a2wqpKma5J4J,a2wqpKma5J4J,True,0.999992079301003,0.9999919660775696,1.1322343351771737e-07,0.6000000000000002,True,correct,0.6000000000000002,0.25000000000000006,0.5621765008857981,True,correct
DBLP,0.7,43,737,journals/vldb/AntoshenkovZ96,True,2,N8syKKPN6IoJ,N8syKKPN6IoJ,True,0.9999919190124316,0.9999834962847386,8.422727692969367e-06,0.6000000000000002,True,correct,0.6000000000000002,0.25000000000000006,0.5621765008857981,True,correct
DBLP,0.7,43,738,conf/vldb/MankuM02,True,3,dkoIJqatfrsJ,WS4ljty1ff8J,True,0.9999867816521588,0.9999808834833912,5.89816876783722e-06,0.6000000000000002,True,correct,0.6000000000000002,0.25000000000000006,0.5621765008857981,True,correct
DBLP,0.7,43,739,conf/vldb/SistlaYLL95,True,3,HtTNmhCJY-oJ,HtTNmhCJY-oJ,True,0.9999921825684824,0.9999789389777768,1.32435907057582e-05,0.6000000000000002,True,correct,0.6000000000000002,0.25000000000000006,0.5621765008857981,True,correct
DBLP,0.7,43,740,conf/vldb/BonczMK99,True,4,6GAoBRINv7kJ,jsNNCDiD0yIJ,True,0.999992482276754,0.9999919699151562,5.123615979263363e-07,0.6000000000000002,True,correct,0.6000000000000002,0.25000000000000006,0.5621765008857981,True,correct
DBLP,0.7,43,741,conf/vldb/RezendeH98,True,1,njuthCBUMPAJ,njuthCBUMPAJ,True,0.999974691618714,1.431636735176094e-05,0.9999603752513624,0.6000000000000002,True,correct,0.6000000000000002,0.25000000000000006,0.5621765008857981,True,correct
DBLP,0.7,43,742,conf/vldb/LiM01,True,3,9vDm1Q41J8oJ,vkMYwC5tzUgJ,True,0.9999916421085874,0.9999862913222428,5.350786344449077e-06,0.6000000000000002,True,correct,0.6000000000000002,0.25000000000000006,0.5621765008857981,True,correct
DBLP,0.7,43,743,conf/sigmod/JagatheesanR03,True,4,fobv5DPqKUcJ,fobv5DPqKUcJ,True,0.9999873393421616,0.9999768214322372,1.051790992445678e-05,0.6000000000000002,True,correct,0.6000000000000002,0.25000000000000006,0.5621765008857981,True,correct
DBLP,0.7,43,744,journals/tods/BaralisW00,True,1,4RrNbX-RjpsJ,4RrNbX-RjpsJ,True,0.9999893508398916,0.0005156540786402,0.9994736967612512,0.6000000000000002,True,correct,0.6000000000000002,0.25000000000000006,0.5621765008857981,True,correct
DBLP,0.7,43,745,conf/sigmod/RundensteinerWYD02,True,1,7MfXAAdBQ2EJ,7MfXAAdBQ2EJ,True,0.9999925126707824,5.095274285531927e-06,0.999987417396497,0.6000000000000002,True,correct,0.6000000000000002,0.25000000000000006,0.5621765008857981,True,correct
DBLP,0.7,43,746,conf/vldb/PereiraFJLS01,True,2,Cd6A4nsDnkQJ,Cd6A4nsDnkQJ,True,0.9999916851742094,0.9999897132827664,1.9718914429089907e-06,0.6000000000000002,True,correct,0.6000000000000002,0.25000000000000006,0.5621765008857981,True,correct
DBLP,0.7,43,747,conf/vldb/LockemannKKKN97,True,1,mFJzfuwL1jcJ,mFJzfuwL1jcJ,True,0.9999901590062048,8.66871132206324e-06,0.9999814902948828,0.6000000000000002,True,correct,0.6000000000000002,0.25000000000000006,0.5621765008857981,True,correct
DBLP,0.7,43,748,conf/vldb/DattaRT99,True,1,gckQTLQjsj8J,gckQTLQjsj8J,True,0.9999929840819544,4.783073335714424e-06,0.9999882010086184,0.6000000000000002,True,correct,0.6000000000000002,0.25000000000000006,0.5621765008857981,True,correct
DBLP,0.7,43,749,conf/sigmod/BunemanDHS96,True,9,AtUsoMh8rY4J,rNVPCLfguuMJ,True,0.999992814259312,0.9999925201787376,2.94080574447797e-07,0.6000000000000002,True,correct,0.6000000000000002,0.25000000000000006,0.5621765008857981,True,correct
DBLP,0.7,43,750,conf/vldb/MengLLA03,True,2,_dOpWA3QWOEJ,_dOpWA3QWOEJ,True,0.9999885354649334,0.9992835003551792,0.000705035109754,0.6000000000000002,True,correct,0.6000000000000002,0.25000000000000006,0.5621765008857981,True,correct
DBLP,0.7,43,751,journals/sigmod/Bohlen95,True,5,43K14Y5xa0YJ,v5P_NFXdOR8J,True,0.9999836855998864,0.999970287017991,1.3398581895307515e-05,0.6000000000000002,True,correct,0.6000000000000002,0.25000000000000006,0.5621765008857981,True,correct
DBLP,0.7,43,752,journals/sigmod/WinslettCDHZZ02,True,1,url:http://portal.acm.org/ft_gateway.cfm%3Fid%3D601881%26type%3Dpdf%26dl%3DGUIDE%26dl%3DACM%26CFID%3D11111111%26CFTOKEN%3D2222222,url:http://portal.acm.org/ft_gateway.cfm%3Fid%3D601881%26type%3Dpdf%26dl%3DGUIDE%26dl%3DACM%26CFID%3D11111111%26CFTOKEN%3D2222222,True,0.999991784238188,1.020421357513017e-05,0.9999815800246128,0.6000000000000002,True,correct,0.6000000000000002,0.25000000000000006,0.5621765008857981,True,correct
DBLP,0.7,43,753,conf/sigmod/MelnikRB03,True,4,bkpTodGryDAJ,wfjeWtEY2NcJ,True,0.9999920853416644,0.9999918716328156,2.1370884883964441e-07,0.6000000000000002,True,correct,0.6000000000000002,0.25000000000000006,0.5621765008857981,True,correct
DBLP,0.7,43,754,conf/sigmod/KangN03,True,1,ABztkd0E9lUJ,ABztkd0E9lUJ,True,0.9999920225440132,4.874773891380723e-06,0.999987147770122,0.6000000000000002,True,correct,0.6000000000000002,0.25000000000000006,0.5621765008857981,True,correct
DBLP,0.7,43,755,journals/sigmod/Datta94,True,2,3TVyZeq1-i4J,PPH2NlobSwsJ,True,0.9999900634469218,0.9999810960283508,8.967418571037555e-06,0.6000000000000002,True,correct,0.6000000000000002,0.25000000000000006,0.5621765008857981,True,correct
DBLP,0.7,43,756,conf/vldb/KeimH99,True,1,28GZ8M1ZPVYJ,28GZ8M1ZPVYJ,True,0.9999917816443618,5.223800757687132e-06,0.999986557843604,0.6000000000000002,True,correct,0.6000000000000002,0.25000000000000006,0.5621765008857981,True,correct
DBLP,0.7,43,757,conf/vldb/BenediktCFRZZ02,True,1,7xe6Gp9fIEEJ,7xe6Gp9fIEEJ,True,0.9999780403543944,5.681996277724318e-06,0.9999723583581168,0.6000000000000002,True,correct,0.6000000000000002,0.25000000000000006,0.5621765008857981,True,correct
DBLP,0.7,43,758,journals/sigmod/Mendelzon98,False,0,,LxniIL-QAhgJ,False,0.0135622577489605,0.0013251076026187,0.0122371501463417,0.6000000000000002,False,unmatched_abstention,0.6000000000000002,0.25000000000000006,0.5621765008857981,False,unmatched_abstention
DBLP,0.7,43,759,conf/vldb/EleftheriouBCDHLPPABDDDGJHLRSVW03,True,1,hRToevpkaa0J,hRToevpkaa0J,True,0.9999912512935574,5.043285415537451e-06,0.999986208008142,0.6000000000000002,True,correct,0.6000000000000002,0.25000000000000006,0.5621765008857981,True,correct
DBLP,0.7,43,760,conf/sigmod/CherniackZ96,True,3,aQc379dSLlIJ,ZsHfcZJwFQQJ,True,0.9999920549785662,0.999965782778448,2.6272200118193645e-05,0.6000000000000002,True,correct,0.6000000000000002,0.25000000000000006,0.5621765008857981,True,correct
DBLP,0.7,43,761,conf/sigmod/LehnerSPC00,True,3,HQRcmyswIHcJ,UFKz6Q0wVi4J,True,0.999969393952797,0.9910911132680836,0.0088782806847133,0.6000000000000002,True,correct,0.6000000000000002,0.25000000000000006,0.5621765008857981,True,correct
DBLP,0.7,43,762,journals/sigmod/Hammer03,True,1,url:http://portal.acm.org/ft_gateway.cfm%3Fid%3D601859%26type%3Dpdf%26dl%3DGUIDE%26dl%3DACM%26CFID%3D11111111%26CFTOKEN%3D2222222,url:http://portal.acm.org/ft_gateway.cfm%3Fid%3D601859%26type%3Dpdf%26dl%3DGUIDE%26dl%3DACM%26CFID%3D11111111%26CFTOKEN%3D2222222,True,0.3870607941938302,1.832745366457696e-05,0.3870424667401656,0.6000000000000002,False,missing_match,0.6000000000000002,0.25000000000000006,0.5621765008857981,False,missing_match
DBLP,0.7,43,763,conf/sigmod/LuoEHN02,True,1,7p7mpmvIBrYJ,7p7mpmvIBrYJ,True,0.999988009806428,4.977537272009049e-06,0.999983032269156,0.6000000000000002,True,correct,0.6000000000000002,0.25000000000000006,0.5621765008857981,True,correct
DBLP,0.7,43,764,journals/tods/Chen95a,True,1,qexCEm3QaUgJ,qexCEm3QaUgJ,True,0.9999874630596198,0.0001907698771864,0.9997966931824334,0.6000000000000002,True,correct,0.6000000000000002,0.25000000000000006,0.5621765008857981,True,correct
DBLP,0.7,43,765,journals/sigmod/JensenCEGHJ94,True,13,9ccpmdcUA5QJ,url:http://portal.acm.org/ft_gateway.cfm%3Fid%3D181560%26type%3Dpdf%26coll%3DGUIDE%26dl%3DACM%26CFID%3D11111111%26CFTOKEN%3D2222222,True,0.9999887097591252,0.999987238450461,1.4713086643469708e-06,0.6000000000000002,True,correct,0.6000000000000002,0.25000000000000006,0.5621765008857981,True,correct
DBLP,0.7,43,766,conf/sigmod/JosifovskiSHL02,True,1,xA9KNostV4cJ,xA9KNostV4cJ,True,0.999990921975616,4.345340164348435e-06,0.9999865766354518,0.6000000000000002,True,correct,0.6000000000000002,0.25000000000000006,0.5621765008857981,True,correct
DBLP,0.7,43,767,journals/sigmod/LabrinidisM01,True,1,url:http://portal.acm.org/ft_gateway.cfm%3Fid%3D603886%26type%3Dpdf%26dl%3DGUIDE%26dl%3DACM%26CFID%3D11111111%26CFTOKEN%3D2222222,url:http://portal.acm.org/ft_gateway.cfm%3Fid%3D603886%26type%3Dpdf%26dl%3DGUIDE%26dl%3DACM%26CFID%3D11111111%26CFTOKEN%3D2222222,True,0.9999916011030016,3.112048765593929e-05,0.9999604806153456,0.6000000000000002,True,correct,0.6000000000000002,0.25000000000000006,0.5621765008857981,True,correct
DBLP,0.7,43,768,journals/tods/AikenHW95,True,3,cHpmOFVpTi8J,XLld3hq3vt0J,True,0.9999910230552064,0.9999889061243872,2.116930819084928e-06,0.6000000000000002,True,correct,0.6000000000000002,0.25000000000000006,0.5621765008857981,True,correct
DBLP,0.7,43,769,conf/vldb/DittrichSTW02,True,1,egCgEjikCgAJ,egCgEjikCgAJ,True,0.9999905259635278,6.204085272797245e-06,0.999984321878255,0.6000000000000002,True,correct,0.6000000000000002,0.25000000000000006,0.5621765008857981,True,correct
DBLP,0.7,43,770,conf/vldb/SeifertS02,True,2,1VEHUogTMZMJ,1VEHUogTMZMJ,True,0.999992454048124,0.0655973402291166,0.9343951138190072,0.6000000000000002,True,correct,0.6000000000000002,0.25000000000000006,0.5621765008857981,True,correct
DBLP,0.7,43,771,conf/sigmod/JonssonFS98,True,2,5fb1l1MyGisJ,5fb1l1MyGisJ,True,0.9999915380067008,0.9999688234002928,2.271460640812517e-05,0.6000000000000002,True,correct,0.6000000000000002,0.25000000000000006,0.5621765008857981,True,correct
DBLP,0.7,43,772,conf/sigmod/BrinkhoffKSS94a,True,1,yp82ArYEGxIJ,yp82ArYEGxIJ,True,0.9999900927606836,9.329869886546896e-06,0.9999807628907972,0.6000000000000002,True,correct,0.6000000000000002,0.25000000000000006,0.5621765008857981,True,correct
DBLP,0.7,43,773,conf/vldb/ChoN02,True,2,4tTQJrG4pn8J,4tTQJrG4pn8J,True,0.999991128391874,0.9999510967216834,4.003167019073217e-05,0.6000000000000002,True,correct,0.6000000000000002,0.25000000000000006,0.5621765008857981,True,correct
DBLP,0.7,43,774,conf/vldb/BlokWZPAKJ01,True,2,4Ga0Ts2_rp0J,jxPqWIuxhvwJ,True,0.9999907854184668,0.9999566539768724,3.413144159447601e-05,0.6000000000000002,True,correct,0.6000000000000002,0.25000000000000006,0.5621765008857981,True,correct
DBLP,0.7,43,775,conf/sigmod/FranklinZ98,True,2,5Cj9Wx8llkwJ,5Cj9Wx8llkwJ,True,0.9999913505790252,0.99993765935691,5.369122211518196e-05,0.6000000000000002,True,correct,0.6000000000000002,0.25000000000000006,0.5621765008857981,True,correct
DBLP,0.7,43,776,conf/sigmod/2002,False,0,,RrzmCYVOG4UJ,False,1.0368582630119207e-05,1.0075439991519748e-05,2.931426385994593e-07,0.6000000000000002,False,unmatched_abstention,0.6000000000000002,0.25000000000000006,0.5621765008857981,False,unmatched_abstention
DBLP,0.7,43,777,journals/sigmod/LenzeriniNNS01,False,0,,url:http://portal.acm.org/ft_gateway.cfm%3Fid%3D290595%26type%3Dpdf%26dl%3DGUIDE%26dl%3DACM%26CFID%3D11111111%26CFTOKEN%3D2222222,False,0.9642425514647815,0.027679437881215,0.9365631135835664,0.6000000000000002,True,false_link,0.6000000000000002,0.25000000000000006,0.5621765008857981,True,false_link
DBLP,0.7,43,778,conf/sigmod/Hidber99,True,2,HkBKH9ZUJEcJ,HkBKH9ZUJEcJ,True,0.9999847824097364,0.9999653692473128,1.9413162423709277e-05,0.6000000000000002,True,correct,0.6000000000000002,0.25000000000000006,0.5621765008857981,True,correct
DBLP,0.7,43,779,conf/sigmod/ZhangNDLL01,True,2,RkUnSP2Vkj0J,ryaV3kTsJ2IJ,True,0.9999924469203968,0.9999902452404252,2.201679971558512e-06,0.6000000000000002,True,correct,0.6000000000000002,0.25000000000000006,0.5621765008857981,True,correct
DBLP,0.7,43,780,conf/sigmod/GoldmanW00,True,1,Ol886Ck3jz4J,Ol886Ck3jz4J,True,0.9999932522251266,5.049503284125831e-06,0.9999882027218424,0.6000000000000002,True,correct,0.6000000000000002,0.25000000000000006,0.5621765008857981,True,correct
DBLP,0.7,43,781,journals/sigmod/Jhingran00,True,1,lrGge6mTVckJ,lrGge6mTVckJ,True,0.9999903087012794,4.415933112994323e-06,0.9999858927681664,0.6000000000000002,True,correct,0.6000000000000002,0.25000000000000006,0.5621765008857981,True,correct
DBLP,0.7,43,782,conf/sigmod/Ballinger94,True,1,xGGBIZmLvmgJ,xGGBIZmLvmgJ,True,0.9999916725248632,4.5932051851091e-06,0.999987079319678,0.6000000000000002,True,correct,0.6000000000000002,0.25000000000000006,0.5621765008857981,True,correct
DBLP,0.7,43,783,journals/vldb/PottingerH01,True,4,eXceb1SMqE4J,Kv3ZFRUKCogJ,True,0.9999921480493532,0.9988928450746796,0.0010993029746736,0.6000000000000002,True,correct,0.6000000000000002,0.25000000000000006,0.5621765008857981,True,correct
DBLP,0.7,43,784,journals/vldb/LiangOY00,True,1,ikw-En98LywJ,ikw-En98LywJ,True,0.9999932055901618,7.95542374794708e-06,0.9999852501664138,0.6000000000000002,True,correct,0.6000000000000002,0.25000000000000006,0.5621765008857981,True,correct
