dataset,fraction,seed,record_index,ida,has_true_match,n_valid_matches,retained_idb,top1_idb,top1_is_any_valid,top1_score,top2_score,score_gap,threshold,declared,category
DBLP,0.7,46,0,conf/vldb/MatiasVW00,True,2,7SeTnikjovEJ,7SeTnikjovEJ,True,0.999995004348808,0.9999937283901273,1.2759586806021517e-06,0.9000000000000002,True,correct
DBLP,0.7,46,1,journals/tods/DeySB99,True,1,lUIjuGqk6q4J,lUIjuGqk6q4J,True,0.9999952499421657,3.899484385208131e-06,0.9999913504577805,0.9000000000000002,True,correct
DBLP,0.7,46,2,conf/vldb/ChienVZTZ02,True,3,7gDXEIuMUIIJ,uUmeAkW_FFUJ,True,0.9999949251177667,0.9999943289931299,5.961246367647277e-07,0.9000000000000002,True,correct
DBLP,0.7,46,3,journals/vldb/TsatalosSI96,True,2,--1aoAaGkgQJ,zt5Ck1PrGf0J,True,0.9999955540352116,0.99999486495418,6.890810315685059e-07,0.9000000000000002,True,correct
DBLP,0.7,46,4,journals/tods/ParsonsW00,True,1,Z5rWzHBxtEEJ,Z5rWzHBxtEEJ,True,0.9999948752962973,4.204854176428388e-06,0.9999906704421209,0.9000000000000002,True,correct
DBLP,0.7,46,5,conf/vldb/AnanthakrishnaCG02,True,2,FFKP2GRm2LEJ,FFKP2GRm2LEJ,True,0.9999951431796533,0.9999903297599461,4.813419707261346e-06,0.9000000000000002,True,correct
DBLP,0.7,46,6,conf/sigmod/GunopulosKTD00,True,2,ASfROcKWFmgJ,ASfROcKWFmgJ,True,0.9999950143959182,0.9999928320545397,2.182341378498265e-06,0.9000000000000002,True,correct
DBLP,0.7,46,7,conf/vldb/BrownMCL94,True,1,xfAfu8uJ6NAJ,xfAfu8uJ6NAJ,True,0.9999426810994145,5.257491102892171e-06,0.9999374236083116,0.9000000000000002,True,correct
DBLP,0.7,46,8,journals/sigmod/Liu02b,False,0,,diQK7Y_z3XwJ,False,4.632112904827054e-05,3.842197934465384e-05,7.899149703616704e-06,0.9000000000000002,False,unmatched_abstention
DBLP,0.7,46,9,conf/vldb/YangLH03,True,1,hUMTG7HNlyAJ,hUMTG7HNlyAJ,True,0.9999940112473303,2.9493768187353108e-05,0.999964517479143,0.9000000000000002,True,correct
DBLP,0.7,46,10,journals/sigmod/Alonso94,False,0,,uzEcNW5U3V4J,False,0.001752657797397753,0.00023521699418427555,0.0015174408032134774,0.9000000000000002,False,unmatched_abstention
DBLP,0.7,46,11,conf/vldb/AgrawalPWZ95,True,7,bebOe4pVnmUJ,x_ykbVlfyP8J,True,0.9999939096422611,0.9999904575572623,3.452084998745164e-06,0.9000000000000002,True,correct
DBLP,0.7,46,12,journals/tods/ZobelMR98,True,3,AvV6lMEBGWsJ,tdDLf6RffisJ,True,0.9999952183541921,0.9999917483693954,3.4699847967223363e-06,0.9000000000000002,True,correct
DBLP,0.7,46,13,conf/vldb/Cuppens96,True,1,8_HtXom0CVgJ,8_HtXom0CVgJ,True,0.9999948718104864,5.046446330959128e-06,0.9999898253641555,0.9000000000000002,True,correct
DBLP,0.7,46,14,conf/sigmod/ZadorozhnyRVUB02,True,1,xmE1380_4E4J,xmE1380_4E4J,True,0.9999951365748482,0.9999890678318685,6.068742979703501e-06,0.9000000000000002,True,correct
DBLP,0.7,46,15,journals/sigmod/GriffinK98,True,2,NusQl_2spdYJ,Qvl2bcDAyqEJ,True,0.9999953015821226,0.999991927269651,3.374312471549068e-06,0.9000000000000002,True,correct
DBLP,0.7,46,16,conf/vldb/SchmidtWKCMB02,True,3,CvGGYMrKR2sJ,SZLkVciImAIJ,True,0.9999948571716364,0.9999948120490855,4.512255091793094e-08,0.9000000000000002,True,correct
DBLP,0.7,46,17,conf/vldb/KemperKW99,False,0,,v-kvo2hnsgkJ,False,9.406210284993558e-06,4.015971865499508e-06,5.39023841949405e-06,0.9000000000000002,False,unmatched_abstention
DBLP,0.7,46,18,journals/sigmod/Liu01a,False,0,,diQK7Y_z3XwJ,False,5.673143500349704e-05,4.9188161805478044e-05,7.543273198018995e-06,0.9000000000000002,False,unmatched_abstention
DBLP,0.7,46,19,journals/sigmod/Widom95a,False,0,,C84rFQN_ug0J,False,0.008985929804724072,0.00019822370478300705,0.008787706099941065,0.9000000000000002,False,unmatched_abstention
DBLP,0.7,46,20,conf/vldb/Vieille98,True,1,nlyEH7GkrjoJ,nlyEH7GkrjoJ,True,0.9999956395826538,4.333016776507881e-06,0.9999913065658773,0.9000000000000002,True,correct
DBLP,0.7,46,21,conf/vldb/LevySSZ94,True,1,MtScC-fTWCEJ,MtScC-fTWCEJ,True,0.9999952481116985,5.371236211096436e-06,0.9999898768754873,0.9000000000000002,True,correct
DBLP,0.7,46,22,conf/sigmod/ChaudhuriMN98,True,8,3fEogSGG3wQJ,hvMTb3FYOjQJ,True,0.9999944804843561,0.9999941271468216,3.5333753456434636e-07,0.9000000000000002,True,correct
DBLP,0.7,46,23,conf/sigmod/ChoSG00,True,1,ilJdCU_qODkJ,ilJdCU_qODkJ,True,0.9999953379852761,1.811181159281227e-05,0.9999772261736832,0.9000000000000002,True,correct
DBLP,0.7,46,24,conf/sigmod/BabcockO03,True,1,acnzsOLHFywJ,acnzsOLHFywJ,True,0.9999943488013721,4.088069934659766e-06,0.9999902607314374,0.9000000000000002,True,correct
DBLP,0.7,46,25,conf/vldb/YanG95,True,2,baVAtfo4WCoJ,lr_Kq9SZLY8J,True,0.9999948423286834,0.9999942603941677,5.819345156865552e-07,0.9000000000000002,True,correct
DBLP,0.7,46,26,journals/sigmod/Cetintemel01,True,1,CAKcsKXFoCoJ,CAKcsKXFoCoJ,True,0.9999956776025173,5.540098503598241e-06,0.9999901375040137,0.9000000000000002,True,correct
DBLP,0.7,46,27,conf/sigmod/LakhamrajuRSS00,True,3,DyGC4KFw5mgJ,GveQLUTEle8J,True,0.9999950929023708,0.0016884031351619777,0.9983066897672088,0.9000000000000002,True,correct
DBLP,0.7,46,28,journals/sigmod/RossFLOSSVW00,False,0,,url:http://portal.acm.org/citation.cfm%3Fid%3D1041410.1041430,False,0.021851624225951903,0.008088835382356612,0.01376278884359529,0.9000000000000002,False,unmatched_abstention
DBLP,0.7,46,29,conf/sigmod/SzalayGKT00,True,11,1kKap3JyndkJ,GYR0v7CFkP0J,True,0.9999953582328289,0.9999953249312946,3.3301534307916825e-08,0.9000000000000002,True,correct
DBLP,0.7,46,30,journals/tods/LiC01,True,1,_gwfttQaTEkJ,_gwfttQaTEkJ,True,0.999995279926242,1.0992751815946225e-05,0.9999842871744261,0.9000000000000002,True,correct
DBLP,0.7,46,31,conf/sigmod/KrollW94,True,4,AMvcOVWQiNEJ,zd_8s13rNRoJ,True,0.9999954484073467,0.9999947135089892,7.348983575017343e-07,0.9000000000000002,True,correct
DBLP,0.7,46,32,conf/vldb/Brin95,True,7,CuCm_rmA28cJ,dXegp-RmzXEJ,True,0.9999948977723075,0.9999928184588552,2.0793134523078294e-06,0.9000000000000002,True,correct
DBLP,0.7,46,33,journals/sigmod/ChienTZ01,True,1,cjBpI3TcSWsJ,cjBpI3TcSWsJ,True,0.9999922753897215,6.14708160442449e-06,0.9999861283081171,0.9000000000000002,True,correct
DBLP,0.7,46,34,journals/vldb/LinJF94,True,4,8-USisLIGMMJ,vmxFQL7lhKoJ,True,0.9999935649892436,0.9999913052995099,2.2596897337745503e-06,0.9000000000000002,True,correct
DBLP,0.7,46,35,journals/sigmod/Ahlberg96,True,1,4bBje8qkHVgJ,4bBje8qkHVgJ,True,0.9999943870544289,0.9938518784841245,0.006142508570304406,0.9000000000000002,True,correct
DBLP,0.7,46,36,conf/vldb/MarianS03,True,3,Bv5AM_5dziMJ,JVvFcEnXBmkJ,True,0.9999914525453126,0.9999111469487331,8.030559657956626e-05,0.9000000000000002,True,correct
DBLP,0.7,46,37,conf/sigmod/OrdonezC00,True,1,yWkfJz_YMPkJ,yWkfJz_YMPkJ,True,0.9999940486247906,3.8474366309392375e-06,0.9999902011881596,0.9000000000000002,True,correct
DBLP,0.7,46,38,conf/sigmod/LakshmananPZ03,True,3,F1aaWSFF8TcJ,rNu93TfKkd4J,True,0.9999955944314549,0.9999947705368752,8.238945796712471e-07,0.9000000000000002,True,correct
DBLP,0.7,46,39,conf/vldb/ChawatheCY94,True,1,VPwP1w9wvhEJ,VPwP1w9wvhEJ,True,0.9999949912157317,4.656740280660957e-06,0.999990334475451,0.9000000000000002,True,correct
DBLP,0.7,46,40,conf/vldb/BerckenS01,True,3,A46cpXEm-8AJ,fhbW320LsusJ,True,0.9999953989866904,0.9999953075511533,9.143553714174857e-08,0.9000000000000002,True,correct
DBLP,0.7,46,41,journals/vldb/MehrotraKS97,True,1,6XxswNrUSk4J,6XxswNrUSk4J,True,0.9999951255608197,1.179024176659782e-05,0.9999833353190531,0.9000000000000002,True,correct
DBLP,0.7,46,42,journals/vldb/MaratheS02,True,1,z6JEYoArZmsJ,z6JEYoArZmsJ,True,0.9999932235343836,7.687820438376085e-06,0.9999855357139452,0.9000000000000002,True,correct
DBLP,0.7,46,43,conf/sigmod/LeeKC99,True,1,c-5n9qQKLaEJ,c-5n9qQKLaEJ,True,0.9999952095176624,5.056336363477142e-06,0.9999901531812989,0.9000000000000002,True,correct
DBLP,0.7,46,44,journals/sigmod/RossNO03,False,0,,url:http://portal.acm.org/citation.cfm%3Fid%3D1041410.1041430,False,0.003671929850335897,0.0035097384319204344,0.00016219141841546277,0.9000000000000002,False,unmatched_abstention
DBLP,0.7,46,45,conf/sigmod/PatelD96,True,5,Goan1fI4O_oJ,oPdpBiAjcisJ,True,0.9999949805858083,0.9999947745300799,2.0605572836895902e-07,0.9000000000000002,True,correct
DBLP,0.7,46,46,journals/sigmod/SmithO99,True,1,-iis302p2MkJ,-iis302p2MkJ,True,0.9999950460652697,3.9580600590711045e-06,0.9999910880052106,0.9000000000000002,True,correct
DBLP,0.7,46,47,journals/sigmod/Camps02,True,1,JclQFC-1s18J,JclQFC-1s18J,True,0.9999953598394478,4.013525296090898e-06,0.9999913463141517,0.9000000000000002,True,correct
DBLP,0.7,46,48,conf/sigmod/Mohan99,True,1,XppwYYxOpksJ,XppwYYxOpksJ,True,0.9999947807356717,0.007065102945314074,0.9929296777903577,0.9000000000000002,True,correct
DBLP,0.7,46,49,journals/vldb/C95,False,0,,url:http://www.springerlink.com/index/X256555608656055.pdf,False,0.15326117768156128,0.0014552576335404863,0.1518059200480208,0.9000000000000002,False,unmatched_abstention
DBLP,0.7,46,50,conf/vldb/JagadishKMPSS98,True,3,0iiNS8BIbsUJ,0iiNS8BIbsUJ,True,0.9999953041041018,0.9999951496089675,1.544951342413725e-07,0.9000000000000002,True,correct
DBLP,0.7,46,51,conf/vldb/MengLYWCR98,True,2,8nbZx7j7RAUJ,EcpPzbn2EaIJ,True,0.999995206725472,0.9999943861550711,8.205704009611736e-07,0.9000000000000002,True,correct
DBLP,0.7,46,52,journals/sigmod/BestavrosLS96,True,1,RalvsjDuKzsJ,url:http://portal.acm.org/ft_gateway.cfm%3Fid%3D381889%26type%3Dpdf%26dl%3DGUIDE%26dl%3DACM%26CFID%3D11111111%26CFTOKEN%3D2222222,False,0.9999866549526646,0.9999776341185951,9.020834069506378e-06,0.9000000000000002,True,false_link
DBLP,0.7,46,53,conf/vldb/Baru96,False,0,,W-nYB76GqxMJ,False,5.419566894302379e-06,4.3030667716336935e-06,1.1165001226686855e-06,0.9000000000000002,False,unmatched_abstention
DBLP,0.7,46,54,conf/sigmod/Martin94,True,1,ogow-Rtc3fEJ,ogow-Rtc3fEJ,True,0.9999955335301506,0.004987084933972787,0.9950084485961778,0.9000000000000002,True,correct
DBLP,0.7,46,55,conf/sigmod/Englert94,True,1,KOpz_NXJ3WUJ,KOpz_NXJ3WUJ,True,0.9999955330487967,5.851262840967479e-06,0.9999896817859558,0.9000000000000002,True,correct
DBLP,0.7,46,56,conf/sigmod/Al-KhalifaYJ03,True,1,boJKiPCpIxkJ,boJKiPCpIxkJ,True,0.9999934333006074,5.8666396282236345e-06,0.9999875666609792,0.9000000000000002,True,correct
DBLP,0.7,46,57,conf/sigmod/GoldsteinL01,True,2,dxvwQEOjBJQJ,xufwWHmOf6IJ,True,0.9999955889703777,0.9820234477947326,0.01797214117564505,0.9000000000000002,True,correct
DBLP,0.7,46,58,journals/sigmod/LinP96,True,1,mzEHvKsUv5QJ,mzEHvKsUv5QJ,True,0.9999950309714323,9.657687611763932e-06,0.9999853732838205,0.9000000000000002,True,correct
DBLP,0.7,46,59,journals/sigmod/FlorescuLM98,True,9,_SR_pRTnA6IJ,23GbcclZy6gJ,True,0.999994902465682,0.9999948005331769,1.0193250510326379e-07,0.9000000000000002,True,correct
DBLP,0.7,46,60,conf/sigmod/JaedickeM98,True,4,9eSx_Gd0JoQJ,LrJw7qiWElQJ,True,0.9999952251803613,0.9999951447079075,8.047245381170853e-08,0.9000000000000002,True,correct
DBLP,0.7,46,61,journals/sigmod/KantM00,True,1,url:http://portal.acm.org/citation.cfm%3Fid%3D362084.362091%26dl%3DGUIDE%26dl%3DACM%26idx%3DJ689%26part%3Dperiodical%26WantType%3Dperiodical%26title%3DACM%2520SIGMOD%2520Record%26CFID%3D11111111%26CFTOKEN%3D2222222,url:http://portal.acm.org/citation.cfm%3Fid%3D362084.362091%26dl%3DGUIDE%26dl%3DACM%26idx%3DJ689%26part%3Dperiodical%26WantType%3Dperiodical%26title%3DACM%2520SIGMOD%2520Record%26CFID%3D11111111%26CFTOKEN%3D2222222,True,0.9986865245057257,4.511849942085155e-06,0.9986820126557836,0.9000000000000002,True,correct
DBLP,0.7,46,62,journals/sigmod/Snodgrass02,True,1,_qopgNiYmXQJ,_qopgNiYmXQJ,True,0.9999899138118744,3.933030328221119e-06,0.9999859807815462,0.9000000000000002,True,correct
DBLP,0.7,46,63,conf/vldb/Leymann03,True,1,url:http://www.vldb.org/conf/2003/papers/S32P01.pdf,url:http://www.vldb.org/conf/2003/papers/S32P01.pdf,True,0.99999522171837,4.852075068937084e-06,0.999990369643301,0.9000000000000002,True,correct
DBLP,0.7,46,64,conf/vldb/ChaudhuriGS95,True,2,77Sb5mlyASgJ,77Sb5mlyASgJ,True,0.9999951885847037,0.879996379261247,0.11999880932345675,0.9000000000000002,True,correct
DBLP,0.7,46,65,conf/sigmod/JoshiA01,True,2,H9bMRYKnXMQJ,H9bMRYKnXMQJ,True,0.9999950663763064,0.9999905486775011,4.517698805273085e-06,0.9000000000000002,True,correct
DBLP,0.7,46,66,conf/sigmod/Gray95,False,0,,jiJgbmwO0lAJ,False,0.0005001718330090146,0.0003167610835664265,0.00018341074944258813,0.9000000000000002,False,unmatched_abstention
DBLP,0.7,46,67,journals/sigmod/NejdlSS03,True,1,lZGtV8TM9yoJ,lZGtV8TM9yoJ,True,0.9999951205935806,2.777553219504198e-05,0.9999673450613856,0.9000000000000002,True,correct
DBLP,0.7,46,68,journals/tods/Chomicki95,False,0,,QVmWvrI3myQJ,False,0.9767983697184509,7.086139724286094e-06,0.9767912835787266,0.9000000000000002,True,false_link
DBLP,0.7,46,69,conf/vldb/HoelS95,True,3,7KsyQNj74A4J,hwBMsP8-fXcJ,True,0.9999955500520838,0.9999951756921273,3.7435995658974264e-07,0.9000000000000002,True,correct
DBLP,0.7,46,70,conf/vldb/ShaferAM96,True,6,5HHRNLsy0sAJ,5HHRNLsy0sAJ,True,0.99999530994022,0.9999947865262118,5.234140082466254e-07,0.9000000000000002,True,correct
DBLP,0.7,46,71,journals/sigmod/Scholl01,False,0,,url:http://portal.acm.org/citation.cfm%3Fid%3D604275,False,0.04933189935153491,8.859956439349492e-05,0.04924329978714142,0.9000000000000002,False,unmatched_abstention
DBLP,0.7,46,72,conf/sigmod/AntonJLPZZ02,True,1,89P3EdEDuOEJ,89P3EdEDuOEJ,True,0.9999954443947563,6.105215739107682e-06,0.9999893391790172,0.9000000000000002,True,correct
DBLP,0.7,46,73,conf/sigmod/AndersonBKW98,True,3,H6eMdbXATmkJ,j6v2b9hN-R4J,True,0.9999956579033932,0.0020524813146141894,0.997943176588779,0.9000000000000002,True,correct
DBLP,0.7,46,74,conf/sigmod/CookKWZ96,True,1,5MTgNlhnyTgJ,5MTgNlhnyTgJ,True,0.9999944239744833,5.111058542131032e-05,0.9999433133890621,0.9000000000000002,True,correct
DBLP,0.7,46,75,journals/sigmod/Liu03c,False,0,,url:http://portal.acm.org/citation.cfm%3Fid%3D945721.945727%26coll%3DGUIDE%26dl%3DACM%26idx%3DJ689%26part%3Dperiodical%26WantType%3Dperiodical%26title%3DACM%2520SIGMOD%2520Record%26CFID%3D11111111%26CFTOKEN%3D2222222,False,0.00014774869598045232,3.875345997006061e-05,0.0001089952360103917,0.9000000000000002,False,unmatched_abstention
DBLP,0.7,46,76,conf/sigmod/Bernstein96,True,1,EvuLCpyVqWgJ,EvuLCpyVqWgJ,True,0.9883949943331799,0.00040113616396515755,0.9879938581692147,0.9000000000000002,True,correct
DBLP,0.7,46,77,journals/vldb/PapazogluK97a,False,0,,kFQl7LX8OQkJ,False,0.9952764238056728,0.5126835467994652,0.4825928770062077,0.9000000000000002,True,false_link
DBLP,0.7,46,78,conf/vldb/GoldmanW97,True,8,_lvdMphdfvEJ,3zf3WSt0B6UJ,True,0.9999955115738133,0.9999953914465839,1.201272293860356e-07,0.9000000000000002,True,correct
DBLP,0.7,46,79,conf/sigmod/ColbyGLMT96,True,4,1kGIXDE6G90J,MgphE2z3NqYJ,True,0.999995010633596,0.9999864661273954,8.54450620058067e-06,0.9000000000000002,True,correct
DBLP,0.7,46,80,conf/sigmod/OriaOILY00,True,2,9SbEzfHLSooJ,xdUDA920uhMJ,True,0.9999955375961582,0.9999408853347227,5.465226143552826e-05,0.9000000000000002,True,correct
DBLP,0.7,46,81,conf/sigmod/LiC95,True,1,yJPi5nBJmVYJ,yJPi5nBJmVYJ,True,0.9999954198648245,3.812742416063926e-05,0.9999572924406639,0.9000000000000002,True,correct
DBLP,0.7,46,82,conf/vldb/LakshmananJN00,True,1,1n7AY641YyAJ,1n7AY641YyAJ,True,0.9999953325045566,4.4403291850630895e-06,0.9999908921753715,0.9000000000000002,True,correct
DBLP,0.7,46,83,conf/vldb/MalonM97,True,1,ogRpbFNQTSkJ,ogRpbFNQTSkJ,True,0.9999952126597855,4.344813905512603e-06,0.99999086784588,0.9000000000000002,True,correct
DBLP,0.7,46,84,journals/sigmod/Stirling03,True,1,url:http://portal.acm.org/ft_gateway.cfm%3Fid%3D776997%26type%3Dpdf%26dl%3DGUIDE%26dl%3DACM%26CFID%3D11111111%26CFTOKEN%3D2222222,url:http://portal.acm.org/ft_gateway.cfm%3Fid%3D776997%26type%3Dpdf%26dl%3DGUIDE%26dl%3DACM%26CFID%3D11111111%26CFTOKEN%3D2222222,True,0.9999882888289895,1.4518146870937958e-05,0.9999737706821186,0.9000000000000002,True,correct
DBLP,0.7,46,85,conf/vldb/DattaRT99,True,1,gckQTLQjsj8J,gckQTLQjsj8J,True,0.999995723989724,4.93321437154882e-06,0.9999907907753525,0.9000000000000002,True,correct
DBLP,0.7,46,86,conf/sigmod/Epstein95,False,0,,AgpGguTHfGsJ,False,0.2892842404083043,0.18023795256317082,0.10904628784513348,0.9000000000000002,False,unmatched_abstention
DBLP,0.7,46,87,journals/vldb/FiletoLPAM03,True,2,jMQ_SiixnSEJ,VWbm4EeeFNMJ,True,0.9999954988814072,0.9999949232202261,5.756611810570078e-07,0.9000000000000002,True,correct
DBLP,0.7,46,88,conf/vldb/ClaussenKMP97,True,1,EyTvjJCb5WkJ,EyTvjJCb5WkJ,True,0.9999953092021552,8.125948997549024e-06,0.9999871832531576,0.9000000000000002,True,correct
DBLP,0.7,46,89,journals/sigmod/Hammer01,True,1,url:http://portal.acm.org/ft_gateway.cfm%3Fid%3D601859%26type%3Dpdf%26dl%3DGUIDE%26dl%3DACM%26CFID%3D11111111%26CFTOKEN%3D2222222,url:http://portal.acm.org/ft_gateway.cfm%3Fid%3D601859%26type%3Dpdf%26dl%3DGUIDE%26dl%3DACM%26CFID%3D11111111%26CFTOKEN%3D2222222,True,0.9990203413283896,0.006526378345969004,0.9924939629824205,0.9000000000000002,True,correct
DBLP,0.7,46,90,conf/vldb/IyerW94,True,1,5smJVUm1KAYJ,5smJVUm1KAYJ,True,0.999994962636566,2.399163967649319e-05,0.9999709709968895,0.9000000000000002,True,correct
DBLP,0.7,46,91,conf/sigmod/Squire95,True,1,ery6k1e8h_sJ,ery6k1e8h_sJ,True,0.9999953760823441,6.0705319027188595e-06,0.9999893055504414,0.9000000000000002,True,correct
DBLP,0.7,46,92,conf/vldb/GolabO03,True,2,6K9FhI2pFEgJ,6K9FhI2pFEgJ,True,0.9999952809659493,0.9999910959202271,4.185045722193692e-06,0.9000000000000002,True,correct
DBLP,0.7,46,93,conf/sigmod/BrinDG95,True,3,7mNCkZ7D-R8J,7mNCkZ7D-R8J,True,0.9999953040951449,0.9999950774536478,2.2664149712525727e-07,0.9000000000000002,True,correct
DBLP,0.7,46,94,journals/sigmod/PalpanasPKG03,True,2,KQ6elbYA84QJ,KQ6elbYA84QJ,True,0.9999951341345948,0.9999944383455814,6.957890134051681e-07,0.9000000000000002,True,correct
DBLP,0.7,46,95,conf/vldb/MiklauS03,True,1,cJUP6vfSm50J,cJUP6vfSm50J,True,0.9999951845451279,0.9109894245124477,0.08900576003268024,0.9000000000000002,True,correct
DBLP,0.7,46,96,journals/sigmod/LightstoneLZ02,True,2,7TYVQTwq9FIJ,url:http://portal.acm.org/ft_gateway.cfm%3Fid%3D601873%26type%3Dpdf%26coll%3DGUIDE%26dl%3DACM%26CFID%3D11111111%26CFTOKEN%3D2222222,True,0.9999950391296997,0.9999949042446302,1.3488506944714374e-07,0.9000000000000002,True,correct
DBLP,0.7,46,97,conf/vldb/ShahDR03,True,3,FR1h4tU9FosJ,Zlk6Tn-sPxwJ,True,0.9999952137873416,0.9999943316803999,8.8210694171309e-07,0.9000000000000002,True,correct
DBLP,0.7,46,98,journals/sigmod/Ritter98,True,1,mzqmEYGGT_IJ,mzqmEYGGT_IJ,True,0.9999923714533113,0.008743578006541505,0.9912487934467699,0.9000000000000002,True,correct
DBLP,0.7,46,99,conf/vldb/ChenL03,True,1,WaSgR87oMpcJ,WaSgR87oMpcJ,True,0.999995119141522,4.035228735116045e-06,0.9999910839127868,0.9000000000000002,True,correct
DBLP,0.7,46,100,conf/vldb/DavisonG94,True,1,fN8wW3Y4FJkJ,fN8wW3Y4FJkJ,True,0.9999951587822389,5.380218126740929e-06,0.9999897785641121,0.9000000000000002,True,correct
DBLP,0.7,46,101,conf/vldb/Spaccapietra94,True,1,ZpVzTb1a7VoJ,ZpVzTb1a7VoJ,True,0.9999919183496396,3.10863767942211e-05,0.9999608319728454,0.9000000000000002,True,correct
DBLP,0.7,46,102,conf/vldb/ChirkovaHS01,True,1,NdmocXlpq9QJ,NdmocXlpq9QJ,True,0.9999951928730402,4.109224087977059e-06,0.9999910836489522,0.9000000000000002,True,correct
DBLP,0.7,46,103,journals/sigmod/BarbaraCJW01,True,2,asukNMVeZZYJ,asukNMVeZZYJ,True,0.9999955340795972,0.9999863541265277,9.179953069482494e-06,0.9000000000000002,True,correct
DBLP,0.7,46,104,conf/vldb/HsuLOMTX02,True,1,Px35BrWc6_EJ,Px35BrWc6_EJ,True,0.9999950856480814,4.337659800309281e-06,0.999990747988281,0.9000000000000002,True,correct
DBLP,0.7,46,105,journals/sigmod/Aberer02c,True,1,url:http://portal.acm.org/ft_gateway.cfm%3Fid%3D637424%26type%3Dpdf%26coll%3DGUIDE%26dl%3DACM%26CFID%3D11111111%26CFTOKEN%3D2222222,url:http://portal.acm.org/ft_gateway.cfm%3Fid%3D959078%26type%3Dpdf%26dl%3DGUIDE%26dl%3DACM%26CFID%3D11111111%26CFTOKEN%3D2222222,False,0.1799967040752533,0.039315578369706554,0.14068112570554675,0.9000000000000002,False,missing_match
DBLP,0.7,46,106,journals/sigmod/Anisimov03,False,0,,url:http://portal.acm.org/ft_gateway.cfm%3Fid%3D945741%26type%3Dpdf%26dl%3DGUIDE%26dl%3DACM%26CFID%3D11111111%26CFTOKEN%3D2222222,False,0.999993665696645,4.047426936484035e-06,0.9999896182697086,0.9000000000000002,True,false_link
DBLP,0.7,46,107,journals/tods/BrunoCG02,True,1,tkCWrg5OsIwJ,tkCWrg5OsIwJ,True,0.9999956219863217,0.00019000073135361743,0.9998056212549681,0.9000000000000002,True,correct
DBLP,0.7,46,108,journals/vldb/KamelWS94,True,1,tYBrsGkj1a0J,tYBrsGkj1a0J,True,0.9999945982607962,4.29448218447018e-06,0.9999903037786118,0.9000000000000002,True,correct
DBLP,0.7,46,109,conf/vldb/HinneburgLH03,True,1,xC2efRb-WrQJ,xC2efRb-WrQJ,True,0.9999956781919433,4.026014946698177e-06,0.9999916521769967,0.9000000000000002,True,correct
DBLP,0.7,46,110,conf/sigmod/DeshpandeRSN98,True,1,BXB96UFPHn8J,BXB96UFPHn8J,True,0.999994390329443,1.0304361055956361e-05,0.9999840859683871,0.9000000000000002,True,correct
DBLP,0.7,46,111,conf/sigmod/MankuRL99,True,4,LlPkfgH5fCIJ,X94gDE70Zn0J,True,0.9999945545238333,0.9998981096221674,9.644490166593744e-05,0.9000000000000002,True,correct
DBLP,0.7,46,112,conf/sigmod/MaddenSHR02,True,8,7n7LvbccBZoJ,dLP8AfWQ7r0J,True,0.9999952320422564,0.9999950014513341,2.3059092224553268e-07,0.9000000000000002,True,correct
DBLP,0.7,46,113,journals/vldb/ChakrabartiRS03,True,1,idfox84uNHUJ,idfox84uNHUJ,True,0.9999948429385679,4.668243313271163e-06,0.9999901746952546,0.9000000000000002,True,correct
DBLP,0.7,46,114,journals/sigmod/ONeilG95,True,5,51gKshu0CWcJ,51gKshu0CWcJ,True,0.9999950944745148,0.9999946297267106,4.6474780424077267e-07,0.9000000000000002,True,correct
DBLP,0.7,46,115,conf/sigmod/Ojjeh99,True,2,url:http://portal.acm.org/citation.cfm%3Fid%3D304245%26coll%3Dportal%26dl%3DACM,url:http://portal.acm.org/ft_gateway.cfm%3Fid%3D304245%26type%3Dpdf%26dl%3DGUIDE%26dl%3DACM%26CFID%3D11111111%26CFTOKEN%3D2222222,True,0.9999885824798893,0.001018912452708216,0.9989696700271811,0.9000000000000002,True,correct
DBLP,0.7,46,116,conf/vldb/Wadler01,True,2,TyF71uAlnLsJ,url:http://portal.acm.org/citation.cfm%3Fid%3D645927.672033,True,0.9999945564813113,0.9999920696868572,2.4867944541373532e-06,0.9000000000000002,True,correct
DBLP,0.7,46,117,conf/sigmod/BhattacharyaMBNHS02,True,3,2J_9scP1caYJ,tsQbSCfQTooJ,True,0.9999952877791327,0.9999188662665055,7.642151262721164e-05,0.9000000000000002,True,correct
DBLP,0.7,46,118,conf/sigmod/Grust02,True,3,-3LAxRNpDJIJ,-3LAxRNpDJIJ,True,0.9999918804959843,0.9999905054136174,1.3750823668612355e-06,0.9000000000000002,True,correct
DBLP,0.7,46,119,journals/sigmod/Grohe02,True,2,jzwiskpRLOUJ,jzwiskpRLOUJ,True,0.9999948354477365,0.0025913256565437467,0.9974035097911927,0.9000000000000002,True,correct
DBLP,0.7,46,120,conf/vldb/Bar-YossefBCFW00,True,1,-gm97JzyHJsJ,-gm97JzyHJsJ,True,0.9999951861980916,4.074385162119155e-06,0.9999911118129294,0.9000000000000002,True,correct
DBLP,0.7,46,121,journals/tods/Chen95a,True,1,qexCEm3QaUgJ,qexCEm3QaUgJ,True,0.9999954261328894,7.302962299133553e-05,0.999922396509898,0.9000000000000002,True,correct
DBLP,0.7,46,122,journals/sigmod/NobleS95,True,3,egn46hGLw7gJ,rRvcD6HKhasJ,True,0.9999955449863707,0.9999955419815881,3.004782533899686e-09,0.9000000000000002,True,correct
DBLP,0.7,46,123,conf/sigmod/GangulyGR03,True,1,Di-EjDZ_abYJ,Di-EjDZ_abYJ,True,0.9999949798198517,0.0013985563437879977,0.9985964234760637,0.9000000000000002,True,correct
DBLP,0.7,46,124,journals/sigmod/DoanPK95,True,1,c0TSepqRwwMJ,c0TSepqRwwMJ,True,0.999995405918651,5.139798239831564e-06,0.9999902661204112,0.9000000000000002,True,correct
DBLP,0.7,46,125,conf/sigmod/Lomet00,True,1,FiPJDs_jm54J,FiPJDs_jm54J,True,0.9999957273648957,4.605130952491791e-06,0.9999911222339433,0.9000000000000002,True,correct
DBLP,0.7,46,126,journals/tods/CastanoAFP98,True,2,tm7SUvdcOHYJ,X7wtR1g63qEJ,True,0.999995366556432,3.860020462696993e-06,0.9999915065359692,0.9000000000000002,True,correct
DBLP,0.7,46,127,journals/sigmod/SayginVC01,True,3,OALLzL4DQXsJ,OALLzL4DQXsJ,True,0.99999556196538,0.9999954867299052,7.52354747390882e-08,0.9000000000000002,True,correct
DBLP,0.7,46,128,conf/vldb/Malaika96,False,0,,url:http://portal.acm.org/ft_gateway.cfm%3Fid%3D245906%26type%3Dpdf%26dl%3DGUIDE%26dl%3DACM%26CFID%3D11111111%26CFTOKEN%3D2222222,False,7.968324208407261e-06,6.115757464243802e-06,1.852566744163459e-06,0.9000000000000002,False,unmatched_abstention
DBLP,0.7,46,129,journals/sigmod/UlusoyB96,True,1,LclVYrb7vJoJ,LclVYrb7vJoJ,True,0.9999953340978319,5.359355198472029e-06,0.9999899747426334,0.9000000000000002,True,correct
DBLP,0.7,46,130,conf/sigmod/Mamoulis03,True,1,8-eaDTdtfY4J,8-eaDTdtfY4J,True,0.999995183410683,1.1654927847775612e-05,0.9999835284828352,0.9000000000000002,True,correct
DBLP,0.7,46,131,conf/vldb/ColletCS94,True,4,Iap8Eg0Sm8oJ,uMutI8spj1QJ,True,0.9999953373583444,0.9999950660563529,2.7130199153901913e-07,0.9000000000000002,True,correct
DBLP,0.7,46,132,journals/sigmod/Franklin98,False,0,,diQK7Y_z3XwJ,False,4.4302568505179466e-05,3.426751016079765e-05,1.0035058344381817e-05,0.9000000000000002,False,unmatched_abstention
DBLP,0.7,46,133,journals/sigmod/Seligman97,True,1,url:http://portal.acm.org/citation.cfm%3Fid%3D601858.601872%26dl%3DGUIDE%26dl%3Dacm%26type%3Dissue%26idx%3DJ689%26part%3Dperiodical%26WantType%3Dperiodical%26title%3DACM%2520SIGMOD%2520Record%26CFID%3D11111111%26CFTOKEN%3D2222222,url:http://portal.acm.org/citation.cfm%3Fid%3D601858.601872%26dl%3DGUIDE%26dl%3Dacm%26type%3Dissue%26idx%3DJ689%26part%3Dperiodical%26WantType%3Dperiodical%26title%3DACM%2520SIGMOD%2520Record%26CFID%3D11111111%26CFTOKEN%3D2222222,True,0.9999728088117863,5.992306143088095e-06,0.9999668165056432,0.9000000000000002,True,correct
DBLP,0.7,46,134,conf/vldb/WhiteheadSM97,True,1,CiYPfP3-5_kJ,CiYPfP3-5_kJ,True,0.9999957414481936,4.125979870156068e-06,0.9999916154683234,0.9000000000000002,True,correct
DBLP,0.7,46,135,journals/sigmod/NestorovAM97,True,1,NVS_rDpScp0J,NVS_rDpScp0J,True,0.9999949665934904,1.585385426755939e-05,0.9999791127392228,0.9000000000000002,True,correct
DBLP,0.7,46,136,conf/vldb/LuTD95,True,2,qX-uYKXVk7EJ,qX-uYKXVk7EJ,True,0.9999953158628955,0.9999939275052157,1.3883576798212616e-06,0.9000000000000002,True,correct
DBLP,0.7,46,137,conf/sigmod/BlakeleyD00,True,2,url:http://portal.acm.org/citation.cfm%3Fid%3D335191.335480%26coll%3DGUIDE%26dl%3DACM%26idx%3DJ689%26part%3Dperiodical%26WantType%3Dperiodical%26title%3DACM%2520SIGMOD%2520Record%26CFID%3D11111111%26CFTOKEN%3D2222222,url:http://portal.acm.org/citation.cfm%3Fid%3D335191.335480%26coll%3DGUIDE%26dl%3DACM%26idx%3DJ689%26part%3Dperiodical%26WantType%3Dperiodical%26title%3DACM%2520SIGMOD%2520Record%26CFID%3D11111111%26CFTOKEN%3D2222222,True,0.6557982676601541,0.2431231386872503,0.4126751289729038,0.9000000000000002,False,missing_match
DBLP,0.7,46,138,journals/sigmod/RosenthalHRS97,True,1,url:http://portal.acm.org/ft_gateway.cfm%3Fid%3D248612%26type%3Dpdf%26dl%3DGUIDE%26dl%3DACM%26CFID%3D11111111%26CFTOKEN%3D2222222,url:http://portal.acm.org/ft_gateway.cfm%3Fid%3D248612%26type%3Dpdf%26dl%3DGUIDE%26dl%3DACM%26CFID%3D11111111%26CFTOKEN%3D2222222,True,0.9999842744991805,0.0002094247185467936,0.9997748497806337,0.9000000000000002,True,correct
DBLP,0.7,46,139,journals/sigmod/AilamakiFFSV03,True,1,rMV2yNFwvggJ,rMV2yNFwvggJ,True,0.9999953215996294,4.101867171070579e-06,0.9999912197324584,0.9000000000000002,True,correct
DBLP,0.7,46,140,conf/vldb/LakshmananSS96,True,9,0VHtbuWJCQUJ,GDmbzrUbyzAJ,True,0.9999952272700068,0.9999952228392367,4.430770084162816e-09,0.9000000000000002,True,correct
DBLP,0.7,46,141,conf/sigmod/ChaudhuriDY95,True,2,0LRr6nTypA4J,aaQEdfkjWN8J,True,0.9999955584002506,0.9999952327515446,3.256487060010471e-07,0.9000000000000002,True,correct
DBLP,0.7,46,142,conf/sigmod/PossSKL02,True,1,c3QptREmhgAJ,c3QptREmhgAJ,True,0.999995452351349,6.070068778368193e-06,0.9999893822825706,0.9000000000000002,True,correct
DBLP,0.7,46,143,conf/sigmod/LiuFP03,True,2,_97cTemKZnMJ,5BY1upUmSTUJ,True,0.9992408482881154,0.9941832565511711,0.005057591736944311,0.9000000000000002,True,correct
DBLP,0.7,46,144,journals/tods/ZaharioudakisCF97,True,2,EN1nFWJxnoIJ,naUCkadkOekJ,True,0.9999955969180166,0.000150133303715376,0.9998454636143013,0.9000000000000002,True,correct
DBLP,0.7,46,145,journals/tods/SalemGS94,True,1,7IBL1cudvR0J,7IBL1cudvR0J,True,0.9999635856233297,1.2759286081324367e-05,0.9999508263372483,0.9000000000000002,True,correct
DBLP,0.7,46,146,journals/vldb/FungKL03,True,1,rFEOA75JjSIJ,rFEOA75JjSIJ,True,0.9999950445579515,9.918867403753683e-06,0.9999851256905478,0.9000000000000002,True,correct
DBLP,0.7,46,147,journals/sigmod/BhargavaAP95,True,2,ALJ4TObSDlIJ,Sql66UDiVnwJ,True,0.9999953123504228,0.9999941742330327,1.1381173901092723e-06,0.9000000000000002,True,correct
DBLP,0.7,46,148,journals/sigmod/DAndreaJ96,True,1,-XugBF7u07EJ,-XugBF7u07EJ,True,0.9999881192476121,0.9999419835767501,4.613567086197978e-05,0.9000000000000002,True,correct
DBLP,0.7,46,149,conf/sigmod/LeflerSW96,True,1,4b12cZc8QK4J,4b12cZc8QK4J,True,0.9999957190240342,5.021032412000617e-06,0.9999906979916222,0.9000000000000002,True,correct
DBLP,0.7,46,150,journals/tods/BaralisCP96,True,2,6Njy0-27w5cJ,6Njy0-27w5cJ,True,0.9999950675524278,0.9999936598947983,1.4076576295707355e-06,0.9000000000000002,True,correct
DBLP,0.7,46,151,conf/vldb/BalminHKPSW03,True,1,8xRHvInl0_0J,8xRHvInl0_0J,True,0.9999932370662494,9.730246941994653e-05,0.9998959345968295,0.9000000000000002,True,correct
DBLP,0.7,46,152,journals/sigmod/Hammer02a,True,1,url:http://portal.acm.org/ft_gateway.cfm%3Fid%3D601859%26type%3Dpdf%26dl%3DGUIDE%26dl%3DACM%26CFID%3D11111111%26CFTOKEN%3D2222222,url:http://portal.acm.org/ft_gateway.cfm%3Fid%3D601859%26type%3Dpdf%26dl%3DGUIDE%26dl%3DACM%26CFID%3D11111111%26CFTOKEN%3D2222222,True,0.06481790348662796,0.0011164092810965751,0.06370149420553138,0.9000000000000002,False,missing_match
DBLP,0.7,46,153,conf/vldb/BelussiF95,True,5,5FEmoD1TIdwJ,a78Lxr80kJUJ,True,0.9999950381076916,0.9999933900606778,1.6480470138580117e-06,0.9000000000000002,True,correct
DBLP,0.7,46,154,conf/sigmod/AgrawalGGR98,True,11,_LE5T2vKPUcJ,1rW7ao6gK-QJ,True,0.9999949195102286,0.9999948758485294,4.3661699145047805e-08,0.9000000000000002,True,correct
DBLP,0.7,46,155,conf/vldb/GuptaM96,True,2,I0Kfdt6sh0gJ,I83l_B0knOgJ,True,0.9999909103846214,0.9999533943201067,3.75160645147421e-05,0.9000000000000002,True,correct
DBLP,0.7,46,156,conf/sigmod/RinfretOO01,True,1,pyqtmrPg24YJ,pyqtmrPg24YJ,True,0.9999905722091816,5.2813611890852425e-06,0.9999852908479926,0.9000000000000002,True,correct
DBLP,0.7,46,157,conf/sigmod/AltinelABFSZ99,True,5,4m_zFz0kP7cJ,ebmulQBhqZEJ,True,0.9999955362937358,0.9999955307819031,5.5118327679792856e-09,0.9000000000000002,True,correct
DBLP,0.7,46,158,conf/sigmod/AggarwalY01,True,2,6i8hYEhbelEJ,QkTd5WogN-AJ,True,0.9999943864709333,0.9999943113076322,7.516330113865877e-08,0.9000000000000002,True,correct
DBLP,0.7,46,159,journals/sigmod/Ozsu02a,False,0,,0GflgfwPy6cJ,False,0.26915170016305917,0.010238633180505583,0.25891306698255356,0.9000000000000002,False,unmatched_abstention
DBLP,0.7,46,160,journals/vldb/HuntAI02,True,1,LiYp5oaDwbMJ,LiYp5oaDwbMJ,True,0.9999952691736925,4.997382664384361e-05,0.9999452953470487,0.9000000000000002,True,correct
DBLP,0.7,46,161,journals/vldb/LiR99,True,2,Ko9e8CH2Si4J,nu5nhxl6WXQJ,True,0.99999504780355,0.9999674660162087,2.758178734130201e-05,0.9000000000000002,True,correct
DBLP,0.7,46,162,conf/vldb/ArgePRSV98,True,4,A5Eiwdh71m0J,H-AQePr2evUJ,True,0.999994997703096,0.999994530040227,4.676628689859186e-07,0.9000000000000002,True,correct
DBLP,0.7,46,163,journals/sigmod/Qian95a,True,1,url:http://portal.acm.org/ft_gateway.cfm%3Fid%3D212022%26type%3Dpdf%26dl%3DGUIDE%26dl%3DACM%26CFID%3D11111111%26CFTOKEN%3D2222222,url:http://portal.acm.org/ft_gateway.cfm%3Fid%3D212022%26type%3Dpdf%26dl%3DGUIDE%26dl%3DACM%26CFID%3D11111111%26CFTOKEN%3D2222222,True,0.9999954330718605,0.00023970857620548105,0.999755724495655,0.9000000000000002,True,correct
DBLP,0.7,46,164,journals/sigmod/CarmelMS01,True,2,bolov3CrMYwJ,bolov3CrMYwJ,True,0.9999947258514322,0.6147422023462261,0.3852525235052061,0.9000000000000002,True,correct
DBLP,0.7,46,165,journals/sigmod/QuixSJ02,True,1,BrO3XOrt66MJ,BrO3XOrt66MJ,True,0.9962201397376055,6.8456419135809766e-06,0.9962132940956919,0.9000000000000002,True,correct
DBLP,0.7,46,166,conf/sigmod/HanPDW01,True,3,CnAw9v-vEjwJ,ue3gCyIirokJ,True,0.9999953712291388,0.9999942356052162,1.1356239226767428e-06,0.9000000000000002,True,correct
DBLP,0.7,46,167,conf/vldb/YanL95,True,6,9B2oMksKaMMJ,VwsS71_KQX8J,True,0.9999950037484826,0.9999941524133333,8.513351492656085e-07,0.9000000000000002,True,correct
DBLP,0.7,46,168,conf/vldb/FlodinR95,True,2,b5vbAhJ4xxMJ,WmtiDGY_BdoJ,True,0.9999955234663188,0.9999953038309153,2.1963540353109323e-07,0.9000000000000002,True,correct
DBLP,0.7,46,169,journals/sigmod/KannanKIK03,True,1,h_tDfTvsR0QJ,h_tDfTvsR0QJ,True,0.9999952917949696,7.888457588448437e-06,0.9999874033373811,0.9000000000000002,True,correct
DBLP,0.7,46,170,journals/sigmod/DogacAOD95,True,1,oUOuTMrB0esJ,oUOuTMrB0esJ,True,0.9999948982053487,6.454282439695796e-05,0.9999303553809518,0.9000000000000002,True,correct
DBLP,0.7,46,171,journals/sigmod/PitouraAPSV03,True,3,hn2MANNgz9sJ,jKxELUmoSkEJ,True,0.9999953805736368,0.9999950131738315,3.673998052455829e-07,0.9000000000000002,True,correct
DBLP,0.7,46,172,conf/sigmod/NaumanS98,True,1,url:http://portal.acm.org/ft_gateway.cfm%3Fid%3D276369%26type%3Dpdf%26dl%3DGUIDE%26dl%3DACM%26CFID%3D11111111%26CFTOKEN%3D2222222,url:http://portal.acm.org/ft_gateway.cfm%3Fid%3D276369%26type%3Dpdf%26dl%3DGUIDE%26dl%3DACM%26CFID%3D11111111%26CFTOKEN%3D2222222,True,0.9999949768075526,4.730803749438226e-06,0.9999902460038032,0.9000000000000002,True,correct
DBLP,0.7,46,173,conf/vldb/Gupta96,False,0,,EGI4nUVWFFcJ,False,4.169470884193451e-06,4.043514878049218e-06,1.2595600614423279e-07,0.9000000000000002,False,unmatched_abstention
DBLP,0.7,46,174,conf/vldb/MorimotoIM97,True,3,3enylshvOl8J,3enylshvOl8J,True,0.9999953122073655,0.9999923045435549,3.0076638105613895e-06,0.9000000000000002,True,correct
DBLP,0.7,46,175,conf/vldb/LeeL99,True,1,szHsyFiOuwAJ,szHsyFiOuwAJ,True,0.9999949997826184,4.948282829830722e-06,0.9999900514997886,0.9000000000000002,True,correct
DBLP,0.7,46,176,journals/vldb/AbiteboulB95,True,3,_RMZmSBR_PUJ,Pkocuf5hMjYJ,True,0.9999954025482438,0.999989183090257,6.219457986844645e-06,0.9000000000000002,True,correct
DBLP,0.7,46,177,conf/sigmod/PadmanabhanBMCH03,True,1,wI75uFSs0bwJ,wI75uFSs0bwJ,True,0.9999952470511548,7.574914959519386e-06,0.9999876721361953,0.9000000000000002,True,correct
DBLP,0.7,46,178,conf/sigmod/DattaDTVSR02,True,4,0m_Q5tf3oDAJ,orxvLy4vVEQJ,True,0.999994071951242,0.9999489913750647,4.508057617735872e-05,0.9000000000000002,True,correct
DBLP,0.7,46,179,conf/sigmod/PatelYKTNBHRLEKGDN97,True,2,0inuMFZSQ50J,0inuMFZSQ50J,True,0.9999951429248976,0.9996402789736821,0.0003548639512154228,0.9000000000000002,True,correct
DBLP,0.7,46,180,journals/sigmod/Qian96,True,1,NiswbODuzhAJ,NiswbODuzhAJ,True,0.999995097813649,0.00025286882534560594,0.9997422289883034,0.9000000000000002,True,correct
DBLP,0.7,46,181,journals/sigmod/Winslett94,True,2,hZOXZJ6x2xUJ,url:http://portal.acm.org/ft_gateway.cfm%3Fid%3D181569%26type%3Dpdf,True,0.9999952903938583,0.9999937177348426,1.5726590156805997e-06,0.9000000000000002,True,correct
DBLP,0.7,46,182,journals/sigmod/Badia02,False,0,,url:http://portal.acm.org/ft_gateway.cfm%3Fid%3D637425%26type%3Dpdf%26dl%3DGUIDE%26dl%3DACM%26CFID%3D11111111%26CFTOKEN%3D2222222,False,0.9999948078765902,8.21335693870556e-05,0.9999126743072032,0.9000000000000002,True,false_link
DBLP,0.7,46,183,journals/sigmod/GamacheS95,True,1,vqgfvx71hgQJ,vqgfvx71hgQJ,True,0.9999952127419646,4.926712120336137e-06,0.9999902860298442,0.9000000000000002,True,correct
DBLP,0.7,46,184,conf/vldb/LahiriSCMC01,True,1,MbzMAsLHlfEJ,MbzMAsLHlfEJ,True,0.9999953540166838,4.102649611551832e-06,0.9999912513670722,0.9000000000000002,True,correct
DBLP,0.7,46,185,conf/sigmod/Raghavan03,False,0,,W3NucQtmzesJ,False,4.929278145137388e-06,4.516818125060285e-06,4.1246002007710297e-07,0.9000000000000002,False,unmatched_abstention
DBLP,0.7,46,186,conf/sigmod/GriffinH97,True,1,UwOPyY_jchkJ,UwOPyY_jchkJ,True,0.999995125997769,4.268143089861984e-06,0.9999908578546791,0.9000000000000002,True,correct
DBLP,0.7,46,187,conf/sigmod/SagonasSW94,True,7,0hHYO7tQJUgJ,xc8KEoeRT9sJ,True,0.9999954205330701,0.9999954182964665,2.236603569016893e-09,0.9000000000000002,True,correct
DBLP,0.7,46,188,journals/vldb/NguSHL01,True,1,djYvVVRYNTwJ,djYvVVRYNTwJ,True,0.9999950219737705,5.830680411306698e-06,0.9999891912933593,0.9000000000000002,True,correct
DBLP,0.7,46,189,conf/vldb/GoldmanSVG98,True,3,4qYPBQ1l07YJ,pweOUtA2iTAJ,True,0.9999949270145984,0.9996723351171843,0.00032259189741401517,0.9000000000000002,True,correct
DBLP,0.7,46,190,journals/vldb/KashyapS96,True,5,AaTvigmNyAcJ,yWyvTMAVVzwJ,True,0.9999956031911797,0.9999952924325167,3.1075866302465727e-07,0.9000000000000002,True,correct
DBLP,0.7,46,191,journals/sigmod/EisenbergM99a,True,2,e3s4OFTeBqwJ,e3s4OFTeBqwJ,True,0.9999955915735362,0.9999950770592954,5.145142408791159e-07,0.9000000000000002,True,correct
DBLP,0.7,46,192,conf/vldb/GuptaHQ95,True,5,16a8RD8og7QJ,VCSbj6MwKlgJ,True,0.9999952643211858,0.9999867391274604,8.525193725406055e-06,0.9000000000000002,True,correct
DBLP,0.7,46,193,journals/sigmod/Chaudhri95,True,1,DY6x1fDAy9EJ,DY6x1fDAy9EJ,True,0.9999948962636747,6.2704137794654745e-06,0.9999886258498952,0.9000000000000002,True,correct
DBLP,0.7,46,194,journals/sigmod/Franklin98a,False,0,,diQK7Y_z3XwJ,False,4.4302568505179466e-05,3.426751016079765e-05,1.0035058344381817e-05,0.9000000000000002,False,unmatched_abstention
DBLP,0.7,46,195,journals/vldb/FernandezFLS00,True,1,uo79zyqUB10J,uo79zyqUB10J,True,0.9999930231344297,2.166090781759748e-05,0.9999713622266121,0.9000000000000002,True,correct
DBLP,0.7,46,196,conf/vldb/AmbiteKKMST01,True,2,9bzGIloFctIJ,9bzGIloFctIJ,True,0.9999942802292855,0.9772823064179503,0.022711973811335162,0.9000000000000002,True,correct
DBLP,0.7,46,197,conf/vldb/RamamurthyDS02,True,3,DAlyofX710AJ,uem5wXLoU0wJ,True,0.999995337273858,0.9999947034263416,6.338475164735513e-07,0.9000000000000002,True,correct
DBLP,0.7,46,198,conf/sigmod/MoonSL00,True,1,7Xra4piXrIIJ,7Xra4piXrIIJ,True,0.9999951799413905,6.110428968560195e-06,0.999989069512422,0.9000000000000002,True,correct
DBLP,0.7,46,199,journals/vldb/AgrawalAJL95,True,1,EyOHVek12P0J,EyOHVek12P0J,True,0.9999951932489471,7.217319078839122e-06,0.9999879759298683,0.9000000000000002,True,correct
DBLP,0.7,46,200,conf/vldb/BaulierBKS98,True,1,dNK16sHm9eUJ,dNK16sHm9eUJ,True,0.9999954793853252,7.95836039030205e-06,0.9999875210249349,0.9000000000000002,True,correct
DBLP,0.7,46,201,journals/tods/HjaltasonS99,True,3,RHJjRlVhi78J,xuoJNqOArTsJ,True,0.9999934076874589,0.9999924706748821,9.370125768626281e-07,0.9000000000000002,True,correct
DBLP,0.7,46,202,conf/vldb/DarFJST96,True,11,57-MJmAVId8J,95lS1rShpqQJ,True,0.9999950338375863,0.9999950277669628,6.070623448373169e-09,0.9000000000000002,True,correct
DBLP,0.7,46,203,journals/sigmod/WinslettCDHZZ02,True,1,url:http://portal.acm.org/ft_gateway.cfm%3Fid%3D601881%26type%3Dpdf%26dl%3DGUIDE%26dl%3DACM%26CFID%3D11111111%26CFTOKEN%3D2222222,url:http://portal.acm.org/ft_gateway.cfm%3Fid%3D601881%26type%3Dpdf%26dl%3DGUIDE%26dl%3DACM%26CFID%3D11111111%26CFTOKEN%3D2222222,True,0.9999953781544346,9.799861029910859e-06,0.9999855782934047,0.9000000000000002,True,correct
DBLP,0.7,46,204,conf/vldb/TaoPS02,True,3,c-rJ2AIMUjwJ,o0WQjRyBQ5kJ,True,0.9999940672853563,0.9999815365716506,1.2530713705771745e-05,0.9000000000000002,True,correct
DBLP,0.7,46,205,journals/sigmod/Alonso94b,False,0,,jEaTvGCPrp0J,False,0.0014889401881790377,0.00035197943370542415,0.0011369607544736136,0.9000000000000002,False,unmatched_abstention
DBLP,0.7,46,206,conf/vldb/CohenMKS03,True,1,gRoNHWLN1WMJ,gRoNHWLN1WMJ,True,0.9999948456870708,6.435452625774393e-06,0.999988410234445,0.9000000000000002,True,correct
DBLP,0.7,46,207,journals/sigmod/WinslettMY03,False,0,,ZaZIPoF6SmsJ,False,4.44129478091097e-06,4.381843993792073e-06,5.9450787118896654e-08,0.9000000000000002,False,unmatched_abstention
DBLP,0.7,46,208,conf/vldb/BunkerCCMMW01,True,1,bKfF2TdyKDwJ,bKfF2TdyKDwJ,True,0.9999952475089399,3.878692289548319e-06,0.9999913688166503,0.9000000000000002,True,correct
DBLP,0.7,46,209,conf/vldb/CareyCNVDRSM99,True,1,JpMllVmmnkAJ,JpMllVmmnkAJ,True,0.9999948404641541,0.9515358475184427,0.04845899294571143,0.9000000000000002,True,correct
DBLP,0.7,46,210,conf/vldb/Gentili01,True,1,2j1dalv3kCEJ,2j1dalv3kCEJ,True,0.9999955740367272,4.343467470367204e-06,0.9999912305692569,0.9000000000000002,True,correct
DBLP,0.7,46,211,journals/vldb/RafieiM02,True,1,kZFfJieudW4J,kZFfJieudW4J,True,0.9999949824619077,9.747041328037335e-06,0.9999852354205796,0.9000000000000002,True,correct
DBLP,0.7,46,212,conf/sigmod/DanielsDDEHJJLSSS94,True,1,fLNHwVFqnbIJ,fLNHwVFqnbIJ,True,0.9999944753708477,4.429079399850668e-06,0.9999900462914478,0.9000000000000002,True,correct
DBLP,0.7,46,213,conf/vldb/Mattos96,True,1,EpBlTCJ0_dUJ,EpBlTCJ0_dUJ,True,0.9999942964070226,5.284535245800121e-06,0.9999890118717768,0.9000000000000002,True,correct
DBLP,0.7,46,214,conf/sigmod/ChristophidesACS94,True,8,dGbuUkhWNhMJ,dGbuUkhWNhMJ,True,0.9999952064054772,0.9999951764741992,2.9931278011652296e-08,0.9000000000000002,True,correct
DBLP,0.7,46,215,conf/vldb/WiesnerK01,True,1,UrDwK2S7QVwJ,UrDwK2S7QVwJ,True,0.9999952951882416,5.470330159351902e-06,0.9999898248580822,0.9000000000000002,True,correct
DBLP,0.7,46,216,journals/sigmod/LudascherMM01,True,2,16yr6uv8Rn8J,16yr6uv8Rn8J,True,0.999995224278663,0.045931289258298806,0.9540639350203642,0.9000000000000002,True,correct
DBLP,0.7,46,217,conf/vldb/DiligentiCLGG00,True,1,XCP3p-Hk8bMJ,XCP3p-Hk8bMJ,True,0.9999949598494868,4.231500787510928e-06,0.9999907283486993,0.9000000000000002,True,correct
DBLP,0.7,46,218,conf/vldb/KornackerB95,True,5,_1N4nkD4AMIJ,IN_sibgHb9MJ,True,0.9999951349234038,0.9999941505783243,9.84345079446669e-07,0.9000000000000002,True,correct
DBLP,0.7,46,219,conf/sigmod/AndersonAF98,True,1,_EbKUPc1jYAJ,_EbKUPc1jYAJ,True,0.9999948937564109,4.473883332608407e-06,0.9999904198730784,0.9000000000000002,True,correct
DBLP,0.7,46,220,conf/vldb/LabrinidisR03,True,1,0GMNedjfVV0J,0GMNedjfVV0J,True,0.9999953101325451,0.0004057634823374081,0.9995895466502076,0.9000000000000002,True,correct
DBLP,0.7,46,221,conf/sigmod/Gal00,True,2,i6QOOOYvOqQJ,SudUID_rEy0J,True,0.9999938873853944,0.9999844113010817,9.476084312676214e-06,0.9000000000000002,True,correct
DBLP,0.7,46,222,conf/sigmod/AgrawalW00,True,1,wivJNEQEWzMJ,wivJNEQEWzMJ,True,0.999995291363903,4.7827859715873845e-06,0.9999905085779314,0.9000000000000002,True,correct
DBLP,0.7,46,223,conf/sigmod/JonkerS95,True,1,Rg4UOUTwgAcJ,Rg4UOUTwgAcJ,True,0.999995099496384,5.794400035705924e-06,0.9999893050963483,0.9000000000000002,True,correct
DBLP,0.7,46,224,conf/sigmod/LabioZWGGW97,True,3,Hxnlcwm_RhMJ,Hxnlcwm_RhMJ,True,0.9999951948943405,0.9999951110635485,8.383079197482601e-08,0.9000000000000002,True,correct
DBLP,0.7,46,225,journals/sigmod/Hampapur99,True,2,I-r1LE1najAJ,I-r1LE1najAJ,True,0.9999951265183381,0.999991551134333,3.575384005083393e-06,0.9000000000000002,True,correct
DBLP,0.7,46,226,journals/sigmod/ClementiniF00,True,1,9_GTdteKEYsJ,9_GTdteKEYsJ,True,0.9999873636719953,0.0003367780976665603,0.9996505855743287,0.9000000000000002,True,correct
DBLP,0.7,46,227,conf/sigmod/SrikantA96,True,13,9t4Mce85HT4J,KVEv4thH4CgJ,True,0.9999949521674378,0.9999949450570237,7.110414146360711e-09,0.9000000000000002,True,correct
DBLP,0.7,46,228,conf/sigmod/Nori00,True,1,url:http://portal.acm.org/citation.cfm%3Fid%3D342009.335474,url:http://portal.acm.org/citation.cfm%3Fid%3D342009.335474,True,0.9979286282376748,5.246171873542963e-06,0.9979233820658012,0.9000000000000002,True,correct
DBLP,0.7,46,229,journals/sigmod/SnodgrassGIMSU98,False,0,,url:http://portal.acm.org/citation.cfm%3Fid%3D1041410.1041430,False,0.008260519878640944,0.005834838550405604,0.00242568132823534,0.9000000000000002,False,unmatched_abstention
DBLP,0.7,46,230,conf/sigmod/GorelikWD94,True,3,1QvhrpZ7KBgJ,1QvhrpZ7KBgJ,True,0.9999907266800758,0.9999835666603183,7.160019757534997e-06,0.9000000000000002,True,correct
DBLP,0.7,46,231,conf/vldb/CeriM03,True,2,G2QuI5QYYMoJ,hFPNVe44A04J,True,0.9999952694714517,0.9999912590327552,4.010438696466778e-06,0.9000000000000002,True,correct
DBLP,0.7,46,232,conf/vldb/MorishimaKKT01,True,1,8hDo6qczOzMJ,8hDo6qczOzMJ,True,0.9999948972516363,3.898428382315741e-06,0.9999909988232539,0.9000000000000002,True,correct
DBLP,0.7,46,233,journals/sigmod/X95a,False,0,,url:http://www.springerlink.com/index/X256555608656055.pdf,False,0.0003966423143868006,0.00022624985679360162,0.000170392457593199,0.9000000000000002,False,unmatched_abstention
DBLP,0.7,46,234,conf/sigmod/JonssonFS98,True,2,5fb1l1MyGisJ,5fb1l1MyGisJ,True,0.9999951731011835,0.9999916837150407,3.4893861428075823e-06,0.9000000000000002,True,correct
DBLP,0.7,46,235,journals/vldb/ChirkovaHS02,True,1,NdmocXlpq9QJ,NdmocXlpq9QJ,True,0.9999950807668371,3.926239719900178e-06,0.9999911545271172,0.9000000000000002,True,correct
DBLP,0.7,46,236,journals/sigmod/YeungHL94,True,1,yQv94p3tE1IJ,yQv94p3tE1IJ,True,0.9999951030656081,0.0006528127857791732,0.9993422902798289,0.9000000000000002,True,correct
DBLP,0.7,46,237,conf/vldb/LiC94,True,1,O0rvK0GFmBEJ,O0rvK0GFmBEJ,True,0.9999952083205557,1.6933263476011034e-05,0.9999782750570797,0.9000000000000002,True,correct
DBLP,0.7,46,238,journals/sigmod/Chaudhri98,True,1,url:http://portal.acm.org/ft_gateway.cfm%3Fid%3D273247%26type%3Dpdf%26dl%3DGUIDE%26dl%3DACM%26CFID%3D11111111%26CFTOKEN%3D2222222,url:http://portal.acm.org/ft_gateway.cfm%3Fid%3D273247%26type%3Dpdf%26dl%3DGUIDE%26dl%3DACM%26CFID%3D11111111%26CFTOKEN%3D2222222,True,0.9999954183270525,6.527283307480759e-06,0.999988891043745,0.9000000000000002,True,correct
DBLP,0.7,46,239,journals/tods/OliverS94,True,2,RUyqFOxZyDoJ,RUyqFOxZyDoJ,True,0.9999942141643594,0.9999941620919743,5.2072385070545124e-08,0.9000000000000002,True,correct
DBLP,0.7,46,240,conf/vldb/VriesDBA99,True,1,3o-rUvRsdUwJ,3o-rUvRsdUwJ,True,0.9999948522991032,0.19320479176143848,0.8067900605376648,0.9000000000000002,True,correct
DBLP,0.7,46,241,conf/sigmod/ChaudhuriN98,True,5,99oqRZGWAYMJ,99oqRZGWAYMJ,True,0.9999944473020839,0.9999921766766355,2.2706254483306765e-06,0.9000000000000002,True,correct
DBLP,0.7,46,242,journals/sigmod/CabreraLM01,True,1,b201QeqnlNkJ,b201QeqnlNkJ,True,0.9999952279845559,4.411542865625959e-06,0.9999908164416902,0.9000000000000002,True,correct
DBLP,0.7,46,243,conf/vldb/ChoN02,True,2,4tTQJrG4pn8J,4tTQJrG4pn8J,True,0.9999953934063541,0.9999925229530611,2.8704532930579063e-06,0.9000000000000002,True,correct
DBLP,0.7,46,244,conf/sigmod/RothAHCCFSTW96,True,6,2i9wDNdFZM8J,2i9wDNdFZM8J,True,0.9999920880961853,0.9999866218860861,5.4662100992253215e-06,0.9000000000000002,True,correct
DBLP,0.7,46,245,conf/vldb/AcharyaFZ96,True,6,4AK08s31YqUJ,qTCsXcCsI7UJ,True,0.9999948615642434,0.9999948173551342,4.4209109262283164e-08,0.9000000000000002,True,correct
DBLP,0.7,46,246,conf/vldb/ChengGKLLQS99,True,3,_pYZZxn2SjYJ,_pYZZxn2SjYJ,True,0.9999952601824715,0.9999952508435475,9.338924078505784e-09,0.9000000000000002,True,correct
DBLP,0.7,46,247,journals/sigmod/JukicV97,True,1,yZbJS0Cd6cAJ,yZbJS0Cd6cAJ,True,0.9999950264770078,5.325961831814611e-06,0.999989700515176,0.9000000000000002,True,correct
DBLP,0.7,46,248,journals/vldb/BohmAnY97,True,4,O7IuKWfq4RYJ,PALTnITURBcJ,True,0.9999953694984022,0.9999953686460414,8.523607375465758e-10,0.9000000000000002,True,correct
DBLP,0.7,46,249,journals/sigmod/AndlerHEMBE96,True,5,3Isoplo_hi0J,oNYOKYvjoKgJ,True,0.9999953517741913,0.9999946625162425,6.892579488271267e-07,0.9000000000000002,True,correct
DBLP,0.7,46,250,conf/sigmod/ShashaB02a,True,3,3HUnvGuXtZEJ,url:http://portal.acm.org/citation.cfm%3Fid%3D564691.564798%26dl%3DGUIDE%26dl%3DACM%26type%3Dseries%26idx%3D564691%26part%3DProceedings%26WantType%3DProceedings%26title%3DInternational%2520Conference%2520on%2520Management%2520of%2520Data%2520and%2520Symposium%2520on%2520Principles%2520of%2520Database%2520Systems%26CFID%3D11111111%26CFTOKEN%3D2222222,True,0.9999949394329088,0.977256715249951,0.0227382241829579,0.9000000000000002,True,correct
DBLP,0.7,46,251,journals/sigmod/BusslerFM02,True,5,m56HUW18JKAJ,m56HUW18JKAJ,True,0.999995416321057,0.9999953963620088,1.9959048191964257e-08,0.9000000000000002,True,correct
DBLP,0.7,46,252,conf/sigmod/ChoG00,True,3,7TNK4262ozwJ,s7K6rICx3fkJ,True,0.9999943466452119,0.9999932887802873,1.0578649246584249e-06,0.9000000000000002,True,correct
DBLP,0.7,46,253,conf/sigmod/HernandezMHYHT01,True,3,89WHY6hZ22UJ,89WHY6hZ22UJ,True,0.9999956251583095,0.9999952989556753,3.2620263423766005e-07,0.9000000000000002,True,correct
DBLP,0.7,46,254,conf/vldb/AlsabtiRS97,True,2,-0Lu8VIRYtEJ,nqOZsUydoQkJ,True,0.9999953603483157,0.9999950318575109,3.284908047795909e-07,0.9000000000000002,True,correct
DBLP,0.7,46,255,conf/sigmod/VitterW99,True,2,1UFq52qqErUJ,P5oJUiow7lsJ,True,0.9999948438385075,0.9999767484175226,1.809542098485384e-05,0.9000000000000002,True,correct
DBLP,0.7,46,256,journals/vldb/WangW01,True,1,4eHVZHcQvdMJ,4eHVZHcQvdMJ,True,0.99999526595128,4.132213401863973e-06,0.9999911337378781,0.9000000000000002,True,correct
DBLP,0.7,46,257,conf/vldb/MargaritisFT01,True,2,WOiDxLKSioAJ,z2EsEsrBfsYJ,True,0.9999956852299858,0.9998023189359905,0.0001933662939953562,0.9000000000000002,True,correct
DBLP,0.7,46,258,conf/vldb/HageJPST03,True,3,6dAWUHYKqFUJ,xDDdtO9n_pwJ,True,0.9999951997493192,0.9999950935668502,1.0618246892857286e-07,0.9000000000000002,True,correct
DBLP,0.7,46,259,conf/vldb/CotterB00,True,1,SJ6PiY04ebMJ,SJ6PiY04ebMJ,True,0.9999947156764174,4.5156035581639026e-06,0.9999902000728592,0.9000000000000002,True,correct
DBLP,0.7,46,260,journals/tods/KonopnickiS98,True,2,5cWufy7ZrAoJ,BKUtItHoTX8J,True,0.999995535237899,0.9999936140252526,1.921212646416315e-06,0.9000000000000002,True,correct
DBLP,0.7,46,261,conf/sigmod/RoussopoulosKS99,False,0,,Mg0A5yz-_wYJ,False,0.0010819373456941892,8.927717508970567e-06,0.0010730096281852187,0.9000000000000002,False,unmatched_abstention
DBLP,0.7,46,262,journals/sigmod/Winslett01,True,1,m2Mf-4BgLP4J,m2Mf-4BgLP4J,True,0.9999955889030704,3.94667046310858e-05,0.9999561221984393,0.9000000000000002,True,correct
DBLP,0.7,46,263,journals/tods/CuiWW00,True,2,HEAX8OOSpKgJ,yWDXpb_76z0J,True,0.9999950006408845,0.9999364327858199,5.8567855064639573e-05,0.9000000000000002,True,correct
DBLP,0.7,46,264,journals/sigmod/Group94,False,0,,zSoTbEtLuqEJ,False,4.97976882722704e-06,3.959321004765351e-06,1.0204478224616893e-06,0.9000000000000002,False,unmatched_abstention
DBLP,0.7,46,265,conf/vldb/Moerkotte02,True,1,jiGdThcReckJ,jiGdThcReckJ,True,0.9999953590251429,4.564790167188742e-06,0.9999907942349757,0.9000000000000002,True,correct
DBLP,0.7,46,266,journals/sigmod/Ozsoyoglu99,False,0,,yNSC6-93CosJ,False,0.0007631377630523558,0.00040604440297291664,0.00035709336007943914,0.9000000000000002,False,unmatched_abstention
DBLP,0.7,46,267,journals/vldb/ShegalovGW01,True,1,_6ErNQyZwXsJ,_6ErNQyZwXsJ,True,0.9999952462261238,4.029295208112121e-06,0.9999912169309156,0.9000000000000002,True,correct
DBLP,0.7,46,268,conf/sigmod/JagatheesanR03,True,4,fobv5DPqKUcJ,fobv5DPqKUcJ,True,0.9999938627708428,0.9999912523364131,2.6104344297284143e-06,0.9000000000000002,True,correct
DBLP,0.7,46,269,journals/sigmod/Gallagher94,True,1,PVm9r7wHzDAJ,PVm9r7wHzDAJ,True,0.9999938752248281,1.6770498310036714e-05,0.999977104726518,0.9000000000000002,True,correct
DBLP,0.7,46,270,conf/sigmod/WhiteCF98,True,2,tORqjZEtKvMJ,tORqjZEtKvMJ,True,0.9999948624021381,0.9999945895013505,2.729007876345335e-07,0.9000000000000002,True,correct
DBLP,0.7,46,271,journals/sigmod/ConstantopoulosCP01,False,0,,YeD6vittJSMJ,False,0.0013971412474467495,5.973877028794725e-05,0.0013374024771588022,0.9000000000000002,False,unmatched_abstention
DBLP,0.7,46,272,conf/vldb/ChangG97,True,6,0NK87fQBfPUJ,2SYiXa0vGN4J,True,0.9999952122762646,0.9999945093960684,7.028801962682962e-07,0.9000000000000002,True,correct
DBLP,0.7,46,273,conf/sigmod/Faloutsos95,True,1,R0xUZUxSGmwJ,R0xUZUxSGmwJ,True,0.9999014040179988,0.003956079868984159,0.9959453241490146,0.9000000000000002,True,correct
DBLP,0.7,46,274,conf/vldb/BettiniJWW02,True,3,Aq_TE_cWEQkJ,tFuA828CptUJ,True,0.9999952719791043,0.9999950425632396,2.2941586474978237e-07,0.9000000000000002,True,correct
DBLP,0.7,46,275,conf/sigmod/GriffinL95,True,4,6QZGeKna5lgJ,nXT3j4XaZxIJ,True,0.9999925899922398,0.9999898077976257,2.78219461413709e-06,0.9000000000000002,True,correct
DBLP,0.7,46,276,conf/sigmod/ConsensM94,True,1,u7rv6LAF8s8J,u7rv6LAF8s8J,True,0.17055975053546202,5.243300872476978e-06,0.17055450723458954,0.9000000000000002,False,missing_match
DBLP,0.7,46,277,journals/sigmod/MarchiLPT03,True,2,9dgFU6XaLrwJ,9dgFU6XaLrwJ,True,0.999995367612399,0.9998727343530662,0.0001226332593328161,0.9000000000000002,True,correct
DBLP,0.7,46,278,conf/sigmod/SaltenisJLL00,True,11,a7v0bHRrpjMJ,e0UYPB4kRCYJ,True,0.9999951282005122,0.9999944621517762,6.660487359422262e-07,0.9000000000000002,True,correct
DBLP,0.7,46,279,journals/vldb/ChakrabartiGRS01,True,4,2TVYDBNYioIJ,PTmCbogNUpAJ,True,0.999995029606467,0.999994509050467,5.205559999721387e-07,0.9000000000000002,True,correct
DBLP,0.7,46,280,conf/vldb/SundaraHCAS01,True,1,nUFhC9syaNsJ,nUFhC9syaNsJ,True,0.9999952177795834,4.096093466433255e-06,0.999991121686117,0.9000000000000002,True,correct
DBLP,0.7,46,281,conf/vldb/RaghavanG01,True,3,9Wo54Wyh_X8J,LcX8Pm2ABJsJ,True,0.999994228784503,0.9999924817677092,1.7470167937849723e-06,0.9000000000000002,True,correct
DBLP,0.7,46,282,journals/sigmod/Liu01,False,0,,C84rFQN_ug0J,False,0.7346208414682504,0.04141393670580094,0.6932069047624494,0.9000000000000002,False,unmatched_abstention
DBLP,0.7,46,283,conf/vldb/Ogawa96,True,2,my4BalOLmAsJ,my4BalOLmAsJ,True,0.9999936029011404,0.9999892722404754,4.3306606649640145e-06,0.9000000000000002,True,correct
DBLP,0.7,46,284,journals/vldb/C95c,False,0,,url:http://portal.acm.org/citation.cfm%3Fid%3D615164.615165,False,2.807202165306332e-05,2.0609482659972498e-05,7.462538993090822e-06,0.9000000000000002,False,unmatched_abstention
DBLP,0.7,46,285,journals/sigmod/Vianu03,True,2,bvcQt7zFoAoJ,JgenqfLQC1UJ,True,0.9999886177909287,0.9984261357211294,0.0015624820697993647,0.9000000000000002,True,correct
DBLP,0.7,46,286,conf/vldb/HelmerM97,True,2,vInYFLVq0uIJ,vInYFLVq0uIJ,True,0.9999951351646611,0.9999951305926598,4.572001333080777e-09,0.9000000000000002,True,correct
DBLP,0.7,46,287,journals/sigmod/BohmR94,True,2,GXApzwcGl78J,GXApzwcGl78J,True,0.9999948017925016,0.0788156018487122,0.9211791999437894,0.9000000000000002,True,correct
DBLP,0.7,46,288,conf/vldb/LiCHH97,True,2,DmGBKpaiyGEJ,DmGBKpaiyGEJ,True,0.9999952896033041,0.9999816563894521,1.3633213851949044e-05,0.9000000000000002,True,correct
DBLP,0.7,46,289,journals/sigmod/BaaderJN97,True,3,dr4SzOhnLB8J,dr4SzOhnLB8J,True,0.999986136845518,0.9999848272594071,1.30958611088694e-06,0.9000000000000002,True,correct
DBLP,0.7,46,290,conf/sigmod/Shyy95,True,1,OjZoGJLFGqIJ,OjZoGJLFGqIJ,True,0.9999955455131675,4.811433650209116e-06,0.9999907340795173,0.9000000000000002,True,correct
DBLP,0.7,46,291,conf/sigmod/LometT03,True,1,GidOUF_Jd4oJ,GidOUF_Jd4oJ,True,0.9999930476696272,4.8614203015881306e-05,0.9999444334666113,0.9000000000000002,True,correct
DBLP,0.7,46,292,conf/sigmod/Han96,True,2,DlQd7WIkVF0J,DlQd7WIkVF0J,True,0.9999697885677227,0.9747835438657346,0.025186244701988048,0.9000000000000002,True,correct
DBLP,0.7,46,293,conf/sigmod/GoldmanW00,True,1,Ol886Ck3jz4J,Ol886Ck3jz4J,True,0.9999957119593278,7.702056947637117e-06,0.9999880099023801,0.9000000000000002,True,correct
DBLP,0.7,46,294,conf/sigmod/RafieiM97,True,8,F9KzvnDpCPUJ,F9KzvnDpCPUJ,True,0.9999947359968149,0.9999946773893894,5.860742546826003e-08,0.9000000000000002,True,correct
DBLP,0.7,46,295,journals/vldb/C94,False,0,,htoweFiOSFEJ,False,0.18491354008191332,0.03818230171752581,0.1467312383643875,0.9000000000000002,False,unmatched_abstention
DBLP,0.7,46,296,conf/sigmod/AgrawalK03,True,1,ewoQO00BuFoJ,ewoQO00BuFoJ,True,0.9999950703457682,0.7607686991652397,0.23922637118052847,0.9000000000000002,True,correct
DBLP,0.7,46,297,conf/vldb/PitouraC99,True,1,6VU-VxcDsFsJ,6VU-VxcDsFsJ,True,0.9999950950265174,7.580710781255098e-06,0.9999875143157362,0.9000000000000002,True,correct
DBLP,0.7,46,298,journals/sigmod/RossAKSSY00,False,0,,url:http://portal.acm.org/citation.cfm%3Fid%3D1041410.1041430,False,0.021851624225951903,0.008088835382356612,0.01376278884359529,0.9000000000000002,False,unmatched_abstention
DBLP,0.7,46,299,conf/sigmod/Jhingran00,True,1,uguuV9ATE1YJ,uguuV9ATE1YJ,True,0.9999904517039777,4.029491186491356e-06,0.9999864222127912,0.9000000000000002,True,correct
DBLP,0.7,46,300,journals/sigmod/RossCGLLM01,False,0,,url:http://portal.acm.org/citation.cfm%3Fid%3D1041410.1041430,False,0.0641651895078285,0.020097915911601164,0.044067273596227335,0.9000000000000002,False,unmatched_abstention
DBLP,0.7,46,301,conf/sigmod/PhanN02,True,1,LLIkm2GMqakJ,LLIkm2GMqakJ,True,0.9999948606379901,4.1083894586857325e-06,0.9999907522485315,0.9000000000000002,True,correct
DBLP,0.7,46,302,conf/vldb/LabioYCGW00,True,1,-UILVcP4CZ8J,-UILVcP4CZ8J,True,0.9999948615348411,5.055637211125424e-06,0.99998980589763,0.9000000000000002,True,correct
DBLP,0.7,46,303,conf/sigmod/MattosM95,True,1,wF_GdZPkCnQJ,wF_GdZPkCnQJ,True,0.9999927066745966,6.230000883109216e-06,0.9999864766737135,0.9000000000000002,True,correct
DBLP,0.7,46,304,journals/tods/FukudaMMT01,True,7,_2f7zWIzK0QJ,k6ukzru4nX8J,True,0.9999952008799159,0.14356727849562198,0.8564279223842939,0.9000000000000002,True,correct
DBLP,0.7,46,305,conf/vldb/KoudasIM00,True,2,VSR4PwHmGWsJ,VSR4PwHmGWsJ,True,0.9999953089695287,0.9999926086389123,2.7003306164452567e-06,0.9000000000000002,True,correct
DBLP,0.7,46,306,conf/vldb/LeeHJT03,True,1,BSE2se70OMYJ,BSE2se70OMYJ,True,0.9999952287763514,4.040384871384632e-06,0.99999118839148,0.9000000000000002,True,correct
DBLP,0.7,46,307,conf/sigmod/SeshadriLR94,True,3,60I0j0qUHVYJ,60I0j0qUHVYJ,True,0.9999936040235723,0.9999928671591831,7.368643891725313e-07,0.9000000000000002,True,correct
DBLP,0.7,46,308,journals/tods/Wijsen99,True,2,_D3JPE9NgNgJ,1C4Uh8BlYaEJ,True,0.9999938697435141,0.9999862167059212,7.653037592869616e-06,0.9000000000000002,True,correct
DBLP,0.7,46,309,journals/sigmod/BernsteinHP00,True,3,FFzJxlpy6TsJ,FFzJxlpy6TsJ,True,0.999995402877066,0.9999943948855947,1.0079914712912696e-06,0.9000000000000002,True,correct
DBLP,0.7,46,310,conf/sigmod/LakshmananPZ03a,True,2,4sJ3mLPGGVQJ,4sJ3mLPGGVQJ,True,0.9999955006152762,0.9999949991054378,5.015098384353323e-07,0.9000000000000002,True,correct
DBLP,0.7,46,311,journals/sigmod/LaenderRST02,True,4,34QnrkmS0Y8J,paQAZ2KXFgAJ,True,0.999995263923737,0.9999945080240077,7.558997293655167e-07,0.9000000000000002,True,correct
DBLP,0.7,46,312,conf/vldb/Kornacker99,True,1,aOmma8tnFKIJ,aOmma8tnFKIJ,True,0.9999944463700089,4.259867856198137e-06,0.9999901865021527,0.9000000000000002,True,correct
DBLP,0.7,46,313,conf/sigmod/AnkerstBKS99,True,6,GFTU2PvKY_gJ,Hj3vyh0TJVsJ,True,0.9999952405558318,0.9999952357784728,4.777358952878785e-09,0.9000000000000002,True,correct
DBLP,0.7,46,314,conf/sigmod/LibkinMW96,True,3,3QgOnuIwVZMJ,OfZWx8jhQvwJ,True,0.9999951786679244,0.9999950270888296,1.5157909483143328e-07,0.9000000000000002,True,correct
DBLP,0.7,46,315,journals/vldb/ChanGR03,True,2,7rn7AHVs1YUJ,7rn7AHVs1YUJ,True,0.9999952313828875,0.9999197721133293,7.545926955820903e-05,0.9000000000000002,True,correct
DBLP,0.7,46,316,journals/sigmod/LenzVJS03,True,1,url:http://portal.acm.org/ft_gateway.cfm%3Fid%3D959083%26type%3Dpdf,url:http://portal.acm.org/ft_gateway.cfm%3Fid%3D959083%26type%3Dpdf,True,0.9997566370082035,0.00041358706216081077,0.9993430499460427,0.9000000000000002,True,correct
DBLP,0.7,46,317,conf/vldb/AnciauxBP03,True,2,gYELZxhiJx8J,RLZc9c2-6_oJ,True,0.9999954609131044,0.9999954201225255,4.07905789145957e-08,0.9000000000000002,True,correct
DBLP,0.7,46,318,conf/vldb/HulgeriS03,True,1,l5_H15LkpCsJ,l5_H15LkpCsJ,True,0.9999956478043663,1.1718779237583964e-05,0.9999839290251288,0.9000000000000002,True,correct
DBLP,0.7,46,319,journals/sigmod/Fankhauser01,True,1,_sltXCfRKhYJ,_sltXCfRKhYJ,True,0.9999952764859257,4.561787376002887e-06,0.9999907146985497,0.9000000000000002,True,correct
DBLP,0.7,46,320,conf/vldb/MehtaD95,True,3,7c5g0Tl1lO0J,7c5g0Tl1lO0J,True,0.9999948539237936,0.9999948068614195,4.706237410889713e-08,0.9000000000000002,True,correct
DBLP,0.7,46,321,conf/vldb/ChenHWW02,True,1,kgXRJZKRxZQJ,kgXRJZKRxZQJ,True,0.9999949017072529,5.568490138903236e-06,0.999989333217114,0.9000000000000002,True,correct
DBLP,0.7,46,322,conf/vldb/TorloneA03,True,1,v6kudD3ItEoJ,v6kudD3ItEoJ,True,0.9999955497677413,4.450537841000743e-06,0.9999910992299003,0.9000000000000002,True,correct
DBLP,0.7,46,323,journals/vldb/Amer-YahiaCLS02,True,2,79CvVWsqYLcJ,SdqZz-Rnmk4J,True,0.9999939023893342,0.9950013951730037,0.0049925072163304884,0.9000000000000002,True,correct
DBLP,0.7,46,324,conf/sigmod/Aulakh98,True,1,xFK4CkKj14EJ,xFK4CkKj14EJ,True,0.999995159479344,5.832910613346414e-06,0.9999893265687306,0.9000000000000002,True,correct
DBLP,0.7,46,325,conf/vldb/PetrovicBJ03,True,1,nIuz3dc8yHMJ,nIuz3dc8yHMJ,True,0.9999953086921515,5.175882957715104e-06,0.9999901328091938,0.9000000000000002,True,correct
DBLP,0.7,46,326,conf/sigmod/2003,False,0,,GbKwENZEG40J,False,0.03328984292160784,5.746452016143208e-06,0.0332840964695917,0.9000000000000002,False,unmatched_abstention
DBLP,0.7,46,327,journals/tods/LakshmananLRS97,True,2,dOscxZFxArwJ,UByN6paxEXwJ,True,0.9999953554475908,0.9999863734379593,8.982009631508525e-06,0.9000000000000002,True,correct
DBLP,0.7,46,328,journals/sigmod/ChristoffelPSL98,True,4,F7QAoJ5PGekJ,F7QAoJ5PGekJ,True,0.9999950070398561,0.9999949544487411,5.2591115018429946e-08,0.9000000000000002,True,correct
DBLP,0.7,46,329,journals/vldb/OoiTCH98,True,1,xv1webZ985MJ,xv1webZ985MJ,True,0.9999950885014335,0.00010570307647385919,0.9998893854249596,0.9000000000000002,True,correct
DBLP,0.7,46,330,journals/vldb/SwamiS95,True,1,S6TmnZKgmxwJ,S6TmnZKgmxwJ,True,0.9999953525986326,5.30506138241776e-06,0.9999900475372502,0.9000000000000002,True,correct
DBLP,0.7,46,331,journals/tods/TaoSP03,True,1,FBp7oibu4ygJ,FBp7oibu4ygJ,True,0.9999949502703797,0.0004562569747756153,0.9995386932956041,0.9000000000000002,True,correct
DBLP,0.7,46,332,conf/vldb/RysNS96,True,2,pwxPfVlOqQUJ,pwxPfVlOqQUJ,True,0.9999950957561882,0.9999950330987031,6.265748508926805e-08,0.9000000000000002,True,correct
DBLP,0.7,46,333,journals/tods/Keen97,True,1,v2xRz4ZhknAJ,v2xRz4ZhknAJ,True,0.9999940495838964,4.294195507654938e-06,0.9999897553883887,0.9000000000000002,True,correct
DBLP,0.7,46,334,conf/vldb/DayalHL01,True,3,0XYRlW9tvw8J,XuhtK-DsK6gJ,True,0.999995287806096,0.999995125974528,1.6183156803517562e-07,0.9000000000000002,True,correct
DBLP,0.7,46,335,journals/sigmod/BichlerSZ98,True,2,fQNdA5cjapAJ,fQNdA5cjapAJ,True,0.9999955658109835,0.9999945058604828,1.0599505007036214e-06,0.9000000000000002,True,correct
DBLP,0.7,46,336,journals/tods/EiterLLS01,True,2,lTwQVB8E7SIJ,lTwQVB8E7SIJ,True,0.9999904916042871,0.0010962365266501647,0.998894255077637,0.9000000000000002,True,correct
DBLP,0.7,46,337,conf/vldb/ChandrasekaranF02,True,4,b408sdGcY3UJ,nqosSM46lCkJ,True,0.9999947191525265,0.9999945478673015,1.7128522500353682e-07,0.9000000000000002,True,correct
DBLP,0.7,46,338,conf/sigmod/AdaliBSS98,True,3,69JsZwNpla0J,YQ90BYSVqbsJ,True,0.9999935953928644,0.9999896066080364,3.988784827990699e-06,0.9000000000000002,True,correct
DBLP,0.7,46,339,conf/vldb/WuFSP00,True,2,tr_rawv-6SMJ,XojbAfbtdvcJ,True,0.9999952379179778,0.9999592068086276,3.603110935024301e-05,0.9000000000000002,True,correct
DBLP,0.7,46,340,journals/sigmod/TatarinovIMHSDDKMM03,True,2,0JPhnHlRGOoJ,0JPhnHlRGOoJ,True,0.9999917410319444,0.9999519957888315,3.974524311289862e-05,0.9000000000000002,True,correct
DBLP,0.7,46,341,conf/vldb/JohnsonA00,True,1,EPVkQkFM2osJ,EPVkQkFM2osJ,True,0.9999951775136986,4.613909683705697e-06,0.9999905636040148,0.9000000000000002,True,correct
DBLP,0.7,46,342,conf/vldb/Norvag99,True,1,6kiYvzSHBvEJ,6kiYvzSHBvEJ,True,0.9999946847445174,1.5398480111470573e-05,0.9999792862644059,0.9000000000000002,True,correct
DBLP,0.7,46,343,conf/sigmod/ZhangRL96,True,17,1ms09_UeEH4J,hk9P76dJfcAJ,True,0.9999953352279265,0.9999951242218376,2.1100608893487305e-07,0.9000000000000002,True,correct
DBLP,0.7,46,344,conf/sigmod/Weininger02,True,1,iXkSngvyu08J,iXkSngvyu08J,True,0.999994603471571,5.852546420014984e-06,0.9999887509251509,0.9000000000000002,True,correct
DBLP,0.7,46,345,journals/vldb/SivasankaranSTPR96,True,3,url:http://ieeexplore.ieee.org/iel2/997/7843/00331718.pdf%3Farnumber%3D331718,XX_3v0k3v6QJ,True,0.9999949980179417,0.999988827396945,6.170620996726051e-06,0.9000000000000002,True,correct
DBLP,0.7,46,346,conf/sigmod/ChangC01,True,2,BGagLieYacQJ,BGagLieYacQJ,True,0.9999935386821083,0.9998564751502065,0.0001370635319017932,0.9000000000000002,True,correct
DBLP,0.7,46,347,conf/sigmod/HanKS97,True,4,_EEZCcB1BPYJ,nD_Yjp9TNuIJ,True,0.9999954762413863,0.9999950029527022,4.7328868413298864e-07,0.9000000000000002,True,correct
DBLP,0.7,46,348,conf/vldb/BouganimFV96,True,1,TiffIV1Y6AMJ,TiffIV1Y6AMJ,True,0.9999951709233469,0.002777998785868898,0.997217172137478,0.9000000000000002,True,correct
DBLP,0.7,46,349,conf/sigmod/LlirbatFS97,True,1,hJiwQ2CQRBkJ,hJiwQ2CQRBkJ,True,0.9999952599926185,4.087278580976483e-06,0.9999911727140376,0.9000000000000002,True,correct
DBLP,0.7,46,350,journals/tods/WangBBJ97,True,5,Io4omPiDA94J,NYQMkdaH2egJ,True,0.9999953887032633,0.9999953744813492,1.4221914090839505e-08,0.9000000000000002,True,correct
DBLP,0.7,46,351,conf/vldb/CosleyLP02,True,2,22ZTae8fNuIJ,BTalXWt3faUJ,True,0.999995446019326,0.9998070136583743,0.0001884323609516736,0.9000000000000002,True,correct
DBLP,0.7,46,352,journals/sigmod/SofferMC02,False,0,,n_rgdg3xmCoJ,False,1.4772233710263528e-05,1.3855356432951834e-05,9.168772773116938e-07,0.9000000000000002,False,unmatched_abstention
DBLP,0.7,46,353,journals/sigmod/Roussopoulos98,True,2,GfjHZswtM0EJ,GfjHZswtM0EJ,True,0.999995235905689,0.9995979063135902,0.0003973295920987052,0.9000000000000002,True,correct
DBLP,0.7,46,354,conf/vldb/Sripada02,True,1,UXm0EWCXxpIJ,UXm0EWCXxpIJ,True,0.9999950063160353,6.25381168845009e-06,0.9999887525043469,0.9000000000000002,True,correct
DBLP,0.7,46,355,conf/vldb/NinkHR99,True,1,tZBIZ9ZHdTkJ,tZBIZ9ZHdTkJ,True,0.9999945523942123,4.840132905773092e-06,0.9999897122613065,0.9000000000000002,True,correct
DBLP,0.7,46,356,conf/vldb/DingGS00,True,2,I5fV3jpcrmAJ,I5fV3jpcrmAJ,True,0.999994872930311,0.9999920389448371,2.8339854738490544e-06,0.9000000000000002,True,correct
DBLP,0.7,46,357,journals/vldb/AntoshenkovZ96,True,2,N8syKKPN6IoJ,N8syKKPN6IoJ,True,0.9999952054407925,0.9999893771411469,5.828299645571633e-06,0.9000000000000002,True,correct
DBLP,0.7,46,358,conf/vldb/HalversonBKKRTVWND03,True,1,oR7DmJ9JJDYJ,oR7DmJ9JJDYJ,True,0.9999940987159955,4.0802800232745655e-06,0.9999900184359722,0.9000000000000002,True,correct
DBLP,0.7,46,359,journals/tods/WinslettSQ94,True,2,lvZTVlP7s7oJ,lvZTVlP7s7oJ,True,0.9999951168508591,0.999993718585535,1.3982653240818266e-06,0.9000000000000002,True,correct
DBLP,0.7,46,360,journals/sigmod/DreyerDS94,True,1,GCf11c7YuucJ,GCf11c7YuucJ,True,0.9999953435172897,0.0003868599394293507,0.9996084835778604,0.9000000000000002,True,correct
DBLP,0.7,46,361,journals/sigmod/Dogac02,True,1,url:http://portal.acm.org/ft_gateway.cfm%3Fid%3D507340%26type%3Dpdf%26dl%3DGUIDE%26dl%3DACM%26CFID%3D11111111%26CFTOKEN%3D2222222,diQK7Y_z3XwJ,False,0.2989445341508769,0.013504347710010979,0.28544018644086594,0.9000000000000002,False,missing_match
DBLP,0.7,46,362,journals/sigmod/GrayG97,True,5,aYtTMXVoTiMJ,h0dglEQLpbMJ,True,0.9999956745221804,0.9999956478873767,2.663480369591298e-08,0.9000000000000002,True,correct
DBLP,0.7,46,363,conf/vldb/GalanisWJD03,True,1,JvthmGX_uoQJ,JvthmGX_uoQJ,True,0.9999953241688339,4.76721208450493e-06,0.9999905569567493,0.9000000000000002,True,correct
DBLP,0.7,46,364,conf/sigmod/VanceM96,True,4,5eHH3hxffFUJ,-tCYCLPZLvYJ,True,0.9999955231290443,0.99999538684268,1.3628636430507157e-07,0.9000000000000002,True,correct
DBLP,0.7,46,365,conf/vldb/Chakrabarti02,False,0,,6h712r6nl3QJ,False,5.791681219219137e-05,1.7690639680191702e-05,4.022617251199967e-05,0.9000000000000002,False,unmatched_abstention
DBLP,0.7,46,366,journals/tods/IoannidisR95,True,1,TJDMWbCXMtgJ,TJDMWbCXMtgJ,True,0.999994977176405,5.599541900233009e-06,0.9999893776345047,0.9000000000000002,True,correct
DBLP,0.7,46,367,journals/tods/DiaoAFZF03,True,2,fREDZIbZVdEJ,fREDZIbZVdEJ,True,0.9999954247019429,0.99999458123416,8.434677829516346e-07,0.9000000000000002,True,correct
DBLP,0.7,46,368,conf/vldb/ShegalovWBL02,True,2,CzVyfZe-kj0J,CzVyfZe-kj0J,True,0.9999952338834589,0.9999952108332205,2.3050238384669797e-08,0.9000000000000002,True,correct
DBLP,0.7,46,369,conf/vldb/HardingLM03,False,0,,tC36qxRB808J,False,4.0614162164570625e-06,4.037673132010945e-06,2.3743084446117314e-08,0.9000000000000002,False,unmatched_abstention
DBLP,0.7,46,370,journals/tods/Kim94,True,1,url:http://portal.acm.org/citation.cfm%3Fid%3D202106.569784%26coll%3Dportal%26dl%3DACM%26idx%3DJ777%26part%3Dtransaction%26WantType%3Dtransaction%26title%3DACM%2520Transactions%2520on%2520Database%2520Systems%2520(TODS)%26CFID%3D11111111%26CFTOKEN%3D2222222,url:http://portal.acm.org/citation.cfm%3Fid%3D202106.569784%26coll%3Dportal%26dl%3DACM%26idx%3DJ777%26part%3Dtransaction%26WantType%3Dtransaction%26title%3DACM%2520Transactions%2520on%2520Database%2520Systems%2520(TODS)%26CFID%3D11111111%26CFTOKEN%3D2222222,True,0.9721277410595638,1.192617124741466e-05,0.9721158148883163,0.9000000000000002,True,correct
DBLP,0.7,46,371,journals/sigmod/Hammer03,True,1,url:http://portal.acm.org/ft_gateway.cfm%3Fid%3D601859%26type%3Dpdf%26dl%3DGUIDE%26dl%3DACM%26CFID%3D11111111%26CFTOKEN%3D2222222,url:http://portal.acm.org/ft_gateway.cfm%3Fid%3D601859%26type%3Dpdf%26dl%3DGUIDE%26dl%3DACM%26CFID%3D11111111%26CFTOKEN%3D2222222,True,0.003270793009793168,0.0003004226769775087,0.0029703703328156595,0.9000000000000002,False,missing_match
DBLP,0.7,46,372,journals/sigmod/BernsteinBCDFGGHHJLMNPSU98,True,6,CuNhtOboaGoJ,Syu5W-3uFFAJ,True,0.9999941108652987,0.99999256263621,1.548229088710329e-06,0.9000000000000002,True,correct
DBLP,0.7,46,373,journals/sigmod/MalaikaEM03,True,2,OGh0R54BW0MJ,OGh0R54BW0MJ,True,0.9999949694488032,0.05069403906611903,0.9493009303826841,0.9000000000000002,True,correct
DBLP,0.7,46,374,conf/vldb/GuntzerBK00,True,3,3Gf3m5rkq0UJ,EdQ4M7GEnzoJ,True,0.9999947778379903,0.9999906087045847,4.169133405618197e-06,0.9000000000000002,True,correct
DBLP,0.7,46,375,conf/sigmod/ZhaoDNS98,True,7,6AK0GF7jAtsJ,Wg8o4cj8Cq4J,True,0.9999950793733168,0.9999950697110571,9.662259659037886e-09,0.9000000000000002,True,correct
DBLP,0.7,46,376,journals/tods/HjaltasonS03,True,1,9Wan9sPNUAYJ,9Wan9sPNUAYJ,True,0.999995083144763,5.440669402322524e-06,0.9999896424753607,0.9000000000000002,True,correct
DBLP,0.7,46,377,conf/sigmod/ZhangNDLL01,True,2,RkUnSP2Vkj0J,ryaV3kTsJ2IJ,True,0.999995033723919,0.9999949766398835,5.708403549853358e-08,0.9000000000000002,True,correct
DBLP,0.7,46,378,journals/vldb/SteinbrunnMK97,True,2,0WXQjwXCy0QJ,nwwVf5FGX4QJ,True,0.9999952136732284,0.9999946848763097,5.287969186973385e-07,0.9000000000000002,True,correct
DBLP,0.7,46,379,journals/sigmod/AbererCH02,True,2,ulDBbXl-6Q4J,ulDBbXl-6Q4J,True,0.999995108647813,0.9999946984637598,4.1018405327886143e-07,0.9000000000000002,True,correct
DBLP,0.7,46,380,journals/sigmod/TomasicS97,True,1,-MNdDpWC-sgJ,-MNdDpWC-sgJ,True,0.9999952949638943,3.99321032689932e-06,0.9999913017535674,0.9000000000000002,True,correct
DBLP,0.7,46,381,conf/sigmod/ChenGM01,True,3,dyXJODAynUgJ,IuyDb53VoG0J,True,0.9999952065060494,0.9999887318315928,6.474674456691254e-06,0.9000000000000002,True,correct
DBLP,0.7,46,382,conf/vldb/LeeL96,True,1,tuVp_18tFv8J,tuVp_18tFv8J,True,0.999995132969708,7.0310355666880785e-06,0.9999881019341413,0.9000000000000002,True,correct
DBLP,0.7,46,383,conf/sigmod/AggarwalWY99,True,2,s9hhR-EdDGgJ,s9hhR-EdDGgJ,True,0.9999953771934529,0.9999871908249872,8.186368465668004e-06,0.9000000000000002,True,correct
DBLP,0.7,46,384,conf/vldb/ZhouR03,True,1,MvbChqWgFawJ,MvbChqWgFawJ,True,0.9999951352574491,5.786166716356879e-06,0.9999893490907328,0.9000000000000002,True,correct
DBLP,0.7,46,385,conf/vldb/RizviH02,True,4,2pPdWgF69ZoJ,3ku_XOqYuawJ,True,0.9999953414696552,0.9999952299819945,1.1148766065893767e-07,0.9000000000000002,True,correct
DBLP,0.7,46,386,conf/sigmod/JajodiaSSB97,True,4,4_fm8LWVWHMJ,p-m7MMOS2aUJ,True,0.9999953395811251,0.9999953015014685,3.807965653912504e-08,0.9000000000000002,True,correct
DBLP,0.7,46,387,conf/vldb/KumarRRT99,True,2,1xbD4ssSjjUJ,fJn_2E8aihYJ,True,0.9999951685371893,0.9999950526137041,1.159234851444424e-07,0.9000000000000002,True,correct
DBLP,0.7,46,388,conf/vldb/Lindsay95,True,1,RIpWKrKho0MJ,RIpWKrKho0MJ,True,0.9999945200048589,4.181516560434434e-06,0.9999903384882984,0.9000000000000002,True,correct
DBLP,0.7,46,389,journals/vldb/ChanFGR02,True,3,LfS9Vr-FSZEJ,ORkxHLb7dvcJ,True,0.9999954309764602,0.9999925792289409,2.8517475192391117e-06,0.9000000000000002,True,correct
DBLP,0.7,46,390,journals/sigmod/Han98,True,5,2kDtSxYI5DgJ,Y0GdVVrbzfQJ,True,0.9999950174617044,0.9999946336943788,3.8376732558464965e-07,0.9000000000000002,True,correct
DBLP,0.7,46,391,conf/vldb/GehrkeRG98,True,2,G8JSWUAO2lMJ,hobnzQKRlK4J,True,0.9999924994851106,0.999988677595165,3.821889945632151e-06,0.9000000000000002,True,correct
DBLP,0.7,46,392,journals/tods/MehrotraRKS98,True,1,tAnONC5J2W8J,tAnONC5J2W8J,True,0.9999948948763119,8.606084216045879e-06,0.9999862887920958,0.9000000000000002,True,correct
DBLP,0.7,46,393,journals/sigmod/GruenwaldBDGSSV99,True,3,_q3scPb8vbgJ,url:http://portal.acm.org/citation.cfm%3Fid%3D333607.333616%26dl%3DGUIDE%26dl%3DACM%26idx%3DJ689%26part%3Dperiodical%26WantType%3Dperiodical%26title%3DACM%2520SIGMOD%2520Record%26CFID%3D11111111%26CFTOKEN%3D2222222,True,0.9999950287579145,0.9999927431476647,2.2856102497303965e-06,0.9000000000000002,True,correct
DBLP,0.7,46,394,journals/tods/BaekgaardM95,True,1,6UycFCZooDoJ,6UycFCZooDoJ,True,0.9999911445959315,1.936785883552989e-05,0.999971776737096,0.9000000000000002,True,correct
DBLP,0.7,46,395,conf/vldb/Vingralek02,False,0,,S5qW9CzJAhIJ,False,4.189643584781416e-06,4.0728661676656326e-06,1.1677741711578349e-07,0.9000000000000002,False,unmatched_abstention
DBLP,0.7,46,396,journals/vldb/FahlR97,True,2,iM6vRWljKpAJ,zXSCJ9LzZ8cJ,True,0.9999948373731602,0.9999619597757559,3.2877597404334935e-05,0.9000000000000002,True,correct
DBLP,0.7,46,397,conf/vldb/VenkataramanZ98,True,2,KrAyBSajhZEJ,KrAyBSajhZEJ,True,0.9999951583112899,0.9999948418171118,3.164941780875452e-07,0.9000000000000002,True,correct
DBLP,0.7,46,398,conf/sigmod/Chan98,True,1,oo2mr5fbMggJ,oo2mr5fbMggJ,True,0.9999954698216603,0.11934212244148901,0.8806533473801713,0.9000000000000002,True,correct
DBLP,0.7,46,399,journals/sigmod/Winslett01a,False,0,,m2Mf-4BgLP4J,False,5.446177291345255e-06,4.553324928991188e-06,8.928523623540676e-07,0.9000000000000002,False,unmatched_abstention
DBLP,0.7,46,400,journals/vldb/CandanLS00,True,2,nXvDy_QqSd4J,nXvDy_QqSd4J,True,0.9999946937343738,0.9999909300666774,3.76366769638814e-06,0.9000000000000002,True,correct
DBLP,0.7,46,401,journals/vldb/Sciore94,True,1,qHn6nrbVow8J,qHn6nrbVow8J,True,0.9999953208098509,6.074429335522481e-06,0.9999892463805153,0.9000000000000002,True,correct
DBLP,0.7,46,402,journals/vldb/NgS98,True,3,8vJEjrhM7foJ,url:http://www.springerlink.com/index/85D6LYCWB48DWBKW.pdf,True,0.9999947305220411,0.999992854665927,1.875856114108565e-06,0.9000000000000002,True,correct
DBLP,0.7,46,403,conf/vldb/DesslochM97,True,2,CjtIFow-OWcJ,CjtIFow-OWcJ,True,0.9999954402351299,0.9999889952171571,6.445017972755984e-06,0.9000000000000002,True,correct
DBLP,0.7,46,404,conf/vldb/NgY94,True,3,1O-Uy922LQUJ,1O-Uy922LQUJ,True,0.9999954289847216,0.9999905464509294,4.88253379216097e-06,0.9000000000000002,True,correct
DBLP,0.7,46,405,conf/sigmod/VriesMNK02,True,1,dVn0Led5JLAJ,dVn0Led5JLAJ,True,0.9999951801022738,4.5612697030640405e-06,0.9999906188325708,0.9000000000000002,True,correct
DBLP,0.7,46,406,conf/sigmod/MumickQM97,True,3,8m_6OmUvYJwJ,c_n0wQe1FhAJ,True,0.9999954160106831,0.9999951918735346,2.241371485078858e-07,0.9000000000000002,True,correct
DBLP,0.7,46,407,conf/vldb/NieKH03,True,2,0RaBCPWwApQJ,9javzlSee8oJ,True,0.9999950619091956,0.9999949929971332,6.891206238979208e-08,0.9000000000000002,True,correct
DBLP,0.7,46,408,conf/vldb/DaynesC02,True,1,Ug0Yk0QhILMJ,Ug0Yk0QhILMJ,True,0.9999951193463257,5.51120511634617e-06,0.9999896081412093,0.9000000000000002,True,correct
DBLP,0.7,46,409,journals/tods/KarpSP03,True,1,mAQIVsd2VOMJ,mAQIVsd2VOMJ,True,0.9999952811504619,5.069479099275859e-06,0.9999902116713626,0.9000000000000002,True,correct
DBLP,0.7,46,410,journals/vldb/BonifatiCP01,True,1,FLTKBG-bw7sJ,FLTKBG-bw7sJ,True,0.9999953934502857,6.183511802821114e-06,0.9999892099384828,0.9000000000000002,True,correct
DBLP,0.7,46,411,conf/vldb/BridgeJKLLM97,True,3,8qlmryXP3BsJ,JO9Jnx_gGIUJ,True,0.9999950056159246,0.999993201292822,1.804323102594374e-06,0.9000000000000002,True,correct
DBLP,0.7,46,412,journals/vldb/Li03,True,3,HlXyqUIDobMJ,HlXyqUIDobMJ,True,0.999995122863883,0.999993827711822,1.2951520610426925e-06,0.9000000000000002,True,correct
DBLP,0.7,46,413,journals/tods/Ng01,True,1,npCKXD_vLM8J,npCKXD_vLM8J,True,0.9999954190566848,0.0321189124873208,0.967876506569364,0.9000000000000002,True,correct
DBLP,0.7,46,414,journals/sigmod/Liu02a,False,0,,diQK7Y_z3XwJ,False,4.632112904827054e-05,3.842197934465384e-05,7.899149703616704e-06,0.9000000000000002,False,unmatched_abstention
DBLP,0.7,46,415,journals/tods/FegarasM00,True,1,eCQjRu0EiagJ,eCQjRu0EiagJ,True,0.9999950439340993,0.0007386456681922985,0.9992563982659071,0.9000000000000002,True,correct
DBLP,0.7,46,416,journals/sigmod/ShethBS99,True,3,cqlnSEkt12EJ,NLklGN91cZgJ,True,0.9999934162320704,0.9999903961702659,3.0200618045261862e-06,0.9000000000000002,True,correct
DBLP,0.7,46,417,journals/sigmod/Fong95,True,1,zw3-t-veNvAJ,zw3-t-veNvAJ,True,0.9999955266883565,3.867172404550761e-05,0.999956854964311,0.9000000000000002,True,correct
DBLP,0.7,46,418,journals/sigmod/Liu03,False,0,,url:http://portal.acm.org/citation.cfm%3Fid%3D945721.945727%26coll%3DGUIDE%26dl%3DACM%26idx%3DJ689%26part%3Dperiodical%26WantType%3Dperiodical%26title%3DACM%2520SIGMOD%2520Record%26CFID%3D11111111%26CFTOKEN%3D2222222,False,0.00014774869598045232,3.875345997006061e-05,0.0001089952360103917,0.9000000000000002,False,unmatched_abstention
DBLP,0.7,46,419,conf/vldb/AilamakiDHW99,True,2,4bTXoodYyHMJ,-mTrpy_n8PYJ,True,0.9999945301549895,0.9998243393666217,0.00017019078836777446,0.9000000000000002,True,correct
DBLP,0.7,46,420,journals/vldb/CliftonGB95,True,1,YkIvdNOC64cJ,YkIvdNOC64cJ,True,0.9999954873582703,4.374678979391636e-06,0.9999911126792909,0.9000000000000002,True,correct
DBLP,0.7,46,421,conf/sigmod/McAuliffeCS96,True,2,c__Nxyn_uvwJ,c__Nxyn_uvwJ,True,0.9999949822035071,0.042067546991872325,0.9579274352116348,0.9000000000000002,True,correct
DBLP,0.7,46,422,conf/sigmod/BilirisDGJR94,True,2,3Lzo6p8X-n4J,3Lzo6p8X-n4J,True,0.9999954876724201,0.9999948366936807,6.509787393582656e-07,0.9000000000000002,True,correct
DBLP,0.7,46,423,conf/sigmod/Pruscino03,False,0,,tiAgO7G7YuAJ,False,1.010775736042164e-05,4.556235246083121e-06,5.55152211433852e-06,0.9000000000000002,False,unmatched_abstention
DBLP,0.7,46,424,journals/sigmod/NormanZT96,True,1,rPFgPOAANuQJ,rPFgPOAANuQJ,True,0.9999949490181234,4.346285103933789e-06,0.9999906027330194,0.9000000000000002,True,correct
DBLP,0.7,46,425,conf/sigmod/BohrerBBCFHKKMNRRSUUW97a,True,2,JntLVX4TPi0J,oulaZpEWkMQJ,False,0.0015217425487121224,0.0005441235313078549,0.0009776190174042676,0.9000000000000002,False,missing_match
DBLP,0.7,46,426,conf/vldb/PapakonstantinouAG96,True,6,Aiy1CuDyBNQJ,gkbvvgj8kdUJ,True,0.9999950335392043,0.9999948466700792,1.8686912506282738e-07,0.9000000000000002,True,correct
DBLP,0.7,46,427,conf/vldb/BonczMK99,True,4,6GAoBRINv7kJ,jsNNCDiD0yIJ,True,0.9999954407438774,0.9999954221355888,1.860828857669361e-08,0.9000000000000002,True,correct
DBLP,0.7,46,428,journals/sigmod/Lomet98,True,2,xLM0YVcccUgJ,xLM0YVcccUgJ,True,0.9999948017577999,0.999994020515279,7.812425208975071e-07,0.9000000000000002,True,correct
DBLP,0.7,46,429,conf/vldb/OlstonW00,True,5,1uei4ivV-PgJ,R_hYW6eIUuYJ,True,0.9999951610670764,0.9999949471054254,2.139616510632436e-07,0.9000000000000002,True,correct
DBLP,0.7,46,430,conf/sigmod/Shivakumar03,False,0,,itFdlt39mL8J,False,4.3457172866508355e-06,4.297559021508824e-06,4.8158265142011355e-08,0.9000000000000002,False,unmatched_abstention
DBLP,0.7,46,431,journals/sigmod/RosenthalS99,True,3,AaKiSc1klw8J,c6lzPzSWbKAJ,True,0.99999560835824,0.999994466343521,1.1420147190133179e-06,0.9000000000000002,True,correct
DBLP,0.7,46,432,conf/sigmod/BratsbergT00,True,4,356Jyb4b6rYJ,url:http://portal.acm.org/ft_gateway.cfm%3Fid%3D335477%26type%3Dpdf%26coll%3DGUIDE%26dl%3DACM%26CFID%3D11111111%26CFTOKEN%3D2222222,True,0.9999907344945638,0.9998861968896279,0.00010453760493589481,0.9000000000000002,True,correct
DBLP,0.7,46,433,conf/sigmod/AmbiteABKMMMPT98,True,3,iE-UE2bDGZ8J,iE-UE2bDGZ8J,True,0.9999955724071565,0.9999954980657425,7.434141402473671e-08,0.9000000000000002,True,correct
DBLP,0.7,46,434,journals/sigmod/Mendelzon98,False,0,,7FGCIZub2mgJ,False,0.014495226209008517,0.007033651762836906,0.007461574446171611,0.9000000000000002,False,unmatched_abstention
DBLP,0.7,46,435,conf/sigmod/LivnyRBCDLMW97a,True,5,1rcDwhVp-o8J,vshQbbpnQiUJ,True,0.9999954480166654,0.9999953355081833,1.1250848208632647e-07,0.9000000000000002,True,correct
DBLP,0.7,46,436,journals/sigmod/Suciu01,True,2,_vOvQUzSV-gJ,_vOvQUzSV-gJ,True,0.9999942922770696,0.9999611101890303,3.3182088039263036e-05,0.9000000000000002,True,correct
DBLP,0.7,46,437,journals/sigmod/HasanFV96,True,3,m2CCumFeAWgJ,m2CCumFeAWgJ,True,0.99999493909507,0.9999948036957838,1.3539928622741115e-07,0.9000000000000002,True,correct
DBLP,0.7,46,438,conf/sigmod/HwangLYMMGCSS94,True,1,AWah9GLEFTAJ,AWah9GLEFTAJ,True,0.999994130041699,6.466159974885598e-05,0.9999294684419502,0.9000000000000002,True,correct
DBLP,0.7,46,439,conf/sigmod/Tajima96,True,1,IZSzLlgi8tUJ,IZSzLlgi8tUJ,True,0.999995431590804,5.088878726480398e-06,0.9999903427120774,0.9000000000000002,True,correct
DBLP,0.7,46,440,journals/sigmod/LenzeriniNNS01,False,0,,url:http://portal.acm.org/ft_gateway.cfm%3Fid%3D290595%26type%3Dpdf%26dl%3DGUIDE%26dl%3DACM%26CFID%3D11111111%26CFTOKEN%3D2222222,False,0.999963980594473,0.9999113914794638,5.2589115009160636e-05,0.9000000000000002,True,false_link
DBLP,0.7,46,441,journals/sigmod/AshishK97,True,5,3zbpGI3YqXUJ,kQOOd6RAo1AJ,True,0.9999949814952297,0.9999945293202983,4.521749313868284e-07,0.9000000000000002,True,correct
DBLP,0.7,46,442,journals/sigmod/ChakravarthyAEFO03,True,2,url:http://portal.acm.org/citation.cfm%3Fid%3D641006,url:http://portal.acm.org/citation.cfm%3Fid%3D641006,True,0.9999952001155336,0.9999951296730992,7.04424343300758e-08,0.9000000000000002,True,correct
DBLP,0.7,46,443,conf/sigmod/BrodskySCE99,True,3,_cUSf4sG_28J,jnBo-gBTmAcJ,True,0.9999943289390472,0.9999939747786984,3.54160348714494e-07,0.9000000000000002,True,correct
DBLP,0.7,46,444,conf/sigmod/SistlaW95,True,4,gLjn4f4f63wJ,KO3FcQ57_rkJ,True,0.9999952971934303,0.9999948800835876,4.171098426652975e-07,0.9000000000000002,True,correct
DBLP,0.7,46,445,conf/sigmod/LarsonG98,True,2,QmBz3hMOFh4J,QmBz3hMOFh4J,True,0.9999954270749758,0.9999941714933536,1.2555816222281635e-06,0.9000000000000002,True,correct
DBLP,0.7,46,446,conf/vldb/ShanmugasundaramGTZDN99,True,13,C5EoaXfZ7BsJ,GIlUG9H3gUUJ,True,0.9999951281168818,0.9999950625731633,6.554371856370977e-08,0.9000000000000002,True,correct
DBLP,0.7,46,447,journals/sigmod/CampbellEM03,True,2,N9u28V6NZTIJ,N9u28V6NZTIJ,True,0.9999852907304934,2.088262445998355e-05,0.9999644081060334,0.9000000000000002,True,correct
DBLP,0.7,46,448,conf/sigmod/HinneburgKW02,True,3,7v3f7Thmyw0J,VWd7jhLXfV0J,True,0.9999952422349426,0.0014722532981279591,0.9985229889368147,0.9000000000000002,True,correct
DBLP,0.7,46,449,conf/sigmod/WangJLY03,True,1,EQsWWZdE45wJ,EQsWWZdE45wJ,True,0.999995341585164,4.448636780691274e-06,0.9999908929483833,0.9000000000000002,True,correct
DBLP,0.7,46,450,conf/vldb/Koch03,True,1,rhxIrsQkm5AJ,rhxIrsQkm5AJ,True,0.9999495969583587,4.002883444965478e-06,0.9999455940749138,0.9000000000000002,True,correct
DBLP,0.7,46,451,journals/sigmod/Critchlow01,True,1,wuQbvQAcACsJ,wuQbvQAcACsJ,True,0.9999945209454766,3.895462693352301e-06,0.9999906254827833,0.9000000000000002,True,correct
DBLP,0.7,46,452,journals/sigmod/Wu02,True,2,url:http://portal.acm.org/citation.cfm%3Fid%3D637411.637426%26dl%3DGUIDE%26dl%3DACM%26idx%3D637411%26part%3Dperiodical%26WantType%3Dperiodical%26title%3DACM%2520SIGMOD%2520Record%26CFID%3D11111111%26CFTOKEN%3D2222222,url:http://portal.acm.org/citation.cfm%3Fid%3D637411.637426%26dl%3DGUIDE%26dl%3DACM%26idx%3D637411%26part%3Dperiodical%26WantType%3Dperiodical%26title%3DACM%2520SIGMOD%2520Record%26CFID%3D11111111%26CFTOKEN%3D2222222,True,0.9999917352802431,0.9999382254598584,5.350982038465624e-05,0.9000000000000002,True,correct
DBLP,0.7,46,453,conf/vldb/AnandBH94,True,1,-UpQkB1uPLMJ,-UpQkB1uPLMJ,True,0.9999941991752646,4.097597676967819e-06,0.9999901015775876,0.9000000000000002,True,correct
DBLP,0.7,46,454,journals/sigmod/Kim99,False,0,,url:http://portal.acm.org/citation.cfm%3Fid%3D357775%26dl%3DGUIDE%26dl%3DACM%26type%3Dissue%26idx%3DJ777%26part%3Dperiodical%26WantType%3Dperiodical%26title%3DACM%2520Transactions%2520on%2520Database%2520Systems%2520(TODS)%26CFID%3D11111111%26CFTOKEN%3D2222222,False,0.001800081003422224,5.68022422700329e-05,0.001743278761152191,0.9000000000000002,False,unmatched_abstention
DBLP,0.7,46,455,conf/sigmod/KiepuszewskiMO98,True,5,909hLNR8130J,T3Zm8WKD_FYJ,True,0.9999957085719866,0.9999956492277753,5.9344211322809315e-08,0.9000000000000002,True,correct
DBLP,0.7,46,456,journals/sigmod/Wiegand02,True,1,RAcoVQuEzD8J,RAcoVQuEzD8J,True,0.9999952191840603,4.630501597819142e-06,0.9999905886824625,0.9000000000000002,True,correct
DBLP,0.7,46,457,journals/sigmod/ConradHHKRSS99,True,4,3aPleydkcIoJ,nmEhI0tiWGAJ,True,0.9999947826466635,0.9999947017541371,8.08925264550453e-08,0.9000000000000002,True,correct
DBLP,0.7,46,458,conf/sigmod/BornhovdAKMPR03,True,2,4qtu0-tW0IcJ,4qtu0-tW0IcJ,True,0.9999954669131684,0.999995443434511,2.347865746266109e-08,0.9000000000000002,True,correct
DBLP,0.7,46,459,conf/vldb/PolyzotisG02,True,1,krAZ7iDMEOQJ,krAZ7iDMEOQJ,True,0.9999953168768223,0.00032901810109189553,0.9996662987757304,0.9000000000000002,True,correct
DBLP,0.7,46,460,conf/sigmod/Bussler02,True,1,url:http://portal.acm.org/ft_gateway.cfm%3Fid%3D564801%26type%3Dpdf%26dl%3DGUIDE%26dl%3DACM%26CFID%3D11111111%26CFTOKEN%3D2222222,url:http://portal.acm.org/ft_gateway.cfm%3Fid%3D564801%26type%3Dpdf%26dl%3DGUIDE%26dl%3DACM%26CFID%3D11111111%26CFTOKEN%3D2222222,True,0.9999932439186924,5.501309935927223e-05,0.9999382308193331,0.9000000000000002,True,correct
DBLP,0.7,46,461,conf/vldb/ShuklaDNR96,True,3,gTSn7nMr9dQJ,vnezjPI8jYIJ,True,0.999995154389554,0.9999946835328892,4.7085666476931465e-07,0.9000000000000002,True,correct
DBLP,0.7,46,462,conf/sigmod/ChoALS03,True,1,MAdjH9lCsysJ,MAdjH9lCsysJ,True,0.9999953366068052,4.208641362975361e-06,0.9999911279654422,0.9000000000000002,True,correct
DBLP,0.7,46,463,conf/sigmod/CandanLLHA01,True,3,E1oiXxVyfXwJ,efYVCK07AwMJ,True,0.9999950935247381,0.9999949669534931,1.2657124504045214e-07,0.9000000000000002,True,correct
DBLP,0.7,46,464,journals/vldb/HelmerM03,True,2,fz4PKDuWGmoJ,fz4PKDuWGmoJ,True,0.9999954597398505,0.9999923175810675,3.142158782942772e-06,0.9000000000000002,True,correct
DBLP,0.7,46,465,journals/sigmod/Hanson99,False,0,,url:http://portal.acm.org/citation.cfm%3Fid%3D984382.984384%26coll%3DGUIDE%26dl%3DACM%26idx%3DJ689%26part%3Dperiodical%26WantType%3Dperiodical%26title%3DACM%2520SIGMOD%2520Record%26CFID%3D11111111%26CFTOKEN%3D2222222,False,2.58186089793602e-05,2.4765640657860927e-05,1.052968321499274e-06,0.9000000000000002,False,unmatched_abstention
DBLP,0.7,46,466,conf/vldb/RoussopoulosK98,True,1,Mg0A5yz-_wYJ,Mg0A5yz-_wYJ,True,0.9999948339797956,0.0032263402495228926,0.9967684937302728,0.9000000000000002,True,correct
DBLP,0.7,46,467,conf/vldb/EsterKSWX98,True,2,ebJMvVO8zp0J,MC7KlhmEQt8J,True,0.9999949967011827,0.9999945160786504,4.806225323283897e-07,0.9000000000000002,True,correct
DBLP,0.7,46,468,conf/sigmod/BabuGR01,True,2,h_oXQ6ntHEUJ,h_oXQ6ntHEUJ,True,0.9999952899042694,0.9999951433325005,1.4657176894417034e-07,0.9000000000000002,True,correct
DBLP,0.7,46,469,journals/sigmod/Jonsson03,False,0,,kbvQSPUZ8FwJ,False,4.2203654981520435e-06,4.170823045641936e-06,4.9542452510107335e-08,0.9000000000000002,False,unmatched_abstention
DBLP,0.7,46,470,conf/sigmod/LuoEHN02,True,1,7p7mpmvIBrYJ,7p7mpmvIBrYJ,True,0.9999935804355755,5.082990462295719e-06,0.9999884974451132,0.9000000000000002,True,correct
DBLP,0.7,46,471,conf/vldb/BerckenSW97,True,3,hIMueG-GeNsJ,w90oK0t46SAJ,True,0.9999952860171935,0.9999940063564738,1.2796607196108312e-06,0.9000000000000002,True,correct
DBLP,0.7,46,472,conf/sigmod/ColletC95,True,1,vP27NkXI4MEJ,vP27NkXI4MEJ,True,0.9999936690725658,4.234974991091089e-05,0.9999513193226549,0.9000000000000002,True,correct
DBLP,0.7,46,473,journals/sigmod/AilamakiG03,True,1,url:http://portal.acm.org/ft_gateway.cfm%3Fid%3D777004%26type%3Dpdf%26dl%3DGUIDE%26dl%3DACM%26CFID%3D11111111%26CFTOKEN%3D2222222,url:http://portal.acm.org/ft_gateway.cfm%3Fid%3D777004%26type%3Dpdf%26dl%3DGUIDE%26dl%3DACM%26CFID%3D11111111%26CFTOKEN%3D2222222,True,0.9999952106276885,4.406013922308385e-06,0.9999908046137662,0.9000000000000002,True,correct
DBLP,0.7,46,474,journals/vldb/AnGSVKI02,True,1,kBzZ1GUoa1AJ,kBzZ1GUoa1AJ,True,0.9999951810352914,9.134637772385535e-06,0.999986046397519,0.9000000000000002,True,correct
DBLP,0.7,46,475,journals/sigmod/BertinoEH01,True,2,Rba70P6SqQYJ,Rba70P6SqQYJ,True,0.9999953244809673,0.5470949203949294,0.45290040408603793,0.9000000000000002,True,correct
DBLP,0.7,46,476,conf/vldb/KamelF94,True,8,3IaFojiICIoJ,b1gS8kz09xcJ,True,0.9999954577866411,0.9999953950886309,6.269801022806831e-08,0.9000000000000002,True,correct
DBLP,0.7,46,477,journals/tods/KorthS94,True,1,w40iTKlpWEQJ,w40iTKlpWEQJ,True,0.999995142452406,2.0998830848278785e-05,0.9999741436215577,0.9000000000000002,True,correct
DBLP,0.7,46,478,journals/tods/GibbonsMP02,True,1,QKnjF3UgncMJ,QKnjF3UgncMJ,True,0.9999945959009064,0.9964336262568481,0.003560969644058387,0.9000000000000002,True,correct
DBLP,0.7,46,479,conf/vldb/JohnsonM98,True,4,cTZLUZ5_cfkJ,eFynrwKK_T0J,True,0.9999945319126412,0.9962556859696858,0.003738845942955371,0.9000000000000002,True,correct
DBLP,0.7,46,480,conf/vldb/AnSVKIG01,True,3,4Q5ikiCy82UJ,HosSI1GtRY8J,True,0.9999951044757626,0.9999387101382016,5.639433756099432e-05,0.9000000000000002,True,correct
DBLP,0.7,46,481,journals/sigmod/Qian97,True,1,url:http://portal.acm.org/citation.cfm%3Fid%3D248603.248618%26dl%3DGUIDE%26dl%3DACM%26idx%3DJ689%26part%3Dperiodical%26WantType%3Dperiodical%26title%3DACM%2520SIGMOD%2520Record%26CFID%3D11111111%26CFTOKEN%3D2222222,url:http://portal.acm.org/citation.cfm%3Fid%3D248603.248618%26dl%3DGUIDE%26dl%3DACM%26idx%3DJ689%26part%3Dperiodical%26WantType%3Dperiodical%26title%3DACM%2520SIGMOD%2520Record%26CFID%3D11111111%26CFTOKEN%3D2222222,True,0.9999953539192067,3.9690369380594376e-06,0.9999913848822686,0.9000000000000002,True,correct
DBLP,0.7,46,482,conf/vldb/LamKR02,True,1,GdvZvvRTXIAJ,GdvZvvRTXIAJ,True,0.9999956644659409,4.2103354667974526e-06,0.9999914541304741,0.9000000000000002,True,correct
DBLP,0.7,46,483,conf/sigmod/Ballinger94,True,1,xGGBIZmLvmgJ,xGGBIZmLvmgJ,True,0.999995505594287,5.165754170658876e-06,0.9999903398401163,0.9000000000000002,True,correct
DBLP,0.7,46,484,journals/vldb/CombiP01,True,1,8YoYzQtOgYoJ,8YoYzQtOgYoJ,True,0.9999909687346009,3.97160410203343e-06,0.9999869971304989,0.9000000000000002,True,correct
DBLP,0.7,46,485,conf/vldb/Galindo-LegariaPK94,True,3,47fE4F2kahEJ,47fE4F2kahEJ,True,0.9999954695105883,0.9999945982968562,8.712137320454616e-07,0.9000000000000002,True,correct
DBLP,0.7,46,486,conf/sigmod/GraySSU03,True,1,NnKrsx4j4pkJ,NnKrsx4j4pkJ,True,0.9999716622868167,2.482397428857096e-05,0.9999468383125281,0.9000000000000002,True,correct
DBLP,0.7,46,487,conf/sigmod/DogacTPPLKTK02,True,3,juQlvnYuPxwJ,VAOk1X8Ja30J,True,0.9999953985829907,0.9999953546280851,4.395490560415993e-08,0.9000000000000002,True,correct
DBLP,0.7,46,488,journals/sigmod/Cruz00,False,0,,qU_IX5KFwIoJ,False,2.608443197216775e-05,2.4077454233999552e-05,2.006977738168197e-06,0.9000000000000002,False,unmatched_abstention
DBLP,0.7,46,489,journals/sigmod/Hanna95,True,2,29btu5OspbAJ,EKqpEdn3kDMJ,True,0.9999952798632222,0.9999796841830643,1.5595680157964864e-05,0.9000000000000002,True,correct
DBLP,0.7,46,490,journals/vldb/KemperK95,True,1,5CZ1gTCb5Z4J,5CZ1gTCb5Z4J,True,0.9999952353649968,5.947148359496447e-06,0.9999892882166374,0.9000000000000002,True,correct
DBLP,0.7,46,491,conf/vldb/BhattacharjeePMLCH03,True,1,PUCW4QzlkmsJ,PUCW4QzlkmsJ,True,0.9999952488004719,7.833219764445876e-05,0.9999169166028274,0.9000000000000002,True,correct
DBLP,0.7,46,492,journals/sigmod/Alonso95a,False,0,,LdzPNUgzlVUJ,False,0.0001464213734208711,0.0001101446947185672,3.627667870230389e-05,0.9000000000000002,False,unmatched_abstention
DBLP,0.7,46,493,journals/vldb/KieslingSSD94,True,1,bvFRYOianJUJ,bvFRYOianJUJ,True,0.9999953556557664,4.744878355477458e-06,0.9999906107774109,0.9000000000000002,True,correct
DBLP,0.7,46,494,journals/vldb/LiangOY00,True,1,ikw-En98LywJ,ikw-En98LywJ,True,0.9999953147817278,5.240066627651414e-06,0.9999900747151002,0.9000000000000002,True,correct
DBLP,0.7,46,495,conf/vldb/DiwanRSS96,True,1,HjDa9on7LzoJ,HjDa9on7LzoJ,True,0.9999952154165785,4.897560219555948e-06,0.999990317856359,0.9000000000000002,True,correct
DBLP,0.7,46,496,conf/vldb/BernsteinHSSZ97,True,3,62aA4DYB0MQJ,L2c8XblCSicJ,True,0.9999941603435394,0.9999938636838245,2.966597149045569e-07,0.9000000000000002,True,correct
DBLP,0.7,46,497,conf/vldb/KornMS02,True,1,mClzTQppJE4J,mClzTQppJE4J,True,0.9999949360052116,9.442034252084681e-06,0.9999854939709595,0.9000000000000002,True,correct
DBLP,0.7,46,498,conf/vldb/GardarinGT95,True,2,DAUHADa6RjQJ,uMkO2KGQJwwJ,True,0.9999952942055216,0.026873021558045353,0.9731222726474762,0.9000000000000002,True,correct
DBLP,0.7,46,499,conf/vldb/LernerS03,True,3,GsTq8-R1uaMJ,KtkbM7ohXrEJ,True,0.999995258016791,0.9999948881190951,3.6989769591766475e-07,0.9000000000000002,True,correct
DBLP,0.7,46,500,conf/vldb/CochinwalaB94,True,1,Bp69wMYw9DAJ,Bp69wMYw9DAJ,True,0.9999954488023349,5.004759107403591e-06,0.9999904440432276,0.9000000000000002,True,correct
DBLP,0.7,46,501,journals/sigmod/GunopulosK01,False,0,,kPYFPQGCegYJ,False,4.0553165553329246e-06,4.041159437957494e-06,1.41571173754304e-08,0.9000000000000002,False,unmatched_abstention
DBLP,0.7,46,502,conf/sigmod/LuWYBLY02,True,1,JKQ1qE-naxQJ,JKQ1qE-naxQJ,True,0.9999955989624976,0.9999821813561242,1.3417606373411495e-05,0.9000000000000002,True,correct
DBLP,0.7,46,503,journals/sigmod/OrlandicLS02,True,1,eLf0eStn5G4J,eLf0eStn5G4J,True,0.9999949901026309,1.8003252667057267e-05,0.9999769868499638,0.9000000000000002,True,correct
DBLP,0.7,46,504,conf/sigmod/Galhardas00,True,2,GxDfgCi-rq4J,GxDfgCi-rq4J,True,0.9999943541235643,0.9999903144482561,4.039675308153967e-06,0.9000000000000002,True,correct
DBLP,0.7,46,505,journals/sigmod/SegevJS95,True,1,2kiNfwTpqp4J,2kiNfwTpqp4J,True,0.9999937224661061,0.0001851784172108478,0.9998085440488952,0.9000000000000002,True,correct
DBLP,0.7,46,506,conf/vldb/PottingerL00,True,5,eXceb1SMqE4J,M2zV0WBF7XYJ,True,0.9999877368200085,0.9999459987518045,4.173806820406689e-05,0.9000000000000002,True,correct
DBLP,0.7,46,507,conf/vldb/HumborstadSHT97,True,1,TjJZGlCajbMJ,TjJZGlCajbMJ,True,0.9999945465828662,5.889140317594727e-06,0.9999886574425486,0.9000000000000002,True,correct
DBLP,0.7,46,508,conf/sigmod/FlokstraKS94,True,1,_uAjDh22Y_EJ,_uAjDh22Y_EJ,True,0.9999955228130932,4.194901014133192e-06,0.9999913279120791,0.9000000000000002,True,correct
DBLP,0.7,46,509,journals/sigmod/BuchnerM98,True,6,-3LEFj2dY-UJ,4J5CvdomBmsJ,True,0.9999948349354824,0.9999948176615618,1.7273920516203134e-08,0.9000000000000002,True,correct
DBLP,0.7,46,510,conf/sigmod/Team99,True,2,bcR9TErOrKQJ,bcR9TErOrKQJ,True,0.999995409921357,0.9999950047823315,4.0513902554994985e-07,0.9000000000000002,True,correct
DBLP,0.7,46,511,conf/sigmod/HsiaoN00,True,1,iY5wlS4jsg0J,iY5wlS4jsg0J,True,0.9999952529400704,4.5102710849272296e-06,0.9999907426689855,0.9000000000000002,True,correct
DBLP,0.7,46,512,conf/vldb/ChavdaW97,True,2,E9AsPVyCDlMJ,E9AsPVyCDlMJ,True,0.9999951516669544,0.0009204425298230363,0.9990747091371314,0.9000000000000002,True,correct
DBLP,0.7,46,513,journals/vldb/LiCHH01,True,1,Tw8-f4saqb0J,Tw8-f4saqb0J,True,0.9999946338325543,1.2897442456284974e-05,0.999981736390098,0.9000000000000002,True,correct
DBLP,0.7,46,514,conf/vldb/ChanFFGR02,True,1,ZFI7XBuonJAJ,ZFI7XBuonJAJ,True,0.9999940665158397,3.801985484495001e-06,0.9999902645303552,0.9000000000000002,True,correct
DBLP,0.7,46,515,conf/sigmod/AgrawalES03,True,2,HypA8oN4PqsJ,HypA8oN4PqsJ,True,0.9999951473464871,0.2061109889328744,0.7938841584136127,0.9000000000000002,True,correct
DBLP,0.7,46,516,conf/sigmod/SlivinskasJS01,True,1,oAVbM_vepr8J,oAVbM_vepr8J,True,0.9999952908429779,3.930180741421552e-06,0.9999913606622365,0.9000000000000002,True,correct
DBLP,0.7,46,517,conf/sigmod/Brown99,True,1,itP4yy9sLUUJ,itP4yy9sLUUJ,True,0.9999948106190348,4.92557052789119e-06,0.9999898850485069,0.9000000000000002,True,correct
DBLP,0.7,46,518,conf/vldb/ConradGJM02,True,1,gIm89AXuE4oJ,gIm89AXuE4oJ,True,0.999713115285445,4.290769154106775e-06,0.999708824516291,0.9000000000000002,True,correct
DBLP,0.7,46,519,journals/sigmod/TianDCZ02,True,5,eeCoB5sDWK4J,JceK-ywXk8UJ,True,0.9999952527363454,0.9999891419764766,6.1107598687826226e-06,0.9000000000000002,True,correct
DBLP,0.7,46,520,conf/sigmod/FaloutsosL95,True,13,43b8e16YZlEJ,yFaUjmOQp1wJ,True,0.9999947416464342,0.9999944305963807,3.11050053491968e-07,0.9000000000000002,True,correct
DBLP,0.7,46,521,journals/vldb/StonebrakerALPSSSY96,True,3,dWgXDMGuFd4J,dWgXDMGuFd4J,True,0.9999951276243633,0.9999925764259409,2.5511984224069195e-06,0.9000000000000002,True,correct
DBLP,0.7,46,522,journals/vldb/FangGM96,False,0,,AWGtiQgXS7QJ,False,0.9999929447301471,0.00017155207644462434,0.9998213926537025,0.9000000000000002,True,false_link
DBLP,0.7,46,523,journals/tods/BohlenJS00,True,1,6eheB6Kct4MJ,6eheB6Kct4MJ,True,0.9999905803694372,1.0344651306248942e-05,0.999980235718131,0.9000000000000002,True,correct
DBLP,0.7,46,524,journals/vldb/FuCCM00,True,1,7kC8fo78d6sJ,7kC8fo78d6sJ,True,0.9999951162919978,4.0988678950409455e-06,0.9999910174241028,0.9000000000000002,True,correct
DBLP,0.7,46,525,conf/sigmod/BerensonBGMOO95,True,9,-CQaLTpGJLQJ,KpQrgYyji34J,True,0.9999952396661166,0.9999949738749319,2.657911847281369e-07,0.9000000000000002,True,correct
DBLP,0.7,46,526,conf/vldb/DillKMRST01,True,3,_dtqcPU4NdkJ,eZoS-yciSRsJ,True,0.9999947581290398,0.9999871176037168,7.64052532298276e-06,0.9000000000000002,True,correct
DBLP,0.7,46,527,journals/sigmod/PourabbasR00,True,2,3y6y5AXu-j0J,3y6y5AXu-j0J,True,0.9999952285761396,0.9999947684667866,4.601093530620659e-07,0.9000000000000002,True,correct
DBLP,0.7,46,528,conf/vldb/SantiniG02,True,1,J3cfnmFB4lsJ,J3cfnmFB4lsJ,True,0.9999956043902443,4.1754595133867045e-06,0.9999914289307309,0.9000000000000002,True,correct
DBLP,0.7,46,529,journals/vldb/GeorgeH00,True,2,2L-UFpDof3UJ,2L-UFpDof3UJ,True,0.9486689014312225,6.357776268571038e-05,0.9486053236685368,0.9000000000000002,True,correct
DBLP,0.7,46,530,journals/sigmod/RashidS00,True,1,e0GH54HirssJ,e0GH54HirssJ,True,0.9999951804837759,5.969775642402566e-06,0.9999892107081335,0.9000000000000002,True,correct
DBLP,0.7,46,531,journals/tods/GoldmanL94,True,1,VxMarpzwtzQJ,VxMarpzwtzQJ,True,0.999995426372791,5.988387158637442e-06,0.9999894379856324,0.9000000000000002,True,correct
DBLP,0.7,46,532,conf/vldb/ShahRS02,True,2,ByAk0yD64SYJ,Q3MhG5RK29oJ,True,0.9999948439516035,0.9999940313059652,8.126456383372727e-07,0.9000000000000002,True,correct
DBLP,0.7,46,533,journals/vldb/ScheuermannWZ98,True,1,Q_JRmsXFEM4J,Q_JRmsXFEM4J,True,0.9999953201493688,0.0014801175911203343,0.9985152025582484,0.9000000000000002,True,correct
DBLP,0.7,46,534,journals/vldb/PapadiasS94,True,3,_ANyhrnP3CoJ,UM0nh_l5epoJ,True,0.9999951739711226,0.9952234177946957,0.004771756176426889,0.9000000000000002,True,correct
DBLP,0.7,46,535,conf/sigmod/CareyDNAGS97,True,5,GmUD1o-uPvYJ,mt8Q1YmVRkMJ,True,0.9999947972396422,0.9999553044793972,3.949276024506343e-05,0.9000000000000002,True,correct
DBLP,0.7,46,536,journals/sigmod/David03,True,1,vhUs7wTpUOoJ,vhUs7wTpUOoJ,True,0.9999953827449926,4.325106578335455e-06,0.9999910576384142,0.9000000000000002,True,correct
DBLP,0.7,46,537,conf/vldb/SatheS01,True,1,L1IBwD8w1G0J,L1IBwD8w1G0J,True,0.999995135563637,4.5385761269720474e-06,0.99999059698751,0.9000000000000002,True,correct
DBLP,0.7,46,538,conf/sigmod/ZhouR02,True,1,-hUVSdRv5UUJ,-hUVSdRv5UUJ,True,0.9999952868173394,7.71651851037684e-06,0.999987570298829,0.9000000000000002,True,correct
DBLP,0.7,46,539,journals/sigmod/Darwen96,True,1,url:http://portal.acm.org/citation.cfm%3Fid%3D245882.245886%26dl%3DGUIDE%26dl%3DACM%26idx%3DJ689%26part%3Dperiodical%26WantType%3Dperiodical%26title%3DACM%2520SIGMOD%2520Record%26CFID%3D11111111%26CFTOKEN%3D2222222,url:http://portal.acm.org/citation.cfm%3Fid%3D245882.245886%26dl%3DGUIDE%26dl%3DACM%26idx%3DJ689%26part%3Dperiodical%26WantType%3Dperiodical%26title%3DACM%2520SIGMOD%2520Record%26CFID%3D11111111%26CFTOKEN%3D2222222,True,0.9999950128123788,0.018786548758530117,0.9812084640538487,0.9000000000000002,True,correct
DBLP,0.7,46,540,journals/tods/JacoxS03,True,1,ujD_9YAZctUJ,ujD_9YAZctUJ,True,0.9999939236876503,1.809278734367813e-05,0.9999758309003066,0.9000000000000002,True,correct
DBLP,0.7,46,541,journals/vldb/WhiteD95,True,2,jKBaGqWJK2oJ,jKBaGqWJK2oJ,True,0.9999949765632329,0.9998712324144926,0.00012374414874027906,0.9000000000000002,True,correct
DBLP,0.7,46,542,conf/vldb/BaumannFRW97,True,2,7BgXVuviUvoJ,7BgXVuviUvoJ,True,0.9999953517076976,0.9999841723709042,1.1179336793398775e-05,0.9000000000000002,True,correct
DBLP,0.7,46,543,conf/vldb/GoodmanRS94,True,1,8CCHAKnGJ1EJ,8CCHAKnGJ1EJ,True,0.999995285895811,5.375325428136626e-06,0.9999899105703829,0.9000000000000002,True,correct
DBLP,0.7,46,544,conf/sigmod/OlstonWL01,True,1,I_YprPVQ45QJ,I_YprPVQ45QJ,True,0.9999947940880003,5.172507779192729e-06,0.9999896215802211,0.9000000000000002,True,correct
DBLP,0.7,46,545,conf/vldb/Meier95,True,1,C_lenwvj88AJ,C_lenwvj88AJ,True,0.9999950484788587,4.1232185475682645e-06,0.9999909252603111,0.9000000000000002,True,correct
DBLP,0.7,46,546,conf/sigmod/ZhangNBB94,True,3,bymQ_6SSse4J,HItpqMOcE8gJ,True,0.9999949705616962,0.9999949306901091,3.987158703200322e-08,0.9000000000000002,True,correct
DBLP,0.7,46,547,journals/sigmod/Bussche00,True,2,abRCzV130REJ,CER66z1lh0MJ,True,0.9999945320430084,0.9999774811574933,1.7050885515068614e-05,0.9000000000000002,True,correct
DBLP,0.7,46,548,journals/tods/ChakrabartiKMP02,True,4,_nOW6fmEcTEJ,Cy8VDlIamc8J,True,0.9999951286650987,0.9999950959619731,3.27031255409338e-08,0.9000000000000002,True,correct
DBLP,0.7,46,549,conf/vldb/DeutschT03,True,1,qkJ_IyVmLfUJ,qkJ_IyVmLfUJ,True,0.999995328385334,4.115714897997479e-06,0.999991212670436,0.9000000000000002,True,correct
DBLP,0.7,46,550,conf/vldb/Ioannidis03,True,1,jELnwotIy9kJ,jELnwotIy9kJ,True,0.9999947035930278,2.625005360198268e-05,0.9999684535394258,0.9000000000000002,True,correct
DBLP,0.7,46,551,conf/vldb/HaasNSS95,True,2,EfczBs13YHIJ,x70Y3qaTL40J,True,0.9999949402725822,0.9978057693087778,0.002189170963804332,0.9000000000000002,True,correct
DBLP,0.7,46,552,conf/sigmod/LabrinidisR00,True,1,DKUouEkK_b4J,DKUouEkK_b4J,True,0.9999936938325393,0.9997602057025567,0.00023348812998258417,0.9000000000000002,True,correct
DBLP,0.7,46,553,conf/sigmod/Meseck01,True,1,hWiIngXs5I0J,hWiIngXs5I0J,True,0.9999941188181976,4.274982767662749e-06,0.9999898438354299,0.9000000000000002,True,correct
DBLP,0.7,46,554,conf/sigmod/BargaL99,True,2,hf84fEpX5agJ,QGxyK7bJQOMJ,True,0.9999946585953536,0.9999939585184199,7.000769337572876e-07,0.9000000000000002,True,correct
DBLP,0.7,46,555,conf/vldb/PapadiasT01,True,2,2V2bnIgsY1kJ,2V2bnIgsY1kJ,True,0.9999952975566951,0.9999936263275722,1.6712291229792342e-06,0.9000000000000002,True,correct
DBLP,0.7,46,556,journals/vldb/WhangKW94,True,1,gLSOYwdwIQ8J,gLSOYwdwIQ8J,True,0.9999948389041226,3.940922449552968e-06,0.999990897981673,0.9000000000000002,True,correct
DBLP,0.7,46,557,journals/sigmod/Aberer01,True,3,7CLhi_LOtoUJ,url:http://portal.acm.org/citation.cfm%3Fid%3D603867.603869%26coll%3DGUIDE%26dl%3DACM%26idx%3DJ689%26part%3Dperiodical%26WantType%3Dperiodical%26title%3DACM%2520SIGMOD%2520Record%26CFID%3D11111111%26CFTOKEN%3D2222222,True,0.9999910788359099,0.9410548505759451,0.05893622825996481,0.9000000000000002,True,correct
DBLP,0.7,46,558,conf/vldb/BestavrosB95,True,2,LDv4my6gWJQJ,lGyhpsPV6ogJ,True,0.999994928920393,0.9996439217377852,0.00035100718260783204,0.9000000000000002,True,correct
DBLP,0.7,46,559,conf/vldb/Team00,False,0,,VQ41LtuXMrUJ,False,4.729473007353692e-06,4.3420551977510585e-06,3.874178096026339e-07,0.9000000000000002,False,unmatched_abstention
DBLP,0.7,46,560,conf/vldb/SheikholeslamiCZ98,True,3,btydMRJMBqoJ,btydMRJMBqoJ,True,0.9999954102015035,0.9999942654879053,1.144713598244529e-06,0.9000000000000002,True,correct
DBLP,0.7,46,561,conf/vldb/Levy96,True,2,G7CJNSIBp10J,lDTPyBMtHVwJ,True,0.9999924244998782,0.9999415888755055,5.083562437269151e-05,0.9000000000000002,True,correct
DBLP,0.7,46,562,journals/sigmod/JajodiaBBKMSW97,True,1,url:http://portal.acm.org/citation.cfm%3Fid%3D271095,url:http://portal.acm.org/citation.cfm%3Fid%3D271095,True,0.9999951229476035,8.074200933402225e-06,0.9999870487466701,0.9000000000000002,True,correct
DBLP,0.7,46,563,conf/sigmod/SinghTW94,True,1,uAQ-tJ0j4nkJ,uAQ-tJ0j4nkJ,True,0.9999936462577105,5.2450713041119744e-06,0.9999884011864064,0.9000000000000002,True,correct
DBLP,0.7,46,564,conf/sigmod/LiuPTBBZBHY98,True,3,0e3PPUvtZ0MJ,ezlAkB7ijDUJ,True,0.9999952612536427,0.9999460919834772,4.916927016551664e-05,0.9000000000000002,True,correct
DBLP,0.7,46,565,journals/tods/PetersO97,True,2,er0r8doAGUQJ,mQp5jjo-npAJ,True,0.999995229049354,0.9999870366349067,8.192414447272256e-06,0.9000000000000002,True,correct
DBLP,0.7,46,566,conf/sigmod/Ramanan02,True,1,VGe-IBWyMm4J,VGe-IBWyMm4J,True,0.9999951712917604,0.34054978353157517,0.6594453877601852,0.9000000000000002,True,correct
DBLP,0.7,46,567,conf/vldb/YanA94,True,3,8j5i7YJQnNAJ,WG-3vX59MvIJ,True,0.9999955303471416,0.9999954149788663,1.1536827526636984e-07,0.9000000000000002,True,correct
DBLP,0.7,46,568,conf/vldb/MoserKK95,True,4,53hNU_r6-jgJ,53hNU_r6-jgJ,True,0.9999952684968971,0.9999942054176054,1.0630792917076803e-06,0.9000000000000002,True,correct
DBLP,0.7,46,569,journals/sigmod/McHughW97,True,1,dAnyGPqToQEJ,dAnyGPqToQEJ,True,0.9999952493713531,5.4978241847770364e-06,0.9999897515471683,0.9000000000000002,True,correct
DBLP,0.7,46,570,journals/vldb/ManegoldBK00,True,5,6GAoBRINv7kJ,xWYu2JWiF_kJ,True,0.9999953568559167,0.9999952896077963,6.724812040559414e-08,0.9000000000000002,True,correct
DBLP,0.7,46,571,conf/sigmod/Norrie95,True,1,url:http://portal.acm.org/ft_gateway.cfm%3Fid%3D223883%26type%3Dpdf%26dl%3DGUIDE%26dl%3DACM%26CFID%3D11111111%26CFTOKEN%3D2222222,url:http://portal.acm.org/ft_gateway.cfm%3Fid%3D223883%26type%3Dpdf%26dl%3DGUIDE%26dl%3DACM%26CFID%3D11111111%26CFTOKEN%3D2222222,True,0.9999884458019448,0.001481843069983253,0.9985066027319616,0.9000000000000002,True,correct
DBLP,0.7,46,572,journals/sigmod/BerndtssonH96,True,2,8Dj_i69XP60J,url:http://portal.acm.org/ft_gateway.cfm%3Fid%3D381889%26type%3Dpdf%26dl%3DGUIDE%26dl%3DACM%26CFID%3D11111111%26CFTOKEN%3D2222222,True,0.9999957864711816,0.9999743292147405,2.1457256441093087e-05,0.9000000000000002,True,correct
DBLP,0.7,46,573,conf/vldb/MuthOPW98,True,1,cy0zVqmNba4J,cy0zVqmNba4J,True,0.9999953552748421,0.9999112359546679,8.411932017415857e-05,0.9000000000000002,True,correct
DBLP,0.7,46,574,conf/sigmod/TomasicABKNR97,True,3,_fF5I-bkUSQJ,6CpWnsUqJNIJ,True,0.9999954598610864,0.9999952936445162,1.66216570174349e-07,0.9000000000000002,True,correct
DBLP,0.7,46,575,conf/sigmod/WattezCBFF00,True,1,1SA9LhktHsUJ,1SA9LhktHsUJ,True,0.9999954236589896,4.060006597187589e-06,0.9999913636523925,0.9000000000000002,True,correct
DBLP,0.7,46,576,journals/sigmod/FernandezFLS97,True,4,9NlVdFCl2ysJ,9NlVdFCl2ysJ,True,0.9999939549682494,0.9999759992753782,1.7955692871218787e-05,0.9000000000000002,True,correct
DBLP,0.7,46,577,journals/sigmod/Franklin00,False,0,,diQK7Y_z3XwJ,False,2.8967406594871523e-05,2.607189778095114e-05,2.8955088139203845e-06,0.9000000000000002,False,unmatched_abstention
DBLP,0.7,46,578,conf/vldb/YuSLJ02,True,3,6EJ6A2y_U1IJ,qYGzjvmVjS8J,True,0.9999951654122128,0.9999950898970514,7.551516134629566e-08,0.9000000000000002,True,correct
DBLP,0.7,46,579,conf/sigmod/QuassW97,True,6,3o4t-svHQfcJ,TfIJHxpZeJIJ,True,0.9999932442666087,0.9999932311493863,1.3117222419367636e-08,0.9000000000000002,True,correct
DBLP,0.7,46,580,conf/sigmod/ChanI98,True,4,39AOIRe9qSQJ,39AOIRe9qSQJ,True,0.9999953400699946,0.9999950847247208,2.5534527381410044e-07,0.9000000000000002,True,correct
DBLP,0.7,46,581,conf/sigmod/AfratiLU01,True,2,k7zpSukSfYsJ,k7zpSukSfYsJ,True,0.9999947295972977,0.9978932253979123,0.0021015041993854844,0.9000000000000002,True,correct
DBLP,0.7,46,582,conf/vldb/TsatalosSI94,True,2,--1aoAaGkgQJ,zt5Ck1PrGf0J,True,0.9999954976793236,0.9999950604255411,4.372537825148015e-07,0.9000000000000002,True,correct
DBLP,0.7,46,583,journals/sigmod/NascimentoSP03,True,1,G3QWq2T08SEJ,G3QWq2T08SEJ,True,0.9999875010578934,4.776750755995447e-06,0.9999827243071374,0.9000000000000002,True,correct
DBLP,0.7,46,584,conf/sigmod/BrinMUT97,True,13,0cOrb6RuPW0J,vIwsSOGQOWAJ,True,0.9999952461173178,0.9999949552041352,2.909131826545064e-07,0.9000000000000002,True,correct
DBLP,0.7,46,585,conf/sigmod/ShklarSKT95,True,1,4IaWCBK6dMQJ,4IaWCBK6dMQJ,True,0.9999954683784519,0.00015882101428024457,0.9998366473641717,0.9000000000000002,True,correct
DBLP,0.7,46,586,journals/sigmod/Alonso94a,False,0,,uzEcNW5U3V4J,False,0.001752657797397753,0.00023521699418427555,0.0015174408032134774,0.9000000000000002,False,unmatched_abstention
DBLP,0.7,46,587,conf/sigmod/DeligiannakisR03,True,1,zMgbS5u_GwYJ,zMgbS5u_GwYJ,True,0.9999950515661589,4.257674665970525e-06,0.9999907938914929,0.9000000000000002,True,correct
DBLP,0.7,46,588,conf/sigmod/BaruGLMPVC99,True,7,3SHIgRrrL5QJ,mXKKjAJUm-oJ,True,0.9999954954889896,0.9999952867364318,2.087525577953997e-07,0.9000000000000002,True,correct
DBLP,0.7,46,589,journals/tods/Suciu02,True,1,Y7kHpHu3nP0J,Y7kHpHu3nP0J,True,0.9999950974396294,1.9358090525885524e-05,0.9999757393491036,0.9000000000000002,True,correct
DBLP,0.7,46,590,journals/sigmod/Neven02,True,1,xAXF0HSF4h8J,xAXF0HSF4h8J,True,0.999993880806284,4.495901838762037e-06,0.9999893849044453,0.9000000000000002,True,correct
DBLP,0.7,46,591,journals/sigmod/Ouksel03,True,1,8M_z-OUkoxYJ,8M_z-OUkoxYJ,True,0.9999947679828163,2.5677983664975613e-05,0.9999690899991514,0.9000000000000002,True,correct
DBLP,0.7,46,592,journals/sigmod/LuoI02,True,2,url:http://portal.acm.org/citation.cfm%3Fid%3D601858.601879%26dl%3DGUIDE%26dl%3DACM%26idx%3DJ689%26part%3Dperiodical%26WantType%3Dperiodical%26title%3DACM%2520SIGMOD%2520Record%26CFID%3D11111111%26CFTOKEN%3D2222222,url:http://portal.acm.org/ft_gateway.cfm%3Fid%3D601879%26type%3Dpdf%26dl%3DGUIDE%26dl%3DACM%26CFID%3D11111111%26CFTOKEN%3D2222222,True,0.9999936820461423,0.9999932924850236,3.895611186965908e-07,0.9000000000000002,True,correct
DBLP,0.7,46,593,conf/vldb/PereiraFJLS01,True,2,Cd6A4nsDnkQJ,Cd6A4nsDnkQJ,True,0.9999956574851393,0.999995142558952,5.149261872450239e-07,0.9000000000000002,True,correct
DBLP,0.7,46,594,journals/sigmod/KappelR98,True,2,tbZ0J3HLI18J,tbZ0J3HLI18J,True,0.9999953970951392,0.9999904042632666,4.992831872607795e-06,0.9000000000000002,True,correct
DBLP,0.7,46,595,journals/sigmod/Widom96,False,0,,C84rFQN_ug0J,False,0.004312859008272364,0.00012194076471324504,0.004190918243559119,0.9000000000000002,False,unmatched_abstention
DBLP,0.7,46,596,conf/vldb/ZurekS99,True,1,mEdoUlcnDsgJ,mEdoUlcnDsgJ,True,0.9999957373606112,4.311458816847564e-06,0.9999914259017944,0.9000000000000002,True,correct
DBLP,0.7,46,597,conf/sigmod/ZhangMCMR02,True,1,rvZQMrCOQ1MJ,rvZQMrCOQ1MJ,True,0.9999949123004421,4.426967963011499e-06,0.9999904853324791,0.9000000000000002,True,correct
DBLP,0.7,46,598,conf/vldb/AdiBEY00,True,3,R5o2TUro03MJ,RkjggE7xhN0J,True,0.9999951610024697,0.9999944406894453,7.203130243382816e-07,0.9000000000000002,True,correct
DBLP,0.7,46,599,conf/vldb/DyresonBJ99,True,1,FkPcMtplo18J,FkPcMtplo18J,True,0.9999951254539007,3.941933573162859e-06,0.9999911835203276,0.9000000000000002,True,correct
DBLP,0.7,46,600,conf/vldb/CareyD96,True,7,5HV8kccLoZ4J,5xe-dQqXfI8J,True,0.9999954679678745,0.9999944954290461,9.725388284698155e-07,0.9000000000000002,True,correct
DBLP,0.7,46,601,journals/sigmod/FrankNS02,True,1,YeD6vittJSMJ,YeD6vittJSMJ,True,0.9856078936057397,0.0001668391195080769,0.9854410544862316,0.9000000000000002,True,correct
DBLP,0.7,46,602,journals/sigmod/Winslett02b,False,0,,url:http://portal.acm.org/ft_gateway.cfm%3Fid%3D601871%26type%3Dpdf%26dl%3DGUIDE%26dl%3DACM%26CFID%3D11111111%26CFTOKEN%3D2222222,False,0.9999864661403023,0.0008381059593232676,0.999148360180979,0.9000000000000002,True,false_link
DBLP,0.7,46,603,conf/sigmod/RoussopoulosKR97,True,1,H7Pi4AQU00YJ,H7Pi4AQU00YJ,True,0.9999947563090839,0.0001448549221385149,0.9998499013869453,0.9000000000000002,True,correct
DBLP,0.7,46,604,conf/vldb/LinLYZ03,True,1,9rbctPoEdNUJ,9rbctPoEdNUJ,True,0.9999951623221239,4.159268270799825e-06,0.9999910030538531,0.9000000000000002,True,correct
DBLP,0.7,46,605,conf/vldb/LifantsevC02,True,1,gPvyDDUyrg4J,gPvyDDUyrg4J,True,0.9999953528379589,4.27886576155749e-06,0.9999910739721973,0.9000000000000002,True,correct
DBLP,0.7,46,606,conf/sigmod/PonnekantiK00,True,1,IddFq2o4ZsoJ,IddFq2o4ZsoJ,True,0.9999920530916936,4.45873696959663e-06,0.999987594354724,0.9000000000000002,True,correct
DBLP,0.7,46,607,journals/sigmod/GobleR02a,True,2,B-u4advaVBkJ,B-u4advaVBkJ,True,0.9999943931373685,0.9999924682905885,1.9248467799659608e-06,0.9000000000000002,True,correct
DBLP,0.7,46,608,journals/vldb/JagadishACLNPPSWWY02,True,5,B10xHVasKUoJ,zaDlTkyGASQJ,True,0.9999935606183121,0.9999919158983783,1.644719933802108e-06,0.9000000000000002,True,correct
DBLP,0.7,46,609,journals/sigmod/AtzeniMM97,True,4,9CDasz2P9wsJ,Hdq-Mlh3fcMJ,True,0.9999944595474959,0.9999929812444586,1.478303037316664e-06,0.9000000000000002,True,correct
DBLP,0.7,46,610,conf/vldb/StaudtJ96,True,2,6moFnThDHW0J,6moFnThDHW0J,True,0.9999946935774983,0.9999893606660947,5.33291140358827e-06,0.9000000000000002,True,correct
DBLP,0.7,46,611,journals/sigmod/FreemanG96,True,3,Em3qp7RGalkJ,Em3qp7RGalkJ,True,0.9999954235280583,0.999994699454626,7.240734322122577e-07,0.9000000000000002,True,correct
DBLP,0.7,46,612,conf/vldb/GrovlenHT98,True,2,SDXBxc0lIeYJ,xjVz8hIW-8sJ,True,0.9999942258226835,0.999991722257165,2.503565518452433e-06,0.9000000000000002,True,correct
DBLP,0.7,46,613,conf/vldb/Bowker00,True,1,fAHjV8C1hLcJ,fAHjV8C1hLcJ,True,0.9999954211226177,9.007748652758243e-06,0.999986413373965,0.9000000000000002,True,correct
DBLP,0.7,46,614,journals/sigmod/Sidell96,True,1,url:http://portal.acm.org/ft_gateway.cfm%3Fid%3D245906%26type%3Dpdf%26dl%3DGUIDE%26dl%3DACM%26CFID%3D11111111%26CFTOKEN%3D2222222,url:http://portal.acm.org/ft_gateway.cfm%3Fid%3D245906%26type%3Dpdf%26dl%3DGUIDE%26dl%3DACM%26CFID%3D11111111%26CFTOKEN%3D2222222,True,0.999995150154766,0.0001543305596447233,0.9998408195951213,0.9000000000000002,True,correct
DBLP,0.7,46,615,journals/sigmod/RossIJP00,False,0,,url:http://portal.acm.org/citation.cfm%3Fid%3D1041410.1041430,False,0.021851624225951903,0.008088835382356612,0.01376278884359529,0.9000000000000002,False,unmatched_abstention
DBLP,0.7,46,616,conf/sigmod/Spiro98,True,1,u4ZAi-DRoHkJ,u4ZAi-DRoHkJ,True,0.9999938400430931,4.0869316811144314e-06,0.999989753111412,0.9000000000000002,True,correct
DBLP,0.7,46,617,conf/vldb/BassiliadesV95,True,2,B1kJzsffXEwJ,url:http://portal.acm.org/citation.cfm%3Fid%3D673137,True,0.9999953254127849,0.9999857392556817,9.58615710322519e-06,0.9000000000000002,True,correct
DBLP,0.7,46,618,conf/vldb/WienerN94,True,1,PrUWsoySLGcJ,PrUWsoySLGcJ,True,0.999995724964232,3.3656406021630574e-05,0.9999620685582103,0.9000000000000002,True,correct
DBLP,0.7,46,619,journals/sigmod/CuiJO02,True,2,LIUl6zpveGQJ,Llr0ikQ8yIIJ,True,0.9999916176348438,0.00015529109552874697,0.9998363265393151,0.9000000000000002,True,correct
DBLP,0.7,46,620,conf/sigmod/AcharyaFZ97,True,7,9OEjtHuRUzsJ,9OEjtHuRUzsJ,True,0.9999952665878126,0.9999948886601963,3.7792761631294525e-07,0.9000000000000002,True,correct
DBLP,0.7,46,621,conf/sigmod/ChooOLCGBPS96,True,6,5awQcPWFBrcJ,WrrEnOJswS4J,True,0.9999955580317189,0.9999950203024082,5.377293107455827e-07,0.9000000000000002,True,correct
DBLP,0.7,46,622,conf/vldb/SteinbrunnPMK95,True,2,EPtaqugcCyMJ,EPtaqugcCyMJ,True,0.999995155590894,0.9999926367597329,2.518831161091306e-06,0.9000000000000002,True,correct
DBLP,0.7,46,623,conf/vldb/BawaBA03,True,2,bo1rnY4bU4kJ,ZjIllDHwkSoJ,True,0.9999949585515275,0.9179304162796347,0.08206454227189286,0.9000000000000002,True,correct
DBLP,0.7,46,624,conf/vldb/AcharyaGP99,True,1,-7tsGpHin24J,-7tsGpHin24J,True,0.9999953424913642,0.010013788068859617,0.9899815544225046,0.9000000000000002,True,correct
DBLP,0.7,46,625,conf/vldb/Mina98,True,2,6SiX0ZUh1x0J,ButmJWjGXusJ,True,0.9999951796012194,0.9998646308398605,0.00013054876135887294,0.9000000000000002,True,correct
DBLP,0.7,46,626,journals/sigmod/TanK03,True,2,qIzj09N-Qr8J,qIzj09N-Qr8J,True,0.9999954216902585,0.9999715612800059,2.386041025259633e-05,0.9000000000000002,True,correct
DBLP,0.7,46,627,conf/vldb/Bayer95,True,1,W3l3pQ62_YMJ,W3l3pQ62_YMJ,True,0.999993945286908,9.07468324239249e-06,0.9999848706036656,0.9000000000000002,True,correct
DBLP,0.7,46,628,conf/sigmod/MaheshwariL97,True,3,1hXAkApUm3kJ,VcVAYDLTty8J,True,0.9999851658624186,0.9999502622754369,3.490358698166052e-05,0.9000000000000002,True,correct
DBLP,0.7,46,629,conf/vldb/Slutz98,True,1,1blbGQk5ZpUJ,1blbGQk5ZpUJ,True,0.9999945251971427,4.009737779501589e-06,0.9999905154593632,0.9000000000000002,True,correct
DBLP,0.7,46,630,journals/sigmod/SantucciT96,True,1,url:http://portal.acm.org/ft_gateway.cfm%3Fid%3D245898%26type%3Dpdf%26dl%3DGUIDE%26dl%3DACM%26CFID%3D11111111%26CFTOKEN%3D2222222,url:http://portal.acm.org/ft_gateway.cfm%3Fid%3D245898%26type%3Dpdf%26dl%3DGUIDE%26dl%3DACM%26CFID%3D11111111%26CFTOKEN%3D2222222,True,0.9999955115053251,4.152586005970557e-06,0.9999913589193191,0.9000000000000002,True,correct
DBLP,0.7,46,631,journals/vldb/ChenHY97,True,1,IWZsSVPC6HMJ,IWZsSVPC6HMJ,True,0.9999951440827708,1.6047004642651356e-05,0.9999790970781282,0.9000000000000002,True,correct
DBLP,0.7,46,632,conf/sigmod/KanthAS98,True,4,4O5JTAQZf7IJ,tG_s5R-BKcAJ,True,0.9999944019264374,0.9999938332542421,5.686721953335194e-07,0.9000000000000002,True,correct
DBLP,0.7,46,633,journals/vldb/GeorgakopoulosRL94,True,1,G85JsnuAjzMJ,G85JsnuAjzMJ,True,0.9999953882019035,4.403325537181497e-06,0.9999909848763663,0.9000000000000002,True,correct
DBLP,0.7,46,634,conf/sigmod/Brewer98,True,1,k4UNrsGeUuAJ,k4UNrsGeUuAJ,True,0.9999953317388788,5.7229545838068704e-05,0.9999381021930407,0.9000000000000002,True,correct
DBLP,0.7,46,635,conf/vldb/ChanI99,True,2,KuA45Oh0rkYJ,QV20-69j6YYJ,True,0.9999942014097886,0.9999214931143903,7.270829539829382e-05,0.9000000000000002,True,correct
DBLP,0.7,46,636,conf/sigmod/DarEGP98,True,1,ewnL82c8kiMJ,ewnL82c8kiMJ,True,0.9999955272599724,0.0005376324143811869,0.9994578948455912,0.9000000000000002,True,correct
DBLP,0.7,46,637,conf/sigmod/BrinkhoffKSS94,True,5,cb1kf4z7hA4J,cb1kf4z7hA4J,True,0.9999952552438193,0.9999936775316313,1.57771218800562e-06,0.9000000000000002,True,correct
DBLP,0.7,46,638,conf/vldb/JagadishLRSS94,True,2,em_mB-ifc80J,Yiwh22hbTAcJ,True,0.9999956650612923,0.9999948219545871,8.431067052283581e-07,0.9000000000000002,True,correct
DBLP,0.7,46,639,conf/vldb/LudasaherGM00,True,1,H4hHa7dQdSAJ,H4hHa7dQdSAJ,True,0.9999954440428348,0.9225804547194714,0.07741498932336344,0.9000000000000002,True,correct
DBLP,0.7,46,640,journals/sigmod/Cingil02,True,1,2K6rhX16hXwJ,2K6rhX16hXwJ,True,0.9999952588216898,4.717733614361649e-06,0.9999905410880755,0.9000000000000002,True,correct
DBLP,0.7,46,641,journals/sigmod/Ulusoy95,True,1,uMYecZGSCv4J,uMYecZGSCv4J,True,0.9999952233540179,0.00012840513952339238,0.9998668182144945,0.9000000000000002,True,correct
DBLP,0.7,46,642,conf/sigmod/KornackerSH98,True,2,08hpWyqMTqAJ,bV8_CDuW2gMJ,True,0.9999955749863298,0.999992175803668,3.399182661900646e-06,0.9000000000000002,True,correct
DBLP,0.7,46,643,conf/sigmod/LaursenOP94,True,2,fTbCV3Lh8W0J,fTbCV3Lh8W0J,True,0.9999957186443319,0.9999928059832116,2.9126611202912045e-06,0.9000000000000002,True,correct
DBLP,0.7,46,644,conf/vldb/BaralisPT97,True,4,Cp7_R7yjRjQJ,UUiSb7q5PHgJ,True,0.9999943683417125,0.9999893359310205,5.0324106920518474e-06,0.9000000000000002,True,correct
DBLP,0.7,46,645,conf/sigmod/BertinoCF01,True,1,JSzfxAgs4pgJ,JSzfxAgs4pgJ,True,0.9999952775489088,0.06565725262363505,0.9343380249252737,0.9000000000000002,True,correct
DBLP,0.7,46,646,conf/sigmod/Hidber99,True,2,HkBKH9ZUJEcJ,HkBKH9ZUJEcJ,True,0.9999904425481837,0.9999873993521173,3.0431960663657165e-06,0.9000000000000002,True,correct
DBLP,0.7,46,647,conf/vldb/BeneventanoBCCGMMV00,True,4,4AcfxYXwZnIJ,Q6jRYrIlTM4J,True,0.9999941782929451,0.9999937867371538,3.915557913458656e-07,0.9000000000000002,True,correct
DBLP,0.7,46,648,conf/vldb/RaoR99,True,2,N8XkcmIO0ysJ,tv4rTR2Z-I8J,True,0.9999952889114601,0.15635856200388426,0.8436367269075757,0.9000000000000002,True,correct
DBLP,0.7,46,649,conf/sigmod/ImielinskiV95,True,1,dKMRgoNRQDgJ,dKMRgoNRQDgJ,True,0.9999930170903343,4.207991200881905e-06,0.9999888090991333,0.9000000000000002,True,correct
DBLP,0.7,46,650,conf/sigmod/ChawatheRGW96,True,4,ilCT5UFnHxgJ,ilCT5UFnHxgJ,True,0.9999948861540746,0.9999947855118393,1.0064223532335603e-07,0.9000000000000002,True,correct
DBLP,0.7,46,651,conf/vldb/YuAA03,True,1,4bvjebYsdRkJ,4bvjebYsdRkJ,True,0.9999951810858438,4.7167259101244565e-06,0.9999904643599338,0.9000000000000002,True,correct
DBLP,0.7,46,652,conf/vldb/ChatziantoniouR96,True,1,46FVYbhr0WoJ,46FVYbhr0WoJ,True,0.9999949343098163,1.98886545183507e-05,0.999975045655298,0.9000000000000002,True,correct
DBLP,0.7,46,653,conf/sigmod/KriegelBKPS03,True,2,i0c65loyE60J,tsqBH6P4jMcJ,True,0.9999954037625765,0.9999953657963403,3.7966236154929334e-08,0.9000000000000002,True,correct
DBLP,0.7,46,654,conf/sigmod/Cotton02,True,1,url:http://portal.acm.org/ft_gateway.cfm%3Fid%3D564792%26type%3Dpdf,url:http://portal.acm.org/ft_gateway.cfm%3Fid%3D564792%26type%3Dpdf,True,0.9999927690536524,1.4808144551339016e-05,0.9999779609091011,0.9000000000000002,True,correct
DBLP,0.7,46,655,journals/sigmod/LacroixB03,True,1,url:http://portal.acm.org/citation.cfm%3Fid%3D640990.641003%26dl%3Dportal%26dl%3DACM%26idx%3DJ689%26part%3Dperiodical%26WantType%3Dperiodical%26title%3DACM%2520SIGMOD%2520Record%26CFID%3D11111111%26CFTOKEN%3D2222222,url:http://portal.acm.org/citation.cfm%3Fid%3D640990.641003%26dl%3Dportal%26dl%3DACM%26idx%3DJ689%26part%3Dperiodical%26WantType%3Dperiodical%26title%3DACM%2520SIGMOD%2520Record%26CFID%3D11111111%26CFTOKEN%3D2222222,True,0.9999956775860287,0.00035664425472371465,0.999639033331305,0.9000000000000002,True,correct
DBLP,0.7,46,656,conf/vldb/ChristodoulakisTZ97,True,2,D0z0BDnbnFcJ,lojHMj5xWEwJ,True,0.9999950713987384,0.9999949511612192,1.2023751927436876e-07,0.9000000000000002,True,correct
DBLP,0.7,46,657,conf/sigmod/BouguettayaBH99,True,3,ER8571wXl6EJ,siO8kr7vvLEJ,True,0.9999952728131902,0.9999951460412638,1.2677192640087043e-07,0.9000000000000002,True,correct
DBLP,0.7,46,658,conf/sigmod/Seshadri03,False,0,,U9tDRbbUCSYJ,False,4.383808485893677e-06,4.048106337922575e-06,3.357021479711024e-07,0.9000000000000002,False,unmatched_abstention
DBLP,0.7,46,659,conf/sigmod/Hellerstein00,True,1,rbluxTXqUQwJ,rbluxTXqUQwJ,True,0.9999743493057265,0.029445518771251112,0.9705288305344754,0.9000000000000002,True,correct
DBLP,0.7,46,660,journals/sigmod/Elderini02,False,0,,url:http://portal.acm.org/citation.cfm%3Fid%3D974121.974130%26coll%3DGUIDE%26dl%3DACM%26type%3Dissue%26idx%3DJ689%26part%3Dperiodical%26WantType%3Dperiodical%26title%3DACM%2520SIGMOD%2520Record%26CFID%3D11111111%26CFTOKEN%3D2222222,False,2.0319808429436824e-05,1.5245595916780664e-05,5.07421251265616e-06,0.9000000000000002,False,unmatched_abstention
DBLP,0.7,46,661,journals/tods/Snodgrass01,False,0,,url:http://www.springerlink.com/index/CWANCL0VWN1MKL0M.pdf,False,0.26444841081833853,0.15300801158204433,0.1114403992362942,0.9000000000000002,False,unmatched_abstention
DBLP,0.7,46,662,conf/vldb/ZouS98,True,3,_OimKPnidhsJ,Hov18raBHwIJ,True,0.9999951795552486,0.999995162349805,1.720544362537879e-08,0.9000000000000002,True,correct
DBLP,0.7,46,663,conf/sigmod/ZhuS03,True,3,hIGjgc6mx0cJ,hIGjgc6mx0cJ,True,0.999995362595517,0.9999927155512445,2.647044272552357e-06,0.9000000000000002,True,correct
DBLP,0.7,46,664,conf/vldb/Klots96,True,1,dTORuW_9YRoJ,dTORuW_9YRoJ,True,0.9999950310993785,1.2833458231897853e-05,0.9999821976411466,0.9000000000000002,True,correct
DBLP,0.7,46,665,journals/vldb/NybergBCGL95,True,2,A1phylxPkl4J,A1phylxPkl4J,True,0.9999955392980978,0.9999952945151679,2.4478292992569095e-07,0.9000000000000002,True,correct
DBLP,0.7,46,666,conf/sigmod/AcharyaGPR99,True,5,5vntH4boqdgJ,s064OghlyIUJ,True,0.9999950727522267,0.9999950305022678,4.2249958864815085e-08,0.9000000000000002,True,correct
DBLP,0.7,46,667,conf/vldb/AltinelF00,True,4,JhWxdEDCPdUJ,SXHPvzZDrFMJ,True,0.9999938977296602,0.9999916215190175,2.2762106426377215e-06,0.9000000000000002,True,correct
DBLP,0.7,46,668,journals/vldb/Navarro02,True,2,UDQsHc_ps4IJ,UDQsHc_ps4IJ,True,0.9999942992456511,0.9993512970037087,0.0006430022419423587,0.9000000000000002,True,correct
DBLP,0.7,46,669,conf/sigmod/LometT99,True,1,JvZ9JWtn72QJ,JvZ9JWtn72QJ,True,0.9999950601523115,5.418156084631092e-06,0.9999896419962269,0.9000000000000002,True,correct
DBLP,0.7,46,670,conf/sigmod/HaasH01,True,3,9wQ6RWWcHRIJ,tHEP1S1typgJ,True,0.9901791623379861,0.8783752865144111,0.11180387582357498,0.9000000000000002,True,correct
DBLP,0.7,46,671,conf/sigmod/GuoSBS03,True,1,p_PDgjVRUS4J,p_PDgjVRUS4J,True,0.9999948866417431,4.042574079423381e-06,0.9999908440676637,0.9000000000000002,True,correct
DBLP,0.7,46,672,conf/vldb/Rengarajan96,False,0,,QDZuJrElFzIJ,False,0.00011915656217476423,5.291762071299823e-06,0.0001138648001034644,0.9000000000000002,False,unmatched_abstention
DBLP,0.7,46,673,conf/vldb/ShaferA97,True,1,O4UcgdEM7vYJ,O4UcgdEM7vYJ,True,0.999995431695365,0.002599869379953287,0.9973955623154117,0.9000000000000002,True,correct
DBLP,0.7,46,674,conf/sigmod/BreitbartKRSS99,True,1,XV2lpkhWCsYJ,XV2lpkhWCsYJ,True,0.9999949869243954,5.3791304756669965e-06,0.9999896077939197,0.9000000000000002,True,correct
DBLP,0.7,46,675,conf/vldb/SreenathS94,True,1,sUcJBJwvKTUJ,sUcJBJwvKTUJ,True,0.9999956566029471,6.079894584121634e-06,0.999989576708363,0.9000000000000002,True,correct
DBLP,0.7,46,676,conf/vldb/Greco98,True,1,CCr8CUlHeNsJ,CCr8CUlHeNsJ,True,0.9999949062561349,1.8657332601472837e-05,0.9999762489235334,0.9000000000000002,True,correct
DBLP,0.7,46,677,journals/sigmod/ShahMFH01,True,1,7b-nJDMGtwUJ,7b-nJDMGtwUJ,True,0.9999953541673263,4.391495176211993e-06,0.9999909626721502,0.9000000000000002,True,correct
DBLP,0.7,46,678,conf/sigmod/BerchtoldK98,True,5,9UYo0M1RV7oJ,pKKu82IYP9EJ,True,0.9999951012813212,0.9999949361935537,1.6508776745638443e-07,0.9000000000000002,True,correct
DBLP,0.7,46,679,conf/sigmod/AltinelLKMPLWB02,True,2,HtYTQ-fN8ccJ,HtYTQ-fN8ccJ,True,0.9999954026578538,0.999955950827904,3.945182994979923e-05,0.9000000000000002,True,correct
DBLP,0.7,46,680,conf/sigmod/BohlenBD99,True,1,X2odIfnOC88J,X2odIfnOC88J,True,0.999994943716679,4.550277605930439e-06,0.999990393439073,0.9000000000000002,True,correct
DBLP,0.7,46,681,journals/sigmod/AdelbergKG96,True,2,6gc5TN-yce8J,GfiQygac5twJ,True,0.9999954113875585,0.9999724640462905,2.2947341268064747e-05,0.9000000000000002,True,correct
DBLP,0.7,46,682,conf/vldb/DiaoF03,True,1,Crt1JZ1eEj0J,Crt1JZ1eEj0J,True,0.9999949858390322,6.343641282812376e-05,0.9999315494262041,0.9000000000000002,True,correct
DBLP,0.7,46,683,conf/vldb/SetzerZ94,True,1,1tmW1mOCZqIJ,1tmW1mOCZqIJ,True,0.9999952632597425,4.438576402934353e-06,0.9999908246833396,0.9000000000000002,True,correct
DBLP,0.7,46,684,conf/sigmod/LivnyRBCDLMW97,True,4,9Ho84Ho6xuIJ,9Ho84Ho6xuIJ,True,0.9999945819885929,0.9999944066758726,1.7531272034077006e-07,0.9000000000000002,True,correct
DBLP,0.7,46,685,conf/vldb/GardarinGT96,True,3,4NKqwzC5A_wJ,4NKqwzC5A_wJ,True,0.9999955370939617,0.9999939998195814,1.5372743803476752e-06,0.9000000000000002,True,correct
DBLP,0.7,46,686,conf/sigmod/DobraGGR02,True,2,v7A9Otp7OjsJ,v7A9Otp7OjsJ,True,0.9999948624511336,0.018042079640478128,0.9819527828106555,0.9000000000000002,True,correct
DBLP,0.7,46,687,journals/vldb/OoiHLT96,True,1,EclgEUrqHQAJ,EclgEUrqHQAJ,True,0.9999952111437858,1.0599624349878756e-05,0.9999846115194359,0.9000000000000002,True,correct
DBLP,0.7,46,688,journals/sigmod/RossGR03,False,0,,url:http://portal.acm.org/citation.cfm%3Fid%3D1041410.1041430,False,0.003671929850335897,0.0035097384319204344,0.00016219141841546277,0.9000000000000002,False,unmatched_abstention
DBLP,0.7,46,689,conf/vldb/DarEGP98,True,1,D6gxih90YU4J,D6gxih90YU4J,True,0.9999955926664885,0.002243053701517904,0.9977525389649706,0.9000000000000002,True,correct
DBLP,0.7,46,690,journals/vldb/HalkidiNVV03,True,3,C_X4Frh2wHIJ,J0hrpRuvSgMJ,True,0.9999955258307954,0.9999709704265328,2.4555404262605052e-05,0.9000000000000002,True,correct
DBLP,0.7,46,691,journals/tods/ChaudhuriS99,True,5,31oH64SXpRcJ,QCFUIVkspywJ,True,0.9999951993189815,0.9999945546692406,6.44649740921821e-07,0.9000000000000002,True,correct
DBLP,0.7,46,692,conf/vldb/Leymann01,True,1,eRh9hA637AMJ,eRh9hA637AMJ,True,0.999994905347655,0.00013665128391657187,0.9998582540637384,0.9000000000000002,True,correct
DBLP,0.7,46,693,journals/sigmod/Dogac96,True,1,url:http://portal.acm.org/citation.cfm%3Fid%3D234889.234900%26dl%3DGUIDE%26dl%3DACM%26idx%3DJ689%26part%3Dperiodical%26WantType%3Dperiodical%26title%3DACM%2520SIGMOD%2520Record%26CFID%3D11111111%26CFTOKEN%3D2222222,url:http://portal.acm.org/citation.cfm%3Fid%3D234889.234900%26dl%3DGUIDE%26dl%3DACM%26idx%3DJ689%26part%3Dperiodical%26WantType%3Dperiodical%26title%3DACM%2520SIGMOD%2520Record%26CFID%3D11111111%26CFTOKEN%3D2222222,True,0.999995257528359,0.003266079940203527,0.9967291775881555,0.9000000000000002,True,correct
DBLP,0.7,46,694,conf/vldb/MedianoCD94,True,1,qwjRkZuiMHsJ,qwjRkZuiMHsJ,True,0.9999886554813721,4.46301244294116e-06,0.9999841924689291,0.9000000000000002,True,correct
DBLP,0.7,46,695,conf/vldb/KnorrN99,True,2,7J-gi_InWY0J,7lkCBMe603kJ,True,0.9999952904387721,0.9999948322009599,4.5823781225085014e-07,0.9000000000000002,True,correct
DBLP,0.7,46,696,conf/sigmod/Mohan02,True,3,eyxIItge9MQJ,eyxIItge9MQJ,True,0.9999950682109334,0.9999608349257171,3.4233285216345166e-05,0.9000000000000002,True,correct
DBLP,0.7,46,697,journals/sigmod/Franklin98b,False,0,,diQK7Y_z3XwJ,False,4.4302568505179466e-05,3.426751016079765e-05,1.0035058344381817e-05,0.9000000000000002,False,unmatched_abstention
DBLP,0.7,46,698,conf/sigmod/HammerGIPUW95,True,1,ylzKvQxmX7cJ,ylzKvQxmX7cJ,True,0.999995363851352,1.1923362312003632e-05,0.99998344048904,0.9000000000000002,True,correct
DBLP,0.7,46,699,conf/sigmod/SalemBCL00,True,1,FElMcikK2GUJ,FElMcikK2GUJ,True,0.9999942081358149,4.529910489361727e-06,0.9999896782253255,0.9000000000000002,True,correct
DBLP,0.7,46,700,conf/vldb/ChangG00,True,2,fIuGhhcZl-4J,fIuGhhcZl-4J,True,0.9999927968733,0.9899568896685315,0.010035907204768546,0.9000000000000002,True,correct
DBLP,0.7,46,701,journals/sigmod/Segev94,False,0,,diQK7Y_z3XwJ,False,0.0003612382664427662,0.00015632750329807997,0.0002049107631446862,0.9000000000000002,False,unmatched_abstention
DBLP,0.7,46,702,journals/vldb/PeckhamMD95,True,2,nhU_8O_9SY0J,zOfVTNgEwz0J,True,0.9999951021034816,0.9999879570228072,7.145080674453297e-06,0.9000000000000002,True,correct
DBLP,0.7,46,703,conf/vldb/WangZL03,True,1,tbuNzuDUSFYJ,tbuNzuDUSFYJ,True,0.9999954396175996,1.4162890221896204e-05,0.9999812767273777,0.9000000000000002,True,correct
DBLP,0.7,46,704,journals/tods/MayL02,True,1,ky-2yjNGtW8J,ky-2yjNGtW8J,True,0.9999953562138085,1.3085261851026555e-05,0.9999822709519575,0.9000000000000002,True,correct
DBLP,0.7,46,705,conf/vldb/ShanmugasundaramSBCLPR00,True,4,_bdp5T8SSuoJ,_bdp5T8SSuoJ,True,0.9999946835988007,0.9999944241871866,2.5941161407860847e-07,0.9000000000000002,True,correct
DBLP,0.7,46,706,conf/vldb/ChaudhuriS94,True,3,bd-Lu1jeg-AJ,-f2FsG-EC9IJ,True,0.9999952521070059,0.9999936460395698,1.6060674361551008e-06,0.9000000000000002,True,correct
DBLP,0.7,46,707,journals/vldb/MirbelPSTV00,True,1,tUEcojf_6BUJ,tUEcojf_6BUJ,True,0.9999952250574125,0.00010906141424988379,0.9998861636431625,0.9000000000000002,True,correct
DBLP,0.7,46,708,conf/sigmod/IlyasRLGL03,True,1,qCnvlNwYp6cJ,qCnvlNwYp6cJ,True,0.9999943182583975,3.921457369224251e-06,0.9999903968010282,0.9000000000000002,True,correct
DBLP,0.7,46,709,journals/sigmod/GerlaX03,True,1,KKiefntReoUJ,KKiefntReoUJ,True,0.9999954188426131,4.663651147624222e-06,0.9999907551914655,0.9000000000000002,True,correct
DBLP,0.7,46,710,conf/sigmod/BerchtoldBBKK97,True,1,BMkGN7AiGhYJ,BMkGN7AiGhYJ,True,0.9999947289086603,1.918295464899771e-05,0.9999755459540113,0.9000000000000002,True,correct
DBLP,0.7,46,711,journals/sigmod/Ozsu01a,False,0,,0GflgfwPy6cJ,False,0.987442592194152,0.27505630294925737,0.7123862892448947,0.9000000000000002,True,false_link
DBLP,0.7,46,712,conf/vldb/CormodeKMS03,True,1,0ZQnv8tOzBwJ,0ZQnv8tOzBwJ,True,0.9999952415179894,0.9766148259547149,0.023380415563274415,0.9000000000000002,True,correct
DBLP,0.7,46,713,conf/sigmod/Stonebraker03,True,1,_CGWFOx5yt0J,_CGWFOx5yt0J,True,0.9999947756013946,6.174354620963659e-06,0.9999886012467737,0.9000000000000002,True,correct
DBLP,0.7,46,714,conf/vldb/BratsbergH01,True,1,x-oQarjjgccJ,x-oQarjjgccJ,True,0.9999949735154244,1.508812746848357e-05,0.9999798853879559,0.9000000000000002,True,correct
DBLP,0.7,46,715,conf/vldb/CatozziR95,True,1,8ftKLh07LM0J,8ftKLh07LM0J,True,0.9999956176837724,4.964484617243282e-05,0.9999459728376,0.9000000000000002,True,correct
DBLP,0.7,46,716,conf/vldb/KraftSRM03,False,0,,HXw7YpbX1GAJ,False,3.9500507420626575e-06,3.9479078737366375e-06,2.1428683260200357e-09,0.9000000000000002,False,unmatched_abstention
DBLP,0.7,46,717,conf/vldb/RosenthalS94,True,1,NFUWsBXtCncJ,NFUWsBXtCncJ,True,0.9999953001749596,4.2909041915314525e-06,0.9999910092707681,0.9000000000000002,True,correct
DBLP,0.7,46,718,conf/sigmod/ReveszCKLLW00,True,2,bx_A3QEqKhEJ,qxShx7aNiuEJ,True,0.9999947384661338,0.9999942642299373,4.742361965348607e-07,0.9000000000000002,True,correct
DBLP,0.7,46,719,conf/sigmod/WangSSZZW00,True,2,CaplZan57x4J,CaplZan57x4J,True,0.9999949901217422,0.9998443455504109,0.00015064457133129316,0.9000000000000002,True,correct
DBLP,0.7,46,720,conf/sigmod/YangYW00,True,1,JQuwW88-2_0J,JQuwW88-2_0J,True,0.9999943864602264,4.137134410060147e-06,0.9999902493258164,0.9000000000000002,True,correct
DBLP,0.7,46,721,conf/sigmod/FungSG02,True,1,_H4-ZecAsp0J,_H4-ZecAsp0J,True,0.9999948507377394,1.2484729905959925e-05,0.9999823660078334,0.9000000000000002,True,correct
DBLP,0.7,46,722,journals/vldb/GutingS95,True,8,A4lUwOD7AeYJ,CBHicx5w3ocJ,True,0.9999945044194063,0.9999921882622004,2.3161572059171576e-06,0.9000000000000002,True,correct
DBLP,0.7,46,723,conf/sigmod/BarbaraI94,True,10,7N0H3ra1FFsJ,GXhaGGajWZkJ,True,0.9999955904971334,0.9999955195028069,7.099432652868387e-08,0.9000000000000002,True,correct
DBLP,0.7,46,724,conf/sigmod/Edelstein95,True,1,url:http://portal.acm.org/citation.cfm%3Fid%3D223868,url:http://portal.acm.org/citation.cfm%3Fid%3D223868,True,0.9999953113131589,4.746720407133454e-06,0.9999905645927517,0.9000000000000002,True,correct
DBLP,0.7,46,725,conf/vldb/BamfordBKM98,True,1,rfuptELfgLkJ,rfuptELfgLkJ,True,0.9999950350072596,7.795283654925653e-06,0.9999872397236047,0.9000000000000002,True,correct
DBLP,0.7,46,726,journals/sigmod/Kumar03,True,1,VuNnpxJwvQkJ,VuNnpxJwvQkJ,True,0.999993755306673,2.3717834426292693e-05,0.9999700374722467,0.9000000000000002,True,correct
DBLP,0.7,46,727,conf/sigmod/CranorGJSS02,True,2,89Avc7qz9YoJ,89Avc7qz9YoJ,True,0.9999957655361504,0.9999954249462826,3.405898678643382e-07,0.9000000000000002,True,correct
DBLP,0.7,46,728,journals/sigmod/ChangASS98,True,2,CPzROuDNZqgJ,CPzROuDNZqgJ,True,0.9999956136823719,0.9999944437900997,1.169892272168127e-06,0.9000000000000002,True,correct
DBLP,0.7,46,729,conf/vldb/JohnsonS94,True,2,1TMemq4kM3YJ,1TMemq4kM3YJ,True,0.9999910306969292,0.9928905674050313,0.0071004632918978405,0.9000000000000002,True,correct
DBLP,0.7,46,730,journals/tods/JajodiaSSS01,True,1,oH5XZWjwC6AJ,oH5XZWjwC6AJ,True,0.9999949883345381,0.04071559462659325,0.9592793937079449,0.9000000000000002,True,correct
DBLP,0.7,46,731,conf/sigmod/AgrawalCFGHIIMMSS94,True,1,bXnzC8MN_joJ,bXnzC8MN_joJ,True,0.9999460984604859,9.333545308474915e-06,0.9999367649151774,0.9000000000000002,True,correct
DBLP,0.7,46,732,conf/vldb/Chawathe99,True,3,1-mxxSvIMB8J,1-mxxSvIMB8J,True,0.9999949578447203,0.9999936111439849,1.3467007353717975e-06,0.9000000000000002,True,correct
DBLP,0.7,46,733,journals/sigmod/Kim94,True,1,930Uth7EArkJ,930Uth7EArkJ,True,0.9993943723756826,5.423315333463458e-06,0.9993889490603491,0.9000000000000002,True,correct
DBLP,0.7,46,734,conf/vldb/WangHH00,True,1,qbxHq9qXVrUJ,qbxHq9qXVrUJ,True,0.9999954496746598,0.9996321333317859,0.00036331634287389836,0.9000000000000002,True,correct
DBLP,0.7,46,735,conf/sigmod/GoyalHKMSZ97,True,2,D-1jnVnmWnQJ,OcGPxRYxbsUJ,True,0.9999919816998575,0.0021726793174330016,0.9978193023824244,0.9000000000000002,True,correct
DBLP,0.7,46,736,conf/vldb/DattaDTVRF01,True,3,8_5A88ESaQ0J,mPBmOUreSecJ,True,0.9999935950630309,0.9999572365460544,3.635851697647574e-05,0.9000000000000002,True,correct
DBLP,0.7,46,737,journals/sigmod/KuoM96,True,1,vmwgqLkw0NUJ,vmwgqLkw0NUJ,True,0.9999952814474675,9.220638199002077e-06,0.9999860608092686,0.9000000000000002,True,correct
DBLP,0.7,46,738,conf/vldb/Mohan01,True,2,6rkYIagTMckJ,tAO-l_SkmSwJ,True,0.9999953135796409,0.9999892874529296,6.026126711300428e-06,0.9000000000000002,True,correct
DBLP,0.7,46,739,journals/sigmod/Fagin02,True,2,C3swZi1md5YJ,C3swZi1md5YJ,True,0.9999946396020455,5.909844569676788e-06,0.9999887297574758,0.9000000000000002,True,correct
DBLP,0.7,46,740,conf/sigmod/RaoZML02,True,2,7Ucs6vmjHN0J,c2PgXbSSAFcJ,True,0.9999948770261,0.9999948352310196,4.179508039658941e-08,0.9000000000000002,True,correct
DBLP,0.7,46,741,conf/sigmod/AbiteboulBCMM03,True,2,AxpQwgyRyLgJ,Rjb06zlxbLIJ,True,0.9999952819064392,0.31855703508424676,0.6814382468221925,0.9000000000000002,True,correct
DBLP,0.7,46,742,conf/vldb/GarofalakisI97,True,3,aCvCz2wg854J,aCvCz2wg854J,True,0.9999953996843053,0.9999952944568302,1.0522747506680474e-07,0.9000000000000002,True,correct
DBLP,0.7,46,743,conf/sigmod/CareyFZ94,True,5,_Dtj6cJQFAQJ,EN1nFWJxnoIJ,True,0.9999953775108635,0.9999952180896983,1.594211652689026e-07,0.9000000000000002,True,correct
DBLP,0.7,46,744,conf/vldb/SteenhagenABB94,True,5,aCZo57LF-4sJ,Xr2RguUzt-gJ,True,0.9999953279175168,0.999994851970176,4.759473407611736e-07,0.9000000000000002,True,correct
DBLP,0.7,46,745,journals/sigmod/HellersteinHM03,True,1,6ussAgzdL6oJ,6ussAgzdL6oJ,True,0.9999949904084,9.142481388828881e-06,0.9999858479270112,0.9000000000000002,True,correct
DBLP,0.7,46,746,journals/sigmod/PapianiWDN99,True,3,aU7XlTpoxRgJ,HxmnEeCigX8J,True,0.9999953709995886,0.9999917469842818,3.6240153067357284e-06,0.9000000000000002,True,correct
DBLP,0.7,46,747,conf/vldb/AboulnagaAN01,True,2,OBbDFGQNEDQJ,OBbDFGQNEDQJ,True,0.9999949829021151,0.999994362828639,6.200734761208082e-07,0.9000000000000002,True,correct
DBLP,0.7,46,748,conf/vldb/GarofalakisRS99,True,6,7BITau8qhpEJ,Xm3ygCvkmN8J,True,0.9999954417959781,0.9999953775329051,6.426307297413558e-08,0.9000000000000002,True,correct
DBLP,0.7,46,749,conf/sigmod/CatarciS94,True,3,ga4l4QhCXU4J,ga4l4QhCXU4J,True,0.999995213960788,0.9999061130217187,8.910093906933092e-05,0.9000000000000002,True,correct
DBLP,0.7,46,750,conf/vldb/Campbell99,True,1,m1eeQnYWL0oJ,m1eeQnYWL0oJ,True,0.999995512844935,4.5478655039755965e-06,0.9999909649794311,0.9000000000000002,True,correct
DBLP,0.7,46,751,journals/vldb/HaasCLS97,True,2,AypWukSuKVoJ,AypWukSuKVoJ,True,0.9999951466846625,0.9999751373606445,2.0009324018022134e-05,0.9000000000000002,True,correct
DBLP,0.7,46,752,conf/sigmod/FreedmanD95,True,2,2bao_dZfCuQJ,dt4Mxy8b2hwJ,True,0.9999955225142001,0.99999412405439,1.3984598100647005e-06,0.9000000000000002,True,correct
DBLP,0.7,46,753,conf/sigmod/RundensteinerWYD02,True,1,7MfXAAdBQ2EJ,7MfXAAdBQ2EJ,True,0.999995655803435,3.966301215282042e-06,0.9999916895022197,0.9000000000000002,True,correct
DBLP,0.7,46,754,journals/sigmod/LeveneP02,False,0,,url:http://portal.acm.org/ft_gateway.cfm%3Fid%3D1031591%26type%3Dpdf,False,0.0015609992046939803,0.00013723314926079093,0.0014237660554331894,0.9000000000000002,False,unmatched_abstention
DBLP,0.7,46,755,conf/sigmod/OhHP00,True,3,cFpgCsBTSBEJ,T91d5LI-xIwJ,True,0.9999947703423715,0.9999748101104876,1.9960231883886514e-05,0.9000000000000002,True,correct
DBLP,0.7,46,756,conf/sigmod/DattaDRTV01,True,2,1ivmtE5W6FsJ,1ivmtE5W6FsJ,True,0.9999956184276221,0.999995525323008,9.310461412948001e-08,0.9000000000000002,True,correct
DBLP,0.7,46,757,journals/vldb/PapazogluK97,True,2,3k9vWWMJiWYJ,kFQl7LX8OQkJ,True,0.9999916576687155,0.9999027205387472,8.893712996826952e-05,0.9000000000000002,True,correct
DBLP,0.7,46,758,journals/sigmod/BiancheriPP01,False,0,,U9tDRbbUCSYJ,False,5.005794930913592e-06,4.273943278482758e-06,7.318516524308341e-07,0.9000000000000002,False,unmatched_abstention
DBLP,0.7,46,759,conf/vldb/SarawagiS96,True,2,GzBmx-QUxFYJ,GzBmx-QUxFYJ,True,0.9999949582678549,0.9999751897524862,1.976851536866775e-05,0.9000000000000002,True,correct
DBLP,0.7,46,760,journals/tods/Jimenez-PerisPAK03,True,2,gcTZH6tRjXIJ,yj7oLWfPR4gJ,True,0.9999955096257732,0.9999949261049819,5.835207913529317e-07,0.9000000000000002,True,correct
DBLP,0.7,46,761,conf/vldb/YiF00,True,6,1XJk5BWEVe8J,DpQrWnvO7rEJ,True,0.999994653325629,0.9999944026204265,2.5070520248693384e-07,0.9000000000000002,True,correct
DBLP,0.7,46,762,conf/vldb/ShiSZ03,True,1,-OjqoDQTIxMJ,-OjqoDQTIxMJ,True,0.9999951946193837,4.477443099586795e-06,0.9999907171762841,0.9000000000000002,True,correct
DBLP,0.7,46,763,conf/vldb/GutierrezPST94,True,1,VUU_DceCRXAJ,VUU_DceCRXAJ,True,0.9999956316953612,4.012629742151978e-06,0.9999916190656191,0.9000000000000002,True,correct
DBLP,0.7,46,764,journals/sigmod/ShanmugasundaramSKKVNT01,True,1,wTJy5XquCpsJ,wTJy5XquCpsJ,True,0.9999952287308496,5.588609586666267e-05,0.9999393426349829,0.9000000000000002,True,correct
DBLP,0.7,46,765,journals/sigmod/MeltonMJKS02,True,1,cvBAdEvcTSkJ,cvBAdEvcTSkJ,True,0.9999915309748827,2.609478219308289e-05,0.9999654361926896,0.9000000000000002,True,correct
DBLP,0.7,46,766,conf/vldb/Hammond96,True,1,LDxiVdRU6EEJ,LDxiVdRU6EEJ,True,0.9999954756977678,4.248759215253623e-06,0.9999912269385526,0.9000000000000002,True,correct
DBLP,0.7,46,767,conf/vldb/Selinger02,True,1,76u3c8hIWqoJ,76u3c8hIWqoJ,True,0.9999952903309782,4.979825816200925e-06,0.9999903105051621,0.9000000000000002,True,correct
DBLP,0.7,46,768,journals/sigmod/EisenbergM01,True,2,GKUflKzgAVEJ,GKUflKzgAVEJ,True,0.9999955494706476,0.9999946803478806,8.691227669777035e-07,0.9000000000000002,True,correct
DBLP,0.7,46,769,journals/tods/Chen95,True,1,1px2xYEVMzwJ,1px2xYEVMzwJ,True,0.9999929617458588,1.0298446958019458e-05,0.9999826632989008,0.9000000000000002,True,correct
DBLP,0.7,46,770,journals/vldb/HuangDT99,False,0,,zODPED9-QZEJ,False,0.999994586518149,4.254265280888906e-06,0.9999903322528682,0.9000000000000002,True,false_link
DBLP,0.7,46,771,conf/vldb/FukudaMMT96,True,1,B8_0dK37qcsJ,B8_0dK37qcsJ,True,0.9999952414181518,2.9922037812760057e-05,0.9999653193803391,0.9000000000000002,True,correct
DBLP,0.7,46,772,journals/vldb/BonczK99,True,1,ATjnxh8X_f0J,ATjnxh8X_f0J,True,0.9999950350735486,4.988576604256714e-06,0.9999900464969443,0.9000000000000002,True,correct
DBLP,0.7,46,773,journals/vldb/DeyBS96,True,1,q8IL-AZTmcgJ,q8IL-AZTmcgJ,True,0.999994777031133,1.117111146787639e-05,0.9999836059196652,0.9000000000000002,True,correct
DBLP,0.7,46,774,journals/vldb/BerendtS00,True,3,_0meUij3ZJEJ,_0meUij3ZJEJ,True,0.999995271226046,0.999994990437065,2.8078898106631556e-07,0.9000000000000002,True,correct
DBLP,0.7,46,775,conf/vldb/TanGO99,True,1,CcTZvs8xd2sJ,CcTZvs8xd2sJ,True,0.9999955085293615,6.1092344839951855e-06,0.9999893992948775,0.9000000000000002,True,correct
DBLP,0.7,46,776,journals/sigmod/BertinoEH03,True,1,4m-WmWU5iGYJ,4m-WmWU5iGYJ,True,0.9999953204885469,2.2249704927848702e-05,0.9999730707836191,0.9000000000000002,True,correct
DBLP,0.7,46,777,conf/vldb/LabrinidisR01,True,3,3Ozte0ucNJAJ,3Ozte0ucNJAJ,True,0.9999951400243715,0.9999936531918938,1.4868324776928787e-06,0.9000000000000002,True,correct
DBLP,0.7,46,778,conf/sigmod/RundensteinerCCSO00,True,1,url:http://portal.acm.org/ft_gateway.cfm%3Fid%3D335496%26type%3Dpdf%26dl%3DGUIDE%26dl%3DACM%26CFID%3D11111111%26CFTOKEN%3D2222222,url:http://portal.acm.org/ft_gateway.cfm%3Fid%3D335496%26type%3Dpdf%26dl%3DGUIDE%26dl%3DACM%26CFID%3D11111111%26CFTOKEN%3D2222222,True,0.9999953782954794,7.905718487160683e-05,0.9999163211106078,0.9000000000000002,True,correct
DBLP,0.7,46,779,conf/vldb/SakuraiYKU01,True,1,OQMYc3S0Ny8J,OQMYc3S0Ny8J,True,0.9999951796425929,5.439128606801188e-06,0.999989740513986,0.9000000000000002,True,correct
DBLP,0.7,46,780,conf/vldb/GalhardasFSSS01,True,6,nlOAkKW_ry8J,nlOAkKW_ry8J,True,0.9999951645637881,0.9999949365267574,2.2803703070284342e-07,0.9000000000000002,True,correct
DBLP,0.7,46,781,journals/sigmod/PhatakSSS96,True,1,url:http://portal.acm.org/ft_gateway.cfm%3Fid%3D381897%26type%3Dpdf%26dl%3Dportal%26dl%3DACM%26CFID%3D11111111%26CFTOKEN%3D2222222,url:http://portal.acm.org/ft_gateway.cfm%3Fid%3D381897%26type%3Dpdf%26dl%3Dportal%26dl%3DACM%26CFID%3D11111111%26CFTOKEN%3D2222222,True,0.9999947903035097,0.0010066800871763257,0.9989881102163334,0.9000000000000002,True,correct
DBLP,0.7,46,782,conf/vldb/WitkowskiBBFGSS03,True,1,Oti_CoAPH9IJ,Oti_CoAPH9IJ,True,0.9999951888691825,0.00023202508882261706,0.9997631637803599,0.9000000000000002,True,correct
DBLP,0.7,46,783,conf/sigmod/Shasha97,True,2,Q-KG8a3_BmIJ,r2TwyhAdYecJ,True,0.999993512477786,0.9998984101807616,9.510229702436312e-05,0.9000000000000002,True,correct
DBLP,0.7,46,784,conf/vldb/JiangWL03,True,1,s3bawcAka-EJ,s3bawcAka-EJ,True,0.9999953424558303,0.0022990381345087225,0.9976963043213216,0.9000000000000002,True,correct
