dataset,fraction,seed,record_index,ida,has_true_match,n_valid_matches,retained_idb,top1_idb,top1_is_any_valid,top1_score,top2_score,score_gap,threshold,declared,category
DBLP,0.7,50,0,journals/tods/WangBBJ97,True,5,Io4omPiDA94J,NYQMkdaH2egJ,True,0.9999955429040636,0.9999953789301274,1.6397393620692924e-07,0.9000000000000002,True,correct
DBLP,0.7,50,1,conf/sigmod/Shasha97,True,2,Q-KG8a3_BmIJ,r2TwyhAdYecJ,True,0.9999897150876624,0.8643021912762571,0.13568752381140536,0.9000000000000002,True,correct
DBLP,0.7,50,2,conf/sigmod/Pruscino03,False,0,,7aUag74jtdIJ,False,3.7319278116999935e-06,3.429051821257913e-06,3.028759904420805e-07,0.9000000000000002,False,unmatched_abstention
DBLP,0.7,50,3,conf/vldb/BalminHKPSW03,True,1,8xRHvInl0_0J,8xRHvInl0_0J,True,0.999994894920129,4.9280796785085335e-05,0.9999456141233439,0.9000000000000002,True,correct
DBLP,0.7,50,4,journals/sigmod/Qian94a,False,0,,url:http://portal.acm.org/ft_gateway.cfm%3Fid%3D212022%26type%3Dpdf%26dl%3DGUIDE%26dl%3DACM%26CFID%3D11111111%26CFTOKEN%3D2222222,False,3.5706780879418344e-05,1.1780216456232012e-05,2.392656442318633e-05,0.9000000000000002,False,unmatched_abstention
DBLP,0.7,50,5,conf/vldb/SarawagiBKM02,True,1,G9DGYRD0cnMJ,G9DGYRD0cnMJ,True,0.9999957365271734,5.576046307549729e-05,0.9999399760640979,0.9000000000000002,True,correct
DBLP,0.7,50,6,journals/sigmod/Liu01a,False,0,,diQK7Y_z3XwJ,False,1.400905427806103e-05,1.1255817233377848e-05,2.7532370446831823e-06,0.9000000000000002,False,unmatched_abstention
DBLP,0.7,50,7,journals/sigmod/CeriFP99,True,2,mr8XDkQ7adAJ,zCbDZVfxWhAJ,True,0.9999953175958177,0.9999726649051701,2.2652690647606555e-05,0.9000000000000002,True,correct
DBLP,0.7,50,8,conf/vldb/SteenhagenABB94,True,5,aCZo57LF-4sJ,Xr2RguUzt-gJ,True,0.9999960555017462,0.9999939515890407,2.1039127054978124e-06,0.9000000000000002,True,correct
DBLP,0.7,50,9,conf/vldb/Tsur00,True,1,buI2V0eIcZoJ,buI2V0eIcZoJ,True,0.9999955869044204,4.3940925274243666e-06,0.999991192811893,0.9000000000000002,True,correct
DBLP,0.7,50,10,journals/sigmod/FowlerPNB99,True,6,2cbB8em2uAIJ,IgAEpc8ulvYJ,True,0.9999956383141573,0.999995631045429,7.268728285936277e-09,0.9000000000000002,True,correct
DBLP,0.7,50,11,conf/vldb/Taylor00,True,1,Af_4cNCu3MwJ,Af_4cNCu3MwJ,True,0.9999948937515414,4.5588039504360886e-06,0.9999903349475909,0.9000000000000002,True,correct
DBLP,0.7,50,12,journals/sigmod/Snodgrass99b,False,0,,url:http://portal.acm.org/ft_gateway.cfm%3Fid%3D290599%26type%3Dpdf%26dl%3DGUIDE%26dl%3DACM%26CFID%3D11111111%26CFTOKEN%3D2222222,False,0.9996128751746781,0.9983318945490444,0.0012809806256337541,0.9000000000000002,True,false_link
DBLP,0.7,50,13,conf/vldb/ZhangL98,True,1,ZjHAEBJYahAJ,ZjHAEBJYahAJ,True,0.9999955458912332,5.653096005542845e-06,0.9999898927952277,0.9000000000000002,True,correct
DBLP,0.7,50,14,journals/vldb/ScheuermannWZ98,True,1,Q_JRmsXFEM4J,Q_JRmsXFEM4J,True,0.9999961142991888,0.5948255973625132,0.4051705169366756,0.9000000000000002,True,correct
DBLP,0.7,50,15,journals/sigmod/Critchlow01,True,1,wuQbvQAcACsJ,wuQbvQAcACsJ,True,0.9999908714407544,3.3027702840259185e-06,0.9999875686704703,0.9000000000000002,True,correct
DBLP,0.7,50,16,conf/sigmod/JaedickeM98,True,4,9eSx_Gd0JoQJ,MswqiEweEGUJ,True,0.999996222172567,0.9999960739437485,1.4822881855280912e-07,0.9000000000000002,True,correct
DBLP,0.7,50,17,conf/vldb/GoodmanRS94,True,1,8CCHAKnGJ1EJ,8CCHAKnGJ1EJ,True,0.9999962342945249,4.515900709243141e-06,0.9999917183938156,0.9000000000000002,True,correct
DBLP,0.7,50,18,journals/sigmod/CalvaneseGLV03,True,1,pGcIRyDyFG8J,pGcIRyDyFG8J,True,0.9999943407385138,1.4889881128391625e-05,0.9999794508573854,0.9000000000000002,True,correct
DBLP,0.7,50,19,journals/sigmod/Date96,True,1,url:http://portal.acm.org/citation.cfm%3Fid%3D245882.245885%26coll%3DGUIDE%26dl%3DACM%26idx%3DJ689%26part%3Dperiodical%26WantType%3Dperiodical%26title%3DACM%2520SIGMOD%2520Record%26CFID%3D11111111%26CFTOKEN%3D2222222,url:http://portal.acm.org/citation.cfm%3Fid%3D245882.245885%26coll%3DGUIDE%26dl%3DACM%26idx%3DJ689%26part%3Dperiodical%26WantType%3Dperiodical%26title%3DACM%2520SIGMOD%2520Record%26CFID%3D11111111%26CFTOKEN%3D2222222,True,0.9999939660210844,0.0005771145573627746,0.9994168514637216,0.9000000000000002,True,correct
DBLP,0.7,50,20,conf/sigmod/LakshmananNHP99,True,4,ALUnDjtT1OAJ,DfOLEzMoEaEJ,True,0.9999954256704984,0.9999951052553755,3.204151228786145e-07,0.9000000000000002,True,correct
DBLP,0.7,50,21,conf/sigmod/Aggarwal03,True,1,qbubaA6mQawJ,qbubaA6mQawJ,True,0.9997716516579437,5.062052595503904e-05,0.9997210311319886,0.9000000000000002,True,correct
DBLP,0.7,50,22,journals/sigmod/RafanelliBT96,True,1,MfWZUBAVPFUJ,MfWZUBAVPFUJ,True,0.9999960585062412,4.034801598813206e-06,0.9999920237046424,0.9000000000000002,True,correct
DBLP,0.7,50,23,conf/vldb/BohannonFHRRS02,True,1,zYfyg0fCzEsJ,zYfyg0fCzEsJ,True,0.9999958296940091,3.793445354664553e-06,0.9999920362486545,0.9000000000000002,True,correct
DBLP,0.7,50,24,journals/sigmod/Camps96,True,1,mDj9X3EN9ycJ,url:http://portal.acm.org/ft_gateway.cfm%3Fid%3D245885%26type%3Dpdf%26dl%3DGUIDE%26dl%3DACM%26CFID%3D11111111%26CFTOKEN%3D2222222,False,0.9999883324833191,0.9999546796889943,3.3652794324767754e-05,0.9000000000000002,True,false_link
DBLP,0.7,50,25,conf/sigmod/DeshpandeNGS03,True,2,aBiqHXGXoJEJ,fU6zoUKeXe8J,True,0.9999952843355453,0.9999107181188586,8.456621668673225e-05,0.9000000000000002,True,correct
DBLP,0.7,50,26,conf/sigmod/GoldsteinL01,True,2,dxvwQEOjBJQJ,xufwWHmOf6IJ,True,0.9999961761387558,0.8285992314394367,0.1713969446993191,0.9000000000000002,True,correct
DBLP,0.7,50,27,journals/sigmod/Aberer02c,True,1,url:http://portal.acm.org/ft_gateway.cfm%3Fid%3D637424%26type%3Dpdf%26coll%3DGUIDE%26dl%3DACM%26CFID%3D11111111%26CFTOKEN%3D2222222,url:http://portal.acm.org/ft_gateway.cfm%3Fid%3D604274%26type%3Dpdf%26dl%3DGUIDE%26dl%3DACM%26CFID%3D11111111%26CFTOKEN%3D2222222,False,0.9999881092501419,0.9992511614561653,0.0007369477939765945,0.9000000000000002,True,false_link
DBLP,0.7,50,28,conf/sigmod/FaginKS03,True,2,dOY1djmoy04J,tQZWeE_nsa0J,True,0.9999959046642902,0.671997572179848,0.3279983324844422,0.9000000000000002,True,correct
DBLP,0.7,50,29,journals/tods/AmmannJR97,True,1,2e-NAgqt-joJ,2e-NAgqt-joJ,True,0.9999955206178991,0.9990026262494973,0.0009928943684017755,0.9000000000000002,True,correct
DBLP,0.7,50,30,journals/sigmod/HansonN99,True,4,b5uRDGKYrcMJ,b5uRDGKYrcMJ,True,0.9999957096563906,0.9999822370056919,1.3472650698731492e-05,0.9000000000000002,True,correct
DBLP,0.7,50,31,conf/sigmod/VitterW99,True,2,1UFq52qqErUJ,P5oJUiow7lsJ,True,0.9999941027610469,0.9976862193296248,0.0023078834314221863,0.9000000000000002,True,correct
DBLP,0.7,50,32,journals/sigmod/UlusoyB96,True,1,LclVYrb7vJoJ,LclVYrb7vJoJ,True,0.9999963604967144,5.199427154762186e-06,0.9999911610695597,0.9000000000000002,True,correct
DBLP,0.7,50,33,conf/vldb/TianD03,True,1,l7glyH7ltuQJ,l7glyH7ltuQJ,True,0.9999952311327582,3.369646233288646e-06,0.999991861486525,0.9000000000000002,True,correct
DBLP,0.7,50,34,conf/sigmod/HanFWCZK96,True,1,v9BdA55u_XMJ,v9BdA55u_XMJ,True,0.999995854761574,1.69953065294556e-05,0.9999788594550446,0.9000000000000002,True,correct
DBLP,0.7,50,35,conf/vldb/Schnase00,True,1,OdaRU442nm0J,OdaRU442nm0J,True,0.9999954354274928,0.001781029439081928,0.9982144059884108,0.9000000000000002,True,correct
DBLP,0.7,50,36,conf/vldb/CarinoJ98,True,1,LF2aUSIWko4J,LF2aUSIWko4J,True,0.9999960611703909,3.3486472202255418e-06,0.9999927125231707,0.9000000000000002,True,correct
DBLP,0.7,50,37,conf/sigmod/JoshiA01,True,2,H9bMRYKnXMQJ,H9bMRYKnXMQJ,True,0.9999959386031498,0.9999940555110304,1.8830921194590289e-06,0.9000000000000002,True,correct
DBLP,0.7,50,38,conf/sigmod/Mohan94,True,4,E2zhARKv5dsJ,Ft1YZIFfu0cJ,True,0.9999963408786333,0.9999827801564343,1.356072219904636e-05,0.9000000000000002,True,correct
DBLP,0.7,50,39,journals/sigmod/EisenbergM98,True,2,url:http://portal.acm.org/ft_gateway.cfm%3Fid%3D290604%26type%3Dpdf%26coll%3DGUIDE%26dl%3DACM%26CFID%3D11111111%26CFTOKEN%3D2222222,-RAYAJbKLNUJ,True,0.9999957121760594,0.00022191728485591666,0.9997737948912035,0.9000000000000002,True,correct
DBLP,0.7,50,40,conf/vldb/Mohan02a,True,1,ulDehVmIgfAJ,ulDehVmIgfAJ,True,0.9999964121209907,7.117287200397211e-06,0.9999892948337903,0.9000000000000002,True,correct
DBLP,0.7,50,41,conf/vldb/PapadiasZMT03,True,1,hJ8VP7FyOL0J,hJ8VP7FyOL0J,True,0.9999953650670653,6.383606137466196e-06,0.9999889814609279,0.9000000000000002,True,correct
DBLP,0.7,50,42,journals/tods/ChaudhuriS99,True,5,31oH64SXpRcJ,4MaErPILRq8J,True,0.9999943088603727,0.9999935525685311,7.562918415970898e-07,0.9000000000000002,True,correct
DBLP,0.7,50,43,conf/sigmod/AbiteboulCM95,True,3,4GT0Krd9RP0J,4GT0Krd9RP0J,True,0.9999920282022343,0.9999878537695126,4.174432721715249e-06,0.9000000000000002,True,correct
DBLP,0.7,50,44,conf/vldb/LeeL96,True,1,tuVp_18tFv8J,tuVp_18tFv8J,True,0.9999955425597519,9.970725813498089e-06,0.9999855718339383,0.9000000000000002,True,correct
DBLP,0.7,50,45,conf/vldb/LeeL99,True,1,szHsyFiOuwAJ,szHsyFiOuwAJ,True,0.9999956401772645,3.250251217098483e-06,0.9999923899260474,0.9000000000000002,True,correct
DBLP,0.7,50,46,conf/vldb/GraefeBC98,True,1,v-kvo2hnsgkJ,v-kvo2hnsgkJ,True,0.9999962438709465,1.590663224259366e-05,0.9999803372387039,0.9000000000000002,True,correct
DBLP,0.7,50,47,journals/sigmod/DomenigD99,True,2,bi68bm0miqkJ,S6TMGRGUq1IJ,True,0.9999958646327797,0.9999907176286124,5.1470041673162825e-06,0.9000000000000002,True,correct
DBLP,0.7,50,48,journals/sigmod/Snodgrass03,True,1,m-l6e98xxOsJ,m-l6e98xxOsJ,True,0.999994477699108,4.1094660871920214e-05,0.9999533830382361,0.9000000000000002,True,correct
DBLP,0.7,50,49,conf/vldb/Mohan02,True,3,eyxIItge9MQJ,eyxIItge9MQJ,True,0.9999663092978076,0.9804795471939183,0.019486762103889332,0.9000000000000002,True,correct
DBLP,0.7,50,50,conf/sigmod/LlirbatFS97,True,1,hJiwQ2CQRBkJ,hJiwQ2CQRBkJ,True,0.9999961022816559,3.1326299651952966e-06,0.9999929696516907,0.9000000000000002,True,correct
DBLP,0.7,50,51,conf/vldb/MarronL01,True,4,9z2MfdOAAdIJ,a3aecJJ58NIJ,True,0.9999955128320972,0.9999943385792773,1.1742528198688262e-06,0.9000000000000002,True,correct
DBLP,0.7,50,52,journals/sigmod/HasanMV96,True,1,bLbjFFkQJdIJ,bLbjFFkQJdIJ,True,0.9999958264872364,4.933435495366228e-06,0.999990893051741,0.9000000000000002,True,correct
DBLP,0.7,50,53,journals/sigmod/Geller02,True,1,url:http://portal.acm.org/ft_gateway.cfm%3Fid%3D507355%26type%3Dpdf%26dl%3DGUIDE%26dl%3DACM%26CFID%3D11111111%26CFTOKEN%3D2222222,url:http://portal.acm.org/ft_gateway.cfm%3Fid%3D507355%26type%3Dpdf%26dl%3DGUIDE%26dl%3DACM%26CFID%3D11111111%26CFTOKEN%3D2222222,True,0.9821899644056488,4.9457251109606135e-05,0.9821405071545392,0.9000000000000002,True,correct
DBLP,0.7,50,54,journals/sigmod/WenLMZ03,True,1,5KdceadGf8cJ,5KdceadGf8cJ,True,0.9999959018083009,4.338098312334119e-06,0.9999915637099885,0.9000000000000002,True,correct
DBLP,0.7,50,55,conf/vldb/BernsteinHJRW00,True,3,0KiQzAIFlJkJ,KlPsHutXQi8J,True,0.9999939444842424,0.9999729662986632,2.0978185579223485e-05,0.9000000000000002,True,correct
DBLP,0.7,50,56,conf/vldb/ChakrabartiSST00,True,1,eMCZN8ZXNJIJ,eMCZN8ZXNJIJ,True,0.9999962852015191,3.3202534482414653e-06,0.9999929649480708,0.9000000000000002,True,correct
DBLP,0.7,50,57,journals/sigmod/LeeF01,True,2,llGIoKCzsiYJ,oUisL_YUScYJ,True,0.999995997494463,0.9999956916033191,3.058911438591494e-07,0.9000000000000002,True,correct
DBLP,0.7,50,58,journals/vldb/ChuIT94,True,1,IDo3ZQocZE4J,IDo3ZQocZE4J,True,0.9999961235745317,0.01794975274033624,0.9820463708341954,0.9000000000000002,True,correct
DBLP,0.7,50,59,conf/sigmod/DanielsDDEHJJLSSS94,True,1,fLNHwVFqnbIJ,fLNHwVFqnbIJ,True,0.9999915289635648,4.178000809993716e-06,0.9999873509627548,0.9000000000000002,True,correct
DBLP,0.7,50,60,journals/tods/JajodiaSSS01,True,1,oH5XZWjwC6AJ,oH5XZWjwC6AJ,True,0.9999955654684411,0.0004097875459756351,0.9995857779224655,0.9000000000000002,True,correct
DBLP,0.7,50,61,conf/vldb/Mohan99,True,1,4N472VSotmMJ,4N472VSotmMJ,True,0.9999956390669816,3.2723834893729307e-06,0.9999923666834922,0.9000000000000002,True,correct
DBLP,0.7,50,62,journals/sigmod/WuY00,True,1,url:http://portal.acm.org/ft_gateway.cfm%3Fid%3D362096%26type%3Dpdf%26dl%3DGUIDE%26dl%3DACM%26CFID%3D11111111%26CFTOKEN%3D2222222,url:http://portal.acm.org/ft_gateway.cfm%3Fid%3D362096%26type%3Dpdf%26dl%3DGUIDE%26dl%3DACM%26CFID%3D11111111%26CFTOKEN%3D2222222,True,0.9999954907482104,6.712955562310201e-05,0.9999283611925873,0.9000000000000002,True,correct
DBLP,0.7,50,63,journals/sigmod/Cingil02,True,1,2K6rhX16hXwJ,2K6rhX16hXwJ,True,0.9999960544821797,3.555964306104035e-06,0.9999924985178735,0.9000000000000002,True,correct
DBLP,0.7,50,64,conf/vldb/ChangG97,True,6,0NK87fQBfPUJ,2SYiXa0vGN4J,True,0.9999961403770852,0.9999813944078283,1.4745969256879654e-05,0.9000000000000002,True,correct
DBLP,0.7,50,65,conf/sigmod/McAuliffeCS96,True,2,c__Nxyn_uvwJ,c__Nxyn_uvwJ,True,0.9999957186075847,0.0006899553536659887,0.9993057632539187,0.9000000000000002,True,correct
DBLP,0.7,50,66,conf/sigmod/Rosenthal01,True,2,url:http://portal.acm.org/citation.cfm%3Fid%3D375796,url:http://portal.acm.org/ft_gateway.cfm%3Fid%3D375796%26type%3Dpdf%26dl%3DGUIDE%26dl%3DACM%26CFID%3D11111111%26CFTOKEN%3D2222222,True,0.9999865091544334,0.9998668632663975,0.00011964588803592413,0.9000000000000002,True,correct
DBLP,0.7,50,67,conf/sigmod/Chamberlin03,True,2,_F5D4QMbZ0sJ,Jjob6_YGJSQJ,False,0.9999613380476028,0.9998921408838405,6.919716376230234e-05,0.9000000000000002,True,false_link
DBLP,0.7,50,68,conf/vldb/DayalHL01,True,3,0XYRlW9tvw8J,0XYRlW9tvw8J,True,0.999995570468622,0.9999929771468044,2.593321817623284e-06,0.9000000000000002,True,correct
DBLP,0.7,50,69,journals/sigmod/Kumar03,True,1,VuNnpxJwvQkJ,VuNnpxJwvQkJ,True,0.9999955044540185,2.1894278736465147e-05,0.9999736101752821,0.9000000000000002,True,correct
DBLP,0.7,50,70,journals/sigmod/HaritsaS96,True,1,qA7JBQahK3wJ,2w2qkhr3k3kJ,False,0.30024292579088036,0.23452860970840572,0.06571431608247463,0.9000000000000002,False,missing_match
DBLP,0.7,50,71,conf/sigmod/KriegelBKPS03,True,2,i0c65loyE60J,tsqBH6P4jMcJ,True,0.9999962802171495,0.9999961069067481,1.7331040136348008e-07,0.9000000000000002,True,correct
DBLP,0.7,50,72,conf/vldb/DiaoLCT00,True,2,hdDsjafWJIwJ,lzbvXZxLKJIJ,True,0.999995023919821,0.9999724885356095,2.2535384211486154e-05,0.9000000000000002,True,correct
DBLP,0.7,50,73,journals/vldb/MaedcheMS03,True,1,qKJ1c8D-95wJ,qKJ1c8D-95wJ,True,0.9999959590717915,8.48123769202741e-06,0.9999874778340995,0.9000000000000002,True,correct
DBLP,0.7,50,74,conf/vldb/Dasgupta96,True,1,A0c2Gd1lP5QJ,A0c2Gd1lP5QJ,True,0.9999950136921851,3.845287087824233e-06,0.9999911684050973,0.9000000000000002,True,correct
DBLP,0.7,50,75,conf/vldb/ZurekS99,True,1,mEdoUlcnDsgJ,mEdoUlcnDsgJ,True,0.9999963978551948,3.862962852920805e-06,0.9999925348923419,0.9000000000000002,True,correct
DBLP,0.7,50,76,conf/sigmod/Wu99,True,2,oIDF-Jhm9CYJ,xl1Jscb79KEJ,True,0.9999952372185427,0.9999833327394052,1.1904479137458956e-05,0.9000000000000002,True,correct
DBLP,0.7,50,77,conf/sigmod/BohmBKK01,True,1,C4XcBh6anhAJ,C4XcBh6anhAJ,True,0.9999956256047074,5.962157329204202e-06,0.9999896634473783,0.9000000000000002,True,correct
DBLP,0.7,50,78,journals/tods/CasatiCPP99,True,6,12JXvv17ugoJ,6F_cUJERo6sJ,True,0.9999954461409283,0.9999756653447658,1.9780796162494063e-05,0.9000000000000002,True,correct
DBLP,0.7,50,79,conf/sigmod/OlstonWL01,True,1,I_YprPVQ45QJ,I_YprPVQ45QJ,True,0.999995198481086,3.312548977674725e-06,0.9999918859321083,0.9000000000000002,True,correct
DBLP,0.7,50,80,conf/vldb/BrownCC94,True,3,E-1nAx7gc-8J,oayI0FKl-nQJ,True,0.9999951753010436,0.9999891656530044,6.009648039206894e-06,0.9000000000000002,True,correct
DBLP,0.7,50,81,journals/sigmod/GobleR02,True,1,url:http://portal.acm.org/ft_gateway.cfm%3Fid%3D507366%26type%3Dpdf%26dl%3DGUIDE%26dl%3DACM%26CFID%3D11111111%26CFTOKEN%3D2222222,url:http://portal.acm.org/ft_gateway.cfm%3Fid%3D507366%26type%3Dpdf%26dl%3DGUIDE%26dl%3DACM%26CFID%3D11111111%26CFTOKEN%3D2222222,True,0.9999959610367076,2.386774698193292e-05,0.9999720932897257,0.9000000000000002,True,correct
DBLP,0.7,50,82,conf/vldb/AtzeniMM97,True,7,25kJ4dWczjEJ,sARbiNQPPWQJ,True,0.9999946751808669,0.9999925222399657,2.1529409012233103e-06,0.9000000000000002,True,correct
DBLP,0.7,50,83,conf/sigmod/BlakeleyD00,True,2,url:http://portal.acm.org/citation.cfm%3Fid%3D335191.335480%26coll%3DGUIDE%26dl%3DACM%26idx%3DJ689%26part%3Dperiodical%26WantType%3Dperiodical%26title%3DACM%2520SIGMOD%2520Record%26CFID%3D11111111%26CFTOKEN%3D2222222,url:http://portal.acm.org/citation.cfm%3Fid%3D335191.335480%26coll%3DGUIDE%26dl%3DACM%26idx%3DJ689%26part%3Dperiodical%26WantType%3Dperiodical%26title%3DACM%2520SIGMOD%2520Record%26CFID%3D11111111%26CFTOKEN%3D2222222,True,0.9978000784495676,0.006923225724600491,0.9908768527249672,0.9000000000000002,True,correct
DBLP,0.7,50,84,journals/sigmod/Liu02,False,0,,diQK7Y_z3XwJ,False,1.2659124534402027e-05,1.0177768769196506e-05,2.4813557652055207e-06,0.9000000000000002,False,unmatched_abstention
DBLP,0.7,50,85,conf/vldb/AnkerstBKS98,True,1,DbLGmJX7UJ8J,DbLGmJX7UJ8J,True,0.9999962755528808,3.4958266626306004e-06,0.9999927797262183,0.9000000000000002,True,correct
DBLP,0.7,50,86,conf/sigmod/Doherty98,True,1,7aUag74jtdIJ,7aUag74jtdIJ,True,0.9999958902821078,5.839795689750274e-06,0.999990050486418,0.9000000000000002,True,correct
DBLP,0.7,50,87,journals/sigmod/Kim99,False,0,,url:http://portal.acm.org/citation.cfm%3Fid%3D357775%26dl%3DGUIDE%26dl%3DACM%26type%3Dissue%26idx%3DJ777%26part%3Dperiodical%26WantType%3Dperiodical%26title%3DACM%2520Transactions%2520on%2520Database%2520Systems%2520(TODS)%26CFID%3D11111111%26CFTOKEN%3D2222222,False,5.42406193969497e-05,8.981140666274853e-06,4.525947873067485e-05,0.9000000000000002,False,unmatched_abstention
DBLP,0.7,50,88,journals/tods/Meo00,True,1,NQShGztSLaoJ,NQShGztSLaoJ,True,0.9999922811483376,3.394805258427688e-06,0.9999888863430791,0.9000000000000002,True,correct
DBLP,0.7,50,89,conf/vldb/AndreiV01,True,1,Ms4IJoI6-34J,Ms4IJoI6-34J,True,0.9999960555506487,3.6437054843690784e-06,0.9999924118451644,0.9000000000000002,True,correct
DBLP,0.7,50,90,conf/vldb/ShahRS02,True,2,ByAk0yD64SYJ,ByAk0yD64SYJ,True,0.9999939151691414,0.9999937422806304,1.728885109519851e-07,0.9000000000000002,True,correct
DBLP,0.7,50,91,conf/sigmod/AgichteinGV01,True,2,GDoFPiEzEhQJ,GDoFPiEzEhQJ,True,0.9999957481521032,0.023958829143773588,0.9760369190083297,0.9000000000000002,True,correct
DBLP,0.7,50,92,conf/vldb/EsterKSWX98,True,2,ebJMvVO8zp0J,MC7KlhmEQt8J,True,0.9999949482039904,0.9999930094478521,1.938756138297748e-06,0.9000000000000002,True,correct
DBLP,0.7,50,93,conf/sigmod/BrunoC02,True,2,Gz0uaD8l3T4J,KAf2DUUVabIJ,True,0.999995770395452,0.9368933284909776,0.06310244190447434,0.9000000000000002,True,correct
DBLP,0.7,50,94,conf/sigmod/ThaperGIK02,True,4,6a1G1MBvuWcJ,855tuDOhjl4J,True,0.999991890981379,0.9999914857628409,4.0521853805763897e-07,0.9000000000000002,True,correct
DBLP,0.7,50,95,journals/vldb/GruserRZZ00,True,1,9EBKpmSLc_oJ,9EBKpmSLc_oJ,True,0.9999961260580076,3.5172454389711104e-06,0.9999926088125686,0.9000000000000002,True,correct
DBLP,0.7,50,96,conf/sigmod/TheodoulidisAACKS94,True,2,JFOg1ntEUvMJ,srDgEOADv7cJ,True,0.9999918739502589,0.9999707615785899,2.1112371669018692e-05,0.9000000000000002,True,correct
DBLP,0.7,50,97,conf/vldb/SeshadriLR96,True,4,ifOM4z6uxXUJ,-Pmsximl_moJ,True,0.9999956947453968,0.9999953068261396,3.8791925727199583e-07,0.9000000000000002,True,correct
DBLP,0.7,50,98,conf/sigmod/Jagadish94,True,1,eH69_dCm18wJ,eH69_dCm18wJ,True,0.999992734110629,1.5161328346016017e-05,0.9999775727822829,0.9000000000000002,True,correct
DBLP,0.7,50,99,conf/sigmod/BreunigKKS01,True,3,3ET_IEkoGjYJ,3ET_IEkoGjYJ,True,0.9999954555075571,0.9999951660484337,2.894591233371102e-07,0.9000000000000002,True,correct
DBLP,0.7,50,100,conf/vldb/ShaferAM96,True,6,5HHRNLsy0sAJ,5HHRNLsy0sAJ,True,0.9999962153138164,0.9999960465838521,1.687299643338136e-07,0.9000000000000002,True,correct
DBLP,0.7,50,101,conf/vldb/George98,True,1,xACnzf6RhVwJ,xACnzf6RhVwJ,True,0.9999963665795634,5.495135129801947e-06,0.9999908714444335,0.9000000000000002,True,correct
DBLP,0.7,50,102,conf/sigmod/RodriguezR00,True,6,Bzj3hMdoqVoJ,UF4wxbIa6FMJ,True,0.9999964567368135,0.9999962788972647,1.7783954875394414e-07,0.9000000000000002,True,correct
DBLP,0.7,50,103,conf/sigmod/GingrasLSPS97,True,3,D0EVu0EZM-UJ,hlbdfqaXdkAJ,True,0.9999949914784446,0.9999585219362005,3.646954224412191e-05,0.9000000000000002,True,correct
DBLP,0.7,50,104,journals/vldb/KieslingSSD94,True,1,bvFRYOianJUJ,bvFRYOianJUJ,True,0.9999936089745624,3.460665675555935e-06,0.9999901483088868,0.9000000000000002,True,correct
DBLP,0.7,50,105,journals/sigmod/Wiegand02,True,1,RAcoVQuEzD8J,RAcoVQuEzD8J,True,0.9999960211436023,4.223183824794e-06,0.9999917979597776,0.9000000000000002,True,correct
DBLP,0.7,50,106,conf/sigmod/SalemBCL00,True,1,FElMcikK2GUJ,FElMcikK2GUJ,True,0.9999950189012601,3.367988457544105e-06,0.9999916509128025,0.9000000000000002,True,correct
DBLP,0.7,50,107,journals/vldb/OoiTCH98,True,1,xv1webZ985MJ,xv1webZ985MJ,True,0.9999958405968635,3.2665706100580966e-05,0.9999631748907629,0.9000000000000002,True,correct
DBLP,0.7,50,108,conf/vldb/Schoning98,True,2,HEJ1Z4Q_xXMJ,HEJ1Z4Q_xXMJ,True,0.9999928203762637,0.9999875188176428,5.301558620884883e-06,0.9000000000000002,True,correct
DBLP,0.7,50,109,conf/sigmod/Whelan98,True,1,Jp9LEvXjiJAJ,Jp9LEvXjiJAJ,True,0.9999958860235254,3.4509466561932193e-06,0.9999924350768692,0.9000000000000002,True,correct
DBLP,0.7,50,110,journals/vldb/C94b,False,0,,eqG6nWIq6FIJ,False,0.0003398885930088904,0.00030291939759405844,3.696919541483197e-05,0.9000000000000002,False,unmatched_abstention
DBLP,0.7,50,111,journals/sigmod/AilamakiG03,True,1,url:http://portal.acm.org/ft_gateway.cfm%3Fid%3D777004%26type%3Dpdf%26dl%3DGUIDE%26dl%3DACM%26CFID%3D11111111%26CFTOKEN%3D2222222,url:http://portal.acm.org/ft_gateway.cfm%3Fid%3D777004%26type%3Dpdf%26dl%3DGUIDE%26dl%3DACM%26CFID%3D11111111%26CFTOKEN%3D2222222,True,0.9999956982708289,3.4408841056109685e-06,0.9999922573867233,0.9000000000000002,True,correct
DBLP,0.7,50,112,journals/vldb/ChanGR03,True,2,7rn7AHVs1YUJ,7rn7AHVs1YUJ,True,0.9999959679102385,0.9999860328063844,9.93510385405294e-06,0.9000000000000002,True,correct
DBLP,0.7,50,113,conf/vldb/YangKL97,True,1,qN1APPIGZMMJ,qN1APPIGZMMJ,True,0.9999954442861415,0.0014379634540408247,0.9985574808321007,0.9000000000000002,True,correct
DBLP,0.7,50,114,conf/vldb/Bayer95,True,1,W3l3pQ62_YMJ,W3l3pQ62_YMJ,True,0.999995612883327,7.166195699790399e-06,0.9999884466876272,0.9000000000000002,True,correct
DBLP,0.7,50,115,conf/sigmod/GrumbachRS98,True,1,RQTFVFT_w9gJ,RQTFVFT_w9gJ,True,0.9999954750807247,3.281702894154427e-06,0.9999921933778305,0.9000000000000002,True,correct
DBLP,0.7,50,116,conf/sigmod/Mohan99,True,1,XppwYYxOpksJ,XppwYYxOpksJ,True,0.9999958604265754,0.00037378867059624385,0.9996220717559792,0.9000000000000002,True,correct
DBLP,0.7,50,117,conf/vldb/AbiteboulAAACHHMMMMSTV99,True,2,2MSe6dRu6OcJ,zHCrzBCoweAJ,True,0.9999869445038919,0.9999762254610419,1.0719042849993698e-05,0.9000000000000002,True,correct
DBLP,0.7,50,118,journals/sigmod/Manola98,True,2,VIjfH9f94xkJ,VIjfH9f94xkJ,True,0.999995450230083,0.9999604854298716,3.496480021136783e-05,0.9000000000000002,True,correct
DBLP,0.7,50,119,conf/vldb/BunkerCCMMW01,True,1,bKfF2TdyKDwJ,bKfF2TdyKDwJ,True,0.9999951115577413,3.7195487263252552e-06,0.999991392009015,0.9000000000000002,True,correct
DBLP,0.7,50,120,conf/vldb/LeeWMS02,True,1,c-MP8R47zVIJ,c-MP8R47zVIJ,True,0.9999961951163637,5.681226868298322e-06,0.9999905138894954,0.9000000000000002,True,correct
DBLP,0.7,50,121,conf/vldb/DavisonG94,True,1,fN8wW3Y4FJkJ,fN8wW3Y4FJkJ,True,0.9999935325973973,5.4784118610054656e-06,0.9999880541855363,0.9000000000000002,True,correct
DBLP,0.7,50,122,journals/vldb/ShyyASL96,True,4,1J2ubL0l2UMJ,n8EWz5rQancJ,True,0.9999958017011413,0.999995468123466,3.335776753710107e-07,0.9000000000000002,True,correct
DBLP,0.7,50,123,journals/sigmod/RossHLW01,True,1,url:http://portal.acm.org/citation.cfm%3Fid%3D1041410.1041430,tOa0zXK5Ba4J,False,0.00042802213376544996,0.0003098684078117161,0.00011815372595373389,0.9000000000000002,False,missing_match
DBLP,0.7,50,124,conf/vldb/GyssensL97,True,8,5ZEYqz95ZRAJ,7jSBx3h3cvUJ,True,0.9999954590556731,0.9999942637430845,1.1953125885755256e-06,0.9000000000000002,True,correct
DBLP,0.7,50,125,journals/sigmod/LenzeriniNNS01,False,0,,url:http://portal.acm.org/ft_gateway.cfm%3Fid%3D290595%26type%3Dpdf%26dl%3DGUIDE%26dl%3DACM%26CFID%3D11111111%26CFTOKEN%3D2222222,False,0.9997673852623563,0.6736181970303877,0.3261491882319686,0.9000000000000002,True,false_link
DBLP,0.7,50,126,conf/sigmod/CareyDNAGS97,True,5,GmUD1o-uPvYJ,mt8Q1YmVRkMJ,True,0.9999938814598457,0.9989040636704192,0.001089817789426517,0.9000000000000002,True,correct
DBLP,0.7,50,127,journals/sigmod/McHughW97,True,1,dAnyGPqToQEJ,dAnyGPqToQEJ,True,0.9999961059004687,4.10672462509399e-06,0.9999919991758436,0.9000000000000002,True,correct
DBLP,0.7,50,128,journals/sigmod/Liu03a,False,0,,url:http://portal.acm.org/citation.cfm%3Fid%3D945721.945727%26coll%3DGUIDE%26dl%3DACM%26idx%3DJ689%26part%3Dperiodical%26WantType%3Dperiodical%26title%3DACM%2520SIGMOD%2520Record%26CFID%3D11111111%26CFTOKEN%3D2222222,False,9.270225556097029e-05,3.1093789017122724e-05,6.160846654384756e-05,0.9000000000000002,False,unmatched_abstention
DBLP,0.7,50,129,conf/sigmod/Brewer98,True,1,k4UNrsGeUuAJ,k4UNrsGeUuAJ,True,0.9999961438796251,1.2257088443034107e-05,0.9999838867911821,0.9000000000000002,True,correct
DBLP,0.7,50,130,conf/vldb/Carey00,False,0,,YNf6LdvNZO0J,False,3.45480264930874e-06,3.2177381948863145e-06,2.3706445442242533e-07,0.9000000000000002,False,unmatched_abstention
DBLP,0.7,50,131,conf/sigmod/NestorovAM98,True,2,5icRoG_Vmc0J,5icRoG_Vmc0J,True,0.9999945653304955,0.999964843228312,2.972210218343818e-05,0.9000000000000002,True,correct
DBLP,0.7,50,132,conf/vldb/DidriksenGD95,True,1,0TNJ5d1tfkEJ,0TNJ5d1tfkEJ,True,0.9999957299393206,3.2679300516863202e-06,0.999992462009269,0.9000000000000002,True,correct
DBLP,0.7,50,133,conf/vldb/OhuraTPK02,False,0,,7e_EwULfgusJ,False,3.1948967286014735e-06,3.133113977482756e-06,6.178275111871737e-08,0.9000000000000002,False,unmatched_abstention
DBLP,0.7,50,134,journals/sigmod/Roussopoulos98,True,2,GfjHZswtM0EJ,GfjHZswtM0EJ,True,0.9999950052586875,0.9861892844754087,0.013805720783278796,0.9000000000000002,True,correct
DBLP,0.7,50,135,journals/sigmod/BhargavaAP95,True,2,ALJ4TObSDlIJ,Sql66UDiVnwJ,True,0.9999961299278725,0.9999932465211865,2.8834066859717566e-06,0.9000000000000002,True,correct
DBLP,0.7,50,136,conf/sigmod/GoyalHKMSZ97,True,2,D-1jnVnmWnQJ,OcGPxRYxbsUJ,True,0.9999935155457842,0.00019712957034151492,0.9997963859754426,0.9000000000000002,True,correct
DBLP,0.7,50,137,journals/sigmod/MusickC99,True,2,mA4kKq9Z3tYJ,mA4kKq9Z3tYJ,True,0.9999961340224641,0.9999902517316003,5.882290863845618e-06,0.9000000000000002,True,correct
DBLP,0.7,50,138,conf/vldb/ShegalovWBL02,True,2,CzVyfZe-kj0J,CzVyfZe-kj0J,True,0.9999956386760285,0.9999740862000297,2.1552475998776188e-05,0.9000000000000002,True,correct
DBLP,0.7,50,139,journals/vldb/WangW01,True,1,4eHVZHcQvdMJ,4eHVZHcQvdMJ,True,0.9999960191585745,3.6591178770746513e-06,0.9999923600406975,0.9000000000000002,True,correct
DBLP,0.7,50,140,conf/sigmod/DreyerDS95,True,2,i1qU2OFSeloJ,i1qU2OFSeloJ,True,0.9999957239367111,0.9999951177774964,6.061592147110773e-07,0.9000000000000002,True,correct
DBLP,0.7,50,141,journals/sigmod/ArenasKKKMM03,True,2,biVrK7MrU4QJ,biVrK7MrU4QJ,True,0.9999936688672839,0.9996939886473274,0.00029968021995652183,0.9000000000000002,True,correct
DBLP,0.7,50,142,journals/vldb/PanagosB97,True,1,Ht4Yl1kJuxIJ,Ht4Yl1kJuxIJ,True,0.9999960154097527,0.9999634401084361,3.2575301316617455e-05,0.9000000000000002,True,correct
DBLP,0.7,50,143,conf/sigmod/FranklinJK96,True,7,0e3bs1VFPvAJ,yY5hMqazRHoJ,True,0.999995076101451,0.9999852955131431,9.78058830791717e-06,0.9000000000000002,True,correct
DBLP,0.7,50,144,conf/vldb/SenkulKT02,True,1,g7HDbO4GCN4J,g7HDbO4GCN4J,True,0.9999960701640684,3.351957329598499e-06,0.9999927182067389,0.9000000000000002,True,correct
DBLP,0.7,50,145,journals/vldb/LeeW94,True,1,KPU-guH7cCkJ,KPU-guH7cCkJ,True,0.9999957931844545,0.00016801473328906773,0.9998277784511654,0.9000000000000002,True,correct
DBLP,0.7,50,146,conf/sigmod/AgrawalES03,True,2,HypA8oN4PqsJ,HypA8oN4PqsJ,True,0.999995474934003,0.003374018643740154,0.9966214562902628,0.9000000000000002,True,correct
DBLP,0.7,50,147,conf/sigmod/LuWYBLY02,True,1,JKQ1qE-naxQJ,JKQ1qE-naxQJ,True,0.9999960635399321,0.9999552323456515,4.083119428055504e-05,0.9000000000000002,True,correct
DBLP,0.7,50,148,conf/sigmod/GravanoGT94,True,10,81oh7EDAYeoJ,H6fWl-cSuY4J,True,0.9999949555938167,0.9999938124061126,1.143187704055748e-06,0.9000000000000002,True,correct
DBLP,0.7,50,149,journals/sigmod/YauLMS99,True,2,bhVBJw9Rp3QJ,vWwVQvcIrbEJ,True,0.9999951965208471,0.9999911839972869,4.012523560192882e-06,0.9000000000000002,True,correct
DBLP,0.7,50,150,journals/vldb/Atkinson00,True,1,url:http://www.springerlink.com/index/CFM1025XF89JLNH8.pdf,url:http://www.springerlink.com/index/0YKCKU5LKG6G102T.pdf,False,0.9996234410913154,0.9912491493868952,0.008374291704420167,0.9000000000000002,True,false_link
DBLP,0.7,50,151,conf/vldb/ZhouLZLZJT01,True,2,fJQ7Col2vYsJ,fJQ7Col2vYsJ,True,0.9999959252068273,0.9999915628014399,4.3624053874813384e-06,0.9000000000000002,True,correct
DBLP,0.7,50,152,conf/sigmod/LiuHBPT99,True,2,BIox2W-EPfEJ,PKQ1dCQIwi0J,True,0.9999963032888539,0.9999703208032183,2.5982485635567265e-05,0.9000000000000002,True,correct
DBLP,0.7,50,153,conf/sigmod/GuhaJKSY02,True,1,z6l0wfs32iYJ,z6l0wfs32iYJ,True,0.9999900566976181,2.2038822692843752e-05,0.9999680178749253,0.9000000000000002,True,correct
DBLP,0.7,50,154,conf/vldb/BestavrosB95,True,2,LDv4my6gWJQJ,lGyhpsPV6ogJ,True,0.999995027970859,0.9857717634784041,0.014223264492454923,0.9000000000000002,True,correct
DBLP,0.7,50,155,journals/vldb/HarrisR96,True,1,S8x6zjXc9oAJ,S8x6zjXc9oAJ,True,0.9999948495786852,3.7257473402245746e-06,0.999991123831345,0.9000000000000002,True,correct
DBLP,0.7,50,156,conf/vldb/Fecteau95,True,2,5JMz3UpESeQJ,LhjvKpDcJKUJ,True,0.9999956262888178,0.9999743340370326,2.129225178515437e-05,0.9000000000000002,True,correct
DBLP,0.7,50,157,journals/sigmod/ConradHHKRSS99,True,4,3aPleydkcIoJ,nmEhI0tiWGAJ,True,0.9999943768586265,0.999994061766393,3.1509223341608106e-07,0.9000000000000002,True,correct
DBLP,0.7,50,158,conf/vldb/Greco98,True,1,CCr8CUlHeNsJ,CCr8CUlHeNsJ,True,0.9999953369581315,6.962063702117418e-06,0.9999883748944294,0.9000000000000002,True,correct
DBLP,0.7,50,159,journals/sigmod/Konig-RiesMMPPRSVW02,True,2,FIxl60DSBqgJ,s6EfjBMbUb4J,True,0.9999958947790208,0.2059325261016841,0.7940633686773367,0.9000000000000002,True,correct
DBLP,0.7,50,160,journals/tods/IoannidisR95,True,1,TJDMWbCXMtgJ,TJDMWbCXMtgJ,True,0.9999949237092011,3.885382135849862e-06,0.9999910383270653,0.9000000000000002,True,correct
DBLP,0.7,50,161,conf/vldb/SrivastavaDJL96,True,6,01ZVDudF4WAJ,01ZVDudF4WAJ,True,0.9999957225173475,0.9999950806401698,6.418771776317556e-07,0.9000000000000002,True,correct
DBLP,0.7,50,162,journals/sigmod/Kemper02,False,0,,kIKj9dGKjQgJ,False,3.625020395025317e-06,3.5524561252949714e-06,7.256426973034551e-08,0.9000000000000002,False,unmatched_abstention
DBLP,0.7,50,163,journals/sigmod/Liu02b,False,0,,diQK7Y_z3XwJ,False,1.2659124534402027e-05,1.0177768769196506e-05,2.4813557652055207e-06,0.9000000000000002,False,unmatched_abstention
DBLP,0.7,50,164,conf/vldb/LamKR02,True,1,GdvZvvRTXIAJ,GdvZvvRTXIAJ,True,0.9999962692749468,3.415123027368124e-06,0.9999928541519194,0.9000000000000002,True,correct
DBLP,0.7,50,165,conf/vldb/BenediktCFRZZ02,True,1,7xe6Gp9fIEEJ,7xe6Gp9fIEEJ,True,0.999994601258121,3.534798512666759e-06,0.9999910664596083,0.9000000000000002,True,correct
DBLP,0.7,50,166,conf/sigmod/Team95c,False,0,,SZGjNNZj5QgJ,False,3.262160219735103e-06,3.1879665072853857e-06,7.419371244971745e-08,0.9000000000000002,False,unmatched_abstention
DBLP,0.7,50,167,conf/vldb/AltinelBKMPR03,True,2,hd5JHUAr6z4J,wIlHF5DfRbMJ,True,0.9999956420104832,0.9999949669486932,6.750617900230793e-07,0.9000000000000002,True,correct
DBLP,0.7,50,168,conf/sigmod/LiVCAHMWBCHIKSS99,True,3,L854PhEQPTsJ,P25_yh3lBhoJ,True,0.9999954666321602,0.9999950243516459,4.422805143233788e-07,0.9000000000000002,True,correct
DBLP,0.7,50,169,conf/vldb/OoiYTJ01,True,2,RFEE_MNM8IUJ,RFEE_MNM8IUJ,True,0.999995383070828,0.9999948463063878,5.367644402287652e-07,0.9000000000000002,True,correct
DBLP,0.7,50,170,conf/vldb/DagevilleZ02,True,1,x9bmOZxOlE8J,x9bmOZxOlE8J,True,0.9999954487111868,4.5401389136560516e-06,0.9999909085722731,0.9000000000000002,True,correct
DBLP,0.7,50,171,conf/sigmod/ZaianeHLCC98,True,6,eauaGLr5uCUJ,GfRmtB2qhgYJ,True,0.9999959695864344,0.9999955652189185,4.043675159159932e-07,0.9000000000000002,True,correct
DBLP,0.7,50,172,conf/vldb/ChavdaW97,True,2,E9AsPVyCDlMJ,E9AsPVyCDlMJ,True,0.9999957194853475,0.9486049967701533,0.05139072271519418,0.9000000000000002,True,correct
DBLP,0.7,50,173,journals/sigmod/Hellerstein03,True,2,5FSG85HbUygJ,pHHvswIOFfAJ,True,0.999993622570033,0.9999817319801734,1.1890589859619993e-05,0.9000000000000002,True,correct
DBLP,0.7,50,174,conf/sigmod/ShahC01,True,1,2wGOv6yh4yIJ,2wGOv6yh4yIJ,True,0.9999959530246479,5.631733478290962e-06,0.9999903212911696,0.9000000000000002,True,correct
DBLP,0.7,50,175,journals/tods/Kim94,True,1,url:http://portal.acm.org/citation.cfm%3Fid%3D202106.569784%26coll%3Dportal%26dl%3DACM%26idx%3DJ777%26part%3Dtransaction%26WantType%3Dtransaction%26title%3DACM%2520Transactions%2520on%2520Database%2520Systems%2520(TODS)%26CFID%3D11111111%26CFTOKEN%3D2222222,url:http://portal.acm.org/citation.cfm%3Fid%3D202106.569784%26coll%3Dportal%26dl%3DACM%26idx%3DJ777%26part%3Dtransaction%26WantType%3Dtransaction%26title%3DACM%2520Transactions%2520on%2520Database%2520Systems%2520(TODS)%26CFID%3D11111111%26CFTOKEN%3D2222222,True,0.005694127049090859,3.8133185952991244e-06,0.00569031373049556,0.9000000000000002,False,missing_match
DBLP,0.7,50,176,conf/sigmod/BreunigKNS00,True,4,4ZBs-U7sOk0J,vezxTIGxNywJ,True,0.999995179477097,0.999995159964027,1.9513070048660097e-08,0.9000000000000002,True,correct
DBLP,0.7,50,177,journals/vldb/PottingerH01,True,4,eXceb1SMqE4J,Kv3ZFRUKCogJ,True,0.9999960968508524,0.9979968297300608,0.0019992671207916812,0.9000000000000002,True,correct
DBLP,0.7,50,178,conf/sigmod/BornhovdAKMPR03,True,2,4qtu0-tW0IcJ,7lPu8hBgKksJ,True,0.999995944548082,0.9999956821221423,2.624259397565609e-07,0.9000000000000002,True,correct
DBLP,0.7,50,179,conf/vldb/PottingerB03,True,3,Gq2yqOZGhBgJ,Q6pHDaV3sG4J,True,0.9999956417278604,0.9999948499224998,7.918053606115194e-07,0.9000000000000002,True,correct
DBLP,0.7,50,180,conf/vldb/Mattos03,True,2,0ZvKAMWwp80J,HeE1NxaX5t8J,True,0.999994972168241,0.9995869031119585,0.00040806905628243406,0.9000000000000002,True,correct
DBLP,0.7,50,181,conf/sigmod/Olson95,True,1,nJycrIdh5E4J,nJycrIdh5E4J,True,0.999994555043127,1.673348268506236e-05,0.9999778215604419,0.9000000000000002,True,correct
DBLP,0.7,50,182,conf/sigmod/ViglasN02,True,2,2aeb_pBP7lcJ,2aeb_pBP7lcJ,True,0.9999956531345682,0.999945131661515,5.052147305317778e-05,0.9000000000000002,True,correct
DBLP,0.7,50,183,conf/sigmod/ChoSG00,True,1,ilJdCU_qODkJ,ilJdCU_qODkJ,True,0.9999954232399957,8.785837805597365e-06,0.9999866374021901,0.9000000000000002,True,correct
DBLP,0.7,50,184,conf/sigmod/Dullmann99,True,1,5bp8rSFAkzEJ,5bp8rSFAkzEJ,True,0.04582380638289688,0.00011158496586392994,0.045712221417032954,0.9000000000000002,False,missing_match
DBLP,0.7,50,185,journals/sigmod/DarwenD95,True,5,5Sg1yO3UqawJ,DVnOcHunv7MJ,True,0.9999956530640944,0.999995396502498,2.565615964122969e-07,0.9000000000000002,True,correct
DBLP,0.7,50,186,conf/sigmod/VanceM96,True,4,5eHH3hxffFUJ,CMMaMlYwgPkJ,True,0.9999961860667612,0.9999956409131388,5.451536224665432e-07,0.9000000000000002,True,correct
DBLP,0.7,50,187,journals/sigmod/Kosch02,True,1,_avm808LQocJ,_avm808LQocJ,True,0.9999958370173613,0.00019378752583101163,0.9998020494915303,0.9000000000000002,True,correct
DBLP,0.7,50,188,conf/sigmod/Ellison95,False,0,,dwPOCFCBZ78J,False,0.004850330308459959,0.0009763722301601153,0.0038739580782998434,0.9000000000000002,False,unmatched_abstention
DBLP,0.7,50,189,conf/vldb/JagadishLRSS94,True,2,em_mB-ifc80J,Yiwh22hbTAcJ,True,0.9999957559829292,0.9999937516668838,2.004316045467469e-06,0.9000000000000002,True,correct
DBLP,0.7,50,190,conf/vldb/WildfogelY97,True,1,uqYakLN84x0J,uqYakLN84x0J,True,0.9999959565661011,3.1895995515177223e-06,0.9999927669665496,0.9000000000000002,True,correct
DBLP,0.7,50,191,conf/vldb/Celis96,True,1,Bg5vcyRBKd8J,Bg5vcyRBKd8J,True,0.9999959824613942,4.160708385265631e-06,0.9999918217530089,0.9000000000000002,True,correct
DBLP,0.7,50,192,journals/vldb/PapazogluK97a,False,0,,3k9vWWMJiWYJ,False,0.9999768712018036,0.9999664826034995,1.038859830404526e-05,0.9000000000000002,True,false_link
DBLP,0.7,50,193,conf/sigmod/Melling94,True,1,j4O-xhs1QAgJ,j4O-xhs1QAgJ,True,0.9999961664188964,4.0930398605221575e-06,0.999992073379036,0.9000000000000002,True,correct
DBLP,0.7,50,194,conf/sigmod/Hope95,True,1,w3Aykr4vDVwJ,w3Aykr4vDVwJ,True,0.9999932428619485,3.288413489365682e-06,0.9999899544484591,0.9000000000000002,True,correct
DBLP,0.7,50,195,conf/vldb/Chakrabarti02,False,0,,gCbzy6m01RQJ,False,4.842141233638879e-06,4.770136281493612e-06,7.20049521452675e-08,0.9000000000000002,False,unmatched_abstention
DBLP,0.7,50,196,conf/vldb/AmbiteKKMST01,True,2,9bzGIloFctIJ,9bzGIloFctIJ,True,0.9999899834321335,0.6333100264548476,0.36667995697728595,0.9000000000000002,True,correct
DBLP,0.7,50,197,conf/vldb/ChatziantoniouR97,True,2,UEvW-FsWASUJ,UEvW-FsWASUJ,True,0.9999944249953848,0.9999943104883786,1.1450700621029597e-07,0.9000000000000002,True,correct
DBLP,0.7,50,198,journals/sigmod/RisheSBDOALOSS95,True,1,pGU2Ew1AQkoJ,pGU2Ew1AQkoJ,True,0.9999893568706821,0.0001990460582480776,0.9997903108124341,0.9000000000000002,True,correct
DBLP,0.7,50,199,conf/sigmod/Chan98,True,1,oo2mr5fbMggJ,oo2mr5fbMggJ,True,0.9999959631007663,0.0001262643056045281,0.9998696987951619,0.9000000000000002,True,correct
DBLP,0.7,50,200,conf/sigmod/AggarwalWY99,True,2,s9hhR-EdDGgJ,s9hhR-EdDGgJ,True,0.9999962268425141,0.9999821210826256,1.4105759888471958e-05,0.9000000000000002,True,correct
DBLP,0.7,50,201,conf/sigmod/MatiasVW98,True,1,6WjESNMzLvgJ,6WjESNMzLvgJ,True,0.9999946721382064,9.862979241977221e-06,0.9999848091589644,0.9000000000000002,True,correct
DBLP,0.7,50,202,journals/sigmod/Labrinidis01,False,0,,url:http://portal.acm.org/citation.cfm%3Fid%3D604264.604283%26coll%3DGUIDE%26dl%3DACM%26type%3Dissue%26idx%3DJ689%26part%3Dperiodical%26WantType%3Dperiodical%26title%3DACM%2520SIGMOD%2520Record%26CFID%3D11111111%26CFTOKEN%3D2222222,False,0.9891471195033752,1.0152747929645752e-05,0.9891369667554456,0.9000000000000002,True,false_link
DBLP,0.7,50,203,journals/sigmod/OConnellW03,True,1,SeDkIL_DlRwJ,SeDkIL_DlRwJ,True,0.9999481177414118,3.613995293104872e-06,0.9999445037461187,0.9000000000000002,True,correct
DBLP,0.7,50,204,journals/sigmod/TheodoridisN00,True,2,DXTczW8Dv4MJ,NegSmYlF-awJ,True,0.9999950135590351,0.9999737253521395,2.1288206895619943e-05,0.9000000000000002,True,correct
DBLP,0.7,50,205,conf/sigmod/GuptaLM03,True,1,iCg06Oc9DV8J,iCg06Oc9DV8J,True,0.9999963738109248,3.7605591523552093e-06,0.9999926132517724,0.9000000000000002,True,correct
DBLP,0.7,50,206,conf/sigmod/DoppelhammerHKK97,True,2,LUfRqM48JaEJ,q_A8Y8KY9WkJ,True,0.9999954044419367,0.9999894574355261,5.947006410544908e-06,0.9000000000000002,True,correct
DBLP,0.7,50,207,journals/vldb/WhiteD95,True,2,jKBaGqWJK2oJ,jKBaGqWJK2oJ,True,0.9999959878485701,0.9988509583242601,0.0011450295243100594,0.9000000000000002,True,correct
DBLP,0.7,50,208,journals/sigmod/Snodgrass98c,False,0,,yNSC6-93CosJ,False,0.0005447278160473289,0.0002802392965933317,0.00026448851945399724,0.9000000000000002,False,unmatched_abstention
DBLP,0.7,50,209,conf/vldb/RossS97,True,4,5Y_l1wlPo04J,-rTWS2erFQcJ,True,0.9999942005415238,0.9997906735015434,0.000203527039980389,0.9000000000000002,True,correct
DBLP,0.7,50,210,conf/vldb/RamanH01,True,2,8PPmw6A0XfkJ,8PPmw6A0XfkJ,True,0.9999960214471522,0.9999914250390208,4.596408131329888e-06,0.9000000000000002,True,correct
DBLP,0.7,50,211,conf/sigmod/WhiteCF98,True,2,tORqjZEtKvMJ,tORqjZEtKvMJ,True,0.9999949537076713,0.9999906177012067,4.336006464655817e-06,0.9000000000000002,True,correct
DBLP,0.7,50,212,journals/vldb/OzsuC98,False,0,,url:http://portal.acm.org/citation.cfm%3Fid%3D170105,False,9.476385879068387e-06,4.139154980122956e-06,5.3372308989454315e-06,0.9000000000000002,False,unmatched_abstention
DBLP,0.7,50,213,conf/sigmod/DogacTPPLKTK02,True,3,juQlvnYuPxwJ,wi8177RdPBYJ,True,0.9999953465759597,0.9999933360327923,2.0105431673966834e-06,0.9000000000000002,True,correct
DBLP,0.7,50,214,journals/vldb/PucheralBVB01,True,5,8DRB_dYz2CgJ,hNOti13KB_8J,True,0.9999955348929949,0.9999921139193088,3.420973686107942e-06,0.9000000000000002,True,correct
DBLP,0.7,50,215,conf/vldb/Baumann03,True,1,pJ2UEKVG_hoJ,pJ2UEKVG_hoJ,True,0.999996334854124,3.2343147102827374e-06,0.9999931005394137,0.9000000000000002,True,correct
DBLP,0.7,50,216,conf/vldb/StohrMR00,True,1,7fCRAqLTNeUJ,7fCRAqLTNeUJ,True,0.9999957179910018,5.025559494929347e-06,0.999990692431507,0.9000000000000002,True,correct
DBLP,0.7,50,217,conf/vldb/AilamakiDHS01,True,4,265Cu1i6gvQJ,gUJrOpj89tQJ,True,0.999994796584655,0.9999758354333738,1.89611512811938e-05,0.9000000000000002,True,correct
DBLP,0.7,50,218,journals/sigmod/PitouraB95,True,1,KlM6IrItVpcJ,KlM6IrItVpcJ,True,0.9999956715965103,3.6202009800694434e-06,0.9999920513955302,0.9000000000000002,True,correct
DBLP,0.7,50,219,journals/sigmod/ClementiniF00,True,1,9_GTdteKEYsJ,9_GTdteKEYsJ,True,0.9999832796934539,8.949890640878698e-05,0.9998937807870452,0.9000000000000002,True,correct
DBLP,0.7,50,220,conf/vldb/BaumgartnerFG01,True,3,I1xHtA3f3MsJ,I1xHtA3f3MsJ,True,0.9999955276097311,0.9999950697345665,4.578751645611945e-07,0.9000000000000002,True,correct
DBLP,0.7,50,221,conf/vldb/HoelS94,True,2,Id1cvsQURBAJ,Id1cvsQURBAJ,True,0.9999943013818471,0.9993692403615589,0.0006250610202881424,0.9000000000000002,True,correct
DBLP,0.7,50,222,conf/sigmod/CareyMN97,True,4,6YXYnLb8CyYJ,nM9bJESsWNoJ,True,0.9999937596525774,0.9999935637433394,1.9590923805434812e-07,0.9000000000000002,True,correct
DBLP,0.7,50,223,conf/sigmod/KemperMPS94,True,1,ChCPyLiBpr4J,ChCPyLiBpr4J,True,0.9999944329912925,1.013106336582602e-05,0.9999843019279268,0.9000000000000002,True,correct
DBLP,0.7,50,224,conf/sigmod/NaumanS98,True,1,url:http://portal.acm.org/ft_gateway.cfm%3Fid%3D276369%26type%3Dpdf%26dl%3DGUIDE%26dl%3DACM%26CFID%3D11111111%26CFTOKEN%3D2222222,url:http://portal.acm.org/ft_gateway.cfm%3Fid%3D276369%26type%3Dpdf%26dl%3DGUIDE%26dl%3DACM%26CFID%3D11111111%26CFTOKEN%3D2222222,True,0.9999954040913117,3.1700188080078153e-06,0.9999922340725037,0.9000000000000002,True,correct
DBLP,0.7,50,225,conf/sigmod/StonebrakerH01,True,3,ltEmsluBrYkJ,opMsehfY-XoJ,True,0.9999954416742599,0.9999945152208886,9.264533713526646e-07,0.9000000000000002,True,correct
DBLP,0.7,50,226,journals/vldb/MirbelPSTV00,True,1,tUEcojf_6BUJ,tUEcojf_6BUJ,True,0.99999596583325,0.0004214575571060141,0.999574508276144,0.9000000000000002,True,correct
DBLP,0.7,50,227,journals/vldb/ChandrasekaranF03,True,1,b9r9U3OwrkcJ,b9r9U3OwrkcJ,True,0.9999963138852289,0.001439412983816122,0.9985569009014128,0.9000000000000002,True,correct
DBLP,0.7,50,228,journals/sigmod/Winslett03,False,0,,sfQlMM3SXpAJ,False,0.012820954753557053,0.008334528942750451,0.004486425810806601,0.9000000000000002,False,unmatched_abstention
DBLP,0.7,50,229,journals/sigmod/Franklin97,False,0,,ntqMqfgRXM4J,False,0.0076787225596150555,0.0007856524727533554,0.0068930700868617,0.9000000000000002,False,unmatched_abstention
DBLP,0.7,50,230,conf/sigmod/CookWZ94,True,2,BYAEfUWtxgUJ,LiIWlw3oNgUJ,True,0.9999947734734985,0.9999563231889718,3.8450284526758693e-05,0.9000000000000002,True,correct
DBLP,0.7,50,231,journals/sigmod/FreemanG96,True,3,Em3qp7RGalkJ,Em3qp7RGalkJ,True,0.9999962896201722,0.9999960704451409,2.191750312352525e-07,0.9000000000000002,True,correct
DBLP,0.7,50,232,conf/sigmod/FreireHRRS02,True,5,1p-q7eofLWIJ,1p-q7eofLWIJ,True,0.9999939743994464,0.9999702940160762,2.3680383370194846e-05,0.9000000000000002,True,correct
DBLP,0.7,50,233,journals/sigmod/Snodgrass98,False,0,,yNSC6-93CosJ,False,0.0005447278160473289,0.0002802392965933317,0.00026448851945399724,0.9000000000000002,False,unmatched_abstention
DBLP,0.7,50,234,journals/vldb/LaurentLSV01,True,1,TTIgIh9uC_YJ,TTIgIh9uC_YJ,True,0.9999956345272696,3.155718378636594e-06,0.999992478808891,0.9000000000000002,True,correct
DBLP,0.7,50,235,journals/sigmod/BargaL02,True,2,fY3kkkzBLw8J,QTzV3iNq2O8J,True,0.9999952711538906,0.9999943006698707,9.704840199242781e-07,0.9000000000000002,True,correct
DBLP,0.7,50,236,conf/sigmod/FabretJLPRS01,True,4,8lBDhvljrAEJ,8lBDhvljrAEJ,True,0.9999896314371461,0.9999839587330954,5.672704050718735e-06,0.9000000000000002,True,correct
DBLP,0.7,50,237,conf/sigmod/LibkinMW96,True,3,3QgOnuIwVZMJ,OfZWx8jhQvwJ,True,0.9999962461341583,0.999995543941089,7.021930692463485e-07,0.9000000000000002,True,correct
DBLP,0.7,50,238,conf/vldb/GardarinGT96,True,3,4NKqwzC5A_wJ,4NKqwzC5A_wJ,True,0.9999958815877191,0.9999833663707711,1.2515216948005836e-05,0.9000000000000002,True,correct
DBLP,0.7,50,239,conf/vldb/YuSLJ02,True,3,6EJ6A2y_U1IJ,qYGzjvmVjS8J,True,0.9999949291670298,0.9999942184666204,7.107004094120128e-07,0.9000000000000002,True,correct
DBLP,0.7,50,240,journals/vldb/Ozsu03,True,1,url:http://www.springerlink.com/index/3G9E0YCGLRQFPN89.pdf,url:http://www.springerlink.com/index/3G9E0YCGLRQFPN89.pdf,True,0.9999915869378507,3.5839838592752746e-06,0.9999880029539915,0.9000000000000002,True,correct
DBLP,0.7,50,241,conf/vldb/KilgerM94,True,1,OzgnxugGCWMJ,OzgnxugGCWMJ,True,0.9999938004570432,3.4463586690908913e-06,0.9999903540983741,0.9000000000000002,True,correct
DBLP,0.7,50,242,conf/vldb/PitouraC99,True,1,6VU-VxcDsFsJ,6VU-VxcDsFsJ,True,0.9999959878523963,3.836653351954328e-06,0.9999921511990444,0.9000000000000002,True,correct
DBLP,0.7,50,243,conf/sigmod/KornM00,True,2,HlhXdvHzlvwJ,HlhXdvHzlvwJ,True,0.9999957495386395,0.9999932586057629,2.4909328765199135e-06,0.9000000000000002,True,correct
DBLP,0.7,50,244,conf/vldb/AgrawalPWZ95,True,7,bebOe4pVnmUJ,x_ykbVlfyP8J,True,0.999988205316049,0.9999419543021443,4.625101390476338e-05,0.9000000000000002,True,correct
DBLP,0.7,50,245,conf/sigmod/ChaudhuriGN02,True,2,KrfR8djb3C8J,KrfR8djb3C8J,True,0.9999867339920335,0.9997590922086955,0.00022764178333800622,0.9000000000000002,True,correct
DBLP,0.7,50,246,conf/vldb/SeidlK97,True,3,5Ine3RRoUCcJ,LZGFMX7pdCkJ,True,0.9999957622194223,0.9999916300163586,4.132203063722528e-06,0.9000000000000002,True,correct
DBLP,0.7,50,247,journals/tods/MuralidharS99,True,1,dKvepAPYBmcJ,dKvepAPYBmcJ,True,0.9999937081716114,4.5500718878658e-05,0.9999482074527327,0.9000000000000002,True,correct
DBLP,0.7,50,248,conf/vldb/ChoenniV00,True,1,R1j3CdeOlwsJ,R1j3CdeOlwsJ,True,0.9999959631700635,1.0575109347567604e-05,0.9999853880607159,0.9000000000000002,True,correct
DBLP,0.7,50,249,journals/sigmod/Widom95a,False,0,,C84rFQN_ug0J,False,2.496573136105655e-05,1.1774499555877684e-05,1.3191231805178867e-05,0.9000000000000002,False,unmatched_abstention
DBLP,0.7,50,250,conf/sigmod/Mohan96,True,8,14cgU3tAHtgJ,f9JfEpe5a24J,True,0.9999961418160133,0.9999676166380923,2.8525177920957212e-05,0.9000000000000002,True,correct
DBLP,0.7,50,251,conf/vldb/TamuraK99,True,3,N0yBbMrpeUwJ,rAHGAfoqookJ,True,0.9999961969991442,0.9999961139990172,8.300012699358206e-08,0.9000000000000002,True,correct
DBLP,0.7,50,252,conf/sigmod/DeligiannakisR03,True,1,zMgbS5u_GwYJ,zMgbS5u_GwYJ,True,0.9999956667890024,3.249587955180647e-06,0.9999924172010473,0.9000000000000002,True,correct
DBLP,0.7,50,253,conf/sigmod/KornackerMH97,True,4,J8sGEkYqAFcJ,v34_ZFX7kZYJ,True,0.9999956593566156,0.9999955110344406,1.483221749865038e-07,0.9000000000000002,True,correct
DBLP,0.7,50,254,conf/sigmod/Spiro98,True,1,u4ZAi-DRoHkJ,u4ZAi-DRoHkJ,True,0.9999943354469208,3.2120508545165266e-06,0.9999911233960663,0.9000000000000002,True,correct
DBLP,0.7,50,255,conf/vldb/MargaritisFT01,True,2,WOiDxLKSioAJ,z2EsEsrBfsYJ,True,0.9999963433588961,0.9999939074696136,2.4358892825038225e-06,0.9000000000000002,True,correct
DBLP,0.7,50,256,conf/vldb/GuntzerBK00,True,3,3Gf3m5rkq0UJ,EdQ4M7GEnzoJ,True,0.999994718250973,0.9999907516562092,3.966594763760156e-06,0.9000000000000002,True,correct
DBLP,0.7,50,257,conf/vldb/LongS03,True,1,zU4MULiFRrYJ,zU4MULiFRrYJ,True,0.9999960267744735,3.7273181575163475e-06,0.999992299456316,0.9000000000000002,True,correct
DBLP,0.7,50,258,conf/vldb/Mohan01,True,2,6rkYIagTMckJ,tAO-l_SkmSwJ,True,0.9999960694256887,0.999954509954029,4.1559471659735614e-05,0.9000000000000002,True,correct
DBLP,0.7,50,259,conf/vldb/ReuterCGSW95,True,1,url:http://portal.acm.org/citation.cfm%3Fid%3D645921.673318,url:http://portal.acm.org/citation.cfm%3Fid%3D645921.673318,True,0.9999945145199348,0.5575746381909494,0.4424198763289854,0.9000000000000002,True,correct
DBLP,0.7,50,260,conf/sigmod/Faloutsos95,True,1,R0xUZUxSGmwJ,R0xUZUxSGmwJ,True,0.9006719516817694,3.882918431522466e-05,0.9006331224974542,0.9000000000000002,True,correct
DBLP,0.7,50,261,conf/sigmod/Galindo-Legaria94,True,1,iEs59H5EFHwJ,iEs59H5EFHwJ,True,0.9999591494659655,4.386108478011042e-06,0.9999547633574876,0.9000000000000002,True,correct
DBLP,0.7,50,262,conf/vldb/HulgeriS02,True,2,syoqNSarAscJ,xGcM9AuhrBMJ,True,0.9999957762522842,0.9999909354970528,4.840755231438898e-06,0.9000000000000002,True,correct
DBLP,0.7,50,263,conf/sigmod/SeshadriHPLRSSS96,True,2,3OxZS395vDcJ,3OxZS395vDcJ,True,0.9999950960695391,0.9570203503254997,0.04297474574403937,0.9000000000000002,True,correct
DBLP,0.7,50,264,journals/sigmod/BilirisP96,True,1,fu9j50Kk4Y4J,fu9j50Kk4Y4J,True,0.9999954210221816,4.402103704614525e-06,0.9999910189184771,0.9000000000000002,True,correct
DBLP,0.7,50,265,journals/sigmod/KantM00,True,1,url:http://portal.acm.org/citation.cfm%3Fid%3D362084.362091%26dl%3DGUIDE%26dl%3DACM%26idx%3DJ689%26part%3Dperiodical%26WantType%3Dperiodical%26title%3DACM%2520SIGMOD%2520Record%26CFID%3D11111111%26CFTOKEN%3D2222222,url:http://portal.acm.org/citation.cfm%3Fid%3D362084.362091%26dl%3DGUIDE%26dl%3DACM%26idx%3DJ689%26part%3Dperiodical%26WantType%3Dperiodical%26title%3DACM%2520SIGMOD%2520Record%26CFID%3D11111111%26CFTOKEN%3D2222222,True,0.9285571579677624,3.3081039745954506e-06,0.9285538498637878,0.9000000000000002,True,correct
DBLP,0.7,50,266,conf/sigmod/BaruGLMPVC99,True,7,3SHIgRrrL5QJ,mXKKjAJUm-oJ,True,0.9999958076825469,0.9999947348521036,1.0728304433715863e-06,0.9000000000000002,True,correct
DBLP,0.7,50,267,journals/vldb/HaasCLS97,True,2,AypWukSuKVoJ,AypWukSuKVoJ,True,0.9999956106276456,0.9996185362902045,0.00037707433744116337,0.9000000000000002,True,correct
DBLP,0.7,50,268,conf/sigmod/ZhangDWEMPMDR03,True,2,1hkVjoUg8hUJ,gWslyEjd3BYJ,True,0.9999949895770469,0.9999949315795693,5.7997477598270564e-08,0.9000000000000002,True,correct
DBLP,0.7,50,269,conf/vldb/ChristopheBPV00,True,5,8DRB_dYz2CgJ,8DRB_dYz2CgJ,True,0.9999958577609603,0.9999932900986146,2.567662345742683e-06,0.9000000000000002,True,correct
DBLP,0.7,50,270,journals/sigmod/Hampapur99,True,2,I-r1LE1najAJ,I-r1LE1najAJ,True,0.999995812417606,0.9999607584719525,3.505394565350706e-05,0.9000000000000002,True,correct
DBLP,0.7,50,271,journals/sigmod/LometBCLN98,True,2,eCi5eTVzsoQJ,url:http://portal.acm.org/ft_gateway.cfm%3Fid%3D290608%26type%3Dpdf%26dl%3DGUIDE%26dl%3DACM%26CFID%3D11111111%26CFTOKEN%3D2222222,True,0.9999953590428468,0.9999816145673496,1.3744475497179387e-05,0.9000000000000002,True,correct
DBLP,0.7,50,272,journals/sigmod/Franklin00b,False,0,,diQK7Y_z3XwJ,False,1.0523539258011506e-05,9.507470839493346e-06,1.0160684185181604e-06,0.9000000000000002,False,unmatched_abstention
DBLP,0.7,50,273,journals/tods/DeyS96,True,3,Jfo57_VwkfUJ,uZVc1wSi3y4J,True,0.9999953591579199,0.9999925850651253,2.774092794588512e-06,0.9000000000000002,True,correct
DBLP,0.7,50,274,journals/sigmod/EisenbergM02,True,1,wgK6p4mDSIMJ,wgK6p4mDSIMJ,True,0.9999960298008497,1.0572114495964293e-05,0.9999854576863537,0.9000000000000002,True,correct
DBLP,0.7,50,275,journals/sigmod/CoxEH96,True,1,pqzGz7zfpDgJ,pqzGz7zfpDgJ,True,0.9999947273702111,3.6781541037353333e-06,0.9999910492161074,0.9000000000000002,True,correct
DBLP,0.7,50,276,journals/sigmod/AilamakiH03,True,1,url:http://portal.acm.org/ft_gateway.cfm%3Fid%3D945725%26type%3Dpdf%26dl%3DGUIDE%26dl%3DACM%26CFID%3D11111111%26CFTOKEN%3D2222222,url:http://portal.acm.org/ft_gateway.cfm%3Fid%3D945725%26type%3Dpdf%26dl%3DGUIDE%26dl%3DACM%26CFID%3D11111111%26CFTOKEN%3D2222222,True,0.9999963306888058,3.36904214300677e-06,0.9999929616466627,0.9000000000000002,True,correct
DBLP,0.7,50,277,journals/vldb/PapadiasS94,True,3,_ANyhrnP3CoJ,UM0nh_l5epoJ,True,0.9999957169332124,0.9999660439663608,2.9672966851634897e-05,0.9000000000000002,True,correct
DBLP,0.7,50,278,conf/vldb/AgrawalKSX02,True,1,XK-KPRa2qjcJ,XK-KPRa2qjcJ,True,0.9999644996189017,0.00013892064277141853,0.9998255789761302,0.9000000000000002,True,correct
DBLP,0.7,50,279,journals/sigmod/YaoG02,True,3,50aU57yUHVAJ,ARLe7W8EvDoJ,True,0.9999963668463654,0.9999946890666126,1.677779752795594e-06,0.9000000000000002,True,correct
DBLP,0.7,50,280,conf/vldb/GarofalakisRS99,True,6,7BITau8qhpEJ,Xm3ygCvkmN8J,True,0.9999957438152466,0.9999952293268904,5.144883561403191e-07,0.9000000000000002,True,correct
DBLP,0.7,50,281,conf/vldb/DiaoF03,True,1,Crt1JZ1eEj0J,Crt1JZ1eEj0J,True,0.9999954788895129,7.421446889457897e-05,0.9999212644206183,0.9000000000000002,True,correct
DBLP,0.7,50,282,conf/vldb/BouganimFV96,True,1,TiffIV1Y6AMJ,TiffIV1Y6AMJ,True,0.9999958736856561,0.004513195603175117,0.995482678082481,0.9000000000000002,True,correct
DBLP,0.7,50,283,journals/sigmod/PourabbasR00,True,2,3y6y5AXu-j0J,3y6y5AXu-j0J,True,0.9999958922021241,0.9999918366204792,4.055581644957229e-06,0.9000000000000002,True,correct
DBLP,0.7,50,284,journals/sigmod/PitouraAPSV03,True,3,hn2MANNgz9sJ,jKxELUmoSkEJ,True,0.9999960536204218,0.999995445845603,6.077748188060283e-07,0.9000000000000002,True,correct
DBLP,0.7,50,285,conf/vldb/Malaika96,False,0,,url:http://portal.acm.org/ft_gateway.cfm%3Fid%3D245906%26type%3Dpdf%26dl%3DGUIDE%26dl%3DACM%26CFID%3D11111111%26CFTOKEN%3D2222222,False,7.051428992547249e-06,6.126638735998751e-06,9.247902565484973e-07,0.9000000000000002,False,unmatched_abstention
DBLP,0.7,50,286,conf/sigmod/LiefkeS00,True,4,epCsER2LDJgJ,vnc0Ml_3BFsJ,True,0.9999957623891598,0.9999948213076499,9.410815098309655e-07,0.9000000000000002,True,correct
DBLP,0.7,50,287,journals/tods/Snodgrass01a,False,0,,url:http://www.springerlink.com/index/5G6L5CVD7NA9HCJJ.pdf,False,0.11102949755565268,0.04485921062007956,0.06617028693557311,0.9000000000000002,False,unmatched_abstention
DBLP,0.7,50,288,conf/vldb/MillinerBP95,True,1,kYl-9cV8gloJ,kYl-9cV8gloJ,True,0.9999958947751058,3.411360120919347e-06,0.9999924834149848,0.9000000000000002,True,correct
DBLP,0.7,50,289,conf/sigmod/GoelI96,True,2,_Vn4nSui5UMJ,hD6w1eBfjWcJ,True,0.9999956455458764,0.9999929286444611,2.7169014152894633e-06,0.9000000000000002,True,correct
DBLP,0.7,50,290,journals/sigmod/YanG95,True,1,tMXkkRDxvkQJ,tMXkkRDxvkQJ,True,0.99999592661332,3.806927090083286e-06,0.9999921196862299,0.9000000000000002,True,correct
DBLP,0.7,50,291,conf/vldb/KamelF94,True,8,3IaFojiICIoJ,ONuqAb6sM3oJ,True,0.999996002853857,0.9999959070499168,9.580394022545846e-08,0.9000000000000002,True,correct
DBLP,0.7,50,292,conf/sigmod/BaulierBGGHJKKMMNNRSSSWW99,True,1,wgRWDYY7q_8J,wgRWDYY7q_8J,True,0.9999946290557566,0.00020074694500435324,0.9997938821107523,0.9000000000000002,True,correct
DBLP,0.7,50,293,conf/sigmod/HacigumusILM02,True,2,NMgExE-JRD0J,NMgExE-JRD0J,True,0.9999962849747798,0.9999784484214106,1.783655336917711e-05,0.9000000000000002,True,correct
DBLP,0.7,50,294,journals/sigmod/X94b,False,0,,V3C6Q9Ki3FAJ,False,7.9510094421401e-06,6.638360540523642e-06,1.3126489016164572e-06,0.9000000000000002,False,unmatched_abstention
DBLP,0.7,50,295,conf/sigmod/LarsonG03,True,3,14VyjJ0mnBMJ,14VyjJ0mnBMJ,True,0.9999956107155512,0.9995365008274373,0.00045910988811392883,0.9000000000000002,True,correct
DBLP,0.7,50,296,journals/vldb/TsatalosSI96,True,2,--1aoAaGkgQJ,zt5Ck1PrGf0J,True,0.9999963317279551,0.9999956146485617,7.170793934196951e-07,0.9000000000000002,True,correct
DBLP,0.7,50,297,conf/sigmod/Keim96,True,2,AF9vuEJOr6cJ,AF9vuEJOr6cJ,True,0.999994226147567,0.9985027479825929,0.0014914781649740805,0.9000000000000002,True,correct
DBLP,0.7,50,298,conf/sigmod/ShivakumarG97,True,1,4ioZ9JSSjVQJ,4ioZ9JSSjVQJ,True,0.9999918869126427,3.4782216418419796e-06,0.9999884086910009,0.9000000000000002,True,correct
DBLP,0.7,50,299,journals/sigmod/NestorovAM97,True,1,NVS_rDpScp0J,NVS_rDpScp0J,True,0.999995814884907,1.2147794348023843e-05,0.999983667090559,0.9000000000000002,True,correct
DBLP,0.7,50,300,conf/sigmod/RoussopoulosKR97,True,1,H7Pi4AQU00YJ,H7Pi4AQU00YJ,True,0.999990419213689,1.4795666018723533e-05,0.9999756235476703,0.9000000000000002,True,correct
DBLP,0.7,50,301,conf/vldb/GinisHKMT97,True,1,GBVvAWWCTcgJ,GBVvAWWCTcgJ,True,0.9999958456513318,5.393950647031583e-06,0.9999904517006848,0.9000000000000002,True,correct
DBLP,0.7,50,302,journals/sigmod/Snodgrass02b,True,1,KENWBobILMwJ,KENWBobILMwJ,True,0.9999948434352752,2.3310462139687272e-05,0.9999715329731356,0.9000000000000002,True,correct
DBLP,0.7,50,303,conf/vldb/ShuklaDNR96,True,3,gTSn7nMr9dQJ,vnezjPI8jYIJ,True,0.9999958911834519,0.9999946080860099,1.2830974419619778e-06,0.9000000000000002,True,correct
DBLP,0.7,50,304,journals/sigmod/RoantreeMH99,True,3,7-Suml1GqBQJ,JJK6WGPyubgJ,True,0.9999950597141708,0.9999935653390355,1.4943751353024837e-06,0.9000000000000002,True,correct
DBLP,0.7,50,305,journals/sigmod/Winslett03c,False,0,,GCVMmOSZn0AJ,False,0.0008762062499414916,1.609287305982618e-05,0.0008601133768816654,0.9000000000000002,False,unmatched_abstention
DBLP,0.7,50,306,conf/sigmod/PiatkoYLS96,True,1,3NMPG1vUNgwJ,3NMPG1vUNgwJ,True,0.9999963092983739,3.1652669487912257e-06,0.9999931440314251,0.9000000000000002,True,correct
DBLP,0.7,50,307,conf/sigmod/LabrinidisR00,True,1,DKUouEkK_b4J,DKUouEkK_b4J,True,0.9999905516154124,0.9922667855564056,0.00772376605900682,0.9000000000000002,True,correct
DBLP,0.7,50,308,conf/vldb/GingrasL98,True,2,9rJeZSGswxYJ,9rJeZSGswxYJ,True,0.9999963160922015,0.9999958089817244,5.071104771658952e-07,0.9000000000000002,True,correct
DBLP,0.7,50,309,journals/vldb/CliftonGB95,True,1,YkIvdNOC64cJ,YkIvdNOC64cJ,True,0.9999962147001782,3.860565316995845e-06,0.9999923541348612,0.9000000000000002,True,correct
DBLP,0.7,50,310,conf/sigmod/BerensonBGMOO95,True,9,-CQaLTpGJLQJ,KpQrgYyji34J,True,0.9999954873152344,0.9999951586621975,3.286530368962204e-07,0.9000000000000002,True,correct
DBLP,0.7,50,311,conf/vldb/CareyCNVDRSM99,True,1,JpMllVmmnkAJ,JpMllVmmnkAJ,True,0.9999950883655973,0.021812460225037286,0.97818262814056,0.9000000000000002,True,correct
DBLP,0.7,50,312,conf/vldb/PatonG01,True,1,mHCrMuxQnBsJ,mHCrMuxQnBsJ,True,0.9999945631947307,2.7623985033049488e-05,0.9999669392096976,0.9000000000000002,True,correct
DBLP,0.7,50,313,journals/tods/YanG94,True,3,fx6kDLBa8q8J,jW-WtqeQ_tEJ,False,0.9999745152291891,0.9999586836371651,1.583159202400708e-05,0.9000000000000002,True,false_link
DBLP,0.7,50,314,journals/sigmod/BaaderJN97,True,3,dr4SzOhnLB8J,dr4SzOhnLB8J,True,0.999993671384546,0.999990641739333,3.0296452129263685e-06,0.9000000000000002,True,correct
DBLP,0.7,50,315,conf/vldb/SimonD95,True,1,lLARMvKaIQMJ,lLARMvKaIQMJ,True,0.9999946823869117,4.418376367815707e-06,0.9999902640105439,0.9000000000000002,True,correct
DBLP,0.7,50,316,conf/sigmod/YerneniLGU99,True,5,2MbaeG3IVV0J,hnMltY0uSf0J,True,0.9999935062011914,0.9999888410375454,4.665163646055959e-06,0.9000000000000002,True,correct
DBLP,0.7,50,317,conf/sigmod/AdaliCPS96,True,9,_CkpzhLiR30J,_CkpzhLiR30J,True,0.9999954182527719,0.9999951964612944,2.2179147751710815e-07,0.9000000000000002,True,correct
DBLP,0.7,50,318,journals/sigmod/Darwen96,True,1,url:http://portal.acm.org/citation.cfm%3Fid%3D245882.245886%26dl%3DGUIDE%26dl%3DACM%26idx%3DJ689%26part%3Dperiodical%26WantType%3Dperiodical%26title%3DACM%2520SIGMOD%2520Record%26CFID%3D11111111%26CFTOKEN%3D2222222,url:http://portal.acm.org/citation.cfm%3Fid%3D245882.245886%26dl%3DGUIDE%26dl%3DACM%26idx%3DJ689%26part%3Dperiodical%26WantType%3Dperiodical%26title%3DACM%2520SIGMOD%2520Record%26CFID%3D11111111%26CFTOKEN%3D2222222,True,0.9999960394138707,0.5077970258730676,0.4921990135408031,0.9000000000000002,True,correct
DBLP,0.7,50,319,conf/sigmod/IoannidisP95,True,3,23K90oRfbbsJ,bv21uJEzUwAJ,True,0.9999959343403566,0.9999954907998142,4.4354054240525187e-07,0.9000000000000002,True,correct
DBLP,0.7,50,320,conf/sigmod/IlyasRLGL03,True,1,qCnvlNwYp6cJ,qCnvlNwYp6cJ,True,0.9999891037723057,3.2775712091229915e-06,0.9999858262010966,0.9000000000000002,True,correct
DBLP,0.7,50,321,conf/sigmod/Hammond99,True,1,-ndr_jftgFkJ,-ndr_jftgFkJ,True,0.9999949989289743,7.88096076182522e-06,0.9999871179682124,0.9000000000000002,True,correct
DBLP,0.7,50,322,conf/vldb/LaudBCSR02,False,0,,ftxweqAizkQJ,False,3.5987214780532544e-06,3.360141175964722e-06,2.3858030208853235e-07,0.9000000000000002,False,unmatched_abstention
DBLP,0.7,50,323,journals/sigmod/LudascherMM01,True,2,16yr6uv8Rn8J,16yr6uv8Rn8J,True,0.9999956389754852,0.00010925252129912669,0.999886386454186,0.9000000000000002,True,correct
DBLP,0.7,50,324,journals/sigmod/GruenwaldBDGSSV99,True,3,_q3scPb8vbgJ,url:http://portal.acm.org/citation.cfm%3Fid%3D333607.333616%26dl%3DGUIDE%26dl%3DACM%26idx%3DJ689%26part%3Dperiodical%26WantType%3Dperiodical%26title%3DACM%2520SIGMOD%2520Record%26CFID%3D11111111%26CFTOKEN%3D2222222,True,0.9999954239644818,0.9999951069728868,3.16991594973004e-07,0.9000000000000002,True,correct
DBLP,0.7,50,325,conf/vldb/GotoK02,True,1,2Pc6rKYB8ykJ,2Pc6rKYB8ykJ,True,0.9999963612810505,2.3957367565346664e-05,0.9999724039134852,0.9000000000000002,True,correct
DBLP,0.7,50,326,journals/vldb/BeckerGOSW96,True,2,BNQ07kOYONgJ,BNQ07kOYONgJ,True,0.9999955353698923,0.9999766084797989,1.892689009341808e-05,0.9000000000000002,True,correct
DBLP,0.7,50,327,conf/sigmod/BabcockBDM03,True,4,a2wqpKma5J4J,a2wqpKma5J4J,True,0.9999959529435981,0.9999957850162996,1.6792729851111687e-07,0.9000000000000002,True,correct
DBLP,0.7,50,328,conf/sigmod/StoltePAG03,True,1,9WTNlminW6AJ,9WTNlminW6AJ,True,0.9999958847443057,3.508980120308434e-06,0.9999923757641853,0.9000000000000002,True,correct
DBLP,0.7,50,329,journals/tods/Subrahmanian94,True,8,iD6ppXF5sx4J,SLTZN9O1_wUJ,True,0.9999805472695561,0.9996203060747487,0.0003602411948073758,0.9000000000000002,True,correct
DBLP,0.7,50,330,journals/tods/GuoSW96,True,2,KoI8CRWkAYsJ,V8Ls_TYs6mgJ,True,0.9999955353187985,0.9998438487379017,0.00015168658089681486,0.9000000000000002,True,correct
DBLP,0.7,50,331,journals/sigmod/Aberer03a,True,2,6MY_fFzgHtgJ,url:http://portal.acm.org/ft_gateway.cfm%3Fid%3D641004%26type%3Dpdf%26dl%3DGUIDE%26dl%3DACM%26CFID%3D11111111%26CFTOKEN%3D2222222,True,0.9999959359762478,0.999995892860209,4.311603885032156e-08,0.9000000000000002,True,correct
DBLP,0.7,50,332,conf/vldb/ScheuermannSV96,True,5,42whesD5Rl8J,kxebBNLKWl4J,True,0.9999961271920421,0.9999950524674386,1.0747246035336389e-06,0.9000000000000002,True,correct
DBLP,0.7,50,333,conf/vldb/ChakrabartiGRS00,True,4,2TVYDBNYioIJ,PTmCbogNUpAJ,True,0.9999947294113242,0.9999921070198167,2.6223915075007653e-06,0.9000000000000002,True,correct
DBLP,0.7,50,334,conf/vldb/FlescaFM03,True,1,LXjSnbxB7EsJ,LXjSnbxB7EsJ,True,0.9999950460841672,0.7236007006115163,0.27639434547265096,0.9000000000000002,True,correct
DBLP,0.7,50,335,journals/sigmod/Rosneblatt94,True,1,D1RdxKP6_6YJ,D1RdxKP6_6YJ,True,0.9999595435458719,3.4645754809808458e-06,0.999956078970391,0.9000000000000002,True,correct
DBLP,0.7,50,336,conf/vldb/King02,False,0,,lMKrltuk53EJ,False,3.3976165958077904e-06,3.138042008704214e-06,2.595745871035763e-07,0.9000000000000002,False,unmatched_abstention
DBLP,0.7,50,337,journals/tods/MehrotraRKS98,True,1,tAnONC5J2W8J,tAnONC5J2W8J,True,0.9999960017139182,8.08147309682184e-06,0.9999879202408214,0.9000000000000002,True,correct
DBLP,0.7,50,338,journals/sigmod/Bussler02,True,1,Phcd3C1cfLcJ,Phcd3C1cfLcJ,True,0.9999959619456397,1.0451358675346822e-05,0.9999855105869643,0.9000000000000002,True,correct
DBLP,0.7,50,339,conf/vldb/HelalL00,True,1,LPapCvY4RFkJ,LPapCvY4RFkJ,True,0.9999962530085237,3.8272045984912576e-05,0.9999579809625387,0.9000000000000002,True,correct
DBLP,0.7,50,340,conf/vldb/PfoserJT00,True,2,0IeLWfNYZEYJ,0IeLWfNYZEYJ,True,0.9999959970287531,0.999951850498345,4.414653040807348e-05,0.9000000000000002,True,correct
DBLP,0.7,50,341,conf/sigmod/QunLO03,True,2,BnNNuVfklfcJ,BnNNuVfklfcJ,True,0.9999942674016746,0.0014575585269029762,0.9985367088747716,0.9000000000000002,True,correct
DBLP,0.7,50,342,journals/sigmod/MarchiLPT03,True,2,9dgFU6XaLrwJ,9dgFU6XaLrwJ,True,0.9999957703793175,0.9999384940889529,5.7276290364671745e-05,0.9000000000000002,True,correct
DBLP,0.7,50,343,conf/sigmod/CookKWZ96,True,1,5MTgNlhnyTgJ,5MTgNlhnyTgJ,True,0.9999959119378626,3.659501743619617e-05,0.9999593169204264,0.9000000000000002,True,correct
DBLP,0.7,50,344,conf/sigmod/DeshpandeRSN98,True,1,BXB96UFPHn8J,BXB96UFPHn8J,True,0.9999945202766094,3.4962367525012466e-06,0.9999910240398568,0.9000000000000002,True,correct
DBLP,0.7,50,345,journals/sigmod/OoiST03,True,1,gpjVvUtM6H8J,gpjVvUtM6H8J,True,0.9999959853530661,3.989818655716505e-06,0.9999919955344104,0.9000000000000002,True,correct
DBLP,0.7,50,346,conf/vldb/FuhDCMTLDRM99,True,1,nh2FuiC6fHgJ,nh2FuiC6fHgJ,True,0.999994920062541,3.1497140903752608e-06,0.9999917703484507,0.9000000000000002,True,correct
DBLP,0.7,50,347,journals/sigmod/Finkelstein95,True,1,gbnxN3MpucMJ,gbnxN3MpucMJ,True,0.9999955451690571,8.279361305237832e-06,0.9999872658077519,0.9000000000000002,True,correct
DBLP,0.7,50,348,journals/vldb/AslanM99,True,1,vZcZ-UX6h7UJ,vZcZ-UX6h7UJ,True,0.9999939782827784,3.886590275813018e-06,0.9999900916925025,0.9000000000000002,True,correct
DBLP,0.7,50,349,journals/tods/LiuM96,True,3,moMP8RcSDhgJ,TNx5vnRHHxMJ,True,0.9999945088567113,0.9999493438843013,4.516497240991679e-05,0.9000000000000002,True,correct
DBLP,0.7,50,350,conf/sigmod/ClossmanSHKPB98,True,4,__YO1CE_aKcJ,Q0Jr0CGWn5MJ,True,0.9999930027379705,0.9997889085362002,0.0002040942017703662,0.9000000000000002,True,correct
DBLP,0.7,50,351,conf/vldb/MoserKK95,True,4,53hNU_r6-jgJ,53hNU_r6-jgJ,True,0.9999964040505064,0.9999948525691025,1.5514814039052638e-06,0.9000000000000002,True,correct
DBLP,0.7,50,352,conf/vldb/SilversteinBMU98,True,2,_GLI7Izv17cJ,bCj7bOIqDc0J,True,0.9999945909665425,0.9577359307107995,0.042258660255742986,0.9000000000000002,True,correct
DBLP,0.7,50,353,conf/sigmod/LacroixSC98,True,1,MyaiGcr-oYkJ,MyaiGcr-oYkJ,True,0.9999943282954212,3.145802580220063e-06,0.999991182492841,0.9000000000000002,True,correct
DBLP,0.7,50,354,conf/sigmod/HouZ95,True,1,AeRUCf7iBqYJ,AeRUCf7iBqYJ,True,0.999995991481881,3.380457802284129e-06,0.9999926110240788,0.9000000000000002,True,correct
DBLP,0.7,50,355,journals/vldb/ChakrabartiRS03,True,1,idfox84uNHUJ,idfox84uNHUJ,True,0.9999956440631054,3.225037608302937e-06,0.9999924190254971,0.9000000000000002,True,correct
DBLP,0.7,50,356,conf/vldb/MalonM97,True,1,ogRpbFNQTSkJ,ogRpbFNQTSkJ,True,0.9999954955233561,3.2409809476960608e-06,0.9999922545424084,0.9000000000000002,True,correct
DBLP,0.7,50,357,journals/tods/StolboushkinT98,True,1,ZnWLup8HMkUJ,ZnWLup8HMkUJ,True,0.9999958847914004,2.587357425884764e-05,0.9999700112171416,0.9000000000000002,True,correct
DBLP,0.7,50,358,conf/sigmod/AntonJLPZZ02,True,1,89P3EdEDuOEJ,89P3EdEDuOEJ,True,0.999995885234851,3.4859744386783265e-05,0.9999610254904642,0.9000000000000002,True,correct
DBLP,0.7,50,359,conf/vldb/HaasKWY97,True,10,6TrmUUoylzIJ,U09WdB3GIK4J,True,0.9999946215312422,0.9999901928746047,4.428656637522899e-06,0.9000000000000002,True,correct
DBLP,0.7,50,360,conf/sigmod/IoannidisL94,True,1,dDHNsS9sisEJ,dDHNsS9sisEJ,True,0.9999953428244818,3.3322822874042203e-06,0.9999920105421943,0.9000000000000002,True,correct
DBLP,0.7,50,361,journals/sigmod/VetterliVS00,True,3,dAF5Z861mZgJ,h7RBOvmQHhEJ,True,0.9999956516999968,0.9999878885971255,7.76310287131654e-06,0.9000000000000002,True,correct
DBLP,0.7,50,362,conf/sigmod/FaloutsosL95,True,13,43b8e16YZlEJ,yFaUjmOQp1wJ,True,0.9999958494688282,0.9999955045397632,3.449290650880954e-07,0.9000000000000002,True,correct
DBLP,0.7,50,363,journals/sigmod/EisenbergM00,True,3,4mD1eFCHKKwJ,4mD1eFCHKKwJ,True,0.9999957676234278,0.9995643665368283,0.00043140108659944776,0.9000000000000002,True,correct
DBLP,0.7,50,364,conf/sigmod/Mamoulis03,True,1,8-eaDTdtfY4J,8-eaDTdtfY4J,True,0.9999959602662661,4.801944785668934e-06,0.9999911583214804,0.9000000000000002,True,correct
DBLP,0.7,50,365,conf/vldb/JohnsonM98,True,4,cTZLUZ5_cfkJ,eFynrwKK_T0J,True,0.9999946724125741,0.9996292447693615,0.00036542764321256804,0.9000000000000002,True,correct
DBLP,0.7,50,366,conf/vldb/GuPS00,True,2,mRWLGqueLNsJ,mRWLGqueLNsJ,True,0.9999963589067005,0.9999899344999944,6.424406706062591e-06,0.9000000000000002,True,correct
DBLP,0.7,50,367,journals/sigmod/Vianu03,True,2,bvcQt7zFoAoJ,JgenqfLQC1UJ,True,0.9999931797393015,0.9955797355950733,0.0044134441442281735,0.9000000000000002,True,correct
DBLP,0.7,50,368,conf/sigmod/CherniackZ96,True,3,aQc379dSLlIJ,ZsHfcZJwFQQJ,True,0.9999960093441626,0.9999942599617303,1.7493824322478702e-06,0.9000000000000002,True,correct
DBLP,0.7,50,369,conf/vldb/AnanthakrishnaCG02,True,2,FFKP2GRm2LEJ,FFKP2GRm2LEJ,True,0.9999960699841713,0.9999914218900475,4.648094123815838e-06,0.9000000000000002,True,correct
DBLP,0.7,50,370,conf/vldb/TeisseirePC94,True,2,KNv3bO45Nj4J,w17spSGfEXYJ,True,0.9999948887820582,0.9999947273199274,1.6146213077661287e-07,0.9000000000000002,True,correct
DBLP,0.7,50,371,conf/sigmod/JagadishJOT01,True,1,OM7n6h8R8CoJ,OM7n6h8R8CoJ,True,0.9999936113084896,4.224400312495518e-06,0.9999893869081772,0.9000000000000002,True,correct
DBLP,0.7,50,372,conf/vldb/ChaudhuriGN03,True,1,sAYCyUcugbYJ,sAYCyUcugbYJ,True,0.9999954348746161,3.996966984868957e-06,0.9999914379076312,0.9000000000000002,True,correct
DBLP,0.7,50,373,conf/sigmod/ChanI99,True,2,kNT7yt823K8J,uLiEqn5nA_IJ,True,0.9999961974706004,0.9999955889072772,6.085633231789345e-07,0.9000000000000002,True,correct
DBLP,0.7,50,374,journals/sigmod/Qian95a,True,1,url:http://portal.acm.org/ft_gateway.cfm%3Fid%3D212022%26type%3Dpdf%26dl%3DGUIDE%26dl%3DACM%26CFID%3D11111111%26CFTOKEN%3D2222222,url:http://portal.acm.org/ft_gateway.cfm%3Fid%3D212022%26type%3Dpdf%26dl%3DGUIDE%26dl%3DACM%26CFID%3D11111111%26CFTOKEN%3D2222222,True,0.9999959571521861,2.6266230124902125e-05,0.9999696909220612,0.9000000000000002,True,correct
DBLP,0.7,50,375,journals/sigmod/Franklin97b,False,0,,diQK7Y_z3XwJ,False,1.348558452172285e-05,1.0186906381971104e-05,3.2986781397517467e-06,0.9000000000000002,False,unmatched_abstention
DBLP,0.7,50,376,conf/sigmod/HanKK97,True,3,MqdtZ_cUxDEJ,NIfccqToMb8J,True,0.999955400788862,0.9999300992407316,2.5301548130407525e-05,0.9000000000000002,True,correct
DBLP,0.7,50,377,conf/vldb/DeutschPT99,True,1,0aJOXauNqYIJ,0aJOXauNqYIJ,True,0.9999950090821794,6.270593178884102e-06,0.9999887384890005,0.9000000000000002,True,correct
DBLP,0.7,50,378,conf/sigmod/HristidisKP01,True,1,mg9ABNG06O4J,mg9ABNG06O4J,True,0.9999962213510386,3.269925240198634e-06,0.9999929514257984,0.9000000000000002,True,correct
DBLP,0.7,50,379,conf/vldb/XieH94,True,3,3mIFpmoWAFUJ,7P8_zVPEW64J,True,0.9999961310017388,0.9999958326161512,2.983855875715591e-07,0.9000000000000002,True,correct
DBLP,0.7,50,380,conf/sigmod/WynblattN01,True,1,PVUtZWBcxlAJ,PVUtZWBcxlAJ,True,0.9999959904954757,6.8353868504891626e-06,0.9999891551086252,0.9000000000000002,True,correct
DBLP,0.7,50,381,conf/vldb/Norvag99,True,1,6kiYvzSHBvEJ,6kiYvzSHBvEJ,True,0.9999945288350753,5.1906530020109645e-06,0.9999893381820734,0.9000000000000002,True,correct
DBLP,0.7,50,382,journals/sigmod/Ozsoyoglu00,False,0,,url:http://portal.acm.org/ft_gateway.cfm%3Fid%3D601859%26type%3Dpdf%26dl%3DGUIDE%26dl%3DACM%26CFID%3D11111111%26CFTOKEN%3D2222222,False,0.0009046695570367493,3.651219258266504e-05,0.0008681573644540843,0.9000000000000002,False,unmatched_abstention
DBLP,0.7,50,383,conf/sigmod/ChristophidesACS94,True,8,dGbuUkhWNhMJ,WYSBGO-zyoEJ,True,0.9999950621823278,0.9999949342131955,1.279691322908505e-07,0.9000000000000002,True,correct
DBLP,0.7,50,384,journals/sigmod/Kim02,True,1,1PPb2Y8X7rAJ,1PPb2Y8X7rAJ,True,0.9999960874481354,3.503656673802512e-06,0.9999925837914616,0.9000000000000002,True,correct
DBLP,0.7,50,385,journals/sigmod/SegevJS95,True,1,2kiNfwTpqp4J,2kiNfwTpqp4J,True,0.9999945166957376,1.796365322044753e-05,0.9999765530425171,0.9000000000000002,True,correct
DBLP,0.7,50,386,conf/sigmod/Amer-YahiaFSX03,True,3,7-b5YXuGJS0J,IgRat6Xyu2EJ,True,0.9999945268833146,0.9999940089509534,5.179323612214404e-07,0.9000000000000002,True,correct
DBLP,0.7,50,387,conf/vldb/MatiasVW00,True,2,7SeTnikjovEJ,7SeTnikjovEJ,True,0.9999938943184551,0.9999478981478882,4.599617056688654e-05,0.9000000000000002,True,correct
DBLP,0.7,50,388,conf/sigmod/DraperHW01,True,3,6csUZFROjIEJ,sURGDemFSsUJ,True,0.9999949951311151,0.9999931239726442,1.8711584709452111e-06,0.9000000000000002,True,correct
DBLP,0.7,50,389,conf/sigmod/Rodriguez-Martinez00,True,1,ZX_Rn4h2st0J,ZX_Rn4h2st0J,True,0.9999949448690113,8.972263145184455e-06,0.9999859726058661,0.9000000000000002,True,correct
DBLP,0.7,50,390,journals/sigmod/LiefkeS00,True,2,4q4PDOS45uIJ,N0eowMtIAukJ,True,0.9999960446605536,0.9999755300225351,2.0514638018442888e-05,0.9000000000000002,True,correct
DBLP,0.7,50,391,conf/vldb/ChoN02,True,2,4tTQJrG4pn8J,4tTQJrG4pn8J,True,0.999996266370584,0.9789284562864446,0.021067810084139382,0.9000000000000002,True,correct
DBLP,0.7,50,392,journals/sigmod/Hanson99,False,0,,url:http://portal.acm.org/ft_gateway.cfm%3Fid%3D601859%26type%3Dpdf%26dl%3DGUIDE%26dl%3DACM%26CFID%3D11111111%26CFTOKEN%3D2222222,False,1.178831921335178e-05,1.090138301766586e-05,8.869361956859205e-07,0.9000000000000002,False,unmatched_abstention
DBLP,0.7,50,393,conf/sigmod/RoussopoulosKV95,True,7,00c1qmRdM5IJ,efwTNo1wRnMJ,True,0.9999935028375602,0.9999889367529473,4.566084612855903e-06,0.9000000000000002,True,correct
DBLP,0.7,50,394,journals/sigmod/Qian96,True,1,NiswbODuzhAJ,NiswbODuzhAJ,True,0.99999555311504,0.00014526628704520636,0.9998502868279947,0.9000000000000002,True,correct
DBLP,0.7,50,395,conf/sigmod/Sahuguet01,True,2,1psqlswyLR0J,xb63RaGQYmYJ,True,0.9999716423089063,0.9998660249120462,0.00010561739686010263,0.9000000000000002,True,correct
DBLP,0.7,50,396,journals/vldb/AlbanoGO95,True,2,_tswCGHoswMJ,_tswCGHoswMJ,True,0.9999962690579096,0.9999806772299444,1.5591827965177885e-05,0.9000000000000002,True,correct
DBLP,0.7,50,397,conf/vldb/HeMYW03,True,1,cBe5X4EKjIEJ,cBe5X4EKjIEJ,True,0.9999962205545619,0.002835527921662043,0.9971606926328999,0.9000000000000002,True,correct
DBLP,0.7,50,398,conf/sigmod/LiBKN03,True,1,micx2kyGfKIJ,micx2kyGfKIJ,True,0.9999960369882338,3.5912337994310664e-06,0.9999924457544344,0.9000000000000002,True,correct
DBLP,0.7,50,399,journals/sigmod/KlasS94,True,3,bViLh5-jVsAJ,bViLh5-jVsAJ,True,0.9998189315116027,0.9790658867054507,0.020753044806152032,0.9000000000000002,True,correct
DBLP,0.7,50,400,conf/sigmod/ShklarSKT95,True,1,4IaWCBK6dMQJ,4IaWCBK6dMQJ,True,0.9999962800681536,7.336068015973794e-05,0.9999229193879938,0.9000000000000002,True,correct
DBLP,0.7,50,401,conf/vldb/BaralisPT97,True,4,Cp7_R7yjRjQJ,UUiSb7q5PHgJ,True,0.9999951499420043,0.999988734678934,6.415263070325139e-06,0.9000000000000002,True,correct
DBLP,0.7,50,402,conf/vldb/Bernstein94,True,1,TqLyg1wbo5UJ,TqLyg1wbo5UJ,True,0.9999956377317731,3.6022135110305216e-06,0.9999920355182621,0.9000000000000002,True,correct
DBLP,0.7,50,403,conf/vldb/MehtaD95,True,3,7c5g0Tl1lO0J,xkvXoYlg2-cJ,True,0.9999961037124919,0.9999945077045092,1.5960079827737061e-06,0.9000000000000002,True,correct
DBLP,0.7,50,404,conf/sigmod/LahiriJJC98,True,1,qtwJ7XWG9JIJ,qtwJ7XWG9JIJ,True,0.9999963709775602,8.396406336825594e-06,0.9999879745712233,0.9000000000000002,True,correct
DBLP,0.7,50,405,conf/sigmod/CherniackZ98,True,2,_wJZsVYdrr8J,_wJZsVYdrr8J,True,0.9999941750719059,0.9999874162963669,6.758775539017492e-06,0.9000000000000002,True,correct
DBLP,0.7,50,406,journals/vldb/LiR99,True,2,Ko9e8CH2Si4J,nu5nhxl6WXQJ,True,0.9999957396893073,0.9999861433353873,9.59635392006053e-06,0.9000000000000002,True,correct
DBLP,0.7,50,407,conf/vldb/SubietaKL95,True,1,gEFY87Ma0XUJ,gEFY87Ma0XUJ,True,0.9999948711795605,5.965638129393277e-06,0.9999889055414312,0.9000000000000002,True,correct
DBLP,0.7,50,408,journals/sigmod/ShahMFH01,True,1,7b-nJDMGtwUJ,7b-nJDMGtwUJ,True,0.9999956227628365,3.1630761860830436e-06,0.9999924596866504,0.9000000000000002,True,correct
DBLP,0.7,50,409,journals/sigmod/GatziuKBF98,True,4,C8tPNXRbNnIJ,YERfAnxw2RcJ,True,0.9999893158774066,0.9997829530310162,0.0002063628463904177,0.9000000000000002,True,correct
DBLP,0.7,50,410,conf/vldb/CarneyCZRCS03,True,2,JubkWSUFbbcJ,JubkWSUFbbcJ,True,0.9999957108550539,0.9999922525708638,3.458284190127614e-06,0.9000000000000002,True,correct
DBLP,0.7,50,411,conf/vldb/RosenthalS94,True,1,NFUWsBXtCncJ,NFUWsBXtCncJ,True,0.999994794231975,3.35273101177896e-06,0.9999914415009632,0.9000000000000002,True,correct
DBLP,0.7,50,412,conf/vldb/ZirintsisKM99,True,2,_UYteGcmBKIJ,_UYteGcmBKIJ,True,0.9999935314871059,0.005553157515158136,0.9944403739719477,0.9000000000000002,True,correct
DBLP,0.7,50,413,conf/sigmod/AbadiC02,True,1,f2Lea-RN8dsJ,f2Lea-RN8dsJ,True,0.9999955471314037,3.2288844327404364e-06,0.999992318246971,0.9000000000000002,True,correct
DBLP,0.7,50,414,conf/sigmod/AbadiCCCCEGHMRSSTXYZ03,True,3,eBnT7lhV2LwJ,VuY9Y49GqXgJ,True,0.999993287839381,0.999330264758544,0.0006630230808369886,0.9000000000000002,True,correct
DBLP,0.7,50,415,conf/sigmod/Team95b,True,1,v80FFBUTW_0J,v80FFBUTW_0J,True,0.9999957638074128,3.231086878910267e-06,0.9999925327205339,0.9000000000000002,True,correct
DBLP,0.7,50,416,conf/vldb/LometT95,True,3,7KawVN8Kj10J,7KawVN8Kj10J,True,0.9999952587855175,0.9999493330140625,4.59257714550132e-05,0.9000000000000002,True,correct
DBLP,0.7,50,417,conf/vldb/Wang95,True,2,7FUOWtSbiogJ,7FUOWtSbiogJ,True,0.9999960163406406,0.23211414370762887,0.7678818726330118,0.9000000000000002,True,correct
DBLP,0.7,50,418,conf/vldb/CareyHMW96,True,1,Nz8zwxjBoyYJ,Nz8zwxjBoyYJ,True,0.9999952557008152,4.284803108600781e-06,0.9999909708977065,0.9000000000000002,True,correct
DBLP,0.7,50,419,conf/sigmod/ZhangZPTL03,True,1,S3lELcdpzTkJ,S3lELcdpzTkJ,True,0.9999941280820733,0.00010390572141344277,0.9998902223606599,0.9000000000000002,True,correct
DBLP,0.7,50,420,conf/vldb/Draluk01,True,2,FhNjU1YhINUJ,FhNjU1YhINUJ,True,0.9999959575994045,0.9999958712687703,8.633063419694054e-08,0.9000000000000002,True,correct
DBLP,0.7,50,421,journals/sigmod/Winslett02,False,0,,url:http://portal.acm.org/citation.cfm%3Fid%3D507338.507358%26coll%3DGUIDE%26dl%3Dacm%26idx%3D984378%26part%3Dperiodical%26WantType%3Dperiodical%26title%3DACM%2520SIGMOD%2520Record%26CFID%3D11111111%26CFTOKEN%3D2222222,False,0.0004131427679557668,1.8833973067167462e-05,0.00039430879488859934,0.9000000000000002,False,unmatched_abstention
DBLP,0.7,50,422,conf/vldb/StohrR01,True,1,jn3pvb3hRzwJ,jn3pvb3hRzwJ,True,0.9999963418451241,8.27869019378551e-06,0.9999880631549303,0.9000000000000002,True,correct
DBLP,0.7,50,423,conf/sigmod/JonkerS95,True,1,Rg4UOUTwgAcJ,Rg4UOUTwgAcJ,True,0.9999955145734251,5.08571548344277e-06,0.9999904288579416,0.9000000000000002,True,correct
DBLP,0.7,50,424,conf/vldb/CosleyLP02,True,2,22ZTae8fNuIJ,BTalXWt3faUJ,True,0.999996328917725,0.9999674314972031,2.889742052192279e-05,0.9000000000000002,True,correct
DBLP,0.7,50,425,conf/vldb/JiangWL03,True,1,s3bawcAka-EJ,s3bawcAka-EJ,True,0.9999961429196863,0.9998386674003061,0.00015747551938016802,0.9000000000000002,True,correct
DBLP,0.7,50,426,conf/sigmod/BersonGMJ94,True,4,bw_c9Mk0_7IJ,bw_c9Mk0_7IJ,True,0.999995745020598,0.9999942230246263,1.5219959716983311e-06,0.9000000000000002,True,correct
DBLP,0.7,50,427,journals/tods/Jagadish95,True,1,gDFpwto83b4J,gDFpwto83b4J,True,0.9999862123806718,6.1298063425312875e-06,0.9999800825743292,0.9000000000000002,True,correct
DBLP,0.7,50,428,journals/sigmod/Scholl01,False,0,,url:http://portal.acm.org/citation.cfm%3Fid%3D604275,False,0.00010635967412773533,2.736929143519642e-05,7.89903826925389e-05,0.9000000000000002,False,unmatched_abstention
DBLP,0.7,50,429,conf/sigmod/Mylopoulos98,True,3,2R-2i60g4MsJ,vU_Vo2059VUJ,True,0.9999954386737473,0.9999893611531082,6.077520639080625e-06,0.9000000000000002,True,correct
DBLP,0.7,50,430,conf/sigmod/Suciu99,True,1,FOpGGQJyLLsJ,FOpGGQJyLLsJ,True,0.06154995565688324,0.0002573671412703337,0.0612925885156129,0.9000000000000002,False,missing_match
DBLP,0.7,50,431,journals/sigmod/SayginVC01,True,3,OALLzL4DQXsJ,Tp9iVMsAzocJ,True,0.999996393451937,0.999996366932985,2.6518952034315646e-08,0.9000000000000002,True,correct
DBLP,0.7,50,432,journals/vldb/DanYC95,True,1,SsOLRJZrmtYJ,SsOLRJZrmtYJ,True,0.9999952249799986,0.8765647415523522,0.1234304834276464,0.9000000000000002,True,correct
DBLP,0.7,50,433,conf/sigmod/AdiBEY01,True,2,3jUi_Yf4DfIJ,url:http://portal.acm.org/citation.cfm%3Fdoid%3D375663.375759,True,0.9999960924411382,0.999996011790523,8.065061518625072e-08,0.9000000000000002,True,correct
DBLP,0.7,50,434,conf/vldb/PapadiasTS03,True,1,TmcyYF1CNsYJ,TmcyYF1CNsYJ,True,0.9999964130926093,0.00240289079373616,0.9975935222988732,0.9000000000000002,True,correct
DBLP,0.7,50,435,journals/sigmod/Bestavros96,True,1,Q2y53UR0g6oJ,Q2y53UR0g6oJ,True,0.9999893392967394,0.0008808647041600937,0.9991084745925793,0.9000000000000002,True,correct
DBLP,0.7,50,436,conf/vldb/LevySSZ94,True,1,MtScC-fTWCEJ,MtScC-fTWCEJ,True,0.9999937379047118,5.408801333160966e-06,0.9999883291033786,0.9000000000000002,True,correct
DBLP,0.7,50,437,conf/vldb/ClaussenKMP97,True,1,EyTvjJCb5WkJ,EyTvjJCb5WkJ,True,0.9999956481239477,5.791924944038008e-06,0.9999898561990037,0.9000000000000002,True,correct
DBLP,0.7,50,438,conf/vldb/HristidisP02,True,2,5k-GwvznWRUJ,rZJLf9oQ_hEJ,True,0.9999961289866105,0.9999943993365645,1.729650045967368e-06,0.9000000000000002,True,correct
DBLP,0.7,50,439,conf/sigmod/BohannonMR01,True,1,ChD3-mp23f8J,ChD3-mp23f8J,True,0.9999960363986024,1.3436302629850106e-05,0.9999826000959725,0.9000000000000002,True,correct
DBLP,0.7,50,440,conf/vldb/CandanALPH02,False,0,,efYVCK07AwMJ,False,3.556096566134614e-06,3.4479892541501633e-06,1.0810731198445072e-07,0.9000000000000002,False,unmatched_abstention
DBLP,0.7,50,441,journals/sigmod/LenzVJS03,True,1,url:http://portal.acm.org/ft_gateway.cfm%3Fid%3D959083%26type%3Dpdf,url:http://portal.acm.org/ft_gateway.cfm%3Fid%3D959083%26type%3Dpdf,True,0.9498123174659397,0.0003252357777228188,0.9494870816882169,0.9000000000000002,True,correct
DBLP,0.7,50,442,conf/vldb/FaloutsosMS96,True,2,j9sPZ8fYBJMJ,MxkjWOlLhlYJ,True,0.9999958515582522,0.9999921935720992,3.6579861529828506e-06,0.9000000000000002,True,correct
DBLP,0.7,50,443,conf/sigmod/HsiaoCY94,True,2,LEi_Rzm1iH0J,LEi_Rzm1iH0J,True,0.9999962057622869,0.9999961025009609,1.0326132593441173e-07,0.9000000000000002,True,correct
DBLP,0.7,50,444,conf/sigmod/PolyzotisG02,True,2,FK5GEhwW7uQJ,obfTDYVJb4gJ,True,0.9999948516755964,0.9999774648089664,1.738686662999811e-05,0.9000000000000002,True,correct
DBLP,0.7,50,445,conf/sigmod/Kennamer98,True,3,RQ9qLR4St8sJ,url:http://portal.acm.org/citation.cfm%3Fid%3D276304.276373%26dl%3Dportal%26dl%3DACM%26type%3Dseries%26idx%3D276304%26part%3DProceedings%26WantType%3DProceedings%26title%3DInternational%2520Conference%2520on%2520Management%2520of%2520Data%26CFID%3D11111111%26CFTOKEN%3D2222222,True,0.9999964640045675,0.9999919636407842,4.500363783299655e-06,0.9000000000000002,True,correct
DBLP,0.7,50,446,conf/vldb/HoskingC99,True,1,8Pt19BiLeHEJ,8Pt19BiLeHEJ,True,0.9999963138781982,0.0008352362817471065,0.9991610775964511,0.9000000000000002,True,correct
DBLP,0.7,50,447,conf/vldb/Galindo-LegariaJWW03,True,2,3fCNsAXb9RAJ,3fCNsAXb9RAJ,True,0.9999921315731487,0.9999874241663013,4.707406847437312e-06,0.9000000000000002,True,correct
DBLP,0.7,50,448,journals/tods/TaoSP03,True,1,FBp7oibu4ygJ,FBp7oibu4ygJ,True,0.9999949443386819,0.0001113582371008012,0.999883586101581,0.9000000000000002,True,correct
DBLP,0.7,50,449,conf/vldb/ShanmugasundaramGTZDN99,True,13,C5EoaXfZ7BsJ,NADaoJJSRfQJ,True,0.9999955792802084,0.9999953433885064,2.3589170206061993e-07,0.9000000000000002,True,correct
DBLP,0.7,50,450,journals/sigmod/Keim96,True,1,vkUvhZOw-1YJ,vkUvhZOw-1YJ,True,0.9999938248621871,0.0017104131162030904,0.998283411745984,0.9000000000000002,True,correct
DBLP,0.7,50,451,journals/sigmod/Group94,False,0,,url:http://www.ingentaconnect.com/search/expand%3Fpub%3Dinfobike://els/08830355/2001/00000035/00000004/art00040%26unc%3D,False,5.495737825001235e-06,4.4598766951818835e-06,1.0358611298193515e-06,0.9000000000000002,False,unmatched_abstention
DBLP,0.7,50,452,journals/sigmod/BestavrosLS96,True,1,RalvsjDuKzsJ,url:http://portal.acm.org/ft_gateway.cfm%3Fid%3D381889%26type%3Dpdf%26dl%3DGUIDE%26dl%3DACM%26CFID%3D11111111%26CFTOKEN%3D2222222,False,0.999970812448857,0.9999414267253424,2.938572351462998e-05,0.9000000000000002,True,false_link
DBLP,0.7,50,453,conf/sigmod/BorkarDS01,True,3,8fu2bhk_i9EJ,8zFEVer1rBUJ,True,0.999995378277849,0.9999805687585291,1.4809519319869402e-05,0.9000000000000002,True,correct
DBLP,0.7,50,454,conf/sigmod/PopaDST00,True,1,gAwckIiPpTEJ,gAwckIiPpTEJ,True,0.9999897102902578,3.43595558695844e-06,0.9999862743346709,0.9000000000000002,True,correct
DBLP,0.7,50,455,conf/vldb/Blecken00,True,1,hCSzil0nuVEJ,hCSzil0nuVEJ,True,0.9999963582052072,3.343458599909269e-06,0.9999930147466073,0.9000000000000002,True,correct
DBLP,0.7,50,456,journals/sigmod/MotroA03,True,1,url:http://portal.acm.org/ft_gateway.cfm%3Fid%3D959085%26type%3Dpdf%26dl%3DGUIDE%26dl%3DACM%26CFID%3D11111111%26CFTOKEN%3D2222222,url:http://portal.acm.org/ft_gateway.cfm%3Fid%3D959085%26type%3Dpdf%26dl%3DGUIDE%26dl%3DACM%26CFID%3D11111111%26CFTOKEN%3D2222222,True,0.9999959514689782,0.9994624616120792,0.0005334898568990498,0.9000000000000002,True,correct
DBLP,0.7,50,457,conf/sigmod/BhattacharyaMBNHS02,True,3,2J_9scP1caYJ,tsQbSCfQTooJ,True,0.9999961931019542,0.9999579482561892,3.824484576497866e-05,0.9000000000000002,True,correct
DBLP,0.7,50,458,journals/sigmod/GlavitschSW94,True,2,hWplbG_c0LEJ,IQjGtYPrUFUJ,True,0.9999960188700366,0.9999943906771672,1.628192869418399e-06,0.9000000000000002,True,correct
DBLP,0.7,50,459,conf/sigmod/MerialdoAMMP00,True,1,Qq0WheHyVv8J,Qq0WheHyVv8J,True,0.9999963957109543,4.2258750685888135e-06,0.9999921698358858,0.9000000000000002,True,correct
DBLP,0.7,50,460,journals/sigmod/Aggarwal01,True,2,JKGSOO_3GjUJ,OE8gpNwz8MkJ,True,0.9999959811661696,0.9999927593583938,3.221807775788399e-06,0.9000000000000002,True,correct
DBLP,0.7,50,461,conf/vldb/Korth95,True,1,UZAQL1o-c0MJ,UZAQL1o-c0MJ,True,0.9984161400272961,3.2048878072171957e-06,0.9984129351394888,0.9000000000000002,True,correct
DBLP,0.7,50,462,journals/sigmod/JajodiaBBKMSW97,True,1,url:http://portal.acm.org/citation.cfm%3Fid%3D271095,url:http://portal.acm.org/citation.cfm%3Fid%3D271095,True,0.999995469752535,2.4851403226745962e-05,0.9999706183493082,0.9000000000000002,True,correct
DBLP,0.7,50,463,journals/sigmod/ZobelMR96,True,1,6NbNX8nSta0J,6NbNX8nSta0J,True,0.9999955756825757,4.774359747159089e-06,0.9999908013228286,0.9000000000000002,True,correct
DBLP,0.7,50,464,conf/vldb/KonopnickiS95,True,5,cA1Zsnlz-tIJ,cA1Zsnlz-tIJ,True,0.9999958779923895,0.9999957182155952,1.5977679435064118e-07,0.9000000000000002,True,correct
DBLP,0.7,50,465,conf/vldb/FernandezSCMS03,True,2,FjmyLJQ2TrYJ,sn_R4N1q2SwJ,True,0.9999959843383456,0.9999831766726701,1.2807665675462765e-05,0.9000000000000002,True,correct
DBLP,0.7,50,466,conf/sigmod/BryanMCLG94,True,1,nbU-wr3ivUIJ,nbU-wr3ivUIJ,True,0.9999964350375962,4.130515279220195e-06,0.9999923045223169,0.9000000000000002,True,correct
DBLP,0.7,50,467,journals/vldb/CuiW03,True,1,SaOd6rDz5ZgJ,SaOd6rDz5ZgJ,True,0.999995715017091,9.364527868328916e-06,0.9999863504892226,0.9000000000000002,True,correct
DBLP,0.7,50,468,journals/sigmod/UrbanDG96,True,1,url:http://portal.acm.org/ft_gateway.cfm%3Fid%3D381892%26type%3Dpdf%26dl%3DGUIDE%26dl%3DACM%26CFID%3D11111111%26CFTOKEN%3D2222222,url:http://portal.acm.org/ft_gateway.cfm%3Fid%3D381892%26type%3Dpdf%26dl%3DGUIDE%26dl%3DACM%26CFID%3D11111111%26CFTOKEN%3D2222222,True,0.9999957329394995,2.9513885577998754e-05,0.9999662190539215,0.9000000000000002,True,correct
DBLP,0.7,50,469,journals/vldb/AgrawalHK03,True,1,NDKJPUgy_K4J,NDKJPUgy_K4J,True,0.9999959732785249,2.200834754071836e-05,0.9999739649309841,0.9000000000000002,True,correct
DBLP,0.7,50,470,conf/vldb/BertinoBFS96,True,1,s0v9B-K8owEJ,s0v9B-K8owEJ,True,0.9999960186346353,0.00215698162346,0.9978390370111753,0.9000000000000002,True,correct
DBLP,0.7,50,471,conf/vldb/Wadler01,True,2,TyF71uAlnLsJ,url:http://portal.acm.org/citation.cfm%3Fid%3D645927.672033,True,0.9999951379475324,0.9998866166239303,0.00010852132360206213,0.9000000000000002,True,correct
DBLP,0.7,50,472,conf/vldb/BernsteinHSSZ97,True,3,62aA4DYB0MQJ,62aA4DYB0MQJ,True,0.9999941397294243,0.9999940937275956,4.600182867964264e-08,0.9000000000000002,True,correct
DBLP,0.7,50,473,journals/vldb/EvangelidisS97,True,1,5dnYlEMQTb0J,5dnYlEMQTb0J,True,0.9999964478826459,0.031023692292896456,0.9689727555897494,0.9000000000000002,True,correct
DBLP,0.7,50,474,conf/vldb/OzdenBRS94,True,4,ARyxUwGOA10J,T4zyjvy9GdcJ,True,0.9999955796174683,0.9999952975836025,2.8203386581715506e-07,0.9000000000000002,True,correct
DBLP,0.7,50,475,journals/sigmod/Kuijpers02,True,1,url:http://portal.acm.org/citation.cfm%3Fid%3D601858.601866%26dl%3DGUIDE%26dl%3DACM%26idx%3DJ689%26part%3Dperiodical%26WantType%3Dperiodical%26title%3DACM%2520SIGMOD%2520Record%26CFID%3D11111111%26CFTOKEN%3D2222222,url:http://portal.acm.org/citation.cfm%3Fid%3D601858.601866%26dl%3DGUIDE%26dl%3DACM%26idx%3DJ689%26part%3Dperiodical%26WantType%3Dperiodical%26title%3DACM%2520SIGMOD%2520Record%26CFID%3D11111111%26CFTOKEN%3D2222222,True,0.9999414568801183,0.9999119495023092,2.9507377809045998e-05,0.9000000000000002,True,correct
DBLP,0.7,50,476,conf/vldb/MiloZ98,True,3,a7XtgKiAJFMJ,Nd7-CTB1lRgJ,True,0.9999963696448718,0.9999954868159878,8.828288839968224e-07,0.9000000000000002,True,correct
DBLP,0.7,50,477,conf/sigmod/IvesFFLW99,True,4,0087thkugMUJ,yrnhcMqsUVoJ,True,0.9999961731582374,0.9999888005676961,7.372590541288027e-06,0.9000000000000002,True,correct
DBLP,0.7,50,478,conf/sigmod/DeshpandeNGS03a,True,3,pF6EW_yKYyYJ,sfB17Fi4MZsJ,True,0.9999961048382091,0.9999952742420658,8.30596143308604e-07,0.9000000000000002,True,correct
DBLP,0.7,50,479,journals/vldb/ClaussenKKW00,True,1,DSF-ukHbE64J,DSF-ukHbE64J,True,0.9999886719249192,3.259408121260947e-06,0.999985412516798,0.9000000000000002,True,correct
DBLP,0.7,50,480,conf/vldb/Garcia-MolinaLY98,True,5,5Rq_5hPceK8J,lWVWAhlsyYYJ,True,0.9999953965815213,0.9999946400927795,7.564887417599309e-07,0.9000000000000002,True,correct
DBLP,0.7,50,481,journals/vldb/ChirkovaHS02,True,1,NdmocXlpq9QJ,NdmocXlpq9QJ,True,0.9999959622845109,3.972642040525471e-06,0.9999919896424704,0.9000000000000002,True,correct
DBLP,0.7,50,482,journals/sigmod/Snodgrass98a,True,1,CGvD6Du5kaoJ,url:http://portal.acm.org/ft_gateway.cfm%3Fid%3D290599%26type%3Dpdf%26dl%3DGUIDE%26dl%3DACM%26CFID%3D11111111%26CFTOKEN%3D2222222,False,0.9997861481420933,0.9989504674183444,0.000835680723748955,0.9000000000000002,True,false_link
DBLP,0.7,50,483,conf/vldb/Hess96,True,1,Gia7489k5t4J,Gia7489k5t4J,True,0.9999953798510935,3.908542787949217e-06,0.9999914713083056,0.9000000000000002,True,correct
DBLP,0.7,50,484,journals/sigmod/CiliaB02,True,1,Y1HVgTopekIJ,Y1HVgTopekIJ,True,0.9999961329936908,3.4009524070232095e-06,0.9999927320412838,0.9000000000000002,True,correct
DBLP,0.7,50,485,conf/vldb/Chiueh94,True,3,_YFIPoyVC3UJ,nOF-SuSEaaEJ,True,0.9999956056350807,0.9999542250084199,4.13806266608141e-05,0.9000000000000002,True,correct
DBLP,0.7,50,486,conf/sigmod/CandanLLHA01,True,3,E1oiXxVyfXwJ,efYVCK07AwMJ,True,0.999995632211905,0.9999949956274815,6.36584423507891e-07,0.9000000000000002,True,correct
DBLP,0.7,50,487,journals/sigmod/Danish98,True,2,J2Mi5B81Il0J,mKZyoPZArGcJ,True,0.9999951177309359,0.009569797789006044,0.9904253199419298,0.9000000000000002,True,correct
DBLP,0.7,50,488,journals/vldb/AguileraCMVV02,True,3,4OUQOD2i52sJ,SdVmepmUgQIJ,True,0.9999948766156912,0.9997257020215953,0.00026917459409592226,0.9000000000000002,True,correct
DBLP,0.7,50,489,conf/vldb/GehrkeRG98,True,2,G8JSWUAO2lMJ,hobnzQKRlK4J,True,0.9999929224982603,0.9998861742069486,0.00010674829131174235,0.9000000000000002,True,correct
DBLP,0.7,50,490,conf/vldb/BaumgartnerFG01a,True,1,GGyAHg9kwysJ,GGyAHg9kwysJ,True,0.9999958033423756,5.332360392604391e-06,0.999990470981983,0.9000000000000002,True,correct
DBLP,0.7,50,491,journals/sigmod/MaximilienS02,True,3,hgjhR8PwNVwJ,hgjhR8PwNVwJ,True,0.9999955226849986,0.9999927267619189,2.79592307972365e-06,0.9000000000000002,True,correct
DBLP,0.7,50,492,conf/vldb/TanSHCR01,True,2,004z3CTw0DEJ,hPcNG0tPwgIJ,True,0.9999957144653832,0.9999943970073263,1.3174580568708905e-06,0.9000000000000002,True,correct
DBLP,0.7,50,493,journals/sigmod/HanBP01,True,2,FT5pSUb-uTYJ,-OEJgpIAScMJ,True,0.9999943907627575,0.9999809611515432,1.3429611214310633e-05,0.9000000000000002,True,correct
DBLP,0.7,50,494,journals/tods/BaralisCP96,True,2,6Njy0-27w5cJ,6Njy0-27w5cJ,True,0.9999956212347246,0.9999925796040096,3.041630715072685e-06,0.9000000000000002,True,correct
DBLP,0.7,50,495,conf/vldb/Johnson99,True,1,B3PwhNu8Y6IJ,B3PwhNu8Y6IJ,True,0.9999942326853981,3.931076638867579e-06,0.9999903016087592,0.9000000000000002,True,correct
DBLP,0.7,50,496,journals/vldb/HansonCDERTX98,True,1,F6Ko8ZvWypUJ,F6Ko8ZvWypUJ,True,0.9999959134190866,3.3205891067788007e-06,0.9999925928299798,0.9000000000000002,True,correct
DBLP,0.7,50,497,conf/vldb/ChenL03,True,1,WaSgR87oMpcJ,WaSgR87oMpcJ,True,0.9999962791385689,3.1347936616302597e-06,0.9999931443449073,0.9000000000000002,True,correct
DBLP,0.7,50,498,conf/vldb/AbiteboulBMMW02,True,4,0MJZbBBMixgJ,mm3mXWb8QS0J,True,0.9999960728465549,0.999993125015199,2.9478313559039293e-06,0.9000000000000002,True,correct
DBLP,0.7,50,499,conf/vldb/SistlaYH94,True,4,_jl3bN2QlE4J,FT4Sfn-Z7GUJ,True,0.9999953136332721,0.999994120528602,1.1931046700608405e-06,0.9000000000000002,True,correct
DBLP,0.7,50,500,conf/sigmod/Ubell94,True,3,lphlTARDI9YJ,ZrMjnFuPnI0J,True,0.7743864813143037,0.0023182220159895825,0.772068259298314,0.9000000000000002,False,missing_match
DBLP,0.7,50,501,conf/sigmod/KornackerSH98,True,2,08hpWyqMTqAJ,bV8_CDuW2gMJ,True,0.9999961306216757,0.999990720744091,5.409877584683365e-06,0.9000000000000002,True,correct
DBLP,0.7,50,502,conf/sigmod/Ahn94,True,1,5s6b10Hik30J,5s6b10Hik30J,True,0.9998243646563361,2.299665965725204e-05,0.9998013679966788,0.9000000000000002,True,correct
DBLP,0.7,50,503,conf/vldb/PellenkoftLK97,True,2,793XPMTdcBEJ,793XPMTdcBEJ,True,0.9999948581916832,0.9999941769825305,6.812091527530484e-07,0.9000000000000002,True,correct
DBLP,0.7,50,504,journals/sigmod/Hammer03,True,1,url:http://portal.acm.org/ft_gateway.cfm%3Fid%3D601859%26type%3Dpdf%26dl%3DGUIDE%26dl%3DACM%26CFID%3D11111111%26CFTOKEN%3D2222222,url:http://portal.acm.org/ft_gateway.cfm%3Fid%3D601859%26type%3Dpdf%26dl%3DGUIDE%26dl%3DACM%26CFID%3D11111111%26CFTOKEN%3D2222222,True,0.016350577770990613,1.2959471437708644e-05,0.016337618299552905,0.9000000000000002,False,missing_match
DBLP,0.7,50,505,conf/sigmod/DoRD99,True,2,Q4N41koenF8J,Q4N41koenF8J,True,0.9999956525292865,0.9999955543320006,9.819728585824805e-08,0.9000000000000002,True,correct
DBLP,0.7,50,506,journals/vldb/RamamohanaraoH94,True,2,bFNUZoN0LhsJ,UiWvxN_y9SAJ,True,0.9999961951127351,0.9999849966719907,1.1198440744375482e-05,0.9000000000000002,True,correct
DBLP,0.7,50,507,conf/vldb/ChenJLP03,True,2,BGcx_nZKM4wJ,BGcx_nZKM4wJ,True,0.9999953764395154,0.9999934360868069,1.9403527085071204e-06,0.9000000000000002,True,correct
DBLP,0.7,50,508,journals/sigmod/KiyokiKH94,True,1,xT3mwY4t5kEJ,xT3mwY4t5kEJ,True,0.9999959702936105,3.725114935639188e-06,0.9999922451786749,0.9000000000000002,True,correct
DBLP,0.7,50,509,conf/sigmod/PapadiasTFS03,True,2,MkRJhOROQjsJ,MkRJhOROQjsJ,True,0.9999961723662038,0.9999947688559259,1.4035102778864328e-06,0.9000000000000002,True,correct
DBLP,0.7,50,510,conf/vldb/PapadimitriouBF03,True,1,pAvCmcv_-lMJ,pAvCmcv_-lMJ,True,0.9999933838675571,0.9988633563402064,0.0011300275273506966,0.9000000000000002,True,correct
DBLP,0.7,50,511,conf/sigmod/GodfreyGXZ01,True,1,LNnvt5TpBhkJ,LNnvt5TpBhkJ,True,0.9999959966317119,3.97104736359638e-06,0.9999920255843483,0.9000000000000002,True,correct
DBLP,0.7,50,512,journals/vldb/RahmB01,True,6,707RPzHAB8YJ,OmmFvfvPT6MJ,True,0.9999961709642311,0.9999957954225076,3.7554172349629766e-07,0.9000000000000002,True,correct
DBLP,0.7,50,513,conf/sigmod/LaursenOP94,True,2,fTbCV3Lh8W0J,fTbCV3Lh8W0J,True,0.9999964537923886,0.999991950862399,4.502929989547155e-06,0.9000000000000002,True,correct
DBLP,0.7,50,514,conf/sigmod/Grust02,True,3,-3LAxRNpDJIJ,-3LAxRNpDJIJ,True,0.9999899692462653,0.9999895044938161,4.647524491918631e-07,0.9000000000000002,True,correct
DBLP,0.7,50,515,journals/vldb/SinghalS97,True,1,3fO2448hZgwJ,3fO2448hZgwJ,True,0.9999961335947636,3.4758606831659882e-06,0.9999926577340804,0.9000000000000002,True,correct
DBLP,0.7,50,516,journals/sigmod/X95a,False,0,,url:http://www.springerlink.com/index/X256555608656055.pdf,False,1.352135886318276e-05,1.3383881860165487e-05,1.3747700301727234e-07,0.9000000000000002,False,unmatched_abstention
DBLP,0.7,50,517,journals/sigmod/MeltonMJKS02,True,1,cvBAdEvcTSkJ,cvBAdEvcTSkJ,True,0.9999874474114037,2.000816233380004e-05,0.9999674392490698,0.9000000000000002,True,correct
DBLP,0.7,50,518,journals/sigmod/Snodgrass00,False,0,,url:http://portal.acm.org/ft_gateway.cfm%3Fid%3D601859%26type%3Dpdf%26dl%3DGUIDE%26dl%3DACM%26CFID%3D11111111%26CFTOKEN%3D2222222,False,0.0014066864717965956,0.0004374302992288935,0.000969256172567702,0.9000000000000002,False,unmatched_abstention
DBLP,0.7,50,519,conf/sigmod/Miller98,True,5,_ExuZq1BkEkJ,fW6JIoNRqAQJ,True,0.9999950220117496,0.9999906729057437,4.349106005885339e-06,0.9000000000000002,True,correct
DBLP,0.7,50,520,conf/vldb/Kuhn03,False,0,,MyW5sLwDtogJ,False,0.9999365687894288,3.3439337290957153e-06,0.9999332248556997,0.9000000000000002,True,false_link
DBLP,0.7,50,521,conf/vldb/Spintzik95,True,1,QcD01ZjsNcIJ,QcD01ZjsNcIJ,True,0.999996345851417,6.030952851825662e-06,0.9999903148985652,0.9000000000000002,True,correct
DBLP,0.7,50,522,conf/sigmod/BilirisP94,True,1,KYhmilHkq_IJ,KYhmilHkq_IJ,True,0.9999960889067961,4.453046955766949e-06,0.9999916358598404,0.9000000000000002,True,correct
DBLP,0.7,50,523,conf/vldb/DaynesC02,True,1,Ug0Yk0QhILMJ,Ug0Yk0QhILMJ,True,0.9999959078773382,3.194872353644703e-06,0.9999927130049845,0.9000000000000002,True,correct
DBLP,0.7,50,524,conf/vldb/SchmidtWKCMB02,True,3,CvGGYMrKR2sJ,CvGGYMrKR2sJ,True,0.9999957720327962,0.9999943958744109,1.376158385357762e-06,0.9000000000000002,True,correct
DBLP,0.7,50,525,conf/vldb/AshwinRSSS97,True,3,5VcKjo7jBOMJ,5VcKjo7jBOMJ,True,0.9999961971442137,0.9999960001121178,1.9703209597210503e-07,0.9000000000000002,True,correct
DBLP,0.7,50,526,conf/vldb/DattaRT99,True,1,gckQTLQjsj8J,gckQTLQjsj8J,True,0.9999964029323638,3.5770248601556374e-06,0.9999928259075036,0.9000000000000002,True,correct
DBLP,0.7,50,527,journals/sigmod/Chang03,True,1,B55TCVoUsnoJ,B55TCVoUsnoJ,True,0.9999963440806818,7.2369689907557405e-06,0.9999891071116911,0.9000000000000002,True,correct
DBLP,0.7,50,528,conf/sigmod/AggarwalY00,True,3,dfSPs7YoyWsJ,dfSPs7YoyWsJ,True,0.9999959040979388,0.9999950489274392,8.551704996362375e-07,0.9000000000000002,True,correct
DBLP,0.7,50,529,journals/sigmod/NascimentoM99,True,1,url:http://portal.acm.org/ft_gateway.cfm%3Fid%3D310062%26type%3Dpdf%26dl%3DGUIDE%26dl%3DACM%26CFID%3D11111111%26CFTOKEN%3D2222222,url:http://portal.acm.org/ft_gateway.cfm%3Fid%3D310062%26type%3Dpdf%26dl%3DGUIDE%26dl%3DACM%26CFID%3D11111111%26CFTOKEN%3D2222222,True,0.9999959753324893,6.131739651101369e-05,0.9999346579359782,0.9000000000000002,True,correct
DBLP,0.7,50,530,conf/vldb/SellisRF97,True,2,moT0ba0vRKcJ,moT0ba0vRKcJ,True,0.999995175494289,0.9999493661489293,4.5809345359693054e-05,0.9000000000000002,True,correct
DBLP,0.7,50,531,conf/sigmod/Weininger02,True,1,iXkSngvyu08J,iXkSngvyu08J,True,0.9999950484221928,4.293982560123354e-06,0.9999907544396327,0.9000000000000002,True,correct
DBLP,0.7,50,532,journals/sigmod/Snodgrass99a,False,0,,yNSC6-93CosJ,False,0.0054307151584013,0.0009663362144233993,0.004464378943977901,0.9000000000000002,False,unmatched_abstention
DBLP,0.7,50,533,conf/vldb/OrensteinK95,True,1,Trw6DEZeqTsJ,Trw6DEZeqTsJ,True,0.9999960951307625,4.282078420399295e-06,0.9999918130523421,0.9000000000000002,True,correct
DBLP,0.7,50,534,conf/vldb/ShiSZ03,True,1,-OjqoDQTIxMJ,-OjqoDQTIxMJ,True,0.9999962888133109,3.37902349567865e-06,0.9999929097898153,0.9000000000000002,True,correct
DBLP,0.7,50,535,conf/vldb/PantiSG00,True,1,C7Vuxp5KVsAJ,C7Vuxp5KVsAJ,True,0.9999963498359172,5.058501938199182e-06,0.999991291333979,0.9000000000000002,True,correct
DBLP,0.7,50,536,conf/sigmod/ShanmugasundaramNSR99,True,6,DZI4GwpYBOcJ,eQjFv7QxsQQJ,True,0.9999956301328612,0.999994751421077,8.787117842246062e-07,0.9000000000000002,True,correct
DBLP,0.7,50,537,conf/vldb/Moni96,True,1,gbjXwFztQTsJ,gbjXwFztQTsJ,True,0.9999962800717012,4.176021014811266e-06,0.9999921040506864,0.9000000000000002,True,correct
DBLP,0.7,50,538,journals/vldb/Bertino94,True,2,oRWtcCo6xlAJ,ylP7n4GU-DQJ,True,0.9999951547407456,0.0013526536219323475,0.9986425011188133,0.9000000000000002,True,correct
DBLP,0.7,50,539,conf/vldb/ShivakumarGC98,True,1,GHz2PmQwW2UJ,GHz2PmQwW2UJ,True,0.9999946691243107,3.702306733105838e-06,0.9999909668175776,0.9000000000000002,True,correct
DBLP,0.7,50,540,journals/sigmod/Fong95,True,1,zw3-t-veNvAJ,zw3-t-veNvAJ,True,0.9999963320462888,1.1925977898673315e-05,0.9999844060683901,0.9000000000000002,True,correct
DBLP,0.7,50,541,journals/sigmod/Ouksel03,True,1,8M_z-OUkoxYJ,8M_z-OUkoxYJ,True,0.9999962366639995,1.8550368281595084e-05,0.9999776862957179,0.9000000000000002,True,correct
DBLP,0.7,50,542,conf/vldb/ChaudhuriS96,True,5,31oH64SXpRcJ,4MaErPILRq8J,True,0.9999943304369524,0.9999923965256423,1.933911310092462e-06,0.9000000000000002,True,correct
DBLP,0.7,50,543,conf/vldb/Schek00,True,1,yMjJam38N8sJ,yMjJam38N8sJ,True,0.9999956207669991,0.007591274362622482,0.9924043464043766,0.9000000000000002,True,correct
DBLP,0.7,50,544,conf/sigmod/KuhnTS94,True,1,JnV4W3TKPxMJ,JnV4W3TKPxMJ,True,0.9999961365360913,3.97739956948359e-06,0.9999921591365218,0.9000000000000002,True,correct
DBLP,0.7,50,545,conf/vldb/AbrolLMMMRTWZ01,True,1,w9Ma-YjZHYkJ,w9Ma-YjZHYkJ,True,0.9999951560205317,3.4803253058972753e-06,0.9999916756952257,0.9000000000000002,True,correct
DBLP,0.7,50,546,conf/vldb/Leymann03,True,1,url:http://www.vldb.org/conf/2003/papers/S32P01.pdf,url:http://www.vldb.org/conf/2003/papers/S32P01.pdf,True,0.9999950972759868,4.317350807581203e-06,0.9999907799251792,0.9000000000000002,True,correct
DBLP,0.7,50,547,conf/vldb/LakshmananJN00,True,1,1n7AY641YyAJ,1n7AY641YyAJ,True,0.9999963185927759,4.032989658481853e-06,0.9999922856031175,0.9000000000000002,True,correct
DBLP,0.7,50,548,conf/sigmod/AltinelLKMPLWB02,True,2,HtYTQ-fN8ccJ,HtYTQ-fN8ccJ,True,0.9999948001662295,0.9999641157461936,3.068442003595351e-05,0.9000000000000002,True,correct
DBLP,0.7,50,549,conf/sigmod/MaddenH02,True,1,NXakCefUcdUJ,NXakCefUcdUJ,True,0.9999960624173002,3.5347951416337277e-06,0.9999925276221586,0.9000000000000002,True,correct
DBLP,0.7,50,550,journals/vldb/AbadiCCCCLSTZ03,True,1,gBVNSFeS4P8J,gBVNSFeS4P8J,True,0.9999957229538111,0.9999908198629472,4.903090863872528e-06,0.9000000000000002,True,correct
DBLP,0.7,50,551,journals/sigmod/Jagadish00,False,0,,url:http://portal.acm.org/citation.cfm%3Fid%3D335191%26dl%3DGUIDE%26dl%3DACM%26type%3Dissue%26idx%3D335191%26part%3Dperiodical%26WantType%3Dperiodical%26title%3DACM%2520SIGMOD%2520Record%26CFID%3D11111111%26CFTOKEN%3D2222222,False,2.6788154003525754e-05,2.3878470063035514e-05,2.90968394049024e-06,0.9000000000000002,False,unmatched_abstention
DBLP,0.7,50,552,conf/vldb/Uhl02,True,1,n5SsAbtjBpAJ,n5SsAbtjBpAJ,True,0.9999961362708003,3.4558241713045165e-06,0.999992680446629,0.9000000000000002,True,correct
DBLP,0.7,50,553,journals/tods/LeveneL99,True,1,iwPgaJ1eQrkJ,iwPgaJ1eQrkJ,True,0.9999948735903551,4.3387478880162e-06,0.9999905348424671,0.9000000000000002,True,correct
DBLP,0.7,50,554,journals/sigmod/SofferMC02,False,0,,n_rgdg3xmCoJ,False,5.777206769956231e-06,3.4681324798315137e-06,2.3090742901247177e-06,0.9000000000000002,False,unmatched_abstention
DBLP,0.7,50,555,conf/vldb/Brin95,True,7,CuCm_rmA28cJ,dXegp-RmzXEJ,True,0.9999960402674021,0.9999938501683723,2.1900990297973877e-06,0.9000000000000002,True,correct
DBLP,0.7,50,556,journals/sigmod/ChengP03,True,1,6fAPR3UvX28J,6fAPR3UvX28J,True,0.9999950916152708,5.172433786787385e-06,0.9999899191814839,0.9000000000000002,True,correct
DBLP,0.7,50,557,conf/sigmod/Bierman03,True,1,vQcfluHWCeAJ,vQcfluHWCeAJ,True,0.9999943615651385,4.0825998629546165e-06,0.9999902789652756,0.9000000000000002,True,correct
DBLP,0.7,50,558,journals/tods/MelnikG03,True,2,iyliEUBEyhwJ,y2dZ5cRja_IJ,True,0.9999943695929553,0.9999391364804546,5.523311250066332e-05,0.9000000000000002,True,correct
DBLP,0.7,50,559,conf/vldb/PalpanasSCP02,True,1,nlh2WXZT3VIJ,nlh2WXZT3VIJ,True,0.9999947238793846,4.781495326633091e-06,0.9999899423840579,0.9000000000000002,True,correct
DBLP,0.7,50,560,conf/sigmod/KiepuszewskiMO98,True,5,909hLNR8130J,T3Zm8WKD_FYJ,True,0.9999957689511596,0.9999949071887371,8.617624225326637e-07,0.9000000000000002,True,correct
DBLP,0.7,50,561,conf/sigmod/HwangLYMMGCSS94,True,1,AWah9GLEFTAJ,AWah9GLEFTAJ,True,0.9999944264519728,4.4882043628850026e-05,0.9999495444083439,0.9000000000000002,True,correct
DBLP,0.7,50,562,conf/vldb/CuiW01,True,1,SaOd6rDz5ZgJ,SaOd6rDz5ZgJ,True,0.9999954188557199,7.795134974266377e-06,0.9999876237207456,0.9000000000000002,True,correct
DBLP,0.7,50,563,conf/vldb/IshikawaSF98,True,4,9MDCp_a1roUJ,D1HCBThHOkcJ,True,0.9999960691183019,0.9999958476278393,2.2149046252639693e-07,0.9000000000000002,True,correct
DBLP,0.7,50,564,conf/vldb/LakshmananPZ03,True,2,tcnjvKELfs0J,zbzO-4fuIwUJ,True,0.999996035045142,0.9999787680277549,1.7267017387134764e-05,0.9000000000000002,True,correct
DBLP,0.7,50,565,conf/sigmod/Ramanan02,True,1,VGe-IBWyMm4J,VGe-IBWyMm4J,True,0.9999955125111399,0.9998338514613708,0.00016166104976911289,0.9000000000000002,True,correct
DBLP,0.7,50,566,journals/sigmod/WestmannKHM00,True,5,9jyzas_rFd4J,9jyzas_rFd4J,True,0.9999949175863567,0.9999929883360472,1.929250309506969e-06,0.9000000000000002,True,correct
DBLP,0.7,50,567,journals/sigmod/TianDCZ02,True,5,eeCoB5sDWK4J,JceK-ywXk8UJ,True,0.9999956709071013,0.9999926597841753,3.0111229259999206e-06,0.9000000000000002,True,correct
DBLP,0.7,50,568,conf/sigmod/Jamil99,True,1,z5EfiutEfScJ,z5EfiutEfScJ,True,0.9999959820935621,5.693245872577102e-06,0.9999902888476895,0.9000000000000002,True,correct
DBLP,0.7,50,569,conf/sigmod/AvnurHLORRRW98,True,1,bEu_llku9NMJ,bEu_llku9NMJ,True,0.9999954904127716,3.2989864455027873e-06,0.9999921914263261,0.9000000000000002,True,correct
DBLP,0.7,50,570,journals/sigmod/JenningsNF98,True,3,tYXzABUZYxQJ,YiZVv5kVDb4J,True,0.999996414385412,0.9999948726320411,1.5417533708594888e-06,0.9000000000000002,True,correct
DBLP,0.7,50,571,conf/sigmod/RothAHCCFSTW96,True,6,2i9wDNdFZM8J,2i9wDNdFZM8J,True,0.99999458194209,0.999972334228857,2.2247713233003452e-05,0.9000000000000002,True,correct
DBLP,0.7,50,572,conf/vldb/SchaeferBBJ00,True,1,url:http://portal.acm.org/citation.cfm%3Fid%3D645926.671845,url:http://portal.acm.org/citation.cfm%3Fid%3D645926.671845,True,0.9999958471803359,5.744727749446082e-05,0.9999383999028414,0.9000000000000002,True,correct
DBLP,0.7,50,573,conf/sigmod/FegarasSRM00,True,2,4_4Jg_EQ8EkJ,p1LusPTTxlAJ,True,0.9999958160142699,0.9999813312766032,1.4484737666742298e-05,0.9000000000000002,True,correct
DBLP,0.7,50,574,conf/vldb/ChaudhuriGS95,True,2,77Sb5mlyASgJ,77Sb5mlyASgJ,True,0.9999945335654659,0.22287736722051005,0.7771171663449559,0.9000000000000002,True,correct
DBLP,0.7,50,575,conf/vldb/Keogh02,True,1,rKIsQpbRiM0J,rKIsQpbRiM0J,True,0.9975726056289497,3.479396086080641e-06,0.9975691262328636,0.9000000000000002,True,correct
DBLP,0.7,50,576,journals/tods/Chomicki03,True,1,pHuL-9kHWH0J,pHuL-9kHWH0J,True,0.9999933025651038,0.15054318000747577,0.849450122557628,0.9000000000000002,True,correct
DBLP,0.7,50,577,journals/vldb/ChidlovskiiB00,True,1,ysC3V2Lu3M8J,ysC3V2Lu3M8J,True,0.9999920644743233,2.0506926874507074e-05,0.9999715575474488,0.9000000000000002,True,correct
DBLP,0.7,50,578,journals/sigmod/BohmR94,True,2,GXApzwcGl78J,GXApzwcGl78J,True,0.9999950033148696,0.9919976681319469,0.007997335182922671,0.9000000000000002,True,correct
DBLP,0.7,50,579,journals/sigmod/Stonebraker02,True,1,0HMk-YUh4i8J,0HMk-YUh4i8J,True,0.9999938643801742,6.2018728439863e-06,0.9999876625073303,0.9000000000000002,True,correct
DBLP,0.7,50,580,journals/sigmod/Qian96a,True,1,url:http://portal.acm.org/ft_gateway.cfm%3Fid%3D234903%26type%3Dpdf%26dl%3DGUIDE%26dl%3DACM%26CFID%3D11111111%26CFTOKEN%3D2222222,url:http://portal.acm.org/ft_gateway.cfm%3Fid%3D234903%26type%3Dpdf%26dl%3DGUIDE%26dl%3DACM%26CFID%3D11111111%26CFTOKEN%3D2222222,True,0.9999956859747126,3.3851743507960146e-06,0.9999923008003617,0.9000000000000002,True,correct
DBLP,0.7,50,581,conf/vldb/RezendeS98,True,1,niRuvMkp4r4J,niRuvMkp4r4J,True,0.9999957240753592,7.298432458825946e-06,0.9999884256429004,0.9000000000000002,True,correct
DBLP,0.7,50,582,journals/vldb/Halevy02,True,1,url:http://www.springerlink.com/index/6UEYKJ4UQTK18H6D.pdf,url:http://www.springerlink.com/index/6UEYKJ4UQTK18H6D.pdf,True,0.9980289460092749,0.42817656931221393,0.569852376697061,0.9000000000000002,True,correct
DBLP,0.7,50,583,conf/vldb/BettiniJWW02,True,3,Aq_TE_cWEQkJ,ghIMekzCkMQJ,True,0.9999958797177534,0.9999952314420072,6.482757461956368e-07,0.9000000000000002,True,correct
DBLP,0.7,50,584,conf/vldb/BaralisW94,True,2,nqaF5CzBelgJ,q-td2YANr18J,True,0.9999963680865637,0.999995607771856,7.603147076373773e-07,0.9000000000000002,True,correct
DBLP,0.7,50,585,journals/vldb/NgS98,True,3,8vJEjrhM7foJ,url:http://www.springerlink.com/index/85D6LYCWB48DWBKW.pdf,True,0.9999950088108698,0.9999882465358299,6.762275039928767e-06,0.9000000000000002,True,correct
DBLP,0.7,50,586,conf/vldb/FerrandinaMZ94,True,1,yQ2TMZ92GaIJ,yQ2TMZ92GaIJ,True,0.9999961444973904,0.00013305309839325345,0.9998630913989971,0.9000000000000002,True,correct
DBLP,0.7,50,587,journals/vldb/HjaltasonS02,True,2,FH41DtWf_jAJ,FH41DtWf_jAJ,True,0.9999950336055128,0.9991825638820089,0.0008124697235039058,0.9000000000000002,True,correct
DBLP,0.7,50,588,conf/sigmod/BerchtoldK98,True,5,9UYo0M1RV7oJ,pKKu82IYP9EJ,True,0.9999956946140093,0.9999950986784599,5.959355493523333e-07,0.9000000000000002,True,correct
DBLP,0.7,50,589,journals/sigmod/Snodgrass02a,False,0,,url:http://portal.acm.org/citation.cfm%3Fid%3D1084805.1084832,False,3.49659532008839e-05,1.8601192342506587e-05,1.6364760858377314e-05,0.9000000000000002,False,unmatched_abstention
DBLP,0.7,50,590,conf/sigmod/BrunoCG01,True,3,8KJ9XFv1ESAJ,8KJ9XFv1ESAJ,True,0.9999959653022924,0.9999953326113853,6.32690907109712e-07,0.9000000000000002,True,correct
DBLP,0.7,50,591,conf/vldb/BamfordAP99,True,1,2y9m1qzVu4EJ,2y9m1qzVu4EJ,True,0.9999961901019575,3.537169144598716e-06,0.9999926529328129,0.9000000000000002,True,correct
DBLP,0.7,50,592,journals/sigmod/Qian95,False,0,,mUvaRmgc_hcJ,False,3.197524220044844e-06,3.152109022623205e-06,4.541519742163901e-08,0.9000000000000002,False,unmatched_abstention
DBLP,0.7,50,593,conf/sigmod/Deutsch95,True,1,url:http://portal.acm.org/citation.cfm%3Fid%3D223784.223880,url:http://portal.acm.org/citation.cfm%3Fid%3D223784.223880,True,0.9996304260535307,2.1795678492273335e-05,0.9996086303750384,0.9000000000000002,True,correct
DBLP,0.7,50,594,journals/tods/ChakrabartiKMP02,True,4,_nOW6fmEcTEJ,eHY42LnL_lsJ,True,0.9999955982111457,0.999995265264993,3.32946152648006e-07,0.9000000000000002,True,correct
DBLP,0.7,50,595,journals/tods/HjaltasonS03,True,1,9Wan9sPNUAYJ,9Wan9sPNUAYJ,True,0.9999944996428122,4.256671860914241e-06,0.9999902429709513,0.9000000000000002,True,correct
DBLP,0.7,50,596,conf/vldb/Guting94,True,4,_0wERrIJ168J,584tvD8f6AAJ,True,0.9999951496320959,0.9994750797826574,0.0005200698494385314,0.9000000000000002,True,correct
DBLP,0.7,50,597,conf/vldb/WaasCB01,True,1,y_gKGtzupHIJ,y_gKGtzupHIJ,True,0.9999963511480389,3.3534569007683e-06,0.9999929976911381,0.9000000000000002,True,correct
DBLP,0.7,50,598,journals/vldb/TempletonHMB95,True,1,RKNGp2gmOTUJ,RKNGp2gmOTUJ,True,0.9999960103677836,3.2492904611028565e-06,0.9999927610773225,0.9000000000000002,True,correct
DBLP,0.7,50,599,journals/sigmod/Palpanas00,True,2,MGG31wuhuUIJ,MGG31wuhuUIJ,True,0.9999960538010678,0.9988421762145836,0.00115387758648422,0.9000000000000002,True,correct
DBLP,0.7,50,600,journals/sigmod/ConradEHRSSSV97,True,2,SBnqbyQF3SoJ,SBnqbyQF3SoJ,True,0.9999953952028103,0.999965624217272,2.9770985538357664e-05,0.9000000000000002,True,correct
DBLP,0.7,50,601,journals/sigmod/WangD03,False,0,,enUg70kEpM8J,False,0.9881546122619185,3.389813427015532e-06,0.9881512224484914,0.9000000000000002,True,false_link
DBLP,0.7,50,602,journals/sigmod/Winslett94,True,2,hZOXZJ6x2xUJ,url:http://portal.acm.org/ft_gateway.cfm%3Fid%3D181569%26type%3Dpdf,True,0.9999941503998123,0.9999940468877914,1.0351202095471024e-07,0.9000000000000002,True,correct
DBLP,0.7,50,603,journals/sigmod/RossGR03,False,0,,url:http://portal.acm.org/ft_gateway.cfm%3Fid%3D290599%26type%3Dpdf%26dl%3DGUIDE%26dl%3DACM%26CFID%3D11111111%26CFTOKEN%3D2222222,False,0.00011726692780973597,0.00010906131025220707,8.205617557528898e-06,0.9000000000000002,False,unmatched_abstention
DBLP,0.7,50,604,conf/sigmod/AfratiLU01,True,2,k7zpSukSfYsJ,k7zpSukSfYsJ,True,0.9999948114503925,0.9999038747630337,9.093668735882243e-05,0.9000000000000002,True,correct
DBLP,0.7,50,605,journals/sigmod/SlivinskasJS02,True,2,url:http://portal.acm.org/ft_gateway.cfm%3Fid%3D565119%26type%3Dpdf%26dl%3DGUIDE%26dl%3DACM%26CFID%3D11111111%26CFTOKEN%3D2222222,xTPSs2k_pUIJ,True,0.99999508864195,0.9999878250086652,7.2636332847375584e-06,0.9000000000000002,True,correct
DBLP,0.7,50,606,journals/sigmod/KuanL99,True,2,BZfdROjhbhwJ,lkrtCULVA6oJ,True,0.9999963879239322,0.9999951661821217,1.2217418104976119e-06,0.9000000000000002,True,correct
DBLP,0.7,50,607,conf/vldb/GibbonsMP97,True,1,QKnjF3UgncMJ,QKnjF3UgncMJ,True,0.9999907735211312,0.9822258628763522,0.01776491064477903,0.9000000000000002,True,correct
DBLP,0.7,50,608,conf/sigmod/ArasuBBDIRW03,True,3,1DKKwROqEeYJ,1DKKwROqEeYJ,True,0.9991282955345201,0.9794561417858089,0.01967215374871123,0.9000000000000002,True,correct
DBLP,0.7,50,609,journals/vldb/DesslochHMMT98,True,1,4D2HQE6fXXEJ,4D2HQE6fXXEJ,True,0.9999941937845296,1.5121676558819396e-05,0.9999790721079708,0.9000000000000002,True,correct
DBLP,0.7,50,610,journals/sigmod/SilberschatzSU96,True,5,_MXfp9GHEqQJ,_ZsI_bVIJMwJ,True,0.9999961350435919,0.9999938183926413,2.316650950517918e-06,0.9000000000000002,True,correct
DBLP,0.7,50,611,conf/sigmod/HoAMS97,True,7,1HAB-tuw7N4J,1HAB-tuw7N4J,True,0.9999932401033256,0.9999879420601283,5.298043197266011e-06,0.9000000000000002,True,correct
DBLP,0.7,50,612,journals/sigmod/SnodgrassHMOPRRWY98,False,0,,url:http://portal.acm.org/ft_gateway.cfm%3Fid%3D290599%26type%3Dpdf%26dl%3DGUIDE%26dl%3DACM%26CFID%3D11111111%26CFTOKEN%3D2222222,False,0.9997861481420933,0.9989504674183444,0.000835680723748955,0.9000000000000002,True,false_link
DBLP,0.7,50,613,conf/sigmod/AchyutuniON96,True,1,eRSkDzxP1JcJ,eRSkDzxP1JcJ,True,0.9999964451783514,4.390753956087316e-06,0.9999920544243953,0.9000000000000002,True,correct
DBLP,0.7,50,614,conf/vldb/WhiteheadSM97,True,1,CiYPfP3-5_kJ,CiYPfP3-5_kJ,True,0.9999964475472626,3.1966430686419904e-06,0.9999932509041939,0.9000000000000002,True,correct
DBLP,0.7,50,615,conf/sigmod/GriffinL95,True,4,6QZGeKna5lgJ,nXT3j4XaZxIJ,True,0.9999777725845438,0.9999570938616943,2.0678722849498676e-05,0.9000000000000002,True,correct
DBLP,0.7,50,616,conf/vldb/ChoALS02,True,1,_-JZT1cOuZ8J,_-JZT1cOuZ8J,True,0.9999929988999073,1.2943661626696765e-05,0.9999800552382806,0.9000000000000002,True,correct
DBLP,0.7,50,617,conf/sigmod/ZhaoDN97,True,3,b-Va1c3t13gJ,YwLoGdTgG-sJ,True,0.999996322512308,0.9999953198012391,1.0027110688426433e-06,0.9000000000000002,True,correct
DBLP,0.7,50,618,conf/vldb/RisheYACLMVSV00,True,2,0WYMHga_bt4J,0WYMHga_bt4J,True,0.9999945888872964,0.9994433389246555,0.0005512499626408873,0.9000000000000002,True,correct
DBLP,0.7,50,619,conf/sigmod/Mohan02,True,3,eyxIItge9MQJ,eyxIItge9MQJ,True,0.9999912672564797,0.01683948968093419,0.9831517775755455,0.9000000000000002,True,correct
DBLP,0.7,50,620,conf/vldb/KraissW97,True,1,X6w3sK-vb2wJ,X6w3sK-vb2wJ,True,0.999995178943794,5.890881624503464e-06,0.9999892880621695,0.9000000000000002,True,correct
DBLP,0.7,50,621,conf/sigmod/QuassWGHLMNRRAUW96,True,2,cJgYQWElaAgJ,oB7qYK3HKiEJ,True,0.9999943891470194,0.9999890087891343,5.38035788510971e-06,0.9000000000000002,True,correct
DBLP,0.7,50,622,journals/sigmod/BoucelmaCGJLL02,True,1,I9JXY0-R4GgJ,I9JXY0-R4GgJ,True,0.9999962806144426,4.254176024167231e-06,0.9999920264384184,0.9000000000000002,True,correct
DBLP,0.7,50,623,conf/vldb/DeenJNNW00,True,1,jpJMa9UNggoJ,jpJMa9UNggoJ,True,0.9999956207544701,8.106343340547452e-06,0.9999875144111295,0.9000000000000002,True,correct
DBLP,0.7,50,624,journals/sigmod/DAndreaJ96,True,1,-XugBF7u07EJ,-XugBF7u07EJ,True,0.999989975022451,0.5648881357519889,0.4351018392704621,0.9000000000000002,True,correct
DBLP,0.7,50,625,conf/vldb/KemperKW99,False,0,,v-kvo2hnsgkJ,False,3.771617706309808e-06,3.4788187673314716e-06,2.9279893897833633e-07,0.9000000000000002,False,unmatched_abstention
DBLP,0.7,50,626,conf/vldb/LaneEN00,True,2,0O3JgOoSdIUJ,EUNYWV7uBTwJ,True,0.9999865739572124,0.9999657986986562,2.0775258556149367e-05,0.9000000000000002,True,correct
DBLP,0.7,50,627,conf/vldb/ShethKMWDLPLS96,True,3,jWZkmgGziVoJ,jWZkmgGziVoJ,True,0.9999962175365197,0.9999955926917075,6.248448122248007e-07,0.9000000000000002,True,correct
DBLP,0.7,50,628,conf/vldb/AbiteboulACEMM99,True,2,hh9fQmB-eEEJ,OYOTbj4m7JYJ,True,0.9999943798287307,8.55171752010379e-05,0.9999088626535297,0.9000000000000002,True,correct
DBLP,0.7,50,629,conf/vldb/KalusD95,True,1,r1xwwqWr2K0J,r1xwwqWr2K0J,True,0.9999957394942821,3.1821891510662354e-06,0.999992557305131,0.9000000000000002,True,correct
DBLP,0.7,50,630,conf/sigmod/FernandezFKLS98,True,9,4xxRU4CpidMJ,fNDX0gaFmB0J,True,0.9999958772965373,0.9999958129966342,6.429990306866529e-08,0.9000000000000002,True,correct
DBLP,0.7,50,631,conf/vldb/Ramaswamy00,False,0,,pJsnj7fi9LIJ,False,3.3264781442327305e-06,3.241265316555843e-06,8.521282767688742e-08,0.9000000000000002,False,unmatched_abstention
DBLP,0.7,50,632,journals/sigmod/KuokFW98,True,4,3oLpUbHFATsJ,3oLpUbHFATsJ,True,0.999993634983365,0.9999865269616643,7.108021700674705e-06,0.9000000000000002,True,correct
DBLP,0.7,50,633,conf/vldb/SumiyaYTSI95,True,1,ZoMjwB0ps2kJ,ZoMjwB0ps2kJ,True,0.9999961348187459,3.400284334322824e-06,0.9999927345344116,0.9000000000000002,True,correct
DBLP,0.7,50,634,conf/vldb/GoldsteinR00,True,4,30fMB9_zBm0J,ylZFc8RNoeQJ,True,0.9999960006194238,0.9999951206121938,8.800072300862993e-07,0.9000000000000002,True,correct
DBLP,0.7,50,635,conf/vldb/JohnsonA00,True,1,EPVkQkFM2osJ,EPVkQkFM2osJ,True,0.9999948867051366,3.82546613075985e-06,0.9999910612390058,0.9000000000000002,True,correct
DBLP,0.7,50,636,journals/tods/SistlaWYS98,True,2,3mLKQfhVh3cJ,4owPoyytTP4J,True,0.9999958149447749,0.9999922298105725,3.585134202399587e-06,0.9000000000000002,True,correct
DBLP,0.7,50,637,journals/tods/LiuHD98,True,2,aYjE-ILUHaoJ,aYjE-ILUHaoJ,True,0.9999954582761051,0.9993807810187249,0.0006146772573802917,0.9000000000000002,True,correct
DBLP,0.7,50,638,journals/sigmod/FlorescuLM98,True,9,_SR_pRTnA6IJ,23GbcclZy6gJ,True,0.999995503356344,0.9999954607009887,4.265535535896703e-08,0.9000000000000002,True,correct
DBLP,0.7,50,639,conf/vldb/SeligmanBNSW95,True,2,T6a86CQCuHoJ,url:http://portal.acm.org/citation.cfm%3Fid%3D645921.673303%26coll%3DGUIDE%26dl%3DACM%26CFID%3D11111111%26CFTOKEN%3D2222222,True,0.9999947744902128,0.999993694836796,1.0796534167800687e-06,0.9000000000000002,True,correct
DBLP,0.7,50,640,conf/sigmod/RamanH02,True,3,4692SthNStUJ,F0T3KimkbGcJ,True,0.9999938391148431,0.9999862967466447,7.5423681983322055e-06,0.9000000000000002,True,correct
DBLP,0.7,50,641,journals/sigmod/MaelbranckeO95,True,1,_FKSZiytB2AJ,_FKSZiytB2AJ,True,0.9999899103581191,0.0017175178032400348,0.9982723925548791,0.9000000000000002,True,correct
DBLP,0.7,50,642,journals/vldb/C94c,True,1,url:http://portal.acm.org/citation.cfm%3Fid%3D615204.615205%26dl%3Dportal%26dl%3DACM%26type%3Dissue%26idx%3DJ869%26part%3Dperiodical%26WantType%3Dperiodical%26title%3DThe%2520VLDB%2520Journal%2520%2526mdash%253B%2520The%2520International%2520Journal%2520on%2520Very%2520Large%2520Data%2520Bases%26CFID%3D11111111%26CFTOKEN%3D2222222,url:http://www.springerlink.com/index/P4Q0445827654287.pdf,False,0.9999801436009985,0.001572569278621235,0.9984075743223773,0.9000000000000002,True,false_link
DBLP,0.7,50,643,conf/sigmod/ZhuS03,True,3,hIGjgc6mx0cJ,hIGjgc6mx0cJ,True,0.9999960184789588,0.9999935905230414,2.4279559174278376e-06,0.9000000000000002,True,correct
DBLP,0.7,50,644,journals/tods/GunopulosKMSTS03,True,5,5cAIVZJShAEJ,-q1BFuUI27EJ,True,0.9999957167208061,0.6365381670914689,0.3634575496293372,0.9000000000000002,True,correct
DBLP,0.7,50,645,conf/vldb/Cabrera03,True,1,url:http://wwwdb.informatik.uni-rostock.de/vldb2003/papers/S31P01.pdf,url:http://wwwdb.informatik.uni-rostock.de/vldb2003/papers/S31P01.pdf,True,0.999991655496499,2.881138973212063e-05,0.999962844106767,0.9000000000000002,True,correct
DBLP,0.7,50,646,journals/vldb/MihailaRT02,True,1,my7mYCzEEJAJ,my7mYCzEEJAJ,True,0.9999957797190226,3.6696576427823527e-06,0.9999921100613799,0.9000000000000002,True,correct
DBLP,0.7,50,647,journals/tods/KotidisR01,True,1,04utamFvle4J,04utamFvle4J,True,0.9999949850930079,1.5805727536003473e-05,0.9999791793654719,0.9000000000000002,True,correct
DBLP,0.7,50,648,conf/vldb/Faloutsos02,False,0,,PZTESZecfnQJ,False,4.958585738503867e-06,4.651476240554161e-06,3.071094979497061e-07,0.9000000000000002,False,unmatched_abstention
DBLP,0.7,50,649,journals/tods/BrightHP94,True,2,BHvvo_nJxucJ,BHvvo_nJxucJ,True,0.9999956515797368,0.9999574775712758,3.817400846095609e-05,0.9000000000000002,True,correct
DBLP,0.7,50,650,journals/tods/Galindo-LegariaR97,True,3,g4p3K22hY_oJ,Vjga5yC23KIJ,True,0.9999956857566569,0.9999940281744583,1.6575821986108963e-06,0.9000000000000002,True,correct
DBLP,0.7,50,651,journals/vldb/C95,False,0,,url:http://www.springerlink.com/index/X256555608656055.pdf,False,0.0015939607844683444,2.6499486879627464e-05,0.001567461297588717,0.9000000000000002,False,unmatched_abstention
DBLP,0.7,50,652,conf/sigmod/WaasG00,True,1,xnoCdNeQykAJ,xnoCdNeQykAJ,True,0.9999962803022872,3.25011483443446e-06,0.9999930301874527,0.9000000000000002,True,correct
DBLP,0.7,50,653,conf/sigmod/Gettys95,False,0,,N8syKKPN6IoJ,False,3.7114839980652547e-06,3.2273328413729736e-06,4.841511566922811e-07,0.9000000000000002,False,unmatched_abstention
DBLP,0.7,50,654,conf/vldb/LuTD95,True,2,qX-uYKXVk7EJ,qX-uYKXVk7EJ,True,0.9999960524911964,0.9999949853751711,1.0671160253217238e-06,0.9000000000000002,True,correct
DBLP,0.7,50,655,journals/sigmod/EnglertGH95,True,2,JRXuKm3E_foJ,JRXuKm3E_foJ,True,0.9999960674684986,0.9999956994398628,3.680286357887752e-07,0.9000000000000002,True,correct
DBLP,0.7,50,656,conf/sigmod/PonnekantiK00,True,1,IddFq2o4ZsoJ,IddFq2o4ZsoJ,True,0.9999913731097126,3.3351945169440422e-06,0.9999880379151957,0.9000000000000002,True,correct
DBLP,0.7,50,657,conf/sigmod/Shivakumar03,False,0,,7FImMQbYYOgJ,False,3.7433376746017876e-06,3.357383260092094e-06,3.859544145096934e-07,0.9000000000000002,False,unmatched_abstention
DBLP,0.7,50,658,journals/sigmod/PalpanasPKG03,True,2,KQ6elbYA84QJ,KQ6elbYA84QJ,True,0.9999957489265109,0.9999952524330051,4.964935057527597e-07,0.9000000000000002,True,correct
DBLP,0.7,50,659,conf/vldb/LifantsevC02,True,1,gPvyDDUyrg4J,gPvyDDUyrg4J,True,0.999995946983916,3.142761988061992e-06,0.9999928042219279,0.9000000000000002,True,correct
DBLP,0.7,50,660,journals/sigmod/HellersteinHM03,True,1,6ussAgzdL6oJ,6ussAgzdL6oJ,True,0.9999957942514887,4.409393532373056e-06,0.9999913848579562,0.9000000000000002,True,correct
DBLP,0.7,50,661,journals/sigmod/DogacDKOONEHAKKM95,True,6,_4ARkdpRArQJ,UAO4T_2ylPkJ,True,0.9999092231444783,0.8003398449787509,0.1995693781657274,0.9000000000000002,True,correct
DBLP,0.7,50,662,conf/sigmod/ColbyKLMR97,True,3,0FohHTWs5toJ,0FohHTWs5toJ,True,0.9999950610237665,0.9999912514270498,3.8095967166418276e-06,0.9000000000000002,True,correct
DBLP,0.7,50,663,journals/sigmod/Halevy00,True,1,czgyMu7SHcgJ,czgyMu7SHcgJ,True,0.9999958724025998,0.0005832932183340098,0.9994125791842657,0.9000000000000002,True,correct
DBLP,0.7,50,664,journals/sigmod/YuenCLL00,True,1,Ip82P4QfKyEJ,Ip82P4QfKyEJ,True,0.9999957138195906,2.9085077421052036e-05,0.9999666287421696,0.9000000000000002,True,correct
DBLP,0.7,50,665,conf/vldb/GolabO03,True,2,6K9FhI2pFEgJ,6K9FhI2pFEgJ,True,0.999995618273012,0.9999299553784735,6.566289453846519e-05,0.9000000000000002,True,correct
DBLP,0.7,50,666,conf/vldb/BalminPP00,True,1,FoAVdcYe0tsJ,FoAVdcYe0tsJ,True,0.9999956684210144,0.0009002733927070786,0.9990953950283074,0.9000000000000002,True,correct
DBLP,0.7,50,667,conf/vldb/ZengBNN01,True,2,3TivNLIErRkJ,3TivNLIErRkJ,True,0.999996014455842,0.9999607764304833,3.5238025358652614e-05,0.9000000000000002,True,correct
DBLP,0.7,50,668,conf/sigmod/FaloutsosRM94,True,9,4bG39HmGrAQJ,AHu54TOP-eoJ,True,0.9999953676565766,0.99999344452584,1.9231307365474848e-06,0.9000000000000002,True,correct
DBLP,0.7,50,669,journals/sigmod/ErdurD02,True,1,9OcrAEypDhMJ,9OcrAEypDhMJ,True,0.999995876046067,4.546577549031741e-06,0.999991329468518,0.9000000000000002,True,correct
DBLP,0.7,50,670,journals/vldb/MehtaGPN98,True,3,7Zf8Y2idDb0J,7Zf8Y2idDb0J,True,0.9999962100332745,0.999990055521709,6.154511565492626e-06,0.9000000000000002,True,correct
DBLP,0.7,50,671,conf/sigmod/BrinMS97,True,9,41B5NuefLPsJ,41B5NuefLPsJ,True,0.999995840108931,0.9999958103604109,2.9748520091743558e-08,0.9000000000000002,True,correct
DBLP,0.7,50,672,conf/sigmod/KrishnamurthyBN99,True,1,qS4jhfgPbm8J,qS4jhfgPbm8J,True,0.999996217121666,3.7057261079148327e-06,0.9999925113955581,0.9000000000000002,True,correct
DBLP,0.7,50,673,conf/sigmod/Kleissner95,True,1,DB8lVC2D9fcJ,DB8lVC2D9fcJ,True,0.9999958417549786,4.49708108526863e-06,0.9999913446738933,0.9000000000000002,True,correct
DBLP,0.7,50,674,conf/sigmod/HellersteinA00,True,5,Gsb6dnkFBMoJ,Gsb6dnkFBMoJ,True,0.9999952633591216,0.9999950066541488,2.5670497283414306e-07,0.9000000000000002,True,correct
DBLP,0.7,50,675,journals/vldb/ShanmugasundaramSBCLPR01,True,5,_bdp5T8SSuoJ,HKM-zP0LT_UJ,True,0.9999956150249415,0.9999951684404284,4.4658451314738556e-07,0.9000000000000002,True,correct
DBLP,0.7,50,676,journals/vldb/FernandezFLS00,True,1,uo79zyqUB10J,uo79zyqUB10J,True,0.9999937445957042,1.7977397671691405e-05,0.9999757671980325,0.9000000000000002,True,correct
DBLP,0.7,50,677,journals/sigmod/GottlobKP03a,True,1,rDRdlwdHGb0J,rDRdlwdHGb0J,True,0.9999946904643336,2.0013181236902594e-05,0.9999746772830967,0.9000000000000002,True,correct
DBLP,0.7,50,678,conf/sigmod/FranklinZ98,True,2,5Cj9Wx8llkwJ,5Cj9Wx8llkwJ,True,0.9999960209956135,0.9997556178820941,0.00024040311351936072,0.9000000000000002,True,correct
DBLP,0.7,50,679,journals/sigmod/Ioannidis96,True,1,IgQsVaud8BIJ,IgQsVaud8BIJ,True,0.9999947421328407,2.2567751526610108e-05,0.999972174381314,0.9000000000000002,True,correct
DBLP,0.7,50,680,journals/tods/SalemGS94,True,1,7IBL1cudvR0J,7IBL1cudvR0J,True,0.9993531860947312,5.7560570414402355e-05,0.9992956255243168,0.9000000000000002,True,correct
DBLP,0.7,50,681,conf/sigmod/Moore95,True,1,uh57sQuxYuIJ,uh57sQuxYuIJ,True,0.999994915482348,0.002067517467647921,0.9979273980147001,0.9000000000000002,True,correct
DBLP,0.7,50,682,conf/sigmod/BabyCY01,True,1,rNoNn5hWsroJ,rNoNn5hWsroJ,True,0.9999958538838726,5.259692669268566e-06,0.9999905941912033,0.9000000000000002,True,correct
DBLP,0.7,50,683,conf/sigmod/GehrkeGRL99,True,1,s3neqsFCVrAJ,s3neqsFCVrAJ,True,0.9999931547563112,4.989561494371934e-06,0.9999881651948168,0.9000000000000002,True,correct
DBLP,0.7,50,684,journals/vldb/BerchtoldKK97,True,1,VHo2go6vjYsJ,VHo2go6vjYsJ,True,0.9999963159165355,3.5176882337600505e-06,0.9999927982283017,0.9000000000000002,True,correct
DBLP,0.7,50,685,conf/vldb/CareyKSSS00,True,2,fRo4fx_Q6gIJ,fRo4fx_Q6gIJ,True,0.9999959732938856,0.9999953079628394,6.653310461457451e-07,0.9000000000000002,True,correct
DBLP,0.7,50,686,conf/vldb/KonigW99,True,1,6HMffRHCspAJ,6HMffRHCspAJ,True,0.9999963315390408,0.9936444082697131,0.006351923269327653,0.9000000000000002,True,correct
DBLP,0.7,50,687,conf/sigmod/Bonnet02,True,1,bqyt1789jJ8J,bqyt1789jJ8J,True,0.9999962109801239,4.180109108092972e-06,0.9999920308710158,0.9000000000000002,True,correct
DBLP,0.7,50,688,conf/sigmod/ChaudhuriG96,True,1,Fh1QPZpWHUMJ,Fh1QPZpWHUMJ,True,0.9999941712654521,0.9968429488267543,0.0031512224386978094,0.9000000000000002,True,correct
DBLP,0.7,50,689,conf/vldb/TanEO01,True,2,1A06w64wjvcJ,1A06w64wjvcJ,True,0.999992218019461,0.9999865493383765,5.668681084536331e-06,0.9000000000000002,True,correct
DBLP,0.7,50,690,conf/vldb/MiklauS03,True,1,cJUP6vfSm50J,cJUP6vfSm50J,True,0.9999960226800855,0.9998246272195591,0.0001713954605263579,0.9000000000000002,True,correct
DBLP,0.7,50,691,journals/vldb/Navarro02,True,2,UDQsHc_ps4IJ,UDQsHc_ps4IJ,True,0.9999957448055267,0.9998484573299291,0.00014728747559755728,0.9000000000000002,True,correct
DBLP,0.7,50,692,conf/vldb/Sondag01,False,0,,YeD6vittJSMJ,False,4.725636251840204e-06,4.54958768360003e-06,1.7604856824017417e-07,0.9000000000000002,False,unmatched_abstention
DBLP,0.7,50,693,journals/sigmod/Gaffney96,True,1,uaT2hY6421UJ,uaT2hY6421UJ,True,0.9999781073498082,3.4192976708409193e-06,0.9999746880521373,0.9000000000000002,True,correct
DBLP,0.7,50,694,journals/sigmod/Anonymous96,False,0,,url:http://portal.acm.org/ft_gateway.cfm%3Fid%3D223859%26type%3Dpdf%26coll%3DGUIDE%26dl%3DACM%26CFID%3D11111111%26CFTOKEN%3D2222222,False,9.355815632440688e-06,9.100683058426106e-06,2.551325740145818e-07,0.9000000000000002,False,unmatched_abstention
DBLP,0.7,50,695,conf/sigmod/LoR96,True,2,em5eiGpRZFkJ,em5eiGpRZFkJ,True,0.9999942567146737,0.9991057636104078,0.0008884931042658639,0.9000000000000002,True,correct
DBLP,0.7,50,696,journals/sigmod/PourabbasR02,True,1,QyNfyYDySawJ,QyNfyYDySawJ,True,0.9999961077865656,3.7991511329704335e-06,0.9999923086354325,0.9000000000000002,True,correct
DBLP,0.7,50,697,conf/sigmod/ONeilQ97,True,11,359PjJkfNhQJ,tK0HTC7qEmcJ,True,0.999994936174237,0.9999947801433213,1.560309156323214e-07,0.9000000000000002,True,correct
DBLP,0.7,50,698,journals/sigmod/DemersGRTY03,True,1,QObLZuX-xBMJ,QObLZuX-xBMJ,True,0.9999961694886846,3.942196733365681e-06,0.9999922272919513,0.9000000000000002,True,correct
DBLP,0.7,50,699,journals/sigmod/Aberer02,True,1,url:http://portal.acm.org/ft_gateway.cfm%3Fid%3D507353%26type%3Dpdf%26dl%3Dportal%26dl%3DACM%26CFID%3D11111111%26CFTOKEN%3D2222222,url:http://portal.acm.org/ft_gateway.cfm%3Fid%3D604274%26type%3Dpdf%26dl%3DGUIDE%26dl%3DACM%26CFID%3D11111111%26CFTOKEN%3D2222222,False,0.9999881092501419,0.9992511614561653,0.0007369477939765945,0.9000000000000002,True,false_link
DBLP,0.7,50,700,conf/sigmod/BuchmannDZH95,True,4,4pl5VSwjXj0J,MoNBLfTlYg0J,True,0.9999950010270565,0.9999906464860423,4.354541014217617e-06,0.9000000000000002,True,correct
DBLP,0.7,50,701,conf/sigmod/AnkerstBKS99,True,6,GFTU2PvKY_gJ,jSUcrxtXhw4J,True,0.9999958637571684,0.9999957411354655,1.2262170290266994e-07,0.9000000000000002,True,correct
DBLP,0.7,50,702,conf/sigmod/DogacAEOADAOS94,True,5,AgBMhm_0uEIJ,AgBMhm_0uEIJ,True,0.999969609439421,0.9998336247587413,0.0001359846806797682,0.9000000000000002,True,correct
DBLP,0.7,50,703,journals/tods/ShashaLSV95,True,1,0aVKzjogLlAJ,0aVKzjogLlAJ,True,0.9999951306808912,4.496729423040583e-06,0.9999906339514681,0.9000000000000002,True,correct
DBLP,0.7,50,704,conf/sigmod/BrinkhoffKSS94a,True,1,yp82ArYEGxIJ,yp82ArYEGxIJ,True,0.9999931042787158,5.666768376571962e-06,0.9999874375103392,0.9000000000000002,True,correct
DBLP,0.7,50,705,conf/vldb/CotterB00,True,1,SJ6PiY04ebMJ,SJ6PiY04ebMJ,True,0.9999960994556061,3.8107083742550114e-06,0.9999922887472318,0.9000000000000002,True,correct
DBLP,0.7,50,706,journals/sigmod/SantucciT96,True,1,url:http://portal.acm.org/ft_gateway.cfm%3Fid%3D245898%26type%3Dpdf%26dl%3DGUIDE%26dl%3DACM%26CFID%3D11111111%26CFTOKEN%3D2222222,url:http://portal.acm.org/ft_gateway.cfm%3Fid%3D245898%26type%3Dpdf%26dl%3DGUIDE%26dl%3DACM%26CFID%3D11111111%26CFTOKEN%3D2222222,True,0.9999961378107083,3.6700181239630284e-06,0.9999924677925843,0.9000000000000002,True,correct
DBLP,0.7,50,707,journals/vldb/NguSHL01,True,1,djYvVVRYNTwJ,djYvVVRYNTwJ,True,0.9999960754635849,4.697759254978148e-06,0.99999137770433,0.9000000000000002,True,correct
DBLP,0.7,50,708,journals/sigmod/BarbaraBFLS94,True,4,dgFX6qIJoX8J,url:http://portal.acm.org/citation.cfm%3Fid%3D187455,True,0.9999916848173712,0.999991183635756,5.011816152089565e-07,0.9000000000000002,True,correct
DBLP,0.7,50,709,journals/tods/LakshmananSS01,True,1,FqrVkPwzd3kJ,FqrVkPwzd3kJ,True,0.9999958536308071,5.3277106531435113e-05,0.9999425765242757,0.9000000000000002,True,correct
DBLP,0.7,50,710,conf/sigmod/CareyK97,True,5,2OPEy9_6BlEJ,yuAO6FZOXmQJ,True,0.9999921257029434,0.9999893009604017,2.824742541651659e-06,0.9000000000000002,True,correct
DBLP,0.7,50,711,journals/sigmod/RossFLOSSVW00,False,0,,tOa0zXK5Ba4J,False,0.0011784312321933446,0.0007248005446157296,0.00045363068757761497,0.9000000000000002,False,unmatched_abstention
DBLP,0.7,50,712,conf/sigmod/Levine95,True,1,url:http://portal.acm.org/ft_gateway.cfm%3Fid%3D223878%26type%3Dpdf%26dl%3DGUIDE%26dl%3DACM%26CFID%3D11111111%26CFTOKEN%3D2222222,url:http://portal.acm.org/ft_gateway.cfm%3Fid%3D223878%26type%3Dpdf%26dl%3DGUIDE%26dl%3DACM%26CFID%3D11111111%26CFTOKEN%3D2222222,True,0.9999543591736231,3.3478872515341684e-06,0.9999510112863715,0.9000000000000002,True,correct
DBLP,0.7,50,713,conf/vldb/MaedaT01,True,1,dipeGpTdsoQJ,dipeGpTdsoQJ,True,0.9999962449239393,3.972979239490583e-06,0.9999922719446999,0.9000000000000002,True,correct
DBLP,0.7,50,714,conf/sigmod/GarofalakisI96,True,3,6lvBOS-XO3EJ,MfPbk62EdyQJ,True,0.999995860560798,0.9999940504066747,1.81015412337171e-06,0.9000000000000002,True,correct
DBLP,0.7,50,715,conf/sigmod/ButtlerLPP01,True,1,8TcpKdIK1r0J,8TcpKdIK1r0J,True,0.9999962747323022,3.849546992248245e-06,0.99999242518531,0.9000000000000002,True,correct
DBLP,0.7,50,716,conf/sigmod/JagadishLMSV99,True,1,946iAs3adDcJ,946iAs3adDcJ,True,0.999984800191547,7.520491145903021e-06,0.9999772797004011,0.9000000000000002,True,correct
DBLP,0.7,50,717,journals/tods/ChrysanthisR94,True,1,q2yP1EWKhTcJ,q2yP1EWKhTcJ,True,0.9999954261895946,0.9999886008883273,6.825301267276984e-06,0.9000000000000002,True,correct
DBLP,0.7,50,718,conf/sigmod/CranorJSS03,True,4,b0ayPKpqTwsJ,gya0M9b1KrgJ,True,0.9999960015804594,0.9999957001780362,3.014024232417256e-07,0.9000000000000002,True,correct
DBLP,0.7,50,719,conf/sigmod/BilirisFOP96,True,1,VakyeJZNPM0J,VakyeJZNPM0J,True,0.9999889822273509,3.40945421068351e-06,0.9999855727731402,0.9000000000000002,True,correct
DBLP,0.7,50,720,journals/sigmod/JainH94,True,3,iQMUP3fkvo4J,iQMUP3fkvo4J,True,0.999995358370055,0.9999902099751412,5.148394913834231e-06,0.9000000000000002,True,correct
DBLP,0.7,50,721,journals/sigmod/Suciu02,True,1,Ikk1rb4o66UJ,Ikk1rb4o66UJ,True,0.9999944152999201,7.313063686070386e-06,0.999987102236234,0.9000000000000002,True,correct
DBLP,0.7,50,722,journals/vldb/C95c,False,0,,X90A1BsaKHoJ,False,8.282378030762145e-06,6.0522422433127045e-06,2.2301357874494403e-06,0.9000000000000002,False,unmatched_abstention
DBLP,0.7,50,723,conf/vldb/Banerjee00,True,1,owfPKT5ip68J,owfPKT5ip68J,True,0.9999961472356929,2.019194883724672e-05,0.9999759552868556,0.9000000000000002,True,correct
DBLP,0.7,50,724,journals/sigmod/LeeCL95,True,1,G1E5PwzwdSMJ,G1E5PwzwdSMJ,True,0.9999866372891092,7.586243347041728e-06,0.9999790510457621,0.9000000000000002,True,correct
DBLP,0.7,50,725,journals/tods/Ng01,True,1,npCKXD_vLM8J,npCKXD_vLM8J,True,0.9999959680102148,0.0008626098128739538,0.9991333581973408,0.9000000000000002,True,correct
DBLP,0.7,50,726,conf/sigmod/NguyenACP01,True,2,A57h1N3H3pgJ,VCiXh8qcrIMJ,True,0.9999949665358877,4.859099728125309e-06,0.9999901074361596,0.9000000000000002,True,correct
DBLP,0.7,50,727,conf/sigmod/HaasH99,True,3,bsfsN1NtuOMJ,bsfsN1NtuOMJ,True,0.9999956209925158,0.9999954881500579,1.3284245792277716e-07,0.9000000000000002,True,correct
DBLP,0.7,50,728,conf/sigmod/ChangBCLLS00,True,2,bqtRaOoJ87AJ,bqtRaOoJ87AJ,True,0.9999960166407579,0.9999958169877515,1.9965300634972039e-07,0.9000000000000002,True,correct
DBLP,0.7,50,729,journals/sigmod/NormanZT96,True,1,rPFgPOAANuQJ,rPFgPOAANuQJ,True,0.9999956547344274,6.015816595803798e-06,0.9999896389178317,0.9000000000000002,True,correct
DBLP,0.7,50,730,journals/sigmod/Snodgrass94,True,2,i7dLYB6NnW0J,SYVDufoTe_IJ,True,0.9999953285902677,2.1712653349200484e-05,0.9999736159369186,0.9000000000000002,True,correct
DBLP,0.7,50,731,journals/sigmod/MusickM98,True,1,gt83e4uB09wJ,gt83e4uB09wJ,True,0.9999959091142553,6.7823813822104065e-06,0.9999891267328731,0.9000000000000002,True,correct
DBLP,0.7,50,732,conf/sigmod/Sheth95,True,5,0CD9uUPdnbUJ,JrkRUbNsLwEJ,True,0.9999953257738701,0.9999923348520924,2.9909217776902253e-06,0.9000000000000002,True,correct
DBLP,0.7,50,733,journals/vldb/CasatiSG01,True,1,347oyb_b7DAJ,url:http://www.springerlink.com/index/CWANCL0VWN1MKL0M.pdf,False,0.0034627602510347686,0.0015343948904880244,0.0019283653605467442,0.9000000000000002,False,missing_match
DBLP,0.7,50,734,journals/vldb/KrivokapicKG99,True,3,9YwFrtrNlaIJ,A8qZGxwlDiYJ,True,0.9999959993567604,0.9999954239470255,5.754097349708331e-07,0.9000000000000002,True,correct
DBLP,0.7,50,735,journals/vldb/BraumandlKKKKSS01,True,1,dURGvGhlWbsJ,dURGvGhlWbsJ,True,0.9999955420963766,0.032718413723423045,0.9672771283729535,0.9000000000000002,True,correct
DBLP,0.7,50,736,journals/sigmod/RossNO03,False,0,,url:http://portal.acm.org/ft_gateway.cfm%3Fid%3D290599%26type%3Dpdf%26dl%3DGUIDE%26dl%3DACM%26CFID%3D11111111%26CFTOKEN%3D2222222,False,0.00011726692780973597,0.00010906131025220707,8.205617557528898e-06,0.9000000000000002,False,unmatched_abstention
DBLP,0.7,50,737,conf/vldb/Vaskevitch95,True,1,s6Ax0WdZp6IJ,s6Ax0WdZp6IJ,True,0.9999901772431317,3.8373815428913015e-06,0.9999863398615888,0.9000000000000002,True,correct
DBLP,0.7,50,738,conf/vldb/CarinoO98,True,3,iaOLRaqTWmEJ,lDNAWc5SrmIJ,True,0.999995173078167,0.999986657968542,8.515109624962491e-06,0.9000000000000002,True,correct
DBLP,0.7,50,739,journals/tods/AndriesCPB01,True,2,6gK7k-OqgEUJ,iMGwasyHkgIJ,True,0.9999959225245981,0.9998156001920508,0.00018032233254727803,0.9000000000000002,True,correct
DBLP,0.7,50,740,conf/sigmod/VriesMNK02,True,1,dVn0Led5JLAJ,dVn0Led5JLAJ,True,0.9999957947287582,3.158325697799402e-06,0.9999926364030605,0.9000000000000002,True,correct
DBLP,0.7,50,741,conf/sigmod/WangPFY03,True,4,5JXKbI5l1FYJ,jpNXw9L7pxgJ,True,0.9999962564159933,0.9999958803424792,3.760735141078442e-07,0.9000000000000002,True,correct
DBLP,0.7,50,742,conf/vldb/Vingralek02,False,0,,d8gRjk3iEi0J,False,3.589490971198422e-06,3.148443742619017e-06,4.4104722857940516e-07,0.9000000000000002,False,unmatched_abstention
DBLP,0.7,50,743,journals/sigmod/Aberer03,False,0,,url:http://portal.acm.org/ft_gateway.cfm%3Fid%3D959078%26type%3Dpdf%26dl%3DGUIDE%26dl%3DACM%26CFID%3D11111111%26CFTOKEN%3D2222222,False,0.0007094279818681809,0.00013525252153513283,0.0005741754603330481,0.9000000000000002,False,unmatched_abstention
DBLP,0.7,50,744,journals/sigmod/Aberer03b,True,1,url:http://portal.acm.org/ft_gateway.cfm%3Fid%3D776994%26type%3Dpdf%26dl%3DGUIDE%26dl%3DACM%26CFID%3D11111111%26CFTOKEN%3D2222222,url:http://portal.acm.org/ft_gateway.cfm%3Fid%3D959078%26type%3Dpdf%26dl%3DGUIDE%26dl%3DACM%26CFID%3D11111111%26CFTOKEN%3D2222222,False,0.9998853729774404,0.0020780079621105525,0.9978073650153299,0.9000000000000002,True,false_link
DBLP,0.7,50,745,conf/sigmod/Freeston95,True,2,eEvZek727-8J,Fr8CPbK-IFIJ,True,0.9999962531836161,0.0760831891278182,0.9239130640557979,0.9000000000000002,True,correct
DBLP,0.7,50,746,conf/vldb/MarianS03,True,3,Bv5AM_5dziMJ,JVvFcEnXBmkJ,True,0.9999954043104555,0.9999918783895335,3.52592092200954e-06,0.9000000000000002,True,correct
DBLP,0.7,50,747,conf/sigmod/LiskovACDGGMMS96,True,2,0Mj8N23H1QEJ,Ey7Mbh6IdQIJ,True,0.9999959739581767,0.9991884585210292,0.0008075154371475213,0.9000000000000002,True,correct
DBLP,0.7,50,748,conf/sigmod/SchleimerWA03,True,1,nCRFjDfhOmcJ,nCRFjDfhOmcJ,True,0.9999945803038924,3.98575701397035e-06,0.9999905945468784,0.9000000000000002,True,correct
DBLP,0.7,50,749,journals/vldb/AtkinsonM95,True,5,dahaBAYvs5AJ,N5Got4HigPgJ,True,0.9999942755198837,0.9999519353694157,4.234015046800099e-05,0.9000000000000002,True,correct
DBLP,0.7,50,750,journals/vldb/ShegalovGW01,True,1,_6ErNQyZwXsJ,_6ErNQyZwXsJ,True,0.9999960658892887,3.425554505376297e-06,0.9999926403347833,0.9000000000000002,True,correct
DBLP,0.7,50,751,conf/sigmod/BarclaySG00,True,6,6uaAB7bg6C8J,7br3WXwZRQ4J,True,0.9999959856287194,0.9999957584106702,2.272180491535991e-07,0.9000000000000002,True,correct
DBLP,0.7,50,752,conf/sigmod/BerchtoldBK98,True,8,1tZ74y0DNLIJ,4Uf5sjXgwhoJ,True,0.9999959528625464,0.9999931498650265,2.8029975198684554e-06,0.9000000000000002,True,correct
DBLP,0.7,50,753,conf/vldb/JaedickeM99,True,3,TaaxQZajjqoJ,zh6yaOX2xiQJ,True,0.9999961705953978,0.9999958878043533,2.8279104447026526e-07,0.9000000000000002,True,correct
DBLP,0.7,50,754,journals/tods/Wijsen99,True,2,_D3JPE9NgNgJ,_D3JPE9NgNgJ,True,0.999992694506407,0.999992415709784,2.787966230100025e-07,0.9000000000000002,True,correct
DBLP,0.7,50,755,conf/sigmod/WattezCBFF00,True,1,1SA9LhktHsUJ,1SA9LhktHsUJ,True,0.9999958321431813,6.739986421866803e-06,0.9999890921567595,0.9000000000000002,True,correct
DBLP,0.7,50,756,journals/sigmod/Ulusoy95,True,1,uMYecZGSCv4J,uMYecZGSCv4J,True,0.9999962445049266,1.4663456566926865e-05,0.9999815810483597,0.9000000000000002,True,correct
DBLP,0.7,50,757,conf/vldb/GibsonKR98,True,1,9FBwT6XFOssJ,9FBwT6XFOssJ,True,0.9999962552376597,4.676781072136088e-06,0.9999915784565875,0.9000000000000002,True,correct
DBLP,0.7,50,758,journals/sigmod/MeersmanS02,False,0,,SU-yyPjhRekJ,False,0.334388717513511,0.006750499211112805,0.3276382183023982,0.9000000000000002,False,unmatched_abstention
DBLP,0.7,50,759,conf/sigmod/BressanGFJHKLMPQSS97,True,4,_1drQdYrtmsJ,jJuSPh63bZ0J,True,0.9999931547563112,0.9999745989871129,1.8555769198291827e-05,0.9000000000000002,True,correct
DBLP,0.7,50,760,conf/vldb/GarofalakisG02,True,4,Hz7TBeGZRz8J,S6PWjHRFORYJ,True,0.9999938423689781,0.999957471123206,3.637124577215989e-05,0.9000000000000002,True,correct
DBLP,0.7,50,761,journals/sigmod/Libkin99,True,2,V_FnUWKirh8J,zSO1Y5W7WkwJ,True,0.9999961555452622,0.999994716659028,1.438886234272907e-06,0.9000000000000002,True,correct
DBLP,0.7,50,762,conf/vldb/DillKMRST01,True,3,_dtqcPU4NdkJ,eZoS-yciSRsJ,True,0.9999947718533246,0.9999837697086988,1.100214462579352e-05,0.9000000000000002,True,correct
DBLP,0.7,50,763,journals/vldb/BenzakenD95,True,1,rF3edU2oNcEJ,rF3edU2oNcEJ,True,0.999995219735706,3.67998140735312e-05,0.9999584199216325,0.9000000000000002,True,correct
DBLP,0.7,50,764,conf/sigmod/MumickP94,True,1,hUQBQ_9ohcgJ,hUQBQ_9ohcgJ,True,0.9999957093372359,5.074422476774867e-06,0.9999906349147591,0.9000000000000002,True,correct
DBLP,0.7,50,765,journals/sigmod/Bussche00,True,2,abRCzV130REJ,CER66z1lh0MJ,True,0.9999958401803393,0.9999716968836597,2.414329667954629e-05,0.9000000000000002,True,correct
DBLP,0.7,50,766,journals/tods/DeySB99,True,1,lUIjuGqk6q4J,lUIjuGqk6q4J,True,0.9999958134917394,3.550688095110315e-06,0.9999922628036443,0.9000000000000002,True,correct
DBLP,0.7,50,767,conf/sigmod/AdelbergGK95,True,1,NbLabaGWoh4J,NbLabaGWoh4J,True,0.9999958343247543,3.489085421035582e-06,0.9999923452393332,0.9000000000000002,True,correct
DBLP,0.7,50,768,conf/vldb/BhattacharjeePMLCH03,True,1,PUCW4QzlkmsJ,PUCW4QzlkmsJ,True,0.999996038779268,0.0008150809128527857,0.9991809578664153,0.9000000000000002,True,correct
DBLP,0.7,50,769,journals/sigmod/LightstoneLZ02,True,2,7TYVQTwq9FIJ,7TYVQTwq9FIJ,True,0.9999960052889577,0.9999949812415656,1.0240473921063753e-06,0.9000000000000002,True,correct
DBLP,0.7,50,770,journals/sigmod/Aberer02a,True,1,url:http://portal.acm.org/ft_gateway.cfm%3Fid%3D565129%26type%3Dpdf%26dl%3DGUIDE%26dl%3DACM%26CFID%3D11111111%26CFTOKEN%3D2222222,url:http://portal.acm.org/ft_gateway.cfm%3Fid%3D604274%26type%3Dpdf%26dl%3DGUIDE%26dl%3DACM%26CFID%3D11111111%26CFTOKEN%3D2222222,False,0.9999881092501419,0.9992511614561653,0.0007369477939765945,0.9000000000000002,True,false_link
DBLP,0.7,50,771,conf/vldb/LinLYZ03,True,1,9rbctPoEdNUJ,9rbctPoEdNUJ,True,0.9999950755989776,3.545602300282543e-06,0.9999915299966773,0.9000000000000002,True,correct
DBLP,0.7,50,772,journals/tods/DattaVCK99,True,3,3BbftjVsIEIJ,L_EKDuVUoIEJ,True,0.9999961393500026,0.9999439385048813,5.2200845121364026e-05,0.9000000000000002,True,correct
DBLP,0.7,50,773,journals/sigmod/Winslett03a,False,0,,E81b1ZUux6cJ,False,0.00011733918664801716,6.014300894673691e-05,5.719617770128025e-05,0.9000000000000002,False,unmatched_abstention
DBLP,0.7,50,774,conf/vldb/Sheth96,True,1,xoD5vxZQJ8AJ,xoD5vxZQJ8AJ,True,0.9999964298150801,3.3664534937657585e-06,0.9999930633615863,0.9000000000000002,True,correct
DBLP,0.7,50,775,conf/sigmod/SeshadriP97,True,3,Df8s-N_5U3EJ,f9POLlECN2gJ,True,0.9999960850220477,0.9999955644152752,5.206067725804786e-07,0.9000000000000002,True,correct
DBLP,0.7,50,776,journals/vldb/RafieiM02,True,1,kZFfJieudW4J,kZFfJieudW4J,True,0.9999953388254985,1.012100094041075e-05,0.9999852178245581,0.9000000000000002,True,correct
DBLP,0.7,50,777,conf/vldb/Blum99,True,1,EYfIweE8pHEJ,EYfIweE8pHEJ,True,0.9999957475722184,3.1608236368967763e-06,0.9999925867485815,0.9000000000000002,True,correct
DBLP,0.7,50,778,journals/tods/KossmannS00,True,2,PnGVbzQCWY0J,PnGVbzQCWY0J,True,0.9999957772913963,0.9999889591081913,6.818183205026251e-06,0.9000000000000002,True,correct
DBLP,0.7,50,779,journals/vldb/RamamurthyDS03,True,3,DAlyofX710AJ,uem5wXLoU0wJ,True,0.9999958813206331,0.9999953766379319,5.046827011856436e-07,0.9000000000000002,True,correct
DBLP,0.7,50,780,conf/vldb/HumborstadSHT97,True,1,TjJZGlCajbMJ,TjJZGlCajbMJ,True,0.9999934077063195,3.1497651552527057e-06,0.9999902579411643,0.9000000000000002,True,correct
DBLP,0.7,50,781,conf/vldb/ChoG00,True,6,0ofvccnIJ-0J,9MI4jOOqkn4J,True,0.9999946391879538,0.9999943197266213,3.194613324986051e-07,0.9000000000000002,True,correct
DBLP,0.7,50,782,conf/vldb/AmirKN01,True,1,dEwdHTZZYWYJ,dEwdHTZZYWYJ,True,0.9999959038791891,3.6216305890700044e-06,0.9999922822486,0.9000000000000002,True,correct
DBLP,0.7,50,783,conf/vldb/IoannidisP99,True,3,2k9bgRJC-hYJ,umrivnVIoj0J,True,0.9999955263854556,0.9999942624737905,1.2639116651058657e-06,0.9000000000000002,True,correct
DBLP,0.7,50,784,conf/sigmod/HinneburgKW02,True,3,7v3f7Thmyw0J,VWd7jhLXfV0J,True,0.9999957319627392,0.0017362622174100996,0.9982594697453291,0.9000000000000002,True,correct
