dataset,fraction,seed,record_index,ida,has_true_match,n_valid_matches,retained_idb,top1_idb,top1_is_any_valid,top1_score,top2_score,score_gap,threshold,declared,category
DBLP,0.6,48,0,journals/vldb/ShanmugasundaramSBCLPR01,True,5,_bdp5T8SSuoJ,HKM-zP0LT_UJ,True,0.999983714838949,0.9999814870451127,2.2277938362957883e-06,0.5500000000000002,True,correct
DBLP,0.6,48,1,conf/sigmod/Pruscino03,False,0,,url:http://portal.acm.org/ft_gateway.cfm%3Fid%3D1058164%26type%3Dpdf,False,5.958354660290132e-06,5.933059782087168e-06,2.529487820296418e-08,0.5500000000000002,False,unmatched_abstention
DBLP,0.6,48,2,journals/vldb/ChakrabartiGRS01,True,4,2TVYDBNYioIJ,PTmCbogNUpAJ,True,0.9999817767331669,0.9999756369927955,6.139740371446933e-06,0.5500000000000002,True,correct
DBLP,0.6,48,3,conf/sigmod/MogiK96,True,3,G-ggEZEKjT8J,hxWB8uQMCdgJ,True,0.9999855065046488,0.9998444274569976,0.0001410790476511492,0.5500000000000002,True,correct
DBLP,0.6,48,4,journals/vldb/C94c,True,1,url:http://portal.acm.org/citation.cfm%3Fid%3D615204.615205%26dl%3Dportal%26dl%3DACM%26type%3Dissue%26idx%3DJ869%26part%3Dperiodical%26WantType%3Dperiodical%26title%3DThe%2520VLDB%2520Journal%2520%2526mdash%253B%2520The%2520International%2520Journal%2520on%2520Very%2520Large%2520Data%2520Bases%26CFID%3D11111111%26CFTOKEN%3D2222222,url:http://www.springerlink.com/index/P4Q0445827654287.pdf,False,0.9998627188175349,5.6947380301268215e-05,0.9998057714372336,0.5500000000000002,True,false_link
DBLP,0.6,48,5,conf/sigmod/SengarH03,True,1,7Mtanhr8EKoJ,7Mtanhr8EKoJ,True,0.999984585652017,0.0010492836455689636,0.998935302006448,0.5500000000000002,True,correct
DBLP,0.6,48,6,journals/sigmod/Liu03,False,0,,url:http://portal.acm.org/citation.cfm%3Fid%3D945721.945727%26coll%3DGUIDE%26dl%3DACM%26idx%3DJ689%26part%3Dperiodical%26WantType%3Dperiodical%26title%3DACM%2520SIGMOD%2520Record%26CFID%3D11111111%26CFTOKEN%3D2222222,False,0.001136214969283392,0.0003568001793199651,0.0007794147899634269,0.5500000000000002,False,unmatched_abstention
DBLP,0.6,48,7,journals/tods/KonopnickiS98,True,2,5cWufy7ZrAoJ,BKUtItHoTX8J,True,0.9999875635870388,0.9999601873350263,2.737625201243432e-05,0.5500000000000002,True,correct
DBLP,0.6,48,8,conf/sigmod/HanWDPW02,True,2,nwWpGh3Mx7MJ,nwWpGh3Mx7MJ,True,0.9999863484254059,0.9977713547747765,0.002214993650629382,0.5500000000000002,True,correct
DBLP,0.6,48,9,conf/vldb/HaberIL95,True,1,UM1ZozyrJnIJ,UM1ZozyrJnIJ,True,0.9999865597629931,5.399400941848666e-06,0.9999811603620513,0.5500000000000002,True,correct
DBLP,0.6,48,10,conf/sigmod/HarinarayanRU96,True,15,4OrM17Osz64J,QHUtoLECZzgJ,True,0.999983179608412,0.9999781362050514,5.043403360605048e-06,0.5500000000000002,True,correct
DBLP,0.6,48,11,journals/sigmod/Bernstein98,True,3,AYEI8XDoY9wJ,AYEI8XDoY9wJ,True,0.9999841293394287,0.9999719334658276,1.2195873601128504e-05,0.5500000000000002,True,correct
DBLP,0.6,48,12,conf/vldb/MadhavanH03,True,2,mu31RuCR_E4J,ujCYoqKS6BcJ,True,0.9999860835297358,0.9999830568668879,3.0266628479047597e-06,0.5500000000000002,True,correct
DBLP,0.6,48,13,conf/sigmod/Lassettre98,True,1,7p2MaOtr7u8J,7p2MaOtr7u8J,True,0.9999853237145361,6.337427231191456e-06,0.9999789862873049,0.5500000000000002,True,correct
DBLP,0.6,48,14,conf/vldb/ShanmugasundaramGTZDN99,True,13,C5EoaXfZ7BsJ,GIlUG9H3gUUJ,True,0.9999843569146664,0.9999843189017997,3.8012866632186615e-08,0.5500000000000002,True,correct
DBLP,0.6,48,15,conf/vldb/LabrinidisR01,True,3,3Ozte0ucNJAJ,3Ozte0ucNJAJ,True,0.9999837190005876,0.9999416715343417,4.204746624592026e-05,0.5500000000000002,True,correct
DBLP,0.6,48,16,conf/sigmod/SeshadriP97,True,3,Df8s-N_5U3EJ,f9POLlECN2gJ,True,0.9999867303985825,0.9999826310115655,4.099387017064693e-06,0.5500000000000002,True,correct
DBLP,0.6,48,17,journals/vldb/StonebrakerALPSSSY96,True,3,dWgXDMGuFd4J,dWgXDMGuFd4J,True,0.9999800527844175,0.9999721556992358,7.89708518167398e-06,0.5500000000000002,True,correct
DBLP,0.6,48,18,conf/vldb/MorimotoIM97,True,3,3enylshvOl8J,3enylshvOl8J,True,0.9999810346883011,0.9999649724711854,1.6062217115697663e-05,0.5500000000000002,True,correct
DBLP,0.6,48,19,journals/tods/CeriFPT95,True,1,DoS7NkmUyYgJ,DoS7NkmUyYgJ,True,0.999915984173649,0.992744057225246,0.007171926948403073,0.5500000000000002,True,correct
DBLP,0.6,48,20,journals/vldb/SuHHHLWLPLL01,True,3,GRzquCzL_OUJ,xcRKDHBIUb8J,True,0.9999821138688687,0.9999783826758697,3.731192999012478e-06,0.5500000000000002,True,correct
DBLP,0.6,48,21,journals/vldb/VerykiosME03,True,1,khdP4spNnPoJ,khdP4spNnPoJ,True,0.9999849241988176,5.810331072662691e-06,0.999979113867745,0.5500000000000002,True,correct
DBLP,0.6,48,22,conf/vldb/ChakrabartiGRS00,True,4,2TVYDBNYioIJ,PTmCbogNUpAJ,True,0.9999770670924283,0.9999736157009391,3.45139148916207e-06,0.5500000000000002,True,correct
DBLP,0.6,48,23,journals/sigmod/X95,False,0,,zWm1GKhwGeUJ,False,3.881556004938652e-05,1.5094244008495843e-05,2.3721316040890675e-05,0.5500000000000002,False,unmatched_abstention
DBLP,0.6,48,24,conf/vldb/Moni96,True,1,gbjXwFztQTsJ,gbjXwFztQTsJ,True,0.9999844470877491,5.6622576483814635e-06,0.9999787848301007,0.5500000000000002,True,correct
DBLP,0.6,48,25,conf/vldb/HulgeriS02,True,2,syoqNSarAscJ,xGcM9AuhrBMJ,True,0.9999859750250557,0.9999725897782316,1.33852468241491e-05,0.5500000000000002,True,correct
DBLP,0.6,48,26,conf/sigmod/GuptaLM03,True,1,iCg06Oc9DV8J,iCg06Oc9DV8J,True,0.9999869022657727,6.993819576443055e-06,0.9999799084461962,0.5500000000000002,True,correct
DBLP,0.6,48,27,conf/sigmod/McIverK94,True,1,LMV_K5t2am0J,LMV_K5t2am0J,True,0.9999840752450522,5.505059182766595e-06,0.9999785701858694,0.5500000000000002,True,correct
DBLP,0.6,48,28,conf/vldb/GalhardasFSSS01,True,6,nlOAkKW_ry8J,nlOAkKW_ry8J,True,0.9999869556921205,0.9999860248254446,9.308666758522932e-07,0.5500000000000002,True,correct
DBLP,0.6,48,29,conf/sigmod/Ross00,True,1,9sm_ptv5pmYJ,9sm_ptv5pmYJ,True,0.9999271393401974,1.3108568236972383e-05,0.9999140307719604,0.5500000000000002,True,correct
DBLP,0.6,48,30,conf/sigmod/GriffinH97,True,1,UwOPyY_jchkJ,UwOPyY_jchkJ,True,0.9999848946679438,6.1691103855519206e-06,0.9999787255575583,0.5500000000000002,True,correct
DBLP,0.6,48,31,journals/vldb/AbiteboulCM98,True,3,rZcRXL6ueUMJ,WzT3S2G1FjcJ,True,0.9999851181112616,0.9999709084314238,1.4209679837784428e-05,0.5500000000000002,True,correct
DBLP,0.6,48,32,journals/sigmod/CarmelMS01,True,2,bolov3CrMYwJ,bolov3CrMYwJ,True,0.9999830317549897,0.0008189053303566502,0.999164126424633,0.5500000000000002,True,correct
DBLP,0.6,48,33,journals/sigmod/DoanPK95,True,1,c0TSepqRwwMJ,c0TSepqRwwMJ,True,0.9999880165052334,5.993637810126481e-06,0.9999820228674232,0.5500000000000002,True,correct
DBLP,0.6,48,34,journals/sigmod/Rosenthal98,True,1,ZMMeRrWUlOoJ,ZMMeRrWUlOoJ,True,0.9999725151263139,5.914326915403505e-06,0.9999666007993985,0.5500000000000002,True,correct
DBLP,0.6,48,35,journals/sigmod/SnodgrassHMOPRRWY98,False,0,,uPBlQ76s_g4J,False,0.9603761517714409,0.06269175564191845,0.8976843961295224,0.5500000000000002,True,false_link
DBLP,0.6,48,36,journals/tods/CuiWW00,True,2,HEAX8OOSpKgJ,yWDXpb_76z0J,True,0.9999841944834885,0.9919782490548151,0.008005945428673389,0.5500000000000002,True,correct
DBLP,0.6,48,37,conf/vldb/TatbulCZCS03,True,3,F42wOOy-KR0J,TAsynkdIAfwJ,True,0.9999867717150299,0.9999828637861918,3.907928838087216e-06,0.5500000000000002,True,correct
DBLP,0.6,48,38,conf/vldb/UrhanF01,True,1,0-FUXURm1FQJ,0-FUXURm1FQJ,True,0.9999860124919951,5.441795444695195e-06,0.9999805706965504,0.5500000000000002,True,correct
DBLP,0.6,48,39,journals/vldb/Sarawagi01,True,1,Xx6kw0tCeQIJ,Xx6kw0tCeQIJ,True,0.9999814633369315,2.230141074190065e-05,0.9999591619261896,0.5500000000000002,True,correct
DBLP,0.6,48,40,conf/vldb/DiaoF03,True,1,Crt1JZ1eEj0J,Crt1JZ1eEj0J,True,0.9999863596561621,0.0008744118370017912,0.9991119478191604,0.5500000000000002,True,correct
DBLP,0.6,48,41,journals/sigmod/Snodgrass00,False,0,,url:http://portal.acm.org/ft_gateway.cfm%3Fid%3D601859%26type%3Dpdf%26dl%3DGUIDE%26dl%3DACM%26CFID%3D11111111%26CFTOKEN%3D2222222,False,0.0027560243415565137,0.0008322768867322353,0.0019237474548242785,0.5500000000000002,False,unmatched_abstention
DBLP,0.6,48,42,conf/sigmod/JagatheesanR03,True,4,fobv5DPqKUcJ,fobv5DPqKUcJ,True,0.9999836036354426,0.999972867559362,1.0736076080597456e-05,0.5500000000000002,True,correct
DBLP,0.6,48,43,journals/sigmod/Widom95a,False,0,,C84rFQN_ug0J,False,0.00017561474612338821,0.00010049498436779056,7.511976175559766e-05,0.5500000000000002,False,unmatched_abstention
DBLP,0.6,48,44,conf/sigmod/WattezCBFF00,True,1,1SA9LhktHsUJ,1SA9LhktHsUJ,True,0.9999872748603614,5.5973101793539e-06,0.9999816775501821,0.5500000000000002,True,correct
DBLP,0.6,48,45,conf/vldb/CareyKRLABFLOPQRSSUVWY01,True,1,_pAcjtd1nbEJ,_pAcjtd1nbEJ,True,0.9999661237263017,5.8325546136765585e-06,0.9999602911716879,0.5500000000000002,True,correct
DBLP,0.6,48,46,conf/vldb/PolyzotisG02,True,1,krAZ7iDMEOQJ,krAZ7iDMEOQJ,True,0.9999851281134448,0.00028421998826983906,0.9997009081251749,0.5500000000000002,True,correct
DBLP,0.6,48,47,journals/tods/Wijsen99,True,2,_D3JPE9NgNgJ,_D3JPE9NgNgJ,True,0.9999829341899602,0.9999803204676735,2.613722286715081e-06,0.5500000000000002,True,correct
DBLP,0.6,48,48,conf/sigmod/BlakeleyD00,True,2,url:http://portal.acm.org/citation.cfm%3Fid%3D335191.335480%26coll%3DGUIDE%26dl%3DACM%26idx%3DJ689%26part%3Dperiodical%26WantType%3Dperiodical%26title%3DACM%2520SIGMOD%2520Record%26CFID%3D11111111%26CFTOKEN%3D2222222,url:http://portal.acm.org/citation.cfm%3Fid%3D335191.335480%26coll%3DGUIDE%26dl%3DACM%26idx%3DJ689%26part%3Dperiodical%26WantType%3Dperiodical%26title%3DACM%2520SIGMOD%2520Record%26CFID%3D11111111%26CFTOKEN%3D2222222,True,0.99478144395469,0.003179798239141677,0.9916016457155483,0.5500000000000002,True,correct
DBLP,0.6,48,49,conf/sigmod/ChenRW02,True,1,05ShsIGjnKkJ,05ShsIGjnKkJ,True,0.9999827920253322,6.955069190150433e-06,0.9999758369561421,0.5500000000000002,True,correct
DBLP,0.6,48,50,conf/vldb/AlsabtiRS97,True,2,-0Lu8VIRYtEJ,nqOZsUydoQkJ,True,0.9999863682779179,0.9999806839731497,5.684304768216464e-06,0.5500000000000002,True,correct
DBLP,0.6,48,51,journals/tods/Kuo96,True,2,p--jtVlva8AJ,p--jtVlva8AJ,True,0.9999858648116875,0.999975125763618,1.0739048069474677e-05,0.5500000000000002,True,correct
DBLP,0.6,48,52,conf/vldb/BertinoBFS96,True,1,s0v9B-K8owEJ,s0v9B-K8owEJ,True,0.9999855060485198,0.9557941187359229,0.044191387312596864,0.5500000000000002,True,correct
DBLP,0.6,48,53,conf/sigmod/PeiMHZ00,True,1,UyhrqiH_-MoJ,UyhrqiH_-MoJ,True,0.9999835152235109,6.348981415205115e-06,0.9999771662420958,0.5500000000000002,True,correct
DBLP,0.6,48,54,conf/vldb/LakshmananPH02,True,2,_hNiD_QLDdAJ,1I1VNEHN4jYJ,True,0.9999779096034199,0.9999755508525501,2.358750869846382e-06,0.5500000000000002,True,correct
DBLP,0.6,48,55,conf/vldb/AnkerstBKS98,True,1,DbLGmJX7UJ8J,DbLGmJX7UJ8J,True,0.9999866530817147,5.9963649357350936e-06,0.999980656716779,0.5500000000000002,True,correct
DBLP,0.6,48,56,journals/sigmod/PaepckeGRC00,True,2,5ObmwcHCFQsJ,5ObmwcHCFQsJ,True,0.9999605982032223,0.9999296589845816,3.093921864061322e-05,0.5500000000000002,True,correct
DBLP,0.6,48,57,journals/vldb/C94b,False,0,,url:http://www.springerlink.com/index/G6K75167M7282085.pdf,False,0.03483382800274769,0.007634348579883496,0.027199479422864194,0.5500000000000002,False,unmatched_abstention
DBLP,0.6,48,58,conf/sigmod/NestorovAM98,True,2,5icRoG_Vmc0J,5icRoG_Vmc0J,True,0.9999791759820841,0.9998918114631674,8.736451891666608e-05,0.5500000000000002,True,correct
DBLP,0.6,48,59,conf/vldb/OzsoyogluAAOUO02,True,1,Pb3y_NGGwjwJ,Pb3y_NGGwjwJ,True,0.9999807101314396,6.57100310648539e-06,0.9999741391283331,0.5500000000000002,True,correct
DBLP,0.6,48,60,conf/sigmod/SeshadriHPLRSSS96,True,2,3OxZS395vDcJ,3OxZS395vDcJ,True,0.9999847390139405,0.9991315292723586,0.0008532097415818729,0.5500000000000002,True,correct
DBLP,0.6,48,61,conf/vldb/GraefeBC98,True,1,v-kvo2hnsgkJ,v-kvo2hnsgkJ,True,0.999987055758198,3.9723732289364325e-05,0.9999473320259087,0.5500000000000002,True,correct
DBLP,0.6,48,62,conf/sigmod/Hammond99,True,1,-ndr_jftgFkJ,-ndr_jftgFkJ,True,0.9999842688143772,1.5428893181929204e-05,0.9999688399211952,0.5500000000000002,True,correct
DBLP,0.6,48,63,journals/vldb/AilamakiDH02,True,1,J9MeFW0vDJAJ,J9MeFW0vDJAJ,True,0.9999822311266048,5.442127593859176e-06,0.9999767889990109,0.5500000000000002,True,correct
DBLP,0.6,48,64,conf/sigmod/GoyalHKMS96,True,1,uUcmU_hKF2kJ,uUcmU_hKF2kJ,True,0.9999769737366297,0.9999696464845678,7.327252061983813e-06,0.5500000000000002,True,correct
DBLP,0.6,48,65,conf/vldb/VorugantiOU99,True,3,ItOlYY7ITt0J,ItOlYY7ITt0J,True,0.9999833605957092,0.9999728136604197,1.0546935289568182e-05,0.5500000000000002,True,correct
DBLP,0.6,48,66,conf/sigmod/IoannidisL94,True,1,dDHNsS9sisEJ,dDHNsS9sisEJ,True,0.9999836712487604,5.753975788366914e-06,0.999977917272972,0.5500000000000002,True,correct
DBLP,0.6,48,67,conf/vldb/FuhDCMTLDRM99,True,1,nh2FuiC6fHgJ,nh2FuiC6fHgJ,True,0.999984696501437,5.496906717981039e-06,0.9999791995947189,0.5500000000000002,True,correct
DBLP,0.6,48,68,conf/vldb/WangZL99,True,2,9PJWqPPVlQwJ,9PJWqPPVlQwJ,True,0.999985502730786,0.9999380835026787,4.7419228107359324e-05,0.5500000000000002,True,correct
DBLP,0.6,48,69,conf/vldb/LakshmananNWZJ02,True,1,qfw7Pu1wVcIJ,qfw7Pu1wVcIJ,True,0.999946007557043,7.956182466419213e-06,0.9999380513745766,0.5500000000000002,True,correct
DBLP,0.6,48,70,journals/sigmod/LudwigG00,True,1,T7hbL2VkOhsJ,T7hbL2VkOhsJ,True,0.9996717185182883,5.554143758342582e-06,0.9996661643745299,0.5500000000000002,True,correct
DBLP,0.6,48,71,journals/vldb/ChienTZ02,True,1,j4wcclZqY0oJ,j4wcclZqY0oJ,True,0.9999857958140619,9.309762345693393e-05,0.999892698190605,0.5500000000000002,True,correct
DBLP,0.6,48,72,conf/vldb/KerstenWFKBC03,True,1,Ub6YwssjyiYJ,Ub6YwssjyiYJ,True,0.9999775188577534,5.396235086379334e-06,0.9999721226226671,0.5500000000000002,True,correct
DBLP,0.6,48,73,conf/sigmod/BorkarDS01,True,3,8fu2bhk_i9EJ,8zFEVer1rBUJ,True,0.9999842253681555,0.999982399053594,1.8263145614705323e-06,0.5500000000000002,True,correct
DBLP,0.6,48,74,conf/vldb/MengLYWCR98,True,2,8nbZx7j7RAUJ,EcpPzbn2EaIJ,True,0.999984477360398,0.9999794700617473,5.007298650716585e-06,0.5500000000000002,True,correct
DBLP,0.6,48,75,journals/sigmod/SchlageterBHMSW95,True,2,url:http://portal.acm.org/citation.cfm%3Fid%3D202672,url:http://portal.acm.org/citation.cfm%3Fid%3D202672,True,0.999982740633044,0.9999445787107664,3.816192227767967e-05,0.5500000000000002,True,correct
DBLP,0.6,48,76,journals/vldb/TempletonHMB95,True,1,RKNGp2gmOTUJ,RKNGp2gmOTUJ,True,0.9999864593884042,5.4064961060056835e-06,0.9999810528922982,0.5500000000000002,True,correct
DBLP,0.6,48,77,journals/sigmod/Kosch02,True,1,_avm808LQocJ,_avm808LQocJ,True,0.9999851940300675,0.0006327981499930643,0.9993523958800744,0.5500000000000002,True,correct
DBLP,0.6,48,78,conf/vldb/CormodeKMS03,True,1,0ZQnv8tOzBwJ,0ZQnv8tOzBwJ,True,0.9999860505506208,0.9578188004056325,0.042167250144988344,0.5500000000000002,True,correct
DBLP,0.6,48,79,conf/vldb/KalusD95,True,1,r1xwwqWr2K0J,r1xwwqWr2K0J,True,0.9999828280251281,5.321671631633599e-06,0.9999775063534965,0.5500000000000002,True,correct
DBLP,0.6,48,80,conf/vldb/HuebschHLLSS03,True,3,7y9SomIIAG0J,7y9SomIIAG0J,True,0.9999854816039099,0.9999806568386282,4.824765281630228e-06,0.5500000000000002,True,correct
DBLP,0.6,48,81,journals/sigmod/UrbanDG96,True,1,url:http://portal.acm.org/ft_gateway.cfm%3Fid%3D381892%26type%3Dpdf%26dl%3DGUIDE%26dl%3DACM%26CFID%3D11111111%26CFTOKEN%3D2222222,url:http://portal.acm.org/ft_gateway.cfm%3Fid%3D381892%26type%3Dpdf%26dl%3DGUIDE%26dl%3DACM%26CFID%3D11111111%26CFTOKEN%3D2222222,True,0.9999851231770374,5.319440731466003e-05,0.9999319287697227,0.5500000000000002,True,correct
DBLP,0.6,48,82,journals/vldb/C95,False,0,,url:http://www.springerlink.com/index/X256555608656055.pdf,False,0.0008071339680277277,0.00011932552563856884,0.0006878084423891588,0.5500000000000002,False,unmatched_abstention
DBLP,0.6,48,83,conf/vldb/Amer-YahiaFSX03,True,1,fcB_7jx0pOMJ,fcB_7jx0pOMJ,True,0.999984872380848,0.02822831120055374,0.9717565611802943,0.5500000000000002,True,correct
DBLP,0.6,48,84,conf/vldb/Objectivity98,True,1,o3fkxpcCBskJ,o3fkxpcCBskJ,True,0.9990700773909129,1.668519965880431e-05,0.9990533921912541,0.5500000000000002,True,correct
DBLP,0.6,48,85,journals/sigmod/BarbaraBFLS94,True,4,dgFX6qIJoX8J,url:http://portal.acm.org/citation.cfm%3Fid%3D187455,True,0.9999807196397742,0.9999797722800934,9.473596808140528e-07,0.5500000000000002,True,correct
DBLP,0.6,48,86,conf/vldb/AnanthakrishnaCG02,True,2,FFKP2GRm2LEJ,FFKP2GRm2LEJ,True,0.9999867468774294,0.9999807324511364,6.014426292999531e-06,0.5500000000000002,True,correct
DBLP,0.6,48,87,journals/vldb/MylopoulosCPST96,True,3,F5liQDe9lB8J,F5liQDe9lB8J,True,0.999982855711299,0.9999762993268441,6.556384454903252e-06,0.5500000000000002,True,correct
DBLP,0.6,48,88,conf/vldb/YanG95,True,2,baVAtfo4WCoJ,lr_Kq9SZLY8J,True,0.9999851749701133,0.9999824014872907,2.7734828226266828e-06,0.5500000000000002,True,correct
DBLP,0.6,48,89,conf/vldb/LudasaherGM00,True,1,H4hHa7dQdSAJ,H4hHa7dQdSAJ,True,0.9999867348143414,0.012772450701375955,0.9872142841129654,0.5500000000000002,True,correct
DBLP,0.6,48,90,conf/sigmod/HanKK97,True,3,MqdtZ_cUxDEJ,NIfccqToMb8J,True,0.9999558300192678,0.9997873092562174,0.00016852076305040598,0.5500000000000002,True,correct
DBLP,0.6,48,91,journals/tods/KrishnakumarB94,True,1,8ZjEDOBUd_QJ,8ZjEDOBUd_QJ,True,0.9999835806022996,9.683787681054878e-06,0.9999738968146186,0.5500000000000002,True,correct
DBLP,0.6,48,92,conf/sigmod/TaoP02,True,1,fDWfHiQ6BR4J,fDWfHiQ6BR4J,True,0.9999828496280991,1.127018884429493e-05,0.9999715794392549,0.5500000000000002,True,correct
DBLP,0.6,48,93,conf/vldb/ShahRS02,True,2,ByAk0yD64SYJ,ByAk0yD64SYJ,True,0.9999732620743417,0.9999594039907539,1.3858083587781067e-05,0.5500000000000002,True,correct
DBLP,0.6,48,94,journals/sigmod/MalaikaEM03,True,2,OGh0R54BW0MJ,OGh0R54BW0MJ,True,0.9999757694359453,0.9918561361249849,0.008119633310960439,0.5500000000000002,True,correct
DBLP,0.6,48,95,journals/sigmod/PapazoglouH99,True,2,d5BG9F7_LGMJ,WbsAK4ZE17YJ,True,0.9999851939594678,0.9999371246520392,4.806930742862203e-05,0.5500000000000002,True,correct
DBLP,0.6,48,96,conf/vldb/SeidlK97,True,3,5Ine3RRoUCcJ,LZGFMX7pdCkJ,True,0.9999828946775435,0.999954680639799,2.821403774455611e-05,0.5500000000000002,True,correct
DBLP,0.6,48,97,conf/vldb/JosifovskiR99,True,2,a58OzgW7AvUJ,rR9r4Kuzq-4J,True,0.9999828122640045,0.9999348828465956,4.7929417408942854e-05,0.5500000000000002,True,correct
DBLP,0.6,48,98,journals/tods/Hellerstein98,True,5,Ae-y0LICgtkJ,q8m4M7OxSSAJ,True,0.9999826659431454,0.9999718460205624,1.0819922583005237e-05,0.5500000000000002,True,correct
DBLP,0.6,48,99,journals/tods/Kim94,True,1,url:http://portal.acm.org/citation.cfm%3Fid%3D202106.569784%26coll%3Dportal%26dl%3DACM%26idx%3DJ777%26part%3Dtransaction%26WantType%3Dtransaction%26title%3DACM%2520Transactions%2520on%2520Database%2520Systems%2520(TODS)%26CFID%3D11111111%26CFTOKEN%3D2222222,url:http://portal.acm.org/citation.cfm%3Fid%3D202106.569784%26coll%3Dportal%26dl%3DACM%26idx%3DJ777%26part%3Dtransaction%26WantType%3Dtransaction%26title%3DACM%2520Transactions%2520on%2520Database%2520Systems%2520(TODS)%26CFID%3D11111111%26CFTOKEN%3D2222222,True,0.9875494142134978,1.1207808940042337e-05,0.9875382064045578,0.5500000000000002,True,correct
DBLP,0.6,48,100,conf/vldb/EicklerKK97,True,1,PCFJuVxYxtwJ,PCFJuVxYxtwJ,True,0.9999827947164471,5.44395477667723e-06,0.9999773507616705,0.5500000000000002,True,correct
DBLP,0.6,48,101,conf/vldb/ManegoldBK00,True,3,-7hYJxFD-AsJ,-7hYJxFD-AsJ,True,0.9999781064520357,0.9999780769303248,2.9521710853686045e-08,0.5500000000000002,True,correct
DBLP,0.6,48,102,conf/vldb/StathatosRB97,True,3,JH2hiRXPJcEJ,JH2hiRXPJcEJ,True,0.9999852099910248,0.9999834938607686,1.7161302562351821e-06,0.5500000000000002,True,correct
DBLP,0.6,48,103,conf/sigmod/Eaton98,False,0,,W6ROObWo3bIJ,False,6.2212554114774235e-06,5.988901165010357e-06,2.323542464670666e-07,0.5500000000000002,False,unmatched_abstention
DBLP,0.6,48,104,journals/sigmod/KantM00,True,1,url:http://portal.acm.org/citation.cfm%3Fid%3D362084.362091%26dl%3DGUIDE%26dl%3DACM%26idx%3DJ689%26part%3Dperiodical%26WantType%3Dperiodical%26title%3DACM%2520SIGMOD%2520Record%26CFID%3D11111111%26CFTOKEN%3D2222222,url:http://portal.acm.org/citation.cfm%3Fid%3D362084.362091%26dl%3DGUIDE%26dl%3DACM%26idx%3DJ689%26part%3Dperiodical%26WantType%3Dperiodical%26title%3DACM%2520SIGMOD%2520Record%26CFID%3D11111111%26CFTOKEN%3D2222222,True,0.004905475534384035,5.543613092486972e-06,0.004899931921291548,0.5500000000000002,False,missing_match
DBLP,0.6,48,105,conf/vldb/KnorrN99,True,2,7J-gi_InWY0J,7lkCBMe603kJ,True,0.9999835463057314,0.999980698446507,2.84785922433084e-06,0.5500000000000002,True,correct
DBLP,0.6,48,106,conf/vldb/KeimH99,True,1,28GZ8M1ZPVYJ,28GZ8M1ZPVYJ,True,0.9999846628830116,6.543962311045649e-06,0.9999781189207005,0.5500000000000002,True,correct
DBLP,0.6,48,107,journals/sigmod/GrayG97,True,5,aYtTMXVoTiMJ,fFCqy9V5XNgJ,True,0.9999887443545136,0.9999883053467281,4.3900778545769015e-07,0.5500000000000002,True,correct
DBLP,0.6,48,108,conf/sigmod/Kleissner95,True,1,DB8lVC2D9fcJ,DB8lVC2D9fcJ,True,0.9999864762682859,7.659535883968077e-06,0.9999788167324019,0.5500000000000002,True,correct
DBLP,0.6,48,109,conf/vldb/BergerBSW03,True,3,4bBWSfhvZ5AJ,kADCX48-o5IJ,True,0.9999857205980085,0.999985556136755,1.6446125350455532e-07,0.5500000000000002,True,correct
DBLP,0.6,48,110,conf/sigmod/Ojjeh99,True,2,url:http://portal.acm.org/citation.cfm%3Fid%3D304245%26coll%3Dportal%26dl%3DACM,url:http://portal.acm.org/ft_gateway.cfm%3Fid%3D304245%26type%3Dpdf%26dl%3DGUIDE%26dl%3DACM%26CFID%3D11111111%26CFTOKEN%3D2222222,True,0.9999709173633222,0.0003721275534655943,0.9995987898098566,0.5500000000000002,True,correct
DBLP,0.6,48,111,journals/vldb/KabraD99,True,3,JF30ixlsraUJ,JF30ixlsraUJ,True,0.9999861786392913,0.9999769744173503,9.204221940950497e-06,0.5500000000000002,True,correct
DBLP,0.6,48,112,conf/sigmod/ProcopiucJAM02,True,1,k7RinzPIdhYJ,k7RinzPIdhYJ,True,0.9999790220054834,0.0024466956428755406,0.9975323263626078,0.5500000000000002,True,correct
DBLP,0.6,48,113,conf/vldb/DoDJJR98,True,1,69kmXg9nRZkJ,69kmXg9nRZkJ,True,0.999986077609345,5.898251362237579e-06,0.9999801793579828,0.5500000000000002,True,correct
DBLP,0.6,48,114,journals/sigmod/TaninBS96,True,5,4sRgCLIWKncJ,KUB7XvwH30AJ,True,0.9999806719221607,0.9999804584296367,2.134925239927199e-07,0.5500000000000002,True,correct
DBLP,0.6,48,115,conf/vldb/VermeerA96,True,1,bEddMdwB2_4J,bEddMdwB2_4J,True,0.9999830737596843,8.531566055795893e-06,0.9999745421936285,0.5500000000000002,True,correct
DBLP,0.6,48,116,journals/sigmod/Hammer00,True,1,url:http://portal.acm.org/ft_gateway.cfm%3Fid%3D601859%26type%3Dpdf%26dl%3DGUIDE%26dl%3DACM%26CFID%3D11111111%26CFTOKEN%3D2222222,url:http://portal.acm.org/ft_gateway.cfm%3Fid%3D601859%26type%3Dpdf%26dl%3DGUIDE%26dl%3DACM%26CFID%3D11111111%26CFTOKEN%3D2222222,True,0.9999717169310117,0.00012168313351490813,0.9998500337974968,0.5500000000000002,True,correct
DBLP,0.6,48,117,conf/sigmod/BrownCL96,True,1,H4A7nUWyXtQJ,H4A7nUWyXtQJ,True,0.9999853039245875,6.4952047556042535e-06,0.9999788087198319,0.5500000000000002,True,correct
DBLP,0.6,48,118,conf/vldb/AlonsoHST97,True,1,iRJV85kKVgwJ,iRJV85kKVgwJ,True,0.9999876008194749,8.178956862609543e-06,0.9999794218626123,0.5500000000000002,True,correct
DBLP,0.6,48,119,conf/sigmod/TatarinovIHW01,True,5,0dEQ9YTk3osJ,zEHD3Nn_9nsJ,True,0.9999784358805895,0.9999737726168135,4.6632637760168905e-06,0.5500000000000002,True,correct
DBLP,0.6,48,120,conf/sigmod/PonnekantiK00,True,1,IddFq2o4ZsoJ,IddFq2o4ZsoJ,True,0.9999767429177397,6.720378349331051e-06,0.9999700225393904,0.5500000000000002,True,correct
DBLP,0.6,48,121,conf/sigmod/ZhangNDLL01,True,2,RkUnSP2Vkj0J,ryaV3kTsJ2IJ,True,0.9999864766680887,0.9999831137441649,3.362923923777572e-06,0.5500000000000002,True,correct
DBLP,0.6,48,122,conf/vldb/BouganimNPW03,True,1,5oXuo8dJ6qAJ,5oXuo8dJ6qAJ,True,0.999986684458574,2.2607601997434827e-05,0.9999640768565765,0.5500000000000002,True,correct
DBLP,0.6,48,123,conf/sigmod/ONeilQ97,True,11,359PjJkfNhQJ,tK0HTC7qEmcJ,True,0.999980223407603,0.9999715792823215,8.644125281453974e-06,0.5500000000000002,True,correct
DBLP,0.6,48,124,journals/sigmod/AilamakiH03,True,1,url:http://portal.acm.org/ft_gateway.cfm%3Fid%3D945725%26type%3Dpdf%26dl%3DGUIDE%26dl%3DACM%26CFID%3D11111111%26CFTOKEN%3D2222222,url:http://portal.acm.org/ft_gateway.cfm%3Fid%3D945725%26type%3Dpdf%26dl%3DGUIDE%26dl%3DACM%26CFID%3D11111111%26CFTOKEN%3D2222222,True,0.9999868914942687,5.432057962523101e-06,0.9999814594363061,0.5500000000000002,True,correct
DBLP,0.6,48,125,journals/vldb/PacittiS00,True,5,9ReaNbX2I-IJ,yXCROrOo320J,True,0.9999830420273887,0.9999618355072378,2.1206520150918173e-05,0.5500000000000002,True,correct
DBLP,0.6,48,126,conf/sigmod/LiS98,True,1,Vxg-4KP7FfEJ,Vxg-4KP7FfEJ,True,0.9999803589596488,2.6444074587779217e-05,0.999953914885061,0.5500000000000002,True,correct
DBLP,0.6,48,127,conf/vldb/SistlaYLL95,True,3,HtTNmhCJY-oJ,HtTNmhCJY-oJ,True,0.9999818853382277,0.999981351650542,5.336876857109374e-07,0.5500000000000002,True,correct
DBLP,0.6,48,128,journals/vldb/FernandezFLS00,True,1,uo79zyqUB10J,uo79zyqUB10J,True,0.9999846407666054,3.2802810082754154e-05,0.9999518379565226,0.5500000000000002,True,correct
DBLP,0.6,48,129,journals/vldb/BerchtoldKK97,True,1,VHo2go6vjYsJ,VHo2go6vjYsJ,True,0.9999867440459921,5.3966982663296735e-06,0.9999813473477257,0.5500000000000002,True,correct
DBLP,0.6,48,130,conf/sigmod/HellersteinW02,True,1,url:http://portal.acm.org/ft_gateway.cfm%3Fid%3D564788%26type%3Dpdf%26dl%3DGUIDE%26dl%3DACM%26CFID%3D11111111%26CFTOKEN%3D2222222,url:http://portal.acm.org/ft_gateway.cfm%3Fid%3D564788%26type%3Dpdf%26dl%3DGUIDE%26dl%3DACM%26CFID%3D11111111%26CFTOKEN%3D2222222,True,0.9999730945871887,6.50751823228468e-06,0.9999665870689565,0.5500000000000002,True,correct
DBLP,0.6,48,131,journals/sigmod/Widom95,False,0,,C84rFQN_ug0J,False,0.00017561474612338821,0.00010049498436779056,7.511976175559766e-05,0.5500000000000002,False,unmatched_abstention
DBLP,0.6,48,132,conf/vldb/Draluk01,True,2,FhNjU1YhINUJ,xQzrilMR-QQJ,True,0.9999852050112477,0.9999851646316024,4.037964529413074e-08,0.5500000000000002,True,correct
DBLP,0.6,48,133,conf/sigmod/GotoK03,True,1,url:http://portal.acm.org/ft_gateway.cfm%3Fid%3D872837%26type%3Dpdf%26dl%3Dportal%26dl%3DACM%26CFID%3D11111111%26CFTOKEN%3D2222222,url:http://portal.acm.org/ft_gateway.cfm%3Fid%3D872837%26type%3Dpdf%26dl%3Dportal%26dl%3DACM%26CFID%3D11111111%26CFTOKEN%3D2222222,True,0.99996920464462,5.530628151026444e-06,0.999963674016469,0.5500000000000002,True,correct
DBLP,0.6,48,134,conf/vldb/Garcia-MolinaLY98,True,5,5Rq_5hPceK8J,lWVWAhlsyYYJ,True,0.9999850398059436,0.999981036171327,4.003634616500662e-06,0.5500000000000002,True,correct
DBLP,0.6,48,135,journals/vldb/SakuraiYUK02,True,1,7J-RvgQd8SMJ,7J-RvgQd8SMJ,True,0.9999840741819416,2.2451340081838476e-05,0.9999616228418597,0.5500000000000002,True,correct
DBLP,0.6,48,136,conf/sigmod/DeshpandeRSN98,True,1,BXB96UFPHn8J,BXB96UFPHn8J,True,0.9999785929547564,6.8584300554491245e-06,0.999971734524701,0.5500000000000002,True,correct
DBLP,0.6,48,137,journals/tods/FormicaGM98,True,1,PtcmzsfKYrsJ,PtcmzsfKYrsJ,True,0.9999842967536228,5.803032449469177e-06,0.9999784937211733,0.5500000000000002,True,correct
DBLP,0.6,48,138,journals/vldb/FuCCM00,True,1,7kC8fo78d6sJ,7kC8fo78d6sJ,True,0.9999846991573746,5.908227249354418e-06,0.9999787909301253,0.5500000000000002,True,correct
DBLP,0.6,48,139,journals/tods/SistlaWYS98,True,2,3mLKQfhVh3cJ,4owPoyytTP4J,True,0.9999832007370446,0.9999767953344911,6.405402553477657e-06,0.5500000000000002,True,correct
DBLP,0.6,48,140,conf/vldb/IoannidisLGP96,True,4,jazpbJzP6k8J,U04OC6OSBT0J,True,0.9999830102356041,0.999978913514787,4.096720817137189e-06,0.5500000000000002,True,correct
DBLP,0.6,48,141,journals/tods/JacoxS03,True,1,ujD_9YAZctUJ,ujD_9YAZctUJ,True,0.9999756817000407,7.341181905360992e-06,0.9999683405181353,0.5500000000000002,True,correct
DBLP,0.6,48,142,conf/vldb/AksoyZF01,True,2,A92KQRVdZaoJ,A92KQRVdZaoJ,True,0.9999864917874361,0.999985593293919,8.984935171429953e-07,0.5500000000000002,True,correct
DBLP,0.6,48,143,journals/tods/MelnikG03,True,2,iyliEUBEyhwJ,y2dZ5cRja_IJ,True,0.9999817145155648,0.9999400688818475,4.164563371733543e-05,0.5500000000000002,True,correct
DBLP,0.6,48,144,conf/vldb/BerckenS01,True,3,A46cpXEm-8AJ,fhbW320LsusJ,True,0.999985530327781,0.9999852485450953,2.817826857404171e-07,0.5500000000000002,True,correct
DBLP,0.6,48,145,conf/vldb/Jamil97,True,1,tLpAE7ZSkLsJ,tLpAE7ZSkLsJ,True,0.9999865875352801,5.640489326108634e-06,0.999980947045954,0.5500000000000002,True,correct
DBLP,0.6,48,146,conf/vldb/RossS97,True,4,5Y_l1wlPo04J,-rTWS2erFQcJ,True,0.9999829075433658,0.9999604945479945,2.2412995371312583e-05,0.5500000000000002,True,correct
DBLP,0.6,48,147,journals/sigmod/Cetintemel01,True,1,CAKcsKXFoCoJ,CAKcsKXFoCoJ,True,0.9999867165724412,5.781367971966814e-06,0.9999809352044693,0.5500000000000002,True,correct
DBLP,0.6,48,148,conf/sigmod/DanS95,True,3,nTu7PUukM1wJ,qYsoOX4e1noJ,True,0.9999064346850552,0.9997978636185885,0.00010857106646677828,0.5500000000000002,True,correct
DBLP,0.6,48,149,conf/sigmod/MattosM95,True,1,wF_GdZPkCnQJ,wF_GdZPkCnQJ,True,0.9999726378853095,7.749217351639192e-06,0.9999648886679579,0.5500000000000002,True,correct
DBLP,0.6,48,150,conf/vldb/MoserKK95,True,4,53hNU_r6-jgJ,53hNU_r6-jgJ,True,0.9999863470323042,0.9999800325339204,6.314498383730438e-06,0.5500000000000002,True,correct
DBLP,0.6,48,151,conf/vldb/AmbiteKKMST01,True,2,9bzGIloFctIJ,9bzGIloFctIJ,True,0.9999615419126627,0.04223374765477692,0.9577277942578858,0.5500000000000002,True,correct
DBLP,0.6,48,152,journals/tods/CaldersNW02,True,1,DSl0gT8EgR0J,DSl0gT8EgR0J,True,0.9999838319505581,5.658074257206493e-06,0.9999781738763008,0.5500000000000002,True,correct
DBLP,0.6,48,153,conf/sigmod/BohrerBBCFHKKMNRRSUUW97a,True,2,JntLVX4TPi0J,NiBdZXS0TCMJ,True,0.831135820227262,0.00017046220561042525,0.8309653580216515,0.5500000000000002,True,correct
DBLP,0.6,48,154,conf/vldb/DarEGP98,True,1,D6gxih90YU4J,D6gxih90YU4J,True,0.9999863869332074,0.00010357156111013646,0.9998828153720972,0.5500000000000002,True,correct
DBLP,0.6,48,155,conf/vldb/ChanFFGR02,True,1,ZFI7XBuonJAJ,ZFI7XBuonJAJ,True,0.9999825451638665,5.351622649378023e-06,0.9999771935412172,0.5500000000000002,True,correct
DBLP,0.6,48,156,conf/vldb/AmsalegFG95,True,3,-9bXTTM_M4cJ,-9bXTTM_M4cJ,True,0.9999834849803316,0.9999688363604866,1.4648619845014643e-05,0.5500000000000002,True,correct
DBLP,0.6,48,157,conf/sigmod/AmbiteABKMMMPT98,True,3,iE-UE2bDGZ8J,iE-UE2bDGZ8J,True,0.9999816518580738,0.9999772577023347,4.394155739051442e-06,0.5500000000000002,True,correct
DBLP,0.6,48,158,conf/vldb/AbiteboulBBCCDMMP03,True,1,fANcvlGA8WAJ,fANcvlGA8WAJ,True,0.9999855782142315,1.5625178861380683e-05,0.9999699530353702,0.5500000000000002,True,correct
DBLP,0.6,48,159,journals/vldb/PapazogluK97,True,2,3k9vWWMJiWYJ,kFQl7LX8OQkJ,True,0.9999800803483689,0.9999454017173569,3.4678631012030614e-05,0.5500000000000002,True,correct
DBLP,0.6,48,160,conf/sigmod/JonssonFS98,True,2,5fb1l1MyGisJ,5fb1l1MyGisJ,True,0.9999859149496911,0.9999746379331247,1.127701656644664e-05,0.5500000000000002,True,correct
DBLP,0.6,48,161,conf/vldb/MiningGroup96,True,1,fGw7o-RlqlcJ,fGw7o-RlqlcJ,True,0.9999767603883577,1.2304790841313407e-05,0.9999644555975163,0.5500000000000002,True,correct
DBLP,0.6,48,162,conf/sigmod/PolyzotisG02,True,2,FK5GEhwW7uQJ,obfTDYVJb4gJ,True,0.9999836795309933,0.9999736653729806,1.0014158012716656e-05,0.5500000000000002,True,correct
DBLP,0.6,48,163,conf/sigmod/FaloutsosRM94,True,9,4bG39HmGrAQJ,AHu54TOP-eoJ,True,0.99998651320652,0.9999854039027896,1.1093037304288345e-06,0.5500000000000002,True,correct
DBLP,0.6,48,164,journals/sigmod/Snodgrass98,False,0,,NHxHsUH9L5MJ,False,0.009415684525722976,0.0060831416495761605,0.0033325428761468157,0.5500000000000002,False,unmatched_abstention
DBLP,0.6,48,165,conf/vldb/PereiraFJLS01,True,2,Cd6A4nsDnkQJ,Cd6A4nsDnkQJ,True,0.999984488917481,0.9999815098236964,2.979093784660769e-06,0.5500000000000002,True,correct
DBLP,0.6,48,166,conf/vldb/Kuhn03,False,0,,MyW5sLwDtogJ,False,0.9990175920029324,5.494333385607396e-06,0.9990120976695468,0.5500000000000002,True,false_link
DBLP,0.6,48,167,journals/sigmod/AtzeniM98,True,2,HtxGbMkTXdsJ,HtxGbMkTXdsJ,True,0.9999344589058566,0.9605193249370175,0.03941513396883911,0.5500000000000002,True,correct
DBLP,0.6,48,168,conf/vldb/LubbersGJ03,True,1,T3nGiiT3tbsJ,T3nGiiT3tbsJ,True,0.9999849868963929,5.501453610826179e-06,0.9999794854427821,0.5500000000000002,True,correct
DBLP,0.6,48,169,journals/vldb/RamanRH00,True,1,CgiCp6N9XZQJ,CgiCp6N9XZQJ,True,0.9999828799245698,0.9998535978925759,0.00012928203199391586,0.5500000000000002,True,correct
DBLP,0.6,48,170,conf/sigmod/BohrerBBCFHKKMNRRSUUW97,True,4,oulaZpEWkMQJ,oulaZpEWkMQJ,True,0.9999814694170326,0.9999602179245138,2.1251492518747916e-05,0.5500000000000002,True,correct
DBLP,0.6,48,171,conf/sigmod/QunLO03,True,2,BnNNuVfklfcJ,BnNNuVfklfcJ,True,0.9999827840479704,0.2624677828736629,0.7375150011743075,0.5500000000000002,True,correct
DBLP,0.6,48,172,journals/vldb/IvesHW02,True,1,Bbm74R5b5yoJ,Bbm74R5b5yoJ,True,0.9999834217980227,7.230215417312036e-06,0.9999761915826054,0.5500000000000002,True,correct
DBLP,0.6,48,173,conf/vldb/Fox02,True,1,eybUiurX77sJ,eybUiurX77sJ,True,0.9999831258498186,0.6858415487644403,0.3141415770853784,0.5500000000000002,True,correct
DBLP,0.6,48,174,journals/sigmod/CeriFP99,True,2,mr8XDkQ7adAJ,zCbDZVfxWhAJ,True,0.9999834168962155,0.9999042827135747,7.913418264082761e-05,0.5500000000000002,True,correct
DBLP,0.6,48,175,conf/vldb/WildfogelY97,True,1,uqYakLN84x0J,uqYakLN84x0J,True,0.9999863431126291,5.479049298318501e-06,0.9999808640633308,0.5500000000000002,True,correct
DBLP,0.6,48,176,conf/vldb/Graefe99,True,1,3m-KKBVF8KkJ,3m-KKBVF8KkJ,True,0.9999848039309122,0.0003790371618886076,0.9996057667690236,0.5500000000000002,True,correct
DBLP,0.6,48,177,journals/tods/LitwinN96,True,4,d7by8a0ArhIJ,eKvrxzDXW0AJ,True,0.9999833566599036,0.9999654252459508,1.7931413952787523e-05,0.5500000000000002,True,correct
DBLP,0.6,48,178,journals/sigmod/ConradEHRSSSV97,True,2,SBnqbyQF3SoJ,SBnqbyQF3SoJ,True,0.9999787040898711,0.9969963082083805,0.0029823958814906293,0.5500000000000002,True,correct
DBLP,0.6,48,179,conf/vldb/EsterKSWX98,True,2,ebJMvVO8zp0J,MC7KlhmEQt8J,True,0.9999862643513975,0.9999837470018464,2.5173495510344424e-06,0.5500000000000002,True,correct
DBLP,0.6,48,180,conf/sigmod/PapakonstantinouPV02,True,1,5XmfwqNDii8J,5XmfwqNDii8J,True,0.9999856217195313,0.9927824156557963,0.007203206063735035,0.5500000000000002,True,correct
DBLP,0.6,48,181,conf/sigmod/WangPFY03,True,4,5JXKbI5l1FYJ,jpNXw9L7pxgJ,True,0.9999850963812489,0.9999815271667056,3.5692145432530964e-06,0.5500000000000002,True,correct
DBLP,0.6,48,182,conf/sigmod/BumbulisB02,True,1,Ev27auQiecUJ,Ev27auQiecUJ,True,0.9999736327799756,5.431318645580068e-05,0.9999193195935199,0.5500000000000002,True,correct
DBLP,0.6,48,183,conf/vldb/ViglasNB03,True,1,GGX9LS25OhwJ,GGX9LS25OhwJ,True,0.9999855598416318,5.612977688517502e-06,0.9999799468639433,0.5500000000000002,True,correct
DBLP,0.6,48,184,conf/vldb/KoudasMJ99,True,2,dRemTC899xcJ,dRemTC899xcJ,True,0.9999863381625954,0.9999733073469681,1.3030815627312897e-05,0.5500000000000002,True,correct
DBLP,0.6,48,185,conf/sigmod/DattaDRTV01,True,2,1ivmtE5W6FsJ,qK-N8yVLSWUJ,True,0.9999856565332202,0.999984388330592,1.2682026282462289e-06,0.5500000000000002,True,correct
DBLP,0.6,48,186,conf/sigmod/HeC03,True,1,MNmlxFx4l-8J,MNmlxFx4l-8J,True,0.999983376583279,0.08660083166686838,0.9133825449164106,0.5500000000000002,True,correct
DBLP,0.6,48,187,conf/vldb/CormodeDIM02,True,2,HjwbHpPjvasJ,LU7BfMnARgYJ,True,0.9999768629510778,0.907310035862565,0.09266682708851282,0.5500000000000002,True,correct
DBLP,0.6,48,188,conf/vldb/ZemankovaI94,True,1,Y1ZxtWV-qeUJ,Y1ZxtWV-qeUJ,True,0.9999858748777927,5.852434793268714e-06,0.9999800224429994,0.5500000000000002,True,correct
DBLP,0.6,48,189,journals/vldb/Baumann94,True,1,2Yii02idzcUJ,2Yii02idzcUJ,True,0.9999833671480304,7.994615501353872e-05,0.9999034209930169,0.5500000000000002,True,correct
DBLP,0.6,48,190,conf/vldb/JoshiBLL98,True,1,RufEbUPZNbYJ,RufEbUPZNbYJ,True,0.9999858709034138,3.316257403756687e-05,0.9999527083293763,0.5500000000000002,True,correct
DBLP,0.6,48,191,conf/vldb/FlorescuLSY99,True,1,aUElZKC-txIJ,aUElZKC-txIJ,True,0.9999854330632749,0.9998934228585933,9.201020468163623e-05,0.5500000000000002,True,correct
DBLP,0.6,48,192,journals/sigmod/LightstoneLZ02,True,2,7TYVQTwq9FIJ,7TYVQTwq9FIJ,True,0.9999856326164398,0.9999790779069722,6.554709467643249e-06,0.5500000000000002,True,correct
DBLP,0.6,48,193,conf/vldb/YuSLJ02,True,3,6EJ6A2y_U1IJ,qYGzjvmVjS8J,True,0.9999833589135837,0.999982528676606,8.302369777224428e-07,0.5500000000000002,True,correct
DBLP,0.6,48,194,conf/vldb/YanL95,True,6,9B2oMksKaMMJ,VwsS71_KQX8J,True,0.9999812818598761,0.9999751176496001,6.164210275994009e-06,0.5500000000000002,True,correct
DBLP,0.6,48,195,conf/vldb/KemperKW99,False,0,,v-kvo2hnsgkJ,False,6.645036549876351e-06,5.47393099448481e-06,1.1711055553915406e-06,0.5500000000000002,False,unmatched_abstention
DBLP,0.6,48,196,journals/sigmod/ChrysanthisSZ03,False,0,,url:http://portal.acm.org/ft_gateway.cfm%3Fid%3D1058166%26type%3Dpdf,False,0.00035133039699759264,3.2884620960553084e-05,0.0003184457760370395,0.5500000000000002,False,unmatched_abstention
DBLP,0.6,48,197,conf/vldb/NgC97,True,2,eTDBrdfpGNEJ,J7mY8RlpTKMJ,True,0.9999834483058927,0.999983288971137,1.593347557227176e-07,0.5500000000000002,True,correct
DBLP,0.6,48,198,conf/sigmod/DohertyHR96,True,1,v3IA8Go4UjIJ,v3IA8Go4UjIJ,True,0.999985276527663,5.545331559723183e-06,0.9999797311961033,0.5500000000000002,True,correct
DBLP,0.6,48,199,journals/tods/WolfsonJH97,True,3,FlC-FF1hbbUJ,FlC-FF1hbbUJ,True,0.9999777313601179,0.9998652662279622,0.00011246513215568132,0.5500000000000002,True,correct
DBLP,0.6,48,200,conf/vldb/LakshmananJN00,True,1,1n7AY641YyAJ,1n7AY641YyAJ,True,0.9999871059026557,5.418336937139974e-06,0.9999816875657186,0.5500000000000002,True,correct
DBLP,0.6,48,201,journals/vldb/ChanGR03,True,2,7rn7AHVs1YUJ,7rn7AHVs1YUJ,True,0.9999826843651449,0.9999521854384852,3.0498926659738856e-05,0.5500000000000002,True,correct
DBLP,0.6,48,202,conf/vldb/ParkMC02,True,1,WFmae47kgN4J,WFmae47kgN4J,True,0.9999824731886564,5.37668919218334e-06,0.9999770964994642,0.5500000000000002,True,correct
DBLP,0.6,48,203,conf/vldb/TsatalosSI94,True,2,--1aoAaGkgQJ,zt5Ck1PrGf0J,True,0.9999837091227268,0.9999703930869699,1.3316035756938405e-05,0.5500000000000002,True,correct
DBLP,0.6,48,204,conf/vldb/FlorescuLS98,False,0,,4BpkEHas0LcJ,False,3.375511782887922e-05,1.51354259582344e-05,1.861969187064482e-05,0.5500000000000002,False,unmatched_abstention
DBLP,0.6,48,205,conf/sigmod/Sarawagi00,True,2,H_bdYlpD79oJ,-cYYeoF2GwMJ,True,0.9999584500422269,0.9991647052191666,0.0007937448230603827,0.5500000000000002,True,correct
DBLP,0.6,48,206,conf/sigmod/AdaliSS99,True,4,7OvO0Y3IU8gJ,c2dH5RxNj6kJ,True,0.9999812187587223,0.9999768345142851,4.384244437161122e-06,0.5500000000000002,True,correct
DBLP,0.6,48,207,conf/sigmod/Sahuguet01,True,2,1psqlswyLR0J,xb63RaGQYmYJ,True,0.9999784801520191,0.9999715427506669,6.937401352158368e-06,0.5500000000000002,True,correct
DBLP,0.6,48,208,journals/sigmod/Kumar03,True,1,VuNnpxJwvQkJ,VuNnpxJwvQkJ,True,0.9999816616542428,7.984922764290409e-06,0.9999736767314785,0.5500000000000002,True,correct
DBLP,0.6,48,209,conf/vldb/RamamrithamABEGP00,True,1,jYGXFESkS-YJ,jYGXFESkS-YJ,True,0.999986053476984,5.576275453442312e-06,0.9999804772015306,0.5500000000000002,True,correct
DBLP,0.6,48,210,conf/sigmod/Raghavan03,False,0,,W3NucQtmzesJ,False,7.638949884219282e-06,7.209298051987911e-06,4.2965183223137135e-07,0.5500000000000002,False,unmatched_abstention
DBLP,0.6,48,211,conf/sigmod/Amer-YahiaCLS01,True,4,DFubU20j1OIJ,DFubU20j1OIJ,True,0.9999799655078117,0.999910905906334,6.905960147762791e-05,0.5500000000000002,True,correct
DBLP,0.6,48,212,journals/sigmod/GroskyFS94,True,2,sWM6PKw-JaQJ,zMK02pxd4OEJ,True,0.9999850282167021,0.9998465803013925,0.00013844791530959188,0.5500000000000002,True,correct
DBLP,0.6,48,213,conf/sigmod/ZhaoDN97,True,3,b-Va1c3t13gJ,YwLoGdTgG-sJ,True,0.9999852795883245,0.9999828139030483,2.4656852761761883e-06,0.5500000000000002,True,correct
DBLP,0.6,48,214,conf/vldb/RamsakMFZEB00,True,1,4fN0QEu0KeAJ,4fN0QEu0KeAJ,True,0.9999857407107979,5.567369736880357e-06,0.999980173341061,0.5500000000000002,True,correct
DBLP,0.6,48,215,journals/sigmod/Alonso94a,False,0,,uzEcNW5U3V4J,False,0.0007380465342513245,6.709256489606158e-05,0.0006709539693552629,0.5500000000000002,False,unmatched_abstention
DBLP,0.6,48,216,conf/sigmod/2000,False,0,,rdq68lTjhsYJ,False,1.0806547433601284e-05,9.778454560425532e-06,1.0280928731757528e-06,0.5500000000000002,False,unmatched_abstention
DBLP,0.6,48,217,conf/vldb/Sullivan96,True,1,zGRQ_2im_9MJ,zGRQ_2im_9MJ,True,0.9999857213333455,1.1854981436018616e-05,0.9999738663519095,0.5500000000000002,True,correct
DBLP,0.6,48,218,conf/sigmod/Keim96,True,2,AF9vuEJOr6cJ,AF9vuEJOr6cJ,True,0.99998352110206,0.999968089631079,1.543147098104214e-05,0.5500000000000002,True,correct
DBLP,0.6,48,219,journals/tods/PolyzoisG94,True,2,LoL0Yu6h4VAJ,LoL0Yu6h4VAJ,True,0.9999834988185086,0.9999811638535097,2.334964998906841e-06,0.5500000000000002,True,correct
DBLP,0.6,48,220,journals/sigmod/Lee95,True,2,ozmSjoqqFtwJ,ozmSjoqqFtwJ,True,0.9999853848760621,0.9999429742563503,4.2410619711885644e-05,0.5500000000000002,True,correct
DBLP,0.6,48,221,conf/vldb/LinLYZ03,True,1,9rbctPoEdNUJ,9rbctPoEdNUJ,True,0.9999838332611034,6.0215506850006215e-06,0.9999778117104184,0.5500000000000002,True,correct
DBLP,0.6,48,222,conf/vldb/Jermaine03,True,1,393ZqH9szo0J,393ZqH9szo0J,True,0.9999842238185859,1.1053070389792872e-05,0.999973170748196,0.5500000000000002,True,correct
DBLP,0.6,48,223,journals/sigmod/BurtonM98,True,2,gCsPS_1fwmYJ,LOXd8JPfhpwJ,True,0.9999872165862316,0.9999800964698549,7.12011637671317e-06,0.5500000000000002,True,correct
DBLP,0.6,48,224,conf/sigmod/HwangLYMMGCSS94,True,1,AWah9GLEFTAJ,AWah9GLEFTAJ,True,0.9999808792169587,0.0001278969158716255,0.999852982301087,0.5500000000000002,True,correct
DBLP,0.6,48,225,conf/sigmod/ZhangMCMR02,True,1,rvZQMrCOQ1MJ,rvZQMrCOQ1MJ,True,0.9999857764843614,6.884117441623058e-06,0.9999788923669197,0.5500000000000002,True,correct
DBLP,0.6,48,226,conf/vldb/ShahabiFKF00,True,1,ln1yHhG7gdgJ,ln1yHhG7gdgJ,True,0.9999863009801077,0.0013760698515682295,0.9986102311285394,0.5500000000000002,True,correct
DBLP,0.6,48,227,journals/sigmod/GunopulosK01,False,0,,v9JW-UJCD-YJ,False,5.448712480568673e-06,5.448660518128077e-06,5.196244059628473e-11,0.5500000000000002,False,unmatched_abstention
DBLP,0.6,48,228,journals/vldb/MirbelPSTV00,True,1,tUEcojf_6BUJ,tUEcojf_6BUJ,True,0.9999851458454548,0.0007636349861940511,0.9992215108592608,0.5500000000000002,True,correct
DBLP,0.6,48,229,conf/sigmod/DeutschFS99,True,12,2lypQEgzfb8J,QxtGOVsCF78J,True,0.9999858708225675,0.9999837323634331,2.1384591344375536e-06,0.5500000000000002,True,correct
DBLP,0.6,48,230,conf/sigmod/BonnetBCCCHKMMOSS99,False,0,,XZ4IZXBii0kJ,False,5.333855682779686e-06,5.326708527428238e-06,7.147155351447904e-09,0.5500000000000002,False,unmatched_abstention
DBLP,0.6,48,231,conf/sigmod/BabcockCD03,True,1,mbhZ3gSR3NMJ,mbhZ3gSR3NMJ,True,0.9999845163329256,5.943264576085462e-06,0.9999785730683496,0.5500000000000002,True,correct
DBLP,0.6,48,232,journals/vldb/GutingS95,True,8,A4lUwOD7AeYJ,CBHicx5w3ocJ,True,0.9999782424710931,0.9999700034216171,8.239049475999849e-06,0.5500000000000002,True,correct
DBLP,0.6,48,233,conf/vldb/AshwinGG02,True,2,mObyCD3Jw0EJ,YiJojduGXXkJ,True,0.9999854728369865,0.9999280065329245,5.7466304062003815e-05,0.5500000000000002,True,correct
DBLP,0.6,48,234,journals/sigmod/LeeC00,True,4,3kSb_ooS1cgJ,Knzz_bkGA00J,True,0.9999858274627865,0.9999839259928219,1.9014699645936162e-06,0.5500000000000002,True,correct
DBLP,0.6,48,235,journals/tods/HsuSY01,True,2,dkdzE1VG71sJ,dkdzE1VG71sJ,True,0.9999521452503508,0.8697936736593179,0.1301584715910329,0.5500000000000002,True,correct
DBLP,0.6,48,236,conf/sigmod/HaasH99,True,3,bsfsN1NtuOMJ,bsfsN1NtuOMJ,True,0.9999824130972639,0.999980752230435,1.6608668288453643e-06,0.5500000000000002,True,correct
DBLP,0.6,48,237,journals/tods/LakshmananSS01,True,1,FqrVkPwzd3kJ,FqrVkPwzd3kJ,True,0.9999853886109326,0.00019654400530689253,0.9997888446056257,0.5500000000000002,True,correct
DBLP,0.6,48,238,conf/sigmod/LeflerSW96,True,1,4b12cZc8QK4J,4b12cZc8QK4J,True,0.9999870612626437,6.3183093564225125e-06,0.9999807429532873,0.5500000000000002,True,correct
DBLP,0.6,48,239,conf/sigmod/OoiTZGLLLNSWZ03,True,1,l78OeieL4ZsJ,l78OeieL4ZsJ,True,0.9999736564057576,6.003666240561351e-06,0.999967652739517,0.5500000000000002,True,correct
DBLP,0.6,48,240,conf/vldb/Sarawagi02,True,1,BJ0pr7FqzzoJ,BJ0pr7FqzzoJ,True,0.9997252531494206,0.00046202803348773414,0.9992632251159329,0.5500000000000002,True,correct
DBLP,0.6,48,241,journals/sigmod/ButtlerCCFHLPRX02,True,1,JScvAMYcsmoJ,JScvAMYcsmoJ,True,0.9999818733625747,6.77352581792846e-06,0.9999750998367568,0.5500000000000002,True,correct
DBLP,0.6,48,242,journals/vldb/NguSHL01,True,1,djYvVVRYNTwJ,djYvVVRYNTwJ,True,0.999984238525836,6.747832789993806e-06,0.999977490693046,0.5500000000000002,True,correct
DBLP,0.6,48,243,conf/sigmod/ShenNSHS03,True,1,LjrsWIr3rhAJ,LjrsWIr3rhAJ,True,0.9999844770347216,5.568814088609542e-06,0.999978908220633,0.5500000000000002,True,correct
DBLP,0.6,48,244,conf/sigmod/DavisonG95,True,2,96SrVGnDmMoJ,96SrVGnDmMoJ,True,0.9999876376103419,0.02104882476887006,0.9789388128414719,0.5500000000000002,True,correct
DBLP,0.6,48,245,conf/vldb/AltinelF00,True,4,JhWxdEDCPdUJ,SXHPvzZDrFMJ,True,0.9999840456945535,0.9999810746712723,2.9710232811730464e-06,0.5500000000000002,True,correct
DBLP,0.6,48,246,conf/sigmod/RaoR98,True,3,iqZZMPppeKAJ,WlSXiMaxGlQJ,True,0.9999848203413458,0.9999844207680455,3.995733003359092e-07,0.5500000000000002,True,correct
DBLP,0.6,48,247,conf/vldb/GallersdorferN95,True,1,U8jfPCxfXicJ,U8jfPCxfXicJ,True,0.999973078931066,5.834651987248836e-06,0.9999672442790788,0.5500000000000002,True,correct
DBLP,0.6,48,248,journals/sigmod/Grefen02,False,0,,url:http://portal.acm.org/ft_gateway.cfm%3Fid%3D604274%26type%3Dpdf%26dl%3DGUIDE%26dl%3DACM%26CFID%3D11111111%26CFTOKEN%3D2222222,False,0.00023662036892109663,0.00019875892748716606,3.786144143393057e-05,0.5500000000000002,False,unmatched_abstention
DBLP,0.6,48,249,conf/vldb/AmmannJR95,True,1,x-H7BqZ0Hw8J,x-H7BqZ0Hw8J,True,0.9999850309292747,0.999882943219636,0.00010208770963870961,0.5500000000000002,True,correct
DBLP,0.6,48,250,conf/sigmod/BrodskySCE99,True,3,_cUSf4sG_28J,jnBo-gBTmAcJ,True,0.9999784812807261,0.9999691308136262,9.350467099933368e-06,0.5500000000000002,True,correct
DBLP,0.6,48,251,journals/sigmod/KempsterST99,True,1,JfmkT9KvKWoJ,JfmkT9KvKWoJ,True,0.9999693127336969,0.001814023358732426,0.9981552893749646,0.5500000000000002,True,correct
DBLP,0.6,48,252,journals/tods/ShashaLSV95,True,1,0aVKzjogLlAJ,0aVKzjogLlAJ,True,0.9999852579113262,6.8419086481117504e-06,0.9999784160026781,0.5500000000000002,True,correct
DBLP,0.6,48,253,conf/sigmod/KeoghCMP01,True,5,_nOW6fmEcTEJ,QTzuiNlMnR4J,True,0.9999844925707466,0.9999844347870085,5.7783738127703543e-08,0.5500000000000002,True,correct
DBLP,0.6,48,254,journals/sigmod/BargaL02,True,2,fY3kkkzBLw8J,QTzV3iNq2O8J,True,0.9999840463335692,0.9999795463344937,4.4999990754801544e-06,0.5500000000000002,True,correct
DBLP,0.6,48,255,conf/sigmod/YangWYH02,True,1,xsaovu54vl4J,xsaovu54vl4J,True,0.9999843718257307,0.0014098810961309012,0.9985744907295998,0.5500000000000002,True,correct
DBLP,0.6,48,256,conf/sigmod/BaumannDFRW98,True,1,k3WA-AE7Sh4J,k3WA-AE7Sh4J,True,0.9999742863863711,0.0007282783557245633,0.9992460080306466,0.5500000000000002,True,correct
DBLP,0.6,48,257,conf/vldb/KumarKA97,True,3,8bLd-1l1at4J,EhTWppk6No8J,True,0.9999862561226643,0.9999820304012809,4.225721383477321e-06,0.5500000000000002,True,correct
DBLP,0.6,48,258,conf/vldb/RezendeS98,True,1,niRuvMkp4r4J,niRuvMkp4r4J,True,0.9999859938178034,1.825640343216087e-05,0.9999677374143713,0.5500000000000002,True,correct
DBLP,0.6,48,259,journals/sigmod/GruenwaldBDGSSV99,True,3,_q3scPb8vbgJ,url:http://portal.acm.org/citation.cfm%3Fid%3D333607.333616%26dl%3DGUIDE%26dl%3DACM%26idx%3DJ689%26part%3Dperiodical%26WantType%3Dperiodical%26title%3DACM%2520SIGMOD%2520Record%26CFID%3D11111111%26CFTOKEN%3D2222222,True,0.9999855826421747,0.999984412564667,1.1700775077727599e-06,0.5500000000000002,True,correct
DBLP,0.6,48,260,conf/vldb/TreschPL95,True,1,1rPUqMFsS3AJ,1rPUqMFsS3AJ,True,0.9999856312188078,0.9400363825182981,0.05994924870050966,0.5500000000000002,True,correct
DBLP,0.6,48,261,conf/sigmod/Wu99,True,2,oIDF-Jhm9CYJ,xl1Jscb79KEJ,True,0.9999849110091702,0.9999560682898175,2.8842719352661916e-05,0.5500000000000002,True,correct
DBLP,0.6,48,262,conf/sigmod/Brown99,True,1,itP4yy9sLUUJ,itP4yy9sLUUJ,True,0.9999737891193586,7.2640741365481995e-06,0.9999665250452221,0.5500000000000002,True,correct
DBLP,0.6,48,263,conf/sigmod/BunemanM95,True,1,V9DIFmU3vi8J,V9DIFmU3vi8J,True,0.9999846205544412,5.5124351261824285e-06,0.999979108119315,0.5500000000000002,True,correct
DBLP,0.6,48,264,conf/sigmod/Hellerstein00,True,1,rbluxTXqUQwJ,rbluxTXqUQwJ,True,0.9993736276362667,0.029082677319238495,0.9702909503170282,0.5500000000000002,True,correct
DBLP,0.6,48,265,conf/vldb/MillinerBP95,True,1,kYl-9cV8gloJ,kYl-9cV8gloJ,True,0.9999829360126569,5.650670494136241e-06,0.9999772853421627,0.5500000000000002,True,correct
DBLP,0.6,48,266,journals/sigmod/Qian96a,True,1,url:http://portal.acm.org/ft_gateway.cfm%3Fid%3D234903%26type%3Dpdf%26dl%3DGUIDE%26dl%3DACM%26CFID%3D11111111%26CFTOKEN%3D2222222,url:http://portal.acm.org/ft_gateway.cfm%3Fid%3D234903%26type%3Dpdf%26dl%3DGUIDE%26dl%3DACM%26CFID%3D11111111%26CFTOKEN%3D2222222,True,0.9999858104091195,5.534252843426435e-06,0.999980276156276,0.5500000000000002,True,correct
DBLP,0.6,48,267,conf/vldb/PapadiasTS03,True,1,TmcyYF1CNsYJ,TmcyYF1CNsYJ,True,0.999985377319787,4.5536443599831746e-05,0.9999398408761871,0.5500000000000002,True,correct
DBLP,0.6,48,268,conf/vldb/FaloutsosG96,True,3,1T0QEMsUItoJ,vwcVawlOJn0J,True,0.9999868968686315,0.9999867937985971,1.0307003439624651e-07,0.5500000000000002,True,correct
DBLP,0.6,48,269,journals/sigmod/Libkin99,True,2,V_FnUWKirh8J,zSO1Y5W7WkwJ,True,0.9999858850444171,0.9999826511087113,3.2339357057820095e-06,0.5500000000000002,True,correct
DBLP,0.6,48,270,conf/sigmod/MaheshwariL97,True,3,1hXAkApUm3kJ,VcVAYDLTty8J,True,0.9999553172218768,0.9999285062350525,2.6810986824332694e-05,0.5500000000000002,True,correct
DBLP,0.6,48,271,conf/vldb/GotoK02,True,1,2Pc6rKYB8ykJ,2Pc6rKYB8ykJ,True,0.9999848311512394,4.8703109707631466e-05,0.9999361280415318,0.5500000000000002,True,correct
DBLP,0.6,48,272,conf/vldb/Koch03,True,1,rhxIrsQkm5AJ,rhxIrsQkm5AJ,True,0.9998292830702289,5.4970377752918515e-06,0.9998237860324536,0.5500000000000002,True,correct
DBLP,0.6,48,273,journals/sigmod/DarwenD95,True,5,5Sg1yO3UqawJ,Xa_whOlvG7gJ,True,0.9999862456855291,0.999985705051751,5.406337780788917e-07,0.5500000000000002,True,correct
DBLP,0.6,48,274,journals/tods/TendickM94,True,1,FxCxfE4m1rUJ,FxCxfE4m1rUJ,True,0.9999798563647305,6.38845999222242e-06,0.9999734679047383,0.5500000000000002,True,correct
DBLP,0.6,48,275,journals/sigmod/KiyokiKH94,True,1,xT3mwY4t5kEJ,xT3mwY4t5kEJ,True,0.9999839564841466,5.821584912587914e-06,0.999978134899234,0.5500000000000002,True,correct
DBLP,0.6,48,276,conf/vldb/ShengBDM02,True,3,6GxdJ4jZUokJ,6GxdJ4jZUokJ,True,0.9999859469762724,0.9999841046195489,1.8423567235137384e-06,0.5500000000000002,True,correct
DBLP,0.6,48,277,conf/vldb/GeorgeH98,True,2,2L-UFpDof3UJ,2L-UFpDof3UJ,True,0.9999836327716634,0.9997689958248195,0.00021463694684387136,0.5500000000000002,True,correct
DBLP,0.6,48,278,conf/sigmod/YangM97,True,5,57m7NniyTrkJ,WcA1L5srKj4J,True,0.9999858958628174,0.9999853795508279,5.163119894957546e-07,0.5500000000000002,True,correct
DBLP,0.6,48,279,journals/sigmod/Darwen96,True,1,url:http://portal.acm.org/citation.cfm%3Fid%3D245882.245886%26dl%3DGUIDE%26dl%3DACM%26idx%3DJ689%26part%3Dperiodical%26WantType%3Dperiodical%26title%3DACM%2520SIGMOD%2520Record%26CFID%3D11111111%26CFTOKEN%3D2222222,url:http://portal.acm.org/citation.cfm%3Fid%3D245882.245886%26dl%3DGUIDE%26dl%3DACM%26idx%3DJ689%26part%3Dperiodical%26WantType%3Dperiodical%26title%3DACM%2520SIGMOD%2520Record%26CFID%3D11111111%26CFTOKEN%3D2222222,True,0.9999869712078299,0.9999618968200873,2.507438774257409e-05,0.5500000000000002,True,correct
DBLP,0.6,48,280,journals/sigmod/Konig-RiesMMPPRSVW02,True,2,FIxl60DSBqgJ,s6EfjBMbUb4J,True,0.9999868819399623,0.9617865242383574,0.0382003577016049,0.5500000000000002,True,correct
DBLP,0.6,48,281,journals/tods/GraefeC95,True,1,Bn8s7u5T9SAJ,Bn8s7u5T9SAJ,True,0.9999824524670563,6.241859215963908e-06,0.9999762106078404,0.5500000000000002,True,correct
DBLP,0.6,48,282,journals/sigmod/Winslett03,False,0,,8lafnpE84ocJ,False,0.04206044742966761,0.017259099120394864,0.024801348309272744,0.5500000000000002,False,unmatched_abstention
DBLP,0.6,48,283,journals/sigmod/OoiST03,True,1,gpjVvUtM6H8J,gpjVvUtM6H8J,True,0.9999852813149306,6.9307957109546e-06,0.9999783505192197,0.5500000000000002,True,correct
DBLP,0.6,48,284,conf/vldb/CasatiDGS01,True,2,bFnDGrZ_4voJ,XQw3ADYCXdcJ,True,0.9999832746220285,0.9999809424047963,2.332217232225986e-06,0.5500000000000002,True,correct
DBLP,0.6,48,285,journals/sigmod/Aberer03d,True,1,url:http://portal.acm.org/ft_gateway.cfm%3Fid%3D959078%26type%3Dpdf%26dl%3DGUIDE%26dl%3DACM%26CFID%3D11111111%26CFTOKEN%3D2222222,url:http://portal.acm.org/ft_gateway.cfm%3Fid%3D604274%26type%3Dpdf%26dl%3DGUIDE%26dl%3DACM%26CFID%3D11111111%26CFTOKEN%3D2222222,False,0.9971782554431219,0.608688645661759,0.38848960978136293,0.5500000000000002,True,false_link
DBLP,0.6,48,286,journals/tods/StolboushkinT98,True,1,ZnWLup8HMkUJ,ZnWLup8HMkUJ,True,0.9999854464905609,4.307139103656756e-05,0.9999423750995243,0.5500000000000002,True,correct
DBLP,0.6,48,287,journals/tods/AmmannJR97,True,1,2e-NAgqt-joJ,2e-NAgqt-joJ,True,0.9999844080598892,0.9999457054045076,3.870265538163942e-05,0.5500000000000002,True,correct
DBLP,0.6,48,288,journals/sigmod/Eisenberg96,True,4,ODNMCIJO6xMJ,tFbkjO2wcFMJ,True,0.9999861848724485,0.9999835736327882,2.6112396602773202e-06,0.5500000000000002,True,correct
DBLP,0.6,48,289,conf/vldb/ZouS98,True,3,_OimKPnidhsJ,fPzfCbyzqsoJ,True,0.9999855427692672,0.9999848722077278,6.705615394064779e-07,0.5500000000000002,True,correct
DBLP,0.6,48,290,conf/vldb/BrownCC94,True,3,E-1nAx7gc-8J,oayI0FKl-nQJ,True,0.9999837985034614,0.9999779047154331,5.893788028288327e-06,0.5500000000000002,True,correct
DBLP,0.6,48,291,conf/sigmod/FegarasM95,True,4,LSWVPfB8TC4J,LSWVPfB8TC4J,True,0.9999852425931834,0.9999547467582061,3.0495834977384284e-05,0.5500000000000002,True,correct
DBLP,0.6,48,292,conf/vldb/GarciaLL98,True,2,5MO7a6e0-GQJ,5MO7a6e0-GQJ,True,0.9999856256132119,0.9999804053010557,5.220312156217766e-06,0.5500000000000002,True,correct
DBLP,0.6,48,293,journals/vldb/AtzeniM00,True,1,url:http://www.springerlink.com/index/0YKCKU5LKG6G102T.pdf,wt2W1fPudfIJ,False,0.00010132009386314854,7.394701226594153e-05,2.7373081597207002e-05,0.5500000000000002,False,missing_match
DBLP,0.6,48,294,journals/sigmod/ShethMKA01,True,1,url:http://portal.acm.org/ft_gateway.cfm%3Fid%3D604286%26type%3Dpdf%26dl%3DGUIDE%26dl%3DACM%26CFID%3D11111111%26CFTOKEN%3D2222222,url:http://portal.acm.org/ft_gateway.cfm%3Fid%3D604286%26type%3Dpdf%26dl%3DGUIDE%26dl%3DACM%26CFID%3D11111111%26CFTOKEN%3D2222222,True,0.9999863475921659,5.497441451442293e-06,0.9999808501507145,0.5500000000000002,True,correct
DBLP,0.6,48,295,conf/vldb/Mattos96,True,1,EpBlTCJ0_dUJ,EpBlTCJ0_dUJ,True,0.9999857544658657,1.0254463320874e-05,0.9999755000025448,0.5500000000000002,True,correct
DBLP,0.6,48,296,journals/sigmod/Kim94,True,1,930Uth7EArkJ,930Uth7EArkJ,True,0.9994492101731187,9.253707800149708e-06,0.9994399564653186,0.5500000000000002,True,correct
DBLP,0.6,48,297,journals/vldb/BonczK99,True,1,ATjnxh8X_f0J,ATjnxh8X_f0J,True,0.999986144062169,5.453323520991516e-06,0.999980690738648,0.5500000000000002,True,correct
DBLP,0.6,48,298,conf/vldb/ShashaB02,True,4,3HUnvGuXtZEJ,DEl2TsijDYEJ,True,0.9999768090947597,0.9999627705006404,1.4038594119303305e-05,0.5500000000000002,True,correct
DBLP,0.6,48,299,journals/sigmod/PitouraAPSV03,True,3,hn2MANNgz9sJ,jKxELUmoSkEJ,True,0.9999844311498248,0.9999823153147136,2.115835111227149e-06,0.5500000000000002,True,correct
DBLP,0.6,48,300,conf/sigmod/LometT99,True,1,JvZ9JWtn72QJ,JvZ9JWtn72QJ,True,0.9999840778721499,5.450016900159777e-06,0.9999786278552498,0.5500000000000002,True,correct
DBLP,0.6,48,301,conf/sigmod/ShenoyHSBBS00,True,3,SipDBj3SOb4J,SipDBj3SOb4J,True,0.9999794953024486,0.9999777352885345,1.7600139140538928e-06,0.5500000000000002,True,correct
DBLP,0.6,48,302,journals/sigmod/CareyS99,True,1,url:http://portal.acm.org/ft_gateway.cfm%3Fid%3D310071%26type%3Dpdf%26dl%3DGUIDE%26dl%3DACM%26CFID%3D11111111%26CFTOKEN%3D2222222,url:http://portal.acm.org/ft_gateway.cfm%3Fid%3D310071%26type%3Dpdf%26dl%3DGUIDE%26dl%3DACM%26CFID%3D11111111%26CFTOKEN%3D2222222,True,0.9999849801943559,2.9000547518810346e-05,0.999955979646837,0.5500000000000002,True,correct
DBLP,0.6,48,303,conf/sigmod/GangulyGR03,True,1,Di-EjDZ_abYJ,Di-EjDZ_abYJ,True,0.9999856380001627,0.0006586450162392797,0.9993269929839235,0.5500000000000002,True,correct
DBLP,0.6,48,304,conf/sigmod/ChanI99,True,2,kNT7yt823K8J,uLiEqn5nA_IJ,True,0.9999841775322666,0.9999770455841158,7.1319481508291815e-06,0.5500000000000002,True,correct
DBLP,0.6,48,305,conf/vldb/LiCHH97,True,2,DmGBKpaiyGEJ,DmGBKpaiyGEJ,True,0.9999813760521608,0.9999700540688369,1.1321983323875351e-05,0.5500000000000002,True,correct
DBLP,0.6,48,306,journals/sigmod/RiekertMW97,True,1,M-3MGd3wPcsJ,M-3MGd3wPcsJ,True,0.9999847719572176,0.9100149905654648,0.08996978139175282,0.5500000000000002,True,correct
DBLP,0.6,48,307,journals/sigmod/MotroA03,True,1,url:http://portal.acm.org/ft_gateway.cfm%3Fid%3D959085%26type%3Dpdf%26dl%3DGUIDE%26dl%3DACM%26CFID%3D11111111%26CFTOKEN%3D2222222,url:http://portal.acm.org/ft_gateway.cfm%3Fid%3D959085%26type%3Dpdf%26dl%3DGUIDE%26dl%3DACM%26CFID%3D11111111%26CFTOKEN%3D2222222,True,0.9999821151140039,0.9999743531459385,7.761968065400637e-06,0.5500000000000002,True,correct
DBLP,0.6,48,308,conf/vldb/BamfordBKM98,True,1,rfuptELfgLkJ,rfuptELfgLkJ,True,0.9999845602146802,1.1785070698536411e-05,0.9999727751439816,0.5500000000000002,True,correct
DBLP,0.6,48,309,conf/sigmod/ZuzartePMCLW03,True,1,url:http://portal.acm.org/citation.cfm%3Fid%3D872757.872840,url:http://portal.acm.org/citation.cfm%3Fid%3D872757.872840,True,0.9999855642614492,5.3886343266834e-06,0.9999801756271226,0.5500000000000002,True,correct
DBLP,0.6,48,310,conf/vldb/ChienVZTZ02,True,3,7gDXEIuMUIIJ,uUmeAkW_FFUJ,True,0.9999819784187606,0.9999793529630523,2.6254557082827645e-06,0.5500000000000002,True,correct
DBLP,0.6,48,311,journals/sigmod/TheodoridisN00,True,2,DXTczW8Dv4MJ,NegSmYlF-awJ,True,0.9999808331921011,0.9998323821043493,0.0001484510877517442,0.5500000000000002,True,correct
DBLP,0.6,48,312,conf/sigmod/ChaudhuriGS03,True,1,OFGtGwUHhUQJ,OFGtGwUHhUQJ,True,0.9999851007866235,7.19119073525733e-06,0.9999779095958883,0.5500000000000002,True,correct
DBLP,0.6,48,313,journals/vldb/DiazJ97,True,1,RKAY1aZAeCoJ,RKAY1aZAeCoJ,True,0.9999794393593459,5.882971249603031e-06,0.9999735563880963,0.5500000000000002,True,correct
DBLP,0.6,48,314,conf/vldb/YagoubFIV00,True,3,195Hlqu94qEJ,195Hlqu94qEJ,True,0.9999853521551963,0.9999722488526128,1.3103302583528098e-05,0.5500000000000002,True,correct
DBLP,0.6,48,315,journals/vldb/JagadishACLNPPSWWY02,True,5,B10xHVasKUoJ,zaDlTkyGASQJ,True,0.9999618948578584,0.9999375169331058,2.4377924752516655e-05,0.5500000000000002,True,correct
DBLP,0.6,48,316,journals/tods/LiuDL02,True,1,TSvYx-eQvykJ,TSvYx-eQvykJ,True,0.9999808617584324,8.200208215959085e-06,0.9999726615502164,0.5500000000000002,True,correct
DBLP,0.6,48,317,journals/sigmod/SommerGB02,True,2,8l5_eKZcCh8J,8l5_eKZcCh8J,True,0.999981009658325,0.9994609166784272,0.0005200929798978571,0.5500000000000002,True,correct
DBLP,0.6,48,318,conf/sigmod/StonebrakerH01,True,3,ltEmsluBrYkJ,ltEmsluBrYkJ,True,0.9999838269078231,0.999983816910233,9.997590089128039e-09,0.5500000000000002,True,correct
DBLP,0.6,48,319,conf/vldb/Schoning98,True,2,HEJ1Z4Q_xXMJ,HEJ1Z4Q_xXMJ,True,0.9999728508649759,0.999950068331455,2.278253352083759e-05,0.5500000000000002,True,correct
DBLP,0.6,48,320,conf/vldb/LabrinidisR03,True,1,0GMNedjfVV0J,0GMNedjfVV0J,True,0.9999861327861531,0.0243243726605996,0.9756617601255535,0.5500000000000002,True,correct
DBLP,0.6,48,321,conf/vldb/TeisseirePC94,True,2,KNv3bO45Nj4J,w17spSGfEXYJ,True,0.9999851819809232,0.9999814159712309,3.7660096923186615e-06,0.5500000000000002,True,correct
DBLP,0.6,48,322,journals/vldb/RahmB01,True,6,707RPzHAB8YJ,OmmFvfvPT6MJ,True,0.9999865473114979,0.9999846968371028,1.8504743951597291e-06,0.5500000000000002,True,correct
DBLP,0.6,48,323,journals/sigmod/BoscMP01,True,2,url:http://portal.acm.org/ft_gateway.cfm%3Fid%3D373708%26type%3Dpdf%26dl%3DGUIDE%26dl%3DACM%26CFID%3D11111111%26CFTOKEN%3D2222222,url:http://portal.acm.org/ft_gateway.cfm%3Fid%3D373708%26type%3Dpdf%26dl%3DGUIDE%26dl%3DACM%26CFID%3D11111111%26CFTOKEN%3D2222222,True,0.9999862035024305,0.9999590963727227,2.710712970777074e-05,0.5500000000000002,True,correct
DBLP,0.6,48,324,journals/vldb/SteinbrunnMK97,True,2,0WXQjwXCy0QJ,nwwVf5FGX4QJ,True,0.9999860512955716,0.9999816476406118,4.403654959794778e-06,0.5500000000000002,True,correct
DBLP,0.6,48,325,journals/sigmod/Grohe02,True,2,jzwiskpRLOUJ,jzwiskpRLOUJ,True,0.9999835723638624,0.0020492051763486064,0.9979343671875137,0.5500000000000002,True,correct
DBLP,0.6,48,326,conf/sigmod/Cohen98a,True,1,qfD_kxYt-dsJ,qfD_kxYt-dsJ,True,0.999984732769088,2.2623454006708683e-05,0.9999621093150812,0.5500000000000002,True,correct
DBLP,0.6,48,327,conf/vldb/Schek00,True,1,yMjJam38N8sJ,yMjJam38N8sJ,True,0.9999851930416439,0.10984783188628415,0.8901373611553598,0.5500000000000002,True,correct
DBLP,0.6,48,328,journals/sigmod/RossGR03,False,0,,tOa0zXK5Ba4J,False,0.21077770864322895,0.01187853684958415,0.1988991717936448,0.5500000000000002,False,unmatched_abstention
DBLP,0.6,48,329,conf/vldb/RamanRH99,True,3,6uP3E_WEkCAJ,6uP3E_WEkCAJ,True,0.9999865837870078,0.9999838389645923,2.744822415468029e-06,0.5500000000000002,True,correct
DBLP,0.6,48,330,conf/vldb/SindoniTABFGMPPT01,True,1,0zdXnl9cQysJ,0zdXnl9cQysJ,True,0.9999811322836858,6.720794947838179e-06,0.999974411488738,0.5500000000000002,True,correct
DBLP,0.6,48,331,conf/sigmod/BreunigKKS01,True,3,3ET_IEkoGjYJ,3ET_IEkoGjYJ,True,0.9999848353313148,0.9999831468852575,1.6884460573018956e-06,0.5500000000000002,True,correct
DBLP,0.6,48,332,conf/vldb/BaumgartnerFG01,True,3,I1xHtA3f3MsJ,I1xHtA3f3MsJ,True,0.999985852417976,0.9999830880553209,2.7643626551165923e-06,0.5500000000000002,True,correct
DBLP,0.6,48,333,conf/sigmod/CorralMTV00,True,1,TsShfxPwF6YJ,TsShfxPwF6YJ,True,0.9999850085858836,0.0007584470525648738,0.9992265615333187,0.5500000000000002,True,correct
DBLP,0.6,48,334,journals/sigmod/KoubarakisTID03,True,2,6b15hteKSM4J,VtCTqej5JSQJ,True,0.9999877663141981,0.9997550407499751,0.00023272556422293533,0.5500000000000002,True,correct
DBLP,0.6,48,335,conf/sigmod/BreitbartKRSS99,True,1,XV2lpkhWCsYJ,XV2lpkhWCsYJ,True,0.9999806713691828,7.613320582842563e-06,0.9999730580485999,0.5500000000000002,True,correct
DBLP,0.6,48,336,journals/sigmod/SmithO99,True,1,-iis302p2MkJ,-iis302p2MkJ,True,0.9999847386064289,5.6467810699878044e-06,0.9999790918253589,0.5500000000000002,True,correct
DBLP,0.6,48,337,conf/vldb/YiF00,True,6,1XJk5BWEVe8J,DpQrWnvO7rEJ,True,0.9999835457722217,0.9999832505836243,2.9518859745447656e-07,0.5500000000000002,True,correct
DBLP,0.6,48,338,journals/sigmod/PitouraB95,True,1,KlM6IrItVpcJ,KlM6IrItVpcJ,True,0.9999817883037362,6.480936464392483e-06,0.9999753073672718,0.5500000000000002,True,correct
DBLP,0.6,48,339,journals/vldb/HarrisR96,True,1,S8x6zjXc9oAJ,S8x6zjXc9oAJ,True,0.9999807499909033,6.041498864903262e-06,0.9999747084920384,0.5500000000000002,True,correct
DBLP,0.6,48,340,conf/vldb/SeshadriLR96,True,4,ifOM4z6uxXUJ,-Pmsximl_moJ,True,0.999985270418478,0.9999815381738884,3.7322445896048606e-06,0.5500000000000002,True,correct
DBLP,0.6,48,341,conf/sigmod/JoshiA01,True,2,H9bMRYKnXMQJ,H9bMRYKnXMQJ,True,0.999987762370181,0.9999822811974153,5.481172765775533e-06,0.5500000000000002,True,correct
DBLP,0.6,48,342,journals/sigmod/Snodgrass98b,False,0,,NHxHsUH9L5MJ,False,0.009415684525722976,0.0060831416495761605,0.0033325428761468157,0.5500000000000002,False,unmatched_abstention
DBLP,0.6,48,343,conf/vldb/LeslieJBY95,True,1,zmwPMSd8rGgJ,zmwPMSd8rGgJ,True,0.9999847057368602,5.672570073402543e-06,0.9999790331667867,0.5500000000000002,True,correct
DBLP,0.6,48,344,journals/sigmod/Chaudhri95,True,1,DY6x1fDAy9EJ,DY6x1fDAy9EJ,True,0.999982938128043,6.04368866490881e-06,0.9999768944393781,0.5500000000000002,True,correct
DBLP,0.6,48,345,conf/sigmod/ConsensM94,True,1,u7rv6LAF8s8J,u7rv6LAF8s8J,True,0.4302160769083144,7.07919608791111e-06,0.43020899771222654,0.5500000000000002,False,missing_match
DBLP,0.6,48,346,conf/sigmod/Golding95,True,2,uJj9OgotYeEJ,uJj9OgotYeEJ,True,0.9999831098144011,0.9999678910307173,1.5218783683823567e-05,0.5500000000000002,True,correct
DBLP,0.6,48,347,conf/sigmod/UrhanFA98,True,1,ufjnZovcIb4J,ufjnZovcIb4J,True,0.9999821782291599,5.678680974500178e-06,0.9999764995481855,0.5500000000000002,True,correct
DBLP,0.6,48,348,conf/sigmod/ChooOLCGBPS96,True,6,5awQcPWFBrcJ,WrrEnOJswS4J,True,0.9999818411290228,0.9999783378527266,3.5032762961684227e-06,0.5500000000000002,True,correct
DBLP,0.6,48,349,conf/vldb/ChakrabartiSD98,True,3,oBDL7axDwG4J,wnke8ff8hYUJ,True,0.9999830706117313,0.9999467917930316,3.627881869971983e-05,0.5500000000000002,True,correct
DBLP,0.6,48,350,journals/sigmod/Camps02,True,1,JclQFC-1s18J,JclQFC-1s18J,True,0.9999855201956555,5.851112178413339e-06,0.999979669083477,0.5500000000000002,True,correct
DBLP,0.6,48,351,conf/vldb/GarofalakisI97,True,3,aCvCz2wg854J,aCvCz2wg854J,True,0.999987396155253,0.9999872299528287,1.6620242426768073e-07,0.5500000000000002,True,correct
DBLP,0.6,48,352,conf/vldb/EvangelidisLS95,True,5,3TOqLeL1G64J,EbGZKQPyH_4J,True,0.9999871940861438,0.9999862575774646,9.365086791612853e-07,0.5500000000000002,True,correct
DBLP,0.6,48,353,journals/tods/Lerner00,True,2,ETqxTcvf7K4J,ETqxTcvf7K4J,True,0.9999835738834286,0.9997129492131404,0.0002706246702882664,0.5500000000000002,True,correct
DBLP,0.6,48,354,journals/sigmod/SilberschatzZ97,True,2,7JRwRy6VapMJ,7JRwRy6VapMJ,True,0.9999797116372253,0.0047834372824984055,0.9951962743547269,0.5500000000000002,True,correct
DBLP,0.6,48,355,journals/sigmod/GottlobKP03,True,1,rDRdlwdHGb0J,rDRdlwdHGb0J,True,0.9999870803865681,1.8417933185342175e-05,0.9999686624533828,0.5500000000000002,True,correct
DBLP,0.6,48,356,conf/vldb/Cuppens96,True,1,8_HtXom0CVgJ,8_HtXom0CVgJ,True,0.9999833930939649,6.029193140372218e-06,0.9999773639008245,0.5500000000000002,True,correct
DBLP,0.6,48,357,conf/sigmod/PangCL94,True,1,beMsu5ebf30J,beMsu5ebf30J,True,0.9999866996119788,5.607258330085268e-06,0.9999810923536487,0.5500000000000002,True,correct
DBLP,0.6,48,358,conf/vldb/MurthyB03,True,1,kHi1YOTBmlkJ,kHi1YOTBmlkJ,True,0.9999849381669691,9.306779931493303e-05,0.9998918703676541,0.5500000000000002,True,correct
DBLP,0.6,48,359,conf/vldb/RamaswamyMS98,True,2,Qq2kFNELi_8J,WTYQ40Rn_tUJ,True,0.9999864503461753,0.9999520223785909,3.442796758434952e-05,0.5500000000000002,True,correct
DBLP,0.6,48,360,journals/sigmod/Wiegand03,False,0,,tnHDLJxMoQcJ,False,5.548817717893123e-06,5.541599198202114e-06,7.2185196910091166e-09,0.5500000000000002,False,unmatched_abstention
DBLP,0.6,48,361,journals/sigmod/PapianiWDN99,True,3,aU7XlTpoxRgJ,HxmnEeCigX8J,True,0.9999838309791443,0.9999518884106328,3.194256851157817e-05,0.5500000000000002,True,correct
DBLP,0.6,48,362,conf/sigmod/Hope95,True,1,w3Aykr4vDVwJ,w3Aykr4vDVwJ,True,0.9999730106822494,6.175785640526478e-06,0.9999668348966089,0.5500000000000002,True,correct
DBLP,0.6,48,363,conf/sigmod/GionisGK01,True,1,cy_Fe935WMAJ,cy_Fe935WMAJ,True,0.9999650052248771,5.940975183483507e-06,0.9999590642496936,0.5500000000000002,True,correct
DBLP,0.6,48,364,journals/tods/HjaltasonS03,True,1,9Wan9sPNUAYJ,9Wan9sPNUAYJ,True,0.9999826705876662,6.290082538401851e-06,0.9999763805051278,0.5500000000000002,True,correct
DBLP,0.6,48,365,journals/sigmod/Fagin02,True,2,C3swZi1md5YJ,C3swZi1md5YJ,True,0.9999832723569332,6.714689558319941e-06,0.9999765576673748,0.5500000000000002,True,correct
DBLP,0.6,48,366,journals/sigmod/Snodgrass99b,False,0,,uPBlQ76s_g4J,False,0.9364930831353643,0.08543268686642329,0.851060396268941,0.5500000000000002,True,false_link
DBLP,0.6,48,367,conf/vldb/StanoiRAA01,True,1,SBpUQ0L7KUgJ,SBpUQ0L7KUgJ,True,0.9999839727092829,5.617202733808462e-06,0.999978355506549,0.5500000000000002,True,correct
DBLP,0.6,48,368,conf/sigmod/ZhangZPTL03,True,1,S3lELcdpzTkJ,S3lELcdpzTkJ,True,0.9999781202277459,0.0039315156843087755,0.9960466045434371,0.5500000000000002,True,correct
DBLP,0.6,48,369,conf/vldb/Orenstein98,True,1,VfWJDzGt9JYJ,VfWJDzGt9JYJ,True,0.9999821912602199,6.1016185857533716e-06,0.9999760896416342,0.5500000000000002,True,correct
DBLP,0.6,48,370,journals/tods/Chomicki95,False,0,,QVmWvrI3myQJ,False,0.1924935624124192,6.93433940294182e-06,0.19248662807301625,0.5500000000000002,False,unmatched_abstention
DBLP,0.6,48,371,conf/sigmod/Carey94,True,1,Lj8CI8ALd9UJ,Lj8CI8ALd9UJ,True,0.9999465757079131,0.00016403867326599404,0.9997825370346471,0.5500000000000002,True,correct
DBLP,0.6,48,372,conf/vldb/CarinoOBS99,True,1,47kAOej6WIQJ,47kAOej6WIQJ,True,0.9999813345877696,5.52117925254616e-06,0.999975813408517,0.5500000000000002,True,correct
DBLP,0.6,48,373,conf/sigmod/BohmA96,True,1,978pJCGhaGoJ,978pJCGhaGoJ,True,0.9999832540494545,7.331981301147791e-06,0.9999759220681534,0.5500000000000002,True,correct
DBLP,0.6,48,374,conf/vldb/PereiraFLS00,True,4,e60hJN21ZO0J,KAW0nLm2wVAJ,True,0.9999863923457317,0.9999851630752518,1.2292704799632403e-06,0.5500000000000002,True,correct
DBLP,0.6,48,375,conf/sigmod/LuWYBLY02,True,1,JKQ1qE-naxQJ,JKQ1qE-naxQJ,True,0.9999860812202864,0.999966110446,1.9970774286393045e-05,0.5500000000000002,True,correct
DBLP,0.6,48,376,conf/vldb/RaghavanG03,True,1,ma-ZRYj0pXIJ,ma-ZRYj0pXIJ,True,0.9999851000335388,6.485338590529337e-06,0.9999786146949483,0.5500000000000002,True,correct
DBLP,0.6,48,377,conf/vldb/Moerkotte02,True,1,jiGdThcReckJ,jiGdThcReckJ,True,0.9999839491537516,5.6337371465180985e-06,0.999978315416605,0.5500000000000002,True,correct
DBLP,0.6,48,378,conf/sigmod/OzdenRSS96,True,1,-NqtWdEMQkgJ,-NqtWdEMQkgJ,True,0.9999841480657513,6.2783241862004325e-06,0.9999778697415651,0.5500000000000002,True,correct
DBLP,0.6,48,379,journals/vldb/KemperK95,True,1,5CZ1gTCb5Z4J,5CZ1gTCb5Z4J,True,0.9999864520775836,6.344115204070291e-06,0.9999801079623796,0.5500000000000002,True,correct
DBLP,0.6,48,380,conf/sigmod/LiYVGPUV98,True,6,4zDGoqCAWOoJ,6jeHlSgjCskJ,True,0.999985578461792,0.9999851683661779,4.100956141339651e-07,0.5500000000000002,True,correct
DBLP,0.6,48,381,conf/vldb/RohmBSS02,True,2,Lp_ozOkFI30J,Lp_ozOkFI30J,True,0.9999843425418647,0.999983637266366,7.05275498780189e-07,0.5500000000000002,True,correct
DBLP,0.6,48,382,journals/sigmod/LeeF01,True,2,llGIoKCzsiYJ,oUisL_YUScYJ,True,0.9999848056408579,0.99997968757328,5.118067577858376e-06,0.5500000000000002,True,correct
DBLP,0.6,48,383,conf/vldb/Brodie03,True,1,deEJ1JsF8RwJ,deEJ1JsF8RwJ,True,0.9999832795658897,5.570800684085597e-06,0.9999777087652056,0.5500000000000002,True,correct
DBLP,0.6,48,384,conf/vldb/CiacciaPZ97,True,8,6cRuX7GDFCoJ,HQQsPfQN7q0J,True,0.9999837978236162,0.9999824515466436,1.3462769726801938e-06,0.5500000000000002,True,correct
DBLP,0.6,48,385,journals/vldb/BernsteinPS00,True,1,08d5th2jiqcJ,08d5th2jiqcJ,True,0.9999832064394658,0.9992911633445907,0.0006920430948751388,0.5500000000000002,True,correct
DBLP,0.6,48,386,journals/vldb/EvangelidisS97,True,1,5dnYlEMQTb0J,5dnYlEMQTb0J,True,0.9999865200087148,0.024528803156857553,0.9754577168518572,0.5500000000000002,True,correct
DBLP,0.6,48,387,journals/sigmod/NadoH97,True,1,yN9f4dSKC9QJ,yN9f4dSKC9QJ,True,0.9999801456081303,8.692155267716774e-06,0.9999714534528626,0.5500000000000002,True,correct
DBLP,0.6,48,388,journals/vldb/BunemanFS00,True,1,E_CQlx3K0W4J,E_CQlx3K0W4J,True,0.9999864752364815,1.0829698446015397e-05,0.9999756455380355,0.5500000000000002,True,correct
DBLP,0.6,48,389,conf/sigmod/KiepuszewskiMO98,True,5,909hLNR8130J,T3Zm8WKD_FYJ,True,0.9999838250260327,0.9999837869422143,3.808381832115515e-08,0.5500000000000002,True,correct
DBLP,0.6,48,390,conf/sigmod/OriaOILY00,True,2,9SbEzfHLSooJ,xdUDA920uhMJ,True,0.9999850897707444,0.9999657154598893,1.9374310855080346e-05,0.5500000000000002,True,correct
DBLP,0.6,48,391,journals/sigmod/LometBCLN98,True,2,eCi5eTVzsoQJ,url:http://portal.acm.org/ft_gateway.cfm%3Fid%3D290608%26type%3Dpdf%26dl%3DGUIDE%26dl%3DACM%26CFID%3D11111111%26CFTOKEN%3D2222222,True,0.999980285547956,0.9999238783598847,5.640718807131684e-05,0.5500000000000002,True,correct
DBLP,0.6,48,392,conf/vldb/HasanM95,True,3,8cd64f0t0-EJ,-aml_OMAQNgJ,True,0.9999868981181677,0.9999844354846567,2.462633511002288e-06,0.5500000000000002,True,correct
DBLP,0.6,48,393,conf/vldb/KornMZ03,True,1,hBoL6DaFUMYJ,hBoL6DaFUMYJ,True,0.9999817446933867,8.390346945315944e-06,0.9999733543464414,0.5500000000000002,True,correct
DBLP,0.6,48,394,conf/sigmod/AggarwalY00,True,3,dfSPs7YoyWsJ,dfSPs7YoyWsJ,True,0.9999858357050228,0.9999845051656934,1.3305393293805423e-06,0.5500000000000002,True,correct
DBLP,0.6,48,395,conf/sigmod/GoldsteinL01,True,2,dxvwQEOjBJQJ,xufwWHmOf6IJ,True,0.9999851602734091,0.2763318430200826,0.7236533172533265,0.5500000000000002,True,correct
DBLP,0.6,48,396,journals/tods/Subrahmanian94,True,8,iD6ppXF5sx4J,SLTZN9O1_wUJ,True,0.9999657716494783,0.9998729919703879,9.277967909038232e-05,0.5500000000000002,True,correct
DBLP,0.6,48,397,conf/sigmod/MatiasVW98,True,1,6WjESNMzLvgJ,6WjESNMzLvgJ,True,0.9999760563138671,3.1281668715966025e-05,0.9999447746451511,0.5500000000000002,True,correct
DBLP,0.6,48,398,conf/vldb/Tsur00,True,1,buI2V0eIcZoJ,buI2V0eIcZoJ,True,0.9999832036365512,7.186460268644794e-06,0.9999760171762826,0.5500000000000002,True,correct
DBLP,0.6,48,399,conf/sigmod/TatarinovVBSSZ02,True,2,0HlMHEPJRH4J,0HlMHEPJRH4J,True,0.9999835594653893,0.9999817506463963,1.8088189930320908e-06,0.5500000000000002,True,correct
DBLP,0.6,48,400,conf/vldb/Celis96,True,1,Bg5vcyRBKd8J,Bg5vcyRBKd8J,True,0.9999852443382007,5.970726480465445e-06,0.9999792736117202,0.5500000000000002,True,correct
DBLP,0.6,48,401,journals/sigmod/X95a,False,0,,zWm1GKhwGeUJ,False,3.881556004938652e-05,1.5094244008495843e-05,2.3721316040890675e-05,0.5500000000000002,False,unmatched_abstention
DBLP,0.6,48,402,conf/sigmod/PoosalaIHS96,True,9,4eUqHKdkGNoJ,hHGQKstQ2PQJ,True,0.9999848285760867,0.9999839214854285,9.07090658253118e-07,0.5500000000000002,True,correct
DBLP,0.6,48,403,conf/vldb/ChandrasekaranF02,True,4,b408sdGcY3UJ,nqosSM46lCkJ,True,0.9999835061500851,0.9999808873661107,2.6187839744507002e-06,0.5500000000000002,True,correct
DBLP,0.6,48,404,conf/vldb/AnciauxBBPV01,True,2,H2qCU9-_uykJ,PFEvlg2DiMkJ,True,0.9999870439144735,0.9999822876680401,4.756246433368361e-06,0.5500000000000002,True,correct
DBLP,0.6,48,405,journals/vldb/AmielBDS96,True,1,RtYWYRjBUmEJ,RtYWYRjBUmEJ,True,0.9999859317838049,7.414941945973993e-06,0.9999785168418589,0.5500000000000002,True,correct
DBLP,0.6,48,406,conf/vldb/TanGO99,True,1,CcTZvs8xd2sJ,CcTZvs8xd2sJ,True,0.9999873689611843,6.8067776974687545e-06,0.9999805621834869,0.5500000000000002,True,correct
DBLP,0.6,48,407,conf/vldb/WangZ00,True,2,eDa9jQWsTMoJ,eDa9jQWsTMoJ,True,0.9999862162589978,0.999981489710826,4.726548171740674e-06,0.5500000000000002,True,correct
DBLP,0.6,48,408,conf/sigmod/CranorGJSS02,True,2,89Avc7qz9YoJ,89Avc7qz9YoJ,True,0.9999867840974642,0.9999839713030408,2.812794423379117e-06,0.5500000000000002,True,correct
DBLP,0.6,48,409,journals/sigmod/EisenbergM02,True,1,wgK6p4mDSIMJ,wgK6p4mDSIMJ,True,0.9999859623933037,5.71262736484157e-05,0.9999288361196553,0.5500000000000002,True,correct
DBLP,0.6,48,410,conf/vldb/FukudaMMT96,True,1,B8_0dK37qcsJ,B8_0dK37qcsJ,True,0.9999855065875799,1.4051804214944506e-05,0.9999714547833649,0.5500000000000002,True,correct
DBLP,0.6,48,411,conf/vldb/SistlaYH94,True,4,_jl3bN2QlE4J,FT4Sfn-Z7GUJ,True,0.9999843959961405,0.9999812974548663,3.098541274226818e-06,0.5500000000000002,True,correct
DBLP,0.6,48,412,conf/sigmod/OhHP00,True,3,cFpgCsBTSBEJ,T91d5LI-xIwJ,True,0.9999793978274538,0.9999141702502012,6.52275772525801e-05,0.5500000000000002,True,correct
DBLP,0.6,48,413,journals/tods/BrightHP94,True,2,BHvvo_nJxucJ,BHvvo_nJxucJ,True,0.9999835101134432,0.9998902906348848,9.321947855844837e-05,0.5500000000000002,True,correct
DBLP,0.6,48,414,journals/sigmod/Snodgrass99,False,0,,NHxHsUH9L5MJ,False,0.02052990238556744,0.012688368448410104,0.007841533937157334,0.5500000000000002,False,unmatched_abstention
DBLP,0.6,48,415,conf/vldb/SrikantA95,True,16,08bwdEy_OY8J,OUdGxoZdSxAJ,True,0.9999828776060219,0.9999820171496224,8.604563994651926e-07,0.5500000000000002,True,correct
DBLP,0.6,48,416,conf/sigmod/RamakrishnanD98,True,2,LSNo-7ii1vEJ,LSNo-7ii1vEJ,True,0.9999750379825015,0.9926392140415828,0.007335823940918695,0.5500000000000002,True,correct
DBLP,0.6,48,417,conf/vldb/JagadishLRSS94,True,2,em_mB-ifc80J,Yiwh22hbTAcJ,True,0.9999865124347876,0.999976275899407,1.0236535380681033e-05,0.5500000000000002,True,correct
DBLP,0.6,48,418,conf/vldb/Faloutsos02,False,0,,PZTESZecfnQJ,False,1.684676745386716e-05,1.1121586992022256e-05,5.725180461844905e-06,0.5500000000000002,False,unmatched_abstention
DBLP,0.6,48,419,conf/vldb/FegarasE01,True,1,pinPEM3Rvm0J,pinPEM3Rvm0J,True,0.9999842416369616,9.289154709113456e-06,0.9999749524822525,0.5500000000000002,True,correct
DBLP,0.6,48,420,journals/sigmod/Widom96,False,0,,C84rFQN_ug0J,False,9.378327126009099e-05,5.944616135483252e-05,3.433710990525847e-05,0.5500000000000002,False,unmatched_abstention
DBLP,0.6,48,421,conf/sigmod/RadekeBBEKKN95,True,2,bDN03rZhUQEJ,bDN03rZhUQEJ,True,0.9999840324672656,0.9999033159234548,8.071654381081039e-05,0.5500000000000002,True,correct
DBLP,0.6,48,422,journals/vldb/TorpJS00,True,2,dMRIRjR_KAAJ,wr5pRI-iGqsJ,True,0.999983943887268,0.9999716995826501,1.2244304617881063e-05,0.5500000000000002,True,correct
DBLP,0.6,48,423,journals/sigmod/Jagadish01,True,1,url:http://portal.acm.org/citation.cfm%3Fid%3D604264.604276%26dl%3DGUIDE%26dl%3DACM%26CFID%3D11111111%26CFTOKEN%3D2222222,url:http://portal.acm.org/citation.cfm%3Fid%3D604264.604276%26dl%3DGUIDE%26dl%3DACM%26CFID%3D11111111%26CFTOKEN%3D2222222,True,0.9999268351476741,0.0011740402862404967,0.9987527948614336,0.5500000000000002,True,correct
DBLP,0.6,48,424,conf/sigmod/PadmanabhanBMCH03,True,1,wI75uFSs0bwJ,wI75uFSs0bwJ,True,0.9999841587501105,2.1607430982936454e-05,0.9999625513191276,0.5500000000000002,True,correct
DBLP,0.6,48,425,journals/vldb/ShegalovGW01,True,1,_6ErNQyZwXsJ,_6ErNQyZwXsJ,True,0.9999865096819167,5.478516353843252e-06,0.9999810311655629,0.5500000000000002,True,correct
DBLP,0.6,48,426,journals/vldb/AguileraCMVV02,True,3,4OUQOD2i52sJ,SdVmepmUgQIJ,True,0.9999847725961886,0.9999679627861534,1.680981003515658e-05,0.5500000000000002,True,correct
DBLP,0.6,48,427,conf/vldb/ChaudhuriN97,True,3,0rViZf2YXmAJ,hAqEljGAcFsJ,True,0.9999835937971114,0.9997341380255987,0.0002494557715126966,0.5500000000000002,True,correct
DBLP,0.6,48,428,journals/vldb/DattaDVRN01,True,2,icK75z3VuGIJ,icK75z3VuGIJ,True,0.9999838980388843,9.454621978404225e-06,0.9999744434169059,0.5500000000000002,True,correct
DBLP,0.6,48,429,conf/vldb/NishioSTTL01,True,1,S30IXg4ClFIJ,S30IXg4ClFIJ,True,0.9999712427966588,7.173005764673496e-06,0.9999640697908941,0.5500000000000002,True,correct
DBLP,0.6,48,430,conf/vldb/RoussopoulosK98,True,1,Mg0A5yz-_wYJ,Mg0A5yz-_wYJ,True,0.999983159481084,0.0013946712569758936,0.9985884882241081,0.5500000000000002,True,correct
DBLP,0.6,48,431,conf/sigmod/RaoZML02,True,2,7Ucs6vmjHN0J,c2PgXbSSAFcJ,True,0.9999843841315506,0.9999823970728202,1.9870587303350007e-06,0.5500000000000002,True,correct
DBLP,0.6,48,432,conf/sigmod/FlorescuLMS99,True,2,h0uuqAstOPUJ,h0uuqAstOPUJ,True,0.9999829453346584,0.9999828148044558,1.3053020253561698e-07,0.5500000000000002,True,correct
DBLP,0.6,48,433,conf/vldb/ZhouR03,True,1,MvbChqWgFawJ,MvbChqWgFawJ,True,0.9999824881752211,5.660157469426394e-06,0.9999768280177517,0.5500000000000002,True,correct
DBLP,0.6,48,434,journals/sigmod/TsotrasK96,True,3,9HEdn3A13BQJ,9HEdn3A13BQJ,True,0.9698157316641833,0.0101247709055235,0.9596909607586598,0.5500000000000002,True,correct
DBLP,0.6,48,435,conf/vldb/ShanmugasundaramSBCLPR00,True,4,_bdp5T8SSuoJ,HKM-zP0LT_UJ,True,0.999981506243794,0.9999801801519816,1.3260918123592091e-06,0.5500000000000002,True,correct
DBLP,0.6,48,436,conf/sigmod/NguyenS96,True,4,C10wtQwCym8J,Cd4NNuZnIn8J,True,0.9999840594429579,0.9999616621286724,2.239731428543834e-05,0.5500000000000002,True,correct
DBLP,0.6,48,437,conf/sigmod/LacroixSC98,True,1,MyaiGcr-oYkJ,MyaiGcr-oYkJ,True,0.9999719634272757,5.32928975100087e-06,0.9999666341375246,0.5500000000000002,True,correct
DBLP,0.6,48,438,conf/vldb/GohOST99,True,1,hK5EOo-Z7JMJ,hK5EOo-Z7JMJ,True,0.9999824318214822,5.326251354423169e-06,0.9999771055701278,0.5500000000000002,True,correct
DBLP,0.6,48,439,conf/vldb/KraissW97,True,1,X6w3sK-vb2wJ,X6w3sK-vb2wJ,True,0.9999823202049254,9.498444450220948e-06,0.9999728217604752,0.5500000000000002,True,correct
DBLP,0.6,48,440,conf/sigmod/PhanN02,True,1,LLIkm2GMqakJ,LLIkm2GMqakJ,True,0.9999820631541649,6.326412916375567e-06,0.9999757367412485,0.5500000000000002,True,correct
DBLP,0.6,48,441,conf/vldb/KoschBBHHLRT01,True,1,xvNBOkc3UkcJ,xvNBOkc3UkcJ,True,0.9999734800608229,1.5382012455405593e-05,0.9999580980483674,0.5500000000000002,True,correct
DBLP,0.6,48,442,conf/sigmod/RamaswamyRS00,True,2,o0vnSBVzRQcJ,VJIHPbki2uAJ,True,0.9999841657884802,0.9999740505150781,1.0115273402000469e-05,0.5500000000000002,True,correct
DBLP,0.6,48,443,conf/sigmod/Bayardo98,True,6,htTH8PrZ0dYJ,htTH8PrZ0dYJ,True,0.9999745147674176,0.9999596603152017,1.485445221593995e-05,0.5500000000000002,True,correct
DBLP,0.6,48,444,journals/sigmod/Liu01,False,0,,url:http://doi.wiley.com/10.1002/he.21,False,0.07151153145703304,0.06617027449813884,0.005341256958894203,0.5500000000000002,False,unmatched_abstention
DBLP,0.6,48,445,conf/sigmod/FukudaMMT96,True,3,Bcuo4_yr2p0J,Bcuo4_yr2p0J,True,0.9999765785688159,0.9999719014359301,4.677132885877455e-06,0.5500000000000002,True,correct
DBLP,0.6,48,446,conf/sigmod/LiefkeS00,True,4,epCsER2LDJgJ,GFCznyVaj5UJ,True,0.9999784178583827,0.9999774810501172,9.368082655170085e-07,0.5500000000000002,True,correct
DBLP,0.6,48,447,journals/vldb/CatarciSC97,True,2,IIykL2NeD3UJ,IIykL2NeD3UJ,True,0.9999823208456118,0.9999235437137589,5.877713185287181e-05,0.5500000000000002,True,correct
DBLP,0.6,48,448,conf/sigmod/Mohan94,True,4,E2zhARKv5dsJ,Ft1YZIFfu0cJ,True,0.9999882404590653,0.9999545104745946,3.372998447070952e-05,0.5500000000000002,True,correct
DBLP,0.6,48,449,conf/vldb/Selinger02,True,1,76u3c8hIWqoJ,76u3c8hIWqoJ,True,0.9999855277609104,9.377316318352879e-06,0.9999761504445921,0.5500000000000002,True,correct
DBLP,0.6,48,450,conf/sigmod/DeshpandeNGS03,True,2,aBiqHXGXoJEJ,fU6zoUKeXe8J,True,0.9999839827786505,0.999974094576276,9.888202374574995e-06,0.5500000000000002,True,correct
DBLP,0.6,48,451,journals/sigmod/Hanna95,True,2,29btu5OspbAJ,EKqpEdn3kDMJ,True,0.9999865288117528,0.9999610802484868,2.544856326591738e-05,0.5500000000000002,True,correct
DBLP,0.6,48,452,journals/sigmod/SlivinskasJS02,True,2,url:http://portal.acm.org/ft_gateway.cfm%3Fid%3D565119%26type%3Dpdf%26dl%3DGUIDE%26dl%3DACM%26CFID%3D11111111%26CFTOKEN%3D2222222,xTPSs2k_pUIJ,True,0.9999846551729666,0.9999805602139908,4.094958975797702e-06,0.5500000000000002,True,correct
DBLP,0.6,48,453,conf/sigmod/French95,True,1,sGym2wFckEMJ,sGym2wFckEMJ,True,0.9999686458162641,5.3930093690359365e-06,0.999963252806895,0.5500000000000002,True,correct
DBLP,0.6,48,454,conf/vldb/EleftheriouBCDHLPPABDDDGJHLRSVW03,True,1,hRToevpkaa0J,hRToevpkaa0J,True,0.9999792918530462,5.67291630820534e-06,0.9999736189367381,0.5500000000000002,True,correct
DBLP,0.6,48,455,conf/vldb/ManolescuFK01,True,4,ckjlnFHOwd8J,inDI0X1MJG4J,True,0.999901065250389,0.9998926458299179,8.419420471139638e-06,0.5500000000000002,True,correct
DBLP,0.6,48,456,conf/vldb/SumiyaYTSI95,True,1,ZoMjwB0ps2kJ,ZoMjwB0ps2kJ,True,0.9999860633954459,5.698710541802878e-06,0.9999803646849041,0.5500000000000002,True,correct
DBLP,0.6,48,457,conf/vldb/RysNS96,True,2,pwxPfVlOqQUJ,pwxPfVlOqQUJ,True,0.9999868706258717,0.9999862136954809,6.569303907522084e-07,0.5500000000000002,True,correct
DBLP,0.6,48,458,conf/vldb/SevcikK96,True,1,GiHrMj3vbSAJ,GiHrMj3vbSAJ,True,0.9999844770347216,5.4851661942183545e-06,0.9999789918685273,0.5500000000000002,True,correct
DBLP,0.6,48,459,journals/sigmod/Klein94,True,1,kG86HB6N1xEJ,kG86HB6N1xEJ,True,0.999972075258461,5.659401811597243e-06,0.9999664158566494,0.5500000000000002,True,correct
DBLP,0.6,48,460,journals/sigmod/Gunther97,False,0,,url:http://portal.acm.org/ft_gateway.cfm%3Fid%3D245888%26type%3Dpdf%26dl%3DGUIDE%26dl%3DACM%26CFID%3D11111111%26CFTOKEN%3D2222222,False,0.00020159283451307784,2.6590188494213786e-05,0.00017500264601886406,0.5500000000000002,False,unmatched_abstention
DBLP,0.6,48,461,conf/vldb/LudascherMP02,True,1,cxnuI54po5EJ,cxnuI54po5EJ,True,0.9999813982222563,6.493297200694646e-06,0.9999749049250556,0.5500000000000002,True,correct
DBLP,0.6,48,462,journals/sigmod/HellersteinHM03,True,1,6ussAgzdL6oJ,6ussAgzdL6oJ,True,0.9999844224616834,1.0511553160513205e-05,0.9999739109085228,0.5500000000000002,True,correct
DBLP,0.6,48,463,conf/vldb/TorloneA03,True,1,v6kudD3ItEoJ,v6kudD3ItEoJ,True,0.9999865291714626,5.584620191186828e-06,0.9999809445512714,0.5500000000000002,True,correct
DBLP,0.6,48,464,journals/sigmod/SchmidtWKFCMB01,True,3,fc8y9x82jqAJ,fc8y9x82jqAJ,True,0.9999716234264449,0.9999588920910057,1.2731335439108982e-05,0.5500000000000002,True,correct
DBLP,0.6,48,465,conf/sigmod/Meseck01,True,1,hWiIngXs5I0J,hWiIngXs5I0J,True,0.9999829458876363,5.861628801040003e-06,0.9999770842588352,0.5500000000000002,True,correct
DBLP,0.6,48,466,journals/sigmod/KuoM96,True,1,vmwgqLkw0NUJ,vmwgqLkw0NUJ,True,0.9999835733978093,1.6648610455379687e-05,0.9999669247873539,0.5500000000000002,True,correct
DBLP,0.6,48,467,journals/sigmod/WinslettCDHZZ02,True,1,url:http://portal.acm.org/ft_gateway.cfm%3Fid%3D601881%26type%3Dpdf%26dl%3DGUIDE%26dl%3DACM%26CFID%3D11111111%26CFTOKEN%3D2222222,url:http://portal.acm.org/ft_gateway.cfm%3Fid%3D601881%26type%3Dpdf%26dl%3DGUIDE%26dl%3DACM%26CFID%3D11111111%26CFTOKEN%3D2222222,True,0.9999860240390952,2.2716091678484402e-05,0.9999633079474167,0.5500000000000002,True,correct
DBLP,0.6,48,468,journals/vldb/SivasankaranSTPR96,True,3,url:http://ieeexplore.ieee.org/iel2/997/7843/00331718.pdf%3Farnumber%3D331718,XX_3v0k3v6QJ,True,0.9999851859654294,0.9999797769092277,5.409056201721718e-06,0.5500000000000002,True,correct
DBLP,0.6,48,469,conf/vldb/BratsbergH01,True,1,x-oQarjjgccJ,x-oQarjjgccJ,True,0.9999836085602116,6.926289377499148e-06,0.9999766822708341,0.5500000000000002,True,correct
DBLP,0.6,48,470,conf/vldb/Hallmark95,True,2,tiAgO7G7YuAJ,xTKZ6OuegIEJ,True,0.9999784531685716,5.1467091448769185e-05,0.9999269860771228,0.5500000000000002,True,correct
DBLP,0.6,48,471,journals/sigmod/Loeffen94,True,3,gb-yIDOxaEkJ,gb-yIDOxaEkJ,True,0.9999865813046401,0.9999461549727595,4.0426331880616395e-05,0.5500000000000002,True,correct
DBLP,0.6,48,472,conf/sigmod/AfratiLU01,True,2,k7zpSukSfYsJ,k7zpSukSfYsJ,True,0.9999819199591026,0.9998900566747175,9.186328438504088e-05,0.5500000000000002,True,correct
DBLP,0.6,48,473,conf/vldb/WaasCB01,True,1,y_gKGtzupHIJ,y_gKGtzupHIJ,True,0.9999860908404641,5.438609918630058e-06,0.9999806522305454,0.5500000000000002,True,correct
DBLP,0.6,48,474,journals/sigmod/Segev95,False,0,,ntqMqfgRXM4J,False,0.0009145744724482635,0.0006795973816339862,0.00023497709081427725,0.5500000000000002,False,unmatched_abstention
DBLP,0.6,48,475,journals/sigmod/Franklin99a,False,0,,diQK7Y_z3XwJ,False,7.78587815672171e-05,4.9574308416685444e-05,2.8284473150531656e-05,0.5500000000000002,False,unmatched_abstention
DBLP,0.6,48,476,conf/vldb/BernsteinD94,True,1,rNNtyNCgHLoJ,rNNtyNCgHLoJ,True,0.9999832969375438,1.2967334117222614e-05,0.9999703296034266,0.5500000000000002,True,correct
DBLP,0.6,48,477,journals/sigmod/Liu01b,False,0,,diQK7Y_z3XwJ,False,0.00017459593330397194,0.00013238426403613723,4.221166926783471e-05,0.5500000000000002,False,unmatched_abstention
DBLP,0.6,48,478,conf/vldb/GrumbachRS00,True,1,iQ3Zi3crc9wJ,iQ3Zi3crc9wJ,True,0.9999877376737091,5.5442105299269e-06,0.9999821934631792,0.5500000000000002,True,correct
DBLP,0.6,48,479,conf/vldb/Lesk94,True,1,nL5wl20jB-kJ,nL5wl20jB-kJ,True,0.9999822585569866,5.728308335900504e-06,0.9999765302486507,0.5500000000000002,True,correct
DBLP,0.6,48,480,conf/vldb/Korth95,True,1,UZAQL1o-c0MJ,UZAQL1o-c0MJ,True,0.9998854459694768,5.5393747222885946e-06,0.9998799065947546,0.5500000000000002,True,correct
DBLP,0.6,48,481,journals/vldb/Li03,True,3,HlXyqUIDobMJ,HlXyqUIDobMJ,True,0.9999850234470934,0.9999362495146975,4.877393239588468e-05,0.5500000000000002,True,correct
DBLP,0.6,48,482,conf/vldb/Kiessling02,True,2,6Rn6hsdao-wJ,uS43GVHJ3jQJ,True,0.9999836399189098,0.9999472613932129,3.6378525696934005e-05,0.5500000000000002,True,correct
DBLP,0.6,48,483,conf/sigmod/GrayHOS96,True,17,_EUlTfqD0q0J,dRwl6kpDBjEJ,True,0.999984080498814,0.9999827584166288,1.3220821852844011e-06,0.5500000000000002,True,correct
DBLP,0.6,48,484,conf/sigmod/LiuHBPT99,True,2,BIox2W-EPfEJ,PKQ1dCQIwi0J,True,0.999983281415475,0.9999536243733335,2.9657042141528756e-05,0.5500000000000002,True,correct
DBLP,0.6,48,485,conf/vldb/JermaineDO99,True,2,eawaEzvWj4gJ,eawaEzvWj4gJ,True,0.9999865136180923,0.9997653067597162,0.00022120685837612175,0.5500000000000002,True,correct
DBLP,0.6,48,486,conf/vldb/SizovGT03,True,1,UbQPXbPLMCAJ,UbQPXbPLMCAJ,True,0.9999818221219667,6.335131002037291e-06,0.9999754869909647,0.5500000000000002,True,correct
DBLP,0.6,48,487,conf/vldb/May01,True,1,Fb4oYRM9N4EJ,Fb4oYRM9N4EJ,True,0.9999779082551178,1.0447990342440785e-05,0.9999674602647753,0.5500000000000002,True,correct
DBLP,0.6,48,488,conf/sigmod/AnkerstBKS99,True,6,GFTU2PvKY_gJ,Hj3vyh0TJVsJ,True,0.9999852994390829,0.999984848500417,4.509386658524406e-07,0.5500000000000002,True,correct
DBLP,0.6,48,489,conf/vldb/RahmM95,True,2,6ioboOxJvQIJ,6ioboOxJvQIJ,True,0.9999860832908449,0.9999817632770531,4.3200137918031345e-06,0.5500000000000002,True,correct
DBLP,0.6,48,490,conf/vldb/ChenCFGJMTW99,True,2,Hq3W65us8dkJ,Hq3W65us8dkJ,True,0.9999829947228042,0.9957240272877199,0.004258967435084249,0.5500000000000002,True,correct
DBLP,0.6,48,491,conf/sigmod/AltinelABFSZ99,True,5,4m_zFz0kP7cJ,ebmulQBhqZEJ,True,0.9999855774577697,0.9999836176397944,1.9598179753499423e-06,0.5500000000000002,True,correct
DBLP,0.6,48,492,conf/sigmod/FernandezFKLS97,True,3,4BpkEHas0LcJ,ek26aiEheesJ,True,0.999978020115208,0.9999767552017528,1.2649134552011887e-06,0.5500000000000002,True,correct
DBLP,0.6,48,493,conf/sigmod/KeimK95,True,2,34xG3yx9iiwJ,34xG3yx9iiwJ,True,0.9999738370427971,0.9999486617301437,2.5175312653336057e-05,0.5500000000000002,True,correct
DBLP,0.6,48,494,conf/vldb/LeeLWS97,True,2,3k61gi_ld_UJ,3k61gi_ld_UJ,True,0.9999829636546993,0.9999814999817077,1.463672991586229e-06,0.5500000000000002,True,correct
DBLP,0.6,48,495,conf/sigmod/CruzALRZ97,True,3,uh2lQGa6hQUJ,url:http://www.csa.com/partners/viewrecord.php%3Frequester%3Dgs%26collection%3DTRD%26recid%3D0294187CI,True,0.9999804301571354,0.9999734060583007,7.024098834795822e-06,0.5500000000000002,True,correct
DBLP,0.6,48,496,conf/vldb/ChungCLL01,True,1,mJiDvbtTKWoJ,mJiDvbtTKWoJ,True,0.9999844206937587,1.1576168395479966e-05,0.9999728445253632,0.5500000000000002,True,correct
DBLP,0.6,48,497,conf/vldb/Suciu96,True,2,D45fvUWVon0J,D45fvUWVon0J,True,0.9999864976604703,0.967313382964288,0.03267311469618228,0.5500000000000002,True,correct
DBLP,0.6,48,498,journals/sigmod/JensenCEGHJ94,True,13,9ccpmdcUA5QJ,url:http://portal.acm.org/ft_gateway.cfm%3Fid%3D181560%26type%3Dpdf%26coll%3DGUIDE%26dl%3DACM%26CFID%3D11111111%26CFTOKEN%3D2222222,True,0.9999800315246647,0.9999755856850653,4.445839599465096e-06,0.5500000000000002,True,correct
DBLP,0.6,48,499,conf/vldb/BouguettayaEMO01,True,1,n-tA57d7ydcJ,n-tA57d7ydcJ,True,0.9999868721909012,5.605937660973722e-06,0.9999812662532402,0.5500000000000002,True,correct
DBLP,0.6,48,500,conf/vldb/MedianoCD94,True,1,qwjRkZuiMHsJ,qwjRkZuiMHsJ,True,0.9999687925833468,5.32936090479131e-06,0.999963463222442,0.5500000000000002,True,correct
DBLP,0.6,48,501,conf/vldb/CeriCW00,True,4,bDuu6x2n1tgJ,bDuu6x2n1tgJ,True,0.9999766801771216,0.9999748314092989,1.8487678227208093e-06,0.5500000000000002,True,correct
DBLP,0.6,48,502,journals/sigmod/BestavrosLS96,True,1,RalvsjDuKzsJ,url:http://portal.acm.org/ft_gateway.cfm%3Fid%3D381889%26type%3Dpdf%26dl%3DGUIDE%26dl%3DACM%26CFID%3D11111111%26CFTOKEN%3D2222222,False,0.9998988651438367,0.9998449848173596,5.388032647712926e-05,0.5500000000000002,True,false_link
DBLP,0.6,48,503,conf/vldb/FerrandinaMZFM95,True,4,1hpY5dx3BRIJ,9rofzgQ6HtcJ,True,0.999985214362818,0.9999844131889887,8.011738292790227e-07,0.5500000000000002,True,correct
DBLP,0.6,48,504,conf/vldb/SkubiszewskiV97,True,1,MJAw_2C6ErAJ,MJAw_2C6ErAJ,True,0.9999870593005649,7.99517145014614e-06,0.9999790641291147,0.5500000000000002,True,correct
DBLP,0.6,48,505,conf/vldb/KornLKF98,True,2,ewsBMN0qVa4J,ewsBMN0qVa4J,True,0.999984617210057,0.999982105935494,2.5112745630773148e-06,0.5500000000000002,True,correct
DBLP,0.6,48,506,conf/sigmod/ArefBV95,True,2,ht_8Iq3SZ80J,ht_8Iq3SZ80J,True,0.9999862004364661,0.6019818522457606,0.3980043481907055,0.5500000000000002,True,correct
DBLP,0.6,48,507,journals/tods/Galindo-LegariaR97,True,3,g4p3K22hY_oJ,Vjga5yC23KIJ,True,0.9999854850510603,0.9999797053868271,5.7796642332075265e-06,0.5500000000000002,True,correct
DBLP,0.6,48,508,conf/sigmod/MeccaAMMS98,True,3,I-fmtPvluKEJ,J-7xdqqW5RwJ,True,0.9999829328390861,0.9999824654146546,4.6742443149394575e-07,0.5500000000000002,True,correct
DBLP,0.6,48,509,conf/sigmod/KornM00,True,2,HlhXdvHzlvwJ,HlhXdvHzlvwJ,True,0.999982453973082,0.9999738968799082,8.557093173822139e-06,0.5500000000000002,True,correct
DBLP,0.6,48,510,conf/sigmod/Jhingran00,True,1,uguuV9ATE1YJ,uguuV9ATE1YJ,True,0.9999640491595239,5.872813973299095e-06,0.9999581763455505,0.5500000000000002,True,correct
DBLP,0.6,48,511,conf/vldb/DesslochM97,True,2,CjtIFow-OWcJ,CjtIFow-OWcJ,True,0.9999879299453797,0.999964896160977,2.3033784402715085e-05,0.5500000000000002,True,correct
DBLP,0.6,48,512,journals/tods/ChrysanthisR94,True,1,q2yP1EWKhTcJ,q2yP1EWKhTcJ,True,0.9999843202924996,0.9999455066338273,3.881365867230979e-05,0.5500000000000002,True,correct
DBLP,0.6,48,513,journals/sigmod/NascimentoSP03,True,1,G3QWq2T08SEJ,G3QWq2T08SEJ,True,0.9999603866159538,7.147174163518425e-06,0.9999532394417903,0.5500000000000002,True,correct
DBLP,0.6,48,514,conf/sigmod/KatayamaS97,True,5,8_ZvLWzd8cEJ,DfJERPfnugwJ,True,0.9999812982396253,0.9999808343436144,4.63896010938214e-07,0.5500000000000002,True,correct
DBLP,0.6,48,515,journals/vldb/WidomS00,True,1,url:http://www.springerlink.com/index/JWGUMV8YDL893E3V.pdf,url:http://www.springerlink.com/index/JWGUMV8YDL893E3V.pdf,True,0.8039963538844572,0.026842026801181074,0.7771543270832761,0.5500000000000002,True,correct
DBLP,0.6,48,516,journals/vldb/LaurentLSV01,True,1,TTIgIh9uC_YJ,TTIgIh9uC_YJ,True,0.999985663453023,5.297134369156919e-06,0.9999803663186538,0.5500000000000002,True,correct
DBLP,0.6,48,517,conf/vldb/ChaudhuriW00,True,2,OuM0E0BhEXIJ,OuM0E0BhEXIJ,True,0.999983741002311,0.9999817589982231,1.9820040879636736e-06,0.5500000000000002,True,correct
DBLP,0.6,48,518,conf/sigmod/ShuklaD00,True,3,07dT02YX07AJ,kcrWfQEI9G8J,True,0.9999840003199767,0.9999776849949871,6.315324989625282e-06,0.5500000000000002,True,correct
DBLP,0.6,48,519,conf/vldb/GibbonsMP97,True,1,QKnjF3UgncMJ,QKnjF3UgncMJ,True,0.999969628300728,0.19735729462931437,0.8026123336714136,0.5500000000000002,True,correct
DBLP,0.6,48,520,conf/sigmod/BohannonMR01,True,1,ChD3-mp23f8J,ChD3-mp23f8J,True,0.99998456617687,3.904335581547314e-05,0.9999455228210545,0.5500000000000002,True,correct
DBLP,0.6,48,521,journals/sigmod/RossFS02,False,0,,tOa0zXK5Ba4J,False,0.3666104139759043,0.04373902116083442,0.32287139281506994,0.5500000000000002,False,unmatched_abstention
DBLP,0.6,48,522,conf/vldb/XieH94,True,3,3mIFpmoWAFUJ,7P8_zVPEW64J,True,0.99998716546471,0.9999841803235302,2.9851411798009764e-06,0.5500000000000002,True,correct
DBLP,0.6,48,523,journals/vldb/DanYC95,True,1,SsOLRJZrmtYJ,SsOLRJZrmtYJ,True,0.9999852828448432,0.9911963338802553,0.008788948964587928,0.5500000000000002,True,correct
DBLP,0.6,48,524,conf/vldb/VelegrakisMP03,True,3,gP3ld61I__kJ,gP3ld61I__kJ,True,0.9999829377212582,0.9999780851661395,4.852555118728397e-06,0.5500000000000002,True,correct
DBLP,0.6,48,525,conf/vldb/Sarawagi99,True,2,gz92a8BdTLUJ,W_CVz6V80csJ,True,0.9999770868325589,0.9997492685482925,0.00022781828426643447,0.5500000000000002,True,correct
DBLP,0.6,48,526,conf/sigmod/BilirisDGJR94,True,2,3Lzo6p8X-n4J,3Lzo6p8X-n4J,True,0.9999846457020136,0.9999808728884878,3.772813525815266e-06,0.5500000000000002,True,correct
DBLP,0.6,48,527,journals/tods/BaralisCP96,True,2,6Njy0-27w5cJ,6Njy0-27w5cJ,True,0.9999846316678256,0.9999776924845618,6.939183263776627e-06,0.5500000000000002,True,correct
DBLP,0.6,48,528,journals/sigmod/RossNO03,False,0,,tOa0zXK5Ba4J,False,0.21077770864322895,0.01187853684958415,0.1988991717936448,0.5500000000000002,False,unmatched_abstention
DBLP,0.6,48,529,journals/sigmod/Kim99,False,0,,url:http://portal.acm.org/citation.cfm%3Fid%3D357775%26dl%3DGUIDE%26dl%3DACM%26type%3Dissue%26idx%3DJ777%26part%3Dperiodical%26WantType%3Dperiodical%26title%3DACM%2520Transactions%2520on%2520Database%2520Systems%2520(TODS)%26CFID%3D11111111%26CFTOKEN%3D2222222,False,0.00013411300273046792,2.055824864758252e-05,0.0001135547540828854,0.5500000000000002,False,unmatched_abstention
DBLP,0.6,48,530,conf/vldb/BouganimFV96,True,1,TiffIV1Y6AMJ,TiffIV1Y6AMJ,True,0.9999846456141566,0.3833526303248557,0.6166320152893008,0.5500000000000002,True,correct
DBLP,0.6,48,531,conf/vldb/GardarinGT96,True,3,4NKqwzC5A_wJ,4NKqwzC5A_wJ,True,0.999985033398716,0.999964375936229,2.0657462487028155e-05,0.5500000000000002,True,correct
DBLP,0.6,48,532,conf/vldb/PitouraC99,True,1,6VU-VxcDsFsJ,6VU-VxcDsFsJ,True,0.9999863906715836,5.777686119985663e-06,0.9999806129854636,0.5500000000000002,True,correct
DBLP,0.6,48,533,conf/sigmod/FreedmanD95,True,2,2bao_dZfCuQJ,dt4Mxy8b2hwJ,True,0.9999858639219679,0.9999806372198232,5.226702144645046e-06,0.5500000000000002,True,correct
DBLP,0.6,48,534,journals/tods/MumickFPR96,True,3,foXmpW4KwtkJ,kaZA2eBctgUJ,True,0.9999150554900837,0.9401018649940792,0.05981319049600453,0.5500000000000002,True,correct
DBLP,0.6,48,535,conf/sigmod/RoussopoulosKS99,False,0,,Mg0A5yz-_wYJ,False,2.2615666801468854e-05,6.261850442471652e-06,1.63538163589972e-05,0.5500000000000002,False,unmatched_abstention
DBLP,0.6,48,536,conf/vldb/DyresonBJ99,True,1,FkPcMtplo18J,FkPcMtplo18J,True,0.9999856081931412,6.312208400130181e-06,0.9999792959847411,0.5500000000000002,True,correct
DBLP,0.6,48,537,conf/vldb/JagadishLS99,True,2,5d1R2mD-7MkJ,5d1R2mD-7MkJ,True,0.9999778916474015,0.9998493034659136,0.00012858818148786533,0.5500000000000002,True,correct
DBLP,0.6,48,538,conf/vldb/MorimotoFMTY98,True,2,31YuS02mFq8J,31YuS02mFq8J,True,0.9999836374224098,8.67239094255957e-06,0.9999749650314672,0.5500000000000002,True,correct
DBLP,0.6,48,539,conf/vldb/AcharyaFZ96,True,6,4AK08s31YqUJ,ccEW59Ac84MJ,True,0.9999863268750242,0.9999812787357472,5.048139277041841e-06,0.5500000000000002,True,correct
DBLP,0.6,48,540,journals/vldb/ChirkovaHS02,True,1,NdmocXlpq9QJ,NdmocXlpq9QJ,True,0.9999842626622759,5.666011836160397e-06,0.9999785966504398,0.5500000000000002,True,correct
DBLP,0.6,48,541,conf/vldb/ChaHKK01,True,1,VyOa5Uqsj6AJ,VyOa5Uqsj6AJ,True,0.9999860395313489,6.693322848072993e-06,0.9999793462085008,0.5500000000000002,True,correct
DBLP,0.6,48,542,conf/vldb/ShaferA97,True,1,O4UcgdEM7vYJ,O4UcgdEM7vYJ,True,0.9999867335112762,0.8431874413320001,0.15679929217927613,0.5500000000000002,True,correct
DBLP,0.6,48,543,journals/sigmod/Ouksel03,True,1,8M_z-OUkoxYJ,8M_z-OUkoxYJ,True,0.9999857937007325,2.0981996049254457e-05,0.9999648117046832,0.5500000000000002,True,correct
DBLP,0.6,48,544,conf/vldb/GingrasL98,True,2,9rJeZSGswxYJ,9rJeZSGswxYJ,True,0.9999852890049917,0.9999740160943361,1.1272910655613089e-05,0.5500000000000002,True,correct
DBLP,0.6,48,545,journals/sigmod/JacobS99,True,1,3-iiSyJLwLkJ,3-iiSyJLwLkJ,True,0.9999817347325511,0.9999510972813065,3.063745124465278e-05,0.5500000000000002,True,correct
DBLP,0.6,48,546,journals/vldb/IshakbeyogluO98,True,1,O9A-15rmzOsJ,O9A-15rmzOsJ,True,0.9999827995561129,5.6128813367374355e-06,0.9999771866747762,0.5500000000000002,True,correct
DBLP,0.6,48,547,conf/vldb/WeberSNSS03,True,2,TMPrfw4VcFAJ,wjrZrNrZl4kJ,True,0.9999870847228125,0.9999744791128478,1.2605609964744247e-05,0.5500000000000002,True,correct
DBLP,0.6,48,548,journals/sigmod/BernsteinHP00,True,3,FFzJxlpy6TsJ,FFzJxlpy6TsJ,True,0.9999841100303106,0.9999836230913769,4.869389337303076e-07,0.5500000000000002,True,correct
DBLP,0.6,48,549,conf/vldb/Slutz98,True,1,1blbGQk5ZpUJ,1blbGQk5ZpUJ,True,0.9999833684010859,5.60798563293393e-06,0.9999777604154529,0.5500000000000002,True,correct
DBLP,0.6,48,550,journals/vldb/FiletoLPAM03,True,2,jMQ_SiixnSEJ,VWbm4EeeFNMJ,True,0.9999863012936453,0.9999826820201132,3.6192735320961233e-06,0.5500000000000002,True,correct
DBLP,0.6,48,551,conf/sigmod/ImielinskiV95,True,1,dKMRgoNRQDgJ,dKMRgoNRQDgJ,True,0.9999812241133034,5.804327589961832e-06,0.9999754197857134,0.5500000000000002,True,correct
DBLP,0.6,48,552,conf/vldb/JagadishKMPSS98,True,3,0iiNS8BIbsUJ,0iiNS8BIbsUJ,True,0.9999843963532781,0.9999835878349336,8.085183444972444e-07,0.5500000000000002,True,correct
DBLP,0.6,48,553,journals/vldb/Amer-YahiaCLS02,True,2,79CvVWsqYLcJ,SdqZz-Rnmk4J,True,0.9999812167705125,0.9999616287710467,1.958799946588652e-05,0.5500000000000002,True,correct
DBLP,0.6,48,554,journals/tods/KotidisR01,True,1,04utamFvle4J,04utamFvle4J,True,0.9999842324671481,4.326540992149148e-05,0.9999409670572266,0.5500000000000002,True,correct
DBLP,0.6,48,555,journals/sigmod/OConnellW03,True,1,SeDkIL_DlRwJ,SeDkIL_DlRwJ,True,0.9999208217233941,5.606563202300726e-06,0.9999152151601919,0.5500000000000002,True,correct
DBLP,0.6,48,556,journals/tods/BaekgaardM95,True,1,6UycFCZooDoJ,6UycFCZooDoJ,True,0.9999678839259716,1.2158862965852587e-05,0.9999557250630057,0.5500000000000002,True,correct
DBLP,0.6,48,557,conf/vldb/DillKMRST01,True,3,_dtqcPU4NdkJ,eZoS-yciSRsJ,True,0.999982909711176,0.9999644578177357,1.845189344029663e-05,0.5500000000000002,True,correct
DBLP,0.6,48,558,conf/sigmod/VitterW99,True,2,1UFq52qqErUJ,P5oJUiow7lsJ,True,0.999980749330008,0.9999770699790899,3.679350918162072e-06,0.5500000000000002,True,correct
DBLP,0.6,48,559,conf/sigmod/Chakrabarti99,True,1,url:http://portal.acm.org/ft_gateway.cfm%3Fid%3D304231%26type%3Dpdf%26dl%3DGUIDE%26dl%3DACM%26CFID%3D11111111%26CFTOKEN%3D2222222,url:http://portal.acm.org/ft_gateway.cfm%3Fid%3D304231%26type%3Dpdf%26dl%3DGUIDE%26dl%3DACM%26CFID%3D11111111%26CFTOKEN%3D2222222,True,0.9998796655194688,0.0024242257335482013,0.9974554397859207,0.5500000000000002,True,correct
DBLP,0.6,48,560,conf/sigmod/NatsevRS99,True,3,OtJVavxuuYgJ,OtJVavxuuYgJ,True,0.9999518977693607,0.9999007894819371,5.1108287423606846e-05,0.5500000000000002,True,correct
DBLP,0.6,48,561,conf/sigmod/CookKWZ96,True,1,5MTgNlhnyTgJ,5MTgNlhnyTgJ,True,0.9999850703914879,2.276805619629861e-05,0.9999623023352916,0.5500000000000002,True,correct
DBLP,0.6,48,562,journals/sigmod/Yang94,True,1,sHJ914nPZtUJ,sHJ914nPZtUJ,True,0.9999859325485136,6.5559930754928164e-06,0.9999793765554381,0.5500000000000002,True,correct
DBLP,0.6,48,563,journals/sigmod/ChaudhuriD97,True,14,1oCTwvC32jkJ,zlbJ-7JZdP0J,True,0.9999862763318971,0.9999843041947064,1.972137190664469e-06,0.5500000000000002,True,correct
DBLP,0.6,48,564,conf/vldb/BohannonFHRRS02,True,1,zYfyg0fCzEsJ,zYfyg0fCzEsJ,True,0.9999851151163927,5.790439292106672e-06,0.9999793246771006,0.5500000000000002,True,correct
DBLP,0.6,48,565,conf/vldb/HelmerNM03,True,1,8-HpAN0xpjcJ,8-HpAN0xpjcJ,True,0.9999868939817478,5.59142014942839e-06,0.9999813025615983,0.5500000000000002,True,correct
DBLP,0.6,48,566,conf/sigmod/ZhaoDNS98,True,7,6AK0GF7jAtsJ,MjGo7AhsPSsJ,True,0.9999877259974196,0.9999869180820707,8.079153488438351e-07,0.5500000000000002,True,correct
DBLP,0.6,48,567,conf/vldb/OzdenGHNSDGGW01,True,2,url:http://portal.acm.org/citation.cfm%3Fid%3D645927.672352,url:http://portal.acm.org/citation.cfm%3Fid%3D645927.672352,True,0.9999828459967741,0.9999776619786107,5.184018163406634e-06,0.5500000000000002,True,correct
DBLP,0.6,48,568,journals/vldb/Antoshenkov97,True,1,gleX-n_dgkcJ,gleX-n_dgkcJ,True,0.9999852994390829,0.5425584149102696,0.4574268845288133,0.5500000000000002,True,correct
DBLP,0.6,48,569,conf/sigmod/BrodskyK95,True,2,6t_N5axEm7cJ,SFmnhrhoQzgJ,True,0.9999781279467005,0.9998004583605968,0.00017766958610365702,0.5500000000000002,True,correct
DBLP,0.6,48,570,conf/sigmod/Doherty98,True,1,7aUag74jtdIJ,7aUag74jtdIJ,True,0.9999874187562504,1.5631274599559857e-05,0.9999717874816508,0.5500000000000002,True,correct
DBLP,0.6,48,571,conf/sigmod/TsurUACMNR98,True,5,aym35wwVDlQJ,aym35wwVDlQJ,True,0.9999804780992727,0.9999776949521664,2.783147106333317e-06,0.5500000000000002,True,correct
DBLP,0.6,48,572,conf/sigmod/Ullman03,True,1,TabFkjNTLMsJ,TabFkjNTLMsJ,True,0.9999854992048617,8.597880797447025e-06,0.9999769013240642,0.5500000000000002,True,correct
DBLP,0.6,48,573,conf/vldb/TaoP02,True,1,7ZyV9ivZySQJ,7ZyV9ivZySQJ,True,0.9999807693303939,8.135688133160255e-06,0.9999726336422607,0.5500000000000002,True,correct
DBLP,0.6,48,574,conf/vldb/HardingLM03,False,0,,L9b9MvkOnWcJ,False,5.680658005796496e-06,5.614508833183805e-06,6.614917261269128e-08,0.5500000000000002,False,unmatched_abstention
DBLP,0.6,48,575,conf/sigmod/SaltenisJLL00,True,11,a7v0bHRrpjMJ,e0UYPB4kRCYJ,True,0.9999837733766086,0.9999801114592829,3.6619173257035342e-06,0.5500000000000002,True,correct
DBLP,0.6,48,576,conf/vldb/HaasB03,True,2,52x78w6qgcwJ,-sWlL27yCP0J,True,0.9999834722496781,0.999976821520654,6.650729024060276e-06,0.5500000000000002,True,correct
DBLP,0.6,48,577,journals/sigmod/WolfsonSDNR95,True,1,R51Yi7sWJ6EJ,R51Yi7sWJ6EJ,True,0.999985084764714,6.790108738872557e-06,0.9999782946559752,0.5500000000000002,True,correct
DBLP,0.6,48,578,conf/sigmod/KemperMPS94,True,1,ChCPyLiBpr4J,ChCPyLiBpr4J,True,0.9999840523269008,1.322631712828056e-05,0.9999708260097725,0.5500000000000002,True,correct
DBLP,0.6,48,579,journals/sigmod/Danish98,True,2,J2Mi5B81Il0J,mKZyoPZArGcJ,True,0.999982337461618,0.0009860345583075822,0.9989963029033104,0.5500000000000002,True,correct
DBLP,0.6,48,580,journals/sigmod/BoulosO99,True,2,0mk_QzaJKHEJ,yzbCsw2erkcJ,True,0.9999814414391243,0.998752052239841,0.0012293891992832817,0.5500000000000002,True,correct
DBLP,0.6,48,581,journals/sigmod/SnodgrassAABCDEGJKKKLLRSSS94a,True,2,12xRfc32PXoJ,12xRfc32PXoJ,True,0.17627128164890657,0.000849305505781483,0.17542197614312507,0.5500000000000002,False,missing_match
DBLP,0.6,48,582,conf/vldb/KriegelPS00,True,2,DOOggMfdGYoJ,VSQ0v1UlIvoJ,True,0.9999837273517119,0.9999781575246953,5.569827016604911e-06,0.5500000000000002,True,correct
DBLP,0.6,48,583,conf/vldb/BelloDDFNSWZ98,True,3,v-A9Q61fYy4J,zrMFWOX1h2MJ,True,0.9999839623124043,0.9999555555460672,2.840676633708572e-05,0.5500000000000002,True,correct
DBLP,0.6,48,584,journals/vldb/AtluriJY03,True,1,url:http://www.springerlink.com/index/589TQRPPVBXQ6LJN.pdf,url:http://www.springerlink.com/index/RTCC57FUUW3CADRF.pdf,False,0.9938957297714476,0.487498385213496,0.5063973445579516,0.5500000000000002,True,false_link
DBLP,0.6,48,585,journals/sigmod/GamacheS95,True,1,vqgfvx71hgQJ,vqgfvx71hgQJ,True,0.9999862641942069,5.523017175230449e-06,0.9999807411770316,0.5500000000000002,True,correct
DBLP,0.6,48,586,journals/vldb/C95a,False,0,,ciB46ylPwJ8J,False,0.0010384574086561656,0.0007767325420906834,0.0002617248665654822,0.5500000000000002,False,unmatched_abstention
DBLP,0.6,48,587,conf/sigmod/Toyama98,True,1,h4OQc4N4kjIJ,h4OQc4N4kjIJ,True,0.9999873071603653,9.473015565568967e-06,0.9999778341447998,0.5500000000000002,True,correct
DBLP,0.6,48,588,conf/vldb/HageJPST03,True,3,6dAWUHYKqFUJ,xDDdtO9n_pwJ,True,0.9999868587004838,0.9999848197767621,2.0389237216367206e-06,0.5500000000000002,True,correct
DBLP,0.6,48,589,conf/vldb/ChawatheCY94,True,1,VPwP1w9wvhEJ,VPwP1w9wvhEJ,True,0.9999850711318334,5.4148914434671006e-06,0.99997965624039,0.5500000000000002,True,correct
DBLP,0.6,48,590,conf/sigmod/Team02,True,1,r5oJTEjlOPgJ,r5oJTEjlOPgJ,True,0.9997129960076461,6.269486964229894e-06,0.9997067265206818,0.5500000000000002,True,correct
DBLP,0.6,48,591,journals/tods/ChakrabartiKMP02,True,4,_nOW6fmEcTEJ,eHY42LnL_lsJ,True,0.9999828668255506,0.9999826412948079,2.2553074274789253e-07,0.5500000000000002,True,correct
DBLP,0.6,48,592,conf/vldb/CuiW01,True,1,SaOd6rDz5ZgJ,SaOd6rDz5ZgJ,True,0.9999833191437466,2.6863263596713162e-05,0.9999564558801499,0.5500000000000002,True,correct
DBLP,0.6,48,593,conf/vldb/BernsteinHJRW00,True,3,0KiQzAIFlJkJ,KlPsHutXQi8J,True,0.9999790511336274,0.9999438020659952,3.52490676321926e-05,0.5500000000000002,True,correct
DBLP,0.6,48,594,conf/sigmod/CruzJ99,True,1,vXMwU21-7HMJ,vXMwU21-7HMJ,True,0.999984445144612,0.00041280735171086416,0.9995716377929011,0.5500000000000002,True,correct
DBLP,0.6,48,595,conf/vldb/LaneEN00,True,2,0O3JgOoSdIUJ,EUNYWV7uBTwJ,True,0.999951433894714,0.9986609083136949,0.001290525581019053,0.5500000000000002,True,correct
DBLP,0.6,48,596,conf/vldb/Cluet03,True,1,faRBjw1op8YJ,faRBjw1op8YJ,True,0.9999586452035929,1.7214704297013554e-05,0.9999414304992958,0.5500000000000002,True,correct
DBLP,0.6,48,597,conf/vldb/OzsuLON01,True,2,qqdXmdgAaMgJ,qqdXmdgAaMgJ,True,0.9999837876534381,0.9999701925386719,1.3595114766173921e-05,0.5500000000000002,True,correct
DBLP,0.6,48,598,journals/sigmod/DrewHKKLLLSW95,True,2,9fcJjh5vHn8J,9fcJjh5vHn8J,True,0.9999871673495023,0.9999864810651415,6.862843607846614e-07,0.5500000000000002,True,correct
DBLP,0.6,48,599,conf/sigmod/GetoorTK01,True,2,99N4rXNdaqMJ,99N4rXNdaqMJ,True,0.9999793263445266,0.9999739806354228,5.34570910382115e-06,0.5500000000000002,True,correct
DBLP,0.6,48,600,conf/sigmod/ChaudhuriMN98,True,8,3fEogSGG3wQJ,hvMTb3FYOjQJ,True,0.9999779728178693,0.9999766672304325,1.3055874367173814e-06,0.5500000000000002,True,correct
DBLP,0.6,48,601,conf/sigmod/GuptaHR97,True,2,pGix0qZ6Uz4J,pGix0qZ6Uz4J,True,0.9999870572271019,0.9999006301336726,8.642709342931987e-05,0.5500000000000002,True,correct
DBLP,0.6,48,602,conf/vldb/Amer-YahiaCD98,True,3,9nmG2KCklEcJ,9nmG2KCklEcJ,True,0.9999851360536507,0.9999826458797335,2.490173917180094e-06,0.5500000000000002,True,correct
DBLP,0.6,48,603,conf/vldb/PoulovassilisS94,True,1,0BMQ7HirTaUJ,0BMQ7HirTaUJ,True,0.9999722734275454,0.9993304654680254,0.0006418079595199577,0.5500000000000002,True,correct
DBLP,0.6,48,604,conf/vldb/KarayannidisTSPMRFEB02,True,1,9KiPVAodKnYJ,9KiPVAodKnYJ,True,0.999985820554533,9.277601236380492e-06,0.9999765429532966,0.5500000000000002,True,correct
DBLP,0.6,48,605,conf/vldb/PossP03,True,1,DYZlq4rntjwJ,DYZlq4rntjwJ,True,0.9999834119455013,9.225748582797741e-06,0.9999741861969186,0.5500000000000002,True,correct
DBLP,0.6,48,606,conf/sigmod/MiloAABN03,True,2,fHp5E4Rxt7cJ,fHp5E4Rxt7cJ,True,0.9999749090558745,0.9999708875333863,4.021522488240059e-06,0.5500000000000002,True,correct
DBLP,0.6,48,607,conf/sigmod/FernandezS96,True,4,66uAX5EPtKcJ,66uAX5EPtKcJ,True,0.9999833430361015,0.9999283289602561,5.501407584540541e-05,0.5500000000000002,True,correct
DBLP,0.6,48,608,conf/sigmod/FreireHRRS02,True,5,1p-q7eofLWIJ,1p-q7eofLWIJ,True,0.999983802798187,0.9999785559105063,5.246887680665502e-06,0.5500000000000002,True,correct
DBLP,0.6,48,609,journals/sigmod/Qian94,True,1,url:http://portal.acm.org/ft_gateway.cfm%3Fid%3D187462%26type%3Dpdf%26coll%3DGUIDE%26dl%3DACM%26CFID%3D11111111%26CFTOKEN%3D2222222,url:http://portal.acm.org/ft_gateway.cfm%3Fid%3D187462%26type%3Dpdf%26coll%3DGUIDE%26dl%3DACM%26CFID%3D11111111%26CFTOKEN%3D2222222,True,0.9999847898672842,7.017985824201417e-06,0.99997777188146,0.5500000000000002,True,correct
DBLP,0.6,48,610,conf/sigmod/Cotton02,True,1,url:http://portal.acm.org/ft_gateway.cfm%3Fid%3D564792%26type%3Dpdf,url:http://portal.acm.org/ft_gateway.cfm%3Fid%3D564792%26type%3Dpdf,True,0.9999635090411171,2.477201827691345e-05,0.9999387370228402,0.5500000000000002,True,correct
DBLP,0.6,48,611,conf/vldb/GaasterlandL94,True,2,cVgF0jn9q6MJ,oIFrkS2rPrcJ,True,0.9999868378551944,0.5170648251916883,0.4829220126635061,0.5500000000000002,True,correct
DBLP,0.6,48,612,conf/vldb/KilgerM94,True,1,OzgnxugGCWMJ,OzgnxugGCWMJ,True,0.9999838371304466,5.688046814240429e-06,0.9999781490836324,0.5500000000000002,True,correct
DBLP,0.6,48,613,conf/sigmod/AbadiC02,True,1,f2Lea-RN8dsJ,f2Lea-RN8dsJ,True,0.9999831678463177,5.488844843710588e-06,0.9999776790014739,0.5500000000000002,True,correct
DBLP,0.6,48,614,journals/vldb/NanopoulosM02,True,1,icoWjIZ_6IIJ,icoWjIZ_6IIJ,True,0.9999849751372076,5.766638128254454e-06,0.9999792084990794,0.5500000000000002,True,correct
DBLP,0.6,48,615,journals/sigmod/ReichB98,True,2,HzOZXA_VJk8J,HzOZXA_VJk8J,True,0.99998389424556,0.9999597263130642,2.4167932495822164e-05,0.5500000000000002,True,correct
DBLP,0.6,48,616,conf/sigmod/ChaudhuriGGM03,True,2,H5IdN0_MQw4J,H5IdN0_MQw4J,True,0.9999849200288566,0.9999842460696303,6.739592263160787e-07,0.5500000000000002,True,correct
DBLP,0.6,48,617,journals/vldb/Halevy02,True,1,url:http://www.springerlink.com/index/6UEYKJ4UQTK18H6D.pdf,url:http://www.springerlink.com/index/6UEYKJ4UQTK18H6D.pdf,True,0.7170720461454644,0.4474471689898093,0.2696248771556551,0.5500000000000002,True,correct
DBLP,0.6,48,618,conf/vldb/DeutschT03,True,1,qkJ_IyVmLfUJ,qkJ_IyVmLfUJ,True,0.9999855517833437,5.548426143277225e-06,0.9999800033572004,0.5500000000000002,True,correct
DBLP,0.6,48,619,journals/sigmod/RafanelliBT96,True,1,MfWZUBAVPFUJ,MfWZUBAVPFUJ,True,0.9999851559422481,6.6014474106964346e-06,0.9999785544948374,0.5500000000000002,True,correct
DBLP,0.6,48,620,journals/sigmod/Alonso94b,False,0,,url:http://www.springerlink.com/index/X256555608656055.pdf,False,2.1392596363932624e-05,1.3253160487651544e-05,8.139435876281079e-06,0.5500000000000002,False,unmatched_abstention
DBLP,0.6,48,621,journals/sigmod/KoksalAD98,True,2,c2UQ3AM5_f8J,enYoi4XT7n0J,True,0.9999831571361462,0.37023196605796826,0.6297511910781779,0.5500000000000002,True,correct
DBLP,0.6,48,622,conf/sigmod/FukudaMMT96a,True,3,fSKep047pbgJ,WOCgxlV_LgoJ,True,0.9999811533241263,0.9999807350417826,4.18282343650489e-07,0.5500000000000002,True,correct
DBLP,0.6,48,623,conf/vldb/LiPHCAAT03,True,1,eSC19V7zgtsJ,eSC19V7zgtsJ,True,0.9999843264370194,7.930925759488906e-06,0.9999763955112599,0.5500000000000002,True,correct
DBLP,0.6,48,624,journals/sigmod/VelACM01,True,1,LseDURw3BXMJ,LseDURw3BXMJ,True,0.9999741083578301,5.321798511009776e-06,0.9999687865593191,0.5500000000000002,True,correct
DBLP,0.6,48,625,journals/sigmod/Seligman97,True,1,url:http://portal.acm.org/citation.cfm%3Fid%3D601858.601872%26dl%3DGUIDE%26dl%3Dacm%26type%3Dissue%26idx%3DJ689%26part%3Dperiodical%26WantType%3Dperiodical%26title%3DACM%2520SIGMOD%2520Record%26CFID%3D11111111%26CFTOKEN%3D2222222,url:http://portal.acm.org/citation.cfm%3Fid%3D601858.601872%26dl%3DGUIDE%26dl%3Dacm%26type%3Dissue%26idx%3DJ689%26part%3Dperiodical%26WantType%3Dperiodical%26title%3DACM%2520SIGMOD%2520Record%26CFID%3D11111111%26CFTOKEN%3D2222222,True,0.999973672981422,6.265291103021357e-06,0.999967407690319,0.5500000000000002,True,correct
DBLP,0.6,48,626,conf/vldb/LabioYCGW00,True,1,-UILVcP4CZ8J,-UILVcP4CZ8J,True,0.999983171056436,6.477531813897638e-06,0.999976693524622,0.5500000000000002,True,correct
DBLP,0.6,48,627,journals/sigmod/Wong95,True,1,7F9iCGggYVgJ,7F9iCGggYVgJ,True,0.9999864871232526,5.524571197326202e-06,0.9999809625520553,0.5500000000000002,True,correct
DBLP,0.6,48,628,conf/sigmod/LakshmananPZ03a,True,2,4sJ3mLPGGVQJ,4sJ3mLPGGVQJ,True,0.9999873489614765,0.9999752549926738,1.209396880264002e-05,0.5500000000000002,True,correct
DBLP,0.6,48,629,conf/vldb/TsurAADKW01,True,1,PvNI0yqRqtQJ,PvNI0yqRqtQJ,True,0.9999778342675683,7.588884490639286e-06,0.9999702453830777,0.5500000000000002,True,correct
DBLP,0.6,48,630,conf/sigmod/KornackerMH97,True,4,J8sGEkYqAFcJ,O81USJg2EhwJ,True,0.9999833632772374,0.9999816220000052,1.7412772321812042e-06,0.5500000000000002,True,correct
DBLP,0.6,48,631,conf/sigmod/AbiteboulCM95,True,3,4GT0Krd9RP0J,DakOA4Ew-poJ,True,0.9999696438792721,0.9999559325091688,1.3711370103308695e-05,0.5500000000000002,True,correct
DBLP,0.6,48,632,conf/vldb/CarneyCCCLSSTZ02,True,5,1J26mBTxdS0J,1J26mBTxdS0J,True,0.9999819589360353,0.9999737739924223,8.184943612987716e-06,0.5500000000000002,True,correct
DBLP,0.6,48,633,journals/vldb/CliftonGB95,True,1,YkIvdNOC64cJ,YkIvdNOC64cJ,True,0.9999871803519177,6.644193761234962e-06,0.9999805361581564,0.5500000000000002,True,correct
DBLP,0.6,48,634,journals/sigmod/JaegerF95,True,2,oacFELqmw0cJ,oacFELqmw0cJ,True,0.999945346186636,0.9999280354988216,1.7310687814409143e-05,0.5500000000000002,True,correct
DBLP,0.6,48,635,conf/vldb/Kornacker99,True,1,aOmma8tnFKIJ,aOmma8tnFKIJ,True,0.9999852991867324,6.018972825872113e-06,0.9999792802139065,0.5500000000000002,True,correct
DBLP,0.6,48,636,conf/sigmod/Mohan01,True,1,IGS3TtqfKUgJ,IGS3TtqfKUgJ,True,0.9999691680893545,0.9999121330242646,5.7035065089916515e-05,0.5500000000000002,True,correct
DBLP,0.6,48,637,conf/vldb/MuntzR94,True,1,o9DfGI9zsloJ,o9DfGI9zsloJ,True,0.9999848353891625,5.65089683116158e-06,0.9999791844923314,0.5500000000000002,True,correct
DBLP,0.6,48,638,conf/vldb/RaghavanG01,True,3,9Wo54Wyh_X8J,LcX8Pm2ABJsJ,True,0.9999834241535367,0.9999710379797152,1.23861738214881e-05,0.5500000000000002,True,correct
DBLP,0.6,48,639,journals/sigmod/AbererCDDHPS03,True,1,hBrgosYDi3oJ,hBrgosYDi3oJ,True,0.9999773366620034,0.002511127867213093,0.9974662087947903,0.5500000000000002,True,correct
DBLP,0.6,48,640,conf/sigmod/ChaudhuriDY95,True,2,0LRr6nTypA4J,aaQEdfkjWN8J,True,0.9999852415939274,0.9999833247582687,1.9168356587551116e-06,0.5500000000000002,True,correct
DBLP,0.6,48,641,conf/sigmod/HsuLG00,True,2,AvYMafGTVLEJ,kxIpDxLD46gJ,True,0.9999854083425049,0.9999657258880605,1.9682454444391873e-05,0.5500000000000002,True,correct
DBLP,0.6,48,642,journals/tods/LeveneL99,True,1,iwPgaJ1eQrkJ,iwPgaJ1eQrkJ,True,0.9999822763809256,5.942238773799081e-06,0.9999763341421518,0.5500000000000002,True,correct
DBLP,0.6,48,643,journals/vldb/C94a,False,0,,url:http://www.springerlink.com/index/W80L2810707344M1.pdf,False,0.011840248357221143,0.00021413648958462013,0.011626111867636523,0.5500000000000002,False,unmatched_abstention
DBLP,0.6,48,644,conf/vldb/AdiBEY00,True,3,R5o2TUro03MJ,RkjggE7xhN0J,True,0.9999850844660056,0.9999785324617219,6.552004283788548e-06,0.5500000000000002,True,correct
DBLP,0.6,48,645,journals/tods/TaoPZ02,True,1,CxBJwFNdozAJ,CxBJwFNdozAJ,True,0.9999853701363116,5.583075899804174e-06,0.9999797870604118,0.5500000000000002,True,correct
DBLP,0.6,48,646,conf/sigmod/RaoR00,True,1,wp2_GObi-XkJ,wp2_GObi-XkJ,True,0.999986351367378,1.3311694330192788e-05,0.9999730396730478,0.5500000000000002,True,correct
DBLP,0.6,48,647,conf/vldb/Hammond96,True,1,LDxiVdRU6EEJ,LDxiVdRU6EEJ,True,0.9999858247458516,7.012854303739005e-06,0.9999788118915479,0.5500000000000002,True,correct
DBLP,0.6,48,648,journals/sigmod/DoanPSB97,True,2,fdM1W8iEk_YJ,fdM1W8iEk_YJ,True,0.9999866460028237,0.9999769007170516,9.745285772133627e-06,0.5500000000000002,True,correct
DBLP,0.6,48,649,conf/sigmod/HinneburgK99,True,3,C9imFvgrSvAJ,C9imFvgrSvAJ,True,0.9999830486243254,0.9999802630681984,2.7855561269829465e-06,0.5500000000000002,True,correct
DBLP,0.6,48,650,conf/sigmod/HanPDW01,True,3,CnAw9v-vEjwJ,ue3gCyIirokJ,True,0.9999856883421435,0.9999827812566623,2.907085481229643e-06,0.5500000000000002,True,correct
DBLP,0.6,48,651,conf/vldb/FankhauserGLMT98,True,2,jGFfS5lAyLQJ,JnwUAxUMwvQJ,True,0.9999882252084888,0.9999854629418756,2.762266613220987e-06,0.5500000000000002,True,correct
DBLP,0.6,48,652,conf/sigmod/Smith01,True,2,5wh3Y-mBqJQJ,5wh3Y-mBqJQJ,True,0.8488543906781331,0.03203647727963075,0.8168179133985023,0.5500000000000002,True,correct
DBLP,0.6,48,653,conf/vldb/Kleewein96,True,1,rXaCSxty6AAJ,rXaCSxty6AAJ,True,0.9999848300228555,5.97458262712731e-06,0.9999788554402285,0.5500000000000002,True,correct
DBLP,0.6,48,654,journals/sigmod/Liu02a,False,0,,url:http://portal.acm.org/citation.cfm%3Fid%3D945721.945727%26coll%3DGUIDE%26dl%3DACM%26idx%3DJ689%26part%3Dperiodical%26WantType%3Dperiodical%26title%3DACM%2520SIGMOD%2520Record%26CFID%3D11111111%26CFTOKEN%3D2222222,False,0.0001166953525969205,0.00010366216666739139,1.3033185929529106e-05,0.5500000000000002,False,unmatched_abstention
DBLP,0.6,48,655,conf/sigmod/Weininger00,True,1,url:http://portal.acm.org/citation.cfm%3Fid%3D335465,url:http://portal.acm.org/citation.cfm%3Fid%3D335465,True,0.9999863272922828,5.529636654807305e-06,0.999980797655628,0.5500000000000002,True,correct
DBLP,0.6,48,656,conf/sigmod/MayrS99,True,1,1lRZz4bZvxEJ,1lRZz4bZvxEJ,True,0.9999836180928603,7.705451176477372e-06,0.9999759126416838,0.5500000000000002,True,correct
DBLP,0.6,48,657,journals/vldb/MaratheS02,True,1,z6JEYoArZmsJ,z6JEYoArZmsJ,True,0.9999803984044889,1.2542249971797886e-05,0.9999678561545171,0.5500000000000002,True,correct
DBLP,0.6,48,658,conf/sigmod/RinfretOO01,True,1,pyqtmrPg24YJ,pyqtmrPg24YJ,True,0.9999707666807549,5.787888615551286e-06,0.9999649787921393,0.5500000000000002,True,correct
DBLP,0.6,48,659,journals/sigmod/McHughAGQW97,True,7,0VMP__pyg_4J,FUXcNB3HHi4J,True,0.999982784442001,0.9999812171287641,1.5673132368609899e-06,0.5500000000000002,True,correct
DBLP,0.6,48,660,journals/vldb/PottingerH01,True,4,eXceb1SMqE4J,Kv3ZFRUKCogJ,True,0.9999845145608864,0.9997437317776356,0.0002407827832507925,0.5500000000000002,True,correct
DBLP,0.6,48,661,conf/sigmod/Bussler01,True,1,UYIeOe280OwJ,UYIeOe280OwJ,True,0.9998009410357952,0.9685637648882021,0.031237176147593138,0.5500000000000002,True,correct
DBLP,0.6,48,662,conf/sigmod/Krishnamurthy03,False,0,,kHi1YOTBmlkJ,False,1.8919427867385246e-05,1.4531347518359772e-05,4.388080349025474e-06,0.5500000000000002,False,unmatched_abstention
DBLP,0.6,48,663,conf/sigmod/Ramanan02,True,1,VGe-IBWyMm4J,VGe-IBWyMm4J,True,0.9999843477074438,0.5337056119507037,0.46627873575674017,0.5500000000000002,True,correct
DBLP,0.6,48,664,conf/vldb/NicklasGS03,True,1,zApMW7wX5-AJ,zApMW7wX5-AJ,True,0.999987170151701,5.413192749055386e-06,0.999981756958952,0.5500000000000002,True,correct
DBLP,0.6,48,665,conf/sigmod/SchleimerWA03,True,1,nCRFjDfhOmcJ,nCRFjDfhOmcJ,True,0.9999828263546753,5.718739856383802e-06,0.999977107614819,0.5500000000000002,True,correct
DBLP,0.6,48,666,conf/sigmod/AgrawalCD02,True,1,iABZEL2Zoz8J,iABZEL2Zoz8J,True,0.9999857161851905,0.0006826215997674703,0.999303094585423,0.5500000000000002,True,correct
DBLP,0.6,48,667,conf/vldb/CareyKSSS00,True,2,fRo4fx_Q6gIJ,fRo4fx_Q6gIJ,True,0.9999858988485263,0.9999826350361682,3.2638123580452927e-06,0.5500000000000002,True,correct
DBLP,0.6,48,668,journals/sigmod/RossFLOSSVW00,False,0,,tOa0zXK5Ba4J,False,0.15424861014993774,0.10220284889628951,0.05204576125364822,0.5500000000000002,False,unmatched_abstention
DBLP,0.6,48,669,conf/vldb/LiCHPALHAY01,True,1,Nn0x6RmkrVwJ,Nn0x6RmkrVwJ,True,0.9999846406494253,1.0602687662595272e-05,0.9999740379617627,0.5500000000000002,True,correct
DBLP,0.6,48,670,conf/sigmod/LangS01,True,2,FFQc9XpGFRsJ,FFQc9XpGFRsJ,True,0.9999863879457859,0.9999807039494276,5.68399635825223e-06,0.5500000000000002,True,correct
DBLP,0.6,48,671,conf/sigmod/WangSSZZW00,True,2,CaplZan57x4J,CaplZan57x4J,True,0.9999784434881875,0.9998946694112538,8.377407693371808e-05,0.5500000000000002,True,correct
DBLP,0.6,48,672,journals/vldb/MuckP97,True,1,yHSQJtyFciMJ,yHSQJtyFciMJ,True,0.9997488110560881,5.482305565127925e-06,0.9997433287505231,0.5500000000000002,True,correct
DBLP,0.6,48,673,conf/vldb/Ramanan03,True,2,QCJEyGp-iZcJ,QCJEyGp-iZcJ,True,0.9999849193960721,0.9999138493040798,7.107009199236458e-05,0.5500000000000002,True,correct
DBLP,0.6,48,674,conf/vldb/PopaVMHF02,True,3,J0jQGfOjVZ4J,qJ4lzBFzjdgJ,True,0.9999806141057873,0.9999706058003639,1.0008305423414576e-05,0.5500000000000002,True,correct
DBLP,0.6,48,675,conf/sigmod/NgWY01,True,1,TShyzmLNvtoJ,TShyzmLNvtoJ,True,0.9999714871445662,8.31600738037439e-06,0.9999631711371858,0.5500000000000002,True,correct
DBLP,0.6,48,676,conf/vldb/ChienTZ01,True,2,eWCz_YJFqjcJ,eWCz_YJFqjcJ,True,0.9999853804152649,0.999979250102355,6.130312909857771e-06,0.5500000000000002,True,correct
DBLP,0.6,48,677,journals/tods/DyresonS98,True,1,dvlv3BMgYrIJ,dvlv3BMgYrIJ,True,0.9999814062034122,0.9995994259520826,0.00038198025132962776,0.5500000000000002,True,correct
DBLP,0.6,48,678,conf/sigmod/FranklinJK96,True,7,0e3bs1VFPvAJ,yY5hMqazRHoJ,True,0.9999854148117714,0.9999767635573801,8.65125439131198e-06,0.5500000000000002,True,correct
DBLP,0.6,48,679,journals/tods/KossmannFDA00,True,1,8tDPAHGDRggJ,8tDPAHGDRggJ,True,0.9999865772986144,5.5117307279891704e-06,0.9999810655678865,0.5500000000000002,True,correct
DBLP,0.6,48,680,conf/vldb/CarinoJ98,True,1,LF2aUSIWko4J,LF2aUSIWko4J,True,0.9999874594244664,5.573059039192007e-06,0.9999818863654273,0.5500000000000002,True,correct
DBLP,0.6,48,681,journals/sigmod/Huyn01,True,1,KNYDz76C_HsJ,KNYDz76C_HsJ,True,0.9999870660123567,1.3073237704956438e-05,0.9999739927746517,0.5500000000000002,True,correct
DBLP,0.6,48,682,journals/vldb/CasatiSG01,True,1,347oyb_b7DAJ,m7vgjeCVUnEJ,False,0.0013904943270818284,0.0004467441988727276,0.0009437501282091008,0.5500000000000002,False,missing_match
DBLP,0.6,48,683,conf/vldb/RiedelGF98,True,3,DFXKdJJtFsQJ,f2N_DxLirWIJ,True,0.9999860965165646,0.9999745133334416,1.1583183122998442e-05,0.5500000000000002,True,correct
DBLP,0.6,48,684,conf/sigmod/WangJLY03,True,1,EQsWWZdE45wJ,EQsWWZdE45wJ,True,0.9999853807498719,5.689522473240714e-06,0.9999796912273986,0.5500000000000002,True,correct
DBLP,0.6,48,685,conf/vldb/MohaniaS94,True,1,JORYEDHKYSMJ,JORYEDHKYSMJ,True,0.9999821055941945,0.00011479448966798301,0.9998673111045265,0.5500000000000002,True,correct
DBLP,0.6,48,686,conf/vldb/RamasamyPNK00,True,1,wR0R0jS5J6oJ,wR0R0jS5J6oJ,True,0.999985520720381,5.867741913415112e-06,0.9999796529784676,0.5500000000000002,True,correct
DBLP,0.6,48,687,conf/vldb/BerckenSW97,True,3,hIMueG-GeNsJ,w90oK0t46SAJ,True,0.9999848219191728,0.9999731074902242,1.171442894865038e-05,0.5500000000000002,True,correct
DBLP,0.6,48,688,conf/vldb/DeRose99,True,1,_7DyRIjTceAJ,_7DyRIjTceAJ,True,0.9999531736654815,5.7994142301589805e-06,0.9999473742512514,0.5500000000000002,True,correct
DBLP,0.6,48,689,journals/tods/MehrotraRKS98,True,1,tAnONC5J2W8J,tAnONC5J2W8J,True,0.9999865987354748,6.128368443656413e-06,0.9999804703670312,0.5500000000000002,True,correct
DBLP,0.6,48,690,conf/sigmod/KoudasS97,True,3,0u8r8MJWgKAJ,0u8r8MJWgKAJ,True,0.9999813801367083,0.9997647368021451,0.00021664333456328233,0.5500000000000002,True,correct
DBLP,0.6,48,691,conf/sigmod/HungYK96,True,4,3gpc7dPy-ucJ,bTI28RjBpPwJ,True,0.9999863196361696,0.9999765765138234,9.743122346139721e-06,0.5500000000000002,True,correct
DBLP,0.6,48,692,conf/sigmod/AdaliBSS98,True,3,69JsZwNpla0J,YQ90BYSVqbsJ,True,0.9999731122343168,0.9999710711593764,2.0410749403954043e-06,0.5500000000000002,True,correct
DBLP,0.6,48,693,journals/sigmod/CfP99,False,0,,xKi8Vm3o9KsJ,False,1.2591218253870231e-05,9.2115766541816e-06,3.3796415996886315e-06,0.5500000000000002,False,unmatched_abstention
DBLP,0.6,48,694,conf/vldb/Sarawagi00,True,1,z5DmAoBjsjAJ,z5DmAoBjsjAJ,True,0.9999850216759537,0.0032142789913830114,0.9967707426845707,0.5500000000000002,True,correct
DBLP,0.6,48,695,conf/sigmod/ChaudhuriKN03,True,1,ES6QyfgebIcJ,ES6QyfgebIcJ,True,0.9999865533270996,5.591014904452373e-06,0.9999809623121951,0.5500000000000002,True,correct
DBLP,0.6,48,696,journals/vldb/PanagosB97,True,1,Ht4Yl1kJuxIJ,Ht4Yl1kJuxIJ,True,0.999986953975307,0.9999682288835166,1.8725091790461335e-05,0.5500000000000002,True,correct
DBLP,0.6,48,697,journals/vldb/AnGSVKI02,True,1,kBzZ1GUoa1AJ,kBzZ1GUoa1AJ,True,0.9999836170148553,1.0928300912922683e-05,0.9999726887139424,0.5500000000000002,True,correct
DBLP,0.6,48,698,journals/sigmod/Ozsu03,False,0,,qU_IX5KFwIoJ,False,0.00172932459377026,0.0013806064484326176,0.00034871814533764234,0.5500000000000002,False,unmatched_abstention
DBLP,0.6,48,699,conf/vldb/DarmontS99,True,2,1GWsEQSvJmoJ,Ebi8v9FZXcgJ,True,0.9999858001481126,0.9999832529315231,2.547216589432466e-06,0.5500000000000002,True,correct
DBLP,0.6,48,700,journals/sigmod/DomenigD99,True,2,bi68bm0miqkJ,S6TMGRGUq1IJ,True,0.9999826146882907,0.9999700827842178,1.2531904072909938e-05,0.5500000000000002,True,correct
DBLP,0.6,48,701,conf/sigmod/Galindo-Legaria94,True,1,iEs59H5EFHwJ,iEs59H5EFHwJ,True,0.9999721276976131,1.0324161611698345e-05,0.9999618035360014,0.5500000000000002,True,correct
DBLP,0.6,48,702,conf/sigmod/Perna95,True,1,url:http://portal.acm.org/ft_gateway.cfm%3Fid%3D223872%26type%3Dpdf%26dl%3DGUIDE%26dl%3DACM%26CFID%3D11111111%26CFTOKEN%3D2222222,url:http://portal.acm.org/ft_gateway.cfm%3Fid%3D223872%26type%3Dpdf%26dl%3DGUIDE%26dl%3DACM%26CFID%3D11111111%26CFTOKEN%3D2222222,True,0.9999596042648975,6.18520447917333e-06,0.9999534190604183,0.5500000000000002,True,correct
DBLP,0.6,48,703,conf/vldb/AbiteboulAAACHHMMMMSTV99,True,2,2MSe6dRu6OcJ,zHCrzBCoweAJ,True,0.9999794539031515,0.9999743651765105,5.088726640956054e-06,0.5500000000000002,True,correct
DBLP,0.6,48,704,conf/sigmod/Faloutsos95,True,1,R0xUZUxSGmwJ,R0xUZUxSGmwJ,True,0.9995013861800798,0.0033768322269614025,0.9961245539531184,0.5500000000000002,True,correct
DBLP,0.6,48,705,conf/vldb/WangSG03,True,1,T1TgIax4zVcJ,T1TgIax4zVcJ,True,0.9999827079958945,5.747827714050483e-06,0.9999769601681805,0.5500000000000002,True,correct
DBLP,0.6,48,706,journals/sigmod/Winslett02a,True,1,url:http://portal.acm.org/ft_gateway.cfm%3Fid%3D565127%26type%3Dpdf%26dl%3DGUIDE%26dl%3DACM%26CFID%3D11111111%26CFTOKEN%3D2222222,url:http://portal.acm.org/ft_gateway.cfm%3Fid%3D565127%26type%3Dpdf%26dl%3DGUIDE%26dl%3DACM%26CFID%3D11111111%26CFTOKEN%3D2222222,True,0.08496930795402506,0.0002750920514323481,0.08469421590259271,0.5500000000000002,False,missing_match
DBLP,0.6,48,707,journals/sigmod/ForteHWDCVHFS99,True,1,7ML1mmPqIooJ,7ML1mmPqIooJ,True,0.9999841785733903,8.15649257690554e-06,0.9999760220808134,0.5500000000000002,True,correct
DBLP,0.6,48,708,conf/sigmod/Stonebraker03,True,1,_CGWFOx5yt0J,_CGWFOx5yt0J,True,0.9999804863449381,7.246803633015066e-06,0.999973239541305,0.5500000000000002,True,correct
DBLP,0.6,48,709,journals/tods/GuoSW96,True,2,KoI8CRWkAYsJ,V8Ls_TYs6mgJ,True,0.9999845786090887,0.9997805654856111,0.0002040131234776199,0.5500000000000002,True,correct
DBLP,0.6,48,710,journals/tods/KemmeA00,True,1,wiUPadLpCvoJ,wiUPadLpCvoJ,True,0.9999864209042598,0.0008886855423083198,0.9990977353619515,0.5500000000000002,True,correct
DBLP,0.6,48,711,journals/vldb/HelmerM03,True,2,fz4PKDuWGmoJ,fz4PKDuWGmoJ,True,0.9999864774547633,0.9999787878210249,7.689633738428014e-06,0.5500000000000002,True,correct
DBLP,0.6,48,712,journals/sigmod/KlasS94,True,3,bViLh5-jVsAJ,bViLh5-jVsAJ,True,0.9999689108957134,0.9999237499857194,4.516090999395761e-05,0.5500000000000002,True,correct
DBLP,0.6,48,713,conf/vldb/RizviH02,True,4,2pPdWgF69ZoJ,3ku_XOqYuawJ,True,0.9999865302890714,0.9999864329422895,9.734678185768786e-08,0.5500000000000002,True,correct
DBLP,0.6,48,714,conf/sigmod/ZaharioudakisCLPU00,True,3,Pbl_CbLYKWYJ,Pbl_CbLYKWYJ,True,0.9999855177927219,0.9999807243278459,4.793464876029496e-06,0.5500000000000002,True,correct
DBLP,0.6,48,715,journals/sigmod/GerlaX03,True,1,KKiefntReoUJ,KKiefntReoUJ,True,0.9999849399192591,5.559941497657684e-06,0.9999793799777614,0.5500000000000002,True,correct
DBLP,0.6,48,716,conf/sigmod/AgichteinG03,True,1,url:http://portal.acm.org/citation.cfm%3Fid%3D872851,url:http://portal.acm.org/citation.cfm%3Fid%3D872851,True,0.9999825036495446,1.1281092555479146e-05,0.9999712225569891,0.5500000000000002,True,correct
DBLP,0.6,48,717,journals/sigmod/NejdlSS03,True,1,lZGtV8TM9yoJ,lZGtV8TM9yoJ,True,0.9999864020750724,1.0976545969074242e-05,0.9999754255291033,0.5500000000000002,True,correct
DBLP,0.6,48,718,conf/sigmod/LibkinMW96,True,3,3QgOnuIwVZMJ,OfZWx8jhQvwJ,True,0.9999845533958244,0.999982404004554,2.1493912704118046e-06,0.5500000000000002,True,correct
DBLP,0.6,48,719,conf/sigmod/PiatkoYLS96,True,1,3NMPG1vUNgwJ,3NMPG1vUNgwJ,True,0.9999868822902429,5.442615474699148e-06,0.9999814396747682,0.5500000000000002,True,correct
DBLP,0.6,48,720,conf/sigmod/Tajima96,True,1,IZSzLlgi8tUJ,IZSzLlgi8tUJ,True,0.9999854963005155,7.005421265165245e-06,0.9999784908792503,0.5500000000000002,True,correct
DBLP,0.6,48,721,conf/vldb/GuPS00,True,2,mRWLGqueLNsJ,mRWLGqueLNsJ,True,0.9999869743013031,0.9999784563944003,8.517906902816286e-06,0.5500000000000002,True,correct
DBLP,0.6,48,722,journals/sigmod/PossasMCR00,True,2,_XJZ8xD9sTMJ,7szp78IyFdQJ,True,0.9999780413805232,5.605023533807958e-06,0.9999724363569893,0.5500000000000002,True,correct
DBLP,0.6,48,723,journals/sigmod/BuchnerM98,True,6,-3LEFj2dY-UJ,SZwq84m3bGYJ,True,0.9999793353722662,0.9999782950480469,1.0403242193257611e-06,0.5500000000000002,True,correct
DBLP,0.6,48,724,conf/sigmod/IoannidisLANT97,True,5,bbr1Xk0-hH8J,bbr1Xk0-hH8J,True,0.9999408689279601,0.012892941309981826,0.9870479276179782,0.5500000000000002,True,correct
DBLP,0.6,48,725,conf/vldb/CasatiS00,True,2,OjOQRHgD-qwJ,OjOQRHgD-qwJ,True,0.9999871249974366,0.9999819074024529,5.217594983730756e-06,0.5500000000000002,True,correct
DBLP,0.6,48,726,conf/vldb/LevyMS94,True,4,6wGozkC-i8EJ,l-QHiSxClXcJ,True,0.9999836780523313,0.9999740204551693,9.6575971620938e-06,0.5500000000000002,True,correct
DBLP,0.6,48,727,journals/sigmod/RossKMV02,False,0,,tOa0zXK5Ba4J,False,0.3666104139759043,0.04373902116083442,0.32287139281506994,0.5500000000000002,False,unmatched_abstention
DBLP,0.6,48,728,conf/sigmod/GingrasLSPS97,True,3,D0EVu0EZM-UJ,hlbdfqaXdkAJ,True,0.9999860769985787,0.9999438402102031,4.223678837556033e-05,0.5500000000000002,True,correct
DBLP,0.6,48,729,journals/sigmod/FreemanG96,True,3,Em3qp7RGalkJ,Em3qp7RGalkJ,True,0.9999852325271622,0.9999834945533677,1.7379737945466545e-06,0.5500000000000002,True,correct
DBLP,0.6,48,730,journals/sigmod/Widom96a,False,0,,C84rFQN_ug0J,False,9.378327126009099e-05,5.944616135483252e-05,3.433710990525847e-05,0.5500000000000002,False,unmatched_abstention
DBLP,0.6,48,731,conf/sigmod/AntonJLPZZ02,True,1,89P3EdEDuOEJ,89P3EdEDuOEJ,True,0.9999862158252054,1.4693216617558641e-05,0.9999715226085879,0.5500000000000002,True,correct
DBLP,0.6,48,732,journals/sigmod/RosenthalSMBTL95,True,1,-_FyboGgZkkJ,-_FyboGgZkkJ,True,0.9999863885429119,1.7527630376957915e-05,0.9999688609125349,0.5500000000000002,True,correct
DBLP,0.6,48,733,conf/vldb/Sondag01,False,0,,mAMudiY-q5YJ,False,6.397452710709669e-06,6.137580340181018e-06,2.598723705286504e-07,0.5500000000000002,False,unmatched_abstention
DBLP,0.6,48,734,conf/sigmod/LiCHH97,True,2,mNqvFihFg1AJ,vjqDlXKHfzoJ,True,0.9999843637606103,0.9999697113132704,1.465244733989124e-05,0.5500000000000002,True,correct
DBLP,0.6,48,735,conf/sigmod/DoanDH01,True,1,Lv0bggWzgeoJ,Lv0bggWzgeoJ,True,0.9999840386941325,6.512677907515855e-05,0.9999189119150574,0.5500000000000002,True,correct
DBLP,0.6,48,736,conf/sigmod/Spiro98,True,1,u4ZAi-DRoHkJ,u4ZAi-DRoHkJ,True,0.9999784703605671,5.599280240986476e-06,0.9999728710803261,0.5500000000000002,True,correct
DBLP,0.6,48,737,journals/sigmod/Gallagher94,True,1,PVm9r7wHzDAJ,PVm9r7wHzDAJ,True,0.9999797374505012,1.0133295449832366e-05,0.9999696041550513,0.5500000000000002,True,correct
DBLP,0.6,48,738,conf/sigmod/JagadishLMSV99,True,1,946iAs3adDcJ,946iAs3adDcJ,True,0.999978700210512,9.208379555334552e-06,0.9999694918309567,0.5500000000000002,True,correct
DBLP,0.6,48,739,conf/vldb/ReuterCGSW95,True,1,url:http://portal.acm.org/citation.cfm%3Fid%3D645921.673318,url:http://portal.acm.org/citation.cfm%3Fid%3D645921.673318,True,0.999982406991239,0.006988474169641746,0.9929939328215972,0.5500000000000002,True,correct
DBLP,0.6,48,740,journals/vldb/FungKL03,True,1,rFEOA75JjSIJ,rFEOA75JjSIJ,True,0.9999843013953565,1.580575768258853e-05,0.999968495637674,0.5500000000000002,True,correct
DBLP,0.6,48,741,conf/vldb/Leymann03,True,1,url:http://www.vldb.org/conf/2003/papers/S32P01.pdf,url:http://www.vldb.org/conf/2003/papers/S32P01.pdf,True,0.9999828691292213,6.405114108924895e-06,0.9999764640151124,0.5500000000000002,True,correct
DBLP,0.6,48,742,journals/sigmod/ChangASS98,True,2,CPzROuDNZqgJ,CPzROuDNZqgJ,True,0.9999841826466932,0.9999520870294962,3.209561719696996e-05,0.5500000000000002,True,correct
DBLP,0.6,48,743,journals/vldb/BraumandlKKKKSS01,True,1,dURGvGhlWbsJ,dURGvGhlWbsJ,True,0.9999857754127327,0.5144112891514355,0.4855744862612972,0.5500000000000002,True,correct
DBLP,0.6,48,744,conf/sigmod/LiuPTBBZBHY98,True,3,0e3PPUvtZ0MJ,ezlAkB7ijDUJ,True,0.9999796735438,0.9999441886258391,3.548491796090403e-05,0.5500000000000002,True,correct
DBLP,0.6,48,745,journals/sigmod/Winslett01a,False,0,,hVNv6KElmEMJ,False,5.653042093979996e-06,5.591446811311822e-06,6.159528266817432e-08,0.5500000000000002,False,unmatched_abstention
DBLP,0.6,48,746,journals/sigmod/KambhampatiK03,True,1,url:http://portal.acm.org/ft_gateway.cfm%3Fid%3D959086%26type%3Dpdf%26dl%3DGUIDE%26dl%3DACM%26CFID%3D11111111%26CFTOKEN%3D2222222,url:http://portal.acm.org/ft_gateway.cfm%3Fid%3D959086%26type%3Dpdf%26dl%3DGUIDE%26dl%3DACM%26CFID%3D11111111%26CFTOKEN%3D2222222,True,0.9999848164033003,5.931317320671016e-06,0.9999788850859797,0.5500000000000002,True,correct
DBLP,0.6,48,747,conf/vldb/DayalHL01,True,3,0XYRlW9tvw8J,0XYRlW9tvw8J,True,0.9999848873338409,0.9999825630657099,2.3242681310708946e-06,0.5500000000000002,True,correct
DBLP,0.6,48,748,conf/vldb/Vaskevitch95,True,1,s6Ax0WdZp6IJ,s6Ax0WdZp6IJ,True,0.9999576781477322,7.788788955189327e-06,0.9999498893587769,0.5500000000000002,True,correct
DBLP,0.6,48,749,conf/vldb/XinHLW03,True,1,v0rD-1nzJmYJ,v0rD-1nzJmYJ,True,0.9999876633201539,6.116288236143118e-06,0.9999815470319178,0.5500000000000002,True,correct
DBLP,0.6,48,750,conf/sigmod/Adelberg98,True,6,3hsPMPTl2msJ,JrU1gnfH1sYJ,True,0.9999790513733618,0.9999738637509139,5.187622447944129e-06,0.5500000000000002,True,correct
DBLP,0.6,48,751,conf/vldb/KoudasGGSV03,True,1,d8BBxc5Ato8J,d8BBxc5Ato8J,True,0.9999845964968306,5.752823552405566e-06,0.9999788436732782,0.5500000000000002,True,correct
DBLP,0.6,48,752,conf/vldb/BargaP95,True,9,3CDeAczlaSUJ,Rp6i1uA3RYQJ,True,0.9999860814326658,0.9999768809709161,9.200461749681033e-06,0.5500000000000002,True,correct
DBLP,0.6,48,753,journals/sigmod/RossAA02,False,0,,tOa0zXK5Ba4J,False,0.3666104139759043,0.04373902116083442,0.32287139281506994,0.5500000000000002,False,unmatched_abstention
DBLP,0.6,48,754,journals/vldb/WhangKW94,True,1,gLSOYwdwIQ8J,gLSOYwdwIQ8J,True,0.9999849284251182,5.502188179122942e-06,0.9999794262369391,0.5500000000000002,True,correct
DBLP,0.6,48,755,conf/sigmod/RiedelFGN00,True,1,ospJVA6AD1sJ,ospJVA6AD1sJ,True,0.9999842823405357,5.919258599872172e-06,0.9999783630819359,0.5500000000000002,True,correct
DBLP,0.6,48,756,journals/sigmod/Ozsu02,False,0,,yNSC6-93CosJ,False,0.002700697149670347,0.0018665049779133052,0.0008341921717570418,0.5500000000000002,False,unmatched_abstention
DBLP,0.6,48,757,conf/vldb/Gawlick96,True,1,Y5OJk6_D-ZUJ,Y5OJk6_D-ZUJ,True,0.9999866958823395,6.291444379905396e-06,0.9999804044379595,0.5500000000000002,True,correct
DBLP,0.6,48,758,conf/sigmod/Team95a,True,1,P-jrIizJxEgJ,P-jrIizJxEgJ,True,0.9999550166179407,2.4784400268942623e-05,0.9999302322176717,0.5500000000000002,True,correct
DBLP,0.6,48,759,conf/sigmod/PapadopoulosM98,True,1,dLzAJ-I1nCcJ,dLzAJ-I1nCcJ,True,0.9999809396057344,5.902747432119342e-06,0.9999750368583022,0.5500000000000002,True,correct
DBLP,0.6,48,760,conf/sigmod/PalmerF00,True,2,cnNLe97Pd2sJ,cnNLe97Pd2sJ,True,0.9999817512207068,0.9999637612256356,1.7989995071188147e-05,0.5500000000000002,True,correct
DBLP,0.6,48,761,conf/vldb/Schnase00,True,1,OdaRU442nm0J,OdaRU442nm0J,True,0.9999828410229015,9.143294391921308e-05,0.9998914080789822,0.5500000000000002,True,correct
DBLP,0.6,48,762,journals/tods/DeyS96,True,3,Jfo57_VwkfUJ,uZVc1wSi3y4J,True,0.9999828568066998,0.9999133292757532,6.952753094668918e-05,0.5500000000000002,True,correct
DBLP,0.6,48,763,conf/sigmod/ColeG94,True,4,_6wwPJEGUiAJ,z_W8jZ203sUJ,True,0.9999843062003508,0.999982140781981,2.165418369837191e-06,0.5500000000000002,True,correct
DBLP,0.6,48,764,journals/vldb/BarbaraI95,True,10,7N0H3ra1FFsJ,GXhaGGajWZkJ,True,0.9999850347545944,0.9999840092435575,1.0255110369783438e-06,0.5500000000000002,True,correct
DBLP,0.6,48,765,conf/sigmod/StoltePAG03,True,1,9WTNlminW6AJ,9WTNlminW6AJ,True,0.9999877016263212,5.63633276810324e-06,0.9999820652935532,0.5500000000000002,True,correct
DBLP,0.6,48,766,journals/sigmod/HalkidiBV02,True,2,GHjgDrEbqM4J,GHjgDrEbqM4J,True,0.99998376562195,0.142172566754249,0.8578111988677011,0.5500000000000002,True,correct
DBLP,0.6,48,767,journals/sigmod/SalgadoE03,False,0,,url:http://portal.acm.org/ft_gateway.cfm%3Fid%3D310062%26type%3Dpdf%26dl%3DGUIDE%26dl%3DACM%26CFID%3D11111111%26CFTOKEN%3D2222222,False,0.6100048183124859,0.00026704224615118184,0.6097377760663347,0.5500000000000002,True,false_link
DBLP,0.6,48,768,journals/sigmod/SycaraKWL99,True,6,7OyvdUHeptMJ,YgouJdrCoZQJ,True,0.9999873414549337,0.9999859145601473,1.4268947864382042e-06,0.5500000000000002,True,correct
DBLP,0.6,48,769,conf/vldb/BlokWZPAKJ01,True,2,4Ga0Ts2_rp0J,jxPqWIuxhvwJ,True,0.9999804075620033,0.9999746078756474,5.799686355945077e-06,0.5500000000000002,True,correct
DBLP,0.6,48,770,conf/vldb/HsuLOMTX02,True,1,Px35BrWc6_EJ,Px35BrWc6_EJ,True,0.9999839099198723,6.421040028465832e-06,0.9999774888798438,0.5500000000000002,True,correct
DBLP,0.6,48,771,journals/sigmod/BunemanRU97,True,3,5qg4BNiroqMJ,5qg4BNiroqMJ,True,0.999985349458918,0.9999796764124925,5.673046425513917e-06,0.5500000000000002,True,correct
DBLP,0.6,48,772,conf/vldb/Ladin00,True,1,kPTa4IiS_sgJ,kPTa4IiS_sgJ,True,0.9999814562291691,0.0009126337274054655,0.9990688225017637,0.5500000000000002,True,correct
DBLP,0.6,48,773,conf/sigmod/BilirisP94,True,1,KYhmilHkq_IJ,KYhmilHkq_IJ,True,0.9999830459405874,6.8670102281689686e-06,0.9999761789303593,0.5500000000000002,True,correct
DBLP,0.6,48,774,journals/sigmod/GolabO03,True,3,jGb8C7wu8aYJ,lC5GjK5OpD0J,True,0.9999826990886475,0.9994021064330438,0.0005805926556036178,0.5500000000000002,True,correct
DBLP,0.6,48,775,conf/vldb/DeckerK03,True,1,es2kSNccUGMJ,es2kSNccUGMJ,True,0.9999691217158692,0.0008164735370539714,0.9991526481788152,0.5500000000000002,True,correct
DBLP,0.6,48,776,conf/vldb/MargaritisFT01,True,2,WOiDxLKSioAJ,z2EsEsrBfsYJ,True,0.9999868356960331,0.9999424403627228,4.4395333310243146e-05,0.5500000000000002,True,correct
DBLP,0.6,48,777,conf/vldb/OhuraTPK02,False,0,,7e_EwULfgusJ,False,5.340355399117362e-06,5.296215036950604e-06,4.414036216675772e-08,0.5500000000000002,False,unmatched_abstention
DBLP,0.6,48,778,journals/sigmod/Aberer02c,True,1,url:http://portal.acm.org/ft_gateway.cfm%3Fid%3D637424%26type%3Dpdf%26coll%3DGUIDE%26dl%3DACM%26CFID%3D11111111%26CFTOKEN%3D2222222,url:http://portal.acm.org/ft_gateway.cfm%3Fid%3D604274%26type%3Dpdf%26dl%3DGUIDE%26dl%3DACM%26CFID%3D11111111%26CFTOKEN%3D2222222,False,0.9996038757462917,0.12763972273358876,0.8719641530127029,0.5500000000000002,True,false_link
DBLP,0.6,48,779,journals/sigmod/GroskySF02,True,1,HA3wM_i-y3YJ,HA3wM_i-y3YJ,True,0.9999831598022829,0.9999451563527227,3.800344956017554e-05,0.5500000000000002,True,correct
DBLP,0.6,48,780,conf/vldb/GoldsteinR00,True,4,30fMB9_zBm0J,ylZFc8RNoeQJ,True,0.9999857769319799,0.9999819666766193,3.8102553605590117e-06,0.5500000000000002,True,correct
DBLP,0.6,48,781,conf/sigmod/Aggarwal03,True,1,qbubaA6mQawJ,qbubaA6mQawJ,True,0.12618486522437816,5.3924263873112936e-05,0.12613094096050506,0.5500000000000002,False,missing_match
DBLP,0.6,48,782,journals/sigmod/HasselbringHHKRRS00,True,3,JW49QfQtuTMJ,X9PsaiaoDJ4J,True,0.9999733323579195,0.11219419890246846,0.887779133455451,0.5500000000000002,True,correct
DBLP,0.6,48,783,conf/vldb/GarofalakisRS99,True,6,7BITau8qhpEJ,Xm3ygCvkmN8J,True,0.9999843478567126,0.999982878846974,1.4690097386305112e-06,0.5500000000000002,True,correct
DBLP,0.6,48,784,conf/sigmod/ChaudhuriN98a,True,3,AiXOfJPvvpUJ,AiXOfJPvvpUJ,True,0.9999802288951175,0.9999789880081935,1.2408869239921572e-06,0.5500000000000002,True,correct
DBLP,0.6,48,785,conf/vldb/ShethKMWDLPLS96,True,3,jWZkmgGziVoJ,jWZkmgGziVoJ,True,0.9999867716393378,0.9999853064330698,1.4652062679809674e-06,0.5500000000000002,True,correct
DBLP,0.6,48,786,conf/vldb/BassiliadesV95,True,2,B1kJzsffXEwJ,url:http://portal.acm.org/citation.cfm%3Fid%3D673137,True,0.9999859706641048,0.9999746668195756,1.1303844529186868e-05,0.5500000000000002,True,correct
DBLP,0.6,48,787,conf/sigmod/CeriFP98,True,1,iUGa3pKj-20J,iUGa3pKj-20J,True,0.9999821557975128,5.7527522310970855e-06,0.9999764030452817,0.5500000000000002,True,correct
DBLP,0.6,48,788,journals/sigmod/Seshadri98,True,3,_nIg_hi8PAAJ,_nIg_hi8PAAJ,True,0.9999840081150376,0.9999747999469857,9.208168051944021e-06,0.5500000000000002,True,correct
DBLP,0.6,48,789,conf/vldb/LimWPVP02,True,2,9kl_hTyQtmQJ,9kl_hTyQtmQJ,True,0.9999861700690538,0.9999663189029717,1.9851166082052174e-05,0.5500000000000002,True,correct
DBLP,0.6,48,790,conf/vldb/KounevB02,True,2,DayIdkLVfyIJ,mq4cLaNqTDQJ,True,0.9999857380724402,0.999977957877329,7.780195111162236e-06,0.5500000000000002,True,correct
DBLP,0.6,48,791,conf/sigmod/HsiaoN00,True,1,iY5wlS4jsg0J,iY5wlS4jsg0J,True,0.999985132041541,6.320460851596613e-06,0.9999788115806895,0.5500000000000002,True,correct
DBLP,0.6,48,792,conf/vldb/MiklauS03,True,1,cJUP6vfSm50J,cJUP6vfSm50J,True,0.9999861409829955,0.9993042847141136,0.0006818562688819529,0.5500000000000002,True,correct
DBLP,0.6,48,793,journals/sigmod/Aggarwal01,True,2,JKGSOO_3GjUJ,OE8gpNwz8MkJ,True,0.9999854022601702,0.9999732242587139,1.2178001456253362e-05,0.5500000000000002,True,correct
DBLP,0.6,48,794,conf/vldb/TianD03,True,1,l7glyH7ltuQJ,l7glyH7ltuQJ,True,0.9999843305918014,5.391800864965794e-06,0.9999789387909364,0.5500000000000002,True,correct
DBLP,0.6,48,795,conf/sigmod/Olson95,True,1,nJycrIdh5E4J,nJycrIdh5E4J,True,0.9999795198676061,2.8120330950732926e-05,0.9999513995366553,0.5500000000000002,True,correct
DBLP,0.6,48,796,conf/vldb/StillgerLMK01,True,3,k8EsgEuKhQ0J,k8EsgEuKhQ0J,True,0.9999857112123268,0.9999745721330927,1.1139079234112614e-05,0.5500000000000002,True,correct
DBLP,0.6,48,797,journals/tods/Keen97,True,1,v2xRz4ZhknAJ,v2xRz4ZhknAJ,True,0.9999809430954109,5.785868747349732e-06,0.9999751572266635,0.5500000000000002,True,correct
DBLP,0.6,48,798,conf/vldb/FaloutsosMS96,True,2,j9sPZ8fYBJMJ,MxkjWOlLhlYJ,True,0.9999867182064991,0.9999756235134594,1.1094693039725989e-05,0.5500000000000002,True,correct
DBLP,0.6,48,799,journals/vldb/AgrawalHK03,True,1,NDKJPUgy_K4J,NDKJPUgy_K4J,True,0.9999865338339751,2.3626879120871386e-05,0.9999629069548542,0.5500000000000002,True,correct
DBLP,0.6,48,800,journals/sigmod/MusickM98,True,1,gt83e4uB09wJ,gt83e4uB09wJ,True,0.9999850038386234,1.456583930540344e-05,0.9999704379993181,0.5500000000000002,True,correct
DBLP,0.6,48,801,conf/sigmod/LometW98,True,3,5SmDfJWfFvUJ,F2ecYx97F2sJ,True,0.9999846201437664,0.9999658965037563,1.872364001009874e-05,0.5500000000000002,True,correct
DBLP,0.6,48,802,journals/vldb/ChanFGR02,True,3,LfS9Vr-FSZEJ,ORkxHLb7dvcJ,True,0.9999854110001208,0.9999796479790649,5.7630210559267425e-06,0.5500000000000002,True,correct
DBLP,0.6,48,803,conf/sigmod/LahiriG01,True,2,2eJIgKjsQF4J,2eJIgKjsQF4J,True,0.9999826229264178,0.999958358172834,2.4264753583858045e-05,0.5500000000000002,True,correct
DBLP,0.6,48,804,journals/sigmod/PuSW01,True,1,nkW4iN6JqfAJ,nkW4iN6JqfAJ,True,0.9999861043240467,2.1324036244821307e-05,0.9999647802878019,0.5500000000000002,True,correct
DBLP,0.6,48,805,conf/sigmod/Carey00,True,3,RRLtMwMOBe4J,x6n6Ev8WnhEJ,True,0.9999535600253033,0.9888909700688527,0.011062589956450597,0.5500000000000002,True,correct
DBLP,0.6,48,806,conf/vldb/Cabrera03,True,1,url:http://wwwdb.informatik.uni-rostock.de/vldb2003/papers/S31P01.pdf,url:http://wwwdb.informatik.uni-rostock.de/vldb2003/papers/S31P01.pdf,True,0.9999655689677405,0.00016039081846699841,0.9998051781492735,0.5500000000000002,True,correct
DBLP,0.6,48,807,conf/vldb/GravanoG95,True,8,2nMktwioqOYJ,jXClQzlN5SgJ,True,0.9999863890361703,0.9999856729247281,7.161114422560289e-07,0.5500000000000002,True,correct
DBLP,0.6,48,808,journals/sigmod/KaradimitriouT97,True,1,SrCBkHnIFL8J,SrCBkHnIFL8J,True,0.999982705142776,5.648854737120917e-06,0.9999770562880389,0.5500000000000002,True,correct
DBLP,0.6,48,809,conf/vldb/Klots96,True,1,dTORuW_9YRoJ,dTORuW_9YRoJ,True,0.9999854370497079,1.6707427576675164e-05,0.9999687296221312,0.5500000000000002,True,correct
DBLP,0.6,48,810,conf/sigmod/KoudasS03,True,1,url:http://portal.acm.org/ft_gateway.cfm%3Fid%3D872871%26type%3Dpdf%26dl%3Dportal%26dl%3DACM%26CFID%3D11111111%26CFTOKEN%3D2222222,url:http://portal.acm.org/ft_gateway.cfm%3Fid%3D872871%26type%3Dpdf%26dl%3Dportal%26dl%3DACM%26CFID%3D11111111%26CFTOKEN%3D2222222,True,0.9999757824650749,7.806762920959368e-06,0.9999679757021539,0.5500000000000002,True,correct
DBLP,0.6,48,811,conf/sigmod/HristidisKP01,True,1,mg9ABNG06O4J,mg9ABNG06O4J,True,0.9999854526099599,5.488630231699783e-06,0.9999799639797281,0.5500000000000002,True,correct
DBLP,0.6,48,812,conf/sigmod/IvesLPST00,True,2,4-FwpSOweRAJ,rtnpqb22gGcJ,True,0.999986256542082,0.9999797307441435,6.525797938472522e-06,0.5500000000000002,True,correct
DBLP,0.6,48,813,journals/sigmod/BhargavaAP95,True,2,ALJ4TObSDlIJ,Sql66UDiVnwJ,True,0.9999865560967063,0.9999796693175561,6.886779150172551e-06,0.5500000000000002,True,correct
DBLP,0.6,48,814,conf/vldb/CareyHMW96,True,1,Nz8zwxjBoyYJ,Nz8zwxjBoyYJ,True,0.9999779343217435,6.0051607841221444e-06,0.9999719291609594,0.5500000000000002,True,correct
DBLP,0.6,48,815,conf/vldb/ChengGKLLQS99,True,3,_pYZZxn2SjYJ,p4Q8x9UmngkJ,True,0.999985795055467,0.9999845982741816,1.1967812854063453e-06,0.5500000000000002,True,correct
DBLP,0.6,48,816,conf/vldb/KnorrN98,True,6,gQVLY8V1hekJ,gQVLY8V1hekJ,True,0.9999838522135778,0.9999809603707971,2.89184278068344e-06,0.5500000000000002,True,correct
DBLP,0.6,48,817,conf/sigmod/ChaudhuriMN99,True,3,clNmwzm-5acJ,U0w9W7YcsZwJ,True,0.9999822250421585,0.9999815367829425,6.882592159529466e-07,0.5500000000000002,True,correct
DBLP,0.6,48,818,journals/sigmod/ChienTZ01,True,1,cjBpI3TcSWsJ,cjBpI3TcSWsJ,True,0.999981025009615,8.39085906278416e-06,0.9999726341505523,0.5500000000000002,True,correct
DBLP,0.6,48,819,journals/sigmod/Ulusoy95,True,1,uMYecZGSCv4J,uMYecZGSCv4J,True,0.9999828311035758,0.0001109974660797086,0.9998718336374961,0.5500000000000002,True,correct
DBLP,0.6,48,820,conf/sigmod/VingralekBW94,True,2,qtSeY_1Q5YUJ,rM8Ecg1WL4kJ,True,0.9999870002376624,0.9999794042314971,7.596006165289104e-06,0.5500000000000002,True,correct
DBLP,0.6,48,821,conf/vldb/LlirbatST97,True,1,v1fsWCSPn2MJ,v1fsWCSPn2MJ,True,0.9998395626822295,5.537441580450377e-06,0.999834025240649,0.5500000000000002,True,correct
DBLP,0.6,48,822,conf/sigmod/BabyCY01,True,1,rNoNn5hWsroJ,rNoNn5hWsroJ,True,0.9999825340075241,9.310315743051138e-06,0.9999732236917811,0.5500000000000002,True,correct
DBLP,0.6,48,823,conf/sigmod/QuassWGHLMNRRAUW96,True,2,cJgYQWElaAgJ,oB7qYK3HKiEJ,True,0.9999755010690055,0.9998996021401453,7.589892886017413e-05,0.5500000000000002,True,correct
DBLP,0.6,48,824,journals/sigmod/Hampapur99,True,2,I-r1LE1najAJ,I-r1LE1najAJ,True,0.9999847810019682,0.9998352639638166,0.0001495170381515809,0.5500000000000002,True,correct
DBLP,0.6,48,825,conf/sigmod/Shyy95,True,1,OjZoGJLFGqIJ,OjZoGJLFGqIJ,True,0.9999837405526443,6.206345841041925e-06,0.9999775342068032,0.5500000000000002,True,correct
DBLP,0.6,48,826,conf/sigmod/AltinelLKMPLWB02,True,2,HtYTQ-fN8ccJ,HtYTQ-fN8ccJ,True,0.999985010444341,0.999969485463867,1.5524980473968775e-05,0.5500000000000002,True,correct
DBLP,0.6,48,827,conf/sigmod/JarkeQBLMS99,True,1,nSKzTBqurCwJ,nSKzTBqurCwJ,True,0.9999833595324986,5.382378689645232e-06,0.999977977153809,0.5500000000000002,True,correct
DBLP,0.6,48,828,conf/sigmod/ShouCTRH01,True,1,url:http://portal.acm.org/ft_gateway.cfm%3Fid%3D375755%26type%3Dpdf%26dl%3DGUIDE%26dl%3DGUIDE%26CFID%3D11111111%26CFTOKEN%3D2222222,url:http://portal.acm.org/ft_gateway.cfm%3Fid%3D375755%26type%3Dpdf%26dl%3DGUIDE%26dl%3DGUIDE%26CFID%3D11111111%26CFTOKEN%3D2222222,True,0.9999851823059408,2.6703906698220236e-05,0.9999584783992426,0.5500000000000002,True,correct
DBLP,0.6,48,829,conf/vldb/BrownG01,True,1,aJoPVuDNDSsJ,aJoPVuDNDSsJ,True,0.9999859722561426,7.759289306036494e-06,0.9999782129668365,0.5500000000000002,True,correct
DBLP,0.6,48,830,conf/sigmod/KrollW94,True,4,AMvcOVWQiNEJ,zd_8s13rNRoJ,True,0.9999845947927312,0.9999772308147094,7.363978021812656e-06,0.5500000000000002,True,correct
DBLP,0.6,48,831,conf/sigmod/HanFWCZK96,True,1,v9BdA55u_XMJ,v9BdA55u_XMJ,True,0.9999851125894468,1.4747361720586162e-05,0.9999703652277262,0.5500000000000002,True,correct
DBLP,0.6,48,832,conf/sigmod/Al-KhalifaYJ03,True,1,boJKiPCpIxkJ,boJKiPCpIxkJ,True,0.9999825900832942,1.0626455839160851e-05,0.999971963627455,0.5500000000000002,True,correct
DBLP,0.6,48,833,journals/sigmod/SayginVC01,True,3,OALLzL4DQXsJ,Tp9iVMsAzocJ,True,0.9999861464404614,0.9999850795862556,1.0668542057556962e-06,0.5500000000000002,True,correct
DBLP,0.6,48,834,journals/vldb/FahlR97,True,2,iM6vRWljKpAJ,zXSCJ9LzZ8cJ,True,0.9999848647905508,0.9999608015586204,2.40632319303824e-05,0.5500000000000002,True,correct
DBLP,0.6,48,835,conf/vldb/Mohan02,True,3,eyxIItge9MQJ,eyxIItge9MQJ,True,0.9999639543418589,0.9799484551585221,0.020015499183336782,0.5500000000000002,True,correct
DBLP,0.6,48,836,journals/sigmod/CasatiDS00,True,2,jPx0tvkJ-fUJ,jPx0tvkJ-fUJ,True,0.9999657142828432,0.9999552081755417,1.0506107301466727e-05,0.5500000000000002,True,correct
DBLP,0.6,48,837,conf/sigmod/ChakrabartiM99,True,1,Jg81WYtxtZoJ,Jg81WYtxtZoJ,True,0.9999825054681725,7.596610587186064e-06,0.9999749088575853,0.5500000000000002,True,correct
DBLP,0.6,48,838,conf/sigmod/GeorgeH97,True,3,Ah9B3bWU0jEJ,Ah9B3bWU0jEJ,True,0.9999863418101625,0.9999730075677326,1.3334242429996479e-05,0.5500000000000002,True,correct
DBLP,0.6,48,839,conf/vldb/Nori02,False,0,,gAQqEB3jjxUJ,False,1.2986541062741932e-05,1.1808662435439911e-05,1.1778786273020205e-06,0.5500000000000002,False,unmatched_abstention
DBLP,0.6,48,840,conf/sigmod/KornJF97,True,5,atWqYF6LcuwJ,QLMiox_WLF4J,True,0.9999832793745417,0.9999824049106802,8.744638614333056e-07,0.5500000000000002,True,correct
DBLP,0.6,48,841,journals/sigmod/BrunieK96,True,1,spI2g7jFHuYJ,spI2g7jFHuYJ,True,0.9999857931046086,5.655285249227872e-06,0.9999801378193593,0.5500000000000002,True,correct
DBLP,0.6,48,842,conf/vldb/DeenJNNW00,True,1,jpJMa9UNggoJ,jpJMa9UNggoJ,True,0.9999840981605989,6.96235584603186e-06,0.9999771358047528,0.5500000000000002,True,correct
DBLP,0.6,48,843,conf/sigmod/CandanLLHA01,True,3,E1oiXxVyfXwJ,efYVCK07AwMJ,True,0.99998672462678,0.999985473488109,1.251138670999019e-06,0.5500000000000002,True,correct
DBLP,0.6,48,844,journals/tods/DiaoAFZF03,True,2,fREDZIbZVdEJ,fREDZIbZVdEJ,True,0.9999875076716159,0.9999828915941791,4.616077436847554e-06,0.5500000000000002,True,correct
DBLP,0.6,48,845,journals/sigmod/McHughW97,True,1,dAnyGPqToQEJ,dAnyGPqToQEJ,True,0.9999856538245621,6.647432427630909e-06,0.9999790063921344,0.5500000000000002,True,correct
DBLP,0.6,48,846,journals/vldb/IoannidisNSS97,True,1,if5vzPT-qIAJ,if5vzPT-qIAJ,True,0.999978343925382,0.9998324326017862,0.00014591132359575987,0.5500000000000002,True,correct
DBLP,0.6,48,847,journals/vldb/ChakrabartiDAR98,True,2,0EbuWDceVnoJ,AyDb4G2EiGwJ,True,0.9997068402139261,0.5985312484528822,0.4011755917610439,0.5500000000000002,True,correct
DBLP,0.6,48,848,conf/sigmod/BlakeleyP98,True,1,yotsUgKBK44J,yotsUgKBK44J,True,0.9999736455003156,3.194087548382095e-05,0.9999417046248318,0.5500000000000002,True,correct
DBLP,0.6,48,849,journals/vldb/DerrMP94,True,2,a-QMCFr5yJYJ,a-QMCFr5yJYJ,True,0.9999857618544102,0.0006622737700011369,0.9993234880844091,0.5500000000000002,True,correct
DBLP,0.6,48,850,journals/sigmod/NascimentoM99,True,1,url:http://portal.acm.org/ft_gateway.cfm%3Fid%3D310062%26type%3Dpdf%26dl%3DGUIDE%26dl%3DACM%26CFID%3D11111111%26CFTOKEN%3D2222222,url:http://portal.acm.org/ft_gateway.cfm%3Fid%3D310062%26type%3Dpdf%26dl%3DGUIDE%26dl%3DACM%26CFID%3D11111111%26CFTOKEN%3D2222222,True,0.9999855536295708,4.137613753198902e-05,0.9999441774920388,0.5500000000000002,True,correct
DBLP,0.6,48,851,conf/sigmod/Rajaraman99,True,2,m_n55lcmF-sJ,url:http://portal.acm.org/ft_gateway.cfm%3Fid%3D304246%26type%3Dpdf%26dl%3DGUIDE%26dl%3DACM%26CFID%3D11111111%26CFTOKEN%3D2222222,True,0.9999783296292081,0.999960649272101,1.768035710703053e-05,0.5500000000000002,True,correct
DBLP,0.6,48,852,journals/sigmod/LabrinidisR00,True,2,TppC2jA5UXMJ,Wcbvsi-QDtcJ,True,0.9999862247217908,0.999979988498232,6.2362235587754e-06,0.5500000000000002,True,correct
DBLP,0.6,48,853,journals/sigmod/KeetonPH98,True,3,6MtRlhEClPEJ,6MtRlhEClPEJ,True,0.9999841394011466,0.9999803381199649,3.801281181714522e-06,0.5500000000000002,True,correct
DBLP,0.6,48,854,journals/sigmod/ConradHHKRSS99,True,4,3aPleydkcIoJ,nmEhI0tiWGAJ,True,0.9999816708159216,0.9999816028864009,6.792952067513625e-08,0.5500000000000002,True,correct
DBLP,0.6,48,855,conf/vldb/BaumannFRW97,True,2,7BgXVuviUvoJ,7BgXVuviUvoJ,True,0.999986758992685,0.9999714728656106,1.5286127074354283e-05,0.5500000000000002,True,correct
DBLP,0.6,48,856,conf/vldb/Hess96,True,1,Gia7489k5t4J,Gia7489k5t4J,True,0.9999844947889092,8.807809189736199e-06,0.9999756869797194,0.5500000000000002,True,correct
DBLP,0.6,48,857,journals/sigmod/DogacDATKCD98,True,3,fYMpjIpF8ckJ,vG5FK8BJkZgJ,True,0.999984592221535,0.9999016978593575,8.289436217756574e-05,0.5500000000000002,True,correct
DBLP,0.6,48,858,conf/sigmod/RundensteinerCCSO00,True,1,url:http://portal.acm.org/ft_gateway.cfm%3Fid%3D335496%26type%3Dpdf%26dl%3DGUIDE%26dl%3DACM%26CFID%3D11111111%26CFTOKEN%3D2222222,url:http://portal.acm.org/ft_gateway.cfm%3Fid%3D335496%26type%3Dpdf%26dl%3DGUIDE%26dl%3DACM%26CFID%3D11111111%26CFTOKEN%3D2222222,True,0.9999851192607904,4.357534073993623e-05,0.9999415439200504,0.5500000000000002,True,correct
DBLP,0.6,48,859,conf/sigmod/AcharyaGPR99a,True,7,ahfoveFQC2sJ,EpUtXEhwDaUJ,True,0.999980775656461,0.9999799483241548,8.273323062191196e-07,0.5500000000000002,True,correct
DBLP,0.6,48,860,journals/vldb/MedjahedBE03,True,2,M0FH31YCEU0J,YqXx_xeZE2gJ,True,0.9999858173493665,0.999970794072235,1.5023277131542834e-05,0.5500000000000002,True,correct
DBLP,0.6,48,861,journals/vldb/LeeSC01,True,1,Hz_TU6kUj08J,Hz_TU6kUj08J,True,0.9999852169006854,6.916533505143072e-06,0.9999783003671803,0.5500000000000002,True,correct
DBLP,0.6,48,862,conf/vldb/Mohan02a,True,1,ulDehVmIgfAJ,ulDehVmIgfAJ,True,0.9999847955522961,1.273084459457207e-05,0.9999720647077016,0.5500000000000002,True,correct
DBLP,0.6,48,863,conf/sigmod/Fegaras98,True,1,XVtlJYx2G_wJ,XVtlJYx2G_wJ,True,0.9999760868233798,8.48562266750662e-06,0.9999676012007123,0.5500000000000002,True,correct
DBLP,0.6,48,864,conf/sigmod/ReissK03,True,1,L1m30vG-d5sJ,L1m30vG-d5sJ,True,0.9999863932151692,5.469161701956208e-06,0.9999809240534673,0.5500000000000002,True,correct
DBLP,0.6,48,865,journals/sigmod/Lomet01,True,1,fI5o4MfWwzIJ,fI5o4MfWwzIJ,True,0.999985330515109,6.22886618768413e-06,0.9999791016489212,0.5500000000000002,True,correct
DBLP,0.6,48,866,conf/vldb/Suciu96a,True,1,tJtSq968rwgJ,tJtSq968rwgJ,True,0.999987095384766,1.0123549400018124e-05,0.999976971835366,0.5500000000000002,True,correct
DBLP,0.6,48,867,conf/vldb/VeltriCV01,True,2,itG_XrygxXIJ,SdVmepmUgQIJ,False,0.9999781286975885,0.9999485905946535,2.9538102935044996e-05,0.5500000000000002,True,false_link
DBLP,0.6,48,868,journals/sigmod/MeltzerC98,True,2,77mq-gn4LiAJ,77mq-gn4LiAJ,True,0.9999862676126999,0.997266538577533,0.002719729035166929,0.5500000000000002,True,correct
DBLP,0.6,48,869,journals/sigmod/Cardelli01,True,1,UYAoi4DYOXUJ,UYAoi4DYOXUJ,True,0.9999847141066592,0.00014491349872620965,0.999839800607933,0.5500000000000002,True,correct
DBLP,0.6,48,870,conf/sigmod/OConnellISWABCCLPWW96,True,6,5awQcPWFBrcJ,O-TrhFwhKM8J,True,0.9999802993616992,0.9999734906807959,6.808680903302999e-06,0.5500000000000002,True,correct
DBLP,0.6,48,871,journals/sigmod/Franklin97,False,0,,ntqMqfgRXM4J,False,0.061091100395922485,0.015333415286569164,0.045757685109353324,0.5500000000000002,False,unmatched_abstention
DBLP,0.6,48,872,journals/sigmod/FengJH01,True,1,SUT-QTwqFNkJ,SUT-QTwqFNkJ,True,0.9999838490255706,5.9245446895279425e-06,0.9999779244808811,0.5500000000000002,True,correct
DBLP,0.6,48,873,conf/sigmod/WodtkeWWDM97,True,2,tnXqwH3BXW0J,tnXqwH3BXW0J,True,0.9999834447697503,0.9999776201862315,5.824583518831972e-06,0.5500000000000002,True,correct
DBLP,0.6,48,874,journals/tods/Jimenez-PerisPAK03,True,2,gcTZH6tRjXIJ,yj7oLWfPR4gJ,True,0.99998501999032,0.9999806527061217,4.3672841982811406e-06,0.5500000000000002,True,correct
DBLP,0.6,48,875,conf/sigmod/Dyreson03,True,2,l7KC1qG6OGEJ,l7KC1qG6OGEJ,True,0.999986261954043,0.999979230126418,7.031827625070264e-06,0.5500000000000002,True,correct
DBLP,0.6,48,876,conf/sigmod/ChangBCLLS00,True,2,bqtRaOoJ87AJ,bqtRaOoJ87AJ,True,0.9999853509817477,0.9999840816525875,1.2693291602250412e-06,0.5500000000000002,True,correct
DBLP,0.6,48,877,conf/sigmod/WynblattN01,True,1,PVUtZWBcxlAJ,PVUtZWBcxlAJ,True,0.9999818118911671,7.409915893790021e-06,0.9999744019752733,0.5500000000000002,True,correct
DBLP,0.6,48,878,conf/vldb/RezendeH98,True,1,njuthCBUMPAJ,njuthCBUMPAJ,True,0.9999775529202604,2.2241007043339618e-05,0.9999553119132171,0.5500000000000002,True,correct
DBLP,0.6,48,879,conf/sigmod/ChenDLT00,True,1,url:http://portal.acm.org/citation.cfm%3Fid%3D342009.336560,url:http://portal.acm.org/citation.cfm%3Fid%3D342009.336560,True,0.9999859420837568,0.0005984012379561431,0.9993875408458006,0.5500000000000002,True,correct
DBLP,0.6,48,880,conf/sigmod/HanKS97,True,4,_EEZCcB1BPYJ,nD_Yjp9TNuIJ,True,0.9999853136758354,0.999984221004901,1.0926709343994645e-06,0.5500000000000002,True,correct
DBLP,0.6,48,881,journals/sigmod/Qian96,True,1,NiswbODuzhAJ,NiswbODuzhAJ,True,0.9999864578645659,0.0003963168886933303,0.9995901409758725,0.5500000000000002,True,correct
DBLP,0.6,48,882,conf/sigmod/Mohan96,True,8,14cgU3tAHtgJ,f9JfEpe5a24J,True,0.9999847915788125,0.9999455487620358,3.924281677669672e-05,0.5500000000000002,True,correct
DBLP,0.6,48,883,conf/vldb/Taylor00,True,1,Af_4cNCu3MwJ,Af_4cNCu3MwJ,True,0.9999820221908611,2.038057188521284e-05,0.9999616416189758,0.5500000000000002,True,correct
DBLP,0.6,48,884,journals/sigmod/Suciu97,False,0,,1sGr4qMsCeMJ,False,0.9998364861921921,0.12745633974511675,0.8723801464470754,0.5500000000000002,True,false_link
DBLP,0.6,48,885,conf/sigmod/Kim94,True,1,GzJII5F7OzAJ,GzJII5F7OzAJ,True,0.9999875018445735,2.847761024505243e-05,0.9999590242343285,0.5500000000000002,True,correct
DBLP,0.6,48,886,conf/sigmod/DeligiannakisR03,True,1,zMgbS5u_GwYJ,zMgbS5u_GwYJ,True,0.9999837698634798,5.731494097526148e-06,0.9999780383693823,0.5500000000000002,True,correct
DBLP,0.6,48,887,journals/sigmod/Snodgrass02a,False,0,,KENWBobILMwJ,False,6.0978024828397216e-05,5.3625552867421524e-05,7.3524719609756924e-06,0.5500000000000002,False,unmatched_abstention
DBLP,0.6,48,888,conf/vldb/RamakrishnanGRSWZ95,True,2,JAMaus2HrE0J,url:http://portal.acm.org/citation.cfm%3Fid%3D645921.756661,True,0.9999842573335133,0.9999772715569062,6.985776607071337e-06,0.5500000000000002,True,correct
DBLP,0.6,48,889,conf/vldb/Malaika96,False,0,,PH1Zo2uG8V0J,False,9.728152784587146e-06,9.269067106418601e-06,4.5908567816854464e-07,0.5500000000000002,False,unmatched_abstention
DBLP,0.6,48,890,conf/sigmod/Chakravarthy97,True,3,5Ng-bLUNAsQJ,5Ng-bLUNAsQJ,True,0.9999845550897737,0.9999146827110135,6.987237876021624e-05,0.5500000000000002,True,correct
DBLP,0.6,48,891,conf/vldb/Duranti01,True,1,gQW6iYG5Vh0J,gQW6iYG5Vh0J,True,0.9999857863558238,0.0027037568304395625,0.9972820295253843,0.5500000000000002,True,correct
DBLP,0.6,48,892,journals/vldb/HarderST99,True,1,KGyKFmRfspAJ,KGyKFmRfspAJ,True,0.9999816008511228,5.4972369883886445e-06,0.9999761036141344,0.5500000000000002,True,correct
DBLP,0.6,48,893,journals/sigmod/Keim96,True,1,vkUvhZOw-1YJ,vkUvhZOw-1YJ,True,0.9999808358971344,0.00023126906964111046,0.9997495668274933,0.5500000000000002,True,correct
DBLP,0.6,48,894,conf/vldb/HelalL00,True,1,LPapCvY4RFkJ,LPapCvY4RFkJ,True,0.9999871400419598,3.680434144523176e-05,0.9999503357005145,0.5500000000000002,True,correct
DBLP,0.6,48,895,conf/vldb/HristidisP02,True,2,5k-GwvznWRUJ,rZJLf9oQ_hEJ,True,0.9999848030468818,0.999979397552389,5.4054944927939275e-06,0.5500000000000002,True,correct
DBLP,0.6,48,896,journals/sigmod/Domingo-FerrerH98,True,2,9bRPA_aTYh4J,ajq2idLfpHMJ,True,0.9999861695678601,0.9999781166802858,8.052887574327983e-06,0.5500000000000002,True,correct
DBLP,0.6,48,897,conf/sigmod/HullZ96,True,2,H1E3GuQcoUAJ,H1E3GuQcoUAJ,True,0.9999868305854438,0.9998935755991418,9.32549863019716e-05,0.5500000000000002,True,correct
DBLP,0.6,48,898,conf/vldb/OoiGT98,True,1,LJdSx1Di81MJ,LJdSx1Di81MJ,True,0.9999844756283138,1.5115087626731861e-05,0.9999693605406871,0.5500000000000002,True,correct
DBLP,0.6,48,899,conf/vldb/HoelS94,True,2,Id1cvsQURBAJ,Id1cvsQURBAJ,True,0.9999851374994458,0.908927097814705,0.0910580396847408,0.5500000000000002,True,correct
DBLP,0.6,48,900,conf/vldb/JiangWL03,True,1,s3bawcAka-EJ,s3bawcAka-EJ,True,0.999984773961173,0.9962829701979101,0.003701803763262901,0.5500000000000002,True,correct
DBLP,0.6,48,901,journals/tods/BozkayaO99,True,2,0znTIa901S8J,CEKbSWc_C6UJ,True,0.9999831173188116,0.9999467407234962,3.637659531541271e-05,0.5500000000000002,True,correct
DBLP,0.6,48,902,journals/vldb/HjaltasonS02,True,2,FH41DtWf_jAJ,FH41DtWf_jAJ,True,0.9999843305619149,0.9999037349665306,8.059559538431404e-05,0.5500000000000002,True,correct
DBLP,0.6,48,903,conf/sigmod/WolfsonSXZC99,True,5,4dbCEDwsluQJ,SHi3jbyB9t0J,True,0.9999861895619347,0.9999818922642484,4.2972976863620005e-06,0.5500000000000002,True,correct
DBLP,0.6,48,904,journals/tods/KarpSP03,True,1,mAQIVsd2VOMJ,mAQIVsd2VOMJ,True,0.9999855556959629,6.116200743099013e-06,0.9999794394952198,0.5500000000000002,True,correct
DBLP,0.6,48,905,conf/vldb/MehtaD95,True,3,7c5g0Tl1lO0J,xkvXoYlg2-cJ,True,0.9999864793890144,0.9999853840258277,1.0953631867094415e-06,0.5500000000000002,True,correct
DBLP,0.6,48,906,journals/sigmod/Bernstein01,False,0,,url:http://portal.acm.org/citation.cfm%3Fid%3D376284,False,5.24992548847737e-05,3.901942221145071e-05,1.347983267332299e-05,0.5500000000000002,False,unmatched_abstention
DBLP,0.6,48,907,journals/sigmod/Wade96,True,1,AYtrcxExrbkJ,AYtrcxExrbkJ,True,0.9999746320793069,1.396234598857721e-05,0.9999606697333183,0.5500000000000002,True,correct
DBLP,0.6,48,908,conf/vldb/Kotidis01,True,1,lRL4LmMtwnYJ,lRL4LmMtwnYJ,True,0.9999858879516679,5.9803458524492434e-06,0.9999799076058155,0.5500000000000002,True,correct
DBLP,0.6,48,909,conf/vldb/Moerkotte98,True,2,HcCevkoobDsJ,HcCevkoobDsJ,True,0.9999839486026889,0.9999354424637489,4.8506138940029864e-05,0.5500000000000002,True,correct
DBLP,0.6,48,910,conf/sigmod/BersonGM95,True,3,AdvsjAZhCc8J,-A4ypXVd348J,True,0.999974007519201,0.9993422059349317,0.0006318015842692315,0.5500000000000002,True,correct
DBLP,0.6,48,911,conf/vldb/HulgeriS03,True,1,l5_H15LkpCsJ,l5_H15LkpCsJ,True,0.9999879441068137,1.9614385811652397e-05,0.999968329721002,0.5500000000000002,True,correct
DBLP,0.6,48,912,journals/sigmod/dOnofrioP03,True,1,url:http://portal.acm.org/ft_gateway.cfm%3Fid%3D776990%26type%3Dpdf%26dl%3DGUIDE%26dl%3DACM%26CFID%3D11111111%26CFTOKEN%3D2222222,url:http://portal.acm.org/ft_gateway.cfm%3Fid%3D776990%26type%3Dpdf%26dl%3DGUIDE%26dl%3DACM%26CFID%3D11111111%26CFTOKEN%3D2222222,True,0.9999778515098106,5.847787429805113e-06,0.9999720037223807,0.5500000000000002,True,correct
DBLP,0.6,48,913,journals/sigmod/Hoffner03,True,1,url:http://portal.acm.org/citation.cfm%3Fid%3D776985.776995%26coll%3DGUIDE%26dl%3DACM%26idx%3DJ689%26part%3Dperiodical%26WantType%3Dperiodical%26title%3DACM%2520SIGMOD%2520Record%26CFID%3D11111111%26CFTOKEN%3D2222222,url:http://portal.acm.org/citation.cfm%3Fid%3D776985.776995%26coll%3DGUIDE%26dl%3DACM%26idx%3DJ689%26part%3Dperiodical%26WantType%3Dperiodical%26title%3DACM%2520SIGMOD%2520Record%26CFID%3D11111111%26CFTOKEN%3D2222222,True,0.9999829665301486,5.797705489358027e-06,0.9999771688246593,0.5500000000000002,True,correct
DBLP,0.6,48,914,journals/vldb/RamakrishnanSSS94,True,3,K9jUyjxRaCwJ,rgA2DgNVPBUJ,True,0.9999781742449051,0.008460702527950567,0.9915174717169545,0.5500000000000002,True,correct
DBLP,0.6,48,915,conf/sigmod/Nori00,True,1,url:http://portal.acm.org/citation.cfm%3Fid%3D342009.335474,url:http://portal.acm.org/citation.cfm%3Fid%3D342009.335474,True,0.9999548109271627,5.708708248587961e-06,0.9999491022189141,0.5500000000000002,True,correct
DBLP,0.6,48,916,conf/vldb/SarawagiS96,True,2,GzBmx-QUxFYJ,GzBmx-QUxFYJ,True,0.999985436258064,0.9999543583466501,3.107791141387928e-05,0.5500000000000002,True,correct
DBLP,0.6,48,917,conf/vldb/HeMYW03,True,1,cBe5X4EKjIEJ,cBe5X4EKjIEJ,True,0.9999846488938066,0.9768778172387765,0.023106831655030025,0.5500000000000002,True,correct
DBLP,0.6,48,918,journals/sigmod/Kuijpers02,True,1,url:http://portal.acm.org/citation.cfm%3Fid%3D601858.601866%26dl%3DGUIDE%26dl%3DACM%26idx%3DJ689%26part%3Dperiodical%26WantType%3Dperiodical%26title%3DACM%2520SIGMOD%2520Record%26CFID%3D11111111%26CFTOKEN%3D2222222,06Ut4zQ7xWQJ,False,0.9999402319410202,0.9998979265049198,4.2305436100398275e-05,0.5500000000000002,True,false_link
DBLP,0.6,48,919,conf/sigmod/MassariPSC95,True,1,O2FrN68p5PUJ,O2FrN68p5PUJ,True,0.9999763190277592,0.9932074886885712,0.006768830339187959,0.5500000000000002,True,correct
DBLP,0.6,48,920,journals/sigmod/AlonsoCIM95,True,1,5LlePa4wQmEJ,5LlePa4wQmEJ,True,0.9999857292290235,5.865615863539458e-06,0.9999798636131599,0.5500000000000002,True,correct
DBLP,0.6,48,921,conf/sigmod/KalnisNOPT02,True,2,ipAB8UMS7QkJ,ipAB8UMS7QkJ,True,0.9999838552623871,0.9995934276684707,0.00039042759391638704,0.5500000000000002,True,correct
DBLP,0.6,48,922,conf/sigmod/GatziuGD95,True,3,jC39CJrWKr8J,jC39CJrWKr8J,True,0.9999720230941759,0.9999478587820224,2.416431215346293e-05,0.5500000000000002,True,correct
DBLP,0.6,48,923,journals/vldb/NgC98,True,2,eTDBrdfpGNEJ,J7mY8RlpTKMJ,True,0.9999837715195427,0.9999826610328147,1.11048672790659e-06,0.5500000000000002,True,correct
DBLP,0.6,48,924,conf/sigmod/CluetDSS98,True,7,63Y-t4R2RycJ,lOZF0Ee3rUQJ,True,0.9999695560660667,0.9999621383079998,7.417758066896596e-06,0.5500000000000002,True,correct
DBLP,0.6,48,925,conf/sigmod/LivnyRBCDLMW97a,True,5,1rcDwhVp-o8J,vshQbbpnQiUJ,True,0.9999845205997541,0.9999843012306732,2.193690809004778e-07,0.5500000000000002,True,correct
DBLP,0.6,48,926,conf/sigmod/Ozsu99,True,1,cifMTT3UYjQJ,cifMTT3UYjQJ,True,0.9999760424953523,0.00029359724535073196,0.9996824452500016,0.5500000000000002,True,correct
DBLP,0.6,48,927,conf/vldb/ChaudhuriS01,True,2,4bS3tvLQ-LAJ,4bS3tvLQ-LAJ,True,0.9999137398072595,0.9995512384434742,0.00036250136378535025,0.5500000000000002,True,correct
DBLP,0.6,48,928,conf/sigmod/KarbhariRXD02,True,2,Mw3xLuyR3qQJ,TZsVVmiiHqEJ,True,0.9999842936084429,0.9999665265885036,1.776701993927432e-05,0.5500000000000002,True,correct
DBLP,0.6,48,929,conf/sigmod/Moore95,True,1,uh57sQuxYuIJ,uh57sQuxYuIJ,True,0.999982396821011,0.026608862281433412,0.9733735345395775,0.5500000000000002,True,correct
DBLP,0.6,48,930,conf/vldb/BasuFP00,False,0,,W5kQIZoMDMMJ,False,5.684662924892315e-06,5.679601697978588e-06,5.061226913727389e-09,0.5500000000000002,False,unmatched_abstention
DBLP,0.6,48,931,conf/vldb/BraumandlCK98,True,1,rH5VOr1x-a8J,rH5VOr1x-a8J,True,0.9999857606051462,6.544723729028204e-06,0.9999792158814171,0.5500000000000002,True,correct
DBLP,0.6,48,932,journals/tods/ChaudhuriS99,True,5,31oH64SXpRcJ,QCFUIVkspywJ,True,0.999985549661269,0.9999811367455006,4.412915768359227e-06,0.5500000000000002,True,correct
DBLP,0.6,48,933,conf/vldb/CochinwalaB94,True,1,Bp69wMYw9DAJ,Bp69wMYw9DAJ,True,0.9999861656500103,6.2289374713644375e-06,0.9999799367125389,0.5500000000000002,True,correct
DBLP,0.6,48,934,journals/sigmod/Finkelstein95,True,1,gbnxN3MpucMJ,gbnxN3MpucMJ,True,0.9999836716847723,2.3492477519883242e-05,0.9999601792072524,0.5500000000000002,True,correct
DBLP,0.6,48,935,conf/sigmod/Rodriguez-Martinez00,True,1,ZX_Rn4h2st0J,ZX_Rn4h2st0J,True,0.9999795555391295,3.5038988152454304e-05,0.999944516550977,0.5500000000000002,True,correct
DBLP,0.6,48,936,conf/vldb/ImielinskiB02,True,1,IQ_MbfJGh0kJ,IQ_MbfJGh0kJ,True,0.9999571876629023,6.368878398668587e-06,0.9999508187845036,0.5500000000000002,True,correct
DBLP,0.6,48,937,journals/sigmod/Stonebraker94,True,1,url:http://portal.acm.org/citation.cfm%3Fid%3D181551,url:http://portal.acm.org/citation.cfm%3Fid%3D181551,True,0.9999824197376753,9.873171177555403e-06,0.9999725465664978,0.5500000000000002,True,correct
DBLP,0.6,48,938,journals/sigmod/Vassilakis00,True,2,e0j-56kaeR4J,nZO8ZA4eYzYJ,True,0.9999821830723227,0.999968903749734,1.3279322588655162e-05,0.5500000000000002,True,correct
DBLP,0.6,48,939,conf/sigmod/RoySSB00,True,5,0MCbJO8XsEoJ,OZHS88jHgDkJ,True,0.9999825730734146,0.9999809717519962,1.6013214184651403e-06,0.5500000000000002,True,correct
DBLP,0.6,48,940,conf/sigmod/ArasuG03,True,3,jp9ptMpdoGwJ,kfADlOEkwOkJ,True,0.9999765050355437,0.9999750749481378,1.4300874059403057e-06,0.5500000000000002,True,correct
DBLP,0.6,48,941,journals/sigmod/BerraNT95,True,1,url:http://portal.acm.org/ft_gateway.cfm%3Fid%3D202670%26type%3Dpdf%26dl%3DGUIDE%26dl%3DACM%26CFID%3D11111111%26CFTOKEN%3D2222222,url:http://portal.acm.org/ft_gateway.cfm%3Fid%3D202670%26type%3Dpdf%26dl%3DGUIDE%26dl%3DACM%26CFID%3D11111111%26CFTOKEN%3D2222222,True,0.9999858538750366,4.369614166259061e-05,0.999942157733374,0.5500000000000002,True,correct
DBLP,0.6,48,942,conf/sigmod/MoleskyR95,True,2,mSR0bA8pIOwJ,u03oQbB0y-oJ,True,0.999985879901424,0.9999755824485504,1.0297452873508917e-05,0.5500000000000002,True,correct
DBLP,0.6,48,943,journals/sigmod/HansonN99,True,4,b5uRDGKYrcMJ,b5uRDGKYrcMJ,True,0.9999844658243328,0.9999692566404799,1.5209183852893382e-05,0.5500000000000002,True,correct
DBLP,0.6,48,944,journals/sigmod/EisenbergM98a,True,1,AatoNnELw78J,AatoNnELw78J,True,0.9999858970867656,0.9757182941202698,0.02426760296649577,0.5500000000000002,True,correct
DBLP,0.6,48,945,journals/vldb/MaedcheMS03,True,1,qKJ1c8D-95wJ,qKJ1c8D-95wJ,True,0.9999861624172787,8.967985894948434e-06,0.9999771944313837,0.5500000000000002,True,correct
DBLP,0.6,48,946,conf/vldb/ZellerK02,True,1,UIWreKZndVQJ,UIWreKZndVQJ,True,0.999982474057793,6.364318610125164e-06,0.9999761097391828,0.5500000000000002,True,correct
DBLP,0.6,48,947,conf/vldb/ShanmugasundaramKSFF01,True,1,9r5dL8B5l7oJ,9r5dL8B5l7oJ,True,0.9998707598035838,0.00011342728069966698,0.9997573325228841,0.5500000000000002,True,correct
DBLP,0.6,48,948,journals/sigmod/Winslett02c,False,0,,url:http://portal.acm.org/ft_gateway.cfm%3Fid%3D565127%26type%3Dpdf%26dl%3DGUIDE%26dl%3DACM%26CFID%3D11111111%26CFTOKEN%3D2222222,False,3.070600146587491e-05,1.8105594575644945e-05,1.2600406890229963e-05,0.5500000000000002,False,unmatched_abstention
DBLP,0.6,48,949,journals/sigmod/Wedekind94,True,1,gqehj3-ukjIJ,gqehj3-ukjIJ,True,0.3757717568597878,1.4224180310194216e-05,0.3757575326794776,0.5500000000000002,False,missing_match
DBLP,0.6,48,950,conf/vldb/Raghavan96,True,1,zuVOWDbv0lsJ,zuVOWDbv0lsJ,True,0.9999811567207649,5.898594495855262e-06,0.9999752581262691,0.5500000000000002,True,correct
DBLP,0.6,48,951,journals/tods/TaoSP03,True,1,FBp7oibu4ygJ,FBp7oibu4ygJ,True,0.9999837664424783,0.00031726460057968466,0.9996665018418986,0.5500000000000002,True,correct
DBLP,0.6,48,952,conf/sigmod/SimmenSM96,True,1,XVP8s4K0Bg4J,XVP8s4K0Bg4J,True,0.9999845641602884,6.052675146273001e-06,0.999978511485142,0.5500000000000002,True,correct
DBLP,0.6,48,953,conf/vldb/HaasKWY97,True,10,6TrmUUoylzIJ,U09WdB3GIK4J,True,0.9999798960136858,0.9999741008999066,5.795113779183403e-06,0.5500000000000002,True,correct
DBLP,0.6,48,954,journals/sigmod/MedskerCS95,True,1,url:http://portal.acm.org/ft_gateway.cfm%3Fid%3D202673%26type%3Dpdf%26coll%3DGUIDE%26dl%3DACM%26CFID%3D11111111%26CFTOKEN%3D2222222,url:http://portal.acm.org/ft_gateway.cfm%3Fid%3D202673%26type%3Dpdf%26coll%3DGUIDE%26dl%3DACM%26CFID%3D11111111%26CFTOKEN%3D2222222,True,0.9999853467062464,5.608499079976791e-06,0.9999797382071665,0.5500000000000002,True,correct
DBLP,0.6,48,955,conf/vldb/BarjaPFWD94,True,2,qhl9_KGvjcUJ,qhl9_KGvjcUJ,True,0.9999814286918325,0.00012096193572384892,0.9998604667561086,0.5500000000000002,True,correct
DBLP,0.6,48,956,conf/sigmod/WilschutFA95,True,2,vgoFTdXYHZ0J,vgoFTdXYHZ0J,True,0.9999853657687087,0.9240679778608034,0.07591738790790525,0.5500000000000002,True,correct
DBLP,0.6,48,957,journals/vldb/RamamurthyDS03,True,3,DAlyofX710AJ,uem5wXLoU0wJ,True,0.9999843701563985,0.9999796040873151,4.7660690833950525e-06,0.5500000000000002,True,correct
DBLP,0.6,48,958,conf/sigmod/Mamoulis03,True,1,8-eaDTdtfY4J,8-eaDTdtfY4J,True,0.9999847690524661,7.200262734838253e-06,0.9999775687897313,0.5500000000000002,True,correct
DBLP,0.6,48,959,conf/sigmod/BornhovdAKMPR03,True,2,4qtu0-tW0IcJ,7lPu8hBgKksJ,True,0.9999859453813653,0.9999857507701558,1.9461120948083277e-07,0.5500000000000002,True,correct
DBLP,0.6,48,960,journals/vldb/OoiTCH98,True,1,xv1webZ985MJ,xv1webZ985MJ,True,0.9999849870968351,0.0003909605760747689,0.9995940265207603,0.5500000000000002,True,correct
DBLP,0.6,48,961,conf/vldb/TriantafillouP97,True,1,L7vxP-dXbukJ,L7vxP-dXbukJ,True,0.9999840800433542,5.861008338100547e-06,0.999978219035016,0.5500000000000002,True,correct
DBLP,0.6,48,962,journals/sigmod/Fankhauser01,True,1,_sltXCfRKhYJ,_sltXCfRKhYJ,True,0.9999851565934184,7.412389614546609e-06,0.9999777442038038,0.5500000000000002,True,correct
DBLP,0.6,48,963,journals/sigmod/Franklin00,False,0,,url:http://portal.acm.org/citation.cfm%3Fid%3D945721.945727%26coll%3DGUIDE%26dl%3DACM%26idx%3DJ689%26part%3Dperiodical%26WantType%3Dperiodical%26title%3DACM%2520SIGMOD%2520Record%26CFID%3D11111111%26CFTOKEN%3D2222222,False,3.881926182246879e-05,3.4104146700175544e-05,4.7151151222932474e-06,0.5500000000000002,False,unmatched_abstention
DBLP,0.6,48,964,conf/sigmod/DraperHW01,True,3,6csUZFROjIEJ,sURGDemFSsUJ,True,0.999982147763561,0.9999625133166867,1.9634446874250422e-05,0.5500000000000002,True,correct
DBLP,0.6,48,965,conf/sigmod/BunemanKTT02,True,1,cKIQyzazkYEJ,cKIQyzazkYEJ,True,0.999808436859941,9.620605041198826e-06,0.9997988162548999,0.5500000000000002,True,correct
DBLP,0.6,48,966,journals/sigmod/GatziuJSV99,True,1,HtqrJuo7GSsJ,HtqrJuo7GSsJ,True,0.9999874744007388,0.9998949722051024,9.250219563639028e-05,0.5500000000000002,True,correct
DBLP,0.6,48,967,journals/vldb/BonifatiCP01,True,1,FLTKBG-bw7sJ,FLTKBG-bw7sJ,True,0.9999853365294492,1.4094939997161846e-05,0.999971241589452,0.5500000000000002,True,correct
DBLP,0.6,48,968,journals/sigmod/McClatcheyV97,True,2,mbFxAqrWXbYJ,url:http://portal.acm.org/ft_gateway.cfm%3Fid%3D271087%26type%3Dpdf%26dl%3DGUIDE%26dl%3DACM%26CFID%3D11111111%26CFTOKEN%3D2222222,True,0.9999877687639827,0.00040200860009431086,0.9995857601638883,0.5500000000000002,True,correct
DBLP,0.6,48,969,journals/sigmod/Liu03c,False,0,,url:http://portal.acm.org/citation.cfm%3Fid%3D945721.945727%26coll%3DGUIDE%26dl%3DACM%26idx%3DJ689%26part%3Dperiodical%26WantType%3Dperiodical%26title%3DACM%2520SIGMOD%2520Record%26CFID%3D11111111%26CFTOKEN%3D2222222,False,0.001136214969283392,0.0003568001793199651,0.0007794147899634269,0.5500000000000002,False,unmatched_abstention
DBLP,0.6,48,970,conf/sigmod/MumickP94,True,1,hUQBQ_9ohcgJ,hUQBQ_9ohcgJ,True,0.9999845181933482,6.306979401764422e-06,0.9999782112139465,0.5500000000000002,True,correct
DBLP,0.6,48,971,conf/vldb/Chakrabarti02,False,0,,j-fcJS_86GYJ,False,1.6964232372493408e-05,1.4805348671583149e-05,2.1588837009102592e-06,0.5500000000000002,False,unmatched_abstention
DBLP,0.6,48,972,conf/vldb/HumborstadSHT97,True,1,TjJZGlCajbMJ,TjJZGlCajbMJ,True,0.9999819751186679,5.3883003036959744e-06,0.9999765868183642,0.5500000000000002,True,correct
DBLP,0.6,48,973,journals/tods/TariSS97,True,3,8UdB5vOY_r0J,wGAAD7CTrnMJ,True,0.9999841079995965,0.9999821514916281,1.9565079684147335e-06,0.5500000000000002,True,correct
DBLP,0.6,48,974,conf/vldb/HelmerWM98,True,2,5ipPVLRhDqoJ,5ipPVLRhDqoJ,True,0.9999851441312924,0.9999647916932116,2.035243808073961e-05,0.5500000000000002,True,correct
DBLP,0.6,48,975,conf/vldb/King02,False,0,,lMKrltuk53EJ,False,5.461062397607311e-06,5.4098795058717605e-06,5.1182891735550194e-08,0.5500000000000002,False,unmatched_abstention
DBLP,0.6,48,976,conf/sigmod/Blakeley96,True,4,1fs-qN_SdH4J,jQ6eIao6R0EJ,True,0.9999841037403158,0.9999776681555457,6.4355847700925395e-06,0.5500000000000002,True,correct
DBLP,0.6,48,977,conf/sigmod/FranklinZ98,True,2,5Cj9Wx8llkwJ,5Cj9Wx8llkwJ,True,0.9999840801648116,0.9999423414759031,4.173868890844368e-05,0.5500000000000002,True,correct
DBLP,0.6,48,978,journals/sigmod/Fong97,True,1,rgJU30QjbhkJ,rgJU30QjbhkJ,True,0.9999859458772802,0.9965707497143401,0.0034151961629400596,0.5500000000000002,True,correct
DBLP,0.6,48,979,journals/vldb/RamamohanaraoH94,True,2,bFNUZoN0LhsJ,UiWvxN_y9SAJ,True,0.99998730743877,0.9999053065910429,8.20008477270262e-05,0.5500000000000002,True,correct
DBLP,0.6,48,980,journals/sigmod/Franklin00b,False,0,,url:http://portal.acm.org/citation.cfm%3Fid%3D945721.945727%26coll%3DGUIDE%26dl%3DACM%26idx%3DJ689%26part%3Dperiodical%26WantType%3Dperiodical%26title%3DACM%2520SIGMOD%2520Record%26CFID%3D11111111%26CFTOKEN%3D2222222,False,3.881926182246879e-05,3.4104146700175544e-05,4.7151151222932474e-06,0.5500000000000002,False,unmatched_abstention
DBLP,0.6,48,981,journals/sigmod/Winslett03a,False,0,,E81b1ZUux6cJ,False,0.0001357530728628664,9.404315740984504e-05,4.170991545302135e-05,0.5500000000000002,False,unmatched_abstention
DBLP,0.6,48,982,conf/sigmod/BrunoKS02,True,3,2VpRW4Tf08EJ,GahdNMZNCWgJ,True,0.9999815261096708,0.9915443442866136,0.008437181823057194,0.5500000000000002,True,correct
DBLP,0.6,48,983,conf/vldb/AndreiV01,True,1,Ms4IJoI6-34J,Ms4IJoI6-34J,True,0.9999849218982921,5.4375000921238175e-06,0.9999794843982001,0.5500000000000002,True,correct
DBLP,0.6,48,984,journals/sigmod/BarbaraS97,True,3,iOxtnjbC4SEJ,Iw5bYR098o4J,True,0.9999834842243294,0.9999801964759835,3.2877483459037293e-06,0.5500000000000002,True,correct
DBLP,0.6,48,985,journals/vldb/ChuIT94,True,1,IDo3ZQocZE4J,IDo3ZQocZE4J,True,0.9999846749596529,0.0015113429427971875,0.9984733320168557,0.5500000000000002,True,correct
DBLP,0.6,48,986,conf/sigmod/RothAHCCFSTW96,True,6,2i9wDNdFZM8J,2i9wDNdFZM8J,True,0.9999805445423372,0.9915024318301121,0.008478112712225094,0.5500000000000002,True,correct
DBLP,0.6,48,987,conf/vldb/SrivastavaDJL96,True,6,01ZVDudF4WAJ,01ZVDudF4WAJ,True,0.99998577009409,0.9999834761423917,2.2939516982622976e-06,0.5500000000000002,True,correct
DBLP,0.6,48,988,journals/sigmod/SnodgrassGIMSU98,False,0,,uPBlQ76s_g4J,False,0.9603761517714409,0.06269175564191845,0.8976843961295224,0.5500000000000002,True,false_link
DBLP,0.6,48,989,conf/vldb/Spintzik95,True,1,QcD01ZjsNcIJ,QcD01ZjsNcIJ,True,0.9999860754848243,7.014339181850639e-06,0.9999790611456425,0.5500000000000002,True,correct
DBLP,0.6,48,990,journals/sigmod/KuanL99,True,2,BZfdROjhbhwJ,lkrtCULVA6oJ,True,0.9999871551791508,0.9999784754929107,8.679686240076201e-06,0.5500000000000002,True,correct
DBLP,0.6,48,991,journals/vldb/BenzakenD95,True,1,rF3edU2oNcEJ,rF3edU2oNcEJ,True,0.9999784752055318,1.1947037192079533e-05,0.9999665281683398,0.5500000000000002,True,correct
DBLP,0.6,48,992,conf/vldb/Deshpande00,True,1,2DiLFd0rgPgJ,2DiLFd0rgPgJ,True,0.9999870687503596,5.454358551779796e-06,0.9999816143918078,0.5500000000000002,True,correct
DBLP,0.6,48,993,journals/vldb/CombiP01,True,1,8YoYzQtOgYoJ,8YoYzQtOgYoJ,True,0.9999825128908858,5.968517580495885e-06,0.9999765443733053,0.5500000000000002,True,correct
DBLP,0.6,48,994,journals/sigmod/Franklin98,False,0,,diQK7Y_z3XwJ,False,8.091237414916609e-05,4.97005997703546e-05,3.121177437881149e-05,0.5500000000000002,False,unmatched_abstention
DBLP,0.6,48,995,conf/vldb/ManolopoulosT01,True,2,BqSvyuGWls8J,hr5OGCJqc2MJ,True,0.9999855165496688,0.00023471181379455236,0.9997508047358743,0.5500000000000002,True,correct
DBLP,0.6,48,996,conf/vldb/CeriFP99,True,3,8OrOAQnaveIJ,CpA5QWyIRr4J,True,0.9999872821638264,0.9999871978836727,8.428015363382002e-08,0.5500000000000002,True,correct
DBLP,0.6,48,997,conf/sigmod/YangYW00,True,1,JQuwW88-2_0J,JQuwW88-2_0J,True,0.9999836636634079,5.832999616658969e-06,0.9999778306637912,0.5500000000000002,True,correct
DBLP,0.6,48,998,journals/sigmod/Aberer03b,True,1,url:http://portal.acm.org/ft_gateway.cfm%3Fid%3D776994%26type%3Dpdf%26dl%3DGUIDE%26dl%3DACM%26CFID%3D11111111%26CFTOKEN%3D2222222,url:http://portal.acm.org/ft_gateway.cfm%3Fid%3D604274%26type%3Dpdf%26dl%3DGUIDE%26dl%3DACM%26CFID%3D11111111%26CFTOKEN%3D2222222,False,0.9971782554431219,0.608688645661759,0.38848960978136293,0.5500000000000002,True,false_link
DBLP,0.6,48,999,conf/vldb/AgrawalS94,True,20,_NISJ-0lKiAJ,P0age7qyZacJ,True,0.9999830485919939,0.9999823989696675,6.496223264873535e-07,0.5500000000000002,True,correct
DBLP,0.6,48,1000,conf/sigmod/Chan98,True,1,oo2mr5fbMggJ,oo2mr5fbMggJ,True,0.999985293044873,0.001521623007735727,0.9984636700371373,0.5500000000000002,True,correct
DBLP,0.6,48,1001,conf/vldb/FlorescuKLP97,True,1,-Zb4WBd1aNUJ,-Zb4WBd1aNUJ,True,0.999984994511316,8.770175133954384e-06,0.9999762243361819,0.5500000000000002,True,correct
DBLP,0.6,48,1002,journals/sigmod/Snodgrass01a,False,0,,CuNhtOboaGoJ,False,9.645546995656676e-06,7.930918196032296e-06,1.7146287996243798e-06,0.5500000000000002,False,unmatched_abstention
DBLP,0.6,48,1003,conf/vldb/LuoN01,True,1,TRWSf77xoWsJ,TRWSf77xoWsJ,True,0.9999849084331823,6.6535401158071e-06,0.9999782548930666,0.5500000000000002,True,correct
DBLP,0.6,48,1004,conf/vldb/CiliaHB02,True,1,_aEC8CgKod0J,_aEC8CgKod0J,True,0.9999856248044002,5.611270365916497e-06,0.9999800135340343,0.5500000000000002,True,correct
DBLP,0.6,48,1005,journals/tods/WandSW99,True,2,nrEQsOAiE44J,pYtOkFSgdXYJ,True,0.9999847234771451,0.9903113814189631,0.009673342058181933,0.5500000000000002,True,correct
DBLP,0.6,48,1006,journals/vldb/OzsuPSILM95,True,5,2Y6WYH71fO0J,gld2wLKYWpsJ,True,0.9999786625175856,0.9999751484308758,3.5140867098437667e-06,0.5500000000000002,True,correct
DBLP,0.6,48,1007,conf/vldb/PalpanasSCP02,True,1,nlh2WXZT3VIJ,nlh2WXZT3VIJ,True,0.9999849340583429,6.755211550712076e-06,0.9999781788467922,0.5500000000000002,True,correct
DBLP,0.6,48,1008,conf/sigmod/LivnyRBCDLMW97,True,4,9Ho84Ho6xuIJ,9Ho84Ho6xuIJ,True,0.9999818869620213,0.9999803974137257,1.4895482955967765e-06,0.5500000000000002,True,correct
DBLP,0.6,48,1009,journals/tods/KorthS94,True,1,w40iTKlpWEQJ,w40iTKlpWEQJ,True,0.9999848067130984,8.829751312101064e-06,0.9999759769617863,0.5500000000000002,True,correct
DBLP,0.6,48,1010,journals/sigmod/Snodgrass03,True,1,m-l6e98xxOsJ,m-l6e98xxOsJ,True,0.9999824942864589,0.00034546589345413244,0.9996370283930048,0.5500000000000002,True,correct
DBLP,0.6,48,1011,conf/vldb/ColletCS94,True,4,Iap8Eg0Sm8oJ,uMutI8spj1QJ,True,0.9999868590137889,0.9999818551506474,5.0038631415061374e-06,0.5500000000000002,True,correct
DBLP,0.6,48,1012,conf/vldb/CochranePM96,True,1,NRLEnDsPlOkJ,NRLEnDsPlOkJ,True,0.9999792784395275,0.004227482575953566,0.995751795863574,0.5500000000000002,True,correct
DBLP,0.6,48,1013,conf/sigmod/DarR94,True,1,TtV6gGLQ9NMJ,TtV6gGLQ9NMJ,True,0.999985799592886,4.45791834289076e-05,0.9999412204094571,0.5500000000000002,True,correct
DBLP,0.6,48,1014,conf/sigmod/RundensteinerKRCJM96,True,5,38HoFGLnxkQJ,UEaXoXn3DicJ,True,0.9999881163240523,0.9999873847793805,7.315446717282015e-07,0.5500000000000002,True,correct
DBLP,0.6,48,1015,conf/vldb/ChoN02,True,2,4tTQJrG4pn8J,4tTQJrG4pn8J,True,0.9999859419094715,0.9997401690483173,0.00024577286115423647,0.5500000000000002,True,correct
DBLP,0.6,48,1016,journals/sigmod/Qian97,True,1,url:http://portal.acm.org/citation.cfm%3Fid%3D248603.248618%26dl%3DGUIDE%26dl%3DACM%26idx%3DJ689%26part%3Dperiodical%26WantType%3Dperiodical%26title%3DACM%2520SIGMOD%2520Record%26CFID%3D11111111%26CFTOKEN%3D2222222,url:http://portal.acm.org/citation.cfm%3Fid%3D248603.248618%26dl%3DGUIDE%26dl%3DACM%26idx%3DJ689%26part%3Dperiodical%26WantType%3Dperiodical%26title%3DACM%2520SIGMOD%2520Record%26CFID%3D11111111%26CFTOKEN%3D2222222,True,0.9999870959016346,5.8801442846307e-06,0.99998121575735,0.5500000000000002,True,correct
DBLP,0.6,48,1017,conf/sigmod/RundensteinerKZWLLN99,True,1,2XRfNjwuDrsJ,2XRfNjwuDrsJ,True,0.9999864029698221,7.201495878974732e-05,0.9999143880110324,0.5500000000000002,True,correct
DBLP,0.6,48,1018,journals/sigmod/WestmannKHM00,True,5,9jyzas_rFd4J,9jyzas_rFd4J,True,0.9999839830230481,0.9999704878031219,1.3495219926218383e-05,0.5500000000000002,True,correct
DBLP,0.6,48,1019,conf/vldb/GuntzerBK00,True,3,3Gf3m5rkq0UJ,EdQ4M7GEnzoJ,True,0.9999810488988755,0.9999749972903614,6.051608514079376e-06,0.5500000000000002,True,correct
DBLP,0.6,48,1020,conf/vldb/JagadishMN99,True,3,9rDll5YAQnoJ,RPWDtUmq6_QJ,True,0.9999856805057799,0.9999836052302916,2.0752754882336077e-06,0.5500000000000002,True,correct
DBLP,0.6,48,1021,conf/sigmod/Epstein95,False,0,,dwPOCFCBZ78J,False,0.12501768708471633,0.010043361598700031,0.1149743254860163,0.5500000000000002,False,unmatched_abstention
DBLP,0.6,48,1022,journals/vldb/MehrotraKS97,True,1,6XxswNrUSk4J,6XxswNrUSk4J,True,0.9999844523522827,7.692697512349798e-06,0.9999767596547704,0.5500000000000002,True,correct
DBLP,0.6,48,1023,conf/sigmod/Grust02,True,3,-3LAxRNpDJIJ,FYfyf-SjQNIJ,True,0.9999732865417877,0.999969482844751,3.803697036786069e-06,0.5500000000000002,True,correct
DBLP,0.6,48,1024,conf/sigmod/BabuGR01,True,2,h_oXQ6ntHEUJ,zQCRmiH6jo4J,True,0.9999843456026014,0.9999825131410347,1.8324615667086874e-06,0.5500000000000002,True,correct
DBLP,0.6,48,1025,conf/vldb/HaasKU99,True,1,jteJcGoGxnMJ,jteJcGoGxnMJ,True,0.9999857712746746,0.9999009148490788,8.485642559574735e-05,0.5500000000000002,True,correct
DBLP,0.6,48,1026,conf/sigmod/HinneburgKW02,True,3,7v3f7Thmyw0J,VWd7jhLXfV0J,True,0.9999850676718257,0.5748268391366833,0.4251582285351424,0.5500000000000002,True,correct
DBLP,0.6,48,1027,conf/vldb/ZurekS99,True,1,mEdoUlcnDsgJ,mEdoUlcnDsgJ,True,0.9999874150482423,5.988895453586061e-06,0.9999814261527887,0.5500000000000002,True,correct
DBLP,0.6,48,1028,conf/vldb/ShuklaDN98,True,2,1eCp1f8DhasJ,1eCp1f8DhasJ,True,0.9999847411095422,0.9999566433108213,2.8097798720816414e-05,0.5500000000000002,True,correct
DBLP,0.6,48,1029,journals/sigmod/Liu03b,False,0,,url:http://portal.acm.org/citation.cfm%3Fid%3D945721.945727%26coll%3DGUIDE%26dl%3DACM%26idx%3DJ689%26part%3Dperiodical%26WantType%3Dperiodical%26title%3DACM%2520SIGMOD%2520Record%26CFID%3D11111111%26CFTOKEN%3D2222222,False,0.001136214969283392,0.0003568001793199651,0.0007794147899634269,0.5500000000000002,False,unmatched_abstention
DBLP,0.6,48,1030,journals/tods/PetersO97,True,2,er0r8doAGUQJ,mQp5jjo-npAJ,True,0.9999823946049342,0.9999659307327807,1.646387215348266e-05,0.5500000000000002,True,correct
DBLP,0.6,48,1031,journals/sigmod/AndlerHEMBE96,True,5,3Isoplo_hi0J,oNYOKYvjoKgJ,True,0.9999857309437143,0.9999788069086847,6.924035029665099e-06,0.5500000000000002,True,correct
DBLP,0.6,48,1032,journals/sigmod/BichlerSZ98,True,2,fQNdA5cjapAJ,fQNdA5cjapAJ,True,0.9999865341293415,0.9999761965358597,1.0337593481790641e-05,0.5500000000000002,True,correct
DBLP,0.6,48,1033,conf/vldb/X00a,False,0,,NaCqw8qESpAJ,False,5.9563964088309896e-05,3.236138125830858e-05,2.7202582830001317e-05,0.5500000000000002,False,unmatched_abstention
DBLP,0.6,48,1034,conf/sigmod/DoRD99,True,2,Q4N41koenF8J,Rviij1nqEcoJ,True,0.9999839606605149,0.9999820021890614,1.9584714534559566e-06,0.5500000000000002,True,correct
DBLP,0.6,48,1035,journals/sigmod/LawderK01,True,1,eznFJ2e_pQQJ,eznFJ2e_pQQJ,True,0.9999825734888927,0.0006964058363281685,0.9992861676525646,0.5500000000000002,True,correct
DBLP,0.6,48,1036,journals/vldb/GeorgeH00,True,2,2L-UFpDof3UJ,2L-UFpDof3UJ,True,0.9998226706248798,0.0008833597436602362,0.9989393108812196,0.5500000000000002,True,correct
DBLP,0.6,48,1037,conf/vldb/JagadishNSSK97,True,2,FzUYum7hqhQJ,ZG9yClLgWnsJ,True,0.9999846433736359,0.9999807868182663,3.856555369607939e-06,0.5500000000000002,True,correct
DBLP,0.6,48,1038,conf/sigmod/GarofalakisGRSS00,True,2,5uvR4kU1UOoJ,Kw_1o5V8Ot4J,True,0.9999844220160071,0.9999843347753609,8.724064626264294e-08,0.5500000000000002,True,correct
DBLP,0.6,48,1039,journals/sigmod/Bhashyam96,True,1,url:http://portal.acm.org/ft_gateway.cfm%3Fid%3D245908%26type%3Dpdf%26dl%3DGUIDE%26dl%3DACM%26CFID%3D11111111%26CFTOKEN%3D2222222,url:http://portal.acm.org/ft_gateway.cfm%3Fid%3D245908%26type%3Dpdf%26dl%3DGUIDE%26dl%3DACM%26CFID%3D11111111%26CFTOKEN%3D2222222,True,0.9999848383535581,5.610366070036705e-06,0.9999792279874881,0.5500000000000002,True,correct
DBLP,0.6,48,1040,conf/vldb/BridgeJKLLM97,True,3,8qlmryXP3BsJ,JO9Jnx_gGIUJ,True,0.9999858595264708,0.9999731200794657,1.2739447005083449e-05,0.5500000000000002,True,correct
DBLP,0.6,48,1041,journals/sigmod/Bohlen95,True,5,43K14Y5xa0YJ,v5P_NFXdOR8J,True,0.9999811201883015,0.9999776651098913,3.4550784102638232e-06,0.5500000000000002,True,correct
DBLP,0.6,48,1042,conf/sigmod/CrescenziMM02,True,1,pI0WktymowwJ,pI0WktymowwJ,True,0.9999789862848397,0.9988623212966395,0.0011166649882001778,0.5500000000000002,True,correct
DBLP,0.6,48,1043,conf/vldb/AnSVKIG01,True,3,4Q5ikiCy82UJ,HosSI1GtRY8J,True,0.999983980563627,0.9999296579784088,5.432258521820277e-05,0.5500000000000002,True,correct
DBLP,0.6,48,1044,conf/sigmod/Gettys95,False,0,,N8syKKPN6IoJ,False,6.079639468495565e-06,5.674474626356192e-06,4.051648421393726e-07,0.5500000000000002,False,unmatched_abstention
DBLP,0.6,48,1045,conf/vldb/NgY94,True,3,1O-Uy922LQUJ,1O-Uy922LQUJ,True,0.9999851469928416,0.9999725948227309,1.2552170110646799e-05,0.5500000000000002,True,correct
DBLP,0.6,48,1046,journals/sigmod/AnyanwuS02,True,2,LoDGuFLlvsAJ,LoDGuFLlvsAJ,True,0.9999794086699413,0.9999442060270154,3.520264292589115e-05,0.5500000000000002,True,correct
