record_index,ida,has_true_match,n_valid_matches,ft_lr_top1_idb,ft_lr_top1_score,ft_lr_top2_score,ft_lr_gap,ft_lr_threshold,ft_lr_declared,ft_lr_category,dataset,seed,ce_direct_declared,ce_direct_category,quartile
0,journals/vldb/Han98,True,1,url:http://www.springerlink.com/index/YTPAB711B92NCE7J.pdf,0.9682257219327276,0.004467670579616838,0.9637580513531108,0.5500000000000002,True,correct,DBLP,42,True,correct,Q4
1,conf/sigmod/DoRD99,True,2,Rviij1nqEcoJ,0.9637858539864094,0.9612654804923495,0.0025203734940598688,0.5500000000000002,True,correct,DBLP,42,True,correct,Q1
2,conf/vldb/ChanGR02,True,2,7rn7AHVs1YUJ,0.9566974753773437,0.847538283849856,0.10915919152748776,0.5500000000000002,True,correct,DBLP,42,True,correct,Q2
3,conf/sigmod/BouguettayaBH99,True,3,siO8kr7vvLEJ,0.9429925058976886,0.8033739306852652,0.13961857521242338,0.5500000000000002,True,correct,DBLP,42,True,correct,Q2
4,conf/vldb/CochranePM96,True,1,NRLEnDsPlOkJ,0.974102521234846,0.0943345459977261,0.8797679752371199,0.5500000000000002,True,correct,DBLP,42,True,correct,Q3
5,conf/vldb/Wang95,True,2,7FUOWtSbiogJ,0.9835526106021453,0.7188407017781432,0.2647119088240021,0.5500000000000002,True,correct,DBLP,42,True,correct,Q2
6,conf/vldb/LuL00,True,2,Ih5hY-NRmFgJ,0.98964467231607,0.8575934037000158,0.1320512686160542,0.5500000000000002,True,correct,DBLP,42,True,correct,Q2
7,journals/sigmod/DogacDKOONEHAKKM95,True,6,UAO4T_2ylPkJ,0.9826800344616154,0.7898136765079311,0.19286635795368434,0.5500000000000002,True,correct,DBLP,42,True,correct,Q2
8,conf/sigmod/ShenNSHS03,True,1,LjrsWIr3rhAJ,0.9863422806054168,0.002272017052375826,0.9840702635530411,0.5500000000000002,True,correct,DBLP,42,True,correct,Q4
9,journals/sigmod/CalvaneseGLV03,True,1,pGcIRyDyFG8J,0.9436242265088711,0.1064079776266715,0.8372162488821996,0.5500000000000002,True,correct,DBLP,42,True,correct,Q3
10,conf/vldb/JarkeKL00,True,2,6c3XQZ-_HDUJ,0.9718155790567435,0.856950367101403,0.1148652119553405,0.5500000000000002,True,correct,DBLP,42,True,correct,Q2
11,conf/vldb/GoyalHSS95,True,3,2sGH4SLcdL4J,0.981362130782167,0.9667545116840142,0.01460761909815289,0.5500000000000002,True,correct,DBLP,42,True,correct,Q1
12,journals/sigmod/CruzKLSWY02,True,1,url:http://portal.acm.org/ft_gateway.cfm%3Fid%3D601882%26type%3Dpdf%26dl%3DGUIDE%26dl%3DACM%26CFID%3D11111111%26CFTOKEN%3D2222222,0.9842990680947428,0.026643811216587057,0.9576552568781557,0.5500000000000002,True,correct,DBLP,42,True,correct,Q4
13,conf/sigmod/LivnyRBCDLMW97a,True,5,vshQbbpnQiUJ,0.9818533362544595,0.970200005924041,0.011653330330418488,0.5500000000000002,True,correct,DBLP,42,True,correct,Q1
14,conf/sigmod/PapakonstantinouV99,True,3,du5GsqT0_vQJ,0.9436415854263804,0.9057700748851364,0.03787151054124405,0.5500000000000002,True,correct,DBLP,42,True,correct,Q1
15,journals/sigmod/Weikum02,True,1,url:http://portal.acm.org/citation.cfm%3Fid%3D601858.601867%26dl%3DGUIDE%26dl%3DACM%26idx%3DJ689%26part%3Dperiodical%26WantType%3Dperiodical%26title%3DACM%2520SIGMOD%2520Record%26CFID%3D11111111%26CFTOKEN%3D2222222,0.4843211274991949,0.3525046399649332,0.13181648753426173,0.5500000000000002,False,missing_match,DBLP,42,True,correct,Q2
16,conf/sigmod/Perna95,True,1,url:http://portal.acm.org/ft_gateway.cfm%3Fid%3D223872%26type%3Dpdf%26dl%3DGUIDE%26dl%3DACM%26CFID%3D11111111%26CFTOKEN%3D2222222,0.9636686424842689,0.0031251203843063037,0.9605435220999625,0.5500000000000002,True,correct,DBLP,42,True,correct,Q4
17,journals/sigmod/CherniakV03,False,0,tOa0zXK5Ba4J,0.507659637857734,0.4197463387541704,0.08791329910356366,0.5500000000000002,False,unmatched_abstention,DBLP,42,False,unmatched_abstention,Q2
18,journals/vldb/ChenHY97,True,1,IWZsSVPC6HMJ,0.9643861372360678,0.015258660697312512,0.9491274765387553,0.5500000000000002,True,correct,DBLP,42,True,correct,Q4
19,conf/sigmod/BohannonMR01,True,1,ChD3-mp23f8J,0.978779192615746,0.03860411594328357,0.9401750766724624,0.5500000000000002,True,correct,DBLP,42,True,correct,Q3
20,conf/vldb/Moerkotte98,True,2,HcCevkoobDsJ,0.9896446820108218,0.9084722063067744,0.0811724757040474,0.5500000000000002,True,correct,DBLP,42,True,correct,Q2
21,conf/vldb/GehrkeRG98,True,2,hobnzQKRlK4J,0.9607623234076594,0.9058113925433137,0.05495093086434577,0.5500000000000002,True,correct,DBLP,42,True,correct,Q2
22,conf/vldb/HelmerNM03,True,1,8-HpAN0xpjcJ,0.983736269230714,0.0007548822177627365,0.9829813870129512,0.5500000000000002,True,correct,DBLP,42,True,correct,Q4
23,conf/sigmod/Mohan99,True,1,XppwYYxOpksJ,0.9900067836732629,0.01103893763306321,0.9789678460401997,0.5500000000000002,True,correct,DBLP,42,True,correct,Q4
24,conf/vldb/PopaVMHF02,True,3,qJ4lzBFzjdgJ,0.9869071609488466,0.9477438476601197,0.03916331328872691,0.5500000000000002,True,correct,DBLP,42,True,correct,Q1
25,journals/sigmod/Mackay99,True,2,tzUxfh8dD9sJ,0.9710709358968854,0.9255142367287729,0.04555669916811256,0.5500000000000002,True,correct,DBLP,42,True,correct,Q1
26,journals/sigmod/GruenwaldBDGSSV99,True,3,ihljCMaS2UsJ,0.9745342945826073,0.9743709658621537,0.00016332872045365932,0.5500000000000002,True,correct,DBLP,42,True,correct,Q1
27,journals/sigmod/AtkinsonDJPS96,True,5,JHVWab3P4zIJ,0.959501916601872,0.9322473391411995,0.027254577460672502,0.5500000000000002,True,correct,DBLP,42,True,correct,Q1
28,conf/sigmod/FernandezFKLS98,True,9,x-Xcm921UTMJ,0.9628178079567132,0.9609809125994196,0.0018368953572935887,0.5500000000000002,True,correct,DBLP,42,True,correct,Q1
29,journals/sigmod/Ley00,False,0,LxniIL-QAhgJ,0.0039763937294102596,0.0012097142428811644,0.002766679486529095,0.5500000000000002,False,unmatched_abstention,DBLP,42,False,unmatched_abstention,Q1
30,conf/vldb/TengCY03,True,1,wJjaZnzD6pAJ,0.9817226727455006,0.37233337814379436,0.6093892946017063,0.5500000000000002,True,correct,DBLP,42,True,correct,Q3
31,conf/vldb/ChenJLP03,True,2,BGcx_nZKM4wJ,0.9819520928609007,0.8719668795058462,0.10998521335505451,0.5500000000000002,True,correct,DBLP,42,True,correct,Q2
32,conf/vldb/Sarawagi02,True,1,BJ0pr7FqzzoJ,0.42940391331436284,0.0034672461476036127,0.4259366671667592,0.5500000000000002,False,missing_match,DBLP,42,True,correct,Q3
33,conf/vldb/FlorescuLSY99,True,1,aUElZKC-txIJ,0.9837362645178277,0.8726338868136546,0.11110237770417308,0.5500000000000002,True,correct,DBLP,42,True,correct,Q2
34,conf/vldb/AbrolLMMMRTWZ01,True,1,w9Ma-YjZHYkJ,0.9691634342307731,0.0005248395578217087,0.9686385946729514,0.5500000000000002,True,correct,DBLP,42,True,correct,Q4
35,conf/sigmod/Hellerstein00,True,1,rbluxTXqUQwJ,0.9268992640818476,0.5387930983902729,0.38810616569157474,0.5500000000000002,True,correct,DBLP,42,True,correct,Q2
36,conf/vldb/MeccaCM01,True,4,Ph7ZpmdNOPEJ,0.9881101704376601,0.9570141144242081,0.031096056013452,0.5500000000000002,True,correct,DBLP,42,True,correct,Q1
37,conf/vldb/ChawatheCY94,True,1,VPwP1w9wvhEJ,0.9603108696148484,0.0014081345273916043,0.9589027350874567,0.5500000000000002,True,correct,DBLP,42,True,correct,Q4
38,conf/vldb/GoldmanW97,True,8,3zf3WSt0B6UJ,0.9896446820108218,0.9576610428302528,0.03198363918056901,0.5500000000000002,True,correct,DBLP,42,True,correct,Q1
39,conf/vldb/Kuhn03,False,0,MyW5sLwDtogJ,0.3966212988834665,0.0009064837189224055,0.3957148151645441,0.5500000000000002,False,unmatched_abstention,DBLP,42,True,false_link,Q2
40,conf/vldb/MadhavanH03,True,2,ujCYoqKS6BcJ,0.9871566560462905,0.9580298304878054,0.029126825558485114,0.5500000000000002,True,correct,DBLP,42,True,correct,Q1
41,journals/sigmod/RoddickABDEGHLMMMW00,True,2,eA8gNVxHRJ4J,0.9828758301785521,0.953193478125256,0.029682352053296057,0.5500000000000002,True,correct,DBLP,42,True,correct,Q1
42,conf/vldb/KnorrN99,True,2,7lkCBMe603kJ,0.9758346044057291,0.6453271240828311,0.330507480322898,0.5500000000000002,True,correct,DBLP,42,True,correct,Q2
43,conf/sigmod/BhattacharyaMBNHS02,True,3,tsQbSCfQTooJ,0.984953044171386,0.2587684535155199,0.726184590655866,0.5500000000000002,True,correct,DBLP,42,True,correct,Q3
44,journals/sigmod/Snodgrass94,True,2,SYVDufoTe_IJ,0.9829654104836252,0.07671935613423343,0.9062460543493918,0.5500000000000002,True,correct,DBLP,42,True,correct,Q3
45,journals/sigmod/Giorgini03,True,1,url:http://portal.acm.org/ft_gateway.cfm%3Fid%3D959084%26type%3Dpdf%26dl%3Dportal%26dl%3DACM%26CFID%3D11111111%26CFTOKEN%3D2222222,0.37166213236175183,0.014173713706213193,0.35748841865553865,0.5500000000000002,False,missing_match,DBLP,42,True,correct,Q2
46,conf/vldb/JagadishLS99,True,2,5d1R2mD-7MkJ,0.97994107758161,0.48801081975600663,0.49193025782560335,0.5500000000000002,True,correct,DBLP,42,True,correct,Q3
47,conf/sigmod/ShahC01,True,1,2wGOv6yh4yIJ,0.9814470824147226,0.010388214527793753,0.9710588678869289,0.5500000000000002,True,correct,DBLP,42,True,correct,Q4
48,conf/vldb/ZellerK02,True,1,UIWreKZndVQJ,0.987893880067711,0.00207009283035364,0.9858237872373573,0.5500000000000002,True,correct,DBLP,42,True,correct,Q4
49,journals/vldb/JiangE98,True,1,PjtgP4aQt00J,0.9788075593243732,0.0011544934905185608,0.9776530658338547,0.5500000000000002,True,correct,DBLP,42,True,correct,Q4
50,conf/vldb/KriegelPS00,True,2,VSQ0v1UlIvoJ,0.9668933371516403,0.7259572980772581,0.2409360390743822,0.5500000000000002,True,correct,DBLP,42,True,correct,Q2
51,conf/sigmod/AmbiteABKMMMPT98,True,3,iE-UE2bDGZ8J,0.9759846234379144,0.9318416008628277,0.04414302257508662,0.5500000000000002,True,correct,DBLP,42,True,correct,Q1
52,conf/sigmod/IvesLPST00,True,2,rtnpqb22gGcJ,0.978179275329888,0.8420348575689691,0.1361444177609189,0.5500000000000002,True,correct,DBLP,42,True,correct,Q2
53,journals/sigmod/Snodgrass99b,False,0,url:http://portal.acm.org/ft_gateway.cfm%3Fid%3D290599%26type%3Dpdf%26dl%3DGUIDE%26dl%3DACM%26CFID%3D11111111%26CFTOKEN%3D2222222,0.5271454648590562,0.525467207579501,0.0016782572795551731,0.5500000000000002,False,unmatched_abstention,DBLP,42,True,false_link,Q1
54,journals/vldb/ChakrabartiGRS01,True,4,PTmCbogNUpAJ,0.9849043981125487,0.8613762912745564,0.12352810683799231,0.5500000000000002,True,correct,DBLP,42,True,correct,Q2
55,conf/vldb/VelegrakisMP03,True,3,gP3ld61I__kJ,0.9821067155973542,0.596220419280959,0.38588629631639515,0.5500000000000002,True,correct,DBLP,42,True,correct,Q2
56,journals/sigmod/Neven02,True,1,xAXF0HSF4h8J,0.9899458895389995,0.004340686655532002,0.9856052028834675,0.5500000000000002,True,correct,DBLP,42,True,correct,Q4
57,conf/vldb/RantzauCHM02,False,0,url:http://www.springerlink.com/index/P86160527882109L.pdf,0.005266456239248082,0.0023258098781937485,0.002940646361054334,0.5500000000000002,False,unmatched_abstention,DBLP,42,False,unmatched_abstention,Q1
58,journals/sigmod/Labrinidis01,False,0,url:http://portal.acm.org/citation.cfm%3Fid%3D604264.604283%26coll%3DGUIDE%26dl%3DACM%26type%3Dissue%26idx%3DJ689%26part%3Dperiodical%26WantType%3Dperiodical%26title%3DACM%2520SIGMOD%2520Record%26CFID%3D11111111%26CFTOKEN%3D2222222,0.7393707651048336,0.005352493811505086,0.7340182712933285,0.5500000000000002,True,false_link,DBLP,42,True,false_link,Q3
59,conf/sigmod/Rodriguez-Martinez00,True,1,ZX_Rn4h2st0J,0.9094224098501695,0.021515209856179884,0.8879071999939896,0.5500000000000002,True,correct,DBLP,42,True,correct,Q3
60,conf/sigmod/MankuRL99,True,4,X94gDE70Zn0J,0.9858673350125957,0.7152582782223951,0.27060905679020064,0.5500000000000002,True,correct,DBLP,42,True,correct,Q2
61,conf/vldb/Carey00,False,0,YNf6LdvNZO0J,0.0016249351876738076,0.000540466358040741,0.0010844688296330666,0.5500000000000002,False,unmatched_abstention,DBLP,42,False,unmatched_abstention,Q1
62,conf/sigmod/ArasuG03,True,3,zN8ngmWNDlgJ,0.9625019136812298,0.8790106150763117,0.08349129860491811,0.5500000000000002,True,correct,DBLP,42,True,correct,Q2
63,conf/vldb/Dayal99,True,2,url:http://portal.acm.org/citation.cfm%3Fid%3D645925.671502,0.9832649301175749,0.24598457203323418,0.7372803580843407,0.5500000000000002,True,correct,DBLP,42,True,correct,Q3
64,conf/vldb/LingLL00,True,2,yKnPPSNrDb0J,0.9809328506109732,0.9416039773372946,0.03932887327367862,0.5500000000000002,True,correct,DBLP,42,True,correct,Q1
65,conf/vldb/SripadaW94,True,1,VqNz3sp638UJ,0.8928402047660585,0.0008206045851275872,0.892019600180931,0.5500000000000002,True,correct,DBLP,42,True,correct,Q3
66,journals/sigmod/BhargavaAP95,True,2,Sql66UDiVnwJ,0.9899458953182636,0.9401157616383502,0.0498301336799134,0.5500000000000002,True,correct,DBLP,42,True,correct,Q1
67,conf/sigmod/LabrinidisR00,True,1,DKUouEkK_b4J,0.9612431263339397,0.8958220227716299,0.06542110356230979,0.5500000000000002,True,correct,DBLP,42,True,correct,Q2
68,conf/sigmod/Eaton98,False,0,J1CLaoEhUTwJ,0.004428168823683217,0.0017635707220596956,0.002664598101623521,0.5500000000000002,False,unmatched_abstention,DBLP,42,False,unmatched_abstention,Q1
69,journals/sigmod/ConradHHKRSS99,True,4,nmEhI0tiWGAJ,0.9826738423259332,0.969635668412673,0.013038173913260231,0.5500000000000002,True,correct,DBLP,42,True,correct,Q1
70,conf/sigmod/BrunoCG01,True,3,8KJ9XFv1ESAJ,0.9900067907857792,0.9662570322328415,0.023749758552937705,0.5500000000000002,True,correct,DBLP,42,True,correct,Q1
71,journals/sigmod/BuchnerM98,True,6,SZwq84m3bGYJ,0.9607967520178742,0.8935691811074684,0.06722757091040577,0.5500000000000002,True,correct,DBLP,42,True,correct,Q2
72,journals/sigmod/RosenthalSMBTL95,True,1,-_FyboGgZkkJ,0.9864546618025186,0.050058079674082434,0.9363965821284361,0.5500000000000002,True,correct,DBLP,42,True,correct,Q3
73,conf/sigmod/GibbonsM98,True,5,4EgMtIywBRUJ,0.9883585584266882,0.9728823270078963,0.015476231418791841,0.5500000000000002,True,correct,DBLP,42,True,correct,Q1
74,conf/vldb/LiCHPALHAY01,True,1,Nn0x6RmkrVwJ,0.9668020693105316,0.06290933331289827,0.9038927359976333,0.5500000000000002,True,correct,DBLP,42,True,correct,Q3
75,journals/tods/KotidisR01,True,1,04utamFvle4J,0.9849681390276064,0.04590190710454222,0.9390662319230642,0.5500000000000002,True,correct,DBLP,42,True,correct,Q3
76,conf/vldb/DattaDTVRF01,True,3,rDObsYKVroMJ,0.9283385396327024,0.7532737700075075,0.1750647696251949,0.5500000000000002,True,correct,DBLP,42,True,correct,Q2
77,conf/sigmod/LoR94,True,2,3CMnzSHX7KoJ,0.9055825534615732,0.8577756448448913,0.04780690861668191,0.5500000000000002,True,correct,DBLP,42,True,correct,Q1
78,conf/vldb/ChenHWW02,True,1,kgXRJZKRxZQJ,0.9894563495958254,0.05680665465380883,0.9326496949420165,0.5500000000000002,True,correct,DBLP,42,True,correct,Q3
79,conf/vldb/TatbulCZCS03,True,3,TAsynkdIAfwJ,0.9765132851564496,0.9191270605065838,0.05738622464986587,0.5500000000000002,True,correct,DBLP,42,True,correct,Q2
80,conf/sigmod/HoAMS97,True,7,1HAB-tuw7N4J,0.9507941361696574,0.9441439647734768,0.006650171396180515,0.5500000000000002,True,correct,DBLP,42,True,correct,Q1
81,conf/vldb/ShuklaDN98,True,2,1eCp1f8DhasJ,0.9887971949869516,0.733834724861799,0.2549624701251526,0.5500000000000002,True,correct,DBLP,42,True,correct,Q2
82,conf/sigmod/HinneburgKW02,True,3,VWd7jhLXfV0J,0.9889179701873405,0.7230754857565037,0.2658424844308368,0.5500000000000002,True,correct,DBLP,42,True,correct,Q2
83,journals/sigmod/MarchiLPT03,True,2,9dgFU6XaLrwJ,0.9881061756705832,0.5672000132017612,0.42090616246882206,0.5500000000000002,True,correct,DBLP,42,True,correct,Q3
84,journals/sigmod/NadoH97,True,1,yN9f4dSKC9QJ,0.9828722752621979,0.011740741358148434,0.9711315339040495,0.5500000000000002,True,correct,DBLP,42,True,correct,Q4
85,conf/vldb/Gawlick96,True,1,Y5OJk6_D-ZUJ,0.9837362703367789,0.0015508566663903745,0.9821854136703886,0.5500000000000002,True,correct,DBLP,42,True,correct,Q4
86,conf/vldb/ZhouLZLZJT01,True,2,fJQ7Col2vYsJ,0.9746695835038017,0.9006230048223887,0.07404657868141307,0.5500000000000002,True,correct,DBLP,42,True,correct,Q2
87,conf/sigmod/AcharyaGPR99,True,5,s064OghlyIUJ,0.9850491535183792,0.9358634255800672,0.049185727938311996,0.5500000000000002,True,correct,DBLP,42,True,correct,Q1
88,conf/vldb/BlokWZPAKJ01,True,2,jxPqWIuxhvwJ,0.9692459185165679,0.8604831853194789,0.10876273319708907,0.5500000000000002,True,correct,DBLP,42,True,correct,Q2
89,journals/tods/WandSW99,True,2,pYtOkFSgdXYJ,0.98144143575642,0.4412664332863908,0.5401750024700291,0.5500000000000002,True,correct,DBLP,42,True,correct,Q3
90,journals/tods/DeySB99,True,1,lUIjuGqk6q4J,0.9775941815559219,0.0025497851320381427,0.9750443964238837,0.5500000000000002,True,correct,DBLP,42,True,correct,Q4
91,conf/vldb/WiesnerK01,True,1,UrDwK2S7QVwJ,0.9837362969742561,0.006252660376530202,0.977483636597726,0.5500000000000002,True,correct,DBLP,42,True,correct,Q4
92,conf/sigmod/BerchtoldBBKK97,True,1,BMkGN7AiGhYJ,0.8908235145426486,0.0241721532214806,0.866651361321168,0.5500000000000002,True,correct,DBLP,42,True,correct,Q3
93,conf/sigmod/TheobaldW02,True,1,w5_HkketH-wJ,0.9900067694534221,0.007646382139855062,0.9823603873135671,0.5500000000000002,True,correct,DBLP,42,True,correct,Q4
94,journals/vldb/CliftonGB95,True,1,YkIvdNOC64cJ,0.9849043981125487,0.006152332085314523,0.9787520660272342,0.5500000000000002,True,correct,DBLP,42,True,correct,Q4
95,journals/sigmod/Franklin98a,False,0,ntqMqfgRXM4J,0.5140649397143492,0.4848493121430091,0.029215627571340108,0.5500000000000002,False,unmatched_abstention,DBLP,42,False,unmatched_abstention,Q1
96,journals/sigmod/YeungHL94,True,1,yQv94p3tE1IJ,0.989945880321965,0.1469177815230101,0.8430280987989549,0.5500000000000002,True,correct,DBLP,42,True,correct,Q3
97,conf/sigmod/BrownCL96,True,1,H4A7nUWyXtQJ,0.9812864782271044,0.0267869760658784,0.9544995021612259,0.5500000000000002,True,correct,DBLP,42,True,correct,Q4
98,conf/vldb/Mihalisin98,True,1,FuzSLPzjrokJ,0.9896446825121241,0.0002883562457805547,0.9893563262663435,0.5500000000000002,True,correct,DBLP,42,True,correct,Q4
99,conf/sigmod/Englert94,True,1,KOpz_NXJ3WUJ,0.9900067676015665,0.003071425691447658,0.9869353419101188,0.5500000000000002,True,correct,DBLP,42,True,correct,Q4
100,journals/vldb/RoySSSA98,True,3,vitgygjdz3AJ,0.9792368475906169,0.9763736908339494,0.0028631567566674843,0.5500000000000002,True,correct,DBLP,42,True,correct,Q1
101,conf/sigmod/SeshadriHPLRSSS96,True,2,3OxZS395vDcJ,0.9817892401759508,0.44316694971049675,0.5386222904654541,0.5500000000000002,True,correct,DBLP,42,True,correct,Q3
102,conf/vldb/ChaudhuriGN03,True,1,sAYCyUcugbYJ,0.983736293656066,0.0034349168550447244,0.9803013768010213,0.5500000000000002,True,correct,DBLP,42,True,correct,Q4
103,journals/sigmod/StolfoLCFE01,True,1,lvIPWxkN4YAJ,0.987378794679399,0.0016188051933373846,0.9857599894860617,0.5500000000000002,True,correct,DBLP,42,True,correct,Q4
104,journals/sigmod/Qian94a,False,0,url:http://portal.acm.org/ft_gateway.cfm%3Fid%3D212022%26type%3Dpdf%26dl%3DGUIDE%26dl%3DACM%26CFID%3D11111111%26CFTOKEN%3D2222222,0.25008755526652404,0.008267687907810677,0.24181986735871336,0.5500000000000002,False,unmatched_abstention,DBLP,42,False,unmatched_abstention,Q2
105,conf/sigmod/BunemanDHS96,True,9,rNVPCLfguuMJ,0.9900067680855172,0.956071291380909,0.03393547670460828,0.5500000000000002,True,correct,DBLP,42,True,correct,Q1
106,conf/sigmod/TheodoulidisAACKS94,True,2,srDgEOADv7cJ,0.9544885843668092,0.7535081842580961,0.2009804001087131,0.5500000000000002,True,correct,DBLP,42,True,correct,Q2
107,journals/sigmod/LiefkeS00,True,2,N0eowMtIAukJ,0.9899458881628458,0.5250074608296453,0.46493842733320045,0.5500000000000002,True,correct,DBLP,42,True,correct,Q3
108,journals/sigmod/Hammer00,True,1,url:http://portal.acm.org/ft_gateway.cfm%3Fid%3D601859%26type%3Dpdf%26dl%3DGUIDE%26dl%3DACM%26CFID%3D11111111%26CFTOKEN%3D2222222,0.6599864860117551,0.016098796983374304,0.6438876890283808,0.5500000000000002,True,correct,DBLP,42,True,correct,Q3
109,conf/vldb/Kiessling02,True,2,uS43GVHJ3jQJ,0.9667145446776975,0.8315028074465528,0.13521173723114466,0.5500000000000002,True,correct,DBLP,42,True,correct,Q2
110,conf/vldb/KamelF94,True,8,A7WoAzxOJ9YJ,0.9688031623504665,0.96107107583757,0.007732086512896474,0.5500000000000002,True,correct,DBLP,42,True,correct,Q1
111,conf/sigmod/BenediktCFFR03,True,1,T5ZdpquqfJ0J,0.987166221040328,0.0005471942529575786,0.9866190267873705,0.5500000000000002,True,correct,DBLP,42,True,correct,Q4
112,journals/vldb/BraumandlCKK00,True,1,snWxBtd7kK8J,0.9649765167095355,0.029467860190127947,0.9355086565194076,0.5500000000000002,True,correct,DBLP,42,True,correct,Q3
113,conf/vldb/Blecken00,True,1,hCSzil0nuVEJ,0.9837362695541502,0.0004069647516917921,0.9833293048024584,0.5500000000000002,True,correct,DBLP,42,True,correct,Q4
114,conf/sigmod/ChawatheRGW96,True,4,ilCT5UFnHxgJ,0.9860211783331707,0.8771807948802269,0.10884038345294378,0.5500000000000002,True,correct,DBLP,42,True,correct,Q2
115,journals/tods/TaoP03,True,1,faqaX7J_Kl8J,0.9849681355947738,0.005324570653584229,0.9796435649411895,0.5500000000000002,True,correct,DBLP,42,True,correct,Q4
116,conf/vldb/PatonG01,True,1,mHCrMuxQnBsJ,0.5480863898947035,0.001588286677066229,0.5464981032176373,0.5500000000000002,False,missing_match,DBLP,42,True,correct,Q3
117,conf/vldb/ViverosNR96,True,2,YWG9plUEbigJ,0.8865139064395338,0.8638401139862576,0.022673792453276165,0.5500000000000002,True,correct,DBLP,42,True,correct,Q1
118,conf/vldb/LeslieJBY95,True,1,zmwPMSd8rGgJ,0.9896446834277719,0.008311495186066642,0.9813331882417052,0.5500000000000002,True,correct,DBLP,42,True,correct,Q4
119,conf/vldb/KarayannidisTSPMRFEB02,True,1,9KiPVAodKnYJ,0.982448833291548,0.02300046413157439,0.9594483691599736,0.5500000000000002,True,correct,DBLP,42,True,correct,Q4
120,journals/tods/KonopnickiS98,True,2,BKUtItHoTX8J,0.984627503501114,0.7781764399579939,0.20645106354312015,0.5500000000000002,True,correct,DBLP,42,True,correct,Q2
121,conf/vldb/MadhavanBR01,True,4,wRHapJxb_-QJ,0.9884232089196845,0.9859657799824583,0.002457428937226225,0.5500000000000002,True,correct,DBLP,42,True,correct,Q1
122,journals/vldb/NgS98,True,3,url:http://www.springerlink.com/index/85D6LYCWB48DWBKW.pdf,0.9740466716024405,0.9320467757386087,0.04199989586383179,0.5500000000000002,True,correct,DBLP,42,True,correct,Q1
123,conf/vldb/TriantafillouP97,True,1,L7vxP-dXbukJ,0.9783187640898615,0.014612551328719402,0.9637062127611421,0.5500000000000002,True,correct,DBLP,42,True,correct,Q4
124,conf/sigmod/BaumannDFRW98,True,1,k3WA-AE7Sh4J,0.9527863192463075,0.13674642687518299,0.8160398923711245,0.5500000000000002,True,correct,DBLP,42,True,correct,Q3
125,journals/tods/KrishnakumarB94,True,1,8ZjEDOBUd_QJ,0.9807301378231077,0.015825664390398373,0.9649044734327094,0.5500000000000002,True,correct,DBLP,42,True,correct,Q4
126,journals/vldb/GibsonKR00,True,1,9FBwT6XFOssJ,0.9849043874238546,0.006756009234944927,0.9781483781889097,0.5500000000000002,True,correct,DBLP,42,True,correct,Q4
127,conf/vldb/DeWittKLPY94,True,6,cehAAlTq4s8J,0.9812483206216588,0.5241861024207041,0.4570622182009547,0.5500000000000002,True,correct,DBLP,42,True,correct,Q3
128,conf/sigmod/ColeG94,True,4,_6wwPJEGUiAJ,0.9830119623866855,0.9822758910244962,0.0007360713621893389,0.5500000000000002,True,correct,DBLP,42,True,correct,Q1
129,conf/vldb/ZengBNN01,True,2,3TivNLIErRkJ,0.9825561176925782,0.942454550627852,0.04010156706472623,0.5500000000000002,True,correct,DBLP,42,True,correct,Q1
130,journals/vldb/FuCCM00,True,1,7kC8fo78d6sJ,0.9790724604407341,0.006637934537868863,0.9724345259028653,0.5500000000000002,True,correct,DBLP,42,True,correct,Q4
131,conf/sigmod/PapadiasTSE95,True,2,PogZLKV_bIsJ,0.9698237744920398,0.8171723849283273,0.1526513895637125,0.5500000000000002,True,correct,DBLP,42,True,correct,Q2
132,journals/vldb/Ozsu03,True,1,url:http://www.springerlink.com/index/3G9E0YCGLRQFPN89.pdf,0.83817904892765,0.00031056469021647386,0.8378684842374335,0.5500000000000002,True,correct,DBLP,42,True,correct,Q3
133,journals/sigmod/BerraNT95,True,1,url:http://portal.acm.org/ft_gateway.cfm%3Fid%3D202670%26type%3Dpdf%26dl%3DGUIDE%26dl%3DACM%26CFID%3D11111111%26CFTOKEN%3D2222222,0.9307624148248915,0.025073860433021185,0.9056885543918703,0.5500000000000002,True,correct,DBLP,42,True,correct,Q3
134,conf/sigmod/WangSCRZP97,True,2,chcojj8yN1sJ,0.9590887393082221,0.22946692561822163,0.7296218136900006,0.5500000000000002,True,correct,DBLP,42,True,correct,Q3
135,conf/sigmod/Gettys95,False,0,N8syKKPN6IoJ,0.0010243776575713241,0.0002914564223972334,0.0007329212351740908,0.5500000000000002,False,unmatched_abstention,DBLP,42,False,unmatched_abstention,Q1
136,conf/vldb/TanGO99,True,1,CcTZvs8xd2sJ,0.9749101373496369,0.029420220087090932,0.945489917262546,0.5500000000000002,True,correct,DBLP,42,True,correct,Q3
137,conf/sigmod/DarR94,True,1,TtV6gGLQ9NMJ,0.9900067836732629,0.16819877723558002,0.8218080064376829,0.5500000000000002,True,correct,DBLP,42,True,correct,Q3
138,conf/vldb/AgrawalSX01,True,2,bpWvAVOZLbwJ,0.989644683929074,0.7971918137750206,0.19245287015405343,0.5500000000000002,True,correct,DBLP,42,True,correct,Q2
139,journals/sigmod/JaegerF95,True,2,oacFELqmw0cJ,0.9587467342348852,0.7700829612291393,0.18866377300574588,0.5500000000000002,True,correct,DBLP,42,True,correct,Q2
140,conf/sigmod/BilirisDGJR94,True,2,3Lzo6p8X-n4J,0.9801909518526325,0.9252022807528685,0.05498867109976402,0.5500000000000002,True,correct,DBLP,42,True,correct,Q2
141,conf/vldb/GolabO03,True,2,6K9FhI2pFEgJ,0.9508476905423326,0.6849023150509257,0.26594537549140695,0.5500000000000002,True,correct,DBLP,42,True,correct,Q2
142,journals/sigmod/WenLMZ03,True,1,5KdceadGf8cJ,0.9846171908309851,0.0008568996785213764,0.9837602911524637,0.5500000000000002,True,correct,DBLP,42,True,correct,Q4
143,journals/sigmod/SayginVC01,True,3,Tp9iVMsAzocJ,0.9831581939568504,0.970496320227757,0.012661873729093442,0.5500000000000002,True,correct,DBLP,42,True,correct,Q1
144,journals/sigmod/ChristoffelPSL98,True,4,yC3NWP247K8J,0.9678906287498201,0.9560135897077573,0.011877039042062831,0.5500000000000002,True,correct,DBLP,42,True,correct,Q1
145,journals/sigmod/HasanFV96,True,3,m2CCumFeAWgJ,0.9899458881628458,0.9707463672508052,0.01919952091204058,0.5500000000000002,True,correct,DBLP,42,True,correct,Q1
146,journals/sigmod/Jarke95,True,1,url:http://portal.acm.org/ft_gateway.cfm%3Fid%3D202671%26type%3Dpdf%26dl%3DGUIDE%26dl%3DACM%26CFID%3D11111111%26CFTOKEN%3D2222222,0.989945902331112,0.015488733897833123,0.9744571684332789,0.5500000000000002,True,correct,DBLP,42,True,correct,Q4
147,conf/sigmod/ChanI99,True,2,kNT7yt823K8J,0.9358462949710002,0.9334287687631762,0.0024175262078240944,0.5500000000000002,True,correct,DBLP,42,True,correct,Q1
148,conf/sigmod/VriesMNK02,True,1,dVn0Led5JLAJ,0.977386799645436,0.0003939402543663655,0.9769928593910696,0.5500000000000002,True,correct,DBLP,42,True,correct,Q4
149,conf/vldb/YuSLJ02,True,3,6EJ6A2y_U1IJ,0.9874860623113095,0.9532925422180787,0.034193520093230845,0.5500000000000002,True,correct,DBLP,42,True,correct,Q1
150,journals/sigmod/KuoM96,True,1,vmwgqLkw0NUJ,0.9741080896128027,0.003084649664348882,0.9710234399484539,0.5500000000000002,True,correct,DBLP,42,True,correct,Q4
151,journals/sigmod/EisenbergM99,True,4,Z1P9QnSfDuAJ,0.9881067701494111,0.9714565017944429,0.01665026835496819,0.5500000000000002,True,correct,DBLP,42,True,correct,Q1
152,conf/vldb/McKennaBHT96,True,1,0tZaTV3W05wJ,0.9821546222818303,0.011325118681741245,0.970829503600089,0.5500000000000002,True,correct,DBLP,42,True,correct,Q4
153,conf/vldb/Koch03,True,1,rhxIrsQkm5AJ,0.9480144595001077,0.000525594268778287,0.9474888652313294,0.5500000000000002,True,correct,DBLP,42,True,correct,Q3
154,journals/tods/JacoxS03,True,1,ujD_9YAZctUJ,0.9764328106176591,0.003471132368986153,0.972961678248673,0.5500000000000002,True,correct,DBLP,42,True,correct,Q4
155,journals/sigmod/DogacDATKCD98,True,3,vG5FK8BJkZgJ,0.9880544142366058,0.6462787834004534,0.34177563083615237,0.5500000000000002,True,correct,DBLP,42,True,correct,Q2
156,journals/sigmod/Widom95a,False,0,xgdBJbatYcIJ,0.6204587343685951,0.5007928686734888,0.11966586569510629,0.5500000000000002,True,false_link,DBLP,42,False,unmatched_abstention,Q2
157,conf/vldb/AmsalegFG95,True,3,-9bXTTM_M4cJ,0.9826248456327394,0.781585811387315,0.20103903424542446,0.5500000000000002,True,correct,DBLP,42,True,correct,Q2
158,journals/sigmod/Segev94,False,0,ntqMqfgRXM4J,0.5871743599185598,0.5006128668743557,0.08656149304420413,0.5500000000000002,True,false_link,DBLP,42,False,unmatched_abstention,Q2
159,conf/vldb/Blum99,True,1,EYfIweE8pHEJ,0.9709506517926567,0.0002555650645588524,0.9706950867280979,0.5500000000000002,True,correct,DBLP,42,True,correct,Q4
160,journals/vldb/CasatiSG01,True,1,NB7ni1bVHM8J,0.028685678574736882,0.01691025402197233,0.011775424552764552,0.5500000000000002,False,missing_match,DBLP,42,False,missing_match,Q1
161,conf/vldb/KemperKW99,False,0,v-kvo2hnsgkJ,0.029327990291366415,0.0009477588226350185,0.028380231468731396,0.5500000000000002,False,unmatched_abstention,DBLP,42,False,unmatched_abstention,Q1
162,journals/sigmod/Gallagher94,True,1,PVm9r7wHzDAJ,0.989945903844589,0.005711706317812469,0.9842341975267765,0.5500000000000002,True,correct,DBLP,42,True,correct,Q4
163,journals/sigmod/Ozsu01,False,0,NHxHsUH9L5MJ,0.09421602229806998,0.0677178423100633,0.026498179988006687,0.5500000000000002,False,unmatched_abstention,DBLP,42,False,unmatched_abstention,Q1
164,conf/sigmod/Stonebraker03,True,1,_CGWFOx5yt0J,0.962501857698262,0.0014088977975792482,0.9610929599006828,0.5500000000000002,True,correct,DBLP,42,True,correct,Q4
165,conf/vldb/BaralisW94,True,2,q-td2YANr18J,0.9837362901171285,0.9295401107356991,0.0541961793814294,0.5500000000000002,True,correct,DBLP,42,True,correct,Q2
166,journals/sigmod/ChongFTSYKDJJ03,True,1,url:http://portal.acm.org/ft_gateway.cfm%3Fid%3D777000%26type%3Dpdf%26coll%3DGUIDE%26dl%3DACM%26CFID%3D11111111%26CFTOKEN%3D2222222,0.9485333568347234,0.0013869989638146218,0.9471463578709087,0.5500000000000002,True,correct,DBLP,42,True,correct,Q3
167,conf/sigmod/BilirisP94,True,1,KYhmilHkq_IJ,0.9900067733461901,0.007441026417552945,0.9825657469286372,0.5500000000000002,True,correct,DBLP,42,True,correct,Q4
168,conf/sigmod/AbadiC02,True,1,f2Lea-RN8dsJ,0.8938664140930019,0.0009821973446943134,0.8928842167483076,0.5500000000000002,True,correct,DBLP,42,True,correct,Q3
169,conf/vldb/Moni96,True,1,gbjXwFztQTsJ,0.9837362788441624,0.0006351250625701994,0.9831011537815921,0.5500000000000002,True,correct,DBLP,42,True,correct,Q4
170,journals/sigmod/SchmidtWKFCMB01,True,3,fc8y9x82jqAJ,0.9861102938116972,0.9713358321175308,0.014774461694166408,0.5500000000000002,True,correct,DBLP,42,True,correct,Q1
171,journals/sigmod/Franklin97,False,0,_cil6uzFNtsJ,0.49169164855700787,0.4836675602658967,0.008024088291111175,0.5500000000000002,False,unmatched_abstention,DBLP,42,False,unmatched_abstention,Q1
172,conf/vldb/PirotteZMY94,True,1,8s-SP8sAvQAJ,0.9730975071591103,0.0027059019093993194,0.9703916052497109,0.5500000000000002,True,correct,DBLP,42,True,correct,Q4
173,conf/vldb/GuptaHQ95,True,5,VCSbj6MwKlgJ,0.9896446677824214,0.890647013013369,0.09899765476905242,0.5500000000000002,True,correct,DBLP,42,True,correct,Q2
174,conf/vldb/CosleyLP02,True,2,BTalXWt3faUJ,0.9882988433610805,0.5051865325073681,0.4831123108537124,0.5500000000000002,True,correct,DBLP,42,True,correct,Q3
175,conf/vldb/WangZ00,True,2,eDa9jQWsTMoJ,0.9836351753450255,0.846246002416686,0.13738917292833952,0.5500000000000002,True,correct,DBLP,42,True,correct,Q2
176,conf/vldb/LuoNEW03,True,1,8n1UIzMm4VMJ,0.9792222929476985,0.0005455768590738948,0.9786767160886246,0.5500000000000002,True,correct,DBLP,42,True,correct,Q4
177,conf/vldb/KumarRRT99,True,2,fJn_2E8aihYJ,0.9896446820108218,0.9654962096981469,0.024148472312674918,0.5500000000000002,True,correct,DBLP,42,True,correct,Q1
178,conf/vldb/JaedickeM99,True,3,zh6yaOX2xiQJ,0.9832649301175749,0.9645598596892344,0.018705070428340465,0.5500000000000002,True,correct,DBLP,42,True,correct,Q1
179,conf/vldb/GotoK02,True,1,2Pc6rKYB8ykJ,0.9896446898796648,0.14628682126139345,0.8433578686182713,0.5500000000000002,True,correct,DBLP,42,True,correct,Q3
180,conf/sigmod/MotakisZ97,True,4,e8OIK3dEo6EJ,0.9025014078906237,0.7800901341786064,0.12241127371201732,0.5500000000000002,True,correct,DBLP,42,True,correct,Q2
181,conf/vldb/Graefe99,True,1,3m-KKBVF8KkJ,0.983736269162836,0.05640734786622285,0.9273289212966132,0.5500000000000002,True,correct,DBLP,42,True,correct,Q3
182,journals/sigmod/Huyn01,True,1,KNYDz76C_HsJ,0.9899459167792479,0.012680223220499802,0.9772656935587481,0.5500000000000002,True,correct,DBLP,42,True,correct,Q4
183,conf/sigmod/WangTYGWP02,True,2,loFIbaxAcG0J,0.8260573935717618,0.5573735991529603,0.2686837944188015,0.5500000000000002,True,correct,DBLP,42,True,correct,Q2
184,journals/sigmod/HaritsaS96,True,1,2w2qkhr3k3kJ,0.5174308239386278,0.47049399294389,0.04693683099473783,0.5500000000000002,False,missing_match,DBLP,42,True,correct,Q1
185,conf/vldb/BouganimNPW03,True,1,5oXuo8dJ6qAJ,0.9828310412698744,0.390450572986345,0.5923804682835294,0.5500000000000002,True,correct,DBLP,42,True,correct,Q3
186,journals/sigmod/ONeilG95,True,5,ZF4UVaOvyTIJ,0.9648698246422107,0.955341351972372,0.009528472669838695,0.5500000000000002,True,correct,DBLP,42,True,correct,Q1
187,journals/sigmod/RossCGJBV99,False,0,url:http://portal.acm.org/ft_gateway.cfm%3Fid%3D290599%26type%3Dpdf%26dl%3DGUIDE%26dl%3DACM%26CFID%3D11111111%26CFTOKEN%3D2222222,0.5271454648590562,0.525467207579501,0.0016782572795551731,0.5500000000000002,False,unmatched_abstention,DBLP,42,True,false_link,Q1
188,conf/vldb/MendelzonV00,True,2,AQLsLBctUI4J,0.9714110836498276,0.08826889689840459,0.8831421867514231,0.5500000000000002,True,correct,DBLP,42,True,correct,Q3
189,journals/sigmod/X95,False,0,url:http://ieeexplore.ieee.org/iel5/2/4048/x0715521.pdf,0.04887239434939085,0.0017428049860441395,0.047129589363346706,0.5500000000000002,False,unmatched_abstention,DBLP,42,False,unmatched_abstention,Q1
190,conf/sigmod/DasGR03,True,1,JaJKfzmaEBYJ,0.9625018777724945,0.02272523886135317,0.9397766389111414,0.5500000000000002,True,correct,DBLP,42,True,correct,Q3
191,conf/vldb/GhoshPSH02,True,1,2dlOojuSNeIJ,0.9792056686646682,0.0005424872741289431,0.9786631813905392,0.5500000000000002,True,correct,DBLP,42,True,correct,Q4
192,conf/sigmod/GeorgeH97,True,3,Ah9B3bWU0jEJ,0.9900067680855172,0.9271702420527784,0.06283652603273882,0.5500000000000002,True,correct,DBLP,42,True,correct,Q2
193,conf/sigmod/RamaswamyRS00,True,2,VJIHPbki2uAJ,0.9677383580951489,0.6673624710299001,0.30037588706524876,0.5500000000000002,True,correct,DBLP,42,True,correct,Q2
194,conf/vldb/ChoenniV00,True,1,R1j3CdeOlwsJ,0.9896446663654694,0.0876339955633347,0.9020106708021347,0.5500000000000002,True,correct,DBLP,42,True,correct,Q3
195,conf/sigmod/AggarwalPWYP99,True,2,G3dX_RTA26MJ,0.9840977892349783,0.6786811700299465,0.3054166192050317,0.5500000000000002,True,correct,DBLP,42,True,correct,Q2
196,journals/sigmod/Qian95b,True,1,url:http://portal.acm.org/ft_gateway.cfm%3Fid%3D219772%26type%3Dpdf%26dl%3DGUIDE%26dl%3DACM%26CFID%3D11111111%26CFTOKEN%3D2222222,0.9899458895389995,0.02384726481421582,0.9660986247247837,0.5500000000000002,True,correct,DBLP,42,True,correct,Q4
197,conf/vldb/NgC97,True,2,J7mY8RlpTKMJ,0.9677387527785538,0.8978455700612961,0.06989318271725775,0.5500000000000002,True,correct,DBLP,42,True,correct,Q2
198,journals/sigmod/SegevJS95,True,1,2kiNfwTpqp4J,0.5528857191593382,0.003172560308338318,0.5497131588509998,0.5500000000000002,True,correct,DBLP,42,True,correct,Q3
199,conf/vldb/ShegalovWBL02,True,2,CzVyfZe-kj0J,0.9867938916978334,0.9498355564952405,0.03695833520259284,0.5500000000000002,True,correct,DBLP,42,True,correct,Q1
200,conf/vldb/BohannonLRSSS97,True,4,GzK2N5eQ0pQJ,0.9749531210136433,0.9734972209248967,0.0014559000887466311,0.5500000000000002,True,correct,DBLP,42,True,correct,Q1
201,conf/sigmod/ChaudhuriMN99,True,3,U0w9W7YcsZwJ,0.9427793648270301,0.8962903560625362,0.04648900876449391,0.5500000000000002,True,correct,DBLP,42,True,correct,Q1
202,conf/vldb/MarianS03,True,3,JVvFcEnXBmkJ,0.9837362777380979,0.7380190593845098,0.24571721835358806,0.5500000000000002,True,correct,DBLP,42,True,correct,Q2
203,journals/sigmod/Qian96a,True,1,url:http://portal.acm.org/ft_gateway.cfm%3Fid%3D234903%26type%3Dpdf%26dl%3DGUIDE%26dl%3DACM%26CFID%3D11111111%26CFTOKEN%3D2222222,0.980756529427512,0.0005716800934107241,0.9801848493341013,0.5500000000000002,True,correct,DBLP,42,True,correct,Q4
204,conf/vldb/MargaritisFT01,True,2,z2EsEsrBfsYJ,0.9837362969742561,0.5691456116595256,0.41459068531473053,0.5500000000000002,True,correct,DBLP,42,True,correct,Q2
205,conf/vldb/YuPM03,True,2,ZEEZqsnVCyYJ,0.983736293656066,0.0032817738280029028,0.9804545198280631,0.5500000000000002,True,correct,DBLP,42,True,correct,Q4
206,journals/sigmod/Widom96b,False,0,xgdBJbatYcIJ,0.5168169457949334,0.4527824713139613,0.0640344744809721,0.5500000000000002,False,unmatched_abstention,DBLP,42,False,unmatched_abstention,Q2
207,conf/vldb/MedianoCD94,True,1,qwjRkZuiMHsJ,0.9373571144015275,0.000612264009780655,0.9367448503917468,0.5500000000000002,True,correct,DBLP,42,True,correct,Q3
208,conf/sigmod/Faloutsos95,True,1,R0xUZUxSGmwJ,0.38749610524695727,0.00660318314981632,0.38089292209714093,0.5500000000000002,False,missing_match,DBLP,42,True,correct,Q2
209,conf/vldb/BenediktCFRZZ02,True,1,7xe6Gp9fIEEJ,0.7490648693740086,0.000843662649800056,0.7482212067242086,0.5500000000000002,True,correct,DBLP,42,True,correct,Q3
210,journals/sigmod/RamirezSP94,True,1,V2WMOB42Gj0J,0.9696687667184195,0.0015249401663200268,0.9681438265520995,0.5500000000000002,True,correct,DBLP,42,True,correct,Q4
211,conf/vldb/MiklauS03,True,1,cJUP6vfSm50J,0.983736293656066,0.3542335601729459,0.62950273348312,0.5500000000000002,True,correct,DBLP,42,True,correct,Q3
212,conf/vldb/DillKMRST01,True,3,eZoS-yciSRsJ,0.9544842266372573,0.8149701121144667,0.1395141145227906,0.5500000000000002,True,correct,DBLP,42,True,correct,Q2
213,journals/sigmod/Stirling03,True,1,url:http://portal.acm.org/ft_gateway.cfm%3Fid%3D776997%26type%3Dpdf%26dl%3DGUIDE%26dl%3DACM%26CFID%3D11111111%26CFTOKEN%3D2222222,0.9820127179976776,0.41863903281716885,0.5633736851805088,0.5500000000000002,True,correct,DBLP,42,True,correct,Q3
214,conf/vldb/Brodie00,True,1,uFCOiVkDZE8J,0.9725960423694862,0.4195773145324752,0.5530187278370109,0.5500000000000002,True,correct,DBLP,42,True,correct,Q3
215,conf/sigmod/BertinoCF01,True,1,JSzfxAgs4pgJ,0.9857590912781206,0.651866511260191,0.33389258001792954,0.5500000000000002,True,correct,DBLP,42,True,correct,Q2
216,conf/sigmod/Mylopoulos98,True,3,vU_Vo2059VUJ,0.9735391310488781,0.9211935051538672,0.052345625895010905,0.5500000000000002,True,correct,DBLP,42,True,correct,Q1
217,journals/sigmod/Liu01a,False,0,url:http://doi.wiley.com/10.1002/tl.7700,0.4687226581031545,0.4091197330837208,0.059602925019433706,0.5500000000000002,False,unmatched_abstention,DBLP,42,False,unmatched_abstention,Q2
218,conf/vldb/PereiraFJLS01,True,2,Cd6A4nsDnkQJ,0.9669389648754362,0.9471846546708419,0.019754310204594283,0.5500000000000002,True,correct,DBLP,42,True,correct,Q1
219,journals/tods/SrivastavaSRN95,True,2,zm3D83ZiU4UJ,0.9833620958974006,0.9239175067314292,0.059444589165971395,0.5500000000000002,True,correct,DBLP,42,True,correct,Q2
220,conf/sigmod/Dullmann99,True,1,5bp8rSFAkzEJ,0.5820170159398617,0.12810156181697835,0.4539154541228833,0.5500000000000002,True,correct,DBLP,42,False,missing_match,Q3
221,conf/sigmod/GuptaMR95,True,4,ELtcV7mOQDgJ,0.972069886825958,0.8309762731919573,0.14109361363400064,0.5500000000000002,True,correct,DBLP,42,True,correct,Q2
222,conf/vldb/FlorescuHKLRWCSA03,True,2,1KSfxI44iGUJ,0.9672131654500893,0.950428369621665,0.016784795828424293,0.5500000000000002,True,correct,DBLP,42,True,correct,Q1
223,conf/vldb/ChangG97,True,6,2SYiXa0vGN4J,0.983736269162836,0.948442204256455,0.035294064906380984,0.5500000000000002,True,correct,DBLP,42,True,correct,Q1
224,conf/vldb/AbiteboulAAACHHMMMMSTV99,True,2,2MSe6dRu6OcJ,0.9073612855527656,0.8969389600641233,0.010422325488642303,0.5500000000000002,True,correct,DBLP,42,True,correct,Q1
225,conf/sigmod/GardarinMP95,True,4,l-9pykkOVrkJ,0.9519628780726132,0.9062433979785758,0.04571948009403737,0.5500000000000002,True,correct,DBLP,42,True,correct,Q1
226,conf/vldb/GyssensL97,True,8,7jSBx3h3cvUJ,0.9620427285838334,0.92464854728165,0.037394181302183416,0.5500000000000002,True,correct,DBLP,42,True,correct,Q1
227,conf/vldb/FukudaMMT96,True,1,B8_0dK37qcsJ,0.9845202300100279,0.1770241667202645,0.8074960632897634,0.5500000000000002,True,correct,DBLP,42,True,correct,Q3
228,journals/sigmod/ReichB98,True,2,HzOZXA_VJk8J,0.989945909623845,0.5868981076335983,0.4030478019902467,0.5500000000000002,True,correct,DBLP,42,True,correct,Q2
229,conf/vldb/ArionBCDMP03,True,2,LIjye8V-mM0J,0.9415194648869286,0.9376909198270326,0.003828545059896049,0.5500000000000002,True,correct,DBLP,42,True,correct,Q1
230,conf/vldb/FangSGMU98,True,5,MdwCZg0RBHYJ,0.9881762782252178,0.9104698681878063,0.07770641003741152,0.5500000000000002,True,correct,DBLP,42,True,correct,Q2
231,journals/vldb/EvangelidisS97,True,1,5dnYlEMQTb0J,0.9660060696862487,0.57121984962579,0.3947862200604587,0.5500000000000002,True,correct,DBLP,42,True,correct,Q2
232,conf/vldb/MaratheS97,True,2,vBUROMKYmQYJ,0.9675531991328559,0.002192391688646985,0.9653608074442089,0.5500000000000002,True,correct,DBLP,42,True,correct,Q4
233,conf/sigmod/HullZ96,True,2,H1E3GuQcoUAJ,0.9900067680855172,0.5132590695110252,0.47674769857449206,0.5500000000000002,True,correct,DBLP,42,True,correct,Q3
234,conf/vldb/PanRAMOHAMV02,True,1,F9Fe5NfpK6MJ,0.9836338716305988,0.0008792791187776727,0.9827545925118211,0.5500000000000002,True,correct,DBLP,42,True,correct,Q4
235,conf/sigmod/ChangG99,True,4,8Yt1Mba9-wQJ,0.9861944488593364,0.9284326609681361,0.057761787891200234,0.5500000000000002,True,correct,DBLP,42,True,correct,Q2
236,conf/vldb/SistlaYLL95,True,3,HtTNmhCJY-oJ,0.9700944329752391,0.9434681698397315,0.026626263135507644,0.5500000000000002,True,correct,DBLP,42,True,correct,Q1
237,conf/sigmod/MinPC03,True,1,JjrRZt4ONqMJ,0.9389486174409423,0.01180767483527075,0.9271409426056715,0.5500000000000002,True,correct,DBLP,42,True,correct,Q3
238,conf/sigmod/GebhardtJJ97,True,3,9mbr0dyW1NgJ,0.9814276507057283,0.9375258968121275,0.04390175389360085,0.5500000000000002,True,correct,DBLP,42,True,correct,Q1
239,journals/vldb/BarbaraI95,True,10,kooQijVBMscJ,0.9777845142034023,0.9638490192093011,0.013935494994101183,0.5500000000000002,True,correct,DBLP,42,True,correct,Q1
240,journals/sigmod/KannanKIK03,True,1,h_tDfTvsR0QJ,0.9827882324589909,0.07451300275821122,0.9082752297007797,0.5500000000000002,True,correct,DBLP,42,True,correct,Q3
241,conf/vldb/Cluet03,True,1,faRBjw1op8YJ,0.9837363029460646,0.00120004764073282,0.9825362553053318,0.5500000000000002,True,correct,DBLP,42,True,correct,Q4
242,conf/sigmod/MissikoffT94,True,1,nxNSfctbGWAJ,0.9883342406904594,0.00924967743781845,0.9790845632526409,0.5500000000000002,True,correct,DBLP,42,True,correct,Q4
243,conf/vldb/WienerN95,True,2,Y1lEnVPl6d8J,0.9780043744428585,0.24668837140524955,0.7313160030376089,0.5500000000000002,True,correct,DBLP,42,True,correct,Q3
244,conf/sigmod/Amer-YahiaFSX03,True,3,7-b5YXuGJS0J,0.9579175451723144,0.8099816941763704,0.14793585099594397,0.5500000000000002,True,correct,DBLP,42,True,correct,Q2
245,journals/tods/RosenthalR94,True,1,zM422IjZcPgJ,0.9849681603082908,0.06786569798835691,0.9171024623199339,0.5500000000000002,True,correct,DBLP,42,True,correct,Q3
246,conf/vldb/LeeLWS97,True,2,3k61gi_ld_UJ,0.9785692609527814,0.9299791904051544,0.048590070547626985,0.5500000000000002,True,correct,DBLP,42,True,correct,Q1
247,journals/vldb/ChanGR03,True,2,7rn7AHVs1YUJ,0.9727822479018592,0.849701598636808,0.12308064926505113,0.5500000000000002,True,correct,DBLP,42,True,correct,Q2
248,journals/vldb/ChuaCL03,True,1,MY0lTfhxnr4J,0.9561604360801025,0.00039919821485482227,0.9557612378652477,0.5500000000000002,True,correct,DBLP,42,True,correct,Q4
249,journals/sigmod/Dogac02,True,1,KX9tZqfLvrgJ,0.5433582669846756,0.5324643736594081,0.010893893325267467,0.5500000000000002,False,missing_match,DBLP,42,False,missing_match,Q1
250,conf/sigmod/GuhaJKSY02,True,1,z6l0wfs32iYJ,0.9426112801385307,0.039654324077884336,0.9029569560606463,0.5500000000000002,True,correct,DBLP,42,True,correct,Q3
251,conf/sigmod/ZhangRL96,True,17,hk9P76dJfcAJ,0.9900067676015665,0.9653403531909671,0.024666414410599358,0.5500000000000002,True,correct,DBLP,42,True,correct,Q1
252,conf/sigmod/ConsensM94,True,1,u7rv6LAF8s8J,0.8218465699476378,0.0035200862309276906,0.8183264837167101,0.5500000000000002,True,correct,DBLP,42,False,missing_match,Q3
253,journals/tods/FukudaMMT01,True,7,k6ukzru4nX8J,0.9849681390276064,0.8880900840911359,0.0968780549364705,0.5500000000000002,True,correct,DBLP,42,True,correct,Q2
254,conf/vldb/Hammond96,True,1,LDxiVdRU6EEJ,0.9837362565588315,0.0159491596760225,0.967787096882809,0.5500000000000002,True,correct,DBLP,42,True,correct,Q4
255,conf/vldb/MiningGroup96,True,1,fGw7o-RlqlcJ,0.4935771162407272,0.0009389150331309719,0.4926382012075962,0.5500000000000002,False,missing_match,DBLP,42,True,correct,Q3
256,journals/tods/BohlenJS00,True,1,6eheB6Kct4MJ,0.9691760202392956,0.003963600628065707,0.9652124196112299,0.5500000000000002,True,correct,DBLP,42,True,correct,Q4
257,conf/sigmod/MarklL02,True,2,b7IXEwTLIHAJ,0.942859109688916,0.1280317920256539,0.8148273176632621,0.5500000000000002,True,correct,DBLP,42,True,correct,Q3
258,conf/sigmod/Rosenthal01,True,2,url:http://portal.acm.org/ft_gateway.cfm%3Fid%3D375796%26type%3Dpdf%26dl%3DGUIDE%26dl%3DACM%26CFID%3D11111111%26CFTOKEN%3D2222222,0.9221480685254729,0.8577871290825779,0.064360939442895,0.5500000000000002,True,correct,DBLP,42,True,correct,Q2
259,conf/sigmod/ChaudhuriGS03,True,1,OFGtGwUHhUQJ,0.9900067829893111,0.003993490011241723,0.9860132929780694,0.5500000000000002,True,correct,DBLP,42,True,correct,Q4
260,conf/vldb/BerckenSW97,True,3,w90oK0t46SAJ,0.9705782253862343,0.5141448121919072,0.45643341319432706,0.5500000000000002,True,correct,DBLP,42,True,correct,Q3
261,conf/sigmod/BhargavaGI95,True,1,TXvfEP4WTD0J,0.9856733556902195,0.005315767983059239,0.9803575877071603,0.5500000000000002,True,correct,DBLP,42,True,correct,Q4
262,conf/vldb/LakshmananPZ03,True,2,zbzO-4fuIwUJ,0.9873447310510527,0.95676831592009,0.030576415130962653,0.5500000000000002,True,correct,DBLP,42,True,correct,Q1
263,conf/sigmod/BornhovdAKMPR03,True,2,7lPu8hBgKksJ,0.9732317006988377,0.9429340542864443,0.03029764641239341,0.5500000000000002,True,correct,DBLP,42,True,correct,Q1
264,conf/sigmod/CareyDFHMNSSTTWZ94,True,8,0oPBNo-ofPkJ,0.7971255512793504,0.6020948890034145,0.1950306622759359,0.5500000000000002,True,correct,DBLP,42,True,correct,Q2
265,conf/vldb/SadriZZA01,True,2,89l6j2Mbe2kJ,0.9801937966743299,0.9021859512408228,0.07800784543350714,0.5500000000000002,True,correct,DBLP,42,True,correct,Q2
266,conf/sigmod/SelfridgeSW96,True,2,V2Wysmw3ti4J,0.9412233540381216,0.921104594629401,0.020118759408720654,0.5500000000000002,True,correct,DBLP,42,True,correct,Q1
267,journals/sigmod/Winslett01a,False,0,m2Mf-4BgLP4J,0.0009859253768146592,0.0004267149021887508,0.0005592104746259084,0.5500000000000002,False,unmatched_abstention,DBLP,42,False,unmatched_abstention,Q1
268,journals/sigmod/Snodgrass98c,False,0,NHxHsUH9L5MJ,0.10049433098195398,0.07237146540700133,0.028122865574952652,0.5500000000000002,False,unmatched_abstention,DBLP,42,False,unmatched_abstention,Q1
269,conf/vldb/KoudasGGSV03,True,1,d8BBxc5Ato8J,0.981754063386973,0.004021069494587878,0.9777329938923851,0.5500000000000002,True,correct,DBLP,42,True,correct,Q4
270,journals/vldb/HarderST99,True,1,KGyKFmRfspAJ,0.9339110980855112,0.001720209539486133,0.932190888546025,0.5500000000000002,True,correct,DBLP,42,True,correct,Q3
271,journals/sigmod/BilirisP96,True,1,fu9j50Kk4Y4J,0.989945903844589,0.007388863664060999,0.982557040180528,0.5500000000000002,True,correct,DBLP,42,True,correct,Q4
272,conf/vldb/LiRS99,True,2,Bf44yXvb6EAJ,0.884118204048958,0.7475159185489406,0.1366022855000174,0.5500000000000002,True,correct,DBLP,42,True,correct,Q2
273,journals/sigmod/Hanson99,False,0,url:http://portal.acm.org/citation.cfm%3Fid%3D984488.984489%26coll%3DGUIDE%26dl%3DACM%26idx%3DJ689%26part%3Dperiodical%26WantType%3Dperiodical%26title%3DACM%2520SIGMOD%2520Record%26CFID%3D11111111%26CFTOKEN%3D2222222,0.05451610274215389,0.03833547817665827,0.01618062456549562,0.5500000000000002,False,unmatched_abstention,DBLP,42,False,unmatched_abstention,Q1
274,conf/vldb/Wadler01,True,2,url:http://portal.acm.org/citation.cfm%3Fid%3D645927.672033,0.9836270090837819,0.9776512866953694,0.0059757223884124855,0.5500000000000002,True,correct,DBLP,42,True,correct,Q1
275,journals/tods/Subrahmanian94,True,8,SLTZN9O1_wUJ,0.9604931371842808,0.8450767672170935,0.1154163699671873,0.5500000000000002,True,correct,DBLP,42,True,correct,Q2
276,journals/sigmod/YuenCLL00,True,1,Ip82P4QfKyEJ,0.984376619337815,0.30388711156904313,0.6804895077687718,0.5500000000000002,True,correct,DBLP,42,True,correct,Q3
277,conf/sigmod/Ivinskis95,True,1,9FaaDi_zGnEJ,0.9856733704306722,0.0015306581103461338,0.984142712320326,0.5500000000000002,True,correct,DBLP,42,True,correct,Q4
278,conf/vldb/JohnsonA00,True,1,EPVkQkFM2osJ,0.9836351406361061,0.021369200549946343,0.9622659400861597,0.5500000000000002,True,correct,DBLP,42,True,correct,Q4
279,conf/vldb/AboulnagaAN01,True,2,OBbDFGQNEDQJ,0.9799542566850798,0.9449173853503879,0.03503687133469191,0.5500000000000002,True,correct,DBLP,42,True,correct,Q1
280,journals/tods/KemmeA00,True,1,wiUPadLpCvoJ,0.9849681452154513,0.09206847938954127,0.8928996658259101,0.5500000000000002,True,correct,DBLP,42,True,correct,Q3
281,conf/vldb/ChanI99,True,2,QV20-69j6YYJ,0.9560559138193562,0.5275599165927092,0.428495997226647,0.5500000000000002,True,correct,DBLP,42,True,correct,Q3
282,conf/sigmod/AfratiLU01,True,2,k7zpSukSfYsJ,0.9362195025048475,0.7530794179357054,0.1831400845691421,0.5500000000000002,True,correct,DBLP,42,True,correct,Q2
283,conf/vldb/HanF95,True,15,qNLsbj_Fu5EJ,0.9843646942251455,0.9601966975491371,0.02416799667600844,0.5500000000000002,True,correct,DBLP,42,True,correct,Q1
284,journals/sigmod/KoksalAD98,True,2,enYoi4XT7n0J,0.9887784038522972,0.4741910925443988,0.5145873113078985,0.5500000000000002,True,correct,DBLP,42,True,correct,Q3
285,conf/vldb/JoshiBLL98,True,1,RufEbUPZNbYJ,0.9837362695541502,0.01708893607773177,0.9666473334764184,0.5500000000000002,True,correct,DBLP,42,True,correct,Q4
286,journals/sigmod/Ulusoy95,True,1,uMYecZGSCv4J,0.9899458895389995,0.09145653200591619,0.8984893575330833,0.5500000000000002,True,correct,DBLP,42,True,correct,Q3
287,journals/tods/ChakrabartiKMP02,True,4,eHY42LnL_lsJ,0.9849681386654786,0.9691748174175613,0.015793321247917325,0.5500000000000002,True,correct,DBLP,42,True,correct,Q1
288,conf/sigmod/LometW98,True,3,F2ecYx97F2sJ,0.9888276068209823,0.919399045640322,0.06942856118066021,0.5500000000000002,True,correct,DBLP,42,True,correct,Q2
289,conf/sigmod/Carey00,True,3,url:http://portal.acm.org/ft_gateway.cfm%3Fid%3D335476%26type%3Dpdf%26dl%3DGUIDE%26dl%3DACM%26CFID%3D11111111%26CFTOKEN%3D2222222,0.9395046246284117,0.9191984014631494,0.020306223165262316,0.5500000000000002,True,correct,DBLP,42,True,correct,Q1
290,journals/vldb/OzsuPSILM95,True,5,gld2wLKYWpsJ,0.9211398953447525,0.8108768963321381,0.11026299901261438,0.5500000000000002,True,correct,DBLP,42,True,correct,Q2
291,conf/sigmod/WitkowskiBBDFGSS03,True,1,ygCe1xRFuKgJ,0.9770091438020424,0.020069718753488928,0.9569394250485534,0.5500000000000002,True,correct,DBLP,42,True,correct,Q4
292,journals/sigmod/Badia02,False,0,url:http://portal.acm.org/ft_gateway.cfm%3Fid%3D637425%26type%3Dpdf%26dl%3DGUIDE%26dl%3DACM%26CFID%3D11111111%26CFTOKEN%3D2222222,0.48584215238744827,0.014872456679351515,0.47096969570809677,0.5500000000000002,False,unmatched_abstention,DBLP,42,True,false_link,Q3
293,conf/vldb/PoulovassilisS94,True,1,0BMQ7HirTaUJ,0.9339967072254172,0.9019115106732666,0.032085196552150586,0.5500000000000002,True,correct,DBLP,42,True,correct,Q1
294,conf/vldb/LongS03,True,1,zU4MULiFRrYJ,0.983736268448085,0.006470285797013748,0.9772659826510713,0.5500000000000002,True,correct,DBLP,42,True,correct,Q4
295,conf/sigmod/DavulcuFKR99,True,1,TDyW6V4cc7MJ,0.9525092834954532,0.0017078855548727093,0.9508013979405805,0.5500000000000002,True,correct,DBLP,42,True,correct,Q4
296,journals/sigmod/GrayG97,True,5,fFCqy9V5XNgJ,0.9899458881628458,0.960311722573237,0.02963416558960874,0.5500000000000002,True,correct,DBLP,42,True,correct,Q1
297,conf/vldb/IlyasAE03,True,1,Y385z1Dxp84J,0.9641908656544913,0.003281572352289518,0.9609092933022018,0.5500000000000002,True,correct,DBLP,42,True,correct,Q4
298,conf/vldb/AggarwalY02,True,1,W9wJnFy0TDAJ,0.9753024015846685,0.025157880152692515,0.950144521431976,0.5500000000000002,True,correct,DBLP,42,True,correct,Q4
299,journals/vldb/KieslingSSD94,True,1,bvFRYOianJUJ,0.9224628019185553,0.0023840055877317012,0.9200787963308237,0.5500000000000002,True,correct,DBLP,42,True,correct,Q3
300,conf/vldb/ViglasNB03,True,1,GGX9LS25OhwJ,0.9830938973547267,0.06541030885238235,0.9176835885023444,0.5500000000000002,True,correct,DBLP,42,True,correct,Q3
301,conf/vldb/CareyD96,True,7,5xe-dQqXfI8J,0.9703492183268759,0.8635386737549757,0.1068105445719002,0.5500000000000002,True,correct,DBLP,42,True,correct,Q2
302,conf/vldb/AmbiteKKMST01,True,2,9bzGIloFctIJ,0.7489411021936275,0.08661482692577138,0.6623262752678561,0.5500000000000002,True,correct,DBLP,42,True,correct,Q3
303,conf/sigmod/Team95a,True,1,P-jrIizJxEgJ,0.3768288004763402,0.001121102129652496,0.3757076983466877,0.5500000000000002,False,missing_match,DBLP,42,True,correct,Q2
304,conf/vldb/IshikawaSF98,True,4,D1HCBThHOkcJ,0.9837362699454646,0.9675228573946955,0.016213412550769135,0.5500000000000002,True,correct,DBLP,42,True,correct,Q1
305,conf/sigmod/OlstonWACELSS98,True,1,UTYa5uf9zSIJ,0.9868592853815148,0.0009940469271509168,0.9858652384543639,0.5500000000000002,True,correct,DBLP,42,True,correct,Q4
306,journals/vldb/HelmerM03,True,2,fz4PKDuWGmoJ,0.984904386396012,0.8697694508162509,0.11513493557976107,0.5500000000000002,True,correct,DBLP,42,True,correct,Q2
307,conf/vldb/MeoPC96,True,6,4j5ryW5xA7YJ,0.9593830941820943,0.9337112716729294,0.025671822509164888,0.5500000000000002,True,correct,DBLP,42,True,correct,Q1
308,conf/vldb/KietzRS97,True,1,L4k3lAWc-JgJ,0.9782098354600698,0.002321988721693519,0.9758878467383763,0.5500000000000002,True,correct,DBLP,42,True,correct,Q4
309,conf/sigmod/ChaudhuriN98a,True,3,JyEX0YVMP5oJ,0.9623824340556121,0.9288786163284589,0.03350381772715316,0.5500000000000002,True,correct,DBLP,42,True,correct,Q1
310,journals/vldb/DoanMDDH03,True,3,HmE1BtE68dYJ,0.9762792445720588,0.8931258618731014,0.08315338269895745,0.5500000000000002,True,correct,DBLP,42,True,correct,Q2
311,journals/sigmod/ShethM02,True,2,B_axrPz8j5EJ,0.9749033699487517,0.19342603423396865,0.7814773357147831,0.5500000000000002,True,correct,DBLP,42,True,correct,Q3
312,conf/vldb/ManolopoulosT01,True,2,hr5OGCJqc2MJ,0.9837362725489089,0.03930533109038338,0.9444309414585256,0.5500000000000002,True,correct,DBLP,42,True,correct,Q3
313,conf/vldb/YagoubFIV00a,True,1,hMsWZU5TJWYJ,0.9847223727140532,0.06749098098010047,0.9172313917339527,0.5500000000000002,True,correct,DBLP,42,True,correct,Q3
314,journals/sigmod/MusickC99,True,2,mA4kKq9Z3tYJ,0.9899458881628458,0.6195540080439523,0.37039188011889346,0.5500000000000002,True,correct,DBLP,42,True,correct,Q2
315,conf/vldb/GottlobKP02,True,6,lmLjPf_m6jwJ,0.9577429546092608,0.9501086206241259,0.007634333985134911,0.5500000000000002,True,correct,DBLP,42,True,correct,Q1
316,conf/sigmod/WangWYY02,True,2,DRp1iFn7znkJ,0.9531797893211065,0.4306027271033688,0.5225770622177377,0.5500000000000002,True,correct,DBLP,42,True,correct,Q3
317,conf/sigmod/DarEGP98,True,1,ewnL82c8kiMJ,0.9900067680855172,0.5686823899604488,0.4213243781250684,0.5500000000000002,True,correct,DBLP,42,True,correct,Q3
318,journals/sigmod/HummerLW02,True,2,url:http://portal.acm.org/ft_gateway.cfm%3Fid%3D507345%26type%3Dpdf%26dl%3DGUIDE%26dl%3DACM%26CFID%3D11111111%26CFTOKEN%3D2222222,0.9833283404421331,0.9706646021982974,0.01266373824383571,0.5500000000000002,True,correct,DBLP,42,True,correct,Q1
319,journals/sigmod/Qian96b,True,1,url:http://portal.acm.org/ft_gateway.cfm%3Fid%3D245909%26type%3Dpdf%26dl%3DGUIDE%26dl%3DACM%26CFID%3D11111111%26CFTOKEN%3D2222222,0.9888682596551994,0.022111510209623316,0.9667567494455761,0.5500000000000002,True,correct,DBLP,42,True,correct,Q4
320,conf/sigmod/GuhaRS98,True,17,wiE9QG5qC2wJ,0.9667370411743834,0.963275273180848,0.0034617679935353696,0.5500000000000002,True,correct,DBLP,42,True,correct,Q1
321,conf/sigmod/HillyerS96,True,2,V-pwJ8K5ZTEJ,0.9754780905343303,0.5797365860801382,0.3957415044541921,0.5500000000000002,True,correct,DBLP,42,True,correct,Q2
322,conf/vldb/HinneburgAK00,True,2,1ambq2RMGMoJ,0.9857316836635264,0.059554759047577156,0.9261769246159492,0.5500000000000002,True,correct,DBLP,42,True,correct,Q3
323,conf/sigmod/ChenZCKR01,True,3,q49c-IEX7N8J,0.9840937427010329,0.8999944823322062,0.08409926036882664,0.5500000000000002,True,correct,DBLP,42,True,correct,Q2
324,conf/sigmod/MaddenFHH03,True,1,qz24tfFNHuoJ,0.9895544922861246,0.18770865588872682,0.8018458363973977,0.5500000000000002,True,correct,DBLP,42,True,correct,Q3
325,conf/vldb/AlonsoHST97,True,1,iRJV85kKVgwJ,0.9890999443244602,0.0018419054071339353,0.9872580389173263,0.5500000000000002,True,correct,DBLP,42,True,correct,Q4
326,conf/sigmod/FernandezFKLS97,True,3,4BpkEHas0LcJ,0.95779667683,0.9440296265807615,0.013767050249238522,0.5500000000000002,True,correct,DBLP,42,True,correct,Q1
327,conf/vldb/AilamakiDHS01,True,4,gUJrOpj89tQJ,0.9843181868746077,0.806847445779059,0.17747074109554872,0.5500000000000002,True,correct,DBLP,42,True,correct,Q2
328,journals/sigmod/KlasS94,True,3,bViLh5-jVsAJ,0.9449858800277152,0.719705373879646,0.22528050614806927,0.5500000000000002,True,correct,DBLP,42,True,correct,Q2
329,journals/sigmod/Ouksel03,True,1,8M_z-OUkoxYJ,0.9899458874747687,0.28311159303745365,0.7068342944373152,0.5500000000000002,True,correct,DBLP,42,True,correct,Q3
330,conf/sigmod/McAuliffeCS96,True,2,c__Nxyn_uvwJ,0.944470471804501,0.280279895214878,0.664190576589623,0.5500000000000002,True,correct,DBLP,42,True,correct,Q3
331,conf/sigmod/HanPLJ01,True,1,H_tzR6yoJLEJ,0.9857590926515156,0.054149750841707214,0.9316093418098084,0.5500000000000002,True,correct,DBLP,42,True,correct,Q3
332,journals/sigmod/Bussler02,True,1,Phcd3C1cfLcJ,0.9899458953182636,0.0328179080433784,0.9571279872748852,0.5500000000000002,True,correct,DBLP,42,True,correct,Q4
333,journals/sigmod/CampbellEM03,True,2,N9u28V6NZTIJ,0.9652129714913174,0.6774586122470161,0.28775435924430126,0.5500000000000002,True,correct,DBLP,42,True,correct,Q2
334,journals/sigmod/ButtlerCCFHLPRX02,True,1,JScvAMYcsmoJ,0.809497579554698,0.0033979076560116017,0.8060996718986865,0.5500000000000002,True,correct,DBLP,42,True,correct,Q3
335,conf/vldb/MorishimaKKT01,True,1,8hDo6qczOzMJ,0.934813692136252,0.002362369890431373,0.9324513222458206,0.5500000000000002,True,correct,DBLP,42,True,correct,Q3
336,conf/vldb/ChanFFGR02,True,1,ZFI7XBuonJAJ,0.9780577774171444,0.000441338946596874,0.9776164384705475,0.5500000000000002,True,correct,DBLP,42,True,correct,Q4
337,conf/sigmod/BrodskyK95,True,2,SFmnhrhoQzgJ,0.963668587321103,0.6796320783504587,0.28403650897064436,0.5500000000000002,True,correct,DBLP,42,True,correct,Q2
338,conf/sigmod/ZhouLP99,True,1,0OwKmPjQpd0J,0.973686187804056,0.0010333486721200791,0.9726528391319359,0.5500000000000002,True,correct,DBLP,42,True,correct,Q4
339,conf/vldb/DeRose99,True,1,_7DyRIjTceAJ,0.9693585255279916,0.0005043669233712607,0.9688541586046203,0.5500000000000002,True,correct,DBLP,42,True,correct,Q4
340,journals/vldb/LiangOY00,True,1,ikw-En98LywJ,0.9791478245508485,0.025207582565178556,0.95394024198567,0.5500000000000002,True,correct,DBLP,42,True,correct,Q4
341,conf/vldb/XieH94,True,3,7P8_zVPEW64J,0.9896446820108218,0.9653572317783442,0.02428745023247758,0.5500000000000002,True,correct,DBLP,42,True,correct,Q1
342,journals/sigmod/PitouraAPSV03,True,3,jKxELUmoSkEJ,0.969005289569641,0.9392475103144146,0.02975777925522649,0.5500000000000002,True,correct,DBLP,42,True,correct,Q1
343,conf/vldb/ChoG00,True,6,9MI4jOOqkn4J,0.9896446820108218,0.9569230955979311,0.03272158641289069,0.5500000000000002,True,correct,DBLP,42,True,correct,Q1
344,conf/vldb/X00a,False,0,NaCqw8qESpAJ,0.22934883338353362,0.049590981799884123,0.1797578515836495,0.5500000000000002,False,unmatched_abstention,DBLP,42,False,unmatched_abstention,Q2
345,conf/vldb/NathDKGKS03,True,3,pF6EW_yKYyYJ,0.9757925020764182,0.9370068662020434,0.03878563587437478,0.5500000000000002,True,correct,DBLP,42,True,correct,Q1
346,journals/vldb/ScheuermannWZ98,True,1,Q_JRmsXFEM4J,0.9849043874238546,0.014536250420368104,0.9703681370034865,0.5500000000000002,True,correct,DBLP,42,True,correct,Q4
347,conf/sigmod/HwangLYMMGCSS94,True,1,AWah9GLEFTAJ,0.911212389719364,0.02495331715167296,0.8862590725676911,0.5500000000000002,True,correct,DBLP,42,True,correct,Q3
348,journals/sigmod/Snodgrass99,False,0,NHxHsUH9L5MJ,0.09681294748693259,0.06964053936374147,0.02717240812319112,0.5500000000000002,False,unmatched_abstention,DBLP,42,False,unmatched_abstention,Q1
349,conf/vldb/ChenCFGJMTW99,True,2,Hq3W65us8dkJ,0.9774033701344221,0.3805611612441154,0.5968422088903067,0.5500000000000002,True,correct,DBLP,42,True,correct,Q3
350,conf/sigmod/Keim99,True,1,GBZiTCbChZQJ,0.9823455080389096,0.19137842867776433,0.7909670793611453,0.5500000000000002,True,correct,DBLP,42,True,correct,Q3
351,conf/sigmod/WattezCBFF00,True,1,1SA9LhktHsUJ,0.9860366886416738,0.0011359568024202605,0.9849007318392535,0.5500000000000002,True,correct,DBLP,42,True,correct,Q4
352,conf/sigmod/HanWDPW02,True,2,nwWpGh3Mx7MJ,0.9597772881726189,0.7099471504282412,0.24983013774437768,0.5500000000000002,True,correct,DBLP,42,True,correct,Q2
353,conf/sigmod/WuAA01,True,2,QKlyEeIFW24J,0.9679121547690082,0.8483872420106866,0.11952491275832156,0.5500000000000002,True,correct,DBLP,42,True,correct,Q2
354,conf/vldb/DarEGP98,True,1,D6gxih90YU4J,0.9896446663654694,0.5706706556936393,0.41897401067183015,0.5500000000000002,True,correct,DBLP,42,True,correct,Q2
355,journals/vldb/SivasankaranSTPR96,True,3,XX_3v0k3v6QJ,0.9701672970259997,0.9435174987123134,0.0266497983136863,0.5500000000000002,True,correct,DBLP,42,True,correct,Q1
356,conf/sigmod/ShashaB02a,True,3,url:http://portal.acm.org/citation.cfm%3Fid%3D564691.564798%26dl%3DGUIDE%26dl%3DACM%26type%3Dseries%26idx%3D564691%26part%3DProceedings%26WantType%3DProceedings%26title%3DInternational%2520Conference%2520on%2520Management%2520of%2520Data%2520and%2520Symposium%2520on%2520Principles%2520of%2520Database%2520Systems%26CFID%3D11111111%26CFTOKEN%3D2222222,0.9857000738732099,0.9388434269207172,0.0468566469524927,0.5500000000000002,True,correct,DBLP,42,True,correct,Q1
357,conf/vldb/LabrinidisR03,True,1,0GMNedjfVV0J,0.989644665656993,0.22471268186049034,0.7649319837965027,0.5500000000000002,True,correct,DBLP,42,True,correct,Q3
358,journals/sigmod/Jonsson03,False,0,80NxRQ1LyI8J,0.0007870332057701771,0.00027411387738598535,0.0005129193283841917,0.5500000000000002,False,unmatched_abstention,DBLP,42,False,unmatched_abstention,Q1
359,conf/vldb/CliftonFHKLS03,True,1,FF4u5cqjanQJ,0.47115160839249853,0.0017196221176450231,0.4694319862748535,0.5500000000000002,False,missing_match,DBLP,42,True,correct,Q3
360,journals/vldb/LiCHH01,True,1,Tw8-f4saqb0J,0.9803385590869963,0.27639630997974574,0.7039422491072506,0.5500000000000002,True,correct,DBLP,42,True,correct,Q3
361,journals/sigmod/GottlobKP03a,True,1,rDRdlwdHGb0J,0.5396212396844785,0.0033206609103788214,0.5363005787740996,0.5500000000000002,False,missing_match,DBLP,42,True,correct,Q3
362,conf/sigmod/Chakrabarti99,True,1,url:http://portal.acm.org/ft_gateway.cfm%3Fid%3D304231%26type%3Dpdf%26dl%3DGUIDE%26dl%3DACM%26CFID%3D11111111%26CFTOKEN%3D2222222,0.49814953596882944,0.02208825056769708,0.47606128540113235,0.5500000000000002,False,missing_match,DBLP,42,True,correct,Q3
363,journals/tods/ZobelMR98,True,3,tdDLf6RffisJ,0.9849681455775788,0.9334702134673837,0.051497932110195155,0.5500000000000002,True,correct,DBLP,42,True,correct,Q1
364,conf/sigmod/CorralMTV00,True,1,TsShfxPwF6YJ,0.9870753825371716,0.14294158135791513,0.8441338011792565,0.5500000000000002,True,correct,DBLP,42,True,correct,Q3
365,conf/sigmod/HellersteinW02,True,1,url:http://portal.acm.org/ft_gateway.cfm%3Fid%3D564788%26type%3Dpdf%26dl%3DGUIDE%26dl%3DACM%26CFID%3D11111111%26CFTOKEN%3D2222222,0.9337736185998906,0.0006344406106507964,0.9331391779892398,0.5500000000000002,True,correct,DBLP,42,True,correct,Q3
366,journals/tods/AikenHW95,True,3,U8ZlWhxgtxYJ,0.9630667360739248,0.8213492484330013,0.1417174876409235,0.5500000000000002,True,correct,DBLP,42,True,correct,Q2
367,conf/vldb/ChoN02,True,2,4tTQJrG4pn8J,0.9896446677824214,0.8490439231422854,0.14060074464013605,0.5500000000000002,True,correct,DBLP,42,True,correct,Q2
368,conf/vldb/TamuraK99,True,3,rAHGAfoqookJ,0.983264939672241,0.9611457970809216,0.02211914259131942,0.5500000000000002,True,correct,DBLP,42,True,correct,Q1
369,journals/sigmod/Winslett02c,False,0,url:http://portal.acm.org/ft_gateway.cfm%3Fid%3D565127%26type%3Dpdf%26dl%3DGUIDE%26dl%3DACM%26CFID%3D11111111%26CFTOKEN%3D2222222,0.001794972860423975,0.0016014656715081373,0.00019350718891583771,0.5500000000000002,False,unmatched_abstention,DBLP,42,False,unmatched_abstention,Q1
370,conf/vldb/Uhl02,True,1,n5SsAbtjBpAJ,0.989644683929074,0.0033766596542281735,0.9862680242748458,0.5500000000000002,True,correct,DBLP,42,True,correct,Q4
371,conf/sigmod/ZuzartePMCLW03,True,1,url:http://portal.acm.org/citation.cfm%3Fid%3D872757.872840,0.9477324163983796,0.0015599008014119027,0.9461725155969677,0.5500000000000002,True,correct,DBLP,42,True,correct,Q3
372,journals/sigmod/SnodgrassGIMSU98,False,0,url:http://portal.acm.org/ft_gateway.cfm%3Fid%3D290599%26type%3Dpdf%26dl%3DGUIDE%26dl%3DACM%26CFID%3D11111111%26CFTOKEN%3D2222222,0.6144689959507659,0.612873060933383,0.0015959350173828657,0.5500000000000002,True,false_link,DBLP,42,True,false_link,Q1
373,journals/sigmod/KempsterST99,True,1,JfmkT9KvKWoJ,0.9822313005671961,0.5273632196569188,0.4548680809102773,0.5500000000000002,True,correct,DBLP,42,True,correct,Q3
374,conf/vldb/LubbersGJ03,True,1,T3nGiiT3tbsJ,0.9763503911793733,0.0016937616177924047,0.9746566295615808,0.5500000000000002,True,correct,DBLP,42,True,correct,Q4
375,conf/sigmod/BlakeleyP98,True,1,yotsUgKBK44J,0.9414693616139375,0.002994943491814684,0.9384744181221227,0.5500000000000002,True,correct,DBLP,42,True,correct,Q3
376,journals/sigmod/Suciu97,False,0,1sGr4qMsCeMJ,0.2728289304441062,0.006703987126298632,0.2661249433178076,0.5500000000000002,False,unmatched_abstention,DBLP,42,True,false_link,Q2
377,conf/vldb/HammadFAE03,True,1,vfCFumS9QtkJ,0.9440042908571661,0.12423588704504838,0.8197684038121177,0.5500000000000002,True,correct,DBLP,42,True,correct,Q3
378,conf/vldb/GoodmanRS94,True,1,8CCHAKnGJ1EJ,0.9696176961986143,0.0003728856213380686,0.9692448105772762,0.5500000000000002,True,correct,DBLP,42,True,correct,Q4
379,conf/sigmod/FlorescuGKR02,True,1,uam2rv99rxsJ,0.923768712453418,0.04123884486700441,0.8825298675864135,0.5500000000000002,True,correct,DBLP,42,True,correct,Q3
380,journals/sigmod/KuokFW98,True,4,3oLpUbHFATsJ,0.9099997893515862,0.650895917578044,0.2591038717735422,0.5500000000000002,True,correct,DBLP,42,True,correct,Q2
381,conf/vldb/AtzeniMM97,True,7,sARbiNQPPWQJ,0.9896446825121241,0.9243544700211465,0.06529021249097766,0.5500000000000002,True,correct,DBLP,42,True,correct,Q2
382,conf/sigmod/KrishnamurthyBN99,True,1,qS4jhfgPbm8J,0.9900067680855172,0.0048002055835663455,0.9852065625019509,0.5500000000000002,True,correct,DBLP,42,True,correct,Q4
383,conf/vldb/GrumbachRS00,True,1,iQ3Zi3crc9wJ,0.9896446628888644,0.0006088376714814463,0.989035825217383,0.5500000000000002,True,correct,DBLP,42,True,correct,Q4
384,journals/tods/MumickFPR96,True,3,kaZA2eBctgUJ,0.9535474622100878,0.9394545984922705,0.014092863717817261,0.5500000000000002,True,correct,DBLP,42,True,correct,Q1
385,journals/tods/Jagadish95,True,1,gDFpwto83b4J,0.9791440757059696,0.0022797071520649233,0.9768643685539047,0.5500000000000002,True,correct,DBLP,42,True,correct,Q4
386,conf/sigmod/KoudasS03,True,1,url:http://portal.acm.org/ft_gateway.cfm%3Fid%3D872871%26type%3Dpdf%26dl%3Dportal%26dl%3DACM%26CFID%3D11111111%26CFTOKEN%3D2222222,0.9625018786552452,0.022126423110147418,0.9403754555450977,0.5500000000000002,True,correct,DBLP,42,True,correct,Q3
387,journals/sigmod/NormanZT96,True,1,rPFgPOAANuQJ,0.9861327375345698,0.0015974986355854718,0.9845352388989843,0.5500000000000002,True,correct,DBLP,42,True,correct,Q4
388,conf/sigmod/MistryRSR01,True,1,r62IMncHe0IJ,0.9900067751980447,0.0020094915799350466,0.9879972836181097,0.5500000000000002,True,correct,DBLP,42,True,correct,Q4
389,journals/sigmod/LabrinidisR00,True,2,Wcbvsi-QDtcJ,0.9654529424800088,0.5424716764489806,0.42298126603102815,0.5500000000000002,True,correct,DBLP,42,True,correct,Q3
390,journals/sigmod/ChienTZ01,True,1,cjBpI3TcSWsJ,0.982927379642716,0.0030946563891981957,0.9798327232535179,0.5500000000000002,True,correct,DBLP,42,True,correct,Q4
391,conf/sigmod/HaasH01,True,3,tHEP1S1typgJ,0.28804759964643706,0.1370459093565506,0.15100169028988647,0.5500000000000002,False,missing_match,DBLP,42,False,missing_match,Q2
392,conf/vldb/RothS97,True,12,1fQr1rJ4yCwJ,0.9712996051229126,0.9490095070131586,0.02229009810975402,0.5500000000000002,True,correct,DBLP,42,True,correct,Q1
393,conf/vldb/ZimbraoS98,True,3,1KckBFVfgyMJ,0.9742608760412328,0.7081458393721451,0.26611503666908765,0.5500000000000002,True,correct,DBLP,42,True,correct,Q2
394,conf/sigmod/TomasicGS94,True,3,kRHYZELNeoIJ,0.9871067392552322,0.9587077371478545,0.02839900210737767,0.5500000000000002,True,correct,DBLP,42,True,correct,Q1
395,conf/sigmod/DogacTPPLKTK02,True,3,wi8177RdPBYJ,0.9832027428090511,0.8220492104153245,0.16115353239372654,0.5500000000000002,True,correct,DBLP,42,True,correct,Q2
396,conf/sigmod/Amer-YahiaCLS01,True,4,DFubU20j1OIJ,0.957777296804924,0.934298306253854,0.023478990551069945,0.5500000000000002,True,correct,DBLP,42,True,correct,Q1
397,conf/sigmod/WhiteD94,True,2,jKBaGqWJK2oJ,0.9159913704504054,0.7100081617787988,0.20598320867160658,0.5500000000000002,True,correct,DBLP,42,True,correct,Q2
398,conf/vldb/HuebschHLLSS03,True,3,7y9SomIIAG0J,0.9760200919850223,0.8309204973176791,0.14509959466734312,0.5500000000000002,True,correct,DBLP,42,True,correct,Q2
399,journals/sigmod/ForteHWDCVHFS99,True,1,7ML1mmPqIooJ,0.9840415449393322,0.006672457350860177,0.977369087588472,0.5500000000000002,True,correct,DBLP,42,True,correct,Q4
400,conf/sigmod/PaparizosACJLNPSWWY03,True,1,HuPDChjYd44J,0.8880831994424566,0.7488892400939122,0.1391939593485444,0.5500000000000002,True,correct,DBLP,42,True,correct,Q2
401,conf/vldb/EicklerKK97,True,1,PCFJuVxYxtwJ,0.983736269162836,0.0034451350350289977,0.980291134127807,0.5500000000000002,True,correct,DBLP,42,True,correct,Q4
402,conf/vldb/ChoALS02,True,1,_-JZT1cOuZ8J,0.9848252507928618,0.0017741461040142257,0.9830511046888475,0.5500000000000002,True,correct,DBLP,42,True,correct,Q4
403,journals/sigmod/Suciu02,True,1,Ikk1rb4o66UJ,0.9899458953182636,0.020172564253479568,0.969773331064784,0.5500000000000002,True,correct,DBLP,42,True,correct,Q4
404,conf/sigmod/KrollW94,True,4,zd_8s13rNRoJ,0.9704502291632473,0.9301668933394853,0.04028333582376198,0.5500000000000002,True,correct,DBLP,42,True,correct,Q1
405,conf/vldb/KornMS02,True,1,mClzTQppJE4J,0.9896446737330215,0.038291725059434956,0.9513529486735866,0.5500000000000002,True,correct,DBLP,42,True,correct,Q4
406,conf/vldb/LlirbatST97,True,1,v1fsWCSPn2MJ,0.49467245052039294,0.0031609313584984927,0.49151151916189445,0.5500000000000002,False,missing_match,DBLP,42,True,correct,Q3
407,conf/sigmod/BunemanM95,True,1,V9DIFmU3vi8J,0.9856733481813441,0.004873656794895644,0.9807996913864485,0.5500000000000002,True,correct,DBLP,42,True,correct,Q4
408,conf/sigmod/Doherty98,True,1,7aUag74jtdIJ,0.9855964580135733,0.0057107432258050985,0.9798857147877682,0.5500000000000002,True,correct,DBLP,42,True,correct,Q4
409,conf/sigmod/Pruscino03,False,0,VFVrvfqrNEUJ,0.001910928691434584,0.0013803863906168422,0.0005305423008177418,0.5500000000000002,False,unmatched_abstention,DBLP,42,False,unmatched_abstention,Q1
410,journals/vldb/RamamohanaraoH94,True,2,UiWvxN_y9SAJ,0.9849044418794375,0.875449783153953,0.10945465872548443,0.5500000000000002,True,correct,DBLP,42,True,correct,Q2
411,conf/vldb/RysNS96,True,2,pwxPfVlOqQUJ,0.9721240280191413,0.9658731793836325,0.006250848635508843,0.5500000000000002,True,correct,DBLP,42,True,correct,Q1
412,journals/sigmod/CiliaB02,True,1,Y1HVgTopekIJ,0.9844507661896337,0.0023738309859549023,0.9820769352036788,0.5500000000000002,True,correct,DBLP,42,True,correct,Q4
413,journals/sigmod/Zhang95,True,1,f86VsMJZ9gAJ,0.9899458895389995,0.00032627694071041616,0.9896196125982891,0.5500000000000002,True,correct,DBLP,42,True,correct,Q4
414,conf/sigmod/ChaudhuriDN01,True,2,qfohkpyTawoJ,0.9900067694534221,0.9504474246909247,0.03955934476249745,0.5500000000000002,True,correct,DBLP,42,True,correct,Q1
415,conf/sigmod/ChaudhuriD97,True,5,D7w6TQwatE0J,0.4745617621497624,0.35062665448356906,0.12393510766619337,0.5500000000000002,False,missing_match,DBLP,42,True,correct,Q2
416,conf/sigmod/CareyMN97,True,4,dBgA1e-6LvkJ,0.5918607984816471,0.44331880507060145,0.14854199341104563,0.5500000000000002,True,correct,DBLP,42,True,correct,Q2
417,conf/sigmod/ZhangDWEMPMDR03,True,2,gWslyEjd3BYJ,0.9801175557403425,0.8558981415690301,0.12421941417131244,0.5500000000000002,True,correct,DBLP,42,True,correct,Q2
418,conf/vldb/LakshmananSS96,True,9,0VHtbuWJCQUJ,0.9769900099513019,0.9377438594856596,0.03924615046564228,0.5500000000000002,True,correct,DBLP,42,True,correct,Q1
419,conf/vldb/Campbell99,True,1,m1eeQnYWL0oJ,0.9837362792354765,0.0006428190918905125,0.9830934601435859,0.5500000000000002,True,correct,DBLP,42,True,correct,Q4
420,journals/vldb/FungKL03,True,1,rFEOA75JjSIJ,0.9726823624339938,0.24981887047678977,0.722863491957204,0.5500000000000002,True,correct,DBLP,42,True,correct,Q3
421,journals/sigmod/Hainaut03,True,1,url:http://portal.acm.org/ft_gateway.cfm%3Fid%3D959087%26type%3Dpdf%26coll%3DGUIDE%26dl%3DACM%26CFID%3D11111111%26CFTOKEN%3D2222222,0.9831113516376212,0.011511141034696413,0.9716002106029248,0.5500000000000002,True,correct,DBLP,42,True,correct,Q4
422,journals/sigmod/VenkatraoP95,True,1,qk3LVAuS2SUJ,0.9818468461653472,0.0007708039711290959,0.9810760421942182,0.5500000000000002,True,correct,DBLP,42,True,correct,Q4
423,journals/sigmod/EisenbergM01,True,2,GKUflKzgAVEJ,0.9899458895389995,0.9509477193974779,0.038998170141521626,0.5500000000000002,True,correct,DBLP,42,True,correct,Q1
424,conf/vldb/Baumann03,True,1,pJ2UEKVG_hoJ,0.983736293656066,0.0018381596375422215,0.9818981340185238,0.5500000000000002,True,correct,DBLP,42,True,correct,Q4
425,conf/sigmod/BarclaySG00,True,6,7br3WXwZRQ4J,0.9718017207029908,0.953889603054999,0.01791211764799172,0.5500000000000002,True,correct,DBLP,42,True,correct,Q1
426,conf/vldb/GaoS03,True,1,BEpwgIQR6r4J,0.9791823917205986,0.000464772480719766,0.9787176192398789,0.5500000000000002,True,correct,DBLP,42,True,correct,Q4
427,conf/vldb/WangYM97,True,10,hcYKj7CHbWYJ,0.9896446642427379,0.9530560716051591,0.03658859263757874,0.5500000000000002,True,correct,DBLP,42,True,correct,Q1
428,conf/sigmod/FernandezS96,True,4,66uAX5EPtKcJ,0.5658243487959513,0.4050717907604076,0.16075255803554372,0.5500000000000002,True,correct,DBLP,42,True,correct,Q2
429,conf/sigmod/GotoK03,True,1,url:http://portal.acm.org/ft_gateway.cfm%3Fid%3D872837%26type%3Dpdf%26dl%3Dportal%26dl%3DACM%26CFID%3D11111111%26CFTOKEN%3D2222222,0.9383398074679459,0.035975162454863194,0.9023646450130827,0.5500000000000002,True,correct,DBLP,42,True,correct,Q3
430,conf/sigmod/CatarciS01,True,1,frbExwv4DiwJ,0.9601304554139419,0.005911009460016074,0.9542194459539258,0.5500000000000002,True,correct,DBLP,42,True,correct,Q4
431,conf/vldb/ShuklaDNR96,True,3,vnezjPI8jYIJ,0.9700988134721837,0.9510321259544606,0.019066687517723113,0.5500000000000002,True,correct,DBLP,42,True,correct,Q1
432,conf/vldb/SetzerZ94,True,1,1tmW1mOCZqIJ,0.9797960389320507,0.003724000595308602,0.976072038336742,0.5500000000000002,True,correct,DBLP,42,True,correct,Q4
433,conf/vldb/HristidisP02,True,2,rZJLf9oQ_hEJ,0.989644683929074,0.8983475851162801,0.09129709881279391,0.5500000000000002,True,correct,DBLP,42,True,correct,Q2
434,journals/sigmod/Wong95,True,1,7F9iCGggYVgJ,0.9899459052207409,0.0001349414488774635,0.9898109637718634,0.5500000000000002,True,correct,DBLP,42,True,correct,Q4
435,conf/vldb/SahuguetA99,True,5,pK5bydjeZFIJ,0.9896446658641663,0.959404867432972,0.030239798431194287,0.5500000000000002,True,correct,DBLP,42,True,correct,Q1
436,journals/sigmod/Franklin00b,False,0,ntqMqfgRXM4J,0.47736642679721597,0.4743660370162046,0.003000389781011359,0.5500000000000002,False,unmatched_abstention,DBLP,42,False,unmatched_abstention,Q1
437,conf/sigmod/AdelbergD99,True,1,s40fqzss4woJ,0.9612654588721755,0.002068198385901364,0.9591972604862742,0.5500000000000002,True,correct,DBLP,42,True,correct,Q4
438,journals/sigmod/LeeF01,True,2,oUisL_YUScYJ,0.9899458895389995,0.9221735781413841,0.06777231139761541,0.5500000000000002,True,correct,DBLP,42,True,correct,Q2
439,conf/sigmod/ZhouR02,True,1,-hUVSdRv5UUJ,0.9880440532528816,0.032884523414876465,0.9551595298380051,0.5500000000000002,True,correct,DBLP,42,True,correct,Q4
440,journals/sigmod/Kim94,True,1,930Uth7EArkJ,0.8787926412278034,0.000650073703094421,0.878142567524709,0.5500000000000002,True,correct,DBLP,42,True,correct,Q3
441,journals/vldb/RamanRH00,True,1,CgiCp6N9XZQJ,0.9844128858947943,0.7275461553708393,0.2568667305239549,0.5500000000000002,True,correct,DBLP,42,True,correct,Q2
442,conf/sigmod/Agarwal96,True,3,ALk7huiKjWAJ,0.96691908094287,0.7074021077240513,0.2595169732188187,0.5500000000000002,True,correct,DBLP,42,True,correct,Q2
443,conf/sigmod/Bonnet02,True,1,bqyt1789jJ8J,0.9900067751980447,0.0021403428351190884,0.9878664323629256,0.5500000000000002,True,correct,DBLP,42,True,correct,Q4
444,conf/sigmod/CrescenziMM02,True,1,pI0WktymowwJ,0.9607737402839026,0.9078685398348464,0.05290520044905622,0.5500000000000002,True,correct,DBLP,42,True,correct,Q2
445,journals/sigmod/AbererCDDHPS03,True,1,hBrgosYDi3oJ,0.913459778002257,0.04814471423661534,0.8653150637656416,0.5500000000000002,True,correct,DBLP,42,True,correct,Q3
446,journals/tods/FranklinCL97,True,2,vqboZ3T4n4AJ,0.9412235066773376,0.20610394228517542,0.7351195643921622,0.5500000000000002,True,correct,DBLP,42,True,correct,Q3
447,journals/sigmod/LaenderRST02,True,4,paQAZ2KXFgAJ,0.981249441240869,0.947782975650275,0.03346646559059396,0.5500000000000002,True,correct,DBLP,42,True,correct,Q1
448,conf/vldb/Fox02,True,1,eybUiurX77sJ,0.9896446677824214,0.42738909436792416,0.5622555734144973,0.5500000000000002,True,correct,DBLP,42,True,correct,Q3
449,conf/vldb/LakshmananPH02,True,2,_hNiD_QLDdAJ,0.9869546386735977,0.9476455534716581,0.03930908520193954,0.5500000000000002,True,correct,DBLP,42,True,correct,Q1
450,conf/sigmod/Galindo-Legaria94,True,1,iEs59H5EFHwJ,0.9330699119835633,0.02060568820301096,0.9124642237805523,0.5500000000000002,True,correct,DBLP,42,True,correct,Q3
451,conf/vldb/YuV00,True,2,43N2r_SuYccJ,0.98964467231607,0.5811926704003297,0.40845200191574027,0.5500000000000002,True,correct,DBLP,42,True,correct,Q2
452,conf/sigmod/WangJLY03,True,1,EQsWWZdE45wJ,0.9894194868184849,0.01226371024161689,0.977155776576868,0.5500000000000002,True,correct,DBLP,42,True,correct,Q4
453,journals/sigmod/SommerGB02,True,2,8l5_eKZcCh8J,0.9838574632374473,0.258181555532174,0.7256759077052732,0.5500000000000002,True,correct,DBLP,42,True,correct,Q3
454,conf/sigmod/FaloutsosSTT00,True,3,qsWDIfzBxiQJ,0.9814715880016965,0.9077660369285291,0.07370555107316745,0.5500000000000002,True,correct,DBLP,42,True,correct,Q2
455,journals/sigmod/ArenasKKKMM03,True,2,biVrK7MrU4QJ,0.9187340418973152,0.8522682211094496,0.06646582078786567,0.5500000000000002,True,correct,DBLP,42,True,correct,Q2
456,conf/vldb/ShengBDM02,True,3,6GxdJ4jZUokJ,0.9850484629739128,0.8999208834217918,0.08512757955212102,0.5500000000000002,True,correct,DBLP,42,True,correct,Q2
457,journals/vldb/OoiHLT96,True,1,EclgEUrqHQAJ,0.9765032405312345,0.07200925790468178,0.9044939826265527,0.5500000000000002,True,correct,DBLP,42,True,correct,Q3
458,journals/sigmod/LinP96,True,1,mzEHvKsUv5QJ,0.9820323300369515,0.019404247109549307,0.9626280829274021,0.5500000000000002,True,correct,DBLP,42,True,correct,Q4
459,conf/vldb/PapadiasMD98,True,2,7vbPCi-dbawJ,0.9837362951534433,0.8752859719970263,0.108450323156417,0.5500000000000002,True,correct,DBLP,42,True,correct,Q2
460,journals/sigmod/Gal99,True,1,mOsVdVKwhjwJ,0.9034295897665375,0.01965340972882073,0.8837761800377169,0.5500000000000002,True,correct,DBLP,42,True,correct,Q3
461,conf/sigmod/AcharyaAFZ95,True,10,rO4-yA3tlfoJ,0.9890881261202392,0.9707845768045678,0.018303549315671463,0.5500000000000002,True,correct,DBLP,42,True,correct,Q1
462,journals/sigmod/Naughton00,False,0,qU_IX5KFwIoJ,0.02382706445263521,0.003865107811326961,0.01996195664130825,0.5500000000000002,False,unmatched_abstention,DBLP,42,False,unmatched_abstention,Q1
463,journals/sigmod/JajodiaBBKMSW97,True,1,url:http://portal.acm.org/citation.cfm%3Fid%3D271095,0.9798146775441338,0.020782985749737824,0.959031691794396,0.5500000000000002,True,correct,DBLP,42,True,correct,Q4
464,journals/tods/FraternaliT95,True,3,8k0tS22xvPcJ,0.9849681390276064,0.9697039341298654,0.01526420489774094,0.5500000000000002,True,correct,DBLP,42,True,correct,Q1
465,conf/sigmod/HernandezS95,True,5,CckDkmI4U3wJ,0.9776722966308312,0.9501838176363256,0.027488478994505572,0.5500000000000002,True,correct,DBLP,42,True,correct,Q1
466,conf/vldb/YiF00,True,6,DpQrWnvO7rEJ,0.9828522068646943,0.9824324991083891,0.00041970775630517654,0.5500000000000002,True,correct,DBLP,42,True,correct,Q1
467,conf/vldb/Galindo-LegariaPK94,True,3,47fE4F2kahEJ,0.9883802712529305,0.8705863707342847,0.1177939005186458,0.5500000000000002,True,correct,DBLP,42,True,correct,Q2
468,journals/vldb/AlbanoGO95,True,2,_tswCGHoswMJ,0.9849043894795398,0.9042828695179448,0.08062151996159506,0.5500000000000002,True,correct,DBLP,42,True,correct,Q2
469,journals/vldb/PapazogluK97,True,2,kFQl7LX8OQkJ,0.8815791230461693,0.7892939221036961,0.09228520094247317,0.5500000000000002,True,correct,DBLP,42,True,correct,Q2
470,conf/vldb/LevyMS94,True,4,l-QHiSxClXcJ,0.9739258312081447,0.8764012208846164,0.09752461032352833,0.5500000000000002,True,correct,DBLP,42,True,correct,Q2
471,journals/vldb/ClaussenKKW00,True,1,DSF-ukHbE64J,0.9019917086072387,0.00014718731715033758,0.9018445212900883,0.5500000000000002,True,correct,DBLP,42,True,correct,Q3
472,conf/sigmod/TrisoliniLN99,True,1,cFMtMf7bLzIJ,0.9712647523664836,0.06781230114134973,0.9034524512251338,0.5500000000000002,True,correct,DBLP,42,True,correct,Q3
473,conf/vldb/SteenhagenABB94,True,5,Xr2RguUzt-gJ,0.9699320676508906,0.8065764871063195,0.1633555805445711,0.5500000000000002,True,correct,DBLP,42,True,correct,Q2
474,journals/sigmod/Wedekind94,True,1,gqehj3-ukjIJ,0.7967613742522923,0.00020761924977148616,0.7965537550025208,0.5500000000000002,True,correct,DBLP,42,False,missing_match,Q3
475,conf/vldb/WuFSP00,True,2,XojbAfbtdvcJ,0.9869774340517113,0.5616049821210327,0.42537245193067863,0.5500000000000002,True,correct,DBLP,42,True,correct,Q3
476,conf/vldb/DavisonG94,True,1,fN8wW3Y4FJkJ,0.9730268126918857,0.0061631105036507134,0.966863702188235,0.5500000000000002,True,correct,DBLP,42,True,correct,Q4
477,journals/sigmod/Snodgrass97,False,0,NHxHsUH9L5MJ,0.10224879639355965,0.07367516618605495,0.028573630207504697,0.5500000000000002,False,unmatched_abstention,DBLP,42,False,unmatched_abstention,Q1
478,journals/vldb/FernandezFLS00,True,1,uo79zyqUB10J,0.9696452766954817,0.04940071112191911,0.9202445655735626,0.5500000000000002,True,correct,DBLP,42,True,correct,Q3
479,journals/sigmod/ChaudhuriD97,True,14,zlbJ-7JZdP0J,0.9899458939421105,0.9746628236748026,0.015283070267307908,0.5500000000000002,True,correct,DBLP,42,True,correct,Q1
480,conf/sigmod/Ross00,True,1,9sm_ptv5pmYJ,0.9367601878537146,0.058719911998110226,0.8780402758556044,0.5500000000000002,True,correct,DBLP,42,True,correct,Q3
481,journals/vldb/MehrotraKS97,True,1,6XxswNrUSk4J,0.9837917749568312,0.07292351940524293,0.9108682555515883,0.5500000000000002,True,correct,DBLP,42,True,correct,Q3
482,conf/sigmod/Hammond99,True,1,-ndr_jftgFkJ,0.9813477096767287,0.0018318356532567358,0.979515874023472,0.5500000000000002,True,correct,DBLP,42,True,correct,Q4
483,conf/sigmod/DeolaseeKPRS01,True,2,5OTQGZ1gb18J,0.9650691391344344,0.8110188789267612,0.1540502602076732,0.5500000000000002,True,correct,DBLP,42,True,correct,Q2
484,conf/vldb/JagadishLRSS94,True,2,Yiwh22hbTAcJ,0.9608820226992659,0.39999435244182313,0.5608876702574428,0.5500000000000002,True,correct,DBLP,42,True,correct,Q3
485,conf/sigmod/CandanLLHA01,True,3,efYVCK07AwMJ,0.9806547366129055,0.940186010980136,0.04046872563276949,0.5500000000000002,True,correct,DBLP,42,True,correct,Q1
486,conf/vldb/RiedelGF98,True,3,f2N_DxLirWIJ,0.9896446820108218,0.9319442294896142,0.05770045252120759,0.5500000000000002,True,correct,DBLP,42,True,correct,Q2
487,conf/sigmod/Cohen98a,True,1,qfD_kxYt-dsJ,0.987572114753831,0.02499749434210589,0.9625746204117251,0.5500000000000002,True,correct,DBLP,42,True,correct,Q4
488,conf/sigmod/AbadiCCCCEGHMRSSTXYZ03,True,3,VuY9Y49GqXgJ,0.8781372224877205,0.8431933219121487,0.03494390057557184,0.5500000000000002,True,correct,DBLP,42,True,correct,Q1
489,journals/sigmod/FrankGGJKLMNPSSSTW99,True,5,ixz5LdVw9_8J,0.7823251130400467,0.7356996302453568,0.04662548279468992,0.5500000000000002,True,correct,DBLP,42,True,correct,Q1
490,journals/sigmod/HadzilacosT97,True,2,a8YsBAmwFjoJ,0.9899458881628458,0.9271877099220363,0.06275817824080954,0.5500000000000002,True,correct,DBLP,42,True,correct,Q2
491,conf/vldb/ZouS98,True,3,_OimKPnidhsJ,0.9619337044451345,0.9462873643076951,0.015646340137439374,0.5500000000000002,True,correct,DBLP,42,True,correct,Q1
492,conf/sigmod/YangYW00,True,1,JQuwW88-2_0J,0.9500701077740423,0.0004636926966138955,0.9496064150774284,0.5500000000000002,True,correct,DBLP,42,True,correct,Q4
493,journals/vldb/ChakrabartiRS03,True,1,idfox84uNHUJ,0.9784175367460952,0.00034668158376705135,0.9780708551623282,0.5500000000000002,True,correct,DBLP,42,True,correct,Q4
494,journals/sigmod/RoantreeS02,True,2,xfrOR_G4_UoJ,0.9845390333035723,0.9146711978928588,0.06986783541071351,0.5500000000000002,True,correct,DBLP,42,True,correct,Q2
495,conf/vldb/CuiW01,True,1,SaOd6rDz5ZgJ,0.9794349415597919,0.07021417303269138,0.9092207685271005,0.5500000000000002,True,correct,DBLP,42,True,correct,Q3
496,journals/vldb/PanagosB97,True,1,Ht4Yl1kJuxIJ,0.9849043960568648,0.04286726503604598,0.9420371310208188,0.5500000000000002,True,correct,DBLP,42,True,correct,Q3
497,journals/sigmod/LeeC00,True,4,Knzz_bkGA00J,0.9881819468675384,0.9562309881595222,0.03195095870801612,0.5500000000000002,True,correct,DBLP,42,True,correct,Q1
498,conf/sigmod/FreireHRRS02,True,5,1p-q7eofLWIJ,0.955762440891608,0.7542120072273092,0.2015504336642988,0.5500000000000002,True,correct,DBLP,42,True,correct,Q2
499,conf/vldb/LamKR02,True,1,GdvZvvRTXIAJ,0.9896446677824214,0.00449216813670138,0.98515249964572,0.5500000000000002,True,correct,DBLP,42,True,correct,Q4
500,conf/sigmod/DanS95,True,3,qjHzY4uEG7gJ,0.938563032945761,0.933356270799926,0.005206762145835042,0.5500000000000002,True,correct,DBLP,42,True,correct,Q1
501,journals/vldb/C95a,False,0,r9tT5zsNnCQJ,0.33633356932798025,0.32552888509626055,0.010804684231719708,0.5500000000000002,False,unmatched_abstention,DBLP,42,False,unmatched_abstention,Q1
502,journals/tods/DeyS96,True,3,uZVc1wSi3y4J,0.9849681685432593,0.9292938676336286,0.05567430090963066,0.5500000000000002,True,correct,DBLP,42,True,correct,Q2
503,conf/sigmod/LakshmananPZ03,True,3,rNu93TfKkd4J,0.9872952953541919,0.873710496738452,0.11358479861573989,0.5500000000000002,True,correct,DBLP,42,True,correct,Q2
504,journals/sigmod/Dogac98,True,1,dNM-avLn230J,0.5230908294288953,0.5192943606036781,0.003796468825217225,0.5500000000000002,False,missing_match,DBLP,42,False,missing_match,Q1
505,journals/tods/HjaltasonS99,True,3,xuoJNqOArTsJ,0.979691913714605,0.9632811615287883,0.01641075218581667,0.5500000000000002,True,correct,DBLP,42,True,correct,Q1
506,conf/sigmod/OoiTZGLLLNSWZ03,True,1,l78OeieL4ZsJ,0.596767118166,0.0007254022157763015,0.5960417159502237,0.5500000000000002,True,correct,DBLP,42,True,correct,Q3
507,journals/sigmod/Ozsu02a,False,0,NHxHsUH9L5MJ,0.09343468232005936,0.06713996328471038,0.026294719035348982,0.5500000000000002,False,unmatched_abstention,DBLP,42,False,unmatched_abstention,Q1
508,journals/vldb/AslanM99,True,1,vZcZ-UX6h7UJ,0.980460222219801,0.007808633698729482,0.9726515885210715,0.5500000000000002,True,correct,DBLP,42,True,correct,Q4
509,journals/sigmod/BertinoEH03,True,1,4m-WmWU5iGYJ,0.9822678052958748,0.16348920609154363,0.8187785992043312,0.5500000000000002,True,correct,DBLP,42,True,correct,Q3
510,journals/sigmod/NascimentoSP03,True,1,G3QWq2T08SEJ,0.9022296399957312,0.0011258362902167947,0.9011038037055145,0.5500000000000002,True,correct,DBLP,42,True,correct,Q3
511,conf/sigmod/LahiriJJC98,True,1,qtwJ7XWG9JIJ,0.9708551444211208,0.002877478088478757,0.967977666332642,0.5500000000000002,True,correct,DBLP,42,True,correct,Q4
512,conf/sigmod/CherniackZ98,True,2,7DFhNMAE13QJ,0.9212435000822354,0.8886095119726354,0.032633988109600054,0.5500000000000002,True,correct,DBLP,42,True,correct,Q1
513,conf/vldb/DoDJJR98,True,1,69kmXg9nRZkJ,0.9823137290471219,0.002258055231437353,0.9800556738156845,0.5500000000000002,True,correct,DBLP,42,True,correct,Q4
514,conf/sigmod/ArefBV95,True,2,ht_8Iq3SZ80J,0.9794407744167463,0.39946457772124966,0.5799761966954966,0.5500000000000002,True,correct,DBLP,42,True,correct,Q3
515,conf/vldb/Nori00,False,0,url:http://www.ingentaconnect.com/search/expand%3Fpub%3Dinfobike://els/13891286/2002/00000040/00000001/art00262%26unc%3D,0.001296118781542504,0.0009793846287265051,0.00031673415281599894,0.5500000000000002,False,unmatched_abstention,DBLP,42,False,unmatched_abstention,Q1
516,journals/vldb/KrivokapicKG99,True,3,A8qZGxwlDiYJ,0.9852482832390741,0.9765106189464848,0.008737664292589264,0.5500000000000002,True,correct,DBLP,42,True,correct,Q1
517,journals/sigmod/Widom96a,False,0,xgdBJbatYcIJ,0.6258756950911771,0.5835651552083441,0.042310539882833065,0.5500000000000002,True,false_link,DBLP,42,False,unmatched_abstention,Q1
518,conf/sigmod/BumbulisB02,True,1,Ev27auQiecUJ,0.952785840262121,0.10051266853631562,0.8522731717258054,0.5500000000000002,True,correct,DBLP,42,True,correct,Q3
519,journals/vldb/ShethTP03,True,2,tReKvTMB7pcJ,0.984904386396012,0.22908391979949058,0.7558204665965214,0.5500000000000002,True,correct,DBLP,42,True,correct,Q3
520,journals/sigmod/OukselS99,True,2,S-LYnzS1K70J,0.9561867602609795,0.103907436905648,0.8522793233553315,0.5500000000000002,True,correct,DBLP,42,True,correct,Q3
521,conf/vldb/GuPS00,True,2,mRWLGqueLNsJ,0.9766075268579782,0.840911529344222,0.13569599751375627,0.5500000000000002,True,correct,DBLP,42,True,correct,Q2
522,conf/vldb/BertinoBFS96,True,1,s0v9B-K8owEJ,0.9837362877428554,0.6092366368068196,0.37449965093603577,0.5500000000000002,True,correct,DBLP,42,True,correct,Q2
523,journals/sigmod/LenzeriniNNS01,False,0,url:http://portal.acm.org/ft_gateway.cfm%3Fid%3D290595%26type%3Dpdf%26dl%3DGUIDE%26dl%3DACM%26CFID%3D11111111%26CFTOKEN%3D2222222,0.19422017377335546,0.03726382987712625,0.1569563438962292,0.5500000000000002,False,unmatched_abstention,DBLP,42,True,false_link,Q2
524,conf/vldb/CarneyCCCLSSTZ02,True,5,1J26mBTxdS0J,0.9806549804912507,0.9118057168595138,0.06884926363173682,0.5500000000000002,True,correct,DBLP,42,True,correct,Q2
525,conf/vldb/KonopnickiS95,True,5,fAZ2KwztkLoJ,0.968095082314126,0.9609843224495191,0.007110759864606853,0.5500000000000002,True,correct,DBLP,42,True,correct,Q1
526,journals/vldb/BonczK99,True,1,ATjnxh8X_f0J,0.9742688800578885,0.00015425498819461855,0.9741146250696938,0.5500000000000002,True,correct,DBLP,42,True,correct,Q4
527,conf/sigmod/CruzJ99,True,1,vXMwU21-7HMJ,0.9746698472905455,0.16278566598916058,0.811884181301385,0.5500000000000002,True,correct,DBLP,42,True,correct,Q3
528,journals/sigmod/Wiegand02,True,1,RAcoVQuEzD8J,0.9899459052207409,0.0013443923254881924,0.9886015128952527,0.5500000000000002,True,correct,DBLP,42,True,correct,Q4
529,journals/vldb/C95,False,0,url:http://www.springerlink.com/index/X256555608656055.pdf,0.08422616789048189,0.03897855376143937,0.04524761412904252,0.5500000000000002,False,unmatched_abstention,DBLP,42,False,unmatched_abstention,Q1
530,conf/vldb/RamanRH99,True,3,6uP3E_WEkCAJ,0.9893058283191113,0.9278522538297981,0.06145357448931321,0.5500000000000002,True,correct,DBLP,42,True,correct,Q2
531,journals/tods/HjaltasonS03,True,1,9Wan9sPNUAYJ,0.9796919181154199,0.010813168930406486,0.9688787491850134,0.5500000000000002,True,correct,DBLP,42,True,correct,Q4
532,conf/vldb/TanEO01,True,2,1A06w64wjvcJ,0.9759102834919746,0.6874895732559687,0.2884207102360059,0.5500000000000002,True,correct,DBLP,42,True,correct,Q2
533,journals/sigmod/Kim02,True,1,1PPb2Y8X7rAJ,0.9712845520153102,0.01028319179303444,0.9610013602222758,0.5500000000000002,True,correct,DBLP,42,True,correct,Q4
534,conf/sigmod/Kramer97,True,2,FZRPzy583jAJ,0.9597187335676525,0.2549881334212533,0.7047306001463991,0.5500000000000002,True,correct,DBLP,42,True,correct,Q3
535,conf/vldb/Sterling98,True,1,LlP2Fn3bzUMJ,0.9837362695541502,0.4498806399679416,0.5338556295862086,0.5500000000000002,True,correct,DBLP,42,True,correct,Q3
536,conf/vldb/RamaswamyMS98,True,2,WTYQ40Rn_tUJ,0.9896446658641663,0.8197299269887582,0.1699147388754081,0.5500000000000002,True,correct,DBLP,42,True,correct,Q2
537,conf/sigmod/Stonebraker98,True,2,Tpkccl5rvR0J,0.9850868283764618,0.9476448111867354,0.037442017189726395,0.5500000000000002,True,correct,DBLP,42,True,correct,Q1
538,journals/sigmod/CarmelMS01,True,2,bolov3CrMYwJ,0.44900689005202904,0.02242738140785804,0.426579508644171,0.5500000000000002,False,missing_match,DBLP,42,True,correct,Q3
539,conf/vldb/CotterB00,True,1,SJ6PiY04ebMJ,0.9663550923521534,0.005786622802141668,0.9605684695500117,0.5500000000000002,True,correct,DBLP,42,True,correct,Q4
540,journals/sigmod/Liu03,False,0,url:http://doi.wiley.com/10.1002/ev.1658,0.4402297038288602,0.38548733596063717,0.05474236786822301,0.5500000000000002,False,unmatched_abstention,DBLP,42,False,unmatched_abstention,Q2
541,conf/vldb/AnciauxBP03,True,2,RLZc9c2-6_oJ,0.983736293656066,0.9828297244227889,0.0009065692332770325,0.5500000000000002,True,correct,DBLP,42,True,correct,Q1
542,conf/vldb/Ramaswamy00,False,0,AYqgaR3tudgJ,0.0022760445441786206,0.0006739362743538078,0.0016021082698248128,0.5500000000000002,False,unmatched_abstention,DBLP,42,False,unmatched_abstention,Q1
543,conf/sigmod/AtzeniT97,True,3,i2LI1TWifbYJ,0.9900067889339275,0.9708037914102162,0.01920299752371124,0.5500000000000002,True,correct,DBLP,42,True,correct,Q1
544,journals/vldb/FiletoLPAM03,True,2,VWbm4EeeFNMJ,0.9819743981235748,0.9523673356730403,0.02960706245053446,0.5500000000000002,True,correct,DBLP,42,True,correct,Q1
545,conf/sigmod/LabioWGG00,True,1,EhR3fz7f7vcJ,0.9894755749692598,0.33150447569201213,0.6579710992772476,0.5500000000000002,True,correct,DBLP,42,True,correct,Q3
546,conf/sigmod/RamaswamyK95,True,3,g9Y0KAu_UHQJ,0.9475177910723924,0.9334042922109119,0.0141134988614805,0.5500000000000002,True,correct,DBLP,42,True,correct,Q1
547,journals/sigmod/Winslett02,False,0,oJtB__MYF4EJ,0.003642591097294342,0.0029905154634938757,0.0006520756338004663,0.5500000000000002,False,unmatched_abstention,DBLP,42,False,unmatched_abstention,Q1
548,conf/sigmod/HsiaoN00,True,1,iY5wlS4jsg0J,0.9834078987646965,0.00041411398352442095,0.982993784781172,0.5500000000000002,True,correct,DBLP,42,True,correct,Q4
549,conf/vldb/Orenstein98,True,1,VfWJDzGt9JYJ,0.9668761342652258,0.0006588957125610082,0.9662172385526647,0.5500000000000002,True,correct,DBLP,42,True,correct,Q4
550,conf/vldb/VermeerA96,True,1,bEddMdwB2_4J,0.9512999015509518,0.008776419250383286,0.9425234823005685,0.5500000000000002,True,correct,DBLP,42,True,correct,Q3
551,journals/vldb/TenienteO95,True,3,aC-8qspy24wJ,0.9527155023654137,0.9187992842493699,0.03391621811604384,0.5500000000000002,True,correct,DBLP,42,True,correct,Q1
552,conf/sigmod/Cabrera03,False,0,vtgbh3Fwu58J,0.13618203541683138,0.025670237878821254,0.11051179753801013,0.5500000000000002,False,unmatched_abstention,DBLP,42,False,unmatched_abstention,Q2
553,journals/vldb/BerendtS00,True,3,_0meUij3ZJEJ,0.9849043960568648,0.9670426186930087,0.01786177736385608,0.5500000000000002,True,correct,DBLP,42,True,correct,Q1
554,conf/vldb/PoosalaI97,True,2,negC_a7QQnMJ,0.9853950436936914,0.6242279051238703,0.3611671385698211,0.5500000000000002,True,correct,DBLP,42,True,correct,Q2
555,journals/vldb/AmielBDS96,True,1,RtYWYRjBUmEJ,0.9828746975109224,0.02101797915913191,0.9618567183517904,0.5500000000000002,True,correct,DBLP,42,True,correct,Q4
556,conf/vldb/SteinbrunnPMK95,True,2,EPtaqugcCyMJ,0.9595271567920518,0.6040864373018943,0.35544071949015754,0.5500000000000002,True,correct,DBLP,42,True,correct,Q2
557,conf/sigmod/Bernstein96,True,1,EvuLCpyVqWgJ,0.10492216508849045,0.0010821587088356345,0.10384000637965482,0.5500000000000002,False,missing_match,DBLP,42,True,correct,Q2
558,conf/sigmod/Lomet00,True,1,FiPJDs_jm54J,0.9675919311658889,0.000388513682054512,0.9672034174838344,0.5500000000000002,True,correct,DBLP,42,True,correct,Q4
559,journals/sigmod/Qian95a,True,1,url:http://portal.acm.org/ft_gateway.cfm%3Fid%3D212022%26type%3Dpdf%26dl%3DGUIDE%26dl%3DACM%26CFID%3D11111111%26CFTOKEN%3D2222222,0.9899459052207409,0.01199097165756187,0.977954933563179,0.5500000000000002,True,correct,DBLP,42,True,correct,Q4
560,conf/vldb/GrovlenHT98,True,2,SDXBxc0lIeYJ,0.8815569917028221,0.8424070663576373,0.0391499253451848,0.5500000000000002,True,correct,DBLP,42,True,correct,Q1
561,conf/vldb/IlyasAE02,True,1,nQsk3GveFP0J,0.9749515172656956,0.006683428933358868,0.9682680883323368,0.5500000000000002,True,correct,DBLP,42,True,correct,Q4
562,journals/sigmod/LometBCLN98,True,2,url:http://portal.acm.org/ft_gateway.cfm%3Fid%3D290608%26type%3Dpdf%26dl%3DGUIDE%26dl%3DACM%26CFID%3D11111111%26CFTOKEN%3D2222222,0.9767782605052985,0.6032987818274074,0.3734794786778911,0.5500000000000002,True,correct,DBLP,42,True,correct,Q2
563,journals/vldb/AtzeniM00,True,1,wt2W1fPudfIJ,0.009778787411582598,0.004831671625498133,0.004947115786084465,0.5500000000000002,False,missing_match,DBLP,42,False,missing_match,Q1
564,conf/sigmod/WolfsonSXZC99,True,5,vwdWTx0dk7QJ,0.9568563859486454,0.9413218567868381,0.015534529161807309,0.5500000000000002,True,correct,DBLP,42,True,correct,Q1
565,conf/sigmod/KiesslingHFE01,True,2,tNzM8E3W2K4J,0.9557565291305512,0.8933928783060799,0.06236365082447126,0.5500000000000002,True,correct,DBLP,42,True,correct,Q2
566,journals/tods/FormicaGM98,True,1,PtcmzsfKYrsJ,0.9792554160584682,0.0004487902021691271,0.9788066258562991,0.5500000000000002,True,correct,DBLP,42,True,correct,Q4
567,conf/vldb/Shenker03,True,1,5yETsE57mzgJ,0.983736293656066,0.0025112335716705315,0.9812250600843955,0.5500000000000002,True,correct,DBLP,42,True,correct,Q4
568,journals/sigmod/Anonymous96,False,0,url:http://portal.acm.org/ft_gateway.cfm%3Fid%3D223859%26type%3Dpdf%26coll%3DGUIDE%26dl%3DACM%26CFID%3D11111111%26CFTOKEN%3D2222222,0.001665711052217777,0.0006711700957403691,0.000994540956477408,0.5500000000000002,False,unmatched_abstention,DBLP,42,False,unmatched_abstention,Q1
569,journals/tods/AmmannJR97,True,1,2e-NAgqt-joJ,0.9849681455775788,0.8669082983861898,0.11805984719138907,0.5500000000000002,True,correct,DBLP,42,True,correct,Q2
570,conf/vldb/GoldmanSVG98,True,3,pweOUtA2iTAJ,0.9862087439991372,0.5135758513249464,0.47263289267419073,0.5500000000000002,True,correct,DBLP,42,True,correct,Q3
571,journals/vldb/AtluriJY03,True,1,url:http://www.springerlink.com/index/6UEYKJ4UQTK18H6D.pdf,0.5821674026030774,0.5295429867763776,0.052624415826699855,0.5500000000000002,True,false_link,DBLP,42,False,missing_match,Q1
572,conf/vldb/RezendeS98,True,1,niRuvMkp4r4J,0.8995983030999485,0.07231098229379583,0.8272873208061526,0.5500000000000002,True,correct,DBLP,42,True,correct,Q3
573,conf/vldb/DeenJNNW00,True,1,jpJMa9UNggoJ,0.8662672595425038,0.0009055570003515667,0.8653617025421523,0.5500000000000002,True,correct,DBLP,42,True,correct,Q3
574,conf/vldb/Fecteau95,True,2,LhjvKpDcJKUJ,0.9837362810562912,0.8212524672938125,0.16248381376247867,0.5500000000000002,True,correct,DBLP,42,True,correct,Q2
575,conf/vldb/DaynesC02,True,1,Ug0Yk0QhILMJ,0.9896446677824214,0.0021444690503645133,0.987500198732057,0.5500000000000002,True,correct,DBLP,42,True,correct,Q4
576,conf/sigmod/IoannidisL94,True,1,dDHNsS9sisEJ,0.9170491874461187,0.001083429563819483,0.9159657578822993,0.5500000000000002,True,correct,DBLP,42,True,correct,Q3
577,conf/sigmod/Chamberlin03,True,2,PYiczYqMYLEJ,0.5949866109434055,0.45887046036610823,0.1361161505772973,0.5500000000000002,True,false_link,DBLP,42,True,correct,Q2
578,conf/vldb/RahmM95,True,2,6ioboOxJvQIJ,0.9843646699756754,0.9585336267328912,0.02583104324278418,0.5500000000000002,True,correct,DBLP,42,True,correct,Q1
579,conf/sigmod/Meseck01,True,1,hWiIngXs5I0J,0.9743959944310016,0.00046680887409471776,0.9739291855569069,0.5500000000000002,True,correct,DBLP,42,True,correct,Q4
580,conf/vldb/BhattacharjeePMLCH03,True,1,PUCW4QzlkmsJ,0.977963081380065,0.2937924004813432,0.6841706808987218,0.5500000000000002,True,correct,DBLP,42,True,correct,Q3
581,conf/sigmod/MoonWH02,True,1,rlfxeE4k2p4J,0.9862962623406852,0.0473153313599279,0.9389809309807573,0.5500000000000002,True,correct,DBLP,42,True,correct,Q3
582,journals/sigmod/Date03,True,1,y4ZZN4xhKnUJ,0.9866736095927117,0.00012018964831181363,0.9865534199443998,0.5500000000000002,True,correct,DBLP,42,True,correct,Q4
583,journals/sigmod/RossIJP00,False,0,url:http://portal.acm.org/ft_gateway.cfm%3Fid%3D290599%26type%3Dpdf%26dl%3DGUIDE%26dl%3DACM%26CFID%3D11111111%26CFTOKEN%3D2222222,0.5150559387791691,0.5150232122184627,3.272656070640867e-05,0.5500000000000002,False,unmatched_abstention,DBLP,42,False,unmatched_abstention,Q1
584,conf/vldb/GarofalakisOS97,True,3,dW_pRNemQfsJ,0.8967033624173549,0.44460787799090584,0.4520954844264491,0.5500000000000002,True,correct,DBLP,42,True,correct,Q3
585,journals/sigmod/VetterliVS00,True,3,h7RBOvmQHhEJ,0.9874076693154819,0.9678128978527205,0.01959477146276134,0.5500000000000002,True,correct,DBLP,42,True,correct,Q1
586,conf/vldb/BratsbergH01,True,1,x-oQarjjgccJ,0.9740544141285453,0.0031731568044534165,0.9708812573240919,0.5500000000000002,True,correct,DBLP,42,True,correct,Q4
587,journals/sigmod/ChengP03,True,1,6fAPR3UvX28J,0.9836469623457511,0.02779678691136053,0.9558501754343905,0.5500000000000002,True,correct,DBLP,42,True,correct,Q4
588,journals/vldb/GeorgeH00,True,2,2L-UFpDof3UJ,0.7591193933899159,0.5982631867855379,0.16085620660437794,0.5500000000000002,True,correct,DBLP,42,True,correct,Q2
589,conf/vldb/George98,True,1,xACnzf6RhVwJ,0.9740438838516278,0.013631149900386002,0.9604127339512417,0.5500000000000002,True,correct,DBLP,42,True,correct,Q4
590,conf/sigmod/HanKK97,True,3,MqdtZ_cUxDEJ,0.6704798420055019,0.6683504787635144,0.0021293632419875363,0.5500000000000002,True,correct,DBLP,42,True,correct,Q1
591,journals/sigmod/LohmanGFS01,False,0,DPf__9SuvxoJ,0.0032635164978113214,0.0008068877476380154,0.002456628750173306,0.5500000000000002,False,unmatched_abstention,DBLP,42,False,unmatched_abstention,Q1
592,conf/sigmod/FernandezMS01,True,1,JYYcPQLrBw8J,0.9478585359685524,0.0017174121815984658,0.9461411237869539,0.5500000000000002,True,correct,DBLP,42,True,correct,Q3
593,conf/vldb/Leymann03,True,1,url:http://www.vldb.org/conf/2003/papers/S32P01.pdf,0.9896446788283519,0.007337989507649198,0.9823066893207028,0.5500000000000002,True,correct,DBLP,42,True,correct,Q4
594,conf/vldb/OConnellWG01,True,1,url:http://portal.acm.org/citation.cfm%3Fid%3D645927.672185,0.9800751282959231,0.0007159885344620229,0.9793591397614612,0.5500000000000002,True,correct,DBLP,42,True,correct,Q4
595,journals/sigmod/CrestaniG02,True,1,tyZxVraNgTsJ,0.26259943459576984,0.001490875871588234,0.2611085587241816,0.5500000000000002,False,missing_match,DBLP,42,True,correct,Q2
596,conf/vldb/CareyKSSS00,True,2,fRo4fx_Q6gIJ,0.9781197272844865,0.8920870901043052,0.08603263718018128,0.5500000000000002,True,correct,DBLP,42,True,correct,Q2
597,conf/sigmod/SionAP03,True,1,_L0DhCpFaXMJ,0.7932013458678666,0.5306354835258331,0.2625658623420335,0.5500000000000002,True,correct,DBLP,42,True,correct,Q2
598,journals/sigmod/Snodgrass98,False,0,NHxHsUH9L5MJ,0.10049433098195398,0.07237146540700133,0.028122865574952652,0.5500000000000002,False,unmatched_abstention,DBLP,42,False,unmatched_abstention,Q1
599,conf/sigmod/OlstonJW03,True,2,D1h_jOHVyA4J,0.9900067674015647,0.06313504382727421,0.9268717235742905,0.5500000000000002,True,correct,DBLP,42,True,correct,Q3
600,conf/sigmod/WynblattN01,True,1,PVUtZWBcxlAJ,0.985690319004261,0.0025546663075657725,0.9831356526966952,0.5500000000000002,True,correct,DBLP,42,True,correct,Q4
601,conf/sigmod/HammerGNYBV97,True,9,t9nmZzSMVAAJ,0.9384219871603767,0.9375399573251881,0.0008820298351885913,0.5500000000000002,True,correct,DBLP,42,True,correct,Q1
602,conf/sigmod/BohannonDGKLNS03,True,1,83wqw4ciNWoJ,0.025403812767355642,0.003736156463529164,0.02166765630382648,0.5500000000000002,False,missing_match,DBLP,42,True,correct,Q1
603,conf/sigmod/KarbhariRXD02,True,2,TZsVVmiiHqEJ,0.9597772049315826,0.9486767080793108,0.011100496852271768,0.5500000000000002,True,correct,DBLP,42,True,correct,Q1
604,conf/vldb/SeidlK97,True,3,LZGFMX7pdCkJ,0.9761626283559355,0.8381112469647132,0.1380513813912223,0.5500000000000002,True,correct,DBLP,42,True,correct,Q2
605,conf/sigmod/Sheth95,True,5,JrkRUbNsLwEJ,0.5661104645302372,0.4451529066420371,0.12095755788820006,0.5500000000000002,True,correct,DBLP,42,True,correct,Q2
606,conf/vldb/OhuraTPK02,False,0,urJB0KxMkvMJ,0.0006486600954769875,0.0003290710805881958,0.00031958901488879176,0.5500000000000002,False,unmatched_abstention,DBLP,42,False,unmatched_abstention,Q1
607,journals/vldb/C95c,False,0,A5OVJrr0UUoJ,0.001002326612880395,0.00030473308185171867,0.0006975935310286764,0.5500000000000002,False,unmatched_abstention,DBLP,42,False,unmatched_abstention,Q1
608,conf/vldb/Greco98,True,1,CCr8CUlHeNsJ,0.9896446820108218,0.17739446072319393,0.8122502212876279,0.5500000000000002,True,correct,DBLP,42,True,correct,Q3
609,journals/tods/TaoPZ02,True,1,CxBJwFNdozAJ,0.984968130430494,0.0017980447971323804,0.9831700856333616,0.5500000000000002,True,correct,DBLP,42,True,correct,Q4
610,journals/tods/MayL02,True,1,ky-2yjNGtW8J,0.984968161993297,0.03678768447225774,0.9481804775210392,0.5500000000000002,True,correct,DBLP,42,True,correct,Q3
611,journals/sigmod/BusslerFM02,True,5,RaOQG4YyzM4J,0.9899458881628458,0.9624524469246275,0.027493441238218286,0.5500000000000002,True,correct,DBLP,42,True,correct,Q1
612,conf/sigmod/Lassettre98,True,1,7p2MaOtr7u8J,0.9363678212842834,0.0005529218462633748,0.9358148994380201,0.5500000000000002,True,correct,DBLP,42,True,correct,Q3
613,journals/sigmod/PaepckeGRC00,True,2,hxFRuvCtvGEJ,0.5173204556838532,0.4476723853135818,0.06964807037027143,0.5500000000000002,False,missing_match,DBLP,42,True,correct,Q2
614,journals/vldb/Sciore94,True,1,qHn6nrbVow8J,0.9849043874238546,0.01582239580284595,0.9690819916210086,0.5500000000000002,True,correct,DBLP,42,True,correct,Q4
615,conf/sigmod/ColbyGLMT96,True,4,MgphE2z3NqYJ,0.983655259241106,0.4450269452963388,0.5386283139447672,0.5500000000000002,True,correct,DBLP,42,True,correct,Q3
616,conf/sigmod/Arpaci-DusseauACHP97,True,4,6_FvrRYnxHYJ,0.9720430783510875,0.9003902208622185,0.07165285748886896,0.5500000000000002,True,correct,DBLP,42,True,correct,Q2
617,journals/vldb/YangW03,True,3,7WaQNGnv1l4J,0.984904386396012,0.9241047119478317,0.06079967444818024,0.5500000000000002,True,correct,DBLP,42,True,correct,Q2
618,journals/sigmod/CaplinskasEV02,True,5,url:http://portal.acm.org/citation.cfm%3Fid%3D507338.507367%26dl%3DGUIDE%26dl%3DACM%26idx%3DJ689%26part%3Dperiodical%26WantType%3Dperiodical%26title%3DACM%2520SIGMOD%2520Record%26CFID%3D11111111%26CFTOKEN%3D2222222,0.8510725292018434,0.801448355366589,0.049624173835254415,0.5500000000000002,True,correct,DBLP,42,True,correct,Q1
619,journals/sigmod/Seshadri98,True,3,_nIg_hi8PAAJ,0.989945903844589,0.49137707905773537,0.49856882478685366,0.5500000000000002,True,correct,DBLP,42,True,correct,Q3
620,conf/sigmod/SeshadriP97,True,3,f9POLlECN2gJ,0.9851879966817811,0.918340569973449,0.0668474267083321,0.5500000000000002,True,correct,DBLP,42,True,correct,Q2
621,journals/vldb/DeyBS96,True,1,q8IL-AZTmcgJ,0.9779644030546963,0.0795037392031941,0.8984606638515023,0.5500000000000002,True,correct,DBLP,42,True,correct,Q3
622,conf/vldb/Bowker00,True,1,fAHjV8C1hLcJ,0.977180954938636,0.002902519667915879,0.9742784352707201,0.5500000000000002,True,correct,DBLP,42,True,correct,Q4
623,conf/vldb/CarusoCGLM00,True,1,1Xo59nOfVKoJ,0.9802225245556695,0.0008586209077387606,0.9793639036479307,0.5500000000000002,True,correct,DBLP,42,True,correct,Q4
624,conf/vldb/MohanBWSZ00,True,1,zCY0pFken7wJ,0.9764881437694256,0.008457067679827816,0.9680310760895978,0.5500000000000002,True,correct,DBLP,42,True,correct,Q4
625,journals/tods/CeriFPT94,True,4,aphxPCo8qkgJ,0.9849681452154513,0.91891226752082,0.06605587769463128,0.5500000000000002,True,correct,DBLP,42,True,correct,Q2
626,conf/vldb/StolteA02,True,1,N3Bry6sSMw8J,0.9896446677824214,0.00782398010296128,0.9818206876794602,0.5500000000000002,True,correct,DBLP,42,True,correct,Q4
627,conf/sigmod/HellersteinHW97,True,5,K6752bGaG2QJ,0.8640162876595567,0.7780081933480217,0.086008094311535,0.5500000000000002,True,correct,DBLP,42,True,correct,Q2
628,conf/sigmod/IpeirotisGS01,True,1,bo7ArXlXypQJ,0.9849245244109379,0.006737385593747019,0.9781871388171909,0.5500000000000002,True,correct,DBLP,42,True,correct,Q4
629,conf/vldb/ShivakumarGC98,True,1,GHz2PmQwW2UJ,0.983736269162836,0.0014374307000880337,0.9822988384627479,0.5500000000000002,True,correct,DBLP,42,True,correct,Q4
630,journals/sigmod/KimballS95,True,3,5AiEsU9p7FIJ,0.9888729059100051,0.9415078187332383,0.047365087176766796,0.5500000000000002,True,correct,DBLP,42,True,correct,Q1
631,conf/vldb/ShaferAM96,True,6,5HHRNLsy0sAJ,0.9896446718147673,0.9597769585354821,0.02986771327928528,0.5500000000000002,True,correct,DBLP,42,True,correct,Q1
632,conf/vldb/BamfordAP99,True,1,2y9m1qzVu4EJ,0.9896446879614137,0.005271785799402477,0.9843729021620112,0.5500000000000002,True,correct,DBLP,42,True,correct,Q4
633,conf/sigmod/BabcockBDM03,True,4,a2wqpKma5J4J,0.9900067944785377,0.9475240536620853,0.042482740816452425,0.5500000000000002,True,correct,DBLP,42,True,correct,Q1
634,conf/sigmod/BohmBKK01,True,1,C4XcBh6anhAJ,0.9814205259379509,0.0012653371677714869,0.9801551887701795,0.5500000000000002,True,correct,DBLP,42,True,correct,Q4
635,conf/vldb/FlorescuKLP97,True,1,-Zb4WBd1aNUJ,0.979182245176913,0.021434790516845298,0.9577474546600677,0.5500000000000002,True,correct,DBLP,42,True,correct,Q4
636,conf/vldb/HristidisGP03,True,1,B2rShDD99xwJ,0.9121699685429755,0.016489282880451303,0.8956806856625242,0.5500000000000002,True,correct,DBLP,42,True,correct,Q3
637,conf/sigmod/CranorJSS03,True,4,nHesT9ADTdEJ,0.976331407321221,0.9612180355083415,0.015113371812879528,0.5500000000000002,True,correct,DBLP,42,True,correct,Q1
638,journals/sigmod/LenzVJS03,True,1,url:http://portal.acm.org/ft_gateway.cfm%3Fid%3D959083%26type%3Dpdf,0.2062304391034793,0.05001221351556123,0.15621822558791806,0.5500000000000002,False,missing_match,DBLP,42,True,correct,Q2
639,conf/sigmod/RoussopoulosKS99,False,0,Mg0A5yz-_wYJ,0.0502316913323928,0.011019237889943188,0.03921245344244961,0.5500000000000002,False,unmatched_abstention,DBLP,42,False,unmatched_abstention,Q1
640,conf/vldb/TianD03,True,1,l7glyH7ltuQJ,0.9827449063566618,0.0011186827784958567,0.981626223578166,0.5500000000000002,True,correct,DBLP,42,True,correct,Q4
641,conf/vldb/GinisHKMT97,True,1,GBVvAWWCTcgJ,0.9805239153559692,0.015049784949111885,0.9654741304068573,0.5500000000000002,True,correct,DBLP,42,True,correct,Q4
642,conf/sigmod/Krishnamurthy03,False,0,kHi1YOTBmlkJ,0.07549747680250014,0.0449112749493167,0.03058620185318344,0.5500000000000002,False,unmatched_abstention,DBLP,42,False,unmatched_abstention,Q1
643,conf/sigmod/ChakrabartiM99,True,1,Jg81WYtxtZoJ,0.9900067894178771,0.011867241135718331,0.9781395482821588,0.5500000000000002,True,correct,DBLP,42,True,correct,Q4
644,journals/tods/ChrysanthisR94,True,1,q2yP1EWKhTcJ,0.9829194080962302,0.15429532569737744,0.8286240823988528,0.5500000000000002,True,correct,DBLP,42,True,correct,Q3
645,journals/tods/SalemGS94,True,1,7IBL1cudvR0J,0.9849681689053865,0.10596108604551531,0.8790070828598712,0.5500000000000002,True,correct,DBLP,42,True,correct,Q3
646,conf/vldb/KoudasIM00,True,2,VSR4PwHmGWsJ,0.9836351913603006,0.5110889495708126,0.472546241789488,0.5500000000000002,True,correct,DBLP,42,True,correct,Q3
647,journals/tods/CasatiCPP99,True,6,6F_cUJERo6sJ,0.98496813698047,0.940612383702785,0.04435575327768504,0.5500000000000002,True,correct,DBLP,42,True,correct,Q1
648,conf/vldb/UrhanF01,True,1,0-FUXURm1FQJ,0.9789621463531347,0.0006296662847786323,0.978332480068356,0.5500000000000002,True,correct,DBLP,42,True,correct,Q4
649,conf/sigmod/AnnamalaiCD00,True,1,0Igfv6jL3jwJ,0.9819400478494286,0.002781215654578645,0.9791588321948499,0.5500000000000002,True,correct,DBLP,42,True,correct,Q4
650,journals/vldb/DeWittNSV96,True,1,WTuHfc-D3TwJ,0.9125016869976839,0.003354238161083109,0.9091474488366007,0.5500000000000002,True,correct,DBLP,42,True,correct,Q3
651,conf/sigmod/LazaridisM01,True,1,IvMJ4bK708kJ,0.9900067751980447,0.000953189171641818,0.9890535860264029,0.5500000000000002,True,correct,DBLP,42,True,correct,Q4
652,journals/vldb/BeckerGOSW96,True,2,BNQ07kOYONgJ,0.9833474923833249,0.8803364630071907,0.10301102937613416,0.5500000000000002,True,correct,DBLP,42,True,correct,Q2
653,conf/vldb/Bernstein94,True,1,TqLyg1wbo5UJ,0.97039957354886,0.0031697191892597356,0.9672298543596002,0.5500000000000002,True,correct,DBLP,42,True,correct,Q4
654,conf/vldb/ShatdalKN94,True,1,27-P8X0mjfcJ,0.9829033949940127,0.0016016843601414893,0.9813017106338712,0.5500000000000002,True,correct,DBLP,42,True,correct,Q4
655,conf/sigmod/AggarwalWY99,True,2,s9hhR-EdDGgJ,0.9802425162351545,0.49183828818456354,0.4884042280505909,0.5500000000000002,True,correct,DBLP,42,True,correct,Q3
656,conf/vldb/BargaP95,True,9,Rp6i1uA3RYQJ,0.9850618407498893,0.9642480948133592,0.02081374593653018,0.5500000000000002,True,correct,DBLP,42,True,correct,Q1
657,conf/vldb/Sheth96,True,1,xoD5vxZQJ8AJ,0.9837362796267907,0.0010649014637192295,0.9826713781630715,0.5500000000000002,True,correct,DBLP,42,True,correct,Q4
658,conf/vldb/RaghavanG03,True,1,ma-ZRYj0pXIJ,0.983736268448085,0.006191453293988864,0.9775448151540962,0.5500000000000002,True,correct,DBLP,42,True,correct,Q4
659,journals/sigmod/Segev94b,False,0,C84rFQN_ug0J,0.05506966934403867,0.05219941171713235,0.0028702576269063196,0.5500000000000002,False,unmatched_abstention,DBLP,42,False,unmatched_abstention,Q1
660,conf/vldb/AmielBDS94,True,2,hBak02oe1GMJ,0.9813275703512531,0.9589065770599912,0.022420993291261904,0.5500000000000002,True,correct,DBLP,42,True,correct,Q1
661,conf/sigmod/ChaudhuriKN03,True,1,ES6QyfgebIcJ,0.9894695603613229,0.0016818614539974837,0.9877876989073254,0.5500000000000002,True,correct,DBLP,42,True,correct,Q4
662,conf/vldb/Mohan96,True,1,wYwNJy4GsEYJ,0.9837362695541502,0.007046384117403603,0.9766898854367466,0.5500000000000002,True,correct,DBLP,42,True,correct,Q4
663,conf/sigmod/PalmerF00,True,2,cnNLe97Pd2sJ,0.9593882436801956,0.7812325737003993,0.17815566997979626,0.5500000000000002,True,correct,DBLP,42,True,correct,Q2
664,conf/sigmod/RajagopalanML98,True,7,wO6VeeLIXAsJ,0.9881732306108322,0.9704190623921924,0.017754168218639732,0.5500000000000002,True,correct,DBLP,42,True,correct,Q1
665,conf/sigmod/SunAA03,True,1,wR6CGftUyH0J,0.9841118938719949,0.04393177973186105,0.9401801141401339,0.5500000000000002,True,correct,DBLP,42,True,correct,Q3
666,conf/sigmod/GodfreyGXZ01,True,1,LNnvt5TpBhkJ,0.9900067751980447,0.004034096021878767,0.9859726791761659,0.5500000000000002,True,correct,DBLP,42,True,correct,Q4
667,journals/sigmod/PuSW01,True,1,nkW4iN6JqfAJ,0.9899458953182636,0.06086601488627511,0.9290798804319885,0.5500000000000002,True,correct,DBLP,42,True,correct,Q3
668,conf/sigmod/ColbyKLMR97,True,3,0FohHTWs5toJ,0.9750677012386606,0.40453891804643,0.5705287831922305,0.5500000000000002,True,correct,DBLP,42,True,correct,Q3
669,journals/vldb/OoiTCH98,True,1,xv1webZ985MJ,0.969721493275468,0.5282148232165473,0.44150667005892064,0.5500000000000002,True,correct,DBLP,42,True,correct,Q3
670,conf/vldb/ArunJ98,True,1,1dqeMksCm74J,0.9837363195787571,0.0005428236803325017,0.9831934958984245,0.5500000000000002,True,correct,DBLP,42,True,correct,Q4
671,journals/sigmod/BabuW01,True,4,KJ26gUP0PyIJ,0.9899458895389995,0.9744885567103165,0.015457332828683001,0.5500000000000002,True,correct,DBLP,42,True,correct,Q1
672,journals/sigmod/Danish98,True,2,mKZyoPZArGcJ,0.9899458939421105,0.4614979435592125,0.528447950382898,0.5500000000000002,True,correct,DBLP,42,True,correct,Q3
673,conf/sigmod/NybergBCGL94,True,2,kd-0q-M1O2gJ,0.985970076778509,0.8862641142956836,0.09970596248282537,0.5500000000000002,True,correct,DBLP,42,True,correct,Q2
674,conf/vldb/GarofalakisI97,True,3,-cCndG3a8ukJ,0.975276778863754,0.8888396157823484,0.08643716308140559,0.5500000000000002,True,correct,DBLP,42,True,correct,Q2
675,journals/sigmod/NobleS95,True,3,rRvcD6HKhasJ,0.9877218431541142,0.9749359146739457,0.012785928480168463,0.5500000000000002,True,correct,DBLP,42,True,correct,Q1
676,conf/vldb/LinR98,True,1,9qhYcGzQxC4J,0.9837363036608139,0.0010191977585767124,0.9827171059022372,0.5500000000000002,True,correct,DBLP,42,True,correct,Q4
677,conf/vldb/IyerW94,True,1,5smJVUm1KAYJ,0.9847191096655447,0.041561310183530945,0.9431577994820137,0.5500000000000002,True,correct,DBLP,42,True,correct,Q3
678,conf/vldb/RizviH02,True,4,3ku_XOqYuawJ,0.9844332654520808,0.904515657712976,0.07991760773910472,0.5500000000000002,True,correct,DBLP,42,True,correct,Q2
679,conf/vldb/GrustKT03,True,2,25xRkmL_4BsJ,0.9788088431713333,0.5445958452474234,0.4342129979239099,0.5500000000000002,True,correct,DBLP,42,True,correct,Q3
680,conf/sigmod/Pirahesh94,True,1,VG96hL8afvgJ,0.9644713020307667,0.004510676203475492,0.9599606258272912,0.5500000000000002,True,correct,DBLP,42,True,correct,Q4
681,conf/vldb/KnorrN98,True,6,gQVLY8V1hekJ,0.9758345975594006,0.9251131013012873,0.050721496258113286,0.5500000000000002,True,correct,DBLP,42,True,correct,Q1
682,conf/vldb/DeutschPT99,True,1,0aJOXauNqYIJ,0.9834140303980161,0.14258272359266377,0.8408313068053523,0.5500000000000002,True,correct,DBLP,42,True,correct,Q3
683,journals/tods/Kim94,True,1,url:http://portal.acm.org/citation.cfm%3Fid%3D202106.569784%26coll%3Dportal%26dl%3DACM%26idx%3DJ777%26part%3Dtransaction%26WantType%3Dtransaction%26title%3DACM%2520Transactions%2520on%2520Database%2520Systems%2520(TODS)%26CFID%3D11111111%26CFTOKEN%3D2222222,0.9162600189981233,0.0005749813142461695,0.9156850376838771,0.5500000000000002,True,correct,DBLP,42,False,missing_match,Q3
684,conf/sigmod/Sahuguet01,True,2,xb63RaGQYmYJ,0.9524940888568764,0.8226581242073305,0.12983596464954583,0.5500000000000002,True,correct,DBLP,42,True,correct,Q2
685,conf/sigmod/Aggarwal02,True,1,tK1_3wGUIHsJ,0.9663642718897428,0.03316314160283336,0.9332011302869094,0.5500000000000002,True,correct,DBLP,42,True,correct,Q3
686,conf/sigmod/CareyFZ94,True,5,EN1nFWJxnoIJ,0.9817789152592986,0.938187095889977,0.04359181936932166,0.5500000000000002,True,correct,DBLP,42,True,correct,Q1
687,conf/vldb/ChristopheBPV00,True,5,8DRB_dYz2CgJ,0.9896446658641663,0.9646308414524815,0.02501382441168487,0.5500000000000002,True,correct,DBLP,42,True,correct,Q1
688,journals/tods/Wijsen99,True,2,_D3JPE9NgNgJ,0.9849681599461635,0.8647996190036971,0.12016854094246643,0.5500000000000002,True,correct,DBLP,42,True,correct,Q2
689,conf/sigmod/HanPY00,True,13,rLJSEgt6UbMJ,0.9533612272222117,0.9530328047362375,0.0003284224859742002,0.5500000000000002,True,correct,DBLP,42,True,correct,Q1
690,journals/sigmod/Ozsu02b,False,0,NHxHsUH9L5MJ,0.09343467646422166,0.06713995895479502,0.026294717509426635,0.5500000000000002,False,unmatched_abstention,DBLP,42,False,unmatched_abstention,Q1
691,conf/sigmod/Team95,False,0,Gw13PXoFi7UJ,0.00152223221486976,0.0015205699449655928,1.6622699041673062e-06,0.5500000000000002,False,unmatched_abstention,DBLP,42,False,unmatched_abstention,Q1
692,journals/vldb/AtkinsonM95,True,5,N5Got4HigPgJ,0.9849043981125487,0.8975765539045896,0.08732784420795914,0.5500000000000002,True,correct,DBLP,42,True,correct,Q2
693,journals/sigmod/HuangKL02,True,2,yyUMt1X2WXcJ,0.9825586220464033,0.5239043536883475,0.4586542683580558,0.5500000000000002,True,correct,DBLP,42,True,correct,Q3
694,journals/tods/CliffordC94,True,4,OY6BjHhbz2cJ,0.984400308211215,0.9316589084003641,0.05274139981085091,0.5500000000000002,True,correct,DBLP,42,True,correct,Q2
695,journals/sigmod/BonifatiC00,True,4,XCdMiXLp41IJ,0.9899458939421105,0.950625799106289,0.03932009483582155,0.5500000000000002,True,correct,DBLP,42,True,correct,Q1
696,journals/vldb/Li03,True,3,HlXyqUIDobMJ,0.984904386396012,0.9518667725533972,0.03303761384261472,0.5500000000000002,True,correct,DBLP,42,True,correct,Q1
697,conf/vldb/IpeirotisG02,True,2,3CSFFlEVviMJ,0.9830635340416058,0.9654798872421113,0.017583646799494534,0.5500000000000002,True,correct,DBLP,42,True,correct,Q1
698,conf/vldb/YuAA03,True,1,4bvjebYsdRkJ,0.9821989175021808,0.0006193553863504345,0.9815795621158304,0.5500000000000002,True,correct,DBLP,42,True,correct,Q4
699,journals/vldb/FengYLH02,True,1,Uxh3R2hfBOAJ,0.9835676710936364,0.0052942448348884215,0.978273426258748,0.5500000000000002,True,correct,DBLP,42,True,correct,Q4
700,conf/sigmod/ONeilQ97,True,11,cyNtXv744CQJ,0.9329970801269001,0.8999204436957701,0.03307663643113001,0.5500000000000002,True,correct,DBLP,42,True,correct,Q1
701,conf/sigmod/Levine95,True,1,url:http://portal.acm.org/ft_gateway.cfm%3Fid%3D223878%26type%3Dpdf%26dl%3DGUIDE%26dl%3DACM%26CFID%3D11111111%26CFTOKEN%3D2222222,0.9556976644799415,0.00022177890740445307,0.955475885572537,0.5500000000000002,True,correct,DBLP,42,True,correct,Q4
702,conf/vldb/AnciauxBBPV01,True,2,PFEvlg2DiMkJ,0.9788896414218685,0.8053413561004384,0.17354828532143007,0.5500000000000002,True,correct,DBLP,42,True,correct,Q2
703,journals/sigmod/MillerHHYHFP01,True,4,q_MyUzye5SoJ,0.9491497999531932,0.8947706886595287,0.05437911129366446,0.5500000000000002,True,correct,DBLP,42,True,correct,Q2
704,conf/sigmod/HouZ95,True,1,AeRUCf7iBqYJ,0.9861678390156287,0.0019660914954585914,0.9842017475201701,0.5500000000000002,True,correct,DBLP,42,True,correct,Q4
705,conf/sigmod/SzalayGTKMRSv02,True,4,1tKWKmyczaYJ,0.9852576599139716,0.9085875080930499,0.07667015182092174,0.5500000000000002,True,correct,DBLP,42,True,correct,Q2
706,conf/vldb/SrinivasanDFCJYKTDB00,True,1,RmyORCW6qn8J,0.9771227042918151,0.005970430936546028,0.9711522733552691,0.5500000000000002,True,correct,DBLP,42,True,correct,Q4
707,conf/vldb/HankinsP03,True,1,NsxXW_CvQpkJ,0.9776761204255846,0.0023012340759356797,0.975374886349649,0.5500000000000002,True,correct,DBLP,42,True,correct,Q4
708,conf/sigmod/Ramakrishnan00,True,1,aHpKrjJEJk4J,0.9035949977838902,0.0005533534467211232,0.903041644337169,0.5500000000000002,True,correct,DBLP,42,True,correct,Q3
709,conf/vldb/SchaeferBBJ00,True,1,url:http://portal.acm.org/citation.cfm%3Fid%3D645926.671845,0.9798277787589934,0.291286957925095,0.6885408208338983,0.5500000000000002,True,correct,DBLP,42,True,correct,Q3
710,journals/sigmod/Cardelli01,True,1,UYAoi4DYOXUJ,0.9899458953182636,0.019027465162287968,0.9709184301559757,0.5500000000000002,True,correct,DBLP,42,True,correct,Q4
711,journals/sigmod/BarbaraBFLS94,True,4,url:http://portal.acm.org/citation.cfm%3Fid%3D187455,0.9813330420454245,0.931809903651667,0.04952313839375744,0.5500000000000002,True,correct,DBLP,42,True,correct,Q1
712,conf/vldb/Padmanabhan96,True,1,1IjlMvLBFC0J,0.9837362695541502,0.03860933790439516,0.945126931649755,0.5500000000000002,True,correct,DBLP,42,True,correct,Q3
713,conf/vldb/CatozziR95,True,1,8ftKLh07LM0J,0.9837362977568834,0.09111743554305159,0.8926188622138318,0.5500000000000002,True,correct,DBLP,42,True,correct,Q3
714,conf/sigmod/2003,False,0,GbKwENZEG40J,0.006649622882314819,0.0003068557340555865,0.006342767148259233,0.5500000000000002,False,unmatched_abstention,DBLP,42,False,unmatched_abstention,Q1
715,journals/sigmod/RosenthalHRS97,True,1,url:http://portal.acm.org/ft_gateway.cfm%3Fid%3D248612%26type%3Dpdf%26dl%3DGUIDE%26dl%3DACM%26CFID%3D11111111%26CFTOKEN%3D2222222,0.944327011007619,0.12680878199732043,0.8175182290102985,0.5500000000000002,True,correct,DBLP,42,True,correct,Q3
716,conf/sigmod/VanceM96,True,4,CMMaMlYwgPkJ,0.9900067836732629,0.9787887113582892,0.011218072314973737,0.5500000000000002,True,correct,DBLP,42,True,correct,Q1
717,conf/vldb/HammelP02,True,1,SU2XS1MVb40J,0.9885411255939447,0.006355704069636905,0.9821854215243078,0.5500000000000002,True,correct,DBLP,42,True,correct,Q4
718,conf/vldb/GarofalakisIO98,True,2,ReV4xpbiC6EJ,0.9561279280608573,0.4521300196739846,0.5039979083868728,0.5500000000000002,True,correct,DBLP,42,True,correct,Q3
719,conf/sigmod/GuptaLM03,True,1,iCg06Oc9DV8J,0.9774905968029488,0.0034496996262348505,0.9740408971767139,0.5500000000000002,True,correct,DBLP,42,True,correct,Q4
720,conf/vldb/Leymann01,True,1,eRh9hA637AMJ,0.5762360245178426,0.006410266091720245,0.5698257584261224,0.5500000000000002,True,correct,DBLP,42,True,correct,Q3
721,journals/tods/GhandeharizadehHJ96,True,3,axMI0TqrxxQJ,0.9634849429897236,0.9498144301279522,0.013670512861771456,0.5500000000000002,True,correct,DBLP,42,True,correct,Q1
722,conf/sigmod/GuptaS03,True,3,6ditJPVnXAQJ,0.9852994437739848,0.8275742740588066,0.15772516971517825,0.5500000000000002,True,correct,DBLP,42,True,correct,Q2
723,conf/sigmod/RundensteinerKZWLLN99,True,1,2XRfNjwuDrsJ,0.9774898719361323,0.14710929966577022,0.8303805722703621,0.5500000000000002,True,correct,DBLP,42,True,correct,Q3
724,journals/tods/LiC01,True,1,_gwfttQaTEkJ,0.9849681472625866,0.015587390434379542,0.9693807568282071,0.5500000000000002,True,correct,DBLP,42,True,correct,Q4
725,conf/vldb/OzsuVU98,True,2,WAivXgeI8vIJ,0.9632527884784776,0.43115860704788384,0.5320941814305937,0.5500000000000002,True,correct,DBLP,42,True,correct,Q3
726,conf/sigmod/BorkarDS01,True,3,8zFEVer1rBUJ,0.9769919979241778,0.8504551295832723,0.1265368683409055,0.5500000000000002,True,correct,DBLP,42,True,correct,Q2
727,conf/sigmod/LeeKC99,True,1,c-5n9qQKLaEJ,0.9819595070861892,0.019914931954193468,0.9620445751319957,0.5500000000000002,True,correct,DBLP,42,True,correct,Q4
728,journals/tods/ShashaLSV95,True,1,0aVKzjogLlAJ,0.9849681390276064,0.011940601049551676,0.9730275379780547,0.5500000000000002,True,correct,DBLP,42,True,correct,Q4
729,conf/sigmod/RundensteinerCCSO00,True,1,url:http://portal.acm.org/ft_gateway.cfm%3Fid%3D335496%26type%3Dpdf%26dl%3DGUIDE%26dl%3DACM%26CFID%3D11111111%26CFTOKEN%3D2222222,0.9457339592142804,0.26732720892822115,0.6784067502860592,0.5500000000000002,True,correct,DBLP,42,True,correct,Q3
730,journals/sigmod/PourabbasR00,True,2,3y6y5AXu-j0J,0.989945903844589,0.6131221132253896,0.37682379061919946,0.5500000000000002,True,correct,DBLP,42,True,correct,Q2
731,conf/sigmod/LiC95,True,1,yJPi5nBJmVYJ,0.9829490533930433,0.05745353185678647,0.9254955215362568,0.5500000000000002,True,correct,DBLP,42,True,correct,Q3
732,conf/vldb/BohannonFHRRS02,True,1,zYfyg0fCzEsJ,0.9774708826914896,0.0009591426257220124,0.9765117400657676,0.5500000000000002,True,correct,DBLP,42,True,correct,Q4
733,conf/vldb/ChakrabartiM00,True,2,7P1LlDStRGYJ,0.9896446658641663,0.9186189350203438,0.07102573084382258,0.5500000000000002,True,correct,DBLP,42,True,correct,Q2
734,conf/vldb/GilbertKMS01,True,2,9rDLhwM_4mYJ,0.9852666137677534,0.9328881897487313,0.05237842401902204,0.5500000000000002,True,correct,DBLP,42,True,correct,Q1
735,journals/sigmod/RoantreeMH99,True,3,JJK6WGPyubgJ,0.988872887590354,0.9121116556657327,0.07676123192462125,0.5500000000000002,True,correct,DBLP,42,True,correct,Q2
736,journals/sigmod/Snodgrass03,True,1,m-l6e98xxOsJ,0.9829654620901735,0.03595700277578674,0.9470084593143868,0.5500000000000002,True,correct,DBLP,42,True,correct,Q3
737,conf/sigmod/GoyalHKMSZ97,True,2,OcGPxRYxbsUJ,0.9453957582422806,0.30075049618789557,0.644645262054385,0.5500000000000002,True,correct,DBLP,42,True,correct,Q3
738,conf/sigmod/Vaskevitch94,True,1,cr7xWKidCnYJ,0.9900067680855172,0.0004608134402515357,0.9895459546452657,0.5500000000000002,True,correct,DBLP,42,True,correct,Q4
739,journals/sigmod/ChenHKPW94,True,1,HTvxhMKB69AJ,0.9376140073754057,0.02711891876969332,0.9104950886057124,0.5500000000000002,True,correct,DBLP,42,False,missing_match,Q3
740,conf/vldb/JonscherD94,True,3,1R21hO7j9sQJ,0.9885743710658336,0.8478455322801635,0.1407288387856701,0.5500000000000002,True,correct,DBLP,42,True,correct,Q2
741,conf/vldb/KornSFSP96,True,8,QjbxSG6_-WIJ,0.9849113200835523,0.9215662401715974,0.06334507991195493,0.5500000000000002,True,correct,DBLP,42,True,correct,Q2
742,conf/sigmod/AshleyFHLNP95,True,5,FnnILIjz08EJ,0.9683148354505718,0.7640467322099882,0.20426810324058364,0.5500000000000002,True,correct,DBLP,42,True,correct,Q2
743,journals/sigmod/Darwen96,True,1,url:http://portal.acm.org/citation.cfm%3Fid%3D245882.245886%26dl%3DGUIDE%26dl%3DACM%26idx%3DJ689%26part%3Dperiodical%26WantType%3Dperiodical%26title%3DACM%2520SIGMOD%2520Record%26CFID%3D11111111%26CFTOKEN%3D2222222,0.9888728843957975,0.2976571808717887,0.6912157035240087,0.5500000000000002,True,correct,DBLP,42,True,correct,Q3
744,conf/sigmod/Hidber99,True,2,Rn-E82gM1RQJ,0.9612654804923495,0.8198313705779192,0.14143410991443028,0.5500000000000002,True,correct,DBLP,42,True,correct,Q2
745,conf/vldb/SellisRF97,True,2,moT0ba0vRKcJ,0.9811308033156065,0.9555772523916308,0.02555355092397571,0.5500000000000002,True,correct,DBLP,42,True,correct,Q1
746,journals/sigmod/Cingil02,True,1,2K6rhX16hXwJ,0.9899458874773882,0.00031846097433950584,0.9896274265030487,0.5500000000000002,True,correct,DBLP,42,True,correct,Q4
747,conf/vldb/RastogiS98,True,5,yztQfwBZU6EJ,0.9728230342994362,0.9670049850810873,0.005818049218348831,0.5500000000000002,True,correct,DBLP,42,True,correct,Q1
748,journals/sigmod/EnglertGH95,True,2,JRXuKm3E_foJ,0.9899458895389995,0.9697119227932145,0.020233966745785037,0.5500000000000002,True,correct,DBLP,42,True,correct,Q1
749,journals/tods/Revesz98,True,1,dr8s9hbwjR0J,0.9819618978628284,0.013100345034861656,0.9688615528279667,0.5500000000000002,True,correct,DBLP,42,True,correct,Q4
750,conf/vldb/Amer-YahiaFSX03,True,1,fcB_7jx0pOMJ,0.9837362638030769,0.3591424845284297,0.6245937792746472,0.5500000000000002,True,correct,DBLP,42,True,correct,Q3
751,conf/sigmod/HanFWCZK96,True,1,v9BdA55u_XMJ,0.9593590663031937,0.0035105183250638545,0.9558485479781298,0.5500000000000002,True,correct,DBLP,42,True,correct,Q4
752,conf/vldb/HageJPST03,True,3,xDDdtO9n_pwJ,0.9799205364959512,0.9576465780049983,0.022273958490952928,0.5500000000000002,True,correct,DBLP,42,True,correct,Q1
753,journals/sigmod/Aberer03a,True,2,url:http://portal.acm.org/ft_gateway.cfm%3Fid%3D641004%26type%3Dpdf%26dl%3DGUIDE%26dl%3DACM%26CFID%3D11111111%26CFTOKEN%3D2222222,0.6416690068210179,0.6394953549689999,0.0021736518520180104,0.5500000000000002,True,correct,DBLP,42,True,correct,Q1
754,conf/vldb/CatozziR01,True,2,x_mqIy3GCmAJ,0.9837362977568834,0.33215243916597176,0.6515838585909117,0.5500000000000002,True,correct,DBLP,42,True,correct,Q3
755,journals/sigmod/Critchlow01,True,1,wuQbvQAcACsJ,0.5554408990270621,0.0002256427666112881,0.5552152562604508,0.5500000000000002,True,correct,DBLP,42,True,correct,Q3
756,journals/sigmod/X94a,False,0,url:http://ieeexplore.ieee.org/iel5/2/4048/x0715521.pdf,0.04996643740309651,0.0017735834024885171,0.04819285400060799,0.5500000000000002,False,unmatched_abstention,DBLP,42,False,unmatched_abstention,Q1
757,conf/vldb/RossS97,True,4,-rTWS2erFQcJ,0.9775897052606902,0.8608466839898827,0.11674302127080749,0.5500000000000002,True,correct,DBLP,42,True,correct,Q2
758,conf/vldb/ManegoldBK00,True,3,JgdpgBpMDr4J,0.9618573369443792,0.0806486652533141,0.8812086716910652,0.5500000000000002,True,correct,DBLP,42,True,correct,Q3
759,journals/sigmod/WestmannKHM00,True,5,9jyzas_rFd4J,0.9899458939421105,0.9089296057382412,0.0810162882038693,0.5500000000000002,True,correct,DBLP,42,True,correct,Q2
760,conf/sigmod/SlivinskasJS01,True,1,oAVbM_vepr8J,0.9877053641757184,0.0010987595031817943,0.9866066046725366,0.5500000000000002,True,correct,DBLP,42,True,correct,Q4
761,conf/vldb/ChengGKLLQS99,True,3,p4Q8x9UmngkJ,0.9872064807718353,0.9166371654138108,0.07056931535802446,0.5500000000000002,True,correct,DBLP,42,True,correct,Q2
762,journals/sigmod/Ahlberg96,True,1,4bBje8qkHVgJ,0.989945903844589,0.009291319693303069,0.9806545841512859,0.5500000000000002,True,correct,DBLP,42,True,correct,Q4
763,conf/vldb/AgrawalPWZ95,True,7,x_ykbVlfyP8J,0.9724640710699974,0.840191843448892,0.13227222762110546,0.5500000000000002,True,correct,DBLP,42,True,correct,Q2
764,journals/sigmod/SnodgrassAABCDEGJKKKLLRSSS94a,True,2,12xRfc32PXoJ,0.900061716157418,0.6710274906855193,0.22903422547189878,0.5500000000000002,True,correct,DBLP,42,True,correct,Q2
765,conf/sigmod/BabyCY01,True,1,rNoNn5hWsroJ,0.9409705529515028,0.007005332342342491,0.9339652206091603,0.5500000000000002,True,correct,DBLP,42,True,correct,Q3
766,conf/vldb/PedersenJD00,True,1,bSRLP5_ErFMJ,0.9720677867906511,0.433232862491451,0.5388349242992001,0.5500000000000002,True,correct,DBLP,42,True,correct,Q3
767,conf/vldb/RamasamyPNK00,True,1,wR0R0jS5J6oJ,0.9806557929961808,0.0020343271977495093,0.9786214657984312,0.5500000000000002,True,correct,DBLP,42,True,correct,Q4
768,conf/sigmod/DasuJMS02,True,3,POt1WbTBB4cJ,0.984517485208478,0.9435814971146258,0.04093598809385224,0.5500000000000002,True,correct,DBLP,42,True,correct,Q1
769,conf/sigmod/OConnellISWABCCLPWW96,True,6,O-TrhFwhKM8J,0.9513452688179511,0.7018497976301429,0.24949547118780824,0.5500000000000002,True,correct,DBLP,42,True,correct,Q2
770,journals/sigmod/ShinM94,True,1,hnpTcGMYR80J,0.9820743902361198,0.0989594209025704,0.8831149693335494,0.5500000000000002,True,correct,DBLP,42,True,correct,Q3
771,conf/vldb/IwerksSS03,True,1,4B_LhCns0WoJ,0.9797284832685572,0.031643958583299256,0.948084524685258,0.5500000000000002,True,correct,DBLP,42,True,correct,Q3
772,journals/sigmod/Snodgrass98a,True,1,url:http://portal.acm.org/ft_gateway.cfm%3Fid%3D290599%26type%3Dpdf%26dl%3DGUIDE%26dl%3DACM%26CFID%3D11111111%26CFTOKEN%3D2222222,0.6144689959507659,0.612873060933383,0.0015959350173828657,0.5500000000000002,True,false_link,DBLP,42,True,false_link,Q1
773,journals/tods/Lerner00,True,2,ETqxTcvf7K4J,0.976654918875434,0.46716464283036585,0.5094902760450681,0.5500000000000002,True,correct,DBLP,42,True,correct,Q3
774,journals/sigmod/Snodgrass01a,False,0,hvdME1Egw6AJ,0.01848726152176289,0.0002657595576333156,0.018221501964129576,0.5500000000000002,False,unmatched_abstention,DBLP,42,False,unmatched_abstention,Q1
775,journals/vldb/C95b,True,1,url:http://www.springerlink.com/index/J267M1G774146066.pdf,0.22935522793837365,0.003529343445853881,0.22582588449251978,0.5500000000000002,False,missing_match,DBLP,42,True,correct,Q2
776,conf/sigmod/OriaOILY00,True,2,xdUDA920uhMJ,0.9674211172962504,0.7239630258292481,0.24345809146700226,0.5500000000000002,True,correct,DBLP,42,True,correct,Q2
777,conf/sigmod/GarofalakisRRS99,True,1,z7J4u1sJ52cJ,0.9760778146575358,0.001793031117441894,0.974284783540094,0.5500000000000002,True,correct,DBLP,42,True,correct,Q4
778,conf/sigmod/EmbleyJN99,True,3,x8uC_9_IzUEJ,0.9505148915858508,0.9113592711672535,0.039155620418597326,0.5500000000000002,True,correct,DBLP,42,True,correct,Q1
779,conf/sigmod/GoyalHKMS96,True,1,uUcmU_hKF2kJ,0.8601499650143952,0.003508001114615414,0.8566419638997798,0.5500000000000002,True,correct,DBLP,42,True,correct,Q3
780,journals/vldb/TanGO00,True,1,url:http://www.springerlink.com/index/4N8LT3XHXGCR8DLW.pdf,0.9766971629456278,0.024423416904444214,0.9522737460411836,0.5500000000000002,True,correct,DBLP,42,True,correct,Q4
781,conf/vldb/Raghavan96,True,1,zuVOWDbv0lsJ,0.9536501109934372,0.0013111251577303008,0.9523389858357069,0.5500000000000002,True,correct,DBLP,42,True,correct,Q4
782,journals/tods/GibbonsMP02,True,1,QKnjF3UgncMJ,0.9836274006467998,0.04196259022028376,0.941664810426516,0.5500000000000002,True,correct,DBLP,42,True,correct,Q3
783,journals/sigmod/EisenbergM99a,True,2,e3s4OFTeBqwJ,0.9774910345821344,0.5638490630297912,0.41364197155234317,0.5500000000000002,True,correct,DBLP,42,True,correct,Q2
784,journals/tods/MelnikG03,True,2,y2dZ5cRja_IJ,0.9849681359569018,0.9279228579972916,0.05704527795961023,0.5500000000000002,True,correct,DBLP,42,True,correct,Q2
785,conf/vldb/LakshmananNWZJ02,True,1,qfw7Pu1wVcIJ,0.5508891937420741,0.005914047904621027,0.5449751458374531,0.5500000000000002,True,correct,DBLP,42,True,correct,Q3
786,journals/sigmod/AilamakiG03,True,1,url:http://portal.acm.org/ft_gateway.cfm%3Fid%3D777004%26type%3Dpdf%26dl%3DGUIDE%26dl%3DACM%26CFID%3D11111111%26CFTOKEN%3D2222222,0.9899458881628458,0.0005078110887108204,0.989438077074135,0.5500000000000002,True,correct,DBLP,42,True,correct,Q4
787,conf/vldb/KoudasS03,True,2,F0VufxHFRP8J,0.5049227607867341,0.2052050929773821,0.29971766780935205,0.5500000000000002,False,missing_match,DBLP,42,True,correct,Q2
788,conf/sigmod/JagadishJOT01,True,1,OM7n6h8R8CoJ,0.9477891160937946,0.003254827050733638,0.9445342890430609,0.5500000000000002,True,correct,DBLP,42,True,correct,Q3
789,conf/sigmod/SagonasSW94a,True,6,nDGblldnEGAJ,0.9838254658949172,0.6776782903498072,0.30614717554510995,0.5500000000000002,True,correct,DBLP,42,True,correct,Q2
790,conf/sigmod/AdaliSS99,True,4,c2dH5RxNj6kJ,0.9724020944541756,0.9654310820699438,0.006971012384231812,0.5500000000000002,True,correct,DBLP,42,True,correct,Q1
791,journals/sigmod/Bernstein01,False,0,YZeyai8rMSwJ,0.0006401150675980581,0.000528049398639507,0.00011206566895855116,0.5500000000000002,False,unmatched_abstention,DBLP,42,False,unmatched_abstention,Q1
792,conf/sigmod/JonkerS95,True,1,Rg4UOUTwgAcJ,0.9786910057004743,0.0020675719459318223,0.9766234337545425,0.5500000000000002,True,correct,DBLP,42,True,correct,Q4
793,conf/sigmod/DogacHKOONDMAKE96,True,7,UAO4T_2ylPkJ,0.9679321457588108,0.8664508409027819,0.10148130485602891,0.5500000000000002,True,correct,DBLP,42,True,correct,Q2
794,conf/vldb/CareyKRLABFLOPQRSSUVWY01,True,1,_pAcjtd1nbEJ,0.9597988715901283,0.006284018440410186,0.9535148531497182,0.5500000000000002,True,correct,DBLP,42,True,correct,Q4
795,journals/sigmod/CoxEH96,True,1,pqzGz7zfpDgJ,0.9566779964420358,0.01111170700085406,0.9455662894411817,0.5500000000000002,True,correct,DBLP,42,True,correct,Q3
796,conf/sigmod/PoosalaIHS96,True,9,hHGQKstQ2PQJ,0.9740316666066198,0.9640924468909726,0.009939219715647152,0.5500000000000002,True,correct,DBLP,42,True,correct,Q1
797,journals/vldb/LawLG99,True,1,TOXrbhbbNJ4J,0.9807701367008044,0.0004566326672306367,0.9803135040335738,0.5500000000000002,True,correct,DBLP,42,True,correct,Q4
798,journals/sigmod/Kemper02,False,0,bUvKrCjhep0J,0.0013713175627484869,0.0010047523410685218,0.0003665652216799651,0.5500000000000002,False,unmatched_abstention,DBLP,42,False,unmatched_abstention,Q1
799,journals/sigmod/BiancheriPP01,False,0,bF9t6EpjL14J,0.004329573558539154,0.0032554471386632643,0.0010741264198758896,0.5500000000000002,False,unmatched_abstention,DBLP,42,False,unmatched_abstention,Q1
800,conf/sigmod/Deutsch95,True,1,url:http://portal.acm.org/citation.cfm%3Fid%3D223784.223880,0.9275589868182093,0.017956048915277,0.9096029379029322,0.5500000000000002,True,correct,DBLP,42,True,correct,Q3
801,journals/sigmod/PoessF00,True,3,JSrjKrTM_3sJ,0.972194256735316,0.9386870136097591,0.03350724312555686,0.5500000000000002,True,correct,DBLP,42,True,correct,Q1
802,conf/vldb/Gibbons01,True,1,tYtl6ZxQ-_YJ,0.9858673327170541,0.5519830825390044,0.43388425017804966,0.5500000000000002,True,correct,DBLP,42,True,correct,Q3
803,journals/vldb/Sarawagi01,True,1,Xx6kw0tCeQIJ,0.9849043981125487,0.0792663646447966,0.9056380334677521,0.5500000000000002,True,correct,DBLP,42,True,correct,Q3
804,journals/tods/BozkayaO99,True,2,CEKbSWc_C6UJ,0.9796239257868552,0.794864275442574,0.1847596503442812,0.5500000000000002,True,correct,DBLP,42,True,correct,Q2
805,journals/sigmod/SmithO99,True,1,-iis302p2MkJ,0.9819240486673123,0.0002856042118325434,0.9816384444554798,0.5500000000000002,True,correct,DBLP,42,True,correct,Q4
806,journals/vldb/Barbara-MillaG94,True,5,Hc9uWxJu840J,0.9774110526280346,0.9269982620492303,0.05041279057880432,0.5500000000000002,True,correct,DBLP,42,True,correct,Q1
807,conf/sigmod/MoleskyR95,True,2,u03oQbB0y-oJ,0.9845884854219314,0.07671165577398346,0.907876829647948,0.5500000000000002,True,correct,DBLP,42,True,correct,Q3
808,journals/sigmod/X95a,False,0,url:http://ieeexplore.ieee.org/iel5/2/4048/x0715521.pdf,0.04887239434939085,0.0017428049860441395,0.047129589363346706,0.5500000000000002,False,unmatched_abstention,DBLP,42,False,unmatched_abstention,Q1
809,journals/sigmod/BrunieK96,True,1,spI2g7jFHuYJ,0.989945909623845,0.000944099416862644,0.9890018102069823,0.5500000000000002,True,correct,DBLP,42,True,correct,Q4
810,conf/vldb/KangC02,True,1,gndV1O-oEkMJ,0.9835553546892866,0.0013122136084530878,0.9822431410808334,0.5500000000000002,True,correct,DBLP,42,True,correct,Q4
811,journals/sigmod/LudwigG00,True,1,T7hbL2VkOhsJ,0.3181034320275962,0.0004129682976889116,0.31769046372990734,0.5500000000000002,False,missing_match,DBLP,42,True,correct,Q2
812,journals/sigmod/HasselbringHHKRRS00,True,3,JW49QfQtuTMJ,0.3370711309201307,0.30846660648247176,0.02860452443765893,0.5500000000000002,False,missing_match,DBLP,42,True,correct,Q1
813,journals/sigmod/ClementLGMK97,True,2,J7Y20fYLGbcJ,0.989945903844589,0.7615448788157425,0.22840102502884652,0.5500000000000002,True,correct,DBLP,42,True,correct,Q2
814,journals/sigmod/GalianoM03,False,0,lV0HWh9QLUQJ,0.04591843023955886,0.04411759241048338,0.0018008378290754815,0.5500000000000002,False,unmatched_abstention,DBLP,42,True,false_link,Q1
815,conf/sigmod/SistlaW95,True,4,KO3FcQ57_rkJ,0.9793633678923143,0.9043852752418478,0.07497809265046651,0.5500000000000002,True,correct,DBLP,42,True,correct,Q2
816,conf/sigmod/ZhaoDN97,True,3,YwLoGdTgG-sJ,0.9880402715716403,0.9104450452569628,0.07759522631467752,0.5500000000000002,True,correct,DBLP,42,True,correct,Q2
817,conf/vldb/ChakrabartiDAR97,True,7,QyBDbs7EpmsJ,0.9896446825121241,0.958484911773106,0.0311597707390181,0.5500000000000002,True,correct,DBLP,42,True,correct,Q1
818,journals/sigmod/ArpinarD00,True,1,YQQMvRraFBwJ,0.989945903844589,0.014395491894570542,0.9755504119500185,0.5500000000000002,True,correct,DBLP,42,True,correct,Q4
819,conf/sigmod/JagatheesanR03,True,4,fobv5DPqKUcJ,0.9680703561025893,0.9625018568155108,0.005568499287078477,0.5500000000000002,True,correct,DBLP,42,True,correct,Q1
820,journals/sigmod/Wade96,True,1,AYtrcxExrbkJ,0.9664431870842142,0.00026037164891752493,0.9661828154352966,0.5500000000000002,True,correct,DBLP,42,True,correct,Q4
821,conf/vldb/Levy96,True,2,lDTPyBMtHVwJ,0.9644960865073002,0.9364100969952787,0.02808598951202157,0.5500000000000002,True,correct,DBLP,42,True,correct,Q1
822,conf/sigmod/SchusterW01,True,1,59akjz-Qe9IJ,0.9640353703459733,0.016956751455755478,0.9470786188902178,0.5500000000000002,True,correct,DBLP,42,True,correct,Q3
823,conf/vldb/Toivonen96,True,6,ut53pjEsmxEJ,0.9896446663654694,0.9664113846354898,0.023233281729979627,0.5500000000000002,True,correct,DBLP,42,True,correct,Q1
824,conf/vldb/FaloutsosMS96,True,2,MxkjWOlLhlYJ,0.979180095722055,0.9349982348174063,0.044181860904648707,0.5500000000000002,True,correct,DBLP,42,True,correct,Q1
825,conf/sigmod/AdaliCPS96,True,9,uMmcsye0YCkJ,0.9167924136148934,0.9164059030829754,0.0003865105319179607,0.5500000000000002,True,correct,DBLP,42,True,correct,Q1
826,conf/vldb/LabioG96,True,3,B3unqvqyJrMJ,0.98964467231607,0.982730777478168,0.006913894837902057,0.5500000000000002,True,correct,DBLP,42,True,correct,Q1
827,conf/sigmod/ChaudhuriDY95,True,2,aaQEdfkjWN8J,0.9893081213000294,0.9597601990310418,0.029547922268987614,0.5500000000000002,True,correct,DBLP,42,True,correct,Q1
828,conf/vldb/LakshmananJN00,True,1,1n7AY641YyAJ,0.9870995254602717,0.0003971960184791616,0.9867023294417925,0.5500000000000002,True,correct,DBLP,42,True,correct,Q4
829,journals/sigmod/Richey95,True,1,2p2A5_qGf5cJ,0.9899458953182636,0.0013862072586952544,0.9885596880595684,0.5500000000000002,True,correct,DBLP,42,True,correct,Q4
830,conf/sigmod/GravanoGT94,True,10,H6fWl-cSuY4J,0.9900067680855172,0.940782166010994,0.04922460207452328,0.5500000000000002,True,correct,DBLP,42,True,correct,Q1
831,conf/sigmod/MerialdoAMMP00,True,1,Qq0WheHyVv8J,0.9886139054473639,0.00115694641208742,0.9874569590352765,0.5500000000000002,True,correct,DBLP,42,True,correct,Q4
832,conf/sigmod/CherniackZ96,True,3,ZsHfcZJwFQQJ,0.9874283533389849,0.8989246911891683,0.08850366214981664,0.5500000000000002,True,correct,DBLP,42,True,correct,Q2
833,conf/vldb/AnanthakrishnaCG02,True,2,FFKP2GRm2LEJ,0.9896446677824214,0.5662053852249224,0.4234392825574991,0.5500000000000002,True,correct,DBLP,42,True,correct,Q3
834,conf/vldb/DonjerkovicR99,True,3,Eq1w4LPv_igJ,0.9896446879614137,0.9209723348685608,0.06867235309285291,0.5500000000000002,True,correct,DBLP,42,True,correct,Q2
835,conf/sigmod/MeccaAMMS98,True,3,v2KwhRi-OrMJ,0.970083415729721,0.9627780528140428,0.007305362915678182,0.5500000000000002,True,correct,DBLP,42,True,correct,Q1
836,conf/vldb/LuTD95,True,2,qX-uYKXVk7EJ,0.9812153810941171,0.8982442041728166,0.08297117692130052,0.5500000000000002,True,correct,DBLP,42,True,correct,Q2
837,conf/vldb/CooperSFHS01,True,1,PAfEdPwJ8tgJ,0.9862673195273626,0.4695512407104596,0.516716078816903,0.5500000000000002,True,correct,DBLP,42,True,correct,Q3
838,conf/sigmod/RiedelFGN00,True,1,ospJVA6AD1sJ,0.9885167538999077,0.004772233858925794,0.9837445200409819,0.5500000000000002,True,correct,DBLP,42,True,correct,Q4
839,conf/sigmod/DavisonG95,True,2,96SrVGnDmMoJ,0.9833564762226048,0.45282771248494263,0.5305287637376621,0.5500000000000002,True,correct,DBLP,42,True,correct,Q3
840,journals/sigmod/AtzeniMM97,True,4,Hdq-Mlh3fcMJ,0.9775628504865469,0.9058691258447739,0.07169372464177304,0.5500000000000002,True,correct,DBLP,42,True,correct,Q2
841,conf/sigmod/GraySSU03,True,1,NnKrsx4j4pkJ,0.9688638265922592,0.0012987293054657519,0.9675650972867935,0.5500000000000002,True,correct,DBLP,42,True,correct,Q4
842,journals/vldb/CombiP01,True,1,8YoYzQtOgYoJ,0.9540383492069342,0.0006406399778399981,0.9533977092290942,0.5500000000000002,True,correct,DBLP,42,True,correct,Q4
843,conf/sigmod/DeshpandeNGS03,True,2,fU6zoUKeXe8J,0.9513442470194987,0.9091705626142198,0.04217368440527891,0.5500000000000002,True,correct,DBLP,42,True,correct,Q1
844,conf/vldb/SattlerGS03,True,1,7y1DNkciIFQJ,0.9865224577017965,0.1788393513129322,0.8076831063888643,0.5500000000000002,True,correct,DBLP,42,True,correct,Q3
845,conf/sigmod/BraumandlKK99,True,3,4fjXoCHhe1kJ,0.9900067738301407,0.810284448225867,0.1797223256042737,0.5500000000000002,True,correct,DBLP,42,True,correct,Q2
846,conf/vldb/YanL95,True,6,VwsS71_KQX8J,0.9857634683050951,0.9532355370862235,0.03252793121887154,0.5500000000000002,True,correct,DBLP,42,True,correct,Q1
847,conf/vldb/BernsteinHSSZ97,True,3,L2c8XblCSicJ,0.9730901143692169,0.9533468142063923,0.01974330016282455,0.5500000000000002,True,correct,DBLP,42,True,correct,Q1
848,conf/vldb/FernandezSCMS03,True,2,sn_R4N1q2SwJ,0.9837362777380979,0.8545778120948367,0.12915846564326117,0.5500000000000002,True,correct,DBLP,42,True,correct,Q2
849,conf/sigmod/CohenM03,True,1,bQv5hYB-JIEJ,0.9625019145639797,0.0005554656364814662,0.9619464489274983,0.5500000000000002,True,correct,DBLP,42,True,correct,Q4
850,conf/sigmod/Fegaras98,True,1,XVtlJYx2G_wJ,0.962778032005439,0.0061163224764560434,0.956661709528983,0.5500000000000002,True,correct,DBLP,42,True,correct,Q4
851,conf/vldb/Mina98,True,2,ButmJWjGXusJ,0.9890903057147267,0.34172256051122557,0.6473677452035012,0.5500000000000002,True,correct,DBLP,42,True,correct,Q3
852,journals/vldb/HuntAI02,True,1,LiYp5oaDwbMJ,0.9808991630357424,0.2957671917709556,0.6851319712647868,0.5500000000000002,True,correct,DBLP,42,True,correct,Q3
853,conf/vldb/JohnsonM98,True,4,eFynrwKK_T0J,0.9825223844649197,0.8096567198497471,0.1728656646151726,0.5500000000000002,True,correct,DBLP,42,True,correct,Q2
854,journals/vldb/ChienTZ02,True,1,j4wcclZqY0oJ,0.9744573472970575,0.3026242334045212,0.6718331138925362,0.5500000000000002,True,correct,DBLP,42,True,correct,Q3
855,conf/vldb/ChenL03,True,1,WaSgR87oMpcJ,0.9669729966158647,0.00033214029044345474,0.9666408563254212,0.5500000000000002,True,correct,DBLP,42,True,correct,Q4
856,conf/sigmod/LeeKOTM00,True,1,C8RLbWKCgicJ,0.9850527000063944,0.004976246762804725,0.9800764532435897,0.5500000000000002,True,correct,DBLP,42,True,correct,Q4
857,journals/sigmod/GatziuJSV99,True,1,HtqrJuo7GSsJ,0.9892910650227181,0.22039284534999878,0.7688982196727193,0.5500000000000002,True,correct,DBLP,42,True,correct,Q3
858,conf/sigmod/GriffinL95,True,4,7xa2FxbUh2cJ,0.9375645242245528,0.9222558998136032,0.0153086244109496,0.5500000000000002,True,correct,DBLP,42,True,correct,Q1
859,journals/tods/ChenHM95,True,1,pO6SFdVGt5QJ,0.981607616238988,0.0018291529364972174,0.9797784633024907,0.5500000000000002,True,correct,DBLP,42,True,correct,Q4
860,journals/tods/LakshmananLN03,True,1,g8e0xiRUkIwJ,0.9777859506875584,0.0037566398038460284,0.9740293108837124,0.5500000000000002,True,correct,DBLP,42,True,correct,Q4
861,conf/sigmod/SengarH03,True,1,7Mtanhr8EKoJ,0.9719702253019589,0.12964749039633142,0.8423227349056275,0.5500000000000002,True,correct,DBLP,42,True,correct,Q3
862,journals/sigmod/RossHLW01,True,1,tOa0zXK5Ba4J,0.5504060827517473,0.44849160241825325,0.10191448033349404,0.5500000000000002,True,false_link,DBLP,42,True,false_link,Q2
863,conf/sigmod/StoltePAG03,True,1,9WTNlminW6AJ,0.9885588815826998,0.0017212853102910005,0.9868375962724087,0.5500000000000002,True,correct,DBLP,42,True,correct,Q4
864,conf/vldb/HaasKU99,True,1,jteJcGoGxnMJ,0.9328793500285248,0.5466509361855277,0.3862284138429971,0.5500000000000002,True,correct,DBLP,42,True,correct,Q2
865,journals/tods/BellNNS96,True,2,pz2VRTdXq1cJ,0.9723956448585315,0.8444101563980658,0.12798548846046565,0.5500000000000002,True,correct,DBLP,42,True,correct,Q2
866,journals/sigmod/Ouksel02,True,1,url:http://portal.acm.org/citation.cfm%3Fid%3D565117.565131%26dl%3DGUIDE%26dl%3DACM%26idx%3DJ689%26part%3Dperiodical%26WantType%3Dperiodical%26title%3DACM%2520SIGMOD%2520Record%26CFID%3D11111111%26CFTOKEN%3D2222222,0.15700769207478874,0.009500031834535627,0.1475076602402531,0.5500000000000002,False,missing_match,DBLP,42,True,correct,Q2
867,conf/vldb/WaasCB01,True,1,y_gKGtzupHIJ,0.9837362923292559,0.0006792584530501978,0.9830570338762057,0.5500000000000002,True,correct,DBLP,42,True,correct,Q4
868,conf/sigmod/PapadiasTFS03,True,2,MkRJhOROQjsJ,0.9900067829893111,0.8189278675041941,0.171078915485117,0.5500000000000002,True,correct,DBLP,42,True,correct,Q2
869,conf/sigmod/Bierman03,True,1,vQcfluHWCeAJ,0.9247484172664145,0.023570101794960233,0.9011783154714543,0.5500000000000002,True,correct,DBLP,42,True,correct,Q3
870,conf/sigmod/ZhouWGGZWXYF03,True,1,AwFxLUGiceUJ,0.9525694537015242,0.012431247063301048,0.9401382066382232,0.5500000000000002,True,correct,DBLP,42,True,correct,Q3
871,journals/sigmod/FininJ02,True,1,rg8576nvnkUJ,0.9899458895389995,0.0019639811776809173,0.9879819083613186,0.5500000000000002,True,correct,DBLP,42,True,correct,Q4
872,conf/vldb/GibsonKR98,True,1,9FBwT6XFOssJ,0.9784870064579357,0.007676933587672414,0.9708100728702633,0.5500000000000002,True,correct,DBLP,42,True,correct,Q4
873,journals/sigmod/RossAA02,False,0,tOa0zXK5Ba4J,0.6357026733571082,0.4450920722207607,0.19061060113634748,0.5500000000000002,True,false_link,DBLP,42,True,false_link,Q2
874,journals/tods/BrunoCG02,True,1,tkCWrg5OsIwJ,0.9849681386654786,0.153220195654415,0.8317479430110636,0.5500000000000002,True,correct,DBLP,42,True,correct,Q3
875,journals/sigmod/Chang03,True,1,B55TCVoUsnoJ,0.9859580484464511,0.0046477524627658705,0.9813102959836852,0.5500000000000002,True,correct,DBLP,42,True,correct,Q4
876,journals/vldb/EyalM01,True,1,ntrSSBumclMJ,0.9849043894795398,0.0032676704865805756,0.9816367189929592,0.5500000000000002,True,correct,DBLP,42,True,correct,Q4
877,journals/tods/EiterGM97,True,1,WXWcO2ulDQUJ,0.9849681455775788,0.5701625165920695,0.4148056289855093,0.5500000000000002,True,correct,DBLP,42,True,correct,Q2
878,conf/sigmod/NguyenS96,True,4,Cd4NNuZnIn8J,0.9900067894178771,0.911697606800756,0.07830918261712116,0.5500000000000002,True,correct,DBLP,42,True,correct,Q2
879,journals/sigmod/TatarinovIMHSDDKMM03,True,2,0JPhnHlRGOoJ,0.899490589942586,0.6046645937448648,0.2948259961977212,0.5500000000000002,True,correct,DBLP,42,True,correct,Q2
880,conf/sigmod/Chakravarthy97,True,3,5Ng-bLUNAsQJ,0.9860366879681723,0.5873067559505211,0.3987299320176513,0.5500000000000002,True,correct,DBLP,42,True,correct,Q2
881,conf/vldb/SeligmanBNSW95,True,2,url:http://portal.acm.org/citation.cfm%3Fid%3D645921.673303%26coll%3DGUIDE%26dl%3DACM%26CFID%3D11111111%26CFTOKEN%3D2222222,0.9674066940231265,0.8571216422696923,0.11028505175343417,0.5500000000000002,True,correct,DBLP,42,True,correct,Q2
882,conf/sigmod/Ballinger94,True,1,xGGBIZmLvmgJ,0.9859700928429764,0.0011147949650620948,0.9848552978779144,0.5500000000000002,True,correct,DBLP,42,True,correct,Q4
883,conf/sigmod/AdiBEY01,True,2,url:http://portal.acm.org/citation.cfm%3Fdoid%3D375663.375759,0.9846190931611531,0.9601305458833646,0.024488547277788597,0.5500000000000002,True,correct,DBLP,42,True,correct,Q1
884,journals/vldb/LaurentLSV01,True,1,TTIgIh9uC_YJ,0.9772025400725672,0.0002441980887980697,0.9769583419837692,0.5500000000000002,True,correct,DBLP,42,True,correct,Q4
885,conf/sigmod/HuangSW94,True,2,5Chw6HN64vEJ,0.9874935767753897,0.25886058262386413,0.7286329941515256,0.5500000000000002,True,correct,DBLP,42,True,correct,Q3
886,journals/vldb/NanopoulosM02,True,1,icoWjIZ_6IIJ,0.9849043874238546,0.004104847855219962,0.9807995395686346,0.5500000000000002,True,correct,DBLP,42,True,correct,Q4
887,conf/sigmod/Norrie95,True,1,url:http://portal.acm.org/ft_gateway.cfm%3Fid%3D223883%26type%3Dpdf%26dl%3DGUIDE%26dl%3DACM%26CFID%3D11111111%26CFTOKEN%3D2222222,0.4722167535503788,0.02427590280131805,0.44794085074906076,0.5500000000000002,False,missing_match,DBLP,42,True,correct,Q3
888,conf/vldb/SarawagiS96,True,2,GzBmx-QUxFYJ,0.9837363040521275,0.8830291349708962,0.10070716908123134,0.5500000000000002,True,correct,DBLP,42,True,correct,Q2
889,conf/sigmod/BerchtoldK97,True,2,DNVHTz7tMywJ,0.9063744137142611,0.8261316029002582,0.08024281081400286,0.5500000000000002,True,correct,DBLP,42,True,correct,Q2
890,conf/sigmod/AgichteinGV01,True,2,GDoFPiEzEhQJ,0.9877208107302318,0.12048373379459844,0.8672370769356333,0.5500000000000002,True,correct,DBLP,42,True,correct,Q3
891,journals/vldb/SinghalS97,True,1,3fO2448hZgwJ,0.9782323957336825,0.0016590311990660983,0.9765733645346164,0.5500000000000002,True,correct,DBLP,42,True,correct,Q4
892,conf/sigmod/AdamY98,True,1,url:http://portal.acm.org/ft_gateway.cfm%3Fid%3D276350%26type%3Dpdf%26dl%3DGUIDE%26dl%3DACM%26CFID%3D11111111%26CFTOKEN%3D2222222,0.9000983651979578,0.4380238485422713,0.46207451665568655,0.5500000000000002,True,correct,DBLP,42,True,correct,Q3
893,conf/vldb/SrivastavaDJL96,True,6,01ZVDudF4WAJ,0.9882722172460855,0.9636856528843394,0.02458656436174611,0.5500000000000002,True,correct,DBLP,42,True,correct,Q1
894,journals/sigmod/KantM00,True,1,url:http://portal.acm.org/citation.cfm%3Fid%3D362084.362091%26dl%3DGUIDE%26dl%3DACM%26idx%3DJ689%26part%3Dperiodical%26WantType%3Dperiodical%26title%3DACM%2520SIGMOD%2520Record%26CFID%3D11111111%26CFTOKEN%3D2222222,0.24058232665112497,0.0027429642943804784,0.2378393623567445,0.5500000000000002,False,missing_match,DBLP,42,False,missing_match,Q2
895,conf/sigmod/Cotton02,True,1,url:http://portal.acm.org/ft_gateway.cfm%3Fid%3D564792%26type%3Dpdf,0.9597772881726189,0.023070344148857468,0.9367069440237614,0.5500000000000002,True,correct,DBLP,42,True,correct,Q3
896,journals/sigmod/Kim99,False,0,url:http://portal.acm.org/citation.cfm%3Fid%3D357775%26dl%3DGUIDE%26dl%3DACM%26type%3Dissue%26idx%3DJ777%26part%3Dperiodical%26WantType%3Dperiodical%26title%3DACM%2520Transactions%2520on%2520Database%2520Systems%2520(TODS)%26CFID%3D11111111%26CFTOKEN%3D2222222,0.006356995572381779,0.0008180677493778866,0.005538927823003892,0.5500000000000002,False,unmatched_abstention,DBLP,42,False,unmatched_abstention,Q1
897,conf/sigmod/Brown99,True,1,itP4yy9sLUUJ,0.9612654588721755,0.00017747820593380916,0.9610879806662417,0.5500000000000002,True,correct,DBLP,42,True,correct,Q4
898,conf/vldb/OrensteinK95,True,1,Trw6DEZeqTsJ,0.9598930002807288,0.006047722176335112,0.9538452781043937,0.5500000000000002,True,correct,DBLP,42,True,correct,Q4
899,conf/sigmod/ChenCPPSTM00,True,2,Ab6MIDVDzhAJ,0.9753467278328559,0.5219708901104475,0.4533758377224084,0.5500000000000002,True,correct,DBLP,42,True,correct,Q3
900,conf/sigmod/Tajima96,True,1,IZSzLlgi8tUJ,0.9900067680855172,0.0011395642194964722,0.9888672038660208,0.5500000000000002,True,correct,DBLP,42,True,correct,Q4
901,conf/sigmod/BrodskySCE99,True,3,jnBo-gBTmAcJ,0.9548165960717113,0.7991008656386682,0.1557157304330431,0.5500000000000002,True,correct,DBLP,42,True,correct,Q2
902,conf/sigmod/KanthRA02,True,1,RgDMwqhT30wJ,0.7575400291020523,0.0017691774775662316,0.7557708516244861,0.5500000000000002,True,correct,DBLP,42,True,correct,Q3
903,journals/sigmod/MeltonMJKS02,True,1,cvBAdEvcTSkJ,0.9689083100677032,0.38479634619959713,0.584111963868106,0.5500000000000002,True,correct,DBLP,42,True,correct,Q3
904,conf/sigmod/DeshpandeGR01,True,2,knAoAIpo7hYJ,0.9900067751980447,0.8277135115246125,0.16229326367343222,0.5500000000000002,True,correct,DBLP,42,True,correct,Q2
905,conf/vldb/PoosalaI96,True,1,NTlGMs3lqNEJ,0.9771180153256227,0.018706978135176057,0.9584110371904466,0.5500000000000002,True,correct,DBLP,42,True,correct,Q4
906,conf/vldb/PitouraC99,True,1,6VU-VxcDsFsJ,0.9804143137185284,0.009039318535901692,0.9713749951826267,0.5500000000000002,True,correct,DBLP,42,True,correct,Q4
907,journals/vldb/BenzakenD95,True,1,rF3edU2oNcEJ,0.9427356218960461,0.021770066047937388,0.9209655558481087,0.5500000000000002,True,correct,DBLP,42,True,correct,Q3
908,journals/sigmod/Winslett03,False,0,sfQlMM3SXpAJ,0.06860930605143664,0.03586224310425789,0.03274706294717875,0.5500000000000002,False,unmatched_abstention,DBLP,42,False,unmatched_abstention,Q1
909,conf/sigmod/AndersonAF98,True,1,_EbKUPc1jYAJ,0.962778032005439,0.002278356201886434,0.9604996758035526,0.5500000000000002,True,correct,DBLP,42,True,correct,Q4
910,conf/sigmod/LiuPBHPT00,True,1,q_o5zij9nCEJ,0.9851746421541784,0.007047825251763291,0.9781268169024151,0.5500000000000002,True,correct,DBLP,42,True,correct,Q4
911,conf/vldb/CiliaHB02,True,1,_aEC8CgKod0J,0.9700471142617811,0.0014057275831175923,0.9686413866786635,0.5500000000000002,True,correct,DBLP,42,True,correct,Q4
912,conf/sigmod/DeHaanTCO03,True,4,gyYBYgpB63sJ,0.9768799739280628,0.9132714060725032,0.06360856785555957,0.5500000000000002,True,correct,DBLP,42,True,correct,Q2
913,conf/vldb/ChangG00,True,2,fIuGhhcZl-4J,0.9533986551591167,0.7415853692795231,0.21181328587959358,0.5500000000000002,True,correct,DBLP,42,True,correct,Q2
914,conf/sigmod/ChangH02,True,2,4zxRX5K-YSsJ,0.9867023858482746,0.8188952500977679,0.16780713575050676,0.5500000000000002,True,correct,DBLP,42,True,correct,Q2
915,conf/vldb/ConradGJM02,True,1,gIm89AXuE4oJ,0.6248625689666306,0.00015663781077391233,0.6247059311558567,0.5500000000000002,True,correct,DBLP,42,True,correct,Q3
916,journals/tods/HsuSY01,True,2,dkdzE1VG71sJ,0.9553387110905205,0.8556428466257442,0.0996958644647763,0.5500000000000002,True,correct,DBLP,42,True,correct,Q2
917,journals/sigmod/PapianiWDN99,True,3,HxmnEeCigX8J,0.9892070557462139,0.6622529447867701,0.3269541109594438,0.5500000000000002,True,correct,DBLP,42,True,correct,Q2
918,journals/sigmod/MeltonMJKSZ01,True,4,IoNxL_rg2_cJ,0.982196800107465,0.5674369030660569,0.41475989704140814,0.5500000000000002,True,correct,DBLP,42,True,correct,Q2
919,journals/tods/BertinoBFS98,True,2,5Zpm_QmAfv4J,0.9849681538125552,0.8293150004415243,0.15565315337103092,0.5500000000000002,True,correct,DBLP,42,True,correct,Q2
920,conf/sigmod/ZhangNBB94,True,3,bymQ_6SSse4J,0.985970098573576,0.8047293164910667,0.18124078208250927,0.5500000000000002,True,correct,DBLP,42,True,correct,Q2
921,journals/sigmod/Jagadish00,False,0,url:http://portal.acm.org/citation.cfm%3Fid%3D235968,0.009548620579209216,0.0006811013227871759,0.00886751925642204,0.5500000000000002,False,unmatched_abstention,DBLP,42,False,unmatched_abstention,Q1
922,conf/sigmod/RoySSB00,True,5,OZHS88jHgDkJ,0.9612431263339397,0.9062747431014172,0.05496838323252251,0.5500000000000002,True,correct,DBLP,42,True,correct,Q2
923,conf/vldb/WienerN94,True,1,PrUWsoySLGcJ,0.9780043730469599,0.13255879281027838,0.8454455802366815,0.5500000000000002,True,correct,DBLP,42,True,correct,Q3
924,conf/vldb/DiaoLCT00,True,2,lzbvXZxLKJIJ,0.9896446981574526,0.6326629702765909,0.3569817278808617,0.5500000000000002,True,correct,DBLP,42,True,correct,Q2
925,journals/sigmod/OConnellW03,True,1,SeDkIL_DlRwJ,0.5770594326628816,0.002676449119494503,0.5743829835433871,0.5500000000000002,True,correct,DBLP,42,True,correct,Q3
926,journals/sigmod/Aberer02a,True,1,url:http://portal.acm.org/ft_gateway.cfm%3Fid%3D604274%26type%3Dpdf%26dl%3DGUIDE%26dl%3DACM%26CFID%3D11111111%26CFTOKEN%3D2222222,0.9874266371350535,0.7712682738927006,0.21615836324235294,0.5500000000000002,True,false_link,DBLP,42,False,missing_match,Q2
927,conf/sigmod/ZadorozhnyRVUB02,True,1,xmE1380_4E4J,0.9844944949007736,0.38710302814391934,0.5973914667568543,0.5500000000000002,True,correct,DBLP,42,True,correct,Q3
928,conf/vldb/DyresonBJ99,True,1,FkPcMtplo18J,0.97739827943685,0.0031283844718122526,0.9742698949650377,0.5500000000000002,True,correct,DBLP,42,True,correct,Q4
929,conf/sigmod/KimC03,True,1,BWV2Oys1VXsJ,0.969317412605118,0.004946602959413856,0.9643708096457041,0.5500000000000002,True,correct,DBLP,42,True,correct,Q4
930,conf/vldb/JermaineDO99,True,2,eawaEzvWj4gJ,0.9837362784528482,0.5501272743132256,0.43360900413962256,0.5500000000000002,True,correct,DBLP,42,True,correct,Q3
931,conf/sigmod/CookKWZ96,True,1,5MTgNlhnyTgJ,0.9812604116414454,0.07658699471249483,0.9046734169289505,0.5500000000000002,True,correct,DBLP,42,True,correct,Q3
932,journals/sigmod/Libkin99,True,2,zSO1Y5W7WkwJ,0.9899458881628458,0.596955733687132,0.39299015447571384,0.5500000000000002,True,correct,DBLP,42,True,correct,Q2
933,journals/sigmod/BonnetBDL03,True,1,aovCRhocZUcJ,0.9881995233171768,0.07969674221176246,0.9085027811054143,0.5500000000000002,True,correct,DBLP,42,True,correct,Q3
934,journals/tods/Galindo-LegariaR97,True,3,Vjga5yC23KIJ,0.9849681455775788,0.9119812684938408,0.07298687708373808,0.5500000000000002,True,correct,DBLP,42,True,correct,Q2
935,conf/sigmod/ClaypoolRZSK01,True,1,1VWOXPII9HUJ,0.7504890579122929,0.0010030348890184197,0.7494860230232745,0.5500000000000002,True,correct,DBLP,42,True,correct,Q3
936,conf/sigmod/BaruGLMPVC99,True,7,mXKKjAJUm-oJ,0.940338613129546,0.9182732210150656,0.022065392114480442,0.5500000000000002,True,correct,DBLP,42,True,correct,Q1
937,conf/vldb/LiPHCAAT03,True,1,eSC19V7zgtsJ,0.9375467584438816,0.03473730323342321,0.9028094552104584,0.5500000000000002,True,correct,DBLP,42,True,correct,Q3
938,conf/vldb/Moerkotte02,True,1,jiGdThcReckJ,0.9646604260165926,0.0008785759340083506,0.9637818500825843,0.5500000000000002,True,correct,DBLP,42,True,correct,Q4
939,conf/sigmod/MassariPSC95,True,1,O2FrN68p5PUJ,0.907705732798415,0.28418574370345623,0.6235199890949588,0.5500000000000002,True,correct,DBLP,42,True,correct,Q3
940,journals/sigmod/Snodgrass03b,True,1,PmIVKWJ5_V4J,0.989945893254034,0.0020082799909772802,0.9879376132630567,0.5500000000000002,True,correct,DBLP,42,True,correct,Q4
941,conf/sigmod/JohnsonD03,True,1,5OYgUpRggiMJ,0.962501857698262,0.052902532138372274,0.9095993255598898,0.5500000000000002,True,correct,DBLP,42,True,correct,Q3
942,conf/vldb/BeneventanoBCCGMMV00,True,4,Q6jRYrIlTM4J,0.9361897828006426,0.9162352580254812,0.019954524775161353,0.5500000000000002,True,correct,DBLP,42,True,correct,Q1
943,conf/vldb/Spaccapietra94,True,1,ZpVzTb1a7VoJ,0.9720378288130342,0.0030492861801943074,0.96898854263284,0.5500000000000002,True,correct,DBLP,42,True,correct,Q4
944,journals/sigmod/HasanMV96,True,1,bLbjFFkQJdIJ,0.9867911758625565,0.009138853269534791,0.9776523225930217,0.5500000000000002,True,correct,DBLP,42,True,correct,Q4
945,journals/sigmod/BunemanFSW01,False,0,vsgKNz-kktsJ,0.20423457564459063,0.14365603731485405,0.060578538329736586,0.5500000000000002,False,unmatched_abstention,DBLP,42,False,unmatched_abstention,Q2
946,conf/sigmod/ShintaniK98,True,3,JfxEos8BQDAJ,0.9900067738301407,0.9675060239406006,0.022500749889540095,0.5500000000000002,True,correct,DBLP,42,True,correct,Q1
947,journals/sigmod/JukicV97,True,1,yZbJS0Cd6cAJ,0.9800983281879547,0.014786853869702493,0.9653114743182523,0.5500000000000002,True,correct,DBLP,42,True,correct,Q4
948,conf/sigmod/BohlenBD99,True,1,X2odIfnOC88J,0.9612654588721755,0.0007199170863351109,0.9605455417858404,0.5500000000000002,True,correct,DBLP,42,True,correct,Q4
949,conf/vldb/KornLKF98,True,2,ewsBMN0qVa4J,0.9896446658641663,0.8130232419007334,0.17662142396343294,0.5500000000000002,True,correct,DBLP,42,True,correct,Q2
950,conf/sigmod/MelnikRB03,True,4,wfjeWtEY2NcJ,0.9886006352731136,0.9817457558442585,0.0068548794288550985,0.5500000000000002,True,correct,DBLP,42,True,correct,Q1
951,conf/sigmod/BrinDG95,True,3,7mNCkZ7D-R8J,0.9900067694534221,0.9510614822172114,0.03894528723621071,0.5500000000000002,True,correct,DBLP,42,True,correct,Q1
952,conf/sigmod/RamanH02,True,3,F0T3KimkbGcJ,0.9570893790193326,0.8985834502866964,0.05850592873263616,0.5500000000000002,True,correct,DBLP,42,True,correct,Q2
953,conf/sigmod/YangM97,True,5,xrTlYcyFKtwJ,0.9875382275415863,0.8418087146626929,0.14572951287889335,0.5500000000000002,True,correct,DBLP,42,True,correct,Q2
954,conf/sigmod/PatelD96,True,5,Y9z2OdhzSGQJ,0.9230559301014241,0.9229127353861677,0.0001431947152563673,0.5500000000000002,True,correct,DBLP,42,True,correct,Q1
955,conf/sigmod/FranklinZ98,True,2,5Cj9Wx8llkwJ,0.962778032005439,0.9042154452412995,0.0585625867641395,0.5500000000000002,True,correct,DBLP,42,True,correct,Q2
956,conf/sigmod/VossenW99,True,2,9PhYz-N58A8J,0.9900067738301407,0.05302841294881194,0.9369783608813287,0.5500000000000002,True,correct,DBLP,42,True,correct,Q3
957,journals/sigmod/CabreraLM01,True,1,b201QeqnlNkJ,0.9870464518987379,0.002028685436839038,0.9850177664618989,0.5500000000000002,True,correct,DBLP,42,True,correct,Q4
958,journals/sigmod/Fong97,True,1,rgJU30QjbhkJ,0.989945903844589,0.5057420737920356,0.4842038300525534,0.5500000000000002,True,correct,DBLP,42,True,correct,Q3
959,conf/sigmod/GreenwaldK01,True,2,8but_7FuryIJ,0.9900067907857792,0.2292771113675735,0.7607296794182057,0.5500000000000002,True,correct,DBLP,42,True,correct,Q3
960,conf/vldb/RisheYACLMVSV00,True,2,0WYMHga_bt4J,0.9684789258999212,0.1538799449605785,0.8145989809393428,0.5500000000000002,True,correct,DBLP,42,True,correct,Q3
961,journals/sigmod/CheungF98,True,2,ig7B9agTOMAJ,0.9835528481317274,0.560131703987278,0.4234211441444494,0.5500000000000002,True,correct,DBLP,42,True,correct,Q3
962,journals/sigmod/NestorovAM97,True,1,NVS_rDpScp0J,0.9890326706119742,0.022015674602880432,0.9670169960090937,0.5500000000000002,True,correct,DBLP,42,True,correct,Q4
963,conf/sigmod/ReissK03,True,1,L1m30vG-d5sJ,0.9900067674015647,0.0011930927327645899,0.9888136746688001,0.5500000000000002,True,correct,DBLP,42,True,correct,Q4
964,conf/sigmod/NazeriBO01,True,1,2E9I_lugGC4J,0.960130485570438,0.14863629698918918,0.8114941885812488,0.5500000000000002,True,correct,DBLP,42,True,correct,Q3
965,journals/tods/Chen95a,True,1,qexCEm3QaUgJ,0.9849681472625866,0.2812225978881093,0.7037455493744773,0.5500000000000002,True,correct,DBLP,42,True,correct,Q3
966,conf/sigmod/DeshpandeNGS03a,True,3,sfB17Fi4MZsJ,0.9869220696899715,0.9455424376767135,0.041379632013258005,0.5500000000000002,True,correct,DBLP,42,True,correct,Q1
967,journals/sigmod/Goethals02,False,0,BrO3XOrt66MJ,0.0280339577783248,0.01089261354524033,0.01714134423308447,0.5500000000000002,False,unmatched_abstention,DBLP,42,False,unmatched_abstention,Q1
968,journals/sigmod/FlorescuLM98,True,9,_SR_pRTnA6IJ,0.9899458881628458,0.971150169541509,0.018795718621336777,0.5500000000000002,True,correct,DBLP,42,True,correct,Q1
969,journals/sigmod/MedeirosP94,True,3,chmPCuLihZoJ,0.9834279215521725,0.9618575997907836,0.021570321761388955,0.5500000000000002,True,correct,DBLP,42,True,correct,Q1
970,conf/vldb/ZemankovaI94,True,1,Y1ZxtWV-qeUJ,0.9798760803068854,0.007823212245943128,0.9720528680609423,0.5500000000000002,True,correct,DBLP,42,True,correct,Q4
971,conf/sigmod/SismanisDRK02,True,4,seSeL2gsCJoJ,0.9582242231411776,0.8434935562415116,0.11473066689966605,0.5500000000000002,True,correct,DBLP,42,True,correct,Q2
972,journals/sigmod/Qian94,True,1,url:http://portal.acm.org/ft_gateway.cfm%3Fid%3D187462%26type%3Dpdf%26coll%3DGUIDE%26dl%3DACM%26CFID%3D11111111%26CFTOKEN%3D2222222,0.989945880321965,0.00017473184884582912,0.9897711484731191,0.5500000000000002,True,correct,DBLP,42,True,correct,Q4
973,journals/sigmod/YanG95,True,1,tMXkkRDxvkQJ,0.9890832996600489,0.012165824902870447,0.9769174747571785,0.5500000000000002,True,correct,DBLP,42,True,correct,Q4
974,conf/vldb/ShanmugasundaramKSFF01,True,1,9r5dL8B5l7oJ,0.8132289739183114,0.015930310757895545,0.7972986631604159,0.5500000000000002,True,correct,DBLP,42,True,correct,Q3
975,journals/vldb/C94c,True,1,url:http://www.springerlink.com/index/P4Q0445827654287.pdf,0.125476987070833,0.04407155359301892,0.08140543347781407,0.5500000000000002,False,missing_match,DBLP,42,True,false_link,Q2
976,journals/sigmod/Lee95,True,2,ozmSjoqqFtwJ,0.9823424320541138,0.4548764338576918,0.527465998196422,0.5500000000000002,True,correct,DBLP,42,True,correct,Q3
977,journals/sigmod/DarwenD95,True,5,DVnOcHunv7MJ,0.9876592992985862,0.9054201334668761,0.08223916583171009,0.5500000000000002,True,correct,DBLP,42,True,correct,Q2
978,journals/sigmod/MeltonE01,True,1,619anaISuGEJ,0.9680663630289961,0.1973300385227138,0.7707363245062823,0.5500000000000002,True,correct,DBLP,42,True,correct,Q3
979,conf/sigmod/KoudasS97,True,3,0u8r8MJWgKAJ,0.9787950716411754,0.8835159503494376,0.09527912129173777,0.5500000000000002,True,correct,DBLP,42,True,correct,Q2
980,journals/vldb/VaghaniRKSSLH94,True,1,B3E3_clrrrYJ,0.9709099600857566,0.5506203261337882,0.4202896339519684,0.5500000000000002,True,correct,DBLP,42,True,correct,Q2
981,conf/sigmod/PapakonstantinouPV02,True,1,5XmfwqNDii8J,0.9597772657565484,0.2233770713077343,0.7364001944488141,0.5500000000000002,True,correct,DBLP,42,True,correct,Q3
982,conf/vldb/LabioYCGW00,True,1,-UILVcP4CZ8J,0.98964467231607,0.02214330808745446,0.9675013642286155,0.5500000000000002,True,correct,DBLP,42,True,correct,Q4
983,journals/sigmod/Finkelstein95,True,1,gbnxN3MpucMJ,0.9888728891117236,0.012225191182834282,0.9766476979288893,0.5500000000000002,True,correct,DBLP,42,True,correct,Q4
984,conf/vldb/SevcikK96,True,1,GiHrMj3vbSAJ,0.9760410558629753,0.00015619096332977864,0.9758848648996455,0.5500000000000002,True,correct,DBLP,42,True,correct,Q4
985,journals/sigmod/VassiliadisS99,True,3,eGARASwVBrUJ,0.9864400931813325,0.522742399703228,0.4636976934781045,0.5500000000000002,True,correct,DBLP,42,True,correct,Q3
986,conf/sigmod/Ramanan02,True,1,VGe-IBWyMm4J,0.9900067907857792,0.39034938506216754,0.5996574057236117,0.5500000000000002,True,correct,DBLP,42,True,correct,Q3
987,conf/sigmod/HacigumusILM02,True,2,NMgExE-JRD0J,0.9811248270998428,0.37616225838273093,0.6049625687171118,0.5500000000000002,True,correct,DBLP,42,True,correct,Q3
988,conf/vldb/TaoPS02,True,3,o0WQjRyBQ5kJ,0.989644683929074,0.9205527353366498,0.06909194859242418,0.5500000000000002,True,correct,DBLP,42,True,correct,Q2
989,conf/sigmod/Jamil99,True,1,z5EfiutEfScJ,0.9754987628315405,0.010653150338360357,0.9648456124931801,0.5500000000000002,True,correct,DBLP,42,True,correct,Q4
990,journals/tods/ChomickiTB01,True,2,MqgSlx1jbPsJ,0.984354312992583,0.4380090380890661,0.5463452749035169,0.5500000000000002,True,correct,DBLP,42,True,correct,Q3
991,journals/vldb/ApersCS02,True,1,zvcs9bbyoi0J,0.5587524504290312,0.521257298059438,0.03749515236959322,0.5500000000000002,True,false_link,DBLP,42,False,missing_match,Q1
992,journals/sigmod/MaximilienS02,True,3,hgjhR8PwNVwJ,0.9819606543221729,0.9076380004167034,0.07432265390546955,0.5500000000000002,True,correct,DBLP,42,True,correct,Q2
993,journals/vldb/BernsteinPS00,True,1,08d5th2jiqcJ,0.9810196086155113,0.9237823291969595,0.057237279418551834,0.5500000000000002,True,correct,DBLP,42,True,correct,Q2
994,conf/vldb/BerckenS96,True,2,-iBt8AJhTSEJ,0.9738430669768711,0.921733751104448,0.05210931587242307,0.5500000000000002,True,correct,DBLP,42,True,correct,Q1
995,conf/sigmod/Blakeley96,True,4,jQ6eIao6R0EJ,0.9802908849134928,0.9495163599647288,0.03077452494876398,0.5500000000000002,True,correct,DBLP,42,True,correct,Q1
996,conf/vldb/Gupta96,False,0,fiXCQ_oZfMsJ,0.0009394821304470624,0.0008365309653175927,0.00010295116512946967,0.5500000000000002,False,unmatched_abstention,DBLP,42,False,unmatched_abstention,Q1
997,conf/vldb/HaasNSS95,True,2,x70Y3qaTL40J,0.9878546804784196,0.29283815662557294,0.6950165238528467,0.5500000000000002,True,correct,DBLP,42,True,correct,Q3
998,conf/vldb/SundaraHCAS01,True,1,nUFhC9syaNsJ,0.9516278244551392,0.00037327394640262915,0.9512545505087365,0.5500000000000002,True,correct,DBLP,42,True,correct,Q4
999,conf/vldb/LempelM02,True,1,DcSYGPdhxwoJ,0.9616588537745875,0.006219510458384649,0.9554393433162028,0.5500000000000002,True,correct,DBLP,42,True,correct,Q4
1000,conf/sigmod/AgichteinG03,True,1,url:http://portal.acm.org/citation.cfm%3Fid%3D872851,0.981344303977005,0.017880153949522807,0.9634641500274822,0.5500000000000002,True,correct,DBLP,42,True,correct,Q4
1001,conf/vldb/AltinelF00,True,4,MGdQ5QpvlQYJ,0.9608651471375431,0.9059788754117583,0.05488627172578486,0.5500000000000002,True,correct,DBLP,42,True,correct,Q2
1002,journals/sigmod/LawderK01,True,1,eznFJ2e_pQQJ,0.9783544136590305,0.13614081094284206,0.8422136027161885,0.5500000000000002,True,correct,DBLP,42,True,correct,Q3
1003,conf/sigmod/RothAHCCFSTW96,True,6,2i9wDNdFZM8J,0.9282489276335801,0.7461109438270168,0.18213798380656332,0.5500000000000002,True,correct,DBLP,42,True,correct,Q2
1004,conf/sigmod/ShatdalN95,True,1,nbU59lK7JJYJ,0.9888868061662796,0.028121470849339865,0.9607653353169396,0.5500000000000002,True,correct,DBLP,42,True,correct,Q4
1005,conf/sigmod/BrunoKS02,True,3,GahdNMZNCWgJ,0.9597772049315826,0.3576993167896347,0.602077888141948,0.5500000000000002,True,correct,DBLP,42,True,correct,Q3
1006,conf/sigmod/Ojjeh99,True,2,url:http://portal.acm.org/ft_gateway.cfm%3Fid%3D304245%26type%3Dpdf%26dl%3DGUIDE%26dl%3DACM%26CFID%3D11111111%26CFTOKEN%3D2222222,0.9612655175374285,0.027723128838471174,0.9335423886989573,0.5500000000000002,True,correct,DBLP,42,True,correct,Q3
1007,journals/tods/ZaharioudakisCF97,True,2,naUCkadkOekJ,0.9823504030060183,0.21314654178493123,0.7692038612210871,0.5500000000000002,True,correct,DBLP,42,True,correct,Q3
1008,journals/sigmod/LeveneP02,False,0,url:http://portal.acm.org/ft_gateway.cfm%3Fid%3D1031591%26type%3Dpdf,0.017778327449285286,0.003648017850558338,0.014130309598726947,0.5500000000000002,False,unmatched_abstention,DBLP,42,False,unmatched_abstention,Q1
1009,conf/sigmod/LiuHBPT99,True,2,PKQ1dCQIwi0J,0.9900067680855172,0.9110542435646927,0.07895252452082457,0.5500000000000002,True,correct,DBLP,42,True,correct,Q2
1010,journals/vldb/ManegoldBK00,True,5,xWYu2JWiF_kJ,0.9797757329785564,0.9596324130454013,0.0201433199331551,0.5500000000000002,True,correct,DBLP,42,True,correct,Q1
1011,conf/vldb/LudasaherGM00,True,1,H4hHa7dQdSAJ,0.981248805735818,0.6536972142095804,0.3275515915262376,0.5500000000000002,True,correct,DBLP,42,True,correct,Q2
1012,conf/vldb/NaumannLF99,True,3,MEQuU1E4vdoJ,0.9766409660457485,0.8639904148344726,0.11265055121127587,0.5500000000000002,True,correct,DBLP,42,True,correct,Q2
1013,conf/sigmod/AgrawalS00,True,1,ufPUBsN4eg0J,0.9612431254227498,0.30460955042207655,0.6566335750006733,0.5500000000000002,True,correct,DBLP,42,True,correct,Q3
1014,conf/sigmod/Gibson95,False,0,nYQRxEXS8V4J,0.011509015045079686,0.0029364961432309096,0.008572518901848776,0.5500000000000002,False,unmatched_abstention,DBLP,42,False,unmatched_abstention,Q1
1015,conf/sigmod/ZhugeGHW95,True,10,_XLK2p-e2pYJ,0.963668587321103,0.949762866547109,0.013905720773994101,0.5500000000000002,True,correct,DBLP,42,True,correct,Q1
1016,conf/vldb/EicklerGK95,True,1,63QhLG57QssJ,0.9803919230058206,0.009857952427153899,0.9705339705786666,0.5500000000000002,True,correct,DBLP,42,True,correct,Q4
1017,journals/sigmod/Widom95,False,0,xgdBJbatYcIJ,0.6204587343685951,0.5007928686734888,0.11966586569510629,0.5500000000000002,True,false_link,DBLP,42,False,unmatched_abstention,Q2
1018,journals/sigmod/DongS00,True,1,gH_HDDJghbAJ,0.9470194526078477,0.010186884013649209,0.9368325685941985,0.5500000000000002,True,correct,DBLP,42,True,correct,Q3
1019,conf/sigmod/DanielsDDEHJJLSSS94,True,1,fLNHwVFqnbIJ,0.7691573359293585,0.0005412236516912146,0.7686161122776674,0.5500000000000002,True,correct,DBLP,42,True,correct,Q3
1020,conf/sigmod/ReinwaldP98,True,2,QAjOGW-ffQIJ,0.9627780884685365,0.95698671227439,0.005791376194146491,0.5500000000000002,True,correct,DBLP,42,True,correct,Q1
1021,journals/vldb/HjaltasonS02,True,2,FH41DtWf_jAJ,0.9796062597592086,0.8559430703602876,0.12366318939892096,0.5500000000000002,True,correct,DBLP,42,True,correct,Q2
1022,journals/tods/YanG99,True,1,y6gLSJhyXfcJ,0.9836855201780816,0.009025229624931288,0.9746602905531504,0.5500000000000002,True,correct,DBLP,42,True,correct,Q4
1023,conf/sigmod/Greer99,True,1,oNPjyBZrURgJ,0.9900067680855172,0.08291652907470552,0.9070902390108118,0.5500000000000002,True,correct,DBLP,42,True,correct,Q3
1024,conf/vldb/Slutz98,True,1,1blbGQk5ZpUJ,0.96215395711814,0.0006251430640422228,0.9615288140540977,0.5500000000000002,True,correct,DBLP,42,True,correct,Q4
1025,conf/vldb/OzsuLON01,True,2,qqdXmdgAaMgJ,0.9700985239811444,0.8850824490028956,0.08501607497824881,0.5500000000000002,True,correct,DBLP,42,True,correct,Q2
1026,journals/tods/PolyzoisG94,True,2,LoL0Yu6h4VAJ,0.9791773004813858,0.966714984938269,0.012462315543116831,0.5500000000000002,True,correct,DBLP,42,True,correct,Q1
1027,journals/sigmod/CeriFP99,True,2,zCbDZVfxWhAJ,0.989945903844589,0.6312502063186047,0.3586956975259843,0.5500000000000002,True,correct,DBLP,42,True,correct,Q2
1028,conf/sigmod/Keim96,True,2,AF9vuEJOr6cJ,0.9823455353638152,0.8667434197285198,0.11560211563529543,0.5500000000000002,True,correct,DBLP,42,True,correct,Q2
1029,journals/sigmod/Hammer02a,True,1,url:http://portal.acm.org/ft_gateway.cfm%3Fid%3D601859%26type%3Dpdf%26dl%3DGUIDE%26dl%3DACM%26CFID%3D11111111%26CFTOKEN%3D2222222,0.5415500069731546,0.016493425236099157,0.5250565817370554,0.5500000000000002,False,missing_match,DBLP,42,True,correct,Q3
1030,journals/vldb/PapadiasS94,True,3,UM0nh_l5epoJ,0.9849044108490916,0.9729811349584356,0.011923275890656004,0.5500000000000002,True,correct,DBLP,42,True,correct,Q1
1031,journals/tods/Chomicki03,True,1,pHuL-9kHWH0J,0.9849681592847241,0.47717491640572934,0.5077932428789949,0.5500000000000002,True,correct,DBLP,42,True,correct,Q3
1032,conf/sigmod/Brewer98,True,1,k4UNrsGeUuAJ,0.9767364647720825,0.008728729014251922,0.9680077357578306,0.5500000000000002,True,correct,DBLP,42,True,correct,Q4
1033,conf/vldb/HsuLOMTX02,True,1,Px35BrWc6_EJ,0.9868404605290523,0.0066919060839099815,0.9801485544451423,0.5500000000000002,True,correct,DBLP,42,True,correct,Q4
1034,journals/tods/LakshmananLRS97,True,2,UByN6paxEXwJ,0.9763353453843113,0.5378592038348726,0.4384761415494387,0.5500000000000002,True,correct,DBLP,42,True,correct,Q3
1035,conf/sigmod/HeC03,True,1,MNmlxFx4l-8J,0.9853275376565682,0.17627778861177248,0.8090497490447958,0.5500000000000002,True,correct,DBLP,42,True,correct,Q3
1036,conf/vldb/SchindlerAG03,True,1,CsWyDorgQF4J,0.9818289157403228,0.0011333632395893708,0.9806955525007335,0.5500000000000002,True,correct,DBLP,42,True,correct,Q4
1037,journals/tods/Snodgrass01a,False,0,zvcs9bbyoi0J,0.5707393101094257,0.535400033041937,0.03533927706748874,0.5500000000000002,True,false_link,DBLP,42,False,unmatched_abstention,Q1
1038,journals/sigmod/BunemanRU97,True,3,5qg4BNiroqMJ,0.9878293079139312,0.9146297740167164,0.07319953389721479,0.5500000000000002,True,correct,DBLP,42,True,correct,Q2
1039,conf/vldb/FankhauserGLMT98,True,2,JnwUAxUMwvQJ,0.9350098207253505,0.9335372812292079,0.0014725394961426774,0.5500000000000002,True,correct,DBLP,42,True,correct,Q1
1040,conf/sigmod/DraperHW01,True,3,sURGDemFSsUJ,0.9814394595548197,0.8886822975909785,0.0927571619638412,0.5500000000000002,True,correct,DBLP,42,True,correct,Q2
1041,conf/vldb/PolyzotisG02,True,1,krAZ7iDMEOQJ,0.9852290451592072,0.1433483901757266,0.8418806549834805,0.5500000000000002,True,correct,DBLP,42,True,correct,Q3
1042,journals/sigmod/WuY00,True,1,url:http://portal.acm.org/ft_gateway.cfm%3Fid%3D362096%26type%3Dpdf%26dl%3DGUIDE%26dl%3DACM%26CFID%3D11111111%26CFTOKEN%3D2222222,0.430720109947928,0.002330856935589422,0.42838925301233854,0.5500000000000002,False,missing_match,DBLP,42,True,correct,Q3
1043,conf/sigmod/FaginKS03,True,2,tQZWeE_nsa0J,0.9900067731461883,0.2507450599682746,0.7392617131779138,0.5500000000000002,True,correct,DBLP,42,True,correct,Q3
1044,conf/vldb/BerchtoldKK96,True,13,WnYVibh8fxUJ,0.9580390683900882,0.8962256049285962,0.06181346346149208,0.5500000000000002,True,correct,DBLP,42,True,correct,Q2
1045,conf/vldb/Atal96,True,1,PaW8zjiNR9cJ,0.9837363288687412,0.0014305811960894654,0.9823057476726517,0.5500000000000002,True,correct,DBLP,42,True,correct,Q4
1046,conf/vldb/HvasshovdBT00,True,1,af50lhGnD8gJ,0.9124926781633088,0.40507473128149446,0.5074179468818143,0.5500000000000002,True,correct,DBLP,42,True,correct,Q3
1047,conf/sigmod/JagadishKS00,True,1,OZRYdxoJqXMJ,0.9465373499649008,0.010618863859974882,0.9359184861049259,0.5500000000000002,True,correct,DBLP,42,True,correct,Q3
1048,conf/vldb/VriesDBA99,True,1,3o-rUvRsdUwJ,0.9745789496616551,0.0020901948279444813,0.9724887548337107,0.5500000000000002,True,correct,DBLP,42,True,correct,Q4
1049,journals/vldb/IshakbeyogluO98,True,1,O9A-15rmzOsJ,0.9787487013919994,0.002250352933187032,0.9764983484588124,0.5500000000000002,True,correct,DBLP,42,True,correct,Q4
1050,conf/sigmod/Chong98,True,1,W-6r_OOEHLUJ,0.962778032005439,0.002225040909099364,0.9605529910963396,0.5500000000000002,True,correct,DBLP,42,True,correct,Q4
1051,conf/vldb/OzdenGHNSDGGW01,True,2,url:http://portal.acm.org/citation.cfm%3Fid%3D645927.672352,0.9529612618977266,0.8721592425730113,0.08080201932471531,0.5500000000000002,True,correct,DBLP,42,True,correct,Q2
1052,conf/vldb/Lesk94,True,1,nL5wl20jB-kJ,0.9837362569501461,0.0006932041466095072,0.9830430528035365,0.5500000000000002,True,correct,DBLP,42,True,correct,Q4
1053,journals/vldb/BalkirO98,True,1,pSf0S8boiZ0J,0.9799671995254016,0.0026094561656180093,0.9773577433597835,0.5500000000000002,True,correct,DBLP,42,True,correct,Q4
1054,journals/sigmod/Franklin99a,False,0,ntqMqfgRXM4J,0.48451155241419536,0.47451555033430487,0.009996002079890487,0.5500000000000002,False,unmatched_abstention,DBLP,42,False,unmatched_abstention,Q1
1055,conf/sigmod/BerckenDS00,True,4,3IFlpeKgLlAJ,0.9753205613633844,0.9327657306355404,0.04255483072784405,0.5500000000000002,True,correct,DBLP,42,True,correct,Q1
1056,journals/sigmod/Snodgrass00,False,0,NHxHsUH9L5MJ,0.0967605292557468,0.06960169955825406,0.02715882969749274,0.5500000000000002,False,unmatched_abstention,DBLP,42,False,unmatched_abstention,Q1
1057,journals/sigmod/BarclayBGS94,True,2,wPhDoeiINQsJ,0.9899458881628458,0.8272600630011171,0.1626858251617287,0.5500000000000002,True,correct,DBLP,42,True,correct,Q2
1058,conf/vldb/Draluk01,True,2,xQzrilMR-QQJ,0.983627069184117,0.9438400063673077,0.03978706281680933,0.5500000000000002,True,correct,DBLP,42,True,correct,Q1
1059,conf/vldb/PapadimitriouBF03,True,1,pAvCmcv_-lMJ,0.983736268448085,0.5542361641269973,0.42950010432108776,0.5500000000000002,True,correct,DBLP,42,True,correct,Q3
1060,conf/sigmod/BarbosaMKL02,True,2,wO-iR4jRq0UJ,0.8685603208141218,0.8463467027413772,0.02221361807274458,0.5500000000000002,True,correct,DBLP,42,True,correct,Q1
1061,journals/sigmod/JensenCEGHJ94,True,13,url:http://portal.acm.org/ft_gateway.cfm%3Fid%3D181560%26type%3Dpdf%26coll%3DGUIDE%26dl%3DACM%26CFID%3D11111111%26CFTOKEN%3D2222222,0.954656641913237,0.865518557755597,0.08913808415763991,0.5500000000000002,True,correct,DBLP,42,True,correct,Q2
1062,conf/sigmod/Bussler02,True,1,url:http://portal.acm.org/ft_gateway.cfm%3Fid%3D564801%26type%3Dpdf%26dl%3DGUIDE%26dl%3DACM%26CFID%3D11111111%26CFTOKEN%3D2222222,0.5227722996378044,0.001108550165580357,0.521663749472224,0.5500000000000002,False,missing_match,DBLP,42,True,correct,Q3
1063,conf/sigmod/HarinarayanRU96,True,15,QHUtoLECZzgJ,0.9891077671161786,0.9583859266899121,0.030721840426266578,0.5500000000000002,True,correct,DBLP,42,True,correct,Q1
1064,conf/vldb/Dyreson96,True,1,AfM_N94rVD0J,0.9837362699454646,0.0027277545659047074,0.9810085153795599,0.5500000000000002,True,correct,DBLP,42,True,correct,Q4
1065,journals/vldb/Antoshenkov97,True,1,gleX-n_dgkcJ,0.9849043757112227,0.7130011758452657,0.271903199865957,0.5500000000000002,True,correct,DBLP,42,True,correct,Q2
1066,conf/sigmod/KimCK01,True,1,EYI-OULRIz8J,0.9472120642441128,0.0015241074082637475,0.945687956835849,0.5500000000000002,True,correct,DBLP,42,True,correct,Q3
1067,journals/vldb/MuthOPW00,True,1,WFygKYK0NVQJ,0.9828049453174561,0.677094238976553,0.30571070634090314,0.5500000000000002,True,correct,DBLP,42,True,correct,Q2
1068,journals/sigmod/DunhamH95,False,0,CyzIFxmvc1cJ,0.008671963573626968,0.008628093730233854,4.386984339311423e-05,0.5500000000000002,False,unmatched_abstention,DBLP,42,False,unmatched_abstention,Q1
1069,journals/sigmod/Hampapur99,True,2,I-r1LE1najAJ,0.987636014281861,0.5519741785094774,0.4356618357723836,0.5500000000000002,True,correct,DBLP,42,True,correct,Q3
1070,conf/sigmod/AdaliBSS98,True,3,YQ90BYSVqbsJ,0.931365726433961,0.9197314328096771,0.01163429362428392,0.5500000000000002,True,correct,DBLP,42,True,correct,Q1
1071,conf/vldb/BonifatiCDS01,True,1,tCrfb27dXiwJ,0.9811563951673188,0.00845456381110867,0.9727018313562101,0.5500000000000002,True,correct,DBLP,42,True,correct,Q4
1072,journals/sigmod/NejdlSS03,True,1,lZGtV8TM9yoJ,0.989945893254034,0.005761609798428477,0.9841842834556056,0.5500000000000002,True,correct,DBLP,42,True,correct,Q4
1073,journals/tods/Snodgrass01,False,0,zvcs9bbyoi0J,0.5707393101094257,0.535400033041937,0.03533927706748874,0.5500000000000002,True,false_link,DBLP,42,False,unmatched_abstention,Q1
1074,journals/sigmod/RossGR03,False,0,tOa0zXK5Ba4J,0.507659710422472,0.41974630339823255,0.0879134070242395,0.5500000000000002,False,unmatched_abstention,DBLP,42,False,unmatched_abstention,Q2
1075,journals/sigmod/Franklin00,False,0,ntqMqfgRXM4J,0.47736642679721597,0.4743660370162046,0.003000389781011359,0.5500000000000002,False,unmatched_abstention,DBLP,42,False,unmatched_abstention,Q1
1076,journals/sigmod/GriffinK98,True,2,Qvl2bcDAyqEJ,0.9899458939421105,0.5621826837674933,0.42776321017461727,0.5500000000000002,True,correct,DBLP,42,True,correct,Q3
1077,conf/vldb/ZhuS02,True,1,iuyRrJJDBcIJ,0.9896446677824214,0.004551564053507372,0.9850931037289141,0.5500000000000002,True,correct,DBLP,42,True,correct,Q4
1078,conf/sigmod/LiCHH97,True,2,mNqvFihFg1AJ,0.9053868238671586,0.6316509183353215,0.27373590553183713,0.5500000000000002,True,correct,DBLP,42,True,correct,Q2
1079,conf/vldb/AksoyZF01,True,2,A92KQRVdZaoJ,0.9820927958060874,0.762099011321773,0.2199937844843144,0.5500000000000002,True,correct,DBLP,42,True,correct,Q2
1080,conf/vldb/Huyn97,True,2,9OYLimeDdj0J,0.9896446782666675,0.9034489666994615,0.08619571156720596,0.5500000000000002,True,correct,DBLP,42,True,correct,Q2
1081,journals/sigmod/Franklin98b,False,0,ntqMqfgRXM4J,0.5140649397143492,0.4848493121430091,0.029215627571340108,0.5500000000000002,False,unmatched_abstention,DBLP,42,False,unmatched_abstention,Q1
1082,journals/sigmod/DadamK97,True,1,9Ai_9dZChG4J,0.9899458939421105,0.008733576927605355,0.9812123170145052,0.5500000000000002,True,correct,DBLP,42,True,correct,Q4
1083,conf/vldb/NatsevCSLV01,True,4,2CYtbbiwv-AJ,0.9871911946313867,0.8941894424349998,0.09300175219638696,0.5500000000000002,True,correct,DBLP,42,True,correct,Q2
1084,conf/vldb/CareyCNVDRSM99,True,1,JpMllVmmnkAJ,0.9520376266239924,0.18281891289498894,0.7692187137290034,0.5500000000000002,True,correct,DBLP,42,True,correct,Q3
1085,conf/vldb/CherniackFZ01,True,2,49EWG8vzsXUJ,0.9787594291563034,0.9416014425845652,0.03715798657173819,0.5500000000000002,True,correct,DBLP,42,True,correct,Q1
1086,conf/sigmod/ChanI98,True,4,VC7Jbwgn_O0J,0.9734632621803806,0.8938238248990252,0.07963943728135536,0.5500000000000002,True,correct,DBLP,42,True,correct,Q2
1087,journals/sigmod/Liu03a,False,0,url:http://doi.wiley.com/10.1002/ev.1658,0.4402296953107939,0.38548734414891894,0.05474235116187498,0.5500000000000002,False,unmatched_abstention,DBLP,42,False,unmatched_abstention,Q2
1088,conf/sigmod/ShivakumarG97,True,1,4ioZ9JSSjVQJ,0.9634621828865975,0.0002964281306112113,0.9631657547559862,0.5500000000000002,True,correct,DBLP,42,True,correct,Q4
1089,conf/vldb/Mohan02a,True,1,ulDehVmIgfAJ,0.9896446677824214,0.010151129345782196,0.9794935384366392,0.5500000000000002,True,correct,DBLP,42,True,correct,Q4
1090,conf/vldb/King02,False,0,AJpKRr6bo7sJ,0.0005143676955913047,0.00042499446201083924,8.937323358046542e-05,0.5500000000000002,False,unmatched_abstention,DBLP,42,False,unmatched_abstention,Q1
1091,journals/vldb/GutingS95,True,8,CBHicx5w3ocJ,0.9375251789453861,0.8632673680328509,0.07425781091253525,0.5500000000000002,True,correct,DBLP,42,True,correct,Q2
1092,conf/sigmod/Shyy95,True,1,OjZoGJLFGqIJ,0.9831619132394646,0.0031202735537833102,0.9800416396856813,0.5500000000000002,True,correct,DBLP,42,True,correct,Q4
1093,conf/sigmod/PossSKL02,True,1,c3QptREmhgAJ,0.9790671095647279,0.04478081749665075,0.9342862920680771,0.5500000000000002,True,correct,DBLP,42,True,correct,Q3
1094,conf/vldb/Shaw98,True,2,sZZVwXivu-kJ,0.978241803101688,0.9512465161644206,0.026995286937267382,0.5500000000000002,True,correct,DBLP,42,True,correct,Q1
1095,conf/vldb/HuntAI01,True,1,0GT_dHqK5roJ,0.9559154675441708,0.43407263213270236,0.5218428354114684,0.5500000000000002,True,correct,DBLP,42,True,correct,Q3
1096,journals/tods/AndriesCPB01,True,2,iMGwasyHkgIJ,0.9766460370326093,0.20372695181695963,0.7729190852156497,0.5500000000000002,True,correct,DBLP,42,True,correct,Q3
1097,journals/sigmod/Konig-RiesL97,True,2,url:http://portal.acm.org/ft_gateway.cfm%3Fid%3D262771%26type%3Dpdf%26dl%3DGUIDE%26dl%3DACM%26CFID%3D11111111%26CFTOKEN%3D2222222,0.8635306320335684,0.7468239202045094,0.116706711829059,0.5500000000000002,True,correct,DBLP,42,True,correct,Q2
1098,conf/sigmod/GangulyGR03,True,1,Di-EjDZ_abYJ,0.9876207769593758,0.39709846017818673,0.590522316781189,0.5500000000000002,True,correct,DBLP,42,True,correct,Q3
1099,journals/sigmod/LightstoneLZ02,True,2,7TYVQTwq9FIJ,0.9899458895389995,0.889454455056045,0.1004914344829545,0.5500000000000002,True,correct,DBLP,42,True,correct,Q2
1100,conf/vldb/AgrawalK02,True,4,4weou-KgkM8J,0.9896446898796648,0.9612999784442399,0.02834471143542494,0.5500000000000002,True,correct,DBLP,42,True,correct,Q1
1101,conf/vldb/Kotidis01,True,1,lRL4LmMtwnYJ,0.9837363062642528,0.0008141684356523103,0.9829221378286005,0.5500000000000002,True,correct,DBLP,42,True,correct,Q4
1102,conf/vldb/StaudtJ96,True,2,6moFnThDHW0J,0.98964467231607,0.9292542955896398,0.06039037672643022,0.5500000000000002,True,correct,DBLP,42,True,correct,Q2
1103,conf/vldb/GeorgeH98,True,2,2L-UFpDof3UJ,0.9714621973662977,0.7214942168824799,0.24996798048381774,0.5500000000000002,True,correct,DBLP,42,True,correct,Q2
1104,conf/sigmod/Mohan01,True,1,IGS3TtqfKUgJ,0.9780038377342036,0.8599406046660316,0.11806323306817201,0.5500000000000002,True,correct,DBLP,42,True,correct,Q2
1105,conf/vldb/JagatheesanMPW03,True,1,InqySB8bkKkJ,0.5012702324509712,0.22778769913314637,0.2734825333178249,0.5500000000000002,False,missing_match,DBLP,42,True,correct,Q2
1106,conf/sigmod/Bosworth03,False,0,vtgbh3Fwu58J,0.29644677984699475,0.03142842009680852,0.2650183597501862,0.5500000000000002,False,unmatched_abstention,DBLP,42,False,unmatched_abstention,Q2
1107,conf/vldb/ChakrabartiGRS00,True,4,PTmCbogNUpAJ,0.9775851946206889,0.8720271068885239,0.10555808773216502,0.5500000000000002,True,correct,DBLP,42,True,correct,Q2
1108,conf/vldb/TorloneA03,True,1,v6kudD3ItEoJ,0.9837362944386936,0.0002622095844557006,0.9834740848542379,0.5500000000000002,True,correct,DBLP,42,True,correct,Q4
1109,conf/sigmod/Martin94,True,1,ogow-Rtc3fEJ,0.9629264652707114,0.06640155405412984,0.8965249112165815,0.5500000000000002,True,correct,DBLP,42,True,correct,Q3
1110,journals/sigmod/Kumar03,True,1,VuNnpxJwvQkJ,0.989945893254034,0.0014057800558920242,0.9885401131981421,0.5500000000000002,True,correct,DBLP,42,True,correct,Q4
1111,conf/vldb/Novaretti01,True,1,tZtnFoH5lY0J,0.9837362969742561,0.00037111154498167516,0.9833651854292744,0.5500000000000002,True,correct,DBLP,42,True,correct,Q4
1112,journals/vldb/JagadishKNS00,True,2,GtXc02EJjCgJ,0.9823193857948535,0.9588800071070377,0.02343937868781576,0.5500000000000002,True,correct,DBLP,42,True,correct,Q1
1113,journals/vldb/JagadishACLNPPSWWY02,True,5,zaDlTkyGASQJ,0.968276361363861,0.8755508693237924,0.09272549204006852,0.5500000000000002,True,correct,DBLP,42,True,correct,Q2
1114,conf/vldb/LiuJ02,False,0,cVVo6IeUE9MJ,0.47866574723017485,0.014743150891478637,0.4639225963386962,0.5500000000000002,False,unmatched_abstention,DBLP,42,False,unmatched_abstention,Q3
1115,conf/sigmod/ViglasN02,True,2,2aeb_pBP7lcJ,0.988931293291826,0.5524610613045002,0.4364702319873258,0.5500000000000002,True,correct,DBLP,42,True,correct,Q3
1116,journals/sigmod/DreyerDS94,True,1,GCf11c7YuucJ,0.9877037252532405,0.023875002593550604,0.9638287226596899,0.5500000000000002,True,correct,DBLP,42,True,correct,Q4
1117,conf/sigmod/AchyutuniON96,True,1,eRSkDzxP1JcJ,0.9856385397246804,0.0009755961867578346,0.9846629435379226,0.5500000000000002,True,correct,DBLP,42,True,correct,Q4
1118,journals/sigmod/HalkidiBV02,True,2,GHjgDrEbqM4J,0.9899458953182636,0.9432579414897756,0.046687953828488005,0.5500000000000002,True,correct,DBLP,42,True,correct,Q1
1119,journals/sigmod/Group94,False,0,18H1fJ3qOOYJ,0.0005086608483076546,0.00029675619790357744,0.00021190465040407712,0.5500000000000002,False,unmatched_abstention,DBLP,42,False,unmatched_abstention,Q1
1120,conf/vldb/CiacciaPZ97,True,8,HQQsPfQN7q0J,0.9636746251258089,0.9464414977938618,0.01723312733194715,0.5500000000000002,True,correct,DBLP,42,True,correct,Q1
1121,conf/vldb/RothOH99,True,2,c-Kalb26vykJ,0.9709344246355245,0.7481405562832072,0.2227938683523173,0.5500000000000002,True,correct,DBLP,42,True,correct,Q2
1122,conf/vldb/HoelS95,True,3,hwBMsP8-fXcJ,0.9760887757909066,0.9633717377460372,0.012717038044869344,0.5500000000000002,True,correct,DBLP,42,True,correct,Q1
1123,conf/vldb/ChenRS95,True,1,4TMZhO1wdwsJ,0.9502612338934895,0.0017270216828961739,0.9485342122105933,0.5500000000000002,True,correct,DBLP,42,True,correct,Q4
1124,conf/vldb/Chiueh94,True,3,nOF-SuSEaaEJ,0.9896446663654694,0.8893306566004616,0.10031400976500782,0.5500000000000002,True,correct,DBLP,42,True,correct,Q2
1125,journals/sigmod/OoiST03,True,1,gpjVvUtM6H8J,0.9405906194400029,0.0072655123335700475,0.9333251071064328,0.5500000000000002,True,correct,DBLP,42,True,correct,Q3
1126,conf/sigmod/ChenWZ98,True,1,NuwRNfDPpTcJ,0.8444176582374742,0.0011206414187222608,0.8432970168187519,0.5500000000000002,True,correct,DBLP,42,True,correct,Q3
1127,conf/vldb/SizovGT03,True,1,UbQPXbPLMCAJ,0.9777487325651989,0.022955770559732427,0.9547929620054665,0.5500000000000002,True,correct,DBLP,42,True,correct,Q4
1128,journals/sigmod/Manola98,True,2,VIjfH9f94xkJ,0.989945903844589,0.7107207339129554,0.2792251699316336,0.5500000000000002,True,correct,DBLP,42,True,correct,Q2
1129,conf/sigmod/LibkinMW96,True,3,OfZWx8jhQvwJ,0.9607062831805571,0.8865493110758974,0.07415697210465966,0.5500000000000002,True,correct,DBLP,42,True,correct,Q2
1130,journals/sigmod/Snodgrass98b,False,0,NHxHsUH9L5MJ,0.10049433098195398,0.07237146540700133,0.028122865574952652,0.5500000000000002,False,unmatched_abstention,DBLP,42,False,unmatched_abstention,Q1
1131,conf/vldb/SkubiszewskiV97,True,1,MJAw_2C6ErAJ,0.9833093463902737,0.007584693869414901,0.9757246525208588,0.5500000000000002,True,correct,DBLP,42,True,correct,Q4
1132,conf/sigmod/FreedmanD95,True,2,dt4Mxy8b2hwJ,0.964478744980006,0.6838557044462596,0.2806230405337463,0.5500000000000002,True,correct,DBLP,42,True,correct,Q2
1133,journals/sigmod/Stacey95,True,2,rdXUggm5kg0J,0.9865383103010701,0.6827034937105577,0.30383481659051237,0.5500000000000002,True,correct,DBLP,42,True,correct,Q2
1134,conf/sigmod/WaasG00,True,1,xnoCdNeQykAJ,0.9900067738301407,0.0005293207936618342,0.9894774530364788,0.5500000000000002,True,correct,DBLP,42,True,correct,Q4
1135,conf/vldb/BrinkhoffK94,True,2,egvBPvtoaMMJ,0.970195437283746,0.7493962674675677,0.2207991698161783,0.5500000000000002,True,correct,DBLP,42,True,correct,Q2
1136,conf/sigmod/RoussopoulosKV95,True,7,efwTNo1wRnMJ,0.985673348872116,0.9088093045260824,0.07686404434603356,0.5500000000000002,True,correct,DBLP,42,True,correct,Q2
1137,conf/vldb/JensenL01,True,1,yUDkYbmDTXIJ,0.958247624899342,0.02176815953119317,0.9364794653681489,0.5500000000000002,True,correct,DBLP,42,True,correct,Q3
1138,conf/vldb/WuYCT95,True,2,A5s_U6Ixg3EJ,0.9718730076919933,0.48746033335718797,0.4844126743348053,0.5500000000000002,True,correct,DBLP,42,True,correct,Q3
1139,journals/sigmod/DunhamH95a,True,3,CyzIFxmvc1cJ,0.9543644984417008,0.9096675257632247,0.044696972678476055,0.5500000000000002,True,correct,DBLP,42,True,correct,Q1
1140,conf/vldb/AshwinRSSS97,True,3,5VcKjo7jBOMJ,0.9872446433905159,0.9607693251925558,0.026475318197960118,0.5500000000000002,True,correct,DBLP,42,True,correct,Q1
1141,journals/vldb/LandauST95,True,3,N9d3F0NvbcEJ,0.9721711354218409,0.890013948408323,0.08215718701351782,0.5500000000000002,True,correct,DBLP,42,True,correct,Q2
1142,conf/sigmod/RundensteinerCLCZNJLW99,True,1,SADcQZhMqgEJ,0.9695751337090078,0.0004053088012770673,0.9691698249077307,0.5500000000000002,True,correct,DBLP,42,True,correct,Q4
1143,conf/vldb/LiuLBHTS03,True,1,pAhZKAo7m-sJ,0.9191673590593009,0.0005040108277881948,0.9186633482315127,0.5500000000000002,True,correct,DBLP,42,True,correct,Q3
1144,conf/sigmod/AdyaGLM95,True,4,bfcbZlt6vngJ,0.9900067751980447,0.9655043669731063,0.024502408224938432,0.5500000000000002,True,correct,DBLP,42,True,correct,Q1
1145,conf/vldb/SindoniTABFGMPPT01,True,1,0zdXnl9cQysJ,0.975522191792157,0.0009715458571058672,0.9745506459350511,0.5500000000000002,True,correct,DBLP,42,True,correct,Q4
1146,conf/vldb/MaedaT01,True,1,dipeGpTdsoQJ,0.9837362717662802,0.02333827050116754,0.9603980012651127,0.5500000000000002,True,correct,DBLP,42,True,correct,Q4
1147,conf/vldb/Korth95,True,1,UZAQL1o-c0MJ,0.8354011881109904,0.0004762789282491569,0.8349249091827412,0.5500000000000002,True,correct,DBLP,42,True,correct,Q3
1148,conf/vldb/GibbonsMP97,True,1,QKnjF3UgncMJ,0.9353556814150333,0.05415979114494877,0.8811958902700846,0.5500000000000002,True,correct,DBLP,42,True,correct,Q3
1149,journals/sigmod/Abiteboul99,True,2,J_7kZS39msAJ,0.9799428673971101,0.5143003395457305,0.4656425278513796,0.5500000000000002,True,correct,DBLP,42,True,correct,Q3
1150,journals/sigmod/Eisenberg96,True,4,tFbkjO2wcFMJ,0.988872887590354,0.9843406921052904,0.0045321954850635615,0.5500000000000002,True,correct,DBLP,42,True,correct,Q1
1151,conf/sigmod/HellersteinN96,True,5,_hDCldPyum0J,0.9883384616801486,0.9596073354168908,0.0287311262632578,0.5500000000000002,True,correct,DBLP,42,True,correct,Q1
1152,conf/sigmod/LuMSS95,True,1,Kk87yanaI1AJ,0.9672517252719793,0.02509320778889441,0.9421585174830849,0.5500000000000002,True,correct,DBLP,42,True,correct,Q3
1153,conf/vldb/Sarawagi99,True,2,W_CVz6V80csJ,0.9317593256823282,0.8758522428930946,0.05590708278923362,0.5500000000000002,True,correct,DBLP,42,True,correct,Q2
1154,conf/sigmod/ZhaoDNS98,True,7,mBC03oUT8yAJ,0.9895789984507937,0.9565271040135929,0.0330518944372008,0.5500000000000002,True,correct,DBLP,42,True,correct,Q1
1155,conf/vldb/RamakrishnanR96,True,1,3y1e-H-FdC0J,0.9768291568243307,0.00944042853003784,0.9673887282942929,0.5500000000000002,True,correct,DBLP,42,True,correct,Q4
1156,conf/vldb/AlexandrovABBBCDFHJKKKLLMMMPNPPRRSSW02,True,1,-FP8UTv_smkJ,0.6927364509989824,0.001268810448867717,0.6914676405501147,0.5500000000000002,True,correct,DBLP,42,True,correct,Q3
1157,journals/sigmod/Segev95,False,0,C84rFQN_ug0J,0.04100075494328968,0.03439311293721307,0.006607642006076615,0.5500000000000002,False,unmatched_abstention,DBLP,42,False,unmatched_abstention,Q1
1158,journals/vldb/Navarro02,True,2,UDQsHc_ps4IJ,0.9849043777669094,0.9007946968106532,0.08410968095625626,0.5500000000000002,True,correct,DBLP,42,True,correct,Q2
1159,journals/tods/MamoulisP01,True,1,Rg8V7NSK9tMJ,0.9849681386654786,0.14656889441856866,0.8383992442469099,0.5500000000000002,True,correct,DBLP,42,True,correct,Q3
1160,conf/vldb/Sol01,True,1,url:http://portal.acm.org/citation.cfm%3Fid%3D645927.672038%26coll%3Dportal%26dl%3DACM%26CFID%3D11111111%26CFTOKEN%3D2222222,0.7666964967507963,0.6011496208882481,0.16554687586254824,0.5500000000000002,True,correct,DBLP,42,True,false_link,Q2
1161,conf/vldb/Schek00,True,1,yMjJam38N8sJ,0.972759232024302,0.4371341160586615,0.5356251159656406,0.5500000000000002,True,correct,DBLP,42,True,correct,Q3
1162,conf/vldb/CarinoO98,True,3,lDNAWc5SrmIJ,0.9865815908099907,0.945675352276534,0.04090623853345676,0.5500000000000002,True,correct,DBLP,42,True,correct,Q1
1163,journals/vldb/VerykiosME03,True,1,khdP4spNnPoJ,0.9711393051040988,0.0018998629166482775,0.9692394421874506,0.5500000000000002,True,correct,DBLP,42,True,correct,Q4
1164,conf/sigmod/BohrerBBCFHKKMNRRSUUW97,True,4,oulaZpEWkMQJ,0.9471872008702831,0.3982411801699876,0.5489460207002954,0.5500000000000002,True,correct,DBLP,42,True,correct,Q3
1165,journals/vldb/IvesHW02,True,1,Bbm74R5b5yoJ,0.9781392432107183,0.0168231827380274,0.9613160604726909,0.5500000000000002,True,correct,DBLP,42,True,correct,Q4
1166,conf/vldb/VassalosP97,True,8,kG-k9420fGMJ,0.9896446820108218,0.9774319725345701,0.012212709476251637,0.5500000000000002,True,correct,DBLP,42,True,correct,Q1
1167,conf/vldb/PappasC00,True,2,url:http://portal.acm.org/citation.cfm%3Fid%3D645926.671850,0.9836351406361061,0.9479548338793669,0.03568030675673928,0.5500000000000002,True,correct,DBLP,42,True,correct,Q1
1168,conf/sigmod/MamoulisP99,True,4,z9MQwq7G3GYJ,0.9900067676015665,0.9725039752746775,0.017502792326889005,0.5500000000000002,True,correct,DBLP,42,True,correct,Q1
1169,conf/vldb/MarronL01,True,4,a3aecJJ58NIJ,0.9788335450573451,0.9504008365209303,0.028432708536414775,0.5500000000000002,True,correct,DBLP,42,True,correct,Q1
1170,journals/sigmod/SnodgrassHMOPRRWY98,False,0,url:http://portal.acm.org/ft_gateway.cfm%3Fid%3D290599%26type%3Dpdf%26dl%3DGUIDE%26dl%3DACM%26CFID%3D11111111%26CFTOKEN%3D2222222,0.6144689959507659,0.612873060933383,0.0015959350173828657,0.5500000000000002,True,false_link,DBLP,42,True,false_link,Q1
1171,journals/sigmod/KeetonPH98,True,3,6MtRlhEClPEJ,0.9886767793178104,0.9787585822772761,0.009918197040534316,0.5500000000000002,True,correct,DBLP,42,True,correct,Q1
1172,conf/sigmod/IvesFFLW99,True,4,yrnhcMqsUVoJ,0.9889615402138808,0.902185963737821,0.08677557647605982,0.5500000000000002,True,correct,DBLP,42,True,correct,Q2
1173,journals/sigmod/KramerNKRLKLZ97,True,1,1sBvG9OXpMAJ,0.9803649382164112,0.0013213247687652602,0.979043613447646,0.5500000000000002,True,correct,DBLP,42,True,correct,Q4
1174,conf/sigmod/ChandrasekaranCDFHHKMRS03,True,3,MNuT46WJZaQJ,0.8997234742364042,0.4755314515511077,0.4241920226852965,0.5500000000000002,True,correct,DBLP,42,True,correct,Q3
1175,journals/sigmod/Palpanas00,True,2,MGG31wuhuUIJ,0.9899458881628458,0.5546114132810378,0.435334474881808,0.5500000000000002,True,correct,DBLP,42,True,correct,Q3
1176,conf/vldb/WeberSNSS03,True,2,wjrZrNrZl4kJ,0.9733692801520417,0.7405220199238095,0.2328472602282322,0.5500000000000002,True,correct,DBLP,42,True,correct,Q2
1177,conf/vldb/MiloZ98,True,3,Nd7-CTB1lRgJ,0.9896446825121241,0.9526487161978691,0.03699596631425506,0.5500000000000002,True,correct,DBLP,42,True,correct,Q1
1178,conf/sigmod/ShklarSKT95,True,1,4IaWCBK6dMQJ,0.9900067689694716,0.09365111836691854,0.8963556506025531,0.5500000000000002,True,correct,DBLP,42,True,correct,Q3
1179,conf/sigmod/Miller98,True,5,fW6JIoNRqAQJ,0.9353483045828499,0.9112927573550614,0.024055547227788465,0.5500000000000002,True,correct,DBLP,42,True,correct,Q1
1180,conf/vldb/AmmannJR95,True,1,x-H7BqZ0Hw8J,0.9837363070468799,0.8482971660896048,0.13543914095727505,0.5500000000000002,True,correct,DBLP,42,True,correct,Q2
1181,conf/sigmod/RundensteinerWYD02,True,1,7MfXAAdBQ2EJ,0.9837526916269616,0.004445246560539847,0.9793074450664218,0.5500000000000002,True,correct,DBLP,42,True,correct,Q4
1182,journals/sigmod/Hoffner03,True,1,url:http://portal.acm.org/citation.cfm%3Fid%3D776985.776995%26coll%3DGUIDE%26dl%3DACM%26idx%3DJ689%26part%3Dperiodical%26WantType%3Dperiodical%26title%3DACM%2520SIGMOD%2520Record%26CFID%3D11111111%26CFTOKEN%3D2222222,0.9568168065198509,0.000988965807393837,0.9558278407124571,0.5500000000000002,True,correct,DBLP,42,True,correct,Q4
1183,conf/sigmod/Aggarwal03,True,1,qbubaA6mQawJ,0.6185531501358708,0.06481180623483548,0.5537413439010352,0.5500000000000002,True,correct,DBLP,42,True,correct,Q3
1184,journals/vldb/ConstantopoulosJMV95,True,1,_da6PvkQBM4J,0.9825198888210003,0.22419227426486454,0.7583276145561357,0.5500000000000002,True,correct,DBLP,42,True,correct,Q3
1185,conf/sigmod/FegarasSRM00,True,2,p1LusPTTxlAJ,0.9612431263339397,0.8134025906704013,0.14784053566353839,0.5500000000000002,True,correct,DBLP,42,True,correct,Q2
1186,journals/sigmod/Franklin99b,False,0,ntqMqfgRXM4J,0.48451155241419536,0.47451555033430487,0.009996002079890487,0.5500000000000002,False,unmatched_abstention,DBLP,42,False,unmatched_abstention,Q1
1187,journals/sigmod/Snodgrass01,False,0,NHxHsUH9L5MJ,0.09421602229806998,0.0677178423100633,0.026498179988006687,0.5500000000000002,False,unmatched_abstention,DBLP,42,False,unmatched_abstention,Q1
1188,conf/sigmod/SchleimerWA03,True,1,nCRFjDfhOmcJ,0.9882356223373608,0.001703979322708198,0.9865316430146527,0.5500000000000002,True,correct,DBLP,42,True,correct,Q4
1189,journals/sigmod/UrbanDG96,True,1,url:http://portal.acm.org/ft_gateway.cfm%3Fid%3D381892%26type%3Dpdf%26dl%3DGUIDE%26dl%3DACM%26CFID%3D11111111%26CFTOKEN%3D2222222,0.9780995254627007,0.023980219595023236,0.9541193058676775,0.5500000000000002,True,correct,DBLP,42,True,correct,Q4
1190,conf/vldb/RoussopoulosK98,True,1,Mg0A5yz-_wYJ,0.9896446658641663,0.18563294965675886,0.8040117162074074,0.5500000000000002,True,correct,DBLP,42,True,correct,Q3
1191,conf/vldb/HjelsvoldM94,True,2,eyNcyx9rcFwJ,0.98964467231607,0.8975003408480082,0.09214433146806178,0.5500000000000002,True,correct,DBLP,42,True,correct,Q2
1192,conf/vldb/HumborstadSHT97,True,1,TjJZGlCajbMJ,0.6588928051258092,0.0003950834396032215,0.6584977216862059,0.5500000000000002,True,correct,DBLP,42,True,correct,Q3
1193,conf/sigmod/FungSG02,True,1,_H4-ZecAsp0J,0.9562453559980022,0.010497438330907818,0.9457479176670944,0.5500000000000002,True,correct,DBLP,42,True,correct,Q3
1194,conf/vldb/Schnase00,True,1,OdaRU442nm0J,0.9736836894321483,0.2666230518857359,0.7070606375464125,0.5500000000000002,True,correct,DBLP,42,True,correct,Q3
1195,conf/sigmod/FranklinJK96,True,7,yY5hMqazRHoJ,0.9770876475299227,0.948702296311594,0.028385351218328747,0.5500000000000002,True,correct,DBLP,42,True,correct,Q1
1196,journals/vldb/AnGSVKI02,True,1,kBzZ1GUoa1AJ,0.9586742278803868,0.1957691544864208,0.762905073393966,0.5500000000000002,True,correct,DBLP,42,True,correct,Q3
1197,conf/vldb/Gentili01,True,1,2j1dalv3kCEJ,0.9837362717662802,0.002126977638695715,0.9816092941275845,0.5500000000000002,True,correct,DBLP,42,True,correct,Q4
1198,conf/sigmod/BarbaraI94,True,10,GXhaGGajWZkJ,0.9781011872603838,0.9681940928622871,0.009907094398096672,0.5500000000000002,True,correct,DBLP,42,True,correct,Q1
1199,journals/sigmod/AilamakiH03,True,1,url:http://portal.acm.org/ft_gateway.cfm%3Fid%3D945725%26type%3Dpdf%26dl%3DGUIDE%26dl%3DACM%26CFID%3D11111111%26CFTOKEN%3D2222222,0.9899458874747687,0.000528901550124618,0.9894169859246441,0.5500000000000002,True,correct,DBLP,42,True,correct,Q4
1200,journals/sigmod/RossKMV02,False,0,tOa0zXK5Ba4J,0.6357026733571082,0.4450920722207607,0.19061060113634748,0.5500000000000002,True,false_link,DBLP,42,True,false_link,Q2
1201,journals/sigmod/Domingo-FerrerH98,True,2,ajq2idLfpHMJ,0.989945899721372,0.6259476798886592,0.36399821983271285,0.5500000000000002,True,correct,DBLP,42,True,correct,Q2
1202,journals/vldb/MehtaD97,True,2,zppqMPNFTQIJ,0.9709862371773057,0.3467658083752558,0.6242204288020499,0.5500000000000002,True,correct,DBLP,42,True,correct,Q3
1203,conf/sigmod/LiS98,True,1,Vxg-4KP7FfEJ,0.9087069548785448,0.0072176701494834055,0.9014892847290614,0.5500000000000002,True,correct,DBLP,42,True,correct,Q3
1204,conf/vldb/XinHLW03,True,1,v0rD-1nzJmYJ,0.9831544283280417,0.005972211696716518,0.9771822166313252,0.5500000000000002,True,correct,DBLP,42,True,correct,Q4
1205,conf/sigmod/LometT03,True,1,GidOUF_Jd4oJ,0.8923274242052698,0.16032216616932263,0.7320052580359472,0.5500000000000002,True,correct,DBLP,42,True,correct,Q3
1206,conf/sigmod/PonnekantiK00,True,1,IddFq2o4ZsoJ,0.9612431505415885,0.0006271428566472079,0.9606160076849413,0.5500000000000002,True,correct,DBLP,42,True,correct,Q4
1207,conf/sigmod/Bayardo98,True,6,htTH8PrZ0dYJ,0.9610044850087807,0.5525049617134228,0.4084995232953579,0.5500000000000002,True,correct,DBLP,42,True,correct,Q2
1208,journals/vldb/SwamiS95,True,1,S6TmnZKgmxwJ,0.978895133738775,0.0019928418667118112,0.9769022918720632,0.5500000000000002,True,correct,DBLP,42,True,correct,Q4
1209,conf/vldb/TreschPL95,True,1,1rPUqMFsS3AJ,0.9837362721575945,0.31595431276414404,0.6677819593934504,0.5500000000000002,True,correct,DBLP,42,True,correct,Q3
1210,conf/sigmod/QuassWGHLMNRRAUW96,True,2,oB7qYK3HKiEJ,0.8865731836300079,0.26361508958603413,0.6229580940439738,0.5500000000000002,True,correct,DBLP,42,True,correct,Q3
1211,conf/sigmod/GetoorTK01,True,2,99N4rXNdaqMJ,0.960130485570438,0.9350429387891364,0.02508754678130165,0.5500000000000002,True,correct,DBLP,42,True,correct,Q1
1212,journals/vldb/Seshadri98,True,1,yXXD9DeXoAgJ,0.9849044108490916,0.16872852278386993,0.8161758880652217,0.5500000000000002,True,correct,DBLP,42,True,correct,Q3
1213,conf/sigmod/BaulierBGGHJKKMMNNRSSSWW99,True,1,wgRWDYY7q_8J,0.9660258258168433,0.14567869231160968,0.8203471335052336,0.5500000000000002,True,correct,DBLP,42,True,correct,Q3
1214,conf/vldb/BouganimP02,True,1,PhERWOcOkOgJ,0.9896446898796648,0.2793425062521889,0.7103021836274759,0.5500000000000002,True,correct,DBLP,42,True,correct,Q3
1215,conf/vldb/LeeHJT03,True,1,BSE2se70OMYJ,0.9844695074794955,0.0005394637278006638,0.9839300437516948,0.5500000000000002,True,correct,DBLP,42,True,correct,Q4
1216,conf/sigmod/PengC03,True,1,4Zlh-TEx9m4J,0.9481889942299807,0.5588560561183492,0.3893329381116315,0.5500000000000002,True,correct,DBLP,42,True,correct,Q2
1217,journals/sigmod/Nascimento03,True,2,url:http://portal.acm.org/citation.cfm%3Fid%3D776985.776996%26dl%3Dportal%26dl%3DACM%26idx%3D776985%26part%3Dperiodical%26WantType%3Dperiodical%26title%3DACM%2520SIGMOD%2520Record%26CFID%3D11111111%26CFTOKEN%3D2222222,0.9818562026757057,0.7184835555633672,0.26337264711233854,0.5500000000000002,True,correct,DBLP,42,True,correct,Q2
1218,conf/vldb/BernsteinD94,True,1,rNNtyNCgHLoJ,0.9846412533358986,0.008091106081199256,0.9765501472546994,0.5500000000000002,True,correct,DBLP,42,True,correct,Q4
1219,conf/sigmod/HinneburgK99,True,3,C9imFvgrSvAJ,0.9882076154675822,0.9683249876278158,0.019882627839766354,0.5500000000000002,True,correct,DBLP,42,True,correct,Q1
1220,conf/vldb/RaoR99,True,2,tv4rTR2Z-I8J,0.9792675124055951,0.038823610309475266,0.9404439020961198,0.5500000000000002,True,correct,DBLP,42,True,correct,Q3
1221,conf/vldb/MatiasVW00,True,2,7SeTnikjovEJ,0.9890334952589782,0.9413671048012826,0.04766639045769561,0.5500000000000002,True,correct,DBLP,42,True,correct,Q1
1222,conf/vldb/JiangSLB00,True,1,eZwzDZ7QhzoJ,0.9743349128883733,0.0032709280369726795,0.9710639848514006,0.5500000000000002,True,correct,DBLP,42,True,correct,Q4
1223,conf/vldb/ChavdaW97,True,2,E9AsPVyCDlMJ,0.9856304939920775,0.5805762885362817,0.40505420545579573,0.5500000000000002,True,correct,DBLP,42,True,correct,Q2
1224,conf/vldb/ChienTZ01,True,2,eWCz_YJFqjcJ,0.9725033931571526,0.8950207573211484,0.07748263583600423,0.5500000000000002,True,correct,DBLP,42,True,correct,Q2
1225,conf/vldb/AnandBH94,True,1,-UpQkB1uPLMJ,0.929234741982213,0.0010019948308881074,0.9282327471513249,0.5500000000000002,True,correct,DBLP,42,True,correct,Q3
1226,journals/sigmod/MusickM98,True,1,gt83e4uB09wJ,0.4902858866379955,0.002159688403464956,0.4881261982345305,0.5500000000000002,False,missing_match,DBLP,42,True,correct,Q3
1227,conf/sigmod/TomasicABKNR97,True,3,6CpWnsUqJNIJ,0.9872242183813023,0.8664802314879159,0.12074398689338639,0.5500000000000002,True,correct,DBLP,42,True,correct,Q2
1228,conf/sigmod/LarsonG98,True,2,QmBz3hMOFh4J,0.9510921737166176,0.9315315631940113,0.01956061052260627,0.5500000000000002,True,correct,DBLP,42,True,correct,Q1
1229,conf/vldb/CherniackZ98,True,1,So_H9Oer6lsJ,0.9795733405794079,0.002760373129034764,0.9768129674503732,0.5500000000000002,True,correct,DBLP,42,True,correct,Q4
1230,journals/sigmod/Roussopoulos98,True,2,GfjHZswtM0EJ,0.989945909623845,0.4830494506091577,0.5068964590146873,0.5500000000000002,True,correct,DBLP,42,True,correct,Q3
1231,conf/vldb/Ganguly98,True,1,a8cB2S6Td-sJ,0.9837362951534433,0.02338027817769176,0.9603560169757516,0.5500000000000002,True,correct,DBLP,42,True,correct,Q4
1232,conf/sigmod/HaasH99,True,3,bsfsN1NtuOMJ,0.9690864118552072,0.9508263106552731,0.018260101199934042,0.5500000000000002,True,correct,DBLP,42,True,correct,Q1
1233,journals/tods/CiacciaP02,True,1,dArDZIV5VE4J,0.9849681709525188,0.08298807024795216,0.9019801007045666,0.5500000000000002,True,correct,DBLP,42,True,correct,Q3
1234,journals/sigmod/FengJH01,True,1,SUT-QTwqFNkJ,0.9889471540699463,0.0017372955346649233,0.9872098585352813,0.5500000000000002,True,correct,DBLP,42,True,correct,Q4
1235,conf/vldb/IoannidisP99,True,3,umrivnVIoj0J,0.9837133259878076,0.9669805558534168,0.016732770134390784,0.5500000000000002,True,correct,DBLP,42,True,correct,Q1
1236,journals/sigmod/TsotrasJS98,True,2,f3-E7x12K4gJ,0.9857002286355951,0.7472665724161466,0.23843365621944856,0.5500000000000002,True,correct,DBLP,42,True,correct,Q2
1237,journals/sigmod/DoanPSB97,True,2,fdM1W8iEk_YJ,0.9888729049268817,0.2582562120890411,0.7306166928378406,0.5500000000000002,True,correct,DBLP,42,True,correct,Q3
1238,conf/vldb/SrinivasaK03,True,1,4iJ3Fd2xnUYJ,0.9657662147489069,0.010535593212127804,0.9552306215367791,0.5500000000000002,True,correct,DBLP,42,True,correct,Q4
1239,journals/sigmod/TsotrasK96,True,3,9HEdn3A13BQJ,0.7327245972895087,0.32251444220625386,0.4102101550832548,0.5500000000000002,True,correct,DBLP,42,False,missing_match,Q2
1240,conf/sigmod/Kulkarni94,True,1,eN_4FTimCKYJ,0.9825207753507361,0.0011525653908255554,0.9813682099599106,0.5500000000000002,True,correct,DBLP,42,True,correct,Q4
1241,journals/sigmod/Lomet01,True,1,fI5o4MfWwzIJ,0.9899458895389995,0.006221314618797105,0.9837245749202024,0.5500000000000002,True,correct,DBLP,42,True,correct,Q4
1242,journals/sigmod/Rosenthal98,True,1,ZMMeRrWUlOoJ,0.9781599123927779,0.0009088871780759653,0.977251025214702,0.5500000000000002,True,correct,DBLP,42,True,correct,Q4
1243,conf/sigmod/PadmanabhanBMCH03,True,1,wI75uFSs0bwJ,0.98461178796864,0.010843287926890077,0.97376850004175,0.5500000000000002,True,correct,DBLP,42,True,correct,Q4
1244,conf/vldb/HelmerWM98,True,2,5ipPVLRhDqoJ,0.9896446820108218,0.6487679971701273,0.34087668484069444,0.5500000000000002,True,correct,DBLP,42,True,correct,Q2
1245,journals/tods/CeriFPT95,True,1,aphxPCo8qkgJ,0.9188388708769322,0.9081808534960247,0.010658017380907436,0.5500000000000002,True,false_link,DBLP,42,True,correct,Q1
1246,conf/vldb/Shmueli01,True,2,rEwEqoAns-gJ,0.9837362810562912,0.47576097611226587,0.5079753049440253,0.5500000000000002,True,correct,DBLP,42,True,correct,Q3
1247,conf/sigmod/RaoBG96,True,2,UmM1k4NoD2IJ,0.9714070199637455,0.2906912903952802,0.6807157295684653,0.5500000000000002,True,correct,DBLP,42,True,correct,Q3
1248,journals/vldb/WidomS00,True,1,url:http://www.springerlink.com/index/JWGUMV8YDL893E3V.pdf,0.1935729615321429,0.13502155724511847,0.05855140428702443,0.5500000000000002,False,missing_match,DBLP,42,True,correct,Q2
1249,conf/sigmod/CarinoKKB01,True,2,a9HFF_bwiH4J,0.9774401298642947,0.902170277377353,0.07526985248694174,0.5500000000000002,True,correct,DBLP,42,True,correct,Q2
1250,conf/sigmod/BargaL99,True,2,QGxyK7bJQOMJ,0.9346657425256708,0.9003091230595187,0.034356619466152094,0.5500000000000002,True,correct,DBLP,42,True,correct,Q1
1251,conf/sigmod/HungYK96,True,4,bTI28RjBpPwJ,0.9622230082344145,0.8661450865803755,0.09607792165403906,0.5500000000000002,True,correct,DBLP,42,True,correct,Q2
1252,conf/sigmod/RadekeBBEKKN95,True,2,bDN03rZhUQEJ,0.9792545831549492,0.4107577410465022,0.568496842108447,0.5500000000000002,True,correct,DBLP,42,True,correct,Q3
1253,journals/vldb/HaasCLS97,True,2,AypWukSuKVoJ,0.9827081264675115,0.9156228698999773,0.06708525656753417,0.5500000000000002,True,correct,DBLP,42,True,correct,Q2
1254,conf/sigmod/Whelan98,True,1,Jp9LEvXjiJAJ,0.9590242885062393,0.002872321147702619,0.9561519673585367,0.5500000000000002,True,correct,DBLP,42,True,correct,Q4
1255,conf/sigmod/CranorGJSS02,True,2,89Avc7qz9YoJ,0.9570603746846278,0.9510179997709225,0.006042374913705295,0.5500000000000002,True,correct,DBLP,42,True,correct,Q1
1256,conf/sigmod/ParkKKLPC98,True,2,aepGxosl6YoJ,0.9871866050806011,0.746243091621011,0.2409435134595901,0.5500000000000002,True,correct,DBLP,42,True,correct,Q2
1257,conf/vldb/ChaudhuriG99,True,2,l-Sn0enuHxkJ,0.9896446820108218,0.9698866623481478,0.019758019662673987,0.5500000000000002,True,correct,DBLP,42,True,correct,Q1
1258,journals/sigmod/MeltonE02,True,2,6uelfg3RgEoJ,0.9889438788738282,0.2485160200129195,0.7404278588609087,0.5500000000000002,True,correct,DBLP,42,True,correct,Q3
1259,conf/vldb/HardingLM03,False,0,_dOpWA3QWOEJ,0.00207857287480159,0.0006144759967641799,0.00146409687803741,0.5500000000000002,False,unmatched_abstention,DBLP,42,False,unmatched_abstention,Q1
1260,conf/vldb/BunkerCCMMW01,True,1,bKfF2TdyKDwJ,0.9698044658470657,0.0007579136962443135,0.9690465521508214,0.5500000000000002,True,correct,DBLP,42,True,correct,Q4
1261,journals/vldb/SaltenisJ02,True,1,HSEOZDaC8ZUJ,0.9525385267833341,0.30994603150887734,0.6425924952744567,0.5500000000000002,True,correct,DBLP,42,True,correct,Q3
1262,journals/sigmod/RashidS00,True,1,e0GH54HirssJ,0.989945903844589,0.02241860718473316,0.9675272966598558,0.5500000000000002,True,correct,DBLP,42,True,correct,Q4
1263,journals/vldb/AguileraCMVV02,True,3,SdVmepmUgQIJ,0.9849044215377692,0.8489420345498787,0.13596238698789054,0.5500000000000002,True,correct,DBLP,42,True,correct,Q2
1264,conf/vldb/GarofalakisG02,True,4,YkSTcehl8o4J,0.42325227814036254,0.4216739445738325,0.0015783335665300324,0.5500000000000002,False,missing_match,DBLP,42,True,correct,Q1
1265,journals/sigmod/Ozsu03a,False,0,NHxHsUH9L5MJ,0.09980222939219721,0.0718575186603672,0.02794471073183001,0.5500000000000002,False,unmatched_abstention,DBLP,42,False,unmatched_abstention,Q1
1266,journals/vldb/LinJF94,True,4,vmxFQL7lhKoJ,0.9780372903641135,0.9453249506382002,0.03271233972591325,0.5500000000000002,True,correct,DBLP,42,True,correct,Q1
1267,journals/tods/Alagic99,True,2,Gq6D6zMEPxoJ,0.9849681603082908,0.7588824249918128,0.22608573531647802,0.5500000000000002,True,correct,DBLP,42,True,correct,Q2
1268,journals/sigmod/Alonso95,False,0,t3PLMGOS26EJ,0.0034767497808447447,0.002414814018958803,0.0010619357618859415,0.5500000000000002,False,unmatched_abstention,DBLP,42,False,unmatched_abstention,Q1
1269,conf/sigmod/DeutschFS99,True,12,QxtGOVsCF78J,0.9900067779286449,0.9618092916275515,0.028197486301093422,0.5500000000000002,True,correct,DBLP,42,True,correct,Q1
1270,journals/sigmod/CeriKKLOSV00,True,1,nLbW09uNfmsJ,0.978995622505546,0.0010322276174268554,0.9779633948881191,0.5500000000000002,True,correct,DBLP,42,True,correct,Q4
1271,journals/sigmod/WangD03,False,0,enUg70kEpM8J,0.0021802142638497187,0.00010782727157947489,0.0020723869922702437,0.5500000000000002,False,unmatched_abstention,DBLP,42,True,false_link,Q1
1272,conf/sigmod/Nori00,True,1,url:http://portal.acm.org/citation.cfm%3Fid%3D342009.335474,0.9114375569823914,0.0002059245041898487,0.9112316324782015,0.5500000000000002,True,correct,DBLP,42,True,correct,Q3
1273,conf/vldb/EvangelidisLS95,True,5,EbGZKQPyH_4J,0.9837362810562912,0.9415704421434592,0.04216583891283199,0.5500000000000002,True,correct,DBLP,42,True,correct,Q1
1274,conf/vldb/HelmerM97,True,2,xsh0C_nCllsJ,0.9896446658641663,0.9566136135000202,0.03303105236414616,0.5500000000000002,True,correct,DBLP,42,True,correct,Q1
1275,conf/vldb/Brin95,True,7,dXegp-RmzXEJ,0.9896446677824214,0.9292005548317928,0.06044411295062868,0.5500000000000002,True,correct,DBLP,42,True,correct,Q2
1276,conf/vldb/KeimH99,True,1,28GZ8M1ZPVYJ,0.9877811260194143,0.006314868119684291,0.98146625789973,0.5500000000000002,True,correct,DBLP,42,True,correct,Q4
1277,conf/vldb/AgarwalADGNRS96,True,7,E4fU9kpfXQsJ,0.9706517103500661,0.8748541272445842,0.09579758310548192,0.5500000000000002,True,correct,DBLP,42,True,correct,Q2
1278,conf/vldb/GraefeBC98,True,1,v-kvo2hnsgkJ,0.9896446718147673,0.03645581272534567,0.9531888590894216,0.5500000000000002,True,correct,DBLP,42,True,correct,Q4
1279,conf/vldb/BohannonGKNS02,True,2,9BuBq-Tj0TUJ,0.9851781847035591,0.9539982782440091,0.031179906459550044,0.5500000000000002,True,correct,DBLP,42,True,correct,Q1
1280,conf/sigmod/BozkayaO97,True,3,gIZvbo_lu2IJ,0.9821751561902086,0.8296205568609645,0.1525545993292441,0.5500000000000002,True,correct,DBLP,42,True,correct,Q2
1281,journals/tods/TendickM94,True,1,FxCxfE4m1rUJ,0.9570481412151093,0.01480128129668427,0.942246859918425,0.5500000000000002,True,correct,DBLP,42,True,correct,Q3
1282,journals/sigmod/Mani03,True,1,FgLCpqaf8C8J,0.9888728932187797,0.010634101970322779,0.9782387912484569,0.5500000000000002,True,correct,DBLP,42,True,correct,Q4
1283,conf/vldb/MeekPK03,True,2,cR1ikuFsE1wJ,0.9825608996012173,0.9477518335214872,0.03480906607973011,0.5500000000000002,True,correct,DBLP,42,True,correct,Q1
1284,journals/vldb/WangW01,True,1,4eHVZHcQvdMJ,0.9827480988875933,0.0023454212638745514,0.9804026776237187,0.5500000000000002,True,correct,DBLP,42,True,correct,Q4
1285,conf/sigmod/Bampahl95,True,1,MbgdgwgZCIUJ,0.9007211757569,0.0018990944648137906,0.8988220812920862,0.5500000000000002,True,correct,DBLP,42,True,correct,Q3
1286,journals/sigmod/KaradimitriouT97,True,1,SrCBkHnIFL8J,0.9892293089899084,0.0021071431253690577,0.9871221658645393,0.5500000000000002,True,correct,DBLP,42,True,correct,Q4
1287,conf/vldb/NgH94,True,14,YMluKoJrxMcJ,0.9751829512468022,0.9751374356613846,4.551558541765477e-05,0.5500000000000002,True,correct,DBLP,42,True,correct,Q1
1288,journals/sigmod/GolabO03,True,3,lC5GjK5OpD0J,0.96922154581936,0.4006143792579149,0.5686071665614452,0.5500000000000002,True,correct,DBLP,42,True,correct,Q3
1289,journals/vldb/HarderR96,True,1,pWXIPx5lA7gJ,0.9325707357234759,0.001167757946335131,0.9314029777771408,0.5500000000000002,True,correct,DBLP,42,True,correct,Q3
1290,journals/sigmod/CfP99,False,0,xKi8Vm3o9KsJ,0.002679150069745632,0.0014946735976208334,0.0011844764721247985,0.5500000000000002,False,unmatched_abstention,DBLP,42,False,unmatched_abstention,Q1
1291,conf/vldb/KornMZ03,True,1,hBoL6DaFUMYJ,0.9670656818904589,0.0032749584068686582,0.9637907234835903,0.5500000000000002,True,correct,DBLP,42,True,correct,Q4
1292,conf/sigmod/BersonGM95,True,3,YkPqPzGFnZIJ,0.9364580386778809,0.8369089876332442,0.09954905104463674,0.5500000000000002,True,correct,DBLP,42,True,correct,Q2
1293,conf/vldb/LevyRO96,True,9,e_vUPQi8-xIJ,0.9812470139401018,0.9265371795487884,0.05470983439131338,0.5500000000000002,True,correct,DBLP,42,True,correct,Q2
1294,conf/sigmod/ChaudhuriMN98,True,8,hvMTb3FYOjQJ,0.9900067836732629,0.9806242792168797,0.009382504456383223,0.5500000000000002,True,correct,DBLP,42,True,correct,Q1
1295,conf/vldb/Vingralek02,False,0,1R21hO7j9sQJ,0.00035358731296295366,0.0003383021354316574,1.5285177531296277e-05,0.5500000000000002,False,unmatched_abstention,DBLP,42,False,unmatched_abstention,Q1
1296,conf/sigmod/Squire95,True,1,ery6k1e8h_sJ,0.9856733704306722,0.0025182260042391023,0.983155144426433,0.5500000000000002,True,correct,DBLP,42,True,correct,Q4
1297,journals/sigmod/JenningsNF98,True,3,YiZVv5kVDb4J,0.9875696806192753,0.5852558241071393,0.402313856512136,0.5500000000000002,True,correct,DBLP,42,True,correct,Q2
1298,journals/sigmod/ShethGJRSWW96,True,4,ub2wqqQgD40J,0.6201521484000994,0.4856745029356293,0.13447764546447005,0.5500000000000002,True,correct,DBLP,42,True,correct,Q2
1299,conf/sigmod/PiatkoYLS96,True,1,3NMPG1vUNgwJ,0.9855322904570908,0.00016496117901860464,0.9853673292780721,0.5500000000000002,True,correct,DBLP,42,True,correct,Q4
1300,conf/sigmod/McIverK94,True,1,LMV_K5t2am0J,0.9377425087174605,0.00013962331635199862,0.9376028854011085,0.5500000000000002,True,correct,DBLP,42,True,correct,Q3
1301,conf/sigmod/GoelI96,True,2,hD6w1eBfjWcJ,0.9900067738301407,0.9579069120821647,0.032099861747975966,0.5500000000000002,True,correct,DBLP,42,True,correct,Q1
1302,conf/vldb/Celis96,True,1,Bg5vcyRBKd8J,0.9837363040521275,0.0008402262416755035,0.9828960778104521,0.5500000000000002,True,correct,DBLP,42,True,correct,Q4
1303,conf/vldb/AggarwalHWY03,True,4,szlqyCesMpgJ,0.9839747611143898,0.8991642202276361,0.08481054088675366,0.5500000000000002,True,correct,DBLP,42,True,correct,Q2
1304,conf/sigmod/KriegelMPS01,True,1,tsPOU-H3A94J,0.8478799663160846,0.003860863351585177,0.8440191029644994,0.5500000000000002,True,correct,DBLP,42,True,correct,Q3
1305,journals/sigmod/BohmR94,True,2,GXApzwcGl78J,0.980591416477921,0.25827181008036926,0.7223196063975518,0.5500000000000002,True,correct,DBLP,42,True,correct,Q3
1306,journals/vldb/IoannidisNSS97,True,1,if5vzPT-qIAJ,0.974319752554111,0.6844559312915853,0.28986382126252563,0.5500000000000002,True,correct,DBLP,42,True,correct,Q2
1307,conf/sigmod/LeflerSW96,True,1,4b12cZc8QK4J,0.985532320503976,0.001137061730853104,0.9843952587731228,0.5500000000000002,True,correct,DBLP,42,True,correct,Q4
0,journals/sigmod/AtzeniM98,True,2,HtxGbMkTXdsJ,0.11821222745664951,0.06543375917297431,0.0527784682836752,0.5000000000000001,False,missing_match,DBLP,43,True,correct,Q1
1,conf/vldb/ShiSZ03,True,1,-OjqoDQTIxMJ,0.9857352785999955,0.001920112106344306,0.9838151664936512,0.5000000000000001,True,correct,DBLP,43,True,correct,Q4
2,conf/vldb/MalonM97,True,1,ogRpbFNQTSkJ,0.9789397713585812,0.0004464126254890873,0.9784933587330922,0.5000000000000001,True,correct,DBLP,43,True,correct,Q4
3,conf/vldb/ChaudhuriS96,True,5,QCFUIVkspywJ,0.9582567857569543,0.9240547324431221,0.03420205331383219,0.5000000000000001,True,correct,DBLP,43,True,correct,Q1
4,conf/sigmod/SeidlK98,True,2,TodiMgxv4vMJ,0.931779565270988,0.8649972008157107,0.0667823644552773,0.5000000000000001,True,correct,DBLP,43,True,correct,Q2
5,conf/sigmod/BargaL99,True,2,QGxyK7bJQOMJ,0.9275715775324828,0.8804291954521186,0.04714238208036414,0.5000000000000001,True,correct,DBLP,43,True,correct,Q1
6,conf/sigmod/ChooOLCGBPS96,True,6,WrrEnOJswS4J,0.9525412816035059,0.8017030433108568,0.15083823829264909,0.5000000000000001,True,correct,DBLP,43,True,correct,Q2
7,conf/sigmod/Galindo-Legaria94,True,1,iEs59H5EFHwJ,0.9356342916701397,0.009275024702512185,0.9263592669676275,0.5000000000000001,True,correct,DBLP,43,True,correct,Q3
8,conf/vldb/AgrawalSX02,True,1,a1CLM5GoVtYJ,0.990000597873991,0.014197465367898942,0.9758031325060921,0.5000000000000001,True,correct,DBLP,43,True,correct,Q4
9,journals/sigmod/NorrieBSW94,True,2,q6YVJJgD1uQJ,0.9850184145936424,0.026511804382707217,0.9585066102109352,0.5000000000000001,True,correct,DBLP,43,True,correct,Q4
10,journals/vldb/PapazogluK97,True,2,kFQl7LX8OQkJ,0.9079358358550589,0.7683934686089199,0.139542367246139,0.5000000000000001,True,correct,DBLP,43,True,correct,Q2
11,journals/vldb/BerendtS00,True,3,_0meUij3ZJEJ,0.9862840286611482,0.9643703163501506,0.02191371231099759,0.5000000000000001,True,correct,DBLP,43,True,correct,Q1
12,conf/sigmod/UrhanFA98,True,1,ufjnZovcIb4J,0.9359316035638529,0.0005708484304475896,0.9353607551334052,0.5000000000000001,True,correct,DBLP,43,True,correct,Q3
13,conf/vldb/NgH94,True,14,YMluKoJrxMcJ,0.9750525158001753,0.9692653672767352,0.005787148523440089,0.5000000000000001,True,correct,DBLP,43,True,correct,Q1
14,conf/vldb/TanGO99,True,1,CcTZvs8xd2sJ,0.9791864099406902,0.009855665005885965,0.9693307449348042,0.5000000000000001,True,correct,DBLP,43,True,correct,Q4
15,conf/sigmod/OoiTZGLLLNSWZ03,True,1,l78OeieL4ZsJ,0.6119462202763706,0.0007511308613207903,0.6111950894150497,0.5000000000000001,True,correct,DBLP,43,True,correct,Q3
16,conf/vldb/MadhavanBR01,True,4,wRHapJxb_-QJ,0.9888086285920092,0.9864543168209162,0.0023543117710930206,0.5000000000000001,True,correct,DBLP,43,True,correct,Q1
17,conf/sigmod/HjaltasonS98,True,2,3mwWUz_ORNYJ,0.9859695373574268,0.615683429893529,0.3702861074638978,0.5000000000000001,True,correct,DBLP,43,True,correct,Q3
18,journals/tods/GutingBEJLSV00,True,4,1qV5-83rTyUJ,0.9130285136086413,0.8166778155887245,0.0963506980199168,0.5000000000000001,True,correct,DBLP,43,True,correct,Q2
19,journals/sigmod/CuiJO02,True,2,Llr0ikQ8yIIJ,0.6380876999719642,0.17749567550422196,0.4605920244677423,0.5000000000000001,True,correct,DBLP,43,True,correct,Q3
20,conf/vldb/GarofalakisRS99,True,6,Xm3ygCvkmN8J,0.9900005974714438,0.9766865764447303,0.013314021026713418,0.5000000000000001,True,correct,DBLP,43,True,correct,Q1
21,conf/vldb/Moerkotte98,True,2,HcCevkoobDsJ,0.9900006131278463,0.879395206678871,0.11060540644897521,0.5000000000000001,True,correct,DBLP,43,True,correct,Q2
22,conf/sigmod/PopaDST00,True,1,gAwckIiPpTEJ,0.9601133429347455,0.00028516888860189826,0.9598281740461436,0.5000000000000001,True,correct,DBLP,43,True,correct,Q4
23,conf/sigmod/Aggarwal03,True,1,qbubaA6mQawJ,0.6007699277541073,0.07862810510543541,0.5221418226486719,0.5000000000000001,True,correct,DBLP,43,True,correct,Q3
24,conf/sigmod/KarbhariRXD02,True,2,TZsVVmiiHqEJ,0.9559881722068857,0.9127248398465304,0.04326333236035529,0.5000000000000001,True,correct,DBLP,43,True,correct,Q1
25,conf/sigmod/IoannidisP95,True,3,bv21uJEzUwAJ,0.9843869663629371,0.9463623663291622,0.03802460003377495,0.5000000000000001,True,correct,DBLP,43,True,correct,Q1
26,conf/vldb/GrustKT03,True,2,25xRkmL_4BsJ,0.9822504582867709,0.47160957659921343,0.5106408816875575,0.5000000000000001,True,correct,DBLP,43,True,correct,Q3
27,conf/sigmod/Dietterich94,False,0,pMJCOmp4AAkJ,0.011952461164645158,0.0011639623247631124,0.010788498839882046,0.5000000000000001,False,unmatched_abstention,DBLP,43,True,false_link,Q1
28,conf/sigmod/BreitbartKRSS99,True,1,XV2lpkhWCsYJ,0.9498725347263375,0.024224752624426,0.9256477821019115,0.5000000000000001,True,correct,DBLP,43,True,correct,Q3
29,conf/sigmod/HsiaoN00,True,1,iY5wlS4jsg0J,0.9859266134466503,0.000494010225642579,0.9854326032210078,0.5000000000000001,True,correct,DBLP,43,True,correct,Q4
30,conf/vldb/MillerHH00,True,7,KTp2S_xbXfYJ,0.9578316182358203,0.9569403686037965,0.000891249632023805,0.5000000000000001,True,correct,DBLP,43,True,correct,Q1
31,conf/vldb/BliujuteJSS98,True,5,oBpe7jg0YHYJ,0.989209392073,0.7612780140294906,0.22793137804350938,0.5000000000000001,True,correct,DBLP,43,True,correct,Q2
32,journals/sigmod/FifeG03,True,1,oOdAqQph_zsJ,0.9869119829155417,0.09257348305830193,0.8943384998572398,0.5000000000000001,True,correct,DBLP,43,True,correct,Q3
33,conf/sigmod/AchyutuniON96,True,1,eRSkDzxP1JcJ,0.9867679445792864,0.0015134373572717689,0.9852545072220147,0.5000000000000001,True,correct,DBLP,43,True,correct,Q4
34,conf/vldb/MahnkeMS02,True,1,VhxIKKG8oWYJ,0.882349631636205,0.0009159413086956503,0.8814336903275093,0.5000000000000001,True,correct,DBLP,43,True,correct,Q3
35,conf/vldb/JarkeKL00,True,2,6c3XQZ-_HDUJ,0.9743020306959246,0.8382673189659576,0.13603471172996695,0.5000000000000001,True,correct,DBLP,43,True,correct,Q2
36,conf/sigmod/JonkerS95,True,1,Rg4UOUTwgAcJ,0.9804099940147488,0.0026903829509678893,0.9777196110637809,0.5000000000000001,True,correct,DBLP,43,True,correct,Q4
37,conf/sigmod/OlstonWL01,True,1,I_YprPVQ45QJ,0.988062463966754,0.006879399282406863,0.9811830646843471,0.5000000000000001,True,correct,DBLP,43,True,correct,Q4
38,conf/vldb/Slutz98,True,1,1blbGQk5ZpUJ,0.9658008371806136,0.0014568080513044266,0.9643440291293092,0.5000000000000001,True,correct,DBLP,43,True,correct,Q4
39,conf/vldb/ChristodoulakisTZ97,True,2,lojHMj5xWEwJ,0.985735279764223,0.4862696079502903,0.49946567181393275,0.5000000000000001,True,correct,DBLP,43,True,correct,Q3
40,conf/vldb/NiermanJ02,True,1,1NZsxf_zwF4J,0.9884584726766757,0.000966748574103144,0.9874917241025726,0.5000000000000001,True,correct,DBLP,43,True,correct,Q4
41,conf/vldb/SkubiszewskiV97,True,1,MJAw_2C6ErAJ,0.985068904097143,0.005365499766647283,0.9797034043304957,0.5000000000000001,True,correct,DBLP,43,True,correct,Q4
42,journals/tods/GunopulosKMSTS03,True,5,-q1BFuUI27EJ,0.9825270153355488,0.354774497910622,0.6277525174249268,0.5000000000000001,True,correct,DBLP,43,True,correct,Q3
43,journals/sigmod/Ulusoy95,True,1,uMYecZGSCv4J,0.9901881233407668,0.06932846542455809,0.9208596579162087,0.5000000000000001,True,correct,DBLP,43,True,correct,Q3
44,journals/sigmod/LuoI02,True,2,url:http://portal.acm.org/ft_gateway.cfm%3Fid%3D601879%26type%3Dpdf%26dl%3DGUIDE%26dl%3DACM%26CFID%3D11111111%26CFTOKEN%3D2222222,0.6683261522771212,0.6180064517379983,0.050319700539122936,0.5000000000000001,True,correct,DBLP,43,True,correct,Q1
45,conf/vldb/Selinger02,True,1,76u3c8hIWqoJ,0.9779644979460703,0.0065639846372082845,0.971400513308862,0.5000000000000001,True,correct,DBLP,43,True,correct,Q4
46,conf/vldb/LiRS99,True,2,Bf44yXvb6EAJ,0.9041921850108459,0.7573493380961225,0.14684284691472338,0.5000000000000001,True,correct,DBLP,43,True,correct,Q2
47,journals/sigmod/Franklin97,False,0,url:http://doi.wiley.com/10.1002/tl.7700,0.44580411469091813,0.4392235989483884,0.006580515742529713,0.5000000000000001,False,unmatched_abstention,DBLP,43,False,unmatched_abstention,Q1
48,conf/sigmod/BarbosaMKL02,True,2,wO-iR4jRq0UJ,0.8383751150442065,0.8292566786567295,0.009118436387477002,0.5000000000000001,True,correct,DBLP,43,True,correct,Q1
49,conf/vldb/Ladin00,True,1,kPTa4IiS_sgJ,0.9857353099658533,0.2142813567076101,0.7714539532582433,0.5000000000000001,True,correct,DBLP,43,True,correct,Q3
50,conf/vldb/ShuklaDN98,True,2,1eCp1f8DhasJ,0.9889152471680862,0.7031062557739004,0.2858089913941858,0.5000000000000001,True,correct,DBLP,43,True,correct,Q2
51,conf/vldb/ChristopheBPV00,True,5,8DRB_dYz2CgJ,0.9900005852008434,0.9651297780705498,0.02487080713029366,0.5000000000000001,True,correct,DBLP,43,True,correct,Q1
52,journals/sigmod/SchlageterBHMSW95,True,2,url:http://portal.acm.org/citation.cfm%3Fid%3D202672,0.9566767339439494,0.599394028957142,0.35728270498680736,0.5000000000000001,True,correct,DBLP,43,True,correct,Q2
53,conf/vldb/Amer-YahiaCD98,True,3,9nmG2KCklEcJ,0.9900005974714438,0.9343614100503858,0.055639187421058,0.5000000000000001,True,correct,DBLP,43,True,correct,Q1
54,journals/sigmod/BonifatiC00,True,4,XCdMiXLp41IJ,0.9901881233407668,0.9479014431526968,0.042286680188070025,0.5000000000000001,True,correct,DBLP,43,True,correct,Q1
55,journals/sigmod/BertinoEH03,True,1,4m-WmWU5iGYJ,0.9830082732687333,0.07585168739844396,0.9071565858702894,0.5000000000000001,True,correct,DBLP,43,True,correct,Q3
56,conf/sigmod/SagonasSW94a,True,6,nDGblldnEGAJ,0.9858705165989395,0.7536148817214788,0.2322556348774607,0.5000000000000001,True,correct,DBLP,43,True,correct,Q2
57,conf/sigmod/Weininger00,True,1,url:http://portal.acm.org/citation.cfm%3Fid%3D335465,0.986974985763476,0.0003205882278244514,0.9866543975356515,0.5000000000000001,True,correct,DBLP,43,True,correct,Q4
58,journals/tods/Chomicki95,False,0,QVmWvrI3myQJ,0.8262866024430071,0.04179460874310373,0.7844919936999034,0.5000000000000001,True,false_link,DBLP,43,True,false_link,Q3
59,conf/sigmod/CookWZ94,True,2,LiIWlw3oNgUJ,0.9794083368999291,0.9524564243895216,0.026951912510407516,0.5000000000000001,True,correct,DBLP,43,True,correct,Q1
60,journals/tods/BozkayaO99,True,2,CEKbSWc_C6UJ,0.9828809889080187,0.7034822703199201,0.2793987185880986,0.5000000000000001,True,correct,DBLP,43,True,correct,Q2
61,conf/sigmod/BersonGMJ94,True,4,bw_c9Mk0_7IJ,0.988462658553156,0.9084140736211799,0.08004858493197609,0.5000000000000001,True,correct,DBLP,43,True,correct,Q2
62,conf/sigmod/AdamY98,True,1,url:http://portal.acm.org/ft_gateway.cfm%3Fid%3D276350%26type%3Dpdf%26dl%3DGUIDE%26dl%3DACM%26CFID%3D11111111%26CFTOKEN%3D2222222,0.8979605081760987,0.4748446873921956,0.42311582078390314,0.5000000000000001,True,correct,DBLP,43,True,correct,Q3
63,conf/sigmod/KanthRA02,True,1,RgDMwqhT30wJ,0.7806395939729095,0.0007489820073053163,0.7798906119656042,0.5000000000000001,True,correct,DBLP,43,True,correct,Q3
64,journals/tods/MehrotraRKS98,True,1,tAnONC5J2W8J,0.9855077919777334,0.02662960301401959,0.9588781889637138,0.5000000000000001,True,correct,DBLP,43,True,correct,Q4
65,journals/sigmod/GrayG97,True,5,fFCqy9V5XNgJ,0.9901881233407668,0.9566894881700809,0.03349863517068585,0.5000000000000001,True,correct,DBLP,43,True,correct,Q1
66,conf/vldb/MuthOPW98,True,1,cy0zVqmNba4J,0.9747513948105623,0.4310347679342893,0.543716626876273,0.5000000000000001,True,correct,DBLP,43,True,correct,Q3
67,journals/sigmod/Libkin99,True,2,zSO1Y5W7WkwJ,0.9901881249496111,0.5984064010896174,0.39178172385999366,0.5000000000000001,True,correct,DBLP,43,True,correct,Q3
68,conf/sigmod/Lassettre98,True,1,7p2MaOtr7u8J,0.9402282368971681,0.0005270949620453927,0.9397011419351227,0.5000000000000001,True,correct,DBLP,43,True,correct,Q3
69,journals/vldb/ChirkovaHS02,True,1,NdmocXlpq9QJ,0.9835960431194891,0.002108332758438241,0.9814877103610509,0.5000000000000001,True,correct,DBLP,43,True,correct,Q4
70,journals/sigmod/MattosD94,True,1,HhUCea7De6YJ,0.9873946274036725,0.001118394790647603,0.9862762326130249,0.5000000000000001,True,correct,DBLP,43,True,correct,Q4
71,journals/tods/DeySB99,True,1,lUIjuGqk6q4J,0.9805995692845038,0.0019252504690434175,0.9786743188154603,0.5000000000000001,True,correct,DBLP,43,True,correct,Q4
72,conf/vldb/PoosalaI96,True,1,NTlGMs3lqNEJ,0.979912369545094,0.014308752781523937,0.96560361676357,0.5000000000000001,True,correct,DBLP,43,True,correct,Q4
73,journals/sigmod/Group94,False,0,url:http://www.ingentaconnect.com/search/expand%3Fpub%3Dinfobike://els/08830355/2001/00000035/00000004/art00040%26unc%3D,0.0003141911884802185,0.0002837472388500809,3.0443949630137607e-05,0.5000000000000001,False,unmatched_abstention,DBLP,43,False,unmatched_abstention,Q1
74,conf/vldb/LaneEN00,True,2,EUNYWV7uBTwJ,0.3983986547481535,0.21524967901315367,0.18314897573499983,0.5000000000000001,False,missing_match,DBLP,43,True,correct,Q2
75,journals/vldb/TanGO00,True,1,url:http://www.springerlink.com/index/4N8LT3XHXGCR8DLW.pdf,0.9799819565801466,0.00875373178959116,0.9712282247905555,0.5000000000000001,True,correct,DBLP,43,True,correct,Q4
76,conf/sigmod/AdelbergGW97,True,2,zZo47Z-jVX4J,0.9902426264979829,0.9370154476287624,0.05322717886922046,0.5000000000000001,True,correct,DBLP,43,True,correct,Q1
77,conf/vldb/MiklauS03,True,1,cJUP6vfSm50J,0.9857352785999955,0.3391030422487694,0.6466322363512261,0.5000000000000001,True,correct,DBLP,43,True,correct,Q3
78,conf/vldb/KaushikBNS02,True,1,dL5oJVHK10kJ,0.9895489826705299,0.011258477605466478,0.9782905050650634,0.5000000000000001,True,correct,DBLP,43,True,correct,Q4
79,journals/tods/GravanoGT99,True,3,aXLcAfb2y5kJ,0.9863323725042336,0.5463729260433582,0.43995944646087537,0.5000000000000001,True,correct,DBLP,43,True,correct,Q3
80,journals/vldb/RafieiM02,True,1,kZFfJieudW4J,0.9832981987783924,0.048063156176412596,0.9352350426019799,0.5000000000000001,True,correct,DBLP,43,True,correct,Q3
81,journals/vldb/RahmB01,True,6,OmmFvfvPT6MJ,0.9826373322324532,0.9537895868969347,0.028847745335518482,0.5000000000000001,True,correct,DBLP,43,True,correct,Q1
82,conf/vldb/Deshpande00,True,1,2DiLFd0rgPgJ,0.985735279764223,0.0010181365704997343,0.9847171431937233,0.5000000000000001,True,correct,DBLP,43,True,correct,Q4
83,journals/sigmod/Gallagher94,True,1,PVm9r7wHzDAJ,0.9901881249496111,0.0036228031747571614,0.9865653217748539,0.5000000000000001,True,correct,DBLP,43,True,correct,Q4
84,conf/sigmod/Raghavan03,False,0,url:http://portal.acm.org/ft_gateway.cfm%3Fid%3D1099660%26type%3Dpdf,0.003479002426119808,0.0009261117350650807,0.0025528906910547273,0.5000000000000001,False,unmatched_abstention,DBLP,43,False,unmatched_abstention,Q1
85,conf/sigmod/FukudaMMT96,True,3,Bcuo4_yr2p0J,0.9773692264955732,0.9710587173321901,0.00631050916338316,0.5000000000000001,True,correct,DBLP,43,True,correct,Q1
86,journals/sigmod/YanG95,True,1,tMXkkRDxvkQJ,0.9893019650168727,0.011579665987679942,0.9777222990291928,0.5000000000000001,True,correct,DBLP,43,True,correct,Q4
87,journals/sigmod/Konig-RiesMMPPRSVW02,True,2,s6EfjBMbUb4J,0.2684711771137248,0.0066264668673522075,0.2618447102463726,0.5000000000000001,False,missing_match,DBLP,43,True,correct,Q2
88,journals/tods/TaoPZ02,True,1,CxBJwFNdozAJ,0.9863323727783241,0.0026523539482829956,0.9836800188300411,0.5000000000000001,True,correct,DBLP,43,True,correct,Q4
89,conf/sigmod/ChaudhuriG96,True,1,Fh1QPZpWHUMJ,0.9619034439270008,0.5847555172115645,0.3771479267154363,0.5000000000000001,True,correct,DBLP,43,True,correct,Q3
90,journals/sigmod/HasselbringHHKRRS00,True,3,X9PsaiaoDJ4J,0.28919470694782323,0.22652558945680495,0.06266911749101828,0.5000000000000001,False,missing_match,DBLP,43,True,correct,Q2
91,conf/vldb/Sripada02,True,1,UXm0EWCXxpIJ,0.9794498379558563,0.001590682743015717,0.9778591552128405,0.5000000000000001,True,correct,DBLP,43,True,correct,Q4
92,conf/vldb/DeutschT03,True,1,qkJ_IyVmLfUJ,0.9857352785999955,0.00255585923312256,0.983179419366873,0.5000000000000001,True,correct,DBLP,43,True,correct,Q4
93,conf/vldb/PottingerL00,True,5,llb7DerHoGIJ,0.8551765258759743,0.7719773359774338,0.08319918989854047,0.5000000000000001,True,correct,DBLP,43,True,correct,Q2
94,journals/sigmod/Roussopoulos98,True,2,GfjHZswtM0EJ,0.9901881375642547,0.5674242575694249,0.4227638799948298,0.5000000000000001,True,correct,DBLP,43,True,correct,Q3
95,journals/sigmod/GroskyFS94,True,2,zMK02pxd4OEJ,0.9843139481726775,0.7416794876249879,0.24263446054768956,0.5000000000000001,True,correct,DBLP,43,True,correct,Q2
96,conf/sigmod/ChanI98,True,4,VC7Jbwgn_O0J,0.9789523634776157,0.8572755412526833,0.12167682222493237,0.5000000000000001,True,correct,DBLP,43,True,correct,Q2
97,conf/vldb/LinR98,True,1,9qhYcGzQxC4J,0.985735304331202,0.0005760394639472752,0.9851592648672548,0.5000000000000001,True,correct,DBLP,43,True,correct,Q4
98,journals/sigmod/GobleR02,True,1,url:http://portal.acm.org/ft_gateway.cfm%3Fid%3D507366%26type%3Dpdf%26dl%3DGUIDE%26dl%3DACM%26CFID%3D11111111%26CFTOKEN%3D2222222,0.5161024421009742,0.011574222744435701,0.5045282193565386,0.5000000000000001,True,correct,DBLP,43,True,correct,Q3
99,journals/sigmod/LawderK01,True,1,eznFJ2e_pQQJ,0.979206256386021,0.10975248634895717,0.8694537700370638,0.5000000000000001,True,correct,DBLP,43,True,correct,Q3
100,journals/tods/WolfsonJH97,True,3,FlC-FF1hbbUJ,0.9863323705459821,0.8186879702167572,0.1676444003292249,0.5000000000000001,True,correct,DBLP,43,True,correct,Q2
101,conf/sigmod/BhargavaGI95,True,1,TXvfEP4WTD0J,0.9873747219618613,0.005733960088410445,0.9816407618734508,0.5000000000000001,True,correct,DBLP,43,True,correct,Q4
102,conf/sigmod/MaddenH02,True,1,NXakCefUcdUJ,0.9891910187546,0.001665606536644012,0.987525412217956,0.5000000000000001,True,correct,DBLP,43,True,correct,Q4
103,conf/vldb/LlirbatST97,True,1,v1fsWCSPn2MJ,0.6216128696338744,0.005297070996794227,0.6163157986370802,0.5000000000000001,True,correct,DBLP,43,True,correct,Q3
104,conf/vldb/Moni96,True,1,gbjXwFztQTsJ,0.985735279764223,0.0007216722995234539,0.9850136074646996,0.5000000000000001,True,correct,DBLP,43,True,correct,Q4
105,journals/sigmod/Snodgrass03,True,1,m-l6e98xxOsJ,0.9818849441258064,0.08275637102723078,0.8991285730985756,0.5000000000000001,True,correct,DBLP,43,True,correct,Q3
106,journals/vldb/MuthOPW00,True,1,WFygKYK0NVQJ,0.9841553875559564,0.6378331283882023,0.34632225916775417,0.5000000000000001,True,correct,DBLP,43,True,correct,Q2
107,conf/sigmod/BohmA96,True,1,978pJCGhaGoJ,0.947482514802301,0.015189376975623892,0.932293137826677,0.5000000000000001,True,correct,DBLP,43,True,correct,Q3
108,journals/vldb/Ozsu03,True,1,url:http://www.springerlink.com/index/3G9E0YCGLRQFPN89.pdf,0.8691844021366959,0.00031919285876807135,0.8688652092779279,0.5000000000000001,True,correct,DBLP,43,True,correct,Q3
109,conf/vldb/MorimotoIM97,True,3,3enylshvOl8J,0.961848115198556,0.8761000888285352,0.08574802637002077,0.5000000000000001,True,correct,DBLP,43,True,correct,Q2
110,conf/sigmod/CeriFPP95,False,0,LnNHfHLFsEcJ,0.0011143382189941124,0.0010799326903830199,3.4405528611092554e-05,0.5000000000000001,False,unmatched_abstention,DBLP,43,False,unmatched_abstention,Q1
111,journals/sigmod/Alonso95a,False,0,8Ge2xzsWVhAJ,0.003440436344766108,0.002973817749631005,0.0004666185951351029,0.5000000000000001,False,unmatched_abstention,DBLP,43,False,unmatched_abstention,Q1
112,conf/vldb/PirotteZMY94,True,1,8s-SP8sAvQAJ,0.9769060163058122,0.0044159807040293035,0.9724900356017829,0.5000000000000001,True,correct,DBLP,43,True,correct,Q4
113,conf/sigmod/WynblattN01,True,1,PVUtZWBcxlAJ,0.9864172260863787,0.006962571679927639,0.9794546544064511,0.5000000000000001,True,correct,DBLP,43,True,correct,Q4
114,conf/sigmod/CareyDFHMNSSTTWZ94,True,8,0oPBNo-ofPkJ,0.7679426399459285,0.5898525431016679,0.17809009684426058,0.5000000000000001,True,correct,DBLP,43,True,correct,Q2
115,conf/sigmod/AgrawalES03,True,2,HypA8oN4PqsJ,0.9510265917802497,0.11554204241014235,0.8354845493701074,0.5000000000000001,True,correct,DBLP,43,True,correct,Q3
116,conf/sigmod/Norrie95,True,1,url:http://portal.acm.org/ft_gateway.cfm%3Fid%3D223883%26type%3Dpdf%26dl%3DGUIDE%26dl%3DACM%26CFID%3D11111111%26CFTOKEN%3D2222222,0.4229078326277514,0.012552093518068469,0.4103557391096829,0.5000000000000001,False,missing_match,DBLP,43,True,correct,Q3
117,journals/vldb/PapazogluK97a,False,0,kFQl7LX8OQkJ,0.49515800783221636,0.28774216332165964,0.20741584451055672,0.5000000000000001,False,unmatched_abstention,DBLP,43,True,false_link,Q2
118,conf/vldb/DuttaDMRT00,True,1,q0Ovw6QUk3MJ,0.937529020990287,0.19655683866824597,0.740972182322041,0.5000000000000001,True,correct,DBLP,43,True,correct,Q3
119,conf/sigmod/HwangLYMMGCSS94,True,1,AWah9GLEFTAJ,0.9014266600147256,0.06189308128681644,0.8395335787279091,0.5000000000000001,True,correct,DBLP,43,True,correct,Q3
120,conf/sigmod/CareyMN97,True,4,dBgA1e-6LvkJ,0.6095162382749841,0.4908304945587939,0.11868574371619023,0.5000000000000001,True,correct,DBLP,43,True,correct,Q2
121,conf/vldb/IlyasAE02,True,1,nQsk3GveFP0J,0.9776615585039774,0.004676162528396882,0.9729853959755805,0.5000000000000001,True,correct,DBLP,43,True,correct,Q4
122,conf/sigmod/BohrerBBCFHKKMNRRSUUW97a,True,2,NiBdZXS0TCMJ,0.4325415457431859,0.33074009953095157,0.1018014462122343,0.5000000000000001,False,missing_match,DBLP,43,True,correct,Q2
123,conf/sigmod/RamaswamyRS00,True,2,VJIHPbki2uAJ,0.9664285223962717,0.6704795216337158,0.2959490007625559,0.5000000000000001,True,correct,DBLP,43,True,correct,Q2
124,conf/sigmod/Amer-YahiaFSX03,True,3,7-b5YXuGJS0J,0.9530951263148879,0.7262349656820626,0.22686016063282533,0.5000000000000001,True,correct,DBLP,43,True,correct,Q2
125,conf/sigmod/BreunigKNS00,True,4,vezxTIGxNywJ,0.893982818119733,0.763577181571593,0.13040563654813997,0.5000000000000001,True,correct,DBLP,43,True,correct,Q2
126,journals/tods/YanG94,True,3,fx6kDLBa8q8J,0.8920074700974681,0.8192235881613675,0.07278388193610053,0.5000000000000001,True,correct,DBLP,43,True,correct,Q2
127,conf/vldb/CareyCNVDRSM99,True,1,JpMllVmmnkAJ,0.9580591472642599,0.48358975069517396,0.47446939656908593,0.5000000000000001,True,correct,DBLP,43,True,correct,Q3
128,conf/sigmod/Deutsch95,True,1,url:http://portal.acm.org/citation.cfm%3Fid%3D223784.223880,0.9272379551852947,0.012797086027854782,0.9144408691574399,0.5000000000000001,True,correct,DBLP,43,True,correct,Q3
129,journals/sigmod/Snodgrass97,False,0,NHxHsUH9L5MJ,0.109979385324308,0.0651849140247978,0.0447944712995102,0.5000000000000001,False,unmatched_abstention,DBLP,43,False,unmatched_abstention,Q1
130,conf/sigmod/ChoALS03,True,1,MAdjH9lCsysJ,0.9845766394479174,0.0032766493083497047,0.9812999901395677,0.5000000000000001,True,correct,DBLP,43,True,correct,Q4
131,journals/vldb/C94b,False,0,url:http://www.springerlink.com/index/Q78X31366106T7X5.pdf,0.2142832147497011,0.2039999366486345,0.010283278101066606,0.5000000000000001,False,unmatched_abstention,DBLP,43,False,unmatched_abstention,Q1
132,conf/sigmod/SionAP03,True,1,_L0DhCpFaXMJ,0.8026646473259593,0.47313688294915,0.3295277643768093,0.5000000000000001,True,correct,DBLP,43,True,correct,Q2
133,conf/vldb/CohenMKS03,True,1,gRoNHWLN1WMJ,0.9857352945262216,0.027497564518112777,0.9582377300081087,0.5000000000000001,True,correct,DBLP,43,True,correct,Q4
134,conf/sigmod/JarkeQCLFLVV00,True,2,bl_VrPzIIPwJ,0.9858422747453299,0.9186677206282787,0.0671745541170512,0.5000000000000001,True,correct,DBLP,43,True,correct,Q2
135,journals/tods/BellNNS96,True,2,pz2VRTdXq1cJ,0.9813466550633626,0.8717614709637713,0.10958518409959128,0.5000000000000001,True,correct,DBLP,43,True,correct,Q2
136,conf/vldb/GoldmanW97,True,8,3zf3WSt0B6UJ,0.9900006114885662,0.952563169807676,0.03743744168089025,0.5000000000000001,True,correct,DBLP,43,True,correct,Q1
137,conf/sigmod/BerckenDS00,True,4,3IFlpeKgLlAJ,0.9765427595918588,0.931436923797059,0.045105835794799765,0.5000000000000001,True,correct,DBLP,43,True,correct,Q1
138,conf/vldb/OzsoyogluAAOUO02,True,1,Pb3y_NGGwjwJ,0.8449309788110361,0.004304862389238459,0.8406261164217976,0.5000000000000001,True,correct,DBLP,43,True,correct,Q3
139,journals/sigmod/Snodgrass94,True,2,SYVDufoTe_IJ,0.9818849204130289,0.04064278716376593,0.941242133249263,0.5000000000000001,True,correct,DBLP,43,True,correct,Q3
140,conf/sigmod/KriegelBKPS03,True,2,tsqBH6P4jMcJ,0.9845273085653465,0.959721291127482,0.02480601743786459,0.5000000000000001,True,correct,DBLP,43,True,correct,Q1
141,journals/sigmod/Chang03,True,1,B55TCVoUsnoJ,0.9863254581955473,0.005978743071026797,0.9803467151245205,0.5000000000000001,True,correct,DBLP,43,True,correct,Q4
142,journals/sigmod/KempsterST99,True,1,JfmkT9KvKWoJ,0.9842036667368327,0.5895264045455215,0.39467726219131116,0.5000000000000001,True,correct,DBLP,43,True,correct,Q3
143,journals/tods/CeriFPT95,True,1,DoS7NkmUyYgJ,0.8985312150031793,0.8576442813001683,0.040886933703011,0.5000000000000001,True,correct,DBLP,43,True,false_link,Q1
144,journals/vldb/BeckerGOSW96,True,2,BNQ07kOYONgJ,0.9842606199893036,0.9036677809689533,0.0805928390203503,0.5000000000000001,True,correct,DBLP,43,True,correct,Q2
145,conf/vldb/CareyD96,True,7,5xe-dQqXfI8J,0.9705257082663685,0.8499252926600143,0.12060041560635426,0.5000000000000001,True,correct,DBLP,43,True,correct,Q2
146,conf/sigmod/BaruFGHJPW95,True,2,C60KJG_xVm0J,0.9855555423005593,0.07559083287056684,0.9099647094299925,0.5000000000000001,True,correct,DBLP,43,True,correct,Q3
147,journals/sigmod/WenLMZ03,True,1,5KdceadGf8cJ,0.9860813482799089,0.0007220170777475138,0.9853593312021613,0.5000000000000001,True,correct,DBLP,43,True,correct,Q4
148,conf/sigmod/PeiMHZ00,True,1,UyhrqiH_-MoJ,0.9753641081252045,0.0010412554895692214,0.9743228526356352,0.5000000000000001,True,correct,DBLP,43,True,correct,Q4
149,conf/sigmod/GodfreySE98,True,2,f5cqkpUXl0kJ,0.9862641199806905,0.14142259799567347,0.844841521985017,0.5000000000000001,True,correct,DBLP,43,True,correct,Q3
150,journals/vldb/NanopoulosM02,True,1,icoWjIZ_6IIJ,0.9862840171695737,0.0029607696233671156,0.9833232475462066,0.5000000000000001,True,correct,DBLP,43,True,correct,Q4
151,journals/vldb/BerchtoldKK97,True,1,VHo2go6vjYsJ,0.9767351574442192,0.0024391426292414077,0.9742960148149779,0.5000000000000001,True,correct,DBLP,43,True,correct,Q4
152,conf/sigmod/BrunoKS02,True,3,GahdNMZNCWgJ,0.9559880937496263,0.4133465526770413,0.5426415410725851,0.5000000000000001,True,correct,DBLP,43,True,correct,Q3
153,conf/vldb/LuOT94,True,1,ZFXYXT4yEcAJ,0.9805714171558942,0.0064095299582429145,0.9741618871976513,0.5000000000000001,True,correct,DBLP,43,True,correct,Q4
154,conf/sigmod/GuhaJKSY02,True,1,z6l0wfs32iYJ,0.9418718150770534,0.04738645483825687,0.8944853602387965,0.5000000000000001,True,correct,DBLP,43,True,correct,Q3
155,journals/sigmod/LeeCL95,True,1,G1E5PwzwdSMJ,0.9726766312018629,0.009627193210151994,0.9630494379917108,0.5000000000000001,True,correct,DBLP,43,True,correct,Q4
156,journals/vldb/BernsteinIR03,True,1,url:http://www.springerlink.com/index/589TQRPPVBXQ6LJN.pdf,0.623309889047011,0.5005538148745664,0.12275607417244461,0.5000000000000001,True,false_link,DBLP,43,True,false_link,Q2
157,conf/sigmod/Rajaraman99,True,2,url:http://portal.acm.org/ft_gateway.cfm%3Fid%3D304246%26type%3Dpdf%26dl%3DGUIDE%26dl%3DACM%26CFID%3D11111111%26CFTOKEN%3D2222222,0.9592664067539634,0.9477619335400922,0.011504473213871158,0.5000000000000001,True,correct,DBLP,43,True,correct,Q1
158,conf/vldb/SindoniTABFGMPPT01,True,1,0zdXnl9cQysJ,0.9789816579157241,0.0018382498715346438,0.9771434080441894,0.5000000000000001,True,correct,DBLP,43,True,correct,Q4
159,conf/vldb/EsterKSWX98,True,2,MC7KlhmEQt8J,0.9860150546885358,0.9508017224944376,0.03521333219409817,0.5000000000000001,True,correct,DBLP,43,True,correct,Q1
160,journals/vldb/DiazJ97,True,1,RKAY1aZAeCoJ,0.9581198928177462,0.001474629657477001,0.9566452631602692,0.5000000000000001,True,correct,DBLP,43,True,correct,Q4
161,conf/sigmod/Amer-YahiaCLS01,True,4,DFubU20j1OIJ,0.9533696094560649,0.9473328250966689,0.006036784359395919,0.5000000000000001,True,correct,DBLP,43,True,correct,Q1
162,conf/sigmod/Cattell94,True,2,QgR0DgMbdgIJ,0.9235153063260944,0.003978092885255538,0.9195372134408388,0.5000000000000001,True,correct,DBLP,43,True,correct,Q3
163,journals/vldb/LandauST95,True,3,N9d3F0NvbcEJ,0.9762320891580479,0.8907838383746888,0.08544825078335916,0.5000000000000001,True,correct,DBLP,43,True,correct,Q2
164,conf/vldb/GuptaHQ95,True,5,VCSbj6MwKlgJ,0.990000611891113,0.887605770768212,0.10239484112290098,0.5000000000000001,True,correct,DBLP,43,True,correct,Q2
165,conf/vldb/LiCHPALHAY01,True,1,Nn0x6RmkrVwJ,0.9739153121123192,0.04059817856538401,0.9333171335469351,0.5000000000000001,True,correct,DBLP,43,True,correct,Q3
166,journals/tods/DekhtyarRS01,True,6,jZShiF9wrikJ,0.981400366081996,0.9463892215191699,0.03501114456282606,0.5000000000000001,True,correct,DBLP,43,True,correct,Q1
167,journals/sigmod/Winslett03b,False,0,oJtB__MYF4EJ,0.001726133887411688,0.0003079383158007423,0.0014181955716109458,0.5000000000000001,False,unmatched_abstention,DBLP,43,False,unmatched_abstention,Q1
168,conf/vldb/LimWV03,True,1,aPJnWocHLUwJ,0.9850804864899559,0.0026452725133044954,0.9824352139766515,0.5000000000000001,True,correct,DBLP,43,True,correct,Q4
169,conf/vldb/NaumannLF99,True,3,MEQuU1E4vdoJ,0.9777369572876541,0.8127646768302592,0.16497228045739487,0.5000000000000001,True,correct,DBLP,43,True,correct,Q2
170,conf/sigmod/DoppelhammerHKK97,True,2,q_A8Y8KY9WkJ,0.9700880363762693,0.9356237913531724,0.03446424502309686,0.5000000000000001,True,correct,DBLP,43,True,correct,Q1
171,conf/sigmod/IvesLPST00,True,2,rtnpqb22gGcJ,0.9767692276011438,0.8420886515693821,0.13468057603176176,0.5000000000000001,True,correct,DBLP,43,True,correct,Q2
172,conf/vldb/LakshmiZ98,True,2,QmXB6EKu-pYJ,0.9820320544680651,0.3015273690013417,0.6805046854667234,0.5000000000000001,True,correct,DBLP,43,True,correct,Q3
173,journals/sigmod/KambhampatiK03,True,1,url:http://portal.acm.org/ft_gateway.cfm%3Fid%3D959086%26type%3Dpdf%26dl%3DGUIDE%26dl%3DACM%26CFID%3D11111111%26CFTOKEN%3D2222222,0.9829286579976774,0.0011419542558158162,0.9817867037418615,0.5000000000000001,True,correct,DBLP,43,True,correct,Q4
174,journals/sigmod/Chen94,True,1,url:http://portal.acm.org/ft_gateway.cfm%3Fid%3D187460%26type%3Dpdf%26coll%3DGUIDE%26dl%3DACM%26CFID%3D11111111%26CFTOKEN%3D2222222,0.9638345422498497,0.006793285632273053,0.9570412566175766,0.5000000000000001,True,correct,DBLP,43,True,correct,Q4
175,conf/sigmod/Pirahesh94,True,1,VG96hL8afvgJ,0.9632041544842463,0.004811152156457587,0.9583930023277888,0.5000000000000001,True,correct,DBLP,43,True,correct,Q4
176,conf/sigmod/CatarciS01,True,1,frbExwv4DiwJ,0.9562186065393501,0.005388394904999619,0.9508302116343504,0.5000000000000001,True,correct,DBLP,43,True,correct,Q4
177,conf/sigmod/ZhugeGHW95,True,10,_XLK2p-e2pYJ,0.9612498821643342,0.9393587632964707,0.021891118867863435,0.5000000000000001,True,correct,DBLP,43,True,correct,Q1
178,journals/sigmod/AndlerHEMBE96,True,5,oNYOKYvjoKgJ,0.986465312952411,0.9582078229104176,0.028257490041993405,0.5000000000000001,True,correct,DBLP,43,True,correct,Q1
179,conf/vldb/PapakonstantinouAG96,True,6,gkbvvgj8kdUJ,0.990000611891113,0.9535333504178136,0.03646726147329937,0.5000000000000001,True,correct,DBLP,43,True,correct,Q1
180,conf/sigmod/Zeller03,False,0,amSBALWOE6cJ,0.026852486207928062,0.0030533816817441403,0.02379910452618392,0.5000000000000001,False,unmatched_abstention,DBLP,43,False,unmatched_abstention,Q1
181,conf/vldb/Huyn01,True,1,SbL4xw4mCewJ,0.985735279764223,0.0005105566173657641,0.9852247231468573,0.5000000000000001,True,correct,DBLP,43,True,correct,Q4
182,conf/sigmod/CookKWZ96,True,1,5MTgNlhnyTgJ,0.9806721282995569,0.06401751058331116,0.9166546177162457,0.5000000000000001,True,correct,DBLP,43,True,correct,Q3
183,journals/vldb/C94a,False,0,url:http://www.springerlink.com/index/W80L2810707344M1.pdf,0.035792956940112454,0.011126723393776487,0.024666233546335965,0.5000000000000001,False,unmatched_abstention,DBLP,43,True,false_link,Q1
184,journals/sigmod/Neven02,True,1,xAXF0HSF4h8J,0.9901881403153058,0.0037041072770495845,0.9864840330382562,0.5000000000000001,True,correct,DBLP,43,True,correct,Q4
185,conf/vldb/OzsuLON01,True,2,qqdXmdgAaMgJ,0.9760233327480766,0.8794659052976845,0.09655742745039209,0.5000000000000001,True,correct,DBLP,43,True,correct,Q2
186,journals/sigmod/Wedekind94,True,1,gqehj3-ukjIJ,0.8127476423996812,0.00027970474377707745,0.8124679376559042,0.5000000000000001,True,correct,DBLP,43,True,correct,Q3
187,journals/sigmod/Han98,True,5,Y0GdVVrbzfQJ,0.9901881304517194,0.9394230397502663,0.050765090701453075,0.5000000000000001,True,correct,DBLP,43,True,correct,Q1
188,conf/vldb/StillgerLMK01,True,3,k8EsgEuKhQ0J,0.9900005962347085,0.931557198382304,0.05844339785240449,0.5000000000000001,True,correct,DBLP,43,True,correct,Q2
189,conf/sigmod/MohanN94,True,1,_2hj6snS3foJ,0.9837768397657618,0.09294963423565568,0.8908272055301061,0.5000000000000001,True,correct,DBLP,43,True,correct,Q3
190,conf/vldb/WangC03,True,3,B1uNI67mfJcJ,0.9736065829682601,0.9668877882180041,0.006718794750255941,0.5000000000000001,True,correct,DBLP,43,True,correct,Q1
191,journals/tods/GuoSW96,True,2,V8Ls_TYs6mgJ,0.9850770238160325,0.868109905082384,0.11696711873364851,0.5000000000000001,True,correct,DBLP,43,True,correct,Q2
192,journals/tods/Ng01,True,1,npCKXD_vLM8J,0.9863323918665593,0.03455062940396157,0.9517817624625977,0.5000000000000001,True,correct,DBLP,43,True,correct,Q4
193,journals/sigmod/Widom96a,False,0,xgdBJbatYcIJ,0.6255641633932416,0.6064494115365667,0.019114751856674883,0.5000000000000001,True,false_link,DBLP,43,False,unmatched_abstention,Q1
194,conf/sigmod/BabcockO03,True,1,acnzsOLHFywJ,0.957615908810037,0.00227248140500425,0.9553434274050328,0.5000000000000001,True,correct,DBLP,43,True,correct,Q4
195,journals/sigmod/BuchnerM98,True,6,SZwq84m3bGYJ,0.9612559628369489,0.922330977792215,0.03892498504473396,0.5000000000000001,True,correct,DBLP,43,True,correct,Q1
196,journals/tods/HsuSY01,True,2,dkdzE1VG71sJ,0.9622299379618203,0.8700938902997979,0.09213604766202244,0.5000000000000001,True,correct,DBLP,43,True,correct,Q2
197,journals/tods/BeneventanoBS03,True,1,rRH6Z1oP78cJ,0.9863323907503898,0.29247170040175263,0.6938606903486372,0.5000000000000001,True,correct,DBLP,43,True,correct,Q3
198,journals/sigmod/Alonso94,False,0,8Ge2xzsWVhAJ,0.0036298382025503418,0.003363999902628572,0.0002658382999217697,0.5000000000000001,False,unmatched_abstention,DBLP,43,False,unmatched_abstention,Q1
199,conf/vldb/RaghavanG01,True,3,LcX8Pm2ABJsJ,0.9900005934316047,0.9230608418144911,0.06693975161711363,0.5000000000000001,True,correct,DBLP,43,True,correct,Q2
200,conf/vldb/BlottKS98,False,0,url:http://portal.acm.org/ft_gateway.cfm%3Fid%3D1099557%26type%3Dpdf,0.0008811781245233513,0.0005074380969404776,0.0003737400275828737,0.5000000000000001,False,unmatched_abstention,DBLP,43,False,unmatched_abstention,Q1
201,conf/sigmod/GuptaHR97,True,2,pGix0qZ6Uz4J,0.9902426319698301,0.8750479651233702,0.11519466684645985,0.5000000000000001,True,correct,DBLP,43,True,correct,Q2
202,journals/vldb/CliftonGB95,True,1,YkIvdNOC64cJ,0.9862840286611482,0.003932703595259038,0.9823513250658892,0.5000000000000001,True,correct,DBLP,43,True,correct,Q4
203,conf/vldb/SarawagiBKM02,True,1,G9DGYRD0cnMJ,0.990000597873991,0.32126968219386765,0.6687309156801233,0.5000000000000001,True,correct,DBLP,43,True,correct,Q3
204,conf/sigmod/CareyCNVDRSM99,True,1,W6ROObWo3bIJ,0.8891639965179546,0.653776603133092,0.2353873933848626,0.5000000000000001,True,correct,DBLP,43,True,correct,Q2
205,journals/vldb/FernandezFLS00,True,1,uo79zyqUB10J,0.9702856715073036,0.05095294603380467,0.919332725473499,0.5000000000000001,True,correct,DBLP,43,True,correct,Q3
206,journals/sigmod/DogacAOD95,True,1,oUOuTMrB0esJ,0.9901881288428759,0.05573564620231331,0.9344524826405626,0.5000000000000001,True,correct,DBLP,43,True,correct,Q3
207,journals/sigmod/Scholl01,False,0,url:http://portal.acm.org/citation.cfm%3Fid%3D604275,0.005750312853412668,0.0023547480464285557,0.0033955648069841126,0.5000000000000001,False,unmatched_abstention,DBLP,43,False,unmatched_abstention,Q1
208,conf/vldb/GinisHKMT97,True,1,GBVvAWWCTcgJ,0.9823804479322858,0.013523177744734651,0.9688572701875512,0.5000000000000001,True,correct,DBLP,43,True,correct,Q4
209,conf/sigmod/OzdenRSS96,True,1,-NqtWdEMQkgJ,0.9798078637103383,0.040458934741998895,0.9393489289683394,0.5000000000000001,True,correct,DBLP,43,True,correct,Q3
210,conf/sigmod/GehrkeKS01,True,3,f6JFkfhawW8J,0.9902426319698301,0.9441927627589299,0.04604986921090015,0.5000000000000001,True,correct,DBLP,43,True,correct,Q1
211,conf/sigmod/NestorovAM98,True,2,5icRoG_Vmc0J,0.9673526624026072,0.8595025138627463,0.10785014853986086,0.5000000000000001,True,correct,DBLP,43,True,correct,Q2
212,conf/sigmod/AgrawalCD02,True,1,iABZEL2Zoz8J,0.9873614127773804,0.1433857425307523,0.8439756702466281,0.5000000000000001,True,correct,DBLP,43,True,correct,Q3
213,conf/sigmod/BilirisDGJR94,True,2,3Lzo6p8X-n4J,0.9823980969368364,0.9171194757855549,0.06527862115128158,0.5000000000000001,True,correct,DBLP,43,True,correct,Q2
214,conf/sigmod/SalemBCL00,True,1,FElMcikK2GUJ,0.987178638680163,0.0009154254050312341,0.9862632132751318,0.5000000000000001,True,correct,DBLP,43,True,correct,Q4
215,conf/sigmod/Bussler02,True,1,url:http://portal.acm.org/ft_gateway.cfm%3Fid%3D564801%26type%3Dpdf%26dl%3DGUIDE%26dl%3DACM%26CFID%3D11111111%26CFTOKEN%3D2222222,0.4475298872126649,0.0008958904955568063,0.4466339967171081,0.5000000000000001,False,missing_match,DBLP,43,True,correct,Q3
216,conf/sigmod/KemperKM98,True,2,Z0oCigN4pVMJ,0.5359478291136135,0.4014500264959511,0.13449780261766242,0.5000000000000001,True,correct,DBLP,43,True,correct,Q2
217,conf/sigmod/JoshiA01,True,2,H9bMRYKnXMQJ,0.9719630336819659,0.7629793767211783,0.20898365696078758,0.5000000000000001,True,correct,DBLP,43,True,correct,Q2
218,conf/sigmod/WodtkeWWDM97,True,2,tnXqwH3BXW0J,0.899130476020946,0.2734623417393786,0.6256681342815673,0.5000000000000001,True,correct,DBLP,43,True,correct,Q3
219,journals/sigmod/Yang94,True,1,sHJ914nPZtUJ,0.9901881249496111,0.0014998319607878493,0.9886882929888232,0.5000000000000001,True,correct,DBLP,43,True,correct,Q4
220,conf/sigmod/ChoiC02,True,1,D8a4umAppIcJ,0.9843125858519632,0.10032236346184245,0.8839902223901208,0.5000000000000001,True,correct,DBLP,43,True,correct,Q3
221,conf/vldb/KornSFSP96,True,8,QjbxSG6_-WIJ,0.9860799948673417,0.9090827273086842,0.07699726755865743,0.5000000000000001,True,correct,DBLP,43,True,correct,Q2
222,journals/vldb/WidomS00,True,1,url:http://www.springerlink.com/index/JWGUMV8YDL893E3V.pdf,0.2763816741361045,0.22365789359088098,0.0527237805452235,0.5000000000000001,False,missing_match,DBLP,43,True,correct,Q1
223,conf/sigmod/Hope95,True,1,w3Aykr4vDVwJ,0.9299658559241679,0.0008512498884484619,0.9291146060357195,0.5000000000000001,True,correct,DBLP,43,True,correct,Q3
224,journals/sigmod/Franklin98a,False,0,ntqMqfgRXM4J,0.543450422244227,0.48852425840434677,0.05492616383988025,0.5000000000000001,True,false_link,DBLP,43,False,unmatched_abstention,Q1
225,conf/vldb/RizviH02,True,4,3ku_XOqYuawJ,0.9860451478960254,0.8944565852428586,0.09158856265316673,0.5000000000000001,True,correct,DBLP,43,True,correct,Q2
226,journals/vldb/BohmAnY97,True,4,PALTnITURBcJ,0.9872266488310057,0.9756291972525982,0.011597451578407525,0.5000000000000001,True,correct,DBLP,43,True,correct,Q1
227,journals/sigmod/SmithO99,True,1,-iis302p2MkJ,0.982792435908312,0.00036141787297628295,0.9824310180353357,0.5000000000000001,True,correct,DBLP,43,True,correct,Q4
228,conf/sigmod/DanielsDDEHJJLSSS94,True,1,fLNHwVFqnbIJ,0.7260882139120508,0.0004111803103336266,0.7256770336017172,0.5000000000000001,True,correct,DBLP,43,True,correct,Q3
229,conf/vldb/ZengBNN01,True,2,3TivNLIErRkJ,0.9844801372883972,0.932859030250416,0.05162110703798117,0.5000000000000001,True,correct,DBLP,43,True,correct,Q1
230,journals/sigmod/MalaikaEM03,True,2,OGh0R54BW0MJ,0.9264415257030887,0.49848887936516917,0.4279526463379195,0.5000000000000001,True,correct,DBLP,43,True,correct,Q3
231,conf/vldb/RezendeS98,True,1,niRuvMkp4r4J,0.934169096735508,0.12479155517591287,0.8093775415595951,0.5000000000000001,True,correct,DBLP,43,True,correct,Q3
232,conf/vldb/Guting94,True,4,584tvD8f6AAJ,0.875238755638423,0.5621912439326642,0.31304751170575884,0.5000000000000001,True,correct,DBLP,43,True,correct,Q2
233,journals/sigmod/CaplinskasEV02,True,5,url:http://portal.acm.org/citation.cfm%3Fid%3D507338.507367%26dl%3DGUIDE%26dl%3DACM%26idx%3DJ689%26part%3Dperiodical%26WantType%3Dperiodical%26title%3DACM%2520SIGMOD%2520Record%26CFID%3D11111111%26CFTOKEN%3D2222222,0.7699914836253418,0.589941989467401,0.1800494941579408,0.5000000000000001,True,correct,DBLP,43,True,correct,Q2
234,conf/sigmod/MassariPSC95,True,1,O2FrN68p5PUJ,0.9012327331275508,0.3255755130473845,0.5756572200801663,0.5000000000000001,True,correct,DBLP,43,True,correct,Q3
235,journals/sigmod/AbererCDDHPS03,True,1,hBrgosYDi3oJ,0.9225646952345903,0.05183344550736341,0.8707312497272268,0.5000000000000001,True,correct,DBLP,43,True,correct,Q3
236,journals/vldb/ChienTZ02,True,1,j4wcclZqY0oJ,0.9788095161252209,0.18278490816823664,0.7960246079569843,0.5000000000000001,True,correct,DBLP,43,True,correct,Q3
237,conf/vldb/LuoN01,True,1,TRWSf77xoWsJ,0.9832338018589435,0.006562687168333818,0.9766711146906096,0.5000000000000001,True,correct,DBLP,43,True,correct,Q4
238,journals/sigmod/GriffinK98,True,2,Qvl2bcDAyqEJ,0.9901881249496111,0.5663467073253775,0.42384141762423355,0.5000000000000001,True,correct,DBLP,43,True,correct,Q3
239,conf/vldb/KeidlSSK02,True,2,dTval1yE6p8J,0.990000603480195,0.7541529155759116,0.23584768790428345,0.5000000000000001,True,correct,DBLP,43,True,correct,Q2
240,journals/sigmod/Gunther97,False,0,url:http://portal.acm.org/ft_gateway.cfm%3Fid%3D245888%26type%3Dpdf%26dl%3DGUIDE%26dl%3DACM%26CFID%3D11111111%26CFTOKEN%3D2222222,0.0026492439277394503,0.002384455188844297,0.00026478873889515314,0.5000000000000001,False,unmatched_abstention,DBLP,43,False,unmatched_abstention,Q1
241,conf/vldb/SizovGT03,True,1,UbQPXbPLMCAJ,0.9792125114710312,0.019946387148771536,0.9592661243222597,0.5000000000000001,True,correct,DBLP,43,True,correct,Q4
242,journals/sigmod/Suciu02,True,1,Ikk1rb4o66UJ,0.9901881403153058,0.017099047284554237,0.9730890930307515,0.5000000000000001,True,correct,DBLP,43,True,correct,Q4
243,conf/sigmod/ZhangRL96,True,17,hk9P76dJfcAJ,0.9902426417791675,0.9622994195186183,0.02794322226054924,0.5000000000000001,True,correct,DBLP,43,True,correct,Q1
244,conf/sigmod/CranorGJSS02,True,2,89Avc7qz9YoJ,0.9525951649565415,0.9390143302071454,0.013580834749396087,0.5000000000000001,True,correct,DBLP,43,True,correct,Q1
245,conf/vldb/BernsteinHSSZ97,True,3,L2c8XblCSicJ,0.9767246992612644,0.9461141420633724,0.030610557197891963,0.5000000000000001,True,correct,DBLP,43,True,correct,Q1
246,journals/sigmod/Segev94,False,0,ntqMqfgRXM4J,0.5942620283165686,0.551703364746889,0.04255866356967963,0.5000000000000001,True,false_link,DBLP,43,False,unmatched_abstention,Q1
247,journals/sigmod/GalianoM03,False,0,gIKwrx708HMJ,0.028451117058949784,0.01904016569163459,0.009410951367315193,0.5000000000000001,False,unmatched_abstention,DBLP,43,True,false_link,Q1
248,journals/sigmod/Snodgrass98,False,0,NHxHsUH9L5MJ,0.10905814913195368,0.06461165698845292,0.04444649214350076,0.5000000000000001,False,unmatched_abstention,DBLP,43,False,unmatched_abstention,Q1
249,journals/sigmod/Snodgrass01,False,0,NHxHsUH9L5MJ,0.0980147905454852,0.05777713487125111,0.040237655674234096,0.5000000000000001,False,unmatched_abstention,DBLP,43,False,unmatched_abstention,Q1
250,conf/vldb/Gawlick96,True,1,Y5OJk6_D-ZUJ,0.9857353020027508,0.001711588172341283,0.9840237138304095,0.5000000000000001,True,correct,DBLP,43,True,correct,Q4
251,conf/sigmod/KanthRSB99,True,2,yPFlbrVJFJoJ,0.9430246533372121,0.9086901837799225,0.03433446955728958,0.5000000000000001,True,correct,DBLP,43,True,correct,Q1
252,conf/sigmod/ChenR94,True,4,4Hhh-d__bksJ,0.9870815872657507,0.8739710651250329,0.11311052214071782,0.5000000000000001,True,correct,DBLP,43,True,correct,Q2
253,conf/sigmod/StoltePAG03,True,1,9WTNlminW6AJ,0.9887750941403659,0.0011636266625396764,0.9876114674778262,0.5000000000000001,True,correct,DBLP,43,True,correct,Q4
254,journals/sigmod/Halevy03,True,1,706PCMwA_E4J,0.990188128038454,0.0008665643129756128,0.9893215637254784,0.5000000000000001,True,correct,DBLP,43,True,correct,Q4
255,conf/sigmod/ChaudhuriDN01,True,2,qfohkpyTawoJ,0.9902426409933688,0.9490539663810664,0.041188674612302356,0.5000000000000001,True,correct,DBLP,43,True,correct,Q1
256,conf/vldb/Bayer95,True,1,W3l3pQ62_YMJ,0.9857352877273377,0.0022033533699688038,0.9835319343573689,0.5000000000000001,True,correct,DBLP,43,True,correct,Q4
257,conf/vldb/SteenhagenABB94,True,5,Xr2RguUzt-gJ,0.9712679611943277,0.7929141247069075,0.1783538364874202,0.5000000000000001,True,correct,DBLP,43,True,correct,Q2
258,journals/sigmod/Snodgrass03b,True,1,PmIVKWJ5_V4J,0.9901881379020427,0.0007475096876816364,0.9894406282143611,0.5000000000000001,True,correct,DBLP,43,True,correct,Q4
259,journals/vldb/C95c,False,0,A5OVJrr0UUoJ,0.0006334843104566447,0.0003585043932433705,0.0002749799172132742,0.5000000000000001,False,unmatched_abstention,DBLP,43,False,unmatched_abstention,Q1
260,conf/vldb/FukudaMMT96,True,1,B8_0dK37qcsJ,0.9842470409050481,0.1320073764313255,0.8522396644737226,0.5000000000000001,True,correct,DBLP,43,True,correct,Q3
261,journals/sigmod/TanK03,True,2,qIzj09N-Qr8J,0.9901881379020427,0.8553391460899453,0.13484899181209742,0.5000000000000001,True,correct,DBLP,43,True,correct,Q2
262,conf/sigmod/DewanSHH94,True,1,GUdXGx4blW8J,0.9875219334723088,0.03750779529786895,0.9500141381744398,0.5000000000000001,True,correct,DBLP,43,True,correct,Q4
263,journals/vldb/LinJF94,True,4,vmxFQL7lhKoJ,0.9810173378090035,0.9287399411447784,0.05227739666422504,0.5000000000000001,True,correct,DBLP,43,True,correct,Q1
264,conf/sigmod/CohenM03,True,1,bQv5hYB-JIEJ,0.957615780426995,0.0006536585744844249,0.9569621218525106,0.5000000000000001,True,correct,DBLP,43,True,correct,Q4
265,journals/sigmod/Finkelstein95,True,1,gbnxN3MpucMJ,0.9892728469924063,0.017850844338526173,0.9714220026538801,0.5000000000000001,True,correct,DBLP,43,True,correct,Q4
266,journals/sigmod/Lomet01,True,1,fI5o4MfWwzIJ,0.9901881233407668,0.005002038280776594,0.9851860850599902,0.5000000000000001,True,correct,DBLP,43,True,correct,Q4
267,conf/sigmod/BrinMUT97,True,13,swPpkmm8SdYJ,0.9809149800174639,0.9749708601397677,0.0059441198776961635,0.5000000000000001,True,correct,DBLP,43,True,correct,Q1
268,journals/sigmod/Franklin97b,False,0,ntqMqfgRXM4J,0.5610607894973305,0.4908847473194233,0.07017604217790724,0.5000000000000001,True,false_link,DBLP,43,False,unmatched_abstention,Q2
269,conf/sigmod/RafieiM97,True,8,url:http://www.csa.com/partners/viewrecord.php%3Frequester%3Dgs%26collection%3DTRD%26recid%3D0294143CI,0.9751729320140495,0.9605571870968743,0.01461574491717521,0.5000000000000001,True,correct,DBLP,43,True,correct,Q1
270,journals/vldb/ChangG01,True,1,hYu2nw263UoJ,0.9661103235993018,0.015587684607634345,0.9505226389916674,0.5000000000000001,True,correct,DBLP,43,True,correct,Q4
271,conf/sigmod/GreenwaldK01,True,2,8but_7FuryIJ,0.9902426264979829,0.27077730331017075,0.7194653231878121,0.5000000000000001,True,correct,DBLP,43,True,correct,Q3
272,journals/sigmod/BernsteinBCDFGGHHJLMNPSU98,True,6,Syu5W-3uFFAJ,0.9814655852934674,0.5718905446844628,0.4095750406090046,0.5000000000000001,True,correct,DBLP,43,True,correct,Q3
273,conf/sigmod/HernandezS95,True,5,CckDkmI4U3wJ,0.9817597198885963,0.9536456816869847,0.028114038201611624,0.5000000000000001,True,correct,DBLP,43,True,correct,Q1
274,journals/sigmod/CoxEH96,True,1,pqzGz7zfpDgJ,0.9633185824909668,0.014923230592286655,0.9483953518986802,0.5000000000000001,True,correct,DBLP,43,True,correct,Q4
275,conf/sigmod/ChoSG00,True,1,ilJdCU_qODkJ,0.9902426264979829,0.19611395099335777,0.7941286755046251,0.5000000000000001,True,correct,DBLP,43,True,correct,Q3
276,journals/sigmod/ChristoffelPSL98,True,4,yC3NWP247K8J,0.9677708931072972,0.9579796982816974,0.00979119482559987,0.5000000000000001,True,correct,DBLP,43,True,correct,Q1
277,journals/tods/TaoP03,True,1,faqaX7J_Kl8J,0.9863323767901384,0.006928046592345709,0.9794043301977927,0.5000000000000001,True,correct,DBLP,43,True,correct,Q4
278,conf/vldb/KietzRS97,True,1,L4k3lAWc-JgJ,0.9814053545478744,0.0011644773871460866,0.9802408771607283,0.5000000000000001,True,correct,DBLP,43,True,correct,Q4
279,conf/vldb/Chawathe99,True,3,1-mxxSvIMB8J,0.9683174954369145,0.8582274117484777,0.11009008368843676,0.5000000000000001,True,correct,DBLP,43,True,correct,Q2
280,conf/vldb/WuYCT95,True,2,A5s_U6Ixg3EJ,0.9717452060325482,0.3354996242666021,0.636245581765946,0.5000000000000001,True,correct,DBLP,43,True,correct,Q3
281,conf/vldb/BraumandlCK98,True,1,rH5VOr1x-a8J,0.9713119387897158,0.00848341972384563,0.9628285190658702,0.5000000000000001,True,correct,DBLP,43,True,correct,Q4
282,conf/vldb/RantzauCHM02,False,0,url:http://www.springerlink.com/index/P86160527882109L.pdf,0.0047414469138634474,0.0013756026890583927,0.0033658442248050546,0.5000000000000001,False,unmatched_abstention,DBLP,43,False,unmatched_abstention,Q1
283,conf/vldb/LeeLWS97,True,2,3k61gi_ld_UJ,0.9776152605110804,0.9391518190729239,0.0384634414381565,0.5000000000000001,True,correct,DBLP,43,True,correct,Q1
284,journals/vldb/SuHHHLWLPLL01,True,3,xcRKDHBIUb8J,0.9745879757325455,0.9079756063268225,0.06661236940572302,0.5000000000000001,True,correct,DBLP,43,True,correct,Q2
285,conf/vldb/BertinoBFS96,True,1,s0v9B-K8owEJ,0.985735279764223,0.7164511449944905,0.26928413476973256,0.5000000000000001,True,correct,DBLP,43,True,correct,Q2
286,journals/sigmod/Stacey95,True,2,rdXUggm5kg0J,0.9864497953734966,0.6377065496443286,0.34874324572916804,0.5000000000000001,True,correct,DBLP,43,True,correct,Q2
287,conf/sigmod/BunemanKTT02,True,1,cKIQyzazkYEJ,0.96187737128307,0.033948562872227354,0.9279288084108427,0.5000000000000001,True,correct,DBLP,43,True,correct,Q3
288,journals/sigmod/Dogac02,True,1,url:http://portal.acm.org/citation.cfm%3Fid%3D945721.945727%26coll%3DGUIDE%26dl%3DACM%26idx%3DJ689%26part%3Dperiodical%26WantType%3Dperiodical%26title%3DACM%2520SIGMOD%2520Record%26CFID%3D11111111%26CFTOKEN%3D2222222,0.5522750742716945,0.5518203650010383,0.00045470927065627276,0.5000000000000001,True,false_link,DBLP,43,False,missing_match,Q1
289,journals/sigmod/AbererCH02,True,2,ulDBbXl-6Q4J,0.976365564755618,0.5770021762739455,0.3993633884816725,0.5000000000000001,True,correct,DBLP,43,True,correct,Q3
290,conf/sigmod/RadekeBBEKKN95,True,2,bDN03rZhUQEJ,0.9797319651599422,0.4342351207916764,0.5454968443682657,0.5000000000000001,True,correct,DBLP,43,True,correct,Q3
291,journals/sigmod/DongS00,True,1,gH_HDDJghbAJ,0.9445292335427979,0.013150074169302488,0.9313791593734955,0.5000000000000001,True,correct,DBLP,43,True,correct,Q3
292,journals/sigmod/KlasS94,True,3,bViLh5-jVsAJ,0.9438081649460671,0.7369124231246238,0.20689574182144332,0.5000000000000001,True,correct,DBLP,43,True,correct,Q2
293,conf/vldb/TanSHCR01,True,2,hPcNG0tPwgIJ,0.9845959956795309,0.9149593049764075,0.0696366907031234,0.5000000000000001,True,correct,DBLP,43,True,correct,Q2
294,journals/tods/KarpSP03,True,1,mAQIVsd2VOMJ,0.9703836098711325,0.00568861264757007,0.9646949972235624,0.5000000000000001,True,correct,DBLP,43,True,correct,Q4
295,conf/vldb/CeriCW00,True,4,bDuu6x2n1tgJ,0.9753119346379537,0.937703419990144,0.03760851464780979,0.5000000000000001,True,correct,DBLP,43,True,correct,Q1
296,conf/vldb/Hallmark95,True,2,xTKZ6OuegIEJ,0.9850603268078673,0.5053863226873567,0.47967400412051053,0.5000000000000001,True,correct,DBLP,43,True,correct,Q3
297,journals/sigmod/BichlerSZ98,True,2,fQNdA5cjapAJ,0.9893063682192479,0.7016265332497433,0.28767983496950456,0.5000000000000001,True,correct,DBLP,43,True,correct,Q2
298,conf/vldb/HristidisGP03,True,1,B2rShDD99xwJ,0.9251086018536321,0.01738716514284693,0.9077214367107852,0.5000000000000001,True,correct,DBLP,43,True,correct,Q3
299,conf/vldb/MedianoCD94,True,1,qwjRkZuiMHsJ,0.939463204643907,0.000890304280586615,0.9385729003633204,0.5000000000000001,True,correct,DBLP,43,True,correct,Q3
300,journals/sigmod/LudwigG00,True,1,T7hbL2VkOhsJ,0.2989383776262615,0.00020993200940384207,0.2987284456168577,0.5000000000000001,False,missing_match,DBLP,43,True,correct,Q2
301,conf/vldb/OoiYTJ01,True,2,RFEE_MNM8IUJ,0.9868617598610521,0.9438366836959755,0.04302507616507656,0.5000000000000001,True,correct,DBLP,43,True,correct,Q1
302,journals/sigmod/CherniakV03,False,0,tOa0zXK5Ba4J,0.495905564099883,0.33792238848830125,0.15798317561158176,0.5000000000000001,False,unmatched_abstention,DBLP,43,True,false_link,Q2
303,conf/sigmod/Kennamer98,True,3,url:http://portal.acm.org/citation.cfm%3Fid%3D276304.276373%26dl%3Dportal%26dl%3DACM%26type%3Dseries%26idx%3D276304%26part%3DProceedings%26WantType%3DProceedings%26title%3DInternational%2520Conference%2520on%2520Management%2520of%2520Data%26CFID%3D11111111%26CFTOKEN%3D2222222,0.9870566809542511,0.9536543513970271,0.033402329557224,0.5000000000000001,True,correct,DBLP,43,True,correct,Q1
304,conf/vldb/GuPS00,True,2,mRWLGqueLNsJ,0.9768816391038984,0.7538383417278299,0.22304329737606843,0.5000000000000001,True,correct,DBLP,43,True,correct,Q2
305,conf/sigmod/AntonJLPZZ02,True,1,89P3EdEDuOEJ,0.9885739379325679,0.216684356385054,0.7718895815475139,0.5000000000000001,True,correct,DBLP,43,True,correct,Q3
306,journals/sigmod/BergamaschiCV99,True,3,4C9A2HGs4qsJ,0.9572105390897768,0.6308063546253658,0.326404184464411,0.5000000000000001,True,correct,DBLP,43,True,correct,Q2
307,journals/tods/ZaharioudakisCF97,True,2,naUCkadkOekJ,0.9837498284184945,0.2227943373045564,0.760955491113938,0.5000000000000001,True,correct,DBLP,43,True,correct,Q3
308,conf/vldb/AbiteboulABBNM03,True,1,TD1X4Bo-eYsJ,0.9792046157430537,0.008286268461974836,0.9709183472810788,0.5000000000000001,True,correct,DBLP,43,True,correct,Q4
309,journals/tods/ChrysanthisR94,True,1,q2yP1EWKhTcJ,0.9845709636841502,0.1366314393431909,0.8479395243409593,0.5000000000000001,True,correct,DBLP,43,True,correct,Q3
310,conf/sigmod/LamCKNH01,True,1,8hdQohffF48J,0.9452391081759199,0.000663804940159947,0.94457530323576,0.5000000000000001,True,correct,DBLP,43,True,correct,Q4
311,conf/sigmod/PatelD96,True,5,Y9z2OdhzSGQJ,0.913213102905634,0.9087183201511543,0.004494782754479676,0.5000000000000001,True,correct,DBLP,43,True,correct,Q1
312,conf/sigmod/RaoBG96,True,2,UmM1k4NoD2IJ,0.9772090462714136,0.21785002374886142,0.7593590225225522,0.5000000000000001,True,correct,DBLP,43,True,correct,Q3
313,conf/vldb/SteinbrunnPMK95,True,2,EPtaqugcCyMJ,0.9576585032788639,0.5827607578482916,0.3748977454305723,0.5000000000000001,True,correct,DBLP,43,True,correct,Q3
314,conf/sigmod/SlivinskasJS01,True,1,oAVbM_vepr8J,0.9874348659687612,0.0007818351239585175,0.9866530308448027,0.5000000000000001,True,correct,DBLP,43,True,correct,Q4
315,journals/sigmod/Kuijpers02,True,1,06Ut4zQ7xWQJ,0.3861868637365726,0.27917283434495116,0.10701402939162147,0.5000000000000001,False,missing_match,DBLP,43,True,false_link,Q2
316,conf/vldb/FuhDCMTLDRM99,True,1,nh2FuiC6fHgJ,0.9377445873642604,0.0018112454459206864,0.9359333419183397,0.5000000000000001,True,correct,DBLP,43,True,correct,Q3
317,conf/vldb/DiligentiCLGG00,True,1,XCP3p-Hk8bMJ,0.9844725711845507,0.0069369663349036085,0.9775356048496471,0.5000000000000001,True,correct,DBLP,43,True,correct,Q4
318,journals/tods/LiuM96,True,3,TNx5vnRHHxMJ,0.9811432559986802,0.7448261326135619,0.23631712338511834,0.5000000000000001,True,correct,DBLP,43,True,correct,Q2
319,journals/sigmod/Hammer00,True,1,url:http://portal.acm.org/ft_gateway.cfm%3Fid%3D601859%26type%3Dpdf%26dl%3DGUIDE%26dl%3DACM%26CFID%3D11111111%26CFTOKEN%3D2222222,0.6342309599055284,0.007902687059962842,0.6263282728455655,0.5000000000000001,True,correct,DBLP,43,True,correct,Q3
320,conf/vldb/TamuraK99,True,3,rAHGAfoqookJ,0.9849144513049747,0.960995086788134,0.023919364516840735,0.5000000000000001,True,correct,DBLP,43,True,correct,Q1
321,journals/vldb/Baumann94,True,1,2Yii02idzcUJ,0.9862840194097032,0.1549205144426613,0.8313635049670419,0.5000000000000001,True,correct,DBLP,43,True,correct,Q3
322,conf/sigmod/ThaperGIK02,True,4,PBwqFDIQ79UJ,0.9657068702074934,0.9652417035053173,0.00046516670217600087,0.5000000000000001,True,correct,DBLP,43,True,correct,Q1
323,journals/sigmod/Kemper02,False,0,kIKj9dGKjQgJ,0.0017599379431177094,0.0008739101666167005,0.000886027776501009,0.5000000000000001,False,unmatched_abstention,DBLP,43,False,unmatched_abstention,Q1
324,journals/vldb/TenienteO95,True,3,aC-8qspy24wJ,0.9587962235218455,0.917863024034225,0.04093319948762042,0.5000000000000001,True,correct,DBLP,43,True,correct,Q1
325,conf/vldb/AboulnagaAN01,True,2,OBbDFGQNEDQJ,0.9817503623866392,0.9390124101089936,0.04273795227764554,0.5000000000000001,True,correct,DBLP,43,True,correct,Q1
326,conf/sigmod/AltinelLKMPLWB02,True,2,HtYTQ-fN8ccJ,0.9785198906851285,0.9083666127208755,0.07015327796425297,0.5000000000000001,True,correct,DBLP,43,True,correct,Q2
327,journals/vldb/WangW01,True,1,4eHVZHcQvdMJ,0.9840916927157323,0.0028583158107729437,0.9812333769049594,0.5000000000000001,True,correct,DBLP,43,True,correct,Q4
328,conf/vldb/KnorrN98,True,6,gQVLY8V1hekJ,0.9766206096067355,0.9160747651822594,0.06054584442447608,0.5000000000000001,True,correct,DBLP,43,True,correct,Q2
329,conf/vldb/NishioSTTL01,True,1,S30IXg4ClFIJ,0.9651292475256368,0.003954011589100084,0.9611752359365366,0.5000000000000001,True,correct,DBLP,43,True,correct,Q4
330,conf/sigmod/Perna95,True,1,url:http://portal.acm.org/ft_gateway.cfm%3Fid%3D223872%26type%3Dpdf%26dl%3DGUIDE%26dl%3DACM%26CFID%3D11111111%26CFTOKEN%3D2222222,0.9612499199802577,0.0033378763183179237,0.9579120436619397,0.5000000000000001,True,correct,DBLP,43,True,correct,Q4
331,conf/vldb/NicklasGS03,True,1,zApMW7wX5-AJ,0.9748926967326226,0.0007633222185918061,0.9741293745140308,0.5000000000000001,True,correct,DBLP,43,True,correct,Q4
332,journals/vldb/KamelWS94,True,1,tYBrsGkj1a0J,0.9804417280322384,0.0008927115839800348,0.9795490164482583,0.5000000000000001,True,correct,DBLP,43,True,correct,Q4
333,conf/sigmod/HinneburgK99,True,3,C9imFvgrSvAJ,0.9882693027949924,0.9648154981614331,0.023453804633559283,0.5000000000000001,True,correct,DBLP,43,True,correct,Q1
334,conf/sigmod/HammerGNYBV97,True,9,t9nmZzSMVAAJ,0.9620694259711123,0.9416047185359762,0.020464707435136176,0.5000000000000001,True,correct,DBLP,43,True,correct,Q1
335,conf/vldb/Hamilton99,True,1,_zPTedzhFhQJ,0.990000603077648,0.005562227963656815,0.9844383751139912,0.5000000000000001,True,correct,DBLP,43,True,correct,Q4
336,journals/vldb/AgrawalHK03,True,1,NDKJPUgy_K4J,0.9855772431230814,0.32233077373881514,0.6632464693842662,0.5000000000000001,True,correct,DBLP,43,True,correct,Q3
337,conf/vldb/BonifatiCDS01,True,1,tCrfb27dXiwJ,0.9833773343661167,0.004188552609842203,0.9791887817562746,0.5000000000000001,True,correct,DBLP,43,True,correct,Q4
338,conf/vldb/OzdenGHNSDGGW01,True,2,url:http://portal.acm.org/citation.cfm%3Fid%3D645927.672352,0.9617891148670416,0.872191549025054,0.08959756584198753,0.5000000000000001,True,correct,DBLP,43,True,correct,Q2
339,conf/sigmod/RundensteinerKZWLLN99,True,1,2XRfNjwuDrsJ,0.9787884525350601,0.16569912028445358,0.8130893322506065,0.5000000000000001,True,correct,DBLP,43,True,correct,Q3
340,journals/sigmod/Ritter98,True,1,mzqmEYGGT_IJ,0.9901881249496111,0.36086031136008284,0.6293278135895282,0.5000000000000001,True,correct,DBLP,43,True,correct,Q3
341,journals/sigmod/Ioannidis96,True,1,IgQsVaud8BIJ,0.9892728409826036,0.054429164531961526,0.934843676450642,0.5000000000000001,True,correct,DBLP,43,True,correct,Q3
342,conf/sigmod/KiesslingHFE01,True,2,tNzM8E3W2K4J,0.9577076023719946,0.8862527300216343,0.0714548723503603,0.5000000000000001,True,correct,DBLP,43,True,correct,Q2
343,conf/sigmod/KrishnanVI96,True,1,8tFA4ENYqKQJ,0.9894199457921267,0.003017527022174165,0.9864024187699525,0.5000000000000001,True,correct,DBLP,43,True,correct,Q4
344,journals/sigmod/BohmR94,True,2,GXApzwcGl78J,0.9799437282091663,0.2590031468869275,0.7209405813222388,0.5000000000000001,True,correct,DBLP,43,True,correct,Q3
345,conf/sigmod/BumbulisB02,True,1,Ev27auQiecUJ,0.949524611968864,0.11900658716236756,0.8305180248064964,0.5000000000000001,True,correct,DBLP,43,True,correct,Q3
346,conf/vldb/WeberSB98,True,5,6D0Qt6Sjp8cJ,0.9873973957229586,0.9751875561681914,0.012209839554767177,0.5000000000000001,True,correct,DBLP,43,True,correct,Q1
347,journals/vldb/MedjahedBE03,True,2,YqXx_xeZE2gJ,0.9833731771117208,0.15904092175504808,0.8243322553566728,0.5000000000000001,True,correct,DBLP,43,True,correct,Q3
348,conf/sigmod/MogiK96,True,3,hxWB8uQMCdgJ,0.9768820927414708,0.8967651473634976,0.0801169453779732,0.5000000000000001,True,correct,DBLP,43,True,correct,Q2
349,conf/sigmod/MeccaAMMS98,True,3,v2KwhRi-OrMJ,0.9675543398174181,0.9609417406106264,0.006612599206791692,0.5000000000000001,True,correct,DBLP,43,True,correct,Q1
350,conf/sigmod/Team95a,True,1,P-jrIizJxEgJ,0.3764060310738582,0.0017536892225149803,0.3746523418513433,0.5000000000000001,False,missing_match,DBLP,43,True,correct,Q3
351,conf/vldb/Pound99,True,1,zWp_JdEQ8MgJ,0.9857352820926777,0.00025503671291747835,0.9854802453797602,0.5000000000000001,True,correct,DBLP,43,True,correct,Q4
352,journals/sigmod/BunemanRU97,True,3,5qg4BNiroqMJ,0.9886296558843061,0.909832215584184,0.07879744030012203,0.5000000000000001,True,correct,DBLP,43,True,correct,Q2
353,conf/vldb/Sterling98,True,1,LlP2Fn3bzUMJ,0.9857352820926777,0.3851524124658921,0.6005828696267856,0.5000000000000001,True,correct,DBLP,43,True,correct,Q3
354,conf/sigmod/GravanoCGP97,True,8,PsoYENGEh9cJ,0.9734118939604135,0.940209079475174,0.03320281448523954,0.5000000000000001,True,correct,DBLP,43,True,correct,Q1
355,journals/sigmod/ClementLGMK97,True,2,J7Y20fYLGbcJ,0.9901881288428759,0.777217614763459,0.21297051407941692,0.5000000000000001,True,correct,DBLP,43,True,correct,Q2
356,conf/vldb/Ramaswamy00,False,0,AYqgaR3tudgJ,0.0012559086891038782,0.0005597760692641245,0.0006961326198397537,0.5000000000000001,False,unmatched_abstention,DBLP,43,False,unmatched_abstention,Q1
357,journals/sigmod/HalkidiBV02a,True,1,SFs0XOMPphIJ,0.985264923837315,0.9712886056238395,0.013976318213475558,0.5000000000000001,True,correct,DBLP,43,True,correct,Q1
358,conf/sigmod/ShanmugasundaramNSR99,True,6,eQjFv7QxsQQJ,0.9816238773324075,0.8950588563492763,0.08656502098313124,0.5000000000000001,True,correct,DBLP,43,True,correct,Q2
359,journals/vldb/LeeW94,True,1,KPU-guH7cCkJ,0.9816365954308021,0.35129501759107257,0.6303415778397294,0.5000000000000001,True,correct,DBLP,43,True,correct,Q3
360,conf/sigmod/ChangC01,True,2,BGagLieYacQJ,0.9085029871108955,0.6753255437465923,0.23317744336430324,0.5000000000000001,True,correct,DBLP,43,True,correct,Q2
361,journals/vldb/NguSHL01,True,1,djYvVVRYNTwJ,0.9757428378000902,0.09846166278853817,0.877281175011552,0.5000000000000001,True,correct,DBLP,43,True,correct,Q3
362,journals/sigmod/YeungHL94,True,1,yQv94p3tE1IJ,0.9901881249496111,0.1518407977510183,0.8383473271985927,0.5000000000000001,True,correct,DBLP,43,True,correct,Q3
363,conf/sigmod/ChawatheG97,True,3,oHUiSrycKdgJ,0.953800760280772,0.9440641361078577,0.009736624172914321,0.5000000000000001,True,correct,DBLP,43,True,correct,Q1
364,conf/sigmod/YerneniLGU99,True,5,hnMltY0uSf0J,0.9902426335698246,0.9594987089018553,0.03074392466796927,0.5000000000000001,True,correct,DBLP,43,True,correct,Q1
365,conf/sigmod/IvesFFLW99,True,4,yrnhcMqsUVoJ,0.9891955864057055,0.9509797101924224,0.03821587621328304,0.5000000000000001,True,correct,DBLP,43,True,correct,Q1
366,journals/sigmod/BorgidaCS98,True,2,iPbD7vPHzgYJ,0.5321126190826184,0.10536152119349862,0.4267510978891198,0.5000000000000001,True,correct,DBLP,43,True,correct,Q3
367,journals/sigmod/FengJH01,True,1,SUT-QTwqFNkJ,0.9894535883499525,0.003485942012228406,0.985967646337724,0.5000000000000001,True,correct,DBLP,43,True,correct,Q4
368,conf/vldb/GallersdorferN95,True,1,U8jfPCxfXicJ,0.8723545083514723,0.0023867968044536526,0.8699677115470187,0.5000000000000001,True,correct,DBLP,43,True,correct,Q3
369,journals/sigmod/RossAKSSY00,False,0,tOa0zXK5Ba4J,0.512727548925674,0.4418136484093477,0.07091390051632623,0.5000000000000001,True,false_link,DBLP,43,True,false_link,Q2
370,journals/tods/ChakrabartiKMP02,True,4,eHY42LnL_lsJ,0.9863323725042336,0.9721756646922222,0.014156707812011393,0.5000000000000001,True,correct,DBLP,43,True,correct,Q1
371,journals/sigmod/Snodgrass00,False,0,NHxHsUH9L5MJ,0.10381758019630986,0.06135978131797197,0.04245779887833789,0.5000000000000001,False,unmatched_abstention,DBLP,43,False,unmatched_abstention,Q1
372,conf/vldb/HalversonBKKRTVWND03,True,1,oR7DmJ9JJDYJ,0.9722574065215244,0.015840852286953217,0.9564165542345712,0.5000000000000001,True,correct,DBLP,43,True,correct,Q4
373,journals/sigmod/ShethM02,True,2,B_axrPz8j5EJ,0.9782657622406713,0.07625465517518763,0.9020111070654837,0.5000000000000001,True,correct,DBLP,43,True,correct,Q3
374,conf/vldb/Faloutsos02,False,0,7-VkshLsSwoJ,0.0025259212984198543,0.0018275383158415557,0.0006983829825782987,0.5000000000000001,False,unmatched_abstention,DBLP,43,False,unmatched_abstention,Q1
375,journals/vldb/FuCCM00,True,1,7kC8fo78d6sJ,0.9809708082475495,0.0033609491646524165,0.977609859082897,0.5000000000000001,True,correct,DBLP,43,True,correct,Q4
376,conf/vldb/FernandezSCMS03,True,2,sn_R4N1q2SwJ,0.9857352785999955,0.8229347814331137,0.16280049716688183,0.5000000000000001,True,correct,DBLP,43,True,correct,Q2
377,conf/sigmod/Gal00,True,2,i6QOOOYvOqQJ,0.5187158819722428,0.31029282940773323,0.2084230525645096,0.5000000000000001,True,correct,DBLP,43,True,correct,Q2
378,journals/tods/Jimenez-PerisPAK03,True,2,yj7oLWfPR4gJ,0.9851559790558436,0.8755099677958554,0.10964601125998819,0.5000000000000001,True,correct,DBLP,43,True,correct,Q2
379,conf/vldb/GraefeBC98,True,1,v-kvo2hnsgkJ,0.9900005974714438,0.029321458578912163,0.9606791388925315,0.5000000000000001,True,correct,DBLP,43,True,correct,Q4
380,journals/tods/FernandezKSMT02,True,1,ckrgSn0vBOMJ,0.9821851207326331,0.010380992441597956,0.9718041282910351,0.5000000000000001,True,correct,DBLP,43,True,correct,Q4
381,conf/vldb/MaedaT01,True,1,dipeGpTdsoQJ,0.985735279764223,0.008239991877347102,0.9774952878868759,0.5000000000000001,True,correct,DBLP,43,True,correct,Q4
382,journals/sigmod/Ouksel02,True,1,url:http://portal.acm.org/citation.cfm%3Fid%3D565117.565131%26dl%3DGUIDE%26dl%3DACM%26idx%3DJ689%26part%3Dperiodical%26WantType%3Dperiodical%26title%3DACM%2520SIGMOD%2520Record%26CFID%3D11111111%26CFTOKEN%3D2222222,0.1167694755513785,0.0062521658289553216,0.11051730972242317,0.5000000000000001,False,missing_match,DBLP,43,True,correct,Q2
383,conf/vldb/GarofalakisG02,True,4,YkSTcehl8o4J,0.4001891834212651,0.3457955704185145,0.054393613002750585,0.5000000000000001,False,missing_match,DBLP,43,True,correct,Q1
384,journals/vldb/KraissW98,True,3,LMz7v87sxxYJ,0.986284030901276,0.9630712688395865,0.02321276206168954,0.5000000000000001,True,correct,DBLP,43,True,correct,Q1
385,conf/vldb/CasatiDGS01,True,2,XQw3ADYCXdcJ,0.948609899955269,0.9483691135607808,0.0002407863944882127,0.5000000000000001,True,correct,DBLP,43,True,correct,Q1
386,journals/sigmod/Manola98,True,2,VIjfH9f94xkJ,0.9901881403153058,0.8152681667710472,0.1749199735442586,0.5000000000000001,True,correct,DBLP,43,True,correct,Q2
387,journals/tods/GhandeharizadehHJ96,True,3,axMI0TqrxxQJ,0.9569801191746291,0.9436838268042805,0.013296292370348572,0.5000000000000001,True,correct,DBLP,43,True,correct,Q1
388,conf/sigmod/GeneserethKD97,True,3,2Nl65Vp7bxUJ,0.9328331483808163,0.9197953958366837,0.013037752544132641,0.5000000000000001,True,correct,DBLP,43,True,correct,Q1
389,conf/vldb/ArionBCDMP03,True,2,CzpCERFYBikJ,0.9554210036191412,0.9304851671348815,0.024935836484259677,0.5000000000000001,True,correct,DBLP,43,True,correct,Q1
390,conf/sigmod/ClaypoolRZSK01,True,1,1VWOXPII9HUJ,0.8253497985039946,0.0026311394774957177,0.8227186590264989,0.5000000000000001,True,correct,DBLP,43,True,correct,Q3
391,journals/sigmod/NgH95,True,2,url:http://portal.acm.org/citation.cfm%3Fid%3D202660.202665%26dl%3DGUIDE%26dl%3DACM%26idx%3DJ689%26part%3Dperiodical%26WantType%3Dperiodical%26title%3DACM%2520SIGMOD%2520Record%26CFID%3D11111111%26CFTOKEN%3D2222222,0.9892728409826036,0.6144106898320685,0.3748621511505351,0.5000000000000001,True,correct,DBLP,43,True,correct,Q3
392,conf/sigmod/PapadiasTSE95,True,2,PogZLKV_bIsJ,0.9708160674037208,0.8069225117644219,0.16389355563929897,0.5000000000000001,True,correct,DBLP,43,True,correct,Q2
393,conf/sigmod/HanWDPW02,True,2,nwWpGh3Mx7MJ,0.9559881056634766,0.7293789151740565,0.22660919048942008,0.5000000000000001,True,correct,DBLP,43,True,correct,Q2
394,journals/sigmod/AtzeniMM97,True,4,Hdq-Mlh3fcMJ,0.9792238438893915,0.9082560795204663,0.07096776436892527,0.5000000000000001,True,correct,DBLP,43,True,correct,Q2
395,conf/sigmod/GunopulosKTD00,True,2,ASfROcKWFmgJ,0.9898528911682205,0.9639636889423958,0.025889202225824692,0.5000000000000001,True,correct,DBLP,43,True,correct,Q1
396,conf/vldb/AgrawalK02,True,4,4weou-KgkM8J,0.990000597873991,0.958077342361688,0.03192325551230302,0.5000000000000001,True,correct,DBLP,43,True,correct,Q1
397,conf/sigmod/KiepuszewskiMO98,True,5,T3Zm8WKD_FYJ,0.9822973773397787,0.9318034696140907,0.05049390772568807,0.5000000000000001,True,correct,DBLP,43,True,correct,Q1
398,conf/sigmod/KriegelMPS01,True,1,tsPOU-H3A94J,0.8679789611304163,0.0034510367558755425,0.8645279243745407,0.5000000000000001,True,correct,DBLP,43,True,correct,Q3
399,conf/sigmod/MoonWH02,True,1,rlfxeE4k2p4J,0.9865776873172006,0.0606522760105472,0.9259254113066534,0.5000000000000001,True,correct,DBLP,43,True,correct,Q3
400,conf/sigmod/MoleskyR95,True,2,u03oQbB0y-oJ,0.9843835435662632,0.10399376304068758,0.8803897805255756,0.5000000000000001,True,correct,DBLP,43,True,correct,Q3
401,journals/sigmod/KuokFW98,True,4,3oLpUbHFATsJ,0.9165361812679755,0.6702446293087387,0.2462915519592368,0.5000000000000001,True,correct,DBLP,43,True,correct,Q2
402,journals/vldb/HarderR96,True,1,pWXIPx5lA7gJ,0.9345469139221599,0.0015884693725116454,0.9329584445496483,0.5000000000000001,True,correct,DBLP,43,True,correct,Q3
403,journals/sigmod/Segev94b,False,0,C84rFQN_ug0J,0.0640798920237865,0.06273374736650131,0.001346144657285192,0.5000000000000001,False,unmatched_abstention,DBLP,43,False,unmatched_abstention,Q1
404,conf/vldb/AbrolLMMMRTWZ01,True,1,w9Ma-YjZHYkJ,0.9748875029730639,0.0008054649811341689,0.9740820379919297,0.5000000000000001,True,correct,DBLP,43,True,correct,Q4
405,journals/tods/CliffordC94,True,4,OY6BjHhbz2cJ,0.9861541091450976,0.8974284670483841,0.08872564209671352,0.5000000000000001,True,correct,DBLP,43,True,correct,Q2
406,conf/sigmod/LabioWGG00,True,1,EhR3fz7f7vcJ,0.9897522172394526,0.24551431278189784,0.7442379044575548,0.5000000000000001,True,correct,DBLP,43,True,correct,Q3
407,conf/vldb/Mina98,True,2,ButmJWjGXusJ,0.9893878915840578,0.3545856363020873,0.6348022552819705,0.5000000000000001,True,correct,DBLP,43,True,correct,Q3
408,journals/sigmod/RossAA02,False,0,tOa0zXK5Ba4J,0.6327477574367635,0.38680100465914197,0.2459467527776215,0.5000000000000001,True,false_link,DBLP,43,True,false_link,Q2
409,journals/vldb/OzsuPSILM95,True,5,gld2wLKYWpsJ,0.93718008430034,0.7965679246346554,0.14061215966568463,0.5000000000000001,True,correct,DBLP,43,True,correct,Q2
410,conf/sigmod/BerchtoldBBKK97,True,1,BMkGN7AiGhYJ,0.9106715645949617,0.038515752054712804,0.8721558125402489,0.5000000000000001,True,correct,DBLP,43,True,correct,Q3
411,conf/vldb/Klots96,True,1,dTORuW_9YRoJ,0.985735279764223,0.015755040109256734,0.9699802396549663,0.5000000000000001,True,correct,DBLP,43,True,correct,Q4
412,conf/vldb/BaralisW94,True,2,q-td2YANr18J,0.985735304331202,0.9264846024848641,0.05925070184633796,0.5000000000000001,True,correct,DBLP,43,True,correct,Q2
413,journals/sigmod/DunhamH95,False,0,ShXp0F0h7Z4J,0.003195095932866616,0.002490147994164209,0.0007049479387024071,0.5000000000000001,False,unmatched_abstention,DBLP,43,False,unmatched_abstention,Q1
414,conf/sigmod/RaoR98,True,3,WlSXiMaxGlQJ,0.9878743723135256,0.9715208486470096,0.01635352366651599,0.5000000000000001,True,correct,DBLP,43,True,correct,Q1
415,journals/tods/KossmannFDA00,True,1,8tDPAHGDRggJ,0.9851209165105405,0.0007645255913034542,0.984356390919237,0.5000000000000001,True,correct,DBLP,43,True,correct,Q4
416,conf/sigmod/RossSS96,True,1,iurxdvB6oLAJ,0.8823376771904844,0.0034121635560515483,0.8789255136344328,0.5000000000000001,True,correct,DBLP,43,True,correct,Q3
417,journals/sigmod/ChangGKRS98,True,2,url:http://portal.acm.org/ft_gateway.cfm%3Fid%3D290607%26type%3Dpdf%26dl%3Dportal%26dl%3DACM%26CFID%3D11111111%26CFTOKEN%3D2222222,0.9872046270587489,0.6784052874979363,0.3087993395608126,0.5000000000000001,True,correct,DBLP,43,True,correct,Q2
418,conf/sigmod/KaushikBNK02,True,2,xJQAjLzvlB0J,0.8462007303577914,0.8328868378010149,0.013313892556776508,0.5000000000000001,True,correct,DBLP,43,True,correct,Q1
419,conf/sigmod/2003,False,0,GbKwENZEG40J,0.0012153801881060785,0.00010237475532898204,0.0011130054327770965,0.5000000000000001,False,unmatched_abstention,DBLP,43,False,unmatched_abstention,Q1
420,conf/vldb/YuV00,True,2,43N2r_SuYccJ,0.9900006174973092,0.5434779385355525,0.4465226789617567,0.5000000000000001,True,correct,DBLP,43,True,correct,Q3
421,journals/tods/TaoSP03,True,1,FBp7oibu4ygJ,0.986332369429811,0.10391416892001122,0.8824182005097997,0.5000000000000001,True,correct,DBLP,43,True,correct,Q3
422,conf/sigmod/Carey00,True,3,x6n6Ev8WnhEJ,0.9185205689623294,0.8965318413025635,0.021988727659765894,0.5000000000000001,True,correct,DBLP,43,True,correct,Q1
423,conf/sigmod/ZhaoDN97,True,3,YwLoGdTgG-sJ,0.9879180722607231,0.9324161479823996,0.05550192427832357,0.5000000000000001,True,correct,DBLP,43,True,correct,Q1
424,journals/sigmod/Winslett01a,False,0,url:http://www.csa.com/partners/viewrecord.php%3Frequester%3Dgs%26collection%3DTRD%26recid%3D0309614CI,0.00029997363958509965,0.0002963286017388985,3.645037846201145e-06,0.5000000000000001,False,unmatched_abstention,DBLP,43,False,unmatched_abstention,Q1
425,journals/tods/BrightHP94,True,2,BHvvo_nJxucJ,0.9684040434506284,0.6449531772332877,0.32345086621734065,0.5000000000000001,True,correct,DBLP,43,True,correct,Q2
426,conf/vldb/AksoyZF01,True,2,A92KQRVdZaoJ,0.9842478708183457,0.8164184272137619,0.16782944360458385,0.5000000000000001,True,correct,DBLP,43,True,correct,Q2
427,journals/vldb/DerrMP94,True,2,a-QMCFr5yJYJ,0.9836169555368107,0.34714513045753004,0.6364718250792807,0.5000000000000001,True,correct,DBLP,43,True,correct,Q3
428,conf/vldb/ChungCLL01,True,1,mJiDvbtTKWoJ,0.980517049493916,0.11002905958414379,0.8704879899097723,0.5000000000000001,True,correct,DBLP,43,True,correct,Q3
429,journals/tods/EiterGM97,True,1,WXWcO2ulDQUJ,0.9863323705459821,0.5952433471141767,0.3910890234318054,0.5000000000000001,True,correct,DBLP,43,True,correct,Q3
430,conf/vldb/DarEGP98,True,1,D6gxih90YU4J,0.990000597873991,0.7193129887076504,0.2706876091663406,0.5000000000000001,True,correct,DBLP,43,True,correct,Q2
431,conf/sigmod/AggarwalPWYP99,True,2,G3dX_RTA26MJ,0.9855979537124112,0.7928302705796151,0.19276768313279613,0.5000000000000001,True,correct,DBLP,43,True,correct,Q2
432,journals/vldb/VerykiosME03,True,1,khdP4spNnPoJ,0.976365717056425,0.002343231299485385,0.9740224857569396,0.5000000000000001,True,correct,DBLP,43,True,correct,Q4
433,conf/vldb/IoannidisLGP96,True,4,U04OC6OSBT0J,0.9795369302740814,0.9452788487576835,0.034258081516397865,0.5000000000000001,True,correct,DBLP,43,True,correct,Q1
434,journals/sigmod/Grohe02,True,2,jzwiskpRLOUJ,0.9901881304517194,0.5387032113509566,0.4514849191007628,0.5000000000000001,True,correct,DBLP,43,True,correct,Q3
435,conf/sigmod/DattaDRTV01,True,2,qK-N8yVLSWUJ,0.987556763248849,0.8706139277582358,0.11694283549061324,0.5000000000000001,True,correct,DBLP,43,True,correct,Q2
436,conf/vldb/GionisIM99,True,4,A8rGBQif7MIJ,0.9900006131278463,0.9626279977121555,0.027372615415690804,0.5000000000000001,True,correct,DBLP,43,True,correct,Q1
437,conf/vldb/AbiteboulBMMW02,True,4,mm3mXWb8QS0J,0.9861828403829284,0.9656230215254027,0.02055981885752567,0.5000000000000001,True,correct,DBLP,43,True,correct,Q1
438,journals/tods/IoannidisR95,True,1,TJDMWbCXMtgJ,0.9822231188045617,0.009749314032333867,0.9724738047722279,0.5000000000000001,True,correct,DBLP,43,True,correct,Q4
439,journals/sigmod/DoanPK95,True,1,c0TSepqRwwMJ,0.9862578738029946,0.000587597073705788,0.9856702767292888,0.5000000000000001,True,correct,DBLP,43,True,correct,Q4
440,conf/sigmod/FlorescuLMS99,True,2,h0uuqAstOPUJ,0.9805153759637585,0.9588209042242701,0.021694471739488352,0.5000000000000001,True,correct,DBLP,43,True,correct,Q1
441,conf/sigmod/ChangBCLLS00,True,2,bqtRaOoJ87AJ,0.9869676256330208,0.9564119716444235,0.030555653988597276,0.5000000000000001,True,correct,DBLP,43,True,correct,Q1
442,conf/sigmod/GangulyGMS96,True,2,05ZgvGyhSC0J,0.9897012680348629,0.6000978081034318,0.3896034599314311,0.5000000000000001,True,correct,DBLP,43,True,correct,Q3
443,journals/sigmod/RoddickABDEGHLMMMW00,True,2,eA8gNVxHRJ4J,0.9826819936036867,0.9518101790938606,0.030871814509826123,0.5000000000000001,True,correct,DBLP,43,True,correct,Q1
444,conf/sigmod/ShatdalN95,True,1,nbU59lK7JJYJ,0.9888340846743146,0.018623715239761945,0.9702103694345526,0.5000000000000001,True,correct,DBLP,43,True,correct,Q4
445,conf/sigmod/GangulyGR03,True,1,Di-EjDZ_abYJ,0.9879947822078973,0.4147112870391031,0.5732834951687942,0.5000000000000001,True,correct,DBLP,43,True,correct,Q3
446,conf/sigmod/CasatiS01,True,2,7H9j9z0x_3UJ,0.5106783937143743,0.21718541129841495,0.29349298241595934,0.5000000000000001,True,correct,DBLP,43,True,correct,Q2
447,conf/sigmod/BlakeleyD00,True,2,ZSR-MThg9UEJ,0.41542529655471,0.09883448894373228,0.3165908076109777,0.5000000000000001,False,missing_match,DBLP,43,True,correct,Q2
448,conf/sigmod/KrishnamurthyBN99,True,1,qS4jhfgPbm8J,0.9902426280979785,0.005375961452578571,0.9848666666453999,0.5000000000000001,True,correct,DBLP,43,True,correct,Q4
449,conf/sigmod/NgLHM99,True,1,YemauUgIzlcJ,0.988658297124379,0.3673930029125436,0.6212652942118354,0.5000000000000001,True,correct,DBLP,43,True,correct,Q3
450,conf/sigmod/RoussopoulosKS99,False,0,Mg0A5yz-_wYJ,0.043705761703822954,0.007711133870707525,0.035994627833115425,0.5000000000000001,False,unmatched_abstention,DBLP,43,False,unmatched_abstention,Q1
451,conf/sigmod/NazeriBO01,True,1,2E9I_lugGC4J,0.9562186065393501,0.15746846139151682,0.7987501451478333,0.5000000000000001,True,correct,DBLP,43,True,correct,Q3
452,journals/sigmod/Bhashyam96,True,1,url:http://portal.acm.org/ft_gateway.cfm%3Fid%3D245908%26type%3Dpdf%26dl%3DGUIDE%26dl%3DACM%26CFID%3D11111111%26CFTOKEN%3D2222222,0.8599924797716256,0.00020706014913439804,0.8597854196224912,0.5000000000000001,True,correct,DBLP,43,True,correct,Q3
453,conf/sigmod/LoR96,True,2,em5eiGpRZFkJ,0.9542841248944598,0.45570569971427927,0.49857842518018053,0.5000000000000001,True,correct,DBLP,43,True,correct,Q3
454,conf/sigmod/WolfsonSXZC99,True,5,vwdWTx0dk7QJ,0.9526600806561019,0.9360017750711157,0.016658305584986155,0.5000000000000001,True,correct,DBLP,43,True,correct,Q1
455,conf/sigmod/KrollW94,True,4,zd_8s13rNRoJ,0.9744729364699416,0.917140766496145,0.05733216997379664,0.5000000000000001,True,correct,DBLP,43,True,correct,Q2
456,conf/vldb/AgrawalPWZ95,True,7,x_ykbVlfyP8J,0.9800955563632997,0.8599567415810259,0.12013881478227384,0.5000000000000001,True,correct,DBLP,43,True,correct,Q2
457,conf/sigmod/KotidisR99,True,5,qzjtGDo7OuMJ,0.9902426433791606,0.9529090998733389,0.03733354350582163,0.5000000000000001,True,correct,DBLP,43,True,correct,Q1
458,journals/tods/FranklinCL97,True,2,vqboZ3T4n4AJ,0.9386865016419678,0.1930950526934976,0.7455914489484702,0.5000000000000001,True,correct,DBLP,43,True,correct,Q3
459,conf/sigmod/DarEGP98,True,1,ewnL82c8kiMJ,0.9902426433791606,0.7176430069134562,0.2725996364657044,0.5000000000000001,True,correct,DBLP,43,True,correct,Q2
460,conf/sigmod/MaheshwariL97,True,3,VcVAYDLTty8J,0.9584186137981228,0.9065687594712671,0.05184985432685563,0.5000000000000001,True,correct,DBLP,43,True,correct,Q1
461,conf/sigmod/LuMSS95,True,1,Kk87yanaI1AJ,0.9708169700621251,0.028662095394384225,0.9421548746677408,0.5000000000000001,True,correct,DBLP,43,True,correct,Q3
462,journals/vldb/MirbelPSTV00,True,1,tUEcojf_6BUJ,0.9840394445786745,0.4131916294650466,0.5708478151136279,0.5000000000000001,True,correct,DBLP,43,True,correct,Q3
463,conf/vldb/BasuFP00,False,0,url:http://portal.acm.org/ft_gateway.cfm%3Fid%3D1007674%26type%3Dpdf,0.002573424615173715,0.0021415501974157256,0.0004318744177579893,0.5000000000000001,False,unmatched_abstention,DBLP,43,False,unmatched_abstention,Q1
464,conf/vldb/FlorescuKLP97,True,1,-Zb4WBd1aNUJ,0.9820727984719304,0.01161755079791593,0.9704552476740145,0.5000000000000001,True,correct,DBLP,43,True,correct,Q4
465,conf/vldb/AilamakiDHW99,True,2,-mTrpy_n8PYJ,0.9441443030812777,0.2886617213989782,0.6554825816822996,0.5000000000000001,True,correct,DBLP,43,True,correct,Q3
466,journals/sigmod/Kosch02,True,1,_avm808LQocJ,0.9901881375642547,0.47684861904353804,0.5133395185207167,0.5000000000000001,True,correct,DBLP,43,True,correct,Q3
467,conf/vldb/WildfogelY97,True,1,uqYakLN84x0J,0.9857352757826641,0.000875289929690304,0.9848599858529737,0.5000000000000001,True,correct,DBLP,43,True,correct,Q4
468,conf/vldb/HelmerWM98,True,2,5ipPVLRhDqoJ,0.9900006131278463,0.6869124521423509,0.3030881609854954,0.5000000000000001,True,correct,DBLP,43,True,correct,Q2
469,conf/vldb/HankinsP03,True,1,NsxXW_CvQpkJ,0.9802281012165026,0.0019284026566263235,0.9782996985598763,0.5000000000000001,True,correct,DBLP,43,True,correct,Q4
470,conf/sigmod/AtzeniT97,True,3,i2LI1TWifbYJ,0.9902426264979829,0.9694657939898526,0.02077683250813034,0.5000000000000001,True,correct,DBLP,43,True,correct,Q1
471,conf/sigmod/GuptaMR95,True,4,ELtcV7mOQDgJ,0.9719801851664205,0.836162238423468,0.13581794674295244,0.5000000000000001,True,correct,DBLP,43,True,correct,Q2
472,conf/vldb/ShahDR03,True,3,Zlk6Tn-sPxwJ,0.9626123554488863,0.8804871225209474,0.08212523292793894,0.5000000000000001,True,correct,DBLP,43,True,correct,Q2
473,conf/vldb/GarofalakisG01,True,3,rcSfDxBif40J,0.9682523303929184,0.9626299295554851,0.005622400837433261,0.5000000000000001,True,correct,DBLP,43,True,correct,Q1
474,conf/vldb/GehrkeRG98,True,2,hobnzQKRlK4J,0.9608074187351214,0.9157689606613141,0.04503845807380735,0.5000000000000001,True,correct,DBLP,43,True,correct,Q1
475,conf/sigmod/GebhardtJJ97,True,3,9mbr0dyW1NgJ,0.9839215787939882,0.9275955051392262,0.056326073654762054,0.5000000000000001,True,correct,DBLP,43,True,correct,Q1
476,journals/sigmod/ErdurD02,True,1,9OcrAEypDhMJ,0.9765113383097518,0.01733154827759933,0.9591797900321525,0.5000000000000001,True,correct,DBLP,43,True,correct,Q4
477,conf/vldb/ZellerK02,True,1,UIWreKZndVQJ,0.9887237386202051,0.002235456510662842,0.9864882821095423,0.5000000000000001,True,correct,DBLP,43,True,correct,Q4
478,journals/tods/TariSS97,True,3,wGAAD7CTrnMJ,0.9863323705459821,0.9661620343660127,0.02017033617996944,0.5000000000000001,True,correct,DBLP,43,True,correct,Q1
479,journals/vldb/C95a,False,0,QLeWwLgl5KsJ,0.33476343793736724,0.31996331447334964,0.0148001234640176,0.5000000000000001,False,unmatched_abstention,DBLP,43,False,unmatched_abstention,Q1
480,conf/sigmod/IoannidisLANT97,True,5,qb-jf_sQ_5kJ,0.424512341638064,0.2927659785053294,0.13174636313273458,0.5000000000000001,False,missing_match,DBLP,43,True,correct,Q2
481,journals/sigmod/Snodgrass98a,True,1,url:http://portal.acm.org/ft_gateway.cfm%3Fid%3D290599%26type%3Dpdf%26dl%3DGUIDE%26dl%3DACM%26CFID%3D11111111%26CFTOKEN%3D2222222,0.5744837289552509,0.5441351557759503,0.03034857317930062,0.5000000000000001,True,false_link,DBLP,43,True,false_link,Q1
482,journals/sigmod/FernandezFLS97,True,4,9NlVdFCl2ysJ,0.9752832758749963,0.866681532977973,0.10860174289702329,0.5000000000000001,True,correct,DBLP,43,True,correct,Q2
483,conf/vldb/CiliaHB02,True,1,_aEC8CgKod0J,0.9730292791946842,0.0014313456770966107,0.9715979335175876,0.5000000000000001,True,correct,DBLP,43,True,correct,Q4
484,journals/sigmod/Alonso94a,False,0,8Ge2xzsWVhAJ,0.0036298382025503418,0.003363999902628572,0.0002658382999217697,0.5000000000000001,False,unmatched_abstention,DBLP,43,False,unmatched_abstention,Q1
485,conf/vldb/LernerS03,True,3,KtkbM7ohXrEJ,0.9857352785999955,0.9040059146152386,0.08172936398475694,0.5000000000000001,True,correct,DBLP,43,True,correct,Q2
486,conf/vldb/BerckenS01,True,3,fhbW320LsusJ,0.9791809004344848,0.9690487436935693,0.010132156740915499,0.5000000000000001,True,correct,DBLP,43,True,correct,Q1
487,conf/vldb/SeshadriLR96,True,4,-Pmsximl_moJ,0.9900005962347085,0.9575240756019306,0.03247652063277784,0.5000000000000001,True,correct,DBLP,43,True,correct,Q1
488,conf/vldb/AggarwalHWY03,True,4,szlqyCesMpgJ,0.9847456248988725,0.8384207873497372,0.14632483754913528,0.5000000000000001,True,correct,DBLP,43,True,correct,Q2
489,conf/vldb/KangC02,True,1,gndV1O-oEkMJ,0.9835639587754059,0.0009866411266660669,0.9825773176487399,0.5000000000000001,True,correct,DBLP,43,True,correct,Q4
490,journals/vldb/FengYLH02,True,1,Uxh3R2hfBOAJ,0.9845275831276045,0.002544587992487534,0.9819829951351169,0.5000000000000001,True,correct,DBLP,43,True,correct,Q4
491,conf/vldb/CareyKSSS00,True,2,fRo4fx_Q6gIJ,0.979904460055025,0.897790988797689,0.08211347125733592,0.5000000000000001,True,correct,DBLP,43,True,correct,Q2
492,conf/sigmod/Bayardo98,True,6,htTH8PrZ0dYJ,0.9545656612808193,0.5697559323995087,0.3848097288813106,0.5000000000000001,True,correct,DBLP,43,True,correct,Q3
493,conf/sigmod/ZhouWGGZWXYF03,True,1,AwFxLUGiceUJ,0.9466945388557606,0.00947941059163181,0.9372151282641288,0.5000000000000001,True,correct,DBLP,43,True,correct,Q3
494,conf/sigmod/Miller98,True,5,fW6JIoNRqAQJ,0.9381223334737281,0.91712439256599,0.0209979409077381,0.5000000000000001,True,correct,DBLP,43,True,correct,Q1
495,conf/vldb/FlorescuHKLRWCSA03,True,2,1KSfxI44iGUJ,0.9713699663277039,0.9497228640201514,0.021647102307552513,0.5000000000000001,True,correct,DBLP,43,True,correct,Q1
496,conf/sigmod/DavisonG95,True,2,96SrVGnDmMoJ,0.9826617159806609,0.4670029580686739,0.5156587579119869,0.5000000000000001,True,correct,DBLP,43,True,correct,Q3
497,conf/sigmod/ZhaoDNS98,True,7,mBC03oUT8yAJ,0.9897219353365502,0.9575723365082985,0.032149598828251635,0.5000000000000001,True,correct,DBLP,43,True,correct,Q1
498,conf/vldb/Gentili01,True,1,2j1dalv3kCEJ,0.9857353020027508,0.0016688773945559268,0.9840664246081949,0.5000000000000001,True,correct,DBLP,43,True,correct,Q4
499,journals/sigmod/Segev94a,False,0,ntqMqfgRXM4J,0.5942620283165686,0.551703364746889,0.04255866356967963,0.5000000000000001,True,false_link,DBLP,43,False,unmatched_abstention,Q1
500,conf/vldb/DyresonBJ99,True,1,FkPcMtplo18J,0.9816073053738364,0.00252862275793254,0.9790786826159039,0.5000000000000001,True,correct,DBLP,43,True,correct,Q4
501,journals/sigmod/Aberer02,True,1,url:http://portal.acm.org/ft_gateway.cfm%3Fid%3D604274%26type%3Dpdf%26dl%3DGUIDE%26dl%3DACM%26CFID%3D11111111%26CFTOKEN%3D2222222,0.9883013083595854,0.7699772739130133,0.2183240344465721,0.5000000000000001,True,false_link,DBLP,43,False,missing_match,Q2
502,conf/sigmod/RiedewaldAA02,True,2,nQvBo5KHITYJ,0.9864178656547927,0.5714872000054474,0.41493066564934533,0.5000000000000001,True,correct,DBLP,43,True,correct,Q3
503,conf/sigmod/MiloAABN03,True,2,fHp5E4Rxt7cJ,0.9660411295220624,0.7237050184745332,0.24233611104752928,0.5000000000000001,True,correct,DBLP,43,True,correct,Q2
504,conf/sigmod/Epstein95,False,0,m42J4EvvK_wJ,0.43485640727153535,0.4126283920401889,0.022228015231346432,0.5000000000000001,False,unmatched_abstention,DBLP,43,False,unmatched_abstention,Q1
505,conf/sigmod/AgrawalGGR98,True,11,EQ0ys8s10vcJ,0.9614388641573052,0.9592010281090606,0.002237836048244568,0.5000000000000001,True,correct,DBLP,43,True,correct,Q1
506,journals/sigmod/FrewD97,True,2,5jMT1PENhSIJ,0.9901881540721371,0.9100889144362349,0.08009923963590226,0.5000000000000001,True,correct,DBLP,43,True,correct,Q2
507,journals/vldb/C95b,True,1,url:http://www.springerlink.com/index/J267M1G774146066.pdf,0.1356922246253992,0.0008220147075388363,0.13487020991786036,0.5000000000000001,False,missing_match,DBLP,43,True,correct,Q2
508,conf/sigmod/AcharyaGPR99a,True,7,EpUtXEhwDaUJ,0.9505783652114713,0.9210021483730326,0.029576216838438696,0.5000000000000001,True,correct,DBLP,43,True,correct,Q1
509,conf/vldb/McKennaBHT96,True,1,0tZaTV3W05wJ,0.9845743056326656,0.004860114373649653,0.9797141912590159,0.5000000000000001,True,correct,DBLP,43,True,correct,Q4
510,journals/vldb/FangGM96,False,0,AWGtiQgXS7QJ,0.9252843611347045,0.19728506920504935,0.7279992919296552,0.5000000000000001,True,false_link,DBLP,43,True,false_link,Q3
511,conf/sigmod/ChandrasekaranCDFHHKMRS03,True,3,MNuT46WJZaQJ,0.9104994639411712,0.46698482067331687,0.44351464326785434,0.5000000000000001,True,correct,DBLP,43,True,correct,Q3
512,conf/sigmod/LlirbatFS97,True,1,hJiwQ2CQRBkJ,0.9902426390432469,0.0005624719092366463,0.9896801671340103,0.5000000000000001,True,correct,DBLP,43,True,correct,Q4
513,conf/vldb/FegarasE01,True,1,pinPEM3Rvm0J,0.9900006018409134,0.03960990792254712,0.9503906939183663,0.5000000000000001,True,correct,DBLP,43,True,correct,Q4
514,conf/sigmod/AdyaGLM95,True,4,bfcbZlt6vngJ,0.9902426417791675,0.9730861840323638,0.017156457746803744,0.5000000000000001,True,correct,DBLP,43,True,correct,Q1
515,conf/vldb/RaoR99,True,2,tv4rTR2Z-I8J,0.9822925632580325,0.04064014310379194,0.9416524201542406,0.5000000000000001,True,correct,DBLP,43,True,correct,Q3
516,conf/vldb/RothOH99,True,2,c-Kalb26vykJ,0.9768302068408495,0.6721353531806133,0.3046948536602362,0.5000000000000001,True,correct,DBLP,43,True,correct,Q2
517,journals/sigmod/ConstantopoulosCP01,False,0,RaOQG4YyzM4J,0.001405093232817529,0.0009658959523202645,0.0004391972804972645,0.5000000000000001,False,unmatched_abstention,DBLP,43,False,unmatched_abstention,Q1
518,journals/sigmod/DogacDATKCD98,True,3,vG5FK8BJkZgJ,0.9880208197301226,0.6959601695203558,0.2920606502097668,0.5000000000000001,True,correct,DBLP,43,True,correct,Q2
519,conf/vldb/OzsuVU98,True,2,WAivXgeI8vIJ,0.9709336865612342,0.4897293145525448,0.48120437200868943,0.5000000000000001,True,correct,DBLP,43,True,correct,Q3
520,conf/vldb/JiangSLB00,True,1,eZwzDZ7QhzoJ,0.9766095761662771,0.0038144267534837802,0.9727951494127933,0.5000000000000001,True,correct,DBLP,43,True,correct,Q4
521,journals/vldb/JagadishKNS00,True,2,GtXc02EJjCgJ,0.9832680122801426,0.951420251269753,0.03184776101038955,0.5000000000000001,True,correct,DBLP,43,True,correct,Q1
522,conf/vldb/JoshiBLL98,True,1,RufEbUPZNbYJ,0.9857352820926777,0.011532550483484751,0.9742027316091929,0.5000000000000001,True,correct,DBLP,43,True,correct,Q4
523,journals/sigmod/Bussche00,True,2,CER66z1lh0MJ,0.9679245781225632,0.4623256219188433,0.5055989562037199,0.5000000000000001,True,correct,DBLP,43,True,correct,Q3
524,conf/sigmod/Hammond99,True,1,-ndr_jftgFkJ,0.9847981882110074,0.0022233049541954685,0.982574883256812,0.5000000000000001,True,correct,DBLP,43,True,correct,Q4
525,conf/vldb/TreschPL95,True,1,1rPUqMFsS3AJ,0.985735279764223,0.11496800740661521,0.8707672723576079,0.5000000000000001,True,correct,DBLP,43,True,correct,Q3
526,journals/sigmod/Keim96,True,1,vkUvhZOw-1YJ,0.9826182046283074,0.3944755121569387,0.5881426924713686,0.5000000000000001,True,correct,DBLP,43,True,correct,Q3
527,conf/sigmod/KoudasS03,True,1,url:http://portal.acm.org/ft_gateway.cfm%3Fid%3D872871%26type%3Dpdf%26dl%3Dportal%26dl%3DACM%26CFID%3D11111111%26CFTOKEN%3D2222222,0.9576158446185625,0.020833382999683205,0.9367824616188793,0.5000000000000001,True,correct,DBLP,43,True,correct,Q3
528,conf/sigmod/OlstonW02,True,1,pBKI-JCAlcIJ,0.9902426433791606,0.0011207179287258749,0.9891219254504346,0.5000000000000001,True,correct,DBLP,43,True,correct,Q4
529,journals/sigmod/Snodgrass03a,False,0,url:http://portal.acm.org/citation.cfm%3Fid%3D1084805.1084832,0.012568736956207083,0.0094008067966682,0.003167930159538883,0.5000000000000001,False,unmatched_abstention,DBLP,43,False,unmatched_abstention,Q1
530,conf/vldb/ChenRS95,True,1,4TMZhO1wdwsJ,0.957562236486916,0.0027722790940582585,0.9547899573928577,0.5000000000000001,True,correct,DBLP,43,True,correct,Q4
531,conf/sigmod/CareyFZ94,True,5,EN1nFWJxnoIJ,0.9839334713299032,0.9328983786006987,0.05103509272920448,0.5000000000000001,True,correct,DBLP,43,True,correct,Q1
532,conf/vldb/BunemanDHOW95,True,1,95LnCs7V35YJ,0.9883466318734667,0.0027834475944135636,0.9855631842790532,0.5000000000000001,True,correct,DBLP,43,True,correct,Q4
533,conf/sigmod/Lomet00,True,1,FiPJDs_jm54J,0.9650367332238432,0.00024575079440188096,0.9647909824294413,0.5000000000000001,True,correct,DBLP,43,True,correct,Q4
534,conf/sigmod/DeshpandeGR01,True,2,knAoAIpo7hYJ,0.9902426319698301,0.8275310537909798,0.1627115781788503,0.5000000000000001,True,correct,DBLP,43,True,correct,Q2
535,conf/vldb/KoudasGGSV03,True,1,d8BBxc5Ato8J,0.98386127736392,0.004610245256038758,0.9792510321078813,0.5000000000000001,True,correct,DBLP,43,True,correct,Q4
536,conf/vldb/CatozziR01,True,2,x_mqIy3GCmAJ,0.9857353020027508,0.34177412085009806,0.6439611811526528,0.5000000000000001,True,correct,DBLP,43,True,correct,Q3
537,conf/vldb/JohnsonM98,True,4,eFynrwKK_T0J,0.9848521171630584,0.8305884151240913,0.1542637020389671,0.5000000000000001,True,correct,DBLP,43,True,correct,Q2
538,conf/vldb/Ioannidis03,True,1,jELnwotIy9kJ,0.9770458087700524,0.02426685511401205,0.9527789536560404,0.5000000000000001,True,correct,DBLP,43,True,correct,Q4
539,journals/vldb/GutingS95,True,8,CBHicx5w3ocJ,0.9333438760792614,0.8642046102773405,0.06913926580192087,0.5000000000000001,True,correct,DBLP,43,True,correct,Q2
540,conf/sigmod/LakhamrajuRSS00,True,3,GveQLUTEle8J,0.9842958844854941,0.6007489246084861,0.38354695987700804,0.5000000000000001,True,correct,DBLP,43,True,correct,Q3
541,conf/sigmod/ChenDLT00,True,1,url:http://portal.acm.org/citation.cfm%3Fid%3D342009.336560,0.9869749581518433,0.46448186152305265,0.5224930966287906,0.5000000000000001,True,correct,DBLP,43,True,correct,Q3
542,conf/vldb/HuangJR97,True,3,nBHS2BTx-GkJ,0.9872665808718173,0.7115794442889226,0.2756871365828947,0.5000000000000001,True,correct,DBLP,43,True,correct,Q2
543,journals/sigmod/JaegerF95,True,2,oacFELqmw0cJ,0.9417458055830005,0.6822700907333191,0.25947571484968135,0.5000000000000001,True,correct,DBLP,43,True,correct,Q2
544,journals/tods/Snodgrass01a,False,0,zvcs9bbyoi0J,0.5330639813470719,0.5060986383952282,0.026965342951843718,0.5000000000000001,True,false_link,DBLP,43,False,unmatched_abstention,Q1
545,conf/sigmod/BrunoCG01,True,3,8KJ9XFv1ESAJ,0.9902426319698301,0.9634067304265492,0.02683590154328086,0.5000000000000001,True,correct,DBLP,43,True,correct,Q1
546,journals/sigmod/SalgadoE03,False,0,url:http://portal.acm.org/ft_gateway.cfm%3Fid%3D310062%26type%3Dpdf%26dl%3DGUIDE%26dl%3DACM%26CFID%3D11111111%26CFTOKEN%3D2222222,0.14749665518061095,0.004305961614153966,0.14319069356645697,0.5000000000000001,False,unmatched_abstention,DBLP,43,False,unmatched_abstention,Q2
547,journals/sigmod/Fagin02,True,2,C3swZi1md5YJ,0.9901881304517194,0.011862111795237208,0.9783260186564822,0.5000000000000001,True,correct,DBLP,43,True,correct,Q4
548,journals/tods/Ross96,True,1,url:http://portal.acm.org/ft_gateway.cfm%3Fid%3D232628%26type%3Dpdf%26dl%3DGUIDE%26dl%3DACM%26CFID%3D11111111%26CFTOKEN%3D2222222,0.9778067109506919,0.0023563130507426927,0.9754503978999493,0.5000000000000001,True,correct,DBLP,43,True,correct,Q4
549,conf/sigmod/SismanisDRK02,True,4,seSeL2gsCJoJ,0.9561968284241934,0.8126982490612398,0.14349857936295363,0.5000000000000001,True,correct,DBLP,43,True,correct,Q2
550,journals/sigmod/TatarinovIMHSDDKMM03,True,2,0JPhnHlRGOoJ,0.8870551161428872,0.5524194904967864,0.33463562564610083,0.5000000000000001,True,correct,DBLP,43,True,correct,Q2
551,conf/sigmod/OhHP00,True,3,T91d5LI-xIwJ,0.9643563562762442,0.9122031607203263,0.05215319555591791,0.5000000000000001,True,correct,DBLP,43,True,correct,Q1
552,conf/vldb/BaulierBKS98,True,1,dNK16sHm9eUJ,0.9850530340345551,0.0026987984129514427,0.9823542356216037,0.5000000000000001,True,correct,DBLP,43,True,correct,Q4
553,conf/vldb/ShahRS02,True,2,Q3MhG5RK29oJ,0.851082689203049,0.7852276267724546,0.06585506243059436,0.5000000000000001,True,correct,DBLP,43,True,correct,Q2
554,conf/vldb/Gibbons01,True,1,tYtl6ZxQ-_YJ,0.9859224124857584,0.5905673332468059,0.3953550792389525,0.5000000000000001,True,correct,DBLP,43,True,correct,Q3
555,conf/sigmod/ViglasN02,True,2,2aeb_pBP7lcJ,0.9887699007450133,0.5410505195818148,0.4477193811631984,0.5000000000000001,True,correct,DBLP,43,True,correct,Q3
556,conf/vldb/Leymann01,True,1,eRh9hA637AMJ,0.5923957724790068,0.0045894663666210915,0.5878063061123857,0.5000000000000001,True,correct,DBLP,43,True,correct,Q3
557,conf/sigmod/MamoulisP99,True,4,z9MQwq7G3GYJ,0.9902426280979785,0.9762173810419036,0.014025247056074885,0.5000000000000001,True,correct,DBLP,43,True,correct,Q1
558,journals/sigmod/ArenasKKKMM03,True,2,biVrK7MrU4QJ,0.9314322111303918,0.8519643574261819,0.07946785370420983,0.5000000000000001,True,correct,DBLP,43,True,correct,Q2
559,conf/sigmod/ChenGK01,True,1,8OgkUeiawO0J,0.9562186065393501,0.08859500773964947,0.8676235987997006,0.5000000000000001,True,correct,DBLP,43,True,correct,Q3
560,conf/sigmod/WuAA01,True,2,QKlyEeIFW24J,0.9688545091497835,0.8413772218310839,0.12747728731869967,0.5000000000000001,True,correct,DBLP,43,True,correct,Q2
561,conf/sigmod/MayrS99,True,1,1lRZz4bZvxEJ,0.9902426543228329,0.0031591682264894235,0.9870834860963434,0.5000000000000001,True,correct,DBLP,43,True,correct,Q4
562,conf/sigmod/SelfridgeSW96,True,2,V2Wysmw3ti4J,0.9340004652038333,0.8952311397557499,0.038769325448083425,0.5000000000000001,True,correct,DBLP,43,True,correct,Q1
563,conf/vldb/WuFSP00,True,2,XojbAfbtdvcJ,0.9878098354477419,0.5188998726962148,0.4689099627515271,0.5000000000000001,True,correct,DBLP,43,True,correct,Q3
564,journals/tods/Revesz98,True,1,dr8s9hbwjR0J,0.9836416503582515,0.011837799915513992,0.9718038504427374,0.5000000000000001,True,correct,DBLP,43,True,correct,Q4
565,conf/vldb/OoiGT98,True,1,LJdSx1Di81MJ,0.9850357174788084,0.0254764718153185,0.9595592456634898,0.5000000000000001,True,correct,DBLP,43,True,correct,Q4
566,journals/sigmod/PourabbasR00,True,2,3y6y5AXu-j0J,0.9901881288428759,0.6114580061557995,0.3787301226870764,0.5000000000000001,True,correct,DBLP,43,True,correct,Q3
567,journals/vldb/Bertino94,True,2,ylP7n4GU-DQJ,0.9862840210000995,0.45660696358805264,0.5296770574120468,0.5000000000000001,True,correct,DBLP,43,True,correct,Q3
568,conf/sigmod/BohmBKK01,True,1,C4XcBh6anhAJ,0.982545866408812,0.0012398432780997052,0.9813060231307124,0.5000000000000001,True,correct,DBLP,43,True,correct,Q4
569,journals/vldb/MihailaRT02,True,1,my7mYCzEEJAJ,0.9838511361215994,0.010957927134648186,0.9728932089869512,0.5000000000000001,True,correct,DBLP,43,True,correct,Q4
570,conf/vldb/RosenthalS94,True,1,NFUWsBXtCncJ,0.9845446993362631,0.0010291621294605015,0.9835155372068026,0.5000000000000001,True,correct,DBLP,43,True,correct,Q4
571,journals/sigmod/Loeffen94,True,3,gb-yIDOxaEkJ,0.9901881249496111,0.8263752792167935,0.1638128457328175,0.5000000000000001,True,correct,DBLP,43,True,correct,Q2
572,conf/vldb/LabrinidisR01,True,3,3Ozte0ucNJAJ,0.9900006074471152,0.9410512175412946,0.04894938990582054,0.5000000000000001,True,correct,DBLP,43,True,correct,Q1
573,conf/sigmod/EmbleyJN99,True,3,x8uC_9_IzUEJ,0.9466733868738324,0.8896818310030102,0.056991555870822164,0.5000000000000001,True,correct,DBLP,43,True,correct,Q2
574,conf/sigmod/SaltenisJLL00,True,11,e0UYPB4kRCYJ,0.9729294225811725,0.958938617164937,0.013990805416235541,0.5000000000000001,True,correct,DBLP,43,True,correct,Q1
575,journals/sigmod/ZobelMR96,True,1,6NbNX8nSta0J,0.9901881288428759,0.0017157171654988575,0.988472411677377,0.5000000000000001,True,correct,DBLP,43,True,correct,Q4
576,journals/sigmod/CfP99,False,0,xKi8Vm3o9KsJ,0.0024554616530844888,0.0005202284709185189,0.00193523318216597,0.5000000000000001,False,unmatched_abstention,DBLP,43,False,unmatched_abstention,Q1
577,conf/sigmod/WilschutFA95,True,2,vgoFTdXYHZ0J,0.9847463859824752,0.049078520277908266,0.935667865704567,0.5000000000000001,True,correct,DBLP,43,True,correct,Q3
578,journals/sigmod/LightstoneLZ02,True,2,7TYVQTwq9FIJ,0.9901881403153058,0.8869197659567304,0.10326837435857539,0.5000000000000001,True,correct,DBLP,43,True,correct,Q2
579,conf/vldb/Bhashyam96,True,1,url:http://portal.acm.org/ft_gateway.cfm%3Fid%3D245908%26type%3Dpdf%26dl%3DGUIDE%26dl%3DACM%26CFID%3D11111111%26CFTOKEN%3D2222222,0.9803311073033926,0.000249695402104563,0.9800814119012881,0.5000000000000001,True,correct,DBLP,43,True,correct,Q4
580,conf/sigmod/BornhovdAKMPR03,True,2,7lPu8hBgKksJ,0.9745195881697589,0.9317747828342069,0.04274480533555203,0.5000000000000001,True,correct,DBLP,43,True,correct,Q1
581,journals/sigmod/Vassilakis00,True,2,nZO8ZA4eYzYJ,0.9901881233407668,0.651953684267213,0.33823443907355377,0.5000000000000001,True,correct,DBLP,43,True,correct,Q2
582,conf/vldb/CeriFP99,True,3,8OrOAQnaveIJ,0.9849144546399639,0.9603978705522525,0.0245165840877114,0.5000000000000001,True,correct,DBLP,43,True,correct,Q1
583,conf/vldb/ChangG97,True,6,2SYiXa0vGN4J,0.985735279764223,0.9281936284113317,0.057541651352891354,0.5000000000000001,True,correct,DBLP,43,True,correct,Q2
584,journals/tods/Galindo-LegariaR97,True,3,Vjga5yC23KIJ,0.9863323781803992,0.9084776960539163,0.07785468212648294,0.5000000000000001,True,correct,DBLP,43,True,correct,Q2
585,journals/sigmod/FreemanG96,True,3,Em3qp7RGalkJ,0.9901881233407668,0.9657546721656091,0.024433451175157717,0.5000000000000001,True,correct,DBLP,43,True,correct,Q1
586,conf/sigmod/BertinoCF01,True,1,JSzfxAgs4pgJ,0.9873357213258064,0.5823709440764072,0.40496477724939917,0.5000000000000001,True,correct,DBLP,43,True,correct,Q3
587,journals/vldb/Sarawagi01,True,1,Xx6kw0tCeQIJ,0.9862840423950499,0.025983364612448274,0.9603006777826015,0.5000000000000001,True,correct,DBLP,43,True,correct,Q4
588,journals/sigmod/UrbanDG96,True,1,url:http://portal.acm.org/ft_gateway.cfm%3Fid%3D381892%26type%3Dpdf%26dl%3DGUIDE%26dl%3DACM%26CFID%3D11111111%26CFTOKEN%3D2222222,0.977577156165635,0.02021345560671438,0.9573637005589206,0.5000000000000001,True,correct,DBLP,43,True,correct,Q4
589,journals/vldb/ShegalovGW01,True,1,_6ErNQyZwXsJ,0.9862840232402287,0.004661020655580303,0.9816230025846484,0.5000000000000001,True,correct,DBLP,43,True,correct,Q4
590,conf/sigmod/Martin94,True,1,ogow-Rtc3fEJ,0.9662914913170113,0.06666442508207542,0.8996270662349359,0.5000000000000001,True,correct,DBLP,43,True,correct,Q3
591,conf/vldb/SchindlerAG03,True,1,CsWyDorgQF4J,0.9838546263365112,0.0010134623643980722,0.9828411639721132,0.5000000000000001,True,correct,DBLP,43,True,correct,Q4
592,conf/vldb/TsoisS03,True,1,_2oz5poi5asJ,0.9774280277744739,0.0019433024654522395,0.9754847253090216,0.5000000000000001,True,correct,DBLP,43,True,correct,Q4
593,conf/vldb/Kuhn03,False,0,MyW5sLwDtogJ,0.3775179918276764,0.0004775506844227372,0.3770404411432537,0.5000000000000001,False,unmatched_abstention,DBLP,43,True,false_link,Q3
594,conf/sigmod/RoySSB00,True,5,OZHS88jHgDkJ,0.9588199227004538,0.9083810166582276,0.05043890604222623,0.5000000000000001,True,correct,DBLP,43,True,correct,Q1
595,journals/tods/MamoulisP01,True,1,Rg8V7NSK9tMJ,0.9863323702718916,0.11433289074313696,0.8719994795287547,0.5000000000000001,True,correct,DBLP,43,True,correct,Q3
596,conf/vldb/VenkataramanZ98,True,2,KrAyBSajhZEJ,0.990000597873991,0.9440104769881759,0.04599012088581511,0.5000000000000001,True,correct,DBLP,43,True,correct,Q1
597,journals/sigmod/BunemanFSW01,False,0,vsgKNz-kktsJ,0.21957045101774805,0.07228599926091359,0.14728445175683447,0.5000000000000001,False,unmatched_abstention,DBLP,43,True,false_link,Q2
598,conf/vldb/ColletCS94,True,4,uMutI8spj1QJ,0.9846708848143348,0.9041815854026785,0.08048929941165639,0.5000000000000001,True,correct,DBLP,43,True,correct,Q2
599,journals/sigmod/LaenderRST02,True,4,paQAZ2KXFgAJ,0.9837970287124043,0.9510092930239069,0.032787735688497355,0.5000000000000001,True,correct,DBLP,43,True,correct,Q1
600,journals/tods/Lerner00,True,2,ETqxTcvf7K4J,0.9787861260091713,0.49445368781447835,0.4843324381946929,0.5000000000000001,True,correct,DBLP,43,True,correct,Q3
601,conf/vldb/RysNS96,True,2,pwxPfVlOqQUJ,0.9762234738839021,0.9618148597573472,0.01440861412655492,0.5000000000000001,True,correct,DBLP,43,True,correct,Q1
602,journals/sigmod/SureSS02,True,3,v0tY6g0DHMcJ,0.9746876984552634,0.9697247460535003,0.004962952401763032,0.5000000000000001,True,correct,DBLP,43,True,correct,Q1
603,conf/sigmod/DuSD95,True,1,Vl7gY6FsOOYJ,0.9797549815049583,0.00020403580191515324,0.9795509457030431,0.5000000000000001,True,correct,DBLP,43,True,correct,Q4
604,journals/vldb/Halevy02,True,1,url:http://www.springerlink.com/index/6UEYKJ4UQTK18H6D.pdf,0.6192586950428793,0.520786392335523,0.0984723027073563,0.5000000000000001,True,correct,DBLP,43,False,missing_match,Q2
605,conf/sigmod/Faloutsos95,True,1,R0xUZUxSGmwJ,0.3598337463433196,0.008604734899929219,0.35122901144339036,0.5000000000000001,False,missing_match,DBLP,43,True,correct,Q2
606,conf/vldb/WangHH00,True,1,qbxHq9qXVrUJ,0.990000595832161,0.47088176966268597,0.519118826169475,0.5000000000000001,True,correct,DBLP,43,True,correct,Q3
607,journals/sigmod/Franklin98b,False,0,ntqMqfgRXM4J,0.543450422244227,0.48852425840434677,0.05492616383988025,0.5000000000000001,True,false_link,DBLP,43,False,unmatched_abstention,Q1
608,conf/vldb/BestavrosB95,True,2,lGyhpsPV6ogJ,0.985735279764223,0.8673382364072003,0.11839704335702272,0.5000000000000001,True,correct,DBLP,43,True,correct,Q2
609,journals/sigmod/EisenbergM99a,True,2,e3s4OFTeBqwJ,0.9752785845772548,0.5627380796526401,0.4125405049246147,0.5000000000000001,True,correct,DBLP,43,True,correct,Q3
610,conf/vldb/MignetMAC01,True,4,VaDXNMtPZ4oJ,0.9857353020027508,0.9741889402770021,0.011546361725748744,0.5000000000000001,True,correct,DBLP,43,True,correct,Q1
611,conf/sigmod/Grust02,True,3,-3LAxRNpDJIJ,0.9559881960345427,0.9316023241146102,0.024385871919932467,0.5000000000000001,True,correct,DBLP,43,True,correct,Q1
612,conf/vldb/ZemankovaI94,True,1,Y1ZxtWV-qeUJ,0.9827110846129079,0.009001725744439738,0.9737093588684682,0.5000000000000001,True,correct,DBLP,43,True,correct,Q4
613,conf/vldb/SimonD95,True,1,lLARMvKaIQMJ,0.9757844838680925,0.002209773423982623,0.9735747104441098,0.5000000000000001,True,correct,DBLP,43,True,correct,Q4
614,journals/vldb/MuckP97,True,1,yHSQJtyFciMJ,0.9200554820857697,0.0006335217022399374,0.9194219603835297,0.5000000000000001,True,correct,DBLP,43,True,correct,Q3
615,conf/sigmod/ZhouR02,True,1,-hUVSdRv5UUJ,0.9885468957087865,0.0400653927148242,0.9484815029939623,0.5000000000000001,True,correct,DBLP,43,True,correct,Q4
616,conf/sigmod/WoelkBJOTU95,True,6,--PsNHvlpbIJ,0.9200076573565029,0.5938516987735426,0.3261559585829603,0.5000000000000001,True,correct,DBLP,43,True,correct,Q2
617,journals/sigmod/WuY00,True,1,url:http://portal.acm.org/ft_gateway.cfm%3Fid%3D362096%26type%3Dpdf%26dl%3DGUIDE%26dl%3DACM%26CFID%3D11111111%26CFTOKEN%3D2222222,0.490403166857164,0.002063984899435495,0.4883391819577285,0.5000000000000001,False,missing_match,DBLP,43,True,correct,Q3
618,journals/sigmod/ChengP03,True,1,6fAPR3UvX28J,0.9844596184025731,0.032079804498121575,0.9523798139044516,0.5000000000000001,True,correct,DBLP,43,True,correct,Q4
619,conf/sigmod/PiatkoYLS96,True,1,3NMPG1vUNgwJ,0.9873503447642784,0.00024793935485754106,0.9871024054094208,0.5000000000000001,True,correct,DBLP,43,True,correct,Q4
620,conf/sigmod/Keim96,True,2,AF9vuEJOr6cJ,0.9827140232124516,0.8296262159000938,0.15308780731235783,0.5000000000000001,True,correct,DBLP,43,True,correct,Q2
621,conf/sigmod/AgichteinG03,True,1,url:http://portal.acm.org/citation.cfm%3Fid%3D872851,0.9843580774472396,0.030569777760790652,0.953788299686449,0.5000000000000001,True,correct,DBLP,43,True,correct,Q4
622,conf/vldb/YanA94,True,3,8j5i7YJQnNAJ,0.9884816841488419,0.9502226919475143,0.03825899220132756,0.5000000000000001,True,correct,DBLP,43,True,correct,Q1
623,journals/sigmod/Geller02,True,1,url:http://portal.acm.org/ft_gateway.cfm%3Fid%3D507355%26type%3Dpdf%26dl%3DGUIDE%26dl%3DACM%26CFID%3D11111111%26CFTOKEN%3D2222222,0.9473900851045285,0.14301489219177668,0.8043751929127518,0.5000000000000001,True,correct,DBLP,43,True,correct,Q3
624,conf/vldb/DiaoLCT00,True,2,lzbvXZxLKJIJ,0.9900006114885662,0.6503085021026638,0.33969210938590244,0.5000000000000001,True,correct,DBLP,43,True,correct,Q2
625,journals/vldb/Seshadri98,True,1,yXXD9DeXoAgJ,0.9862840446351757,0.13200492955738746,0.8542791150777882,0.5000000000000001,True,correct,DBLP,43,True,correct,Q3
626,journals/sigmod/OConnellW03,True,1,SeDkIL_DlRwJ,0.530826950547805,0.003621601291854383,0.5272053492559506,0.5000000000000001,True,correct,DBLP,43,True,correct,Q3
627,journals/sigmod/LabrinidisR00,True,2,Wcbvsi-QDtcJ,0.9663651225144558,0.605344616692257,0.3610205058221988,0.5000000000000001,True,correct,DBLP,43,True,correct,Q3
628,conf/sigmod/ZaharioudakisC97,True,1,U0o8vPY7L4kJ,0.9851176142646331,0.011447546182064176,0.9736700680825688,0.5000000000000001,True,correct,DBLP,43,True,correct,Q4
629,journals/sigmod/GatziuJSV99,True,1,HtqrJuo7GSsJ,0.9896275111683623,0.2070403667689373,0.782587144399425,0.5000000000000001,True,correct,DBLP,43,True,correct,Q3
630,conf/vldb/CormodeKMS03,True,1,0ZQnv8tOzBwJ,0.9608319764266149,0.24814515178311203,0.7126868246435029,0.5000000000000001,True,correct,DBLP,43,True,correct,Q3
631,conf/vldb/GottlobKP02,True,6,lmLjPf_m6jwJ,0.9618693202385895,0.9387473684239777,0.023121951814611852,0.5000000000000001,True,correct,DBLP,43,True,correct,Q1
632,conf/vldb/LifantsevC02,True,1,gPvyDDUyrg4J,0.990000597873991,0.0005054334759038273,0.9894951643980872,0.5000000000000001,True,correct,DBLP,43,True,correct,Q4
633,conf/sigmod/PatelYKTNBHRLEKGDN97,True,2,0inuMFZSQ50J,0.9782719388672007,0.6053727441852699,0.3728991946819308,0.5000000000000001,True,correct,DBLP,43,True,correct,Q3
634,conf/sigmod/BaruGLMPVC99,True,7,mXKKjAJUm-oJ,0.9383196287540391,0.8756602658862729,0.06265936286776619,0.5000000000000001,True,correct,DBLP,43,True,correct,Q2
635,conf/sigmod/RiedelFGN00,True,1,ospJVA6AD1sJ,0.9887045167388754,0.0065777722360903824,0.982126744502785,0.5000000000000001,True,correct,DBLP,43,True,correct,Q4
636,journals/sigmod/AilamakiFFSV03,True,1,rMV2yNFwvggJ,0.9886140872381081,0.0022742695448850565,0.986339817693223,0.5000000000000001,True,correct,DBLP,43,True,correct,Q4
637,conf/vldb/CormodeDIM02,True,2,LU7BfMnARgYJ,0.9679461557973859,0.9365582227307558,0.031387933066630014,0.5000000000000001,True,correct,DBLP,43,True,correct,Q1
638,conf/sigmod/JaedickeM98,True,4,MswqiEweEGUJ,0.9902426280979785,0.961147227086069,0.02909540101190944,0.5000000000000001,True,correct,DBLP,43,True,correct,Q1
639,journals/sigmod/KokkotosIPS95,True,1,-IvY8_ki_psJ,0.9802730098169546,0.004962743165595977,0.9753102666513587,0.5000000000000001,True,correct,DBLP,43,True,correct,Q4
640,journals/sigmod/MeersmanS02,False,0,url:http://portal.acm.org/citation.cfm%3Fid%3D945721.945727%26coll%3DGUIDE%26dl%3DACM%26idx%3DJ689%26part%3Dperiodical%26WantType%3Dperiodical%26title%3DACM%2520SIGMOD%2520Record%26CFID%3D11111111%26CFTOKEN%3D2222222,0.5522750918676229,0.551820382600335,0.0004547092672879671,0.5000000000000001,True,false_link,DBLP,43,False,unmatched_abstention,Q1
641,journals/sigmod/McHughW97,True,1,dAnyGPqToQEJ,0.9901881442085644,0.0013222083887251415,0.9888659358198393,0.5000000000000001,True,correct,DBLP,43,True,correct,Q4
642,journals/tods/CeriFPT94,True,4,aphxPCo8qkgJ,0.9863323801386498,0.9106732239416298,0.07565915619702002,0.5000000000000001,True,correct,DBLP,43,True,correct,Q2
643,conf/sigmod/Gray95,False,0,jiJgbmwO0lAJ,0.19115486600749979,0.05182555100622079,0.13932931500127899,0.5000000000000001,False,unmatched_abstention,DBLP,43,False,unmatched_abstention,Q2
644,conf/vldb/SarawagiS96,True,2,GzBmx-QUxFYJ,0.9857353020027508,0.8754597336831815,0.1102755683195693,0.5000000000000001,True,correct,DBLP,43,True,correct,Q2
645,journals/sigmod/Snodgrass03c,True,1,url:http://portal.acm.org/ft_gateway.cfm%3Fid%3D959062%26type%3Dpdf%26dl%3DGUIDE%26dl%3DACM%26CFID%3D11111111%26CFTOKEN%3D2222222,0.9901881225363447,0.136487017387457,0.8537011051488876,0.5000000000000001,True,correct,DBLP,43,True,correct,Q3
646,conf/vldb/TaoPS02,True,3,o0WQjRyBQ5kJ,0.990000597873991,0.9338280168542044,0.056172581019786616,0.5000000000000001,True,correct,DBLP,43,True,correct,Q1
647,conf/sigmod/GravanoGT94,True,10,H6fWl-cSuY4J,0.9902426280979785,0.9468785940763043,0.043364034021674214,0.5000000000000001,True,correct,DBLP,43,True,correct,Q1
648,conf/vldb/BelloDDFNSWZ98,True,3,zrMFWOX1h2MJ,0.9613397517963199,0.26710676690536916,0.6942329848909508,0.5000000000000001,True,correct,DBLP,43,True,correct,Q3
649,journals/sigmod/YuenCLL00,True,1,Ip82P4QfKyEJ,0.9858319369199962,0.28976778092937383,0.6960641559906223,0.5000000000000001,True,correct,DBLP,43,True,correct,Q3
650,journals/sigmod/SnodgrassAABCDEGJKKKLLRSSS94a,True,2,12xRfc32PXoJ,0.9169636145252746,0.6711674152424987,0.24579619928277596,0.5000000000000001,True,correct,DBLP,43,True,correct,Q2
651,journals/vldb/AmielBDS96,True,1,RtYWYRjBUmEJ,0.9844707668441475,0.03562085473002817,0.9488499121141193,0.5000000000000001,True,correct,DBLP,43,True,correct,Q4
652,conf/vldb/Korth95,True,1,UZAQL1o-c0MJ,0.7448601830318521,0.0005186047236366204,0.7443415783082155,0.5000000000000001,True,correct,DBLP,43,True,correct,Q3
653,conf/vldb/FerrandinaMZ94,True,1,yQ2TMZ92GaIJ,0.9900006247427804,0.46888178799586255,0.5211188367469178,0.5000000000000001,True,correct,DBLP,43,True,correct,Q3
654,journals/sigmod/LiefkeS00,True,2,N0eowMtIAukJ,0.9901881387064638,0.5256261724387973,0.46456196626766655,0.5000000000000001,True,correct,DBLP,43,True,correct,Q3
655,conf/vldb/HulgeriS02,True,2,xGcM9AuhrBMJ,0.9900006135303929,0.9309272452498452,0.05907336828054777,0.5000000000000001,True,correct,DBLP,43,True,correct,Q2
656,conf/vldb/RamanRH99,True,3,6uP3E_WEkCAJ,0.989601239807674,0.9268221093832316,0.06277913042444239,0.5000000000000001,True,correct,DBLP,43,True,correct,Q2
657,journals/tods/LeveneL99,True,1,iwPgaJ1eQrkJ,0.9863323938248078,0.006070239836791964,0.9802621539880157,0.5000000000000001,True,correct,DBLP,43,True,correct,Q4
658,conf/sigmod/IpeirotisGS01,True,1,bo7ArXlXypQJ,0.9860194764906036,0.006557236345682741,0.9794622401449209,0.5000000000000001,True,correct,DBLP,43,True,correct,Q4
659,conf/sigmod/ZhangNBB94,True,3,bymQ_6SSse4J,0.9877844816026072,0.7168616034964556,0.2709228781061517,0.5000000000000001,True,correct,DBLP,43,True,correct,Q2
660,conf/vldb/PapadiasMD98,True,2,7vbPCi-dbawJ,0.9857353122943032,0.8780650871015893,0.10767022519271396,0.5000000000000001,True,correct,DBLP,43,True,correct,Q2
661,journals/sigmod/DarwenD95,True,5,DVnOcHunv7MJ,0.9884124277629619,0.8979394504032377,0.09047297735972415,0.5000000000000001,True,correct,DBLP,43,True,correct,Q2
662,journals/sigmod/KiyokiKH94,True,1,xT3mwY4t5kEJ,0.9901881458174053,0.004745144008660836,0.9854430018087444,0.5000000000000001,True,correct,DBLP,43,True,correct,Q4
663,journals/sigmod/Gaffney96,True,1,uaT2hY6421UJ,0.7484609403403775,0.00015949936659811513,0.7483014409737794,0.5000000000000001,True,correct,DBLP,43,True,correct,Q3
664,conf/sigmod/IoannidisL94,True,1,dDHNsS9sisEJ,0.9314033195192031,0.0011469950779166732,0.9302563244412864,0.5000000000000001,True,correct,DBLP,43,True,correct,Q3
665,journals/sigmod/BerraNT95,True,1,url:http://portal.acm.org/ft_gateway.cfm%3Fid%3D202670%26type%3Dpdf%26dl%3DGUIDE%26dl%3DACM%26CFID%3D11111111%26CFTOKEN%3D2222222,0.9291977748317315,0.01863923672183086,0.9105585381099006,0.5000000000000001,True,correct,DBLP,43,True,correct,Q3
666,conf/vldb/PantiSG00,True,1,C7Vuxp5KVsAJ,0.990000611891113,0.009931870888256826,0.9800687410028561,0.5000000000000001,True,correct,DBLP,43,True,correct,Q4
667,conf/vldb/GehaniJR94,True,2,MxYiwR2f9UYJ,0.9774092912785101,0.5190566492857034,0.4583526419928067,0.5000000000000001,True,correct,DBLP,43,True,correct,Q3
668,conf/sigmod/Seshadri99,True,2,B855ccGhBu4J,0.9717579593852946,0.8791225509976455,0.09263540838764917,0.5000000000000001,True,correct,DBLP,43,True,correct,Q2
669,journals/sigmod/Darwen96,True,1,url:http://portal.acm.org/citation.cfm%3Fid%3D245882.245886%26dl%3DGUIDE%26dl%3DACM%26idx%3DJ689%26part%3Dperiodical%26WantType%3Dperiodical%26title%3DACM%2520SIGMOD%2520Record%26CFID%3D11111111%26CFTOKEN%3D2222222,0.9892728409826036,0.21672615729765018,0.7725466836849534,0.5000000000000001,True,correct,DBLP,43,True,correct,Q3
670,conf/vldb/ZhuS02,True,1,iuyRrJJDBcIJ,0.990000597873991,0.0031181495465565506,0.9868824483274344,0.5000000000000001,True,correct,DBLP,43,True,correct,Q4
671,conf/vldb/CarinoO98,True,3,lDNAWc5SrmIJ,0.9866345242724177,0.9375511301751639,0.04908339409725382,0.5000000000000001,True,correct,DBLP,43,True,correct,Q1
672,journals/sigmod/Franklin00b,False,0,ntqMqfgRXM4J,0.5038931044098723,0.47476601955851544,0.0291270848513569,0.5000000000000001,True,false_link,DBLP,43,False,unmatched_abstention,Q1
673,conf/sigmod/BaulierBGGHJKKMMNNRSSSWW99,True,1,wgRWDYY7q_8J,0.9682913341887552,0.09153192310821405,0.8767594110805412,0.5000000000000001,True,correct,DBLP,43,True,correct,Q3
674,conf/sigmod/AgrawalASY97,True,5,3nxl8d4c0t4J,0.9854811837741662,0.9266231510232216,0.05885803275094459,0.5000000000000001,True,correct,DBLP,43,True,correct,Q2
675,journals/tods/Hellerstein98,True,5,q8m4M7OxSSAJ,0.9822521228899029,0.9114463174173467,0.07080580547255622,0.5000000000000001,True,correct,DBLP,43,True,correct,Q2
676,journals/sigmod/TianDCZ02,True,5,JceK-ywXk8UJ,0.9877359329870019,0.9008483153124427,0.08688761767455921,0.5000000000000001,True,correct,DBLP,43,True,correct,Q2
677,conf/vldb/DarFJST96,True,11,95lS1rShpqQJ,0.9744203873228083,0.9625405480392473,0.011879839283561067,0.5000000000000001,True,correct,DBLP,43,True,correct,Q1
678,journals/vldb/FerrariAABC02,True,1,74D4YiDcxfcJ,0.9808986668252169,0.014252669230090307,0.9666459975951266,0.5000000000000001,True,correct,DBLP,43,True,correct,Q4
679,journals/sigmod/ShahMFH01,True,1,7b-nJDMGtwUJ,0.9661273855276786,0.004655911601175203,0.9614714739265035,0.5000000000000001,True,correct,DBLP,43,True,correct,Q4
680,journals/sigmod/BerndtssonH96,True,2,url:http://portal.acm.org/ft_gateway.cfm%3Fid%3D381889%26type%3Dpdf%26dl%3DGUIDE%26dl%3DACM%26CFID%3D11111111%26CFTOKEN%3D2222222,0.5427431262735767,0.2497088566592693,0.29303426961430734,0.5000000000000001,True,correct,DBLP,43,True,correct,Q2
681,journals/sigmod/JacobS99,True,1,3-iiSyJLwLkJ,0.9884080714703055,0.37863053496390187,0.6097775365064037,0.5000000000000001,True,correct,DBLP,43,True,correct,Q3
682,conf/sigmod/LiuFP03,True,2,5BY1upUmSTUJ,0.8378162518412523,0.5714130292165415,0.26640322262471083,0.5000000000000001,True,correct,DBLP,43,True,correct,Q2
683,journals/tods/SrivastavaSRN95,True,2,zm3D83ZiU4UJ,0.9848121804824451,0.9270603468807125,0.05775183360173264,0.5000000000000001,True,correct,DBLP,43,True,correct,Q2
684,journals/sigmod/CruzKLSWY02,True,1,url:http://portal.acm.org/ft_gateway.cfm%3Fid%3D601882%26type%3Dpdf%26dl%3DGUIDE%26dl%3DACM%26CFID%3D11111111%26CFTOKEN%3D2222222,0.9846410047233661,0.057543166866000285,0.9270978378573659,0.5000000000000001,True,correct,DBLP,43,True,correct,Q3
685,journals/vldb/Antoshenkov97,True,1,gleX-n_dgkcJ,0.9862840210000995,0.6643784721595102,0.3219055488405893,0.5000000000000001,True,correct,DBLP,43,True,correct,Q2
686,journals/sigmod/X94b,False,0,url:http://ieeexplore.ieee.org/iel5/2/4048/x0715521.pdf,0.06614009374588244,0.0025076414265228957,0.06363245231935954,0.5000000000000001,False,unmatched_abstention,DBLP,43,False,unmatched_abstention,Q2
687,conf/sigmod/PapadopoulosM98,True,1,dLzAJ-I1nCcJ,0.9609417618660301,0.0010264692380186854,0.9599152926280115,0.5000000000000001,True,correct,DBLP,43,True,correct,Q4
688,conf/sigmod/Team95c,False,0,O-TrhFwhKM8J,0.00037917877584150674,0.00015620414459969337,0.00022297463124181337,0.5000000000000001,False,unmatched_abstention,DBLP,43,False,unmatched_abstention,Q1
689,journals/vldb/EyalM01,True,1,ntrSSBumclMJ,0.9862840423950499,0.003823847116064972,0.9824601952789849,0.5000000000000001,True,correct,DBLP,43,True,correct,Q4
690,conf/sigmod/ZaharioudakisCLPU00,True,3,Pbl_CbLYKWYJ,0.985027408670488,0.8497789265420901,0.1352484821283979,0.5000000000000001,True,correct,DBLP,43,True,correct,Q2
691,conf/vldb/AtzeniMM97,True,7,sARbiNQPPWQJ,0.990000611891113,0.9216489533901174,0.06835165850099556,0.5000000000000001,True,correct,DBLP,43,True,correct,Q2
692,conf/vldb/CarinoJ98,True,1,LF2aUSIWko4J,0.9900006131278463,0.0015995843122232883,0.988401028815623,0.5000000000000001,True,correct,DBLP,43,True,correct,Q4
693,conf/sigmod/ChakrabartiM99,True,1,Jg81WYtxtZoJ,0.9902426335698246,0.02896163378241615,0.9612809997874084,0.5000000000000001,True,correct,DBLP,43,True,correct,Q4
694,conf/vldb/WangSG03,True,1,T1TgIax4zVcJ,0.9857352785999955,0.004108854333626319,0.9816264242663693,0.5000000000000001,True,correct,DBLP,43,True,correct,Q4
695,journals/sigmod/PuSW01,True,1,nkW4iN6JqfAJ,0.9901881233407668,0.06449880501921743,0.9256893183215493,0.5000000000000001,True,correct,DBLP,43,True,correct,Q3
696,journals/sigmod/CiliaB02,True,1,Y1HVgTopekIJ,0.9846955677582372,0.002463819583633399,0.9822317481746038,0.5000000000000001,True,correct,DBLP,43,True,correct,Q4
697,conf/vldb/PossP03,True,1,DYZlq4rntjwJ,0.9724288766177083,0.0150513016453375,0.9573775749723707,0.5000000000000001,True,correct,DBLP,43,True,correct,Q4
698,journals/sigmod/BallMRZ02,True,1,Mfc9xsb7BuQJ,0.9873163528584015,0.00292766260918346,0.984388690249218,0.5000000000000001,True,correct,DBLP,43,True,correct,Q4
699,conf/sigmod/CarinoKKB01,True,2,a9HFF_bwiH4J,0.9798431810312064,0.9115927027517527,0.06825047827945363,0.5000000000000001,True,correct,DBLP,43,True,correct,Q2
700,journals/sigmod/AtkinsonDJPS96,True,5,JHVWab3P4zIJ,0.9536930793289369,0.9307945531106795,0.022898526218257387,0.5000000000000001,True,correct,DBLP,43,True,correct,Q1
701,conf/vldb/YuPM03,True,2,ZEEZqsnVCyYJ,0.9857352785999955,0.001230873343353175,0.9845044052566424,0.5000000000000001,True,correct,DBLP,43,True,correct,Q4
702,conf/sigmod/CallanCD99,True,3,eWVreKOw_QgJ,0.9902426128167727,0.9317787470615438,0.05846386575522888,0.5000000000000001,True,correct,DBLP,43,True,correct,Q2
703,journals/sigmod/Gardels97,True,1,PlitMluIJyYJ,0.9901881233407668,0.008310503064859691,0.9818776202759071,0.5000000000000001,True,correct,DBLP,43,True,correct,Q4
704,journals/sigmod/WangD03,False,0,enUg70kEpM8J,0.005622753622713929,0.00016019518150492388,0.005462558441209005,0.5000000000000001,False,unmatched_abstention,DBLP,43,True,false_link,Q1
705,conf/sigmod/BohannonMR01,True,1,ChD3-mp23f8J,0.9803517290121111,0.060447268338755356,0.9199044606733557,0.5000000000000001,True,correct,DBLP,43,True,correct,Q3
706,journals/vldb/DeyBS96,True,1,q8IL-AZTmcgJ,0.9807262953207991,0.06660944369054682,0.9141168516302524,0.5000000000000001,True,correct,DBLP,43,True,correct,Q3
707,conf/vldb/Duranti01,True,1,gQW6iYG5Vh0J,0.9857353020027508,0.26447260621295277,0.7212626957897981,0.5000000000000001,True,correct,DBLP,43,True,correct,Q3
708,journals/tods/PolyzoisG94,True,2,LoL0Yu6h4VAJ,0.980734890131488,0.964333966349554,0.016400923781933918,0.5000000000000001,True,correct,DBLP,43,True,correct,Q1
709,conf/sigmod/ClossmanSHKPB98,True,4,Q0Jr0CGWn5MJ,0.6318781963873255,0.4767565424513975,0.15512165393592797,0.5000000000000001,True,correct,DBLP,43,True,correct,Q2
710,conf/sigmod/DraperHW01,True,3,sURGDemFSsUJ,0.9835306738316133,0.865959664533585,0.11757100929802833,0.5000000000000001,True,correct,DBLP,43,True,correct,Q2
711,conf/vldb/NgY94,True,3,1O-Uy922LQUJ,0.9767615838686419,0.8778387238522798,0.09892286001636208,0.5000000000000001,True,correct,DBLP,43,True,correct,Q2
712,conf/vldb/RossS97,True,4,-rTWS2erFQcJ,0.980756335995467,0.8579219861655406,0.12283434982992636,0.5000000000000001,True,correct,DBLP,43,True,correct,Q2
713,conf/sigmod/DasuJMS02,True,3,POt1WbTBB4cJ,0.9856448964791715,0.9409424270366799,0.04470246944249168,0.5000000000000001,True,correct,DBLP,43,True,correct,Q1
714,conf/sigmod/GeorgeH97,True,3,Ah9B3bWU0jEJ,0.9902426264979829,0.916819851433161,0.07342277506482187,0.5000000000000001,True,correct,DBLP,43,True,correct,Q2
715,journals/sigmod/Huyn01,True,1,KNYDz76C_HsJ,0.9901881387064638,0.005319448226569373,0.9848686904798944,0.5000000000000001,True,correct,DBLP,43,True,correct,Q4
716,conf/vldb/JermaineDO99,True,2,eawaEzvWj4gJ,0.9857352820926777,0.2681569112516422,0.7175783708410355,0.5000000000000001,True,correct,DBLP,43,True,correct,Q3
717,conf/sigmod/LiBCS00,True,1,4abl38Q9iH4J,0.9773741218014685,0.0027126005050081186,0.9746615212964604,0.5000000000000001,True,correct,DBLP,43,True,correct,Q4
718,journals/sigmod/Chamberlin03,False,0,MgMdNhAX41cJ,0.0005784874231554314,0.0004326390872458775,0.00014584833590955393,0.5000000000000001,False,unmatched_abstention,DBLP,43,False,unmatched_abstention,Q1
719,conf/vldb/BernsteinPS99,True,1,JcHiZlbsts0J,0.987300580706194,0.85056282448311,0.13673775622308393,0.5000000000000001,True,correct,DBLP,43,True,correct,Q2
720,journals/vldb/NgS98,True,3,url:http://www.springerlink.com/index/85D6LYCWB48DWBKW.pdf,0.9758511281313228,0.9297656920861214,0.04608543604520143,0.5000000000000001,True,correct,DBLP,43,True,correct,Q1
721,conf/sigmod/Galindo-LegariaJ01,True,1,BSlaDX5r0HQJ,0.9864856443466418,0.002138440265436453,0.9843472040812054,0.5000000000000001,True,correct,DBLP,43,True,correct,Q4
722,journals/sigmod/Wade96,True,1,AYtrcxExrbkJ,0.9635266945640658,0.00013823982684007315,0.9633884547372258,0.5000000000000001,True,correct,DBLP,43,True,correct,Q4
723,conf/vldb/IdrisGC94,True,2,Xf7TnMxlGTkJ,0.9740193159192494,0.12543725759112404,0.8485820583281254,0.5000000000000001,True,correct,DBLP,43,True,correct,Q3
724,journals/sigmod/Abiteboul99,True,2,J_7kZS39msAJ,0.9871295448742569,0.648967321853045,0.3381622230212119,0.5000000000000001,True,correct,DBLP,43,True,correct,Q2
725,conf/vldb/VassalosP97,True,8,kG-k9420fGMJ,0.9900006014383661,0.9727815041765752,0.01721909726179094,0.5000000000000001,True,correct,DBLP,43,True,correct,Q1
726,conf/vldb/ViverosNR96,True,2,YWG9plUEbigJ,0.8879845454164156,0.8413468863778406,0.046637659038574975,0.5000000000000001,True,correct,DBLP,43,True,correct,Q1
727,conf/vldb/BalminPP00,True,1,FoAVdcYe0tsJ,0.9852548690333341,0.7584502200210431,0.22680464901229103,0.5000000000000001,True,correct,DBLP,43,True,correct,Q2
728,journals/tods/KossmannS00,True,2,PnGVbzQCWY0J,0.9863323781803992,0.3563772598137877,0.6299551183666114,0.5000000000000001,True,correct,DBLP,43,True,correct,Q3
729,journals/tods/CasatiCPP99,True,6,6F_cUJERo6sJ,0.9863323727783241,0.9325516841368531,0.05378068864147101,0.5000000000000001,True,correct,DBLP,43,True,correct,Q1
730,journals/vldb/BunemanFS00,True,1,E_CQlx3K0W4J,0.9862840210000995,0.009035806480319509,0.97724821451978,0.5000000000000001,True,correct,DBLP,43,True,correct,Q4
731,journals/vldb/Cobb97,True,1,R6XK3NbfZrgJ,0.9418271424203527,0.004490247652595485,0.9373368947677572,0.5000000000000001,True,correct,DBLP,43,True,correct,Q3
732,conf/vldb/BrinkhoffK94,True,2,egvBPvtoaMMJ,0.9792135042509706,0.8336399566615401,0.14557354758943053,0.5000000000000001,True,correct,DBLP,43,True,correct,Q2
733,journals/sigmod/HasanFV96,True,3,m2CCumFeAWgJ,0.9901881288428759,0.9657874656913762,0.02440066315149969,0.5000000000000001,True,correct,DBLP,43,True,correct,Q1
734,conf/vldb/GantiLR00,True,2,V7byawkFcZMJ,0.9883284636956307,0.7342899441675901,0.2540385195280406,0.5000000000000001,True,correct,DBLP,43,True,correct,Q2
735,journals/vldb/SwamiS95,True,1,S6TmnZKgmxwJ,0.9808763395709259,0.0025737883970215585,0.9783025511739043,0.5000000000000001,True,correct,DBLP,43,True,correct,Q4
736,conf/sigmod/BabcockBDM03,True,4,a2wqpKma5J4J,0.9902426311698326,0.9475864985135675,0.04265613265626511,0.5000000000000001,True,correct,DBLP,43,True,correct,Q1
737,journals/vldb/AntoshenkovZ96,True,2,N8syKKPN6IoJ,0.9862840286611482,0.7621377984265442,0.224146230234604,0.5000000000000001,True,correct,DBLP,43,True,correct,Q2
738,conf/vldb/MankuM02,True,3,WS4ljty1ff8J,0.9876469629444419,0.9317852697307185,0.05586169321372336,0.5000000000000001,True,correct,DBLP,43,True,correct,Q1
739,conf/vldb/SistlaYLL95,True,3,HtTNmhCJY-oJ,0.9700753609400785,0.9295207938346494,0.04055456710542915,0.5000000000000001,True,correct,DBLP,43,True,correct,Q1
740,conf/vldb/BonczMK99,True,4,xWYu2JWiF_kJ,0.9592411405121953,0.953560619975904,0.005680520536291311,0.5000000000000001,True,correct,DBLP,43,True,correct,Q1
741,conf/vldb/RezendeH98,True,1,njuthCBUMPAJ,0.926761032542478,0.09111608672469969,0.8356449458177783,0.5000000000000001,True,correct,DBLP,43,True,correct,Q3
742,conf/vldb/LiM01,True,3,vkMYwC5tzUgJ,0.9900005934316047,0.9312899172429129,0.05871067618869186,0.5000000000000001,True,correct,DBLP,43,True,correct,Q2
743,conf/sigmod/JagatheesanR03,True,4,fobv5DPqKUcJ,0.9639781378399306,0.957615780426995,0.00636235741293556,0.5000000000000001,True,correct,DBLP,43,True,correct,Q1
744,journals/tods/BaralisW00,True,1,4RrNbX-RjpsJ,0.9863323705459821,0.37640717711985994,0.6099251934261222,0.5000000000000001,True,correct,DBLP,43,True,correct,Q3
745,conf/sigmod/RundensteinerWYD02,True,1,7MfXAAdBQ2EJ,0.9837757077458474,0.004115219876971096,0.9796604878688764,0.5000000000000001,True,correct,DBLP,43,True,correct,Q4
746,conf/vldb/PereiraFJLS01,True,2,Cd6A4nsDnkQJ,0.9756706476536513,0.949086201054778,0.026584446598873268,0.5000000000000001,True,correct,DBLP,43,True,correct,Q1
747,conf/vldb/LockemannKKKN97,True,1,mFJzfuwL1jcJ,0.9638731257296212,0.00414665070897795,0.9597264750206433,0.5000000000000001,True,correct,DBLP,43,True,correct,Q4
748,conf/vldb/DattaRT99,True,1,gckQTLQjsj8J,0.985735304331202,0.0018538072919236698,0.9838814970392784,0.5000000000000001,True,correct,DBLP,43,True,correct,Q4
749,conf/sigmod/BunemanDHS96,True,9,rNVPCLfguuMJ,0.9902426264979829,0.945639664286704,0.04460296221127891,0.5000000000000001,True,correct,DBLP,43,True,correct,Q1
750,conf/vldb/MengLLA03,True,2,_dOpWA3QWOEJ,0.9883685102050482,0.5270132517468454,0.4613552584582028,0.5000000000000001,True,correct,DBLP,43,True,correct,Q3
751,journals/sigmod/Bohlen95,True,5,WnwPjh0a0twJ,0.9659924935367142,0.8744198857703879,0.09157260776632636,0.5000000000000001,True,correct,DBLP,43,True,correct,Q2
752,journals/sigmod/WinslettCDHZZ02,True,1,url:http://portal.acm.org/ft_gateway.cfm%3Fid%3D601881%26type%3Dpdf%26dl%3DGUIDE%26dl%3DACM%26CFID%3D11111111%26CFTOKEN%3D2222222,0.9869546466143188,0.051814847605506344,0.9351397990088124,0.5000000000000001,True,correct,DBLP,43,True,correct,Q3
753,conf/sigmod/MelnikRB03,True,4,wfjeWtEY2NcJ,0.9889227771949175,0.9842550792451341,0.004667697949783389,0.5000000000000001,True,correct,DBLP,43,True,correct,Q1
754,conf/sigmod/KangN03,True,1,ABztkd0E9lUJ,0.9891558701396229,0.00211775796778159,0.9870381121718413,0.5000000000000001,True,correct,DBLP,43,True,correct,Q4
755,journals/sigmod/Datta94,True,2,PPH2NlobSwsJ,0.9901881249496111,0.9701725176582904,0.02001560729132068,0.5000000000000001,True,correct,DBLP,43,True,correct,Q1
756,conf/vldb/KeimH99,True,1,28GZ8M1ZPVYJ,0.9879788994572497,0.002211282844702116,0.9857676166125476,0.5000000000000001,True,correct,DBLP,43,True,correct,Q4
757,conf/vldb/BenediktCFRZZ02,True,1,7xe6Gp9fIEEJ,0.6961237319192438,0.00038276205610074393,0.695740969863143,0.5000000000000001,True,correct,DBLP,43,True,correct,Q3
758,journals/sigmod/Mendelzon98,False,0,LxniIL-QAhgJ,0.13710098072702018,0.024964584129057,0.11213639659796318,0.5000000000000001,False,unmatched_abstention,DBLP,43,False,unmatched_abstention,Q2
759,conf/vldb/EleftheriouBCDHLPPABDDDGJHLRSVW03,True,1,hRToevpkaa0J,0.9707888117479694,0.0014870136364630979,0.9693017981115063,0.5000000000000001,True,correct,DBLP,43,True,correct,Q4
760,conf/sigmod/CherniackZ96,True,3,ZsHfcZJwFQQJ,0.9875235886846743,0.8972027950812129,0.09032079360346135,0.5000000000000001,True,correct,DBLP,43,True,correct,Q2
761,conf/sigmod/LehnerSPC00,True,3,UFKz6Q0wVi4J,0.9749794408931586,0.9517250465785543,0.0232543943146043,0.5000000000000001,True,correct,DBLP,43,True,correct,Q1
762,journals/sigmod/Hammer03,True,1,url:http://portal.acm.org/ft_gateway.cfm%3Fid%3D601859%26type%3Dpdf%26dl%3DGUIDE%26dl%3DACM%26CFID%3D11111111%26CFTOKEN%3D2222222,0.457664878937171,0.005761250676478249,0.45190362826069275,0.5000000000000001,False,missing_match,DBLP,43,True,correct,Q3
763,conf/sigmod/LuoEHN02,True,1,7p7mpmvIBrYJ,0.7422161727117063,0.0033819457722813057,0.7388342269394249,0.5000000000000001,True,correct,DBLP,43,True,correct,Q3
764,journals/tods/Chen95a,True,1,qexCEm3QaUgJ,0.9863323702718916,0.19787759784061515,0.7884547724312765,0.5000000000000001,True,correct,DBLP,43,True,correct,Q3
765,journals/sigmod/JensenCEGHJ94,True,13,url:http://portal.acm.org/ft_gateway.cfm%3Fid%3D181560%26type%3Dpdf%26coll%3DGUIDE%26dl%3DACM%26CFID%3D11111111%26CFTOKEN%3D2222222,0.9584961666903218,0.8930201076776895,0.06547605901263231,0.5000000000000001,True,correct,DBLP,43,True,correct,Q2
766,conf/sigmod/JosifovskiSHL02,True,1,xA9KNostV4cJ,0.9709851550528883,0.00015870658531169795,0.9708264484675766,0.5000000000000001,True,correct,DBLP,43,True,correct,Q4
767,journals/sigmod/LabrinidisM01,True,1,url:http://portal.acm.org/ft_gateway.cfm%3Fid%3D603886%26type%3Dpdf%26dl%3DGUIDE%26dl%3DACM%26CFID%3D11111111%26CFTOKEN%3D2222222,0.987608086439764,0.00835545700776311,0.979252629432001,0.5000000000000001,True,correct,DBLP,43,True,correct,Q4
768,journals/tods/AikenHW95,True,3,U8ZlWhxgtxYJ,0.9652389765225965,0.8878107602281159,0.0774282162944806,0.5000000000000001,True,correct,DBLP,43,True,correct,Q2
769,conf/vldb/DittrichSTW02,True,1,egCgEjikCgAJ,0.9847257349438543,0.0016664146466111613,0.9830593202972431,0.5000000000000001,True,correct,DBLP,43,True,correct,Q4
770,conf/vldb/SeifertS02,True,2,1VEHUogTMZMJ,0.9888870544823825,0.7979737792323575,0.190913275250025,0.5000000000000001,True,correct,DBLP,43,True,correct,Q2
771,conf/sigmod/JonssonFS98,True,2,5fb1l1MyGisJ,0.9862985877830142,0.8990511976395302,0.08724739014348393,0.5000000000000001,True,correct,DBLP,43,True,correct,Q2
772,conf/sigmod/BrinkhoffKSS94a,True,1,yp82ArYEGxIJ,0.8972399653635795,0.021148005148200165,0.8760919602153794,0.5000000000000001,True,correct,DBLP,43,True,correct,Q3
773,conf/vldb/ChoN02,True,2,4tTQJrG4pn8J,0.9900006135303929,0.8511552547117424,0.13884535881865057,0.5000000000000001,True,correct,DBLP,43,True,correct,Q2
774,conf/vldb/BlokWZPAKJ01,True,2,jxPqWIuxhvwJ,0.9747871899367917,0.8825787569410277,0.09220843299576398,0.5000000000000001,True,correct,DBLP,43,True,correct,Q2
775,conf/sigmod/FranklinZ98,True,2,5Cj9Wx8llkwJ,0.9609417618660301,0.8802231765627176,0.08071858530331244,0.5000000000000001,True,correct,DBLP,43,True,correct,Q2
776,conf/sigmod/2002,False,0,aYljR4znM8gJ,0.0014212613781576318,0.00043887661848004196,0.0009823847596775897,0.5000000000000001,False,unmatched_abstention,DBLP,43,False,unmatched_abstention,Q1
777,journals/sigmod/LenzeriniNNS01,False,0,url:http://portal.acm.org/ft_gateway.cfm%3Fid%3D290595%26type%3Dpdf%26dl%3DGUIDE%26dl%3DACM%26CFID%3D11111111%26CFTOKEN%3D2222222,0.16394284168937706,0.021461293723738933,0.14248154796563814,0.5000000000000001,False,unmatched_abstention,DBLP,43,True,false_link,Q2
778,conf/sigmod/Hidber99,True,2,Rn-E82gM1RQJ,0.9592665017446194,0.8005728113727542,0.1586936903718652,0.5000000000000001,True,correct,DBLP,43,True,correct,Q2
779,conf/sigmod/ZhangNDLL01,True,2,ryaV3kTsJ2IJ,0.9902426319698301,0.7130161287707608,0.2772265031990693,0.5000000000000001,True,correct,DBLP,43,True,correct,Q2
780,conf/sigmod/GoldmanW00,True,1,Ol886Ck3jz4J,0.9902426264979829,0.00042953692807182973,0.9898130895699111,0.5000000000000001,True,correct,DBLP,43,True,correct,Q4
781,journals/sigmod/Jhingran00,True,1,lrGge6mTVckJ,0.9901881233407668,0.00023394617143036465,0.9899541771693364,0.5000000000000001,True,correct,DBLP,43,True,correct,Q4
782,conf/sigmod/Ballinger94,True,1,xGGBIZmLvmgJ,0.9877844816026072,0.001650522706984852,0.9861339588956224,0.5000000000000001,True,correct,DBLP,43,True,correct,Q4
783,journals/vldb/PottingerH01,True,4,Kv3ZFRUKCogJ,0.9862840423950499,0.6193412475926314,0.3669427948024184,0.5000000000000001,True,correct,DBLP,43,True,correct,Q3
784,journals/vldb/LiangOY00,True,1,ikw-En98LywJ,0.9811255434069255,0.02681985174412453,0.954305691662801,0.5000000000000001,True,correct,DBLP,43,True,correct,Q4
785,conf/sigmod/BonnetBCCCHKMMOSS99,False,0,QuUCX1UWWC0J,0.00014275779126291996,9.68927699171967e-05,4.5865021345723266e-05,0.5000000000000001,False,unmatched_abstention,DBLP,43,False,unmatched_abstention,Q1
786,conf/sigmod/GarofalakisG02,True,2,6EaC2CmjsmAJ,0.9297191974379247,0.6337467209145494,0.2959724765233753,0.5000000000000001,True,correct,DBLP,43,True,correct,Q2
787,conf/vldb/RastogiS98,True,5,yztQfwBZU6EJ,0.9704132206467484,0.9680507100652103,0.0023625105815381353,0.5000000000000001,True,correct,DBLP,43,True,correct,Q1
788,conf/vldb/KilgerM94,True,1,OzgnxugGCWMJ,0.9900006135303929,0.003104256244386359,0.9868963572860066,0.5000000000000001,True,correct,DBLP,43,True,correct,Q4
789,conf/vldb/Vingralek02,False,0,1R21hO7j9sQJ,0.0004488870040273964,0.00040697646053038117,4.1910543497015226e-05,0.5000000000000001,False,unmatched_abstention,DBLP,43,False,unmatched_abstention,Q1
790,conf/vldb/GrumbachRS00,True,1,iQ3Zi3crc9wJ,0.990000595832161,0.0006539547703032333,0.9893466410618578,0.5000000000000001,True,correct,DBLP,43,True,correct,Q4
791,conf/vldb/WangZ00,True,2,eDa9jQWsTMoJ,0.9852548542843191,0.8362060727967385,0.1490487814875806,0.5000000000000001,True,correct,DBLP,43,True,correct,Q2
792,journals/sigmod/Hoffner03,True,1,url:http://portal.acm.org/citation.cfm%3Fid%3D776985.776995%26coll%3DGUIDE%26dl%3DACM%26idx%3DJ689%26part%3Dperiodical%26WantType%3Dperiodical%26title%3DACM%2520SIGMOD%2520Record%26CFID%3D11111111%26CFTOKEN%3D2222222,0.9553358115647341,0.0007008107282430513,0.9546350008364911,0.5000000000000001,True,correct,DBLP,43,True,correct,Q4
793,conf/vldb/DeRose99,True,1,_7DyRIjTceAJ,0.9766471490464748,0.0006342703955917716,0.976012878650883,0.5000000000000001,True,correct,DBLP,43,True,correct,Q4
794,conf/sigmod/RaoZML02,True,2,7Ucs6vmjHN0J,0.9775310631463984,0.9433552097112672,0.03417585343513119,0.5000000000000001,True,correct,DBLP,43,True,correct,Q1
795,conf/vldb/ChatziantoniouR97,True,2,Xx-pSjq7Mv8J,0.9715037050328932,0.9642213610973007,0.007282343935592461,0.5000000000000001,True,correct,DBLP,43,True,correct,Q1
796,conf/sigmod/ArasuG03,True,3,zN8ngmWNDlgJ,0.957615780426995,0.8318639346972422,0.12575184572975284,0.5000000000000001,True,correct,DBLP,43,True,correct,Q2
797,conf/sigmod/RamaswamyK95,True,3,g9Y0KAu_UHQJ,0.9438974540783032,0.9317958400280341,0.012101614050269105,0.5000000000000001,True,correct,DBLP,43,True,correct,Q1
798,conf/sigmod/Carey94,True,1,Lj8CI8ALd9UJ,0.9253319369810381,0.025835474942787658,0.8994964620382504,0.5000000000000001,True,correct,DBLP,43,True,correct,Q3
799,conf/vldb/GalhardasFSSS01,True,6,nlOAkKW_ry8J,0.9882837979081961,0.9406484617677964,0.04763533614039972,0.5000000000000001,True,correct,DBLP,43,True,correct,Q1
800,journals/sigmod/Vianu03,True,2,JgenqfLQC1UJ,0.9554804582182953,0.3323155172345716,0.6231649409837237,0.5000000000000001,True,correct,DBLP,43,True,correct,Q3
801,journals/vldb/AtzeniM00,True,1,wt2W1fPudfIJ,0.002483962008608566,0.001474097634649019,0.0010098643739595468,0.5000000000000001,False,missing_match,DBLP,43,False,missing_match,Q1
802,conf/sigmod/AdaliSS99,True,4,c2dH5RxNj6kJ,0.9758842337106345,0.972934059403175,0.0029501743074594744,0.5000000000000001,True,correct,DBLP,43,True,correct,Q1
803,conf/vldb/OuzzaniAB94,True,3,CgoUJ7DogcwJ,0.9796730382453014,0.9361578759821353,0.043515162263166096,0.5000000000000001,True,correct,DBLP,43,True,correct,Q1
804,journals/vldb/GibsonKR00,True,1,9FBwT6XFOssJ,0.9862840210000995,0.0052505127052747515,0.9810335082948247,0.5000000000000001,True,correct,DBLP,43,True,correct,Q4
805,conf/vldb/ZhangL97,True,2,QGopit06CLEJ,0.9881062641295849,0.9532133748498135,0.03489288927977141,0.5000000000000001,True,correct,DBLP,43,True,correct,Q1
806,conf/sigmod/PoosalaIHS96,True,9,hHGQKstQ2PQJ,0.9735899728473734,0.9678358264717998,0.005754146375573588,0.5000000000000001,True,correct,DBLP,43,True,correct,Q1
807,conf/sigmod/Kohler99,False,0,ZSR-MThg9UEJ,0.0004518078932161115,0.000341675367949719,0.00011013252526639254,0.5000000000000001,False,unmatched_abstention,DBLP,43,False,unmatched_abstention,Q1
808,conf/vldb/NathDKGKS03,True,3,pF6EW_yKYyYJ,0.9800361964595239,0.9103071020860621,0.06972909437346175,0.5000000000000001,True,correct,DBLP,43,True,correct,Q2
809,journals/sigmod/ACT-NET96,True,3,FTDeavdkHpsJ,0.15672914599038495,0.13381626521303697,0.022912880777347988,0.5000000000000001,False,missing_match,DBLP,43,True,correct,Q1
810,conf/sigmod/BrodskySCE99,True,3,jnBo-gBTmAcJ,0.9584262960476481,0.8857695098250054,0.07265678622264271,0.5000000000000001,True,correct,DBLP,43,True,correct,Q2
811,conf/sigmod/AcharyaGP00,True,3,WGWZ2cNZW2YJ,0.9895122167607459,0.9190604505518126,0.07045176620893323,0.5000000000000001,True,correct,DBLP,43,True,correct,Q2
812,conf/sigmod/JajodiaSSB97,True,4,p-m7MMOS2aUJ,0.9529021118311782,0.9490190734191627,0.003883038412015538,0.5000000000000001,True,correct,DBLP,43,True,correct,Q1
813,conf/sigmod/WattezCBFF00,True,1,1SA9LhktHsUJ,0.9873123431048072,0.0007217902236094625,0.9865905528811978,0.5000000000000001,True,correct,DBLP,43,True,correct,Q4
814,conf/vldb/GoldsteinR00,True,4,ylZFc8RNoeQJ,0.9852548548750709,0.9343803208925509,0.050874533982520065,0.5000000000000001,True,correct,DBLP,43,True,correct,Q1
815,conf/sigmod/Melling94,True,1,j4O-xhs1QAgJ,0.9857741474010346,0.006721712817995498,0.9790524345830391,0.5000000000000001,True,correct,DBLP,43,True,correct,Q4
816,conf/vldb/HumborstadSHT97,True,1,TjJZGlCajbMJ,0.6376792250865472,0.0003383030107514896,0.6373409220757957,0.5000000000000001,True,correct,DBLP,43,True,correct,Q3
817,conf/sigmod/HanKS97,True,4,nD_Yjp9TNuIJ,0.9902426417791675,0.9237467052066799,0.06649593657248765,0.5000000000000001,True,correct,DBLP,43,True,correct,Q2
818,conf/vldb/KumarKA97,True,3,EhTWppk6No8J,0.9830038991697476,0.9530936789902353,0.02991022017951228,0.5000000000000001,True,correct,DBLP,43,True,correct,Q1
819,journals/sigmod/Cardelli01,True,1,UYAoi4DYOXUJ,0.9901881211600226,0.011438739881124791,0.9787493812788979,0.5000000000000001,True,correct,DBLP,43,True,correct,Q4
820,conf/sigmod/Chamberlin03,True,2,PYiczYqMYLEJ,0.4457941968746305,0.37927974107261814,0.06651445580201237,0.5000000000000001,False,missing_match,DBLP,43,True,false_link,Q2
821,conf/sigmod/BarbaraI94,True,10,GXhaGGajWZkJ,0.9801557091183573,0.9661062332950254,0.014049475823331825,0.5000000000000001,True,correct,DBLP,43,True,correct,Q1
822,conf/sigmod/SimmenSM96,True,1,XVP8s4K0Bg4J,0.9867191937677919,0.0014415177469099053,0.985277676020882,0.5000000000000001,True,correct,DBLP,43,True,correct,Q4
823,journals/tods/KonopnickiS98,True,2,BKUtItHoTX8J,0.986027640927541,0.7953688427489674,0.19065879817857367,0.5000000000000001,True,correct,DBLP,43,True,correct,Q2
824,journals/tods/GraefeC95,True,1,Bn8s7u5T9SAJ,0.9838461915484835,0.004240717157263039,0.9796054743912205,0.5000000000000001,True,correct,DBLP,43,True,correct,Q4
825,journals/sigmod/RamamrithamSSTX96,True,1,kezAM71rts0J,0.9828843982460489,0.021364304386047923,0.9615200938600009,0.5000000000000001,True,correct,DBLP,43,True,correct,Q4
826,conf/sigmod/PengC03,True,1,4Zlh-TEx9m4J,0.9450847338485079,0.5402832174655685,0.4048015163829394,0.5000000000000001,True,correct,DBLP,43,True,correct,Q3
827,conf/sigmod/DeshpandeRSN98,True,1,BXB96UFPHn8J,0.9613535825026319,0.027020664080907714,0.9343329184217242,0.5000000000000001,True,correct,DBLP,43,True,correct,Q3
828,journals/sigmod/JainH94,True,3,iQMUP3fkvo4J,0.9901881458174053,0.8673693758417644,0.1228187699756409,0.5000000000000001,True,correct,DBLP,43,True,correct,Q2
829,journals/sigmod/Qian95a,True,1,url:http://portal.acm.org/ft_gateway.cfm%3Fid%3D212022%26type%3Dpdf%26dl%3DGUIDE%26dl%3DACM%26CFID%3D11111111%26CFTOKEN%3D2222222,0.9901881233407668,0.0134156751855224,0.9767724481552443,0.5000000000000001,True,correct,DBLP,43,True,correct,Q4
830,journals/sigmod/ChangASS98,True,2,CPzROuDNZqgJ,0.9901881249496111,0.7866462950642227,0.20354182988538838,0.5000000000000001,True,correct,DBLP,43,True,correct,Q2
831,conf/sigmod/NatsevRS99,True,3,OtJVavxuuYgJ,0.9611923844854457,0.9200380187945933,0.0411543656908524,0.5000000000000001,True,correct,DBLP,43,True,correct,Q1
832,journals/tods/Chen95,True,1,1px2xYEVMzwJ,0.9863323705459821,0.004590021463574681,0.9817423490824074,0.5000000000000001,True,correct,DBLP,43,True,correct,Q4
833,journals/sigmod/DreyerDS94,True,1,GCf11c7YuucJ,0.9876376915629763,0.01139460233069826,0.9762430892322781,0.5000000000000001,True,correct,DBLP,43,True,correct,Q4
834,conf/vldb/FuC94,True,1,ReboDjzo5y0J,0.9734224288229415,0.0010088680680101743,0.9724135607549313,0.5000000000000001,True,correct,DBLP,43,True,correct,Q4
835,conf/sigmod/FabretJLPRS01,True,4,8lBDhvljrAEJ,0.9701731066534413,0.8389926065898321,0.13118050006360915,0.5000000000000001,True,correct,DBLP,43,True,correct,Q2
836,conf/vldb/ChawatheCY94,True,1,VPwP1w9wvhEJ,0.9693323413125249,0.0009674402309886506,0.9683649010815363,0.5000000000000001,True,correct,DBLP,43,True,correct,Q4
837,conf/sigmod/Sahuguet01,True,2,xb63RaGQYmYJ,0.9697843997238625,0.7896970320566903,0.18008736766717226,0.5000000000000001,True,correct,DBLP,43,True,correct,Q2
838,journals/vldb/LaurentLSV01,True,1,TTIgIh9uC_YJ,0.9790253069388094,0.0003658236712922275,0.9786594832675172,0.5000000000000001,True,correct,DBLP,43,True,correct,Q4
839,journals/vldb/NybergBCGL95,True,2,A1phylxPkl4J,0.9862840210000995,0.9592385748225798,0.027045446177519694,0.5000000000000001,True,correct,DBLP,43,True,correct,Q1
840,conf/sigmod/BunemanM95,True,1,V9DIFmU3vi8J,0.9873747295284073,0.006393987338558487,0.9809807421898489,0.5000000000000001,True,correct,DBLP,43,True,correct,Q4
841,conf/sigmod/Nori00,True,1,url:http://portal.acm.org/citation.cfm%3Fid%3D342009.335474,0.9061961843338543,0.00017502764465356823,0.9060211566892007,0.5000000000000001,True,correct,DBLP,43,False,missing_match,Q3
842,journals/sigmod/Wiegand03,False,0,i3-F0UM7NxQJ,0.0016282511620112382,0.0010313906011942724,0.0005968605608169658,0.5000000000000001,False,unmatched_abstention,DBLP,43,False,unmatched_abstention,Q1
843,journals/sigmod/SchmidtWKFCMB01,True,3,fc8y9x82jqAJ,0.9865543731453287,0.9753199958118135,0.011234377333515178,0.5000000000000001,True,correct,DBLP,43,True,correct,Q1
844,journals/sigmod/Kim94,True,1,930Uth7EArkJ,0.9026999076990978,0.00038083351461429325,0.9023190741844835,0.5000000000000001,True,correct,DBLP,43,True,correct,Q3
845,conf/sigmod/DarR94,True,1,TtV6gGLQ9NMJ,0.9902426280979785,0.16302580711778256,0.8272168209801959,0.5000000000000001,True,correct,DBLP,43,True,correct,Q3
846,conf/vldb/GibbonsMP97,True,1,QKnjF3UgncMJ,0.9363579870176575,0.07035801473704735,0.8659999722806101,0.5000000000000001,True,correct,DBLP,43,True,correct,Q3
847,conf/sigmod/Rodriguez-Martinez00,True,1,ZX_Rn4h2st0J,0.9250566744023749,0.022823064356935336,0.9022336100454396,0.5000000000000001,True,correct,DBLP,43,True,correct,Q3
848,journals/vldb/GarofalakisOS98,True,1,byJ0lVRijnkJ,0.9672242162718107,0.10371701835706647,0.8635071979147442,0.5000000000000001,True,correct,DBLP,43,True,correct,Q3
849,conf/sigmod/FlorescuGKR02,True,1,uam2rv99rxsJ,0.9150683390274731,0.09509682580531544,0.8199715132221577,0.5000000000000001,True,correct,DBLP,43,True,correct,Q3
850,conf/vldb/GarofalakisIO98,True,2,ReV4xpbiC6EJ,0.9646353260501005,0.43843412201595966,0.5262012040341408,0.5000000000000001,True,correct,DBLP,43,True,correct,Q3
851,conf/sigmod/GorelikWD94,True,3,1QvhrpZ7KBgJ,0.9632041344128874,0.833942993475948,0.1292611409369394,0.5000000000000001,True,correct,DBLP,43,True,correct,Q2
852,journals/sigmod/DomenigD99,True,2,S6TMGRGUq1IJ,0.9885887454023798,0.6231250102327469,0.36546373516963293,0.5000000000000001,True,correct,DBLP,43,True,correct,Q3
853,journals/sigmod/Franklin98,False,0,ntqMqfgRXM4J,0.543450422244227,0.48852425840434677,0.05492616383988025,0.5000000000000001,True,false_link,DBLP,43,False,unmatched_abstention,Q1
854,journals/sigmod/PapazoglouH99,True,2,WbsAK4ZE17YJ,0.9901881249496111,0.7080454920899222,0.2821426328596889,0.5000000000000001,True,correct,DBLP,43,True,correct,Q2
855,conf/vldb/LingLL00,True,2,yKnPPSNrDb0J,0.9814364640756718,0.9397055623271924,0.041730901748479377,0.5000000000000001,True,correct,DBLP,43,True,correct,Q1
856,conf/sigmod/WangSCRZP97,True,2,chcojj8yN1sJ,0.9567830115059819,0.2527206844899149,0.704062327016067,0.5000000000000001,True,correct,DBLP,43,True,correct,Q3
857,conf/sigmod/LarsonG98,True,2,QmBz3hMOFh4J,0.9511372731457851,0.9262068961866171,0.024930376959168,0.5000000000000001,True,correct,DBLP,43,True,correct,Q1
858,journals/vldb/PoulovassilisS96,True,2,B87s9MFTeZ8J,0.98628403856453,0.8384817350440014,0.1478023035205286,0.5000000000000001,True,correct,DBLP,43,True,correct,Q2
859,conf/vldb/FlorescuLS98,False,0,ukgazb6f4a4J,0.012278614888047074,0.009693082858116433,0.002585532029930641,0.5000000000000001,False,unmatched_abstention,DBLP,43,False,unmatched_abstention,Q1
860,conf/vldb/BassiliadesV95,True,2,url:http://portal.acm.org/citation.cfm%3Fid%3D673137,0.985735279764223,0.7849911850452859,0.20074409471893717,0.5000000000000001,True,correct,DBLP,43,True,correct,Q2
861,journals/sigmod/Wiegand02,True,1,RAcoVQuEzD8J,0.9901881403153058,0.000967247238990842,0.9892208930763149,0.5000000000000001,True,correct,DBLP,43,True,correct,Q4
862,conf/vldb/ViglasNB03,True,1,GGX9LS25OhwJ,0.9846986444484559,0.04123205614465996,0.9434665883037959,0.5000000000000001,True,correct,DBLP,43,True,correct,Q3
863,journals/sigmod/NestorovAM97,True,1,NVS_rDpScp0J,0.9886836845237535,0.020248624312873022,0.9684350602108805,0.5000000000000001,True,correct,DBLP,43,True,correct,Q4
864,journals/vldb/RamamurthyDS03,True,3,uem5wXLoU0wJ,0.9792944559701938,0.868587286613373,0.11070716935682079,0.5000000000000001,True,correct,DBLP,43,True,correct,Q2
865,conf/sigmod/DogacAEOADAOS94,True,5,AgBMhm_0uEIJ,0.9342950467368121,0.6352514011508119,0.29904364558600016,0.5000000000000001,True,correct,DBLP,43,True,correct,Q2
866,conf/vldb/Cabrera03,True,1,url:http://wwwdb.informatik.uni-rostock.de/vldb2003/papers/S31P01.pdf,0.9602624512104646,0.015446894450412687,0.9448155567600519,0.5000000000000001,True,correct,DBLP,43,True,correct,Q4
867,journals/vldb/RamamohanaraoH94,True,2,UiWvxN_y9SAJ,0.98628403856453,0.8521936243301919,0.1340904142343381,0.5000000000000001,True,correct,DBLP,43,True,correct,Q2
868,conf/vldb/HulgeriS03,True,1,l5_H15LkpCsJ,0.9857352785999955,0.25071494074378187,0.7350203378562137,0.5000000000000001,True,correct,DBLP,43,True,correct,Q3
869,journals/sigmod/Hainaut03,True,1,url:http://portal.acm.org/ft_gateway.cfm%3Fid%3D959087%26type%3Dpdf%26coll%3DGUIDE%26dl%3DACM%26CFID%3D11111111%26CFTOKEN%3D2222222,0.9836071183091599,0.014235412434945444,0.9693717058742145,0.5000000000000001,True,correct,DBLP,43,True,correct,Q4
870,conf/sigmod/Bosworth03,False,0,vtgbh3Fwu58J,0.3264925259974784,0.042038773351073734,0.28445375264640466,0.5000000000000001,False,unmatched_abstention,DBLP,43,False,unmatched_abstention,Q2
871,journals/sigmod/TsotrasJS98,True,2,f3-E7x12K4gJ,0.9866574792143513,0.7063388445338268,0.28031863468052454,0.5000000000000001,True,correct,DBLP,43,True,correct,Q2
872,journals/vldb/RamakrishnanSSS94,True,3,rgA2DgNVPBUJ,0.9845666007127404,0.39531819582217226,0.5892484048905682,0.5000000000000001,True,correct,DBLP,43,True,correct,Q3
873,conf/vldb/ChenDZ03,True,2,cCpHMzAXRnsJ,0.9785504540209088,0.5793991372812543,0.39915131673965454,0.5000000000000001,True,correct,DBLP,43,True,correct,Q3
874,journals/sigmod/BhargavaAP95,True,2,Sql66UDiVnwJ,0.9901881233407668,0.9176153679100499,0.07257275543071684,0.5000000000000001,True,correct,DBLP,43,True,correct,Q2
875,conf/vldb/CiacciaPZ97,True,8,HQQsPfQN7q0J,0.9627872466018751,0.9530501209016066,0.009737125700268523,0.5000000000000001,True,correct,DBLP,43,True,correct,Q1
876,conf/sigmod/BerchtoldK98,True,5,irJbh9rrinoJ,0.9819839978744497,0.9817148406786589,0.00026915719579079234,0.5000000000000001,True,correct,DBLP,43,True,correct,Q1
877,conf/vldb/JagadishLRSS94,True,2,Yiwh22hbTAcJ,0.9646641798052514,0.22705378766080042,0.737610392144451,0.5000000000000001,True,correct,DBLP,43,True,correct,Q3
878,conf/sigmod/BhattacharyaMBNHS02,True,3,tsQbSCfQTooJ,0.9863861825492074,0.23860280849464113,0.7477833740545663,0.5000000000000001,True,correct,DBLP,43,True,correct,Q3
879,conf/sigmod/AgrawalCN01,True,1,2Ua-pWTof_YJ,0.9902426237620583,0.12706380073796744,0.8631788230240909,0.5000000000000001,True,correct,DBLP,43,True,correct,Q3
880,journals/sigmod/BestavrosLS96,True,1,url:http://portal.acm.org/ft_gateway.cfm%3Fid%3D381889%26type%3Dpdf%26dl%3DGUIDE%26dl%3DACM%26CFID%3D11111111%26CFTOKEN%3D2222222,0.19500695288597966,0.18833256267792187,0.0066743902080577955,0.5000000000000001,False,missing_match,DBLP,43,True,false_link,Q1
881,conf/vldb/AmirKN01,True,1,dEwdHTZZYWYJ,0.9844714014485985,0.0007115638297683724,0.9837598376188301,0.5000000000000001,True,correct,DBLP,43,True,correct,Q4
882,conf/sigmod/GarofalakisI96,True,3,MfPbk62EdyQJ,0.9795873700097725,0.8687311465436566,0.1108562234661159,0.5000000000000001,True,correct,DBLP,43,True,correct,Q2
883,conf/sigmod/Chakrabarti99,True,1,url:http://portal.acm.org/ft_gateway.cfm%3Fid%3D304231%26type%3Dpdf%26dl%3DGUIDE%26dl%3DACM%26CFID%3D11111111%26CFTOKEN%3D2222222,0.4893239341136922,0.015334907093773466,0.47398902701991874,0.5000000000000001,False,missing_match,DBLP,43,True,correct,Q3
884,conf/sigmod/MorpainCFP96,True,1,98umDgwqRHcJ,0.9799983846089505,0.005466671953409074,0.9745317126555414,0.5000000000000001,True,correct,DBLP,43,True,correct,Q4
885,conf/sigmod/Fegaras98,True,1,XVtlJYx2G_wJ,0.9609417999704276,0.005241296279949181,0.9557005036904784,0.5000000000000001,True,correct,DBLP,43,True,correct,Q4
886,conf/vldb/Team00,False,0,wgRWDYY7q_8J,0.0005976789461280336,0.00039218009156355486,0.00020549885456447873,0.5000000000000001,False,unmatched_abstention,DBLP,43,False,unmatched_abstention,Q1
887,conf/vldb/BamfordBKM98,True,1,rfuptELfgLkJ,0.990000597873991,0.2743906307955346,0.7156099670784564,0.5000000000000001,True,correct,DBLP,43,True,correct,Q3
888,conf/sigmod/GrossmanHQ95,True,1,Z_kXgQsN0W0J,0.9541592450598957,0.6327257181402944,0.32143352691960125,0.5000000000000001,True,correct,DBLP,43,True,correct,Q2
889,journals/sigmod/GottlobKP03,True,1,rDRdlwdHGb0J,0.9901881156579094,0.09599470940773969,0.8941934062501697,0.5000000000000001,True,correct,DBLP,43,True,correct,Q3
890,conf/sigmod/QunLO03,True,2,BnNNuVfklfcJ,0.9498597678552302,0.5583244235188856,0.3915353443363446,0.5000000000000001,True,correct,DBLP,43,True,correct,Q3
891,conf/vldb/CarinoOBS99,True,1,47kAOej6WIQJ,0.8226419559940722,0.00101413377779821,0.821627822216274,0.5000000000000001,True,correct,DBLP,43,True,correct,Q3
892,journals/tods/CaldersNW02,True,1,DSl0gT8EgR0J,0.9848009569351928,0.0009711900092694617,0.9838297669259233,0.5000000000000001,True,correct,DBLP,43,True,correct,Q4
893,conf/sigmod/Aulakh98,True,1,xFK4CkKj14EJ,0.9902426280979785,0.0014380473661684786,0.98880458073181,0.5000000000000001,True,correct,DBLP,43,True,correct,Q4
894,conf/vldb/Mihalisin98,True,1,FuzSLPzjrokJ,0.990000597873991,0.00036332129181266404,0.9896372765821783,0.5000000000000001,True,correct,DBLP,43,True,correct,Q4
895,conf/sigmod/ButtlerLPP01,True,1,8TcpKdIK1r0J,0.9804382561443069,0.001898961067042755,0.9785392950772641,0.5000000000000001,True,correct,DBLP,43,True,correct,Q4
896,conf/vldb/ChoG00,True,6,9MI4jOOqkn4J,0.9900006086854669,0.9543636917954926,0.03563691688997428,0.5000000000000001,True,correct,DBLP,43,True,correct,Q1
897,conf/sigmod/BrinDG95,True,3,7mNCkZ7D-R8J,0.9902426264979829,0.9422435479002832,0.047999078597699696,0.5000000000000001,True,correct,DBLP,43,True,correct,Q1
898,journals/sigmod/LudascherMM01,True,2,16yr6uv8Rn8J,0.8927881951355982,0.08421193528257993,0.8085762598530182,0.5000000000000001,True,correct,DBLP,43,True,correct,Q3
899,conf/sigmod/LakshmananNHP99,True,4,DfOLEzMoEaEJ,0.9859982598743698,0.9372350881682712,0.048763171706098674,0.5000000000000001,True,correct,DBLP,43,True,correct,Q1
900,conf/sigmod/JagadishLMSV99,True,1,946iAs3adDcJ,0.8888488100176317,0.016235588902087532,0.8726132211155442,0.5000000000000001,True,correct,DBLP,43,True,correct,Q3
901,conf/sigmod/GehrkeGRL99,True,1,s3neqsFCVrAJ,0.958533558504113,0.004162381102094229,0.9543711774020188,0.5000000000000001,True,correct,DBLP,43,True,correct,Q4
902,conf/vldb/ChavdaW97,True,2,E9AsPVyCDlMJ,0.9853152660469968,0.31320005090378256,0.6721152151432143,0.5000000000000001,True,correct,DBLP,43,True,correct,Q3
903,journals/tods/PetersO97,True,2,mQp5jjo-npAJ,0.9577776612805236,0.7265957971553887,0.23118186412513486,0.5000000000000001,True,correct,DBLP,43,True,correct,Q2
904,journals/sigmod/Bernstein01,False,0,K1pma60iA7oJ,0.0009101538679716034,0.0008036789986176127,0.00010647486935399066,0.5000000000000001,False,unmatched_abstention,DBLP,43,False,unmatched_abstention,Q1
905,conf/sigmod/VossenW99,True,2,9PhYz-N58A8J,0.9902426280979785,0.048658948515439775,0.9415836795825387,0.5000000000000001,True,correct,DBLP,43,True,correct,Q3
906,conf/vldb/Lesk94,True,1,nL5wl20jB-kJ,0.9857352820926777,0.0006428431531472537,0.9850924389395305,0.5000000000000001,True,correct,DBLP,43,True,correct,Q4
907,conf/vldb/RohmBSS02,True,2,YMcmy4FOXi8J,0.9835061917107817,0.9822984824607016,0.001207709250080069,0.5000000000000001,True,correct,DBLP,43,True,correct,Q1
908,journals/sigmod/MedskerCS95,True,1,url:http://portal.acm.org/ft_gateway.cfm%3Fid%3D202673%26type%3Dpdf%26coll%3DGUIDE%26dl%3DACM%26CFID%3D11111111%26CFTOKEN%3D2222222,0.9888827566070877,0.0015903956390386274,0.9872923609680491,0.5000000000000001,True,correct,DBLP,43,True,correct,Q4
909,conf/vldb/XinHLW03,True,1,v0rD-1nzJmYJ,0.9850892623973816,0.00716088387007033,0.9779283785273113,0.5000000000000001,True,correct,DBLP,43,True,correct,Q4
910,conf/vldb/Nori02,False,0,gAQqEB3jjxUJ,0.0037015009336344266,0.0010315290127053706,0.0026699719209290563,0.5000000000000001,False,unmatched_abstention,DBLP,43,False,unmatched_abstention,Q1
911,conf/sigmod/AcharyaFZ97,True,7,9OEjtHuRUzsJ,0.9902426417791675,0.9644658087412694,0.025776833037898128,0.5000000000000001,True,correct,DBLP,43,True,correct,Q1
912,journals/sigmod/Liu02b,False,0,url:http://doi.wiley.com/10.1002/tl.7700,0.5124499415199142,0.5096320193191861,0.0028179222007280735,0.5000000000000001,True,false_link,DBLP,43,False,unmatched_abstention,Q1
913,conf/vldb/MatiasVW00,True,2,7SeTnikjovEJ,0.9894383860692514,0.9360000171730108,0.05343836889624054,0.5000000000000001,True,correct,DBLP,43,True,correct,Q1
914,journals/vldb/SivasankaranSTPR96,True,3,XX_3v0k3v6QJ,0.9748814867293693,0.943934474761942,0.030947011967427218,0.5000000000000001,True,correct,DBLP,43,True,correct,Q1
915,conf/sigmod/Ramanan02,True,1,VGe-IBWyMm4J,0.9902426280979785,0.4361799779630872,0.5540626501348913,0.5000000000000001,True,correct,DBLP,43,True,correct,Q3
916,conf/vldb/ManolescuFKXO00,True,5,c22l_WX_ADwJ,0.9884121382797912,0.9251888049845519,0.06322333329523933,0.5000000000000001,True,correct,DBLP,43,True,correct,Q2
917,journals/sigmod/Snodgrass01a,False,0,hvdME1Egw6AJ,0.010990669091602215,0.0009270319369489433,0.010063637154653271,0.5000000000000001,False,unmatched_abstention,DBLP,43,False,unmatched_abstention,Q1
918,journals/sigmod/RossGR03,False,0,tOa0zXK5Ba4J,0.49590570566961584,0.33792251519087446,0.15798319047874138,0.5000000000000001,False,unmatched_abstention,DBLP,43,True,false_link,Q2
919,conf/vldb/HaasB03,True,2,-sWlL27yCP0J,0.9733075381578206,0.9271980051343627,0.04610953302345788,0.5000000000000001,True,correct,DBLP,43,True,correct,Q1
920,conf/vldb/KraissW97,True,1,X6w3sK-vb2wJ,0.9095570859287545,0.005118464326849453,0.904438621601905,0.5000000000000001,True,correct,DBLP,43,True,correct,Q3
921,conf/vldb/LiCHH97,True,2,DmGBKpaiyGEJ,0.9645436468161985,0.8308368035686639,0.13370684324753468,0.5000000000000001,True,correct,DBLP,43,True,correct,Q2
922,conf/vldb/BrightR02,True,1,lovlkpxUzUsJ,0.9900006135303929,0.00016405952972627506,0.9898365540006666,0.5000000000000001,True,correct,DBLP,43,True,correct,Q4
923,conf/vldb/AmielBDS94,True,2,hBak02oe1GMJ,0.9834427068970615,0.9650027741440697,0.018439932752991828,0.5000000000000001,True,correct,DBLP,43,True,correct,Q1
924,conf/vldb/ShaferA97,True,1,O4UcgdEM7vYJ,0.980035595937746,0.8965278334865167,0.08350776245122937,0.5000000000000001,True,correct,DBLP,43,True,correct,Q2
925,conf/sigmod/DreyerDS95,True,2,i1qU2OFSeloJ,0.9515454227245598,0.0938777535473025,0.8576676691772572,0.5000000000000001,True,correct,DBLP,43,True,correct,Q3
926,journals/sigmod/Hanna95,True,2,EKqpEdn3kDMJ,0.9821449169284903,0.9095300679136964,0.07261484901479387,0.5000000000000001,True,correct,DBLP,43,True,correct,Q2
927,conf/vldb/PereiraFLS00,True,4,KAW0nLm2wVAJ,0.9860699774579421,0.9393161261809463,0.04675385127699583,0.5000000000000001,True,correct,DBLP,43,True,correct,Q1
928,conf/sigmod/AnnamalaiCD00,True,1,0Igfv6jL3jwJ,0.9840117065513143,0.0032817753544885924,0.9807299311968257,0.5000000000000001,True,correct,DBLP,43,True,correct,Q4
929,journals/vldb/HjaltasonS02,True,2,FH41DtWf_jAJ,0.9803117850023901,0.8168095023406682,0.16350228266172195,0.5000000000000001,True,correct,DBLP,43,True,correct,Q2
930,journals/sigmod/Snodgrass99,False,0,NHxHsUH9L5MJ,0.10487995862429565,0.06201775039555374,0.04286220822874191,0.5000000000000001,False,unmatched_abstention,DBLP,43,False,unmatched_abstention,Q1
931,journals/vldb/BonifatiCP01,True,1,FLTKBG-bw7sJ,0.9862840210000995,0.04541739526275747,0.940866625737342,0.5000000000000001,True,correct,DBLP,43,True,correct,Q3
932,conf/sigmod/ChaudhuriGS03,True,1,OFGtGwUHhUQJ,0.9902426311698326,0.00394186172240907,0.9863007694474235,0.5000000000000001,True,correct,DBLP,43,True,correct,Q4
933,conf/vldb/MoserKK95,True,4,53hNU_r6-jgJ,0.981061330235371,0.9594723547986935,0.021588975436677482,0.5000000000000001,True,correct,DBLP,43,True,correct,Q1
934,conf/sigmod/WitkowskiBBDFGSS03,True,1,ygCe1xRFuKgJ,0.9800243246190127,0.023894871194504688,0.956129453424508,0.5000000000000001,True,correct,DBLP,43,True,correct,Q4
935,conf/sigmod/ChawatheRGW96,True,4,ilCT5UFnHxgJ,0.9869031816013303,0.8531589506091274,0.1337442309922029,0.5000000000000001,True,correct,DBLP,43,True,correct,Q2
936,conf/vldb/FaloutsosG96,True,3,vwcVawlOJn0J,0.9851151591968026,0.9282834576399734,0.05683170155682915,0.5000000000000001,True,correct,DBLP,43,True,correct,Q1
937,conf/sigmod/HanFHCC94,True,3,6M-fnuhWEOIJ,0.9798404457372016,0.9521848375520297,0.027655608185171987,0.5000000000000001,True,correct,DBLP,43,True,correct,Q1
938,conf/sigmod/TatarinovVBSSZ02,True,2,0HlMHEPJRH4J,0.9638611913513085,0.9358974668816221,0.027963724469686424,0.5000000000000001,True,correct,DBLP,43,True,correct,Q1
939,journals/vldb/FiebigHKMNSW02,True,1,w_FOwUavk0kJ,0.9778417571234815,0.0014273715261788336,0.9764143855973026,0.5000000000000001,True,correct,DBLP,43,True,correct,Q4
940,journals/sigmod/Critchlow01,True,1,wuQbvQAcACsJ,0.5340798825293933,0.0006516905156068518,0.5334281920137864,0.5000000000000001,True,correct,DBLP,43,True,correct,Q3
941,journals/vldb/LiR99,True,2,nu5nhxl6WXQJ,0.9833261749902118,0.7457766601223991,0.23754951486781273,0.5000000000000001,True,correct,DBLP,43,True,correct,Q2
942,conf/vldb/CooperSFHS01,True,1,PAfEdPwJ8tgJ,0.9861140988343078,0.3214485124803008,0.664665586354007,0.5000000000000001,True,correct,DBLP,43,True,correct,Q3
943,conf/vldb/ZhouR03,True,1,MvbChqWgFawJ,0.9832694632107191,0.01381591896757793,0.9694535442431411,0.5000000000000001,True,correct,DBLP,43,True,correct,Q4
944,journals/sigmod/BarbaraBFLS94,True,4,url:http://portal.acm.org/citation.cfm%3Fid%3D187455,0.9809363151135608,0.9326195225149501,0.04831679259861077,0.5000000000000001,True,correct,DBLP,43,True,correct,Q1
945,conf/vldb/Greco98,True,1,CCr8CUlHeNsJ,0.9900005974714438,0.1651138345017055,0.8248867629697383,0.5000000000000001,True,correct,DBLP,43,True,correct,Q3
946,journals/sigmod/Widom96b,False,0,xgdBJbatYcIJ,0.5250494643355985,0.45009465896636275,0.07495480536923577,0.5000000000000001,True,false_link,DBLP,43,False,unmatched_abstention,Q2
947,journals/vldb/EvangelidisS97,True,1,5dnYlEMQTb0J,0.9625336068624092,0.45381119913812323,0.508722407724286,0.5000000000000001,True,correct,DBLP,43,True,correct,Q3
948,journals/vldb/C94,False,0,url:http://www.springerlink.com/index/Q78X31366106T7X5.pdf,0.2142832147497011,0.20399996353842598,0.01028325121127513,0.5000000000000001,False,unmatched_abstention,DBLP,43,False,unmatched_abstention,Q1
949,conf/vldb/Sheth96,True,1,xoD5vxZQJ8AJ,0.985735279764223,0.000417200940912355,0.9853180788233107,0.5000000000000001,True,correct,DBLP,43,True,correct,Q4
950,conf/vldb/JagadishKMPSS98,True,3,TB8sxeXqHRQJ,0.9179622006822158,0.9041773738088729,0.013784826873342926,0.5000000000000001,True,correct,DBLP,43,True,correct,Q1
951,journals/vldb/JagadishACLNPPSWWY02,True,5,zaDlTkyGASQJ,0.969262839667501,0.7961784125317,0.17308442713580108,0.5000000000000001,True,correct,DBLP,43,True,correct,Q2
952,conf/vldb/YiF00,True,6,DpQrWnvO7rEJ,0.9846456054687761,0.9840389267076965,0.0006066787610795599,0.5000000000000001,True,correct,DBLP,43,True,correct,Q1
953,conf/sigmod/ChoG00,True,3,s7K6rICx3fkJ,0.9588199115201451,0.19384843260213463,0.7649714789180104,0.5000000000000001,True,correct,DBLP,43,True,correct,Q3
954,conf/vldb/BouganimFV96,True,1,TiffIV1Y6AMJ,0.983157766743761,0.20004239558286405,0.7831153711608969,0.5000000000000001,True,correct,DBLP,43,True,correct,Q3
955,conf/sigmod/ImielinskiV95,True,1,dKMRgoNRQDgJ,0.9612498610698473,0.0014857362100402225,0.9597641248598071,0.5000000000000001,True,correct,DBLP,43,True,correct,Q4
956,journals/sigmod/Hampapur99,True,2,I-r1LE1najAJ,0.9878422633731377,0.6095225537388371,0.3783197096343006,0.5000000000000001,True,correct,DBLP,43,True,correct,Q3
957,conf/vldb/Kiessling02,True,2,uS43GVHJ3jQJ,0.9751973335909059,0.8569708226213308,0.11822651096957504,0.5000000000000001,True,correct,DBLP,43,True,correct,Q2
958,conf/sigmod/VingralekBW94,True,2,rM8Ecg1WL4kJ,0.9902426335698246,0.7685332388380961,0.22170939473172846,0.5000000000000001,True,correct,DBLP,43,True,correct,Q2
959,journals/sigmod/RossIJP00,False,0,tOa0zXK5Ba4J,0.512727548925674,0.4418136484093477,0.07091390051632623,0.5000000000000001,True,false_link,DBLP,43,True,false_link,Q2
960,journals/sigmod/Stonebraker02,True,1,0HMk-YUh4i8J,0.9901881304517194,0.007444427261518937,0.9827437031902004,0.5000000000000001,True,correct,DBLP,43,True,correct,Q4
961,conf/sigmod/AdelbergGK95,True,1,NbLabaGWoh4J,0.9902426264979829,0.000980888240598303,0.9892617382573846,0.5000000000000001,True,correct,DBLP,43,True,correct,Q4
962,conf/sigmod/NybergBCGL94,True,2,kd-0q-M1O2gJ,0.9877844652275216,0.846226042633868,0.1415584225936536,0.5000000000000001,True,correct,DBLP,43,True,correct,Q2
963,journals/sigmod/Ozsu03,False,0,NHxHsUH9L5MJ,0.10105212592312234,0.05965010905776103,0.0414020168653613,0.5000000000000001,False,unmatched_abstention,DBLP,43,False,unmatched_abstention,Q1
964,conf/sigmod/Bierman03,True,1,vQcfluHWCeAJ,0.9199999853510841,0.014821934694831817,0.9051780506562522,0.5000000000000001,True,correct,DBLP,43,True,correct,Q3
965,journals/sigmod/NascimentoM99,True,1,url:http://portal.acm.org/ft_gateway.cfm%3Fid%3D310062%26type%3Dpdf%26dl%3DGUIDE%26dl%3DACM%26CFID%3D11111111%26CFTOKEN%3D2222222,0.47542216617495486,0.002148465226678508,0.47327370094827637,0.5000000000000001,False,missing_match,DBLP,43,True,correct,Q3
966,journals/tods/GoldmanL94,True,1,VxMarpzwtzQJ,0.9817443906701698,0.03804764160832774,0.9436967490618421,0.5000000000000001,True,correct,DBLP,43,True,correct,Q4
967,journals/vldb/ShyyASL96,True,4,n8EWz5rQancJ,0.9815372116354405,0.8980368234707296,0.08350038816471095,0.5000000000000001,True,correct,DBLP,43,True,correct,Q2
968,conf/vldb/IlyasAE03,True,1,Y385z1Dxp84J,0.9661832026524751,0.004737334677024897,0.9614458679754503,0.5000000000000001,True,correct,DBLP,43,True,correct,Q4
969,conf/vldb/LinLYZ03,True,1,9rbctPoEdNUJ,0.9602624728202491,0.0010749991926773323,0.9591874736275718,0.5000000000000001,True,correct,DBLP,43,True,correct,Q4
970,conf/sigmod/Kramer97,True,2,FZRPzy583jAJ,0.9549509690143504,0.24379042592566535,0.711160543088685,0.5000000000000001,True,correct,DBLP,43,True,correct,Q3
971,conf/vldb/SrinivasanDFCJYKTDB00,True,1,RmyORCW6qn8J,0.9779704788161216,0.006454802178045617,0.971515676638076,0.5000000000000001,True,correct,DBLP,43,True,correct,Q4
972,conf/vldb/Jermaine03,True,1,393ZqH9szo0J,0.9857352785999955,0.18273849466357522,0.8029967839364203,0.5000000000000001,True,correct,DBLP,43,True,correct,Q3
973,journals/vldb/Atkinson00,True,1,url:http://www.springerlink.com/index/CFM1025XF89JLNH8.pdf,0.5952420773857068,0.5816684346938412,0.013573642691865562,0.5000000000000001,True,correct,DBLP,43,False,missing_match,Q1
974,conf/sigmod/CareyDNAGS97,True,5,mt8Q1YmVRkMJ,0.9498105710812264,0.8497639881313731,0.10004658294985325,0.5000000000000001,True,correct,DBLP,43,True,correct,Q2
975,conf/vldb/JagadishMN99,True,3,RPWDtUmq6_QJ,0.9781156427241862,0.9320236734592702,0.04609196926491599,0.5000000000000001,True,correct,DBLP,43,True,correct,Q1
976,journals/sigmod/BunemanLSTW94,True,4,lkreWUl_euYJ,0.9901881117646395,0.9228450946889846,0.06734301707565493,0.5000000000000001,True,correct,DBLP,43,True,correct,Q2
977,conf/sigmod/Cohen98,True,2,_ICk4vgjlgsJ,0.982276761846538,0.9700704584837707,0.01220630336276729,0.5000000000000001,True,correct,DBLP,43,True,correct,Q1
978,journals/sigmod/Nascimento03,True,2,url:http://portal.acm.org/citation.cfm%3Fid%3D776985.776996%26dl%3Dportal%26dl%3DACM%26idx%3D776985%26part%3Dperiodical%26WantType%3Dperiodical%26title%3DACM%2520SIGMOD%2520Record%26CFID%3D11111111%26CFTOKEN%3D2222222,0.9832196669128249,0.7321070796553824,0.25111258725744257,0.5000000000000001,True,correct,DBLP,43,True,correct,Q2
979,journals/tods/ChoG03,True,2,HqAWyuB11loJ,0.98633236533851,0.9134126673320009,0.0729196980065091,0.5000000000000001,True,correct,DBLP,43,True,correct,Q2
980,conf/vldb/HaasKU99,True,1,jteJcGoGxnMJ,0.9393027085913624,0.4114537859388844,0.5278489226524781,0.5000000000000001,True,correct,DBLP,43,True,correct,Q3
981,journals/sigmod/MeltonE01,True,1,619anaISuGEJ,0.9646893579407273,0.22109295902636894,0.7435963989143584,0.5000000000000001,True,correct,DBLP,43,True,correct,Q3
982,journals/sigmod/LohmanGFS01,False,0,DPf__9SuvxoJ,0.007221660247070697,0.0011419003306979672,0.00607975991637273,0.5000000000000001,False,unmatched_abstention,DBLP,43,False,unmatched_abstention,Q1
983,journals/sigmod/Franklin99,False,0,ntqMqfgRXM4J,0.5009453728861071,0.4776013828144317,0.02334399007167537,0.5000000000000001,True,false_link,DBLP,43,False,unmatched_abstention,Q1
984,conf/sigmod/ShklarSKT95,True,1,4IaWCBK6dMQJ,0.9902426319698301,0.07561029900192544,0.9146323329679047,0.5000000000000001,True,correct,DBLP,43,True,correct,Q3
985,conf/sigmod/BlohsfeldKS99,True,1,PQbi3PaRh84J,0.9902426433791606,0.017441622767178883,0.9728010206119817,0.5000000000000001,True,correct,DBLP,43,True,correct,Q4
986,conf/vldb/HelalL00,True,1,LPapCvY4RFkJ,0.9857352877273377,0.04838076594202296,0.9373545217853146,0.5000000000000001,True,correct,DBLP,43,True,correct,Q3
987,journals/sigmod/EisenbergM00,True,3,4mD1eFCHKKwJ,0.9892728409826036,0.5683054126414343,0.4209674283411693,0.5000000000000001,True,correct,DBLP,43,True,correct,Q3
988,journals/sigmod/MaximilienS02,True,3,hgjhR8PwNVwJ,0.9829252285050845,0.9065497016274534,0.07637552687763105,0.5000000000000001,True,correct,DBLP,43,True,correct,Q2
989,conf/vldb/GaoS03,True,1,BEpwgIQR6r4J,0.9801201765364361,0.0005181406621984667,0.9796020358742377,0.5000000000000001,True,correct,DBLP,43,True,correct,Q4
990,journals/sigmod/Chaudhri98,True,1,url:http://portal.acm.org/ft_gateway.cfm%3Fid%3D273247%26type%3Dpdf%26dl%3DGUIDE%26dl%3DACM%26CFID%3D11111111%26CFTOKEN%3D2222222,0.5803063538559662,0.0012797181055191735,0.579026635750447,0.5000000000000001,True,correct,DBLP,43,True,correct,Q3
991,conf/sigmod/KoudasS97,True,3,0u8r8MJWgKAJ,0.9830427597724034,0.8349008972671397,0.14814186250526373,0.5000000000000001,True,correct,DBLP,43,True,correct,Q2
992,journals/tods/StolboushkinT98,True,1,ZnWLup8HMkUJ,0.9680160888988832,0.029548855693230583,0.9384672332056526,0.5000000000000001,True,correct,DBLP,43,True,correct,Q3
993,journals/vldb/C95,False,0,url:http://www.springerlink.com/index/X256555608656055.pdf,0.15439895380514643,0.015390727019007087,0.13900822678613933,0.5000000000000001,False,unmatched_abstention,DBLP,43,False,unmatched_abstention,Q2
994,conf/vldb/SayalCDS02,True,1,0acvmJtaI8QJ,0.9884498656260181,0.007919197481778457,0.9805306681442396,0.5000000000000001,True,correct,DBLP,43,True,correct,Q4
995,conf/vldb/KoudasS03,True,2,F0VufxHFRP8J,0.5293590818622778,0.14005749041639456,0.38930159144588317,0.5000000000000001,True,correct,DBLP,43,True,correct,Q3
996,conf/vldb/LimWPVP02,True,2,9kl_hTyQtmQJ,0.9898445139311205,0.7681196965003505,0.22172481743077,0.5000000000000001,True,correct,DBLP,43,True,correct,Q2
997,conf/sigmod/SeshadriLR94,True,3,60I0j0qUHVYJ,0.9871843858683117,0.8485331033126111,0.13865128255570058,0.5000000000000001,True,correct,DBLP,43,True,correct,Q2
998,conf/vldb/LeeHJT03,True,1,BSE2se70OMYJ,0.9850855684681413,0.0005884112203080938,0.9844971572478333,0.5000000000000001,True,correct,DBLP,43,True,correct,Q4
999,journals/sigmod/ClementiniF00,True,1,9_GTdteKEYsJ,0.9484106054592324,0.6180161451096979,0.33039446034953446,0.5000000000000001,True,correct,DBLP,43,True,correct,Q2
1000,conf/vldb/GoyalHSS95,True,3,2sGH4SLcdL4J,0.9836901974906274,0.9648710839844808,0.018819113506146512,0.5000000000000001,True,correct,DBLP,43,True,correct,Q1
1001,conf/vldb/LeeL99,True,1,szHsyFiOuwAJ,0.9709450619277497,0.0006995639960233396,0.9702454979317263,0.5000000000000001,True,correct,DBLP,43,True,correct,Q4
1002,conf/vldb/SheikholeslamiCZ98,True,3,btydMRJMBqoJ,0.9900005974714438,0.9155510739543609,0.0744495235170829,0.5000000000000001,True,correct,DBLP,43,True,correct,Q2
1003,conf/vldb/ChangG00,True,2,fIuGhhcZl-4J,0.9470809500064731,0.694842442406377,0.25223850760009603,0.5000000000000001,True,correct,DBLP,43,True,correct,Q2
1004,journals/sigmod/Baeza-YatesN96,True,4,1avO1fqtQ6QJ,0.9901881156579094,0.9414716179316102,0.04871649772629927,0.5000000000000001,True,correct,DBLP,43,True,correct,Q1
1005,conf/vldb/AgrawalS94,True,20,P0age7qyZacJ,0.9848157614757265,0.9639076288860676,0.020908132589658845,0.5000000000000001,True,correct,DBLP,43,True,correct,Q1
1006,conf/vldb/CherniackFZ01,True,2,49EWG8vzsXUJ,0.9808713776631657,0.9290272984692346,0.05184407919393108,0.5000000000000001,True,correct,DBLP,43,True,correct,Q1
1007,journals/sigmod/SnodgrassAABCDEGJKKKLLRSSS94,True,6,64iWa-ZiPRcJ,0.9402050774941154,0.6387247843767846,0.3014802931173308,0.5000000000000001,True,correct,DBLP,43,True,correct,Q2
1008,conf/vldb/CabreraRH95,True,1,x3WHLHvq-SEJ,0.9835887826487415,0.010613948602273653,0.9729748340464679,0.5000000000000001,True,correct,DBLP,43,True,correct,Q4
1009,conf/sigmod/Golding95,True,2,uJj9OgotYeEJ,0.9727935164069812,0.8792271924596786,0.09356632394730258,0.5000000000000001,True,correct,DBLP,43,True,correct,Q2
1010,conf/vldb/ChaudhuriS01,True,2,4bS3tvLQ-LAJ,0.45379324201547616,0.24588494239375835,0.2079082996217178,0.5000000000000001,False,missing_match,DBLP,43,True,correct,Q2
1011,conf/vldb/HinneburgAK00,True,2,1ambq2RMGMoJ,0.9857420921081145,0.013990045375069473,0.971752046733045,0.5000000000000001,True,correct,DBLP,43,True,correct,Q4
1012,conf/vldb/Ramanan03,True,2,QCJEyGp-iZcJ,0.9857352785999955,0.6841037765187444,0.3016315020812511,0.5000000000000001,True,correct,DBLP,43,True,correct,Q2
1013,conf/vldb/KornackerB95,True,5,IN_sibgHb9MJ,0.985735279764223,0.935282536876791,0.05045274288743207,0.5000000000000001,True,correct,DBLP,43,True,correct,Q1
1014,conf/sigmod/Chakravarthy97,True,3,5Ng-bLUNAsQJ,0.9873123563316772,0.47950978204664824,0.507802574285029,0.5000000000000001,True,correct,DBLP,43,True,correct,Q3
1015,conf/vldb/WangZL03,True,1,tbuNzuDUSFYJ,0.9841756041001664,0.20918522545445084,0.7749903786457155,0.5000000000000001,True,correct,DBLP,43,True,correct,Q3
1016,conf/vldb/YangKL97,True,1,qN1APPIGZMMJ,0.9467177416776067,0.2747450808633953,0.6719726608142114,0.5000000000000001,True,correct,DBLP,43,True,correct,Q3
1017,journals/tods/CliffordDIJS97,True,7,1XXrXRdYiFQJ,0.9442343813408398,0.9322684561320126,0.011965925208827222,0.5000000000000001,True,correct,DBLP,43,True,correct,Q1
1018,conf/sigmod/LeeKC99,True,1,c-5n9qQKLaEJ,0.981949762177246,0.022714869001455494,0.9592348931757906,0.5000000000000001,True,correct,DBLP,43,True,correct,Q4
1019,conf/vldb/CareyK98,True,1,MCuFKbwcWIIJ,0.9872145994509997,0.00015220285077555197,0.9870623966002241,0.5000000000000001,True,correct,DBLP,43,True,correct,Q4
1020,conf/vldb/Bar-YossefBCFW00,True,1,-gm97JzyHJsJ,0.9886800902168452,0.0006032012446419616,0.9880768889722032,0.5000000000000001,True,correct,DBLP,43,True,correct,Q4
1021,journals/sigmod/AilamakiH03,True,1,url:http://portal.acm.org/ft_gateway.cfm%3Fid%3D945725%26type%3Dpdf%26dl%3DGUIDE%26dl%3DACM%26CFID%3D11111111%26CFTOKEN%3D2222222,0.990188128038454,0.0007249887409012525,0.9894631392975528,0.5000000000000001,True,correct,DBLP,43,True,correct,Q4
1022,conf/vldb/Brodie03,True,1,deEJ1JsF8RwJ,0.9753414271468637,0.0015004360678861465,0.9738409910789775,0.5000000000000001,True,correct,DBLP,43,True,correct,Q4
1023,conf/vldb/HaasNSS95,True,2,x70Y3qaTL40J,0.9882725528183584,0.33784528597584484,0.6504272668425135,0.5000000000000001,True,correct,DBLP,43,True,correct,Q3
1024,journals/tods/SalemGS94,True,1,7IBL1cudvR0J,0.9863323727783241,0.13166509058066103,0.8546672821976631,0.5000000000000001,True,correct,DBLP,43,True,correct,Q3
1025,conf/sigmod/QuassWGHLMNRRAUW96,True,2,oB7qYK3HKiEJ,0.8617840519333314,0.2528973026480288,0.6088867492853026,0.5000000000000001,True,correct,DBLP,43,True,correct,Q3
1026,conf/vldb/KemperK94,True,3,qUfWV4VVxegJ,0.990000597873991,0.954366997257577,0.03563360061641396,0.5000000000000001,True,correct,DBLP,43,True,correct,Q1
1027,journals/sigmod/Winslett03a,False,0,oJtB__MYF4EJ,0.0008497345041483795,0.0005362788470682133,0.00031345565708016624,0.5000000000000001,False,unmatched_abstention,DBLP,43,False,unmatched_abstention,Q1
1028,conf/sigmod/LoR94,True,2,3CMnzSHX7KoJ,0.9318734539310535,0.8750097969193895,0.05686365701166396,0.5000000000000001,True,correct,DBLP,43,True,correct,Q1
1029,conf/sigmod/DoanDH01,True,1,Lv0bggWzgeoJ,0.9885918876272746,0.0950563872751414,0.8935355003521331,0.5000000000000001,True,correct,DBLP,43,True,correct,Q3
1030,conf/sigmod/Team02,True,1,r5oJTEjlOPgJ,0.9266766037276376,0.0005809022790706362,0.926095701448567,0.5000000000000001,True,correct,DBLP,43,True,correct,Q3
1031,journals/tods/Jagadish95,True,1,gDFpwto83b4J,0.9800807711531708,0.002485144500810956,0.9775956266523599,0.5000000000000001,True,correct,DBLP,43,True,correct,Q4
1032,conf/sigmod/CuiOTS03,True,1,qx5oR09jmMwJ,0.9684355089838865,0.00047318174703903223,0.9679623272368475,0.5000000000000001,True,correct,DBLP,43,True,correct,Q4
1033,journals/sigmod/ForteHWDCVHFS99,True,1,7ML1mmPqIooJ,0.9848429385271814,0.0018095260686659894,0.9830334124585154,0.5000000000000001,True,correct,DBLP,43,True,correct,Q4
1034,conf/vldb/KoudasMJ99,True,2,dRemTC899xcJ,0.982768584948414,0.9378243711238099,0.04494421382460412,0.5000000000000001,True,correct,DBLP,43,True,correct,Q1
1035,conf/sigmod/DanS95,True,3,qjHzY4uEG7gJ,0.9312864764638807,0.9295235512009319,0.0017629252629488557,0.5000000000000001,True,correct,DBLP,43,True,correct,Q1
1036,conf/vldb/DiaoF03,True,1,Crt1JZ1eEj0J,0.9857352865631108,0.5972602228008833,0.3884750637622275,0.5000000000000001,True,correct,DBLP,43,True,correct,Q3
1037,conf/vldb/ChenL03,True,1,WaSgR87oMpcJ,0.9734411507042684,0.00034737005881120553,0.9730937806454572,0.5000000000000001,True,correct,DBLP,43,True,correct,Q4
1038,conf/vldb/ZirintsisKM99,True,2,_UYteGcmBKIJ,0.9145637533418131,0.5574175047006064,0.3571462486412067,0.5000000000000001,True,correct,DBLP,43,True,correct,Q2
1039,journals/sigmod/RoantreeMH99,True,3,JJK6WGPyubgJ,0.989272859523426,0.9232556078974387,0.06601725162598737,0.5000000000000001,True,correct,DBLP,43,True,correct,Q2
1040,conf/vldb/PappasC00,True,2,url:http://portal.acm.org/citation.cfm%3Fid%3D645926.671850,0.9852548696240856,0.9343232724634319,0.05093159716065365,0.5000000000000001,True,correct,DBLP,43,True,correct,Q1
1041,conf/sigmod/Team95,False,0,Gw13PXoFi7UJ,0.0026727941074448673,0.0017157796854282107,0.0009570144220166566,0.5000000000000001,False,unmatched_abstention,DBLP,43,False,unmatched_abstention,Q1
1042,conf/vldb/Chakrabarti02,False,0,j-fcJS_86GYJ,0.0014878072938069235,0.0007470688880554608,0.0007407384057514627,0.5000000000000001,False,unmatched_abstention,DBLP,43,False,unmatched_abstention,Q1
1043,conf/vldb/GohOST99,True,1,hK5EOo-Z7JMJ,0.9804612327216833,0.00020029195152365464,0.9802609407701597,0.5000000000000001,True,correct,DBLP,43,True,correct,Q4
1044,journals/vldb/ChenHY97,True,1,IWZsSVPC6HMJ,0.9717931376548838,0.012108547405224577,0.9596845902496592,0.5000000000000001,True,correct,DBLP,43,True,correct,Q4
1045,journals/vldb/ClaussenKKW00,True,1,DSF-ukHbE64J,0.9250086219363307,0.0001454390332419715,0.9248631829030888,0.5000000000000001,True,correct,DBLP,43,True,correct,Q3
1046,conf/vldb/HasanM94,True,2,JW7LRQwx_goJ,0.985078272001723,0.79571684818595,0.18936142381577303,0.5000000000000001,True,correct,DBLP,43,True,correct,Q2
1047,conf/vldb/LeeWMS02,True,1,c-MP8R47zVIJ,0.987193992328651,0.0005540355879968095,0.9866399567406542,0.5000000000000001,True,correct,DBLP,43,True,correct,Q4
1048,conf/vldb/LabioYCGW00,True,1,-UILVcP4CZ8J,0.9900005962347085,0.01296887967096325,0.9770317165637452,0.5000000000000001,True,correct,DBLP,43,True,correct,Q4
1049,conf/sigmod/ChenRW02,True,1,05ShsIGjnKkJ,0.9852777507480757,0.007768340266038955,0.9775094104820367,0.5000000000000001,True,correct,DBLP,43,True,correct,Q4
1050,conf/sigmod/KatayamaS97,True,5,GPEkH-UohLYJ,0.9681318853578202,0.9651306148674771,0.0030012704903431553,0.5000000000000001,True,correct,DBLP,43,True,correct,Q1
1051,conf/vldb/ChenCFGJMTW99,True,2,Hq3W65us8dkJ,0.9797197433458946,0.2941521910707872,0.6855675522751075,0.5000000000000001,True,correct,DBLP,43,True,correct,Q3
1052,journals/vldb/VaghaniRKSSLH94,True,1,B3E3_clrrrYJ,0.9728003628950428,0.5157640764231523,0.45703628647189054,0.5000000000000001,True,correct,DBLP,43,True,correct,Q3
1053,conf/vldb/RamakrishnanR96,True,1,3y1e-H-FdC0J,0.9796963656649852,0.006184215888807581,0.9735121497761776,0.5000000000000001,True,correct,DBLP,43,True,correct,Q4
1054,conf/vldb/KochBG03,True,2,xCbXlJHLR48J,0.9857352785999955,0.8982909786001984,0.08744429999979719,0.5000000000000001,True,correct,DBLP,43,True,correct,Q2
1055,conf/sigmod/Shasha97,True,2,r2TwyhAdYecJ,0.5494323502259368,0.08136533878686623,0.4680670114390706,0.5000000000000001,True,correct,DBLP,43,True,correct,Q3
1056,conf/vldb/FlescaFM03,True,1,LXjSnbxB7EsJ,0.9857352785999955,0.4604831570532205,0.525252121546775,0.5000000000000001,True,correct,DBLP,43,True,correct,Q3
1057,journals/sigmod/KennedyMB96,True,1,vBYtmDEYeK0J,0.9875418479897982,0.03071755661831076,0.9568242913714874,0.5000000000000001,True,correct,DBLP,43,True,correct,Q4
1058,journals/tods/GibbonsMP02,True,1,QKnjF3UgncMJ,0.9848031208102458,0.052879428944901725,0.9319236918653441,0.5000000000000001,True,correct,DBLP,43,True,correct,Q3
1059,conf/sigmod/JarkeQBLMS99,True,1,nSKzTBqurCwJ,0.9893380925125912,0.0015500188992663675,0.9877880736133249,0.5000000000000001,True,correct,DBLP,43,True,correct,Q4
1060,conf/sigmod/LiGS02,True,1,DZzqgw2TJ-MJ,0.9459794592649898,0.008219602812272055,0.9377598564527178,0.5000000000000001,True,correct,DBLP,43,True,correct,Q3
1061,conf/sigmod/OlstonJW03,True,2,D1h_jOHVyA4J,0.9902426311698326,0.04530363009725424,0.9449390010725783,0.5000000000000001,True,correct,DBLP,43,True,correct,Q4
1062,conf/vldb/Hammond96,True,1,LDxiVdRU6EEJ,0.985735279764223,0.013959208610025848,0.9717760711541972,0.5000000000000001,True,correct,DBLP,43,True,correct,Q4
1063,journals/sigmod/EisenbergM02,True,1,wgK6p4mDSIMJ,0.9901881403153058,0.2202355742677658,0.7699525660475399,0.5000000000000001,True,correct,DBLP,43,True,correct,Q3
1064,journals/sigmod/RisheSBDOALOSS95,True,1,pGU2Ew1AQkoJ,0.9755342502798469,0.030079535982958944,0.9454547142968879,0.5000000000000001,True,correct,DBLP,43,True,correct,Q4
1065,conf/vldb/NipplM98,True,2,C5jVmNqIE4IJ,0.9848157926820885,0.6637457779320561,0.3210700147500324,0.5000000000000001,True,correct,DBLP,43,True,correct,Q2
1066,conf/sigmod/ChakrabartiDI98,True,2,qtVVVrzTLr4J,0.9831164649670733,0.9138431275041153,0.06927333746295794,0.5000000000000001,True,correct,DBLP,43,True,correct,Q2
1067,journals/sigmod/Liu01,False,0,url:http://doi.wiley.com/10.1002/tl.7700,0.47797773623582374,0.42429554696268773,0.053682189273136005,0.5000000000000001,False,unmatched_abstention,DBLP,43,False,unmatched_abstention,Q1
1068,journals/sigmod/ChrysanthisSZ03,False,0,url:http://portal.acm.org/ft_gateway.cfm%3Fid%3D1058166%26type%3Dpdf,0.0012752825217343816,0.0002979682068875871,0.0009773143148467944,0.5000000000000001,False,unmatched_abstention,DBLP,43,False,unmatched_abstention,Q1
1069,conf/vldb/PanRAMOHAMV02,True,1,F9Fe5NfpK6MJ,0.9830028156033062,0.0016971473635438148,0.9813056682397624,0.5000000000000001,True,correct,DBLP,43,True,correct,Q4
1070,conf/vldb/JagadishNSSK97,True,2,ZG9yClLgWnsJ,0.9278186365246607,0.8258564367449949,0.10196219977966581,0.5000000000000001,True,correct,DBLP,43,True,correct,Q2
1071,journals/sigmod/Franklin99b,False,0,ntqMqfgRXM4J,0.5009453728861071,0.4776013828144317,0.02334399007167537,0.5000000000000001,True,false_link,DBLP,43,False,unmatched_abstention,Q1
1072,conf/sigmod/Eaton98,False,0,5JMz3UpESeQJ,0.00386406144890485,0.00306076516699456,0.00080329628191029,0.5000000000000001,False,unmatched_abstention,DBLP,43,False,unmatched_abstention,Q1
1073,conf/vldb/WitkowskiBBFGSS03,True,1,Oti_CoAPH9IJ,0.97392467513762,0.02226943003384136,0.9516552451037786,0.5000000000000001,True,correct,DBLP,43,True,correct,Q4
1074,conf/sigmod/BressanGOT00,True,1,url:http://portal.acm.org/ft_gateway.cfm%3Fid%3D336587%26type%3Dpdf%26dl%3DGUIDE%26dl%3DACM%26CFID%3D11111111%26CFTOKEN%3D2222222,0.8611289776638668,0.07483249162638031,0.7862964860374865,0.5000000000000001,True,correct,DBLP,43,True,correct,Q3
1075,conf/vldb/SevcikK96,True,1,GiHrMj3vbSAJ,0.9808112889202386,0.00018262900522689679,0.9806286599150117,0.5000000000000001,True,correct,DBLP,43,True,correct,Q4
1076,conf/sigmod/LiuHBPT99,True,2,PKQ1dCQIwi0J,0.9902426335698246,0.8844255828445217,0.1058170507253029,0.5000000000000001,True,correct,DBLP,43,True,correct,Q2
1077,journals/vldb/GeorgeH00,True,2,2L-UFpDof3UJ,0.6473745076426292,0.3902928135596015,0.25708169408302767,0.5000000000000001,True,correct,DBLP,43,True,correct,Q2
1078,conf/sigmod/ZouS96,True,2,DYFIQvOg7rgJ,0.9869130001929315,0.9598956058265599,0.027017394366371628,0.5000000000000001,True,correct,DBLP,43,True,correct,Q1
1079,conf/vldb/RothS97,True,12,1fQr1rJ4yCwJ,0.9728256917835125,0.950537024272949,0.022288667510563576,0.5000000000000001,True,correct,DBLP,43,True,correct,Q1
1080,conf/sigmod/Seshadri03,False,0,U9tDRbbUCSYJ,0.001480140311653122,0.00036346597782008623,0.0011166743338330357,0.5000000000000001,False,unmatched_abstention,DBLP,43,False,unmatched_abstention,Q1
1081,journals/tods/ChaudhuriS99,True,5,QCFUIVkspywJ,0.9863323804127399,0.9072348535234376,0.07909752688930227,0.5000000000000001,True,correct,DBLP,43,True,correct,Q2
1082,journals/sigmod/Liu02a,False,0,url:http://doi.wiley.com/10.1002/tl.7700,0.5124499415199142,0.5096320193191861,0.0028179222007280735,0.5000000000000001,True,false_link,DBLP,43,False,unmatched_abstention,Q1
1083,journals/vldb/BraumandlKKKKSS01,True,1,dURGvGhlWbsJ,0.980293853664761,0.11882672015749085,0.8614671335072701,0.5000000000000001,True,correct,DBLP,43,True,correct,Q3
1084,conf/sigmod/BohannonDGKLNS03,True,1,83wqw4ciNWoJ,0.025011055994817948,0.007965725114370024,0.017045330880447924,0.5000000000000001,False,missing_match,DBLP,43,False,missing_match,Q1
1085,conf/sigmod/LahiriG01,True,2,2eJIgKjsQF4J,0.9562186302479652,0.8819546276722187,0.0742640025757465,0.5000000000000001,True,correct,DBLP,43,True,correct,Q2
1086,conf/vldb/SellisRF97,True,2,moT0ba0vRKcJ,0.983406111756985,0.9536157188732024,0.0297903928837826,0.5000000000000001,True,correct,DBLP,43,True,correct,Q1
1087,journals/vldb/ZezulaSAR98,True,1,DM9hrpKpqmMJ,0.986284030901276,0.012849549839704402,0.9734344810615716,0.5000000000000001,True,correct,DBLP,43,True,correct,Q4
1088,journals/sigmod/Jonsson03,False,0,u-UJiUNUcOwJ,0.0005461833282034018,0.0003313807139110174,0.00021480261429238442,0.5000000000000001,False,unmatched_abstention,DBLP,43,False,unmatched_abstention,Q1
1089,journals/tods/OliverS94,True,2,RUyqFOxZyDoJ,0.9696557145349136,0.9520142114194005,0.017641503115513157,0.5000000000000001,True,correct,DBLP,43,True,correct,Q1
1090,conf/vldb/CarneyCZRCS03,True,2,JubkWSUFbbcJ,0.9835334846718556,0.8268929038877633,0.15664058078409238,0.5000000000000001,True,correct,DBLP,43,True,correct,Q2
1091,conf/sigmod/PapakonstantinouV99,True,3,du5GsqT0_vQJ,0.9473600452983306,0.9120402732216444,0.03531977207668624,0.5000000000000001,True,correct,DBLP,43,True,correct,Q1
1092,conf/vldb/CochinwalaB94,True,1,Bp69wMYw9DAJ,0.9857352820926777,0.009228718529040633,0.9765065635636371,0.5000000000000001,True,correct,DBLP,43,True,correct,Q4
1093,conf/vldb/DarmontS99,True,2,Ebi8v9FZXcgJ,0.9849144781385646,0.8900786696433224,0.0948358084952422,0.5000000000000001,True,correct,DBLP,43,True,correct,Q2
1094,journals/sigmod/BarbaraS97,True,3,Iw5bYR098o4J,0.9901881387064638,0.9341659590552219,0.0560221796512419,0.5000000000000001,True,correct,DBLP,43,True,correct,Q1
1095,journals/sigmod/Chaudhri95,True,1,DY6x1fDAy9EJ,0.9763106265256843,0.00013675243254238632,0.9761738740931419,0.5000000000000001,True,correct,DBLP,43,True,correct,Q4
1096,conf/vldb/KnorrN99,True,2,7lkCBMe603kJ,0.9766206096067355,0.6485871400538145,0.328033469552921,0.5000000000000001,True,correct,DBLP,43,True,correct,Q2
1097,journals/sigmod/WestmannKHM00,True,5,9jyzas_rFd4J,0.9901881387064638,0.9001970696556828,0.08999106905078103,0.5000000000000001,True,correct,DBLP,43,True,correct,Q2
1098,conf/sigmod/DasGR03,True,1,JaJKfzmaEBYJ,0.9576158034125449,0.019920663082642093,0.9376951403299029,0.5000000000000001,True,correct,DBLP,43,True,correct,Q3
1099,journals/tods/CiacciaTZ96,True,1,rkCKzi1v0-0J,0.9863323702718916,0.0019801267268500663,0.9843522435450415,0.5000000000000001,True,correct,DBLP,43,True,correct,Q4
1100,journals/sigmod/Widom95a,False,0,xgdBJbatYcIJ,0.6214117902962834,0.49327165469088197,0.12814013560540138,0.5000000000000001,True,false_link,DBLP,43,False,unmatched_abstention,Q2
1101,conf/vldb/DattaDTVRF01,True,3,rDObsYKVroMJ,0.9437981077359541,0.6725391988907244,0.27125890884522963,0.5000000000000001,True,correct,DBLP,43,True,correct,Q2
1102,journals/sigmod/EisenbergM01,True,2,GKUflKzgAVEJ,0.9901881233407668,0.952870555280049,0.03731756806071773,0.5000000000000001,True,correct,DBLP,43,True,correct,Q1
1103,conf/sigmod/AggarwalY01,True,2,QkTd5WogN-AJ,0.9092278219158059,0.7989761100786295,0.11025171183717641,0.5000000000000001,True,correct,DBLP,43,True,correct,Q2
1104,conf/vldb/BohannonFHRRS02,True,1,zYfyg0fCzEsJ,0.9824292932643504,0.002410207792528551,0.9800190854718218,0.5000000000000001,True,correct,DBLP,43,True,correct,Q4
1105,journals/sigmod/ChenHKPW94,True,1,HTvxhMKB69AJ,0.9322942913650044,0.06007441530530905,0.8722198760596953,0.5000000000000001,True,correct,DBLP,43,True,correct,Q3
1106,conf/vldb/WienerN94,True,1,PrUWsoySLGcJ,0.978952086567751,0.06032036390344269,0.9186317226643084,0.5000000000000001,True,correct,DBLP,43,True,correct,Q3
1107,conf/vldb/ManegoldBK02,True,1,KB9ZbekVNzoJ,0.9869380019384439,0.004369570666363663,0.9825684312720803,0.5000000000000001,True,correct,DBLP,43,True,correct,Q4
1108,conf/sigmod/DeshpandeNGS03,True,2,fU6zoUKeXe8J,0.9490464364128415,0.8742939217173817,0.07475251469545974,0.5000000000000001,True,correct,DBLP,43,True,correct,Q2
1109,conf/vldb/CherniackZ98,True,1,So_H9Oer6lsJ,0.9817833117864058,0.00354602386387003,0.9782372879225357,0.5000000000000001,True,correct,DBLP,43,True,correct,Q4
1110,conf/vldb/GoodmanRS94,True,1,8CCHAKnGJ1EJ,0.9744318222175393,0.0003136199317789311,0.9741182022857604,0.5000000000000001,True,correct,DBLP,43,True,correct,Q4
1111,conf/sigmod/Shyy95,True,1,OjZoGJLFGqIJ,0.9841279629458503,0.0027055426539878678,0.9814224202918624,0.5000000000000001,True,correct,DBLP,43,True,correct,Q4
1112,journals/sigmod/Suciu01,True,2,_vOvQUzSV-gJ,0.9901881233407668,0.7632188345575123,0.2269692887832545,0.5000000000000001,True,correct,DBLP,43,True,correct,Q2
1113,conf/sigmod/RajagopalanML98,True,7,wO6VeeLIXAsJ,0.9883772360634667,0.967996154826565,0.020381081236901744,0.5000000000000001,True,correct,DBLP,43,True,correct,Q1
1114,journals/sigmod/Winslett03c,False,0,GCVMmOSZn0AJ,0.022366116533738167,0.0014555760161538479,0.020910540517584317,0.5000000000000001,False,unmatched_abstention,DBLP,43,False,unmatched_abstention,Q1
1115,conf/vldb/LuSL95,True,6,h7_7SZrI7M0J,0.990000595832161,0.9297199397346128,0.06028065609754829,0.5000000000000001,True,correct,DBLP,43,True,correct,Q2
1116,conf/vldb/AgrawalCN00,True,10,U8CMJBaJyX8J,0.9808025081956283,0.9579592180885134,0.022843290107114944,0.5000000000000001,True,correct,DBLP,43,True,correct,Q1
1117,journals/vldb/Navarro02,True,2,UDQsHc_ps4IJ,0.9862840232402287,0.8740764348218422,0.11220758841838652,0.5000000000000001,True,correct,DBLP,43,True,correct,Q2
1118,conf/sigmod/ShuklaD00,True,3,kcrWfQEI9G8J,0.5626987314374945,0.4240232704232432,0.13867546101425127,0.5000000000000001,True,correct,DBLP,43,True,correct,Q2
1119,conf/vldb/SetzerZ94,True,1,1tmW1mOCZqIJ,0.9824711441170242,0.0023961000686906313,0.9800750440483336,0.5000000000000001,True,correct,DBLP,43,True,correct,Q4
1120,journals/sigmod/AshishK97,True,5,rWfbcLnj7_YJ,0.9829360169847039,0.9598449978242232,0.02309101916048073,0.5000000000000001,True,correct,DBLP,43,True,correct,Q1
1121,conf/vldb/JagadishLS99,True,2,5d1R2mD-7MkJ,0.9821782227464848,0.4739430355665784,0.5082351871799065,0.5000000000000001,True,correct,DBLP,43,True,correct,Q3
1122,journals/tods/HjaltasonS99,True,3,xuoJNqOArTsJ,0.9803807736632493,0.9624813523408683,0.01789942132238098,0.5000000000000001,True,correct,DBLP,43,True,correct,Q1
1123,conf/sigmod/YangWYH02,True,1,xsaovu54vl4J,0.9888810225457946,0.7877369281901225,0.20114409435567204,0.5000000000000001,True,correct,DBLP,43,True,correct,Q2
1124,conf/sigmod/Ramakrishnan00,True,1,aHpKrjJEJk4J,0.9016440895982507,0.0003598434088346858,0.901284246189416,0.5000000000000001,True,correct,DBLP,43,True,correct,Q3
1125,conf/vldb/PfoserJT00,True,2,0IeLWfNYZEYJ,0.9836133463788007,0.6551228295146126,0.32849051686418806,0.5000000000000001,True,correct,DBLP,43,True,correct,Q2
1126,journals/sigmod/ChaudhuriD97,True,14,zlbJ-7JZdP0J,0.9901881359554126,0.9720607023270416,0.018127433628370992,0.5000000000000001,True,correct,DBLP,43,True,correct,Q1
1127,conf/sigmod/BlakeleyP98,True,1,yotsUgKBK44J,0.9443971286983109,0.00356206274801584,0.9408350659502951,0.5000000000000001,True,correct,DBLP,43,True,correct,Q3
1128,conf/vldb/SenkulKT02,True,1,g7HDbO4GCN4J,0.9896100597447054,0.00346863039390443,0.986141429350801,0.5000000000000001,True,correct,DBLP,43,True,correct,Q4
1129,conf/sigmod/ShahC01,True,1,2wGOv6yh4yIJ,0.984128387775323,0.01373721517171129,0.9703911726036116,0.5000000000000001,True,correct,DBLP,43,True,correct,Q4
1130,conf/vldb/KriegelPS00,True,2,VSQ0v1UlIvoJ,0.9748692039030926,0.718227624223591,0.25664157967950163,0.5000000000000001,True,correct,DBLP,43,True,correct,Q2
1131,journals/sigmod/Cingil02,True,1,2K6rhX16hXwJ,0.9901881403153058,0.0003954218271682231,0.9897927184881375,0.5000000000000001,True,correct,DBLP,43,True,correct,Q4
1132,conf/sigmod/LiuPTBBZBHY98,True,3,ezlAkB7ijDUJ,0.9884789714340372,0.6707155063563085,0.3177634650777287,0.5000000000000001,True,correct,DBLP,43,True,correct,Q2
1133,conf/sigmod/LabioZWGGW97,True,3,uzpyy9XRpgYJ,0.988719914852539,0.9804800988332119,0.008239816019327106,0.5000000000000001,True,correct,DBLP,43,True,correct,Q1
1134,conf/vldb/MarianS03,True,3,JVvFcEnXBmkJ,0.9857352785999955,0.6357976943652677,0.34993758423472787,0.5000000000000001,True,correct,DBLP,43,True,correct,Q2
1135,conf/vldb/Keogh02,True,1,rKIsQpbRiM0J,0.8427949147566314,0.0021819902970039487,0.8406129244596274,0.5000000000000001,True,correct,DBLP,43,True,correct,Q3
1136,conf/vldb/JagadishKNS99,True,2,W8O7pgTYGTYJ,0.9877917305596703,0.9397553553257749,0.04803637523389537,0.5000000000000001,True,correct,DBLP,43,True,correct,Q1
1137,conf/vldb/KraftSRM03,False,0,qbdSvwwe7VEJ,0.004254547924164089,0.0011786995723360436,0.0030758483518280454,0.5000000000000001,False,unmatched_abstention,DBLP,43,False,unmatched_abstention,Q1
1138,conf/vldb/BouganimCDDGS99,True,1,Ult4nmnmJp8J,0.9757845758797788,0.00305266555673842,0.9727319103230404,0.5000000000000001,True,correct,DBLP,43,True,correct,Q4
1139,conf/vldb/KonopnickiS95,True,5,fAZ2KwztkLoJ,0.9636781524928889,0.957970536761595,0.005707615731293858,0.5000000000000001,True,correct,DBLP,43,True,correct,Q1
1140,journals/sigmod/TanakaV01,True,2,sQu8znidi50J,0.8275372169735965,0.6717148274938276,0.1558223894797689,0.5000000000000001,True,correct,DBLP,43,True,correct,Q2
1141,conf/sigmod/FernandezS96,True,4,66uAX5EPtKcJ,0.5313208056107009,0.3630637522470096,0.16825705336369134,0.5000000000000001,True,correct,DBLP,43,True,correct,Q2
1142,conf/sigmod/FernandezFKLS98,True,9,x-Xcm921UTMJ,0.9606519161745769,0.9597262822602789,0.0009256339142980075,0.5000000000000001,True,correct,DBLP,43,True,correct,Q1
1143,journals/sigmod/NascimentoSP03,True,1,G3QWq2T08SEJ,0.9205844970913988,0.0010974616073467275,0.9194870354840521,0.5000000000000001,True,correct,DBLP,43,True,correct,Q3
1144,conf/sigmod/HouZ95,True,1,AeRUCf7iBqYJ,0.986418000007351,0.0030450233218831196,0.9833729766854679,0.5000000000000001,True,correct,DBLP,43,True,correct,Q4
1145,journals/vldb/KnorrNT00,True,1,SggrbO99AJgJ,0.9796663399010349,0.3493884983064392,0.6302778415945958,0.5000000000000001,True,correct,DBLP,43,True,correct,Q3
1146,journals/sigmod/MeltonMJKS02,True,1,cvBAdEvcTSkJ,0.9749161846633583,0.39870628811056036,0.576209896552798,0.5000000000000001,True,correct,DBLP,43,True,correct,Q3
1147,journals/sigmod/MusickC99,True,2,mA4kKq9Z3tYJ,0.9901881403153058,0.6697887952001249,0.32039934511518087,0.5000000000000001,True,correct,DBLP,43,True,correct,Q2
1148,journals/sigmod/Qian94a,False,0,url:http://portal.acm.org/ft_gateway.cfm%3Fid%3D212022%26type%3Dpdf%26dl%3DGUIDE%26dl%3DACM%26CFID%3D11111111%26CFTOKEN%3D2222222,0.30083896157147405,0.00641804447706423,0.2944209170944098,0.5000000000000001,False,unmatched_abstention,DBLP,43,False,unmatched_abstention,Q2
1149,conf/vldb/HuebschHLLSS03,True,3,7y9SomIIAG0J,0.9796962430670325,0.8640603928458891,0.11563585022114342,0.5000000000000001,True,correct,DBLP,43,True,correct,Q2
1150,journals/vldb/IoannidisNSS97,True,1,if5vzPT-qIAJ,0.9757154813580556,0.6348891739505848,0.3408263074074709,0.5000000000000001,True,correct,DBLP,43,True,correct,Q2
1151,conf/vldb/RusinkiewiczKTWM95,True,4,T2fm7Wb1ak4J,0.9835655381166882,0.8920966890816996,0.09146884903498864,0.5000000000000001,True,correct,DBLP,43,True,correct,Q2
1152,conf/vldb/LubbersGJ03,True,1,T3nGiiT3tbsJ,0.9788783854713323,0.0011131233999337154,0.9777652620713986,0.5000000000000001,True,correct,DBLP,43,True,correct,Q4
1153,conf/vldb/AgrawalLSS95,True,8,Y799jSppkKEJ,0.9887556811671289,0.9760842666953253,0.012671414471803533,0.5000000000000001,True,correct,DBLP,43,True,correct,Q1
1154,conf/vldb/OlstonW00,True,5,R_hYW6eIUuYJ,0.990000595832161,0.9494624325793967,0.04053816325276438,0.5000000000000001,True,correct,DBLP,43,True,correct,Q1
1155,journals/sigmod/RossAJS02,False,0,tOa0zXK5Ba4J,0.6327477574367635,0.38680100465914197,0.2459467527776215,0.5000000000000001,True,false_link,DBLP,43,True,false_link,Q2
1156,conf/vldb/CatozziR95,True,1,8ftKLh07LM0J,0.9857353020027508,0.08292560005491695,0.9028097019478338,0.5000000000000001,True,correct,DBLP,43,True,correct,Q3
1157,conf/vldb/Atal96,True,1,PaW8zjiNR9cJ,0.9857353020027508,0.001892138509673294,0.9838431634930775,0.5000000000000001,True,correct,DBLP,43,True,correct,Q4
1158,conf/vldb/GilbertKMS01,True,2,9rDLhwM_4mYJ,0.9855703000483136,0.9285025213028208,0.05706777874549274,0.5000000000000001,True,correct,DBLP,43,True,correct,Q2
1159,journals/tods/RosenthalR94,True,1,zM422IjZcPgJ,0.9863323697524465,0.16915470443524072,0.8171776653172058,0.5000000000000001,True,correct,DBLP,43,True,correct,Q3
1160,journals/sigmod/NejdlSS03,True,1,lZGtV8TM9yoJ,0.9901881379020427,0.008130369977252973,0.9820577679247897,0.5000000000000001,True,correct,DBLP,43,True,correct,Q4
1161,conf/sigmod/ChaudhuriKN03,True,1,ES6QyfgebIcJ,0.9895130779752684,0.005820780221346139,0.9836922977539223,0.5000000000000001,True,correct,DBLP,43,True,correct,Q4
1162,conf/vldb/GyssensL97,True,8,7jSBx3h3cvUJ,0.9569610524405184,0.9502741856170698,0.006686866823448656,0.5000000000000001,True,correct,DBLP,43,True,correct,Q1
1163,conf/sigmod/Whelan98,True,1,Jp9LEvXjiJAJ,0.9686043935668134,0.0024793420802268645,0.9661250514865866,0.5000000000000001,True,correct,DBLP,43,True,correct,Q4
1164,journals/sigmod/Ozsoyoglu99,False,0,qU_IX5KFwIoJ,0.01912957168374005,0.012755709626534198,0.00637386205720585,0.5000000000000001,False,unmatched_abstention,DBLP,43,False,unmatched_abstention,Q1
1165,conf/sigmod/KimC03,True,1,BWV2Oys1VXsJ,0.9705922068583146,0.0068318517366260595,0.9637603551216886,0.5000000000000001,True,correct,DBLP,43,True,correct,Q4
1166,journals/sigmod/BoucelmaCGJLL02,True,1,I9JXY0-R4GgJ,0.577371275485495,0.000740958492660653,0.5766303169928344,0.5000000000000001,True,correct,DBLP,43,True,correct,Q3
1167,journals/tods/AndriesCPB01,True,2,iMGwasyHkgIJ,0.9793912628799889,0.22649367025539438,0.7528975926245945,0.5000000000000001,True,correct,DBLP,43,True,correct,Q3
1168,journals/sigmod/Alonso94b,False,0,url:http://www.springerlink.com/index/X256555608656055.pdf,0.004805235402202891,0.002891052441839296,0.0019141829603635955,0.5000000000000001,False,unmatched_abstention,DBLP,43,False,unmatched_abstention,Q1
1169,journals/vldb/Amer-YahiaCLS02,True,2,SdqZz-Rnmk4J,0.985361529423528,0.9113934746914917,0.07396805473203627,0.5000000000000001,True,correct,DBLP,43,True,correct,Q2
1170,journals/sigmod/BoulosO99,True,2,yzbCsw2erkcJ,0.965210410821358,0.6401271223794243,0.3250832884419337,0.5000000000000001,True,correct,DBLP,43,True,correct,Q2
1171,conf/vldb/ShanmugasundaramGTZDN99,True,13,GIlUG9H3gUUJ,0.9642934362517485,0.929801385469915,0.03449205078183348,0.5000000000000001,True,correct,DBLP,43,True,correct,Q1
1172,conf/vldb/Sarawagi02,True,1,BJ0pr7FqzzoJ,0.445933651273133,0.0013667224878546904,0.4445669287852783,0.5000000000000001,False,missing_match,DBLP,43,True,correct,Q3
1173,conf/vldb/CandanALPH02,False,0,cUHoPtgmTMgJ,0.014127588655980766,0.007719701936082751,0.006407886719898015,0.5000000000000001,False,unmatched_abstention,DBLP,43,False,unmatched_abstention,Q1
1174,journals/vldb/KornLKF00,True,1,DNIfr9w2fucJ,0.9862840210000995,0.081954234379251,0.9043297866208485,0.5000000000000001,True,correct,DBLP,43,True,correct,Q3
1175,journals/vldb/AguileraCMVV02,True,3,SdVmepmUgQIJ,0.9862840446351757,0.6557713497338131,0.3305126949013626,0.5000000000000001,True,correct,DBLP,43,True,correct,Q2
1176,journals/sigmod/RashidS00,True,1,e0GH54HirssJ,0.9901881288428759,0.012479369236161258,0.9777087596067147,0.5000000000000001,True,correct,DBLP,43,True,correct,Q4
1177,conf/vldb/SahuguetA99,True,5,pK5bydjeZFIJ,0.9900005974714438,0.9592035367634872,0.030797060707956514,0.5000000000000001,True,correct,DBLP,43,True,correct,Q1
1178,journals/sigmod/Suciu97,False,0,1sGr4qMsCeMJ,0.14824922087715436,0.0025450800576490656,0.1457041408195053,0.5000000000000001,False,unmatched_abstention,DBLP,43,True,false_link,Q2
1179,conf/sigmod/HsuLG00,True,2,kxIpDxLD46gJ,0.9821434491019235,0.9056061367946664,0.07653731230725713,0.5000000000000001,True,correct,DBLP,43,True,correct,Q2
1180,conf/vldb/Cuppens96,True,1,8_HtXom0CVgJ,0.985735279764223,0.0034051692159501688,0.9823301105482729,0.5000000000000001,True,correct,DBLP,43,True,correct,Q4
1181,journals/vldb/AilamakiDH02,True,1,J9MeFW0vDJAJ,0.973165908959424,0.0009644273429463828,0.9722014816164777,0.5000000000000001,True,correct,DBLP,43,True,correct,Q4
1182,journals/vldb/KrivokapicKG99,True,3,A8qZGxwlDiYJ,0.9868200866668085,0.9802340507287308,0.006586035938077717,0.5000000000000001,True,correct,DBLP,43,True,correct,Q1
1183,conf/sigmod/PaparizosACJLNPSWWY03,True,1,HuPDChjYd44J,0.8716632903350282,0.6237119405811944,0.24795134975383382,0.5000000000000001,True,correct,DBLP,43,True,correct,Q2
1184,conf/vldb/ShatdalKN94,True,1,27-P8X0mjfcJ,0.9846352226667975,0.0034369779372082315,0.9811982447295893,0.5000000000000001,True,correct,DBLP,43,True,correct,Q4
1185,conf/vldb/Sarawagi99,True,2,W_CVz6V80csJ,0.9202884633138181,0.8520174092884317,0.06827105402538636,0.5000000000000001,True,correct,DBLP,43,True,correct,Q2
1186,conf/vldb/Orenstein98,True,1,VfWJDzGt9JYJ,0.974731400456278,0.0005521922717202585,0.9741792081845578,0.5000000000000001,True,correct,DBLP,43,True,correct,Q4
1187,conf/sigmod/WhiteD94,True,2,jKBaGqWJK2oJ,0.909513897973604,0.6661015219761856,0.2434123759974185,0.5000000000000001,True,correct,DBLP,43,True,correct,Q2
1188,journals/sigmod/RossCGLLM01,False,0,tOa0zXK5Ba4J,0.5427493319987142,0.40185864182626385,0.14089069017245037,0.5000000000000001,True,false_link,DBLP,43,True,false_link,Q2
1189,conf/vldb/LiC94,True,1,O0rvK0GFmBEJ,0.9880075253450752,0.05352922575767403,0.9344782995874011,0.5000000000000001,True,correct,DBLP,43,True,correct,Q3
1190,conf/vldb/Mohan02a,True,1,ulDehVmIgfAJ,0.990000597873991,0.010595543852972579,0.9794050540210184,0.5000000000000001,True,correct,DBLP,43,True,correct,Q4
1191,conf/sigmod/BreunigKKS01,True,3,3ET_IEkoGjYJ,0.9739519556889867,0.87365682004528,0.10029513564370673,0.5000000000000001,True,correct,DBLP,43,True,correct,Q2
1192,journals/sigmod/ConradHHKRSS99,True,4,nmEhI0tiWGAJ,0.9830665216325724,0.9719619332309817,0.011104588401590676,0.5000000000000001,True,correct,DBLP,43,True,correct,Q1
1193,conf/sigmod/WangCMSSZ94,True,4,ZM65itnp_E4J,0.9825823209732487,0.6727120503333841,0.3098702706398646,0.5000000000000001,True,correct,DBLP,43,True,correct,Q2
1194,journals/tods/MayL02,True,1,ky-2yjNGtW8J,0.9863323725042336,0.04935312755967911,0.9369792449445544,0.5000000000000001,True,correct,DBLP,43,True,correct,Q3
1195,conf/vldb/VeltriCV01,True,2,SdVmepmUgQIJ,0.9455149685263637,0.7956332894428918,0.14988167908347194,0.5000000000000001,True,false_link,DBLP,43,True,false_link,Q2
1196,conf/vldb/MatthesS94,True,2,KRLEL-N4Ce8J,0.9847699872400749,0.3954932757620035,0.5892767114780715,0.5000000000000001,True,correct,DBLP,43,True,correct,Q3
1197,journals/vldb/OzsuC98,False,0,url:http://portal.acm.org/citation.cfm%3Fid%3D170105,0.008527083574633517,0.002963632782950832,0.005563450791682686,0.5000000000000001,False,unmatched_abstention,DBLP,43,False,unmatched_abstention,Q1
1198,journals/sigmod/RossFS02,False,0,tOa0zXK5Ba4J,0.6327477621614446,0.3868010167152316,0.24594674544621298,0.5000000000000001,True,false_link,DBLP,43,True,false_link,Q2
1199,conf/sigmod/LiS98,True,1,Vxg-4KP7FfEJ,0.9246808872633628,0.01508297941814447,0.9095979078452183,0.5000000000000001,True,correct,DBLP,43,True,correct,Q3
1200,journals/sigmod/RosenthalSMBTL95,True,1,-_FyboGgZkkJ,0.9869787097866956,0.05661824076875921,0.9303604690179363,0.5000000000000001,True,correct,DBLP,43,True,correct,Q3
1201,journals/sigmod/GamacheS95,True,1,vqgfvx71hgQJ,0.9887129338477239,0.0017286036861813338,0.9869843301615425,0.5000000000000001,True,correct,DBLP,43,True,correct,Q4
1202,conf/vldb/BalminHKPSW03,True,1,8xRHvInl0_0J,0.9128384200431727,0.08292135849413979,0.829917061549033,0.5000000000000001,True,correct,DBLP,43,True,correct,Q3
1203,journals/sigmod/ChongFTSYKDJJ03,True,1,url:http://portal.acm.org/ft_gateway.cfm%3Fid%3D777000%26type%3Dpdf%26coll%3DGUIDE%26dl%3DACM%26CFID%3D11111111%26CFTOKEN%3D2222222,0.9582041406084958,0.0006565557071543941,0.9575475849013414,0.5000000000000001,True,correct,DBLP,43,True,correct,Q4
1204,conf/vldb/DidriksenGD95,True,1,0TNJ5d1tfkEJ,0.9427064101653746,0.0035665095630266195,0.939139900602348,0.5000000000000001,True,correct,DBLP,43,True,correct,Q3
1205,journals/tods/BertinoBFS98,True,2,5Zpm_QmAfv4J,0.9863323725042336,0.7516515799959809,0.2346807925082527,0.5000000000000001,True,correct,DBLP,43,True,correct,Q2
1206,conf/vldb/RahmM95,True,2,6ioboOxJvQIJ,0.9848157589994887,0.9532093150671568,0.03160644393233192,0.5000000000000001,True,correct,DBLP,43,True,correct,Q1
1207,conf/vldb/Galindo-LegariaPK94,True,3,47fE4F2kahEJ,0.9888997215173136,0.8757414493737208,0.11315827214359286,0.5000000000000001,True,correct,DBLP,43,True,correct,Q2
1208,conf/vldb/Tsur00,True,1,buI2V0eIcZoJ,0.985735279764223,0.007095365692882271,0.9786399140713408,0.5000000000000001,True,correct,DBLP,43,True,correct,Q4
1209,conf/vldb/May01,True,1,Fb4oYRM9N4EJ,0.9589487434109745,0.0018489975676137902,0.9570997458433607,0.5000000000000001,True,correct,DBLP,43,True,correct,Q4
1210,conf/sigmod/FukudaMMT96a,True,3,WOCgxlV_LgoJ,0.9763542617644775,0.527218523397923,0.4491357383665545,0.5000000000000001,True,correct,DBLP,43,True,correct,Q3
1211,conf/sigmod/RoussopoulosKR97,True,1,H7Pi4AQU00YJ,0.9594494598829696,0.24056544749931713,0.7188840123836524,0.5000000000000001,True,correct,DBLP,43,True,correct,Q3
1212,journals/sigmod/dOnofrioP03,True,1,url:http://portal.acm.org/ft_gateway.cfm%3Fid%3D776990%26type%3Dpdf%26dl%3DGUIDE%26dl%3DACM%26CFID%3D11111111%26CFTOKEN%3D2222222,0.9736436971979534,0.021197004288463994,0.9524466929094895,0.5000000000000001,True,correct,DBLP,43,True,correct,Q4
1213,conf/vldb/BarjaPFWD94,True,2,qhl9_KGvjcUJ,0.9669873617082251,0.06748911805296698,0.8994982436552581,0.5000000000000001,True,correct,DBLP,43,True,correct,Q3
1214,conf/sigmod/SarawagiTA98,True,7,SLmQWvsYtKYJ,0.9394482356442361,0.8977911630761748,0.04165707256806128,0.5000000000000001,True,correct,DBLP,43,True,correct,Q1
1215,conf/sigmod/Bussler01,True,1,UYIeOe280OwJ,0.448888176524958,0.009378726063223132,0.43950945046173484,0.5000000000000001,False,missing_match,DBLP,43,True,correct,Q3
1216,conf/sigmod/BrinMS97,True,9,-tbXaORoThUJ,0.9670084681844475,0.9547613242983626,0.012247143886084944,0.5000000000000001,True,correct,DBLP,43,True,correct,Q1
1217,conf/sigmod/TomasicABKNR97,True,3,6CpWnsUqJNIJ,0.9874371508120482,0.9024874427326481,0.08494970807940005,0.5000000000000001,True,correct,DBLP,43,True,correct,Q2
1218,conf/sigmod/HullZ96,True,2,H1E3GuQcoUAJ,0.9902426264979829,0.49963612585537354,0.49060650064260936,0.5000000000000001,True,correct,DBLP,43,True,correct,Q3
1219,conf/vldb/Kotidis01,True,1,lRL4LmMtwnYJ,0.985735279764223,0.0009284748970878637,0.9848068048671351,0.5000000000000001,True,correct,DBLP,43,True,correct,Q4
1220,conf/vldb/AnciauxBBPV01,True,2,PFEvlg2DiMkJ,0.9826446534009864,0.756646867006809,0.22599778639417734,0.5000000000000001,True,correct,DBLP,43,True,correct,Q2
1221,conf/sigmod/BarclaySG00,True,6,7br3WXwZRQ4J,0.9657642073381221,0.9590704298788819,0.006693777459240158,0.5000000000000001,True,correct,DBLP,43,True,correct,Q1
1222,conf/vldb/JosifovskiR99,True,2,rR9r4Kuzq-4J,0.9836995506480983,0.8248822736782134,0.1588172769698849,0.5000000000000001,True,correct,DBLP,43,True,correct,Q2
1223,conf/vldb/ShanmugasundaramKSFF01,True,1,9r5dL8B5l7oJ,0.8084342449675975,0.0361262368578407,0.7723080081097569,0.5000000000000001,True,correct,DBLP,43,True,correct,Q3
1224,conf/sigmod/MinPC03,True,1,JjrRZt4ONqMJ,0.9340806755462291,0.017325674649569283,0.9167550008966598,0.5000000000000001,True,correct,DBLP,43,True,correct,Q3
1225,conf/sigmod/LibkinMW96,True,3,OfZWx8jhQvwJ,0.9652127195881385,0.9075551907160686,0.057657528872069874,0.5000000000000001,True,correct,DBLP,43,True,correct,Q2
1226,journals/sigmod/KeetonPH98,True,3,6MtRlhEClPEJ,0.9887141537190878,0.9765366920599318,0.012177461659156008,0.5000000000000001,True,correct,DBLP,43,True,correct,Q1
1227,conf/sigmod/LacroixSC98,True,1,MyaiGcr-oYkJ,0.9624816706917967,0.0012961328886932188,0.9611855378031035,0.5000000000000001,True,correct,DBLP,43,True,correct,Q4
1228,conf/sigmod/Dullmann99,True,1,5bp8rSFAkzEJ,0.5122016043061248,0.07345861989951288,0.43874298440661197,0.5000000000000001,True,correct,DBLP,43,False,missing_match,Q3
1229,journals/sigmod/Ouksel03,True,1,8M_z-OUkoxYJ,0.990188128038454,0.3353862090175437,0.6548019190209103,0.5000000000000001,True,correct,DBLP,43,True,correct,Q3
1230,conf/vldb/LitwinNS94,True,4,SnkWnX5WoKwJ,0.9706213678404353,0.9438691234889007,0.02675224435153456,0.5000000000000001,True,correct,DBLP,43,True,correct,Q1
1231,conf/vldb/HellersteinNP95,True,6,AC19Z_yOCTUJ,0.9883692012487015,0.8896357172240157,0.09873348402468585,0.5000000000000001,True,correct,DBLP,43,True,correct,Q2
1232,conf/vldb/FlodinR95,True,2,WmtiDGY_BdoJ,0.9850603035330076,0.9366640922682343,0.048396211264773226,0.5000000000000001,True,correct,DBLP,43,True,correct,Q1
1233,conf/sigmod/CrescenziMM02,True,1,pI0WktymowwJ,0.9626692690317136,0.8311988029748377,0.13147046605687585,0.5000000000000001,True,correct,DBLP,43,True,correct,Q2
1234,conf/vldb/Shaw98,True,2,sZZVwXivu-kJ,0.9801628796751144,0.9164822424291716,0.06368063724594275,0.5000000000000001,True,correct,DBLP,43,True,correct,Q2
1235,journals/sigmod/Mendelzon00,False,0,LxniIL-QAhgJ,0.13071056876545117,0.02365766006621926,0.10705290869923191,0.5000000000000001,False,unmatched_abstention,DBLP,43,False,unmatched_abstention,Q2
1236,journals/vldb/CandanLS00,True,2,nXvDy_QqSd4J,0.9776189905531624,0.8752888091078921,0.10233018144527029,0.5000000000000001,True,correct,DBLP,43,True,correct,Q2
1237,conf/sigmod/AndersonBKW98,True,3,j6v2b9hN-R4J,0.9898519274623165,0.4333048081845688,0.5565471192777478,0.5000000000000001,True,correct,DBLP,43,True,correct,Q3
1238,conf/vldb/AggarwalY02,True,1,W9wJnFy0TDAJ,0.9784510546517243,0.009330383188478718,0.9691206714632457,0.5000000000000001,True,correct,DBLP,43,True,correct,Q4
1239,conf/vldb/Campbell99,True,1,m1eeQnYWL0oJ,0.9857352820926777,0.0009820148413479514,0.9847532672513297,0.5000000000000001,True,correct,DBLP,43,True,correct,Q4
1240,journals/vldb/AnGSVKI02,True,1,kBzZ1GUoa1AJ,0.9636597523559252,0.18101313956400594,0.7826466127919192,0.5000000000000001,True,correct,DBLP,43,True,correct,Q3
1241,conf/sigmod/FaginKS03,True,2,tQZWeE_nsa0J,0.9902426229620601,0.17988087902754024,0.8103617439345199,0.5000000000000001,True,correct,DBLP,43,True,correct,Q3
1242,journals/tods/KotidisR01,True,1,04utamFvle4J,0.9863323781803992,0.06340945479778248,0.9229229233826167,0.5000000000000001,True,correct,DBLP,43,True,correct,Q3
1243,conf/sigmod/BerchtoldK97,True,2,DNVHTz7tMywJ,0.9318180978867833,0.849534613172549,0.0822834847142343,0.5000000000000001,True,correct,DBLP,43,True,correct,Q2
1244,conf/vldb/LiuJ02,False,0,cVVo6IeUE9MJ,0.4348938351787534,0.022076157459048583,0.41281767771970485,0.5000000000000001,False,unmatched_abstention,DBLP,43,False,unmatched_abstention,Q3
1245,conf/sigmod/Hellerstein94,True,2,Nn0LzB8rUPEJ,0.9525514735902774,0.11599361061973833,0.836557862970539,0.5000000000000001,True,correct,DBLP,43,True,correct,Q3
1246,conf/vldb/StohrMR00,True,1,7fCRAqLTNeUJ,0.9636532666299172,0.024149588166333745,0.9395036784635835,0.5000000000000001,True,correct,DBLP,43,True,correct,Q3
1247,conf/sigmod/Wu99,True,2,xl1Jscb79KEJ,0.9443619713785165,0.8961981385713728,0.04816383280714376,0.5000000000000001,True,correct,DBLP,43,True,correct,Q1
1248,journals/sigmod/HellersteinHM03,True,1,6ussAgzdL6oJ,0.9901881225363447,0.007319089796447408,0.9828690327398973,0.5000000000000001,True,correct,DBLP,43,True,correct,Q4
1249,journals/sigmod/Hanson99,False,0,url:http://portal.acm.org/citation.cfm%3Fid%3D984488.984489%26coll%3DGUIDE%26dl%3DACM%26idx%3DJ689%26part%3Dperiodical%26WantType%3Dperiodical%26title%3DACM%2520SIGMOD%2520Record%26CFID%3D11111111%26CFTOKEN%3D2222222,0.038353271147988664,0.03363987193351639,0.004713399214472273,0.5000000000000001,False,unmatched_abstention,DBLP,43,False,unmatched_abstention,Q1
1250,journals/sigmod/RossFLOSSVW00,False,0,tOa0zXK5Ba4J,0.5127274074381843,0.4418136833248167,0.07091372411336766,0.5000000000000001,True,false_link,DBLP,43,True,false_link,Q2
1251,conf/sigmod/TsurUACMNR98,True,5,aym35wwVDlQJ,0.9592939872269478,0.8892569086463943,0.07003707858055352,0.5000000000000001,True,correct,DBLP,43,True,correct,Q2
1252,conf/sigmod/ZhuSZ03,True,1,7VSlB0yIt3YJ,0.9902426256979849,0.01811626960733782,0.9721263560906471,0.5000000000000001,True,correct,DBLP,43,True,correct,Q4
1253,journals/sigmod/Colliat96,True,3,FP-ribG9oVsJ,0.9901881233407668,0.7797753309742707,0.21041279236649613,0.5000000000000001,True,correct,DBLP,43,True,correct,Q2
1254,journals/tods/JajodiaSSS01,True,1,oH5XZWjwC6AJ,0.9785484613393416,0.48611065456502006,0.49243780677432153,0.5000000000000001,True,correct,DBLP,43,True,correct,Q3
1255,conf/vldb/StathatosRB97,True,3,JH2hiRXPJcEJ,0.9847580228271393,0.9495509327952455,0.03520709003189382,0.5000000000000001,True,correct,DBLP,43,True,correct,Q1
1256,conf/sigmod/Ullman03,True,1,TabFkjNTLMsJ,0.9797806425263383,0.0010958137542337707,0.9786848287721046,0.5000000000000001,True,correct,DBLP,43,True,correct,Q4
1257,conf/sigmod/CruzJ99,True,1,vXMwU21-7HMJ,0.9758296192966455,0.29595038644684246,0.679879232849803,0.5000000000000001,True,correct,DBLP,43,True,correct,Q3
1258,conf/vldb/Schek00,True,1,yMjJam38N8sJ,0.975892968689413,0.5089982839530147,0.4668946847363983,0.5000000000000001,True,correct,DBLP,43,True,correct,Q3
1259,conf/sigmod/LometT99,True,1,JvZ9JWtn72QJ,0.9409496821688591,0.0024341039473119506,0.9385155782215472,0.5000000000000001,True,correct,DBLP,43,True,correct,Q3
1260,conf/sigmod/IlyasRLGL03,True,1,qCnvlNwYp6cJ,0.9205626014143005,0.007237201726857199,0.9133253996874433,0.5000000000000001,True,correct,DBLP,43,True,correct,Q3
1261,conf/vldb/LamKR02,True,1,GdvZvvRTXIAJ,0.9900006135303929,0.00520673079194439,0.9847938827384486,0.5000000000000001,True,correct,DBLP,43,True,correct,Q4
1262,conf/sigmod/BraumandlKK99,True,3,4fjXoCHhe1kJ,0.9902426433791606,0.7634452822239106,0.22679736115524995,0.5000000000000001,True,correct,DBLP,43,True,correct,Q2
1263,conf/sigmod/BabyCY01,True,1,rNoNn5hWsroJ,0.9379465330884214,0.006357012740410571,0.9315895203480108,0.5000000000000001,True,correct,DBLP,43,True,correct,Q3
1264,conf/vldb/Spaccapietra94,True,1,ZpVzTb1a7VoJ,0.9774064369606201,0.005732285055890602,0.9716741519047295,0.5000000000000001,True,correct,DBLP,43,True,correct,Q4
1265,conf/vldb/LiPHCAAT03,True,1,eSC19V7zgtsJ,0.941838116344763,0.03801353523689203,0.903824581107871,0.5000000000000001,True,correct,DBLP,43,True,correct,Q3
1266,conf/vldb/Bowker00,True,1,fAHjV8C1hLcJ,0.9813397371833094,0.002202143937358851,0.9791375932459505,0.5000000000000001,True,correct,DBLP,43,True,correct,Q4
1267,conf/sigmod/ArefBV95,True,2,ht_8Iq3SZ80J,0.9832736098974526,0.30828384368516193,0.6749897662122907,0.5000000000000001,True,correct,DBLP,43,True,correct,Q3
1268,journals/tods/DiaoAFZF03,True,2,fREDZIbZVdEJ,0.9859232272208098,0.816511388319222,0.16941183890158784,0.5000000000000001,True,correct,DBLP,43,True,correct,Q2
1269,journals/sigmod/LenzVJS03,True,1,url:http://portal.acm.org/ft_gateway.cfm%3Fid%3D959083%26type%3Dpdf,0.2147288770314453,0.03280683880659838,0.18192203822484693,0.5000000000000001,False,missing_match,DBLP,43,True,correct,Q2
1270,conf/vldb/SchieferKBLF98,True,1,1LATgSt5o_EJ,0.9834514209402104,0.0041048626371162225,0.9793465583030943,0.5000000000000001,True,correct,DBLP,43,True,correct,Q4
1271,journals/sigmod/SnodgrassACFLLORRSV99,False,0,tOa0zXK5Ba4J,0.46749448082664685,0.45010523458565893,0.01738924624098792,0.5000000000000001,False,unmatched_abstention,DBLP,43,True,false_link,Q1
1272,journals/sigmod/FininJ02,True,1,rg8576nvnkUJ,0.9901881403153058,0.0017886789640030956,0.9883994613513026,0.5000000000000001,True,correct,DBLP,43,True,correct,Q4
1273,conf/vldb/SumiyaYTSI95,True,1,ZoMjwB0ps2kJ,0.9836473675269413,0.0005894383059137531,0.9830579292210275,0.5000000000000001,True,correct,DBLP,43,True,correct,Q4
1274,conf/sigmod/GuptaLM03,True,1,iCg06Oc9DV8J,0.9784981163370546,0.0014275692970719945,0.9770705470399826,0.5000000000000001,True,correct,DBLP,43,True,correct,Q4
1275,conf/sigmod/ChenWZ98,True,1,NuwRNfDPpTcJ,0.8029160220729625,0.0010127418462135829,0.801903280226749,0.5000000000000001,True,correct,DBLP,43,True,correct,Q3
1276,journals/sigmod/BarclayBGS94,True,2,wPhDoeiINQsJ,0.9901881304517194,0.7295416403515537,0.2606464901001657,0.5000000000000001,True,correct,DBLP,43,True,correct,Q2
1277,journals/sigmod/ShethBS99,True,3,cqlnSEkt12EJ,0.9103600490596863,0.8794301873746198,0.030929861685066506,0.5000000000000001,True,correct,DBLP,43,True,correct,Q1
1278,journals/tods/FormicaGM98,True,1,PtcmzsfKYrsJ,0.9831711090733085,0.000650234357442134,0.9825208747158664,0.5000000000000001,True,correct,DBLP,43,True,correct,Q4
1279,conf/sigmod/QuassW97,True,6,u6Sx6E5i4L8J,0.9612948035941699,0.874516802430747,0.08677800116342282,0.5000000000000001,True,correct,DBLP,43,True,correct,Q2
1280,journals/sigmod/BrunieK96,True,1,spI2g7jFHuYJ,0.9901881233407668,0.0007695436282058309,0.989418579712561,0.5000000000000001,True,correct,DBLP,43,True,correct,Q4
1281,conf/sigmod/ChristophidesCS00,True,6,DqHBAYRAtyIJ,0.9702376307078961,0.9135998890924445,0.05663774161545165,0.5000000000000001,True,correct,DBLP,43,True,correct,Q1
1282,conf/sigmod/MankuRL99,True,4,X94gDE70Zn0J,0.9868148622369806,0.6714254344682744,0.31538942776870615,0.5000000000000001,True,correct,DBLP,43,True,correct,Q2
1283,journals/sigmod/ArpinarD00,True,1,YQQMvRraFBwJ,0.9901881387064638,0.00842089915141575,0.9817672395550481,0.5000000000000001,True,correct,DBLP,43,True,correct,Q4
1284,journals/vldb/ShanmugasundaramSBCLPR01,True,5,HKM-zP0LT_UJ,0.9753226960225664,0.9142606175105109,0.06106207851205547,0.5000000000000001,True,correct,DBLP,43,True,correct,Q2
1285,journals/sigmod/Snodgrass02,True,1,_qopgNiYmXQJ,0.9818849485439087,0.00040760775370878705,0.9814773407902,0.5000000000000001,True,correct,DBLP,43,True,correct,Q4
1286,journals/sigmod/Dogac96,True,1,url:http://portal.acm.org/citation.cfm%3Fid%3D234889.234900%26dl%3DGUIDE%26dl%3DACM%26idx%3DJ689%26part%3Dperiodical%26WantType%3Dperiodical%26title%3DACM%2520SIGMOD%2520Record%26CFID%3D11111111%26CFTOKEN%3D2222222,0.9892728409826036,0.12647556856771516,0.8627972724148885,0.5000000000000001,True,correct,DBLP,43,True,correct,Q3
1287,conf/vldb/HardingLM03,False,0,_dOpWA3QWOEJ,0.0010578078607410587,0.0008741110784456908,0.00018369678229536793,0.5000000000000001,False,unmatched_abstention,DBLP,43,False,unmatched_abstention,Q1
1288,conf/vldb/DeckerK03,True,1,es2kSNccUGMJ,0.5671318543916732,0.017175518652791735,0.5499563357388815,0.5000000000000001,True,correct,DBLP,43,True,correct,Q3
1289,conf/vldb/MuntzR94,True,1,o9DfGI9zsloJ,0.9691365587704429,0.0034718175194885714,0.9656647412509544,0.5000000000000001,True,correct,DBLP,43,True,correct,Q4
1290,conf/sigmod/ChangG99,True,4,8Yt1Mba9-wQJ,0.9864745095911527,0.9187194658068639,0.06775504378428876,0.5000000000000001,True,correct,DBLP,43,True,correct,Q2
1291,journals/tods/KrishnakumarB94,True,1,8ZjEDOBUd_QJ,0.9826495971988153,0.008554776750677236,0.974094820448138,0.5000000000000001,True,correct,DBLP,43,True,correct,Q4
1292,journals/sigmod/ElmagarmidJF95,True,1,CJK2SWLYrRYJ,0.9901881387064638,0.002933854412227854,0.987254284294236,0.5000000000000001,True,correct,DBLP,43,True,correct,Q4
1293,conf/sigmod/GoyalHKMS96,True,1,uUcmU_hKF2kJ,0.8418194991077677,0.005624151018699724,0.8361953480890679,0.5000000000000001,True,correct,DBLP,43,True,correct,Q3
1294,journals/sigmod/MillerHHYHFP01,True,4,q_MyUzye5SoJ,0.9526478399691235,0.9146776262418435,0.037970213727280044,0.5000000000000001,True,correct,DBLP,43,True,correct,Q1
1295,conf/vldb/BaralisPT97,True,4,UUiSb7q5PHgJ,0.9876797941542916,0.8221651123704417,0.16551468178384998,0.5000000000000001,True,correct,DBLP,43,True,correct,Q2
1296,journals/vldb/LometS97,True,4,qjLiaKLJ6eQJ,0.9862840286611482,0.9608804067507019,0.025403621910446317,0.5000000000000001,True,correct,DBLP,43,True,correct,Q1
1297,journals/sigmod/Rosenthal98,True,1,ZMMeRrWUlOoJ,0.9766528371583411,0.0009158591315941994,0.9757369780267469,0.5000000000000001,True,correct,DBLP,43,True,correct,Q4
1298,conf/sigmod/MumickQM97,True,3,cvHvC7tUSrIJ,0.9674307312291935,0.9535981484055605,0.013832582823633088,0.5000000000000001,True,correct,DBLP,43,True,correct,Q1
1299,journals/vldb/AbbadiSW01,False,0,url:http://portal.acm.org/citation.cfm%3Fid%3D599610.599633,0.6120175908389882,0.5650241821261596,0.046993408712828644,0.5000000000000001,True,false_link,DBLP,43,True,false_link,Q1
1300,conf/vldb/TanEO01,True,2,1A06w64wjvcJ,0.9795045400937609,0.6757616350650223,0.3037429050287386,0.5000000000000001,True,correct,DBLP,43,True,correct,Q2
1301,journals/tods/BrunoCG02,True,1,tkCWrg5OsIwJ,0.9863324090936124,0.1319826850507264,0.854349724042886,0.5000000000000001,True,correct,DBLP,43,True,correct,Q3
1302,conf/sigmod/Tajima96,True,1,IZSzLlgi8tUJ,0.9902426374416741,0.0013707662517571588,0.9888718711899169,0.5000000000000001,True,correct,DBLP,43,True,correct,Q4
1303,conf/vldb/LuoNEW03,True,1,8n1UIzMm4VMJ,0.981884165277371,0.0010392966350945892,0.9808448686422764,0.5000000000000001,True,correct,DBLP,43,True,correct,Q4
1304,conf/vldb/PitouraC99,True,1,6VU-VxcDsFsJ,0.9832563449393376,0.012175095212623433,0.9710812497267142,0.5000000000000001,True,correct,DBLP,43,True,correct,Q4
1305,conf/sigmod/WangSSZZW00,True,2,CaplZan57x4J,0.9789433577202902,0.9544725018975051,0.024470855822785076,0.5000000000000001,True,correct,DBLP,43,True,correct,Q1
1306,journals/sigmod/KantM00,True,1,url:http://portal.acm.org/citation.cfm%3Fid%3D362084.362091%26dl%3DGUIDE%26dl%3DACM%26idx%3DJ689%26part%3Dperiodical%26WantType%3Dperiodical%26title%3DACM%2520SIGMOD%2520Record%26CFID%3D11111111%26CFTOKEN%3D2222222,0.20791340326220947,0.0022281868910070837,0.20568521637120238,0.5000000000000001,False,missing_match,DBLP,43,True,correct,Q2
1307,journals/sigmod/ReichB98,True,2,HzOZXA_VJk8J,0.9901881249496111,0.5957479601681325,0.3944401647814786,0.5000000000000001,True,correct,DBLP,43,True,correct,Q3
0,conf/vldb/LubbersGJ03,True,1,T3nGiiT3tbsJ,0.9716313650740304,0.0009466942618940594,0.9706846708121363,0.6000000000000002,True,correct,DBLP,44,True,correct,Q4
1,journals/sigmod/BerndtssonH96,True,2,url:http://portal.acm.org/ft_gateway.cfm%3Fid%3D381889%26type%3Dpdf%26dl%3DGUIDE%26dl%3DACM%26CFID%3D11111111%26CFTOKEN%3D2222222,0.5714594185383404,0.1521523667851048,0.41930705175323557,0.6000000000000002,False,missing_match,DBLP,44,True,correct,Q3
2,conf/sigmod/AdaliCPS96,True,9,uMmcsye0YCkJ,0.9241955031521062,0.9128928263426058,0.011302676809500367,0.6000000000000002,True,correct,DBLP,44,True,correct,Q1
3,conf/vldb/ChangG97,True,6,2SYiXa0vGN4J,0.9817132011162677,0.929812871029256,0.05190033008701167,0.6000000000000002,True,correct,DBLP,44,True,correct,Q1
4,conf/sigmod/PoosalaIHS96,True,9,hHGQKstQ2PQJ,0.9741177006125588,0.9629921245930074,0.011125576019551331,0.6000000000000002,True,correct,DBLP,44,True,correct,Q1
5,journals/tods/Ng01,True,1,npCKXD_vLM8J,0.9843340320162507,0.07609231175000811,0.9082417202662426,0.6000000000000002,True,correct,DBLP,44,True,correct,Q3
6,journals/vldb/LiR99,True,2,nu5nhxl6WXQJ,0.9793661078818113,0.7690183040426224,0.21034780383918894,0.6000000000000002,True,correct,DBLP,44,True,correct,Q2
7,conf/sigmod/Cabrera03,False,0,vtgbh3Fwu58J,0.09245240286174904,0.01690975574238425,0.07554264711936479,0.6000000000000002,False,unmatched_abstention,DBLP,44,False,unmatched_abstention,Q2
8,journals/tods/CiacciaP02,True,1,dArDZIV5VE4J,0.984333998863055,0.07850581011916546,0.9058281887438895,0.6000000000000002,True,correct,DBLP,44,True,correct,Q3
9,conf/sigmod/ZhouLP99,True,1,0OwKmPjQpd0J,0.9785262387158331,0.001064017026841432,0.9774622216889917,0.6000000000000002,True,correct,DBLP,44,True,correct,Q4
10,conf/vldb/YuAA03,True,1,4bvjebYsdRkJ,0.9863593627713964,0.0007520684241907607,0.9856072943472056,0.6000000000000002,True,correct,DBLP,44,True,correct,Q4
11,conf/vldb/GibsonKR98,True,1,9FBwT6XFOssJ,0.9769322937588504,0.00763468460129517,0.9692976091575553,0.6000000000000002,True,correct,DBLP,44,True,correct,Q4
12,conf/sigmod/FukudaMMT96,True,3,Bcuo4_yr2p0J,0.9741928882272967,0.9634012012859553,0.01079168694134136,0.6000000000000002,True,correct,DBLP,44,True,correct,Q1
13,conf/vldb/Kornacker99,True,1,aOmma8tnFKIJ,0.9907436008585191,0.0029447792738552915,0.9877988215846638,0.6000000000000002,True,correct,DBLP,44,True,correct,Q4
14,conf/vldb/Schnase00,True,1,OdaRU442nm0J,0.9700773970084801,0.2442356992280896,0.7258416977803904,0.6000000000000002,True,correct,DBLP,44,True,correct,Q3
15,journals/sigmod/Abiteboul99,True,2,J_7kZS39msAJ,0.9842307333710305,0.6402700183728859,0.3439607149981446,0.6000000000000002,True,correct,DBLP,44,True,correct,Q2
16,journals/sigmod/Aggarwal01,True,2,OE8gpNwz8MkJ,0.9801867047771601,0.8768257998712752,0.1033609049058849,0.6000000000000002,True,correct,DBLP,44,True,correct,Q2
17,journals/sigmod/Grefen02,False,0,url:http://portal.acm.org/ft_gateway.cfm%3Fid%3D604274%26type%3Dpdf%26dl%3DGUIDE%26dl%3DACM%26CFID%3D11111111%26CFTOKEN%3D2222222,0.0019009418613973072,0.0016463836270387937,0.0002545582343585135,0.6000000000000002,False,unmatched_abstention,DBLP,44,False,unmatched_abstention,Q1
18,conf/vldb/DuttaDMRT00,True,1,q0Ovw6QUk3MJ,0.9284007074103543,0.18438740242950635,0.744013304980848,0.6000000000000002,True,correct,DBLP,44,True,correct,Q3
19,journals/tods/CuiWW00,True,2,yWDXpb_76z0J,0.9826372155509353,0.7495648350408479,0.23307238051008738,0.6000000000000002,True,correct,DBLP,44,True,correct,Q2
20,conf/sigmod/ColletC95,True,1,vP27NkXI4MEJ,0.9855039249281982,0.006304290436309378,0.9791996344918887,0.6000000000000002,True,correct,DBLP,44,True,correct,Q4
21,journals/vldb/AtzeniM00,True,1,wt2W1fPudfIJ,0.004245541461265723,0.001400204614767847,0.0028453368464978757,0.6000000000000002,False,missing_match,DBLP,44,False,missing_match,Q1
22,conf/sigmod/Dullmann99,True,1,5bp8rSFAkzEJ,0.6162913610272449,0.10551920497554955,0.5107721560516953,0.6000000000000002,True,correct,DBLP,44,True,correct,Q3
23,conf/vldb/ShethKMWDLPLS96,True,3,jWZkmgGziVoJ,0.9695940639414475,0.888475601475379,0.08111846246606857,0.6000000000000002,True,correct,DBLP,44,True,correct,Q2
24,journals/sigmod/SnodgrassHMOPRRWY98,False,0,uPBlQ76s_g4J,0.5789006930059389,0.571548074901447,0.007352618104491948,0.6000000000000002,False,unmatched_abstention,DBLP,44,False,unmatched_abstention,Q1
25,journals/sigmod/SegevJS95,True,1,2kiNfwTpqp4J,0.5608260105817435,0.00391065315034161,0.556915357431402,0.6000000000000002,False,missing_match,DBLP,44,True,correct,Q3
26,conf/sigmod/GarofalakisG02,True,2,6EaC2CmjsmAJ,0.9357391489440064,0.6752410326573414,0.2604981162866651,0.6000000000000002,True,correct,DBLP,44,True,correct,Q2
27,conf/sigmod/Ullman03,True,1,TabFkjNTLMsJ,0.9831443803181575,0.0011983393720394469,0.9819460409461181,0.6000000000000002,True,correct,DBLP,44,True,correct,Q4
28,conf/sigmod/AcharyaGPR99,True,5,s064OghlyIUJ,0.9850117016330854,0.9182544824094975,0.0667572192235879,0.6000000000000002,True,correct,DBLP,44,True,correct,Q2
29,conf/sigmod/Arpaci-DusseauACHP97,True,4,6_FvrRYnxHYJ,0.9740973105960913,0.9198162451046893,0.05428106549140199,0.6000000000000002,True,correct,DBLP,44,True,correct,Q1
30,journals/sigmod/Qian96b,True,1,url:http://portal.acm.org/ft_gateway.cfm%3Fid%3D245909%26type%3Dpdf%26dl%3DGUIDE%26dl%3DACM%26CFID%3D11111111%26CFTOKEN%3D2222222,0.9902869838247442,0.026491330052258077,0.9637956537724861,0.6000000000000002,True,correct,DBLP,44,True,correct,Q4
31,conf/vldb/SteinbrunnPMK95,True,2,EPtaqugcCyMJ,0.9574773947924526,0.645425603152153,0.3120517916402996,0.6000000000000002,True,correct,DBLP,44,True,correct,Q2
32,journals/sigmod/Qian96,True,1,NiswbODuzhAJ,0.9911194843415367,0.0073850502122247575,0.9837344341293119,0.6000000000000002,True,correct,DBLP,44,True,correct,Q4
33,conf/sigmod/CranorJSS03,True,4,nHesT9ADTdEJ,0.9781381533805024,0.9647425592880486,0.013395594092453722,0.6000000000000002,True,correct,DBLP,44,True,correct,Q1
34,journals/sigmod/CareyS99,True,1,url:http://portal.acm.org/ft_gateway.cfm%3Fid%3D310071%26type%3Dpdf%26dl%3DGUIDE%26dl%3DACM%26CFID%3D11111111%26CFTOKEN%3D2222222,0.46792635684191725,0.0008109186721236281,0.4671154381697936,0.6000000000000002,False,missing_match,DBLP,44,True,correct,Q3
35,conf/sigmod/RadekeBBEKKN95,True,2,bDN03rZhUQEJ,0.9769637878718795,0.5776597545328652,0.3993040333390143,0.6000000000000002,True,correct,DBLP,44,True,correct,Q3
36,conf/vldb/ChakrabartiRS02,True,1,idfox84uNHUJ,0.9746919129303315,0.00030540662514909827,0.9743865063051824,0.6000000000000002,True,correct,DBLP,44,True,correct,Q4
37,journals/sigmod/Widom94,True,1,lAbG3uFZvVUJ,0.9911194774252273,0.006540737249482761,0.9845787401757445,0.6000000000000002,True,correct,DBLP,44,True,correct,Q4
38,journals/sigmod/DogacAOD95,True,1,oUOuTMrB0esJ,0.9911195067746393,0.11025936234628031,0.880860144428359,0.6000000000000002,True,correct,DBLP,44,True,correct,Q3
39,journals/sigmod/Vassilakis00,True,2,nZO8ZA4eYzYJ,0.9911194891754043,0.6987634177745129,0.29235607140089137,0.6000000000000002,True,correct,DBLP,44,True,correct,Q2
40,conf/vldb/NipplM98,True,2,C5jVmNqIE4IJ,0.9814857312858731,0.7089493241029753,0.27253640718289784,0.6000000000000002,True,correct,DBLP,44,True,correct,Q2
41,journals/sigmod/Wedekind94,True,1,gqehj3-ukjIJ,0.7752861387549994,0.0002723585194286227,0.7750137802355708,0.6000000000000002,True,correct,DBLP,44,False,missing_match,Q3
42,conf/vldb/SahuguetA99,True,5,pK5bydjeZFIJ,0.9907436230661237,0.9604447829041981,0.030298840161925633,0.6000000000000002,True,correct,DBLP,44,True,correct,Q1
43,journals/sigmod/Ahlberg96,True,1,4bBje8qkHVgJ,0.9911194795596694,0.006638391395226369,0.984481088164443,0.6000000000000002,True,correct,DBLP,44,True,correct,Q4
44,conf/sigmod/SwamiS94,True,1,S6TmnZKgmxwJ,0.9532599778970355,0.002109293048992168,0.9511506848480433,0.6000000000000002,True,correct,DBLP,44,True,correct,Q3
45,journals/sigmod/VelACM01,True,1,LseDURw3BXMJ,0.8084884876519408,0.0001639748140938396,0.808324512837847,0.6000000000000002,True,correct,DBLP,44,True,correct,Q3
46,conf/sigmod/ChaudhuriGS03,True,1,OFGtGwUHhUQJ,0.9912053676587244,0.003044488007149982,0.9881608796515744,0.6000000000000002,True,correct,DBLP,44,True,correct,Q4
47,journals/sigmod/DoanPSB97,True,2,fdM1W8iEk_YJ,0.9899983738632615,0.2810381499131482,0.7089602239501134,0.6000000000000002,True,correct,DBLP,44,True,correct,Q3
48,journals/vldb/NanopoulosM02,True,1,icoWjIZ_6IIJ,0.9834797799705002,0.0020494011263127855,0.9814303788441874,0.6000000000000002,True,correct,DBLP,44,True,correct,Q4
49,conf/sigmod/BohmA96,True,1,978pJCGhaGoJ,0.950392873211398,0.015081453658744009,0.935311419552654,0.6000000000000002,True,correct,DBLP,44,True,correct,Q3
50,journals/sigmod/Loeffen94,True,3,gb-yIDOxaEkJ,0.9911194774252273,0.8373943806188692,0.15372509680635815,0.6000000000000002,True,correct,DBLP,44,True,correct,Q2
51,journals/sigmod/KappelR98,True,2,tbZ0J3HLI18J,0.9911194774252273,0.9630517950433356,0.028067682381891723,0.6000000000000002,True,correct,DBLP,44,True,correct,Q1
52,journals/sigmod/Liu01a,False,0,url:http://doi.wiley.com/10.1002/tl.7700,0.5244230226300821,0.4427433450785875,0.08167967755149463,0.6000000000000002,False,unmatched_abstention,DBLP,44,False,unmatched_abstention,Q2
53,journals/sigmod/SofferMC02,False,0,egn46hGLw7gJ,0.00017659355763138067,0.00016686223683980004,9.731320791580628e-06,0.6000000000000002,False,unmatched_abstention,DBLP,44,False,unmatched_abstention,Q1
54,conf/sigmod/SinghTW94,True,1,uAQ-tJ0j4nkJ,0.9459074063310083,0.009145992729150546,0.9367614136018578,0.6000000000000002,True,correct,DBLP,44,True,correct,Q3
55,journals/sigmod/EisenbergM98,True,2,-RAYAJbKLNUJ,0.9899983672832132,0.6975905199718361,0.29240784731137714,0.6000000000000002,True,correct,DBLP,44,True,correct,Q2
56,journals/sigmod/Qian94a,False,0,url:http://portal.acm.org/ft_gateway.cfm%3Fid%3D212022%26type%3Dpdf%26dl%3DGUIDE%26dl%3DACM%26CFID%3D11111111%26CFTOKEN%3D2222222,0.24061801472167318,0.006314495977946963,0.23430351874372624,0.6000000000000002,False,unmatched_abstention,DBLP,44,False,unmatched_abstention,Q2
57,conf/vldb/StanoiRAA01,True,1,SBpUQ0L7KUgJ,0.9775531105088411,0.0014037591424721845,0.9761493513663689,0.6000000000000002,True,correct,DBLP,44,True,correct,Q4
58,journals/sigmod/BonnetBDL03,True,1,aovCRhocZUcJ,0.9893456639836238,0.08559062068207893,0.9037550433015449,0.6000000000000002,True,correct,DBLP,44,True,correct,Q3
59,conf/vldb/Adler01,True,1,Tnuonq9Zi4cJ,0.9297124590863176,0.0011953927839614567,0.9285170663023562,0.6000000000000002,True,correct,DBLP,44,True,correct,Q3
60,conf/vldb/Bar-YossefBCFW00,True,1,-gm97JzyHJsJ,0.9895048770924354,0.0008387006820754646,0.9886661764103599,0.6000000000000002,True,correct,DBLP,44,True,correct,Q4
61,journals/sigmod/ONeilG95,True,5,ZF4UVaOvyTIJ,0.9709873051528397,0.969374844971473,0.0016124601813667372,0.6000000000000002,True,correct,DBLP,44,True,correct,Q1
62,journals/sigmod/ShethBS99,True,3,cqlnSEkt12EJ,0.8904823887256396,0.851330101163589,0.03915228756205058,0.6000000000000002,True,correct,DBLP,44,True,correct,Q1
63,conf/vldb/XinHLW03,True,1,v0rD-1nzJmYJ,0.9810544111441062,0.006413443160413437,0.9746409679836927,0.6000000000000002,True,correct,DBLP,44,True,correct,Q4
64,journals/sigmod/ShinM94,True,1,hnpTcGMYR80J,0.9853204741074332,0.0671904918699285,0.9181299822375046,0.6000000000000002,True,correct,DBLP,44,True,correct,Q3
65,journals/sigmod/GobleR02a,True,2,B-u4advaVBkJ,0.9804718011921375,0.9346459048219644,0.04582589637017309,0.6000000000000002,True,correct,DBLP,44,True,correct,Q1
66,conf/sigmod/ImielinskiV95,True,1,dKMRgoNRQDgJ,0.9613937140907196,0.0020068344494899395,0.9593868796412297,0.6000000000000002,True,correct,DBLP,44,True,correct,Q4
67,journals/sigmod/BohmR94,True,2,GXApzwcGl78J,0.9838450900813225,0.3019027552696705,0.681942334811652,0.6000000000000002,True,correct,DBLP,44,True,correct,Q3
68,journals/sigmod/KeetonPH98,True,3,6MtRlhEClPEJ,0.9899764334224013,0.9809187475558193,0.009057685866581955,0.6000000000000002,True,correct,DBLP,44,True,correct,Q1
69,journals/sigmod/GottlobKP03a,True,1,rDRdlwdHGb0J,0.5454976348385464,0.0030760441501703198,0.5424215906883761,0.6000000000000002,False,missing_match,DBLP,44,True,correct,Q3
70,journals/sigmod/CruzKLSWY02,True,1,url:http://portal.acm.org/ft_gateway.cfm%3Fid%3D601882%26type%3Dpdf%26dl%3DGUIDE%26dl%3DACM%26CFID%3D11111111%26CFTOKEN%3D2222222,0.9849732799772903,0.06351665151066227,0.9214566284666281,0.6000000000000002,True,correct,DBLP,44,True,correct,Q3
71,conf/vldb/DeckerK03,True,1,es2kSNccUGMJ,0.5527605011890918,0.017494555238334437,0.5352659459507574,0.6000000000000002,False,missing_match,DBLP,44,True,correct,Q3
72,journals/sigmod/Naughton00,False,0,qU_IX5KFwIoJ,0.022150264620217276,0.002623639202399887,0.01952662541781739,0.6000000000000002,False,unmatched_abstention,DBLP,44,False,unmatched_abstention,Q1
73,conf/sigmod/ZhangZPTL03,True,1,S3lELcdpzTkJ,0.9587851600932817,0.18038086612144907,0.7784042939718326,0.6000000000000002,True,correct,DBLP,44,True,correct,Q3
74,conf/sigmod/UrhanFA98,True,1,ufjnZovcIb4J,0.9528164776407584,0.0006225561440792934,0.9521939214966791,0.6000000000000002,True,correct,DBLP,44,True,correct,Q3
75,conf/vldb/GohOST99,True,1,hK5EOo-Z7JMJ,0.9741772893426569,0.00021854985659463348,0.9739587394860623,0.6000000000000002,True,correct,DBLP,44,True,correct,Q4
76,conf/vldb/KoudasS03,True,2,F0VufxHFRP8J,0.5074292705623765,0.28590204282448267,0.22152722773789385,0.6000000000000002,False,missing_match,DBLP,44,True,correct,Q2
77,conf/vldb/GotoK02,True,1,2Pc6rKYB8ykJ,0.990743610100892,0.08292767401407071,0.9078159360868212,0.6000000000000002,True,correct,DBLP,44,True,correct,Q3
78,journals/sigmod/Aberer03a,True,2,url:http://portal.acm.org/ft_gateway.cfm%3Fid%3D641004%26type%3Dpdf%26dl%3DGUIDE%26dl%3DACM%26CFID%3D11111111%26CFTOKEN%3D2222222,0.6375101817986929,0.6358483042076504,0.0016618775910425265,0.6000000000000002,True,correct,DBLP,44,True,correct,Q1
79,journals/tods/KossmannFDA00,True,1,8tDPAHGDRggJ,0.9832265951929596,0.000533042508245767,0.9826935526847138,0.6000000000000002,True,correct,DBLP,44,True,correct,Q4
80,conf/sigmod/BrinMS97,True,9,-tbXaORoThUJ,0.971504881534275,0.9560715582026698,0.015433323331605298,0.6000000000000002,True,correct,DBLP,44,True,correct,Q1
81,journals/sigmod/HaritsaS96,True,1,2w2qkhr3k3kJ,0.4364399661855261,0.3585360462744697,0.07790391991105639,0.6000000000000002,False,missing_match,DBLP,44,True,correct,Q2
82,conf/vldb/AggarwalY02,True,1,W9wJnFy0TDAJ,0.978452694065638,0.006260224299481755,0.9721924697661561,0.6000000000000002,True,correct,DBLP,44,True,correct,Q4
83,conf/vldb/LohmanL02,True,1,jC-TppzLPuEJ,0.9841764670815258,0.013695520002184528,0.9704809470793413,0.6000000000000002,True,correct,DBLP,44,True,correct,Q4
84,journals/sigmod/HuangKL02,True,2,yyUMt1X2WXcJ,0.9856539646162576,0.5756068469515953,0.4100471176646624,0.6000000000000002,True,correct,DBLP,44,True,correct,Q3
85,journals/sigmod/BilirisP96,True,1,fu9j50Kk4Y4J,0.9911194771687345,0.00731441311038312,0.9838050640583513,0.6000000000000002,True,correct,DBLP,44,True,correct,Q4
86,conf/sigmod/HullZ96,True,2,H1E3GuQcoUAJ,0.9912053650366743,0.5231702140571062,0.46803515097956816,0.6000000000000002,True,correct,DBLP,44,True,correct,Q3
87,journals/vldb/Ozsu03,True,1,url:http://www.springerlink.com/index/3G9E0YCGLRQFPN89.pdf,0.8730915451035055,0.000162699309334435,0.8729288457941711,0.6000000000000002,True,correct,DBLP,44,True,correct,Q3
88,conf/sigmod/Epstein95,False,0,m42J4EvvK_wJ,0.42577022871217923,0.4131773406891841,0.01259288802299513,0.6000000000000002,False,unmatched_abstention,DBLP,44,False,unmatched_abstention,Q1
89,conf/vldb/AnSVKIG01,True,3,HosSI1GtRY8J,0.9681425704889867,0.19564492004559783,0.7724976504433888,0.6000000000000002,True,correct,DBLP,44,True,correct,Q3
90,journals/sigmod/MaelbranckeO95,True,1,_FKSZiytB2AJ,0.9853144870728084,0.005639076444521401,0.979675410628287,0.6000000000000002,True,correct,DBLP,44,True,correct,Q4
91,conf/sigmod/FabretJLPRS01,True,4,8lBDhvljrAEJ,0.9605325006703737,0.7856787579947225,0.17485374267565112,0.6000000000000002,True,correct,DBLP,44,True,correct,Q2
92,conf/sigmod/BrinkhoffKSS94a,True,1,yp82ArYEGxIJ,0.888924831210608,0.03008474426069019,0.8588400869499178,0.6000000000000002,True,correct,DBLP,44,True,correct,Q3
93,conf/sigmod/Mohan99,True,1,XppwYYxOpksJ,0.9912053723947544,0.008118699054359656,0.9830866733403947,0.6000000000000002,True,correct,DBLP,44,True,correct,Q4
94,conf/sigmod/BilirisP94,True,1,KYhmilHkq_IJ,0.9912053629226919,0.007373887342938777,0.9838314755797531,0.6000000000000002,True,correct,DBLP,44,True,correct,Q4
95,journals/sigmod/DAndreaJ96,True,1,-XugBF7u07EJ,0.7905379162814886,0.3127747930726325,0.4777631232088561,0.6000000000000002,True,correct,DBLP,44,True,correct,Q3
96,conf/sigmod/BaruFGHJPW95,True,2,C60KJG_xVm0J,0.9874029570345827,0.07705836551887825,0.9103445915157045,0.6000000000000002,True,correct,DBLP,44,True,correct,Q3
97,journals/sigmod/JukicNV03,True,1,eR43Urfx-hcJ,0.9901297596068995,0.0002002811325724955,0.989929478474327,0.6000000000000002,True,correct,DBLP,44,True,correct,Q4
98,conf/vldb/SarawagiBKM02,True,1,G9DGYRD0cnMJ,0.9907435977514862,0.22731319155971685,0.7634304061917694,0.6000000000000002,True,correct,DBLP,44,True,correct,Q3
99,conf/sigmod/LoR94,True,2,3CMnzSHX7KoJ,0.904378451982124,0.8661194599164742,0.038258992065649755,0.6000000000000002,True,correct,DBLP,44,True,correct,Q1
100,conf/vldb/GarofalakisOS97,True,3,dW_pRNemQfsJ,0.9065537963028366,0.5086547048252296,0.39789909147760705,0.6000000000000002,True,correct,DBLP,44,True,correct,Q3
101,journals/vldb/SuHHHLWLPLL01,True,3,xcRKDHBIUb8J,0.968901779433434,0.9013472350991757,0.06755454433425834,0.6000000000000002,True,correct,DBLP,44,True,correct,Q2
102,journals/vldb/ShanmugasundaramSBCLPR01,True,5,HKM-zP0LT_UJ,0.9715820862764073,0.9184804929562885,0.05310159332011877,0.6000000000000002,True,correct,DBLP,44,True,correct,Q1
103,conf/vldb/HasanM95,True,3,-aml_OMAQNgJ,0.9907436198525663,0.9347618264518347,0.055981793400731616,0.6000000000000002,True,correct,DBLP,44,True,correct,Q1
104,conf/sigmod/Blakeley94,True,1,VLd1PgYIoN8J,0.6001114786127945,0.017578030687190317,0.5825334479256041,0.6000000000000002,True,correct,DBLP,44,True,correct,Q3
105,conf/sigmod/GetoorTK01,True,2,99N4rXNdaqMJ,0.9585405352550257,0.9501200202989609,0.008420514956064773,0.6000000000000002,True,correct,DBLP,44,True,correct,Q1
106,conf/sigmod/DoanDH01,True,1,Lv0bggWzgeoJ,0.9899731200592748,0.18965566051310112,0.8003174595461737,0.6000000000000002,True,correct,DBLP,44,True,correct,Q3
107,journals/sigmod/VetterliVS00,True,3,h7RBOvmQHhEJ,0.988822367464985,0.9697261028597851,0.019096264605199864,0.6000000000000002,True,correct,DBLP,44,True,correct,Q1
108,journals/sigmod/X95a,False,0,url:http://ieeexplore.ieee.org/iel5/2/4048/x0715521.pdf,0.04780545747612848,0.001465264352841786,0.046340193123286695,0.6000000000000002,False,unmatched_abstention,DBLP,44,False,unmatched_abstention,Q1
109,conf/vldb/Slutz98,True,1,1blbGQk5ZpUJ,0.9573559591825607,0.00031526642895880015,0.9570406927536018,0.6000000000000002,True,correct,DBLP,44,True,correct,Q4
110,conf/sigmod/SchusterW01,True,1,59akjz-Qe9IJ,0.9593010239617185,0.02821308402196069,0.9310879399397578,0.6000000000000002,True,correct,DBLP,44,True,correct,Q3
111,journals/tods/BrunoCG02,True,1,tkCWrg5OsIwJ,0.9843340225339122,0.16000300211714744,0.8243310204167648,0.6000000000000002,True,correct,DBLP,44,True,correct,Q3
112,conf/sigmod/LometW98,True,3,F2ecYx97F2sJ,0.9897807695047708,0.8890569159950461,0.10072385350972468,0.6000000000000002,True,correct,DBLP,44,True,correct,Q2
113,conf/vldb/ChoN02,True,2,4tTQJrG4pn8J,0.990743610100892,0.844580896221507,0.14616271387938495,0.6000000000000002,True,correct,DBLP,44,True,correct,Q2
114,conf/sigmod/SistlaW95,True,4,KO3FcQ57_rkJ,0.9813484010612916,0.9198803928284576,0.06146800823283405,0.6000000000000002,True,correct,DBLP,44,True,correct,Q2
115,conf/vldb/GuptaHQ95,True,5,VCSbj6MwKlgJ,0.9907436198525663,0.8854355125767372,0.10530810727582907,0.6000000000000002,True,correct,DBLP,44,True,correct,Q2
116,journals/sigmod/LeeF01,True,2,oUisL_YUScYJ,0.9911194784924485,0.8866809429456889,0.10443853554675964,0.6000000000000002,True,correct,DBLP,44,True,correct,Q2
117,journals/vldb/BernsteinPS00,True,1,08d5th2jiqcJ,0.9787553631958403,0.9213558513012244,0.057399511894615896,0.6000000000000002,True,correct,DBLP,44,True,correct,Q2
118,journals/sigmod/Kuijpers02,True,1,06Ut4zQ7xWQJ,0.3410262228762856,0.20597852022185847,0.13504770265442712,0.6000000000000002,False,missing_match,DBLP,44,True,false_link,Q2
119,conf/vldb/CormodeKMS03,True,1,0ZQnv8tOzBwJ,0.9523411457287949,0.27595816916823807,0.6763829765605569,0.6000000000000002,True,correct,DBLP,44,True,correct,Q3
120,conf/vldb/Objectivity98,True,1,o3fkxpcCBskJ,0.3052068350715779,0.02775291180707785,0.2774539232645001,0.6000000000000002,False,missing_match,DBLP,44,False,missing_match,Q2
121,conf/vldb/GaasterlandL94,True,2,oIFrkS2rPrcJ,0.9907436040065488,0.5965565726482687,0.39418703135828015,0.6000000000000002,True,correct,DBLP,44,True,correct,Q3
122,conf/vldb/KraissW97,True,1,X6w3sK-vb2wJ,0.8765457356682654,0.00487711476715611,0.8716686209011093,0.6000000000000002,True,correct,DBLP,44,True,correct,Q3
123,conf/vldb/HinneburgAK00,True,2,1ambq2RMGMoJ,0.9861092846694676,0.056203526941971685,0.9299057577274958,0.6000000000000002,True,correct,DBLP,44,True,correct,Q3
124,conf/sigmod/Suciu99,True,1,FOpGGQJyLLsJ,0.6456930922459759,0.003222835073222671,0.6424702571727533,0.6000000000000002,True,correct,DBLP,44,False,missing_match,Q3
125,conf/sigmod/OriaOILY00,True,2,xdUDA920uhMJ,0.969987012552344,0.5735210873188445,0.39646592523349944,0.6000000000000002,True,correct,DBLP,44,True,correct,Q3
126,conf/sigmod/Gray95,False,0,jiJgbmwO0lAJ,0.18661603523184117,0.035716961648897844,0.15089907358294333,0.6000000000000002,False,unmatched_abstention,DBLP,44,False,unmatched_abstention,Q2
127,journals/sigmod/VenkatraoP95,True,1,qk3LVAuS2SUJ,0.9830786614531006,0.0018572714655368824,0.9812213899875637,0.6000000000000002,True,correct,DBLP,44,True,correct,Q4
128,conf/sigmod/GunopulosKTD00,True,2,ASfROcKWFmgJ,0.990854959606246,0.9726717272576415,0.018183232348604528,0.6000000000000002,True,correct,DBLP,44,True,correct,Q1
129,journals/sigmod/SilberschatzZ97,True,2,7JRwRy6VapMJ,0.9771304043778134,0.11739852764234385,0.8597318767354696,0.6000000000000002,True,correct,DBLP,44,True,correct,Q3
130,journals/sigmod/YaoG02,True,3,ARLe7W8EvDoJ,0.9911194761015134,0.9286151904240646,0.06250428567744881,0.6000000000000002,True,correct,DBLP,44,True,correct,Q2
131,journals/sigmod/LacroixB03,True,1,url:http://portal.acm.org/citation.cfm%3Fid%3D640990.641003%26dl%3Dportal%26dl%3DACM%26idx%3DJ689%26part%3Dperiodical%26WantType%3Dperiodical%26title%3DACM%2520SIGMOD%2520Record%26CFID%3D11111111%26CFTOKEN%3D2222222,0.4585306949676335,0.0005361904935589834,0.4579945044740745,0.6000000000000002,False,missing_match,DBLP,44,True,correct,Q3
132,conf/vldb/PellenkoftLK97,True,2,793XPMTdcBEJ,0.9882618865203714,0.9280831826380235,0.06017870388234792,0.6000000000000002,True,correct,DBLP,44,True,correct,Q2
133,journals/sigmod/NormanZT96,True,1,rPFgPOAANuQJ,0.9872078414262173,0.0011422551513043998,0.9860655862749129,0.6000000000000002,True,correct,DBLP,44,True,correct,Q4
134,conf/sigmod/DattaDTVSR02,True,4,orxvLy4vVEQJ,0.9330785080233733,0.41995595140086633,0.513122556622507,0.6000000000000002,True,correct,DBLP,44,True,correct,Q3
135,conf/sigmod/GrossmanHQ95,True,1,Z_kXgQsN0W0J,0.9553743729647644,0.41583553049851174,0.5395388424662526,0.6000000000000002,True,correct,DBLP,44,True,correct,Q3
136,conf/vldb/DiwanRSS96,True,1,HjDa9on7LzoJ,0.976534453097827,0.00505516625047685,0.9714792868473502,0.6000000000000002,True,correct,DBLP,44,True,correct,Q4
137,conf/sigmod/PhanN02,True,1,LLIkm2GMqakJ,0.9297512185113949,0.0010745473385741359,0.9286766711728207,0.6000000000000002,True,correct,DBLP,44,True,correct,Q3
138,conf/sigmod/SalemBCL00,True,1,FElMcikK2GUJ,0.9868969649473388,0.0015135202790730186,0.9853834446682658,0.6000000000000002,True,correct,DBLP,44,True,correct,Q4
139,journals/sigmod/QuixSJ02,True,1,BrO3XOrt66MJ,0.9172098295682884,0.0028907697896052176,0.9143190597786832,0.6000000000000002,True,correct,DBLP,44,True,correct,Q3
140,conf/vldb/GrustKT03,True,2,25xRkmL_4BsJ,0.9768240278158118,0.4678024804655952,0.5090215473502167,0.6000000000000002,True,correct,DBLP,44,True,correct,Q3
141,conf/sigmod/Ballinger94,True,1,xGGBIZmLvmgJ,0.9859464490327473,0.0008182239509922178,0.9851282250817551,0.6000000000000002,True,correct,DBLP,44,True,correct,Q4
142,conf/vldb/CareyD96,True,7,5xe-dQqXfI8J,0.9760640636386358,0.8389359748453732,0.13712808879326266,0.6000000000000002,True,correct,DBLP,44,True,correct,Q2
143,journals/sigmod/TsotrasJS98,True,2,f3-E7x12K4gJ,0.9879608966854715,0.8366049358749265,0.15135596081054503,0.6000000000000002,True,correct,DBLP,44,True,correct,Q2
144,conf/vldb/HerlekarDRGS02,False,0,qkJ_IyVmLfUJ,0.0005672000004653927,0.0005530902384405556,1.4109762024837108e-05,0.6000000000000002,False,unmatched_abstention,DBLP,44,False,unmatched_abstention,Q1
145,conf/sigmod/FaloutsosRM94,True,9,AHu54TOP-eoJ,0.9751913539890982,0.9007462579112008,0.0744450960778974,0.6000000000000002,True,correct,DBLP,44,True,correct,Q2
146,conf/sigmod/GatziuGD95,True,3,NU4yPbIkZpsJ,0.9242976687510172,0.8788568459865131,0.04544082276450401,0.6000000000000002,True,correct,DBLP,44,True,correct,Q1
147,journals/sigmod/PitouraAPSV03,True,3,jKxELUmoSkEJ,0.974118247060339,0.9397321781564186,0.034386068903920375,0.6000000000000002,True,correct,DBLP,44,True,correct,Q1
148,conf/vldb/KornMS02,True,1,mClzTQppJE4J,0.9907436051185187,0.020203665126864175,0.9705399399916544,0.6000000000000002,True,correct,DBLP,44,True,correct,Q4
149,conf/sigmod/AgrawalASY97,True,5,3nxl8d4c0t4J,0.9855675747219761,0.9365401931972854,0.04902738152469066,0.6000000000000002,True,correct,DBLP,44,True,correct,Q1
150,conf/vldb/WangHH00,True,1,qbxHq9qXVrUJ,0.9907436180837574,0.5933387760233614,0.39740484206039606,0.6000000000000002,True,correct,DBLP,44,True,correct,Q3
151,journals/tods/ChaudhuriS99,True,5,QCFUIVkspywJ,0.9843339969932747,0.8915484163662305,0.09278558062704423,0.6000000000000002,True,correct,DBLP,44,True,correct,Q2
152,journals/sigmod/Zhang95,True,1,f86VsMJZ9gAJ,0.9911194784924485,0.000499872423745462,0.990619606068703,0.6000000000000002,True,correct,DBLP,44,True,correct,Q4
153,conf/vldb/TengCY03,True,1,wJjaZnzD6pAJ,0.9848264882295046,0.44238959239666453,0.54243689583284,0.6000000000000002,True,correct,DBLP,44,True,correct,Q3
154,journals/vldb/DanYC95,True,1,SsOLRJZrmtYJ,0.9769856389245513,0.5848159279490447,0.39216971097550657,0.6000000000000002,True,correct,DBLP,44,True,correct,Q2
155,journals/vldb/DeyBS96,True,1,q8IL-AZTmcgJ,0.9762862643065019,0.1387430304353893,0.8375432338711126,0.6000000000000002,True,correct,DBLP,44,True,correct,Q3
156,conf/sigmod/BerckenDS00,True,4,3IFlpeKgLlAJ,0.978189914721984,0.9331177146795263,0.04507220004245771,0.6000000000000002,True,correct,DBLP,44,True,correct,Q1
157,conf/vldb/DillKMRST01,True,3,eZoS-yciSRsJ,0.9469124334639291,0.8028714010125131,0.14404103245141597,0.6000000000000002,True,correct,DBLP,44,True,correct,Q2
158,journals/vldb/Halevy02,True,1,cDN9oOqsTE0J,0.5872785450874276,0.5628268871616652,0.024451657925762427,0.6000000000000002,False,missing_match,DBLP,44,False,missing_match,Q1
159,conf/sigmod/TheobaldW02,True,1,w5_HkketH-wJ,0.9912053639796832,0.004119337896008847,0.9870860260836744,0.6000000000000002,True,correct,DBLP,44,True,correct,Q4
160,conf/vldb/AnKR03,True,1,Z9dkL1yphh8J,0.9588957866673966,0.0010783836832566583,0.95781740298414,0.6000000000000002,True,correct,DBLP,44,True,correct,Q4
161,journals/vldb/TsatalosSI96,True,2,zt5Ck1PrGf0J,0.970298565000977,0.8468243805931779,0.12347418440779911,0.6000000000000002,True,correct,DBLP,44,True,correct,Q2
162,conf/vldb/AcharyaFZ96,True,6,ccEW59Ac84MJ,0.9805463299590723,0.8833596141722718,0.09718671578680049,0.6000000000000002,True,correct,DBLP,44,True,correct,Q2
163,journals/sigmod/FifeG03,True,1,oOdAqQph_zsJ,0.9882184603770198,0.1425865284718534,0.8456319319051664,0.6000000000000002,True,correct,DBLP,44,True,correct,Q3
164,journals/tods/TendickM94,True,1,FxCxfE4m1rUJ,0.9552641085670104,0.0070919796831318644,0.9481721288838785,0.6000000000000002,True,correct,DBLP,44,True,correct,Q3
165,journals/sigmod/EisenbergM98a,True,1,AatoNnELw78J,0.9911194774252273,0.15524383300919592,0.8358756444160313,0.6000000000000002,True,correct,DBLP,44,True,correct,Q3
166,conf/vldb/ZhuS02,True,1,iuyRrJJDBcIJ,0.9907436026273312,0.004278463485111157,0.98646513914222,0.6000000000000002,True,correct,DBLP,44,True,correct,Q4
167,conf/vldb/HeymannTKWRMF02,True,1,EAZ5Gz22bIUJ,0.9860986143515501,0.0005978966007412638,0.9855007177508088,0.6000000000000002,True,correct,DBLP,44,True,correct,Q4
168,journals/tods/DeyS96,True,3,uZVc1wSi3y4J,0.9843340327815483,0.921717203832879,0.06261682894866927,0.6000000000000002,True,correct,DBLP,44,True,correct,Q2
169,conf/sigmod/MiloAABN03,True,2,fHp5E4Rxt7cJ,0.9541505461363808,0.7502252591364651,0.20392528699991574,0.6000000000000002,True,correct,DBLP,44,True,correct,Q2
170,conf/vldb/PoosalaI96,True,1,NTlGMs3lqNEJ,0.9751623332258452,0.008851513660706195,0.966310819565139,0.6000000000000002,True,correct,DBLP,44,True,correct,Q4
171,conf/vldb/Chawathe99,True,3,1-mxxSvIMB8J,0.9583799482609177,0.8561592784357028,0.10222066982521483,0.6000000000000002,True,correct,DBLP,44,True,correct,Q2
172,journals/sigmod/Bussler02,True,1,Phcd3C1cfLcJ,0.9911194761015134,0.02115205697359685,0.9699674191279165,0.6000000000000002,True,correct,DBLP,44,True,correct,Q4
173,conf/vldb/DeWittKLPY94,True,6,cehAAlTq4s8J,0.9834425736984836,0.47292641276225394,0.5105161609362296,0.6000000000000002,True,correct,DBLP,44,True,correct,Q3
174,conf/vldb/ShashaB02,True,4,url:http://portal.acm.org/citation.cfm%3Fid%3D564691.564798%26dl%3DGUIDE%26dl%3DACM%26type%3Dseries%26idx%3D564691%26part%3DProceedings%26WantType%3DProceedings%26title%3DInternational%2520Conference%2520on%2520Management%2520of%2520Data%2520and%2520Symposium%2520on%2520Principles%2520of%2520Database%2520Systems%26CFID%3D11111111%26CFTOKEN%3D2222222,0.9727039945065254,0.9501035835113891,0.022600410995136322,0.6000000000000002,True,correct,DBLP,44,True,correct,Q1
175,conf/sigmod/WitkowskiBBDFGSS03,True,1,ygCe1xRFuKgJ,0.9775757393479838,0.03558185606303599,0.9419938832849478,0.6000000000000002,True,correct,DBLP,44,True,correct,Q3
176,journals/sigmod/Chaudhri98,True,1,url:http://portal.acm.org/ft_gateway.cfm%3Fid%3D273247%26type%3Dpdf%26dl%3DGUIDE%26dl%3DACM%26CFID%3D11111111%26CFTOKEN%3D2222222,0.5851140900476816,0.000767828930706486,0.5843462611169751,0.6000000000000002,False,missing_match,DBLP,44,True,correct,Q3
177,conf/sigmod/LahiriJJC98,True,1,qtwJ7XWG9JIJ,0.9769244437399623,0.0011417157265755813,0.9757827280133867,0.6000000000000002,True,correct,DBLP,44,True,correct,Q4
178,conf/sigmod/RundensteinerKRCJM96,True,5,UEaXoXn3DicJ,0.9838982624273839,0.9287007898633187,0.05519747256406515,0.6000000000000002,True,correct,DBLP,44,True,correct,Q1
179,conf/vldb/Suciu96,True,2,D45fvUWVon0J,0.990743605573647,0.6975466940543673,0.29319691151927973,0.6000000000000002,True,correct,DBLP,44,True,correct,Q2
180,conf/sigmod/ClaypoolRZSK01,True,1,1VWOXPII9HUJ,0.8348600903543056,0.0014121709735994182,0.8334479193807062,0.6000000000000002,True,correct,DBLP,44,True,correct,Q3
181,journals/tods/Revesz98,True,1,dr8s9hbwjR0J,0.9813185748508522,0.014672431006455443,0.9666461438443967,0.6000000000000002,True,correct,DBLP,44,True,correct,Q4
182,conf/sigmod/CareyDNAGS97,True,5,mt8Q1YmVRkMJ,0.9668727067636353,0.87085538714332,0.09601731962031534,0.6000000000000002,True,correct,DBLP,44,True,correct,Q2
183,conf/sigmod/AltinelABFSZ99,True,5,ebmulQBhqZEJ,0.9890976695012021,0.9641665639273764,0.024931105573825718,0.6000000000000002,True,correct,DBLP,44,True,correct,Q1
184,conf/sigmod/DeutschFS99,True,12,QxtGOVsCF78J,0.9912053909337899,0.9575066894752664,0.033698701458523495,0.6000000000000002,True,correct,DBLP,44,True,correct,Q1
185,journals/sigmod/Ozsoyoglu99,False,0,qU_IX5KFwIoJ,0.012422568266996345,0.009710458837800376,0.0027121094291959694,0.6000000000000002,False,unmatched_abstention,DBLP,44,False,unmatched_abstention,Q1
186,conf/sigmod/KotidisR98,True,2,CpHJwU8o-BkJ,0.9912053629226919,0.9317527735394129,0.05945258938327902,0.6000000000000002,True,correct,DBLP,44,True,correct,Q2
187,conf/vldb/HalversonBKKRTVWND03,True,1,oR7DmJ9JJDYJ,0.9652694116074393,0.012297788808819045,0.9529716227986202,0.6000000000000002,True,correct,DBLP,44,True,correct,Q4
188,conf/vldb/PapadiasZMT03,True,1,hJ8VP7FyOL0J,0.9907436040065488,0.017883959116074162,0.9728596448904746,0.6000000000000002,True,correct,DBLP,44,True,correct,Q4
189,journals/sigmod/David03,True,1,vhUs7wTpUOoJ,0.9821277347491504,0.001143079835400261,0.9809846549137501,0.6000000000000002,True,correct,DBLP,44,True,correct,Q4
190,conf/vldb/BrodieC99,True,2,80T8-ddj8OsJ,0.9760646153177017,0.7768838401969628,0.19918077512073895,0.6000000000000002,True,correct,DBLP,44,True,correct,Q2
191,conf/vldb/Selinger02,True,1,76u3c8hIWqoJ,0.9786136479944562,0.0021450040399381472,0.976468643954518,0.6000000000000002,True,correct,DBLP,44,True,correct,Q4
192,conf/vldb/NiermanJ02,True,1,1NZsxf_zwF4J,0.9890358316389173,0.001223189970951815,0.9878126416679655,0.6000000000000002,True,correct,DBLP,44,True,correct,Q4
193,conf/vldb/Cluet03,True,1,faRBjw1op8YJ,0.981713199582409,0.001969872313195513,0.9797433272692134,0.6000000000000002,True,correct,DBLP,44,True,correct,Q4
194,conf/vldb/GuntzerBK00,True,3,EdQ4M7GEnzoJ,0.9679667757339152,0.8025168277326183,0.16544994800129686,0.6000000000000002,True,correct,DBLP,44,True,correct,Q2
195,journals/sigmod/BrunieK96,True,1,spI2g7jFHuYJ,0.9911194795596694,0.001241527583399547,0.9898779519762698,0.6000000000000002,True,correct,DBLP,44,True,correct,Q4
196,conf/vldb/Vieille98,True,1,nlyEH7GkrjoJ,0.9817132284254652,0.00223545653196433,0.9794777718935008,0.6000000000000002,True,correct,DBLP,44,True,correct,Q4
197,journals/vldb/MuckP97,True,1,yHSQJtyFciMJ,0.9095163733132638,0.0006978577015267384,0.9088185156117371,0.6000000000000002,True,correct,DBLP,44,True,correct,Q3
198,conf/sigmod/Team02,True,1,r5oJTEjlOPgJ,0.9349222442458057,0.0007130623306890289,0.9342091819151167,0.6000000000000002,True,correct,DBLP,44,True,correct,Q3
199,conf/vldb/AbiteboulABBNM03,True,1,TD1X4Bo-eYsJ,0.9716829982430277,0.006021004949700399,0.9656619932933274,0.6000000000000002,True,correct,DBLP,44,True,correct,Q4
200,conf/vldb/RastogiS98,True,5,yztQfwBZU6EJ,0.9742389706589494,0.96139643472341,0.012842535935539412,0.6000000000000002,True,correct,DBLP,44,True,correct,Q1
201,journals/sigmod/RossGN03,False,0,tOa0zXK5Ba4J,0.4464073864901172,0.34786378450329614,0.09854360198682105,0.6000000000000002,False,unmatched_abstention,DBLP,44,False,unmatched_abstention,Q2
202,journals/vldb/BraumandlCKK00,True,1,snWxBtd7kK8J,0.9612162800523533,0.01411507946685305,0.9471012005855002,0.6000000000000002,True,correct,DBLP,44,True,correct,Q3
203,conf/vldb/BliujuteJSS98,True,5,oBpe7jg0YHYJ,0.9900282868784208,0.7776699715173132,0.2123583153611076,0.6000000000000002,True,correct,DBLP,44,True,correct,Q2
204,conf/vldb/AlonsoHST97,True,1,iRJV85kKVgwJ,0.9903560268331679,0.00429723176995485,0.986058795063213,0.6000000000000002,True,correct,DBLP,44,True,correct,Q4
205,conf/vldb/SrinivasanDFCJYKTDB00,True,1,RmyORCW6qn8J,0.9802675176841816,0.0020278164277039963,0.9782397012564776,0.6000000000000002,True,correct,DBLP,44,True,correct,Q4
206,conf/sigmod/BrunoKS02,True,3,GahdNMZNCWgJ,0.957471122592101,0.44061018788122697,0.516860934710874,0.6000000000000002,True,correct,DBLP,44,True,correct,Q3
207,conf/sigmod/WhiteD94,True,2,jKBaGqWJK2oJ,0.8829760309012561,0.6809794702823072,0.20199656061894888,0.6000000000000002,True,correct,DBLP,44,True,correct,Q2
208,journals/vldb/BenzakenD95,True,1,rF3edU2oNcEJ,0.8835057221108722,0.011082053751802295,0.8724236683590699,0.6000000000000002,True,correct,DBLP,44,True,correct,Q3
209,conf/sigmod/Galindo-LegariaJ01,True,1,BSlaDX5r0HQJ,0.9877348007349507,0.0016585029919057082,0.986076297743045,0.6000000000000002,True,correct,DBLP,44,True,correct,Q4
210,conf/sigmod/Shasha97,True,2,r2TwyhAdYecJ,0.4758277721886562,0.07545039413030974,0.40037737805834644,0.6000000000000002,False,missing_match,DBLP,44,True,correct,Q3
211,conf/vldb/ChandrasekaranF02,True,4,nqosSM46lCkJ,0.9899499761240101,0.9649639583546511,0.024986017769359048,0.6000000000000002,True,correct,DBLP,44,True,correct,Q1
212,conf/sigmod/NguyenS96,True,4,Cd4NNuZnIn8J,0.9912053650366743,0.8783290932345315,0.11287627180214288,0.6000000000000002,True,correct,DBLP,44,True,correct,Q2
213,journals/sigmod/AilamakiG03,True,1,url:http://portal.acm.org/ft_gateway.cfm%3Fid%3D777004%26type%3Dpdf%26dl%3DGUIDE%26dl%3DACM%26CFID%3D11111111%26CFTOKEN%3D2222222,0.991119486988962,0.0008508238606937141,0.9902686631282683,0.6000000000000002,True,correct,DBLP,44,True,correct,Q4
214,conf/sigmod/DreyerDS95,True,2,i1qU2OFSeloJ,0.9516453779997311,0.11138529568156255,0.8402600823181686,0.6000000000000002,True,correct,DBLP,44,True,correct,Q3
215,journals/sigmod/FreemanG96,True,3,Em3qp7RGalkJ,0.9911194843415367,0.9550605098995126,0.036058974442024105,0.6000000000000002,True,correct,DBLP,44,True,correct,Q1
216,journals/sigmod/BaaderJN97,True,3,dr4SzOhnLB8J,0.39300998043835567,0.3847036048719098,0.008306375566445867,0.6000000000000002,False,missing_match,DBLP,44,True,correct,Q1
217,conf/sigmod/SrikantA96,True,13,KVEv4thH4CgJ,0.9794668379988622,0.9789758389550492,0.0004909990438130007,0.6000000000000002,True,correct,DBLP,44,True,correct,Q1
218,journals/vldb/MedjahedBE03,True,2,YqXx_xeZE2gJ,0.9802042891162399,0.27663256159872507,0.7035717275175148,0.6000000000000002,True,correct,DBLP,44,True,correct,Q3
219,journals/tods/KrishnakumarB94,True,1,8ZjEDOBUd_QJ,0.9802375442209923,0.022469548741124567,0.9577679954798677,0.6000000000000002,True,correct,DBLP,44,True,correct,Q4
220,journals/sigmod/SnodgrassACFLLORRSV99,False,0,tOa0zXK5Ba4J,0.5161818488594272,0.4930412462974512,0.023140602561975976,0.6000000000000002,False,unmatched_abstention,DBLP,44,False,unmatched_abstention,Q1
221,conf/sigmod/Rosenthal01,True,2,url:http://portal.acm.org/ft_gateway.cfm%3Fid%3D375796%26type%3Dpdf%26dl%3DGUIDE%26dl%3DACM%26CFID%3D11111111%26CFTOKEN%3D2222222,0.9147725538256791,0.8448844971599225,0.06988805666575659,0.6000000000000002,True,correct,DBLP,44,True,correct,Q2
222,conf/sigmod/MayrS99,True,1,1lRZz4bZvxEJ,0.9912053676587244,0.0024099484369576557,0.9887954192217667,0.6000000000000002,True,correct,DBLP,44,True,correct,Q4
223,conf/vldb/Moerkotte02,True,1,jiGdThcReckJ,0.9615678541112376,0.001115406404030195,0.9604524477072074,0.6000000000000002,True,correct,DBLP,44,True,correct,Q4
224,conf/vldb/RosenthalS94,True,1,NFUWsBXtCncJ,0.9799990979010174,0.0008479099558029789,0.9791511879452144,0.6000000000000002,True,correct,DBLP,44,True,correct,Q4
225,conf/sigmod/LabioYG99,True,1,Z5kfiPj7fGMJ,0.9169472091219536,0.0010807149454710456,0.9158664941764826,0.6000000000000002,True,correct,DBLP,44,True,correct,Q3
226,conf/vldb/DeenJNNW00,True,1,jpJMa9UNggoJ,0.8938756544685521,0.0010561274105184758,0.8928195270580336,0.6000000000000002,True,correct,DBLP,44,True,correct,Q3
227,conf/sigmod/ChaudhuriN98a,True,3,AiXOfJPvvpUJ,0.9338420609461633,0.9155879541459857,0.018254106800177583,0.6000000000000002,True,correct,DBLP,44,True,correct,Q1
228,journals/tods/PolyzoisG94,True,2,LoL0Yu6h4VAJ,0.9782886138177453,0.967614347022967,0.010674266794778342,0.6000000000000002,True,correct,DBLP,44,True,correct,Q1
229,conf/vldb/KraftSRM03,False,0,qbdSvwwe7VEJ,0.0008303888390574215,0.0004731483226895146,0.00035724051636790686,0.6000000000000002,False,unmatched_abstention,DBLP,44,False,unmatched_abstention,Q1
230,journals/sigmod/SommerGB02,True,2,8l5_eKZcCh8J,0.9854219867443559,0.13632459011172518,0.8490973966326307,0.6000000000000002,True,correct,DBLP,44,True,correct,Q3
231,conf/sigmod/KotidisR99,True,5,qzjtGDo7OuMJ,0.9912053769282521,0.9615937842689916,0.0296115926592605,0.6000000000000002,True,correct,DBLP,44,True,correct,Q1
232,journals/sigmod/Nascimento03,True,2,url:http://portal.acm.org/citation.cfm%3Fid%3D776985.776996%26dl%3Dportal%26dl%3DACM%26idx%3D776985%26part%3Dperiodical%26WantType%3Dperiodical%26title%3DACM%2520SIGMOD%2520Record%26CFID%3D11111111%26CFTOKEN%3D2222222,0.9846535603545405,0.7735941333182255,0.21105942703631508,0.6000000000000002,True,correct,DBLP,44,True,correct,Q2
233,conf/sigmod/RothAHCCFSTW96,True,6,2i9wDNdFZM8J,0.9246168966515385,0.6437228234840939,0.2808940731674445,0.6000000000000002,True,correct,DBLP,44,True,correct,Q2
234,conf/vldb/GardarinGT96,True,3,4NKqwzC5A_wJ,0.9781238653289889,0.9091735039748946,0.06895036135409427,0.6000000000000002,True,correct,DBLP,44,True,correct,Q2
235,journals/sigmod/PitouraB95,True,1,KlM6IrItVpcJ,0.9141775391984904,0.00165937909458195,0.9125181601039085,0.6000000000000002,True,correct,DBLP,44,True,correct,Q3
236,conf/vldb/NaumannLF99,True,3,MEQuU1E4vdoJ,0.966441603946628,0.7816643274453849,0.1847772765012431,0.6000000000000002,True,correct,DBLP,44,True,correct,Q2
237,journals/sigmod/BernsteinHP00,True,3,FFzJxlpy6TsJ,0.9769291717480283,0.8673504500022655,0.10957872174576277,0.6000000000000002,True,correct,DBLP,44,True,correct,Q2
238,journals/sigmod/Liu01,False,0,C84rFQN_ug0J,0.5124328524516025,0.48302467094818596,0.029408181503416564,0.6000000000000002,False,unmatched_abstention,DBLP,44,False,unmatched_abstention,Q1
239,conf/sigmod/ButtlerLPP01,True,1,8TcpKdIK1r0J,0.9831287907662282,0.004959766633215262,0.9781690241330129,0.6000000000000002,True,correct,DBLP,44,True,correct,Q4
240,conf/vldb/DonjerkovicR99,True,3,Eq1w4LPv_igJ,0.9907436033497072,0.9215709615590653,0.06917264179064198,0.6000000000000002,True,correct,DBLP,44,True,correct,Q2
241,journals/sigmod/FininJ02,True,1,rg8576nvnkUJ,0.9911194832743164,0.0029893702019849365,0.9881301130723315,0.6000000000000002,True,correct,DBLP,44,True,correct,Q4
242,journals/vldb/LandauST95,True,3,N9d3F0NvbcEJ,0.9716457015542422,0.8818627054647801,0.08978299608946216,0.6000000000000002,True,correct,DBLP,44,True,correct,Q2
243,conf/sigmod/ChaudhuriGN02,True,2,KrfR8djb3C8J,0.929988541567674,0.8921542095559215,0.03783433201175246,0.6000000000000002,True,correct,DBLP,44,True,correct,Q1
244,conf/vldb/Sarawagi00,True,1,z5DmAoBjsjAJ,0.9907436033497072,0.5842302172379653,0.4065133861117419,0.6000000000000002,True,correct,DBLP,44,True,correct,Q3
245,conf/vldb/CarinoO98,True,3,lDNAWc5SrmIJ,0.9881787181398701,0.9395507586291947,0.048627959510675445,0.6000000000000002,True,correct,DBLP,44,True,correct,Q1
246,conf/vldb/MaedaT01,True,1,dipeGpTdsoQJ,0.9817131968824824,0.014763982544818638,0.9669492143376638,0.6000000000000002,True,correct,DBLP,44,True,correct,Q4
247,conf/vldb/Hamilton99,True,1,_zPTedzhFhQJ,0.9907436033497072,0.004223549990772711,0.9865200533589346,0.6000000000000002,True,correct,DBLP,44,True,correct,Q4
248,conf/sigmod/ShklarSKT95,True,1,4IaWCBK6dMQJ,0.9912053604641996,0.05468697430296836,0.9365183861612313,0.6000000000000002,True,correct,DBLP,44,True,correct,Q3
249,conf/sigmod/LeeKC99,True,1,c-5n9qQKLaEJ,0.9832942098281817,0.0271020072476384,0.9561922025805433,0.6000000000000002,True,correct,DBLP,44,True,correct,Q4
250,conf/vldb/StohrMR00,True,1,7fCRAqLTNeUJ,0.9665410907251414,0.022778856420892703,0.9437622343042487,0.6000000000000002,True,correct,DBLP,44,True,correct,Q3
251,conf/vldb/BernsteinD94,True,1,rNNtyNCgHLoJ,0.9861364436600805,0.013422482842968278,0.9727139608171121,0.6000000000000002,True,correct,DBLP,44,True,correct,Q4
252,conf/vldb/HulgeriS02,True,2,xGcM9AuhrBMJ,0.9907436051185187,0.9261861937902945,0.06455741132822412,0.6000000000000002,True,correct,DBLP,44,True,correct,Q2
253,conf/vldb/YangG01,True,6,xQYKEHCggZQJ,0.9817132017591773,0.9268044624028503,0.05490873935632701,0.6000000000000002,True,correct,DBLP,44,True,correct,Q1
254,journals/sigmod/Ozsu03a,False,0,NHxHsUH9L5MJ,0.08385695608681282,0.05921446986731183,0.024642486219500985,0.6000000000000002,False,unmatched_abstention,DBLP,44,False,unmatched_abstention,Q1
255,journals/sigmod/BonifatiC00,True,4,XCdMiXLp41IJ,0.9911195057074217,0.9597392406908587,0.03138026501656299,0.6000000000000002,True,correct,DBLP,44,True,correct,Q1
256,conf/sigmod/Chakrabarti99,True,1,url:http://portal.acm.org/ft_gateway.cfm%3Fid%3D304231%26type%3Dpdf%26dl%3DGUIDE%26dl%3DACM%26CFID%3D11111111%26CFTOKEN%3D2222222,0.6429717298307126,0.013454170737439625,0.629517559093273,0.6000000000000002,True,correct,DBLP,44,True,correct,Q3
257,conf/sigmod/MeccaAMMS98,True,3,v2KwhRi-OrMJ,0.9729487589467499,0.9596102825976129,0.013338476349136985,0.6000000000000002,True,correct,DBLP,44,True,correct,Q1
258,conf/vldb/KarayannidisTSPMRFEB02,True,1,9KiPVAodKnYJ,0.98467273800639,0.04267457219563797,0.941998165810752,0.6000000000000002,True,correct,DBLP,44,True,correct,Q3
259,conf/sigmod/KornMZ03,True,1,6VAQeD6muakJ,0.9912053816642771,0.0011937585674680262,0.990011623096809,0.6000000000000002,True,correct,DBLP,44,True,correct,Q4
260,conf/vldb/PappasC00,True,2,url:http://portal.acm.org/citation.cfm%3Fid%3D645926.671850,0.9812134964188741,0.9172142164807003,0.06399927993817378,0.6000000000000002,True,correct,DBLP,44,True,correct,Q2
261,conf/sigmod/ShashaB02,True,2,url:http://portal.acm.org/citation.cfm%3Fid%3D564691.564798%26dl%3DGUIDE%26dl%3DACM%26type%3Dseries%26idx%3D564691%26part%3DProceedings%26WantType%3DProceedings%26title%3DInternational%2520Conference%2520on%2520Management%2520of%2520Data%2520and%2520Symposium%2520on%2520Principles%2520of%2520Database%2520Systems%26CFID%3D11111111%26CFTOKEN%3D2222222,0.9841017494187508,0.9323270808255447,0.05177466859320612,0.6000000000000002,True,false_link,DBLP,44,True,false_link,Q1
262,journals/sigmod/Fagin02,True,2,C3swZi1md5YJ,0.9911194832743164,0.003664742872787689,0.9874547404015287,0.6000000000000002,True,correct,DBLP,44,True,correct,Q4
263,conf/sigmod/IlyasRLGL03,True,1,qCnvlNwYp6cJ,0.9228084940623237,0.006407598193587354,0.9164008958687363,0.6000000000000002,True,correct,DBLP,44,True,correct,Q3
264,journals/sigmod/Snodgrass01,False,0,NHxHsUH9L5MJ,0.07967862643358006,0.05618869785749614,0.023489928576083924,0.6000000000000002,False,unmatched_abstention,DBLP,44,True,false_link,Q1
265,conf/sigmod/ChanI99,True,2,kNT7yt823K8J,0.9539516721105712,0.925300269303033,0.028651402807538195,0.6000000000000002,True,correct,DBLP,44,True,correct,Q1
266,conf/sigmod/Lassettre98,True,1,7p2MaOtr7u8J,0.9391444377432909,0.00033241078448788416,0.9388120269588031,0.6000000000000002,True,correct,DBLP,44,True,correct,Q3
267,conf/sigmod/DarR94,True,1,TtV6gGLQ9NMJ,0.9912053629226919,0.2210796192042044,0.7701257437184875,0.6000000000000002,True,correct,DBLP,44,True,correct,Q3
268,conf/vldb/AtzeniMM97,True,7,sARbiNQPPWQJ,0.990743610100892,0.9203501577910862,0.07039345230980576,0.6000000000000002,True,correct,DBLP,44,True,correct,Q2
269,conf/sigmod/AgrawalCN01,True,1,2Ua-pWTof_YJ,0.9912053639796832,0.07048078924289997,0.9207245747367832,0.6000000000000002,True,correct,DBLP,44,True,correct,Q3
270,conf/vldb/Mina98,True,2,ButmJWjGXusJ,0.9898930372570725,0.3711797971139519,0.6187132401431206,0.6000000000000002,True,correct,DBLP,44,True,correct,Q3
271,journals/sigmod/MusickM98,True,1,gt83e4uB09wJ,0.5223856981634074,0.0011879803028136278,0.5211977178605938,0.6000000000000002,False,missing_match,DBLP,44,True,correct,Q3
272,conf/vldb/TriantafillouP97,True,1,L7vxP-dXbukJ,0.974327059555916,0.01907913956052522,0.9552479199953908,0.6000000000000002,True,correct,DBLP,44,True,correct,Q4
273,conf/sigmod/Hammond99,True,1,-ndr_jftgFkJ,0.9809057938756636,0.0010204505003120643,0.9798853433753515,0.6000000000000002,True,correct,DBLP,44,True,correct,Q4
274,conf/sigmod/Pruscino03,False,0,rfuptELfgLkJ,0.001087358935108976,0.0010318432191844483,5.551571592452768e-05,0.6000000000000002,False,unmatched_abstention,DBLP,44,False,unmatched_abstention,Q1
275,conf/sigmod/Kulkarni94,True,1,eN_4FTimCKYJ,0.9848392669069015,0.0007204543356367682,0.9841188125712648,0.6000000000000002,True,correct,DBLP,44,True,correct,Q4
276,conf/vldb/GilbertKMS02,True,2,kxGdQhvpi_sJ,0.9872845889598413,0.9374055238260283,0.049879065133813016,0.6000000000000002,True,correct,DBLP,44,True,correct,Q1
277,journals/tods/ZobelMR98,True,3,tdDLf6RffisJ,0.9843340137490174,0.9337254846183489,0.05060852913066849,0.6000000000000002,True,correct,DBLP,44,True,correct,Q1
278,conf/vldb/MarianS03,True,3,JVvFcEnXBmkJ,0.9817132381788373,0.7897889579035517,0.19192428027528552,0.6000000000000002,True,correct,DBLP,44,True,correct,Q2
279,conf/sigmod/GodfreySE98,True,2,f5cqkpUXl0kJ,0.9866450354666709,0.1992228423545642,0.7874221931121067,0.6000000000000002,True,correct,DBLP,44,True,correct,Q3
280,journals/sigmod/RamirezSP94,True,1,V2WMOB42Gj0J,0.9764785745361515,0.0010144617127227477,0.9754641128234287,0.6000000000000002,True,correct,DBLP,44,True,correct,Q4
281,journals/sigmod/DoanPK95,True,1,c0TSepqRwwMJ,0.9867199676632534,0.0004777902021894386,0.986242177461064,0.6000000000000002,True,correct,DBLP,44,True,correct,Q4
282,journals/tods/ChenHM95,True,1,pO6SFdVGt5QJ,0.9797046658515767,0.0030045504647793525,0.9767001153867974,0.6000000000000002,True,correct,DBLP,44,True,correct,Q4
283,conf/vldb/FuhDCMTLDRM99,True,1,nh2FuiC6fHgJ,0.9351454671121925,0.0010250708553228753,0.9341203962568696,0.6000000000000002,True,correct,DBLP,44,True,correct,Q3
284,conf/vldb/AilamakiDHS01,True,4,gUJrOpj89tQJ,0.9853526531002068,0.6930050330688625,0.2923476200313443,0.6000000000000002,True,correct,DBLP,44,True,correct,Q2
285,journals/sigmod/Dogac02,True,1,dNM-avLn230J,0.5731112935978019,0.565318700655558,0.007792592942243881,0.6000000000000002,False,missing_match,DBLP,44,True,false_link,Q1
286,journals/sigmod/Snodgrass00c,False,0,bTx3HtUoRr0J,0.0030546728915240846,0.0016199073457161548,0.0014347655458079298,0.6000000000000002,False,unmatched_abstention,DBLP,44,False,unmatched_abstention,Q1
287,journals/sigmod/RamamrithamSSTX96,True,1,kezAM71rts0J,0.9815943288033959,0.012234185647147849,0.9693601431562481,0.6000000000000002,True,correct,DBLP,44,True,correct,Q4
288,journals/vldb/Bertino94,True,2,ylP7n4GU-DQJ,0.9834797972470705,0.42671004060666934,0.5567697566404011,0.6000000000000002,True,correct,DBLP,44,True,correct,Q3
289,journals/sigmod/Alonso95,False,0,8Ge2xzsWVhAJ,0.005110717334972234,0.004073433424320772,0.0010372839106514622,0.6000000000000002,False,unmatched_abstention,DBLP,44,False,unmatched_abstention,Q1
290,conf/vldb/Hallmark95,True,2,xTKZ6OuegIEJ,0.9803119638566941,0.40797492860639406,0.5723370352503,0.6000000000000002,True,correct,DBLP,44,True,correct,Q3
291,conf/vldb/GoodmanRS94,True,1,8CCHAKnGJ1EJ,0.9691689074230884,0.00026479252251253603,0.9689041149005758,0.6000000000000002,True,correct,DBLP,44,True,correct,Q4
292,conf/vldb/Duranti01,True,1,gQW6iYG5Vh0J,0.9817132043308145,0.2301849913324357,0.7515282129983789,0.6000000000000002,True,correct,DBLP,44,True,correct,Q3
293,conf/vldb/BestavrosB95,True,2,lGyhpsPV6ogJ,0.9817132115125632,0.8231883222180929,0.15852488929447028,0.6000000000000002,True,correct,DBLP,44,True,correct,Q2
294,conf/sigmod/MankuRL99,True,4,X94gDE70Zn0J,0.9865985512376352,0.6759522084221726,0.31064634281546255,0.6000000000000002,True,correct,DBLP,44,True,correct,Q2
295,conf/vldb/PedersenJD00,True,1,bSRLP5_ErFMJ,0.9703998108282872,0.4283551754568432,0.542044635371444,0.6000000000000002,True,correct,DBLP,44,True,correct,Q3
296,conf/vldb/TsatalosSI94,True,2,zt5Ck1PrGf0J,0.9604863176720434,0.8584732629861264,0.10201305468591704,0.6000000000000002,True,correct,DBLP,44,True,correct,Q2
297,conf/vldb/RamamrithamABEGP00,True,1,jYGXFESkS-YJ,0.9691662449598949,0.001785346989516821,0.9673808979703781,0.6000000000000002,True,correct,DBLP,44,True,correct,Q4
298,conf/sigmod/PatelYKTNBHRLEKGDN97,True,2,0inuMFZSQ50J,0.9775251323968434,0.6271672146552729,0.35035791774157043,0.6000000000000002,True,correct,DBLP,44,True,correct,Q2
299,conf/vldb/Mihalisin98,True,1,FuzSLPzjrokJ,0.9907436287053274,0.0003292915966108868,0.9904143371087165,0.6000000000000002,True,correct,DBLP,44,True,correct,Q4
300,conf/sigmod/HinneburgKW02,True,3,VWd7jhLXfV0J,0.9900889712005461,0.6911871606719062,0.29890181052863984,0.6000000000000002,True,correct,DBLP,44,True,correct,Q2
301,conf/vldb/LaudBCSR02,False,0,ftxweqAizkQJ,0.0018462207922335925,0.0005459733054089737,0.0013002474868246188,0.6000000000000002,False,unmatched_abstention,DBLP,44,False,unmatched_abstention,Q1
302,conf/vldb/SeligmanBNSW95,True,2,url:http://portal.acm.org/citation.cfm%3Fid%3D645921.673303%26coll%3DGUIDE%26dl%3DACM%26CFID%3D11111111%26CFTOKEN%3D2222222,0.9612466550153548,0.8124473615845202,0.14879929343083453,0.6000000000000002,True,correct,DBLP,44,True,correct,Q2
303,conf/vldb/KoudasMJ99,True,2,dRemTC899xcJ,0.9771507664080177,0.9440851684955163,0.03306559791250141,0.6000000000000002,True,correct,DBLP,44,True,correct,Q1
304,conf/vldb/BrownS95,True,2,yP4hDOd65VUJ,0.9807812065707514,0.978175148406724,0.0026060581640273695,0.6000000000000002,True,correct,DBLP,44,True,correct,Q1
305,journals/sigmod/Winslett02,False,0,oJtB__MYF4EJ,0.004743211175515895,0.002383156197168151,0.002360054978347744,0.6000000000000002,False,unmatched_abstention,DBLP,44,False,unmatched_abstention,Q1
306,conf/vldb/AlexandrovABBBCDFHJKKKLLMMMPNPPRRSSW02,True,1,-FP8UTv_smkJ,0.7497551067902842,0.0008276604482255188,0.7489274463420588,0.6000000000000002,True,correct,DBLP,44,True,correct,Q3
307,journals/sigmod/AndlerHEMBE96,True,5,oNYOKYvjoKgJ,0.9879176439026636,0.9484015099652316,0.03951613393743192,0.6000000000000002,True,correct,DBLP,44,True,correct,Q1
308,conf/sigmod/BenediktCFFR03,True,1,T5ZdpquqfJ0J,0.9890952735861516,0.0006955317905140605,0.9883997417956375,0.6000000000000002,True,correct,DBLP,44,True,correct,Q4
309,conf/sigmod/GuptaS03,True,3,6ditJPVnXAQJ,0.9869765970265475,0.870316615719174,0.11665998130737354,0.6000000000000002,True,correct,DBLP,44,True,correct,Q2
310,journals/sigmod/OConnellW03,True,1,SeDkIL_DlRwJ,0.5588781719501681,0.003371155280447226,0.5555070166697209,0.6000000000000002,False,missing_match,DBLP,44,True,correct,Q3
311,journals/sigmod/BarbaraCJW01,True,2,asukNMVeZZYJ,0.9911194784924485,0.8755811669490544,0.11553831154339411,0.6000000000000002,True,correct,DBLP,44,True,correct,Q2
312,conf/vldb/Shenker03,True,1,5yETsE57mzgJ,0.9817132093357962,0.004017798149273065,0.9776954111865231,0.6000000000000002,True,correct,DBLP,44,True,correct,Q4
313,conf/sigmod/CohenM03,True,1,bQv5hYB-JIEJ,0.9606968349601731,0.00047258748705367946,0.9602242474731194,0.6000000000000002,True,correct,DBLP,44,True,correct,Q4
314,journals/sigmod/ChakravarthyAEFO03,True,2,url:http://portal.acm.org/citation.cfm%3Fid%3D641006,0.9857545237851915,0.9625176957678189,0.02323682801737259,0.6000000000000002,True,correct,DBLP,44,True,correct,Q1
315,journals/sigmod/Jhingran00,True,1,lrGge6mTVckJ,0.9911194891754043,0.00040710464813093074,0.9907123845272733,0.6000000000000002,True,correct,DBLP,44,True,correct,Q4
316,journals/vldb/LiCHH01,True,1,Tw8-f4saqb0J,0.9789596116002794,0.3132119183569522,0.6657476932433273,0.6000000000000002,True,correct,DBLP,44,True,correct,Q3
317,conf/vldb/MeccaCM01,True,4,Ph7ZpmdNOPEJ,0.9895947153032278,0.9546490276353482,0.034945687667879644,0.6000000000000002,True,correct,DBLP,44,True,correct,Q1
318,conf/sigmod/HsuLG00,True,2,kxIpDxLD46gJ,0.9833801847754197,0.9064681500033018,0.07691203477211783,0.6000000000000002,True,correct,DBLP,44,True,correct,Q2
319,journals/vldb/ChanFGR02,True,3,ORkxHLb7dvcJ,0.9769931443109248,0.7736216829348443,0.20337146137608042,0.6000000000000002,True,correct,DBLP,44,True,correct,Q2
320,conf/sigmod/McAuliffeCS96,True,2,c__Nxyn_uvwJ,0.9539769705666864,0.45203787250667715,0.5019390980600092,0.6000000000000002,True,correct,DBLP,44,True,correct,Q3
321,conf/sigmod/CeriFPP95,False,0,LnNHfHLFsEcJ,0.0033367109480689407,0.003291240237079698,4.5470710989242887e-05,0.6000000000000002,False,unmatched_abstention,DBLP,44,False,unmatched_abstention,Q1
322,conf/vldb/Madnick95,True,2,CVQyvLe8w38J,0.9520948564507044,0.8160603076385972,0.1360345488121072,0.6000000000000002,True,correct,DBLP,44,True,correct,Q2
323,conf/vldb/ZimbraoS98,True,3,1KckBFVfgyMJ,0.9799543908755625,0.6969729490815784,0.2829814417939841,0.6000000000000002,True,correct,DBLP,44,True,correct,Q2
324,conf/vldb/CeriCW00,True,4,bDuu6x2n1tgJ,0.9644583276244707,0.9411383827319513,0.02331994489251943,0.6000000000000002,True,correct,DBLP,44,True,correct,Q1
325,conf/sigmod/WilschutFA95,True,2,vgoFTdXYHZ0J,0.9833906411073935,0.06807210898503216,0.9153185321223614,0.6000000000000002,True,correct,DBLP,44,True,correct,Q3
326,conf/sigmod/AndersonBKW98,True,3,j6v2b9hN-R4J,0.9908948699016974,0.4526310137858554,0.5382638561158419,0.6000000000000002,True,correct,DBLP,44,True,correct,Q3
327,conf/sigmod/Gerber95,True,2,Cha3zvFBfDsJ,0.9217266528846698,0.820896936962686,0.10082971592198386,0.6000000000000002,True,correct,DBLP,44,True,correct,Q2
328,journals/vldb/KabraD99,True,3,JF30ixlsraUJ,0.9662238626739355,0.9318428578153327,0.03438100485860274,0.6000000000000002,True,correct,DBLP,44,True,correct,Q1
329,conf/sigmod/CruzJ99,True,1,vXMwU21-7HMJ,0.9788826321986142,0.20381525186858648,0.7750673803300276,0.6000000000000002,True,correct,DBLP,44,True,correct,Q3
330,conf/sigmod/GeorgeH97,True,3,Ah9B3bWU0jEJ,0.9912053639796832,0.9334335921853151,0.0577717717943681,0.6000000000000002,True,correct,DBLP,44,True,correct,Q2
331,conf/sigmod/YangYW00,True,1,JQuwW88-2_0J,0.9518627997796634,0.0006583063560370296,0.9512044934236263,0.6000000000000002,True,correct,DBLP,44,True,correct,Q3
332,conf/sigmod/ChenZCKR01,True,3,q49c-IEX7N8J,0.9854126044473178,0.8951157810267494,0.09029682342056844,0.6000000000000002,True,correct,DBLP,44,True,correct,Q2
333,conf/vldb/YuPM03,True,2,ZEEZqsnVCyYJ,0.9817132093357962,0.0016437407909688213,0.9800694685448273,0.6000000000000002,True,correct,DBLP,44,True,correct,Q4
334,journals/sigmod/BhargavaAP95,True,2,Sql66UDiVnwJ,0.9911195067746393,0.9397415215321715,0.05137798524246784,0.6000000000000002,True,correct,DBLP,44,True,correct,Q1
335,journals/vldb/OoiTCH98,True,1,xv1webZ985MJ,0.9702271953006627,0.42883946344746127,0.5413877318532014,0.6000000000000002,True,correct,DBLP,44,True,correct,Q3
336,journals/tods/RosenthalR94,True,1,zM422IjZcPgJ,0.9843340053711483,0.08187552429275748,0.9024584810783909,0.6000000000000002,True,correct,DBLP,44,True,correct,Q3
337,journals/tods/WinslettSQ94,True,2,lvZTVlP7s7oJ,0.9843339969932747,0.9586545807036986,0.02567941628957615,0.6000000000000002,True,correct,DBLP,44,True,correct,Q1
338,conf/vldb/LeeHJT03,True,1,BSE2se70OMYJ,0.9866537784837716,0.0008409739509176279,0.9858128045328539,0.6000000000000002,True,correct,DBLP,44,True,correct,Q4
339,journals/tods/CasatiCPP99,True,6,6F_cUJERo6sJ,0.9843340217686141,0.9401065341407384,0.04422748762787565,0.6000000000000002,True,correct,DBLP,44,True,correct,Q1
340,conf/vldb/KumaranH03,True,1,wW6dUVL80RYJ,0.9533884736171884,0.27949784746900436,0.6738906261481841,0.6000000000000002,True,correct,DBLP,44,True,correct,Q3
341,conf/vldb/ChenJLP03,True,2,BGcx_nZKM4wJ,0.9784248642999478,0.8666014122283634,0.1118234520715844,0.6000000000000002,True,correct,DBLP,44,True,correct,Q2
342,journals/sigmod/MeltonE02,True,2,6uelfg3RgEoJ,0.9904184360737219,0.3497639061882496,0.6406545298854723,0.6000000000000002,True,correct,DBLP,44,True,correct,Q3
343,conf/vldb/ChawatheCY94,True,1,VPwP1w9wvhEJ,0.9598268144053022,0.0015344070707550182,0.9582924073345471,0.6000000000000002,True,correct,DBLP,44,True,correct,Q4
344,conf/vldb/ChakravarthyKAK94,True,3,L9eva_gsxrIJ,0.9790096692395335,0.8590791357638005,0.11993053347573301,0.6000000000000002,True,correct,DBLP,44,True,correct,Q2
345,conf/vldb/KoudasIM00,True,2,VSR4PwHmGWsJ,0.9812134668026924,0.4744433991055477,0.5067700676971447,0.6000000000000002,True,correct,DBLP,44,True,correct,Q3
346,conf/vldb/RisheYACLMVSV00,True,2,0WYMHga_bt4J,0.9669919113834742,0.12429816909338266,0.8426937422900915,0.6000000000000002,True,correct,DBLP,44,True,correct,Q3
347,journals/sigmod/BargaL02,True,2,QTzV3iNq2O8J,0.9911195067746393,0.9785853818793455,0.012534124895293819,0.6000000000000002,True,correct,DBLP,44,True,correct,Q1
348,conf/vldb/Wang95,True,2,7FUOWtSbiogJ,0.980311952679746,0.648306057720097,0.33200589495964905,0.6000000000000002,True,correct,DBLP,44,True,correct,Q2
349,conf/vldb/AnandBH94,True,1,-UpQkB1uPLMJ,0.9026451244125261,0.0004295531425513162,0.9022155712699748,0.6000000000000002,True,correct,DBLP,44,True,correct,Q3
350,conf/sigmod/MumickQM97,True,3,cvHvC7tUSrIJ,0.9583011754463245,0.9408355422302679,0.017465633216056653,0.6000000000000002,True,correct,DBLP,44,True,correct,Q1
351,conf/sigmod/JajodiaSSB97,True,4,p-m7MMOS2aUJ,0.9554673014413487,0.9482662131173324,0.007201088324016336,0.6000000000000002,True,correct,DBLP,44,True,correct,Q1
352,journals/vldb/PacittiS00,True,5,yXCROrOo320J,0.9834797691734469,0.9267219583701489,0.056757810803298,0.6000000000000002,True,correct,DBLP,44,True,correct,Q1
353,journals/sigmod/Halevy03,True,1,706PCMwA_E4J,0.9911194774252273,0.0008348311264646588,0.9902846462987627,0.6000000000000002,True,correct,DBLP,44,True,correct,Q4
354,conf/sigmod/KriegelBKPS03,True,2,tsqBH6P4jMcJ,0.9861813800612684,0.9484159280097615,0.03776545205150694,0.6000000000000002,True,correct,DBLP,44,True,correct,Q1
355,journals/tods/ParsonsW00,True,1,Z5rWzHBxtEEJ,0.9843339969932747,0.0002193000313618313,0.9841146969619129,0.6000000000000002,True,correct,DBLP,44,True,correct,Q4
356,conf/sigmod/Freeston95,True,2,Fr8CPbK-IFIJ,0.9912053687157151,0.48937474047266627,0.5018306282430488,0.6000000000000002,True,correct,DBLP,44,True,correct,Q3
357,journals/vldb/AbiteboulCM98,True,3,WzT3S2G1FjcJ,0.9834797691734469,0.9125028191891424,0.07097694998430448,0.6000000000000002,True,correct,DBLP,44,True,correct,Q2
358,journals/sigmod/GroskySF02,True,1,HA3wM_i-y3YJ,0.9731428914979029,0.6725775480486377,0.3005653434492652,0.6000000000000002,True,correct,DBLP,44,True,correct,Q2
359,conf/sigmod/IpeirotisGS01,True,1,bo7ArXlXypQJ,0.9860115546600334,0.004474930683097607,0.9815366239769359,0.6000000000000002,True,correct,DBLP,44,True,correct,Q4
360,conf/vldb/ShatdalKN94,True,1,27-P8X0mjfcJ,0.9808271426682591,0.0027215726250584098,0.9781055700432006,0.6000000000000002,True,correct,DBLP,44,True,correct,Q4
361,journals/sigmod/SlivinskasJS02,True,2,xTPSs2k_pUIJ,0.9875161086751504,0.9731382047008239,0.014377903974326478,0.6000000000000002,True,correct,DBLP,44,True,correct,Q1
362,conf/vldb/HumborstadSHT97,True,1,TjJZGlCajbMJ,0.6421009135463418,0.0002621573571753232,0.6418387561891665,0.6000000000000002,True,correct,DBLP,44,True,correct,Q3
363,conf/vldb/TamuraK99,True,3,rAHGAfoqookJ,0.9805433179510346,0.9572438953690924,0.023299422581942175,0.6000000000000002,True,correct,DBLP,44,True,correct,Q1
364,conf/sigmod/KornM00,True,2,HlhXdvHzlvwJ,0.9912053676587244,0.9483422571773232,0.04286311048140112,0.6000000000000002,True,correct,DBLP,44,True,correct,Q1
365,conf/sigmod/LarsonG98,True,2,QmBz3hMOFh4J,0.9541090720553475,0.9072711414687805,0.046837930586566934,0.6000000000000002,True,correct,DBLP,44,True,correct,Q1
366,journals/sigmod/Fankhauser01,True,1,_sltXCfRKhYJ,0.9911194974154156,0.002107934216442978,0.9890115631989727,0.6000000000000002,True,correct,DBLP,44,True,correct,Q4
367,conf/vldb/MorimotoFMTY98,True,2,31YuS02mFq8J,0.9810390126397613,0.0030148622791462383,0.9780241503606151,0.6000000000000002,True,correct,DBLP,44,True,correct,Q4
368,journals/sigmod/Ozsu01a,False,0,NHxHsUH9L5MJ,0.0796787442486642,0.05618878306026503,0.023489961188399168,0.6000000000000002,False,unmatched_abstention,DBLP,44,True,false_link,Q1
369,journals/vldb/PanagosB97,True,1,Ht4Yl1kJuxIJ,0.9834797669186915,0.049065686861771506,0.9344140800569201,0.6000000000000002,True,correct,DBLP,44,True,correct,Q3
370,journals/sigmod/Gunther97,False,0,dNM-avLn230J,0.003934950685127411,0.0032738094956454846,0.0006611411894819263,0.6000000000000002,False,unmatched_abstention,DBLP,44,False,unmatched_abstention,Q1
371,conf/vldb/BouguettayaEMO01,True,1,n-tA57d7ydcJ,0.9712143264165857,0.008693674024519892,0.9625206523920657,0.6000000000000002,True,correct,DBLP,44,True,correct,Q4
372,conf/sigmod/DeligiannakisR03,True,1,zMgbS5u_GwYJ,0.9606968336079719,0.0008839907190894442,0.9598128428888825,0.6000000000000002,True,correct,DBLP,44,True,correct,Q4
373,conf/sigmod/NgLK98,True,1,kJVhJ4ruw6sJ,0.8192717670368721,0.00030042219636765554,0.8189713448405045,0.6000000000000002,True,correct,DBLP,44,True,correct,Q3
374,conf/sigmod/ParkKKLPC98,True,2,aepGxosl6YoJ,0.9882336779636423,0.7428455774097542,0.24538810055388804,0.6000000000000002,True,correct,DBLP,44,True,correct,Q2
375,conf/sigmod/Cohen98a,True,1,qfD_kxYt-dsJ,0.9893209155881724,0.0547069507745426,0.9346139648136298,0.6000000000000002,True,correct,DBLP,44,True,correct,Q3
376,conf/vldb/WuFSP00,True,2,XojbAfbtdvcJ,0.9887389127878068,0.5450812377858799,0.4436576750019269,0.6000000000000002,True,correct,DBLP,44,True,correct,Q3
377,conf/vldb/ColletCS94,True,4,uMutI8spj1QJ,0.9799913966284964,0.9076998057769174,0.07229159085157899,0.6000000000000002,True,correct,DBLP,44,True,correct,Q2
378,conf/sigmod/AcharyaPR99,True,5,0dY1brFaEzgJ,0.9598621018969792,0.9435314183179301,0.0163306835790491,0.6000000000000002,True,correct,DBLP,44,True,correct,Q1
379,journals/sigmod/BernsteinBCDFGGHHJLMNPSU98,True,6,Syu5W-3uFFAJ,0.9758919929563479,0.5858115803045075,0.39008041265184035,0.6000000000000002,True,correct,DBLP,44,True,correct,Q2
380,conf/vldb/SindoniTABFGMPPT01,True,1,0zdXnl9cQysJ,0.9717760729654955,0.0019822782924414435,0.969793794673054,0.6000000000000002,True,correct,DBLP,44,True,correct,Q4
381,conf/vldb/BertinoBFS96,True,1,s0v9B-K8owEJ,0.9817132032930359,0.6207312856651113,0.36098191762792464,0.6000000000000002,True,correct,DBLP,44,True,correct,Q2
382,conf/sigmod/KriegelMPS01,True,1,tsPOU-H3A94J,0.8606485482867056,0.007409470154125509,0.85323907813258,0.6000000000000002,True,correct,DBLP,44,True,correct,Q3
383,journals/tods/EiterGM97,True,1,WXWcO2ulDQUJ,0.984333998863055,0.4771516049823452,0.5071823938807097,0.6000000000000002,True,correct,DBLP,44,True,correct,Q3
384,conf/sigmod/AshleyFHLNP95,True,5,FnnILIjz08EJ,0.9714619083648538,0.7831851267733143,0.1882767815915395,0.6000000000000002,True,correct,DBLP,44,True,correct,Q2
385,journals/sigmod/ShethM02,True,2,B_axrPz8j5EJ,0.9708711245434649,0.07605045191460279,0.8948206726288621,0.6000000000000002,True,correct,DBLP,44,True,correct,Q3
386,conf/vldb/ChaudhuriG99,True,2,l-Sn0enuHxkJ,0.9907436083320813,0.9714554494784676,0.01928815885361368,0.6000000000000002,True,correct,DBLP,44,True,correct,Q1
387,conf/sigmod/StonebrakerH01,True,3,opMsehfY-XoJ,0.9564535610481185,0.873986672128764,0.0824668889193545,0.6000000000000002,True,correct,DBLP,44,True,correct,Q2
388,conf/vldb/Brodie03,True,1,deEJ1JsF8RwJ,0.9708653280490569,0.00036519118315008544,0.9705001368659069,0.6000000000000002,True,correct,DBLP,44,True,correct,Q4
389,conf/vldb/ManegoldBK00,True,3,JgdpgBpMDr4J,0.9599285177473752,0.10767403418463047,0.8522544835627447,0.6000000000000002,True,correct,DBLP,44,True,correct,Q3
390,conf/vldb/Sondag01,False,0,mAMudiY-q5YJ,0.00627000383896083,0.0015773520800880063,0.004692651758872824,0.6000000000000002,False,unmatched_abstention,DBLP,44,False,unmatched_abstention,Q1
391,conf/sigmod/DeshpandeRSN98,True,1,BXB96UFPHn8J,0.962433321182586,0.009656786865150728,0.9527765343174353,0.6000000000000002,True,correct,DBLP,44,True,correct,Q3
392,conf/sigmod/HjaltasonS98,True,2,3mwWUz_ORNYJ,0.9864251483355433,0.6685548396360991,0.3178703086994442,0.6000000000000002,True,correct,DBLP,44,True,correct,Q2
393,conf/sigmod/ZouS96,True,2,DYFIQvOg7rgJ,0.9848334262120871,0.966280231848055,0.018553194364032133,0.6000000000000002,True,correct,DBLP,44,True,correct,Q1
394,journals/sigmod/Bertram94,True,1,qaSgL5tVq1AJ,0.9911194774252273,0.005578256823217478,0.9855412206020099,0.6000000000000002,True,correct,DBLP,44,True,correct,Q4
395,conf/vldb/OzsuVU98,True,2,WAivXgeI8vIJ,0.9738573629706468,0.4862256973234227,0.48763166564722416,0.6000000000000002,True,correct,DBLP,44,True,correct,Q3
396,conf/sigmod/KimC03,True,1,BWV2Oys1VXsJ,0.9739038574215843,0.003635001137264838,0.9702688562843194,0.6000000000000002,True,correct,DBLP,44,True,correct,Q4
397,conf/vldb/HristidisGP03,True,1,B2rShDD99xwJ,0.9299002937822853,0.03165530683718861,0.8982449869450967,0.6000000000000002,True,correct,DBLP,44,True,correct,Q3
398,conf/vldb/BamfordAP99,True,1,2y9m1qzVu4EJ,0.9907436180837574,0.004880218067933829,0.9858634000158236,0.6000000000000002,True,correct,DBLP,44,True,correct,Q4
399,conf/vldb/GinisHKMT97,True,1,GBVvAWWCTcgJ,0.9777907834586571,0.01552780148916717,0.9622629819694899,0.6000000000000002,True,correct,DBLP,44,True,correct,Q4
400,conf/sigmod/AggarwalWY99,True,2,s9hhR-EdDGgJ,0.9826523204766476,0.5595645968630286,0.423087723613619,0.6000000000000002,True,correct,DBLP,44,True,correct,Q3
401,journals/vldb/LiangOY00,True,1,ikw-En98LywJ,0.9767924630396065,0.015419947248633511,0.961372515790973,0.6000000000000002,True,correct,DBLP,44,True,correct,Q4
402,journals/tods/BohlenJS00,True,1,6eheB6Kct4MJ,0.9661997782562606,0.008307993171182028,0.9578917850850786,0.6000000000000002,True,correct,DBLP,44,True,correct,Q4
403,conf/vldb/EicklerKK97,True,1,PCFJuVxYxtwJ,0.9817132108696542,0.003701887087767568,0.9780113237818867,0.6000000000000002,True,correct,DBLP,44,True,correct,Q4
404,conf/sigmod/MoleskyR95,True,2,u03oQbB0y-oJ,0.9851695153896574,0.11612028476511271,0.8690492306245446,0.6000000000000002,True,correct,DBLP,44,True,correct,Q3
405,conf/vldb/BergerBSW03,True,3,kADCX48-o5IJ,0.9817131949142589,0.9639155369001262,0.01779765801413269,0.6000000000000002,True,correct,DBLP,44,True,correct,Q1
406,conf/vldb/VelegrakisMP03,True,3,gP3ld61I__kJ,0.9804555217096956,0.724461228460024,0.2559942932496716,0.6000000000000002,True,correct,DBLP,44,True,correct,Q2
407,conf/sigmod/LlirbatFS97,True,1,hJiwQ2CQRBkJ,0.9912053687157151,0.000612796538545867,0.9905925721771692,0.6000000000000002,True,correct,DBLP,44,True,correct,Q4
408,journals/tods/Subrahmanian94,True,8,SLTZN9O1_wUJ,0.9640515809923293,0.8334313159055561,0.13062026508677327,0.6000000000000002,True,correct,DBLP,44,True,correct,Q2
409,journals/vldb/JiangE98,True,1,PjtgP4aQt00J,0.9762867177836693,0.0014855264112383873,0.9748011913724309,0.6000000000000002,True,correct,DBLP,44,True,correct,Q4
410,conf/sigmod/HsiaoCY94,True,2,LEi_Rzm1iH0J,0.9820454342319948,0.9591736798061992,0.022871754425795587,0.6000000000000002,True,correct,DBLP,44,True,correct,Q1
411,conf/vldb/AmirKN01,True,1,dEwdHTZZYWYJ,0.9796880542360469,0.0007098744308011852,0.9789781798052457,0.6000000000000002,True,correct,DBLP,44,True,correct,Q4
412,conf/sigmod/PonnekantiK00,True,1,IddFq2o4ZsoJ,0.9596542661096037,0.0017437490396765942,0.9579105170699271,0.6000000000000002,True,correct,DBLP,44,True,correct,Q4
413,conf/vldb/SrinivasaK03,True,1,4iJ3Fd2xnUYJ,0.9649232617310342,0.010227039007152857,0.9546962227238813,0.6000000000000002,True,correct,DBLP,44,True,correct,Q4
414,conf/vldb/OoiGT98,True,1,LJdSx1Di81MJ,0.9853266182084336,0.016088018644768224,0.9692385995636653,0.6000000000000002,True,correct,DBLP,44,True,correct,Q4
415,conf/sigmod/LiYVGPUV98,True,6,6jeHlSgjCskJ,0.9716039808386006,0.9308815454602544,0.04072243537834619,0.6000000000000002,True,correct,DBLP,44,True,correct,Q1
416,conf/vldb/SimonD95,True,1,lLARMvKaIQMJ,0.9724845981385382,0.005535195481053374,0.9669494026574847,0.6000000000000002,True,correct,DBLP,44,True,correct,Q4
417,journals/sigmod/LightstoneLZ02,True,2,7TYVQTwq9FIJ,0.991119492633555,0.9071508132581049,0.08396867937545016,0.6000000000000002,True,correct,DBLP,44,True,correct,Q2
418,conf/sigmod/GangulyGMS96,True,2,05ZgvGyhSC0J,0.9908416131124163,0.5969426982390286,0.3938989148733877,0.6000000000000002,True,correct,DBLP,44,True,correct,Q2
419,conf/vldb/SripadaW94,True,1,VqNz3sp638UJ,0.9098061463576465,0.0012241533494243243,0.9085819930082222,0.6000000000000002,True,correct,DBLP,44,True,correct,Q3
420,conf/vldb/FaloutsosMS96,True,2,MxkjWOlLhlYJ,0.9757337003581492,0.9213309975298807,0.054402702828268534,0.6000000000000002,True,correct,DBLP,44,True,correct,Q1
421,journals/sigmod/Widom95,False,0,xgdBJbatYcIJ,0.5843756992940768,0.5041645578993068,0.08021114139477004,0.6000000000000002,False,unmatched_abstention,DBLP,44,False,unmatched_abstention,Q2
422,conf/vldb/DaynesC02,True,1,Ug0Yk0QhILMJ,0.990743610100892,0.0019271657888816306,0.9888164443120103,0.6000000000000002,True,correct,DBLP,44,True,correct,Q4
423,conf/sigmod/Vaskevitch94,True,1,cr7xWKidCnYJ,0.9912053559199036,0.0005973779118142639,0.9906079780080893,0.6000000000000002,True,correct,DBLP,44,True,correct,Q4
424,journals/tods/TariSS97,True,3,wGAAD7CTrnMJ,0.984333998863055,0.9728822823479931,0.011451716515061827,0.6000000000000002,True,correct,DBLP,44,True,correct,Q1
425,journals/sigmod/AbiteboulH95,True,1,kUA9e6YP8igJ,0.9731189842413847,0.05238231735982419,0.9207366668815604,0.6000000000000002,True,correct,DBLP,44,True,correct,Q3
426,conf/vldb/ArunJ98,True,1,1dqeMksCm74J,0.9817132277825567,0.0004826740202611355,0.9812305537622955,0.6000000000000002,True,correct,DBLP,44,True,correct,Q4
427,conf/sigmod/Bayardo98,True,6,htTH8PrZ0dYJ,0.9675560263956342,0.6498635959285343,0.31769243046709994,0.6000000000000002,True,correct,DBLP,44,True,correct,Q2
428,conf/sigmod/GodfreyGXZ01,True,1,LNnvt5TpBhkJ,0.9912053687157151,0.010491297262810197,0.9807140714529049,0.6000000000000002,True,correct,DBLP,44,True,correct,Q4
429,journals/sigmod/Segev94b,False,0,C84rFQN_ug0J,0.09580758505366876,0.06225210272430224,0.033555482329366525,0.6000000000000002,False,unmatched_abstention,DBLP,44,False,unmatched_abstention,Q1
430,journals/vldb/ChienTZ02,True,1,j4wcclZqY0oJ,0.9742707614540551,0.16797992002466874,0.8062908414293863,0.6000000000000002,True,correct,DBLP,44,True,correct,Q3
431,conf/vldb/TsoisS03,True,1,_2oz5poi5asJ,0.9672814852123609,0.003068825630949934,0.964212659581411,0.6000000000000002,True,correct,DBLP,44,True,correct,Q4
432,conf/sigmod/Kohler99,False,0,ZSR-MThg9UEJ,0.00029979605526776174,0.00024122627119295748,5.856978407480426e-05,0.6000000000000002,False,unmatched_abstention,DBLP,44,False,unmatched_abstention,Q1
433,conf/vldb/PatonG01,True,1,mHCrMuxQnBsJ,0.503348110978924,0.0008518024701910641,0.502496308508733,0.6000000000000002,False,missing_match,DBLP,44,True,correct,Q3
434,journals/sigmod/BernsteinDK99,True,3,Ye5fTBiMoUwJ,0.5035077054877092,0.2541390257394222,0.24936867974828697,0.6000000000000002,False,missing_match,DBLP,44,True,correct,Q2
435,conf/vldb/Draluk01,True,2,xQzrilMR-QQJ,0.9811837474296816,0.9010713545235443,0.08011239290613736,0.6000000000000002,True,correct,DBLP,44,True,correct,Q2
436,conf/sigmod/SagonasSW94a,True,6,nDGblldnEGAJ,0.9839863534216804,0.6830797370008541,0.3009066164208263,0.6000000000000002,True,correct,DBLP,44,True,correct,Q2
437,conf/vldb/CohenMKS03,True,1,gRoNHWLN1WMJ,0.9817132021540467,0.03153214632947145,0.9501810558245752,0.6000000000000002,True,correct,DBLP,44,True,correct,Q3
438,conf/vldb/AgrawalLSS95,True,8,Y799jSppkKEJ,0.9892596068332746,0.9693115573140885,0.019948049519186162,0.6000000000000002,True,correct,DBLP,44,True,correct,Q1
439,conf/vldb/LuOT94,True,1,ZFXYXT4yEcAJ,0.9742582076058182,0.005515934193155776,0.9687422734126624,0.6000000000000002,True,correct,DBLP,44,True,correct,Q4
440,journals/sigmod/ChienTZ01,True,1,cjBpI3TcSWsJ,0.9861089840216644,0.0054694066237390695,0.9806395773979253,0.6000000000000002,True,correct,DBLP,44,True,correct,Q4
441,conf/vldb/MeekPK03,True,2,cR1ikuFsE1wJ,0.9805950150257091,0.9377680154388423,0.042826999586866865,0.6000000000000002,True,correct,DBLP,44,True,correct,Q1
442,conf/vldb/ShaferA97,True,1,O4UcgdEM7vYJ,0.9735122906426212,0.7885378767302523,0.1849744139123689,0.6000000000000002,True,correct,DBLP,44,True,correct,Q2
443,journals/vldb/KemperK95,True,1,5CZ1gTCb5Z4J,0.9817070745876574,0.04709852061102767,0.9346085539766297,0.6000000000000002,True,correct,DBLP,44,True,correct,Q3
444,conf/vldb/KoudasGGSV03,True,1,d8BBxc5Ato8J,0.9792466815103495,0.006156775083883339,0.9730899064264662,0.6000000000000002,True,correct,DBLP,44,True,correct,Q4
445,journals/vldb/MirbelPSTV00,True,1,tUEcojf_6BUJ,0.9803297891817719,0.42487591435110783,0.5554538748306641,0.6000000000000002,True,correct,DBLP,44,True,correct,Q3
446,conf/vldb/MiningGroup96,True,1,fGw7o-RlqlcJ,0.5330011609442583,0.0005820096677868549,0.5324191512764714,0.6000000000000002,False,missing_match,DBLP,44,True,correct,Q3
447,journals/sigmod/CiliaB02,True,1,Y1HVgTopekIJ,0.9862858483136308,0.0017054804147739963,0.9845803678988567,0.6000000000000002,True,correct,DBLP,44,True,correct,Q4
448,journals/sigmod/GriffinK98,True,2,Qvl2bcDAyqEJ,0.9911194774252273,0.635687152784691,0.3554323246405363,0.6000000000000002,True,correct,DBLP,44,True,correct,Q2
449,conf/vldb/AshwinRSSS97,True,3,5VcKjo7jBOMJ,0.9872913046353854,0.9602804592742528,0.02701084536113263,0.6000000000000002,True,correct,DBLP,44,True,correct,Q1
450,journals/vldb/Cobb97,True,1,R6XK3NbfZrgJ,0.9173885859771942,0.004559254182750701,0.9128293317944435,0.6000000000000002,True,correct,DBLP,44,True,correct,Q3
451,conf/sigmod/AdamY98,True,1,url:http://portal.acm.org/ft_gateway.cfm%3Fid%3D276350%26type%3Dpdf%26dl%3DGUIDE%26dl%3DACM%26CFID%3D11111111%26CFTOKEN%3D2222222,0.9059137077406538,0.3123183781583419,0.593595329582312,0.6000000000000002,True,correct,DBLP,44,True,correct,Q3
452,conf/vldb/IwerksSS03,True,1,4B_LhCns0WoJ,0.9776098372095956,0.026602221155599293,0.9510076160539963,0.6000000000000002,True,correct,DBLP,44,True,correct,Q3
453,conf/vldb/LiCHPALHAY01,True,1,Nn0x6RmkrVwJ,0.9631508442819966,0.02934710102480697,0.9338037432571896,0.6000000000000002,True,correct,DBLP,44,True,correct,Q3
454,conf/sigmod/BersonGM95,True,3,YkPqPzGFnZIJ,0.9360968849291256,0.8575161758214616,0.07858070910766402,0.6000000000000002,True,correct,DBLP,44,True,correct,Q2
455,conf/sigmod/GardarinMP95,True,4,l-9pykkOVrkJ,0.9468152724323643,0.8998590663405736,0.04695620609179074,0.6000000000000002,True,correct,DBLP,44,True,correct,Q1
456,conf/vldb/HammadFAE03,True,1,vfCFumS9QtkJ,0.9435571065859433,0.07889179568779116,0.8646653108981521,0.6000000000000002,True,correct,DBLP,44,True,correct,Q3
457,conf/vldb/MogiK95,True,1,39DBh8H18iEJ,0.9817132115125632,0.03977618477366014,0.941937026738903,0.6000000000000002,True,correct,DBLP,44,True,correct,Q3
458,journals/vldb/PapazogluK97a,False,0,kFQl7LX8OQkJ,0.44291657128092377,0.2368128430401829,0.20610372824074086,0.6000000000000002,False,unmatched_abstention,DBLP,44,True,false_link,Q2
459,journals/sigmod/FrankGGJKLMNPSSSTW99,True,5,ixz5LdVw9_8J,0.8307236571688779,0.7961312479218923,0.03459240924698559,0.6000000000000002,True,correct,DBLP,44,True,correct,Q1
460,conf/sigmod/WattezCBFF00,True,1,1SA9LhktHsUJ,0.9869883388474808,0.0009389007504489165,0.9860494380970319,0.6000000000000002,True,correct,DBLP,44,True,correct,Q4
461,conf/sigmod/AltinelLKMPLWB02,True,2,HtYTQ-fN8ccJ,0.9753637492193039,0.8075237780055675,0.1678399712137364,0.6000000000000002,True,correct,DBLP,44,True,correct,Q2
462,conf/vldb/VorugantiOU99,True,3,ItOlYY7ITt0J,0.9470803352136458,0.8300962868916909,0.11698404832195486,0.6000000000000002,True,correct,DBLP,44,True,correct,Q2
463,journals/vldb/FuCCM00,True,1,7kC8fo78d6sJ,0.9780958069295741,0.002431633544564815,0.9756641733850093,0.6000000000000002,True,correct,DBLP,44,True,correct,Q4
464,conf/sigmod/GillmannWW02,True,2,Pbjz4-UPrZ8J,0.9231842312631237,0.8378147699817929,0.08536946128133072,0.6000000000000002,True,correct,DBLP,44,True,correct,Q2
465,conf/vldb/RamamurthyDS02,True,3,uem5wXLoU0wJ,0.9640433982624499,0.890514146395765,0.07352925186668491,0.6000000000000002,True,correct,DBLP,44,True,correct,Q2
466,journals/tods/FernandezKSMT02,True,1,ckrgSn0vBOMJ,0.9789533527144787,0.007365181147820712,0.971588171566658,0.6000000000000002,True,correct,DBLP,44,True,correct,Q4
467,conf/sigmod/Amer-YahiaCLS01,True,4,DFubU20j1OIJ,0.9558441802770871,0.9363481273168366,0.019496052960250476,0.6000000000000002,True,correct,DBLP,44,True,correct,Q1
468,journals/sigmod/KuoM96,True,1,vmwgqLkw0NUJ,0.9786626693668226,0.004254045285984162,0.9744086240808384,0.6000000000000002,True,correct,DBLP,44,True,correct,Q4
469,conf/sigmod/SeshadriLR94,True,3,60I0j0qUHVYJ,0.9849303029243109,0.8710395502174728,0.11389075270683813,0.6000000000000002,True,correct,DBLP,44,True,correct,Q2
470,conf/sigmod/ArasuG03,True,3,zN8ngmWNDlgJ,0.960696854121814,0.8446904603437001,0.11600639377811395,0.6000000000000002,True,correct,DBLP,44,True,correct,Q2
471,conf/vldb/SakuraiYKU01,True,1,OQMYc3S0Ny8J,0.9817132043308145,0.0020964178653078494,0.9796167864655067,0.6000000000000002,True,correct,DBLP,44,True,correct,Q4
472,journals/sigmod/CalvaneseGLV03,True,1,pGcIRyDyFG8J,0.9510544276449895,0.04665270435065634,0.9044017232943331,0.6000000000000002,True,correct,DBLP,44,True,correct,Q3
473,journals/sigmod/UlusoyB96,True,1,LclVYrb7vJoJ,0.9911194795596694,0.000981400322202606,0.9901380792374668,0.6000000000000002,True,correct,DBLP,44,True,correct,Q4
474,journals/sigmod/CaleroPR03,True,1,zWoRcQffsq8J,0.9899983831915324,0.002551882060336463,0.987446501131196,0.6000000000000002,True,correct,DBLP,44,True,correct,Q4
475,journals/sigmod/PissinouSEMOPSTD94,True,3,fSKoYnVJbwwJ,0.5362516744223242,0.26089880091744727,0.27535287350487697,0.6000000000000002,False,missing_match,DBLP,44,True,correct,Q2
476,journals/sigmod/Winslett94,True,2,hZOXZJ6x2xUJ,0.9602129174755716,0.8783138618811045,0.08189905559446709,0.6000000000000002,True,correct,DBLP,44,True,correct,Q2
477,journals/tods/Keen97,True,1,v2xRz4ZhknAJ,0.9464441557025335,0.0009598003221262352,0.9454843553804072,0.6000000000000002,True,correct,DBLP,44,True,correct,Q3
478,journals/sigmod/Barbara01,True,1,U8tEHzJ2Xj0J,0.02216862690368977,0.0005234434999277635,0.021645183403762005,0.6000000000000002,False,missing_match,DBLP,44,True,correct,Q1
479,conf/vldb/ChenCFGJMTW99,True,2,Hq3W65us8dkJ,0.9740019875733543,0.3440531017938689,0.6299488857794855,0.6000000000000002,True,correct,DBLP,44,True,correct,Q3
480,conf/sigmod/WuAA01,True,2,QKlyEeIFW24J,0.9677545266135198,0.8073080623504146,0.16044646426310516,0.6000000000000002,True,correct,DBLP,44,True,correct,Q2
481,conf/sigmod/BonnetBCCCHKMMOSS99,False,0,QuUCX1UWWC0J,0.00013665525664506125,9.557046642523945e-05,4.1084790219821803e-05,0.6000000000000002,False,unmatched_abstention,DBLP,44,False,unmatched_abstention,Q1
482,journals/sigmod/Gallagher94,True,1,PVm9r7wHzDAJ,0.9911194774252273,0.0036101936076135236,0.9875092838176138,0.6000000000000002,True,correct,DBLP,44,True,correct,Q4
483,journals/sigmod/Weikum02,True,1,url:http://portal.acm.org/citation.cfm%3Fid%3D601858.601867%26dl%3DGUIDE%26dl%3DACM%26idx%3DJ689%26part%3Dperiodical%26WantType%3Dperiodical%26title%3DACM%2520SIGMOD%2520Record%26CFID%3D11111111%26CFTOKEN%3D2222222,0.4715908333131078,0.4317108940070328,0.03987993930607503,0.6000000000000002,False,missing_match,DBLP,44,True,correct,Q1
484,conf/vldb/IlyasAE02,True,1,nQsk3GveFP0J,0.9784419531044445,0.0042635541053597185,0.9741783989990848,0.6000000000000002,True,correct,DBLP,44,True,correct,Q4
485,journals/sigmod/SilberschatzSU96,True,5,_ZsI_bVIJMwJ,0.9911194795596694,0.9496514719077042,0.04146800765196523,0.6000000000000002,True,correct,DBLP,44,True,correct,Q1
486,conf/vldb/TatbulCZCS03,True,3,TAsynkdIAfwJ,0.973413343625278,0.9187928674800674,0.054620476145210595,0.6000000000000002,True,correct,DBLP,44,True,correct,Q1
487,journals/tods/HsuSY01,True,2,dkdzE1VG71sJ,0.9360799087995751,0.7692569934782258,0.1668229153213493,0.6000000000000002,True,correct,DBLP,44,True,correct,Q2
488,conf/vldb/GoldmanW97,True,8,3zf3WSt0B6UJ,0.9907436044616771,0.9552497505171451,0.03549385394453197,0.6000000000000002,True,correct,DBLP,44,True,correct,Q1
489,journals/sigmod/Hainaut03,True,1,url:http://portal.acm.org/ft_gateway.cfm%3Fid%3D959087%26type%3Dpdf%26coll%3DGUIDE%26dl%3DACM%26CFID%3D11111111%26CFTOKEN%3D2222222,0.9852134718138885,0.010792213839663415,0.9744212579742251,0.6000000000000002,True,correct,DBLP,44,True,correct,Q4
490,conf/sigmod/JagatheesanR03,True,4,fobv5DPqKUcJ,0.9711562114253698,0.9606968336079719,0.010459377817397919,0.6000000000000002,True,correct,DBLP,44,True,correct,Q1
491,conf/sigmod/KabraD98,True,3,V9XUvirmVEEJ,0.9818703275725436,0.973696823777845,0.0081735037946985,0.6000000000000002,True,correct,DBLP,44,True,correct,Q1
492,conf/vldb/SattlerGS03,True,1,7y1DNkciIFQJ,0.9881888405097161,0.14208677274842765,0.8461020677612885,0.6000000000000002,True,correct,DBLP,44,True,correct,Q3
493,conf/sigmod/JarkeQCLFLVV00,True,2,bl_VrPzIIPwJ,0.9863742605154979,0.9057239434652532,0.08065031705024472,0.6000000000000002,True,correct,DBLP,44,True,correct,Q2
494,journals/sigmod/Ozsu01,False,0,NHxHsUH9L5MJ,0.07967861647368982,0.056188694256046355,0.023489922217643462,0.6000000000000002,False,unmatched_abstention,DBLP,44,True,false_link,Q1
495,journals/vldb/Baumann94,True,1,2Yii02idzcUJ,0.9834797691734469,0.1048553652583084,0.8786244039151385,0.6000000000000002,True,correct,DBLP,44,True,correct,Q3
496,journals/sigmod/Franklin00,False,0,ntqMqfgRXM4J,0.5365995717095362,0.4876670992289082,0.048932472480627986,0.6000000000000002,False,unmatched_abstention,DBLP,44,False,unmatched_abstention,Q1
497,conf/sigmod/LahiriG01,True,2,2eJIgKjsQF4J,0.9585405568457539,0.9085450554559513,0.04999550138980258,0.6000000000000002,True,correct,DBLP,44,True,correct,Q1
498,conf/vldb/ChanI99,True,2,QV20-69j6YYJ,0.9572692480706514,0.44578990325537465,0.5114793448152768,0.6000000000000002,True,correct,DBLP,44,True,correct,Q3
499,conf/vldb/CiacciaPZ97,True,8,HQQsPfQN7q0J,0.9623422658077181,0.9572045244923146,0.005137741315403455,0.6000000000000002,True,correct,DBLP,44,True,correct,Q1
500,conf/vldb/LimWV03,True,1,aPJnWocHLUwJ,0.9807352138177858,0.009571001071045353,0.9711642127467405,0.6000000000000002,True,correct,DBLP,44,True,correct,Q4
501,conf/sigmod/LakhamrajuRSS00,True,3,GveQLUTEle8J,0.9823749529026504,0.6688509654062528,0.31352398749639765,0.6000000000000002,True,correct,DBLP,44,True,correct,Q2
502,conf/sigmod/BhattacharyaMBNHS02,True,3,tsQbSCfQTooJ,0.9873736682592977,0.22873914514995544,0.7586345231093423,0.6000000000000002,True,correct,DBLP,44,True,correct,Q3
503,conf/sigmod/Hellerstein00,True,1,rbluxTXqUQwJ,0.9320355812181668,0.553292504489441,0.37874307672872576,0.6000000000000002,True,correct,DBLP,44,True,correct,Q2
504,journals/sigmod/Snodgrass01a,False,0,hvdME1Egw6AJ,0.01843386238068873,0.001090864842240556,0.017342997538448174,0.6000000000000002,False,unmatched_abstention,DBLP,44,False,unmatched_abstention,Q1
505,journals/sigmod/ChaudhuriD97,True,14,zlbJ-7JZdP0J,0.9911194974154156,0.9783317020797765,0.012787795335639118,0.6000000000000002,True,correct,DBLP,44,True,correct,Q1
506,conf/sigmod/QunLO03,True,2,BnNNuVfklfcJ,0.9389603377490221,0.5440294266649046,0.3949309110841175,0.6000000000000002,True,correct,DBLP,44,True,correct,Q3
507,conf/sigmod/WangTYGWP02,True,2,loFIbaxAcG0J,0.8274967393877791,0.6253698247781507,0.2021269146096284,0.6000000000000002,True,correct,DBLP,44,True,correct,Q2
508,journals/tods/SrivastavaSRN95,True,2,zm3D83ZiU4UJ,0.9821261916005505,0.9285111706911628,0.053615020909387634,0.6000000000000002,True,correct,DBLP,44,True,correct,Q1
509,conf/sigmod/ZhuSZ03,True,1,7VSlB0yIt3YJ,0.9912053489171097,0.029502799704082622,0.961702549213027,0.6000000000000002,True,correct,DBLP,44,True,correct,Q4
510,conf/sigmod/Chakravarthy97,True,3,5Ng-bLUNAsQJ,0.9869883543589343,0.41149662185350844,0.5754917325054258,0.6000000000000002,True,correct,DBLP,44,True,correct,Q3
511,conf/sigmod/Al-KhalifaYJ03,True,1,boJKiPCpIxkJ,0.9578125418552023,0.006263190696183707,0.9515493511590185,0.6000000000000002,True,correct,DBLP,44,True,correct,Q3
512,journals/sigmod/Halevy00,True,1,czgyMu7SHcgJ,0.9823442787013561,0.2406572766233831,0.741687002077973,0.6000000000000002,True,correct,DBLP,44,True,correct,Q3
513,conf/vldb/ShahDR03,True,3,Zlk6Tn-sPxwJ,0.9649231938119263,0.7853478280880426,0.17957536572388366,0.6000000000000002,True,correct,DBLP,44,True,correct,Q2
514,journals/sigmod/AnyanwuS02,True,2,LoDGuFLlvsAJ,0.9813340695191884,0.5376895987623398,0.44364447075684865,0.6000000000000002,True,correct,DBLP,44,True,correct,Q3
515,conf/sigmod/YerneniLGU99,True,5,hnMltY0uSf0J,0.9912053676587244,0.9670851894176965,0.024120178241027856,0.6000000000000002,True,correct,DBLP,44,True,correct,Q1
516,conf/vldb/HaasKWY97,True,10,U09WdB3GIK4J,0.9892952769808993,0.9089285499773093,0.08036672700358993,0.6000000000000002,True,correct,DBLP,44,True,correct,Q2
517,conf/sigmod/Gibson95,False,0,nYQRxEXS8V4J,0.008943468546152519,0.0015160094989705775,0.0074274590471819415,0.6000000000000002,False,unmatched_abstention,DBLP,44,False,unmatched_abstention,Q1
518,conf/sigmod/GotoK03,True,1,url:http://portal.acm.org/ft_gateway.cfm%3Fid%3D872837%26type%3Dpdf%26dl%3Dportal%26dl%3DACM%26CFID%3D11111111%26CFTOKEN%3D2222222,0.9218572322816908,0.02389448617264021,0.8979627461090506,0.6000000000000002,True,correct,DBLP,44,True,correct,Q3
519,conf/vldb/Klots96,True,1,dTORuW_9YRoJ,0.9817132039359452,0.018937726819679788,0.9627754771162654,0.6000000000000002,True,correct,DBLP,44,True,correct,Q4
520,conf/vldb/RohmBSS02,True,2,YMcmy4FOXi8J,0.985331553090596,0.9780557545351726,0.007275798555423374,0.6000000000000002,True,correct,DBLP,44,True,correct,Q1
521,conf/sigmod/Miller98,True,5,fW6JIoNRqAQJ,0.9446842021522756,0.9130758383894171,0.03160836376285847,0.6000000000000002,True,correct,DBLP,44,True,correct,Q1
522,journals/vldb/IoannidisNSS97,True,1,if5vzPT-qIAJ,0.9722556831920364,0.5444994353469206,0.4277562478451158,0.6000000000000002,True,correct,DBLP,44,True,correct,Q3
523,conf/vldb/WangZL99,True,2,9PJWqPPVlQwJ,0.9901060938752565,0.6016057883284368,0.3885003055468197,0.6000000000000002,True,correct,DBLP,44,True,correct,Q2
524,conf/sigmod/SlivinskasJS01,True,1,oAVbM_vepr8J,0.9890193403542649,0.002184483481972579,0.9868348568722923,0.6000000000000002,True,correct,DBLP,44,True,correct,Q4
525,journals/sigmod/LenzeriniNNS01,False,0,url:http://portal.acm.org/ft_gateway.cfm%3Fid%3D290595%26type%3Dpdf%26dl%3DGUIDE%26dl%3DACM%26CFID%3D11111111%26CFTOKEN%3D2222222,0.21547685611189604,0.03565150611920253,0.1798253499926935,0.6000000000000002,False,unmatched_abstention,DBLP,44,True,false_link,Q2
526,conf/sigmod/BargaL99,True,2,QGxyK7bJQOMJ,0.9307571430281952,0.8954725544006862,0.03528458862750905,0.6000000000000002,True,correct,DBLP,44,True,correct,Q1
527,journals/sigmod/ShethMKA01,True,1,url:http://portal.acm.org/ft_gateway.cfm%3Fid%3D604286%26type%3Dpdf%26dl%3DGUIDE%26dl%3DACM%26CFID%3D11111111%26CFTOKEN%3D2222222,0.9892324125356969,0.0005926844558050226,0.9886397280798919,0.6000000000000002,True,correct,DBLP,44,True,correct,Q4
528,journals/sigmod/YanG95,True,1,tMXkkRDxvkQJ,0.9903121177835204,0.01464925486483089,0.9756628629186894,0.6000000000000002,True,correct,DBLP,44,True,correct,Q4
529,journals/sigmod/Mendelzon98,False,0,LxniIL-QAhgJ,0.10500271876596047,0.014242605136735352,0.09076011362922512,0.6000000000000002,False,unmatched_abstention,DBLP,44,False,unmatched_abstention,Q2
530,journals/sigmod/RamanathanH97,True,1,EID4UO0Kv04J,0.9911194714218867,0.027416008921800558,0.9637034625000862,0.6000000000000002,True,correct,DBLP,44,True,correct,Q4
531,conf/sigmod/RajagopalanML98,True,7,wO6VeeLIXAsJ,0.9895263468973365,0.9739786727679729,0.015547674129363642,0.6000000000000002,True,correct,DBLP,44,True,correct,Q1
532,journals/tods/GoldmanL94,True,1,VxMarpzwtzQJ,0.9779155886950953,0.10656321716405959,0.8713523715310357,0.6000000000000002,True,correct,DBLP,44,True,correct,Q3
533,journals/vldb/AbadiCCCCLSTZ03,True,1,gBVNSFeS4P8J,0.9348689197528705,0.3992335133703963,0.5356354063824742,0.6000000000000002,True,correct,DBLP,44,True,correct,Q3
534,conf/sigmod/Kim94,True,1,GzJII5F7OzAJ,0.9912053769282521,0.0037081278861317585,0.9874972490421203,0.6000000000000002,True,correct,DBLP,44,True,correct,Q4
535,conf/vldb/TanEO01,True,2,1A06w64wjvcJ,0.9733104425560857,0.7005383012028895,0.27277214135319616,0.6000000000000002,True,correct,DBLP,44,True,correct,Q2
536,conf/vldb/ChatziantoniouR96,True,1,46FVYbhr0WoJ,0.9775459404538772,0.00953504717119493,0.9680108932826823,0.6000000000000002,True,correct,DBLP,44,True,correct,Q4
537,conf/vldb/VieiraM03,True,2,sUtdmV9XsIcJ,0.981713230997099,0.8671257590286608,0.1145874719684381,0.6000000000000002,True,correct,DBLP,44,True,correct,Q2
538,conf/sigmod/CareyDFHMNSSTTWZ94,True,8,0oPBNo-ofPkJ,0.8106325043917015,0.41801439091594045,0.3926181134757611,0.6000000000000002,True,correct,DBLP,44,True,correct,Q2
539,conf/vldb/HammelP02,True,1,SU2XS1MVb40J,0.9898325440431506,0.00758998676331791,0.9822425572798327,0.6000000000000002,True,correct,DBLP,44,True,correct,Q4
540,conf/vldb/BohannonGKNS02,True,2,9BuBq-Tj0TUJ,0.9858649436028571,0.9553985672255543,0.030466376377302873,0.6000000000000002,True,correct,DBLP,44,True,correct,Q1
541,conf/vldb/LabioG96,True,3,B3unqvqyJrMJ,0.9907436062304886,0.9798625652483584,0.010881040982130274,0.6000000000000002,True,correct,DBLP,44,True,correct,Q1
542,journals/sigmod/MattosD94,True,1,HhUCea7De6YJ,0.9890107495143186,0.0007232330188503767,0.9882875164954682,0.6000000000000002,True,correct,DBLP,44,True,correct,Q4
543,conf/sigmod/LuoKMPWLN02,True,1,zQfzn1t6Xq8J,0.9384515155735902,0.17128135344321868,0.7671701621303715,0.6000000000000002,True,correct,DBLP,44,True,correct,Q3
544,journals/vldb/StonebrakerALPSSSY96,True,3,dWgXDMGuFd4J,0.9756352700484445,0.9226103838048696,0.05302488624357493,0.6000000000000002,True,correct,DBLP,44,True,correct,Q1
545,conf/vldb/IshikawaSF98,True,4,D1HCBThHOkcJ,0.9817132303541906,0.9678694456564859,0.013843784697704642,0.6000000000000002,True,correct,DBLP,44,True,correct,Q1
546,journals/sigmod/Eisenberg96,True,4,tFbkjO2wcFMJ,0.9899983696843958,0.9836302519446626,0.006368117739733226,0.6000000000000002,True,correct,DBLP,44,True,correct,Q1
547,journals/tods/Bohm00,True,1,i5nEuutK3H4J,0.42098378935687153,0.008177619610498546,0.41280616974637296,0.6000000000000002,False,missing_match,DBLP,44,True,correct,Q3
548,journals/vldb/HalkidiNVV03,True,3,J0hrpRuvSgMJ,0.9834797780004779,0.8463740939937205,0.13710568400675738,0.6000000000000002,True,correct,DBLP,44,True,correct,Q2
549,conf/vldb/BernsteinHSSZ97,True,3,L2c8XblCSicJ,0.975645573654122,0.9448846818931083,0.03076089176101371,0.6000000000000002,True,correct,DBLP,44,True,correct,Q1
550,conf/sigmod/ChoG00,True,3,s7K6rICx3fkJ,0.9596542637622835,0.16493889865250827,0.7947153651097751,0.6000000000000002,True,correct,DBLP,44,True,correct,Q3
551,journals/sigmod/CeriKKLOSV00,True,1,nLbW09uNfmsJ,0.9792065793953514,0.002419244320061796,0.9767873350752896,0.6000000000000002,True,correct,DBLP,44,True,correct,Q4
552,conf/vldb/DiligentiCLGG00,True,1,XCP3p-Hk8bMJ,0.9838420760915214,0.004191458275671038,0.9796506178158504,0.6000000000000002,True,correct,DBLP,44,True,correct,Q4
553,conf/sigmod/BrownCL96,True,1,H4A7nUWyXtQJ,0.9816499685858713,0.00733619840399004,0.9743137701818813,0.6000000000000002,True,correct,DBLP,44,True,correct,Q4
554,conf/vldb/JarkeKL00,True,2,6c3XQZ-_HDUJ,0.9690554908648613,0.8328632060039821,0.1361922848608792,0.6000000000000002,True,correct,DBLP,44,True,correct,Q2
555,conf/vldb/TanSHCR01,True,2,hPcNG0tPwgIJ,0.9800240650154916,0.928399963929741,0.05162410108575055,0.6000000000000002,True,correct,DBLP,44,True,correct,Q1
556,conf/vldb/HageJPST03,True,3,xDDdtO9n_pwJ,0.9781649109579793,0.9650767056067223,0.013088205351256987,0.6000000000000002,True,correct,DBLP,44,True,correct,Q1
557,journals/sigmod/DrewHKKLLLSW95,True,2,9fcJjh5vHn8J,0.9858424207982359,0.8433905585160522,0.14245186228218376,0.6000000000000002,True,correct,DBLP,44,True,correct,Q2
558,conf/vldb/WhiteheadSM97,True,1,CiYPfP3-5_kJ,0.9817132036879052,0.0003900779764983343,0.9813231257114068,0.6000000000000002,True,correct,DBLP,44,True,correct,Q4
559,conf/vldb/PanRAMOHAMV02,True,1,F9Fe5NfpK6MJ,0.9868628293345214,0.002208075555299936,0.9846547537792215,0.6000000000000002,True,correct,DBLP,44,True,correct,Q4
560,conf/sigmod/PaparizosACJLNPSWWY03,True,1,HuPDChjYd44J,0.8941072911974635,0.7585657554478532,0.13554153574961025,0.6000000000000002,True,correct,DBLP,44,True,correct,Q2
561,conf/sigmod/Greer99,True,1,oNPjyBZrURgJ,0.9912053629226919,0.0876889514536468,0.903516411469045,0.6000000000000002,True,correct,DBLP,44,True,correct,Q3
562,journals/sigmod/Ouksel03,True,1,8M_z-OUkoxYJ,0.9911194774252273,0.19512614858392321,0.7959933288413041,0.6000000000000002,True,correct,DBLP,44,True,correct,Q3
563,conf/sigmod/ChawatheRGW96,True,4,ilCT5UFnHxgJ,0.9877220119297349,0.8519579591037865,0.1357640528259484,0.6000000000000002,True,correct,DBLP,44,True,correct,Q2
564,journals/tods/FegarasM00,True,1,eCQjRu0EiagJ,0.9843339969932747,0.32555979802092383,0.6587741989723509,0.6000000000000002,True,correct,DBLP,44,True,correct,Q3
565,conf/vldb/OoiYTJ01,True,2,RFEE_MNM8IUJ,0.9876617903445015,0.9425779566259569,0.04508383371854463,0.6000000000000002,True,correct,DBLP,44,True,correct,Q1
566,conf/sigmod/LehnerSPC00,True,3,UFKz6Q0wVi4J,0.9825171961548915,0.9467694968582361,0.035747699296655444,0.6000000000000002,True,correct,DBLP,44,True,correct,Q1
567,journals/sigmod/PourabbasR02,True,1,QyNfyYDySawJ,0.9911194832743164,0.0012611260473041135,0.9898583572270123,0.6000000000000002,True,correct,DBLP,44,True,correct,Q4
568,conf/vldb/ArgePRSV98,True,4,H-AQePr2evUJ,0.976841340585637,0.7994951815840579,0.17734615900157913,0.6000000000000002,True,correct,DBLP,44,True,correct,Q2
569,journals/sigmod/SantucciT96,True,1,url:http://portal.acm.org/ft_gateway.cfm%3Fid%3D245898%26type%3Dpdf%26dl%3DGUIDE%26dl%3DACM%26CFID%3D11111111%26CFTOKEN%3D2222222,0.9911194795596694,0.0005891580126448601,0.9905303215470246,0.6000000000000002,True,correct,DBLP,44,True,correct,Q4
570,journals/vldb/NgS98,True,3,url:http://www.springerlink.com/index/85D6LYCWB48DWBKW.pdf,0.9700012575156042,0.9083043545213343,0.06169690299426989,0.6000000000000002,True,correct,DBLP,44,True,correct,Q2
571,conf/sigmod/QuassW97,True,6,u6Sx6E5i4L8J,0.9609056231100573,0.9367155864541269,0.024190036655930447,0.6000000000000002,True,correct,DBLP,44,True,correct,Q1
572,journals/sigmod/SonDT96,True,1,62uEWBKYqgoJ,0.9856489374169765,0.16775126248284075,0.8178976749341357,0.6000000000000002,True,correct,DBLP,44,True,correct,Q3
573,conf/vldb/NicklasGS03,True,1,zApMW7wX5-AJ,0.9677883379864995,0.0013885093350323365,0.9663998286514672,0.6000000000000002,True,correct,DBLP,44,True,correct,Q4
574,conf/vldb/CarusoCGLM00,True,1,1Xo59nOfVKoJ,0.9772760105077561,0.00033244680742888164,0.9769435637003273,0.6000000000000002,True,correct,DBLP,44,True,correct,Q4
575,conf/vldb/WeikumMHZ02,True,2,W_b-Eo5VaOgJ,0.9694726589908055,0.24329684181440064,0.7261758171764048,0.6000000000000002,True,correct,DBLP,44,True,correct,Q3
576,conf/vldb/HaberIL95,True,1,UM1ZozyrJnIJ,0.9718518510296987,0.00018190894859831515,0.9716699420811005,0.6000000000000002,True,correct,DBLP,44,True,correct,Q4
577,conf/vldb/KerstenWFKBC03,True,1,Ub6YwssjyiYJ,0.9554133096455933,0.0013277113962103268,0.954085598249383,0.6000000000000002,True,correct,DBLP,44,True,correct,Q4
578,conf/sigmod/BhargavaGI95,True,1,TXvfEP4WTD0J,0.9855039269746249,0.0054155292621252795,0.9800883977124996,0.6000000000000002,True,correct,DBLP,44,True,correct,Q4
579,conf/sigmod/HaasH99,True,3,bsfsN1NtuOMJ,0.9753648716084127,0.9507037333053421,0.024661138303070596,0.6000000000000002,True,correct,DBLP,44,True,correct,Q1
580,conf/vldb/HoelS94,True,2,Id1cvsQURBAJ,0.9733854900715769,0.3833627043902911,0.5900227856812859,0.6000000000000002,True,correct,DBLP,44,True,correct,Q3
581,conf/sigmod/BrodskySCE99,True,3,jnBo-gBTmAcJ,0.9460790869438128,0.8543521024080388,0.09172698453577399,0.6000000000000002,True,correct,DBLP,44,True,correct,Q2
582,journals/sigmod/PapianiWDN99,True,3,HxmnEeCigX8J,0.9904147893706939,0.6377393847659648,0.3526754046047291,0.6000000000000002,True,correct,DBLP,44,True,correct,Q2
583,conf/sigmod/StoltePAG03,True,1,9WTNlminW6AJ,0.9900837389501623,0.0010412836486307826,0.9890424553015316,0.6000000000000002,True,correct,DBLP,44,True,correct,Q4
584,journals/tods/StolboushkinT98,True,1,ZnWLup8HMkUJ,0.961822170776011,0.028686116916439817,0.9331360538595711,0.6000000000000002,True,correct,DBLP,44,True,correct,Q3
585,conf/sigmod/VitterW99,True,2,P5oJUiow7lsJ,0.9578937003086281,0.13866266139567746,0.8192310389129507,0.6000000000000002,True,correct,DBLP,44,True,correct,Q3
586,journals/sigmod/Manola98,True,2,VIjfH9f94xkJ,0.991119482207096,0.7385012186417754,0.2526182635653206,0.6000000000000002,True,correct,DBLP,44,True,correct,Q2
587,conf/vldb/SkubiszewskiV97,True,1,MJAw_2C6ErAJ,0.9801833863484307,0.005453557735090852,0.9747298286133399,0.6000000000000002,True,correct,DBLP,44,True,correct,Q4
588,conf/sigmod/AnnamalaiCD00,True,1,0Igfv6jL3jwJ,0.9831944739824928,0.00298711638963458,0.9802073575928583,0.6000000000000002,True,correct,DBLP,44,True,correct,Q4
589,conf/vldb/AdiBEY00,True,3,RkjggE7xhN0J,0.9817132284254652,0.9562686943029387,0.025444534122526452,0.6000000000000002,True,correct,DBLP,44,True,correct,Q1
590,journals/tods/CeriFPT95,True,1,DoS7NkmUyYgJ,0.9167983107639313,0.8879084248728025,0.02888988589112873,0.6000000000000002,True,correct,DBLP,44,True,correct,Q1
591,conf/vldb/SakuraiYUK00,True,1,K2xCMgImpVkJ,0.9907436237229641,0.11343518195606092,0.8773084417669031,0.6000000000000002,True,correct,DBLP,44,True,correct,Q3
592,conf/sigmod/Brown99,True,1,itP4yy9sLUUJ,0.9598621428645064,0.00021197786419196923,0.9596501650003145,0.6000000000000002,True,correct,DBLP,44,True,correct,Q4
593,conf/vldb/SrivastavaDJL96,True,6,01ZVDudF4WAJ,0.9891464320089073,0.9623343000598349,0.026812131949072393,0.6000000000000002,True,correct,DBLP,44,True,correct,Q1
594,conf/sigmod/AdyaGLM95,True,4,bfcbZlt6vngJ,0.9912053639796832,0.9561534677665221,0.03505189621316107,0.6000000000000002,True,correct,DBLP,44,True,correct,Q1
595,conf/sigmod/BerchtoldK98,True,5,irJbh9rrinoJ,0.9822820066851631,0.9766505760809449,0.005631430604218224,0.6000000000000002,True,correct,DBLP,44,True,correct,Q1
596,journals/sigmod/ConradHHKRSS99,True,4,nmEhI0tiWGAJ,0.9839139221601655,0.9751022845096847,0.008811637650480764,0.6000000000000002,True,correct,DBLP,44,True,correct,Q1
597,journals/tods/Chen95,True,1,1px2xYEVMzwJ,0.984333998863055,0.0055101978286497336,0.9788238010344052,0.6000000000000002,True,correct,DBLP,44,True,correct,Q4
598,journals/vldb/MehtaGPN98,True,3,7Zf8Y2idDb0J,0.9834797691734469,0.9104843792239484,0.0729953899494985,0.6000000000000002,True,correct,DBLP,44,True,correct,Q2
599,conf/sigmod/Bussler02,True,1,url:http://portal.acm.org/ft_gateway.cfm%3Fid%3D564801%26type%3Dpdf%26dl%3DGUIDE%26dl%3DACM%26CFID%3D11111111%26CFTOKEN%3D2222222,0.6209000389315911,0.0006084201118581515,0.6202916188197329,0.6000000000000002,True,correct,DBLP,44,True,correct,Q3
600,journals/vldb/C94a,False,0,url:http://www.springerlink.com/index/W80L2810707344M1.pdf,0.044421883672551885,0.0040615963491040475,0.04036028732344784,0.6000000000000002,False,unmatched_abstention,DBLP,44,False,unmatched_abstention,Q1
601,conf/sigmod/LeeWMS01,True,3,OFXL5KsJiWcJ,0.9855004355776469,0.7392212942757875,0.24627914130185935,0.6000000000000002,True,correct,DBLP,44,True,correct,Q2
602,conf/sigmod/ForlizziGNS00,True,5,jW1JUC-AQXoJ,0.9870874001997354,0.9554371404831731,0.03165025971656232,0.6000000000000002,True,correct,DBLP,44,True,correct,Q1
603,conf/vldb/AndreiV01,True,1,Ms4IJoI6-34J,0.9501546964895615,0.0003002175668722008,0.9498544789226894,0.6000000000000002,True,correct,DBLP,44,True,correct,Q3
604,conf/sigmod/BettiniWBJ95,True,2,c57d3rgd3IcJ,0.9844896617551245,0.7810711184446033,0.20341854331052123,0.6000000000000002,True,correct,DBLP,44,True,correct,Q2
605,conf/sigmod/KiepuszewskiMO98,True,5,T3Zm8WKD_FYJ,0.981392332616373,0.9295039392098025,0.05188839340657059,0.6000000000000002,True,correct,DBLP,44,True,correct,Q1
606,conf/sigmod/SarawagiTA98,True,7,SLmQWvsYtKYJ,0.9377821821604626,0.889109964664458,0.04867221749600459,0.6000000000000002,True,correct,DBLP,44,True,correct,Q1
607,conf/vldb/LakshmananNWZJ02,True,1,qfw7Pu1wVcIJ,0.5636575656419016,0.005113280082372953,0.5585442855595286,0.6000000000000002,False,missing_match,DBLP,44,True,correct,Q3
608,conf/vldb/ChengGKLLQS99,True,3,p4Q8x9UmngkJ,0.989076372340375,0.9190660810558325,0.0700102912845425,0.6000000000000002,True,correct,DBLP,44,True,correct,Q2
609,conf/sigmod/Bampahl95,True,1,MbgdgwgZCIUJ,0.9043985272438996,0.001761814777346055,0.9026367124665535,0.6000000000000002,True,correct,DBLP,44,True,correct,Q3
610,conf/vldb/LuTD95,True,2,qX-uYKXVk7EJ,0.9787108335683576,0.8916741177002159,0.08703671586814177,0.6000000000000002,True,correct,DBLP,44,True,correct,Q2
611,conf/vldb/Spaccapietra94,True,1,ZpVzTb1a7VoJ,0.9731167709548905,0.004625668118289868,0.9684911028366006,0.6000000000000002,True,correct,DBLP,44,True,correct,Q4
612,journals/tods/YanG94,True,3,fx6kDLBa8q8J,0.8092019472230487,0.7899535915424613,0.01924835568058747,0.6000000000000002,True,correct,DBLP,44,True,correct,Q1
613,conf/vldb/Taylor00,True,1,Af_4cNCu3MwJ,0.9817132277825567,0.000866828634341525,0.9808463991482151,0.6000000000000002,True,correct,DBLP,44,True,correct,Q4
614,journals/sigmod/HasanFV96,True,3,m2CCumFeAWgJ,0.9911194795596694,0.9751313754664934,0.01598810409317597,0.6000000000000002,True,correct,DBLP,44,True,correct,Q1
615,conf/vldb/LongS03,True,1,zU4MULiFRrYJ,0.9817132284254652,0.00435041837795847,0.9773628100475067,0.6000000000000002,True,correct,DBLP,44,True,correct,Q4
616,conf/vldb/ChoenniV00,True,1,R1j3CdeOlwsJ,0.9907436040065488,0.16651375063641705,0.8242298533701318,0.6000000000000002,True,correct,DBLP,44,True,correct,Q3
617,conf/sigmod/MogiK96,True,3,hxWB8uQMCdgJ,0.9834112737773352,0.9012026607719673,0.08220861300536786,0.6000000000000002,True,correct,DBLP,44,True,correct,Q2
618,conf/sigmod/Han96,True,2,DlQd7WIkVF0J,0.9794668318154071,0.5743878444452974,0.4050789873701096,0.6000000000000002,True,correct,DBLP,44,True,correct,Q3
619,journals/sigmod/SchmidtWKFCMB01,True,3,fc8y9x82jqAJ,0.9884645013259024,0.9774560751866546,0.011008426139247796,0.6000000000000002,True,correct,DBLP,44,True,correct,Q1
620,conf/sigmod/ZhangRL96,True,17,hk9P76dJfcAJ,0.991205379042231,0.9643844886477153,0.02682089039451574,0.6000000000000002,True,correct,DBLP,44,True,correct,Q1
621,conf/sigmod/AgichteinGV01,True,2,GDoFPiEzEhQJ,0.989362811260387,0.19193227052553025,0.7974305407348568,0.6000000000000002,True,correct,DBLP,44,True,correct,Q3
622,journals/vldb/ZezulaSAR98,True,1,DM9hrpKpqmMJ,0.9834797952770502,0.012224102358884863,0.9712556929181654,0.6000000000000002,True,correct,DBLP,44,True,correct,Q4
623,journals/vldb/BalkirO98,True,1,pSf0S8boiZ0J,0.977755535274033,0.0034042330470567396,0.9743513022269763,0.6000000000000002,True,correct,DBLP,44,True,correct,Q4
624,conf/sigmod/AcharyaFZ97,True,7,9OEjtHuRUzsJ,0.9912053639796832,0.9629908551415435,0.028214508838139696,0.6000000000000002,True,correct,DBLP,44,True,correct,Q1
625,conf/vldb/KornSFSP96,True,8,QjbxSG6_-WIJ,0.9866656370678023,0.8901279684300821,0.09653766863772018,0.6000000000000002,True,correct,DBLP,44,True,correct,Q2
626,conf/sigmod/McIverK94,True,1,LMV_K5t2am0J,0.9532627468680201,0.00027764732079590634,0.9529850995472242,0.6000000000000002,True,correct,DBLP,44,True,correct,Q4
627,conf/vldb/PapadimitriouBF03,True,1,pAvCmcv_-lMJ,0.981713199582409,0.6096693792273291,0.3720438203550799,0.6000000000000002,True,correct,DBLP,44,True,correct,Q2
628,journals/vldb/Halevy01,True,3,NoN45RU6c9kJ,0.9674037509182867,0.43581605572905846,0.5315876951892282,0.6000000000000002,True,correct,DBLP,44,True,correct,Q3
629,conf/sigmod/BabyCY01,True,1,rNoNn5hWsroJ,0.9407400303164136,0.006942187589046404,0.9337978427273672,0.6000000000000002,True,correct,DBLP,44,True,correct,Q3
630,journals/sigmod/NestorovAM97,True,1,NVS_rDpScp0J,0.9897133802300111,0.02836640730698214,0.961346972923029,0.6000000000000002,True,correct,DBLP,44,True,correct,Q4
631,conf/vldb/PottingerB03,True,3,Q6pHDaV3sG4J,0.9653891300553838,0.9337668768987993,0.03162225315658451,0.6000000000000002,True,correct,DBLP,44,True,correct,Q1
632,journals/sigmod/GottlobKP03,True,1,rDRdlwdHGb0J,0.9911194963481967,0.0981608465435594,0.8929586498046373,0.6000000000000002,True,correct,DBLP,44,True,correct,Q3
633,conf/vldb/Faloutsos02,False,0,XFb0sU7DvK0J,0.001011231480759438,0.0009559802388228308,5.525124193660712e-05,0.6000000000000002,False,unmatched_abstention,DBLP,44,False,unmatched_abstention,Q1
634,journals/sigmod/KlasS94,True,3,bViLh5-jVsAJ,0.9627915594210993,0.7842049878337645,0.17858657158733482,0.6000000000000002,True,correct,DBLP,44,True,correct,Q2
635,journals/sigmod/BollKB98,True,1,IBg3vuolFUwJ,0.9911194726433563,0.002169468896529547,0.9889500037468267,0.6000000000000002,True,correct,DBLP,44,True,correct,Q4
636,journals/vldb/LometS97,True,4,qjLiaKLJ6eQJ,0.9834797580916549,0.9600623483518189,0.02341740973983597,0.6000000000000002,True,correct,DBLP,44,True,correct,Q1
637,conf/sigmod/LiVCAHMWBCHIKSS99,True,3,P25_yh3lBhoJ,0.9355741423471756,0.7975218162215552,0.13805232612562046,0.6000000000000002,True,correct,DBLP,44,True,correct,Q2
638,journals/sigmod/YauLMS99,True,2,vWwVQvcIrbEJ,0.7822721406485688,0.6639176963012949,0.11835444434727382,0.6000000000000002,True,correct,DBLP,44,True,correct,Q2
639,journals/sigmod/Hammer02a,True,1,url:http://portal.acm.org/ft_gateway.cfm%3Fid%3D601859%26type%3Dpdf%26dl%3DGUIDE%26dl%3DACM%26CFID%3D11111111%26CFTOKEN%3D2222222,0.5436741466297687,0.01206113165205479,0.5316130149777138,0.6000000000000002,False,missing_match,DBLP,44,True,correct,Q3
640,conf/sigmod/SengarH03,True,1,7Mtanhr8EKoJ,0.9774037106959702,0.08179853866697032,0.8956051720289999,0.6000000000000002,True,correct,DBLP,44,True,correct,Q3
641,conf/sigmod/LiuPTBBZBHY98,True,3,ezlAkB7ijDUJ,0.9892570460682955,0.6296587028707477,0.3595983431975478,0.6000000000000002,True,correct,DBLP,44,True,correct,Q2
642,conf/sigmod/AchyutuniON96,True,1,eRSkDzxP1JcJ,0.9878483108596913,0.0012961392990439766,0.9865521715606473,0.6000000000000002,True,correct,DBLP,44,True,correct,Q4
643,conf/vldb/BonczMK99,True,4,xWYu2JWiF_kJ,0.9542272911517283,0.9519038345575361,0.002323456594192197,0.6000000000000002,True,correct,DBLP,44,True,correct,Q1
644,conf/vldb/FlorescuLSY99,True,1,aUElZKC-txIJ,0.9817132375359292,0.8177583548543601,0.1639548826815691,0.6000000000000002,True,correct,DBLP,44,True,correct,Q2
645,journals/tods/SalemGS94,True,1,7IBL1cudvR0J,0.9843339969932747,0.09704047270715878,0.887293524286116,0.6000000000000002,True,correct,DBLP,44,True,correct,Q3
646,conf/sigmod/DohertyHR96,True,1,v3IA8Go4UjIJ,0.9912053627699228,0.002064311525521517,0.9891410512444012,0.6000000000000002,True,correct,DBLP,44,True,correct,Q4
647,journals/sigmod/EisenbergM99a,True,2,e3s4OFTeBqwJ,0.9834046227632344,0.6512902430296045,0.3321143797336299,0.6000000000000002,True,correct,DBLP,44,True,correct,Q2
648,journals/sigmod/Wong95,True,1,7F9iCGggYVgJ,0.9911194784924485,0.0001161286905601143,0.9910033498018884,0.6000000000000002,True,correct,DBLP,44,True,correct,Q4
649,journals/sigmod/Darwen96,True,1,url:http://portal.acm.org/citation.cfm%3Fid%3D245882.245886%26dl%3DGUIDE%26dl%3DACM%26idx%3DJ689%26part%3Dperiodical%26WantType%3Dperiodical%26title%3DACM%2520SIGMOD%2520Record%26CFID%3D11111111%26CFTOKEN%3D2222222,0.9899983696843958,0.43713780143055936,0.5528605682538364,0.6000000000000002,True,correct,DBLP,44,True,correct,Q3
650,journals/vldb/Han98,True,1,url:http://www.springerlink.com/index/YTPAB711B92NCE7J.pdf,0.9667669798995296,0.002847819366392833,0.9639191605331369,0.6000000000000002,True,correct,DBLP,44,True,correct,Q4
651,conf/sigmod/LiC95,True,1,yJPi5nBJmVYJ,0.9822485195442772,0.06213710857840896,0.9201114109658682,0.6000000000000002,True,correct,DBLP,44,True,correct,Q3
652,conf/vldb/SchieferKBLF98,True,1,1LATgSt5o_EJ,0.9839142531295584,0.00443288978006408,0.9794813633494943,0.6000000000000002,True,correct,DBLP,44,True,correct,Q4
653,conf/sigmod/Martin94,True,1,ogow-Rtc3fEJ,0.965210186028227,0.029499547360191496,0.9357106386680355,0.6000000000000002,True,correct,DBLP,44,True,correct,Q3
654,conf/vldb/PoulovassilisS94,True,1,0BMQ7HirTaUJ,0.9319637543401016,0.8746825744433266,0.05728117989677495,0.6000000000000002,True,correct,DBLP,44,True,correct,Q1
655,journals/tods/MuralidharS99,True,1,dKvepAPYBmcJ,0.984334020664135,0.032906498234524836,0.9514275224296102,0.6000000000000002,True,correct,DBLP,44,True,correct,Q3
656,conf/vldb/Jermaine03,True,1,393ZqH9szo0J,0.9817132093357962,0.14951306918480917,0.8322001401509871,0.6000000000000002,True,correct,DBLP,44,True,correct,Q3
657,conf/vldb/PalpanasSCP02,True,1,nlh2WXZT3VIJ,0.9907436198525663,0.005945549256233131,0.9847980705963332,0.6000000000000002,True,correct,DBLP,44,True,correct,Q4
658,journals/sigmod/DadamK97,True,1,9Ai_9dZChG4J,0.9911194784924485,0.0133671663757971,0.9777523121166515,0.6000000000000002,True,correct,DBLP,44,True,correct,Q4
659,conf/sigmod/Aggarwal02,True,1,tK1_3wGUIHsJ,0.9696282855667105,0.033644582655813195,0.9359837029108974,0.6000000000000002,True,correct,DBLP,44,True,correct,Q3
660,conf/vldb/Team00,False,0,7lPu8hBgKksJ,0.0005372312284621155,0.00037741210300682403,0.0001598191254552915,0.6000000000000002,False,unmatched_abstention,DBLP,44,False,unmatched_abstention,Q1
661,journals/sigmod/CampbellEM03,True,2,N9u28V6NZTIJ,0.9716969501538815,0.7439778339421145,0.227719116211767,0.6000000000000002,True,correct,DBLP,44,True,correct,Q2
662,conf/sigmod/Keim96,True,2,AF9vuEJOr6cJ,0.9841807886073338,0.8281504068197046,0.15603038178762918,0.6000000000000002,True,correct,DBLP,44,True,correct,Q2
663,journals/sigmod/MukhopadhyayGS03,True,1,url:http://portal.acm.org/ft_gateway.cfm%3Fid%3D776989%26type%3Dpdf%26dl%3DGUIDE%26dl%3DACM%26CFID%3D11111111%26CFTOKEN%3D2222222,0.9887171629818069,0.0014184788895736052,0.9872986840922333,0.6000000000000002,True,correct,DBLP,44,True,correct,Q4
664,conf/vldb/Mattos03,True,2,HeE1NxaX5t8J,0.9657879147477302,0.6664631785881869,0.29932473615954325,0.6000000000000002,True,correct,DBLP,44,True,correct,Q2
665,journals/sigmod/Stonebraker02,True,1,0HMk-YUh4i8J,0.9911194832743164,0.007591891295256493,0.9835275919790599,0.6000000000000002,True,correct,DBLP,44,True,correct,Q4
666,conf/sigmod/BreitbartKRSS99,True,1,XV2lpkhWCsYJ,0.9494605235280097,0.018030805281322764,0.931429718246687,0.6000000000000002,True,correct,DBLP,44,True,correct,Q3
667,journals/sigmod/Alonso94,False,0,8Ge2xzsWVhAJ,0.00523766387833921,0.004174722697174951,0.0010629411811642593,0.6000000000000002,False,unmatched_abstention,DBLP,44,False,unmatched_abstention,Q1
668,journals/sigmod/ACT-NET96,True,3,FTDeavdkHpsJ,0.21966503103565146,0.20279916780504115,0.016865863230610317,0.6000000000000002,False,missing_match,DBLP,44,True,correct,Q1
669,journals/vldb/GrefenVA01,True,1,fohOTTsEtIwJ,0.9799665528266106,0.09049447201673635,0.8894720808098743,0.6000000000000002,True,correct,DBLP,44,True,correct,Q3
670,conf/vldb/YanA94,True,3,8j5i7YJQnNAJ,0.9892268984822518,0.9471724769617529,0.042054421520498875,0.6000000000000002,True,correct,DBLP,44,True,correct,Q1
671,conf/vldb/LeeWMS02,True,1,c-MP8R47zVIJ,0.9877504430590142,0.0005194461242813845,0.9872309969347328,0.6000000000000002,True,correct,DBLP,44,True,correct,Q4
672,journals/tods/Galindo-LegariaR97,True,3,Vjga5yC23KIJ,0.9843340236383913,0.8572637083408294,0.12707031529756185,0.6000000000000002,True,correct,DBLP,44,True,correct,Q2
673,conf/sigmod/AdelbergGW97,True,2,zZo47Z-jVX4J,0.9912053616116662,0.9457041052794706,0.045501256332195594,0.6000000000000002,True,correct,DBLP,44,True,correct,Q1
674,conf/vldb/McKennaBHT96,True,1,0tZaTV3W05wJ,0.9803300053145739,0.007580376269394527,0.9727496290451794,0.6000000000000002,True,correct,DBLP,44,True,correct,Q4
675,journals/sigmod/RoantreeS02,True,2,xfrOR_G4_UoJ,0.9860781918409586,0.9312414736615363,0.05483671817942226,0.6000000000000002,True,correct,DBLP,44,True,correct,Q1
676,journals/sigmod/LabrinidisR00,True,2,Wcbvsi-QDtcJ,0.9736057617496348,0.6520862233193496,0.32151953843028513,0.6000000000000002,True,correct,DBLP,44,True,correct,Q2
677,journals/sigmod/RafanelliBT96,True,1,MfWZUBAVPFUJ,0.9911194771687345,0.01010472149240187,0.9810147556763327,0.6000000000000002,True,correct,DBLP,44,True,correct,Q4
678,conf/sigmod/AdaliBSS98,True,3,YQ90BYSVqbsJ,0.9358278418222553,0.9197297831686417,0.01609805865361358,0.6000000000000002,True,correct,DBLP,44,True,correct,Q1
679,journals/sigmod/LohmanGFS01,False,0,DPf__9SuvxoJ,0.012623387421108549,0.002350340991973066,0.010273046429135483,0.6000000000000002,False,unmatched_abstention,DBLP,44,False,unmatched_abstention,Q1
680,conf/vldb/ChakrabartiSST00,True,1,eMCZN8ZXNJIJ,0.9752173280497348,0.0002399976477378369,0.974977330401997,0.6000000000000002,True,correct,DBLP,44,True,correct,Q4
681,conf/vldb/RamakrishnanR96,True,1,3y1e-H-FdC0J,0.9698824126763848,0.00559698214501464,0.9642854305313701,0.6000000000000002,True,correct,DBLP,44,True,correct,Q4
682,conf/vldb/HvasshovdTBH95,True,6,LVitsyrkl9AJ,0.9079767896567821,0.8585997369384981,0.049377052718283965,0.6000000000000002,True,correct,DBLP,44,True,correct,Q1
683,journals/sigmod/Roussopoulos98,True,2,GfjHZswtM0EJ,0.9911195011300553,0.5854038882973958,0.40571561283265956,0.6000000000000002,True,correct,DBLP,44,True,correct,Q3
684,conf/sigmod/GorelikWD94,True,3,1QvhrpZ7KBgJ,0.9622987734850363,0.8396813129186993,0.12261746056633704,0.6000000000000002,True,correct,DBLP,44,True,correct,Q2
685,conf/vldb/KeimH99,True,1,28GZ8M1ZPVYJ,0.9889499890513157,0.004974898722789433,0.9839750903285263,0.6000000000000002,True,correct,DBLP,44,True,correct,Q4
686,journals/sigmod/WeikumSR03,False,0,url:http://portal.acm.org/ft_gateway.cfm%3Fid%3D1083797%26type%3Dpdf,0.003714235099417846,0.001892217001570289,0.0018220180978475572,0.6000000000000002,False,unmatched_abstention,DBLP,44,False,unmatched_abstention,Q1
687,conf/vldb/BrinkhoffK94,True,2,egvBPvtoaMMJ,0.9724141382745443,0.7224495498261664,0.24996458844837788,0.6000000000000002,True,correct,DBLP,44,True,correct,Q2
688,conf/vldb/Galindo-LegariaPK94,True,3,47fE4F2kahEJ,0.9899114139878953,0.8812307438692143,0.10868067011868099,0.6000000000000002,True,correct,DBLP,44,True,correct,Q2
689,conf/sigmod/HanKS97,True,4,nD_Yjp9TNuIJ,0.9912053616116662,0.9329426211509112,0.05826274046075497,0.6000000000000002,True,correct,DBLP,44,True,correct,Q2
690,journals/sigmod/Cetintemel01,True,1,CAKcsKXFoCoJ,0.9911194974154156,0.0017008342928017909,0.9894186631226138,0.6000000000000002,True,correct,DBLP,44,True,correct,Q4
691,conf/sigmod/JonssonFS98,True,2,5fb1l1MyGisJ,0.987453371236136,0.8431302815745079,0.1443230896616281,0.6000000000000002,True,correct,DBLP,44,True,correct,Q2
692,conf/sigmod/Meseck01,True,1,hWiIngXs5I0J,0.9811349064817172,0.0003061975495354213,0.9808287089321818,0.6000000000000002,True,correct,DBLP,44,True,correct,Q4
693,conf/sigmod/KoudasS97,True,3,0u8r8MJWgKAJ,0.9801298795324251,0.8541262337434634,0.12600364578896173,0.6000000000000002,True,correct,DBLP,44,True,correct,Q2
694,conf/vldb/KiesslingK02,True,4,OuVZjeR64pMJ,0.9773756298271452,0.8261600248555663,0.15121560497157893,0.6000000000000002,True,correct,DBLP,44,True,correct,Q2
695,journals/sigmod/Hammer00,True,1,url:http://portal.acm.org/ft_gateway.cfm%3Fid%3D601859%26type%3Dpdf%26dl%3DGUIDE%26dl%3DACM%26CFID%3D11111111%26CFTOKEN%3D2222222,0.6211048956863829,0.011484542990495134,0.6096203526958878,0.6000000000000002,True,correct,DBLP,44,True,correct,Q3
696,conf/vldb/JagadishLRSS94,True,2,Yiwh22hbTAcJ,0.9551944005323357,0.22667563294407747,0.7285187675882583,0.6000000000000002,True,correct,DBLP,44,True,correct,Q3
697,conf/vldb/BaulierBKS98,True,1,dNK16sHm9eUJ,0.9810875041349831,0.0028097280102246983,0.9782777761247584,0.6000000000000002,True,correct,DBLP,44,True,correct,Q4
698,conf/sigmod/LiBKN03,True,1,micx2kyGfKIJ,0.9901144290181922,0.0033694533023697995,0.9867449757158224,0.6000000000000002,True,correct,DBLP,44,True,correct,Q4
699,conf/sigmod/ChenJDTW00,True,7,fg5EE6R7xYwJ,0.9887745150447067,0.9346797391201065,0.054094775924600214,0.6000000000000002,True,correct,DBLP,44,True,correct,Q1
700,conf/vldb/OuzzaniAB94,True,3,CgoUJ7DogcwJ,0.9729051910746349,0.9422525189431865,0.0306526721314484,0.6000000000000002,True,correct,DBLP,44,True,correct,Q1
701,journals/sigmod/Camps02,True,1,JclQFC-1s18J,0.6570965664253144,0.00038565320795692313,0.6567109132173575,0.6000000000000002,True,correct,DBLP,44,True,correct,Q3
702,conf/sigmod/CluetDSS98,True,7,lOZF0Ee3rUQJ,0.8835908928958417,0.8149119069724468,0.06867898592339494,0.6000000000000002,True,correct,DBLP,44,True,correct,Q2
703,conf/sigmod/CasatiS01,True,2,7H9j9z0x_3UJ,0.5051286779011233,0.24148831234592075,0.26364036555520254,0.6000000000000002,False,missing_match,DBLP,44,True,correct,Q2
704,conf/vldb/GalhardasFSSS01,True,6,nlOAkKW_ry8J,0.9889402355643935,0.9553492682636253,0.03359096730076816,0.6000000000000002,True,correct,DBLP,44,True,correct,Q1
705,conf/sigmod/YuMWL01,True,2,h95306-8rjEJ,0.9906357022053771,0.1285376088007546,0.8620980934046225,0.6000000000000002,True,correct,DBLP,44,True,correct,Q3
706,journals/tods/StoreyCDGS97,True,1,NL_8pNIYC-0J,0.9656509908881353,0.00043411582622938005,0.9652168750619059,0.6000000000000002,True,correct,DBLP,44,True,correct,Q4
707,conf/sigmod/ChandrasekaranCDFHHKMRS03,True,3,MNuT46WJZaQJ,0.8778495312392528,0.33377102932487857,0.5440785019143742,0.6000000000000002,True,correct,DBLP,44,True,correct,Q3
708,conf/vldb/JagatheesanMPW03,True,1,InqySB8bkKkJ,0.5380370529856222,0.3234509136086238,0.21458613937699839,0.6000000000000002,False,missing_match,DBLP,44,True,correct,Q2
709,journals/sigmod/TsotrasK96,True,3,9HEdn3A13BQJ,0.7472712146966004,0.4469102569572324,0.300360957739368,0.6000000000000002,True,correct,DBLP,44,True,correct,Q2
710,journals/sigmod/Yang94,True,1,sHJ914nPZtUJ,0.9911194774252273,0.0009297493997467286,0.9901897280254806,0.6000000000000002,True,correct,DBLP,44,True,correct,Q4
711,journals/sigmod/Bernstein98,True,3,AYEI8XDoY9wJ,0.9842374936621502,0.6891709451957715,0.2950665484663787,0.6000000000000002,True,correct,DBLP,44,True,correct,Q2
712,conf/vldb/IoannidisLGP96,True,4,U04OC6OSBT0J,0.9812827813174094,0.9463669690690787,0.034915812248330735,0.6000000000000002,True,correct,DBLP,44,True,correct,Q1
713,conf/vldb/BrownG01,True,1,aJoPVuDNDSsJ,0.9351623268842351,0.004920848167742872,0.9302414787164922,0.6000000000000002,True,correct,DBLP,44,True,correct,Q3
714,conf/sigmod/Aggarwal03,True,1,qbubaA6mQawJ,0.44855881557625904,0.040490558346996684,0.4080682572292624,0.6000000000000002,False,missing_match,DBLP,44,True,correct,Q3
715,conf/sigmod/ChangBCLLS00,True,2,bqtRaOoJ87AJ,0.9872029266231933,0.963146717448229,0.024056209174964316,0.6000000000000002,True,correct,DBLP,44,True,correct,Q1
716,conf/vldb/CarneyCZRCS03,True,2,JubkWSUFbbcJ,0.9848622738242924,0.8464420768178543,0.13842019700643804,0.6000000000000002,True,correct,DBLP,44,True,correct,Q2
717,conf/vldb/SarawagiS96,True,2,GzBmx-QUxFYJ,0.9817132039359452,0.8962108699557128,0.08550233398023244,0.6000000000000002,True,correct,DBLP,44,True,correct,Q2
718,journals/sigmod/Kim94,True,1,930Uth7EArkJ,0.8828205464966816,0.0003768184851516612,0.8824437280115299,0.6000000000000002,True,correct,DBLP,44,True,correct,Q3
719,journals/tods/BertinoBFS98,True,2,5Zpm_QmAfv4J,0.984333995888794,0.883049086983437,0.10128490890535702,0.6000000000000002,True,correct,DBLP,44,True,correct,Q2
720,journals/vldb/RamakrishnanSSS94,True,3,rgA2DgNVPBUJ,0.9809958838116881,0.14710566920834453,0.8338902146033436,0.6000000000000002,True,correct,DBLP,44,True,correct,Q3
721,conf/sigmod/GoldsteinL01,True,2,xufwWHmOf6IJ,0.9896116560211871,0.8169397902366526,0.17267186578453442,0.6000000000000002,True,correct,DBLP,44,True,correct,Q2
722,conf/sigmod/GoelI96,True,2,hD6w1eBfjWcJ,0.9912053650366743,0.9553806445717998,0.035824720464874504,0.6000000000000002,True,correct,DBLP,44,True,correct,Q1
723,conf/vldb/HaasKU99,True,1,jteJcGoGxnMJ,0.9277967068826353,0.3254075658912407,0.6023891409913946,0.6000000000000002,True,correct,DBLP,44,True,correct,Q3
724,conf/sigmod/BerchtoldBK98,True,8,4Uf5sjXgwhoJ,0.9644798246675688,0.6806312552783952,0.2838485693891736,0.6000000000000002,True,correct,DBLP,44,True,correct,Q2
725,journals/tods/CliffordDIJS97,True,7,1XXrXRdYiFQJ,0.948915558738202,0.820534908813296,0.12838064992490594,0.6000000000000002,True,correct,DBLP,44,True,correct,Q2
726,conf/vldb/Huyn97,True,2,9OYLimeDdj0J,0.9907436248349316,0.8896488549368294,0.10109476989810218,0.6000000000000002,True,correct,DBLP,44,True,correct,Q2
727,conf/sigmod/Chamberlin03,True,2,PYiczYqMYLEJ,0.6159885417151495,0.5224032144899111,0.09358532722523838,0.6000000000000002,True,false_link,DBLP,44,True,correct,Q2
728,conf/vldb/YuV00,True,2,43N2r_SuYccJ,0.9907436040065488,0.5167950676877835,0.4739485363187653,0.6000000000000002,True,correct,DBLP,44,True,correct,Q3
729,conf/vldb/AgrawalSX01,True,2,bpWvAVOZLbwJ,0.9907436198525663,0.8184252251102316,0.17231839474233468,0.6000000000000002,True,correct,DBLP,44,True,correct,Q2
730,journals/sigmod/Aberer02a,True,1,url:http://portal.acm.org/ft_gateway.cfm%3Fid%3D604274%26type%3Dpdf%26dl%3DGUIDE%26dl%3DACM%26CFID%3D11111111%26CFTOKEN%3D2222222,0.9885831020764474,0.8052333721328516,0.18334972994359577,0.6000000000000002,True,false_link,DBLP,44,False,missing_match,Q2
731,journals/sigmod/ChrysanthisSZ03,False,0,url:http://portal.acm.org/ft_gateway.cfm%3Fid%3D1058166%26type%3Dpdf,0.000801617096053326,0.0003976770636744055,0.0004039400323789205,0.6000000000000002,False,unmatched_abstention,DBLP,44,False,unmatched_abstention,Q1
732,conf/vldb/GionisIM99,True,4,A8rGBQif7MIJ,0.9907436083320813,0.9650292904393165,0.025714317892764793,0.6000000000000002,True,correct,DBLP,44,True,correct,Q1
733,conf/sigmod/BeyerR99,True,1,6Cdfxiuibd0J,0.9912053769282521,0.07745879009113614,0.913746586837116,0.6000000000000002,True,correct,DBLP,44,True,correct,Q3
734,conf/sigmod/Galindo-Legaria94,True,1,iEs59H5EFHwJ,0.9346574858665008,0.009873377008469913,0.9247841088580309,0.6000000000000002,True,correct,DBLP,44,True,correct,Q3
735,journals/sigmod/JajodiaBBKMSW97,True,1,url:http://portal.acm.org/citation.cfm%3Fid%3D271095,0.9802226591807303,0.012797776708306199,0.9674248824724241,0.6000000000000002,True,correct,DBLP,44,True,correct,Q4
736,journals/tods/GraefeC95,True,1,Bn8s7u5T9SAJ,0.9818950722287338,0.0071031275164744065,0.9747919447122594,0.6000000000000002,True,correct,DBLP,44,True,correct,Q4
737,conf/vldb/CiliaHB02,True,1,_aEC8CgKod0J,0.9719073044442539,0.0013775566453637107,0.9705297477988901,0.6000000000000002,True,correct,DBLP,44,True,correct,Q4
738,journals/tods/Suciu02,True,1,Y7kHpHu3nP0J,0.9843339977585742,0.022956059587541742,0.9613779381710325,0.6000000000000002,True,correct,DBLP,44,True,correct,Q4
739,journals/sigmod/MarchiLPT03,True,2,9dgFU6XaLrwJ,0.9898874549351576,0.655217194015331,0.33467026091982666,0.6000000000000002,True,correct,DBLP,44,True,correct,Q2
740,conf/sigmod/DeolaseeKPRS01,True,2,5OTQGZ1gb18J,0.9687132424897456,0.8051881795935762,0.1635250628961693,0.6000000000000002,True,correct,DBLP,44,True,correct,Q2
741,conf/vldb/HoskingC99,True,1,8Pt19BiLeHEJ,0.9817131989394994,0.12239653323977265,0.8593166656997268,0.6000000000000002,True,correct,DBLP,44,True,correct,Q3
742,conf/vldb/AlsabtiRS97,True,2,nqOZsUydoQkJ,0.9907436044616771,0.5943064790945537,0.3964371253671234,0.6000000000000002,True,correct,DBLP,44,True,correct,Q3
743,conf/vldb/Jacobs97,True,1,U-98tPsJi6EJ,0.9716765725598191,0.0018257668868647122,0.9698508056729543,0.6000000000000002,True,correct,DBLP,44,True,correct,Q4
744,conf/vldb/AbiteboulMRVW98,True,4,CDQHFdIK_cwJ,0.9848790183968887,0.9102913654706917,0.07458765292619707,0.6000000000000002,True,correct,DBLP,44,True,correct,Q2
745,conf/sigmod/GuhaRS98,True,17,wiE9QG5qC2wJ,0.9673825313559136,0.9646632854067718,0.0027192459491417464,0.6000000000000002,True,correct,DBLP,44,True,correct,Q1
746,conf/sigmod/Zeller03,False,0,amSBALWOE6cJ,0.0226526850612535,0.00459189612700616,0.01806078893424734,0.6000000000000002,False,unmatched_abstention,DBLP,44,False,unmatched_abstention,Q1
747,conf/sigmod/MohanN94,True,1,_2hj6snS3foJ,0.9794668763602011,0.028953396508944303,0.9505134798512568,0.6000000000000002,True,correct,DBLP,44,True,correct,Q3
748,conf/vldb/ViglasNB03,True,1,GGX9LS25OhwJ,0.9809116711400679,0.07936850072063087,0.9015431704194371,0.6000000000000002,True,correct,DBLP,44,True,correct,Q3
749,conf/sigmod/HacigumusILM02,True,2,NMgExE-JRD0J,0.9824031965886161,0.3786650086945805,0.6037381878940355,0.6000000000000002,True,correct,DBLP,44,True,correct,Q3
750,conf/vldb/ManegoldBK02,True,1,KB9ZbekVNzoJ,0.9880400134899624,0.0018498009939630303,0.9861902124959994,0.6000000000000002,True,correct,DBLP,44,True,correct,Q4
751,journals/vldb/HaasCLS97,True,2,AypWukSuKVoJ,0.9817336225320331,0.8565692794204317,0.1251643431116014,0.6000000000000002,True,correct,DBLP,44,True,correct,Q2
752,conf/sigmod/LeflerSW96,True,1,4b12cZc8QK4J,0.9855921851802769,0.0005084498400245275,0.9850837353402524,0.6000000000000002,True,correct,DBLP,44,True,correct,Q4
753,conf/vldb/Shmueli01,True,2,rEwEqoAns-gJ,0.9817132017591773,0.49267174180632983,0.4890414599528475,0.6000000000000002,True,correct,DBLP,44,True,correct,Q3
754,conf/vldb/YanL95,True,6,VwsS71_KQX8J,0.9876022926551401,0.9505686627412676,0.03703362991387249,0.6000000000000002,True,correct,DBLP,44,True,correct,Q1
755,journals/sigmod/Winslett02b,False,0,url:http://portal.acm.org/ft_gateway.cfm%3Fid%3D601871%26type%3Dpdf%26dl%3DGUIDE%26dl%3DACM%26CFID%3D11111111%26CFTOKEN%3D2222222,0.19314384076079574,0.026187656522652526,0.1669561842381432,0.6000000000000002,False,unmatched_abstention,DBLP,44,True,false_link,Q2
756,conf/vldb/CormodeDIM02,True,2,LU7BfMnARgYJ,0.9628176976225289,0.8838331333054723,0.07898456431705658,0.6000000000000002,True,correct,DBLP,44,True,correct,Q2
757,conf/vldb/Levy96,True,2,lDTPyBMtHVwJ,0.950926132340123,0.9246324507279732,0.026293681612149844,0.6000000000000002,True,correct,DBLP,44,True,correct,Q1
758,conf/vldb/RothOH99,True,2,c-Kalb26vykJ,0.9664849295619392,0.7556214317345841,0.21086349782735514,0.6000000000000002,True,correct,DBLP,44,True,correct,Q2
759,conf/vldb/HaasNSS95,True,2,x70Y3qaTL40J,0.9895573147572887,0.23187455206214821,0.7576827626951405,0.6000000000000002,True,correct,DBLP,44,True,correct,Q3
760,conf/vldb/CatozziR01,True,2,x_mqIy3GCmAJ,0.9817132331738633,0.38298376884673097,0.5987294643271324,0.6000000000000002,True,correct,DBLP,44,True,correct,Q3
761,journals/sigmod/BunemanLSTW94,True,4,lkreWUl_euYJ,0.991119482207096,0.9443650625356961,0.04675441967139993,0.6000000000000002,True,correct,DBLP,44,True,correct,Q1
762,journals/sigmod/Neven02,True,1,xAXF0HSF4h8J,0.991119492633555,0.0034563629281714786,0.9876631297053835,0.6000000000000002,True,correct,DBLP,44,True,correct,Q4
763,journals/sigmod/Liu03c,False,0,url:http://doi.wiley.com/10.1002/tl.7700,0.45899635577290804,0.45651615905191345,0.0024801967209945874,0.6000000000000002,False,unmatched_abstention,DBLP,44,False,unmatched_abstention,Q1
764,conf/vldb/SevcikK96,True,1,GiHrMj3vbSAJ,0.9757083842505877,0.0007753559531296245,0.9749330282974581,0.6000000000000002,True,correct,DBLP,44,True,correct,Q4
765,conf/sigmod/KeimK95,True,2,34xG3yx9iiwJ,0.841229286195474,0.8063563206376075,0.03487296555786645,0.6000000000000002,True,correct,DBLP,44,True,correct,Q1
766,conf/vldb/TanGO99,True,1,CcTZvs8xd2sJ,0.9726513990169048,0.015050348975132197,0.9576010500417725,0.6000000000000002,True,correct,DBLP,44,True,correct,Q4
767,conf/vldb/XieH94,True,3,7P8_zVPEW64J,0.9907436008585191,0.9637174354310687,0.0270261654274504,0.6000000000000002,True,correct,DBLP,44,True,correct,Q1
768,journals/sigmod/MaximilienS02,True,3,hgjhR8PwNVwJ,0.9845579325448661,0.9115295555841444,0.07302837696072173,0.6000000000000002,True,correct,DBLP,44,True,correct,Q2
769,journals/sigmod/CfP99,False,0,xKi8Vm3o9KsJ,0.002899846213841993,0.001852121325475761,0.001047724888366232,0.6000000000000002,False,unmatched_abstention,DBLP,44,False,unmatched_abstention,Q1
770,journals/sigmod/Franklin00b,False,0,ntqMqfgRXM4J,0.5365995717095362,0.4876672349692467,0.04893233674028952,0.6000000000000002,False,unmatched_abstention,DBLP,44,False,unmatched_abstention,Q1
771,journals/vldb/AbiteboulB95,True,3,Pkocuf5hMjYJ,0.9834797711434704,0.9376085215087325,0.045871249634737876,0.6000000000000002,True,correct,DBLP,44,True,correct,Q1
772,journals/tods/BaralisCP96,True,2,6Njy0-27w5cJ,0.9843340255081681,0.9358503900779914,0.04848363543017664,0.6000000000000002,True,correct,DBLP,44,True,correct,Q1
773,conf/sigmod/SimmenSM96,True,1,XVP8s4K0Bg4J,0.9875697077550171,0.0007049864118741265,0.986864721343143,0.6000000000000002,True,correct,DBLP,44,True,correct,Q4
774,journals/vldb/KashyapS96,True,5,yWyvTMAVVzwJ,0.9834797691734469,0.9749494806115382,0.008530288561908739,0.6000000000000002,True,correct,DBLP,44,True,correct,Q1
775,journals/vldb/C94,False,0,iNI08PX7jd4J,0.26003762839600025,0.24495578937015342,0.015081839025846838,0.6000000000000002,False,unmatched_abstention,DBLP,44,False,unmatched_abstention,Q1
776,conf/sigmod/BressanGFJHKLMPQSS97,True,4,url:http://www.csa.com/partners/viewrecord.php%3Frequester%3Dgs%26collection%3DTRD%26recid%3D0294191CI,0.9301912735682514,0.8527676006463533,0.07742367292189811,0.6000000000000002,True,correct,DBLP,44,True,correct,Q2
777,conf/sigmod/ChungMS02,True,5,mEfTTKdu6soJ,0.9736739779085414,0.9719938185810836,0.0016801593274577975,0.6000000000000002,True,correct,DBLP,44,True,correct,Q1
778,conf/vldb/GraefeBC98,True,1,v-kvo2hnsgkJ,0.9907436033497072,0.028043103734166706,0.9627004996155405,0.6000000000000002,True,correct,DBLP,44,True,correct,Q4
779,conf/vldb/MengLYWCR98,True,2,EcpPzbn2EaIJ,0.979382827994221,0.9154241961534462,0.06395863184077488,0.6000000000000002,True,correct,DBLP,44,True,correct,Q2
780,conf/vldb/ChaudhuriS94,True,3,-f2FsG-EC9IJ,0.9791707036199009,0.9718453933291132,0.0073253102907876455,0.6000000000000002,True,correct,DBLP,44,True,correct,Q1
781,conf/sigmod/SaltenisJLL00,True,11,e0UYPB4kRCYJ,0.9703873874546358,0.9600191318328913,0.010368255621744482,0.6000000000000002,True,correct,DBLP,44,True,correct,Q1
782,journals/tods/ZaharioudakisCF97,True,2,naUCkadkOekJ,0.9824304811934487,0.17032750610990224,0.8121029750835465,0.6000000000000002,True,correct,DBLP,44,True,correct,Q3
783,conf/sigmod/LiuHBPT99,True,2,PKQ1dCQIwi0J,0.9912053629226919,0.9173368896629912,0.0738684732597007,0.6000000000000002,True,correct,DBLP,44,True,correct,Q2
784,journals/sigmod/Liu01b,False,0,url:http://doi.wiley.com/10.1002/tl.7700,0.5244230226300821,0.4427433450785875,0.08167967755149463,0.6000000000000002,False,unmatched_abstention,DBLP,44,False,unmatched_abstention,Q2
785,journals/vldb/BonifatiCP01,True,1,FLTKBG-bw7sJ,0.9834797799705002,0.02959263693858422,0.9538871430319159,0.6000000000000002,True,correct,DBLP,44,True,correct,Q4
786,conf/sigmod/WangJLY03,True,1,EQsWWZdE45wJ,0.9903811096379324,0.015285165965473621,0.9750959436724588,0.6000000000000002,True,correct,DBLP,44,True,correct,Q4
787,conf/vldb/Garcia-MolinaLY98,True,5,lWVWAhlsyYYJ,0.9817131989394994,0.9471159854713738,0.03459721346812561,0.6000000000000002,True,correct,DBLP,44,True,correct,Q1
788,conf/sigmod/DogacAEOADAOS94,True,5,AgBMhm_0uEIJ,0.9289653448921947,0.5743386204239279,0.3546267244682668,0.6000000000000002,True,correct,DBLP,44,True,correct,Q2
789,conf/vldb/Mohan02,True,3,YJlUtEk7zwkJ,0.6527610584127584,0.33661029247979807,0.3161507659329604,0.6000000000000002,True,correct,DBLP,44,True,correct,Q2
790,conf/sigmod/LaursenOP94,True,2,fTbCV3Lh8W0J,0.9912053676587244,0.8178284322063536,0.17337693545237076,0.6000000000000002,True,correct,DBLP,44,True,correct,Q2
791,conf/vldb/PapadiasT01,True,2,2V2bnIgsY1kJ,0.9574046485559471,0.8695514205781386,0.08785322797780848,0.6000000000000002,True,correct,DBLP,44,True,correct,Q2
792,journals/sigmod/MedskerCS95,True,1,url:http://portal.acm.org/ft_gateway.cfm%3Fid%3D202673%26type%3Dpdf%26coll%3DGUIDE%26dl%3DACM%26CFID%3D11111111%26CFTOKEN%3D2222222,0.9901545888683769,0.0023922368464807556,0.9877623520218962,0.6000000000000002,True,correct,DBLP,44,True,correct,Q4
793,journals/vldb/FahlR97,True,2,zXSCJ9LzZ8cJ,0.9834797711434704,0.9007635298613438,0.08271624128212662,0.6000000000000002,True,correct,DBLP,44,True,correct,Q2
794,conf/vldb/RamsakMFZEB00,True,1,4fN0QEu0KeAJ,0.9883139311937169,0.00064661863095979,0.9876673125627571,0.6000000000000002,True,correct,DBLP,44,True,correct,Q4
795,conf/sigmod/ZaharioudakisC97,True,1,U0o8vPY7L4kJ,0.9824952317400205,0.0064199681181632585,0.9760752636218573,0.6000000000000002,True,correct,DBLP,44,True,correct,Q4
796,conf/sigmod/AboulnagaC99,True,2,WWaxLMIptTMJ,0.9912053769282521,0.921576868739211,0.0696285081890411,0.6000000000000002,True,correct,DBLP,44,True,correct,Q2
797,conf/sigmod/2003,False,0,GbKwENZEG40J,0.0037528992938164426,0.00014264477349730867,0.003610254520319134,0.6000000000000002,False,unmatched_abstention,DBLP,44,False,unmatched_abstention,Q1
798,journals/sigmod/BuchnerM98,True,6,SZwq84m3bGYJ,0.9641559000748765,0.9240445083043195,0.040111391770557,0.6000000000000002,True,correct,DBLP,44,True,correct,Q1
799,conf/sigmod/FlorescuGKR02,True,1,uam2rv99rxsJ,0.9156185948042456,0.039710314480202756,0.8759082803240428,0.6000000000000002,True,correct,DBLP,44,True,correct,Q3
800,conf/vldb/BamfordBKM98,True,1,rfuptELfgLkJ,0.9907436089889227,0.19939436257585982,0.7913492464130628,0.6000000000000002,True,correct,DBLP,44,True,correct,Q3
801,conf/vldb/ChakrabartiDAR97,True,7,QyBDbs7EpmsJ,0.9907436248349316,0.955157582893418,0.0355860419415136,0.6000000000000002,True,correct,DBLP,44,True,correct,Q1
802,conf/vldb/VriesDBA99,True,1,3o-rUvRsdUwJ,0.9720788648565161,0.004424991032875564,0.9676538738236405,0.6000000000000002,True,correct,DBLP,44,True,correct,Q4
803,conf/vldb/MiloZ98,True,3,Nd7-CTB1lRgJ,0.9907436187405981,0.9438083979141355,0.04693522082646262,0.6000000000000002,True,correct,DBLP,44,True,correct,Q1
804,conf/vldb/BelloDDFNSWZ98,True,3,zrMFWOX1h2MJ,0.9561088800544616,0.18356947490691605,0.7725394051475456,0.6000000000000002,True,correct,DBLP,44,True,correct,Q3
805,journals/sigmod/SnodgrassGIMSU98,False,0,uPBlQ76s_g4J,0.5789006930059389,0.571548074901447,0.007352618104491948,0.6000000000000002,False,unmatched_abstention,DBLP,44,False,unmatched_abstention,Q1
806,journals/sigmod/RoantreeMH99,True,3,JJK6WGPyubgJ,0.9899983831915324,0.9228344938048015,0.0671638893867309,0.6000000000000002,True,correct,DBLP,44,True,correct,Q2
807,journals/sigmod/SnodgrassAABCDEGJKKKLLRSSS94,True,6,64iWa-ZiPRcJ,0.9449229915064752,0.6666186826710251,0.2783043088354501,0.6000000000000002,True,correct,DBLP,44,True,correct,Q2
808,conf/vldb/BasuFP00,False,0,uUbldUOqBF0J,0.0035302444888670272,0.0009517939793193263,0.002578450509547701,0.6000000000000002,False,unmatched_abstention,DBLP,44,False,unmatched_abstention,Q1
809,conf/sigmod/LiBCS00,True,1,4abl38Q9iH4J,0.9762121005076838,0.00299379859068659,0.9732183019169972,0.6000000000000002,True,correct,DBLP,44,True,correct,Q4
810,conf/vldb/Brin95,True,7,dXegp-RmzXEJ,0.9907436051185187,0.9016001475333562,0.08914345758516251,0.6000000000000002,True,correct,DBLP,44,True,correct,Q2
811,conf/sigmod/NazeriBO01,True,1,2E9I_lugGC4J,0.958540471406077,0.10811664870277829,0.8504238227032987,0.6000000000000002,True,correct,DBLP,44,True,correct,Q3
812,conf/vldb/CareyKRLABFLOPQRSSUVWY01,True,1,_pAcjtd1nbEJ,0.9473957373940372,0.0049330873028604295,0.9424626500911767,0.6000000000000002,True,correct,DBLP,44,True,correct,Q3
813,conf/sigmod/MotakisZ97,True,4,e8OIK3dEo6EJ,0.9043856302632419,0.8072598649229753,0.09712576534026662,0.6000000000000002,True,correct,DBLP,44,True,correct,Q2
814,journals/sigmod/DunhamH95a,True,3,CyzIFxmvc1cJ,0.9601113860490817,0.9210240143172023,0.03908737173187948,0.6000000000000002,True,correct,DBLP,44,True,correct,Q1
815,journals/tods/DattaVCK99,True,3,L_EKDuVUoIEJ,0.9826453925727556,0.5318210511046036,0.450824341468152,0.6000000000000002,True,correct,DBLP,44,True,correct,Q3
816,conf/sigmod/MerialdoAMMP00,True,1,Qq0WheHyVv8J,0.9897513733592253,0.0008582905911679845,0.9888930827680573,0.6000000000000002,True,correct,DBLP,44,True,correct,Q4
817,conf/vldb/HeMYW03,True,1,cBe5X4EKjIEJ,0.9817132093357962,0.9302305168391996,0.05148269249659665,0.6000000000000002,True,correct,DBLP,44,True,correct,Q1
818,conf/vldb/WeberSB98,True,5,6D0Qt6Sjp8cJ,0.9830734317482699,0.9576295930451955,0.02544383870307443,0.6000000000000002,True,correct,DBLP,44,True,correct,Q1
819,conf/sigmod/ChaudhuriDN01,True,2,qfohkpyTawoJ,0.991205382721266,0.9491174076761404,0.042087975045125625,0.6000000000000002,True,correct,DBLP,44,True,correct,Q1
820,journals/vldb/FernandezFLS00,True,1,uo79zyqUB10J,0.96823649282553,0.024048442761791283,0.9441880500637387,0.6000000000000002,True,correct,DBLP,44,True,correct,Q3
821,conf/vldb/JensenL01,True,1,yUDkYbmDTXIJ,0.9581952299862494,0.027145344197963384,0.9310498857882861,0.6000000000000002,True,correct,DBLP,44,True,correct,Q3
822,conf/sigmod/SelfridgeSW96,True,2,V2Wysmw3ti4J,0.9321007480111655,0.903701873080021,0.028398874931144458,0.6000000000000002,True,correct,DBLP,44,True,correct,Q1
823,journals/sigmod/DunhamH95,False,0,ShXp0F0h7Z4J,0.004083630467795131,0.0032324444063365496,0.0008511860614585816,0.6000000000000002,False,unmatched_abstention,DBLP,44,False,unmatched_abstention,Q1
824,conf/sigmod/ChangG99,True,4,8Yt1Mba9-wQJ,0.9880223041259691,0.9235094994746321,0.06451280465133702,0.6000000000000002,True,correct,DBLP,44,True,correct,Q2
825,journals/vldb/DiazJ97,True,1,RKAY1aZAeCoJ,0.9520214214621565,0.006395416760652313,0.9456260047015042,0.6000000000000002,True,correct,DBLP,44,True,correct,Q3
826,conf/sigmod/YangM97,True,5,xrTlYcyFKtwJ,0.9898518742831208,0.8566756382493383,0.13317623603378248,0.6000000000000002,True,correct,DBLP,44,True,correct,Q2
827,journals/vldb/FerrariAABC02,True,1,74D4YiDcxfcJ,0.9752036434156546,0.01730521319240259,0.9578984302232519,0.6000000000000002,True,correct,DBLP,44,True,correct,Q4
828,conf/vldb/ScheuermannSV96,True,5,kxebBNLKWl4J,0.9817132234427098,0.8061368972011593,0.1755763262415505,0.6000000000000002,True,correct,DBLP,44,True,correct,Q2
829,conf/vldb/MohanBWSZ00,True,1,zCY0pFken7wJ,0.9737223786029536,0.006340368493829722,0.967382010109124,0.6000000000000002,True,correct,DBLP,44,True,correct,Q4
830,journals/sigmod/Mackay99,True,2,tzUxfh8dD9sJ,0.9717716669774833,0.9372711291282081,0.034500537849275204,0.6000000000000002,True,correct,DBLP,44,True,correct,Q1
831,journals/tods/IoannidisR95,True,1,TJDMWbCXMtgJ,0.9785571579894703,0.0038997924379463008,0.974657365551524,0.6000000000000002,True,correct,DBLP,44,True,correct,Q4
832,journals/tods/BozkayaO99,True,2,CEKbSWc_C6UJ,0.9786254498694721,0.6627010863394922,0.3159243635299799,0.6000000000000002,True,correct,DBLP,44,True,correct,Q2
833,conf/vldb/KonopnickiS95,True,5,fAZ2KwztkLoJ,0.9651263785664888,0.9567154744753804,0.00841090409110834,0.6000000000000002,True,correct,DBLP,44,True,correct,Q1
834,journals/vldb/MaratheS02,True,1,z6JEYoArZmsJ,0.9668995086374029,0.0021911624143281863,0.9647083462230748,0.6000000000000002,True,correct,DBLP,44,True,correct,Q4
835,conf/sigmod/Mohan02,True,3,eyxIItge9MQJ,0.6260037674889631,0.3630036557161547,0.2630001117728084,0.6000000000000002,True,correct,DBLP,44,True,correct,Q2
836,journals/vldb/AgrawalHK03,True,1,NDKJPUgy_K4J,0.9827282845140687,0.2256648849669601,0.7570633995471086,0.6000000000000002,True,correct,DBLP,44,True,correct,Q3
837,conf/sigmod/FukudaMMT96a,True,3,WOCgxlV_LgoJ,0.9741790114814923,0.5191707334872528,0.4550082779942395,0.6000000000000002,True,correct,DBLP,44,True,correct,Q3
838,conf/vldb/LabioYCGW00,True,1,-UILVcP4CZ8J,0.9907436040065488,0.011980952507738299,0.9787626514988105,0.6000000000000002,True,correct,DBLP,44,True,correct,Q4
839,conf/vldb/Hammond96,True,1,LDxiVdRU6EEJ,0.9817132032930359,0.005821426336538768,0.9758917769564971,0.6000000000000002,True,correct,DBLP,44,True,correct,Q4
840,conf/sigmod/CatarciS01,True,1,frbExwv4DiwJ,0.958540471406077,0.0057365455773714345,0.9528039258287055,0.6000000000000002,True,correct,DBLP,44,True,correct,Q4
841,conf/vldb/Nori00,False,0,aKV8IIJ3SMkJ,0.0006701748707900688,0.0005128722859566526,0.00015730258483341618,0.6000000000000002,False,unmatched_abstention,DBLP,44,False,unmatched_abstention,Q1
842,conf/vldb/BouganimCDDGS99,True,1,Ult4nmnmJp8J,0.9647300754537272,0.003823195530623404,0.9609068799231039,0.6000000000000002,True,correct,DBLP,44,True,correct,Q4
843,journals/sigmod/JensenCEGHJ94,True,13,url:http://portal.acm.org/ft_gateway.cfm%3Fid%3D181560%26type%3Dpdf%26coll%3DGUIDE%26dl%3DACM%26CFID%3D11111111%26CFTOKEN%3D2222222,0.9582881871047867,0.9024290500902326,0.05585913701455414,0.6000000000000002,True,correct,DBLP,44,True,correct,Q1
844,conf/sigmod/AbiteboulBCMM03,True,2,Rjb06zlxbLIJ,0.9876205624274903,0.30337927506523127,0.684241287362259,0.6000000000000002,True,correct,DBLP,44,True,correct,Q3
845,conf/sigmod/LakshmananNHP99,True,4,DfOLEzMoEaEJ,0.9878511225962125,0.9494548762755533,0.0383962463206593,0.6000000000000002,True,correct,DBLP,44,True,correct,Q1
846,journals/sigmod/AbererCDDHPS03,True,1,hBrgosYDi3oJ,0.9368227932321407,0.0502600257211212,0.8865627675110195,0.6000000000000002,True,correct,DBLP,44,True,correct,Q3
847,journals/vldb/BohmAnY97,True,4,PALTnITURBcJ,0.9872449645855663,0.9738057279643442,0.01343923662122215,0.6000000000000002,True,correct,DBLP,44,True,correct,Q1
848,conf/vldb/ChanFFGR02,True,1,ZFI7XBuonJAJ,0.9823274778754446,0.0007801166327846298,0.98154736124266,0.6000000000000002,True,correct,DBLP,44,True,correct,Q4
849,conf/sigmod/FreireHRRS02,True,5,1p-q7eofLWIJ,0.9532961544290559,0.7356203369427964,0.21767581748625953,0.6000000000000002,True,correct,DBLP,44,True,correct,Q2
850,conf/vldb/LuL00,True,2,Ih5hY-NRmFgJ,0.9907436089889227,0.8492384294610265,0.1415051795278962,0.6000000000000002,True,correct,DBLP,44,True,correct,Q2
851,conf/sigmod/DeshpandeNGS03a,True,3,sfB17Fi4MZsJ,0.9888886626743537,0.9391358317819709,0.049752830892382804,0.6000000000000002,True,correct,DBLP,44,True,correct,Q1
852,conf/vldb/ChakrabartiGRS00,True,4,PTmCbogNUpAJ,0.9790205606120004,0.8962160636400249,0.08280449697197545,0.6000000000000002,True,correct,DBLP,44,True,correct,Q2
853,journals/sigmod/Bernstein01,False,0,DPf__9SuvxoJ,0.0008716499322286189,0.0007386232962319658,0.00013302663599665308,0.6000000000000002,False,unmatched_abstention,DBLP,44,False,unmatched_abstention,Q1
854,conf/sigmod/KoudasS03,True,1,url:http://portal.acm.org/ft_gateway.cfm%3Fid%3D872871%26type%3Dpdf%26dl%3Dportal%26dl%3DACM%26CFID%3D11111111%26CFTOKEN%3D2222222,0.9606969161382328,0.02942771878366644,0.9312691973545664,0.6000000000000002,True,correct,DBLP,44,True,correct,Q3
855,conf/sigmod/Hope95,True,1,w3Aykr4vDVwJ,0.9194813940065628,0.0006193572662016823,0.9188620367403612,0.6000000000000002,True,correct,DBLP,44,True,correct,Q3
856,conf/vldb/PacittMS99,True,1,jJyGKE2N34gJ,0.9907436083320813,0.4231444865177378,0.5675991218143435,0.6000000000000002,True,correct,DBLP,44,True,correct,Q3
857,journals/sigmod/GalianoM03,False,0,lV0HWh9QLUQJ,0.02014825218648046,0.014468180399213729,0.005680071787266733,0.6000000000000002,False,unmatched_abstention,DBLP,44,True,false_link,Q1
858,journals/sigmod/KuanL99,True,2,lkrtCULVA6oJ,0.991119482207096,0.633808515569152,0.35731096663794404,0.6000000000000002,True,correct,DBLP,44,True,correct,Q2
859,conf/sigmod/DoppelhammerHKK97,True,2,q_A8Y8KY9WkJ,0.9761456638477105,0.9306220959296287,0.045523567918081764,0.6000000000000002,True,correct,DBLP,44,True,correct,Q1
860,conf/sigmod/LabrinidisR00,True,1,DKUouEkK_b4J,0.9596542637622835,0.856317339410389,0.10333692435189445,0.6000000000000002,True,correct,DBLP,44,True,correct,Q2
861,conf/vldb/CasatiS00,True,2,OjOQRHgD-qwJ,0.9747538564491015,0.9118649384165103,0.06288891803259122,0.6000000000000002,True,correct,DBLP,44,True,correct,Q2
862,conf/sigmod/Tajima96,True,1,IZSzLlgi8tUJ,0.9912053650366743,0.0011216809155940725,0.9900836841210803,0.6000000000000002,True,correct,DBLP,44,True,correct,Q4
863,journals/vldb/Amer-YahiaCLS02,True,2,SdqZz-Rnmk4J,0.9823755820204932,0.9125282860513824,0.06984729596911088,0.6000000000000002,True,correct,DBLP,44,True,correct,Q2
864,conf/vldb/BenediktCFRZZ02,True,1,7xe6Gp9fIEEJ,0.7060202378417717,0.0003713049911227083,0.705648932850649,0.6000000000000002,True,correct,DBLP,44,True,correct,Q3
865,conf/sigmod/TomasicABKNR97,True,3,6CpWnsUqJNIJ,0.9885386939938453,0.8827166913927108,0.1058220026011345,0.6000000000000002,True,correct,DBLP,44,True,correct,Q2
866,journals/sigmod/SpynsMJ02,True,3,jD6nDNmhP3AJ,0.9818207245605065,0.7952434167131602,0.18657730784734627,0.6000000000000002,True,correct,DBLP,44,True,correct,Q2
867,conf/vldb/KornLKF98,True,2,ewsBMN0qVa4J,0.9907436180837574,0.7750343634076071,0.21570925467615032,0.6000000000000002,True,correct,DBLP,44,True,correct,Q2
868,journals/sigmod/MeltonMJKS02,True,1,cvBAdEvcTSkJ,0.9726084733379976,0.4775391461254364,0.4950693272125612,0.6000000000000002,True,correct,DBLP,44,True,correct,Q3
869,journals/vldb/C95a,False,0,r9tT5zsNnCQJ,0.37734798175371237,0.3572720774674489,0.02007590428626349,0.6000000000000002,False,unmatched_abstention,DBLP,44,False,unmatched_abstention,Q1
870,journals/tods/KorthS94,True,1,w40iTKlpWEQJ,0.9810184386362006,0.025212750678431574,0.9558056879577691,0.6000000000000002,True,correct,DBLP,44,True,correct,Q4
871,journals/tods/LakshmananLN03,True,1,g8e0xiRUkIwJ,0.9764166887136647,0.009829717001256363,0.9665869717124084,0.6000000000000002,True,correct,DBLP,44,True,correct,Q4
872,journals/vldb/DattaDVRN01,True,2,icK75z3VuGIJ,0.9802005957274165,0.046570013241661996,0.9336305824857545,0.6000000000000002,True,correct,DBLP,44,True,correct,Q3
873,journals/sigmod/BabuW01,True,4,KJ26gUP0PyIJ,0.9911194832743164,0.9789213263835704,0.012198156890745993,0.6000000000000002,True,correct,DBLP,44,True,correct,Q1
874,conf/sigmod/JagadishKS00,True,1,OZRYdxoJqXMJ,0.9500553899449707,0.006323595034217602,0.9437317949107531,0.6000000000000002,True,correct,DBLP,44,True,correct,Q3
875,journals/vldb/WhangKW94,True,1,gLSOYwdwIQ8J,0.9751317222768794,0.0015491442443398308,0.9735825780325396,0.6000000000000002,True,correct,DBLP,44,True,correct,Q4
876,conf/vldb/PereiraFLS00,True,4,KAW0nLm2wVAJ,0.9856811835346334,0.9285267050724222,0.05715447846221122,0.6000000000000002,True,correct,DBLP,44,True,correct,Q1
877,conf/sigmod/Deutsch95,True,1,url:http://portal.acm.org/citation.cfm%3Fid%3D223784.223880,0.9315721722786265,0.027671804540287063,0.9039003677383395,0.6000000000000002,True,correct,DBLP,44,True,correct,Q3
878,conf/vldb/PopaVMHF02,True,3,qJ4lzBFzjdgJ,0.9884253222019574,0.9419646344803038,0.04646068772165368,0.6000000000000002,True,correct,DBLP,44,True,correct,Q1
879,journals/sigmod/AtzeniM98,True,2,HtxGbMkTXdsJ,0.10120182851189773,0.0325697543773702,0.06863207413452753,0.6000000000000002,False,missing_match,DBLP,44,True,correct,Q2
880,conf/vldb/KochBG03,True,2,xCbXlJHLR48J,0.9817132093357962,0.8473722532253598,0.1343409561104364,0.6000000000000002,True,correct,DBLP,44,True,correct,Q2
881,journals/sigmod/DreyerDS94,True,1,GCf11c7YuucJ,0.9887895639165876,0.009546309155202133,0.9792432547613854,0.6000000000000002,True,correct,DBLP,44,True,correct,Q4
882,conf/sigmod/OlstonWL01,True,1,I_YprPVQ45QJ,0.989128666111105,0.004435828785749725,0.9846928373253552,0.6000000000000002,True,correct,DBLP,44,True,correct,Q4
883,conf/sigmod/BuchmannDZH95,True,4,MoNBLfTlYg0J,0.9806539875182656,0.585700301515123,0.3949536860031426,0.6000000000000002,True,correct,DBLP,44,True,correct,Q3
884,conf/sigmod/ShouCTRH01,True,1,url:http://portal.acm.org/ft_gateway.cfm%3Fid%3D375755%26type%3Dpdf%26dl%3DGUIDE%26dl%3DGUIDE%26CFID%3D11111111%26CFTOKEN%3D2222222,0.9843492791877203,0.07569785509508711,0.9086514240926332,0.6000000000000002,True,correct,DBLP,44,True,correct,Q3
885,conf/sigmod/MelnikRB03,True,4,wfjeWtEY2NcJ,0.9900645659980676,0.9838641579869805,0.006200408011087122,0.6000000000000002,True,correct,DBLP,44,True,correct,Q1
886,conf/vldb/MillinerBP95,True,1,kYl-9cV8gloJ,0.9757628601163391,0.002246949384214587,0.9735159107321245,0.6000000000000002,True,correct,DBLP,44,True,correct,Q4
887,conf/vldb/IoannidisP99,True,3,umrivnVIoj0J,0.9861463806100106,0.9574712715336767,0.02867510907633386,0.6000000000000002,True,correct,DBLP,44,True,correct,Q1
888,conf/sigmod/FungSG02,True,1,_H4-ZecAsp0J,0.9529568664350919,0.0069372476411764,0.9460196187939155,0.6000000000000002,True,correct,DBLP,44,True,correct,Q3
889,conf/sigmod/ChristophidesCS00,True,6,DqHBAYRAtyIJ,0.9706483540930467,0.9126297230666041,0.05801863102644267,0.6000000000000002,True,correct,DBLP,44,True,correct,Q2
890,journals/tods/KemmeA00,True,1,wiUPadLpCvoJ,0.984334020664135,0.05298833958580157,0.9313456810783334,0.6000000000000002,True,correct,DBLP,44,True,correct,Q3
891,journals/sigmod/WolfsonSDNR95,True,1,R51Yi7sWJ6EJ,0.9748969354008787,0.02068428914739823,0.9542126462534805,0.6000000000000002,True,correct,DBLP,44,True,correct,Q4
892,journals/vldb/ChakrabartiGRS01,True,4,PTmCbogNUpAJ,0.9834797799705002,0.8841304715409501,0.09934930842955003,0.6000000000000002,True,correct,DBLP,44,True,correct,Q2
893,conf/vldb/BaumgartnerFG01a,True,1,GGyAHg9kwysJ,0.9817132115125632,0.03682392308339606,0.9448892884291671,0.6000000000000002,True,correct,DBLP,44,True,correct,Q3
894,conf/vldb/MignetMAC01,True,4,VaDXNMtPZ4oJ,0.9817132017591773,0.9697323794120246,0.011980822347152698,0.6000000000000002,True,correct,DBLP,44,True,correct,Q1
895,journals/sigmod/Camps96,True,1,url:http://portal.acm.org/ft_gateway.cfm%3Fid%3D245885%26type%3Dpdf%26dl%3DGUIDE%26dl%3DACM%26CFID%3D11111111%26CFTOKEN%3D2222222,0.835475430384295,0.7805653237199309,0.05491010666436402,0.6000000000000002,True,false_link,DBLP,44,True,false_link,Q1
896,journals/sigmod/Qian96a,True,1,url:http://portal.acm.org/ft_gateway.cfm%3Fid%3D234903%26type%3Dpdf%26dl%3DGUIDE%26dl%3DACM%26CFID%3D11111111%26CFTOKEN%3D2222222,0.9823675380545929,0.000683538066642829,0.9816839999879501,0.6000000000000002,True,correct,DBLP,44,True,correct,Q4
897,conf/vldb/EleftheriouBCDHLPPABDDDGJHLRSVW03,True,1,hRToevpkaa0J,0.9663896811236784,0.0018498691125624464,0.9645398120111159,0.6000000000000002,True,correct,DBLP,44,True,correct,Q4
898,conf/vldb/JosifovskiR99,True,2,rR9r4Kuzq-4J,0.9781560963936754,0.7842023820248627,0.1939537143688127,0.6000000000000002,True,correct,DBLP,44,True,correct,Q2
899,conf/vldb/RizviH02,True,4,3ku_XOqYuawJ,0.9865019793359263,0.8707424850189495,0.11575949431697685,0.6000000000000002,True,correct,DBLP,44,True,correct,Q2
900,journals/vldb/CasatiSG01,True,1,cDN9oOqsTE0J,0.03446862949093568,0.03376418321261993,0.0007044462783157499,0.6000000000000002,False,missing_match,DBLP,44,False,missing_match,Q1
901,journals/vldb/HarderR96,True,1,pWXIPx5lA7gJ,0.9170695805974637,0.0016945081632376046,0.9153750724342261,0.6000000000000002,True,correct,DBLP,44,True,correct,Q3
902,conf/sigmod/ChenCPPSTM00,True,2,Ab6MIDVDzhAJ,0.9755926827131048,0.3815075007571206,0.5940851819559843,0.6000000000000002,True,correct,DBLP,44,True,correct,Q3
903,conf/vldb/ImielinskiB02,True,1,IQ_MbfJGh0kJ,0.906786841951063,0.0011601852177455126,0.9056266567333174,0.6000000000000002,True,correct,DBLP,44,True,correct,Q3
904,conf/sigmod/LeeKOTM00,True,1,C8RLbWKCgicJ,0.9870795820544129,0.004837461835061306,0.9822421202193516,0.6000000000000002,True,correct,DBLP,44,True,correct,Q4
905,conf/sigmod/LoR96,True,2,em5eiGpRZFkJ,0.945469223996374,0.57166120998432,0.373808014012054,0.6000000000000002,True,correct,DBLP,44,True,correct,Q2
906,journals/sigmod/EisenbergM01,True,2,GKUflKzgAVEJ,0.991119492633555,0.9138168946729839,0.07730259796057115,0.6000000000000002,True,correct,DBLP,44,True,correct,Q2
907,conf/vldb/MahnkeMS02,True,1,VhxIKKG8oWYJ,0.906182260702008,0.0028539266747212026,0.9033283340272869,0.6000000000000002,True,correct,DBLP,44,True,correct,Q3
908,conf/vldb/BaumannFRW97,True,2,7BgXVuviUvoJ,0.9817132299593216,0.5322625985959699,0.4494506313633517,0.6000000000000002,True,correct,DBLP,44,True,correct,Q3
909,conf/vldb/BelussiF95,True,5,a78Lxr80kJUJ,0.9812765492148842,0.5921102613666117,0.38916628784827245,0.6000000000000002,True,correct,DBLP,44,True,correct,Q2
910,journals/sigmod/X94b,False,0,url:http://ieeexplore.ieee.org/iel5/2/4048/x0715521.pdf,0.049952496124703274,0.0011179309670041903,0.048834565157699086,0.6000000000000002,False,unmatched_abstention,DBLP,44,False,unmatched_abstention,Q1
911,journals/sigmod/Elderini02,False,0,bTx3HtUoRr0J,0.005938988374315862,0.0018537065360840264,0.004085281838231836,0.6000000000000002,False,unmatched_abstention,DBLP,44,False,unmatched_abstention,Q1
912,journals/sigmod/Winslett03,False,0,sfQlMM3SXpAJ,0.04572460300068619,0.016370808665700603,0.029353794334985587,0.6000000000000002,False,unmatched_abstention,DBLP,44,True,false_link,Q1
913,conf/vldb/MoserKK95,True,4,53hNU_r6-jgJ,0.9762096295887958,0.9564358908843383,0.019773738704457422,0.6000000000000002,True,correct,DBLP,44,True,correct,Q1
914,conf/sigmod/RundensteinerKZWLLN99,True,1,2XRfNjwuDrsJ,0.9765305867589668,0.08689778141615978,0.889632805342807,0.6000000000000002,True,correct,DBLP,44,True,correct,Q3
915,journals/vldb/LaurentLSV01,True,1,TTIgIh9uC_YJ,0.9765216795717208,0.0003400370757021206,0.9761816424960187,0.6000000000000002,True,correct,DBLP,44,True,correct,Q4
916,journals/vldb/LeeW94,True,1,KPU-guH7cCkJ,0.9776480624198602,0.3736512918754709,0.6039967705443894,0.6000000000000002,True,correct,DBLP,44,True,correct,Q3
917,conf/sigmod/LiskovACDGGMMS96,True,2,Ey7Mbh6IdQIJ,0.9842017839118395,0.3633586001826104,0.6208431837292292,0.6000000000000002,True,correct,DBLP,44,True,correct,Q3
918,journals/sigmod/Mendelzon00,False,0,LxniIL-QAhgJ,0.10510943750324875,0.014258550068265107,0.09085088743498364,0.6000000000000002,False,unmatched_abstention,DBLP,44,False,unmatched_abstention,Q2
919,conf/vldb/ShiSZ03,True,1,-OjqoDQTIxMJ,0.9817132021540467,0.004484067123189345,0.9772291350308573,0.6000000000000002,True,correct,DBLP,44,True,correct,Q4
920,conf/vldb/DiaoLCT00,True,2,lzbvXZxLKJIJ,0.9907436083320813,0.6435521824459219,0.34719142588615937,0.6000000000000002,True,correct,DBLP,44,True,correct,Q2
921,journals/sigmod/JaegerF95,True,2,oacFELqmw0cJ,0.9570058335800633,0.6610151810870784,0.29599065249298495,0.6000000000000002,True,correct,DBLP,44,True,correct,Q2
922,conf/sigmod/QuassWGHLMNRRAUW96,True,2,oB7qYK3HKiEJ,0.8818256723883651,0.28374232868517274,0.5980833437031923,0.6000000000000002,True,correct,DBLP,44,True,correct,Q3
923,conf/vldb/OzdenBRS94,True,4,ARyxUwGOA10J,0.9657973025299443,0.9212519735756096,0.04454532895433472,0.6000000000000002,True,correct,DBLP,44,True,correct,Q1
924,conf/vldb/HasanM94,True,2,JW7LRQwx_goJ,0.9803174834296714,0.8041822216403897,0.17613526178928174,0.6000000000000002,True,correct,DBLP,44,True,correct,Q2
925,conf/vldb/DittrichSTW02,True,1,egCgEjikCgAJ,0.9854139268616589,0.0009163797803000832,0.9844975470813587,0.6000000000000002,True,correct,DBLP,44,True,correct,Q4
926,conf/sigmod/HanFHCC94,True,3,6M-fnuhWEOIJ,0.970553842336779,0.9509659834655139,0.01958785887126513,0.6000000000000002,True,correct,DBLP,44,True,correct,Q1
927,journals/vldb/AguileraCMVV02,True,3,SdVmepmUgQIJ,0.9834797669186915,0.8534623052722473,0.13001746164644423,0.6000000000000002,True,correct,DBLP,44,True,correct,Q2
928,journals/sigmod/Rosneblatt94,True,1,D1RdxKP6_6YJ,0.4963755087016637,0.001192340302275463,0.49518316839938825,0.6000000000000002,False,missing_match,DBLP,44,True,correct,Q3
929,conf/vldb/PirotteZMY94,True,1,8s-SP8sAvQAJ,0.9701872741937574,0.0026846643864109824,0.9675026098073464,0.6000000000000002,True,correct,DBLP,44,True,correct,Q4
930,conf/vldb/IpeirotisG02,True,2,3CSFFlEVviMJ,0.9837650891195578,0.9653265983414678,0.01843849077809001,0.6000000000000002,True,correct,DBLP,44,True,correct,Q1
931,conf/vldb/OzdenGHNSDGGW01,True,2,url:http://portal.acm.org/citation.cfm%3Fid%3D645927.672352,0.9548865071875032,0.8504041390240636,0.10448236816343959,0.6000000000000002,True,correct,DBLP,44,True,correct,Q2
932,conf/sigmod/Chaudhuri97,True,2,9GsZHpVf2_cJ,0.9551414332635295,0.9474793830766293,0.007662050186900249,0.6000000000000002,True,correct,DBLP,44,True,correct,Q1
933,conf/sigmod/ReinwaldP98,True,2,QAjOGW-ffQIJ,0.9596102931261705,0.950977047998737,0.008633245127433575,0.6000000000000002,True,correct,DBLP,44,True,correct,Q1
934,conf/sigmod/Fegaras98,True,1,XVtlJYx2G_wJ,0.9596102931261705,0.00714104680100524,0.9524692463251653,0.6000000000000002,True,correct,DBLP,44,True,correct,Q3
935,journals/sigmod/Snodgrass00a,False,0,NHxHsUH9L5MJ,0.08178571125790489,0.05771355109777997,0.024072160160124915,0.6000000000000002,False,unmatched_abstention,DBLP,44,False,unmatched_abstention,Q1
936,conf/sigmod/Cohen98,True,2,_ICk4vgjlgsJ,0.9842049753089254,0.9744093988256756,0.009795576483249802,0.6000000000000002,True,correct,DBLP,44,True,correct,Q1
937,journals/sigmod/Snodgrass98c,False,0,NHxHsUH9L5MJ,0.0817005113692182,0.05765185375958791,0.024048657609630292,0.6000000000000002,False,unmatched_abstention,DBLP,44,False,unmatched_abstention,Q1
938,conf/sigmod/GuhaJKSY02,True,1,z6l0wfs32iYJ,0.9424791956375816,0.04980382424371046,0.8926753713938712,0.6000000000000002,True,correct,DBLP,44,True,correct,Q3
939,conf/sigmod/CeriFP98,True,1,iUGa3pKj-20J,0.9596102931261705,0.004567016028217954,0.9550432770979526,0.6000000000000002,True,correct,DBLP,44,True,correct,Q4
940,conf/vldb/Lesk94,True,1,nL5wl20jB-kJ,0.9817131949142589,0.0005997149419889293,0.9811134799722699,0.6000000000000002,True,correct,DBLP,44,True,correct,Q4
941,journals/sigmod/LinP96,True,1,mzEHvKsUv5QJ,0.9849822532473428,0.013148167494302173,0.9718340857530406,0.6000000000000002,True,correct,DBLP,44,True,correct,Q4
942,conf/vldb/DavisonG94,True,1,fN8wW3Y4FJkJ,0.9696183659339023,0.004052380452435629,0.9655659854814667,0.6000000000000002,True,correct,DBLP,44,True,correct,Q4
943,journals/tods/Alagic99,True,2,Gq6D6zMEPxoJ,0.9843340217686141,0.788519537328155,0.195814484440459,0.6000000000000002,True,correct,DBLP,44,True,correct,Q2
944,journals/tods/LakshmananSS01,True,1,FqrVkPwzd3kJ,0.9783874145224155,0.07820012390877934,0.9001872906136361,0.6000000000000002,True,correct,DBLP,44,True,correct,Q3
945,journals/sigmod/Hammer02,True,1,url:http://portal.acm.org/ft_gateway.cfm%3Fid%3D584455%26type%3Dpdf%26dl%3DGUIDE%26dl%3DACM%26CFID%3D11111111%26CFTOKEN%3D2222222,0.6020586829484892,0.00048717382639919173,0.60157150912209,0.6000000000000002,True,correct,DBLP,44,True,correct,Q3
946,conf/sigmod/BunemanKTT02,True,1,cKIQyzazkYEJ,0.9567655689609176,0.04595657367824298,0.9108089952826746,0.6000000000000002,True,correct,DBLP,44,True,correct,Q3
947,conf/vldb/GutierrezPST94,True,1,VUU_DceCRXAJ,0.9812005689192591,0.007902177019819398,0.9732983918994397,0.6000000000000002,True,correct,DBLP,44,True,correct,Q4
948,conf/sigmod/BraumandlKK99,True,3,4fjXoCHhe1kJ,0.9912053629226919,0.8896101949522304,0.10159516797046153,0.6000000000000002,True,correct,DBLP,44,True,correct,Q2
949,journals/vldb/TurkerG01,True,1,Jab63JLU3N0J,0.9041024817915333,0.0012640812771847133,0.9028384005143486,0.6000000000000002,True,correct,DBLP,44,True,correct,Q3
950,conf/sigmod/Golding95,True,2,uJj9OgotYeEJ,0.9726079548611036,0.9002160376188962,0.0723919172422074,0.6000000000000002,True,correct,DBLP,44,True,correct,Q2
951,conf/vldb/ZirintsisKM99,True,2,_UYteGcmBKIJ,0.9004984264141267,0.6301350661079219,0.2703633603062048,0.6000000000000002,True,correct,DBLP,44,True,correct,Q2
952,conf/vldb/ChirkovaHS01,True,1,NdmocXlpq9QJ,0.9782296764742576,0.0025703364155494914,0.9756593400587081,0.6000000000000002,True,correct,DBLP,44,True,correct,Q4
953,journals/sigmod/ElmagarmidJF95,True,1,CJK2SWLYrRYJ,0.9911194832743164,0.0016246539771967332,0.9894948292971197,0.6000000000000002,True,correct,DBLP,44,True,correct,Q4
954,conf/sigmod/Englert94,True,1,KOpz_NXJ3WUJ,0.9912053629226919,0.0019515082309599979,0.9892538546917319,0.6000000000000002,True,correct,DBLP,44,True,correct,Q4
955,conf/sigmod/JohnsonD03,True,1,5OYgUpRggiMJ,0.9606968554740146,0.05122553445340063,0.909471321020614,0.6000000000000002,True,correct,DBLP,44,True,correct,Q3
956,conf/sigmod/OoiTZGLLLNSWZ03,True,1,l78OeieL4ZsJ,0.64710742983251,0.00081412775934621,0.6462933020731638,0.6000000000000002,True,correct,DBLP,44,True,correct,Q3
957,conf/vldb/May01,True,1,Fb4oYRM9N4EJ,0.9625382247297993,0.0019045806354909187,0.9606336440943084,0.6000000000000002,True,correct,DBLP,44,True,correct,Q4
958,journals/sigmod/Segev94a,False,0,ntqMqfgRXM4J,0.5630506567830352,0.501846916410812,0.0612037403722232,0.6000000000000002,False,unmatched_abstention,DBLP,44,False,unmatched_abstention,Q2
959,journals/sigmod/SouzaS99,True,2,lSJVvYYknn0J,0.9849269422020862,0.7310016413945775,0.25392530080750875,0.6000000000000002,True,correct,DBLP,44,True,correct,Q2
960,conf/vldb/DarEGP98,True,1,D6gxih90YU4J,0.9907436139712937,0.4365332415886593,0.5542103723826344,0.6000000000000002,True,correct,DBLP,44,True,correct,Q3
961,journals/sigmod/ShahMFH01,True,1,7b-nJDMGtwUJ,0.9720831020219337,0.003514717997667508,0.9685683840242661,0.6000000000000002,True,correct,DBLP,44,True,correct,Q4
962,conf/vldb/DyresonBJ99,True,1,FkPcMtplo18J,0.9758247563650526,0.001228529027925621,0.974596227337127,0.6000000000000002,True,correct,DBLP,44,True,correct,Q4
963,journals/vldb/HjaltasonS02,True,2,FH41DtWf_jAJ,0.9746080255162616,0.8038048368491245,0.17080318866713706,0.6000000000000002,True,correct,DBLP,44,True,correct,Q2
964,conf/vldb/ZurekS99,True,1,mEdoUlcnDsgJ,0.9814111656151924,0.00046068418889167893,0.9809504814263007,0.6000000000000002,True,correct,DBLP,44,True,correct,Q4
965,journals/sigmod/Segev94,False,0,ntqMqfgRXM4J,0.5630506567830352,0.501846916410812,0.0612037403722232,0.6000000000000002,False,unmatched_abstention,DBLP,44,False,unmatched_abstention,Q2
966,conf/vldb/CooperSFHS01,True,1,PAfEdPwJ8tgJ,0.9871919544209842,0.3632130314471947,0.6239789229737895,0.6000000000000002,True,correct,DBLP,44,True,correct,Q3
967,journals/vldb/MehrotraKS97,True,1,6XxswNrUSk4J,0.9819131275647628,0.054647005884820035,0.9272661216799427,0.6000000000000002,True,correct,DBLP,44,True,correct,Q3
968,journals/sigmod/TianDCZ02,True,5,JceK-ywXk8UJ,0.9885951081868937,0.849567696031096,0.13902741215579761,0.6000000000000002,True,correct,DBLP,44,True,correct,Q2
969,journals/vldb/MuthOPW00,True,1,WFygKYK0NVQJ,0.9813778259387386,0.6751640287565607,0.3062137971821779,0.6000000000000002,True,correct,DBLP,44,True,correct,Q2
970,conf/vldb/CareyKSSS00,True,2,fRo4fx_Q6gIJ,0.981382991656028,0.9067105474108677,0.0746724442451604,0.6000000000000002,True,correct,DBLP,44,True,correct,Q2
971,conf/vldb/NishioSTTL01,True,1,S30IXg4ClFIJ,0.957298675895202,0.0020217085309463564,0.9552769673642556,0.6000000000000002,True,correct,DBLP,44,True,correct,Q4
972,conf/sigmod/TsueiPK97,True,1,DpQGq6n1jnkJ,0.9650018051336128,0.00035816262425754494,0.9646436425093552,0.6000000000000002,True,correct,DBLP,44,True,correct,Q4
973,journals/sigmod/DiazJPa94,True,2,sG7PCEiN2xAJ,0.9499400501717755,0.5731027021871535,0.376837347984622,0.6000000000000002,True,correct,DBLP,44,True,correct,Q2
974,journals/sigmod/Qian95b,True,1,url:http://portal.acm.org/ft_gateway.cfm%3Fid%3D219772%26type%3Dpdf%26dl%3DGUIDE%26dl%3DACM%26CFID%3D11111111%26CFTOKEN%3D2222222,0.9911194974154156,0.028237209806683424,0.9628822876087322,0.6000000000000002,True,correct,DBLP,44,True,correct,Q4
975,journals/tods/SchuldtABS02,True,1,zrQPbIIo2E8J,0.983870606135399,0.018699811464880336,0.9651707946705187,0.6000000000000002,True,correct,DBLP,44,True,correct,Q4
976,conf/sigmod/BlakeleyD00,True,2,ZSR-MThg9UEJ,0.576750791306753,0.21793904767971364,0.3588117436270394,0.6000000000000002,False,missing_match,DBLP,44,True,correct,Q2
977,conf/vldb/MohaniaS94,True,1,JORYEDHKYSMJ,0.9621069167270925,0.007550361352419985,0.9545565553746725,0.6000000000000002,True,correct,DBLP,44,True,correct,Q4
978,conf/sigmod/Edelstein95,True,1,url:http://portal.acm.org/citation.cfm%3Fid%3D223868,0.9784376582844008,0.0029493518946557967,0.9754883063897449,0.6000000000000002,True,correct,DBLP,44,True,correct,Q4
979,journals/vldb/TempletonHMB95,True,1,RKNGp2gmOTUJ,0.9722043951348066,0.00023486996852084893,0.9719695251662858,0.6000000000000002,True,correct,DBLP,44,True,correct,Q4
980,journals/sigmod/Alonso94a,False,0,8Ge2xzsWVhAJ,0.00523766387833921,0.004174722697174951,0.0010629411811642593,0.6000000000000002,False,unmatched_abstention,DBLP,44,False,unmatched_abstention,Q1
981,conf/sigmod/CuiOTS03,True,1,qx5oR09jmMwJ,0.961608187470253,0.0005716247811025559,0.9610365626891505,0.6000000000000002,True,correct,DBLP,44,True,correct,Q4
982,conf/vldb/BohannonFHRRS02,True,1,zYfyg0fCzEsJ,0.9798516997385581,0.002845587546116134,0.977006112192442,0.6000000000000002,True,correct,DBLP,44,True,correct,Q4
983,conf/sigmod/DraperHW01,True,3,sURGDemFSsUJ,0.9821390056342278,0.8998033347061185,0.08233567092810934,0.6000000000000002,True,correct,DBLP,44,True,correct,Q2
984,journals/sigmod/Fong95,True,1,zw3-t-veNvAJ,0.9911194784924485,0.012107328950721075,0.9790121495417274,0.6000000000000002,True,correct,DBLP,44,True,correct,Q4
985,journals/sigmod/HalkidiBV02a,True,1,SFs0XOMPphIJ,0.9874441427077522,0.9681055674675743,0.019338575240177902,0.6000000000000002,True,correct,DBLP,44,True,correct,Q1
986,conf/sigmod/LabioZWGGW97,True,3,uzpyy9XRpgYJ,0.9894773950357169,0.9728829405134287,0.016594454522288138,0.6000000000000002,True,correct,DBLP,44,True,correct,Q1
987,conf/vldb/BunkerCCMMW01,True,1,bKfF2TdyKDwJ,0.9631795420473107,0.000496286229073681,0.962683255818237,0.6000000000000002,True,correct,DBLP,44,True,correct,Q4
988,conf/vldb/BratsbergH01,True,1,x-oQarjjgccJ,0.9714755790524938,0.005959909905392179,0.9655156691471016,0.6000000000000002,True,correct,DBLP,44,True,correct,Q4
989,conf/sigmod/AtzeniT97,True,3,i2LI1TWifbYJ,0.9912053687157151,0.9718292518956132,0.019376116820101874,0.6000000000000002,True,correct,DBLP,44,True,correct,Q1
990,conf/sigmod/Pirahesh94,True,1,VG96hL8afvgJ,0.9622987640512101,0.00600859286634814,0.9562901711848619,0.6000000000000002,True,correct,DBLP,44,True,correct,Q4
991,conf/vldb/ArionBCDMP03,True,2,LIjye8V-mM0J,0.9530713953231272,0.9453191451289326,0.007752250194194676,0.6000000000000002,True,correct,DBLP,44,True,correct,Q1
992,conf/sigmod/Krishnamurthy03,False,0,kHi1YOTBmlkJ,0.028359920637448383,0.01497641319677821,0.013383507440670173,0.6000000000000002,False,unmatched_abstention,DBLP,44,False,unmatched_abstention,Q1
993,journals/vldb/AslanM99,True,1,vZcZ-UX6h7UJ,0.9771812033601337,0.0030605322633718685,0.9741206710967618,0.6000000000000002,True,correct,DBLP,44,True,correct,Q4
994,conf/sigmod/HristidisKP01,True,1,mg9ABNG06O4J,0.9912053734517444,0.004714637191590272,0.9864907362601542,0.6000000000000002,True,correct,DBLP,44,True,correct,Q4
995,journals/sigmod/WestmannKHM00,True,5,9jyzas_rFd4J,0.991119482207096,0.8328358651895393,0.15828361701755667,0.6000000000000002,True,correct,DBLP,44,True,correct,Q2
996,conf/sigmod/BunemanM95,True,1,V9DIFmU3vi8J,0.9855039326896308,0.004235212501260441,0.9812687201883703,0.6000000000000002,True,correct,DBLP,44,True,correct,Q4
997,conf/vldb/ShanmugasundaramKSFF01,True,1,9r5dL8B5l7oJ,0.7304500334285403,0.038981816331503286,0.691468217097037,0.6000000000000002,True,correct,DBLP,44,True,correct,Q3
998,conf/sigmod/NgWY01,True,1,TShyzmLNvtoJ,0.6683092247283519,0.006976522913373478,0.6613327018149784,0.6000000000000002,True,correct,DBLP,44,True,correct,Q3
999,journals/sigmod/WuY00,True,1,url:http://portal.acm.org/ft_gateway.cfm%3Fid%3D362096%26type%3Dpdf%26dl%3DGUIDE%26dl%3DACM%26CFID%3D11111111%26CFTOKEN%3D2222222,0.36523568612786383,0.0013252272529700423,0.3639104588748938,0.6000000000000002,False,missing_match,DBLP,44,True,correct,Q2
1000,journals/sigmod/RisheSBDOALOSS95,True,1,pGU2Ew1AQkoJ,0.9751309634471583,0.019959513169939592,0.9551714502772187,0.6000000000000002,True,correct,DBLP,44,True,correct,Q4
1001,conf/vldb/FlescaFM03,True,1,LXjSnbxB7EsJ,0.9817132021540467,0.5500925612444532,0.4316206409095935,0.6000000000000002,True,correct,DBLP,44,True,correct,Q3
1002,conf/vldb/RezendeH98,True,1,njuthCBUMPAJ,0.8340196453964895,0.04199130078301907,0.7920283446134705,0.6000000000000002,True,correct,DBLP,44,True,correct,Q3
1003,conf/sigmod/ConsensM94,True,1,u7rv6LAF8s8J,0.8464794479799675,0.002577672678140789,0.8439017753018268,0.6000000000000002,True,correct,DBLP,44,False,missing_match,Q3
1004,conf/vldb/KonigW99,True,1,6HMffRHCspAJ,0.9817131989394994,0.22678087348634646,0.7549323254531529,0.6000000000000002,True,correct,DBLP,44,True,correct,Q3
1005,conf/sigmod/RundensteinerWYD02,True,1,7MfXAAdBQ2EJ,0.9858744133875728,0.003938799044438913,0.9819356143431338,0.6000000000000002,True,correct,DBLP,44,True,correct,Q4
1006,conf/sigmod/BrodskyK95,True,2,SFmnhrhoQzgJ,0.9613937737225633,0.5918576284433283,0.36953614527923495,0.6000000000000002,True,correct,DBLP,44,True,correct,Q2
1007,journals/sigmod/Kemper02,False,0,bUvKrCjhep0J,0.0014391059806341216,0.0013033374431317933,0.00013576853750232832,0.6000000000000002,False,unmatched_abstention,DBLP,44,False,unmatched_abstention,Q1
1008,conf/sigmod/DanielsDDEHJJLSSS94,True,1,fLNHwVFqnbIJ,0.7450943289202581,0.00045067845556686877,0.7446436504646912,0.6000000000000002,True,correct,DBLP,44,True,correct,Q3
1009,journals/sigmod/Snodgrass94,True,2,SYVDufoTe_IJ,0.9828089141982833,0.057668273186154716,0.9251406410121286,0.6000000000000002,True,correct,DBLP,44,True,correct,Q3
1010,conf/sigmod/TaoP02,True,1,fDWfHiQ6BR4J,0.9912053687157151,0.038486159357590075,0.952719209358125,0.6000000000000002,True,correct,DBLP,44,True,correct,Q3
1011,conf/sigmod/Team99,True,2,DphRY0uPqi8J,0.8556022057366575,0.8429991634062911,0.012603042330366354,0.6000000000000002,True,correct,DBLP,44,True,correct,Q1
1012,conf/vldb/MuntzR94,True,1,o9DfGI9zsloJ,0.9597680734287878,0.0038054404848185093,0.9559626329439693,0.6000000000000002,True,correct,DBLP,44,True,correct,Q4
1013,conf/vldb/FankhauserGLMT98,True,2,JnwUAxUMwvQJ,0.9355988306892272,0.892679626362603,0.042919204326624216,0.6000000000000002,True,correct,DBLP,44,True,correct,Q1
1014,journals/vldb/RamanRH00,True,1,CgiCp6N9XZQJ,0.982963777502492,0.736404618733208,0.24655915876928403,0.6000000000000002,True,correct,DBLP,44,True,correct,Q2
1015,journals/sigmod/VassiliadisS99,True,3,eGARASwVBrUJ,0.9883265370510816,0.518417618430219,0.4699089186208626,0.6000000000000002,True,correct,DBLP,44,True,correct,Q3
1016,journals/sigmod/GerlhofKM96,True,2,xsV7dkJi-YMJ,0.9778201388564878,0.9360604754249259,0.0417596634315619,0.6000000000000002,True,correct,DBLP,44,True,correct,Q1
1017,conf/sigmod/FaloutsosL95,True,13,yFaUjmOQp1wJ,0.9833397687926922,0.9688929164780747,0.014446852314617509,0.6000000000000002,True,correct,DBLP,44,True,correct,Q1
1018,conf/sigmod/AgrawalGGR98,True,11,x8fDHaNkSUIJ,0.9677317453660883,0.9627494886210496,0.004982256745038716,0.6000000000000002,True,correct,DBLP,44,True,correct,Q1
1019,conf/sigmod/OlstonW02,True,1,pBKI-JCAlcIJ,0.991205382721266,0.0003400724247422943,0.9908653102965237,0.6000000000000002,True,correct,DBLP,44,True,correct,Q4
1020,conf/vldb/Gentili01,True,1,2j1dalv3kCEJ,0.9817132403556009,0.0015013647317321463,0.9802118756238688,0.6000000000000002,True,correct,DBLP,44,True,correct,Q4
1021,conf/vldb/BouganimFV96,True,1,TiffIV1Y6AMJ,0.9754896184527545,0.1525013517124895,0.822988266740265,0.6000000000000002,True,correct,DBLP,44,True,correct,Q3
1022,journals/vldb/GeorgeH00,True,2,2L-UFpDof3UJ,0.5489537311024361,0.48023341357695026,0.0687203175254858,0.6000000000000002,False,missing_match,DBLP,44,False,missing_match,Q2
1023,conf/vldb/WitkowskiBBFGSS03,True,1,Oti_CoAPH9IJ,0.9645183365567358,0.03308025823118499,0.9314380783255508,0.6000000000000002,True,correct,DBLP,44,True,correct,Q3
1024,journals/sigmod/Aberer02b,True,1,url:http://portal.acm.org/ft_gateway.cfm%3Fid%3D604274%26type%3Dpdf%26dl%3DGUIDE%26dl%3DACM%26CFID%3D11111111%26CFTOKEN%3D2222222,0.9885831020764474,0.8052333721328516,0.18334972994359577,0.6000000000000002,True,false_link,DBLP,44,False,missing_match,Q2
1025,journals/sigmod/KennedyMB96,True,1,vBYtmDEYeK0J,0.9890204907332169,0.015495869127128739,0.9735246216060881,0.6000000000000002,True,correct,DBLP,44,True,correct,Q4
1026,conf/sigmod/ChawatheG97,True,3,5O88Bum19wAJ,0.9438746453440358,0.9428195590523587,0.0010550862916770543,0.6000000000000002,True,correct,DBLP,44,True,correct,Q1
1027,conf/sigmod/RamakrishnanD98,True,2,LSNo-7ii1vEJ,0.9596102931261705,0.8611068174962249,0.09850347562994566,0.6000000000000002,True,correct,DBLP,44,True,correct,Q2
1028,conf/sigmod/BarbaraI94,True,10,GXhaGGajWZkJ,0.9763761825075042,0.9614315361884926,0.0149446463190116,0.6000000000000002,True,correct,DBLP,44,True,correct,Q1
1029,conf/vldb/RysNS96,True,2,sRcMuuo3-BEJ,0.9735246450980416,0.9705735008794694,0.0029511442185722325,0.6000000000000002,True,correct,DBLP,44,True,correct,Q1
1030,conf/vldb/Schoning03,True,1,4NM5WR1WtPcJ,0.9716906322416897,0.007254722984583503,0.9644359092571062,0.6000000000000002,True,correct,DBLP,44,True,correct,Q4
1031,conf/sigmod/LangS01,True,2,FFQc9XpGFRsJ,0.9790583813591051,0.913509417261168,0.06554896409793709,0.6000000000000002,True,correct,DBLP,44,True,correct,Q2
1032,conf/vldb/GibbonsMP97,True,1,QKnjF3UgncMJ,0.9320639188481283,0.06517739080803751,0.8668865280400908,0.6000000000000002,True,correct,DBLP,44,True,correct,Q3
1033,conf/sigmod/Aulakh98,True,1,xFK4CkKj14EJ,0.9912053676587244,0.0024751948446204578,0.9887301728141039,0.6000000000000002,True,correct,DBLP,44,True,correct,Q4
1034,journals/vldb/AlbanoGO95,True,2,_tswCGHoswMJ,0.9834797711434704,0.8991406372820073,0.08433913386146308,0.6000000000000002,True,correct,DBLP,44,True,correct,Q2
1035,conf/sigmod/Smith01,True,2,5wh3Y-mBqJQJ,0.6152516632439546,0.05155899501836556,0.563692668225589,0.6000000000000002,True,correct,DBLP,44,True,correct,Q3
1036,conf/sigmod/OlstonWACELSS98,True,1,UTYa5uf9zSIJ,0.9883106132197947,0.0006432925269167139,0.987667320692878,0.6000000000000002,True,correct,DBLP,44,True,correct,Q4
1037,journals/sigmod/ChristoffelPSL98,True,4,yC3NWP247K8J,0.9653756753145867,0.9563821846342792,0.008993490680307525,0.6000000000000002,True,correct,DBLP,44,True,correct,Q1
1038,journals/sigmod/Etzion99,True,2,url:http://portal.acm.org/citation.cfm%3Fid%3D344816.344820%26dl%3DGUIDE%26dl%3DACM%26idx%3DJ689%26part%3Dperiodical%26WantType%3Dperiodical%26title%3DACM%2520SIGMOD%2520Record%26CFID%3D11111111%26CFTOKEN%3D2222222,0.5422480755057923,0.5240983670170142,0.01814970848877817,0.6000000000000002,False,missing_match,DBLP,44,True,correct,Q1
1039,conf/vldb/BonifatiCDS01,True,1,tCrfb27dXiwJ,0.9783229989821726,0.0048353793364326065,0.9734876196457399,0.6000000000000002,True,correct,DBLP,44,True,correct,Q4
1040,journals/sigmod/Liu02,False,0,url:http://doi.wiley.com/10.1002/tl.7700,0.48494040547379064,0.4361953901254918,0.04874501534829884,0.6000000000000002,False,unmatched_abstention,DBLP,44,False,unmatched_abstention,Q1
1041,journals/vldb/AbbadiSW01,False,0,cDN9oOqsTE0J,0.5937062164020412,0.5885391885118266,0.005167027890214615,0.6000000000000002,False,unmatched_abstention,DBLP,44,False,unmatched_abstention,Q1
1042,journals/vldb/KnorrNT00,True,1,SggrbO99AJgJ,0.97646951074167,0.13087132076343788,0.8455981899782321,0.6000000000000002,True,correct,DBLP,44,True,correct,Q3
1043,conf/vldb/AgarwalADGNRS96,True,7,E4fU9kpfXQsJ,0.9623427758343728,0.8632885128359336,0.09905426299843922,0.6000000000000002,True,correct,DBLP,44,True,correct,Q2
1044,conf/vldb/JagadishKNS99,True,2,W8O7pgTYGTYJ,0.9884814583403478,0.929243900416696,0.05923755792365182,0.6000000000000002,True,correct,DBLP,44,True,correct,Q2
1045,journals/sigmod/RossFS02,False,0,tOa0zXK5Ba4J,0.6235567976004991,0.43307512471302945,0.19048167288746964,0.6000000000000002,True,false_link,DBLP,44,False,unmatched_abstention,Q2
1046,journals/sigmod/Ozsoyoglu00,False,0,qU_IX5KFwIoJ,0.012356728768052801,0.009658852909919576,0.002697875858133225,0.6000000000000002,False,unmatched_abstention,DBLP,44,False,unmatched_abstention,Q1
1047,conf/vldb/AnciauxBP03,True,2,RLZc9c2-6_oJ,0.981713199582409,0.9792108454333053,0.002502354149103714,0.6000000000000002,True,correct,DBLP,44,True,correct,Q1
1048,conf/vldb/CochinwalaB94,True,1,Bp69wMYw9DAJ,0.9817132598401065,0.004202179690449171,0.9775110801496573,0.6000000000000002,True,correct,DBLP,44,True,correct,Q4
1049,conf/vldb/SrikantA95,True,16,Ve-JH2yNN0kJ,0.9814857725566752,0.9621659964568465,0.01931977609982871,0.6000000000000002,True,correct,DBLP,44,True,correct,Q1
1050,journals/sigmod/BunemanRU97,True,3,5qg4BNiroqMJ,0.9898276075609886,0.8748850560532212,0.11494255150776744,0.6000000000000002,True,correct,DBLP,44,True,correct,Q2
1051,conf/sigmod/LazaridisM01,True,1,IvMJ4bK708kJ,0.9912053779852414,0.0025147245753488023,0.9886906534098926,0.6000000000000002,True,correct,DBLP,44,True,correct,Q4
1052,conf/vldb/Ganguly98,True,1,a8cB2S6Td-sJ,0.9817132498609273,0.06050709374857435,0.921206156112353,0.6000000000000002,True,correct,DBLP,44,True,correct,Q3
1053,journals/vldb/LeeSC01,True,1,Hz_TU6kUj08J,0.9800036585484205,0.0018533414457935998,0.9781503171026269,0.6000000000000002,True,correct,DBLP,44,True,correct,Q4
1054,conf/sigmod/PossSKL02,True,1,c3QptREmhgAJ,0.9851447153056377,0.02111150843997815,0.9640332068656596,0.6000000000000002,True,correct,DBLP,44,True,correct,Q4
1055,conf/vldb/BonczRK98,True,2,ts5vu2eNQgYJ,0.955725073178357,0.03567079704385299,0.920054276134504,0.6000000000000002,True,correct,DBLP,44,True,correct,Q3
1056,conf/vldb/PottingerL00,True,5,llb7DerHoGIJ,0.8683574389105572,0.7413807165590831,0.12697672235147406,0.6000000000000002,True,correct,DBLP,44,True,correct,Q2
1057,conf/vldb/ZhangL98,True,1,ZjHAEBJYahAJ,0.9786995822024972,0.07340521016428452,0.9052943720382127,0.6000000000000002,True,correct,DBLP,44,True,correct,Q3
1058,journals/sigmod/ChenHKPW94,True,1,HTvxhMKB69AJ,0.9324113691751725,0.03957516100220923,0.8928362081729633,0.6000000000000002,True,correct,DBLP,44,True,correct,Q3
1059,conf/sigmod/BorkarDS01,True,3,8zFEVer1rBUJ,0.9825785689917105,0.8791445502016135,0.10343401879009695,0.6000000000000002,True,correct,DBLP,44,True,correct,Q2
1060,conf/sigmod/DeshpandeNGS03,True,2,fU6zoUKeXe8J,0.9507428169990826,0.9267026433653737,0.024040173633708917,0.6000000000000002,True,correct,DBLP,44,True,correct,Q1
1061,conf/vldb/HelmerM97,True,2,xsh0C_nCllsJ,0.9907436191957258,0.9488348839330127,0.041908735262713104,0.6000000000000002,True,correct,DBLP,44,True,correct,Q1
1062,conf/sigmod/GarofalakisI96,True,3,MfPbk62EdyQJ,0.9805904435719255,0.786100966742294,0.19448947682963147,0.6000000000000002,True,correct,DBLP,44,True,correct,Q2
1063,conf/vldb/George98,True,1,xACnzf6RhVwJ,0.9799342490682472,0.011595265892626829,0.9683389831756204,0.6000000000000002,True,correct,DBLP,44,True,correct,Q4
1064,conf/vldb/McHughW99,True,2,bXRF6rASxhgJ,0.9907436033497072,0.7075414383695585,0.2832021649801487,0.6000000000000002,True,correct,DBLP,44,True,correct,Q2
1065,conf/vldb/GaoS03,True,1,BEpwgIQR6r4J,0.9758438915486253,0.0011181465989305874,0.9747257449496947,0.6000000000000002,True,correct,DBLP,44,True,correct,Q4
1066,conf/sigmod/RiedewaldAA02,True,2,nQvBo5KHITYJ,0.9884514618390201,0.6692906373474063,0.31916082449161376,0.6000000000000002,True,correct,DBLP,44,True,correct,Q2
1067,conf/sigmod/ZuzartePMCLW03,True,1,url:http://portal.acm.org/citation.cfm%3Fid%3D872757.872840,0.9535564058699257,0.0014760132868653153,0.9520803925830604,0.6000000000000002,True,correct,DBLP,44,True,correct,Q3
1068,journals/sigmod/HasanMV96,True,1,bLbjFFkQJdIJ,0.9886686009601163,0.01170660256491311,0.9769619983952033,0.6000000000000002,True,correct,DBLP,44,True,correct,Q4
1069,conf/sigmod/PopaDST00,True,1,gAwckIiPpTEJ,0.9680409481481563,0.00028696172562395027,0.9677539864225324,0.6000000000000002,True,correct,DBLP,44,True,correct,Q4
1070,conf/vldb/LiuLBHTS03,True,1,pAhZKAo7m-sJ,0.9087751916173831,0.00045898018023845665,0.9083162114371446,0.6000000000000002,True,correct,DBLP,44,True,correct,Q3
1071,journals/vldb/NybergBCGL95,True,2,A1phylxPkl4J,0.9834797799705002,0.9598346180060878,0.023645161964412353,0.6000000000000002,True,correct,DBLP,44,True,correct,Q1
1072,journals/sigmod/Seshadri98,True,3,_nIg_hi8PAAJ,0.9911194774252273,0.5913918513166022,0.3997276261086251,0.6000000000000002,True,correct,DBLP,44,True,correct,Q3
1073,journals/vldb/Guting94,True,6,TruJ2Gi7fiQJ,0.7424637197535381,0.6913067640308908,0.051156955722647335,0.6000000000000002,True,correct,DBLP,44,True,correct,Q1
1074,journals/sigmod/RashidS00,True,1,e0GH54HirssJ,0.9911194774252273,0.017448485861242695,0.9736709915639846,0.6000000000000002,True,correct,DBLP,44,True,correct,Q4
1075,conf/sigmod/GrossmanQ94,True,1,yjqdBeNw5WoJ,0.9816667610686478,0.2420649053932336,0.7396018556754143,0.6000000000000002,True,correct,DBLP,44,True,correct,Q3
1076,journals/sigmod/NascimentoSP03,True,1,G3QWq2T08SEJ,0.9269725664000271,0.00137323418164501,0.9255993322183821,0.6000000000000002,True,correct,DBLP,44,True,correct,Q3
1077,conf/vldb/BohannonLRSSS97,True,4,GzK2N5eQ0pQJ,0.9674376129371994,0.9667977014051728,0.0006399115320265825,0.6000000000000002,True,correct,DBLP,44,True,correct,Q1
1078,journals/tods/MokNE96,True,1,spIRnJknmAYJ,0.6036987971847968,0.29423760750853223,0.30946118967626457,0.6000000000000002,True,false_link,DBLP,44,True,correct,Q2
1079,conf/vldb/LevyRO96,True,9,e_vUPQi8-xIJ,0.981580478691774,0.8780385101333869,0.10354196855838715,0.6000000000000002,True,correct,DBLP,44,True,correct,Q2
1080,conf/vldb/VassalosP97,True,8,kG-k9420fGMJ,0.9907436044616771,0.971790881771848,0.01895272268982906,0.6000000000000002,True,correct,DBLP,44,True,correct,Q1
1081,journals/sigmod/Cingil02,True,1,2K6rhX16hXwJ,0.9911194784924485,0.0003615650052051461,0.9907579134872434,0.6000000000000002,True,correct,DBLP,44,True,correct,Q4
1082,journals/vldb/ApersCS02,True,1,zvcs9bbyoi0J,0.5365441847580787,0.489011863502415,0.047532321255663756,0.6000000000000002,False,missing_match,DBLP,44,False,missing_match,Q1
1083,conf/sigmod/YanMHF01,True,5,8hRWaIVZ2ykJ,0.9878243449694022,0.8561044512108568,0.13171989375854543,0.6000000000000002,True,correct,DBLP,44,True,correct,Q2
1084,conf/vldb/AmmannJR95,True,1,x-H7BqZ0Hw8J,0.9817132140841992,0.768920458387606,0.21279275569659317,0.6000000000000002,True,correct,DBLP,44,True,correct,Q2
1085,conf/vldb/SizovGT03,True,1,UbQPXbPLMCAJ,0.9707642322386172,0.01374480671583402,0.9570194255227832,0.6000000000000002,True,correct,DBLP,44,True,correct,Q4
1086,conf/vldb/Moni96,True,1,gbjXwFztQTsJ,0.9817132136893301,0.0012527636144088843,0.9804604500749212,0.6000000000000002,True,correct,DBLP,44,True,correct,Q4
1087,conf/sigmod/BressanGOT00,True,1,url:http://portal.acm.org/ft_gateway.cfm%3Fid%3D336587%26type%3Dpdf%26dl%3DGUIDE%26dl%3DACM%26CFID%3D11111111%26CFTOKEN%3D2222222,0.8686390814581993,0.08990818811105611,0.7787308933471433,0.6000000000000002,True,correct,DBLP,44,True,correct,Q3
1088,journals/sigmod/NorrieBSW94,True,2,q6YVJJgD1uQJ,0.9874174394044527,0.01526817163418075,0.972149267770272,0.6000000000000002,True,correct,DBLP,44,True,correct,Q4
1089,journals/sigmod/WinslettCDHZZ02,True,1,url:http://portal.acm.org/ft_gateway.cfm%3Fid%3D601881%26type%3Dpdf%26dl%3DGUIDE%26dl%3DACM%26CFID%3D11111111%26CFTOKEN%3D2222222,0.9886611414756374,0.054361671308270465,0.934299470167367,0.6000000000000002,True,correct,DBLP,44,True,correct,Q3
1090,journals/sigmod/Gardels97,True,1,PlitMluIJyYJ,0.9911194784924485,0.0033684465864419794,0.9877510319060065,0.6000000000000002,True,correct,DBLP,44,True,correct,Q4
1091,conf/sigmod/BertinoCF01,True,1,JSzfxAgs4pgJ,0.986035155012814,0.762602247591798,0.22343290742101607,0.6000000000000002,True,correct,DBLP,44,True,correct,Q2
1092,conf/sigmod/CherniackZ96,True,3,ZsHfcZJwFQQJ,0.9889962922696598,0.8989497184014771,0.09004657386818271,0.6000000000000002,True,correct,DBLP,44,True,correct,Q2
1093,conf/vldb/ShuklaDN98,True,2,1eCp1f8DhasJ,0.9900156183095625,0.7265416751235025,0.26347394318606,0.6000000000000002,True,correct,DBLP,44,True,correct,Q2
1094,conf/vldb/Kotidis01,True,1,lRL4LmMtwnYJ,0.9817132017591773,0.000672192296807762,0.9810410094623695,0.6000000000000002,True,correct,DBLP,44,True,correct,Q4
1095,conf/sigmod/JosifovskiSHL02,True,1,xA9KNostV4cJ,0.976494299060752,0.00017624923596208243,0.97631804982479,0.6000000000000002,True,correct,DBLP,44,True,correct,Q4
1096,journals/tods/DeySB99,True,1,lUIjuGqk6q4J,0.9769376562310648,0.0015372869327832206,0.9754003692982816,0.6000000000000002,True,correct,DBLP,44,True,correct,Q4
1097,journals/sigmod/BarbaraBFLS94,True,4,url:http://portal.acm.org/citation.cfm%3Fid%3D187455,0.9822169193800634,0.9232688134832684,0.058948105896795,0.6000000000000002,True,correct,DBLP,44,True,correct,Q2
1098,conf/sigmod/MaddenSHR02,True,8,dLP8AfWQ7r0J,0.967213151945536,0.939562093678886,0.02765105826665004,0.6000000000000002,True,correct,DBLP,44,True,correct,Q1
1099,conf/sigmod/GeneserethKD97,True,3,2Nl65Vp7bxUJ,0.9387803107461788,0.873840815072098,0.06493949567408086,0.6000000000000002,True,correct,DBLP,44,True,correct,Q2
1100,conf/vldb/BernsteinHJRW00,True,3,KlPsHutXQi8J,0.9168461204030395,0.2873490338943474,0.6294970865086921,0.6000000000000002,True,correct,DBLP,44,True,correct,Q3
1101,journals/vldb/HelmerM03,True,2,fz4PKDuWGmoJ,0.9834797517081093,0.904848413821421,0.0786313378866883,0.6000000000000002,True,correct,DBLP,44,True,correct,Q2
1102,conf/vldb/GarciaLL98,True,2,5MO7a6e0-GQJ,0.9732897803349322,0.8791019883062353,0.09418779202869687,0.6000000000000002,True,correct,DBLP,44,True,correct,Q2
1103,conf/vldb/Campbell99,True,1,m1eeQnYWL0oJ,0.9817132303541906,0.0005934977722732758,0.9811197325819173,0.6000000000000002,True,correct,DBLP,44,True,correct,Q4
1104,conf/vldb/PolyzotisG02,True,1,krAZ7iDMEOQJ,0.9861388327506173,0.15350519187149927,0.8326336408791181,0.6000000000000002,True,correct,DBLP,44,True,correct,Q3
1105,conf/vldb/RaghavanG03,True,1,ma-ZRYj0pXIJ,0.9817132093357962,0.003236994996479878,0.9784762143393163,0.6000000000000002,True,correct,DBLP,44,True,correct,Q4
1106,conf/vldb/StillgerLMK01,True,3,k8EsgEuKhQ0J,0.9907435977514862,0.943453555907447,0.04729004184403929,0.6000000000000002,True,correct,DBLP,44,True,correct,Q1
1107,conf/sigmod/RamaswamyK95,True,3,g9Y0KAu_UHQJ,0.9408090690382486,0.9320340588904091,0.008775010147839435,0.6000000000000002,True,correct,DBLP,44,True,correct,Q1
1108,journals/tods/Snodgrass01a,False,0,zvcs9bbyoi0J,0.5418405638209512,0.4885365645899886,0.05330399923096263,0.6000000000000002,False,unmatched_abstention,DBLP,44,False,unmatched_abstention,Q1
1109,conf/vldb/JagadishNSSK97,True,2,ZG9yClLgWnsJ,0.9271630942444218,0.7995916237442223,0.12757147050019946,0.6000000000000002,True,correct,DBLP,44,True,correct,Q2
1110,conf/vldb/FlorescuHKLRWCSA03,True,2,1KSfxI44iGUJ,0.9608280512576466,0.9396030749407173,0.021224976316929323,0.6000000000000002,True,correct,DBLP,44,True,correct,Q1
1111,journals/sigmod/HellersteinHM03,True,1,6ussAgzdL6oJ,0.9911194963481967,0.004951357668784408,0.9861681386794123,0.6000000000000002,True,correct,DBLP,44,True,correct,Q4
1112,conf/sigmod/KiesslingHFE01,True,2,tNzM8E3W2K4J,0.9527173551013883,0.8917720379589804,0.06094531714240792,0.6000000000000002,True,correct,DBLP,44,True,correct,Q2
1113,journals/sigmod/ButtlerCCFHLPRX02,True,1,JScvAMYcsmoJ,0.8457540389324554,0.002322243444355319,0.8434317954881001,0.6000000000000002,True,correct,DBLP,44,True,correct,Q3
1114,conf/vldb/ShanmugasundaramSBCLPR00,True,4,HKM-zP0LT_UJ,0.9640288439779283,0.9277957090672909,0.0362331349106374,0.6000000000000002,True,correct,DBLP,44,True,correct,Q1
1115,conf/vldb/RezendeS98,True,1,niRuvMkp4r4J,0.9126794052973217,0.06956809812765435,0.8431113071696674,0.6000000000000002,True,correct,DBLP,44,True,correct,Q3
1116,conf/sigmod/EmbleyJN99,True,3,x8uC_9_IzUEJ,0.9488895712932801,0.9029567057076626,0.04593286558561749,0.6000000000000002,True,correct,DBLP,44,True,correct,Q1
1117,journals/sigmod/JukicV97,True,1,yZbJS0Cd6cAJ,0.9834645311072036,0.015148388914908103,0.9683161421922954,0.6000000000000002,True,correct,DBLP,44,True,correct,Q4
1118,conf/vldb/ChristopheBPV00,True,5,8DRB_dYz2CgJ,0.9907436180837574,0.9662758410876254,0.024467776996132007,0.6000000000000002,True,correct,DBLP,44,True,correct,Q1
1119,journals/vldb/EyalM01,True,1,ntrSSBumclMJ,0.9834797972470705,0.0032999802301049105,0.9801798170169655,0.6000000000000002,True,correct,DBLP,44,True,correct,Q4
1120,journals/sigmod/PalpanasPKG03,True,2,KQ6elbYA84QJ,0.9878534672563689,0.9610505966186527,0.026802870637716247,0.6000000000000002,True,correct,DBLP,44,True,correct,Q1
1121,journals/sigmod/Franklin98b,False,0,ntqMqfgRXM4J,0.5533496332776309,0.4873836434187696,0.06596598985886126,0.6000000000000002,False,unmatched_abstention,DBLP,44,False,unmatched_abstention,Q2
1122,conf/vldb/MengLLA03,True,2,_dOpWA3QWOEJ,0.9893689477987442,0.6641270640328726,0.3252418837658716,0.6000000000000002,True,correct,DBLP,44,True,correct,Q2
1123,journals/vldb/FangGM96,False,0,AWGtiQgXS7QJ,0.8380041109489255,0.12452495197723856,0.7134791589716869,0.6000000000000002,True,false_link,DBLP,44,True,false_link,Q3
1124,conf/vldb/KamelF94,True,8,A7WoAzxOJ9YJ,0.9659470123764992,0.9555346575804433,0.010412354796055845,0.6000000000000002,True,correct,DBLP,44,True,correct,Q1
1125,journals/sigmod/Winslett03a,False,0,oJtB__MYF4EJ,0.0007432552722731578,0.0006886977272108761,5.455754506228166e-05,0.6000000000000002,False,unmatched_abstention,DBLP,44,False,unmatched_abstention,Q1
1126,conf/vldb/Fox02,True,1,eybUiurX77sJ,0.990743610100892,0.2114527836249286,0.7792908264759634,0.6000000000000002,True,correct,DBLP,44,True,correct,Q3
1127,journals/sigmod/DogacDKOONEHAKKM95,True,6,UAO4T_2ylPkJ,0.9838728470902123,0.8172123360026895,0.16666051108752278,0.6000000000000002,True,correct,DBLP,44,True,correct,Q2
1128,journals/sigmod/EisenbergM99,True,4,Z1P9QnSfDuAJ,0.989645657004928,0.9779630736560229,0.011682583348905151,0.6000000000000002,True,correct,DBLP,44,True,correct,Q1
1129,conf/vldb/HardingLM03,False,0,_dOpWA3QWOEJ,0.0014431681414781138,0.0004917076518083115,0.0009514604896698023,0.6000000000000002,False,unmatched_abstention,DBLP,44,False,unmatched_abstention,Q1
1130,conf/sigmod/KornackerSH98,True,2,bV8_CDuW2gMJ,0.9910131908279984,0.9568512398531104,0.034161950974888056,0.6000000000000002,True,correct,DBLP,44,True,correct,Q1
1131,conf/sigmod/BergstraesserBPS99,True,2,qcZ2tYThtK0J,0.9552556606557085,0.7832365914864297,0.1720190691692789,0.6000000000000002,True,correct,DBLP,44,True,correct,Q2
1132,journals/sigmod/SalgadoE03,False,0,url:http://portal.acm.org/ft_gateway.cfm%3Fid%3D310062%26type%3Dpdf%26dl%3DGUIDE%26dl%3DACM%26CFID%3D11111111%26CFTOKEN%3D2222222,0.11211674455513969,0.0013823607758344759,0.11073438377930521,0.6000000000000002,False,unmatched_abstention,DBLP,44,True,false_link,Q2
1133,journals/sigmod/Sidell96,True,1,url:http://portal.acm.org/ft_gateway.cfm%3Fid%3D245906%26type%3Dpdf%26dl%3DGUIDE%26dl%3DACM%26CFID%3D11111111%26CFTOKEN%3D2222222,0.9911194937007742,0.06472863846617155,0.9263908552346027,0.6000000000000002,True,correct,DBLP,44,True,correct,Q3
1134,conf/sigmod/GunopulosD01,True,4,oYtmj53qV0UJ,0.514063402077433,0.17243724463380367,0.3416261574436293,0.6000000000000002,False,missing_match,DBLP,44,True,correct,Q2
1135,conf/sigmod/Mohan96,True,8,f9JfEpe5a24J,0.6260037707237334,0.3116095506336827,0.3143942200900507,0.6000000000000002,True,correct,DBLP,44,True,correct,Q2
1136,conf/sigmod/AbadiCCCCEGHMRSSTXYZ03,True,3,VuY9Y49GqXgJ,0.8792945518622893,0.8645455846636189,0.01474896719867047,0.6000000000000002,True,correct,DBLP,44,True,correct,Q1
1137,conf/sigmod/BlottRS96,True,5,4aSEl4haaq4J,0.9817985535470406,0.9746232402600319,0.007175313287008711,0.6000000000000002,True,correct,DBLP,44,True,correct,Q1
1138,journals/tods/JacoxS03,True,1,ujD_9YAZctUJ,0.9773573925724774,0.004450261333350885,0.9729071312391265,0.6000000000000002,True,correct,DBLP,44,True,correct,Q4
1139,conf/vldb/ChenHWW02,True,1,kgXRJZKRxZQJ,0.9905831965494862,0.05021175460571237,0.9403714419437739,0.6000000000000002,True,correct,DBLP,44,True,correct,Q3
1140,conf/vldb/PapadiasTS03,True,1,TmcyYF1CNsYJ,0.9817131947057134,0.13187453957660594,0.8498386551291075,0.6000000000000002,True,correct,DBLP,44,True,correct,Q3
1141,journals/sigmod/Wiegand02,True,1,RAcoVQuEzD8J,0.9911194832743164,0.0012181990403405082,0.9899012842339759,0.6000000000000002,True,correct,DBLP,44,True,correct,Q4
1142,conf/sigmod/YangWYH02,True,1,xsaovu54vl4J,0.9897421176015301,0.7757485035668727,0.21399361403465733,0.6000000000000002,True,correct,DBLP,44,True,correct,Q2
1143,journals/sigmod/CheungF98,True,2,ig7B9agTOMAJ,0.985697042341451,0.6591675737072635,0.3265294686341874,0.6000000000000002,True,correct,DBLP,44,True,correct,Q2
1144,conf/sigmod/Mohan94,True,4,Ft1YZIFfu0cJ,0.9859464863501733,0.9446445247773768,0.04130196157279653,0.6000000000000002,True,correct,DBLP,44,True,correct,Q1
1145,conf/sigmod/TheodoulidisAACKS94,True,2,srDgEOADv7cJ,0.9589607561141952,0.86837895821811,0.09058179789608523,0.6000000000000002,True,correct,DBLP,44,True,correct,Q2
1146,journals/sigmod/RossFLOSSVW00,False,0,tOa0zXK5Ba4J,0.5462610745081972,0.4808727328905062,0.06538834161769097,0.6000000000000002,False,unmatched_abstention,DBLP,44,False,unmatched_abstention,Q2
1147,journals/tods/BeneventanoBS03,True,1,rRH6Z1oP78cJ,0.9843339969932747,0.24765015302429516,0.7366838439689796,0.6000000000000002,True,correct,DBLP,44,True,correct,Q3
1148,conf/sigmod/HellersteinHW97,True,5,K6752bGaG2QJ,0.881694219640775,0.7735582207988811,0.10813599884189384,0.6000000000000002,True,correct,DBLP,44,True,correct,Q2
1149,conf/sigmod/OzdenRSS96,True,1,-NqtWdEMQkgJ,0.9789161179944573,0.05303424359656415,0.9258818743978932,0.6000000000000002,True,correct,DBLP,44,True,correct,Q3
1150,conf/vldb/SadriZZA01,True,2,89l6j2Mbe2kJ,0.9763476517149099,0.8839004722447226,0.09244717947018732,0.6000000000000002,True,correct,DBLP,44,True,correct,Q2
1151,conf/sigmod/Fernandez94,True,1,PmrthJYk66cJ,0.9789258085282188,0.00017359279764159652,0.9787522157305771,0.6000000000000002,True,correct,DBLP,44,True,correct,Q4
1152,journals/sigmod/BichlerSZ98,True,2,fQNdA5cjapAJ,0.9905996939908722,0.7707585185278604,0.21984117546301185,0.6000000000000002,True,correct,DBLP,44,True,correct,Q2
1153,conf/vldb/TreschPL95,True,1,1rPUqMFsS3AJ,0.9817132134412903,0.36395283236678533,0.6177603810745049,0.6000000000000002,True,correct,DBLP,44,True,correct,Q3
1154,conf/vldb/GyssensL97,True,8,7jSBx3h3cvUJ,0.9586907941309378,0.922793415262782,0.035897378868155805,0.6000000000000002,True,correct,DBLP,44,True,correct,Q1
1155,conf/sigmod/HuangSW94,True,2,5Chw6HN64vEJ,0.9892283146995337,0.2647699303893627,0.724458384310171,0.6000000000000002,True,correct,DBLP,44,True,correct,Q3
1156,conf/vldb/LiRS99,True,2,Bf44yXvb6EAJ,0.8707508393567314,0.6850444933243662,0.18570634603236513,0.6000000000000002,True,correct,DBLP,44,True,correct,Q2
1157,conf/sigmod/GoyalHKMSZ97,True,2,OcGPxRYxbsUJ,0.9440513016555376,0.3323359169785645,0.6117153846769732,0.6000000000000002,True,correct,DBLP,44,True,correct,Q3
1158,journals/tods/Meo00,True,1,NQShGztSLaoJ,0.9843340053711483,0.0011537228878485686,0.9831802824832998,0.6000000000000002,True,correct,DBLP,44,True,correct,Q4
1159,conf/vldb/KeidlSSK02,True,2,dTval1yE6p8J,0.9907436051185187,0.8518893688823647,0.138854236236154,0.6000000000000002,True,correct,DBLP,44,True,correct,Q2
1160,conf/vldb/Spintzik95,True,1,QcD01ZjsNcIJ,0.9817131968824824,0.001750195651282589,0.9799630012311998,0.6000000000000002,True,correct,DBLP,44,True,correct,Q4
1161,journals/sigmod/Datta94,True,2,PPH2NlobSwsJ,0.9911194774252273,0.9763894091204298,0.014730068304797506,0.6000000000000002,True,correct,DBLP,44,True,correct,Q1
1162,conf/sigmod/DeshpandeGR01,True,2,knAoAIpo7hYJ,0.9912053687157151,0.8372677083996088,0.15393766031610623,0.6000000000000002,True,correct,DBLP,44,True,correct,Q2
1163,journals/sigmod/Alonso95a,False,0,8Ge2xzsWVhAJ,0.005110717334972234,0.004073433424320772,0.0010372839106514622,0.6000000000000002,False,unmatched_abstention,DBLP,44,False,unmatched_abstention,Q1
1164,conf/vldb/VermeerA96,True,1,bEddMdwB2_4J,0.949300790212566,0.009102941866656781,0.9401978483459091,0.6000000000000002,True,correct,DBLP,44,True,correct,Q3
1165,conf/vldb/ChakrabartiM00,True,2,7P1LlDStRGYJ,0.9907436230661237,0.8652998164824858,0.12544380658363796,0.6000000000000002,True,correct,DBLP,44,True,correct,Q2
1166,conf/vldb/ChakrabartiSD98,True,3,wnke8ff8hYUJ,0.9907436033497072,0.8095382202977885,0.1812053830519187,0.6000000000000002,True,correct,DBLP,44,True,correct,Q2
1167,conf/sigmod/LometT03,True,1,GidOUF_Jd4oJ,0.8841464221617884,0.08571649934866825,0.7984299228131202,0.6000000000000002,True,correct,DBLP,44,True,correct,Q3
1168,conf/vldb/OlstonW00,True,5,R_hYW6eIUuYJ,0.9907436230661237,0.9459507266575966,0.04479289640852713,0.6000000000000002,True,correct,DBLP,44,True,correct,Q1
1169,conf/vldb/NgH94,True,14,6OfJSMB4vOcJ,0.9748110133965143,0.9698548660959848,0.004956147300529512,0.6000000000000002,True,correct,DBLP,44,True,correct,Q1
1170,conf/sigmod/DeHaanTCO03,True,4,gyYBYgpB63sJ,0.9801101580630455,0.9098766522583728,0.07023350580467269,0.6000000000000002,True,correct,DBLP,44,True,correct,Q2
1171,conf/sigmod/VanceM96,True,4,CMMaMlYwgPkJ,0.991205379042231,0.9708828697947273,0.020322509247503784,0.6000000000000002,True,correct,DBLP,44,True,correct,Q1
1172,conf/vldb/Chiueh94,True,3,nOF-SuSEaaEJ,0.9907436187405981,0.8753282201328294,0.11541539860776873,0.6000000000000002,True,correct,DBLP,44,True,correct,Q2
1173,journals/vldb/SteinbrunnMK97,True,2,nwwVf5FGX4QJ,0.9834797799705002,0.9115244941768168,0.07195528579368338,0.6000000000000002,True,correct,DBLP,44,True,correct,Q2
1174,journals/tods/HjaltasonS99,True,3,xuoJNqOArTsJ,0.9759097095079337,0.962148519864022,0.013761189643911709,0.6000000000000002,True,correct,DBLP,44,True,correct,Q1
1175,conf/vldb/MaratheS97,True,2,vBUROMKYmQYJ,0.9634258741752386,0.002855926354910999,0.9605699478203276,0.6000000000000002,True,correct,DBLP,44,True,correct,Q4
1176,journals/vldb/BernsteinIR03,True,1,cDN9oOqsTE0J,0.6070593311147606,0.5829898635716162,0.02406946754314443,0.6000000000000002,True,false_link,DBLP,44,True,false_link,Q1
1177,journals/vldb/SheikholeslamiCZ00,True,3,Eo0JhvpLGj0J,0.9825101203333865,0.7306651323331892,0.2518449880001973,0.6000000000000002,True,correct,DBLP,44,True,correct,Q2
1178,conf/vldb/Blecken00,True,1,hCSzil0nuVEJ,0.981713199582409,0.00044936207744174835,0.9812638375049673,0.6000000000000002,True,correct,DBLP,44,True,correct,Q4
1179,conf/sigmod/AcharyaGPR99a,True,7,EpUtXEhwDaUJ,0.9590809024897422,0.9102254467787779,0.04885545571096428,0.6000000000000002,True,correct,DBLP,44,True,correct,Q1
1180,journals/sigmod/Date96,True,1,url:http://portal.acm.org/citation.cfm%3Fid%3D245882.245885%26coll%3DGUIDE%26dl%3DACM%26idx%3DJ689%26part%3Dperiodical%26WantType%3Dperiodical%26title%3DACM%2520SIGMOD%2520Record%26CFID%3D11111111%26CFTOKEN%3D2222222,0.9590143311093021,0.042651547700266614,0.9163627834090355,0.6000000000000002,True,correct,DBLP,44,True,correct,Q3
1181,journals/tods/DekhtyarRS01,True,6,jZShiF9wrikJ,0.9762859426327122,0.9471047602690973,0.029181182363614888,0.6000000000000002,True,correct,DBLP,44,True,correct,Q1
1182,conf/sigmod/SionAP03,True,1,_L0DhCpFaXMJ,0.8285260595482229,0.5234983671394772,0.3050276924087457,0.6000000000000002,True,correct,DBLP,44,True,correct,Q2
1183,conf/vldb/YangLH03,True,1,hUMTG7HNlyAJ,0.9872530255143673,0.029002637056458322,0.958250388457909,0.6000000000000002,True,correct,DBLP,44,True,correct,Q4
1184,conf/vldb/Vaskevitch95,True,1,s6Ax0WdZp6IJ,0.9817132017591773,0.01329829800933646,0.9684149037498408,0.6000000000000002,True,correct,DBLP,44,True,correct,Q4
1185,conf/sigmod/DobraGGR02,True,2,v7A9Otp7OjsJ,0.9896473493263473,0.709560150782113,0.28008719854423436,0.6000000000000002,True,correct,DBLP,44,True,correct,Q2
1186,journals/tods/Jimenez-PerisPAK03,True,2,yj7oLWfPR4gJ,0.9827991583253616,0.9102143434874609,0.07258481483790069,0.6000000000000002,True,correct,DBLP,44,True,correct,Q2
1187,conf/vldb/WuYCT95,True,2,A5s_U6Ixg3EJ,0.9568424523150556,0.45726678093522594,0.49957567137982967,0.6000000000000002,True,correct,DBLP,44,True,correct,Q3
1188,conf/vldb/LometT95,True,3,7KawVN8Kj10J,0.9709450995078098,0.9652604487644252,0.005684650743384645,0.6000000000000002,True,correct,DBLP,44,True,correct,Q1
1189,conf/sigmod/Olson95,True,1,nJycrIdh5E4J,0.9858582849806289,0.4467679036576821,0.5390903813229468,0.6000000000000002,True,correct,DBLP,44,True,correct,Q3
1190,conf/sigmod/LivnyRBCDLMW97,True,4,9Ho84Ho6xuIJ,0.8688631743045718,0.84310570131906,0.025757472985511787,0.6000000000000002,True,correct,DBLP,44,True,correct,Q1
1191,journals/sigmod/LudascherMM01,True,2,16yr6uv8Rn8J,0.9032014635383623,0.1497965233721301,0.7534049401662322,0.6000000000000002,True,correct,DBLP,44,True,correct,Q3
1192,journals/sigmod/SchlageterBHMSW95,True,2,url:http://portal.acm.org/citation.cfm%3Fid%3D202672,0.9614001984294087,0.6733003104208086,0.2880998880086001,0.6000000000000002,True,correct,DBLP,44,True,correct,Q2
1193,journals/sigmod/LaenderRST02,True,4,paQAZ2KXFgAJ,0.9838335943764601,0.95444440283752,0.02938919153894015,0.6000000000000002,True,correct,DBLP,44,True,correct,Q1
1194,conf/vldb/Bowker00,True,1,fAHjV8C1hLcJ,0.9752864379392148,0.0028598326046403283,0.9724266053345745,0.6000000000000002,True,correct,DBLP,44,True,correct,Q4
1195,conf/vldb/BaralisW94,True,2,q-td2YANr18J,0.9817132284254652,0.9096463577030558,0.07206687072240936,0.6000000000000002,True,correct,DBLP,44,True,correct,Q2
1196,conf/vldb/KnorrN99,True,2,7lkCBMe603kJ,0.9819161183117214,0.6125189219474825,0.36939719636423896,0.6000000000000002,True,correct,DBLP,44,True,correct,Q2
1197,journals/tods/FraternaliT95,True,3,8k0tS22xvPcJ,0.984333998863055,0.9699693706773314,0.014364628185723594,0.6000000000000002,True,correct,DBLP,44,True,correct,Q1
1198,conf/vldb/RamanH01,True,2,8PPmw6A0XfkJ,0.9901064334844353,0.40489306289637567,0.5852133705880596,0.6000000000000002,True,correct,DBLP,44,True,correct,Q3
1199,conf/sigmod/KornackerMH97,True,4,v34_ZFX7kZYJ,0.9648819384995272,0.9595424379301215,0.005339500569405686,0.6000000000000002,True,correct,DBLP,44,True,correct,Q1
1200,journals/vldb/MihailaRT02,True,1,my7mYCzEEJAJ,0.980167250046888,0.01406388892402912,0.9661033611228589,0.6000000000000002,True,correct,DBLP,44,True,correct,Q4
1201,conf/vldb/DattaDTVRF01,True,3,rDObsYKVroMJ,0.9361085100456242,0.76767418428577,0.1684343257598543,0.6000000000000002,True,correct,DBLP,44,True,correct,Q2
1202,conf/vldb/LudasaherGM00,True,1,H4hHa7dQdSAJ,0.9792140546340764,0.5863012277085817,0.3929128269254947,0.6000000000000002,True,correct,DBLP,44,True,correct,Q2
1203,journals/tods/GhandeharizadehHJ96,True,3,axMI0TqrxxQJ,0.9578670494739123,0.9411867818627019,0.016680267611210442,0.6000000000000002,True,correct,DBLP,44,True,correct,Q1
1204,conf/sigmod/CareyFZ94,True,5,EN1nFWJxnoIJ,0.9828826060474701,0.9320768247982485,0.05080578124922164,0.6000000000000002,True,correct,DBLP,44,True,correct,Q1
1205,conf/vldb/SeshadriLR97,True,8,kIzNmOrszKoJ,0.9817132043308145,0.9739401064761349,0.0077730978546796115,0.6000000000000002,True,correct,DBLP,44,True,correct,Q1
1206,conf/vldb/AltinelF00,True,4,MGdQ5QpvlQYJ,0.9299958998188121,0.9085151150587757,0.021480784760036453,0.6000000000000002,True,correct,DBLP,44,True,correct,Q1
1207,journals/sigmod/Baeza-YatesN96,True,4,1avO1fqtQ6QJ,0.9911194984826341,0.9419691816946588,0.04915031678797532,0.6000000000000002,True,correct,DBLP,44,True,correct,Q1
1208,conf/sigmod/GuptaHR97,True,2,pGix0qZ6Uz4J,0.9912053639796832,0.8940976649075375,0.09710769907214567,0.6000000000000002,True,correct,DBLP,44,True,correct,Q2
1209,conf/vldb/Raghavan96,True,1,zuVOWDbv0lsJ,0.9487377916797726,0.0007663474052717412,0.9479714442745009,0.6000000000000002,True,correct,DBLP,44,True,correct,Q3
1210,conf/sigmod/GuptaLM03,True,1,iCg06Oc9DV8J,0.9825000774055533,0.0014677638425842079,0.9810323135629692,0.6000000000000002,True,correct,DBLP,44,True,correct,Q4
1211,conf/vldb/BlokWZPAKJ01,True,2,jxPqWIuxhvwJ,0.9665734673468036,0.8753359131046513,0.0912375542421523,0.6000000000000002,True,correct,DBLP,44,True,correct,Q2
1212,journals/sigmod/Labrinidis01,False,0,url:http://portal.acm.org/citation.cfm%3Fid%3D604264.604283%26coll%3DGUIDE%26dl%3DACM%26type%3Dissue%26idx%3DJ689%26part%3Dperiodical%26WantType%3Dperiodical%26title%3DACM%2520SIGMOD%2520Record%26CFID%3D11111111%26CFTOKEN%3D2222222,0.6626572932285503,0.002915480312505454,0.6597418129160448,0.6000000000000002,True,false_link,DBLP,44,True,false_link,Q3
1213,conf/vldb/LiHKSPAC02,False,0,eSC19V7zgtsJ,0.0024146179009804803,0.002363353581487927,5.126431949255316e-05,0.6000000000000002,False,unmatched_abstention,DBLP,44,False,unmatched_abstention,Q1
1214,conf/sigmod/AdelbergGK95,True,1,NbLabaGWoh4J,0.9912053639796832,0.0007170852508542424,0.9904882787288289,0.6000000000000002,True,correct,DBLP,44,True,correct,Q4
1215,journals/sigmod/TanK03,True,2,qIzj09N-Qr8J,0.9911194774252273,0.8109498655614533,0.180169611863774,0.6000000000000002,True,correct,DBLP,44,True,correct,Q2
1216,conf/sigmod/Moore95,True,1,uh57sQuxYuIJ,0.9855039499270007,0.39945970285595006,0.5860442470710507,0.6000000000000002,True,correct,DBLP,44,True,correct,Q3
1217,conf/vldb/OzsuLON01,True,2,qqdXmdgAaMgJ,0.9695145756133317,0.894586011500334,0.07492856411299764,0.6000000000000002,True,correct,DBLP,44,True,correct,Q2
1218,conf/vldb/StolteA02,True,1,N3Bry6sSMw8J,0.9907436198525663,0.008528231687053777,0.9822153881655126,0.6000000000000002,True,correct,DBLP,44,True,correct,Q4
1219,journals/sigmod/Finkelstein95,True,1,gbnxN3MpucMJ,0.9899983677746141,0.008551724120694262,0.9814466436539199,0.6000000000000002,True,correct,DBLP,44,True,correct,Q4
1220,journals/sigmod/Libkin99a,False,0,url:http://portal.acm.org/citation.cfm%3Fid%3D565117.565142%26dl%3DGUIDE%26dl%3DACM%26type%3Dissue%26idx%3DJ689%26part%3Dperiodical%26WantType%3Dperiodical%26title%3DACM%2520SIGMOD%2520Record%26CFID%3D11111111%26CFTOKEN%3D2222222,0.7498968717399386,0.0009302336207428134,0.7489666381191957,0.6000000000000002,True,false_link,DBLP,44,True,false_link,Q3
1221,conf/vldb/LamKR02,True,1,GdvZvvRTXIAJ,0.990743610100892,0.003526946494102037,0.98721666360679,0.6000000000000002,True,correct,DBLP,44,True,correct,Q4
1222,journals/tods/CiacciaTZ96,True,1,rkCKzi1v0-0J,0.9843340080062263,0.0007778487199792887,0.983556159286247,0.6000000000000002,True,correct,DBLP,44,True,correct,Q4
1223,conf/vldb/Graefe99,True,1,3m-KKBVF8KkJ,0.9817131989394994,0.05439518769879742,0.927318011240702,0.6000000000000002,True,correct,DBLP,44,True,correct,Q3
1224,conf/sigmod/Weininger00,True,1,url:http://portal.acm.org/citation.cfm%3Fid%3D335465,0.9854265842390241,0.0004784620123704776,0.9849481222266536,0.6000000000000002,True,correct,DBLP,44,True,correct,Q4
1225,conf/sigmod/SeidlK98,True,2,TodiMgxv4vMJ,0.9269234524265358,0.8717495888313117,0.05517386359522414,0.6000000000000002,True,correct,DBLP,44,True,correct,Q1
1226,conf/sigmod/KementsietsidisAM03,True,4,uCU2G94_fOIJ,0.9908169800246349,0.9723209110673533,0.01849606895728162,0.6000000000000002,True,correct,DBLP,44,True,correct,Q1
1227,conf/vldb/VeltriCV01,True,2,SdVmepmUgQIJ,0.9339030069611621,0.8323651589989911,0.10153784796217102,0.6000000000000002,True,false_link,DBLP,44,True,false_link,Q2
1228,journals/tods/LiuDL02,True,1,TSvYx-eQvykJ,0.9835915914322025,0.006875046638690206,0.9767165447935123,0.6000000000000002,True,correct,DBLP,44,True,correct,Q4
1229,journals/sigmod/Ozsu02,False,0,NHxHsUH9L5MJ,0.07775115609904645,0.05479562322247382,0.022955532876572635,0.6000000000000002,False,unmatched_abstention,DBLP,44,False,unmatched_abstention,Q1
1230,journals/sigmod/Aberer03b,True,1,url:http://portal.acm.org/ft_gateway.cfm%3Fid%3D604274%26type%3Dpdf%26dl%3DGUIDE%26dl%3DACM%26CFID%3D11111111%26CFTOKEN%3D2222222,0.9845315333589912,0.752411313529286,0.2321202198297052,0.6000000000000002,True,false_link,DBLP,44,False,missing_match,Q2
1231,conf/sigmod/Grust02,True,3,-3LAxRNpDJIJ,0.957471122592101,0.9049962327736903,0.05247488981841064,0.6000000000000002,True,correct,DBLP,44,True,correct,Q1
1232,conf/vldb/DagevilleZ02,True,1,x9bmOZxOlE8J,0.9907436198525663,0.0032679582138871433,0.9874756616386792,0.6000000000000002,True,correct,DBLP,44,True,correct,Q4
1233,conf/sigmod/Ojjeh99,True,2,url:http://portal.acm.org/ft_gateway.cfm%3Fid%3D304245%26type%3Dpdf%26dl%3DGUIDE%26dl%3DACM%26CFID%3D11111111%26CFTOKEN%3D2222222,0.9598621018969792,0.03290360315019287,0.9269584987467863,0.6000000000000002,True,correct,DBLP,44,True,correct,Q3
1234,conf/vldb/CandanALPH02,False,0,cUHoPtgmTMgJ,0.007379641891649429,0.005797721519794709,0.0015819203718547203,0.6000000000000002,False,unmatched_abstention,DBLP,44,False,unmatched_abstention,Q1
1235,journals/sigmod/LiefkeS00,True,2,N0eowMtIAukJ,0.991119482207096,0.5183850450817516,0.47273443712534435,0.6000000000000002,True,correct,DBLP,44,True,correct,Q3
1236,journals/tods/KossmannS00,True,2,PnGVbzQCWY0J,0.9843340217686141,0.3128761969546742,0.6714578248139398,0.6000000000000002,True,correct,DBLP,44,True,correct,Q3
1237,journals/sigmod/AtkinsonDJPS96,True,5,JHVWab3P4zIJ,0.9647772418520988,0.9413146385084772,0.023462603343621602,0.6000000000000002,True,correct,DBLP,44,True,correct,Q1
1238,journals/vldb/LawLG99,True,1,TOXrbhbbNJ4J,0.9786697848392455,0.00042224279409653275,0.978247542045149,0.6000000000000002,True,correct,DBLP,44,True,correct,Q4
1239,conf/vldb/ZhouS03,True,1,NlDvk5J0WwEJ,0.9817132284254652,0.0026972766276964263,0.9790159517977687,0.6000000000000002,True,correct,DBLP,44,True,correct,Q4
1240,journals/sigmod/X95,False,0,url:http://ieeexplore.ieee.org/iel5/2/4048/x0715521.pdf,0.04780545747612848,0.001465264352841786,0.046340193123286695,0.6000000000000002,False,unmatched_abstention,DBLP,44,False,unmatched_abstention,Q1
1241,conf/vldb/RahmM95,True,2,6ioboOxJvQIJ,0.9814857295846731,0.9549422053189568,0.026543524265716267,0.6000000000000002,True,correct,DBLP,44,True,correct,Q1
1242,conf/sigmod/AcharyaAFZ95,True,10,rO4-yA3tlfoJ,0.9904567155907714,0.973496332749517,0.01696038284125445,0.6000000000000002,True,correct,DBLP,44,True,correct,Q1
1243,conf/sigmod/BilirisFOP96,True,1,VakyeJZNPM0J,0.9426357519773336,0.002027546691048095,0.9406082052862855,0.6000000000000002,True,correct,DBLP,44,True,correct,Q3
1244,journals/vldb/BerendtS00,True,3,_0meUij3ZJEJ,0.9834797780004779,0.9713284379156544,0.012151340084823548,0.6000000000000002,True,correct,DBLP,44,True,correct,Q1
1245,conf/sigmod/ChaudhuriN98,True,5,99oqRZGWAYMJ,0.9596103764540599,0.8899277352311326,0.06968264122292733,0.6000000000000002,True,correct,DBLP,44,True,correct,Q2
1246,journals/vldb/AntoshenkovZ96,True,2,N8syKKPN6IoJ,0.9834797558368982,0.8087988360297639,0.1746809198071343,0.6000000000000002,True,correct,DBLP,44,True,correct,Q2
1247,journals/sigmod/Snodgrass99b,False,0,tOa0zXK5Ba4J,0.5161818488594272,0.4930412462974512,0.023140602561975976,0.6000000000000002,False,unmatched_abstention,DBLP,44,False,unmatched_abstention,Q1
1248,conf/sigmod/ChaudhuriDY95,True,2,aaQEdfkjWN8J,0.9905543170459585,0.9619551927280359,0.028599124317922664,0.6000000000000002,True,correct,DBLP,44,True,correct,Q1
1249,conf/sigmod/Squire95,True,1,ery6k1e8h_sJ,0.9855039478805772,0.003057108996711943,0.9824468388838652,0.6000000000000002,True,correct,DBLP,44,True,correct,Q4
1250,conf/vldb/JonscherD94,True,3,1R21hO7j9sQJ,0.9893738467471761,0.8220942667780967,0.16727957996907938,0.6000000000000002,True,correct,DBLP,44,True,correct,Q2
1251,conf/vldb/Deshpande00,True,1,2DiLFd0rgPgJ,0.9817132119074323,0.0016471353642985196,0.9800660765431338,0.6000000000000002,True,correct,DBLP,44,True,correct,Q4
1252,conf/vldb/Gawlick96,True,1,Y5OJk6_D-ZUJ,0.9817132065075822,0.0008218333229508927,0.9808913731846313,0.6000000000000002,True,correct,DBLP,44,True,correct,Q4
1253,conf/vldb/CosleyLP02,True,2,BTalXWt3faUJ,0.9896353961285066,0.3048488798136024,0.6847865163149042,0.6000000000000002,True,correct,DBLP,44,True,correct,Q3
1254,journals/tods/Jagadish95,True,1,gDFpwto83b4J,0.977441943811282,0.0016101366783982049,0.9758318071328839,0.6000000000000002,True,correct,DBLP,44,True,correct,Q4
1255,journals/vldb/Li03,True,3,HlXyqUIDobMJ,0.9834797647599298,0.9436878049635407,0.039791959796389165,0.6000000000000002,True,correct,DBLP,44,True,correct,Q1
1256,journals/tods/GibbonsMP02,True,1,QKnjF3UgncMJ,0.982963990139988,0.04516741915733075,0.9377965709826572,0.6000000000000002,True,correct,DBLP,44,True,correct,Q3
1257,conf/sigmod/RundensteinerCLCZNJLW99,True,1,SADcQZhMqgEJ,0.9711445175454176,0.00042265675045759904,0.97072186079496,0.6000000000000002,True,correct,DBLP,44,True,correct,Q4
1258,conf/sigmod/VingralekBW94,True,2,rM8Ecg1WL4kJ,0.9912053676587244,0.5339648995105417,0.45724046814818264,0.6000000000000002,True,correct,DBLP,44,True,correct,Q3
1259,conf/vldb/RoussopoulosK98,True,1,Mg0A5yz-_wYJ,0.9907436008585191,0.18953234396964105,0.8012112568888781,0.6000000000000002,True,correct,DBLP,44,True,correct,Q3
1260,conf/vldb/IyerW94,True,1,5smJVUm1KAYJ,0.9847947607538747,0.06013052193541259,0.9246642388184622,0.6000000000000002,True,correct,DBLP,44,True,correct,Q3
1261,conf/sigmod/ThaperGIK02,True,4,6a1G1MBvuWcJ,0.9726803849953651,0.9725983787586917,8.200623667342644e-05,0.6000000000000002,True,correct,DBLP,44,True,correct,Q1
1262,conf/vldb/MatthesS94,True,2,KRLEL-N4Ce8J,0.9806018607607153,0.4101964482414469,0.5704054125192684,0.6000000000000002,True,correct,DBLP,44,True,correct,Q3
1263,conf/vldb/DayalHL01,True,3,0XYRlW9tvw8J,0.9907436051185187,0.6863545418198967,0.3043890632986219,0.6000000000000002,True,correct,DBLP,44,True,correct,Q2
1264,conf/sigmod/TomasicGS94,True,3,kRHYZELNeoIJ,0.9880239859040401,0.9626941367883441,0.025329849115695913,0.6000000000000002,True,correct,DBLP,44,True,correct,Q1
1265,conf/vldb/YuSLJ02,True,3,6EJ6A2y_U1IJ,0.9885359979629955,0.9515583015542337,0.036977696408761807,0.6000000000000002,True,correct,DBLP,44,True,correct,Q1
1266,journals/sigmod/Date03,True,1,y4ZZN4xhKnUJ,0.9887549088294684,0.00011199477693661637,0.9886429140525318,0.6000000000000002,True,correct,DBLP,44,True,correct,Q4
1267,journals/vldb/NgC98,True,2,J7mY8RlpTKMJ,0.9743295942701644,0.8569605701929877,0.11736902407717675,0.6000000000000002,True,correct,DBLP,44,True,correct,Q2
1268,conf/vldb/GravanoG97,True,2,CduLyvAaxVsJ,0.9817132017591773,0.24278313910294755,0.7389300626562297,0.6000000000000002,True,correct,DBLP,44,True,correct,Q3
1269,journals/sigmod/X94,False,0,V3C6Q9Ki3FAJ,0.16585841484982478,0.06829017318272823,0.09756824166709654,0.6000000000000002,False,unmatched_abstention,DBLP,44,True,false_link,Q2
1270,journals/sigmod/Qian95,False,0,b2M1brcM64wJ,0.000519756254879419,0.0003291187002570929,0.0001906375546223261,0.6000000000000002,False,unmatched_abstention,DBLP,44,False,unmatched_abstention,Q1
1271,conf/vldb/GardarinST96,True,4,OHR5iQWPuyYJ,0.9805329410948068,0.8928410906980611,0.08769185039674576,0.6000000000000002,True,correct,DBLP,44,True,correct,Q2
1272,conf/sigmod/CareyK97,True,5,b_lpj8wu7BEJ,0.8156578262643922,0.6559788475972879,0.15967897866710434,0.6000000000000002,True,correct,DBLP,44,True,correct,Q2
1273,conf/vldb/BerchtoldKK96,True,13,WnYVibh8fxUJ,0.9510331675431568,0.8830985583594111,0.06793460918374572,0.6000000000000002,True,correct,DBLP,44,True,correct,Q2
1274,journals/tods/Chen95a,True,1,qexCEm3QaUgJ,0.9843339977585742,0.2283391999488424,0.7559947978097319,0.6000000000000002,True,correct,DBLP,44,True,correct,Q3
1275,conf/sigmod/PeiMHZ00,True,1,UyhrqiH_-MoJ,0.9636299974820411,0.00046207046686712555,0.9631679270151741,0.6000000000000002,True,correct,DBLP,44,True,correct,Q4
1276,conf/sigmod/KalnisNOPT02,True,2,ipAB8UMS7QkJ,0.9494453597289778,0.3886906051428641,0.5607547545861138,0.6000000000000002,True,correct,DBLP,44,True,correct,Q3
1277,conf/sigmod/IoannidisP95,True,3,bv21uJEzUwAJ,0.9868344079097772,0.9305567678544491,0.05627764005532809,0.6000000000000002,True,correct,DBLP,44,True,correct,Q1
1278,journals/tods/TaoPZ02,True,1,CxBJwFNdozAJ,0.9843340484136891,0.0007079775356119717,0.9836260708780771,0.6000000000000002,True,correct,DBLP,44,True,correct,Q4
1279,journals/sigmod/Winslett01,True,1,m2Mf-4BgLP4J,0.5824278807228153,0.0009895016742741663,0.5814383790485411,0.6000000000000002,False,missing_match,DBLP,44,True,correct,Q3
1280,conf/sigmod/Mamoulis03,True,1,8-eaDTdtfY4J,0.9912053629226919,0.07059658073381717,0.9206087821888748,0.6000000000000002,True,correct,DBLP,44,True,correct,Q3
1281,conf/sigmod/VriesMNK02,True,1,dVn0Led5JLAJ,0.9801074914831212,0.0009067960383637191,0.9792006954447574,0.6000000000000002,True,correct,DBLP,44,True,correct,Q4
1282,conf/sigmod/Perna95,True,1,url:http://portal.acm.org/ft_gateway.cfm%3Fid%3D223872%26type%3Dpdf%26dl%3DGUIDE%26dl%3DACM%26CFID%3D11111111%26CFTOKEN%3D2222222,0.9613937140907196,0.0019077663740409707,0.9594859477166786,0.6000000000000002,True,correct,DBLP,44,True,correct,Q4
1283,conf/vldb/LifantsevC02,True,1,gPvyDDUyrg4J,0.990743610100892,0.0003220549948042725,0.9904215551060876,0.6000000000000002,True,correct,DBLP,44,True,correct,Q4
1284,journals/sigmod/BusslerFM02,True,5,RaOQG4YyzM4J,0.9911194832743164,0.9689683914859649,0.022151091788351507,0.6000000000000002,True,correct,DBLP,44,True,correct,Q1
1285,journals/sigmod/EisenbergM00,True,3,4mD1eFCHKKwJ,0.9899983831915324,0.6652583010270691,0.3247400821644634,0.6000000000000002,True,correct,DBLP,44,True,correct,Q2
1286,journals/sigmod/Aberer03c,True,1,url:http://portal.acm.org/citation.cfm%3Fid%3D945721.945727%26coll%3DGUIDE%26dl%3DACM%26idx%3DJ689%26part%3Dperiodical%26WantType%3Dperiodical%26title%3DACM%2520SIGMOD%2520Record%26CFID%3D11111111%26CFTOKEN%3D2222222,0.6358479007479664,0.5931006644078385,0.04274723634012789,0.6000000000000002,True,correct,DBLP,44,True,correct,Q1
1287,conf/sigmod/KalnisP01,True,1,-UHxodSX8oMJ,0.9585405352550257,0.002445829252137461,0.9560947060028883,0.6000000000000002,True,correct,DBLP,44,True,correct,Q4
1288,journals/sigmod/FernandezFLS97,True,4,9NlVdFCl2ysJ,0.9821206462121633,0.895271335436412,0.08684931077575131,0.6000000000000002,True,correct,DBLP,44,True,correct,Q2
1289,conf/vldb/Rengarajan96,False,0,QDZuJrElFzIJ,0.0124907796416539,0.0003824261750171787,0.012108353466636721,0.6000000000000002,False,unmatched_abstention,DBLP,44,False,unmatched_abstention,Q1
1290,conf/vldb/StaudtJ96,True,2,6moFnThDHW0J,0.9907436112128611,0.915137659725804,0.07560595148705718,0.6000000000000002,True,correct,DBLP,44,True,correct,Q2
1291,conf/vldb/FerrandinaMZ94,True,1,yQ2TMZ92GaIJ,0.9907436040065488,0.6005061408204446,0.3902374631861042,0.6000000000000002,True,correct,DBLP,44,True,correct,Q2
1292,conf/vldb/BassiliadesV95,True,2,url:http://portal.acm.org/citation.cfm%3Fid%3D673137,0.9817132017591773,0.7937095956925032,0.1880036060666741,0.6000000000000002,True,correct,DBLP,44,True,correct,Q2
1293,conf/sigmod/DasGR03,True,1,JaJKfzmaEBYJ,0.9606968942722222,0.04172683010579186,0.9189700641664303,0.6000000000000002,True,correct,DBLP,44,True,correct,Q3
1294,conf/vldb/PantiSG00,True,1,C7Vuxp5KVsAJ,0.9907436040065488,0.013904707190636178,0.9768388968159126,0.6000000000000002,True,correct,DBLP,44,True,correct,Q4
1295,journals/sigmod/FlorescuLM98,True,9,_SR_pRTnA6IJ,0.9911194774252273,0.9575415563940277,0.03357792103119961,0.6000000000000002,True,correct,DBLP,44,True,correct,Q1
1296,conf/vldb/GrovlenHT98,True,2,SDXBxc0lIeYJ,0.8794996283671189,0.7972526297183204,0.08224699864879847,0.6000000000000002,True,correct,DBLP,44,True,correct,Q2
1297,conf/sigmod/Spiro98,True,1,u4ZAi-DRoHkJ,0.9596103764540599,0.000989968678710871,0.9586204077753491,0.6000000000000002,True,correct,DBLP,44,True,correct,Q4
1298,conf/vldb/LahiriSCMC01,True,1,MbzMAsLHlfEJ,0.9761933200190911,0.0005245708235047338,0.9756687491955863,0.6000000000000002,True,correct,DBLP,44,True,correct,Q4
1299,conf/sigmod/GangulyGR03,True,1,Di-EjDZ_abYJ,0.9890484357663225,0.3251023819066597,0.6639460538596629,0.6000000000000002,True,correct,DBLP,44,True,correct,Q3
1300,conf/vldb/JagadishLS99,True,2,5d1R2mD-7MkJ,0.9775599719696071,0.5111643056501113,0.4663956663194958,0.6000000000000002,True,correct,DBLP,44,True,correct,Q3
1301,conf/vldb/Ladin00,True,1,kPTa4IiS_sgJ,0.9817132479322043,0.24058916198681654,0.7411240859453877,0.6000000000000002,True,correct,DBLP,44,True,correct,Q3
1302,conf/vldb/AksoyZF01,True,2,A92KQRVdZaoJ,0.9803265978754027,0.7150698325225469,0.2652567653528558,0.6000000000000002,True,correct,DBLP,44,True,correct,Q2
1303,journals/sigmod/RiekertMW97,True,1,M-3MGd3wPcsJ,0.9705508362127474,0.08723225082066231,0.8833185853920851,0.6000000000000002,True,correct,DBLP,44,True,correct,Q3
1304,conf/sigmod/ZaianeHLCC98,True,6,eauaGLr5uCUJ,0.9677109737889519,0.8974118450139101,0.07029912877504174,0.6000000000000002,True,correct,DBLP,44,True,correct,Q2
1305,journals/tods/KarpSP03,True,1,mAQIVsd2VOMJ,0.9706301894168896,0.0036797261707414665,0.9669504632461482,0.6000000000000002,True,correct,DBLP,44,True,correct,Q4
1306,conf/vldb/Schek00,True,1,yMjJam38N8sJ,0.9686282731656719,0.4404234692383633,0.5282048039273086,0.6000000000000002,True,correct,DBLP,44,True,correct,Q3
1307,conf/sigmod/FranklinJK96,True,7,yY5hMqazRHoJ,0.9744087887900855,0.9430220750156997,0.031386713774385844,0.6000000000000002,True,correct,DBLP,44,True,correct,Q1
0,32889,True,1,208085178,0.4151417144618082,0.16861053606921642,0.24653117839259178,0.40000000000000013,True,correct,ECOM,42,True,correct,Q2
1,33936,True,1,207391019,0.8439571130766925,0.12304509753213053,0.720912015544562,0.40000000000000013,True,correct,ECOM,42,True,correct,Q4
2,35175,True,1,209297205,0.03522344574004627,0.01081416309294007,0.024409282647106203,0.40000000000000013,False,missing_match,ECOM,42,False,missing_match,Q1
3,34126,True,1,203166120,0.8224070787939634,0.7827753708493158,0.03963170794464754,0.40000000000000013,True,correct,ECOM,42,True,correct,Q1
4,38773,True,1,210441166,0.782710282353662,0.07417081210365989,0.7085394702500021,0.40000000000000013,True,correct,ECOM,42,True,correct,Q3
5,34301,True,1,206615080,0.9585528520119896,0.8974044792174956,0.06114837279449403,0.40000000000000013,True,correct,ECOM,42,True,correct,Q1
6,38096,True,1,207391434,0.9721622977951183,0.059692692045849614,0.9124696057492687,0.40000000000000013,True,correct,ECOM,42,True,correct,Q4
7,38106,True,1,202026554,0.9624690742343635,0.22326219653915663,0.7392068776952068,0.40000000000000013,True,correct,ECOM,42,True,correct,Q4
8,38957,True,1,207535265,0.4921355961945139,0.02261049815956527,0.46952509803494863,0.40000000000000013,True,correct,ECOM,42,False,missing_match,Q2
9,37211,True,1,209310260,0.5720021937404166,0.10808424621551731,0.4639179475248993,0.40000000000000013,True,correct,ECOM,42,True,correct,Q2
10,38735,True,1,203329570,0.7867236016122322,0.40601258160137454,0.38071102001085766,0.40000000000000013,True,correct,ECOM,42,True,correct,Q2
11,34092,True,2,207679756,0.9582950975865251,0.8041612880134044,0.15413380957312073,0.40000000000000013,True,correct,ECOM,42,True,correct,Q1
12,34476,True,1,206888012,0.04541470752148727,0.027003081137405946,0.018411626384081323,0.40000000000000013,False,missing_match,ECOM,42,False,missing_match,Q1
13,25136,True,1,203087638,0.6959796896232086,0.09612174616720034,0.5998579434560082,0.40000000000000013,True,correct,ECOM,42,True,correct,Q3
14,31881,True,1,203514371,0.9169566502099654,0.23615393897468553,0.6808027112352799,0.40000000000000013,True,correct,ECOM,42,True,correct,Q3
15,33220,True,1,208653767,0.935398439799399,0.10759289001757694,0.827805549781822,0.40000000000000013,True,correct,ECOM,42,True,correct,Q4
16,30602,True,1,208111280,0.05774419072855285,0.020432226477832893,0.03731196425071996,0.40000000000000013,False,missing_match,ECOM,42,True,correct,Q1
17,33562,True,1,207542597,0.869987303104685,0.03379199340131035,0.8361953097033746,0.40000000000000013,True,correct,ECOM,42,True,correct,Q4
18,37182,True,1,209705774,0.7107502441622512,0.04205697092163683,0.6686932732406143,0.40000000000000013,True,correct,ECOM,42,True,correct,Q3
19,37039,True,1,208504461,0.6711507235397992,0.02743013861176441,0.6437205849280347,0.40000000000000013,True,correct,ECOM,42,True,correct,Q3
20,17187,True,1,202041204,0.6542463431298753,0.08702880767507828,0.567217535454797,0.40000000000000013,True,correct,ECOM,42,True,correct,Q3
21,18441,True,1,209002546,0.2767270765754156,0.0021699549990503563,0.27455712157636525,0.40000000000000013,False,missing_match,ECOM,42,True,correct,Q2
22,33493,True,1,206928744,0.9324352233410215,0.06817531301966932,0.8642599103213522,0.40000000000000013,True,correct,ECOM,42,True,correct,Q4
23,32280,True,1,205985719,0.18365323334643763,0.18365323334643763,0.0,0.40000000000000013,False,missing_match,ECOM,42,False,missing_match,Q1
24,33758,True,1,207910212,0.9632232184751226,0.9473029597888908,0.015920258686231814,0.40000000000000013,True,correct,ECOM,42,True,correct,Q1
25,37964,True,1,209310243,0.9173854692428193,0.3591951359254799,0.5581903333173394,0.40000000000000013,True,correct,ECOM,42,True,correct,Q3
26,36345,True,1,204407682,0.8206827695595208,0.6423061045775182,0.17837666498200255,0.40000000000000013,True,correct,ECOM,42,True,correct,Q2
27,31992,True,1,203952966,0.9829455938345758,0.9020815021557568,0.08086409167881903,0.40000000000000013,True,correct,ECOM,42,True,correct,Q1
28,38483,True,1,204407682,0.9272926629880991,0.7634765297154088,0.1638161332726903,0.40000000000000013,True,false_link,ECOM,42,True,correct,Q2
29,35477,True,1,206359209,0.9321656348911554,0.06814148738405912,0.8640241475070963,0.40000000000000013,True,correct,ECOM,42,True,correct,Q4
30,34708,True,1,208186248,0.18938404329081499,0.04253217407413262,0.14685186921668236,0.40000000000000013,False,missing_match,ECOM,42,False,missing_match,Q1
31,34880,True,1,207929461,0.4883124639033735,0.15221989013264406,0.33609257377072943,0.40000000000000013,True,correct,ECOM,42,True,correct,Q2
32,16765,True,1,204569335,0.91035784340744,0.16881047212450712,0.7415473712829328,0.40000000000000013,True,correct,ECOM,42,True,correct,Q4
33,29133,True,1,206887553,0.7509530076283277,0.013688826968442147,0.7372641806598856,0.40000000000000013,True,correct,ECOM,42,True,correct,Q4
34,25813,True,1,202973389,0.1629657431022725,0.019387391201745166,0.1435783519005273,0.40000000000000013,False,missing_match,ECOM,42,True,correct,Q1
35,34303,True,1,207900179,0.9614836569531547,0.5298503861179947,0.43163327083516,0.40000000000000013,True,correct,ECOM,42,True,correct,Q2
36,35485,True,1,206901613,0.875522950496289,0.05439450307745968,0.8211284474188294,0.40000000000000013,True,correct,ECOM,42,True,correct,Q4
37,19672,True,1,203088013,0.8962285735868082,0.0405365717811517,0.8556920018056565,0.40000000000000013,True,correct,ECOM,42,True,correct,Q4
38,30058,True,1,209028436,0.6126562695729194,0.018347315048617686,0.5943089545243018,0.40000000000000013,True,correct,ECOM,42,True,correct,Q3
39,39090,True,1,208504394,0.7004867426311074,0.009407880108166119,0.6910788625229414,0.40000000000000013,True,correct,ECOM,42,True,correct,Q3
40,32314,True,1,207509842,0.9463194993168065,0.05541007035908409,0.8909094289577224,0.40000000000000013,True,correct,ECOM,42,True,correct,Q4
41,34968,True,1,209297152,0.6840446060913083,0.09823528859612757,0.5858093174951808,0.40000000000000013,True,correct,ECOM,42,True,correct,Q3
42,34864,True,1,208294717,0.8933832579115275,0.7316090480689654,0.16177420984256208,0.40000000000000013,True,correct,ECOM,42,True,correct,Q1
43,37531,True,1,204226641,0.8136626993602369,0.00539177865931175,0.8082709207009252,0.40000000000000013,True,correct,ECOM,42,True,correct,Q4
44,38098,True,1,209026630,0.7553781728342909,0.023482600744286822,0.731895572090004,0.40000000000000013,True,correct,ECOM,42,True,correct,Q4
45,22100,True,1,201953026,0.06368131240970908,0.05003808854349976,0.013643223866209316,0.40000000000000013,False,missing_match,ECOM,42,True,correct,Q1
46,20447,True,1,90128026,0.8138717547488872,0.05224498297071829,0.7616267717781688,0.40000000000000013,True,correct,ECOM,42,True,correct,Q4
47,13945,True,1,207544306,0.6884635614428972,0.08270677484849082,0.6057567865944065,0.40000000000000013,True,correct,ECOM,42,True,correct,Q3
48,35925,True,2,202592699,0.8139008382967847,0.046540157367146465,0.7673606809296383,0.40000000000000013,True,correct,ECOM,42,True,correct,Q4
49,33908,True,1,208111903,0.23123634513878236,0.04717906485845434,0.18405728028032803,0.40000000000000013,False,missing_match,ECOM,42,True,correct,Q2
50,26444,True,1,203407045,0.2863887521389159,0.11374054811139966,0.17264820402751624,0.40000000000000013,False,missing_match,ECOM,42,True,correct,Q2
51,33536,True,1,206898357,0.7233077331321384,0.04939479571668034,0.673912937415458,0.40000000000000013,True,correct,ECOM,42,True,correct,Q3
52,32112,True,1,206356230,0.9067642945957298,0.45803251751677415,0.4487317770789557,0.40000000000000013,True,correct,ECOM,42,True,correct,Q2
53,26622,True,1,203201062,0.8677434454456526,0.1498190374363415,0.7179244080093111,0.40000000000000013,True,correct,ECOM,42,True,correct,Q3
54,34361,True,1,207642497,0.2849974232250923,0.018890121992950242,0.26610730123214205,0.40000000000000013,False,missing_match,ECOM,42,True,correct,Q2
55,36388,True,1,208226694,0.7942494695017309,0.0672618704401471,0.7269875990615838,0.40000000000000013,True,correct,ECOM,42,True,correct,Q4
56,37310,True,1,209901965,0.80271148630942,0.7351259568568211,0.06758552945259888,0.40000000000000013,True,false_link,ECOM,42,True,correct,Q1
57,34725,True,1,207666381,0.9472604820039598,0.41428887484979954,0.5329716071541604,0.40000000000000013,True,correct,ECOM,42,True,correct,Q3
58,33275,True,1,206808430,0.8334262550696714,0.10479783464778641,0.7286284204218849,0.40000000000000013,True,correct,ECOM,42,True,correct,Q4
59,36906,True,1,208656495,0.1878574095802041,0.015470300906661294,0.17238710867354282,0.40000000000000013,False,missing_match,ECOM,42,True,correct,Q2
60,33158,True,1,207338961,0.6839878987917942,0.12917633944083162,0.5548115593509626,0.40000000000000013,True,correct,ECOM,42,True,correct,Q3
61,38826,True,1,208294970,0.567389590825251,0.5624527131420639,0.004936877683187069,0.40000000000000013,True,correct,ECOM,42,False,missing_match,Q1
62,34934,True,1,208117930,0.04630017147718331,0.04630017147718331,0.0,0.40000000000000013,False,missing_match,ECOM,42,False,missing_match,Q1
63,29574,True,1,204559209,0.9020245603577446,0.4370640868383048,0.4649604735194398,0.40000000000000013,True,correct,ECOM,42,True,correct,Q2
64,36494,True,1,204740975,0.8868622965986898,0.37817162582245245,0.5086906707762373,0.40000000000000013,True,correct,ECOM,42,True,correct,Q3
65,36168,True,1,208171630,0.9282796993931361,0.8434482870526288,0.0848314123405074,0.40000000000000013,True,correct,ECOM,42,True,correct,Q1
66,36816,True,1,208893656,0.15748671296041256,0.14145843881174996,0.01602827414866259,0.40000000000000013,False,missing_match,ECOM,42,True,false_link,Q1
67,33471,True,1,208294727,0.915582117911508,0.8048913484381149,0.11069076947339307,0.40000000000000013,True,correct,ECOM,42,True,correct,Q1
68,33767,True,1,208112357,0.9167018061311781,0.8838548253985647,0.032846980732613384,0.40000000000000013,True,correct,ECOM,42,True,false_link,Q1
69,36249,True,1,208504437,0.17582281445611173,0.014796529370896325,0.1610262850852154,0.40000000000000013,False,missing_match,ECOM,42,False,missing_match,Q1
70,33997,True,1,207390717,0.8549671766643131,0.64949962401524,0.20546755264907313,0.40000000000000013,True,correct,ECOM,42,True,correct,Q2
71,38388,True,1,210399777,0.772280713237037,0.007408696697517225,0.7648720165395198,0.40000000000000013,True,correct,ECOM,42,True,correct,Q4
72,34154,True,1,207390673,0.8642243587467698,0.7525851889571482,0.11163916978962163,0.40000000000000013,True,correct,ECOM,42,True,correct,Q1
73,32034,True,1,10333368,0.7206513983707735,0.0037603919530589053,0.7168910064177146,0.40000000000000013,True,correct,ECOM,42,True,correct,Q3
74,22242,True,1,203198950,0.6045618940374209,0.12191941365856042,0.4826424803788605,0.40000000000000013,True,correct,ECOM,42,True,correct,Q3
75,34076,True,1,207959750,0.7105481136103248,0.2316476977729798,0.478900415837345,0.40000000000000013,True,correct,ECOM,42,True,correct,Q3
76,39054,True,1,207390496,0.05369405905213797,0.009039724929949047,0.04465433412218892,0.40000000000000013,False,missing_match,ECOM,42,False,missing_match,Q1
77,37477,True,1,209634135,0.6312129948763869,0.5339422637919827,0.0972707310844042,0.40000000000000013,True,correct,ECOM,42,True,correct,Q1
78,36864,True,1,210442350,0.9170956092596955,0.5268577627935347,0.3902378464661608,0.40000000000000013,True,correct,ECOM,42,True,correct,Q2
79,37462,True,1,209026638,0.6908770531856802,0.14053209117043558,0.5503449620152445,0.40000000000000013,True,correct,ECOM,42,True,correct,Q3
80,28350,True,1,204206935,0.2187287956671869,0.2086178620432012,0.010110933623985685,0.40000000000000013,False,missing_match,ECOM,42,True,correct,Q1
81,34280,True,1,207900177,0.860894830856343,0.8518939827945677,0.009000848061775257,0.40000000000000013,True,correct,ECOM,42,True,correct,Q1
82,21989,True,1,204274645,0.8577788692036061,0.07968323014132729,0.7780956390622789,0.40000000000000013,True,correct,ECOM,42,True,correct,Q4
83,17372,True,1,10363243,0.8193964109438509,0.017238797647594534,0.8021576132962563,0.40000000000000013,True,correct,ECOM,42,True,correct,Q4
84,35277,True,1,208085253,0.8838502727446443,0.24508674969405542,0.6387635230505889,0.40000000000000013,True,correct,ECOM,42,True,correct,Q3
85,31273,True,1,203086857,0.9378625860106011,0.14133800588514742,0.7965245801254537,0.40000000000000013,True,correct,ECOM,42,True,correct,Q4
86,35024,True,1,208156878,0.008611863279665493,0.008611863279665493,0.0,0.40000000000000013,False,missing_match,ECOM,42,False,missing_match,Q1
87,32560,True,1,207540310,0.636507236768922,0.3193998316725644,0.31710740509635754,0.40000000000000013,True,correct,ECOM,42,True,correct,Q2
88,38939,True,1,204823067,0.3481087109091705,0.050022767262249725,0.29808594364692076,0.40000000000000013,False,missing_match,ECOM,42,True,correct,Q2
89,11801,True,1,210239335,0.3011072416182049,0.15800373266445322,0.14310350895375168,0.40000000000000013,False,missing_match,ECOM,42,True,correct,Q1
90,37139,True,1,208893658,0.31814827029869364,0.02563877868064464,0.292509491618049,0.40000000000000013,False,missing_match,ECOM,42,True,correct,Q2
91,24346,True,1,208972043,0.6881500708902853,0.008688730217584179,0.6794613406727011,0.40000000000000013,True,correct,ECOM,42,True,correct,Q3
92,33582,True,1,207388758,0.6191064640655318,0.5407756696667965,0.07833079439873536,0.40000000000000013,True,correct,ECOM,42,True,false_link,Q1
93,33157,True,1,207390654,0.7386241118918357,0.1732673007674563,0.5653568111243794,0.40000000000000013,True,correct,ECOM,42,False,missing_match,Q3
94,31373,True,1,208455791,0.8505049979290088,0.8397781270848442,0.010726870844164571,0.40000000000000013,True,correct,ECOM,42,True,correct,Q1
95,38619,True,1,202985806,0.9151386542644064,0.1313382544463433,0.7838003998180632,0.40000000000000013,True,correct,ECOM,42,True,correct,Q4
96,36969,True,1,203474227,0.047420666454227954,0.008853075973295403,0.03856759048093255,0.40000000000000013,False,missing_match,ECOM,42,False,missing_match,Q1
97,33431,True,1,207390644,0.3643552049885623,0.012604916957497206,0.35175028803106506,0.40000000000000013,False,missing_match,ECOM,42,True,correct,Q2
98,21182,True,1,202486964,0.5989143391614095,0.012268868226822188,0.5866454709345873,0.40000000000000013,True,correct,ECOM,42,True,correct,Q3
99,25857,True,1,202870172,0.502899636616214,0.17799026093243908,0.32490937568377487,0.40000000000000013,True,false_link,ECOM,42,False,missing_match,Q2
100,33998,True,1,208112354,0.9000912954874689,0.6302939652455318,0.2697973302419371,0.40000000000000013,True,correct,ECOM,42,True,correct,Q2
101,35981,True,1,207539418,0.9561156716623896,0.0011565430423965534,0.9549591286199931,0.40000000000000013,True,correct,ECOM,42,True,correct,Q4
102,37646,True,1,209122918,0.4701182168894685,0.11404652632304081,0.3560716905664277,0.40000000000000013,True,correct,ECOM,42,True,correct,Q2
103,38173,True,1,210441817,0.643738254429093,0.06733620575112995,0.5764020486779631,0.40000000000000013,True,correct,ECOM,42,True,correct,Q3
104,30708,True,1,205083947,0.8501391145765442,0.02866462227805202,0.8214744922984922,0.40000000000000013,True,correct,ECOM,42,True,correct,Q4
105,34096,True,1,207642358,0.8896453428609513,0.11566157779981638,0.773983765061135,0.40000000000000013,True,correct,ECOM,42,True,correct,Q4
106,33726,True,1,207993409,0.5943766884535765,0.16268044341591717,0.43169624503765935,0.40000000000000013,True,correct,ECOM,42,True,correct,Q2
107,16741,True,1,201959840,0.916866100591112,0.14339825417091326,0.7734678464201987,0.40000000000000013,True,correct,ECOM,42,True,correct,Q4
108,36123,True,1,208504432,0.7270028662812368,0.24709076551747503,0.4799121007637618,0.40000000000000013,True,correct,ECOM,42,True,correct,Q3
109,34944,True,1,208042977,0.8355871223662258,0.1184360769799504,0.7171510453862754,0.40000000000000013,True,correct,ECOM,42,True,correct,Q3
110,34465,True,1,209890796,0.38689578250820905,0.006311099785515487,0.3805846827226936,0.40000000000000013,False,missing_match,ECOM,42,True,correct,Q2
111,37872,True,1,210190818,0.5330010560306002,0.00471912920337884,0.5282819268272214,0.40000000000000013,True,correct,ECOM,42,True,correct,Q3
112,18960,True,1,202067544,0.525194000759576,0.024717617627304417,0.5004763831322716,0.40000000000000013,True,correct,ECOM,42,True,correct,Q3
113,37915,True,1,207465595,0.7656014964873603,0.29117992214870675,0.47442157433865356,0.40000000000000013,True,correct,ECOM,42,True,correct,Q2
114,7936,True,1,90104307,0.3970528279638092,0.08925566055090604,0.30779716741290314,0.40000000000000013,False,missing_match,ECOM,42,True,correct,Q2
115,35033,True,1,208156878,0.05006989067618283,0.05006989067618283,0.0,0.40000000000000013,False,missing_match,ECOM,42,True,correct,Q1
116,26617,True,1,201692705,0.16156489756228576,0.01694972386836913,0.14461517369391663,0.40000000000000013,False,missing_match,ECOM,42,True,correct,Q1
117,30603,True,1,202755491,0.04321778162665355,0.022941833885376996,0.020275947741276557,0.40000000000000013,False,missing_match,ECOM,42,True,correct,Q1
118,27137,True,1,204049780,0.7576885457885214,0.18123919924935894,0.5764493465391625,0.40000000000000013,True,correct,ECOM,42,True,correct,Q3
119,29612,True,1,202870448,0.2172587147713475,0.13901317328344887,0.07824554148789864,0.40000000000000013,False,missing_match,ECOM,42,False,missing_match,Q1
120,36450,True,1,209393872,0.8548292404984055,0.15167235129828138,0.7031568892001241,0.40000000000000013,True,correct,ECOM,42,True,correct,Q3
121,27479,True,1,10351869,0.9569036151187539,0.004189376354780915,0.952714238763973,0.40000000000000013,True,correct,ECOM,42,True,correct,Q4
122,28175,True,1,204318286,0.8109742140364771,0.5575353008691256,0.25343891316735145,0.40000000000000013,True,correct,ECOM,42,True,correct,Q2
123,33690,True,1,207391431,0.9668745987684171,0.10064312260241529,0.8662314761660018,0.40000000000000013,True,correct,ECOM,42,True,correct,Q4
124,33439,True,1,207464920,0.9341115675274458,0.9141875827391178,0.01992398478832802,0.40000000000000013,True,correct,ECOM,42,True,correct,Q1
125,20466,True,1,203185276,0.49614172385817185,0.04046387685687156,0.45567784700130026,0.40000000000000013,True,false_link,ECOM,42,False,missing_match,Q2
126,19604,True,1,203025446,0.8962753114688244,0.41861997308555754,0.4776553383832669,0.40000000000000013,True,correct,ECOM,42,True,correct,Q2
127,33280,True,1,206808434,0.9412756642274,0.6714583017473494,0.2698173624800506,0.40000000000000013,True,correct,ECOM,42,True,correct,Q2
128,38468,True,1,210435432,0.6959415419555298,0.008240074503029698,0.6877014674525002,0.40000000000000013,True,correct,ECOM,42,True,correct,Q3
129,36149,True,1,207907550,0.36636219378365353,0.22332281860304057,0.14303937518061297,0.40000000000000013,False,missing_match,ECOM,42,True,correct,Q1
130,35012,True,1,207900343,0.4953435546196226,0.43407031859911227,0.061273236020510324,0.40000000000000013,True,false_link,ECOM,42,True,correct,Q1
131,38231,True,1,201744288,0.8905135674373178,0.08639158800614835,0.8041219794311695,0.40000000000000013,True,correct,ECOM,42,True,correct,Q4
132,29758,True,1,203185276,0.067127096416383,0.031737455409148456,0.03538964100723454,0.40000000000000013,False,missing_match,ECOM,42,False,missing_match,Q1
133,24153,True,1,208715855,0.709255118024119,0.028347155998788596,0.6809079620253304,0.40000000000000013,True,correct,ECOM,42,True,correct,Q3
134,35467,True,1,201699873,0.8599566403243601,0.00674430741698785,0.8532123329073723,0.40000000000000013,True,correct,ECOM,42,True,correct,Q4
135,35694,True,1,208184891,0.8237919219514654,0.7628775721707834,0.060914349780682,0.40000000000000013,True,correct,ECOM,42,True,correct,Q1
136,35018,True,1,207900343,0.5783728577615148,0.25617687054044425,0.32219598722107057,0.40000000000000013,True,correct,ECOM,42,True,correct,Q2
137,38726,True,1,204080936,0.5561618168637762,0.022967577254658717,0.5331942396091175,0.40000000000000013,True,correct,ECOM,42,False,missing_match,Q3
138,33044,True,1,203514305,0.30718701705509904,0.029553496925545267,0.2776335201295538,0.40000000000000013,False,missing_match,ECOM,42,True,correct,Q2
139,19112,True,1,90148541,0.8881047356395732,0.14047566229585753,0.7476290733437156,0.40000000000000013,True,correct,ECOM,42,True,correct,Q4
140,33804,True,1,206575951,0.8236158364666128,0.06689311709157961,0.7567227193750332,0.40000000000000013,True,correct,ECOM,42,True,correct,Q4
141,27182,True,1,206481908,0.18243372095887472,0.012594292507377014,0.16983942845149771,0.40000000000000013,False,missing_match,ECOM,42,True,correct,Q2
142,37231,True,1,209114390,0.7783947809044623,0.009274430940092941,0.7691203499643694,0.40000000000000013,True,correct,ECOM,42,True,correct,Q4
143,33377,True,1,10346525,0.9342143890507424,0.21052675745856633,0.7236876315921761,0.40000000000000013,True,correct,ECOM,42,True,correct,Q4
144,36023,True,1,202451162,0.7659052988486353,0.2921726982743136,0.47373260057432176,0.40000000000000013,True,correct,ECOM,42,True,correct,Q2
145,15046,True,1,209297200,0.81309665694665,0.09403545778340294,0.7190611991632471,0.40000000000000013,True,correct,ECOM,42,True,correct,Q4
146,13701,True,1,90108521,0.8341249139181461,0.6728893449781883,0.16123556893995783,0.40000000000000013,True,correct,ECOM,42,True,correct,Q1
147,38644,True,1,208344063,0.17680804272202608,0.002798407912142167,0.1740096348098839,0.40000000000000013,False,missing_match,ECOM,42,True,correct,Q2
148,23864,True,1,204636071,0.5877925720128051,0.005895580008124366,0.5818969920046807,0.40000000000000013,True,correct,ECOM,42,True,correct,Q3
149,17067,True,1,90140498,0.8771884194743408,0.04155298370943388,0.835635435764907,0.40000000000000013,True,correct,ECOM,42,True,correct,Q4
150,36367,True,1,208464207,0.0852410846814176,0.027498675441047272,0.05774240924037033,0.40000000000000013,False,missing_match,ECOM,42,False,missing_match,Q1
151,29029,True,1,204679142,0.8708671399658595,0.015490450907880106,0.8553766890579794,0.40000000000000013,True,correct,ECOM,42,True,correct,Q4
152,37210,True,1,209656961,0.7622404349834079,0.2917360817787503,0.47050435320465755,0.40000000000000013,True,correct,ECOM,42,True,correct,Q2
153,34007,True,1,207660497,0.9634506428555467,0.7814174866396629,0.18203315621588378,0.40000000000000013,True,correct,ECOM,42,True,correct,Q2
154,32416,True,1,205664913,0.7636622071100327,0.035270654260369995,0.7283915528496627,0.40000000000000013,True,correct,ECOM,42,True,correct,Q4
155,5644,True,1,203023505,0.8883620205497966,0.1612182275816238,0.7271437929681728,0.40000000000000013,True,correct,ECOM,42,True,correct,Q4
156,29933,True,1,202139765,0.6596083131387128,0.07368069217780326,0.5859276209609096,0.40000000000000013,True,correct,ECOM,42,True,correct,Q3
157,29827,True,1,205664966,0.09539228181814127,0.041582826930138886,0.053809454888002387,0.40000000000000013,False,missing_match,ECOM,42,True,false_link,Q1
158,38751,True,1,204389692,0.6723921195609329,0.03133037946062833,0.6410617401003046,0.40000000000000013,True,correct,ECOM,42,True,correct,Q3
159,34697,True,1,206783262,0.9322824392252796,0.08645696078090033,0.8458254784443793,0.40000000000000013,True,correct,ECOM,42,True,correct,Q4
160,37311,True,1,209901965,0.9084258667956283,0.847411197808681,0.061014668986947296,0.40000000000000013,True,false_link,ECOM,42,True,correct,Q1
161,35415,True,1,206827757,0.8427722013810135,0.36384435012004557,0.47892785126096793,0.40000000000000013,True,correct,ECOM,42,True,correct,Q3
162,33612,True,1,207506250,0.5991574069816182,0.00911170372469263,0.5900457032569256,0.40000000000000013,True,correct,ECOM,42,True,correct,Q3
163,17220,True,1,208504190,0.009724576556855019,0.00200192608944304,0.007722650467411979,0.40000000000000013,False,missing_match,ECOM,42,True,correct,Q1
164,17653,True,1,206928605,0.02372244783974698,0.023008807267139518,0.0007136405726074629,0.40000000000000013,False,missing_match,ECOM,42,False,missing_match,Q1
165,33053,True,1,10221960,0.9511497803691206,0.23825582486664892,0.7128939555024716,0.40000000000000013,True,correct,ECOM,42,True,correct,Q3
166,31284,True,1,204049534,0.4918991148104581,0.014053484802833457,0.47784563000762464,0.40000000000000013,True,correct,ECOM,42,False,missing_match,Q3
167,21175,True,1,10412788,0.9292720861124366,0.3838188887736291,0.5454531973388075,0.40000000000000013,True,correct,ECOM,42,True,correct,Q3
168,25670,True,1,203389465,0.3926453987386755,0.04229898646923046,0.350346412269445,0.40000000000000013,False,missing_match,ECOM,42,True,correct,Q2
169,34125,True,2,203165921,0.857250140200876,0.816045622102155,0.041204518098720944,0.40000000000000013,True,correct,ECOM,42,True,correct,Q1
170,30594,True,1,202139765,0.20507787521177603,0.09494143326474949,0.11013644194702654,0.40000000000000013,False,missing_match,ECOM,42,True,correct,Q1
171,38782,True,1,210566840,0.9279646222803122,0.008614855423612271,0.9193497668566999,0.40000000000000013,True,correct,ECOM,42,True,correct,Q4
172,34003,True,1,207637777,0.9614844310322553,0.6943339974101156,0.26715043362213975,0.40000000000000013,True,correct,ECOM,42,True,correct,Q2
173,33763,True,1,208112356,0.9063049726420317,0.8755580394137736,0.030746933228258055,0.40000000000000013,True,correct,ECOM,42,True,false_link,Q1
174,28137,True,1,204254634,0.8485655064437565,0.0925865020901869,0.7559790043535696,0.40000000000000013,True,correct,ECOM,42,True,correct,Q4
175,28138,True,1,204327516,0.8002632893659036,0.23007090235392938,0.5701923870119743,0.40000000000000013,True,correct,ECOM,42,True,correct,Q3
176,33160,True,1,207390655,0.6921097377841909,0.07939345466697258,0.6127162831172184,0.40000000000000013,True,correct,ECOM,42,True,correct,Q3
177,32878,True,1,204219387,0.71122178690097,0.4739335257043164,0.23728826119665364,0.40000000000000013,True,correct,ECOM,42,True,correct,Q2
178,33640,True,1,206928606,0.9052736214792995,0.027757945198932363,0.8775156762803671,0.40000000000000013,True,correct,ECOM,42,True,correct,Q4
179,27186,True,1,208464825,0.09484590623378325,0.09311950887239324,0.0017263973613900058,0.40000000000000013,False,missing_match,ECOM,42,False,missing_match,Q1
180,17906,True,1,204274644,0.8575863402800197,0.07898452361154712,0.7786018166684725,0.40000000000000013,True,correct,ECOM,42,True,correct,Q4
181,29816,True,1,208455891,0.6247613416883099,0.0620964184627458,0.562664923225564,0.40000000000000013,True,correct,ECOM,42,True,correct,Q3
182,18040,True,1,203151779,0.08152787315168757,0.0197553022817573,0.061772570869930266,0.40000000000000013,False,missing_match,ECOM,42,False,missing_match,Q1
183,35800,True,1,208504190,0.6832316687252727,0.0034889493666979353,0.6797427193585748,0.40000000000000013,True,correct,ECOM,42,True,correct,Q3
184,8552,True,1,90138609,0.8870413535905253,0.5548403726106487,0.3322009809798766,0.40000000000000013,True,correct,ECOM,42,True,correct,Q2
185,30593,True,1,204860316,0.8768057380043642,0.2526290743216324,0.6241766636827318,0.40000000000000013,True,correct,ECOM,42,True,correct,Q3
186,33671,True,1,206917816,0.8046081862914585,0.03086680566245716,0.7737413806290013,0.40000000000000013,True,correct,ECOM,42,True,correct,Q4
187,33024,True,1,90049752,0.729423749477233,0.003144635425779398,0.7262791140514536,0.40000000000000013,True,correct,ECOM,42,True,correct,Q4
188,33965,True,1,206780877,0.35582624641556004,0.05901934207465246,0.29680690434090756,0.40000000000000013,False,missing_match,ECOM,42,True,correct,Q2
189,37150,True,1,208791918,0.7635565882635683,0.2260186801902516,0.5375379080733167,0.40000000000000013,True,correct,ECOM,42,True,correct,Q3
190,35019,True,1,208156878,0.008167506916589363,0.008167506916589363,0.0,0.40000000000000013,False,missing_match,ECOM,42,False,missing_match,Q1
191,26059,True,1,203870569,0.537586124254607,0.2739464919913518,0.26363963226325515,0.40000000000000013,True,correct,ECOM,42,True,correct,Q2
192,30338,True,1,206460113,0.6925698628185587,0.1496949549083054,0.5428749079102533,0.40000000000000013,True,correct,ECOM,42,True,false_link,Q3
193,27364,True,1,204791586,0.9200509354306039,0.34423143867135436,0.5758194967592496,0.40000000000000013,True,correct,ECOM,42,True,correct,Q3
194,33177,True,1,207390617,0.9021877914878845,0.4652028342558407,0.43698495723204384,0.40000000000000013,True,correct,ECOM,42,True,correct,Q2
195,29829,True,1,208715736,0.16330367700352172,0.020910496600277467,0.14239318040324425,0.40000000000000013,False,missing_match,ECOM,42,True,false_link,Q1
196,38574,True,1,210190784,0.20168371348730565,0.1368067447293892,0.06487696875791646,0.40000000000000013,False,missing_match,ECOM,42,True,correct,Q1
197,38507,True,1,206181767,0.9253643622837803,0.012080178981591567,0.9132841833021887,0.40000000000000013,True,correct,ECOM,42,True,correct,Q4
198,36451,True,1,208237792,0.09992676815256704,0.062196864082757417,0.037729904069809625,0.40000000000000013,False,missing_match,ECOM,42,True,correct,Q1
199,36761,True,1,208453648,0.9433959795312844,0.09484070805298415,0.8485552714783002,0.40000000000000013,True,correct,ECOM,42,True,correct,Q4
200,27840,True,1,203379249,0.3573812977757881,0.14064715554576343,0.21673414223002466,0.40000000000000013,False,missing_match,ECOM,42,True,correct,Q2
201,38492,True,1,206725966,0.745048176329628,0.017422936643656402,0.7276252396859717,0.40000000000000013,True,correct,ECOM,42,True,correct,Q4
202,31014,True,1,205777541,0.2848906600887186,0.1036307528169201,0.18125990727179853,0.40000000000000013,False,missing_match,ECOM,42,False,missing_match,Q2
203,4696,True,1,90049928,0.847462976607944,0.008830190032059735,0.8386327865758842,0.40000000000000013,True,correct,ECOM,42,True,correct,Q4
204,33537,True,1,206898358,0.7997927644568681,0.19796200453284915,0.6018307599240189,0.40000000000000013,True,correct,ECOM,42,True,correct,Q3
205,35183,True,1,208117918,0.8125287959782768,0.7508887586175407,0.06164003736073609,0.40000000000000013,True,false_link,ECOM,42,True,false_link,Q1
206,36053,True,1,90141687,0.9733903867793745,0.15722433897118193,0.8161660478081926,0.40000000000000013,True,correct,ECOM,42,True,correct,Q4
207,36861,True,1,210442348,0.9246943928842637,0.5994507936929225,0.32524359919134116,0.40000000000000013,True,correct,ECOM,42,True,correct,Q2
208,38550,True,1,207978102,0.1620005541041955,0.1568413249943753,0.005159229109820196,0.40000000000000013,False,missing_match,ECOM,42,True,correct,Q1
209,30219,True,1,207910337,0.9124889321824469,0.029165846069351586,0.8833230861130953,0.40000000000000013,True,correct,ECOM,42,True,correct,Q4
210,33653,True,1,207391014,0.7687507996614107,0.4041998719210725,0.3645509277403382,0.40000000000000013,True,correct,ECOM,42,True,correct,Q2
211,36383,True,1,208226699,0.1436951530900353,0.10336637502165258,0.040328778068382726,0.40000000000000013,False,missing_match,ECOM,42,True,correct,Q1
212,37196,True,1,209656956,0.9042072332095201,0.03165446886921013,0.87255276434031,0.40000000000000013,True,correct,ECOM,42,True,correct,Q4
213,35334,True,1,208504396,0.9094015763157854,0.26839960957936215,0.6410019667364233,0.40000000000000013,True,correct,ECOM,42,True,correct,Q3
214,32625,True,2,201935116,0.803550149379075,0.15120560739382555,0.6523445419852494,0.40000000000000013,True,correct,ECOM,42,True,correct,Q3
215,29072,True,1,208456130,0.6378007364288817,0.014269249552772234,0.6235314868761095,0.40000000000000013,True,correct,ECOM,42,True,correct,Q3
216,38327,True,1,207390671,0.9334318601342109,0.07735880635981601,0.8560730537743948,0.40000000000000013,True,correct,ECOM,42,True,correct,Q4
217,34395,True,1,206362749,0.26352248056827043,0.03659000474319602,0.22693247582507442,0.40000000000000013,False,missing_match,ECOM,42,False,missing_match,Q2
218,34610,True,1,207543191,0.8212014218896251,0.2971985216162038,0.5240029002734212,0.40000000000000013,True,correct,ECOM,42,True,correct,Q3
219,36931,True,1,208370418,0.835412741768983,0.26264372235916306,0.5727690194098198,0.40000000000000013,True,correct,ECOM,42,True,correct,Q3
220,34135,True,1,207900170,0.9211861955990703,0.32402072210614746,0.5971654734929228,0.40000000000000013,True,correct,ECOM,42,True,correct,Q3
221,30951,True,1,205599985,0.38618939977337674,0.2533049416632798,0.13288445811009691,0.40000000000000013,False,missing_match,ECOM,42,False,missing_match,Q1
222,36471,True,1,209208661,0.8927269419260024,0.11475938125936236,0.7779675606666401,0.40000000000000013,True,correct,ECOM,42,True,correct,Q4
223,30158,True,1,204937142,0.21437333085841434,0.06299711421524057,0.15137621664317377,0.40000000000000013,False,missing_match,ECOM,42,True,correct,Q1
224,29950,True,1,204559209,0.7308536915352822,0.5889238918659458,0.1419297996693364,0.40000000000000013,True,false_link,ECOM,42,True,correct,Q1
225,35194,True,1,208504297,0.9257037074488229,0.40971458774765307,0.5159891197011699,0.40000000000000013,True,correct,ECOM,42,True,correct,Q3
226,27975,True,1,10360978,0.8656964735642516,0.8009459361987331,0.0647505373655185,0.40000000000000013,True,correct,ECOM,42,True,correct,Q1
227,30436,True,1,204505951,0.4264180914345248,0.13091722138096465,0.2955008700535602,0.40000000000000013,True,correct,ECOM,42,False,missing_match,Q2
228,29906,True,1,202139744,0.8561957236527818,0.07949011874369122,0.7767056049090906,0.40000000000000013,True,correct,ECOM,42,True,correct,Q4
229,37767,True,1,204588748,0.9674401042342387,0.01705177033560935,0.9503883338986293,0.40000000000000013,True,correct,ECOM,42,True,correct,Q4
230,31176,True,1,205844279,0.3601578061095045,0.07729353022058302,0.2828642758889215,0.40000000000000013,False,missing_match,ECOM,42,True,correct,Q2
231,21875,True,1,201700823,0.4895452520507129,0.02327083365742023,0.4662744183932927,0.40000000000000013,True,correct,ECOM,42,True,correct,Q2
232,34256,True,1,206888011,0.36488520901016736,0.11610181763277685,0.2487833913773905,0.40000000000000013,False,missing_match,ECOM,42,False,missing_match,Q2
233,17094,True,1,201959840,0.801809243511489,0.09251009041870592,0.709299153092783,0.40000000000000013,True,false_link,ECOM,42,True,false_link,Q3
234,27197,True,1,204318288,0.6421564707633441,0.4607359920176629,0.18142047874568124,0.40000000000000013,True,correct,ECOM,42,True,correct,Q2
235,22940,True,1,203472622,0.865993708706949,0.030185785446101312,0.8358079232608477,0.40000000000000013,True,correct,ECOM,42,True,correct,Q4
236,33971,True,1,207391020,0.28940487622522953,0.00802165958507628,0.28138321664015326,0.40000000000000013,False,missing_match,ECOM,42,True,correct,Q2
237,13202,True,1,10379358,0.9212104254251205,0.013657344930216251,0.9075530804949044,0.40000000000000013,True,correct,ECOM,42,True,correct,Q4
238,18524,True,1,90145972,0.8155193663630571,0.4326341402263239,0.3828852261367332,0.40000000000000013,True,false_link,ECOM,42,True,correct,Q2
239,38008,True,1,208710844,0.25600522993918673,0.22471339452845168,0.03129183541073505,0.40000000000000013,False,missing_match,ECOM,42,True,correct,Q1
240,16309,True,1,203022472,0.9226345794124339,0.02316061571225366,0.8994739637001802,0.40000000000000013,True,correct,ECOM,42,True,correct,Q4
241,34220,True,1,209869342,0.7517446518938486,0.0700108459623156,0.681733805931533,0.40000000000000013,True,correct,ECOM,42,True,correct,Q3
242,33564,True,1,208504179,0.9489774219734846,0.2342886197153552,0.7146888022581294,0.40000000000000013,True,correct,ECOM,42,True,correct,Q3
243,35219,True,1,208504334,0.8598270373130155,0.5789283961227994,0.280898641190216,0.40000000000000013,True,correct,ECOM,42,True,correct,Q2
244,29238,True,1,204206937,0.4326766192802597,0.07464843827394806,0.3580281810063116,0.40000000000000013,True,correct,ECOM,42,True,correct,Q2
245,38781,True,1,207920831,0.3645646410780513,0.010832030993190701,0.3537326100848606,0.40000000000000013,False,missing_match,ECOM,42,False,missing_match,Q2
246,32315,True,1,205083968,0.9159767393423921,0.7180366695659702,0.19794006977642187,0.40000000000000013,True,correct,ECOM,42,True,correct,Q2
247,32664,True,1,208409785,0.2371688772544934,0.18258270946970795,0.05458616778478545,0.40000000000000013,False,missing_match,ECOM,42,True,false_link,Q1
248,32630,True,1,207554111,0.835933724185875,0.006990421257182302,0.8289433029286927,0.40000000000000013,True,correct,ECOM,42,True,correct,Q4
249,29392,True,1,204295637,0.9421957656485582,0.06468979706535369,0.8775059685832045,0.40000000000000013,True,correct,ECOM,42,True,correct,Q4
250,30585,True,1,204206934,0.3171641182840153,0.18841434155344552,0.12874977673056978,0.40000000000000013,False,missing_match,ECOM,42,True,correct,Q1
251,35218,True,1,207536225,0.9323964663732871,0.34376303349767445,0.5886334328756126,0.40000000000000013,True,correct,ECOM,42,True,correct,Q3
252,32893,True,1,208085182,0.8075328075848396,0.32186213415783377,0.4856706734270058,0.40000000000000013,True,correct,ECOM,42,True,correct,Q3
253,35201,True,1,208504318,0.9335643793390409,0.29274055564125223,0.6408238236977887,0.40000000000000013,True,correct,ECOM,42,True,correct,Q3
254,28500,True,1,203445749,0.8739806066517113,0.2584254677631449,0.6155551388885664,0.40000000000000013,True,correct,ECOM,42,True,correct,Q3
255,33510,True,1,205516750,0.06571388038683751,0.004609033336745315,0.06110484705009219,0.40000000000000013,False,missing_match,ECOM,42,False,missing_match,Q1
256,34727,True,1,207666379,0.9468110819226945,0.0895416253304303,0.8572694565922642,0.40000000000000013,True,correct,ECOM,42,True,correct,Q4
257,31635,True,1,206460118,0.7934904590716119,0.1903336754482479,0.603156783623364,0.40000000000000013,True,correct,ECOM,42,False,missing_match,Q3
258,31414,True,1,204222915,0.5419899853729903,0.04206237403721425,0.499927611335776,0.40000000000000013,True,correct,ECOM,42,True,correct,Q3
259,37403,True,1,209705778,0.1538572233874269,0.11815705918463358,0.03570016420279333,0.40000000000000013,False,missing_match,ECOM,42,True,correct,Q1
260,17417,True,1,90120953,0.5001223281669871,0.1295399844516372,0.3705823437153499,0.40000000000000013,True,correct,ECOM,42,True,correct,Q2
261,32990,True,1,206928604,0.24442503627008985,0.08360645920787589,0.16081857706221397,0.40000000000000013,False,missing_match,ECOM,42,True,correct,Q1
262,20454,True,1,203514305,0.025289040370932624,0.02019241610885959,0.005096624262073034,0.40000000000000013,False,missing_match,ECOM,42,True,correct,Q1
263,34894,True,1,208504340,0.8714006480677532,0.7554040017428707,0.11599664632488249,0.40000000000000013,True,correct,ECOM,42,True,correct,Q1
264,28971,True,1,204679144,0.8545240472796259,0.04996409257615834,0.8045599547034676,0.40000000000000013,True,correct,ECOM,42,True,correct,Q4
265,35276,True,1,208084021,0.9208959416996768,0.5246695636762343,0.3962263780234425,0.40000000000000013,True,correct,ECOM,42,True,correct,Q2
266,37623,True,1,208809705,0.7783399489127245,0.7739576327100266,0.004382316202697911,0.40000000000000013,True,correct,ECOM,42,True,correct,Q1
267,32358,True,1,208295050,0.835786024836143,0.6729830087367438,0.16280301609939918,0.40000000000000013,True,correct,ECOM,42,True,correct,Q1
268,30355,True,1,206460124,0.9474182351729347,0.005720688084308887,0.9416975470886257,0.40000000000000013,True,correct,ECOM,42,True,correct,Q4
269,25950,True,1,202870170,0.7814259505869359,0.0638881064359747,0.7175378441509612,0.40000000000000013,True,correct,ECOM,42,True,correct,Q3
270,33668,True,1,206917817,0.6865900789089868,0.10395761692974759,0.5826324619792392,0.40000000000000013,True,correct,ECOM,42,True,correct,Q3
271,29823,True,1,204792884,0.8715699282835141,0.1970097803945751,0.674560147888939,0.40000000000000013,True,correct,ECOM,42,True,correct,Q3
272,22101,True,1,201692665,0.07932446439769146,0.01577169146469551,0.06355277293299595,0.40000000000000013,False,missing_match,ECOM,42,True,correct,Q1
273,37181,True,1,209705773,0.761587890084531,0.03130383997810542,0.7302840501064256,0.40000000000000013,True,correct,ECOM,42,True,correct,Q4
274,37174,True,1,209208663,0.9358472067696909,0.533602991573821,0.40224421519586995,0.40000000000000013,True,correct,ECOM,42,True,correct,Q2
275,33601,True,1,204071217,0.4417204594693562,0.14655502980121765,0.2951654296681385,0.40000000000000013,True,false_link,ECOM,42,True,correct,Q2
276,36957,True,1,207390709,0.9007618698246346,0.8713200787428046,0.029441791081829982,0.40000000000000013,True,correct,ECOM,42,True,correct,Q1
277,36151,True,1,207907558,0.41944144710670134,0.24066774889213444,0.1787736982145669,0.40000000000000013,True,correct,ECOM,42,True,correct,Q2
278,34102,True,1,205886768,0.20449375775180356,0.18274667173747378,0.021747086014329786,0.40000000000000013,False,missing_match,ECOM,42,True,false_link,Q1
279,28554,True,1,204443417,0.8209682673716401,0.023842358551008736,0.7971259088206314,0.40000000000000013,True,correct,ECOM,42,True,correct,Q4
280,34905,True,1,207514568,0.8882701643690921,0.1398254210658563,0.7484447433032358,0.40000000000000013,True,correct,ECOM,42,True,correct,Q4
281,33717,True,1,206928604,0.7702869137107117,0.024754620269896985,0.7455322934408147,0.40000000000000013,True,correct,ECOM,42,True,correct,Q4
282,33864,True,1,207986331,0.11519364209822411,0.10967500970068564,0.00551863239753847,0.40000000000000013,False,missing_match,ECOM,42,True,correct,Q1
283,36295,True,1,90128026,0.7468917229029268,0.043476209032472735,0.7034155138704541,0.40000000000000013,True,correct,ECOM,42,True,correct,Q3
284,23965,True,1,203322272,0.8273255264936791,0.00921906962538639,0.8181064568682926,0.40000000000000013,True,correct,ECOM,42,True,correct,Q4
285,37162,True,1,209208718,0.44323647895804513,0.1369365775545138,0.30629990140353136,0.40000000000000013,True,correct,ECOM,42,True,correct,Q2
286,38346,True,1,208167531,0.9038510576574121,0.3362104378038555,0.5676406198535566,0.40000000000000013,True,correct,ECOM,42,True,correct,Q3
287,36502,True,1,209306029,0.37949041510760045,0.04475660379016856,0.3347338113174319,0.40000000000000013,False,missing_match,ECOM,42,True,correct,Q2
288,30575,True,1,209297205,0.8852925762790026,0.06776964507100589,0.8175229312079967,0.40000000000000013,True,correct,ECOM,42,True,correct,Q4
289,34496,True,1,207978102,0.9196771508377075,0.011371813407603846,0.9083053374301037,0.40000000000000013,True,correct,ECOM,42,True,correct,Q4
290,34298,True,1,207543193,0.5728560906976917,0.39419717349741057,0.17865891720028115,0.40000000000000013,True,correct,ECOM,42,True,correct,Q2
291,13700,True,1,90108521,0.7372618510954043,0.7140181414030092,0.023243709692395087,0.40000000000000013,True,false_link,ECOM,42,True,correct,Q1
292,25413,True,1,90049795,0.8773139499460862,0.078149149612153,0.7991648003339332,0.40000000000000013,True,correct,ECOM,42,True,correct,Q4
293,28180,True,1,202916534,0.8234706131573748,0.06746453606406574,0.756006077093309,0.40000000000000013,True,correct,ECOM,42,True,correct,Q4
294,33472,True,1,205777549,0.8767710866296995,0.8041863614977335,0.07258472513196601,0.40000000000000013,True,correct,ECOM,42,True,correct,Q1
295,30957,True,1,202046565,0.9860768928691735,0.305343098295504,0.6807337945736696,0.40000000000000013,True,correct,ECOM,42,True,correct,Q3
296,36264,True,1,209000383,0.6204239983446446,0.15441825869335005,0.46600573965129455,0.40000000000000013,True,correct,ECOM,42,True,correct,Q2
297,35111,True,1,207900171,0.010483960288678143,0.00885848287078426,0.0016254774178938829,0.40000000000000013,False,missing_match,ECOM,42,True,correct,Q1
298,34021,True,1,207652056,0.9652321554993925,0.7445348162651927,0.22069733923419976,0.40000000000000013,True,correct,ECOM,42,True,correct,Q2
299,32059,True,1,205131849,0.05700650774196916,0.015012154482454158,0.041994353259515,0.40000000000000013,False,missing_match,ECOM,42,True,correct,Q1
300,37499,True,1,208043057,0.8337759935490177,0.04831097940160166,0.785465014147416,0.40000000000000013,True,correct,ECOM,42,True,correct,Q4
301,33972,True,1,204556588,0.6206501199396124,0.011044348855851675,0.6096057710837607,0.40000000000000013,True,correct,ECOM,42,False,missing_match,Q3
302,17873,True,1,90145584,0.8827184714384436,0.8102367591283931,0.07248171231005052,0.40000000000000013,True,correct,ECOM,42,True,correct,Q1
303,37878,True,1,210258465,0.3962032192942589,0.17874233520640675,0.21746088408785214,0.40000000000000013,False,missing_match,ECOM,42,True,correct,Q2
304,37421,True,1,209896693,0.5894803404128957,0.014369572177908315,0.5751107682349873,0.40000000000000013,True,correct,ECOM,42,True,correct,Q3
305,31924,True,1,206356232,0.9333188890641466,0.4393743440408111,0.4939445450233355,0.40000000000000013,True,correct,ECOM,42,True,correct,Q3
306,28304,True,1,203405814,0.7429268874968403,0.0052182141202239485,0.7377086733766164,0.40000000000000013,True,correct,ECOM,42,True,correct,Q4
307,35498,True,1,90144998,0.8214523471042843,0.2358713635401139,0.5855809835641703,0.40000000000000013,True,correct,ECOM,42,True,correct,Q3
308,31813,True,1,207533462,0.8384162054826247,0.007575427099560572,0.8308407783830641,0.40000000000000013,True,correct,ECOM,42,True,correct,Q4
309,27719,True,1,203379237,0.7388384365885164,0.03833801335517181,0.7005004232333446,0.40000000000000013,True,correct,ECOM,42,True,correct,Q3
310,27964,True,1,203136103,0.8155689417200085,0.0795143985281223,0.7360545431918862,0.40000000000000013,True,correct,ECOM,42,True,correct,Q4
311,32561,True,1,207338879,0.94432371405086,0.19457971170468216,0.7497440023461779,0.40000000000000013,True,correct,ECOM,42,True,correct,Q4
312,37183,True,1,209656949,0.7758057059774157,0.1079072035284134,0.6678985024490023,0.40000000000000013,True,correct,ECOM,42,True,correct,Q3
313,29902,True,2,205144562,0.9340736154728536,0.5030965517363508,0.4309770637365028,0.40000000000000013,True,correct,ECOM,42,True,correct,Q2
314,35431,True,1,207506251,0.8570836150947544,0.008275942518709029,0.8488076725760454,0.40000000000000013,True,correct,ECOM,42,True,correct,Q4
315,35987,True,1,207464939,0.6453614358645418,0.02757936898938325,0.6177820668751585,0.40000000000000013,True,correct,ECOM,42,False,missing_match,Q3
316,38475,True,1,10140760,0.7645846878768743,0.013536677367632503,0.7510480105092417,0.40000000000000013,True,correct,ECOM,42,True,correct,Q4
317,28190,True,1,208464837,0.5566087575134109,0.053012735286663185,0.5035960222267477,0.40000000000000013,True,correct,ECOM,42,True,correct,Q3
318,36909,True,1,208656497,0.18902408060319784,0.025091370708691527,0.1639327098945063,0.40000000000000013,False,missing_match,ECOM,42,True,correct,Q2
319,33279,True,1,206808440,0.6417183228629023,0.10227139708970294,0.5394469257731994,0.40000000000000013,True,correct,ECOM,42,True,correct,Q3
320,18516,True,1,204559214,0.1523433903292015,0.1357973145114269,0.01654607581777459,0.40000000000000013,False,missing_match,ECOM,42,True,correct,Q1
321,20459,True,1,201953025,0.0732371790012004,0.04770905641130405,0.025528122589896347,0.40000000000000013,False,missing_match,ECOM,42,True,correct,Q1
322,13996,True,1,203025174,0.3065374389429846,0.013734257598522355,0.2928031813444622,0.40000000000000013,False,missing_match,ECOM,42,True,correct,Q2
323,35226,True,1,209869989,0.9319213718087309,0.2710254092273539,0.6608959625813771,0.40000000000000013,True,correct,ECOM,42,True,correct,Q3
324,28433,True,1,203142438,0.7596118422564972,0.008295279035243894,0.7513165632212534,0.40000000000000013,True,correct,ECOM,42,True,correct,Q4
325,26929,True,1,203651765,0.6874029400103755,0.053886553260510166,0.6335163867498653,0.40000000000000013,True,correct,ECOM,42,True,correct,Q3
326,32986,True,1,206179521,0.8105427989232721,0.1964212819275678,0.6141215169957043,0.40000000000000013,True,correct,ECOM,42,True,correct,Q3
327,36127,True,1,210402579,0.9275738670007088,0.014911206299189192,0.9126626607015196,0.40000000000000013,True,correct,ECOM,42,True,correct,Q4
328,35666,True,1,208289990,0.9108425018726012,0.04123379521373018,0.869608706658871,0.40000000000000013,True,correct,ECOM,42,True,correct,Q4
329,18970,True,1,202045862,0.2501985945990472,0.21717703355856696,0.033021561040480235,0.40000000000000013,False,missing_match,ECOM,42,True,correct,Q1
330,19628,True,1,202778257,0.05651791325080647,0.022277047939852957,0.03424086531095351,0.40000000000000013,False,missing_match,ECOM,42,True,correct,Q1
331,34300,True,1,207543192,0.5551367023752657,0.37176429904201147,0.18337240333325422,0.40000000000000013,True,correct,ECOM,42,True,correct,Q2
332,19358,True,1,90144996,0.4260438159338452,0.19751964765096625,0.22852416828287897,0.40000000000000013,True,correct,ECOM,42,True,false_link,Q2
333,37354,True,1,207390184,0.3699458058828085,0.030755719526376853,0.33919008635643166,0.40000000000000013,False,missing_match,ECOM,42,True,correct,Q2
334,33485,True,1,208792604,0.93402527729651,0.5972312717056203,0.3367940055908897,0.40000000000000013,True,correct,ECOM,42,True,correct,Q2
335,38767,True,1,204154429,0.9213156201813975,0.027638055460168554,0.893677564721229,0.40000000000000013,True,correct,ECOM,42,True,correct,Q4
336,34151,True,1,206854516,0.805894860012426,0.3609984401582991,0.4448964198541269,0.40000000000000013,True,correct,ECOM,42,True,correct,Q2
337,38522,True,1,210267015,0.6539855061900082,0.058568357201245556,0.5954171489887626,0.40000000000000013,True,correct,ECOM,42,True,correct,Q3
338,36117,True,1,206901652,0.5263546045156191,0.015487939516398999,0.5108666649992201,0.40000000000000013,True,correct,ECOM,42,True,correct,Q3
339,36305,True,1,202899626,0.835763070697069,0.18784195570715242,0.6479211149899166,0.40000000000000013,True,correct,ECOM,42,True,correct,Q3
340,6493,True,1,203017999,0.9184156991728725,0.033444504692797535,0.8849711944800749,0.40000000000000013,True,correct,ECOM,42,True,correct,Q4
341,30093,True,1,205467942,0.7323198999917607,0.04941508491752802,0.6829048150742327,0.40000000000000013,True,correct,ECOM,42,True,correct,Q3
342,36207,True,1,10363070,0.3849005724740888,0.00950836330464298,0.3753922091694458,0.40000000000000013,False,missing_match,ECOM,42,True,correct,Q2
343,21297,True,1,202070149,0.9360572629397733,0.08885985516529252,0.8471974077744808,0.40000000000000013,True,correct,ECOM,42,True,correct,Q4
344,20532,True,1,90105654,0.7423926059370797,0.022828214014906274,0.7195643919221734,0.40000000000000013,True,correct,ECOM,42,True,correct,Q4
345,31337,True,1,203884610,0.980435917096775,0.1977700478914653,0.7826658692053097,0.40000000000000013,True,correct,ECOM,42,True,correct,Q4
346,34349,True,1,207660498,0.9653097080553584,0.20202981686967722,0.7632798911856812,0.40000000000000013,True,correct,ECOM,42,True,correct,Q4
347,30196,True,1,205593367,0.5127822232699217,0.14994048878255903,0.3628417344873627,0.40000000000000013,True,correct,ECOM,42,True,correct,Q2
348,37893,True,1,208937534,0.741683181666308,0.08486091496036284,0.6568222667059451,0.40000000000000013,True,correct,ECOM,42,True,correct,Q3
349,34218,True,1,208294712,0.651582404051339,0.6062713879668733,0.04531101608446575,0.40000000000000013,True,correct,ECOM,42,True,correct,Q1
350,38001,True,1,209871973,0.9322296866764118,0.03160023007443776,0.900629456601974,0.40000000000000013,True,correct,ECOM,42,True,correct,Q4
351,29272,True,1,203900792,0.276448563210228,0.05182390062060012,0.22462466258962788,0.40000000000000013,False,missing_match,ECOM,42,True,correct,Q2
352,34165,True,1,206928452,0.3398618863762652,0.01778576462621952,0.3220761217500457,0.40000000000000013,False,missing_match,ECOM,42,True,correct,Q2
353,28978,True,1,204559209,0.4173772199516921,0.36976363249997957,0.047613587451712513,0.40000000000000013,True,false_link,ECOM,42,True,correct,Q1
354,33790,True,1,210252356,0.7634533645852002,0.030375585011825627,0.7330777795733746,0.40000000000000013,True,correct,ECOM,42,True,correct,Q4
355,37235,True,1,210256478,0.7354400520473262,0.006217260595977956,0.7292227914513483,0.40000000000000013,True,correct,ECOM,42,True,correct,Q4
356,34754,True,1,207543196,0.7437567339642762,0.5466540952563155,0.19710263870796074,0.40000000000000013,True,false_link,ECOM,42,True,correct,Q2
357,33595,True,1,208294724,0.8461934295125016,0.6410693311523629,0.20512409836013878,0.40000000000000013,True,false_link,ECOM,42,True,false_link,Q2
358,38129,True,1,210227261,0.8106686569368952,0.04432955721683396,0.7663390997200612,0.40000000000000013,True,correct,ECOM,42,True,correct,Q4
359,34156,True,1,203952966,0.9440654072537115,0.9009833009995678,0.04308210625414366,0.40000000000000013,True,false_link,ECOM,42,True,correct,Q1
360,22729,True,1,202473822,0.6796430376554198,0.02490982628141898,0.6547332113740008,0.40000000000000013,True,correct,ECOM,42,True,correct,Q3
361,37287,True,1,208937533,0.6695178254509953,0.06149782262817456,0.6080200028228206,0.40000000000000013,True,correct,ECOM,42,True,correct,Q3
362,28205,True,1,204419878,0.8292430048709951,0.5417612473618727,0.2874817575091224,0.40000000000000013,True,correct,ECOM,42,True,correct,Q2
363,34253,True,1,206887992,0.1641405881351991,0.03263847571157128,0.13150211242362783,0.40000000000000013,False,missing_match,ECOM,42,True,correct,Q1
364,29339,True,1,203888987,0.6827864333636268,0.06909473096600131,0.6136917023976255,0.40000000000000013,True,correct,ECOM,42,True,correct,Q3
365,33057,True,1,208033806,0.8873128834937573,0.47147191249691967,0.4158409709968376,0.40000000000000013,True,correct,ECOM,42,True,correct,Q2
366,7783,True,1,202900227,0.6348916080819638,0.2709362395603782,0.36395536852158555,0.40000000000000013,True,correct,ECOM,42,True,correct,Q2
367,32906,True,1,203324965,0.23246538086786106,0.22150050868028068,0.010964872187580382,0.40000000000000013,False,missing_match,ECOM,42,True,correct,Q1
368,26563,True,1,202125720,0.29536443221014436,0.02825931324323771,0.26710511896690664,0.40000000000000013,False,missing_match,ECOM,42,True,correct,Q2
369,34941,True,1,208504307,0.8751848500777509,0.4214962292713988,0.45368862080635214,0.40000000000000013,True,correct,ECOM,42,True,correct,Q2
370,31970,True,1,206419131,0.7524228703178067,0.168244255215473,0.5841786151023337,0.40000000000000013,True,correct,ECOM,42,True,correct,Q3
371,19204,True,1,207653535,0.5947454992869599,0.47476302055423747,0.11998247873272239,0.40000000000000013,True,false_link,ECOM,42,True,correct,Q1
372,34095,True,1,207653548,0.9588693872544357,0.21089603049767336,0.7479733567567624,0.40000000000000013,True,correct,ECOM,42,True,correct,Q4
373,37340,True,1,206808431,0.04171184030866558,0.029596159570628743,0.012115680738036837,0.40000000000000013,False,missing_match,ECOM,42,False,missing_match,Q1
374,35010,True,1,208117937,0.04846501937668927,0.04846501937668927,0.0,0.40000000000000013,False,missing_match,ECOM,42,False,missing_match,Q1
375,28020,True,1,204734549,0.8146735501995078,0.02038924403383882,0.794284306165669,0.40000000000000013,True,correct,ECOM,42,True,correct,Q4
376,36446,True,1,208226698,0.6799072248764302,0.07326531902658534,0.6066419058498449,0.40000000000000013,True,correct,ECOM,42,True,correct,Q3
377,27188,True,1,204318286,0.31545317476578566,0.311519205119196,0.003933969646589652,0.40000000000000013,False,missing_match,ECOM,42,True,false_link,Q1
378,36169,True,2,90145444,0.39385601570899237,0.1997330881893062,0.19412292751968616,0.40000000000000013,False,missing_match,ECOM,42,False,missing_match,Q2
379,33464,True,1,210245837,0.880215304469503,0.011864463320189325,0.8683508411493137,0.40000000000000013,True,correct,ECOM,42,True,correct,Q4
380,33950,True,1,208456233,0.8685249052709428,0.7459574848889087,0.12256742038203416,0.40000000000000013,True,correct,ECOM,42,True,correct,Q1
381,27783,True,1,202293522,0.931915521993829,0.08660867729850437,0.8453068446953246,0.40000000000000013,True,correct,ECOM,42,True,correct,Q4
382,37812,True,1,209245958,0.9679623404390038,0.5482312925090683,0.41973104792993543,0.40000000000000013,True,correct,ECOM,42,True,correct,Q2
383,34153,True,1,207465587,0.9145347355552296,0.7556527862333239,0.1588819493219057,0.40000000000000013,True,correct,ECOM,42,True,correct,Q1
384,33272,True,1,209273200,0.7516546969537174,0.29699857201175467,0.4546561249419628,0.40000000000000013,True,correct,ECOM,42,True,correct,Q2
385,37145,True,1,208941079,0.6978712871177108,0.11107380626677177,0.5867974808509391,0.40000000000000013,True,false_link,ECOM,42,True,false_link,Q3
386,25855,True,1,205986339,0.6815970757696248,0.07252681000808489,0.6090702657615399,0.40000000000000013,True,correct,ECOM,42,True,correct,Q3
387,38697,True,1,206892248,0.9800142715206509,0.3080880959650048,0.671926175555646,0.40000000000000013,True,correct,ECOM,42,True,correct,Q3
388,33643,True,1,206928605,0.5273143142394283,0.09089141270287528,0.43642290153655305,0.40000000000000013,True,correct,ECOM,42,True,correct,Q2
389,33476,True,1,208504178,0.879375505894266,0.7253658921046294,0.15400961378963662,0.40000000000000013,True,correct,ECOM,42,True,correct,Q1
390,38640,True,1,209890560,0.630420936896001,0.00840038556310332,0.6220205513328977,0.40000000000000013,True,correct,ECOM,42,True,correct,Q3
391,36637,True,1,205728900,0.9402720004623168,0.3831044088471003,0.5571675916152166,0.40000000000000013,True,correct,ECOM,42,True,correct,Q3
392,33569,True,1,207388760,0.3903569396922715,0.37502381093699205,0.015333128755279424,0.40000000000000013,False,missing_match,ECOM,42,True,correct,Q1
393,33496,True,1,206928384,0.8139779638565442,0.7071674538136838,0.10681051004286035,0.40000000000000013,True,correct,ECOM,42,True,correct,Q1
394,6742,True,1,202845629,0.8651291921951358,0.022234765031024093,0.8428944271641118,0.40000000000000013,True,correct,ECOM,42,True,correct,Q4
395,37257,True,1,209208719,0.44636712238160053,0.03387805430608984,0.41248906807551067,0.40000000000000013,True,correct,ECOM,42,True,correct,Q2
396,25036,True,1,202502745,0.1560044891729749,0.006739941353550748,0.14926454781942416,0.40000000000000013,False,missing_match,ECOM,42,True,correct,Q1
397,31392,True,1,205753566,0.605684400803556,0.00902830342784451,0.5966560973757115,0.40000000000000013,True,correct,ECOM,42,True,correct,Q3
398,34304,True,1,207927557,0.9714834004608344,0.6891543319856188,0.28232906847521555,0.40000000000000013,True,correct,ECOM,42,True,correct,Q2
399,27739,True,1,204644752,0.8219240549628403,0.006025687323890528,0.8158983676389497,0.40000000000000013,True,correct,ECOM,42,True,correct,Q4
400,30590,True,1,90138537,0.5833438304551696,0.37390497160294256,0.20943885885222702,0.40000000000000013,True,correct,ECOM,42,True,correct,Q2
401,34751,True,1,207543189,0.6829235251082667,0.18070352521399882,0.5022199998942679,0.40000000000000013,True,correct,ECOM,42,True,correct,Q3
402,33664,True,1,205520997,0.3165082809369118,0.019326510523029458,0.29718177041388233,0.40000000000000013,False,missing_match,ECOM,42,True,correct,Q2
403,36988,True,1,209253739,0.5967548674370784,0.15725773098299792,0.4394971364540805,0.40000000000000013,True,correct,ECOM,42,True,correct,Q2
404,33437,True,1,207464919,0.7820684483171572,0.7143637465143442,0.06770470180281296,0.40000000000000013,True,correct,ECOM,42,True,correct,Q1
405,34657,True,1,207938488,0.7778870804959498,0.5703134255754647,0.20757365492048507,0.40000000000000013,True,correct,ECOM,42,True,correct,Q2
406,36620,True,1,208453646,0.8164583564442036,0.26767818569589735,0.5487801707483062,0.40000000000000013,True,correct,ECOM,42,True,correct,Q3
407,34648,True,1,207919773,0.8318790759486003,0.4879147459298096,0.34396433001879073,0.40000000000000013,True,correct,ECOM,42,True,correct,Q2
408,34897,True,1,208504421,0.8573951549665754,0.5579436790209821,0.2994514759455933,0.40000000000000013,True,correct,ECOM,42,True,correct,Q2
409,39176,True,1,10380060,0.09855023342894088,0.019843598854654487,0.0787066345742864,0.40000000000000013,False,missing_match,ECOM,42,True,correct,Q1
410,35903,True,1,205769439,0.8398016950288929,0.2944860453970309,0.5453156496318621,0.40000000000000013,True,correct,ECOM,42,True,correct,Q3
411,33784,True,1,207538225,0.7118984458135195,0.2888033382499111,0.42309510756360835,0.40000000000000013,True,correct,ECOM,42,True,correct,Q2
412,38399,True,1,210479062,0.47389063265777004,0.019189421478623216,0.4547012111791468,0.40000000000000013,True,correct,ECOM,42,True,correct,Q2
413,38480,True,1,204647332,0.099213585494648,0.010697378834185544,0.08851620666046245,0.40000000000000013,False,missing_match,ECOM,42,True,correct,Q1
414,34815,True,1,208289990,0.08217513478428037,0.022200107450069565,0.05997502733421081,0.40000000000000013,False,missing_match,ECOM,42,False,missing_match,Q1
415,36102,True,1,90139585,0.6731439168103495,0.27488350009660323,0.39826041671374623,0.40000000000000013,True,correct,ECOM,42,True,correct,Q2
416,36020,True,1,202472204,0.3245985316868354,0.027055984811189746,0.29754254687564563,0.40000000000000013,False,missing_match,ECOM,42,True,correct,Q2
417,25364,True,1,203201060,0.8064036970904565,0.039960783707608916,0.7664429133828475,0.40000000000000013,True,correct,ECOM,42,True,correct,Q4
418,27789,True,1,204318286,0.5810309795865105,0.4040650665540549,0.17696591303245562,0.40000000000000013,True,false_link,ECOM,42,True,false_link,Q2
419,34150,True,1,207514563,0.7583497948574519,0.08558064182007527,0.6727691530373766,0.40000000000000013,True,correct,ECOM,42,True,correct,Q3
420,36299,True,1,208342524,0.8362578857997156,0.3920796357770665,0.4441782500226491,0.40000000000000013,True,correct,ECOM,42,True,correct,Q2
421,27194,True,1,204318283,0.505007032784829,0.3880581942484429,0.11694883853638605,0.40000000000000013,True,correct,ECOM,42,True,correct,Q1
422,36811,True,1,208930714,0.568841425335922,0.1692660415599041,0.39957538377601787,0.40000000000000013,True,correct,ECOM,42,True,correct,Q2
423,19132,True,1,202778315,0.9526656054967546,0.15280113040873283,0.7998644750880217,0.40000000000000013,True,correct,ECOM,42,True,correct,Q4
424,24615,True,1,204587971,0.06743664098008473,0.02217685163289284,0.04525978934719189,0.40000000000000013,False,missing_match,ECOM,42,True,false_link,Q1
425,29866,True,1,204792886,0.11796744201965177,0.06542432720987712,0.05254311480977465,0.40000000000000013,False,missing_match,ECOM,42,False,missing_match,Q1
426,33219,True,1,205562000,0.14631620993061822,0.09369668618828508,0.05261952374233314,0.40000000000000013,False,missing_match,ECOM,42,True,correct,Q1
427,33021,True,1,203154818,0.7732486533996147,0.03714865723159532,0.7360999961680194,0.40000000000000013,True,correct,ECOM,42,True,correct,Q4
428,34093,True,1,207660499,0.9555749980293143,0.4327582149124189,0.5228167831168955,0.40000000000000013,True,correct,ECOM,42,True,correct,Q3
429,33765,True,1,208455897,0.9051729403754761,0.8639389573598943,0.04123398301558179,0.40000000000000013,True,correct,ECOM,42,True,false_link,Q1
430,16112,True,1,202900041,0.8271651579997967,0.06287525150839049,0.7642899064914063,0.40000000000000013,True,correct,ECOM,42,True,correct,Q4
431,33263,True,1,208105573,0.22300930852439246,0.015264659207086225,0.20774464931730624,0.40000000000000013,False,missing_match,ECOM,42,True,correct,Q2
432,23658,True,1,203065730,0.4811671915566121,0.004981271621682994,0.4761859199349291,0.40000000000000013,True,correct,ECOM,42,True,correct,Q2
433,34401,True,1,208456262,0.8965800422557897,0.6662291743592209,0.23035086789656878,0.40000000000000013,True,correct,ECOM,42,True,correct,Q2
434,33478,True,1,208154550,0.9095379377295787,0.8074899463077884,0.10204799142179033,0.40000000000000013,True,correct,ECOM,42,True,correct,Q1
435,34036,True,1,207390682,0.6912020989138051,0.03539621534806427,0.6558058835657409,0.40000000000000013,True,correct,ECOM,42,True,correct,Q3
436,30134,True,1,206362873,0.32193754894261684,0.003294572986333762,0.31864297595628305,0.40000000000000013,False,missing_match,ECOM,42,True,correct,Q2
437,32584,True,1,206179562,0.8602962200506794,0.02350314947192546,0.836793070578754,0.40000000000000013,True,correct,ECOM,42,True,correct,Q4
438,33922,True,1,207925432,0.6822584649488611,0.2985317766176262,0.3837266883312349,0.40000000000000013,True,correct,ECOM,42,True,correct,Q2
439,34946,True,1,208114686,0.14665192992441636,0.08346428558109359,0.06318764434332277,0.40000000000000013,False,missing_match,ECOM,42,False,missing_match,Q1
440,33938,True,1,208464825,0.6132515441772382,0.04372252523197302,0.5695290189452651,0.40000000000000013,True,correct,ECOM,42,True,correct,Q3
441,37301,True,1,209302310,0.8547602564563438,0.1176394521814876,0.7371208042748562,0.40000000000000013,True,correct,ECOM,42,True,correct,Q4
442,36607,True,1,209891039,0.7253710614065173,0.0668246938586746,0.6585463675478427,0.40000000000000013,True,correct,ECOM,42,True,correct,Q3
443,552,True,1,90132241,0.7676473711668818,0.055474257888792546,0.7121731132780892,0.40000000000000013,True,correct,ECOM,42,True,correct,Q3
444,32882,True,1,204563949,0.40364653698064623,0.10966797467704877,0.2939785623035975,0.40000000000000013,True,correct,ECOM,42,True,correct,Q2
445,31596,True,1,204587971,0.21785107265603737,0.15361273447972582,0.06423833817631155,0.40000000000000013,False,missing_match,ECOM,42,True,correct,Q1
446,32150,True,1,207390506,0.1674048810359697,0.024116516920907185,0.14328836411506252,0.40000000000000013,False,missing_match,ECOM,42,True,correct,Q1
447,30203,True,1,208156275,0.41758020030263737,0.024665988727824408,0.392914211574813,0.40000000000000013,True,correct,ECOM,42,False,missing_match,Q2
448,36097,True,2,208131008,0.025704316048335677,0.014348370160493626,0.01135594588784205,0.40000000000000013,False,missing_match,ECOM,42,True,correct,Q1
449,34392,True,1,206362747,0.13524589479443977,0.11641699031559591,0.01882890447884386,0.40000000000000013,False,missing_match,ECOM,42,True,correct,Q1
450,33955,True,1,207391023,0.7522550170985721,0.031039519447407793,0.7212154976511643,0.40000000000000013,True,correct,ECOM,42,True,correct,Q4
451,38449,True,1,206576717,0.8979104449174262,0.2308080228200637,0.6671024220973625,0.40000000000000013,True,correct,ECOM,42,True,correct,Q3
452,38653,True,1,210571462,0.6188292692048785,0.021336440305924114,0.5974928288989544,0.40000000000000013,True,correct,ECOM,42,True,correct,Q3
453,34363,True,1,206892902,0.6017081308590455,0.007905760923141608,0.5938023699359039,0.40000000000000013,True,correct,ECOM,42,True,correct,Q3
454,25788,True,1,203396327,0.9531910721365116,0.34934735513188386,0.6038437170046277,0.40000000000000013,True,correct,ECOM,42,True,correct,Q3
455,33271,True,1,206808431,0.9151751237226906,0.8123472843829691,0.1028278393397215,0.40000000000000013,True,correct,ECOM,42,True,correct,Q1
456,23325,True,2,202456903,0.8756838769521087,0.054395812937616736,0.821288064014492,0.40000000000000013,True,correct,ECOM,42,True,correct,Q4
457,37201,True,1,209656971,0.24502071262818778,0.18269784461153585,0.06232286801665193,0.40000000000000013,False,missing_match,ECOM,42,True,correct,Q1
458,34848,True,1,208117930,0.018593648569623335,0.018593648569623335,0.0,0.40000000000000013,False,missing_match,ECOM,42,False,missing_match,Q1
459,34442,True,1,208455894,0.33011601342641694,0.021104396423613777,0.30901161700280316,0.40000000000000013,False,missing_match,ECOM,42,True,correct,Q2
460,38474,True,1,10343605,0.8795867676051635,0.010439001073510795,0.8691477665316527,0.40000000000000013,True,correct,ECOM,42,True,correct,Q4
461,20450,True,1,208937347,0.009784052903915218,0.007241712692157078,0.0025423402117581402,0.40000000000000013,False,missing_match,ECOM,42,False,missing_match,Q1
462,38733,True,1,207979206,0.951415137985896,0.004133491350455993,0.94728164663544,0.40000000000000013,True,correct,ECOM,42,True,correct,Q4
463,25905,True,1,202479418,0.1338132069223589,0.026983019214978154,0.10683018770738074,0.40000000000000013,False,missing_match,ECOM,42,True,correct,Q1
464,31830,True,1,205557539,0.8903812094600769,0.06859007841786102,0.8217911310422159,0.40000000000000013,True,correct,ECOM,42,True,correct,Q4
465,33786,True,1,206854515,0.8070133448566978,0.387421010824429,0.41959233403226887,0.40000000000000013,True,correct,ECOM,42,True,correct,Q2
466,29032,True,1,205145879,0.8961038386948177,0.010605180138694372,0.8854986585561233,0.40000000000000013,True,correct,ECOM,42,True,correct,Q4
467,37123,True,1,209114552,0.9258046666539562,0.03544126721130134,0.8903633994426549,0.40000000000000013,True,correct,ECOM,42,True,correct,Q4
468,38434,True,1,210227285,0.7581762357566036,0.1703857816233822,0.5877904541332215,0.40000000000000013,True,correct,ECOM,42,True,correct,Q3
469,18202,True,1,208131008,0.0008260399945566119,0.0006893048005223322,0.00013673519403427966,0.40000000000000013,False,missing_match,ECOM,42,False,missing_match,Q1
470,29677,True,1,204884519,0.6304256075881927,0.013980032436435358,0.6164455751517574,0.40000000000000013,True,correct,ECOM,42,True,correct,Q3
471,23635,True,1,202900002,0.0848235215027491,0.004699228791029892,0.08012429271171921,0.40000000000000013,False,missing_match,ECOM,42,False,missing_match,Q1
472,29861,True,1,204792876,0.7955362600629506,0.025700924377856302,0.7698353356850943,0.40000000000000013,True,correct,ECOM,42,True,correct,Q4
473,33883,True,1,208177785,0.8349486415307434,0.21002960664637835,0.6249190348843651,0.40000000000000013,True,correct,ECOM,42,True,correct,Q3
474,30533,True,1,205729817,0.3555145288912568,0.016331365937010456,0.33918316295424633,0.40000000000000013,False,missing_match,ECOM,42,True,correct,Q2
475,24402,True,1,203897877,0.9456840317466874,0.0030670497035931122,0.9426169820430943,0.40000000000000013,True,correct,ECOM,42,True,correct,Q4
476,33831,True,1,207552185,0.8163866857188851,0.15600366911225144,0.6603830166066336,0.40000000000000013,True,correct,ECOM,42,True,correct,Q3
477,34791,True,2,203185276,0.830460991439216,0.10285601120189686,0.7276049802373192,0.40000000000000013,True,correct,ECOM,42,True,correct,Q4
478,37803,True,1,207875395,0.9288882480365906,0.7728093770980781,0.15607887093851258,0.40000000000000013,True,correct,ECOM,42,True,correct,Q1
479,23837,True,1,202635467,0.8182719996518557,0.03215112612881474,0.7861208735230409,0.40000000000000013,True,correct,ECOM,42,True,correct,Q4
480,30808,True,1,204345240,0.39159724260445566,0.05059210906560161,0.34100513353885403,0.40000000000000013,False,missing_match,ECOM,42,True,correct,Q2
481,36722,True,1,209656935,0.7946015327924082,0.014521245702521845,0.7800802870898863,0.40000000000000013,True,correct,ECOM,42,True,correct,Q4
482,25388,True,1,90145568,0.7659819864808604,0.10242951322663983,0.6635524732542205,0.40000000000000013,True,correct,ECOM,42,True,correct,Q3
483,13581,True,1,90125786,0.9081444042515896,0.5629831269288968,0.34516127732269275,0.40000000000000013,True,correct,ECOM,42,True,correct,Q2
484,34609,True,1,207543190,0.7112712663284207,0.4451426220639889,0.26612864426443184,0.40000000000000013,True,correct,ECOM,42,True,correct,Q2
485,26445,True,1,203407043,0.31484379044455174,0.1336197761913888,0.18122401425316295,0.40000000000000013,False,missing_match,ECOM,42,True,correct,Q2
486,34770,True,1,207959798,0.8538809277593862,0.6148515505253791,0.23902937723400708,0.40000000000000013,True,correct,ECOM,42,True,correct,Q2
487,35165,True,1,209297205,0.125284323731525,0.03336843331260421,0.0919158904189208,0.40000000000000013,False,missing_match,ECOM,42,False,missing_match,Q1
488,33045,True,1,203514304,0.13413480606751968,0.015457998699343575,0.11867680736817611,0.40000000000000013,False,missing_match,ECOM,42,True,correct,Q1
489,36142,True,1,207907548,0.5420278719324652,0.13965616855938584,0.4023717033730793,0.40000000000000013,True,correct,ECOM,42,True,correct,Q2
490,25732,True,1,203341506,0.9308527549195704,0.05289829828850205,0.8779544566310684,0.40000000000000013,True,correct,ECOM,42,True,correct,Q4
491,35035,True,1,208156878,0.04777000147183869,0.04777000147183869,0.0,0.40000000000000013,False,missing_match,ECOM,42,True,false_link,Q1
492,24316,True,1,204569292,0.9226247929667647,0.2161046604611719,0.7065201325055928,0.40000000000000013,True,correct,ECOM,42,True,correct,Q3
493,25797,True,1,204416098,0.04357028953231078,0.04351348653236253,5.680299994824389e-05,0.40000000000000013,False,missing_match,ECOM,42,False,missing_match,Q1
494,6726,True,1,203111433,0.9490936653539325,0.008463508020225788,0.9406301573337067,0.40000000000000013,True,correct,ECOM,42,True,correct,Q4
495,35186,True,1,208117919,0.8799227472208303,0.8540776546434039,0.0258450925774264,0.40000000000000013,True,correct,ECOM,42,True,correct,Q1
496,34004,True,1,207652055,0.7532434018632636,0.7141207498221217,0.03912265204114185,0.40000000000000013,True,correct,ECOM,42,True,correct,Q1
497,36990,True,1,209253738,0.42347304022592813,0.1318539740352541,0.291619066190674,0.40000000000000013,True,correct,ECOM,42,True,correct,Q2
498,33522,True,2,207654106,0.12254639384877895,0.08321197595989477,0.039334417888884185,0.40000000000000013,False,missing_match,ECOM,42,True,correct,Q1
499,34127,True,1,203165922,0.8212912671184368,0.8059420968158446,0.015349170302592197,0.40000000000000013,True,correct,ECOM,42,True,correct,Q1
500,18564,True,1,208456203,0.6705148194072506,0.2579881858398359,0.41252663356741465,0.40000000000000013,True,false_link,ECOM,42,True,false_link,Q2
501,35853,True,1,208085175,0.8025261666349985,0.03349096865021119,0.7690351979847874,0.40000000000000013,True,correct,ECOM,42,True,correct,Q4
502,33769,True,1,208504099,0.9398688224070463,0.8560837413506815,0.08378508105636473,0.40000000000000013,True,correct,ECOM,42,True,false_link,Q1
503,27985,True,1,204740191,0.5543460610622261,0.0364310064059986,0.5179150546562274,0.40000000000000013,True,correct,ECOM,42,True,correct,Q3
504,24493,True,1,202900030,0.41967576081050695,0.32129709490665204,0.09837866590385491,0.40000000000000013,True,correct,ECOM,42,True,correct,Q1
505,37120,True,1,209114551,0.8187150810051822,0.17342892232327028,0.6452861586819119,0.40000000000000013,True,correct,ECOM,42,False,missing_match,Q3
506,27920,True,1,206725724,0.9413512933697767,0.09508017039466014,0.8462711229751166,0.40000000000000013,True,correct,ECOM,42,True,correct,Q4
507,27589,True,1,204264643,0.5881053878558542,0.06324772705533889,0.5248576608005153,0.40000000000000013,True,correct,ECOM,42,True,correct,Q3
508,27248,True,1,10360978,0.8376281515991266,0.8369063272303082,0.0007218243688184023,0.40000000000000013,True,false_link,ECOM,42,True,correct,Q1
509,35388,True,1,208294724,0.854138960107476,0.5972745463506364,0.25686441375683966,0.40000000000000013,True,correct,ECOM,42,True,correct,Q2
510,23651,True,1,202784323,0.8217392759412981,0.018055984502813493,0.8036832914384846,0.40000000000000013,True,correct,ECOM,42,True,correct,Q4
511,39175,True,1,204822679,0.9321597640313599,0.02021249161042447,0.9119472724209354,0.40000000000000013,True,correct,ECOM,42,True,correct,Q4
512,34130,True,2,207900174,0.943962315366622,0.09504784518225824,0.8489144701843637,0.40000000000000013,True,correct,ECOM,42,True,correct,Q4
513,35308,True,1,208270234,0.5897695604964577,0.024716302484347055,0.5650532580121106,0.40000000000000013,True,correct,ECOM,42,True,correct,Q3
514,26082,True,1,204274660,0.6550299571584155,0.13094778302895246,0.524082174129463,0.40000000000000013,True,correct,ECOM,42,True,correct,Q3
515,16000,True,1,208226457,0.8116244094544334,0.0832134486870875,0.7284109607673459,0.40000000000000013,True,correct,ECOM,42,True,correct,Q4
516,22042,True,2,202238311,0.1524294091631912,0.0781104293452063,0.0743189798179849,0.40000000000000013,False,missing_match,ECOM,42,False,missing_match,Q1
517,34858,True,1,208294698,0.9099960836405583,0.24184034478953717,0.6681557388510211,0.40000000000000013,True,correct,ECOM,42,True,correct,Q3
518,33723,True,1,206356234,0.8849822068195093,0.04941248523992375,0.8355697215795856,0.40000000000000013,True,correct,ECOM,42,True,correct,Q4
519,36029,True,1,202785722,0.9692193945785622,0.038005678297407655,0.9312137162811546,0.40000000000000013,True,correct,ECOM,42,True,correct,Q4
520,33488,True,1,208154765,0.9285803945333222,0.38343218426106535,0.5451482102722569,0.40000000000000013,True,correct,ECOM,42,True,correct,Q3
521,33440,True,1,207464921,0.9311960666485259,0.31482649763734755,0.6163695690111783,0.40000000000000013,True,correct,ECOM,42,True,correct,Q3
522,13155,True,1,90109367,0.8389550183048572,0.003390522879379808,0.8355644954254774,0.40000000000000013,True,correct,ECOM,42,True,correct,Q4
523,33788,True,1,207543197,0.718142283136531,0.49641239646766305,0.2217298866688679,0.40000000000000013,True,correct,ECOM,42,True,correct,Q2
524,34158,True,1,206895864,0.6885064537257193,0.03680574688882605,0.6517007068368932,0.40000000000000013,True,correct,ECOM,42,True,correct,Q3
525,36803,True,1,207469300,0.9547631147617284,0.08757669167051053,0.8671864230912179,0.40000000000000013,True,correct,ECOM,42,True,correct,Q4
526,36001,True,1,208504423,0.7899208549286078,0.3072476715909246,0.48267318333768316,0.40000000000000013,True,correct,ECOM,42,True,correct,Q3
527,31887,True,1,206639246,0.8936171779154473,0.1194548365425011,0.7741623413729462,0.40000000000000013,True,correct,ECOM,42,True,correct,Q4
528,34829,True,1,207682340,0.37718998728206016,0.10428673510159889,0.2729032521804613,0.40000000000000013,False,missing_match,ECOM,42,True,correct,Q2
529,32187,True,1,209896109,0.3435647453067073,0.21100962459101932,0.13255512071568795,0.40000000000000013,False,missing_match,ECOM,42,True,correct,Q1
530,33276,True,1,205865183,0.951890192269556,0.6652638496095172,0.2866263426600387,0.40000000000000013,True,correct,ECOM,42,True,correct,Q2
531,28963,True,1,202106724,0.9173542215278703,0.038996577171340564,0.8783576443565297,0.40000000000000013,True,correct,ECOM,42,True,correct,Q4
532,34286,True,1,207945552,0.7298079855413188,0.011434166300326697,0.7183738192409921,0.40000000000000013,True,correct,ECOM,42,True,correct,Q3
533,35851,True,1,206462228,0.9478502525787297,0.0251809468383759,0.9226693057403538,0.40000000000000013,True,correct,ECOM,42,True,correct,Q4
534,33175,True,1,207542598,0.8824915338777518,0.49162622008882095,0.39086531378893086,0.40000000000000013,True,correct,ECOM,42,True,correct,Q2
535,32384,True,1,202989028,0.5457108182991076,0.0624329780887797,0.48327784021032794,0.40000000000000013,True,correct,ECOM,42,True,correct,Q3
536,25829,True,1,202827684,0.8414158354660611,0.11809701662742353,0.7233188188386376,0.40000000000000013,True,correct,ECOM,42,True,correct,Q4
537,9646,True,1,203111113,0.4317285963427093,0.02021034374122135,0.411518252601488,0.40000000000000013,True,correct,ECOM,42,True,correct,Q2
538,34012,True,1,207642166,0.9726429539355855,0.35337030122160074,0.6192726527139848,0.40000000000000013,True,correct,ECOM,42,True,correct,Q3
539,34661,True,1,208294716,0.7576447920424637,0.11305671722430473,0.6445880748181589,0.40000000000000013,True,correct,ECOM,42,True,correct,Q3
540,17479,True,1,90145972,0.87692291887243,0.283062572378045,0.593860346494385,0.40000000000000013,True,correct,ECOM,42,True,correct,Q3
0,35680,True,1,208156276,0.8838019290794031,0.02276216150568811,0.861039767573715,0.30000000000000004,True,correct,ECOM,43,True,correct,Q4
1,33601,True,1,204071217,0.31942538781758056,0.19838177929565534,0.12104360852192522,0.30000000000000004,True,false_link,ECOM,43,True,correct,Q1
2,25990,True,1,203915639,0.7697107381682444,0.08145363787574536,0.6882571002924991,0.30000000000000004,True,correct,ECOM,43,True,correct,Q3
3,33150,True,1,208105630,0.819805580254767,0.2830568376553983,0.5367487425993687,0.30000000000000004,True,correct,ECOM,43,True,correct,Q3
4,33476,True,1,208504178,0.9004870133993063,0.761195783852275,0.13929122954703121,0.30000000000000004,True,correct,ECOM,43,True,correct,Q2
5,38876,True,1,210634625,0.6394753350003479,0.3083030210183169,0.331172313982031,0.30000000000000004,True,correct,ECOM,43,True,correct,Q2
6,33586,True,1,207338890,0.9283291706475741,0.5236814777960815,0.4046476928514926,0.30000000000000004,True,correct,ECOM,43,True,correct,Q2
7,36207,True,1,10363070,0.2521275844837254,0.008998304372460726,0.2431292801112647,0.30000000000000004,False,missing_match,ECOM,43,True,correct,Q2
8,38475,True,1,10140760,0.7922174223675684,0.02128848939459758,0.7709289329729708,0.30000000000000004,True,correct,ECOM,43,True,correct,Q4
9,24386,True,1,203340101,0.6737747391629206,0.07031369246147458,0.6034610467014461,0.30000000000000004,True,correct,ECOM,43,True,correct,Q3
10,13580,True,1,90125772,0.9050188063404465,0.5504480159020758,0.3545707904383707,0.30000000000000004,True,correct,ECOM,43,True,correct,Q2
11,35019,True,1,208117925,0.06554755095751393,0.027938260990502072,0.03760928996701185,0.30000000000000004,False,missing_match,ECOM,43,False,missing_match,Q1
12,31830,True,1,205557539,0.9401932576632176,0.07320753439334485,0.8669857232698728,0.30000000000000004,True,correct,ECOM,43,True,correct,Q4
13,32876,True,1,203870569,0.2444700127970927,0.14988758941454364,0.09458242338254907,0.30000000000000004,False,missing_match,ECOM,43,True,false_link,Q1
14,26241,True,1,208456199,0.7884459888143404,0.17189117740509088,0.6165548114092495,0.30000000000000004,True,correct,ECOM,43,True,correct,Q3
15,36812,True,1,210399819,0.6191943116109142,0.03163921968245436,0.5875550919284599,0.30000000000000004,True,correct,ECOM,43,True,correct,Q3
16,14070,True,1,203915639,0.024126490061444406,0.016263004956194073,0.007863485105250333,0.30000000000000004,False,missing_match,ECOM,43,False,missing_match,Q1
17,19358,True,1,90144996,0.5226242305716526,0.2848145533749736,0.23780967719667906,0.30000000000000004,True,correct,ECOM,43,True,false_link,Q2
18,29493,True,1,204549804,0.9132761907513868,0.1564294477302481,0.7568467430211386,0.30000000000000004,True,correct,ECOM,43,True,correct,Q4
19,37811,True,1,209245960,0.9569552448408161,0.32981809207342083,0.6271371527673952,0.30000000000000004,True,correct,ECOM,43,True,correct,Q3
20,27719,True,1,203379237,0.8706914677233896,0.07521217772956573,0.7954792899938239,0.30000000000000004,True,correct,ECOM,43,True,correct,Q4
21,33209,True,1,208653765,0.9346608820673744,0.27359210876478507,0.6610687733025893,0.30000000000000004,True,correct,ECOM,43,True,correct,Q3
22,32493,True,1,203324970,0.871127357050741,0.21701964401091617,0.6541077130398247,0.30000000000000004,True,correct,ECOM,43,True,correct,Q3
23,27589,True,1,204264643,0.698340555552011,0.10281968669443493,0.595520868857576,0.30000000000000004,True,correct,ECOM,43,True,correct,Q3
24,38451,True,1,205817166,0.8280895753313163,0.38120137630066386,0.44688819903065247,0.30000000000000004,True,correct,ECOM,43,True,correct,Q2
25,29099,True,1,204222472,0.29886868088159524,0.1390593406059509,0.15980934027564433,0.30000000000000004,False,missing_match,ECOM,43,False,missing_match,Q2
26,38511,True,1,210460676,0.9389799032708563,0.4856411299522568,0.45333877331859956,0.30000000000000004,True,correct,ECOM,43,True,correct,Q2
27,36620,True,1,208453646,0.795548538309456,0.12694967003471888,0.6685988682747371,0.30000000000000004,True,correct,ECOM,43,True,correct,Q3
28,35186,True,1,208117919,0.8985654871227523,0.8806941151681339,0.01787137195461841,0.30000000000000004,True,correct,ECOM,43,True,correct,Q1
29,33591,True,1,207388754,0.6219943441674006,0.19586604438776004,0.4261282997796406,0.30000000000000004,True,correct,ECOM,43,True,correct,Q2
30,33510,True,1,205516750,0.05567537909285096,0.002718709728348184,0.05295666936450277,0.30000000000000004,False,missing_match,ECOM,43,False,missing_match,Q1
31,38399,True,1,210479062,0.4546998064215127,0.03058107754333418,0.42411872887817853,0.30000000000000004,True,correct,ECOM,43,True,correct,Q2
32,34981,True,1,208504339,0.8358306921149424,0.7069317843197529,0.12889890779518953,0.30000000000000004,True,correct,ECOM,43,True,correct,Q1
33,36705,True,1,208930722,0.4815612315758083,0.29426208601119064,0.1872991455646177,0.30000000000000004,True,correct,ECOM,43,True,correct,Q2
34,36451,True,1,208237792,0.08371424628536496,0.05559337501713255,0.028120871268232407,0.30000000000000004,False,missing_match,ECOM,43,True,correct,Q1
35,34666,True,1,207388758,0.7338196314736042,0.5672153446999711,0.16660428677363304,0.30000000000000004,True,false_link,ECOM,43,True,false_link,Q2
36,34728,True,1,207534895,0.9689791925306391,0.09139532968737202,0.8775838628432671,0.30000000000000004,True,correct,ECOM,43,True,correct,Q4
37,33175,True,1,207542598,0.8621744233647114,0.2583565121856108,0.6038179111791007,0.30000000000000004,True,correct,ECOM,43,True,correct,Q3
38,23864,True,1,204636071,0.6136912966444596,0.004086290428803293,0.6096050062156564,0.30000000000000004,True,correct,ECOM,43,False,missing_match,Q3
39,33726,True,1,207993409,0.6021425617875941,0.1624822753924187,0.4396602863951754,0.30000000000000004,True,correct,ECOM,43,True,correct,Q2
40,29029,True,1,204679142,0.8450174499449781,0.00823132664550856,0.8367861232994696,0.30000000000000004,True,correct,ECOM,43,True,correct,Q4
41,37646,True,1,209122918,0.36730651798403285,0.14175837596570576,0.2255481420183271,0.30000000000000004,True,correct,ECOM,43,False,missing_match,Q2
42,38640,True,1,209890560,0.6399597205713778,0.022969332303612196,0.6169903882677656,0.30000000000000004,True,correct,ECOM,43,True,correct,Q3
43,23350,True,1,50012447,0.2522694766565904,0.0122478424579181,0.24002163419867228,0.30000000000000004,False,missing_match,ECOM,43,True,false_link,Q2
44,25902,True,1,202479411,0.6579429883927513,0.027471700856521727,0.6304712875362296,0.30000000000000004,True,correct,ECOM,43,True,correct,Q3
45,30533,True,1,205729817,0.19515624231376782,0.03251775792720665,0.16263848438656117,0.30000000000000004,False,missing_match,ECOM,43,True,correct,Q2
46,36305,True,1,202899626,0.8416403707855717,0.259539980588189,0.5821003901973827,0.30000000000000004,True,correct,ECOM,43,True,correct,Q3
47,27964,True,1,203136103,0.8193008542426482,0.038664014211140886,0.7806368400315074,0.30000000000000004,True,correct,ECOM,43,True,correct,Q4
48,36789,True,1,208154853,0.0022593545383306217,0.0019425035145448793,0.0003168510237857424,0.30000000000000004,False,missing_match,ECOM,43,False,missing_match,Q1
49,35843,True,1,207645242,0.9816180157041249,0.03802610880152864,0.9435919069025962,0.30000000000000004,True,correct,ECOM,43,True,correct,Q4
50,22100,True,1,201953026,0.1260543384725815,0.028726152114665966,0.09732818635791553,0.30000000000000004,False,missing_match,ECOM,43,True,correct,Q1
51,33021,True,1,203154818,0.825941323517233,0.08750584121082487,0.7384354823064082,0.30000000000000004,True,correct,ECOM,43,True,correct,Q4
52,32280,True,1,205664972,0.07633720228512202,0.058498335123550044,0.017838867161571972,0.30000000000000004,False,missing_match,ECOM,43,False,missing_match,Q1
53,34065,True,1,207643194,0.5121444723025907,0.4652353513003125,0.04690912100227823,0.30000000000000004,True,correct,ECOM,43,True,correct,Q1
54,35305,True,1,207637793,0.6023103229436296,0.035260758248498475,0.5670495646951311,0.30000000000000004,True,correct,ECOM,43,True,correct,Q3
55,33717,True,1,206928604,0.8645610992224823,0.026960761444242604,0.8376003377782396,0.30000000000000004,True,correct,ECOM,43,True,correct,Q4
56,26117,True,1,204587909,0.32659333240336524,0.04075104089591407,0.28584229150745116,0.30000000000000004,True,correct,ECOM,43,True,correct,Q2
57,35054,True,1,202784218,0.887988571267171,0.004894424024361474,0.8830941472428095,0.30000000000000004,True,correct,ECOM,43,True,correct,Q4
58,30957,True,1,202046565,0.9848602233361197,0.2232938331720996,0.7615663901640201,0.30000000000000004,True,correct,ECOM,43,True,correct,Q4
59,33026,True,1,204230770,0.5466274834948065,0.05996160252069103,0.48666588097411545,0.30000000000000004,True,correct,ECOM,43,False,missing_match,Q3
60,29612,True,1,202870448,0.2828139474811485,0.2779833142022066,0.004830633278941898,0.30000000000000004,False,missing_match,ECOM,43,False,missing_match,Q1
61,32431,True,1,202827677,0.7955517479391297,0.09970142077622815,0.6958503271629016,0.30000000000000004,True,correct,ECOM,43,True,correct,Q3
62,36143,True,1,207907552,0.8576145958213215,0.12392333464740402,0.7336912611739175,0.30000000000000004,True,correct,ECOM,43,True,correct,Q4
63,38329,True,1,210227282,0.3045838185830736,0.009502356881289642,0.29508146170178395,0.30000000000000004,True,correct,ECOM,43,True,correct,Q2
64,32986,True,1,206179521,0.8268480635020524,0.2968266572034944,0.530021406298558,0.30000000000000004,True,correct,ECOM,43,True,correct,Q3
65,34926,True,1,208117930,0.14433874058084717,0.14433874058084717,0.0,0.30000000000000004,False,missing_match,ECOM,43,False,missing_match,Q1
66,34552,True,1,208504187,0.8119126579127778,0.3974474788090611,0.41446517910371666,0.30000000000000004,True,correct,ECOM,43,True,correct,Q2
67,38323,True,1,203379234,0.5167483049467839,0.39000081776585177,0.12674748718093215,0.30000000000000004,True,correct,ECOM,43,True,correct,Q1
68,34363,True,1,206892902,0.495263079507171,0.004447966646224842,0.4908151128609462,0.30000000000000004,True,correct,ECOM,43,True,correct,Q3
69,35415,True,1,206827757,0.8784853611418977,0.2276361824852306,0.650849178656667,0.30000000000000004,True,correct,ECOM,43,True,correct,Q3
70,34282,True,1,207514566,0.7579026829995713,0.036926918207169875,0.7209757647924014,0.30000000000000004,True,correct,ECOM,43,True,correct,Q4
71,35591,True,1,208171946,0.9048251678348572,0.05738508331227298,0.8474400845225842,0.30000000000000004,True,correct,ECOM,43,True,correct,Q4
72,24034,True,1,50017228,0.06523263272450813,0.012740934952542027,0.052491697771966106,0.30000000000000004,False,missing_match,ECOM,43,False,missing_match,Q1
73,38939,True,1,204823067,0.2893973429029968,0.008334452849906476,0.2810628900530903,0.30000000000000004,False,missing_match,ECOM,43,True,correct,Q2
74,30436,True,1,204505951,0.32142785356042447,0.23150849713873428,0.08991935642169019,0.30000000000000004,True,correct,ECOM,43,False,missing_match,Q1
75,28981,True,1,204559214,0.8479349702169858,0.4292576917843281,0.41867727843265773,0.30000000000000004,True,correct,ECOM,43,True,correct,Q2
76,33786,True,1,206854515,0.6980699922399334,0.10085722937609728,0.5972127628638361,0.30000000000000004,True,correct,ECOM,43,True,correct,Q3
77,33438,True,1,207390650,0.7296592892333147,0.02357067521679793,0.7060886140165168,0.30000000000000004,True,correct,ECOM,43,True,correct,Q3
78,24571,True,1,202537967,0.300096232068342,0.24576972988797946,0.05432650218036256,0.30000000000000004,True,correct,ECOM,43,True,correct,Q1
79,30196,True,1,205593367,0.31123652374072075,0.09783385446512491,0.21340266927559584,0.30000000000000004,True,correct,ECOM,43,True,correct,Q2
80,38003,True,1,210404123,0.9120442043756275,0.10291646330007685,0.8091277410755506,0.30000000000000004,True,correct,ECOM,43,True,correct,Q4
81,24402,True,1,203897877,0.9473638465660063,0.003730783566133207,0.943633062999873,0.30000000000000004,True,correct,ECOM,43,True,correct,Q4
82,9314,True,1,90138520,0.563850405452137,0.11975758638532451,0.4440928190668125,0.30000000000000004,True,correct,ECOM,43,True,correct,Q2
83,32395,True,1,208456185,0.08609660385017344,0.08339016751952501,0.002706436330648432,0.30000000000000004,False,missing_match,ECOM,43,False,missing_match,Q1
84,34095,True,1,207653548,0.9496597171572969,0.14180292356659494,0.807856793590702,0.30000000000000004,True,correct,ECOM,43,True,correct,Q4
85,36286,True,1,208791921,0.524809458408052,0.01953890354467649,0.5052705548633756,0.30000000000000004,True,correct,ECOM,43,True,correct,Q3
86,36023,True,1,202451162,0.6826339498195256,0.11104590370690139,0.5715880461126243,0.30000000000000004,True,correct,ECOM,43,True,correct,Q3
87,26346,True,1,202537952,0.8098308814657572,0.808506722409905,0.0013241590558522587,0.30000000000000004,True,false_link,ECOM,43,True,correct,Q1
88,20459,True,1,206928744,0.05143458928316851,0.04618090803712972,0.00525368124603879,0.30000000000000004,False,missing_match,ECOM,43,True,correct,Q1
89,37091,True,1,207390618,0.02481611872549082,0.0221937802377766,0.002622338487714218,0.30000000000000004,False,missing_match,ECOM,43,False,missing_match,Q1
90,33159,True,1,206725196,0.7248880532450676,0.041724277265357004,0.6831637759797106,0.30000000000000004,True,correct,ECOM,43,True,correct,Q3
91,30593,True,1,204860316,0.8591357052701987,0.25589888186205195,0.6032368234081467,0.30000000000000004,True,correct,ECOM,43,True,correct,Q3
92,38343,True,1,207935920,0.28199782525423694,0.013533063725582235,0.2684647615286547,0.30000000000000004,False,missing_match,ECOM,43,True,correct,Q2
93,32874,True,1,202870172,0.7209508559059294,0.2719155309676428,0.44903532493828663,0.30000000000000004,True,false_link,ECOM,43,True,correct,Q2
94,16668,True,1,90148258,0.9520924625716477,0.18815330360213253,0.7639391589695151,0.30000000000000004,True,correct,ECOM,43,True,correct,Q4
95,14033,True,1,90105156,0.09448355473449126,0.030503151659935144,0.06398040307455612,0.30000000000000004,False,missing_match,ECOM,43,False,missing_match,Q1
96,38773,True,1,210441166,0.7511894342454679,0.07178592144250703,0.6794035128029609,0.30000000000000004,True,correct,ECOM,43,True,correct,Q3
97,34824,True,1,207390710,0.8086864431497731,0.6716906032783392,0.13699583987143393,0.30000000000000004,True,correct,ECOM,43,True,false_link,Q2
98,34263,True,1,207897315,0.7660340535363632,0.4791893960526868,0.28684465748367644,0.30000000000000004,True,correct,ECOM,43,True,correct,Q2
99,38098,True,1,209026630,0.7451302521488672,0.052872580364969494,0.6922576717838977,0.30000000000000004,True,correct,ECOM,43,True,correct,Q3
100,33537,True,1,206898358,0.8693624290965046,0.09731219247075423,0.7720502366257505,0.30000000000000004,True,correct,ECOM,43,True,correct,Q4
101,34154,True,1,207390673,0.8810145550536282,0.8064919300165918,0.07452262503703644,0.30000000000000004,True,correct,ECOM,43,True,correct,Q1
102,35153,True,1,206887905,0.2830764280668074,0.11421219563833147,0.16886423242847592,0.30000000000000004,False,missing_match,ECOM,43,True,correct,Q2
103,38457,True,1,206671732,0.9605216923992905,0.19244894755946734,0.7680727448398232,0.30000000000000004,True,correct,ECOM,43,True,correct,Q4
104,21047,True,1,10373002,0.8777499520770146,0.037960280479043505,0.839789671597971,0.30000000000000004,True,correct,ECOM,43,True,correct,Q4
105,38400,True,1,209208547,0.9539444363215074,0.0789691357962686,0.8749753005252388,0.30000000000000004,True,correct,ECOM,43,True,correct,Q4
106,22187,True,1,204587803,0.028757705486794533,0.012985967045671629,0.015771738441122903,0.30000000000000004,False,missing_match,ECOM,43,True,correct,Q1
107,36243,True,1,206678505,0.8402592782981114,0.09209893524416402,0.7481603430539474,0.30000000000000004,True,correct,ECOM,43,True,correct,Q4
108,33377,True,1,10346525,0.9392503128466853,0.18328540474248842,0.7559649081041968,0.30000000000000004,True,correct,ECOM,43,True,correct,Q4
109,36446,True,1,208226698,0.683924615561294,0.1429280686811065,0.5409965468801875,0.30000000000000004,True,correct,ECOM,43,True,correct,Q3
110,36722,True,1,209656935,0.8429845472979793,0.01732326192274315,0.8256612853752362,0.30000000000000004,True,correct,ECOM,43,True,correct,Q4
111,23097,True,2,202635701,0.9229326411066257,0.6141534028672321,0.30877923823939357,0.30000000000000004,True,correct,ECOM,43,True,correct,Q2
112,34946,True,1,208504407,0.12487522063928233,0.07506751988964132,0.04980770074964101,0.30000000000000004,False,missing_match,ECOM,43,False,missing_match,Q1
113,33045,True,1,203514304,0.39617154924555703,0.02012836981598424,0.37604317942957277,0.30000000000000004,True,correct,ECOM,43,True,correct,Q2
114,37183,True,1,209656949,0.8457999631748827,0.18126388656396533,0.6645360766109174,0.30000000000000004,True,correct,ECOM,43,True,correct,Q3
115,23686,True,1,10333848,0.8533182096720676,0.18971042520900747,0.6636077844630601,0.30000000000000004,True,correct,ECOM,43,True,correct,Q3
116,21875,True,1,201700823,0.43335033368378756,0.020190579809881894,0.4131597538739057,0.30000000000000004,True,correct,ECOM,43,True,correct,Q2
117,32990,True,1,206928604,0.3665522405928025,0.07010676899855993,0.29644547159424256,0.30000000000000004,True,false_link,ECOM,43,False,missing_match,Q2
118,37474,True,1,209310245,0.8511792886670871,0.8287283108624466,0.02245097780464056,0.30000000000000004,True,correct,ECOM,43,True,correct,Q1
119,22798,True,1,202143942,0.45926414896327256,0.008802721966438555,0.450461426996834,0.30000000000000004,True,correct,ECOM,43,True,correct,Q2
120,36169,True,2,90145444,0.16760755308908395,0.09049503203462812,0.07711252105445583,0.30000000000000004,False,missing_match,ECOM,43,False,missing_match,Q1
121,27789,True,1,204318286,0.5507683124494569,0.2772527769717573,0.2735155354776996,0.30000000000000004,True,false_link,ECOM,43,True,false_link,Q2
122,29806,True,1,202755491,0.5444935207432754,0.0609339781585096,0.4835595425847658,0.30000000000000004,True,correct,ECOM,43,True,correct,Q3
123,34156,True,1,203952966,0.9484519855992066,0.9092029827055951,0.03924900289361155,0.30000000000000004,True,false_link,ECOM,43,True,correct,Q1
124,38324,True,1,209393521,0.6635750428295802,0.1941914961778268,0.4693835466517534,0.30000000000000004,True,correct,ECOM,43,True,correct,Q2
125,39176,True,1,10380060,0.07905619914273615,0.013239147397120137,0.06581705174561601,0.30000000000000004,False,missing_match,ECOM,43,False,missing_match,Q1
126,35738,True,1,208688474,0.6867384813943211,0.01158478588652408,0.675153695507797,0.30000000000000004,True,correct,ECOM,43,True,correct,Q3
127,37187,True,1,209656951,0.8944530965213152,0.14365664953084198,0.7507964469904732,0.30000000000000004,True,correct,ECOM,43,True,correct,Q4
128,37123,True,1,209114552,0.9328538069539378,0.005606005624395754,0.9272478013295421,0.30000000000000004,True,correct,ECOM,43,True,correct,Q4
129,36824,True,1,209306028,0.8979220498284917,0.17570333388050205,0.7222187159479896,0.30000000000000004,True,correct,ECOM,43,True,correct,Q4
130,19132,True,1,202778315,0.9605508685650006,0.16160675381266562,0.798944114752335,0.30000000000000004,True,correct,ECOM,43,True,correct,Q4
131,32984,True,1,203934122,0.7774556593625304,0.012720628908252225,0.7647350304542782,0.30000000000000004,True,correct,ECOM,43,True,correct,Q4
132,34860,True,1,208114670,0.0692748875283682,0.06765891181379838,0.0016159757145698256,0.30000000000000004,False,missing_match,ECOM,43,False,missing_match,Q1
133,33464,True,1,210245837,0.8826422686688618,0.009325151706690248,0.8733171169621715,0.30000000000000004,True,correct,ECOM,43,True,correct,Q4
134,33763,True,1,208112356,0.7101875745216877,0.6096055988962747,0.10058197562541293,0.30000000000000004,True,correct,ECOM,43,True,false_link,Q1
135,38831,True,1,208791918,0.05433477631135866,0.030321774918988385,0.024013001392370278,0.30000000000000004,False,missing_match,ECOM,43,False,missing_match,Q1
136,23325,True,2,202456903,0.874119117994839,0.052711313410758374,0.8214078045840806,0.30000000000000004,True,correct,ECOM,43,True,correct,Q4
137,24346,True,1,208972043,0.6571037120014036,0.007852063266216807,0.6492516487351868,0.30000000000000004,True,correct,ECOM,43,True,correct,Q3
138,35810,True,1,10326220,0.8747702142329827,0.004378782209738401,0.8703914320232443,0.30000000000000004,True,correct,ECOM,43,True,correct,Q4
139,25813,True,1,202973389,0.0933758168783692,0.022156254506174,0.0712195623721952,0.30000000000000004,False,missing_match,ECOM,43,True,correct,Q1
140,34878,True,1,207895085,0.649716378973154,0.1523251177063577,0.49739126126679634,0.30000000000000004,True,correct,ECOM,43,True,correct,Q3
141,10102,True,1,90106210,0.8448262225529634,0.8111739882199668,0.03365223433299658,0.30000000000000004,True,correct,ECOM,43,True,correct,Q1
142,34218,True,1,208294712,0.7804964783547049,0.7706876802269524,0.009808798127752483,0.30000000000000004,True,correct,ECOM,43,True,correct,Q1
143,33275,True,1,206808430,0.8665029068035164,0.093812219556431,0.7726906872470853,0.30000000000000004,True,correct,ECOM,43,True,correct,Q4
144,35035,True,1,208156878,0.32860501590400204,0.32860501590400204,0.0,0.30000000000000004,True,false_link,ECOM,43,True,false_link,Q1
145,38346,True,1,208167531,0.919074653356654,0.09264119185892034,0.8264334614977336,0.30000000000000004,True,correct,ECOM,43,True,correct,Q4
146,38296,True,1,210647824,0.9085637366429378,0.39401276048353623,0.5145509761594016,0.30000000000000004,True,correct,ECOM,43,True,correct,Q3
147,38957,True,1,207535265,0.526895093051411,0.013696398176213178,0.5131986948751979,0.30000000000000004,True,correct,ECOM,43,True,correct,Q3
148,8060,True,1,90105056,0.5343869812931856,0.3262731868893663,0.20811379440381933,0.30000000000000004,True,correct,ECOM,43,True,correct,Q2
149,37558,True,1,205690063,0.7673642326793467,0.18981442767580378,0.5775498050035429,0.30000000000000004,True,correct,ECOM,43,True,correct,Q3
150,24316,True,1,204569292,0.9096184603484412,0.3272204894829776,0.5823979708654636,0.30000000000000004,True,correct,ECOM,43,True,correct,Q3
151,31596,True,1,207502093,0.1353597187023587,0.10710387568511542,0.028255843017243265,0.30000000000000004,False,missing_match,ECOM,43,True,correct,Q1
152,36365,True,1,208226696,0.08848966489116296,0.031238112118347636,0.05725155277281532,0.30000000000000004,False,missing_match,ECOM,43,True,correct,Q1
153,26350,True,1,202537952,0.9502761071005902,0.6620387701262118,0.28823733697437837,0.30000000000000004,True,correct,ECOM,43,True,correct,Q2
154,33883,True,1,208177785,0.7795804803091203,0.16381255204299497,0.6157679282661254,0.30000000000000004,True,correct,ECOM,43,True,correct,Q3
155,18202,True,1,207654105,0.0010331771351264284,0.001004084413523002,2.909272160342641e-05,0.30000000000000004,False,missing_match,ECOM,43,False,missing_match,Q1
156,25858,True,1,204053338,0.037185332660969746,0.0219754944440092,0.015209838216960547,0.30000000000000004,False,missing_match,ECOM,43,True,correct,Q1
157,34076,True,1,207959750,0.8259831929714904,0.19871651939912832,0.627266673572362,0.30000000000000004,True,correct,ECOM,43,True,correct,Q3
158,29825,True,1,205985716,0.09316341348575406,0.08050094728454209,0.012662466201211975,0.30000000000000004,False,missing_match,ECOM,43,False,missing_match,Q1
159,34286,True,1,207945552,0.7425459103903249,0.008495285932737124,0.7340506244575878,0.30000000000000004,True,correct,ECOM,43,True,correct,Q4
160,31332,True,1,205761272,0.7454029509449964,0.0036642933216815615,0.7417386576233148,0.30000000000000004,True,correct,ECOM,43,True,correct,Q4
161,38001,True,1,209871973,0.9299593275201086,0.08278533041315525,0.8471739971069533,0.30000000000000004,True,correct,ECOM,43,True,correct,Q4
162,14061,True,1,203025423,0.9359687165143766,0.01617934440804595,0.9197893721063307,0.30000000000000004,True,correct,ECOM,43,True,correct,Q4
163,27779,True,1,205844283,0.782214801548429,0.1293423114761698,0.6528724900722592,0.30000000000000004,True,correct,ECOM,43,True,correct,Q3
164,34553,True,1,204793356,0.9123290300625586,0.08825039045957991,0.8240786396029787,0.30000000000000004,True,correct,ECOM,43,True,correct,Q4
165,34096,True,1,207642358,0.8384750498575319,0.10308711203272579,0.735387937824806,0.30000000000000004,True,correct,ECOM,43,True,correct,Q4
166,37807,True,1,207682397,0.9466321179523637,0.36404153506964815,0.5825905828827156,0.30000000000000004,True,correct,ECOM,43,True,correct,Q3
167,34349,True,1,207660498,0.9649612039662491,0.11324368510003005,0.851717518866219,0.30000000000000004,True,correct,ECOM,43,True,correct,Q4
168,31032,True,1,210251970,0.723282462725023,0.02602293387218118,0.6972595288528418,0.30000000000000004,True,correct,ECOM,43,True,correct,Q3
169,24153,True,1,208715855,0.741209978679543,0.02902217311165136,0.7121878055678916,0.30000000000000004,True,correct,ECOM,43,True,correct,Q4
170,34000,True,1,208112358,0.6823024800351845,0.5582124857829741,0.12408999425221034,0.30000000000000004,True,false_link,ECOM,43,True,false_link,Q1
171,32384,True,1,202989028,0.6418281268209919,0.030659138553817186,0.6111689882671747,0.30000000000000004,True,correct,ECOM,43,True,correct,Q3
172,34158,True,1,206895864,0.6676237540245487,0.07513765688005113,0.5924860971444975,0.30000000000000004,True,correct,ECOM,43,True,correct,Q3
173,29339,True,1,203888987,0.683727290300965,0.03525232544652939,0.6484749648544357,0.30000000000000004,True,correct,ECOM,43,True,correct,Q3
174,34934,True,1,208117930,0.14542648575103143,0.14542648575103143,0.0,0.30000000000000004,False,missing_match,ECOM,43,True,correct,Q1
175,27985,True,1,204740191,0.5301962106731384,0.032546211272174434,0.49764999940096394,0.30000000000000004,True,correct,ECOM,43,True,correct,Q3
176,36052,True,1,90142591,0.513027976913056,0.00467906099053268,0.5083489159225233,0.30000000000000004,True,correct,ECOM,43,True,correct,Q3
177,28554,True,1,204443417,0.6714825905199597,0.010206375451342887,0.6612762150686169,0.30000000000000004,True,correct,ECOM,43,True,correct,Q3
178,32488,True,1,206179525,0.49132960523702673,0.11656251134436282,0.37476709389266394,0.30000000000000004,True,correct,ECOM,43,True,correct,Q2
179,580,True,1,202812620,0.14081352719127707,0.014144850223570433,0.12666867696770664,0.30000000000000004,False,missing_match,ECOM,43,False,missing_match,Q1
180,37052,True,1,208941076,0.2623358956222797,0.23082612360243634,0.03150977201984337,0.30000000000000004,False,missing_match,ECOM,43,True,correct,Q1
181,34864,True,1,208294717,0.8167367400100269,0.5430154023562078,0.2737213376538191,0.30000000000000004,True,correct,ECOM,43,True,correct,Q2
182,9546,True,1,208294904,0.9258500698972082,0.008137096636711812,0.9177129732604964,0.30000000000000004,True,correct,ECOM,43,True,correct,Q4
183,36260,True,1,10316920,0.8802335524343307,0.01718184323027876,0.8630517092040519,0.30000000000000004,True,correct,ECOM,43,True,correct,Q4
184,33493,True,1,206928744,0.9570259013659388,0.0741845988080605,0.8828413025578783,0.30000000000000004,True,correct,ECOM,43,True,correct,Q4
185,34126,True,1,203166120,0.8252030475630514,0.7923189142173205,0.032884133345730926,0.30000000000000004,True,correct,ECOM,43,True,correct,Q1
186,36515,True,1,209687172,0.9431004614563328,0.006335644941014395,0.9367648165153184,0.30000000000000004,True,correct,ECOM,43,True,correct,Q4
187,37309,True,1,209901964,0.9410723664785636,0.8759112306429883,0.06516113583557537,0.30000000000000004,True,correct,ECOM,43,True,correct,Q1
188,34966,True,1,207965387,0.6873659482186701,0.010417739778281131,0.676948208440389,0.30000000000000004,True,correct,ECOM,43,True,correct,Q3
189,35277,True,1,208085253,0.8640517955551165,0.25050609862067064,0.6135456969344458,0.30000000000000004,True,correct,ECOM,43,True,correct,Q3
190,36635,True,1,206460113,0.12644769780837295,0.10050205948592877,0.025945638322444176,0.30000000000000004,False,missing_match,ECOM,43,False,missing_match,Q1
191,32560,True,1,207540310,0.47530464707664766,0.3126593511796275,0.16264529589702015,0.30000000000000004,True,correct,ECOM,43,True,correct,Q2
192,16669,True,1,90148258,0.8899694999490337,0.2877476132574247,0.602221886691609,0.30000000000000004,True,false_link,ECOM,43,True,correct,Q3
193,28982,True,1,204559208,0.8765965668590038,0.47430899447480396,0.4022875723841998,0.30000000000000004,True,correct,ECOM,43,True,correct,Q2
194,29392,True,1,204295637,0.920684495125622,0.0950056053654266,0.8256788897601954,0.30000000000000004,True,correct,ECOM,43,True,correct,Q4
195,27248,True,1,10360978,0.8014444025761897,0.7626629520777874,0.038781450498402203,0.30000000000000004,True,false_link,ECOM,43,True,correct,Q1
196,25364,True,1,203201060,0.758050425052858,0.00925887334372621,0.7487915517091318,0.30000000000000004,True,correct,ECOM,43,True,correct,Q4
197,27857,True,1,204035273,0.9429103280482525,0.15863816379148002,0.7842721642567725,0.30000000000000004,True,correct,ECOM,43,True,correct,Q4
198,35309,True,1,208504378,0.9571155264620504,0.07984567105312373,0.8772698554089267,0.30000000000000004,True,correct,ECOM,43,True,correct,Q4
199,21554,True,1,206460121,0.9238983127992991,0.1477138712934543,0.7761844415058448,0.30000000000000004,True,correct,ECOM,43,True,correct,Q4
200,37254,True,1,209199789,0.43533534006768576,0.10952208407337848,0.32581325599430727,0.30000000000000004,True,correct,ECOM,43,True,correct,Q2
201,36454,True,1,208237793,0.24347029121403072,0.12836912042413423,0.11510117078989648,0.30000000000000004,False,missing_match,ECOM,43,True,correct,Q1
202,37231,True,1,209114390,0.6813821716816285,0.007441322031163911,0.6739408496504646,0.30000000000000004,True,correct,ECOM,43,True,correct,Q3
203,37767,True,1,204588748,0.9681931526276363,0.016537062292029232,0.951656090335607,0.30000000000000004,True,correct,ECOM,43,True,correct,Q4
204,38944,True,1,201965217,0.9122073348438571,0.07946077564748545,0.8327465591963716,0.30000000000000004,True,correct,ECOM,43,True,correct,Q4
205,33564,True,1,208504179,0.9440661204483264,0.2585259530653545,0.685540167382972,0.30000000000000004,True,correct,ECOM,43,True,correct,Q3
206,34657,True,1,207938488,0.7929442543625405,0.4364447000004573,0.35649955436208314,0.30000000000000004,True,correct,ECOM,43,True,correct,Q2
207,35877,True,1,204020411,0.6948465298487492,0.014627271303023116,0.6802192585457261,0.30000000000000004,True,correct,ECOM,43,False,missing_match,Q3
208,33581,True,1,207388759,0.7042571752941486,0.32988632432061854,0.37437085097353,0.30000000000000004,True,correct,ECOM,43,True,correct,Q2
209,38142,True,1,206928388,0.8195390911129049,0.07568816061790286,0.7438509304950021,0.30000000000000004,True,correct,ECOM,43,True,correct,Q4
210,33765,True,1,208455897,0.5987405369133534,0.41474297871387306,0.18399755819948033,0.30000000000000004,True,correct,ECOM,43,True,false_link,Q2
211,30962,True,1,205599985,0.7779041976376988,0.16005399814836185,0.617850199489337,0.30000000000000004,True,correct,ECOM,43,True,correct,Q3
212,33326,True,1,207390641,0.7403784733948274,0.004635943150820746,0.7357425302440067,0.30000000000000004,True,correct,ECOM,43,True,correct,Q4
213,31392,True,1,205753566,0.734781478084681,0.009771312051126966,0.7250101660335541,0.30000000000000004,True,correct,ECOM,43,True,correct,Q4
214,37805,True,1,209085175,0.08397393709547335,0.04609883863981177,0.03787509845566158,0.30000000000000004,False,missing_match,ECOM,43,True,correct,Q1
215,37650,True,1,209122924,0.69825536061506,0.11249496350874909,0.5857603971063109,0.30000000000000004,True,correct,ECOM,43,True,correct,Q3
216,18040,True,1,203151779,0.08745048087216217,0.02418137898392548,0.0632691018882367,0.30000000000000004,False,missing_match,ECOM,43,False,missing_match,Q1
217,29902,True,2,205144562,0.9371534520439522,0.5576989836139045,0.3794544684300477,0.30000000000000004,True,correct,ECOM,43,True,correct,Q2
218,37934,True,1,208710844,0.7716822583578224,0.3471401460290672,0.4245421123287553,0.30000000000000004,True,correct,ECOM,43,True,correct,Q2
219,30158,True,1,204937142,0.19726927802679536,0.04289779813532391,0.15437147989147146,0.30000000000000004,False,missing_match,ECOM,43,True,correct,Q2
220,32877,True,1,204297424,0.2037916669621438,0.09070075730832237,0.11309090965382142,0.30000000000000004,False,missing_match,ECOM,43,False,missing_match,Q1
221,33612,True,1,207506250,0.5696420662085143,0.016637998637519132,0.5530040675709952,0.30000000000000004,True,correct,ECOM,43,True,correct,Q3
222,20453,True,1,201953021,0.3013864800760316,0.03563802497403414,0.26574845510199746,0.30000000000000004,True,false_link,ECOM,43,True,correct,Q2
223,33713,True,1,206812380,0.9685777865659216,0.2807604691151439,0.6878173174507778,0.30000000000000004,True,correct,ECOM,43,True,correct,Q3
224,34393,True,1,206362748,0.3925201590218732,0.23515520312549926,0.15736495589637395,0.30000000000000004,True,correct,ECOM,43,False,missing_match,Q2
225,35477,True,1,206359209,0.9379384222724065,0.0846583806383822,0.8532800416340244,0.30000000000000004,True,correct,ECOM,43,True,correct,Q4
226,35872,True,1,207937885,0.13741663605343163,0.01081730233693781,0.12659933371649382,0.30000000000000004,False,missing_match,ECOM,43,False,missing_match,Q1
227,36864,True,1,210442350,0.9038435170224953,0.5312952383835307,0.37254827863896467,0.30000000000000004,True,correct,ECOM,43,True,correct,Q2
228,34927,True,1,208117930,0.11269794752194415,0.11269794752194415,0.0,0.30000000000000004,False,missing_match,ECOM,43,True,false_link,Q1
229,34091,True,1,207686156,0.9546639984730347,0.45402801663274545,0.5006359818402892,0.30000000000000004,True,correct,ECOM,43,True,correct,Q3
230,30134,True,1,206362873,0.46245254484389064,0.005201938224459289,0.45725060661943134,0.30000000000000004,True,correct,ECOM,43,True,correct,Q2
231,34401,True,1,208456262,0.8635441992521062,0.725230210265761,0.13831398898634528,0.30000000000000004,True,correct,ECOM,43,True,correct,Q2
232,32228,True,1,203136113,0.13120763536701083,0.01682773153832172,0.11437990382868911,0.30000000000000004,False,missing_match,ECOM,43,False,missing_match,Q1
233,33382,True,1,207910214,0.9131130212377478,0.22662622634874416,0.6864867948890037,0.30000000000000004,True,correct,ECOM,43,True,correct,Q3
234,29338,True,1,202143947,0.8908971231010036,0.04516855440010068,0.8457285687009028,0.30000000000000004,True,correct,ECOM,43,True,correct,Q4
235,34378,True,1,210402319,0.41138454475296005,0.006414997797809836,0.4049695469551502,0.30000000000000004,True,correct,ECOM,43,True,correct,Q2
236,32059,True,1,205131849,0.06245167164256407,0.00510178460639792,0.05734988703616615,0.30000000000000004,False,missing_match,ECOM,43,True,correct,Q1
237,36308,True,1,209000385,0.6277609307174774,0.007423164196032892,0.6203377665214446,0.30000000000000004,True,correct,ECOM,43,True,correct,Q3
238,34004,True,1,207652055,0.6430959746305761,0.4374825434065842,0.2056134312239919,0.30000000000000004,True,correct,ECOM,43,True,correct,Q2
239,35044,True,1,208504370,0.9666832906303562,0.6003967170651678,0.36628657356518834,0.30000000000000004,True,correct,ECOM,43,True,correct,Q2
240,24493,True,1,202900030,0.558065382116966,0.4758482110992584,0.08221717101770759,0.30000000000000004,True,correct,ECOM,43,True,correct,Q1
241,34092,True,2,207679756,0.9548542206888458,0.6614249591682498,0.293429261520596,0.30000000000000004,True,correct,ECOM,43,True,correct,Q2
242,30159,True,1,208033486,0.8958431181069247,0.817557478689772,0.07828563941715272,0.30000000000000004,True,correct,ECOM,43,True,correct,Q1
243,34638,True,1,209934621,0.5335051609024966,0.44969699493185433,0.08380816597064222,0.30000000000000004,True,correct,ECOM,43,False,missing_match,Q1
244,27739,True,1,204644752,0.8089775323985465,0.010686641529155497,0.798290890869391,0.30000000000000004,True,correct,ECOM,43,True,correct,Q4
245,33948,True,1,207391018,0.8923292857298845,0.0569899694686156,0.8353393162612689,0.30000000000000004,True,correct,ECOM,43,True,correct,Q4
246,35519,True,1,208289950,0.8879984052233707,0.0186441348573986,0.8693542703659721,0.30000000000000004,True,correct,ECOM,43,True,correct,Q4
247,33277,True,1,206808445,0.30455423609338184,0.19734513622096028,0.10720909987242155,0.30000000000000004,True,correct,ECOM,43,True,correct,Q1
248,26310,True,1,203459314,0.4937340517413097,0.08315821597352445,0.4105758357677852,0.30000000000000004,True,correct,ECOM,43,True,correct,Q2
249,34002,True,1,208105467,0.23298647603001058,0.17183069056566308,0.061155785464347495,0.30000000000000004,False,missing_match,ECOM,43,False,missing_match,Q1
250,28138,True,1,204327516,0.7519930593781493,0.22767604877243955,0.5243170106057098,0.30000000000000004,True,correct,ECOM,43,True,correct,Q3
251,35190,True,1,208117918,0.9028103371412382,0.848605042212458,0.05420529492878012,0.30000000000000004,True,correct,ECOM,43,True,correct,Q1
252,37010,True,1,210399855,0.059197489498041,0.027711004503726877,0.031486484994314126,0.30000000000000004,False,missing_match,ECOM,43,False,missing_match,Q1
253,35663,True,1,207536226,0.8935607254567827,0.5146762604926934,0.37888446496408923,0.30000000000000004,True,correct,ECOM,43,True,correct,Q2
254,36607,True,1,209891039,0.7161817605046296,0.12460929285223224,0.5915724676523973,0.30000000000000004,True,correct,ECOM,43,True,correct,Q3
255,17191,True,1,202041195,0.9542357208186392,0.30697062503611466,0.6472650957825246,0.30000000000000004,True,correct,ECOM,43,True,correct,Q3
256,36345,True,1,204407682,0.8644527229942334,0.6966466735255499,0.1678060494686835,0.30000000000000004,True,correct,ECOM,43,True,correct,Q2
257,28205,True,1,204419878,0.8875916651731359,0.5377590781017868,0.3498325870713491,0.30000000000000004,True,correct,ECOM,43,True,correct,Q2
258,26929,True,1,203651765,0.6003845273772999,0.024348090816558917,0.576036436560741,0.30000000000000004,True,correct,ECOM,43,True,correct,Q3
259,33600,True,1,208504045,0.8358464976235304,0.8322223049192952,0.0036241927042351962,0.30000000000000004,True,false_link,ECOM,43,True,correct,Q1
260,36142,True,1,207907548,0.5399194460407141,0.11228482611194969,0.4276346199287644,0.30000000000000004,True,correct,ECOM,43,True,correct,Q2
261,18516,True,1,202045875,0.2913575587192139,0.2460299077958751,0.04532765092333882,0.30000000000000004,False,missing_match,ECOM,43,True,correct,Q1
262,37808,True,1,204740188,0.7313289718825012,0.27768208637372177,0.45364688550877946,0.30000000000000004,True,correct,ECOM,43,False,missing_match,Q2
263,36456,True,1,208226692,0.1222011071699222,0.04330663587112791,0.07889447129879429,0.30000000000000004,False,missing_match,ECOM,43,True,correct,Q1
264,36430,True,1,208226690,0.2730642185020548,0.2144558060638456,0.05860841243820922,0.30000000000000004,False,missing_match,ECOM,43,True,correct,Q1
265,38550,True,1,207978102,0.21178585255303692,0.17387261512807267,0.03791323742496425,0.30000000000000004,False,missing_match,ECOM,43,True,correct,Q1
266,37796,True,1,210239335,0.9198044734800527,0.5564397527329913,0.3633647207470614,0.30000000000000004,True,correct,ECOM,43,True,correct,Q2
267,13155,True,1,90109367,0.8002378566750851,0.006614797257778879,0.7936230594173062,0.30000000000000004,True,correct,ECOM,43,True,correct,Q4
268,28225,True,1,205592439,0.7081946228721864,0.1971986403267787,0.5109959825454077,0.30000000000000004,True,correct,ECOM,43,True,correct,Q3
269,37964,True,1,209310243,0.9207939641713351,0.3040571001311331,0.616736864040202,0.30000000000000004,True,correct,ECOM,43,True,correct,Q3
270,37162,True,1,209208718,0.5597182297809871,0.11503434288660976,0.4446838868943773,0.30000000000000004,True,correct,ECOM,43,True,correct,Q2
271,33690,True,1,207391431,0.9518349230456037,0.15771688006501286,0.7941180429805909,0.30000000000000004,True,correct,ECOM,43,True,correct,Q4
272,35498,True,1,90144998,0.8028688052710125,0.3061429895914182,0.49672581567959423,0.30000000000000004,True,correct,ECOM,43,True,correct,Q3
273,33922,True,1,207925432,0.7625449754936422,0.47453782170610626,0.28800715378753594,0.30000000000000004,True,correct,ECOM,43,True,correct,Q2
274,33758,True,1,207910212,0.9494758534222748,0.9162126472325682,0.03326320618970657,0.30000000000000004,True,correct,ECOM,43,True,correct,Q1
275,34119,True,1,207514567,0.9170836649333916,0.12551498891068574,0.7915686760227059,0.30000000000000004,True,correct,ECOM,43,True,correct,Q4
276,30338,True,1,206460113,0.701269701803771,0.11996740598689248,0.5813022958168785,0.30000000000000004,True,correct,ECOM,43,False,missing_match,Q3
277,14715,True,1,203021705,0.8050897382502326,0.05709849151570483,0.7479912467345278,0.30000000000000004,True,correct,ECOM,43,True,correct,Q4
278,37457,True,1,209026634,0.7117427305373758,0.17769272478616988,0.5340500057512059,0.30000000000000004,True,correct,ECOM,43,True,correct,Q3
279,29304,True,1,206901618,0.20257378812135252,0.07182209633262175,0.13075169178873075,0.30000000000000004,False,missing_match,ECOM,43,True,correct,Q1
280,25829,True,1,202827684,0.8512706033964333,0.12640993343807422,0.7248606699583591,0.30000000000000004,True,correct,ECOM,43,True,correct,Q4
281,28190,True,1,208464837,0.4461329664604243,0.026156467567758558,0.4199764988926657,0.30000000000000004,True,correct,ECOM,43,True,correct,Q2
282,24572,True,1,202537969,0.4661003846256045,0.4280267334941697,0.038073651131434794,0.30000000000000004,True,correct,ECOM,43,True,correct,Q1
283,20447,True,1,90128026,0.8171237311482579,0.0331432376151597,0.7839804935330982,0.30000000000000004,True,correct,ECOM,43,True,correct,Q4
284,33668,True,1,206917817,0.6822116607543391,0.189495924165254,0.4927157365890852,0.30000000000000004,True,correct,ECOM,43,True,correct,Q3
285,30808,True,1,204345240,0.3363071344739237,0.018406480717277966,0.3179006537566457,0.30000000000000004,True,correct,ECOM,43,True,correct,Q2
286,34001,True,1,209297154,0.36404284693101807,0.20413056193789128,0.1599122849931268,0.30000000000000004,True,correct,ECOM,43,False,missing_match,Q2
287,39039,True,1,210490135,0.6836589024620449,0.04958195615921637,0.6340769463028285,0.30000000000000004,True,correct,ECOM,43,True,correct,Q3
288,36861,True,1,210442348,0.9109636331750736,0.48418678692184514,0.4267768462532284,0.30000000000000004,True,correct,ECOM,43,True,correct,Q2
289,33177,True,1,207390617,0.8997942893721811,0.2875793527400128,0.6122149366321683,0.30000000000000004,True,correct,ECOM,43,True,correct,Q3
290,38507,True,1,206181767,0.9130237824794577,0.011652358199726327,0.9013714242797314,0.30000000000000004,True,correct,ECOM,43,True,correct,Q4
291,38231,True,1,201744288,0.928767316124792,0.026700738593826552,0.9020665775309654,0.30000000000000004,True,correct,ECOM,43,True,correct,Q4
292,33562,True,1,207542597,0.867417577255292,0.06596775570244624,0.8014498215528457,0.30000000000000004,True,correct,ECOM,43,True,correct,Q4
293,34661,True,1,208294716,0.7246479588114031,0.09316385091294098,0.6314841078984621,0.30000000000000004,True,correct,ECOM,43,True,correct,Q3
294,34928,True,1,208117930,0.1589796297834781,0.1589796297834781,0.0,0.30000000000000004,False,missing_match,ECOM,43,True,false_link,Q1
295,35485,True,1,206901613,0.797071373504955,0.08031090031638542,0.7167604731885696,0.30000000000000004,True,correct,ECOM,43,True,correct,Q4
296,35231,True,1,208114682,0.0745125351141402,0.022923156571863494,0.05158937854227671,0.30000000000000004,False,missing_match,ECOM,43,False,missing_match,Q1
297,27840,True,1,203379249,0.3528623172643486,0.1575861555694193,0.19527616169492928,0.30000000000000004,True,correct,ECOM,43,False,missing_match,Q2
298,36803,True,1,207469300,0.9308135044131097,0.037347478187526616,0.8934660262255831,0.30000000000000004,True,correct,ECOM,43,True,correct,Q4
299,37907,True,1,210227260,0.8562595703619597,0.05881175270544436,0.7974478176565153,0.30000000000000004,True,correct,ECOM,43,True,correct,Q4
300,37354,True,1,207390184,0.3175830637283341,0.02142391815945496,0.2961591455688792,0.30000000000000004,True,correct,ECOM,43,False,missing_match,Q2
301,34392,True,1,206362747,0.24619998001981458,0.17990142897504366,0.06629855104477092,0.30000000000000004,False,missing_match,ECOM,43,False,missing_match,Q1
302,13700,True,1,90108521,0.7743651715694768,0.7487009395721496,0.025664231997327258,0.30000000000000004,True,false_link,ECOM,43,True,correct,Q1
303,36617,True,1,208453643,0.9013196982576268,0.06342378135437532,0.8378959169032515,0.30000000000000004,True,correct,ECOM,43,True,correct,Q4
304,38492,True,1,206725966,0.7281047470907975,0.009765364433328929,0.7183393826574686,0.30000000000000004,True,correct,ECOM,43,True,correct,Q4
305,27137,True,1,204049780,0.5258781825737805,0.11132601091326627,0.4145521716605142,0.30000000000000004,True,correct,ECOM,43,True,correct,Q2
306,32416,True,1,205664913,0.8539839439937802,0.04402953165142097,0.8099544123423592,0.30000000000000004,True,correct,ECOM,43,True,correct,Q4
307,34659,True,1,208504191,0.29077703604898303,0.23714622097358745,0.05363081507539558,0.30000000000000004,False,missing_match,ECOM,43,True,correct,Q1
308,35052,True,1,207897840,0.9685889789076103,0.007061717986847427,0.9615272609207629,0.30000000000000004,True,correct,ECOM,43,True,correct,Q4
309,30708,True,1,205083947,0.8539438451402838,0.023168274183295093,0.8307755709569886,0.30000000000000004,True,correct,ECOM,43,True,correct,Q4
310,33640,True,1,206928606,0.9230288593527665,0.04808266875335237,0.8749461905994141,0.30000000000000004,True,correct,ECOM,43,True,correct,Q4
311,29950,True,1,204559210,0.7562421362360183,0.37507426191379856,0.38116787432221977,0.30000000000000004,True,correct,ECOM,43,True,correct,Q2
312,38345,True,1,208890628,0.90736610353972,0.07626797078704961,0.8310981327526704,0.30000000000000004,True,correct,ECOM,43,True,correct,Q4
313,37893,True,1,208937534,0.7312254534266661,0.23551226504126177,0.49571318838540435,0.30000000000000004,True,correct,ECOM,43,True,correct,Q3
314,28980,True,1,204559211,0.77756897298632,0.35370795883334827,0.4238610141529717,0.30000000000000004,True,correct,ECOM,43,True,correct,Q2
315,28067,True,1,203922244,0.9510887833720146,0.08536030769995918,0.8657284756720555,0.30000000000000004,True,correct,ECOM,43,True,correct,Q4
316,38767,True,1,204154429,0.8876072358007785,0.0441941584744122,0.8434130773263663,0.30000000000000004,True,correct,ECOM,43,True,correct,Q4
317,34258,True,1,206888001,0.08592921589678269,0.07853600329660422,0.007393212600178473,0.30000000000000004,False,missing_match,ECOM,43,True,false_link,Q1
318,21268,True,1,207653535,0.02946090024735724,0.005637627330194042,0.0238232729171632,0.30000000000000004,False,missing_match,ECOM,43,False,missing_match,Q1
319,34298,True,1,207543193,0.5490217170581306,0.26015922960381993,0.2888624874543107,0.30000000000000004,True,correct,ECOM,43,True,correct,Q2
320,33630,True,1,207659194,0.9426648103026138,0.20292986533019772,0.7397349449724161,0.30000000000000004,True,correct,ECOM,43,True,correct,Q4
321,33220,True,1,208653767,0.9361286997182542,0.08180545602012547,0.8543232436981287,0.30000000000000004,True,correct,ECOM,43,True,correct,Q4
322,34300,True,1,207543192,0.5642944884414464,0.20543343623958102,0.35886105220186537,0.30000000000000004,True,correct,ECOM,43,True,correct,Q2
323,38735,True,1,203329570,0.8563629345810113,0.18150838187405718,0.6748545527069542,0.30000000000000004,True,correct,ECOM,43,True,correct,Q3
324,31635,True,1,206460118,0.8159010085112989,0.20671468504339885,0.6091863234679,0.30000000000000004,True,correct,ECOM,43,True,correct,Q3
325,33669,True,1,206917814,0.5202752382840087,0.26487509406649706,0.2554001442175116,0.30000000000000004,True,false_link,ECOM,43,True,false_link,Q2
326,36962,True,1,202827684,0.0063597843225822485,0.005823900272602602,0.0005358840499796466,0.30000000000000004,False,missing_match,ECOM,43,False,missing_match,Q1
327,33638,True,1,207659192,0.9429957290077157,0.13887639818544015,0.8041193308222755,0.30000000000000004,True,correct,ECOM,43,True,correct,Q4
328,32193,True,1,205809367,0.8927199317799566,0.18785664591347195,0.7048632858664846,0.30000000000000004,True,correct,ECOM,43,True,correct,Q3
329,24615,True,1,204587971,0.025645119834985432,0.021082373104341422,0.00456274673064401,0.30000000000000004,False,missing_match,ECOM,43,True,false_link,Q1
330,33790,True,1,210252356,0.6494480250630121,0.020543256296880093,0.628904768766132,0.30000000000000004,True,correct,ECOM,43,True,correct,Q3
331,23349,True,1,50012447,0.4646897814422637,0.0520704757901724,0.4126193056520913,0.30000000000000004,True,false_link,ECOM,43,True,correct,Q2
332,37531,True,1,204226641,0.8426798309314963,0.012154666680758607,0.8305251642507377,0.30000000000000004,True,correct,ECOM,43,True,correct,Q4
333,38781,True,1,207920831,0.405655036851929,0.019716125648523288,0.38593891120340573,0.30000000000000004,True,correct,ECOM,43,True,correct,Q2
334,28433,True,1,203142438,0.6778524863350992,0.01779002005264672,0.6600624662824525,0.30000000000000004,True,correct,ECOM,43,True,correct,Q3
335,36117,True,1,206901652,0.6492061570738217,0.03046694850421916,0.6187392085696025,0.30000000000000004,True,correct,ECOM,43,True,correct,Q3
336,35218,True,1,207536225,0.9402741432122863,0.3958071877914838,0.5444669554208025,0.30000000000000004,True,correct,ECOM,43,True,correct,Q3
337,38619,True,1,202985806,0.9133483554586405,0.12573785921463448,0.787610496244006,0.30000000000000004,True,correct,ECOM,43,True,correct,Q4
338,30955,True,1,205852387,0.3915460653692341,0.012427594693285091,0.379118470675949,0.30000000000000004,True,correct,ECOM,43,True,correct,Q2
339,34007,True,1,207660497,0.9565813655074757,0.5857349274969726,0.3708464380105031,0.30000000000000004,True,correct,ECOM,43,True,correct,Q2
340,28059,True,1,205592435,0.1829220027830497,0.10816610556906622,0.07475589721398349,0.30000000000000004,False,missing_match,ECOM,43,True,correct,Q1
341,18087,True,1,203150909,0.7918617176951481,0.05395867252880506,0.7379030451663431,0.30000000000000004,True,correct,ECOM,43,True,correct,Q4
342,36367,True,1,208464207,0.264877651799947,0.11182369859537689,0.1530539532045701,0.30000000000000004,False,missing_match,ECOM,43,True,correct,Q2
343,36274,True,1,206870289,0.897407980069176,0.3169395730853494,0.5804684069838266,0.30000000000000004,True,correct,ECOM,43,True,correct,Q3
344,39088,True,1,205074757,0.8219735247391974,0.018368635520580594,0.8036048892186168,0.30000000000000004,True,correct,ECOM,43,True,correct,Q4
345,29816,True,1,208455891,0.6381462349511502,0.08531382111203105,0.5528324138391192,0.30000000000000004,True,correct,ECOM,43,True,correct,Q3
346,35693,True,1,208184892,0.6373301335158948,0.4162080982399254,0.22112203527596946,0.30000000000000004,True,correct,ECOM,43,True,correct,Q2
347,29072,True,1,208456130,0.5316978888420758,0.005378109136192107,0.5263197797058837,0.30000000000000004,True,correct,ECOM,43,True,correct,Q3
348,29866,True,1,209297205,0.07711828224058849,0.07613133020718621,0.0009869520334022802,0.30000000000000004,False,missing_match,ECOM,43,False,missing_match,Q1
349,17479,True,1,90145972,0.8392045371345099,0.23669492110687249,0.6025096160276374,0.30000000000000004,True,correct,ECOM,43,True,correct,Q3
350,38522,True,1,210267015,0.7210559717058076,0.028130324857609537,0.692925646848198,0.30000000000000004,True,correct,ECOM,43,True,correct,Q3
351,33643,True,1,206928605,0.4638037770441373,0.11519284780234566,0.3486109292417916,0.30000000000000004,True,correct,ECOM,43,True,correct,Q2
352,31970,True,1,206419131,0.8537632931198232,0.3338199490281358,0.5199433440916874,0.30000000000000004,True,correct,ECOM,43,True,correct,Q3
353,31030,True,1,205557530,0.935826371446835,0.14670400483862275,0.7891223666082122,0.30000000000000004,True,correct,ECOM,43,True,correct,Q4
354,34442,True,1,208455894,0.36343191759828974,0.03839285816909292,0.3250390594291968,0.30000000000000004,True,correct,ECOM,43,True,correct,Q2
355,36172,True,1,207907535,0.33893194272848465,0.04277275463656,0.29615918809192465,0.30000000000000004,True,correct,ECOM,43,True,correct,Q2
356,35623,True,1,207514417,0.8481014807781786,0.01132488443562107,0.8367765963425575,0.30000000000000004,True,correct,ECOM,43,True,correct,Q4
357,32187,True,1,209896109,0.431876809692186,0.31409059678426166,0.11778621290792435,0.30000000000000004,True,correct,ECOM,43,True,correct,Q1
358,33508,True,1,206928380,0.2221628355712671,0.011587272062064512,0.2105755635092026,0.30000000000000004,False,missing_match,ECOM,43,True,correct,Q2
359,32688,True,1,208033808,0.6174621336499456,0.08363965040035101,0.5338224832495946,0.30000000000000004,True,correct,ECOM,43,True,correct,Q3
360,37589,True,1,204238996,0.01519778802896682,0.01036773169059942,0.004830056338367401,0.30000000000000004,False,missing_match,ECOM,43,False,missing_match,Q1
361,10101,True,1,90106172,0.8167476960456611,0.7661493831965462,0.05059831284911487,0.30000000000000004,True,correct,ECOM,43,True,correct,Q1
362,34697,True,1,206783262,0.9321328493710886,0.0302496648513846,0.9018831845197041,0.30000000000000004,True,correct,ECOM,43,True,correct,Q4
363,25167,True,1,203324800,0.8188909115101952,0.02700734726173451,0.7918835642484607,0.30000000000000004,True,correct,ECOM,43,True,correct,Q4
364,31337,True,1,203884610,0.9820797539244983,0.303076988433746,0.6790027654907523,0.30000000000000004,True,correct,ECOM,43,True,correct,Q3
365,34854,True,1,209297157,0.8604194621380103,0.14902130460541935,0.711398157532591,0.30000000000000004,True,correct,ECOM,43,True,correct,Q3
366,36127,True,1,210402579,0.9262696808695458,0.011081819116454924,0.9151878617530909,0.30000000000000004,True,correct,ECOM,43,True,correct,Q4
367,33219,True,1,205562000,0.24414292899340564,0.1605369835849641,0.08360594540844155,0.30000000000000004,False,missing_match,ECOM,43,True,correct,Q1
368,26082,True,1,204274660,0.7913686572051821,0.1669031393259931,0.624465517879189,0.30000000000000004,True,correct,ECOM,43,True,correct,Q3
369,26930,True,2,203920144,0.653262613082207,0.18477531763750996,0.468487295444697,0.30000000000000004,True,correct,ECOM,43,True,correct,Q2
370,33566,True,1,207388752,0.7484405376615597,0.656820973217395,0.09161956444416475,0.30000000000000004,True,correct,ECOM,43,True,correct,Q1
371,7783,True,1,202900227,0.700469336686198,0.3568448195491625,0.34362451713703557,0.30000000000000004,True,correct,ECOM,43,True,correct,Q2
372,32322,True,1,203405815,0.640076729732991,0.008657886971429659,0.6314188427615613,0.30000000000000004,True,correct,ECOM,43,False,missing_match,Q3
373,34831,True,1,207682339,0.10564310879124152,0.025267103411661388,0.08037600537958013,0.30000000000000004,False,missing_match,ECOM,43,True,correct,Q1
374,32315,True,1,205083968,0.9140470691827983,0.6302790075942255,0.2837680615885728,0.30000000000000004,True,correct,ECOM,43,True,correct,Q2
375,34998,True,1,207660499,0.8283410170714436,0.6648624875735426,0.16347852949790098,0.30000000000000004,True,false_link,ECOM,43,True,correct,Q2
376,34220,True,1,209869342,0.6631506206589747,0.042026072157224564,0.6211245485017501,0.30000000000000004,True,correct,ECOM,43,True,correct,Q3
377,34151,True,1,206854516,0.7366768575215434,0.08633612274849793,0.6503407347730455,0.30000000000000004,True,correct,ECOM,43,True,correct,Q3
378,34454,True,1,207390180,0.6041469813348775,0.033845915359903,0.5703010659749745,0.30000000000000004,True,correct,ECOM,43,True,correct,Q3
379,37812,True,1,209245958,0.9603880287595554,0.5666397747463835,0.3937482540131719,0.30000000000000004,True,correct,ECOM,43,True,correct,Q2
380,10640,True,1,203024425,0.7121145079545317,0.13017486744654694,0.5819396405079847,0.30000000000000004,True,correct,ECOM,43,True,correct,Q3
381,36746,True,1,208930717,0.6440354535652905,0.3044886277509331,0.33954682581435736,0.30000000000000004,True,correct,ECOM,43,True,correct,Q2
382,34465,True,1,209890796,0.3186502378125956,0.014267584786172408,0.3043826530264232,0.30000000000000004,True,correct,ECOM,43,True,correct,Q2
383,30093,True,1,205467942,0.7005910038427321,0.028782380710957896,0.6718086231317743,0.30000000000000004,True,correct,ECOM,43,True,correct,Q3
384,35475,True,1,208670546,0.40578164949620243,0.009211693580836573,0.39656995591536587,0.30000000000000004,True,correct,ECOM,43,True,correct,Q2
385,26563,True,1,202125720,0.21327121325228374,0.04547018915949091,0.16780102409279282,0.30000000000000004,False,missing_match,ECOM,43,True,correct,Q2
386,33645,True,1,206928607,0.6761544611126803,0.09988384392808304,0.5762706171845973,0.30000000000000004,True,correct,ECOM,43,True,correct,Q3
387,36452,True,1,209208655,0.8261783508963827,0.1428575777653804,0.6833207731310023,0.30000000000000004,True,correct,ECOM,43,True,correct,Q3
388,37192,True,1,209656955,0.903001769917395,0.022701085370192647,0.8803006845472023,0.30000000000000004,True,correct,ECOM,43,True,correct,Q4
389,35237,True,1,207686035,0.2166445820571014,0.0837546869232613,0.1328898951338401,0.30000000000000004,False,missing_match,ECOM,43,True,correct,Q1
390,35185,True,1,208504304,0.9414922507658254,0.031368997423019664,0.9101232533428057,0.30000000000000004,True,correct,ECOM,43,True,correct,Q4
391,36931,True,1,208370418,0.8586008007256012,0.2904816277616286,0.5681191729639725,0.30000000000000004,True,correct,ECOM,43,True,correct,Q3
392,38327,True,1,207390671,0.9285990404496482,0.08069378127712838,0.8479052591725199,0.30000000000000004,True,correct,ECOM,43,True,correct,Q4
393,20466,True,1,203185276,0.5171728528586444,0.13482220082366483,0.38235065203497964,0.30000000000000004,True,false_link,ECOM,43,False,missing_match,Q2
394,22940,True,1,203472622,0.8862772336627245,0.027061983944007842,0.8592152497187167,0.30000000000000004,True,correct,ECOM,43,True,correct,Q4
395,20450,True,1,201953026,0.011846478387091913,0.008421053374581903,0.0034254250125100097,0.30000000000000004,False,missing_match,ECOM,43,False,missing_match,Q1
396,33788,True,1,207543197,0.6680307338306379,0.4465920928925846,0.22143864093805332,0.30000000000000004,True,correct,ECOM,43,True,correct,Q2
397,37403,True,1,209705778,0.28258860137000374,0.21999140176973192,0.06259719960027182,0.30000000000000004,False,missing_match,ECOM,43,True,correct,Q1
398,35033,True,1,208156878,0.30089275669550525,0.30089275669550525,0.0,0.30000000000000004,True,false_link,ECOM,43,True,correct,Q1
399,16329,True,1,210521578,0.8077260237955888,0.031772697182441974,0.7759533266131468,0.30000000000000004,True,correct,ECOM,43,True,correct,Q4
400,38693,True,1,208710842,0.699994592096106,0.31720829568537184,0.3827862964107342,0.30000000000000004,True,correct,ECOM,43,True,correct,Q2
401,34253,True,1,206887992,0.15270564126035416,0.018844844692936052,0.13386079656741812,0.30000000000000004,False,missing_match,ECOM,43,True,correct,Q1
402,32563,True,1,206615085,0.9670210786139378,0.8846416303583352,0.08237944825560262,0.30000000000000004,True,correct,ECOM,43,True,correct,Q1
403,33931,True,1,207391017,0.9353419984591095,0.33252014927591905,0.6028218491831905,0.30000000000000004,True,correct,ECOM,43,True,correct,Q3
404,33431,True,1,207390644,0.12046616199339802,0.005362849616059884,0.11510331237733813,0.30000000000000004,False,missing_match,ECOM,43,True,correct,Q1
405,33985,True,1,208504045,0.8777552645662412,0.8642838615090673,0.01347140305717387,0.30000000000000004,True,correct,ECOM,43,True,correct,Q1
406,34961,True,1,208114682,0.06539499628804811,0.04729158465237573,0.018103411635672383,0.30000000000000004,False,missing_match,ECOM,43,False,missing_match,Q1
407,37360,True,1,202784323,0.8422021751178416,0.016106709182904005,0.8260954659349375,0.30000000000000004,True,correct,ECOM,43,True,correct,Q4
408,36796,True,1,208154853,0.008936107551124202,0.0032610639000980775,0.005675043651026125,0.30000000000000004,False,missing_match,ECOM,43,False,missing_match,Q1
409,32323,True,1,202785722,0.12102599874788127,0.07492510933992684,0.046100889407954426,0.30000000000000004,False,missing_match,ECOM,43,True,correct,Q1
410,34662,True,1,208294722,0.8445163938189274,0.09172093384540406,0.7527954599735234,0.30000000000000004,True,correct,ECOM,43,True,correct,Q4
411,38449,True,1,206576717,0.8763206905289878,0.4006318096409396,0.47568888088804817,0.30000000000000004,True,correct,ECOM,43,True,correct,Q3
412,27186,True,1,204292477,0.0877415679986945,0.08575506405851555,0.001986503940178949,0.30000000000000004,False,missing_match,ECOM,43,False,missing_match,Q1
413,33671,True,1,206917816,0.8496885586859572,0.032913598464168886,0.8167749602217883,0.30000000000000004,True,correct,ECOM,43,True,correct,Q4
414,31273,True,1,203086857,0.919387592916461,0.06421801256061387,0.8551695803558471,0.30000000000000004,True,correct,ECOM,43,True,correct,Q4
415,27965,True,1,203136103,0.57093614864407,0.05481756148616385,0.5161185871579062,0.30000000000000004,True,false_link,ECOM,43,True,false_link,Q3
416,25857,True,1,202870172,0.6386978704509577,0.06655493802052832,0.5721429324304294,0.30000000000000004,True,false_link,ECOM,43,False,missing_match,Q3
417,30206,True,1,204222662,0.3065204730171552,0.01798082058301295,0.28853965243414226,0.30000000000000004,True,correct,ECOM,43,True,correct,Q2
418,38784,True,1,204222897,0.803848851053431,0.17658033351782637,0.6272685175356045,0.30000000000000004,True,correct,ECOM,43,True,correct,Q3
419,34278,True,1,207934190,0.6622859782280517,0.01349551107602817,0.6487904671520235,0.30000000000000004,True,correct,ECOM,43,True,correct,Q3
420,24825,True,1,202900025,0.7163978644005633,0.02310388912145073,0.6932939752791125,0.30000000000000004,True,correct,ECOM,43,True,correct,Q3
421,552,True,1,90132241,0.7406530753247361,0.08801222906331568,0.6526408462614204,0.30000000000000004,True,correct,ECOM,43,True,correct,Q3
422,37142,True,1,209194240,0.688957572969386,0.6198306331596255,0.06912693980976048,0.30000000000000004,True,false_link,ECOM,43,True,false_link,Q1
423,37308,True,1,209901965,0.5925670742151814,0.31133419464810325,0.28123287956707815,0.30000000000000004,True,correct,ECOM,43,True,correct,Q2
424,33276,True,1,205865183,0.9523372659507375,0.14426609851175592,0.8080711674389816,0.30000000000000004,True,correct,ECOM,43,True,correct,Q4
425,32625,True,2,201935116,0.8733493429733323,0.1664865933787936,0.7068627495945388,0.30000000000000004,True,correct,ECOM,43,True,correct,Q3
426,37150,True,1,208791918,0.7770095718206224,0.6430594349227156,0.1339501368979068,0.30000000000000004,True,correct,ECOM,43,True,correct,Q2
427,21267,True,1,203087865,0.0652048730993069,0.012197931161133175,0.053006941938173735,0.30000000000000004,False,missing_match,ECOM,43,False,missing_match,Q1
428,33444,True,1,207667995,0.7579846255826295,0.44984840614229527,0.3081362194403342,0.30000000000000004,True,correct,ECOM,43,True,correct,Q2
429,37201,True,1,209656959,0.32747914883054935,0.23744057000461943,0.09003857882592992,0.30000000000000004,True,false_link,ECOM,43,True,correct,Q1
430,27810,True,1,204563770,0.8361716593543767,0.7232285413014045,0.11294311805297219,0.30000000000000004,True,correct,ECOM,43,True,correct,Q1
431,38644,True,1,208344063,0.09625235770253988,0.00218103220350987,0.09407132549903001,0.30000000000000004,False,missing_match,ECOM,43,True,correct,Q1
432,38096,True,1,207391434,0.9668560789035467,0.10388824862204166,0.8629678302815051,0.30000000000000004,True,correct,ECOM,43,True,correct,Q4
433,35018,True,1,207900343,0.7428873189910904,0.4194990057492833,0.3233883132418071,0.30000000000000004,True,correct,ECOM,43,True,correct,Q2
434,36295,True,1,90128026,0.7669350705364364,0.04843356321702133,0.7185015073194151,0.30000000000000004,True,correct,ECOM,43,True,correct,Q4
435,33160,True,1,207390655,0.664683427912529,0.07242915218992302,0.5922542757226059,0.30000000000000004,True,correct,ECOM,43,True,correct,Q3
436,36124,True,1,208504429,0.9077484736864404,0.5637977497448877,0.3439507239415527,0.30000000000000004,True,correct,ECOM,43,True,correct,Q2
437,33440,True,1,207464921,0.9147095853673481,0.18162703389142593,0.7330825514759223,0.30000000000000004,True,correct,ECOM,43,True,correct,Q4
438,33595,True,1,208294724,0.8460083074817102,0.7064141234713842,0.13959418401032597,0.30000000000000004,True,false_link,ECOM,43,True,false_link,Q2
439,33477,True,1,208154551,0.9350066356176192,0.4611702877913811,0.4738363478262381,0.30000000000000004,True,correct,ECOM,43,True,correct,Q2
440,38466,True,1,206576716,0.9299957401480963,0.08537474416934894,0.8446209959787473,0.30000000000000004,True,correct,ECOM,43,True,correct,Q4
441,34848,True,1,208117930,0.0601556523388996,0.0601556523388996,0.0,0.30000000000000004,False,missing_match,ECOM,43,False,missing_match,Q1
442,35552,True,1,206928359,0.2774430744812085,0.17975878322247632,0.09768429125873215,0.30000000000000004,False,missing_match,ECOM,43,True,false_link,Q1
443,31414,True,1,204222915,0.4735129487598189,0.0116582988052469,0.46185464995457204,0.30000000000000004,True,correct,ECOM,43,True,correct,Q2
444,36808,True,1,210399818,0.8217304605827833,0.09984510905017568,0.7218853515326076,0.30000000000000004,True,correct,ECOM,43,True,correct,Q4
445,37287,True,1,208937533,0.6564349852428514,0.23834604031510426,0.4180889449277471,0.30000000000000004,True,correct,ECOM,43,True,correct,Q2
446,34127,True,1,203165922,0.8296939844735288,0.8214109844270523,0.00828300004647653,0.30000000000000004,True,correct,ECOM,43,True,correct,Q1
447,31992,True,1,203952966,0.9831370946657683,0.9248456593368493,0.058291435328919006,0.30000000000000004,True,correct,ECOM,43,True,correct,Q1
448,24693,True,1,203087681,0.8982926911161806,0.16035659544532324,0.7379360956708574,0.30000000000000004,True,correct,ECOM,43,True,correct,Q4
449,26137,True,1,204272122,0.7978124327264972,0.01610541143155545,0.7817070212949417,0.30000000000000004,True,correct,ECOM,43,False,missing_match,Q4
450,33467,True,1,207542599,0.8335916333101907,0.11529684813109219,0.7182947851790985,0.30000000000000004,True,correct,ECOM,43,True,correct,Q4
451,32889,True,1,208085178,0.5187652298848326,0.14044365718329224,0.37832157270154043,0.30000000000000004,True,correct,ECOM,43,True,correct,Q2
452,30457,True,1,207390171,0.9069280525885716,0.08624275877109117,0.8206852938174805,0.30000000000000004,True,correct,ECOM,43,True,correct,Q4
453,37174,True,1,209208663,0.936710541427656,0.4834612519824026,0.4532492894452534,0.30000000000000004,True,correct,ECOM,43,True,correct,Q2
454,29007,True,1,204792885,0.8643866122790056,0.46387716446082705,0.40050944781817854,0.30000000000000004,True,correct,ECOM,43,True,correct,Q2
455,23537,True,1,203069939,0.9122125074995039,0.010685164817577818,0.901527342681926,0.30000000000000004,True,correct,ECOM,43,True,correct,Q4
456,35194,True,1,208504297,0.9248127026366885,0.2672224053601137,0.6575902972765748,0.30000000000000004,True,correct,ECOM,43,True,correct,Q3
457,35431,True,1,207506251,0.8806047587797939,0.041108397533300305,0.8394963612464936,0.30000000000000004,True,correct,ECOM,43,True,correct,Q4
458,37055,True,1,208941075,0.11627383397929889,0.09391872510251134,0.022355108876787544,0.30000000000000004,False,missing_match,ECOM,43,True,correct,Q1
459,30680,True,1,207390502,0.521124176650099,0.06740953650588276,0.45371464014421625,0.30000000000000004,True,correct,ECOM,43,True,correct,Q2
460,34303,True,1,207900179,0.9452761339333127,0.28197951199518867,0.663296621938124,0.30000000000000004,True,correct,ECOM,43,True,correct,Q3
461,32880,True,1,205106048,0.7708364586333792,0.309692025491702,0.46114443314167725,0.30000000000000004,True,correct,ECOM,43,True,correct,Q2
462,23246,True,2,90146847,0.7385695295933362,0.5406387525830111,0.19793077701032513,0.30000000000000004,True,correct,ECOM,43,True,correct,Q2
463,34941,True,1,208504307,0.7583925316576742,0.1896978632758872,0.568694668381787,0.30000000000000004,True,correct,ECOM,43,True,correct,Q3
464,33157,True,1,207390654,0.7215765636085127,0.18344650265047402,0.5381300609580387,0.30000000000000004,True,correct,ECOM,43,True,correct,Q3
465,33471,True,1,208294727,0.9312433500912334,0.8383110820099672,0.0929322680812662,0.30000000000000004,True,correct,ECOM,43,True,correct,Q1
466,27975,True,1,10360978,0.8821299137987548,0.8039195782346285,0.07821033556412638,0.30000000000000004,True,correct,ECOM,43,True,correct,Q1
467,36029,True,1,202785722,0.9733755635483711,0.07520806645761827,0.8981674970907528,0.30000000000000004,True,correct,ECOM,43,True,correct,Q4
468,24368,True,1,202899996,0.6198079648576842,0.007139856343780197,0.612668108513904,0.30000000000000004,True,correct,ECOM,43,True,correct,Q3
469,16003,True,1,208226457,0.09492981969358133,0.050257743730092605,0.044672075963488725,0.30000000000000004,False,missing_match,ECOM,43,False,missing_match,Q1
470,37404,True,1,209705778,0.5363613905715132,0.3325074835042354,0.2038539070672778,0.30000000000000004,True,correct,ECOM,43,True,correct,Q2
471,33263,True,1,208105573,0.2612896580932497,0.022416606232301888,0.23887305186094784,0.30000000000000004,False,missing_match,ECOM,43,True,correct,Q2
472,34009,True,1,207595882,0.9549403004632083,0.6176170803098897,0.3373232201533186,0.30000000000000004,True,correct,ECOM,43,True,correct,Q2
473,33801,True,1,207544265,0.550230034100781,0.0037421120875640503,0.5464879220132169,0.30000000000000004,True,correct,ECOM,43,True,correct,Q3
474,36084,True,1,205664938,0.7498139833370039,0.21836027798090835,0.5314537053560955,0.30000000000000004,True,correct,ECOM,43,True,correct,Q3
475,35276,True,1,208084021,0.913304806397076,0.542178456203019,0.37112635019405704,0.30000000000000004,True,correct,ECOM,43,True,correct,Q2
476,17653,True,1,206928607,0.01446718634988765,0.01067818267895229,0.00378900367093536,0.30000000000000004,False,missing_match,ECOM,43,False,missing_match,Q1
477,33488,True,1,208154765,0.938597622630355,0.3152004144698396,0.6233972081605154,0.30000000000000004,True,correct,ECOM,43,True,correct,Q3
478,36507,True,1,208939028,0.2953682410435271,0.15754097295634928,0.13782726808717782,0.30000000000000004,False,missing_match,ECOM,43,True,correct,Q2
479,36811,True,1,208930714,0.7582156418119941,0.10447132572674578,0.6537443160852483,0.30000000000000004,True,correct,ECOM,43,True,correct,Q3
480,32358,True,1,208295050,0.868471430643656,0.7189323513920507,0.14953907925160526,0.30000000000000004,True,correct,ECOM,43,True,correct,Q2
481,35306,True,1,207543196,0.6220094431751879,0.29564831925066815,0.32636112392451977,0.30000000000000004,True,correct,ECOM,43,True,correct,Q2
482,38806,True,1,210536123,0.07132055880960321,0.003923034029852537,0.06739752477975067,0.30000000000000004,False,missing_match,ECOM,43,False,missing_match,Q1
483,34165,True,1,206928452,0.27497634826238393,0.0067966174353013544,0.2681797308270826,0.30000000000000004,False,missing_match,ECOM,43,True,correct,Q2
484,34944,True,1,208042977,0.8636135259336492,0.09030367307002093,0.7733098528636282,0.30000000000000004,True,correct,ECOM,43,True,correct,Q4
485,17872,True,1,90145561,0.85827628846839,0.7518423043474824,0.10643398412090754,0.30000000000000004,True,correct,ECOM,43,True,correct,Q1
486,8552,True,1,90138609,0.873167913119111,0.3745869375609255,0.49858097555818554,0.30000000000000004,True,correct,ECOM,43,True,correct,Q3
487,32150,True,1,207390506,0.0587389333301992,0.023357792680017975,0.03538114065018123,0.30000000000000004,False,missing_match,ECOM,43,True,correct,Q1
488,34280,True,1,207900177,0.8010514201621292,0.7806723194317359,0.020379100730393285,0.30000000000000004,True,correct,ECOM,43,True,correct,Q1
489,28350,True,1,204206935,0.19280868822735292,0.04908030577279126,0.14372838245456165,0.30000000000000004,False,missing_match,ECOM,43,True,correct,Q2
490,32022,True,1,204363358,0.7822672347040519,0.08163911704816641,0.7006281176558855,0.30000000000000004,True,correct,ECOM,43,True,correct,Q3
491,37340,True,1,208890876,0.05328078405620115,0.0329945550739241,0.020286228982277055,0.30000000000000004,False,missing_match,ECOM,43,False,missing_match,Q1
492,16741,True,1,201959840,0.9218522537961856,0.08569963971093571,0.8361526140852499,0.30000000000000004,True,correct,ECOM,43,True,correct,Q4
493,34125,True,2,203165921,0.8601839727543099,0.8286889950932932,0.03149497766101672,0.30000000000000004,True,correct,ECOM,43,True,correct,Q1
494,36299,True,1,208342524,0.8936096812985078,0.4116690557576092,0.4819406255408986,0.30000000000000004,True,correct,ECOM,43,True,correct,Q3
495,23006,True,2,202456880,0.8673696303557944,0.002075814943957771,0.8652938154118366,0.30000000000000004,True,correct,ECOM,43,True,correct,Q4
496,33271,True,1,206808431,0.7965200815500393,0.7886394950087828,0.007880586541256451,0.30000000000000004,True,correct,ECOM,43,True,correct,Q1
497,38483,True,1,204407682,0.9230447620040128,0.738818413090537,0.18422634891347578,0.30000000000000004,True,false_link,ECOM,43,True,correct,Q2
498,37652,True,1,210254965,0.1913267441909041,0.013951829834319383,0.1773749143565847,0.30000000000000004,False,missing_match,ECOM,43,True,correct,Q2
499,32314,True,1,207509842,0.9450698691548288,0.04333472261203965,0.9017351465427892,0.30000000000000004,True,correct,ECOM,43,True,correct,Q4
500,34595,True,1,203199121,0.8633957136975816,0.02574843158680983,0.8376472821107718,0.30000000000000004,True,correct,ECOM,43,True,correct,Q4
501,36197,True,1,207925440,0.773999149597953,0.05311718308706161,0.7208819665108914,0.30000000000000004,True,correct,ECOM,43,True,correct,Q4
502,30951,True,1,205599985,0.6834670899837805,0.33379936670878363,0.34966772327499684,0.30000000000000004,True,false_link,ECOM,43,True,false_link,Q2
503,34559,True,1,207907559,0.039143131211036866,0.03431386489829963,0.004829266312737238,0.30000000000000004,False,missing_match,ECOM,43,True,correct,Q1
504,26861,True,1,203388612,0.9138862355827087,0.23696733167698808,0.6769189039057206,0.30000000000000004,True,correct,ECOM,43,True,correct,Q3
505,33158,True,1,207338961,0.6773375888462474,0.12124021336022689,0.5560973754860206,0.30000000000000004,True,correct,ECOM,43,True,correct,Q3
506,30594,True,1,202139765,0.0923388134968421,0.04217708297160969,0.05016173052523241,0.30000000000000004,False,missing_match,ECOM,43,True,correct,Q1
507,35905,True,1,204238996,0.13372931231491933,0.009796653892805268,0.12393265842211407,0.30000000000000004,False,missing_match,ECOM,43,True,correct,Q1
508,37120,True,1,209114551,0.855495583243919,0.1687214286234284,0.6867741546204906,0.30000000000000004,True,correct,ECOM,43,True,correct,Q3
509,29677,True,1,204884519,0.650022759306349,0.008607344449058491,0.6414154148572905,0.30000000000000004,True,correct,ECOM,43,True,correct,Q3
510,20458,True,1,201953021,0.601352978607665,0.02525743550420385,0.5760955431034611,0.30000000000000004,True,correct,ECOM,43,True,correct,Q3
511,36097,True,2,208131008,0.11575012779305899,0.00688300460970304,0.10886712318335595,0.30000000000000004,False,missing_match,ECOM,43,True,correct,Q1
512,37468,True,1,209310241,0.5546211916757906,0.06309188879605555,0.49152930287973506,0.30000000000000004,True,correct,ECOM,43,True,correct,Q3
513,34089,True,1,207900175,0.7980476695175381,0.3456895390039873,0.45235813051355084,0.30000000000000004,True,correct,ECOM,43,True,correct,Q2
514,29273,True,1,202070807,0.9547072578492214,0.047385643255445725,0.9073216145937757,0.30000000000000004,True,correct,ECOM,43,True,correct,Q4
515,38477,True,1,10011646,0.9549867537078506,0.05221897329127582,0.9027677804165748,0.30000000000000004,True,correct,ECOM,43,True,correct,Q4
516,35800,True,1,208504190,0.7025290940567808,0.007792813697517152,0.6947362803592636,0.30000000000000004,True,correct,ECOM,43,True,correct,Q3
517,36151,True,1,207907558,0.29822956967084857,0.16195521686627265,0.13627435280457592,0.30000000000000004,False,missing_match,ECOM,43,True,correct,Q2
518,37322,True,1,209307663,0.8863937278589373,0.06894063703894344,0.8174530908199938,0.30000000000000004,True,correct,ECOM,43,True,correct,Q4
519,27920,True,1,206725724,0.9419409215799542,0.04885525008123031,0.893085671498724,0.30000000000000004,True,correct,ECOM,43,True,correct,Q4
520,28148,True,1,204792886,0.10421680694513072,0.026232237878115093,0.07798456906701562,0.30000000000000004,False,missing_match,ECOM,43,False,missing_match,Q1
521,35903,True,1,205769439,0.8162357197554359,0.2746522774707626,0.5415834422846733,0.30000000000000004,True,correct,ECOM,43,True,correct,Q3
522,38474,True,1,10343605,0.8992790861907893,0.014569868882665982,0.8847092173081234,0.30000000000000004,True,correct,ECOM,43,True,correct,Q4
523,36990,True,1,209253738,0.3248105106190924,0.08603909913691812,0.23877141148217426,0.30000000000000004,True,correct,ECOM,43,True,correct,Q2
524,33938,True,1,208464825,0.7574135515576509,0.016468499820280137,0.7409450517373708,0.30000000000000004,True,correct,ECOM,43,True,correct,Q4
525,38164,True,1,209700735,0.8926155803735603,0.011832548944572967,0.8807830314289873,0.30000000000000004,True,correct,ECOM,43,True,correct,Q4
526,35165,True,1,208117924,0.06838110568284356,0.047265226833103344,0.021115878849740213,0.30000000000000004,False,missing_match,ECOM,43,True,correct,Q1
527,27479,True,1,10351869,0.9529975042311941,0.013200907975543876,0.9397965962556503,0.30000000000000004,True,correct,ECOM,43,True,correct,Q4
528,38127,True,1,209720586,0.5992702076086921,0.08888442765025381,0.5103857799584383,0.30000000000000004,True,correct,ECOM,43,True,correct,Q3
529,36309,True,1,208409785,0.5831227000198945,0.38727213282692097,0.19585056719297356,0.30000000000000004,True,correct,ECOM,43,True,correct,Q2
530,37716,True,1,207899810,0.5303874934758894,0.4289655930143418,0.10142190046154764,0.30000000000000004,True,correct,ECOM,43,False,missing_match,Q1
531,36556,True,1,209891040,0.7682793705397958,0.329889435062205,0.43838993547759075,0.30000000000000004,True,correct,ECOM,43,True,correct,Q2
532,30603,True,1,202755491,0.08163889788999405,0.01741677388045367,0.06422212400954039,0.30000000000000004,False,missing_match,ECOM,43,True,correct,Q1
533,25413,True,1,90049795,0.8820406974312773,0.14413331146859248,0.7379073859626848,0.30000000000000004,True,correct,ECOM,43,True,correct,Q4
534,37803,True,1,207875395,0.8881004330405644,0.6669099974066195,0.22119043563394492,0.30000000000000004,True,correct,ECOM,43,True,correct,Q2
535,32226,True,1,204792884,0.0150140467020194,0.012628942706210448,0.002385103995808952,0.30000000000000004,False,missing_match,ECOM,43,False,missing_match,Q1
536,38587,True,1,201692677,0.19908790083252542,0.06785313219260372,0.1312347686399217,0.30000000000000004,False,missing_match,ECOM,43,True,correct,Q1
537,38008,True,1,210227271,0.262701932171236,0.25206306562592634,0.010638866545309655,0.30000000000000004,False,missing_match,ECOM,43,True,correct,Q1
538,35031,True,1,208156878,0.3343440758895472,0.3343440758895472,0.0,0.30000000000000004,True,correct,ECOM,43,True,false_link,Q1
539,28149,True,1,204792886,0.06606983067005036,0.03200839122091582,0.03406143944913454,0.30000000000000004,False,missing_match,ECOM,43,False,missing_match,Q1
540,34031,True,1,207910213,0.891802758250023,0.0645627675044086,0.8272399907456144,0.30000000000000004,True,correct,ECOM,43,True,correct,Q4
0,33455,True,1,207464920,0.23122407681005783,0.18198438734335987,0.04923968946669796,0.30000000000000004,False,missing_match,ECOM,44,False,missing_match,Q1
1,14715,True,1,203021705,0.7243997347671213,0.02586935572475138,0.6985303790423699,0.30000000000000004,True,correct,ECOM,44,True,correct,Q3
2,29677,True,1,204884519,0.6995842818351282,0.011886897263717867,0.6876973845714104,0.30000000000000004,True,correct,ECOM,44,True,correct,Q3
3,33026,True,1,204230770,0.5267012385276918,0.05373777565996831,0.4729634628677235,0.30000000000000004,True,correct,ECOM,44,True,correct,Q3
4,34092,True,2,207679756,0.9479514456719381,0.8011208639364403,0.1468305817354978,0.30000000000000004,True,correct,ECOM,44,True,correct,Q1
5,29099,True,1,204222472,0.3252292289188448,0.2388009265808714,0.08642830233797341,0.30000000000000004,True,correct,ECOM,44,False,missing_match,Q1
6,39054,True,1,207390496,0.04623763126906001,0.01673591336291951,0.029501717906140503,0.30000000000000004,False,missing_match,ECOM,44,False,missing_match,Q1
7,27964,True,1,203136103,0.8368430799261017,0.07223089883983451,0.7646121810862673,0.30000000000000004,True,correct,ECOM,44,True,correct,Q4
8,36861,True,1,210442348,0.9160759428952853,0.18419729588533307,0.7318786470099522,0.30000000000000004,True,correct,ECOM,44,True,correct,Q4
9,27789,True,1,204318286,0.47045821631602636,0.17946507105784884,0.29099314525817754,0.30000000000000004,True,false_link,ECOM,44,False,missing_match,Q2
10,37110,True,1,209114551,0.9511615663089553,0.7667364584650247,0.18442510784393062,0.30000000000000004,True,correct,ECOM,44,True,correct,Q2
11,27965,True,1,203136103,0.6048065134094845,0.0769127004174805,0.5278938129920041,0.30000000000000004,True,false_link,ECOM,44,True,false_link,Q3
12,29829,True,1,208715736,0.30873853655532846,0.04071697821275598,0.26802155834257246,0.30000000000000004,True,false_link,ECOM,44,True,false_link,Q2
13,35277,True,1,208085253,0.8209919753934589,0.12449042984230983,0.6965015455511491,0.30000000000000004,True,correct,ECOM,44,True,correct,Q3
14,28433,True,1,203142438,0.8052078364761767,0.026546872929467093,0.7786609635467096,0.30000000000000004,True,correct,ECOM,44,True,correct,Q4
15,36118,True,1,203142471,0.6702100568167145,0.031026555078648654,0.6391835017380658,0.30000000000000004,True,correct,ECOM,44,True,correct,Q3
16,21989,True,1,204274645,0.8925754978496718,0.11031129569369111,0.7822642021559807,0.30000000000000004,True,correct,ECOM,44,True,correct,Q4
17,36168,True,1,208171630,0.9276930229294076,0.8567501891856542,0.07094283374375343,0.30000000000000004,True,correct,ECOM,44,True,correct,Q1
18,32322,True,1,203405815,0.6165877065048426,0.01328889641264949,0.6032988100921931,0.30000000000000004,True,correct,ECOM,44,False,missing_match,Q3
19,28256,True,1,204563763,0.899151583902061,0.17465825829203993,0.724493325610021,0.30000000000000004,True,correct,ECOM,44,True,correct,Q4
20,36722,True,1,209656935,0.8580738225015532,0.020274984888490968,0.8377988376130622,0.30000000000000004,True,correct,ECOM,44,True,correct,Q4
21,16669,True,1,90148258,0.9123410163469355,0.3128374156860708,0.5995036006608647,0.30000000000000004,True,false_link,ECOM,44,True,correct,Q3
22,16668,True,1,90148258,0.9596607058336403,0.21173611399697395,0.7479245918366664,0.30000000000000004,True,correct,ECOM,44,True,correct,Q4
23,35810,True,1,10326220,0.8945240893679435,0.0101340103266148,0.8843900790413287,0.30000000000000004,True,correct,ECOM,44,True,correct,Q4
24,22798,True,1,202143942,0.33975535146003877,0.0060937912892333424,0.33366156017080545,0.30000000000000004,True,correct,ECOM,44,True,correct,Q2
25,32882,True,1,204563949,0.47752819605200514,0.03520173561174556,0.4423264604402596,0.30000000000000004,True,correct,ECOM,44,True,correct,Q2
26,22729,True,1,202473822,0.44863594282745684,0.014476514478463093,0.43415942834899374,0.30000000000000004,True,correct,ECOM,44,True,correct,Q2
27,33562,True,1,207542597,0.915229879202262,0.0777417082583806,0.8374881709438814,0.30000000000000004,True,correct,ECOM,44,True,correct,Q4
28,30203,True,1,208156275,0.4165301483134483,0.01154970900618079,0.4049804393072675,0.30000000000000004,True,correct,ECOM,44,False,missing_match,Q2
29,28137,True,1,204254634,0.8721587358075872,0.10170086657293335,0.7704578692346539,0.30000000000000004,True,correct,ECOM,44,True,correct,Q4
30,27091,True,1,203136113,0.041095262452242785,0.002805000832777014,0.03829026161946577,0.30000000000000004,False,missing_match,ECOM,44,True,correct,Q1
31,30585,True,1,204206934,0.30024792353991003,0.11735495204354576,0.18289297149636427,0.30000000000000004,True,correct,ECOM,44,True,correct,Q2
32,32688,True,1,208033808,0.5929439834694211,0.05899410300565568,0.5339498804637655,0.30000000000000004,True,correct,ECOM,44,False,missing_match,Q3
33,27719,True,1,203379237,0.8793032652875946,0.08537936013749077,0.7939239051501038,0.30000000000000004,True,correct,ECOM,44,True,correct,Q4
34,10102,True,1,90106210,0.845375390757461,0.7593333541253332,0.08604203663212784,0.30000000000000004,True,correct,ECOM,44,True,correct,Q1
35,35663,True,1,207536226,0.9351941143458411,0.8115846210434469,0.12360949330239424,0.30000000000000004,True,correct,ECOM,44,True,correct,Q1
36,34125,True,2,203165921,0.844473565859755,0.8017273114724313,0.04274625438732371,0.30000000000000004,True,correct,ECOM,44,True,correct,Q1
37,17906,True,1,204274644,0.9008961197188577,0.11273411197692075,0.788162007741937,0.30000000000000004,True,correct,ECOM,44,True,correct,Q4
38,36906,True,1,208656495,0.1893299479940102,0.012147510353521036,0.17718243764048916,0.30000000000000004,False,missing_match,ECOM,44,True,correct,Q2
39,13954,True,1,90128649,0.8801019154148142,0.7392078653739184,0.14089405004089584,0.30000000000000004,True,correct,ECOM,44,True,correct,Q1
40,32193,True,1,205809367,0.8698881991845733,0.1517689949815462,0.7181192042030271,0.30000000000000004,True,correct,ECOM,44,True,correct,Q3
41,11801,True,1,210239335,0.1772512953353649,0.06665490855499305,0.11059638678037186,0.30000000000000004,False,missing_match,ECOM,44,True,correct,Q1
42,16000,True,1,208226457,0.8380095497574417,0.15221388056659937,0.6857956691908423,0.30000000000000004,True,correct,ECOM,44,True,correct,Q3
43,10101,True,1,90106210,0.810280069706502,0.7973207421218463,0.012959327584655678,0.30000000000000004,True,false_link,ECOM,44,True,false_link,Q1
44,38873,True,1,210399907,0.4777612089427665,0.01582488523729241,0.4619363237054741,0.30000000000000004,True,correct,ECOM,44,False,missing_match,Q2
45,36388,True,1,208226694,0.8142858904075694,0.027002180452140218,0.7872837099554292,0.30000000000000004,True,correct,ECOM,44,True,correct,Q4
46,20450,True,1,209122921,0.0155582023146127,0.009187895992334253,0.006370306322278448,0.30000000000000004,False,missing_match,ECOM,44,False,missing_match,Q1
47,34883,True,1,207929461,0.4946785314966727,0.1236326119029533,0.37104591959371935,0.30000000000000004,True,false_link,ECOM,44,True,correct,Q2
48,33563,True,1,207388760,0.6482235698907688,0.2680194040305606,0.38020416586020817,0.30000000000000004,True,correct,ECOM,44,True,correct,Q2
49,32664,True,1,208409785,0.29196759632265784,0.20496195360557248,0.08700564271708536,0.30000000000000004,False,missing_match,ECOM,44,False,missing_match,Q1
50,38452,True,1,208226470,0.9492319526026826,0.03330562063360988,0.9159263319690727,0.30000000000000004,True,correct,ECOM,44,True,correct,Q4
51,22727,True,1,202619749,0.12580715185930563,0.06714791943054421,0.05865923242876142,0.30000000000000004,False,missing_match,ECOM,44,True,correct,Q1
52,37686,True,1,208893667,0.6666418395490906,0.06311995345929061,0.6035218860898,0.30000000000000004,True,correct,ECOM,44,True,correct,Q3
53,23658,True,1,203065730,0.43015502235966696,0.012364909576969346,0.4177901127826976,0.30000000000000004,True,correct,ECOM,44,True,correct,Q2
54,36149,True,1,207907550,0.3283873895221833,0.18783311650900392,0.1405542730131794,0.30000000000000004,True,correct,ECOM,44,True,correct,Q1
55,34349,True,1,207660498,0.9720450330764862,0.08697572203416537,0.8850693110423208,0.30000000000000004,True,correct,ECOM,44,True,correct,Q4
56,25902,True,1,202479411,0.6944229423242142,0.04723799422051987,0.6471849481036943,0.30000000000000004,True,correct,ECOM,44,True,correct,Q3
57,24493,True,1,202900030,0.4471884209900881,0.32942840971412907,0.11776001127595903,0.30000000000000004,True,correct,ECOM,44,True,correct,Q1
58,19604,True,1,203025446,0.9078755492244558,0.4399904501176939,0.4678850991067619,0.30000000000000004,True,correct,ECOM,44,True,correct,Q3
59,37468,True,1,209310241,0.7855053915995388,0.07506910970550615,0.7104362818940326,0.30000000000000004,True,correct,ECOM,44,True,correct,Q3
60,38507,True,1,206181767,0.9202703777627576,0.025792714769429105,0.8944776629933284,0.30000000000000004,True,correct,ECOM,44,True,correct,Q4
61,37934,True,1,208710844,0.7922694292089856,0.4162679722370679,0.37600145697191767,0.30000000000000004,True,correct,ECOM,44,True,correct,Q2
62,33922,True,1,207925432,0.7573775224753394,0.4100699222307636,0.3473076002445758,0.30000000000000004,True,correct,ECOM,44,True,correct,Q2
63,31020,True,1,205835447,0.8921133908407848,0.19326671071332266,0.6988466801274621,0.30000000000000004,True,correct,ECOM,44,True,correct,Q3
64,29272,True,1,203900792,0.20866405154996476,0.04861532893898912,0.16004872261097564,0.30000000000000004,False,missing_match,ECOM,44,True,correct,Q1
65,37139,True,1,208893658,0.39347411454843606,0.033047840156614335,0.36042627439182173,0.30000000000000004,True,correct,ECOM,44,True,correct,Q2
66,35231,True,1,204792885,0.08139806687477082,0.0718609114860065,0.009537155388764318,0.30000000000000004,False,missing_match,ECOM,44,False,missing_match,Q1
67,37589,True,1,90146847,0.04473346506681516,0.038885608400095015,0.005847856666720143,0.30000000000000004,False,missing_match,ECOM,44,False,missing_match,Q1
68,24346,True,1,208972043,0.6680569272279899,0.01280730153961536,0.6552496256883745,0.30000000000000004,True,correct,ECOM,44,True,correct,Q3
69,9314,True,1,90138520,0.5961258454659384,0.05736848447679627,0.5387573609891421,0.30000000000000004,True,correct,ECOM,44,True,correct,Q3
70,35332,True,1,208504422,0.7033835650347325,0.19666980490153296,0.5067137601331996,0.30000000000000004,True,correct,ECOM,44,True,correct,Q3
71,23686,True,1,10333848,0.8924633740753323,0.23040029983531946,0.6620630742400129,0.30000000000000004,True,correct,ECOM,44,True,correct,Q3
72,38346,True,1,208167531,0.9326973898482349,0.1727943251377426,0.7599030647104923,0.30000000000000004,True,correct,ECOM,44,True,correct,Q4
73,33273,True,1,206808432,0.6143812506299591,0.10573465624576288,0.5086465943841962,0.30000000000000004,True,correct,ECOM,44,True,correct,Q3
74,36635,True,1,208409750,0.08298870285630154,0.07614983759617942,0.006838865260122118,0.30000000000000004,False,missing_match,ECOM,44,False,missing_match,Q1
75,34553,True,1,204793356,0.9264916904639069,0.05319967027013756,0.8732920201937693,0.30000000000000004,True,correct,ECOM,44,True,correct,Q4
76,552,True,1,90132241,0.7748345315074544,0.12393790016500186,0.6508966313424526,0.30000000000000004,True,correct,ECOM,44,True,correct,Q3
77,32488,True,1,206179525,0.4018672963106002,0.16113894746458413,0.24072834884601607,0.30000000000000004,True,correct,ECOM,44,True,correct,Q2
78,23864,True,1,204636071,0.6614432930202198,0.012501461572687111,0.6489418314475326,0.30000000000000004,True,correct,ECOM,44,False,missing_match,Q3
79,36859,True,1,210399849,0.8426652282865545,0.014181789079908618,0.8284834392066459,0.30000000000000004,True,correct,ECOM,44,True,correct,Q4
80,27810,True,1,204563770,0.7600152839337213,0.5853991933579864,0.1746160905757349,0.30000000000000004,True,correct,ECOM,44,True,correct,Q2
81,33931,True,1,207391017,0.9565847676260202,0.47893706042567497,0.4776477072003452,0.30000000000000004,True,correct,ECOM,44,True,correct,Q3
82,34174,True,1,205817784,0.7521299099474245,0.017349159865116842,0.7347807500823076,0.30000000000000004,True,correct,ECOM,44,True,correct,Q4
83,28304,True,1,203405814,0.7676930218985015,0.008040733508394755,0.7596522883901068,0.30000000000000004,True,correct,ECOM,44,True,correct,Q4
84,20447,True,1,90128026,0.7599552606593223,0.043977031357138124,0.7159782293021841,0.30000000000000004,True,correct,ECOM,44,True,correct,Q3
85,34961,True,1,204792885,0.10638742435704236,0.06459742771293557,0.04178999664410679,0.30000000000000004,False,missing_match,ECOM,44,False,missing_match,Q1
86,580,True,1,202812620,0.2676212590207242,0.012330953357004171,0.25529030566372,0.30000000000000004,False,missing_match,ECOM,44,False,missing_match,Q2
87,35680,True,1,208156276,0.8674009640990343,0.019528541743329166,0.8478724223557051,0.30000000000000004,True,correct,ECOM,44,True,correct,Q4
88,26805,True,1,203900180,0.7860333735639454,0.09702115463013634,0.689012218933809,0.30000000000000004,True,correct,ECOM,44,True,correct,Q3
89,32990,True,1,206928604,0.3031990931671404,0.07680008771647688,0.2263990054506635,0.30000000000000004,True,false_link,ECOM,44,True,false_link,Q2
90,5644,True,1,203023505,0.9051337208350758,0.06563492650852586,0.83949879432655,0.30000000000000004,True,correct,ECOM,44,True,correct,Q4
91,36636,True,1,206783256,0.8173708675014558,0.49661991615090256,0.32075095135055326,0.30000000000000004,True,correct,ECOM,44,True,correct,Q2
92,14070,True,1,203915639,0.014695486952827493,0.008362569237737413,0.00633291771509008,0.30000000000000004,False,missing_match,ECOM,44,False,missing_match,Q1
93,33595,True,1,208294724,0.8266344623528101,0.5897112434432173,0.23692321890959278,0.30000000000000004,True,false_link,ECOM,44,True,false_link,Q2
94,32384,True,1,202989028,0.6452440806637852,0.048829305743286956,0.5964147749204983,0.30000000000000004,True,correct,ECOM,44,True,correct,Q3
95,36027,True,1,203396159,0.8546288636673582,0.33666802515846206,0.5179608385088962,0.30000000000000004,True,correct,ECOM,44,True,correct,Q3
96,33948,True,1,207391018,0.8583875010044775,0.05020183036213345,0.808185670642344,0.30000000000000004,True,correct,ECOM,44,True,correct,Q4
97,34905,True,1,207514568,0.8676772195447174,0.06609455878083223,0.8015826607638852,0.30000000000000004,True,correct,ECOM,44,True,correct,Q4
98,18087,True,1,203150909,0.6322692411219211,0.05364073017810005,0.5786285109438211,0.30000000000000004,True,correct,ECOM,44,True,correct,Q3
99,18567,True,1,208456203,0.6218364636212071,0.18949819170903137,0.4323382719121758,0.30000000000000004,True,correct,ECOM,44,True,correct,Q2
100,32906,True,1,203324965,0.3178282286240212,0.2558372425233715,0.061990986100649736,0.30000000000000004,True,correct,ECOM,44,True,correct,Q1
101,33263,True,1,208105573,0.2684698633566853,0.019030500121025945,0.24943936323565938,0.30000000000000004,False,missing_match,ECOM,44,True,correct,Q2
102,14061,True,1,203025423,0.9388499564043404,0.01654806738274911,0.9223018890215913,0.30000000000000004,True,correct,ECOM,44,True,correct,Q4
103,38781,True,1,207920831,0.38589590726318806,0.011127064826980115,0.37476884243620795,0.30000000000000004,True,correct,ECOM,44,True,correct,Q2
104,38468,True,1,210435432,0.7288047033567057,0.004933487381122156,0.7238712159755835,0.30000000000000004,True,correct,ECOM,44,True,correct,Q4
105,31374,True,1,208455792,0.8948967511906628,0.8786823393615416,0.0162144118291212,0.30000000000000004,True,correct,ECOM,44,True,correct,Q1
106,37145,True,1,208941079,0.656252111264874,0.232207914717776,0.424044196547098,0.30000000000000004,True,false_link,ECOM,44,False,missing_match,Q2
107,34130,True,2,207900174,0.9449997550813024,0.13967014574678752,0.8053296093345149,0.30000000000000004,True,correct,ECOM,44,True,correct,Q4
108,27985,True,1,204740191,0.36795956203738933,0.020369981682314606,0.3475895803550747,0.30000000000000004,True,correct,ECOM,44,True,correct,Q2
109,29304,True,1,206901618,0.0754998694684453,0.03896901899770115,0.03653085047074414,0.30000000000000004,False,missing_match,ECOM,44,True,correct,Q1
110,35990,True,1,204049431,0.42711251804310035,0.018082760651649293,0.4090297573914511,0.30000000000000004,True,correct,ECOM,44,False,missing_match,Q2
111,37322,True,1,209307663,0.8922853746314824,0.04126620735335546,0.8510191672781269,0.30000000000000004,True,correct,ECOM,44,True,correct,Q4
112,35981,True,1,207539418,0.9537647456748195,0.0018693746364420781,0.9518953710383774,0.30000000000000004,True,correct,ECOM,44,True,correct,Q4
113,24386,True,1,203340101,0.5302483306443503,0.2116342252063915,0.31861410543795876,0.30000000000000004,True,correct,ECOM,44,True,correct,Q2
114,33966,True,1,205561996,0.015200342139674082,0.009263034179121065,0.005937307960553017,0.30000000000000004,False,missing_match,ECOM,44,True,correct,Q1
115,35014,True,1,208117937,0.23769680668156878,0.23769680668156878,0.0,0.30000000000000004,False,missing_match,ECOM,44,False,missing_match,Q1
116,37211,True,1,209310260,0.575252983938403,0.05997319060914773,0.5152797933292552,0.30000000000000004,True,correct,ECOM,44,True,correct,Q3
117,37606,True,1,10353206,0.974718333060101,0.7130058423474336,0.26171249071266744,0.30000000000000004,True,correct,ECOM,44,True,correct,Q2
118,29823,True,1,204792884,0.90118458053758,0.42951074628427677,0.4716738342533032,0.30000000000000004,True,correct,ECOM,44,False,missing_match,Q3
119,35987,True,1,207464939,0.45207493840875435,0.027716829772247174,0.4243581086365072,0.30000000000000004,True,correct,ECOM,44,False,missing_match,Q2
120,31284,True,1,204049534,0.369031932078834,0.014132343077769028,0.354899589001065,0.30000000000000004,True,correct,ECOM,44,False,missing_match,Q2
121,33532,True,1,204071217,0.6693969240423604,0.07515453569631986,0.5942423883460406,0.30000000000000004,True,correct,ECOM,44,True,correct,Q3
122,34009,True,1,207595882,0.9683058394638175,0.6848088519877292,0.2834969874760883,0.30000000000000004,True,correct,ECOM,44,True,correct,Q2
123,37808,True,1,204740188,0.7770487720762622,0.44374760024818816,0.33330117182807406,0.30000000000000004,True,correct,ECOM,44,True,correct,Q2
124,6742,True,1,202845629,0.8884949283703673,0.03852747395422878,0.8499674544161385,0.30000000000000004,True,correct,ECOM,44,True,correct,Q4
125,35388,True,1,208294724,0.8188936422416169,0.5365552506279595,0.28233839161365737,0.30000000000000004,True,correct,ECOM,44,True,correct,Q2
126,23325,True,2,202456903,0.8658273378765858,0.019698138704667703,0.8461291991719181,0.30000000000000004,True,correct,ECOM,44,True,correct,Q4
127,38767,True,1,204154429,0.9174258614991752,0.029648345400082425,0.8877775160990927,0.30000000000000004,True,correct,ECOM,44,True,correct,Q4
128,34976,True,1,208504300,0.9224021690509917,0.2978196490816793,0.6245825199693125,0.30000000000000004,True,correct,ECOM,44,True,correct,Q3
129,27391,True,1,204791643,0.8856184010108061,0.07620503668670109,0.809413364324105,0.30000000000000004,True,correct,ECOM,44,True,correct,Q4
130,36022,True,1,208226697,0.07013794919646944,0.048521108948778625,0.021616840247690818,0.30000000000000004,False,missing_match,ECOM,44,True,correct,Q1
131,37803,True,1,207875395,0.9214395085034053,0.8617280138810274,0.0597114946223779,0.30000000000000004,True,correct,ECOM,44,True,correct,Q1
132,23651,True,1,202784323,0.7340006190814349,0.007073877714136184,0.7269267413672987,0.30000000000000004,True,correct,ECOM,44,True,correct,Q4
133,35175,True,1,204792876,0.02206233101830677,0.020238971364871627,0.0018233596534351429,0.30000000000000004,False,missing_match,ECOM,44,False,missing_match,Q1
134,34719,True,1,207543188,0.7255298065383996,0.04219656971875705,0.6833332368196425,0.30000000000000004,True,correct,ECOM,44,True,correct,Q3
135,22100,True,1,201953026,0.1524232371473916,0.062191703839154344,0.09023153330823724,0.30000000000000004,False,missing_match,ECOM,44,True,false_link,Q1
136,27857,True,1,204035273,0.955037961714466,0.21607705140471348,0.7389609103097525,0.30000000000000004,True,correct,ECOM,44,True,correct,Q4
137,28340,True,1,208456185,0.1579988546244802,0.09568336516466254,0.06231548945981767,0.30000000000000004,False,missing_match,ECOM,44,False,missing_match,Q1
138,17872,True,1,90145561,0.6766758704278957,0.547398756544941,0.1292771138829547,0.30000000000000004,True,correct,ECOM,44,True,correct,Q1
139,33569,True,1,207388760,0.5576796676988712,0.41919489828192474,0.13848476941694648,0.30000000000000004,True,false_link,ECOM,44,True,correct,Q1
140,37825,True,1,205505156,0.927526386258141,0.17600991919221426,0.7515164670659267,0.30000000000000004,True,correct,ECOM,44,True,correct,Q4
141,31332,True,1,205761272,0.808085574907308,0.004917485230915587,0.8031680896763924,0.30000000000000004,True,correct,ECOM,44,True,correct,Q4
142,28978,True,1,204519849,0.40193040085292214,0.22069948084405894,0.1812309200088632,0.30000000000000004,True,correct,ECOM,44,True,correct,Q2
143,34899,True,1,207959814,0.739050440930535,0.07562269437226307,0.6634277465582719,0.30000000000000004,True,correct,ECOM,44,True,correct,Q3
144,25950,True,1,202870170,0.7534942513680835,0.04352255955386968,0.7099716918142138,0.30000000000000004,True,correct,ECOM,44,True,correct,Q3
145,27793,True,1,204292472,0.3216259267488962,0.28348772289643226,0.038138203852463914,0.30000000000000004,True,false_link,ECOM,44,True,false_link,Q1
146,31392,True,1,205753566,0.6971793028216461,0.009314527605343723,0.6878647752163024,0.30000000000000004,True,correct,ECOM,44,True,correct,Q3
147,23965,True,1,203322272,0.8470181673948608,0.007811942794364995,0.8392062246004958,0.30000000000000004,True,correct,ECOM,44,True,correct,Q4
148,37749,True,1,210399743,0.7263466974441573,0.09877992067907894,0.6275667767650783,0.30000000000000004,True,correct,ECOM,44,True,correct,Q3
149,32405,True,1,203938179,0.9566301136504466,0.6050085414348957,0.3516215722155509,0.30000000000000004,True,correct,ECOM,44,True,correct,Q2
150,29273,True,1,202070807,0.9577169007922964,0.058187487311131283,0.8995294134811651,0.30000000000000004,True,correct,ECOM,44,True,correct,Q4
151,39039,True,1,210490135,0.7670228190701962,0.0985877034496584,0.6684351156205378,0.30000000000000004,True,correct,ECOM,44,True,correct,Q3
152,38492,True,1,206725966,0.7935595009917958,0.01465734794704418,0.7789021530447516,0.30000000000000004,True,correct,ECOM,44,True,correct,Q4
153,27975,True,1,10360978,0.876890628815786,0.6955889273408286,0.1813017014749575,0.30000000000000004,True,correct,ECOM,44,True,correct,Q2
154,29008,True,1,204792886,0.7830397485362474,0.18992422403070924,0.5931155245055382,0.30000000000000004,True,correct,ECOM,44,False,missing_match,Q3
155,38726,True,1,204080936,0.576643395624834,0.09212996295029138,0.4845134326745426,0.30000000000000004,True,correct,ECOM,44,True,correct,Q3
156,37231,True,1,209114390,0.604903453484754,0.003519558864528875,0.6013838946202251,0.30000000000000004,True,correct,ECOM,44,True,correct,Q3
157,35216,True,1,208294701,0.908929425285745,0.012151272684814425,0.8967781526009306,0.30000000000000004,True,correct,ECOM,44,True,correct,Q4
158,37183,True,1,209656949,0.8199787076816024,0.12773887677368265,0.6922398309079197,0.30000000000000004,True,correct,ECOM,44,True,correct,Q3
159,34454,True,1,207390180,0.5221199031931,0.017221236984998337,0.5048986662081016,0.30000000000000004,True,correct,ECOM,44,True,correct,Q3
160,34666,True,1,207388758,0.7687487938623644,0.6146872625775116,0.15406153128485278,0.30000000000000004,True,false_link,ECOM,44,True,false_link,Q1
161,33439,True,1,207464920,0.9367608097803546,0.8891105704710219,0.047650239309332654,0.30000000000000004,True,correct,ECOM,44,True,correct,Q1
162,35305,True,1,207637793,0.6003262167807032,0.029525218954022988,0.5708009978266803,0.30000000000000004,True,correct,ECOM,44,True,correct,Q3
163,36364,True,1,208226700,0.1451786528519384,0.14350142535815166,0.001677227493786737,0.30000000000000004,False,missing_match,ECOM,44,True,correct,Q1
164,35194,True,1,208504297,0.9355271470291365,0.18114654225656115,0.7543806047725754,0.30000000000000004,True,correct,ECOM,44,True,correct,Q4
165,26137,True,1,204272122,0.7813679518029333,0.0050617639322029185,0.7763061878707304,0.30000000000000004,True,correct,ECOM,44,True,correct,Q4
166,33175,True,1,207542598,0.9123022881226133,0.3008039051560663,0.611498382966547,0.30000000000000004,True,correct,ECOM,44,True,correct,Q3
167,19141,True,1,90145586,0.9346490379289423,0.09091386454132286,0.8437351733876194,0.30000000000000004,True,correct,ECOM,44,True,correct,Q4
168,23246,True,2,90146847,0.8404800351235092,0.6396041211241127,0.20087591399939653,0.30000000000000004,True,correct,ECOM,44,True,correct,Q2
169,24153,True,1,208715855,0.729362009866211,0.02173224126713295,0.7076297685990781,0.30000000000000004,True,correct,ECOM,44,True,correct,Q3
170,32628,True,1,207554111,0.7963910730502122,0.01450522024625449,0.7818858528039577,0.30000000000000004,True,correct,ECOM,44,False,missing_match,Q4
171,31176,True,1,205844279,0.22820278769698624,0.14000441851215573,0.08819836918483051,0.30000000000000004,False,missing_match,ECOM,44,True,correct,Q1
172,36450,True,1,209393872,0.8682681385981588,0.1429709804464717,0.725297158151687,0.30000000000000004,True,correct,ECOM,44,True,correct,Q4
173,28149,True,1,204792886,0.1374746176838947,0.11458642151832857,0.022888196165566144,0.30000000000000004,False,missing_match,ECOM,44,False,missing_match,Q1
174,34361,True,1,207642497,0.28124198645164966,0.03363718647593222,0.24760479997571744,0.30000000000000004,False,missing_match,ECOM,44,True,correct,Q2
175,38944,True,1,201965217,0.9122875909764537,0.03904896901867688,0.8732386219577768,0.30000000000000004,True,correct,ECOM,44,True,correct,Q4
176,38777,True,1,206917816,0.10850880178861867,0.103778103709024,0.00473069807959467,0.30000000000000004,False,missing_match,ECOM,44,False,missing_match,Q1
177,19112,True,1,90148541,0.8390553675024748,0.1814251398247729,0.6576302276777019,0.30000000000000004,True,correct,ECOM,44,True,correct,Q3
178,16877,True,1,202434158,0.9701083740823904,0.062247132294435736,0.9078612417879546,0.30000000000000004,True,correct,ECOM,44,True,correct,Q4
179,37767,True,1,204588748,0.9743170720112515,0.018277593320327794,0.9560394786909238,0.30000000000000004,True,correct,ECOM,44,True,correct,Q4
180,35190,True,1,208117918,0.8946038602824186,0.8185438225840407,0.07606003769837788,0.30000000000000004,True,correct,ECOM,44,True,correct,Q1
181,34496,True,1,207978102,0.9539178455573698,0.05821300093139272,0.8957048446259771,0.30000000000000004,True,correct,ECOM,44,True,correct,Q4
182,34895,True,1,208504345,0.8749589126152177,0.6979869986959504,0.17697191391926737,0.30000000000000004,True,correct,ECOM,44,True,correct,Q2
183,18516,True,1,202045862,0.20914459421116186,0.1761367916854602,0.03300780252570165,0.30000000000000004,False,missing_match,ECOM,44,True,correct,Q1
184,37539,True,1,208670548,0.8867693546081743,0.03178456973920504,0.8549847848689692,0.30000000000000004,True,correct,ECOM,44,True,correct,Q4
185,38400,True,1,209208547,0.9607169023225383,0.02723143449995235,0.9334854678225859,0.30000000000000004,True,correct,ECOM,44,True,correct,Q4
186,32005,True,1,202899998,0.871239498629755,0.017380981361294047,0.853858517268461,0.30000000000000004,True,correct,ECOM,44,True,correct,Q4
187,33472,True,1,205777549,0.8817871838107999,0.7343938462772347,0.1473933375335652,0.30000000000000004,True,correct,ECOM,44,True,correct,Q1
188,27194,True,1,204318283,0.4497785479528851,0.2475903347916204,0.20218821316126467,0.30000000000000004,True,correct,ECOM,44,True,correct,Q2
189,35219,True,1,208504334,0.8418217439193002,0.3467015698947189,0.4951201740245813,0.30000000000000004,True,correct,ECOM,44,True,correct,Q3
190,32874,True,1,202870172,0.7278335954653263,0.4559149929451503,0.271918602520176,0.30000000000000004,True,false_link,ECOM,44,True,correct,Q2
191,30957,True,1,202046565,0.9881578264537602,0.36839852886347435,0.6197592975902858,0.30000000000000004,True,correct,ECOM,44,True,correct,Q3
192,36812,True,1,210399819,0.5277630062521376,0.009043437879443674,0.5187195683726938,0.30000000000000004,True,correct,ECOM,44,True,correct,Q3
193,38511,True,1,210460676,0.9479283920037482,0.4037034226567305,0.5442249693470178,0.30000000000000004,True,correct,ECOM,44,True,correct,Q3
194,38796,True,1,209310279,0.9374339466084813,0.00896137961489336,0.9284725669935879,0.30000000000000004,True,correct,ECOM,44,True,correct,Q4
195,34298,True,1,207543193,0.47694703881930584,0.3254868874587551,0.15146015136055074,0.30000000000000004,True,correct,ECOM,44,False,missing_match,Q1
196,36931,True,1,208370418,0.8427983023153744,0.16400853201972898,0.6787897702956455,0.30000000000000004,True,correct,ECOM,44,True,correct,Q3
197,38455,True,1,202104453,0.9491214346453923,0.2794183412900698,0.6697030933553225,0.30000000000000004,True,correct,ECOM,44,True,correct,Q3
198,34947,True,1,208114686,0.29337324164472073,0.2090541944508041,0.08431904719391664,0.30000000000000004,False,missing_match,ECOM,44,False,missing_match,Q1
199,33522,True,2,207654106,0.3286452250682695,0.2964909884579161,0.03215423661035338,0.30000000000000004,True,correct,ECOM,44,True,correct,Q1
200,32546,True,1,202003159,0.9646312474979805,0.022198488763915874,0.9424327587340646,0.30000000000000004,True,correct,ECOM,44,True,correct,Q4
201,35024,True,1,208156878,0.017092395240070085,0.017092395240070085,0.0,0.30000000000000004,False,missing_match,ECOM,44,False,missing_match,Q1
202,34476,True,1,206888012,0.03602136065633525,0.009420232057853313,0.02660112859848194,0.30000000000000004,False,missing_match,ECOM,44,True,correct,Q1
203,16394,True,1,203111424,0.7737865801273095,0.031401044495638755,0.7423855356316708,0.30000000000000004,True,correct,ECOM,44,True,correct,Q4
204,33537,True,1,206898358,0.8175324725630952,0.09775081946349261,0.7197816530996026,0.30000000000000004,True,correct,ECOM,44,True,correct,Q4
205,33998,True,1,208112354,0.8896897651623626,0.8192496747249883,0.07044009043737431,0.30000000000000004,True,correct,ECOM,44,True,correct,Q1
206,30453,True,1,207390309,0.4265808193295571,0.0083607409481578,0.4182200783813993,0.30000000000000004,True,correct,ECOM,44,True,correct,Q2
207,37354,True,1,207390184,0.3352752960809321,0.022549920468452306,0.3127253756124798,0.30000000000000004,True,correct,ECOM,44,False,missing_match,Q2
208,37859,True,1,210399745,0.5961618188895448,0.23831577103169385,0.3578460478578509,0.30000000000000004,True,correct,ECOM,44,True,correct,Q2
209,35111,True,1,201701865,0.01210259495692236,0.009254952709984826,0.002847642246937534,0.30000000000000004,False,missing_match,ECOM,44,True,correct,Q1
210,25797,True,1,204416098,0.05823054155186295,0.05229210350678049,0.005938438045082456,0.30000000000000004,False,missing_match,ECOM,44,False,missing_match,Q1
211,35415,True,1,206827757,0.9078037016551219,0.3781897916999895,0.5296139099551325,0.30000000000000004,True,correct,ECOM,44,True,correct,Q3
212,32228,True,1,203136113,0.12057934424745996,0.043053737699593725,0.07752560654786624,0.30000000000000004,False,missing_match,ECOM,44,False,missing_match,Q1
213,22212,True,1,90131741,0.882829952391831,0.06074173019283448,0.8220882221989966,0.30000000000000004,True,correct,ECOM,44,True,correct,Q4
214,29392,True,1,204295637,0.9341966967572568,0.04217686201267767,0.8920198347445791,0.30000000000000004,True,correct,ECOM,44,True,correct,Q4
215,38278,True,1,206725964,0.8365721562014949,0.10106355004965098,0.735508606151844,0.30000000000000004,True,correct,ECOM,44,True,correct,Q4
216,35851,True,1,206462228,0.9543678057365361,0.010981008391322544,0.9433867973452136,0.30000000000000004,True,correct,ECOM,44,True,correct,Q4
217,33765,True,1,208455897,0.6804038605115545,0.5313159550619242,0.14908790544963035,0.30000000000000004,True,correct,ECOM,44,True,false_link,Q1
218,38173,True,1,210441817,0.5153308495422887,0.05171600745682462,0.46361484208546405,0.30000000000000004,True,correct,ECOM,44,True,correct,Q3
219,34095,True,1,207653548,0.956150037280074,0.08291962341330947,0.8732304138667645,0.30000000000000004,True,correct,ECOM,44,True,correct,Q4
220,33160,True,1,207390655,0.8148980478168392,0.11454726304230647,0.7003507847745327,0.30000000000000004,True,correct,ECOM,44,True,correct,Q3
221,35044,True,1,208504370,0.9788324058623938,0.5289195190923766,0.4499128867700173,0.30000000000000004,True,correct,ECOM,44,True,correct,Q2
222,19631,True,1,202812646,0.04887529069925815,0.008236746168355114,0.04063854453090304,0.30000000000000004,False,missing_match,ECOM,44,False,missing_match,Q1
223,34091,True,1,207686156,0.9489316725401038,0.13620873782995277,0.812722934710151,0.30000000000000004,True,correct,ECOM,44,True,correct,Q4
224,33971,True,1,207391020,0.22884431254049192,0.004464990597776914,0.224379321942715,0.30000000000000004,False,missing_match,ECOM,44,True,correct,Q2
225,34392,True,1,206362747,0.18749321365764177,0.11182036319098206,0.07567285046665971,0.30000000000000004,False,missing_match,ECOM,44,True,correct,Q1
226,38831,True,1,201854347,0.02518659809840374,0.021499129329859614,0.003687468768544127,0.30000000000000004,False,missing_match,ECOM,44,False,missing_match,Q1
227,36029,True,1,202785722,0.9762271480799577,0.0877428459794723,0.8884843021004853,0.30000000000000004,True,correct,ECOM,44,True,correct,Q4
228,27407,True,1,203930685,0.3809922939206522,0.003107939368937351,0.3778843545517149,0.30000000000000004,True,correct,ECOM,44,True,correct,Q2
229,35035,True,1,208156878,0.06279878423957296,0.06279878423957296,0.0,0.30000000000000004,False,missing_match,ECOM,44,True,false_link,Q1
230,34659,True,1,208504191,0.2120082034240285,0.09471728140187438,0.11729092202215413,0.30000000000000004,False,missing_match,ECOM,44,True,correct,Q1
231,34370,True,1,207390706,0.8845868176378878,0.1855038892601377,0.6990829283777501,0.30000000000000004,True,correct,ECOM,44,True,correct,Q3
232,33758,True,1,207910212,0.9583791742050572,0.927504958579041,0.03087421562601622,0.30000000000000004,True,correct,ECOM,44,True,correct,Q1
233,35052,True,1,207897840,0.9711782235861373,0.00638782832626512,0.9647903952598721,0.30000000000000004,True,correct,ECOM,44,True,correct,Q4
234,32560,True,1,207540310,0.5430117881477301,0.35862617870358376,0.18438560944414634,0.30000000000000004,True,correct,ECOM,44,True,correct,Q2
235,28980,True,1,204559211,0.9351382644247407,0.2022691951567382,0.7328690692680024,0.30000000000000004,True,correct,ECOM,44,True,correct,Q4
236,22558,True,1,10412590,0.9013669086811438,0.045152836299748506,0.8562140723813952,0.30000000000000004,True,correct,ECOM,44,True,correct,Q4
237,28982,True,1,204559208,0.9189814859640747,0.5621305391485409,0.35685094681553375,0.30000000000000004,True,correct,ECOM,44,True,correct,Q2
238,27853,True,1,202985798,0.9098166637112524,0.024935976416322905,0.8848806872949294,0.30000000000000004,True,correct,ECOM,44,True,correct,Q4
239,33669,True,1,206917814,0.3647930132750096,0.20903575917982875,0.15575725409518087,0.30000000000000004,True,false_link,ECOM,44,True,false_link,Q1
240,20459,True,1,201953025,0.06025893594253158,0.04641725073749497,0.013841685205036612,0.30000000000000004,False,missing_match,ECOM,44,True,correct,Q1
241,34393,True,1,206362748,0.3935070921915787,0.19490304177543785,0.19860405041614085,0.30000000000000004,True,correct,ECOM,44,True,correct,Q2
242,37198,True,1,209656957,0.9153447229801754,0.05399717775470303,0.8613475452254724,0.30000000000000004,True,correct,ECOM,44,True,correct,Q4
243,38208,True,1,207527632,0.8419631328672628,0.07868745136760946,0.7632756814996533,0.30000000000000004,True,correct,ECOM,44,True,correct,Q4
244,34256,True,1,206888011,0.2390266046466793,0.05075613620568864,0.18827046844099066,0.30000000000000004,False,missing_match,ECOM,44,True,correct,Q2
245,36169,True,2,90145444,0.12375329397455127,0.10015041548876573,0.023602878485785544,0.30000000000000004,False,missing_match,ECOM,44,False,missing_match,Q1
246,29338,True,1,202143947,0.8815983419522488,0.09718375783829145,0.7844145841139574,0.30000000000000004,True,correct,ECOM,44,True,correct,Q4
247,37039,True,1,208504461,0.7351328730467603,0.020633846461820836,0.7144990265849395,0.30000000000000004,True,correct,ECOM,44,True,correct,Q3
248,38231,True,1,201744288,0.9319137296922667,0.05109021045309428,0.8808235192391725,0.30000000000000004,True,correct,ECOM,44,True,correct,Q4
249,33478,True,1,208154550,0.9439541236657597,0.8242032200121696,0.11975090365359009,0.30000000000000004,True,correct,ECOM,44,True,correct,Q1
250,25990,True,1,203915639,0.7401720991440891,0.07054702388126591,0.6696250752628232,0.30000000000000004,True,correct,ECOM,44,True,correct,Q3
251,19204,True,1,207653535,0.583299287468577,0.4826955174038328,0.10060377006474414,0.30000000000000004,True,false_link,ECOM,44,True,correct,Q1
252,25905,True,1,202479418,0.31942209128376337,0.028112525494763993,0.29130956578899936,0.30000000000000004,True,correct,ECOM,44,True,correct,Q2
253,39088,True,1,205074757,0.8617948196242552,0.027328010134325797,0.8344668094899294,0.30000000000000004,True,correct,ECOM,44,True,correct,Q4
254,36123,True,1,208504432,0.7817901069231444,0.14652338680378882,0.6352667201193556,0.30000000000000004,True,correct,ECOM,44,True,correct,Q3
255,36270,True,1,208742932,0.8493514065889608,0.05844904670143747,0.7909023598875233,0.30000000000000004,True,correct,ECOM,44,True,correct,Q4
256,18564,True,1,208456203,0.4573160237453255,0.2818181024012275,0.17549792134409797,0.30000000000000004,True,false_link,ECOM,44,True,false_link,Q2
257,36001,True,1,208504423,0.7061627438522488,0.20137326312213497,0.5047894807301138,0.30000000000000004,True,correct,ECOM,44,True,correct,Q3
258,26563,True,1,202125720,0.30930100870516847,0.04186978228327142,0.26743122642189704,0.30000000000000004,True,correct,ECOM,44,True,correct,Q2
259,25814,True,1,202973396,0.491923728166517,0.46216364517331315,0.029760082993203874,0.30000000000000004,True,correct,ECOM,44,True,correct,Q1
260,38473,True,1,10333846,0.9498968526174884,0.2129301772212294,0.7369666753962589,0.30000000000000004,True,correct,ECOM,44,True,correct,Q4
261,27840,True,1,203379249,0.30889914515616884,0.12038302216831565,0.1885161229878532,0.30000000000000004,True,correct,ECOM,44,False,missing_match,Q2
262,38295,True,1,210258472,0.9423724457335684,0.0925825216970966,0.8497899240364718,0.30000000000000004,True,correct,ECOM,44,True,correct,Q4
263,32744,True,1,204832843,0.9229407479265177,0.3986114109571716,0.524329336969346,0.30000000000000004,True,correct,ECOM,44,True,correct,Q3
264,35525,True,1,207543201,0.673750635537292,0.22870506623033487,0.4450455693069571,0.30000000000000004,True,correct,ECOM,44,True,correct,Q2
265,32033,True,1,204465488,0.9536418996643239,0.27135617815597846,0.6822857215083454,0.30000000000000004,True,correct,ECOM,44,True,correct,Q3
266,33999,True,1,208112358,0.6859464446616373,0.23007757136345947,0.4558688732981779,0.30000000000000004,True,correct,ECOM,44,True,correct,Q2
267,36909,True,1,208656497,0.19287419463156696,0.040932659210471734,0.15194153542109523,0.30000000000000004,False,missing_match,ECOM,44,False,missing_match,Q1
268,36052,True,1,90142591,0.7995067076408781,0.011951104828537394,0.7875556028123407,0.30000000000000004,True,correct,ECOM,44,True,correct,Q4
269,17479,True,1,90145972,0.8654248609998648,0.2933982883496764,0.5720265726501884,0.30000000000000004,True,correct,ECOM,44,True,correct,Q3
270,26929,True,1,203651765,0.7606426408604693,0.05726774074309799,0.7033749001173712,0.30000000000000004,True,correct,ECOM,44,True,correct,Q3
271,34854,True,1,209297157,0.8678138858271133,0.06763496128187306,0.8001789245452402,0.30000000000000004,True,correct,ECOM,44,True,correct,Q4
272,34727,True,1,207666379,0.9357859090253805,0.22275381166482788,0.7130320973605526,0.30000000000000004,True,correct,ECOM,44,True,correct,Q3
273,28148,True,1,204792886,0.1755651468456045,0.1393197848156626,0.03624536202994191,0.30000000000000004,False,missing_match,ECOM,44,False,missing_match,Q1
274,34301,True,1,206615080,0.9687058947871586,0.8870946532998871,0.0816112414872715,0.30000000000000004,True,correct,ECOM,44,True,correct,Q1
275,38735,True,1,203329570,0.8644785962682214,0.4388030185889835,0.4256755776792379,0.30000000000000004,True,correct,ECOM,44,True,correct,Q2
276,34379,True,1,208112355,0.8030040865280194,0.6346564038574755,0.1683476826705439,0.30000000000000004,True,correct,ECOM,44,True,correct,Q2
277,29238,True,1,204206937,0.33661688989315086,0.09674893975933718,0.23986795013381368,0.30000000000000004,True,correct,ECOM,44,True,correct,Q2
278,26059,True,1,203870569,0.674853474906956,0.4513891796482889,0.22346429525866712,0.30000000000000004,True,correct,ECOM,44,True,correct,Q2
279,37045,True,1,208791919,0.6637207272240833,0.3279839311888266,0.33573679603525663,0.30000000000000004,True,correct,ECOM,44,True,correct,Q2
280,38920,True,1,206870284,0.9519149626555519,0.6950007518127483,0.2569142108428035,0.30000000000000004,True,correct,ECOM,44,True,correct,Q2
281,34754,True,1,207543196,0.6982292312173791,0.4062245151846511,0.29200471603272804,0.30000000000000004,True,false_link,ECOM,44,True,correct,Q2
282,38587,True,1,201692677,0.18632706719248188,0.1408300462821036,0.04549702091037827,0.30000000000000004,False,missing_match,ECOM,44,True,correct,Q1
283,38474,True,1,10343605,0.8328517780074115,0.007992684142218761,0.8248590938651927,0.30000000000000004,True,correct,ECOM,44,True,correct,Q4
284,18040,True,1,203151779,0.06650309440246882,0.02286103840190568,0.043642056000563145,0.30000000000000004,False,missing_match,ECOM,44,False,missing_match,Q1
285,32653,True,1,205888207,0.9545584247172226,0.0463292624300802,0.9082291622871425,0.30000000000000004,True,correct,ECOM,44,True,correct,Q4
286,35308,True,1,208270234,0.6328547548496495,0.02940083160969367,0.6034539232399558,0.30000000000000004,True,correct,ECOM,44,True,correct,Q3
287,16741,True,1,201959840,0.9387483006060248,0.18084168936619044,0.7579066112398343,0.30000000000000004,True,correct,ECOM,44,True,correct,Q4
288,37120,True,1,209114551,0.8581358517185855,0.43290610575851973,0.4252297459600658,0.30000000000000004,True,correct,ECOM,44,True,correct,Q2
289,16758,True,1,90137168,0.2549085065858683,0.0023627400057705415,0.25254576658009775,0.30000000000000004,False,missing_match,ECOM,44,False,missing_match,Q2
290,25167,True,1,203324800,0.8561132688033657,0.03660239148574392,0.8195108773176217,0.30000000000000004,True,correct,ECOM,44,True,correct,Q4
291,34031,True,1,207910213,0.8937327966647532,0.056770024795530824,0.8369627718692224,0.30000000000000004,True,correct,ECOM,44,True,correct,Q4
292,33278,True,1,206808441,0.3559085334948237,0.3463072196085615,0.00960131388626223,0.30000000000000004,True,correct,ECOM,44,True,correct,Q1
293,34894,True,1,208504340,0.8294256296097711,0.7338226558139724,0.09560297379579863,0.30000000000000004,True,correct,ECOM,44,True,correct,Q1
294,34266,True,1,207900180,0.826861756494279,0.07231142921130272,0.7545503272829762,0.30000000000000004,True,correct,ECOM,44,True,correct,Q4
295,37650,True,1,209122924,0.7920706350756018,0.20822285116421843,0.5838477839113834,0.30000000000000004,True,correct,ECOM,44,False,missing_match,Q3
296,20453,True,1,201953021,0.2829895615741663,0.04838178625926913,0.23460777531489718,0.30000000000000004,False,missing_match,ECOM,44,True,correct,Q2
297,31373,True,1,208455791,0.8786946577420357,0.8702707181016728,0.00842393964036292,0.30000000000000004,True,correct,ECOM,44,True,correct,Q1
298,33972,True,1,204556588,0.5745388695608945,0.018554331739679596,0.5559845378212149,0.30000000000000004,True,correct,ECOM,44,False,missing_match,Q3
299,14563,True,1,205106045,0.20559508891700568,0.11947594691758627,0.0861191419994194,0.30000000000000004,False,missing_match,ECOM,44,True,correct,Q1
300,36084,True,1,205664938,0.6312663047894074,0.27684065639348876,0.3544256483959186,0.30000000000000004,True,correct,ECOM,44,True,correct,Q2
301,38640,True,1,209890560,0.7616549969590409,0.015133031369956243,0.7465219655890847,0.30000000000000004,True,correct,ECOM,44,True,correct,Q4
302,34153,True,1,207465587,0.943647282401352,0.4887475615012102,0.4548997209001418,0.30000000000000004,True,correct,ECOM,44,True,correct,Q2
303,33601,True,1,204071217,0.36684790583592175,0.11498480254632502,0.2518631032895967,0.30000000000000004,True,false_link,ECOM,44,True,correct,Q2
304,38323,True,1,205664966,0.5334576653409592,0.49853731553533254,0.03492034980562664,0.30000000000000004,True,false_link,ECOM,44,True,correct,Q1
305,38939,True,1,204823067,0.4350428828104615,0.026277226264705814,0.4087656565457557,0.30000000000000004,True,correct,ECOM,44,True,correct,Q2
306,26861,True,1,203388612,0.9121539606230009,0.2994882375473802,0.6126657230756207,0.30000000000000004,True,correct,ECOM,44,True,correct,Q3
307,33496,True,1,206928384,0.8933053405533026,0.856955057731194,0.036350282822108615,0.30000000000000004,True,correct,ECOM,44,True,correct,Q1
308,38522,True,1,210267015,0.7133757640478149,0.03614237633378673,0.6772333877140282,0.30000000000000004,True,correct,ECOM,44,True,correct,Q3
309,34151,True,1,206854516,0.842818912657231,0.26125600940423827,0.5815629032529928,0.30000000000000004,True,correct,ECOM,44,True,correct,Q3
310,38475,True,1,10140760,0.773867150346285,0.020340371983427617,0.7535267783628573,0.30000000000000004,True,correct,ECOM,44,True,correct,Q4
311,37421,True,1,209896693,0.5885827927570981,0.005656845048569183,0.5829259477085289,0.30000000000000004,True,correct,ECOM,44,True,correct,Q3
312,39176,True,1,10380060,0.05111418857877309,0.01849759907973577,0.03261658949903732,0.30000000000000004,False,missing_match,ECOM,44,False,missing_match,Q1
313,37254,True,1,209199789,0.6359497660763831,0.1440258824858413,0.4919238835905418,0.30000000000000004,True,correct,ECOM,44,True,correct,Q3
314,29950,True,1,204559209,0.8459179945266496,0.7358142715938494,0.11010372293280024,0.30000000000000004,True,false_link,ECOM,44,True,correct,Q1
315,34150,True,1,207514563,0.7039684830003119,0.1633594988138,0.5406089841865119,0.30000000000000004,True,correct,ECOM,44,True,correct,Q3
316,29880,True,1,206728281,0.35776737689307253,0.004572429148654242,0.3531949477444183,0.30000000000000004,True,correct,ECOM,44,True,correct,Q2
317,35019,True,1,208156878,0.026021983425741146,0.026021983425741146,0.0,0.30000000000000004,False,missing_match,ECOM,44,False,missing_match,Q1
318,34724,True,1,207666382,0.964050698144545,0.6313633014908315,0.3326873966537135,0.30000000000000004,True,correct,ECOM,44,True,correct,Q2
319,38142,True,1,206928388,0.898996672605321,0.13131595694070505,0.7676807156646159,0.30000000000000004,True,correct,ECOM,44,True,correct,Q4
320,38106,True,1,202026554,0.963785727611258,0.30938524140402446,0.6544004862072336,0.30000000000000004,True,correct,ECOM,44,True,correct,Q3
321,36243,True,1,206678505,0.8852245899104035,0.18739259090719065,0.6978319990032129,0.30000000000000004,True,correct,ECOM,44,True,correct,Q3
322,28175,True,1,204318286,0.7589697253505667,0.2674266641497598,0.49154306120080693,0.30000000000000004,True,correct,ECOM,44,True,correct,Q3
323,30962,True,1,205599985,0.7933662958581221,0.2312772486557548,0.5620890472023673,0.30000000000000004,True,correct,ECOM,44,True,false_link,Q3
324,35186,True,1,208117919,0.895259006915024,0.8828124301086672,0.012446576806356857,0.30000000000000004,True,correct,ECOM,44,True,correct,Q1
325,38345,True,1,208890628,0.9262522472902079,0.21240075802520922,0.7138514892649988,0.30000000000000004,True,correct,ECOM,44,True,correct,Q3
326,36993,True,1,206928378,0.6808961899065124,0.08554436684615112,0.5953518230603613,0.30000000000000004,True,correct,ECOM,44,True,correct,Q3
327,34848,True,1,208117930,0.07098070869426086,0.07098070869426086,0.0,0.30000000000000004,False,missing_match,ECOM,44,False,missing_match,Q1
328,34119,True,1,207514567,0.9122641236284204,0.11879359792079097,0.7934705257076293,0.30000000000000004,True,correct,ECOM,44,True,correct,Q4
329,33271,True,1,206808431,0.9223394489283263,0.8357086493963162,0.08663079953201014,0.30000000000000004,True,correct,ECOM,44,True,correct,Q1
330,34363,True,1,206892902,0.4179218125282223,0.007168101231158545,0.4107537112970638,0.30000000000000004,True,correct,ECOM,44,True,correct,Q2
331,34263,True,1,207897315,0.7736406686143104,0.5444153400418118,0.22922532857249855,0.30000000000000004,True,correct,ECOM,44,True,correct,Q2
332,37856,True,1,210252385,0.5113119437469918,0.0764568977203187,0.43485504602667313,0.30000000000000004,True,correct,ECOM,44,True,correct,Q2
333,37477,True,1,209634135,0.757962567640581,0.5834750083021853,0.17448755933839566,0.30000000000000004,True,correct,ECOM,44,True,correct,Q2
334,15046,True,1,209297200,0.8850663517022622,0.03051841851725851,0.8545479331850037,0.30000000000000004,True,correct,ECOM,44,True,correct,Q4
335,38096,True,1,207391434,0.9690823452306009,0.027747399683486124,0.9413349455471147,0.30000000000000004,True,correct,ECOM,44,True,correct,Q4
336,38619,True,1,202985806,0.9165047820124218,0.16350612541825027,0.7529986565941715,0.30000000000000004,True,correct,ECOM,44,True,correct,Q4
337,37474,True,1,209310245,0.8618128037230796,0.7970889309295247,0.06472387279355485,0.30000000000000004,True,correct,ECOM,44,True,correct,Q1
338,38388,True,1,210399777,0.7993533363294996,0.016642903984915875,0.7827104323445837,0.30000000000000004,True,correct,ECOM,44,True,correct,Q4
339,34860,True,1,208114664,0.05842497931195728,0.05520904050344209,0.003215938808515194,0.30000000000000004,False,missing_match,ECOM,44,False,missing_match,Q1
340,32431,True,1,202827677,0.6232379300783631,0.06856242682655986,0.5546755032518033,0.30000000000000004,True,correct,ECOM,44,False,missing_match,Q3
341,33272,True,1,209273200,0.5416977553643858,0.2026522547163346,0.33904550064805117,0.30000000000000004,True,correct,ECOM,44,True,correct,Q2
342,35623,True,1,207514417,0.7591970777881273,0.026255858800881857,0.7329412189872454,0.30000000000000004,True,correct,ECOM,44,True,correct,Q4
343,33476,True,1,208504178,0.9336876417508964,0.7500770512008237,0.18361059055007267,0.30000000000000004,True,correct,ECOM,44,True,correct,Q2
344,17596,True,1,90139261,0.800093352297488,0.20806959294804142,0.5920237593494466,0.30000000000000004,True,correct,ECOM,44,True,correct,Q3
345,6493,True,1,203017999,0.9248763396611254,0.03054946605043956,0.8943268736106859,0.30000000000000004,True,correct,ECOM,44,True,correct,Q4
346,30159,True,1,208033486,0.9061988775424605,0.7559694879358458,0.1502293896066147,0.30000000000000004,True,correct,ECOM,44,True,correct,Q1
347,37405,True,1,208973561,0.10362516877719638,0.03109894765336162,0.07252622112383476,0.30000000000000004,False,missing_match,ECOM,44,False,missing_match,Q1
348,34609,True,1,207543190,0.6516874048942185,0.3381208573797654,0.3135665475144531,0.30000000000000004,True,correct,ECOM,44,True,correct,Q2
349,35022,True,1,208156878,0.028607626865338114,0.028607626865338114,0.0,0.30000000000000004,False,missing_match,ECOM,44,False,missing_match,Q1
350,36458,True,1,208237795,0.24892830742767333,0.13241615282862837,0.11651215459904496,0.30000000000000004,False,missing_match,ECOM,44,True,correct,Q1
351,22306,True,1,202291459,0.9219899932913906,0.13320313529012423,0.7887868580012665,0.30000000000000004,True,correct,ECOM,44,True,correct,Q4
352,24921,True,1,203340806,0.2635693967607345,0.05033432733670305,0.21323506942403142,0.30000000000000004,False,missing_match,ECOM,44,True,correct,Q2
353,17417,True,1,90120953,0.15338214871794698,0.02843255206105156,0.12494959665689542,0.30000000000000004,False,missing_match,ECOM,44,True,correct,Q1
354,38399,True,1,210479062,0.4308148022698492,0.03228305415726061,0.39853174811258857,0.30000000000000004,True,correct,ECOM,44,True,correct,Q2
355,20534,True,1,203022202,0.39167474685165216,0.006556218304638136,0.385118528547014,0.30000000000000004,True,correct,ECOM,44,True,correct,Q2
356,38003,True,1,210404123,0.9201990020197204,0.15731270818114454,0.7628862938385759,0.30000000000000004,True,correct,ECOM,44,True,correct,Q4
357,38483,True,1,204407682,0.9052513975174762,0.7179820979997281,0.18726929951774807,0.30000000000000004,True,false_link,ECOM,44,True,correct,Q2
358,33643,True,1,206928605,0.3473130972875339,0.049114321863122576,0.2981987754244113,0.30000000000000004,True,correct,ECOM,44,True,correct,Q2
359,36789,True,1,208154853,0.00395771295966492,0.003036843230440268,0.000920869729224652,0.30000000000000004,False,missing_match,ECOM,44,False,missing_match,Q1
360,34928,True,1,208117930,0.15281660180364354,0.15281660180364354,0.0,0.30000000000000004,False,missing_match,ECOM,44,False,missing_match,Q1
361,33464,True,1,210245837,0.8157576750034452,0.011610296533476679,0.8041473784699685,0.30000000000000004,True,correct,ECOM,44,True,correct,Q4
362,35282,True,1,207937987,0.6912994441946146,0.027093718286480977,0.6642057259081336,0.30000000000000004,True,correct,ECOM,44,True,correct,Q3
363,32986,True,1,206179521,0.8654052350764513,0.1855876358234058,0.6798175992530455,0.30000000000000004,True,correct,ECOM,44,True,correct,Q3
364,34156,True,1,203952966,0.9387540287632233,0.9064365488665563,0.032317479896667,0.30000000000000004,True,false_link,ECOM,44,True,correct,Q1
365,21175,True,1,10412788,0.9149000996003123,0.44036998508374947,0.4745301145165628,0.30000000000000004,True,correct,ECOM,44,True,correct,Q3
366,23097,True,2,202635701,0.8823140946834209,0.4548861951059526,0.42742789957746835,0.30000000000000004,True,correct,ECOM,44,True,correct,Q2
367,37308,True,1,209901965,0.6166502546349629,0.32661081853465346,0.29003943610030947,0.30000000000000004,True,correct,ECOM,44,True,correct,Q2
368,35903,True,1,205769439,0.8801789088767867,0.4167582920142475,0.4634206168625392,0.30000000000000004,True,correct,ECOM,44,True,correct,Q3
369,33044,True,1,203514305,0.5291832736909557,0.03919226072356889,0.48999101296738684,0.30000000000000004,True,correct,ECOM,44,True,correct,Q3
370,35034,True,1,208504369,0.9785496670044239,0.5755367992923768,0.40301286771204714,0.30000000000000004,True,correct,ECOM,44,True,correct,Q2
371,32889,True,1,208085178,0.5513494868234005,0.17680163677937322,0.37454785004402724,0.30000000000000004,True,correct,ECOM,44,True,correct,Q2
372,38108,True,1,208893661,0.11686165314665709,0.02078732231737099,0.0960743308292861,0.30000000000000004,False,missing_match,ECOM,44,True,correct,Q1
373,38693,True,1,208710842,0.7236856948353468,0.3321178833087993,0.3915678115265475,0.30000000000000004,True,correct,ECOM,44,True,correct,Q2
374,36127,True,1,210402579,0.9351497002043294,0.019133210803746303,0.9160164894005831,0.30000000000000004,True,correct,ECOM,44,True,correct,Q4
375,26350,True,1,202537952,0.9656049143297389,0.7851689886450928,0.18043592568464617,0.30000000000000004,True,correct,ECOM,44,True,correct,Q2
376,34286,True,1,207945552,0.6828886878748927,0.01987844555027357,0.6630102423246191,0.30000000000000004,True,correct,ECOM,44,True,correct,Q3
377,36796,True,1,208154853,0.009240273093331648,0.004093674399266247,0.005146598694065401,0.30000000000000004,False,missing_match,ECOM,44,False,missing_match,Q1
378,34624,True,1,207934191,0.8182313343726587,0.3281226129223622,0.4901087214502965,0.30000000000000004,True,correct,ECOM,44,True,correct,Q3
379,32315,True,1,205083968,0.9125150218192375,0.6967565525360585,0.215758469283179,0.30000000000000004,True,correct,ECOM,44,True,correct,Q2
380,33645,True,1,206928607,0.6655649377074474,0.07064879804870856,0.5949161396587388,0.30000000000000004,True,correct,ECOM,44,True,correct,Q3
381,32059,True,1,205131849,0.0835219552390299,0.010130754795907552,0.07339120044312235,0.30000000000000004,False,missing_match,ECOM,44,True,correct,Q1
382,35237,True,1,207686035,0.18476006613588944,0.05987089729860018,0.12488916883728926,0.30000000000000004,False,missing_match,ECOM,44,True,correct,Q1
383,36451,True,1,208237792,0.08985240529332295,0.06509103276046838,0.02476137253285457,0.30000000000000004,False,missing_match,ECOM,44,True,correct,Q1
384,35183,True,1,208117918,0.8590818167284109,0.8344838700237298,0.024597946704681073,0.30000000000000004,True,false_link,ECOM,44,True,false_link,Q1
385,29007,True,1,204792885,0.8954558926337711,0.5810846056909044,0.31437128694286676,0.30000000000000004,True,correct,ECOM,44,True,correct,Q2
386,38644,True,1,208344063,0.13193177606268236,0.001779337447556605,0.13015243861512577,0.30000000000000004,False,missing_match,ECOM,44,True,correct,Q1
387,36746,True,1,208930717,0.45935760141216603,0.18812044895814575,0.27123715245402025,0.30000000000000004,True,correct,ECOM,44,True,correct,Q2
388,36061,True,1,208791922,0.8635950448062705,0.08188931294960275,0.7817057318566677,0.30000000000000004,True,correct,ECOM,44,True,correct,Q4
389,26615,True,1,206780877,0.08034155521555113,0.04262210771623,0.03771944749932113,0.30000000000000004,False,missing_match,ECOM,44,False,missing_match,Q1
390,28225,True,1,205592439,0.328607873730697,0.15714763498493925,0.17146023874575775,0.30000000000000004,True,correct,ECOM,44,True,correct,Q2
391,28350,True,1,204206935,0.09743242878787034,0.05828917848120425,0.03914325030666609,0.30000000000000004,False,missing_match,ECOM,44,True,correct,Q1
392,38098,True,1,209026630,0.8075370357030157,0.009585911843742887,0.7979511238592728,0.30000000000000004,True,correct,ECOM,44,True,correct,Q4
393,37360,True,1,202784323,0.6870253022924677,0.006485676797495846,0.6805396254949718,0.30000000000000004,True,correct,ECOM,44,True,correct,Q3
394,33591,True,1,207388754,0.6559315519617399,0.11101913932752835,0.5449124126342115,0.30000000000000004,True,correct,ECOM,44,True,correct,Q3
395,37196,True,1,209656956,0.9258203192171987,0.07715097949827213,0.8486693397189266,0.30000000000000004,True,correct,ECOM,44,True,correct,Q4
396,38826,True,1,208294970,0.6321245835462911,0.13880582362435775,0.4933187599219333,0.30000000000000004,True,correct,ECOM,44,False,missing_match,Q3
397,29825,True,1,205985716,0.31535077031978087,0.26886829571574433,0.04648247460403654,0.30000000000000004,True,false_link,ECOM,44,False,missing_match,Q1
398,38466,True,1,206576716,0.9456503659780069,0.18693297609456402,0.7587173898834428,0.30000000000000004,True,correct,ECOM,44,True,correct,Q4
399,39179,True,1,10365096,0.9237190785959289,0.27739248364545477,0.6463265949504742,0.30000000000000004,True,correct,ECOM,44,True,correct,Q3
400,13580,True,1,90125772,0.9072641801032129,0.39511636572089137,0.5121478143823215,0.30000000000000004,True,correct,ECOM,44,True,correct,Q3
401,37623,True,1,208809705,0.8055655966658943,0.7854920886909504,0.020073507974943894,0.30000000000000004,True,correct,ECOM,44,True,correct,Q1
402,32563,True,1,206615085,0.9731358742741388,0.9109979656848095,0.06213790858932933,0.30000000000000004,True,correct,ECOM,44,True,correct,Q1
403,34904,True,1,208294927,0.8108881618091361,0.7536857955160348,0.05720236629310138,0.30000000000000004,True,correct,ECOM,44,True,correct,Q1
404,35800,True,1,208504190,0.5975566773614082,0.002490421000081638,0.5950662563613265,0.30000000000000004,True,correct,ECOM,44,True,correct,Q3
405,35872,True,1,207937885,0.21381304110019203,0.05450908456517881,0.15930395653501322,0.30000000000000004,False,missing_match,ECOM,44,False,missing_match,Q1
406,37078,True,1,210399915,0.9153867300047428,0.08458603935557361,0.8308006906491692,0.30000000000000004,True,correct,ECOM,44,True,correct,Q4
407,27137,True,1,204049780,0.6205578374358823,0.12749010581180603,0.4930677316240763,0.30000000000000004,True,correct,ECOM,44,True,correct,Q3
408,16309,True,1,203022472,0.9234151559935146,0.01012942575646045,0.9132857302370542,0.30000000000000004,True,correct,ECOM,44,True,correct,Q4
409,34963,True,1,204792885,0.1047410782133502,0.08120964967966876,0.02353142853368144,0.30000000000000004,False,missing_match,ECOM,44,False,missing_match,Q1
410,36197,True,1,207925440,0.6580561995963701,0.018986477741714296,0.6390697218546558,0.30000000000000004,True,correct,ECOM,44,True,correct,Q3
411,25788,True,1,203396327,0.9550818557642087,0.1335669574210694,0.8215148983431393,0.30000000000000004,True,correct,ECOM,44,True,correct,Q4
412,19358,True,1,90144996,0.4653922290919858,0.09377239648541727,0.3716198326065685,0.30000000000000004,True,correct,ECOM,44,True,false_link,Q2
413,33936,True,1,207391019,0.8000233425250585,0.08214567794960362,0.7178776645754549,0.30000000000000004,True,correct,ECOM,44,True,correct,Q3
414,38001,True,1,209871973,0.940549572980058,0.042776939421598104,0.8977726335584599,0.30000000000000004,True,correct,ECOM,44,True,correct,Q4
415,26082,True,1,204274660,0.8116722041290745,0.11786309891775297,0.6938091052113216,0.30000000000000004,True,correct,ECOM,44,True,correct,Q3
416,25113,True,1,207910387,0.6505025875648363,0.271561387186717,0.37894120037811924,0.30000000000000004,True,correct,ECOM,44,True,correct,Q2
417,36264,True,1,209000383,0.5081681150307509,0.08550855406987216,0.4226595609608787,0.30000000000000004,True,correct,ECOM,44,True,correct,Q2
418,34135,True,1,207900170,0.9103745496875095,0.16507409091429165,0.7453004587732179,0.30000000000000004,True,correct,ECOM,44,True,correct,Q4
419,38813,True,1,209301534,0.6009039691137353,0.08053401557052155,0.5203699535432138,0.30000000000000004,True,correct,ECOM,44,True,correct,Q3
420,29816,True,1,208455891,0.6576378685665264,0.07450226985156805,0.5831355987149583,0.30000000000000004,True,correct,ECOM,44,True,correct,Q3
421,23837,True,1,202635467,0.7150701049037425,0.01708069666444614,0.6979894082392963,0.30000000000000004,True,correct,ECOM,44,True,correct,Q3
422,34831,True,1,207682339,0.11896171820537513,0.015919088658209065,0.10304262954716606,0.30000000000000004,False,missing_match,ECOM,44,True,correct,Q1
423,35018,True,1,207900343,0.7490163135916692,0.5163857903975061,0.2326305231941631,0.30000000000000004,True,correct,ECOM,44,True,correct,Q2
424,6726,True,1,203111433,0.9591642666016165,0.008393638839561861,0.9507706277620546,0.30000000000000004,True,correct,ECOM,44,True,correct,Q4
425,33723,True,1,206356234,0.8969845397213717,0.04219970350553266,0.854784836215839,0.30000000000000004,True,correct,ECOM,44,True,correct,Q4
426,37558,True,1,205690063,0.7473788386262149,0.18323856125477536,0.5641402773714396,0.30000000000000004,True,correct,ECOM,44,True,correct,Q3
427,34960,True,1,208455896,0.7537064931910843,0.10684733915276126,0.6468591540383231,0.30000000000000004,True,correct,ECOM,44,True,correct,Q3
428,31830,True,1,205557539,0.8911167475817166,0.05703965599131804,0.8340770915903986,0.30000000000000004,True,correct,ECOM,44,True,correct,Q4
429,22242,True,1,203198950,0.4850501462616078,0.024870869613800636,0.46017927664780717,0.30000000000000004,True,correct,ECOM,44,True,correct,Q2
430,33670,True,1,206917814,0.6898292594194911,0.06861399479327147,0.6212152646262197,0.30000000000000004,True,correct,ECOM,44,True,correct,Q3
431,33536,True,1,206898357,0.7718726594553907,0.033213710697155806,0.7386589487582349,0.30000000000000004,True,correct,ECOM,44,True,correct,Q4
432,28205,True,1,204419878,0.8407168749455,0.4612188890879777,0.37949798585752226,0.30000000000000004,True,correct,ECOM,44,True,correct,Q2
433,23635,True,1,202900002,0.06104648125470493,0.008586494587029626,0.052459986667675304,0.30000000000000004,False,missing_match,ECOM,44,False,missing_match,Q1
434,35031,True,1,208156878,0.0725375488296552,0.0725375488296552,0.0,0.30000000000000004,False,missing_match,ECOM,44,False,missing_match,Q1
435,35045,True,1,207986331,0.7612709468418235,0.1911409182724588,0.5701300285693647,0.30000000000000004,True,correct,ECOM,44,True,correct,Q3
436,30951,True,1,205599985,0.3916783345812491,0.2566859354046529,0.13499239917659622,0.30000000000000004,True,false_link,ECOM,44,True,correct,Q1
437,37796,True,1,210239335,0.9197851751451854,0.4797673481992083,0.44001782694597713,0.30000000000000004,True,correct,ECOM,44,True,correct,Q2
438,26346,True,1,202537952,0.8990366694381122,0.8806129420125548,0.018423727425557423,0.30000000000000004,True,false_link,ECOM,44,True,correct,Q1
439,37807,True,1,207682397,0.9569957203013628,0.5548305618392197,0.40216515846214307,0.30000000000000004,True,correct,ECOM,44,True,correct,Q2
440,37052,True,1,208941075,0.6119392298589753,0.4354305796432395,0.1765086502157358,0.30000000000000004,True,false_link,ECOM,44,True,correct,Q2
441,36142,True,1,207907548,0.43366333556792247,0.0542496333336688,0.3794137022342537,0.30000000000000004,True,correct,ECOM,44,False,missing_match,Q2
442,37192,True,1,209656955,0.9126615267529692,0.07459732879867549,0.8380641979542937,0.30000000000000004,True,correct,ECOM,44,True,correct,Q4
443,34937,True,1,208114682,0.20316485922237537,0.0505765339115337,0.15258832531084165,0.30000000000000004,False,missing_match,ECOM,44,False,missing_match,Q1
444,16774,True,1,90139860,0.1516815585433916,0.0177370157390105,0.13394454280438112,0.30000000000000004,False,missing_match,ECOM,44,False,missing_match,Q1
445,34708,True,1,208186248,0.26333216457553366,0.035173724808022756,0.2281584397675109,0.30000000000000004,False,missing_match,ECOM,44,False,missing_match,Q2
446,34723,True,1,207666380,0.949111756820502,0.5001736156119021,0.4489381412085999,0.30000000000000004,True,correct,ECOM,44,True,correct,Q2
447,29231,True,1,204206936,0.1819554123928592,0.02562987936514627,0.15632553302771293,0.30000000000000004,False,missing_match,ECOM,44,True,correct,Q1
448,32893,True,1,208085182,0.8367940800115333,0.25820340803802355,0.5785906719735098,0.30000000000000004,True,correct,ECOM,44,True,correct,Q3
449,33924,True,1,208111904,0.7970982578021538,0.28898740434845527,0.5081108534536986,0.30000000000000004,True,correct,ECOM,44,True,correct,Q3
450,21875,True,1,201700823,0.4478543695011343,0.05866171149986456,0.38919265800126973,0.30000000000000004,True,correct,ECOM,44,True,correct,Q2
451,36295,True,1,90128026,0.7387208548142329,0.0633841620579298,0.6753366927563031,0.30000000000000004,True,correct,ECOM,44,True,correct,Q3
452,32877,True,1,204297424,0.24027320509304978,0.03898689851896631,0.20128630657408347,0.30000000000000004,False,missing_match,ECOM,44,True,correct,Q2
453,36988,True,1,209253739,0.6230188016769252,0.0747102535121285,0.5483085481647968,0.30000000000000004,True,correct,ECOM,44,True,correct,Q3
454,38451,True,1,205817166,0.6878123369618188,0.35054355515241065,0.3372687818094081,0.30000000000000004,True,correct,ECOM,44,True,correct,Q2
455,36021,True,1,208226693,0.16821740184980996,0.09429856898717721,0.07391883286263275,0.30000000000000004,False,missing_match,ECOM,44,True,correct,Q1
456,36515,True,1,209687172,0.9511602285018347,0.005561830684656409,0.9455983978171782,0.30000000000000004,True,correct,ECOM,44,True,correct,Q4
457,35201,True,1,208504318,0.9394751527710914,0.17191672846739417,0.7675584243036973,0.30000000000000004,True,correct,ECOM,44,True,correct,Q4
458,37287,True,1,208937533,0.689766683075201,0.02491812963028876,0.6648485534449122,0.30000000000000004,True,correct,ECOM,44,True,correct,Q3
459,35552,True,1,206928359,0.48070605979574477,0.24916455871237578,0.231541501083369,0.30000000000000004,True,correct,ECOM,44,True,correct,Q2
460,19676,True,1,90145560,0.6080304881847338,0.11363482415489772,0.4943956640298361,0.30000000000000004,True,correct,ECOM,44,True,correct,Q3
461,34824,True,1,207390710,0.861129634864301,0.7123269199227487,0.1488027149415524,0.30000000000000004,True,correct,ECOM,44,True,correct,Q1
462,35054,True,1,202784218,0.8678533740966896,0.0031886804732407506,0.8646646936234489,0.30000000000000004,True,correct,ECOM,44,True,correct,Q4
463,33955,True,1,207391023,0.7336932395167588,0.026980694523853165,0.7067125449929056,0.30000000000000004,True,correct,ECOM,44,True,correct,Q3
464,34638,True,1,209934621,0.6510569464073673,0.5776252104648584,0.07343173594250896,0.30000000000000004,True,correct,ECOM,44,True,correct,Q1
465,33510,True,1,205516750,0.0918860049362631,0.00502158440081773,0.08686442053544537,0.30000000000000004,False,missing_match,ECOM,44,False,missing_match,Q1
466,28971,True,1,204679144,0.876919916019671,0.03818570755247779,0.8387342084671933,0.30000000000000004,True,correct,ECOM,44,True,correct,Q4
467,27501,True,1,203928709,0.9368526412012861,0.23662760793852564,0.7002250332627604,0.30000000000000004,True,correct,ECOM,44,True,correct,Q3
468,30206,True,1,204222662,0.2565185851715954,0.01780649157845335,0.23871209359314208,0.30000000000000004,False,missing_match,ECOM,44,False,missing_match,Q2
469,20458,True,1,201953021,0.588334101961931,0.023888157704965864,0.5644459442569651,0.30000000000000004,True,correct,ECOM,44,True,correct,Q3
470,33581,True,1,207388759,0.7149167010187588,0.369570934916536,0.34534576610222284,0.30000000000000004,True,correct,ECOM,44,True,correct,Q2
471,33326,True,1,207390641,0.7720816164969956,0.011975573384856383,0.7601060431121393,0.30000000000000004,True,correct,ECOM,44,True,correct,Q4
472,37142,True,1,209194241,0.522409368094389,0.23401574040678966,0.28839362768759935,0.30000000000000004,True,correct,ECOM,44,True,correct,Q2
473,25291,True,1,203308084,0.8881009346912068,0.2382757519940383,0.6498251826971685,0.30000000000000004,True,correct,ECOM,44,True,correct,Q3
474,21554,True,1,206460121,0.8879513620194669,0.04481187204282494,0.843139489976642,0.30000000000000004,True,correct,ECOM,44,True,correct,Q4
475,26241,True,1,208456199,0.8338612633736826,0.1379183887443401,0.6959428746293426,0.30000000000000004,True,correct,ECOM,44,True,correct,Q3
476,34751,True,1,207543189,0.6125081133276847,0.1924680769160462,0.42004003641163856,0.30000000000000004,True,correct,ECOM,44,True,correct,Q2
477,31273,True,1,203086857,0.929949317645881,0.1198945912145467,0.8100547264313342,0.30000000000000004,True,correct,ECOM,44,True,correct,Q4
478,32112,True,1,206356230,0.922871080998859,0.4881938067846529,0.43467727421420604,0.30000000000000004,True,correct,ECOM,44,True,correct,Q2
479,36446,True,1,208226698,0.6939726450495882,0.10959199731539308,0.5843806477341952,0.30000000000000004,True,correct,ECOM,44,True,correct,Q3
480,34897,True,1,208504421,0.8912857255506595,0.7157109232531369,0.17557480229752265,0.30000000000000004,True,correct,ECOM,44,True,correct,Q2
481,34076,True,1,207959750,0.793633814309125,0.2468020140250221,0.5468318002841029,0.30000000000000004,True,correct,ECOM,44,True,correct,Q3
482,32358,True,1,208295050,0.8691040828827494,0.679929274264075,0.18917480861867442,0.30000000000000004,True,correct,ECOM,44,True,correct,Q2
483,16112,True,1,202900041,0.8548354804259346,0.08322514964543862,0.771610330780496,0.30000000000000004,True,correct,ECOM,44,True,correct,Q4
484,34165,True,1,206928452,0.4425100106369851,0.003415339644002795,0.43909467099298227,0.30000000000000004,True,correct,ECOM,44,True,correct,Q2
485,18960,True,1,202067544,0.5177900037588665,0.04010691486609681,0.4776830888927697,0.30000000000000004,True,correct,ECOM,44,True,correct,Q3
486,33150,True,1,208105630,0.7927509532102477,0.28080628311206923,0.5119446700981785,0.30000000000000004,True,correct,ECOM,44,True,correct,Q3
487,34158,True,1,206895864,0.6155160314289235,0.044762584928875235,0.5707534465000483,0.30000000000000004,True,correct,ECOM,44,True,correct,Q3
488,33662,True,1,205521002,0.9111508410813532,0.02247824724187805,0.8886725938394752,0.30000000000000004,True,correct,ECOM,44,True,correct,Q4
489,37648,True,1,209122921,0.5909904247077561,0.08103823538510244,0.5099521893226536,0.30000000000000004,True,correct,ECOM,44,False,missing_match,Q3
490,30808,True,1,204345240,0.44204870966171683,0.02831752213778595,0.4137311875239309,0.30000000000000004,True,correct,ECOM,44,True,correct,Q2
491,25413,True,1,90049795,0.8954065382225326,0.13869333278563753,0.756713205436895,0.30000000000000004,True,correct,ECOM,44,True,correct,Q4
492,37469,True,1,209310248,0.5372958804703586,0.2523126364277717,0.2849832440425869,0.30000000000000004,True,correct,ECOM,44,True,correct,Q2
493,29032,True,1,205145879,0.8533881032982737,0.014178226340094273,0.8392098769581795,0.30000000000000004,True,correct,ECOM,44,True,correct,Q4
494,37646,True,1,209122918,0.5777002600565664,0.1498975283089267,0.4278027317476397,0.30000000000000004,True,correct,ECOM,44,False,missing_match,Q2
495,34126,True,1,203166120,0.7955659702420219,0.7093132598482222,0.08625271039379967,0.30000000000000004,True,correct,ECOM,44,True,correct,Q1
496,36172,True,1,207907535,0.17366693922939203,0.01152480847219584,0.1621421307571962,0.30000000000000004,False,missing_match,ECOM,44,False,missing_match,Q1
497,25111,True,1,203017912,0.8388344272855761,0.5234324431215939,0.31540198416398224,0.30000000000000004,True,correct,ECOM,44,True,correct,Q2
498,31881,True,1,203514371,0.9334967206250594,0.4511690490418772,0.4823276715831822,0.30000000000000004,True,correct,ECOM,44,True,correct,Q3
499,33566,True,1,207388752,0.7606678326888392,0.6433806158787356,0.11728721681010357,0.30000000000000004,True,correct,ECOM,44,True,correct,Q1
500,38704,True,1,209114575,0.9265767796827459,0.004712182626996158,0.9218645970557497,0.30000000000000004,True,correct,ECOM,44,True,correct,Q4
501,36456,True,1,208226692,0.08821526635693881,0.026956424124850744,0.061258842232088065,0.30000000000000004,False,missing_match,ECOM,44,True,correct,Q1
502,31970,True,1,206419131,0.8080018648465179,0.4142226270459266,0.3937792378005913,0.30000000000000004,True,correct,ECOM,44,True,correct,Q2
503,36471,True,1,209208661,0.901216240933355,0.09100184576653426,0.8102143951668207,0.30000000000000004,True,correct,ECOM,44,True,correct,Q4
504,32876,True,1,203870569,0.29212216373068534,0.28632572006592244,0.005796443664762896,0.30000000000000004,False,missing_match,ECOM,44,True,false_link,Q1
505,38486,True,1,205865187,0.9769900019174659,0.26078662767416205,0.7162033742433038,0.30000000000000004,True,correct,ECOM,44,True,correct,Q3
506,36969,True,1,203474227,0.06516049402560413,0.008170788582606836,0.05698970544299729,0.30000000000000004,False,missing_match,ECOM,44,False,missing_match,Q1
507,21267,True,1,203087865,0.0725121163578127,0.013462072886509488,0.05905004347130321,0.30000000000000004,False,missing_match,ECOM,44,False,missing_match,Q1
508,34056,True,1,209634135,0.31732859790214263,0.20696789589469822,0.11036070200744441,0.30000000000000004,True,false_link,ECOM,44,True,correct,Q1
509,33690,True,1,207391431,0.9641349664260739,0.10037492151099067,0.8637600449150832,0.30000000000000004,True,correct,ECOM,44,True,correct,Q4
510,25829,True,1,202827684,0.7857970893819607,0.1755099862329436,0.6102871031490171,0.30000000000000004,True,correct,ECOM,44,True,correct,Q3
511,33467,True,1,207542599,0.7951620151216205,0.34071120314064635,0.4544508119809742,0.30000000000000004,True,correct,ECOM,44,True,correct,Q2
512,32875,True,1,202870172,0.49543461958362267,0.19552976316801435,0.2999048564156083,0.30000000000000004,True,false_link,ECOM,44,True,false_link,Q2
513,33443,True,1,207390652,0.7895729931896592,0.055782372497061444,0.7337906206925978,0.30000000000000004,True,correct,ECOM,44,True,correct,Q4
514,32579,True,1,10388980,0.9005428066893038,0.022519356436941404,0.8780234502523624,0.30000000000000004,True,correct,ECOM,44,True,correct,Q4
515,36077,True,1,207900176,0.9625277170968177,0.11889974361632985,0.8436279734804879,0.30000000000000004,True,correct,ECOM,44,True,correct,Q4
516,35662,True,1,207535170,0.9329393722219022,0.727527749576185,0.2054116226457171,0.30000000000000004,True,correct,ECOM,44,True,correct,Q2
517,33630,True,1,207659194,0.952795467366494,0.2570300829309726,0.6957653844355214,0.30000000000000004,True,correct,ECOM,44,True,correct,Q3
518,27103,True,1,202985803,0.7050732220864394,0.27287812911463,0.4321950929718094,0.30000000000000004,True,correct,ECOM,44,True,correct,Q2
519,22101,True,1,201692665,0.2122843717165072,0.02410766242415128,0.18817670929235591,0.30000000000000004,False,missing_match,ECOM,44,True,correct,Q2
520,34004,True,1,207652055,0.8351047682700742,0.5430863824917287,0.2920183857783455,0.30000000000000004,True,correct,ECOM,44,True,correct,Q2
521,32027,True,1,210461432,0.7357233944068337,0.009739050300186427,0.7259843441066473,0.30000000000000004,True,correct,ECOM,44,True,correct,Q4
522,34559,True,1,207907555,0.02733967857489097,0.021557286601679024,0.005782391973211946,0.30000000000000004,False,missing_match,ECOM,44,True,correct,Q1
523,34969,True,1,208294720,0.8158174890428065,0.4298989007574221,0.3859185882853844,0.30000000000000004,True,correct,ECOM,44,True,correct,Q2
524,27771,True,1,202592070,0.43714621007771987,0.022183379947078054,0.41496283013064184,0.30000000000000004,True,correct,ECOM,44,True,correct,Q2
525,32512,True,1,205466519,0.7420049848920525,0.33864284255563276,0.4033621423364197,0.30000000000000004,True,correct,ECOM,44,True,correct,Q2
526,36957,True,1,207390709,0.9232268724718082,0.9028789739182033,0.02034789855360497,0.30000000000000004,True,correct,ECOM,44,True,correct,Q1
527,34309,True,1,208455893,0.7618894047765654,0.014129140163084372,0.747760264613481,0.30000000000000004,True,correct,ECOM,44,True,correct,Q4
528,17187,True,1,202041204,0.619143306622229,0.12353071497893581,0.49561259164329324,0.30000000000000004,True,correct,ECOM,44,True,correct,Q3
529,31924,True,1,206356232,0.9427416988244436,0.3990129832494693,0.5437287155749743,0.30000000000000004,True,correct,ECOM,44,True,correct,Q3
530,36361,True,1,208226695,0.3033115651348402,0.28836333278234516,0.014948232352495039,0.30000000000000004,True,false_link,ECOM,44,True,correct,Q1
531,37202,True,1,209656959,0.8770517516153106,0.051404599502473704,0.8256471521128369,0.30000000000000004,True,correct,ECOM,44,True,correct,Q4
532,34127,True,1,203165922,0.8046755901764506,0.784699442398373,0.019976147778077658,0.30000000000000004,True,correct,ECOM,44,True,correct,Q1
533,36811,True,1,208930714,0.6384043292372652,0.13190649361391843,0.5064978356233467,0.30000000000000004,True,correct,ECOM,44,True,correct,Q3
534,23537,True,1,203069939,0.9228148428504959,0.013103449222867049,0.9097113936276288,0.30000000000000004,True,correct,ECOM,44,True,correct,Q4
535,17653,True,1,206928607,0.009783901739438536,0.006042608093516143,0.0037412936459223925,0.30000000000000004,False,missing_match,ECOM,44,False,missing_match,Q1
536,38500,True,1,208787116,0.17515655572242414,0.008751438212866398,0.16640511750955775,0.30000000000000004,False,missing_match,ECOM,44,False,missing_match,Q1
537,37907,True,1,210227260,0.8265886110421581,0.05249256729559709,0.7740960437465609,0.30000000000000004,True,correct,ECOM,44,True,correct,Q4
538,29866,True,1,209297205,0.17469078239879868,0.10384429971992219,0.07084648267887649,0.30000000000000004,False,missing_match,ECOM,44,False,missing_match,Q1
539,38751,True,1,204389692,0.5973891238975487,0.011155148729252117,0.5862339751682966,0.30000000000000004,True,correct,ECOM,44,True,correct,Q3
540,36308,True,1,209000385,0.6216878901513903,0.004993103294916638,0.6166947868564736,0.30000000000000004,True,correct,ECOM,44,True,correct,Q3
