dataset,fraction,seed,role,scheme,record_index,ida,has_true_match,n_valid_matches,retained_idb,top1_idb,top1_is_any_valid,top1_score,top2_score,score_gap,threshold,declared,category,legacy_threshold,legacy_declared,legacy_category,direct_threshold,direct_threshold_sigmoid_equivalent,direct_declared,direct_category
DBLP,0.7,42,inner,bootstrap_OOB,0,conf/vldb/KoudasS03,True,2,F0VufxHFRP8J,F0VufxHFRP8J,True,0.9999805961646436,0.9359597379302184,0.0640208582344253,0.5000000000000001,True,correct,0.5000000000000001,True,correct,0.1,0.52497918747894,True,correct
DBLP,0.7,42,inner,bootstrap_OOB,1,conf/sigmod/Deutsch95,True,1,url:http://portal.acm.org/citation.cfm%3Fid%3D223784.223880,url:http://portal.acm.org/citation.cfm%3Fid%3D223784.223880,True,0.9999724540921002,0.0002288313200032,0.9997436227720968,0.5000000000000001,True,correct,0.5000000000000001,True,correct,0.1,0.52497918747894,True,correct
DBLP,0.7,42,inner,bootstrap_OOB,2,journals/vldb/Sarawagi01,True,1,Xx6kw0tCeQIJ,Xx6kw0tCeQIJ,True,0.9999816918145458,1.8632155159795603e-05,0.999963059659386,0.5000000000000001,True,correct,0.5000000000000001,True,correct,0.1,0.52497918747894,True,correct
DBLP,0.7,42,inner,bootstrap_OOB,3,journals/sigmod/X95a,False,0,,zWm1GKhwGeUJ,False,8.073223080442447e-06,7.3916712457109695e-06,6.815518347314773e-07,0.5000000000000001,False,unmatched_abstention,0.5000000000000001,False,unmatched_abstention,0.1,0.52497918747894,False,unmatched_abstention
DBLP,0.7,42,inner,bootstrap_OOB,4,conf/vldb/KangC02,True,1,gndV1O-oEkMJ,gndV1O-oEkMJ,True,0.9999847153311237,4.000479185222553e-06,0.9999807148519384,0.5000000000000001,True,correct,0.5000000000000001,True,correct,0.1,0.52497918747894,True,correct
DBLP,0.7,42,inner,bootstrap_OOB,5,journals/sigmod/GalianoM03,False,0,,gIKwrx708HMJ,False,0.9999794288469044,0.999772466217363,0.0002069626295413,0.5000000000000001,True,false_link,0.5000000000000001,True,false_link,0.1,0.52497918747894,True,false_link
DBLP,0.7,42,inner,bootstrap_OOB,6,conf/sigmod/SistlaW95,True,4,gLjn4f4f63wJ,KO3FcQ57_rkJ,True,0.9999854318129492,0.9999814007943362,4.031018613126491e-06,0.5000000000000001,True,correct,0.5000000000000001,True,correct,0.1,0.52497918747894,True,correct
DBLP,0.7,42,inner,bootstrap_OOB,7,conf/vldb/ChakrabartiDAR97,True,7,-2Ib1nqgXbcJ,QyBDbs7EpmsJ,True,0.9999871370369156,0.9999857838479284,1.3531889871964964e-06,0.5000000000000001,True,correct,0.5000000000000001,True,correct,0.1,0.52497918747894,True,correct
DBLP,0.7,42,inner,bootstrap_OOB,8,conf/vldb/FaloutsosMS96,True,2,j9sPZ8fYBJMJ,MxkjWOlLhlYJ,True,0.9999868665058222,0.9999709733885648,1.5893117257359535e-05,0.5000000000000001,True,correct,0.5000000000000001,True,correct,0.1,0.52497918747894,True,correct
DBLP,0.7,42,inner,bootstrap_OOB,9,conf/vldb/LakshmananJN00,True,1,1n7AY641YyAJ,1n7AY641YyAJ,True,0.9999902806382156,4.033358905126064e-06,0.9999862472793104,0.5000000000000001,True,correct,0.5000000000000001,True,correct,0.1,0.52497918747894,True,correct
DBLP,0.7,42,inner,bootstrap_OOB,10,journals/sigmod/Richey95,True,1,2p2A5_qGf5cJ,2p2A5_qGf5cJ,True,0.9999833010785744,4.150879511291412e-06,0.9999791501990632,0.5000000000000001,True,correct,0.5000000000000001,True,correct,0.1,0.52497918747894,True,correct
DBLP,0.7,42,inner,bootstrap_OOB,11,conf/sigmod/GravanoGT94,True,10,81oh7EDAYeoJ,H6fWl-cSuY4J,True,0.99998436619102,0.9999840982515884,2.679394316418282e-07,0.5000000000000001,True,correct,0.5000000000000001,True,correct,0.1,0.52497918747894,True,correct
DBLP,0.7,42,inner,bootstrap_OOB,12,conf/vldb/AnanthakrishnaCG02,True,2,FFKP2GRm2LEJ,FFKP2GRm2LEJ,True,0.9999867381283584,0.9999834511153246,3.2870130336482006e-06,0.5000000000000001,True,correct,0.5000000000000001,True,correct,0.1,0.52497918747894,True,correct
DBLP,0.7,42,inner,bootstrap_OOB,13,conf/vldb/DonjerkovicR99,True,3,4U31XD8P478J,Eq1w4LPv_igJ,True,0.999983693439421,0.999978998545631,4.694893789958243e-06,0.5000000000000001,True,correct,0.5000000000000001,True,correct,0.1,0.52497918747894,True,correct
DBLP,0.7,42,inner,bootstrap_OOB,14,conf/vldb/LuTD95,True,2,qX-uYKXVk7EJ,qX-uYKXVk7EJ,True,0.999986362816805,0.9999674090961566,1.895372064841805e-05,0.5000000000000001,True,correct,0.5000000000000001,True,correct,0.1,0.52497918747894,True,correct
DBLP,0.7,42,inner,bootstrap_OOB,15,conf/sigmod/GraySSU03,True,1,NnKrsx4j4pkJ,NnKrsx4j4pkJ,True,0.999973982670038,5.253737026813072e-06,0.9999687289330113,0.5000000000000001,True,correct,0.5000000000000001,True,correct,0.1,0.52497918747894,True,correct
DBLP,0.7,42,inner,bootstrap_OOB,16,conf/vldb/SattlerGS03,True,1,7y1DNkciIFQJ,7y1DNkciIFQJ,True,0.9999777135355168,3.324674056558117e-05,0.9999444667949512,0.5000000000000001,True,correct,0.5000000000000001,True,correct,0.1,0.52497918747894,True,correct
DBLP,0.7,42,inner,bootstrap_OOB,17,conf/vldb/FernandezSCMS03,True,2,FjmyLJQ2TrYJ,sn_R4N1q2SwJ,True,0.9999890082755084,0.9999688723294669,2.013594604144409e-05,0.5000000000000001,True,correct,0.5000000000000001,True,correct,0.1,0.52497918747894,True,correct
DBLP,0.7,42,inner,bootstrap_OOB,18,conf/sigmod/Fegaras98,True,1,XVtlJYx2G_wJ,XVtlJYx2G_wJ,True,0.9999650093961848,7.38209759500103e-06,0.9999576272985898,0.5000000000000001,True,correct,0.5000000000000001,True,correct,0.1,0.52497918747894,True,correct
DBLP,0.7,42,inner,bootstrap_OOB,19,journals/vldb/HuntAI02,True,1,LiYp5oaDwbMJ,LiYp5oaDwbMJ,True,0.99998603123454,4.510189227378797e-05,0.9999409293422662,0.5000000000000001,True,correct,0.5000000000000001,True,correct,0.1,0.52497918747894,True,correct
DBLP,0.7,42,inner,bootstrap_OOB,20,journals/vldb/ChienTZ02,True,1,j4wcclZqY0oJ,j4wcclZqY0oJ,True,0.9999886180622954,0.0004099723620979,0.9995786457001976,0.5000000000000001,True,correct,0.5000000000000001,True,correct,0.1,0.52497918747894,True,correct
DBLP,0.7,42,inner,bootstrap_OOB,21,conf/vldb/ChenL03,True,1,WaSgR87oMpcJ,WaSgR87oMpcJ,True,0.9999842067783348,4.001387291355869e-06,0.9999802053910436,0.5000000000000001,True,correct,0.5000000000000001,True,correct,0.1,0.52497918747894,True,correct
DBLP,0.7,42,inner,bootstrap_OOB,22,conf/sigmod/LeeKOTM00,True,1,C8RLbWKCgicJ,C8RLbWKCgicJ,True,0.9999859989860664,4.836460053086185e-06,0.9999811625260132,0.5000000000000001,True,correct,0.5000000000000001,True,correct,0.1,0.52497918747894,True,correct
DBLP,0.7,42,inner,bootstrap_OOB,23,conf/sigmod/GriffinL95,True,4,6QZGeKna5lgJ,RuYYq5xDgNYJ,True,0.9999237811728464,0.9997747551011932,0.0001490260716532,0.5000000000000001,True,correct,0.5000000000000001,True,correct,0.1,0.52497918747894,True,correct
DBLP,0.7,42,inner,bootstrap_OOB,24,conf/sigmod/SengarH03,True,1,7Mtanhr8EKoJ,7Mtanhr8EKoJ,True,0.99998240719257,9.426249639483066e-05,0.9998881446961752,0.5000000000000001,True,correct,0.5000000000000001,True,correct,0.1,0.52497918747894,True,correct
DBLP,0.7,42,inner,bootstrap_OOB,25,conf/sigmod/StoltePAG03,True,1,9WTNlminW6AJ,9WTNlminW6AJ,True,0.9999881094315768,4.120899207197528e-06,0.9999839885323696,0.5000000000000001,True,correct,0.5000000000000001,True,correct,0.1,0.52497918747894,True,correct
DBLP,0.7,42,inner,bootstrap_OOB,26,conf/sigmod/PapadiasTFS03,True,2,MkRJhOROQjsJ,PJ9152AhkuwJ,True,0.9999900412479914,0.999990025850456,1.539753546886402e-08,0.5000000000000001,True,correct,0.5000000000000001,True,correct,0.1,0.52497918747894,True,correct
DBLP,0.7,42,inner,bootstrap_OOB,27,conf/sigmod/Bierman03,True,1,vQcfluHWCeAJ,vQcfluHWCeAJ,True,0.9999693197271774,4.618188609351391e-06,0.999964701538568,0.5000000000000001,True,correct,0.5000000000000001,True,correct,0.1,0.52497918747894,True,correct
DBLP,0.7,42,inner,bootstrap_OOB,28,conf/vldb/SeligmanBNSW95,True,2,T6a86CQCuHoJ,url:http://portal.acm.org/citation.cfm%3Fid%3D645921.673303%26coll%3DGUIDE%26dl%3DACM%26CFID%3D11111111%26CFTOKEN%3D2222222,True,0.9999869132156328,0.9999845773736716,2.3358419611874126e-06,0.5000000000000001,True,correct,0.5000000000000001,True,correct,0.1,0.52497918747894,True,correct
DBLP,0.7,42,inner,bootstrap_OOB,29,journals/vldb/LaurentLSV01,True,1,TTIgIh9uC_YJ,TTIgIh9uC_YJ,True,0.999988592438495,3.952635781840818e-06,0.9999846398027132,0.5000000000000001,True,correct,0.5000000000000001,True,correct,0.1,0.52497918747894,True,correct
DBLP,0.7,42,inner,bootstrap_OOB,30,conf/sigmod/HuangSW94,True,2,5Chw6HN64vEJ,5Chw6HN64vEJ,True,0.9999844796399406,0.996163394527898,0.0038210851120427,0.5000000000000001,True,correct,0.5000000000000001,True,correct,0.1,0.52497918747894,True,correct
DBLP,0.7,42,inner,bootstrap_OOB,31,conf/sigmod/AgichteinGV01,True,2,GDoFPiEzEhQJ,GDoFPiEzEhQJ,True,0.9999886918500308,0.0082933315587497,0.9916953602912812,0.5000000000000001,True,correct,0.5000000000000001,True,correct,0.1,0.52497918747894,True,correct
DBLP,0.7,42,inner,bootstrap_OOB,32,journals/sigmod/KantM00,True,1,url:http://portal.acm.org/citation.cfm%3Fid%3D362084.362091%26dl%3DGUIDE%26dl%3DACM%26idx%3DJ689%26part%3Dperiodical%26WantType%3Dperiodical%26title%3DACM%2520SIGMOD%2520Record%26CFID%3D11111111%26CFTOKEN%3D2222222,url:http://portal.acm.org/citation.cfm%3Fid%3D362084.362091%26dl%3DGUIDE%26dl%3DACM%26idx%3DJ689%26part%3Dperiodical%26WantType%3Dperiodical%26title%3DACM%2520SIGMOD%2520Record%26CFID%3D11111111%26CFTOKEN%3D2222222,True,0.0152824405168782,4.454100271246314e-06,0.0152779864166069,0.5000000000000001,False,missing_match,0.5000000000000001,False,missing_match,0.1,0.52497918747894,False,missing_match
DBLP,0.7,42,inner,bootstrap_OOB,33,journals/sigmod/Kim99,False,0,,url:http://portal.acm.org/citation.cfm%3Fid%3D357775%26dl%3DGUIDE%26dl%3DACM%26type%3Dissue%26idx%3DJ777%26part%3Dperiodical%26WantType%3Dperiodical%26title%3DACM%2520Transactions%2520on%2520Database%2520Systems%2520(TODS)%26CFID%3D11111111%26CFTOKEN%3D2222222,False,0.001922519383102,5.269446818660955e-05,0.0018698249149154,0.5000000000000001,False,unmatched_abstention,0.5000000000000001,False,unmatched_abstention,0.1,0.52497918747894,False,unmatched_abstention
DBLP,0.7,42,inner,bootstrap_OOB,34,conf/sigmod/Tajima96,True,1,IZSzLlgi8tUJ,IZSzLlgi8tUJ,True,0.9999821254981234,7.121041692031662e-06,0.9999750044564314,0.5000000000000001,True,correct,0.5000000000000001,True,correct,0.1,0.52497918747894,True,correct
DBLP,0.7,42,inner,bootstrap_OOB,35,journals/sigmod/MeltonMJKS02,True,1,cvBAdEvcTSkJ,cvBAdEvcTSkJ,True,0.9999774687199432,5.8610989969191925e-05,0.999918857729974,0.5000000000000001,True,correct,0.5000000000000001,True,correct,0.1,0.52497918747894,True,correct
DBLP,0.7,42,inner,bootstrap_OOB,36,conf/vldb/PoosalaI96,True,1,NTlGMs3lqNEJ,NTlGMs3lqNEJ,True,0.9999885628638094,4.55017779937283e-06,0.99998401268601,0.5000000000000001,True,correct,0.5000000000000001,True,correct,0.1,0.52497918747894,True,correct
DBLP,0.7,42,inner,bootstrap_OOB,37,journals/sigmod/Winslett03,False,0,,8lafnpE84ocJ,False,0.0195722437793238,0.0065991397739116,0.0129731040054122,0.5000000000000001,False,unmatched_abstention,0.5000000000000001,False,unmatched_abstention,0.1,0.52497918747894,False,unmatched_abstention
DBLP,0.7,42,inner,bootstrap_OOB,38,conf/sigmod/AndersonAF98,True,1,_EbKUPc1jYAJ,_EbKUPc1jYAJ,True,0.9999831755977074,3.995553061101719e-06,0.9999791800446464,0.5000000000000001,True,correct,0.5000000000000001,True,correct,0.1,0.52497918747894,True,correct
DBLP,0.7,42,inner,bootstrap_OOB,39,conf/vldb/ChangG00,True,2,fIuGhhcZl-4J,fIuGhhcZl-4J,True,0.9999715040796542,0.9999312364714028,4.026760825137643e-05,0.5000000000000001,True,correct,0.5000000000000001,True,correct,0.1,0.52497918747894,True,correct
DBLP,0.7,42,inner,bootstrap_OOB,40,conf/sigmod/ZhangNBB94,True,3,bymQ_6SSse4J,bymQ_6SSse4J,True,0.9999894960426592,0.9999769103636006,1.2585679058707557e-05,0.5000000000000001,True,correct,0.5000000000000001,True,correct,0.1,0.52497918747894,True,correct
DBLP,0.7,42,inner,bootstrap_OOB,41,journals/sigmod/Aberer02a,True,1,url:http://portal.acm.org/ft_gateway.cfm%3Fid%3D565129%26type%3Dpdf%26dl%3DGUIDE%26dl%3DACM%26CFID%3D11111111%26CFTOKEN%3D2222222,url:http://portal.acm.org/ft_gateway.cfm%3Fid%3D601865%26type%3Dpdf%26coll%3DGUIDE%26dl%3DACM%26CFID%3D11111111%26CFTOKEN%3D2222222,False,0.9962280373798637,0.9465537956476912,0.0496742417321722,0.5000000000000001,True,false_link,0.5000000000000001,True,false_link,0.1,0.52497918747894,True,false_link
DBLP,0.7,42,inner,bootstrap_OOB,42,conf/vldb/Spaccapietra94,True,1,ZpVzTb1a7VoJ,ZpVzTb1a7VoJ,True,0.999935826332321,6.1343151140626265e-06,0.9999296920172068,0.5000000000000001,True,correct,0.5000000000000001,True,correct,0.1,0.52497918747894,True,correct
DBLP,0.7,42,inner,bootstrap_OOB,43,journals/sigmod/JukicV97,True,1,yZbJS0Cd6cAJ,yZbJS0Cd6cAJ,True,0.999982343086622,4.719241073800299e-06,0.9999776238455482,0.5000000000000001,True,correct,0.5000000000000001,True,correct,0.1,0.52497918747894,True,correct
DBLP,0.7,42,inner,bootstrap_OOB,44,conf/sigmod/BohlenBD99,True,1,X2odIfnOC88J,X2odIfnOC88J,True,0.9999845993023077,4.215562577548945e-06,0.99998038373973,0.5000000000000001,True,correct,0.5000000000000001,True,correct,0.1,0.52497918747894,True,correct
DBLP,0.7,42,inner,bootstrap_OOB,45,conf/sigmod/YangM97,True,5,57m7NniyTrkJ,xrTlYcyFKtwJ,True,0.9999856750150404,0.9999850057405678,6.692744725089739e-07,0.5000000000000001,True,correct,0.5000000000000001,True,correct,0.1,0.52497918747894,True,correct
DBLP,0.7,42,inner,bootstrap_OOB,46,conf/sigmod/FranklinZ98,True,2,5Cj9Wx8llkwJ,5Cj9Wx8llkwJ,True,0.9999828682960143,0.9999576279914688,2.5240304545648407e-05,0.5000000000000001,True,correct,0.5000000000000001,True,correct,0.1,0.52497918747894,True,correct
DBLP,0.7,42,inner,bootstrap_OOB,47,journals/sigmod/Fong97,True,1,rgJU30QjbhkJ,rgJU30QjbhkJ,True,0.9999883811284962,0.0083709206989604,0.9916174604295358,0.5000000000000001,True,correct,0.5000000000000001,True,correct,0.1,0.52497918747894,True,correct
DBLP,0.7,42,inner,bootstrap_OOB,48,conf/sigmod/GreenwaldK01,True,2,8but_7FuryIJ,8but_7FuryIJ,True,0.9999879249026126,0.999744858361145,0.0002430665414675,0.5000000000000001,True,correct,0.5000000000000001,True,correct,0.1,0.52497918747894,True,correct
DBLP,0.7,42,inner,bootstrap_OOB,49,conf/vldb/RisheYACLMVSV00,True,2,0WYMHga_bt4J,0WYMHga_bt4J,True,0.9999884129744258,0.999235312030578,0.0007531009438476,0.5000000000000001,True,correct,0.5000000000000001,True,correct,0.1,0.52497918747894,True,correct
DBLP,0.7,42,inner,bootstrap_OOB,50,journals/sigmod/NestorovAM97,True,1,NVS_rDpScp0J,NVS_rDpScp0J,True,0.9999896511353416,7.39890020308404e-06,0.9999822522351386,0.5000000000000001,True,correct,0.5000000000000001,True,correct,0.1,0.52497918747894,True,correct
DBLP,0.7,42,inner,bootstrap_OOB,51,conf/sigmod/ReissK03,True,1,L1m30vG-d5sJ,L1m30vG-d5sJ,True,0.9999884986481652,4.004391614591773e-06,0.9999844942565508,0.5000000000000001,True,correct,0.5000000000000001,True,correct,0.1,0.52497918747894,True,correct
DBLP,0.7,42,inner,bootstrap_OOB,52,conf/sigmod/NazeriBO01,True,1,2E9I_lugGC4J,2E9I_lugGC4J,True,0.9999821456864004,0.0001478071741254,0.9998343385122752,0.5000000000000001,True,correct,0.5000000000000001,True,correct,0.1,0.52497918747894,True,correct
DBLP,0.7,42,inner,bootstrap_OOB,53,journals/sigmod/Goethals02,False,0,,BrO3XOrt66MJ,False,1.721191364364376e-05,5.150598142550791e-06,1.2061315501092967e-05,0.5000000000000001,False,unmatched_abstention,0.5000000000000001,False,unmatched_abstention,0.1,0.52497918747894,False,unmatched_abstention
DBLP,0.7,42,inner,bootstrap_OOB,54,journals/sigmod/MedeirosP94,True,3,5aANcyqvjJQJ,chmPCuLihZoJ,True,0.99995044714997,0.9995092602817184,0.0004411868682517,0.5000000000000001,True,correct,0.5000000000000001,True,correct,0.1,0.52497918747894,True,correct
DBLP,0.7,42,inner,bootstrap_OOB,55,conf/vldb/ZemankovaI94,True,1,Y1ZxtWV-qeUJ,Y1ZxtWV-qeUJ,True,0.9999843455876724,4.517089509113526e-06,0.9999798284981634,0.5000000000000001,True,correct,0.5000000000000001,True,correct,0.1,0.52497918747894,True,correct
DBLP,0.7,42,inner,bootstrap_OOB,56,journals/sigmod/YanG95,True,1,tMXkkRDxvkQJ,tMXkkRDxvkQJ,True,0.9999824029305656,5.290803305899389e-06,0.9999771121272596,0.5000000000000001,True,correct,0.5000000000000001,True,correct,0.1,0.52497918747894,True,correct
DBLP,0.7,42,inner,bootstrap_OOB,57,journals/sigmod/DarwenD95,True,5,5Sg1yO3UqawJ,DVnOcHunv7MJ,True,0.9999812791463768,0.9999802425412974,1.036605079440811e-06,0.5000000000000001,True,correct,0.5000000000000001,True,correct,0.1,0.52497918747894,True,correct
DBLP,0.7,42,inner,bootstrap_OOB,58,conf/sigmod/KoudasS97,True,3,0u8r8MJWgKAJ,0u8r8MJWgKAJ,True,0.9999772637091872,0.9995232083202256,0.0004540553889617,0.5000000000000001,True,correct,0.5000000000000001,True,correct,0.1,0.52497918747894,True,correct
DBLP,0.7,42,inner,bootstrap_OOB,59,conf/sigmod/PapakonstantinouPV02,True,1,5XmfwqNDii8J,5XmfwqNDii8J,True,0.9999781988958104,0.001114934645429,0.9988632642503812,0.5000000000000001,True,correct,0.5000000000000001,True,correct,0.1,0.52497918747894,True,correct
DBLP,0.7,42,inner,bootstrap_OOB,60,journals/sigmod/Finkelstein95,True,1,gbnxN3MpucMJ,gbnxN3MpucMJ,True,0.9999849503426044,2.860922038045773e-05,0.999956341122224,0.5000000000000001,True,correct,0.5000000000000001,True,correct,0.1,0.52497918747894,True,correct
DBLP,0.7,42,inner,bootstrap_OOB,61,conf/vldb/SevcikK96,True,1,GiHrMj3vbSAJ,GiHrMj3vbSAJ,True,0.9999862750099726,4.091361737889012e-06,0.9999821836482348,0.5000000000000001,True,correct,0.5000000000000001,True,correct,0.1,0.52497918747894,True,correct
DBLP,0.7,42,inner,bootstrap_OOB,62,conf/vldb/TaoPS02,True,3,c-rJ2AIMUjwJ,o0WQjRyBQ5kJ,True,0.999976491117286,0.9999230006651496,5.349045213631776e-05,0.5000000000000001,True,correct,0.5000000000000001,True,correct,0.1,0.52497918747894,True,correct
DBLP,0.7,42,inner,bootstrap_OOB,63,journals/vldb/BernsteinPS00,True,1,08d5th2jiqcJ,08d5th2jiqcJ,True,0.9999863749323168,0.9960648095830484,0.0039215653492683,0.5000000000000001,True,correct,0.5000000000000001,True,correct,0.1,0.52497918747894,True,correct
DBLP,0.7,42,inner,bootstrap_OOB,64,conf/vldb/BerckenS96,True,2,GfvntjAdvVYJ,-iBt8AJhTSEJ,True,0.9999860814326658,0.9999837077088952,2.3737237705434566e-06,0.5000000000000001,True,correct,0.5000000000000001,True,correct,0.1,0.52497918747894,True,correct
DBLP,0.7,42,inner,bootstrap_OOB,65,conf/sigmod/Blakeley96,True,4,1fs-qN_SdH4J,jQ6eIao6R0EJ,True,0.9999856927908516,0.9999809292056188,4.763585232714362e-06,0.5000000000000001,True,correct,0.5000000000000001,True,correct,0.1,0.52497918747894,True,correct
DBLP,0.7,42,inner,bootstrap_OOB,66,conf/vldb/Gupta96,False,0,,ISXHQD28NpYJ,False,4.074754312803123e-06,4.059662011973003e-06,1.509230083012076e-08,0.5000000000000001,False,unmatched_abstention,0.5000000000000001,False,unmatched_abstention,0.1,0.52497918747894,False,unmatched_abstention
DBLP,0.7,42,inner,bootstrap_OOB,67,conf/vldb/HaasNSS95,True,2,EfczBs13YHIJ,x70Y3qaTL40J,True,0.9999854058514204,0.9999755245846856,9.881266734845797e-06,0.5000000000000001,True,correct,0.5000000000000001,True,correct,0.1,0.52497918747894,True,correct
DBLP,0.7,42,inner,bootstrap_OOB,68,conf/sigmod/RothAHCCFSTW96,True,6,2i9wDNdFZM8J,2i9wDNdFZM8J,True,0.9999867960905516,0.9999232390787268,6.355701182481077e-05,0.5000000000000001,True,correct,0.5000000000000001,True,correct,0.1,0.52497918747894,True,correct
DBLP,0.7,42,inner,bootstrap_OOB,69,conf/sigmod/BrunoKS02,True,3,2VpRW4Tf08EJ,GahdNMZNCWgJ,True,0.9999787997932612,0.0010451209809544,0.9989336788123068,0.5000000000000001,True,correct,0.5000000000000001,True,correct,0.1,0.52497918747894,True,correct
DBLP,0.7,42,inner,bootstrap_OOB,70,conf/sigmod/Ojjeh99,True,2,url:http://portal.acm.org/citation.cfm%3Fid%3D304245%26coll%3Dportal%26dl%3DACM,url:http://portal.acm.org/ft_gateway.cfm%3Fid%3D304245%26type%3Dpdf%26dl%3DGUIDE%26dl%3DACM%26CFID%3D11111111%26CFTOKEN%3D2222222,True,0.999960248831674,0.0013972130993237,0.9985630357323502,0.5000000000000001,True,correct,0.5000000000000001,True,correct,0.1,0.52497918747894,True,correct
DBLP,0.7,42,inner,bootstrap_OOB,71,journals/tods/ZaharioudakisCF97,True,2,EN1nFWJxnoIJ,naUCkadkOekJ,True,0.9999914444308022,0.0002566088053956,0.9997348356254064,0.5000000000000001,True,correct,0.5000000000000001,True,correct,0.1,0.52497918747894,True,correct
DBLP,0.7,42,inner,bootstrap_OOB,72,conf/vldb/LudasaherGM00,True,1,H4hHa7dQdSAJ,H4hHa7dQdSAJ,True,0.9999896874498816,0.9960537610970716,0.0039359263528099,0.5000000000000001,True,correct,0.5000000000000001,True,correct,0.1,0.52497918747894,True,correct
DBLP,0.7,42,inner,bootstrap_OOB,73,conf/vldb/EicklerGK95,True,1,63QhLG57QssJ,63QhLG57QssJ,True,0.9999884305639036,4.3411608579424095e-06,0.9999840894030458,0.5000000000000001,True,correct,0.5000000000000001,True,correct,0.1,0.52497918747894,True,correct
DBLP,0.7,42,inner,bootstrap_OOB,74,journals/sigmod/DongS00,True,1,gH_HDDJghbAJ,gH_HDDJghbAJ,True,0.9999716368456468,4.324755990901579e-06,0.999967312089656,0.5000000000000001,True,correct,0.5000000000000001,True,correct,0.1,0.52497918747894,True,correct
DBLP,0.7,42,inner,bootstrap_OOB,75,journals/tods/YanG99,True,1,y6gLSJhyXfcJ,y6gLSJhyXfcJ,True,0.9999693636705882,6.32194984986176e-06,0.9999630417207384,0.5000000000000001,True,correct,0.5000000000000001,True,correct,0.1,0.52497918747894,True,correct
DBLP,0.7,42,inner,bootstrap_OOB,76,conf/vldb/Slutz98,True,1,1blbGQk5ZpUJ,1blbGQk5ZpUJ,True,0.9999839754449876,4.055714920760533e-06,0.9999799197300668,0.5000000000000001,True,correct,0.5000000000000001,True,correct,0.1,0.52497918747894,True,correct
DBLP,0.7,42,inner,bootstrap_OOB,77,conf/vldb/OzsuLON01,True,2,qqdXmdgAaMgJ,qqdXmdgAaMgJ,True,0.999989506625557,0.9999573203089598,3.218631659718252e-05,0.5000000000000001,True,correct,0.5000000000000001,True,correct,0.1,0.52497918747894,True,correct
DBLP,0.7,42,inner,bootstrap_OOB,78,journals/sigmod/Hammer02a,True,1,url:http://portal.acm.org/ft_gateway.cfm%3Fid%3D601859%26type%3Dpdf%26dl%3DGUIDE%26dl%3DACM%26CFID%3D11111111%26CFTOKEN%3D2222222,url:http://portal.acm.org/ft_gateway.cfm%3Fid%3D601859%26type%3Dpdf%26dl%3DGUIDE%26dl%3DACM%26CFID%3D11111111%26CFTOKEN%3D2222222,True,0.9999715110356184,3.181222760056111e-05,0.999939698808018,0.5000000000000001,True,correct,0.5000000000000001,True,correct,0.1,0.52497918747894,True,correct
DBLP,0.7,42,inner,bootstrap_OOB,79,conf/sigmod/Brewer98,True,1,k4UNrsGeUuAJ,k4UNrsGeUuAJ,True,0.9999882089373988,1.800265176451537e-05,0.9999702062856344,0.5000000000000001,True,correct,0.5000000000000001,True,correct,0.1,0.52497918747894,True,correct
DBLP,0.7,42,inner,bootstrap_OOB,80,conf/sigmod/HeC03,True,1,MNmlxFx4l-8J,MNmlxFx4l-8J,True,0.9999829889484936,0.0004102763370984,0.999572712611395,0.5000000000000001,True,correct,0.5000000000000001,True,correct,0.1,0.52497918747894,True,correct
DBLP,0.7,42,inner,bootstrap_OOB,81,conf/vldb/SchindlerAG03,True,1,CsWyDorgQF4J,CsWyDorgQF4J,True,0.9999883567702418,4.361457070092914e-06,0.9999839953131716,0.5000000000000001,True,correct,0.5000000000000001,True,correct,0.1,0.52497918747894,True,correct
DBLP,0.7,42,inner,bootstrap_OOB,82,conf/vldb/FankhauserGLMT98,True,2,jGFfS5lAyLQJ,JnwUAxUMwvQJ,True,0.9999910245789358,0.9999824430933244,8.58148561155847e-06,0.5000000000000001,True,correct,0.5000000000000001,True,correct,0.1,0.52497918747894,True,correct
DBLP,0.7,42,inner,bootstrap_OOB,83,conf/vldb/PolyzotisG02,True,1,krAZ7iDMEOQJ,krAZ7iDMEOQJ,True,0.9999868333858404,0.0016681491263568,0.9983186842594836,0.5000000000000001,True,correct,0.5000000000000001,True,correct,0.1,0.52497918747894,True,correct
DBLP,0.7,42,inner,bootstrap_OOB,84,conf/vldb/BerchtoldKK96,True,13,_oDfC1aR4CAJ,WnYVibh8fxUJ,True,0.999988702499773,0.9999875562671792,1.146232593951524e-06,0.5000000000000001,True,correct,0.5000000000000001,True,correct,0.1,0.52497918747894,True,correct
DBLP,0.7,42,inner,bootstrap_OOB,85,conf/vldb/HvasshovdBT00,True,1,af50lhGnD8gJ,af50lhGnD8gJ,True,0.9999854233078884,0.3270644419554392,0.672920981352449,0.5000000000000001,True,correct,0.5000000000000001,True,correct,0.1,0.52497918747894,True,correct
DBLP,0.7,42,inner,bootstrap_OOB,86,conf/sigmod/Chong98,True,1,W-6r_OOEHLUJ,W-6r_OOEHLUJ,True,0.999976405454422,5.17799109354456e-06,0.9999712274633286,0.5000000000000001,True,correct,0.5000000000000001,True,correct,0.1,0.52497918747894,True,correct
DBLP,0.7,42,inner,bootstrap_OOB,87,conf/vldb/OzdenGHNSDGGW01,True,2,url:http://portal.acm.org/citation.cfm%3Fid%3D645927.672352,url:http://portal.acm.org/citation.cfm%3Fid%3D645927.672352,True,0.9999863641692844,0.9999830425287164,3.321640567821582e-06,0.5000000000000001,True,correct,0.5000000000000001,True,correct,0.1,0.52497918747894,True,correct
DBLP,0.7,42,inner,bootstrap_OOB,88,conf/sigmod/BerckenDS00,True,4,3IFlpeKgLlAJ,3IFlpeKgLlAJ,True,0.9999876705300096,0.9999852756289996,2.39490100994999e-06,0.5000000000000001,True,correct,0.5000000000000001,True,correct,0.1,0.52497918747894,True,correct
DBLP,0.7,42,inner,bootstrap_OOB,89,journals/sigmod/Snodgrass00,False,0,,NHxHsUH9L5MJ,False,0.051614786671602,0.0146605340674859,0.0369542526041161,0.5000000000000001,False,unmatched_abstention,0.5000000000000001,False,unmatched_abstention,0.1,0.52497918747894,False,unmatched_abstention
DBLP,0.7,42,inner,bootstrap_OOB,90,journals/sigmod/BarclayBGS94,True,2,v1aol6mmLdMJ,wPhDoeiINQsJ,True,0.9999844914171768,0.9999371585196564,4.733289752023584e-05,0.5000000000000001,True,correct,0.5000000000000001,True,correct,0.1,0.52497918747894,True,correct
DBLP,0.7,42,inner,bootstrap_OOB,91,conf/vldb/Draluk01,True,2,FhNjU1YhINUJ,FhNjU1YhINUJ,True,0.9999860049532372,0.9999851921520064,8.128012307651034e-07,0.5000000000000001,True,correct,0.5000000000000001,True,correct,0.1,0.52497918747894,True,correct
DBLP,0.7,42,inner,bootstrap_OOB,92,conf/sigmod/BarbosaMKL02,True,2,ueKnwQCE3nIJ,wO-iR4jRq0UJ,True,0.9999601713857748,0.9207365352669896,0.0792236361187853,0.5000000000000001,True,correct,0.5000000000000001,True,correct,0.1,0.52497918747894,True,correct
DBLP,0.7,42,inner,bootstrap_OOB,93,conf/sigmod/Bussler02,True,1,url:http://portal.acm.org/ft_gateway.cfm%3Fid%3D564801%26type%3Dpdf%26dl%3DGUIDE%26dl%3DACM%26CFID%3D11111111%26CFTOKEN%3D2222222,url:http://portal.acm.org/ft_gateway.cfm%3Fid%3D564801%26type%3Dpdf%26dl%3DGUIDE%26dl%3DACM%26CFID%3D11111111%26CFTOKEN%3D2222222,True,0.9998800685199732,1.1747793862697284e-05,0.9998683207261104,0.5000000000000001,True,correct,0.5000000000000001,True,correct,0.1,0.52497918747894,True,correct
DBLP,0.7,42,inner,bootstrap_OOB,94,conf/sigmod/KimCK01,True,1,EYI-OULRIz8J,EYI-OULRIz8J,True,0.9999847692412918,4.253157818666949e-06,0.999980516083473,0.5000000000000001,True,correct,0.5000000000000001,True,correct,0.1,0.52497918747894,True,correct
DBLP,0.7,42,inner,bootstrap_OOB,95,journals/vldb/MuthOPW00,True,1,WFygKYK0NVQJ,WFygKYK0NVQJ,True,0.999991253596017,0.9999698808521694,2.137274384761412e-05,0.5000000000000001,True,correct,0.5000000000000001,True,correct,0.1,0.52497918747894,True,correct
DBLP,0.7,42,inner,bootstrap_OOB,96,conf/vldb/BonifatiCDS01,True,1,tCrfb27dXiwJ,tCrfb27dXiwJ,True,0.9999862888772928,4.675853462272944e-06,0.9999816130238304,0.5000000000000001,True,correct,0.5000000000000001,True,correct,0.1,0.52497918747894,True,correct
DBLP,0.7,42,inner,bootstrap_OOB,97,journals/sigmod/NejdlSS03,True,1,lZGtV8TM9yoJ,lZGtV8TM9yoJ,True,0.9999882811425318,1.4329493856851392e-05,0.999973951648675,0.5000000000000001,True,correct,0.5000000000000001,True,correct,0.1,0.52497918747894,True,correct
DBLP,0.7,42,inner,bootstrap_OOB,98,journals/sigmod/RossGR03,False,0,,url:http://portal.acm.org/citation.cfm%3Fid%3D1041410.1041430,False,0.001282835572948,0.0001226239415496,0.0011602116313984,0.5000000000000001,False,unmatched_abstention,0.5000000000000001,False,unmatched_abstention,0.1,0.52497918747894,False,unmatched_abstention
DBLP,0.7,42,inner,bootstrap_OOB,99,journals/sigmod/Franklin00,False,0,,url:http://portal.acm.org/citation.cfm%3Fid%3D945721.945727%26coll%3DGUIDE%26dl%3DACM%26idx%3DJ689%26part%3Dperiodical%26WantType%3Dperiodical%26title%3DACM%2520SIGMOD%2520Record%26CFID%3D11111111%26CFTOKEN%3D2222222,False,8.42934101375392e-06,7.227850743316418e-06,1.2014902704375026e-06,0.5000000000000001,False,unmatched_abstention,0.5000000000000001,False,unmatched_abstention,0.1,0.52497918747894,False,unmatched_abstention
DBLP,0.7,42,inner,bootstrap_OOB,100,journals/sigmod/GriffinK98,True,2,NusQl_2spdYJ,Qvl2bcDAyqEJ,True,0.9999807464291438,0.999779032830186,0.0002017135989579,0.5000000000000001,True,correct,0.5000000000000001,True,correct,0.1,0.52497918747894,True,correct
DBLP,0.7,42,inner,bootstrap_OOB,101,conf/vldb/ZhuS02,True,1,iuyRrJJDBcIJ,iuyRrJJDBcIJ,True,0.9999863203406588,5.784781842360349e-06,0.9999805355588164,0.5000000000000001,True,correct,0.5000000000000001,True,correct,0.1,0.52497918747894,True,correct
DBLP,0.7,42,inner,bootstrap_OOB,102,conf/vldb/AksoyZF01,True,2,A92KQRVdZaoJ,A92KQRVdZaoJ,True,0.9999807054399152,0.999963698862638,1.7006577277101087e-05,0.5000000000000001,True,correct,0.5000000000000001,True,correct,0.1,0.52497918747894,True,correct
DBLP,0.7,42,inner,bootstrap_OOB,103,journals/sigmod/Franklin98b,False,0,,url:http://portal.acm.org/citation.cfm%3Fid%3D945721.945727%26coll%3DGUIDE%26dl%3DACM%26idx%3DJ689%26part%3Dperiodical%26WantType%3Dperiodical%26title%3DACM%2520SIGMOD%2520Record%26CFID%3D11111111%26CFTOKEN%3D2222222,False,8.97174121141674e-06,7.669425449838929e-06,1.3023157615778113e-06,0.5000000000000001,False,unmatched_abstention,0.5000000000000001,False,unmatched_abstention,0.1,0.52497918747894,False,unmatched_abstention
DBLP,0.7,42,inner,bootstrap_OOB,104,journals/sigmod/DadamK97,True,1,9Ai_9dZChG4J,9Ai_9dZChG4J,True,0.9999905168246777,7.4751718223975165e-06,0.9999830416528552,0.5000000000000001,True,correct,0.5000000000000001,True,correct,0.1,0.52497918747894,True,correct
DBLP,0.7,42,inner,bootstrap_OOB,105,conf/vldb/NatsevCSLV01,True,4,173qcCip5coJ,173qcCip5coJ,True,0.9999873823248872,0.9999860672891054,1.3150357818236813e-06,0.5000000000000001,True,correct,0.5000000000000001,True,correct,0.1,0.52497918747894,True,correct
DBLP,0.7,42,inner,bootstrap_OOB,106,conf/vldb/CareyCNVDRSM99,True,1,JpMllVmmnkAJ,JpMllVmmnkAJ,True,0.999988001845303,0.9911425745564088,0.0088454272888941,0.5000000000000001,True,correct,0.5000000000000001,True,correct,0.1,0.52497918747894,True,correct
DBLP,0.7,42,inner,bootstrap_OOB,107,conf/vldb/CherniackFZ01,True,2,49EWG8vzsXUJ,49EWG8vzsXUJ,True,0.999982367922982,0.9997763176341066,0.0002060502888755,0.5000000000000001,True,correct,0.5000000000000001,True,correct,0.1,0.52497918747894,True,correct
DBLP,0.7,42,inner,bootstrap_OOB,108,conf/sigmod/ShivakumarG97,True,1,4ioZ9JSSjVQJ,4ioZ9JSSjVQJ,True,0.9999616848625242,4.153528640108324e-06,0.999957531333884,0.5000000000000001,True,correct,0.5000000000000001,True,correct,0.1,0.52497918747894,True,correct
DBLP,0.7,42,inner,bootstrap_OOB,109,conf/vldb/King02,False,0,,lMKrltuk53EJ,False,4.127262822461486e-06,4.036930032743619e-06,9.033278971786725e-08,0.5000000000000001,False,unmatched_abstention,0.5000000000000001,False,unmatched_abstention,0.1,0.52497918747894,False,unmatched_abstention
DBLP,0.7,42,inner,bootstrap_OOB,110,journals/vldb/GutingS95,True,8,A4lUwOD7AeYJ,CBHicx5w3ocJ,True,0.9999817747518824,0.9999689300127668,1.2844739115669412e-05,0.5000000000000001,True,correct,0.5000000000000001,True,correct,0.1,0.52497918747894,True,correct
DBLP,0.7,42,inner,bootstrap_OOB,111,conf/sigmod/Shyy95,True,1,OjZoGJLFGqIJ,OjZoGJLFGqIJ,True,0.9999868526835762,4.486444763216048e-06,0.999982366238813,0.5000000000000001,True,correct,0.5000000000000001,True,correct,0.1,0.52497918747894,True,correct
DBLP,0.7,42,inner,bootstrap_OOB,112,conf/sigmod/PossSKL02,True,1,c3QptREmhgAJ,c3QptREmhgAJ,True,0.9999885599184922,4.2781353916800005e-06,0.9999842817831004,0.5000000000000001,True,correct,0.5000000000000001,True,correct,0.1,0.52497918747894,True,correct
DBLP,0.7,42,inner,bootstrap_OOB,113,conf/vldb/Shaw98,True,2,2CygtSE5o1UJ,sZZVwXivu-kJ,True,0.9999881247188548,0.9999581066806714,3.0018038183365903e-05,0.5000000000000001,True,correct,0.5000000000000001,True,correct,0.1,0.52497918747894,True,correct
DBLP,0.7,42,inner,bootstrap_OOB,114,conf/vldb/HuntAI01,True,1,0GT_dHqK5roJ,0GT_dHqK5roJ,True,0.9999828807735368,0.0249493408902176,0.9750335398833192,0.5000000000000001,True,correct,0.5000000000000001,True,correct,0.1,0.52497918747894,True,correct
DBLP,0.7,42,inner,bootstrap_OOB,115,journals/tods/AndriesCPB01,True,2,6gK7k-OqgEUJ,iMGwasyHkgIJ,True,0.999987727495601,0.0454375692349029,0.954550158260698,0.5000000000000001,True,correct,0.5000000000000001,True,correct,0.1,0.52497918747894,True,correct
DBLP,0.7,42,inner,bootstrap_OOB,116,conf/vldb/Kotidis01,True,1,lRL4LmMtwnYJ,lRL4LmMtwnYJ,True,0.9999887417672984,4.743484845621969e-06,0.9999839982824528,0.5000000000000001,True,correct,0.5000000000000001,True,correct,0.1,0.52497918747894,True,correct
DBLP,0.7,42,inner,bootstrap_OOB,117,conf/vldb/GeorgeH98,True,2,2L-UFpDof3UJ,2L-UFpDof3UJ,True,0.9999869077855472,0.9930175391601728,0.0069693686253742,0.5000000000000001,True,correct,0.5000000000000001,True,correct,0.1,0.52497918747894,True,correct
DBLP,0.7,42,inner,bootstrap_OOB,118,conf/sigmod/Bosworth03,False,0,,NN8a0RhNBfAJ,False,3.4761945932075644e-05,3.04429468369784e-05,4.318999095097247e-06,0.5000000000000001,False,unmatched_abstention,0.5000000000000001,False,unmatched_abstention,0.1,0.52497918747894,False,unmatched_abstention
DBLP,0.7,42,inner,bootstrap_OOB,119,conf/vldb/ChakrabartiGRS00,True,4,2TVYDBNYioIJ,PTmCbogNUpAJ,True,0.9999699434892424,0.9999618829733125,8.060515929941836e-06,0.5000000000000001,True,correct,0.5000000000000001,True,correct,0.1,0.52497918747894,True,correct
DBLP,0.7,42,inner,bootstrap_OOB,120,conf/sigmod/Martin94,True,1,ogow-Rtc3fEJ,ogow-Rtc3fEJ,True,0.9999766734154862,0.001585731112125,0.9983909423033612,0.5000000000000001,True,correct,0.5000000000000001,True,correct,0.1,0.52497918747894,True,correct
DBLP,0.7,42,inner,bootstrap_OOB,121,journals/sigmod/DreyerDS94,True,1,GCf11c7YuucJ,GCf11c7YuucJ,True,0.9999867398482848,3.865295728928578e-05,0.9999480868909956,0.5000000000000001,True,correct,0.5000000000000001,True,correct,0.1,0.52497918747894,True,correct
DBLP,0.7,42,inner,bootstrap_OOB,122,conf/sigmod/AchyutuniON96,True,1,eRSkDzxP1JcJ,eRSkDzxP1JcJ,True,0.9999892776409144,4.251118084537938e-06,0.9999850265228296,0.5000000000000001,True,correct,0.5000000000000001,True,correct,0.1,0.52497918747894,True,correct
DBLP,0.7,42,inner,bootstrap_OOB,123,conf/vldb/Chiueh94,True,3,_YFIPoyVC3UJ,nOF-SuSEaaEJ,True,0.9999840605070524,0.9998460683119312,0.0001379921951211,0.5000000000000001,True,correct,0.5000000000000001,True,correct,0.1,0.52497918747894,True,correct
DBLP,0.7,42,inner,bootstrap_OOB,124,conf/vldb/SizovGT03,True,1,UbQPXbPLMCAJ,UbQPXbPLMCAJ,True,0.9999778321959064,4.642417943673155e-06,0.9999731897779628,0.5000000000000001,True,correct,0.5000000000000001,True,correct,0.1,0.52497918747894,True,correct
DBLP,0.7,42,inner,bootstrap_OOB,125,conf/sigmod/LibkinMW96,True,3,3QgOnuIwVZMJ,OfZWx8jhQvwJ,True,0.999986971829068,0.9999805745392524,6.397289815662788e-06,0.5000000000000001,True,correct,0.5000000000000001,True,correct,0.1,0.52497918747894,True,correct
DBLP,0.7,42,inner,bootstrap_OOB,126,journals/sigmod/Stacey95,True,2,2GKNc8zlLRwJ,rdXUggm5kg0J,True,0.9999785811721108,0.9999208273860148,5.775378609595983e-05,0.5000000000000001,True,correct,0.5000000000000001,True,correct,0.1,0.52497918747894,True,correct
DBLP,0.7,42,inner,bootstrap_OOB,127,conf/vldb/BrinkhoffK94,True,2,egvBPvtoaMMJ,egvBPvtoaMMJ,True,0.9999864878835468,0.9998776954425622,0.0001087924409847,0.5000000000000001,True,correct,0.5000000000000001,True,correct,0.1,0.52497918747894,True,correct
DBLP,0.7,42,inner,bootstrap_OOB,128,conf/sigmod/RoussopoulosKV95,True,7,00c1qmRdM5IJ,efwTNo1wRnMJ,True,0.9999737239489211,0.9999341503028906,3.957364603068836e-05,0.5000000000000001,True,correct,0.5000000000000001,True,correct,0.1,0.52497918747894,True,correct
DBLP,0.7,42,inner,bootstrap_OOB,129,conf/vldb/JensenL01,True,1,yUDkYbmDTXIJ,yUDkYbmDTXIJ,True,0.9999824327596823,2.9650030267335356e-05,0.9999527827294152,0.5000000000000001,True,correct,0.5000000000000001,True,correct,0.1,0.52497918747894,True,correct
DBLP,0.7,42,inner,bootstrap_OOB,130,conf/vldb/WuYCT95,True,2,A5s_U6Ixg3EJ,A5s_U6Ixg3EJ,True,0.9999900834971333,0.6214242437720733,0.3785658397250598,0.5000000000000001,True,correct,0.5000000000000001,True,correct,0.1,0.52497918747894,True,correct
DBLP,0.7,42,inner,bootstrap_OOB,131,journals/sigmod/DunhamH95a,True,3,CiumYR8Q4WcJ,CyzIFxmvc1cJ,True,0.9999804765353676,0.9998925249654288,8.795156993901543e-05,0.5000000000000001,True,correct,0.5000000000000001,True,correct,0.1,0.52497918747894,True,correct
DBLP,0.7,42,inner,bootstrap_OOB,132,conf/vldb/LiuLBHTS03,True,1,pAhZKAo7m-sJ,pAhZKAo7m-sJ,True,0.9999904435233972,4.000021394739047e-06,0.9999864435020024,0.5000000000000001,True,correct,0.5000000000000001,True,correct,0.1,0.52497918747894,True,correct
DBLP,0.7,42,inner,bootstrap_OOB,133,conf/vldb/SindoniTABFGMPPT01,True,1,0zdXnl9cQysJ,0zdXnl9cQysJ,True,0.999987389506544,4.456687897543455e-06,0.9999829328186466,0.5000000000000001,True,correct,0.5000000000000001,True,correct,0.1,0.52497918747894,True,correct
DBLP,0.7,42,inner,bootstrap_OOB,134,conf/vldb/MaedaT01,True,1,dipeGpTdsoQJ,dipeGpTdsoQJ,True,0.9999878551941882,4.974737373543477e-06,0.9999828804568146,0.5000000000000001,True,correct,0.5000000000000001,True,correct,0.1,0.52497918747894,True,correct
DBLP,0.7,42,inner,bootstrap_OOB,135,conf/vldb/GibbonsMP97,True,1,QKnjF3UgncMJ,QKnjF3UgncMJ,True,0.999941050051654,0.9998653775696116,7.567248204232158e-05,0.5000000000000001,True,correct,0.5000000000000001,True,correct,0.1,0.52497918747894,True,correct
DBLP,0.7,42,inner,bootstrap_OOB,136,journals/sigmod/Eisenberg96,True,4,ODNMCIJO6xMJ,tFbkjO2wcFMJ,True,0.9999856975382532,0.9999748933542032,1.0804184049972854e-05,0.5000000000000001,True,correct,0.5000000000000001,True,correct,0.1,0.52497918747894,True,correct
DBLP,0.7,42,inner,bootstrap_OOB,137,conf/sigmod/HellersteinN96,True,5,_hDCldPyum0J,_hDCldPyum0J,True,0.999985347027651,0.999984493561565,8.534660859149668e-07,0.5000000000000001,True,correct,0.5000000000000001,True,correct,0.1,0.52497918747894,True,correct
DBLP,0.7,42,inner,bootstrap_OOB,138,conf/sigmod/LuMSS95,True,1,Kk87yanaI1AJ,Kk87yanaI1AJ,True,0.9999811533600728,4.754422215199446e-06,0.9999763989378576,0.5000000000000001,True,correct,0.5000000000000001,True,correct,0.1,0.52497918747894,True,correct
DBLP,0.7,42,inner,bootstrap_OOB,139,conf/vldb/Sarawagi99,True,2,gz92a8BdTLUJ,W_CVz6V80csJ,True,0.9999638284145748,0.9997377919289095,0.0002260364856651,0.5000000000000001,True,correct,0.5000000000000001,True,correct,0.1,0.52497918747894,True,correct
DBLP,0.7,42,inner,bootstrap_OOB,140,conf/vldb/AlexandrovABBBCDFHJKKKLLMMMPNPPRRSSW02,True,1,-FP8UTv_smkJ,-FP8UTv_smkJ,True,0.9999637044357416,5.198604103208776e-06,0.9999585058316384,0.5000000000000001,True,correct,0.5000000000000001,True,correct,0.1,0.52497918747894,True,correct
DBLP,0.7,42,inner,bootstrap_OOB,141,journals/tods/MamoulisP01,True,1,Rg8V7NSK9tMJ,Rg8V7NSK9tMJ,True,0.9997328095336064,1.1150048107335474e-05,0.9997216594854992,0.5000000000000001,True,correct,0.5000000000000001,True,correct,0.1,0.52497918747894,True,correct
DBLP,0.7,42,inner,bootstrap_OOB,142,conf/vldb/Schek00,True,1,yMjJam38N8sJ,yMjJam38N8sJ,True,0.9999869554184408,0.9983942175797436,0.001592737838697,0.5000000000000001,True,correct,0.5000000000000001,True,correct,0.1,0.52497918747894,True,correct
DBLP,0.7,42,inner,bootstrap_OOB,143,conf/vldb/CarinoO98,True,3,iaOLRaqTWmEJ,lDNAWc5SrmIJ,True,0.9999877120836936,0.9999782810510076,9.431032686024745e-06,0.5000000000000001,True,correct,0.5000000000000001,True,correct,0.1,0.52497918747894,True,correct
DBLP,0.7,42,inner,bootstrap_OOB,144,journals/vldb/IvesHW02,True,1,Bbm74R5b5yoJ,Bbm74R5b5yoJ,True,0.9999881562397678,1.3211466848203758e-05,0.9999749447729196,0.5000000000000001,True,correct,0.5000000000000001,True,correct,0.1,0.52497918747894,True,correct
DBLP,0.7,42,inner,bootstrap_OOB,145,conf/vldb/VassalosP97,True,8,_Va8sQkrP2kJ,kG-k9420fGMJ,True,0.999988205091084,0.9999860073554062,2.197735677667012e-06,0.5000000000000001,True,correct,0.5000000000000001,True,correct,0.1,0.52497918747894,True,correct
DBLP,0.7,42,inner,bootstrap_OOB,146,conf/vldb/PappasC00,True,2,BsQtFZrn3fsJ,url:http://portal.acm.org/citation.cfm%3Fid%3D645926.671850,True,0.999991360002106,0.9999887289405366,2.6310615692803907e-06,0.5000000000000001,True,correct,0.5000000000000001,True,correct,0.1,0.52497918747894,True,correct
DBLP,0.7,42,inner,bootstrap_OOB,147,conf/sigmod/MamoulisP99,True,4,fXHqHRgpG8sJ,z9MQwq7G3GYJ,True,0.9999861394233246,0.9999802721760572,5.86724726725496e-06,0.5000000000000001,True,correct,0.5000000000000001,True,correct,0.1,0.52497918747894,True,correct
DBLP,0.7,42,inner,bootstrap_OOB,148,conf/sigmod/ShklarSKT95,True,1,4IaWCBK6dMQJ,4IaWCBK6dMQJ,True,0.9999890408902156,0.000123423053891,0.9998656178363244,0.5000000000000001,True,correct,0.5000000000000001,True,correct,0.1,0.52497918747894,True,correct
DBLP,0.7,42,inner,bootstrap_OOB,149,conf/sigmod/Miller98,True,5,_ExuZq1BkEkJ,fW6JIoNRqAQJ,True,0.9999666817183592,0.9998790356420209,8.764607633837684e-05,0.5000000000000001,True,correct,0.5000000000000001,True,correct,0.1,0.52497918747894,True,correct
DBLP,0.7,42,inner,bootstrap_OOB,150,conf/sigmod/Aggarwal03,True,1,qbubaA6mQawJ,qbubaA6mQawJ,True,0.9982167582625284,1.642577194700405e-05,0.9982003324905814,0.5000000000000001,True,correct,0.5000000000000001,True,correct,0.1,0.52497918747894,True,correct
DBLP,0.7,42,inner,bootstrap_OOB,151,conf/sigmod/FungSG02,True,1,_H4-ZecAsp0J,_H4-ZecAsp0J,True,0.9999788126275916,1.0387109776763138e-05,0.9999684255178148,0.5000000000000001,True,correct,0.5000000000000001,True,correct,0.1,0.52497918747894,True,correct
DBLP,0.7,42,inner,bootstrap_OOB,152,conf/vldb/Schnase00,True,1,OdaRU442nm0J,OdaRU442nm0J,True,0.9999792850189658,0.0001179737472981,0.9998613112716676,0.5000000000000001,True,correct,0.5000000000000001,True,correct,0.1,0.52497918747894,True,correct
DBLP,0.7,42,inner,bootstrap_OOB,153,conf/sigmod/FranklinJK96,True,7,0e3bs1VFPvAJ,yY5hMqazRHoJ,True,0.9999811981320144,0.999971595079176,9.603052838480508e-06,0.5000000000000001,True,correct,0.5000000000000001,True,correct,0.1,0.52497918747894,True,correct
DBLP,0.7,42,inner,bootstrap_OOB,154,journals/vldb/AnGSVKI02,True,1,kBzZ1GUoa1AJ,kBzZ1GUoa1AJ,True,0.9999885127668144,7.773880569805066e-06,0.9999807388862446,0.5000000000000001,True,correct,0.5000000000000001,True,correct,0.1,0.52497918747894,True,correct
DBLP,0.7,42,inner,bootstrap_OOB,155,conf/sigmod/BarbaraI94,True,10,7N0H3ra1FFsJ,GXhaGGajWZkJ,True,0.9999899329832204,0.9999833269208664,6.606062353919917e-06,0.5000000000000001,True,correct,0.5000000000000001,True,correct,0.1,0.52497918747894,True,correct
DBLP,0.7,42,inner,bootstrap_OOB,156,journals/sigmod/AilamakiH03,True,1,url:http://portal.acm.org/ft_gateway.cfm%3Fid%3D945725%26type%3Dpdf%26dl%3DGUIDE%26dl%3DACM%26CFID%3D11111111%26CFTOKEN%3D2222222,url:http://portal.acm.org/ft_gateway.cfm%3Fid%3D945725%26type%3Dpdf%26dl%3DGUIDE%26dl%3DACM%26CFID%3D11111111%26CFTOKEN%3D2222222,True,0.9999892047212492,4.092434876529925e-06,0.9999851122863728,0.5000000000000001,True,correct,0.5000000000000001,True,correct,0.1,0.52497918747894,True,correct
DBLP,0.7,42,inner,bootstrap_OOB,157,journals/sigmod/RossKMV02,False,0,,url:http://portal.acm.org/citation.cfm%3Fid%3D1041410.1041430,False,0.9242020520901656,0.116759932027119,0.8074421200630466,0.5000000000000001,True,false_link,0.5000000000000001,True,false_link,0.1,0.52497918747894,True,false_link
DBLP,0.7,42,inner,bootstrap_OOB,158,journals/sigmod/Domingo-FerrerH98,True,2,9bRPA_aTYh4J,ajq2idLfpHMJ,True,0.9999900317841752,0.9999803374261784,9.694357996914428e-06,0.5000000000000001,True,correct,0.5000000000000001,True,correct,0.1,0.52497918747894,True,correct
DBLP,0.7,42,inner,bootstrap_OOB,159,conf/sigmod/LometT03,True,1,GidOUF_Jd4oJ,GidOUF_Jd4oJ,True,0.9999673771923742,7.26296574215419e-05,0.9998947475349528,0.5000000000000001,True,correct,0.5000000000000001,True,correct,0.1,0.52497918747894,True,correct
DBLP,0.7,42,inner,bootstrap_OOB,160,conf/sigmod/Bayardo98,True,6,htTH8PrZ0dYJ,htTH8PrZ0dYJ,True,0.9999670767205844,0.999919949485406,4.712723517852346e-05,0.5000000000000001,True,correct,0.5000000000000001,True,correct,0.1,0.52497918747894,True,correct
DBLP,0.7,42,inner,bootstrap_OOB,161,journals/vldb/SwamiS95,True,1,S6TmnZKgmxwJ,S6TmnZKgmxwJ,True,0.9999866467669136,4.77235677591153e-06,0.9999818744101376,0.5000000000000001,True,correct,0.5000000000000001,True,correct,0.1,0.52497918747894,True,correct
DBLP,0.7,42,inner,bootstrap_OOB,162,conf/sigmod/QuassWGHLMNRRAUW96,True,2,cJgYQWElaAgJ,oB7qYK3HKiEJ,True,0.9999806527614736,0.9999236087936252,5.704396784866894e-05,0.5000000000000001,True,correct,0.5000000000000001,True,correct,0.1,0.52497918747894,True,correct
DBLP,0.7,42,inner,bootstrap_OOB,163,conf/sigmod/GetoorTK01,True,2,99N4rXNdaqMJ,99N4rXNdaqMJ,True,0.9999639284485052,0.9997118727547336,0.0002520556937717,0.5000000000000001,True,correct,0.5000000000000001,True,correct,0.1,0.52497918747894,True,correct
DBLP,0.7,42,inner,bootstrap_OOB,164,journals/vldb/Seshadri98,True,1,yXXD9DeXoAgJ,yXXD9DeXoAgJ,True,0.9999828163940958,0.002133658195457,0.9978491581986388,0.5000000000000001,True,correct,0.5000000000000001,True,correct,0.1,0.52497918747894,True,correct
DBLP,0.7,42,inner,bootstrap_OOB,165,conf/vldb/BouganimP02,True,1,PhERWOcOkOgJ,PhERWOcOkOgJ,True,0.9999885252377322,0.0011859173635864,0.9988026078741458,0.5000000000000001,True,correct,0.5000000000000001,True,correct,0.1,0.52497918747894,True,correct
DBLP,0.7,42,inner,bootstrap_OOB,166,conf/vldb/LeeHJT03,True,1,BSE2se70OMYJ,BSE2se70OMYJ,True,0.9999877085910766,3.990210587122425e-06,0.9999837183804894,0.5000000000000001,True,correct,0.5000000000000001,True,correct,0.1,0.52497918747894,True,correct
DBLP,0.7,42,inner,bootstrap_OOB,167,journals/sigmod/Nascimento03,True,2,cJRWis64ghgJ,url:http://portal.acm.org/citation.cfm%3Fid%3D776985.776996%26dl%3Dportal%26dl%3DACM%26idx%3D776985%26part%3Dperiodical%26WantType%3Dperiodical%26title%3DACM%2520SIGMOD%2520Record%26CFID%3D11111111%26CFTOKEN%3D2222222,True,0.999986966758898,0.999948964176304,3.800258259389899e-05,0.5000000000000001,True,correct,0.5000000000000001,True,correct,0.1,0.52497918747894,True,correct
DBLP,0.7,42,inner,bootstrap_OOB,168,conf/vldb/BernsteinD94,True,1,rNNtyNCgHLoJ,rNNtyNCgHLoJ,True,0.99998280031065,2.02198124431336e-05,0.9999625804982069,0.5000000000000001,True,correct,0.5000000000000001,True,correct,0.1,0.52497918747894,True,correct
DBLP,0.7,42,inner,bootstrap_OOB,169,conf/vldb/RaoR99,True,2,N8XkcmIO0ysJ,tv4rTR2Z-I8J,True,0.9999868039079076,0.9503737479717608,0.0496130559361467,0.5000000000000001,True,correct,0.5000000000000001,True,correct,0.1,0.52497918747894,True,correct
DBLP,0.7,42,inner,bootstrap_OOB,170,conf/vldb/MatiasVW00,True,2,7SeTnikjovEJ,7SeTnikjovEJ,True,0.9999857905843532,0.9999631596303196,2.263095403343129e-05,0.5000000000000001,True,correct,0.5000000000000001,True,correct,0.1,0.52497918747894,True,correct
DBLP,0.7,42,inner,bootstrap_OOB,171,conf/vldb/ChavdaW97,True,2,E9AsPVyCDlMJ,E9AsPVyCDlMJ,True,0.9999836176866638,0.1001039424624907,0.899879675224173,0.5000000000000001,True,correct,0.5000000000000001,True,correct,0.1,0.52497918747894,True,correct
DBLP,0.7,42,inner,bootstrap_OOB,172,conf/vldb/ChienTZ01,True,2,eWCz_YJFqjcJ,eWCz_YJFqjcJ,True,0.9999874446098932,0.99998164144391,5.803165983087055e-06,0.5000000000000001,True,correct,0.5000000000000001,True,correct,0.1,0.52497918747894,True,correct
DBLP,0.7,42,inner,bootstrap_OOB,173,conf/vldb/AnandBH94,True,1,-UpQkB1uPLMJ,-UpQkB1uPLMJ,True,0.9999814420408636,3.968094546717673e-06,0.9999774739463168,0.5000000000000001,True,correct,0.5000000000000001,True,correct,0.1,0.52497918747894,True,correct
DBLP,0.7,42,inner,bootstrap_OOB,174,journals/sigmod/Roussopoulos98,True,2,GfjHZswtM0EJ,GfjHZswtM0EJ,True,0.9999785842562372,0.9997446539409636,0.0002339303152736,0.5000000000000001,True,correct,0.5000000000000001,True,correct,0.1,0.52497918747894,True,correct
DBLP,0.7,42,inner,bootstrap_OOB,175,conf/sigmod/HaasH99,True,3,bsfsN1NtuOMJ,bsfsN1NtuOMJ,True,0.9999782060050704,0.9999772082210586,9.977840116359715e-07,0.5000000000000001,True,correct,0.5000000000000001,True,correct,0.1,0.52497918747894,True,correct
DBLP,0.7,42,inner,bootstrap_OOB,176,conf/vldb/IoannidisP99,True,3,2k9bgRJC-hYJ,umrivnVIoj0J,True,0.9999859235169312,0.999981462258566,4.461258365395793e-06,0.5000000000000001,True,correct,0.5000000000000001,True,correct,0.1,0.52497918747894,True,correct
DBLP,0.7,42,inner,bootstrap_OOB,177,conf/vldb/SrinivasaK03,True,1,4iJ3Fd2xnUYJ,4iJ3Fd2xnUYJ,True,0.9999866574595808,4.102751339776325e-06,0.9999825547082412,0.5000000000000001,True,correct,0.5000000000000001,True,correct,0.1,0.52497918747894,True,correct
DBLP,0.7,42,inner,bootstrap_OOB,178,journals/sigmod/Rosenthal98,True,1,ZMMeRrWUlOoJ,ZMMeRrWUlOoJ,True,0.9999591822931102,4.289054957504464e-06,0.9999548932381528,0.5000000000000001,True,correct,0.5000000000000001,True,correct,0.1,0.52497918747894,True,correct
DBLP,0.7,42,inner,bootstrap_OOB,179,conf/sigmod/PadmanabhanBMCH03,True,1,wI75uFSs0bwJ,wI75uFSs0bwJ,True,0.9999907419051642,1.8220590702816517e-05,0.9999725213144616,0.5000000000000001,True,correct,0.5000000000000001,True,correct,0.1,0.52497918747894,True,correct
DBLP,0.7,42,inner,bootstrap_OOB,180,conf/vldb/Shmueli01,True,2,JhPPFNFWJ1UJ,rEwEqoAns-gJ,True,0.9999806179877676,0.999888684017572,9.193397019557904e-05,0.5000000000000001,True,correct,0.5000000000000001,True,correct,0.1,0.52497918747894,True,correct
DBLP,0.7,42,inner,bootstrap_OOB,181,conf/sigmod/RaoBG96,True,2,UmM1k4NoD2IJ,UmM1k4NoD2IJ,True,0.9999863303691716,0.9960478395501704,0.0039384908190011,0.5000000000000001,True,correct,0.5000000000000001,True,correct,0.1,0.52497918747894,True,correct
DBLP,0.7,42,inner,bootstrap_OOB,182,conf/sigmod/CarinoKKB01,True,2,a9HFF_bwiH4J,a9HFF_bwiH4J,True,0.9999900170194173,0.9999884737998328,1.543219584343447e-06,0.5000000000000001,True,correct,0.5000000000000001,True,correct,0.1,0.52497918747894,True,correct
DBLP,0.7,42,inner,bootstrap_OOB,183,conf/sigmod/ParkKKLPC98,True,2,aepGxosl6YoJ,aepGxosl6YoJ,True,0.999988148534102,0.9837733201403828,0.0162148283937191,0.5000000000000001,True,correct,0.5000000000000001,True,correct,0.1,0.52497918747894,True,correct
DBLP,0.7,42,inner,bootstrap_OOB,184,journals/vldb/AguileraCMVV02,True,3,4OUQOD2i52sJ,SdVmepmUgQIJ,True,0.9999895197167524,0.9999672424552422,2.227726151016185e-05,0.5000000000000001,True,correct,0.5000000000000001,True,correct,0.1,0.52497918747894,True,correct
DBLP,0.7,42,inner,bootstrap_OOB,185,conf/vldb/GarofalakisG02,True,4,Hz7TBeGZRz8J,S6PWjHRFORYJ,True,0.9999859468020476,0.9999158575736192,7.008922842843823e-05,0.5000000000000001,True,correct,0.5000000000000001,True,correct,0.1,0.52497918747894,True,correct
DBLP,0.7,42,inner,bootstrap_OOB,186,journals/sigmod/Ozsu03a,False,0,,qU_IX5KFwIoJ,False,0.5477664085208014,0.4599078726762609,0.0878585358445404,0.5000000000000001,True,false_link,0.5000000000000001,True,false_link,0.1,0.52497918747894,True,false_link
DBLP,0.7,42,inner,bootstrap_OOB,187,journals/tods/Alagic99,True,2,Gq6D6zMEPxoJ,Gq6D6zMEPxoJ,True,0.9999825967896554,0.9969992598030538,0.0029833369866015,0.5000000000000001,True,correct,0.5000000000000001,True,correct,0.1,0.52497918747894,True,correct
DBLP,0.7,42,inner,bootstrap_OOB,188,journals/sigmod/Alonso95,False,0,,ftnsmTUaDSMJ,False,1.1624856509751496e-05,9.970611709387214e-06,1.6542448003642818e-06,0.5000000000000001,False,unmatched_abstention,0.5000000000000001,False,unmatched_abstention,0.1,0.52497918747894,False,unmatched_abstention
DBLP,0.7,42,inner,bootstrap_OOB,189,journals/sigmod/CeriKKLOSV00,True,1,nLbW09uNfmsJ,nLbW09uNfmsJ,True,0.9999367582595212,7.204198404060964e-06,0.999929554061117,0.5000000000000001,True,correct,0.5000000000000001,True,correct,0.1,0.52497918747894,True,correct
DBLP,0.7,42,inner,bootstrap_OOB,190,journals/sigmod/WangD03,False,0,,enUg70kEpM8J,False,0.9999046418418376,4.016554054598861e-06,0.999900625287783,0.5000000000000001,True,false_link,0.5000000000000001,True,false_link,0.1,0.52497918747894,True,false_link
DBLP,0.7,42,inner,bootstrap_OOB,191,conf/vldb/BohannonGKNS02,True,2,9BuBq-Tj0TUJ,9BuBq-Tj0TUJ,True,0.9999889864609596,0.999986837679462,2.148781497401941e-06,0.5000000000000001,True,correct,0.5000000000000001,True,correct,0.1,0.52497918747894,True,correct
DBLP,0.7,42,inner,bootstrap_OOB,192,conf/sigmod/BozkayaO97,True,3,37lliRw_cOQJ,gIZvbo_lu2IJ,True,0.9999801126162248,0.9998780527235676,0.0001020598926572,0.5000000000000001,True,correct,0.5000000000000001,True,correct,0.1,0.52497918747894,True,correct
DBLP,0.7,42,inner,bootstrap_OOB,193,journals/sigmod/Mani03,True,1,FgLCpqaf8C8J,FgLCpqaf8C8J,True,0.9999821973052968,5.046210517012478e-06,0.9999771510947796,0.5000000000000001,True,correct,0.5000000000000001,True,correct,0.1,0.52497918747894,True,correct
DBLP,0.7,42,inner,bootstrap_OOB,194,conf/sigmod/Bampahl95,True,1,MbgdgwgZCIUJ,MbgdgwgZCIUJ,True,0.9999687510096276,4.149213287517604e-06,0.99996460179634,0.5000000000000001,True,correct,0.5000000000000001,True,correct,0.1,0.52497918747894,True,correct
DBLP,0.7,42,inner,bootstrap_OOB,195,journals/sigmod/CfP99,False,0,,xKi8Vm3o9KsJ,False,1.5123205255350531e-05,9.209547597398217e-06,5.913657657952318e-06,0.5000000000000001,False,unmatched_abstention,0.5000000000000001,False,unmatched_abstention,0.1,0.52497918747894,False,unmatched_abstention
DBLP,0.7,42,inner,bootstrap_OOB,196,conf/vldb/KornMZ03,True,1,hBoL6DaFUMYJ,hBoL6DaFUMYJ,True,0.9999799879447864,7.251490833584174e-06,0.9999727364539528,0.5000000000000001,True,correct,0.5000000000000001,True,correct,0.1,0.52497918747894,True,correct
DBLP,0.7,42,inner,bootstrap_OOB,197,conf/sigmod/BersonGM95,True,3,AdvsjAZhCc8J,YkPqPzGFnZIJ,True,0.9998267855066316,0.9998166120916374,1.0173414994207874e-05,0.5000000000000001,True,correct,0.5000000000000001,True,correct,0.1,0.52497918747894,True,correct
DBLP,0.7,42,inner,bootstrap_OOB,198,conf/sigmod/PiatkoYLS96,True,1,3NMPG1vUNgwJ,3NMPG1vUNgwJ,True,0.999989957731792,4.078941655439632e-06,0.9999858787901368,0.5000000000000001,True,correct,0.5000000000000001,True,correct,0.1,0.52497918747894,True,correct
DBLP,0.7,42,inner,bootstrap_OOB,199,conf/vldb/AggarwalHWY03,True,4,szlqyCesMpgJ,szlqyCesMpgJ,True,0.9999879793173831,0.9999820232195116,5.9560978715733626e-06,0.5000000000000001,True,correct,0.5000000000000001,True,correct,0.1,0.52497918747894,True,correct
DBLP,0.7,42,inner,bootstrap_OOB,200,conf/sigmod/KriegelMPS01,True,1,tsPOU-H3A94J,tsPOU-H3A94J,True,0.9999735711529204,4.417516862043232e-06,0.9999691536360584,0.5000000000000001,True,correct,0.5000000000000001,True,correct,0.1,0.52497918747894,True,correct
DBLP,0.7,42,inner,bootstrap_OOB,201,conf/sigmod/LeflerSW96,True,1,4b12cZc8QK4J,4b12cZc8QK4J,True,0.9999910485137106,5.169824998063622e-06,0.9999858786887124,0.5000000000000001,True,correct,0.5000000000000001,True,correct,0.1,0.52497918747894,True,correct
DBLP,0.7,42,inner,bootstrap_OOB,202,conf/sigmod/AdelbergGK95,True,1,NbLabaGWoh4J,NbLabaGWoh4J,True,0.9999870738301624,4.161033769413766e-06,0.9999829127963932,0.5000000000000001,True,correct,0.5000000000000001,True,correct,0.1,0.52497918747894,True,correct
DBLP,0.7,42,inner,bootstrap_OOB,203,journals/sigmod/Ozsu03,False,0,,qU_IX5KFwIoJ,False,0.5477664085208014,0.4599078726762609,0.0878585358445404,0.5000000000000001,True,false_link,0.5000000000000001,True,false_link,0.1,0.52497918747894,True,false_link
DBLP,0.7,42,inner,bootstrap_OOB,204,journals/sigmod/FreemanG96,True,3,Em3qp7RGalkJ,Em3qp7RGalkJ,True,0.9999855932527016,0.9999797127013428,5.8805513586390745e-06,0.5000000000000001,True,correct,0.5000000000000001,True,correct,0.1,0.52497918747894,True,correct
DBLP,0.7,42,inner,bootstrap_OOB,205,journals/sigmod/SchlageterBHMSW95,True,2,url:http://portal.acm.org/citation.cfm%3Fid%3D202672,url:http://portal.acm.org/citation.cfm%3Fid%3D202672,True,0.9999803886255216,0.9999717728427282,8.61578279331976e-06,0.5000000000000001,True,correct,0.5000000000000001,True,correct,0.1,0.52497918747894,True,correct
DBLP,0.7,42,inner,bootstrap_OOB,206,conf/vldb/Madnick95,True,2,CVQyvLe8w38J,CVQyvLe8w38J,True,0.999986925540428,0.9999757561454856,1.1169394942500688e-05,0.5000000000000001,True,correct,0.5000000000000001,True,correct,0.1,0.52497918747894,True,correct
DBLP,0.7,42,inner,bootstrap_OOB,207,conf/vldb/QianZXP03,True,1,Chp-3UwMgTQJ,Chp-3UwMgTQJ,True,0.999989853040445,6.806745240521729e-06,0.9999830462952044,0.5000000000000001,True,correct,0.5000000000000001,True,correct,0.1,0.52497918747894,True,correct
DBLP,0.7,42,inner,bootstrap_OOB,208,journals/tods/KossmannS00,True,2,PnGVbzQCWY0J,PnGVbzQCWY0J,True,0.9999874054911873,0.9912084797271904,0.0087789257639967,0.5000000000000001,True,correct,0.5000000000000001,True,correct,0.1,0.52497918747894,True,correct
DBLP,0.7,42,inner,bootstrap_OOB,209,journals/sigmod/SnodgrassAABCDEGJKKKLLRSSS94,True,6,5JA4QR8rxq0J,5JA4QR8rxq0J,True,0.9999729527604334,0.9996943974018702,0.0002785553585632,0.5000000000000001,True,correct,0.5000000000000001,True,correct,0.1,0.52497918747894,True,correct
DBLP,0.7,42,inner,bootstrap_OOB,210,conf/vldb/ShashaB02,True,4,3HUnvGuXtZEJ,DEl2TsijDYEJ,True,0.999904522282368,0.9998654386592358,3.908362313209679e-05,0.5000000000000001,True,correct,0.5000000000000001,True,correct,0.1,0.52497918747894,True,correct
DBLP,0.7,42,inner,bootstrap_OOB,211,conf/vldb/SheikholeslamiCZ98,True,3,btydMRJMBqoJ,btydMRJMBqoJ,True,0.9999900146771198,0.9999756563156572,1.4358361462463163e-05,0.5000000000000001,True,correct,0.5000000000000001,True,correct,0.1,0.52497918747894,True,correct
DBLP,0.7,42,inner,bootstrap_OOB,212,conf/vldb/BernsteinHJRW00,True,3,0KiQzAIFlJkJ,KlPsHutXQi8J,True,0.9999830515985748,0.9996928812238614,0.0002901703747135,0.5000000000000001,True,correct,0.5000000000000001,True,correct,0.1,0.52497918747894,True,correct
DBLP,0.7,42,inner,bootstrap_OOB,213,journals/sigmod/Yang94,True,1,sHJ914nPZtUJ,sHJ914nPZtUJ,True,0.9999872091719192,4.285673576599724e-06,0.9999829234983428,0.5000000000000001,True,correct,0.5000000000000001,True,correct,0.1,0.52497918747894,True,correct
DBLP,0.7,42,inner,bootstrap_OOB,214,conf/sigmod/Chaudhuri97,True,2,9GsZHpVf2_cJ,QkyXMep2bWsJ,True,0.99995565579732,0.9999435103093852,1.214548793482262e-05,0.5000000000000001,True,correct,0.5000000000000001,True,correct,0.1,0.52497918747894,True,correct
DBLP,0.7,42,inner,bootstrap_OOB,215,conf/vldb/BrownS95,True,2,F-v-VG2RBQoJ,yP4hDOd65VUJ,True,0.999989033237188,0.9999879388284176,1.0944087703856908e-06,0.5000000000000001,True,correct,0.5000000000000001,True,correct,0.1,0.52497918747894,True,correct
DBLP,0.7,42,inner,bootstrap_OOB,216,conf/vldb/Sarawagi00,True,1,z5DmAoBjsjAJ,z5DmAoBjsjAJ,True,0.9999858435374576,0.0003582325250028,0.9996276110124546,0.5000000000000001,True,correct,0.5000000000000001,True,correct,0.1,0.52497918747894,True,correct
DBLP,0.7,42,inner,bootstrap_OOB,217,journals/sigmod/Wiegand03,False,0,,5aANcyqvjJQJ,False,4.051068470207002e-06,4.026433473034406e-06,2.463499717259604e-08,0.5000000000000001,False,unmatched_abstention,0.5000000000000001,False,unmatched_abstention,0.1,0.52497918747894,False,unmatched_abstention
DBLP,0.7,42,inner,bootstrap_OOB,218,conf/vldb/ChaHKK01,True,1,VyOa5Uqsj6AJ,VyOa5Uqsj6AJ,True,0.9999891288903516,4.416733340736564e-06,0.9999847121570108,0.5000000000000001,True,correct,0.5000000000000001,True,correct,0.1,0.52497918747894,True,correct
DBLP,0.7,42,inner,bootstrap_OOB,219,conf/sigmod/KemperKM98,True,2,5BK4tIRJ3wwJ,Z0oCigN4pVMJ,True,0.9999796637910954,0.9999703599493516,9.303841743801833e-06,0.5000000000000001,True,correct,0.5000000000000001,True,correct,0.1,0.52497918747894,True,correct
DBLP,0.7,42,inner,bootstrap_OOB,220,conf/vldb/RamamrithamABEGP00,True,1,jYGXFESkS-YJ,jYGXFESkS-YJ,True,0.9999890486841178,3.99968952939681e-06,0.9999850489945884,0.5000000000000001,True,correct,0.5000000000000001,True,correct,0.1,0.52497918747894,True,correct
DBLP,0.7,42,inner,bootstrap_OOB,221,conf/vldb/LitwinNS94,True,4,Ass0qgT-aa4J,SnkWnX5WoKwJ,True,0.999981291942791,0.9999708496122112,1.0442330579785164e-05,0.5000000000000001,True,correct,0.5000000000000001,True,correct,0.1,0.52497918747894,True,correct
DBLP,0.7,42,inner,bootstrap_OOB,222,journals/sigmod/RamamrithamS97,True,1,HR-yLNuhtl4J,HR-yLNuhtl4J,True,0.9999795310753188,9.042831186956528e-06,0.9999704882441316,0.5000000000000001,True,correct,0.5000000000000001,True,correct,0.1,0.52497918747894,True,correct
DBLP,0.7,42,inner,bootstrap_OOB,223,conf/vldb/BaumgartnerFG01a,True,1,GGyAHg9kwysJ,GGyAHg9kwysJ,True,0.999986916672238,5.170569527548335e-06,0.9999817461027104,0.5000000000000001,True,correct,0.5000000000000001,True,correct,0.1,0.52497918747894,True,correct
DBLP,0.7,42,inner,bootstrap_OOB,224,conf/sigmod/KanthAS98,True,4,4O5JTAQZf7IJ,tG_s5R-BKcAJ,True,0.9999493138284412,0.9998162823588764,0.0001330314695648,0.5000000000000001,True,correct,0.5000000000000001,True,correct,0.1,0.52497918747894,True,correct
DBLP,0.7,42,inner,bootstrap_OOB,225,journals/tods/CuiWW00,True,2,HEAX8OOSpKgJ,yWDXpb_76z0J,True,0.9999810787316948,0.9517188892898762,0.0482621894418184,0.5000000000000001,True,correct,0.5000000000000001,True,correct,0.1,0.52497918747894,True,correct
DBLP,0.7,42,inner,bootstrap_OOB,226,journals/sigmod/Bernstein98,True,3,AYEI8XDoY9wJ,AYEI8XDoY9wJ,True,0.9999835349570766,0.9998480960824802,0.0001354388745964,0.5000000000000001,True,correct,0.5000000000000001,True,correct,0.1,0.52497918747894,True,correct
DBLP,0.7,42,inner,bootstrap_OOB,227,conf/vldb/Banerjee00,True,1,owfPKT5ip68J,owfPKT5ip68J,True,0.9999885660918788,9.617871328634408e-06,0.99997894822055,0.5000000000000001,True,correct,0.5000000000000001,True,correct,0.1,0.52497918747894,True,correct
DBLP,0.7,42,inner,bootstrap_OOB,228,conf/sigmod/Melling94,True,1,j4O-xhs1QAgJ,j4O-xhs1QAgJ,True,0.9999879121250884,5.815026306927807e-06,0.9999820970987816,0.5000000000000001,True,correct,0.5000000000000001,True,correct,0.1,0.52497918747894,True,correct
DBLP,0.7,42,inner,bootstrap_OOB,229,conf/sigmod/BreunigKKS01,True,3,3ET_IEkoGjYJ,3ET_IEkoGjYJ,True,0.9999871696378066,0.9999857661581,1.4034797067852267e-06,0.5000000000000001,True,correct,0.5000000000000001,True,correct,0.1,0.52497918747894,True,correct
DBLP,0.7,42,inner,bootstrap_OOB,230,conf/vldb/Team00,False,0,,VQ41LtuXMrUJ,False,5.421908718716656e-06,5.309829359815848e-06,1.1207935890080773e-07,0.5000000000000001,False,unmatched_abstention,0.5000000000000001,False,unmatched_abstention,0.1,0.52497918747894,False,unmatched_abstention
DBLP,0.7,42,inner,bootstrap_OOB,231,journals/vldb/HansonCDERTX98,True,1,F6Ko8ZvWypUJ,F6Ko8ZvWypUJ,True,0.9999914407420684,4.1690295381741496e-06,0.9999872717125302,0.5000000000000001,True,correct,0.5000000000000001,True,correct,0.1,0.52497918747894,True,correct
DBLP,0.7,42,inner,bootstrap_OOB,232,conf/sigmod/HsuLG00,True,2,AvYMafGTVLEJ,kxIpDxLD46gJ,True,0.999986052718849,0.999979346799118,6.705919731064824e-06,0.5000000000000001,True,correct,0.5000000000000001,True,correct,0.1,0.52497918747894,True,correct
DBLP,0.7,42,inner,bootstrap_OOB,233,conf/sigmod/RamakrishnanD98,True,2,LSNo-7ii1vEJ,LSNo-7ii1vEJ,True,0.9999774840135082,0.9999431475762298,3.433643727834834e-05,0.5000000000000001,True,correct,0.5000000000000001,True,correct,0.1,0.52497918747894,True,correct
DBLP,0.7,42,inner,bootstrap_OOB,234,journals/vldb/FangGM96,False,0,,AWGtiQgXS7QJ,False,0.999967404682484,0.0089135234042316,0.9910538812782526,0.5000000000000001,True,false_link,0.5000000000000001,True,false_link,0.1,0.52497918747894,True,false_link
DBLP,0.7,42,inner,bootstrap_OOB,235,journals/vldb/NguSHL01,True,1,djYvVVRYNTwJ,djYvVVRYNTwJ,True,0.999990021845102,9.744346031172546e-06,0.9999802774990708,0.5000000000000001,True,correct,0.5000000000000001,True,correct,0.1,0.52497918747894,True,correct
DBLP,0.7,42,inner,bootstrap_OOB,236,journals/sigmod/TomasicS97,True,1,-MNdDpWC-sgJ,-MNdDpWC-sgJ,True,0.9999843474387562,4.319101026988014e-06,0.9999800283377293,0.5000000000000001,True,correct,0.5000000000000001,True,correct,0.1,0.52497918747894,True,correct
DBLP,0.7,42,inner,bootstrap_OOB,237,conf/sigmod/AcharyaPR99,True,5,0dY1brFaEzgJ,0dY1brFaEzgJ,True,0.9999783483032472,0.9999712421933196,7.1061099274905e-06,0.5000000000000001,True,correct,0.5000000000000001,True,correct,0.1,0.52497918747894,True,correct
DBLP,0.7,42,inner,bootstrap_OOB,238,conf/vldb/AltinelBKMPR03,True,2,hd5JHUAr6z4J,wIlHF5DfRbMJ,True,0.9999886377137348,0.9999878092193109,8.284944238434733e-07,0.5000000000000001,True,correct,0.5000000000000001,True,correct,0.1,0.52497918747894,True,correct
DBLP,0.7,42,inner,bootstrap_OOB,239,conf/sigmod/Hope95,True,1,w3Aykr4vDVwJ,w3Aykr4vDVwJ,True,0.9999742166255304,4.361956225627881e-06,0.9999698546693048,0.5000000000000001,True,correct,0.5000000000000001,True,correct,0.1,0.52497918747894,True,correct
DBLP,0.7,42,inner,bootstrap_OOB,240,journals/tods/DekhtyarRS01,True,6,5HstPUbtZ1QJ,jZShiF9wrikJ,True,0.999980722471138,0.9999647194978856,1.6002973252438046e-05,0.5000000000000001,True,correct,0.5000000000000001,True,correct,0.1,0.52497918747894,True,correct
DBLP,0.7,42,inner,bootstrap_OOB,241,journals/sigmod/DiazJPa94,True,2,sG7PCEiN2xAJ,sG7PCEiN2xAJ,True,0.9999656386056344,8.292884082789731e-05,0.9998827097648064,0.5000000000000001,True,correct,0.5000000000000001,True,correct,0.1,0.52497918747894,True,correct
DBLP,0.7,42,inner,bootstrap_OOB,242,conf/vldb/GehaniJR94,True,2,MxYiwR2f9UYJ,MxYiwR2f9UYJ,True,0.999991031945685,0.9999889911758928,2.0407697921553947e-06,0.5000000000000001,True,correct,0.5000000000000001,True,correct,0.1,0.52497918747894,True,correct
DBLP,0.7,42,inner,bootstrap_OOB,243,journals/sigmod/KarlapalemLS95,True,1,B_m0Yp4aycUJ,B_m0Yp4aycUJ,True,0.999644111955303,4.442476650992558e-06,0.999639669478652,0.5000000000000001,True,correct,0.5000000000000001,True,correct,0.1,0.52497918747894,True,correct
DBLP,0.7,42,inner,bootstrap_OOB,244,conf/vldb/SubietaKL95,True,1,gEFY87Ma0XUJ,gEFY87Ma0XUJ,True,0.9999849865098182,4.226789998385706e-06,0.9999807597198198,0.5000000000000001,True,correct,0.5000000000000001,True,correct,0.1,0.52497918747894,True,correct
DBLP,0.7,42,inner,bootstrap_OOB,245,conf/sigmod/KotidisR99,True,5,323DOAMQyUkJ,qzjtGDo7OuMJ,True,0.999990756408874,0.99998717808998,3.578318894192911e-06,0.5000000000000001,True,correct,0.5000000000000001,True,correct,0.1,0.52497918747894,True,correct
DBLP,0.7,42,inner,bootstrap_OOB,246,journals/tods/DiaoAFZF03,True,2,fREDZIbZVdEJ,fREDZIbZVdEJ,True,0.999989741105691,0.9999811515806404,8.58952505078392e-06,0.5000000000000001,True,correct,0.5000000000000001,True,correct,0.1,0.52497918747894,True,correct
DBLP,0.7,42,inner,bootstrap_OOB,247,conf/sigmod/AgrawalCD02,True,1,iABZEL2Zoz8J,iABZEL2Zoz8J,True,0.9999856494458516,0.0001880213830684,0.999797628062783,0.5000000000000001,True,correct,0.5000000000000001,True,correct,0.1,0.52497918747894,True,correct
DBLP,0.7,42,inner,bootstrap_OOB,248,journals/sigmod/ShanmugasundaramSKKVNT01,True,1,wTJy5XquCpsJ,wTJy5XquCpsJ,True,0.9999900534730188,0.0001493794776449,0.999840673995374,0.5000000000000001,True,correct,0.5000000000000001,True,correct,0.1,0.52497918747894,True,correct
DBLP,0.7,42,inner,bootstrap_OOB,249,journals/sigmod/GunopulosK01,False,0,,Q3GsyHYz-EUJ,False,4.063450183209204e-06,4.030179107617424e-06,3.3271075591779954e-08,0.5000000000000001,False,unmatched_abstention,0.5000000000000001,False,unmatched_abstention,0.1,0.52497918747894,False,unmatched_abstention
DBLP,0.7,42,inner,bootstrap_OOB,250,journals/sigmod/PapazoglouH99,True,2,d5BG9F7_LGMJ,WbsAK4ZE17YJ,True,0.9999872851713436,0.9999768200175192,1.0465153824301687e-05,0.5000000000000001,True,correct,0.5000000000000001,True,correct,0.1,0.52497918747894,True,correct
DBLP,0.7,42,inner,bootstrap_OOB,251,journals/vldb/DesslochHMMT98,True,1,4D2HQE6fXXEJ,4D2HQE6fXXEJ,True,0.9999310909411778,7.478808407987721e-06,0.9999236121327698,0.5000000000000001,True,correct,0.5000000000000001,True,correct,0.1,0.52497918747894,True,correct
DBLP,0.7,42,inner,bootstrap_OOB,252,conf/sigmod/Moore95,True,1,uh57sQuxYuIJ,uh57sQuxYuIJ,True,0.999980712173276,0.9664274239616456,0.0335532882116303,0.5000000000000001,True,correct,0.5000000000000001,True,correct,0.1,0.52497918747894,True,correct
DBLP,0.7,42,inner,bootstrap_OOB,253,conf/vldb/Jermaine03,True,1,393ZqH9szo0J,393ZqH9szo0J,True,0.9999817849340888,2.412827566247147e-05,0.9999576566584264,0.5000000000000001,True,correct,0.5000000000000001,True,correct,0.1,0.52497918747894,True,correct
DBLP,0.7,42,inner,bootstrap_OOB,254,conf/vldb/AgrawalLSS95,True,8,C0bXQSqGnF4J,Y799jSppkKEJ,True,0.9999863927739692,0.999985613078376,7.796955929784133e-07,0.5000000000000001,True,correct,0.5000000000000001,True,correct,0.1,0.52497918747894,True,correct
DBLP,0.7,42,inner,bootstrap_OOB,255,conf/sigmod/Shivakumar03,False,0,,7FImMQbYYOgJ,False,4.268082034282628e-06,4.077004912298914e-06,1.9107712198371365e-07,0.5000000000000001,False,unmatched_abstention,0.5000000000000001,False,unmatched_abstention,0.1,0.52497918747894,False,unmatched_abstention
DBLP,0.7,42,inner,bootstrap_OOB,256,conf/vldb/MuthOPW98,True,1,cy0zVqmNba4J,cy0zVqmNba4J,True,0.9999896956291172,0.9995984443155204,0.0003912513135968,0.5000000000000001,True,correct,0.5000000000000001,True,correct,0.1,0.52497918747894,True,correct
DBLP,0.7,42,inner,bootstrap_OOB,257,journals/vldb/RamakrishnanSSS94,True,3,K9jUyjxRaCwJ,rgA2DgNVPBUJ,True,0.999988877903896,0.9686674950197176,0.0313213828841784,0.5000000000000001,True,correct,0.5000000000000001,True,correct,0.1,0.52497918747894,True,correct
DBLP,0.7,42,inner,bootstrap_OOB,258,journals/sigmod/Hanna95,True,2,29btu5OspbAJ,EKqpEdn3kDMJ,True,0.99998762306528,0.9999028213208688,8.480174441116706e-05,0.5000000000000001,True,correct,0.5000000000000001,True,correct,0.1,0.52497918747894,True,correct
DBLP,0.7,42,inner,bootstrap_OOB,259,conf/vldb/DiaoF03,True,1,Crt1JZ1eEj0J,Crt1JZ1eEj0J,True,0.9999826961350478,0.0025953921851554,0.9973873039498924,0.5000000000000001,True,correct,0.5000000000000001,True,correct,0.1,0.52497918747894,True,correct
DBLP,0.7,42,inner,bootstrap_OOB,260,conf/sigmod/GravanoCGP97,True,8,1xxRTUP64bwJ,PsoYENGEh9cJ,True,0.9999817507856248,0.9999570105973052,2.474018831954972e-05,0.5000000000000001,True,correct,0.5000000000000001,True,correct,0.1,0.52497918747894,True,correct
DBLP,0.7,42,inner,bootstrap_OOB,261,conf/vldb/MehtaD95,True,3,7c5g0Tl1lO0J,xkvXoYlg2-cJ,True,0.9999839557191262,0.99998218074437,1.7749747561746076e-06,0.5000000000000001,True,correct,0.5000000000000001,True,correct,0.1,0.52497918747894,True,correct
DBLP,0.7,42,inner,bootstrap_OOB,262,conf/vldb/GarofalakisRS99,True,6,7BITau8qhpEJ,Xm3ygCvkmN8J,True,0.9999804882802102,0.9999795502742728,9.38005937367592e-07,0.5000000000000001,True,correct,0.5000000000000001,True,correct,0.1,0.52497918747894,True,correct
DBLP,0.7,42,inner,bootstrap_OOB,263,conf/sigmod/Mamoulis03,True,1,8-eaDTdtfY4J,8-eaDTdtfY4J,True,0.9999869722763411,5.189400760895648e-06,0.9999817828755804,0.5000000000000001,True,correct,0.5000000000000001,True,correct,0.1,0.52497918747894,True,correct
DBLP,0.7,42,inner,bootstrap_OOB,264,conf/vldb/DiligentiCLGG00,True,1,XCP3p-Hk8bMJ,XCP3p-Hk8bMJ,True,0.9999747241322532,4.036752941184446e-06,0.999970687379312,0.5000000000000001,True,correct,0.5000000000000001,True,correct,0.1,0.52497918747894,True,correct
DBLP,0.7,42,inner,bootstrap_OOB,265,conf/vldb/LometT95,True,3,7KawVN8Kj10J,7KawVN8Kj10J,True,0.9999813028405036,0.9998938398378628,8.746300264073081e-05,0.5000000000000001,True,correct,0.5000000000000001,True,correct,0.1,0.52497918747894,True,correct
DBLP,0.7,42,inner,bootstrap_OOB,266,conf/sigmod/AgrawalASY97,True,5,3nxl8d4c0t4J,3nxl8d4c0t4J,True,0.9999874797988024,0.9999847624130294,2.717385773176595e-06,0.5000000000000001,True,correct,0.5000000000000001,True,correct,0.1,0.52497918747894,True,correct
DBLP,0.7,42,inner,bootstrap_OOB,267,journals/sigmod/Date96,True,1,url:http://portal.acm.org/citation.cfm%3Fid%3D245882.245885%26coll%3DGUIDE%26dl%3DACM%26idx%3DJ689%26part%3Dperiodical%26WantType%3Dperiodical%26title%3DACM%2520SIGMOD%2520Record%26CFID%3D11111111%26CFTOKEN%3D2222222,url:http://portal.acm.org/citation.cfm%3Fid%3D245882.245885%26coll%3DGUIDE%26dl%3DACM%26idx%3DJ689%26part%3Dperiodical%26WantType%3Dperiodical%26title%3DACM%2520SIGMOD%2520Record%26CFID%3D11111111%26CFTOKEN%3D2222222,True,0.9999831449243458,0.2435346348478814,0.7564485100764644,0.5000000000000001,True,correct,0.5000000000000001,True,correct,0.1,0.52497918747894,True,correct
DBLP,0.7,42,inner,bootstrap_OOB,268,journals/tods/Jimenez-PerisPAK03,True,2,gcTZH6tRjXIJ,yj7oLWfPR4gJ,True,0.9999894121656872,0.9999864517933376,2.9603723495919e-06,0.5000000000000001,True,correct,0.5000000000000001,True,correct,0.1,0.52497918747894,True,correct
DBLP,0.7,42,inner,bootstrap_OOB,269,conf/vldb/HeMYW03,True,1,cBe5X4EKjIEJ,cBe5X4EKjIEJ,True,0.9999895152581804,0.959415763572176,0.0405737516860043,0.5000000000000001,True,correct,0.5000000000000001,True,correct,0.1,0.52497918747894,True,correct
DBLP,0.7,42,inner,bootstrap_OOB,270,conf/vldb/LahiriSCMC01,True,1,MbzMAsLHlfEJ,MbzMAsLHlfEJ,True,0.9999914852837628,4.102434425542166e-06,0.9999873828493372,0.5000000000000001,True,correct,0.5000000000000001,True,correct,0.1,0.52497918747894,True,correct
DBLP,0.7,42,inner,bootstrap_OOB,271,conf/sigmod/SalemBCL00,True,1,FElMcikK2GUJ,FElMcikK2GUJ,True,0.999981329709825,4.196669631099341e-06,0.999977133040194,0.5000000000000001,True,correct,0.5000000000000001,True,correct,0.1,0.52497918747894,True,correct
DBLP,0.7,42,inner,bootstrap_OOB,272,conf/vldb/Schoning98,True,2,HEJ1Z4Q_xXMJ,HEJ1Z4Q_xXMJ,True,0.9999836292124814,0.9999739024056196,9.726806861953818e-06,0.5000000000000001,True,correct,0.5000000000000001,True,correct,0.1,0.52497918747894,True,correct
DBLP,0.7,42,inner,bootstrap_OOB,273,conf/vldb/GalanisWJD03,True,1,JvthmGX_uoQJ,JvthmGX_uoQJ,True,0.9999852779878744,4.149969139864762e-06,0.9999811280187344,0.5000000000000001,True,correct,0.5000000000000001,True,correct,0.1,0.52497918747894,True,correct
DBLP,0.7,42,inner,bootstrap_OOB,274,journals/tods/ParsonsW00,True,1,Z5rWzHBxtEEJ,Z5rWzHBxtEEJ,True,0.9999812521685304,4.000208319524583e-06,0.9999772519602108,0.5000000000000001,True,correct,0.5000000000000001,True,correct,0.1,0.52497918747894,True,correct
DBLP,0.7,42,inner,bootstrap_OOB,275,conf/vldb/YagoubFIV00,True,3,195Hlqu94qEJ,195Hlqu94qEJ,True,0.9999886639277504,0.9999796034454332,9.06048231741341e-06,0.5000000000000001,True,correct,0.5000000000000001,True,correct,0.1,0.52497918747894,True,correct
DBLP,0.7,42,inner,bootstrap_OOB,276,conf/sigmod/MayrS99,True,1,1lRZz4bZvxEJ,1lRZz4bZvxEJ,True,0.9999831240795868,4.540190871483956e-06,0.9999785838887154,0.5000000000000001,True,correct,0.5000000000000001,True,correct,0.1,0.52497918747894,True,correct
DBLP,0.7,42,inner,bootstrap_OOB,277,conf/sigmod/LuoEHN02,True,1,7p7mpmvIBrYJ,7p7mpmvIBrYJ,True,0.9999779321331624,4.813599918512219e-06,0.999973118533244,0.5000000000000001,True,correct,0.5000000000000001,True,correct,0.1,0.52497918747894,True,correct
DBLP,0.7,42,inner,bootstrap_OOB,278,journals/tods/Chen95,True,1,1px2xYEVMzwJ,1px2xYEVMzwJ,True,0.9999454805925956,5.787524324917063e-06,0.9999396930682706,0.5000000000000001,True,correct,0.5000000000000001,True,correct,0.1,0.52497918747894,True,correct
DBLP,0.7,42,inner,bootstrap_OOB,279,journals/sigmod/Datta94,True,2,3TVyZeq1-i4J,PPH2NlobSwsJ,True,0.9999793768137188,0.9999332061314532,4.6170682265644913e-05,0.5000000000000001,True,correct,0.5000000000000001,True,correct,0.1,0.52497918747894,True,correct
DBLP,0.7,42,inner,bootstrap_OOB,280,conf/sigmod/CallanCD99,True,3,8UP-2TRKI5wJ,eWVreKOw_QgJ,True,0.999985451819162,0.9999555206082144,2.993121094752027e-05,0.5000000000000001,True,correct,0.5000000000000001,True,correct,0.1,0.52497918747894,True,correct
DBLP,0.7,42,inner,bootstrap_OOB,281,journals/sigmod/GroskyFS94,True,2,sWM6PKw-JaQJ,zMK02pxd4OEJ,True,0.999983549930001,0.9961394063755556,0.0038441435544455,0.5000000000000001,True,correct,0.5000000000000001,True,correct,0.1,0.52497918747894,True,correct
DBLP,0.7,42,inner,bootstrap_OOB,282,journals/tods/GoldmanL94,True,1,VxMarpzwtzQJ,VxMarpzwtzQJ,True,0.999981716852118,5.723983345321397e-06,0.9999759928687728,0.5000000000000001,True,correct,0.5000000000000001,True,correct,0.1,0.52497918747894,True,correct
DBLP,0.7,42,inner,bootstrap_OOB,283,conf/sigmod/LakhamrajuRSS00,True,3,DyGC4KFw5mgJ,GveQLUTEle8J,True,0.9999859087828876,0.0003039741901638,0.999681934592724,0.5000000000000001,True,correct,0.5000000000000001,True,correct,0.1,0.52497918747894,True,correct
DBLP,0.7,42,inner,bootstrap_OOB,284,conf/vldb/VeltriCV01,True,2,itG_XrygxXIJ,SdVmepmUgQIJ,False,0.999971393398677,0.9999701535414638,1.2398572132310548e-06,0.5000000000000001,True,false_link,0.5000000000000001,True,false_link,0.1,0.52497918747894,True,false_link
DBLP,0.7,42,inner,bootstrap_OOB,285,conf/sigmod/GuptaHR97,True,2,pGix0qZ6Uz4J,pGix0qZ6Uz4J,True,0.9999872855836092,0.975572035427,0.0244152501566092,0.5000000000000001,True,correct,0.5000000000000001,True,correct,0.1,0.52497918747894,True,correct
DBLP,0.7,42,inner,bootstrap_OOB,286,conf/vldb/HaasKWY97,True,10,6TrmUUoylzIJ,U09WdB3GIK4J,True,0.9999809475656252,0.9999725667917956,8.380773829474997e-06,0.5000000000000001,True,correct,0.5000000000000001,True,correct,0.1,0.52497918747894,True,correct
DBLP,0.7,42,inner,bootstrap_OOB,287,conf/vldb/Spintzik95,True,1,QcD01ZjsNcIJ,QcD01ZjsNcIJ,True,0.9999909553144978,6.4168161745912245e-06,0.9999845384983232,0.5000000000000001,True,correct,0.5000000000000001,True,correct,0.1,0.52497918747894,True,correct
DBLP,0.7,42,inner,bootstrap_OOB,288,conf/sigmod/ChaudhuriGGM03,True,2,H5IdN0_MQw4J,H5IdN0_MQw4J,True,0.999989250201447,0.9999887904380124,4.597634347680568e-07,0.5000000000000001,True,correct,0.5000000000000001,True,correct,0.1,0.52497918747894,True,correct
DBLP,0.7,42,inner,bootstrap_OOB,289,conf/sigmod/Wu99,True,2,oIDF-Jhm9CYJ,xl1Jscb79KEJ,True,0.9999762610757116,0.999915894875888,6.036619982341396e-05,0.5000000000000001,True,correct,0.5000000000000001,True,correct,0.1,0.52497918747894,True,correct
DBLP,0.7,42,inner,bootstrap_OOB,290,journals/sigmod/SonDT96,True,1,62uEWBKYqgoJ,62uEWBKYqgoJ,True,0.9999880162195244,6.607513950276503e-05,0.9999219410800216,0.5000000000000001,True,correct,0.5000000000000001,True,correct,0.1,0.52497918747894,True,correct
DBLP,0.7,42,inner,bootstrap_OOB,291,conf/sigmod/GriffinH97,True,1,UwOPyY_jchkJ,UwOPyY_jchkJ,True,0.9999847244823458,3.966550871082304e-06,0.9999807579314748,0.5000000000000001,True,correct,0.5000000000000001,True,correct,0.1,0.52497918747894,True,correct
DBLP,0.7,42,inner,bootstrap_OOB,292,conf/vldb/DittrichSTW02,True,1,egCgEjikCgAJ,egCgEjikCgAJ,True,0.999988818389921,4.68451682501824e-06,0.999984133873096,0.5000000000000001,True,correct,0.5000000000000001,True,correct,0.1,0.52497918747894,True,correct
DBLP,0.7,42,inner,bootstrap_OOB,293,conf/vldb/FlodinR95,True,2,b5vbAhJ4xxMJ,WmtiDGY_BdoJ,True,0.999985856856146,0.999963165005188,2.269185095804538e-05,0.5000000000000001,True,correct,0.5000000000000001,True,correct,0.1,0.52497918747894,True,correct
DBLP,0.7,42,inner,bootstrap_OOB,294,journals/sigmod/Gunther97,False,0,,url:http://portal.acm.org/ft_gateway.cfm%3Fid%3D245888%26type%3Dpdf%26dl%3DGUIDE%26dl%3DACM%26CFID%3D11111111%26CFTOKEN%3D2222222,False,3.414202465304236e-05,1.5697631550848048e-05,1.8444393102194315e-05,0.5000000000000001,False,unmatched_abstention,0.5000000000000001,False,unmatched_abstention,0.1,0.52497918747894,False,unmatched_abstention
DBLP,0.7,42,inner,bootstrap_OOB,295,conf/vldb/DingGS00,True,2,I5fV3jpcrmAJ,I5fV3jpcrmAJ,True,0.9999806339511664,0.9999612458748028,1.9388076363813237e-05,0.5000000000000001,True,correct,0.5000000000000001,True,correct,0.1,0.52497918747894,True,correct
DBLP,0.7,42,inner,bootstrap_OOB,296,conf/sigmod/BettiniWBJ95,True,2,c57d3rgd3IcJ,c57d3rgd3IcJ,True,0.9999851493581616,0.9999161113031788,6.903805498292837e-05,0.5000000000000001,True,correct,0.5000000000000001,True,correct,0.1,0.52497918747894,True,correct
DBLP,0.7,42,inner,bootstrap_OOB,297,journals/sigmod/Konig-RiesMMPPRSVW02,True,2,FIxl60DSBqgJ,s6EfjBMbUb4J,True,0.9999828720206247,0.6825130080339831,0.3174698639866417,0.5000000000000001,True,correct,0.5000000000000001,True,correct,0.1,0.52497918747894,True,correct
DBLP,0.7,42,inner,bootstrap_OOB,298,journals/sigmod/MotroA03,True,1,url:http://portal.acm.org/ft_gateway.cfm%3Fid%3D959085%26type%3Dpdf%26dl%3DGUIDE%26dl%3DACM%26CFID%3D11111111%26CFTOKEN%3D2222222,url:http://portal.acm.org/ft_gateway.cfm%3Fid%3D959085%26type%3Dpdf%26dl%3DGUIDE%26dl%3DACM%26CFID%3D11111111%26CFTOKEN%3D2222222,True,0.9999727444792014,0.9980006572786638,0.0019720872005375,0.5000000000000001,True,correct,0.5000000000000001,True,correct,0.1,0.52497918747894,True,correct
DBLP,0.7,42,inner,bootstrap_OOB,299,journals/vldb/FiebigHKMNSW02,True,1,w_FOwUavk0kJ,w_FOwUavk0kJ,True,0.999985198463041,4.269893721244087e-06,0.9999809285693196,0.5000000000000001,True,correct,0.5000000000000001,True,correct,0.1,0.52497918747894,True,correct
DBLP,0.7,42,inner,bootstrap_OOB,300,conf/sigmod/Maguire01,True,1,url:http://portal.acm.org/ft_gateway.cfm%3Fid%3D375742%26type%3Dpdf%26dl%3DGUIDE%26dl%3DACM%26CFID%3D11111111%26CFTOKEN%3D2222222,url:http://portal.acm.org/ft_gateway.cfm%3Fid%3D375742%26type%3Dpdf%26dl%3DGUIDE%26dl%3DACM%26CFID%3D11111111%26CFTOKEN%3D2222222,True,0.9999759334500072,4.255259402758727e-06,0.9999716781906044,0.5000000000000001,True,correct,0.5000000000000001,True,correct,0.1,0.52497918747894,True,correct
DBLP,0.7,42,inner,bootstrap_OOB,301,conf/vldb/NiermanJ02,True,1,1NZsxf_zwF4J,1NZsxf_zwF4J,True,0.9999874020916416,4.396888489933303e-06,0.9999830052031516,0.5000000000000001,True,correct,0.5000000000000001,True,correct,0.1,0.52497918747894,True,correct
DBLP,0.7,42,inner,bootstrap_OOB,302,journals/sigmod/RossFS02,False,0,,url:http://portal.acm.org/citation.cfm%3Fid%3D1041410.1041430,False,0.9242020520901656,0.116759932027119,0.8074421200630466,0.5000000000000001,True,false_link,0.5000000000000001,True,false_link,0.1,0.52497918747894,True,false_link
DBLP,0.7,42,inner,bootstrap_OOB,303,conf/sigmod/JaedickeM98,True,4,9eSx_Gd0JoQJ,MswqiEweEGUJ,True,0.9999893619647482,0.999986582456311,2.7795084371895484e-06,0.5000000000000001,True,correct,0.5000000000000001,True,correct,0.1,0.52497918747894,True,correct
DBLP,0.7,42,inner,bootstrap_OOB,304,conf/vldb/Ogawa96,True,2,my4BalOLmAsJ,my4BalOLmAsJ,True,0.9999762875707918,0.995380341649982,0.0045959459208098,0.5000000000000001,True,correct,0.5000000000000001,True,correct,0.1,0.52497918747894,True,correct
DBLP,0.7,42,inner,bootstrap_OOB,305,conf/vldb/MalonM97,True,1,ogRpbFNQTSkJ,ogRpbFNQTSkJ,True,0.9999823333175052,4.2057284570227645e-06,0.999978127589048,0.5000000000000001,True,correct,0.5000000000000001,True,correct,0.1,0.52497918747894,True,correct
DBLP,0.7,42,inner,bootstrap_OOB,306,journals/sigmod/Fong95,True,1,zw3-t-veNvAJ,zw3-t-veNvAJ,True,0.9999905965701208,1.494922680205288e-05,0.9999756473433188,0.5000000000000001,True,correct,0.5000000000000001,True,correct,0.1,0.52497918747894,True,correct
DBLP,0.7,42,inner,bootstrap_OOB,307,conf/vldb/BamfordBKM98,True,1,rfuptELfgLkJ,rfuptELfgLkJ,True,0.999987457367268,1.80313285685454e-05,0.9999694260386996,0.5000000000000001,True,correct,0.5000000000000001,True,correct,0.1,0.52497918747894,True,correct
DBLP,0.7,42,inner,bootstrap_OOB,308,conf/sigmod/BlohsfeldKS99,True,1,PQbi3PaRh84J,PQbi3PaRh84J,True,0.9999893832076676,6.188697456520599e-06,0.999983194510211,0.5000000000000001,True,correct,0.5000000000000001,True,correct,0.1,0.52497918747894,True,correct
DBLP,0.7,42,inner,bootstrap_OOB,309,conf/vldb/PapadiasZMT03,True,1,hJ8VP7FyOL0J,hJ8VP7FyOL0J,True,0.999985088505174,7.344234995772391e-06,0.999977744270178,0.5000000000000001,True,correct,0.5000000000000001,True,correct,0.1,0.52497918747894,True,correct
DBLP,0.7,42,inner,bootstrap_OOB,310,conf/sigmod/DewanSHH94,True,1,GUdXGx4blW8J,GUdXGx4blW8J,True,0.9999874492547915,3.25938876692287e-05,0.9999548553671224,0.5000000000000001,True,correct,0.5000000000000001,True,correct,0.1,0.52497918747894,True,correct
DBLP,0.7,42,inner,bootstrap_OOB,311,conf/sigmod/RaoR98,True,3,iqZZMPppeKAJ,WlSXiMaxGlQJ,True,0.999987024266342,0.9999814889517546,5.5353145872460985e-06,0.5000000000000001,True,correct,0.5000000000000001,True,correct,0.1,0.52497918747894,True,correct
DBLP,0.7,42,inner,bootstrap_OOB,312,conf/sigmod/LuWYBLY02,True,1,JKQ1qE-naxQJ,JKQ1qE-naxQJ,True,0.9999896512142962,0.9998968673979196,9.278381637656263e-05,0.5000000000000001,True,correct,0.5000000000000001,True,correct,0.1,0.52497918747894,True,correct
DBLP,0.7,42,inner,bootstrap_OOB,313,conf/sigmod/BryanMCLG94,True,1,nbU-wr3ivUIJ,nbU-wr3ivUIJ,True,0.9999915758665052,5.057242994612838e-06,0.9999865186235108,0.5000000000000001,True,correct,0.5000000000000001,True,correct,0.1,0.52497918747894,True,correct
DBLP,0.7,42,inner,bootstrap_OOB,314,journals/tods/GravanoGT99,True,3,a1TYKJbJRREJ,aXLcAfb2y5kJ,True,0.999977643672076,0.9999604526701712,1.7191001904781622e-05,0.5000000000000001,True,correct,0.5000000000000001,True,correct,0.1,0.52497918747894,True,correct
DBLP,0.7,42,inner,bootstrap_OOB,315,journals/vldb/DattaDVRN01,True,2,icK75z3VuGIJ,icK75z3VuGIJ,True,0.9999911733048484,2.1835415024279524e-05,0.9999693378898242,0.5000000000000001,True,correct,0.5000000000000001,True,correct,0.1,0.52497918747894,True,correct
DBLP,0.7,42,inner,bootstrap_OOB,316,journals/sigmod/UlusoyB96,True,1,LclVYrb7vJoJ,LclVYrb7vJoJ,True,0.9999903248986406,4.417002923782351e-06,0.9999859078957168,0.5000000000000001,True,correct,0.5000000000000001,True,correct,0.1,0.52497918747894,True,correct
DBLP,0.7,42,inner,bootstrap_OOB,317,conf/vldb/PottingerB03,True,3,Gq2yqOZGhBgJ,Q6pHDaV3sG4J,True,0.9999770805385496,0.999966759156136,1.0321382413525091e-05,0.5000000000000001,True,correct,0.5000000000000001,True,correct,0.1,0.52497918747894,True,correct
DBLP,0.7,42,inner,bootstrap_OOB,318,conf/sigmod/BabcockCD03,True,1,mbhZ3gSR3NMJ,mbhZ3gSR3NMJ,True,0.9999870917168656,4.178235898297173e-06,0.9999829134809676,0.5000000000000001,True,correct,0.5000000000000001,True,correct,0.1,0.52497918747894,True,correct
DBLP,0.7,42,inner,bootstrap_OOB,319,journals/sigmod/Winslett02b,False,0,,url:http://portal.acm.org/ft_gateway.cfm%3Fid%3D601871%26type%3Dpdf%26dl%3DGUIDE%26dl%3DACM%26CFID%3D11111111%26CFTOKEN%3D2222222,False,0.9999534418071426,0.0008878434116284,0.9990655983955142,0.5000000000000001,True,false_link,0.5000000000000001,True,false_link,0.1,0.52497918747894,True,false_link
DBLP,0.7,42,inner,bootstrap_OOB,320,conf/vldb/CareyHMW96,True,1,Nz8zwxjBoyYJ,Nz8zwxjBoyYJ,True,0.9999839526739834,4.885659861338012e-06,0.999979067014122,0.5000000000000001,True,correct,0.5000000000000001,True,correct,0.1,0.52497918747894,True,correct
DBLP,0.7,42,inner,bootstrap_OOB,321,conf/vldb/Jacobs97,True,1,U-98tPsJi6EJ,U-98tPsJi6EJ,True,0.9999859977442548,6.235897495844925e-06,0.999979761846759,0.5000000000000001,True,correct,0.5000000000000001,True,correct,0.1,0.52497918747894,True,correct
DBLP,0.7,42,inner,bootstrap_OOB,322,conf/sigmod/FaloutsosRM94,True,9,4bG39HmGrAQJ,AHu54TOP-eoJ,True,0.9999882237486046,0.9999878476055766,3.761430280579958e-07,0.5000000000000001,True,correct,0.5000000000000001,True,correct,0.1,0.52497918747894,True,correct
DBLP,0.7,42,inner,bootstrap_OOB,323,conf/vldb/ShanmugasundaramSBCLPR00,True,4,_bdp5T8SSuoJ,_bdp5T8SSuoJ,True,0.9999860523863204,0.9999855330045696,5.19381750940795e-07,0.5000000000000001,True,correct,0.5000000000000001,True,correct,0.1,0.52497918747894,True,correct
DBLP,0.7,42,inner,bootstrap_OOB,324,conf/sigmod/JajodiaSSB97,True,4,4_fm8LWVWHMJ,p-m7MMOS2aUJ,True,0.9999898362954626,0.9999895361151616,3.001803010604931e-07,0.5000000000000001,True,correct,0.5000000000000001,True,correct,0.1,0.52497918747894,True,correct
DBLP,0.7,42,inner,bootstrap_OOB,325,conf/vldb/Mohan01,True,2,6rkYIagTMckJ,tAO-l_SkmSwJ,True,0.9999866963137118,0.9999234717918564,6.322452185547611e-05,0.5000000000000001,True,correct,0.5000000000000001,True,correct,0.1,0.52497918747894,True,correct
DBLP,0.7,42,inner,bootstrap_OOB,326,conf/vldb/CeriCW00,True,4,bDuu6x2n1tgJ,HbrsuuNPd1QJ,True,0.9999744159019424,0.9999588176968844,1.5598205057809622e-05,0.5000000000000001,True,correct,0.5000000000000001,True,correct,0.1,0.52497918747894,True,correct
DBLP,0.7,42,inner,bootstrap_OOB,327,conf/vldb/KounevB02,True,2,DayIdkLVfyIJ,mq4cLaNqTDQJ,True,0.9999899782151388,0.9999796868759104,1.029133922847425e-05,0.5000000000000001,True,correct,0.5000000000000001,True,correct,0.1,0.52497918747894,True,correct
DBLP,0.7,42,inner,bootstrap_OOB,328,journals/sigmod/Lomet98,True,2,xLM0YVcccUgJ,xLM0YVcccUgJ,True,0.999981836487384,0.9999714550953314,1.0381392052671856e-05,0.5000000000000001,True,correct,0.5000000000000001,True,correct,0.1,0.52497918747894,True,correct
DBLP,0.7,42,inner,bootstrap_OOB,329,conf/vldb/MillinerBP95,True,1,kYl-9cV8gloJ,kYl-9cV8gloJ,True,0.9999910960645816,4.597302687247097e-06,0.9999864987618944,0.5000000000000001,True,correct,0.5000000000000001,True,correct,0.1,0.52497918747894,True,correct
DBLP,0.7,42,inner,bootstrap_OOB,330,conf/vldb/ZirintsisKM99,True,2,_UYteGcmBKIJ,_UYteGcmBKIJ,True,0.999965242827401,0.997486012329008,0.0024792304983929,0.5000000000000001,True,correct,0.5000000000000001,True,correct,0.1,0.52497918747894,True,correct
DBLP,0.7,42,inner,bootstrap_OOB,331,conf/sigmod/Aulakh98,True,1,xFK4CkKj14EJ,xFK4CkKj14EJ,True,0.9999803419634749,7.319636362571765e-06,0.9999730223271122,0.5000000000000001,True,correct,0.5000000000000001,True,correct,0.1,0.52497918747894,True,correct
DBLP,0.7,42,inner,bootstrap_OOB,332,conf/sigmod/MohanN94,True,1,_2hj6snS3foJ,_2hj6snS3foJ,True,0.9999895061952404,7.92007045615817e-05,0.9999103054906788,0.5000000000000001,True,correct,0.5000000000000001,True,correct,0.1,0.52497918747894,True,correct
DBLP,0.7,42,inner,bootstrap_OOB,333,conf/sigmod/LiBCS00,True,1,4abl38Q9iH4J,4abl38Q9iH4J,True,0.99998389882201,4.247345332109442e-06,0.9999796514766778,0.5000000000000001,True,correct,0.5000000000000001,True,correct,0.1,0.52497918747894,True,correct
DBLP,0.7,42,inner,bootstrap_OOB,334,conf/vldb/Tygar98,True,3,kKwsIC5HmsUJ,kKwsIC5HmsUJ,True,0.9999855454161846,0.999975687079798,9.858336386558976e-06,0.5000000000000001,True,correct,0.5000000000000001,True,correct,0.1,0.52497918747894,True,correct
DBLP,0.7,42,inner,bootstrap_OOB,335,journals/sigmod/Kosch02,True,1,_avm808LQocJ,_avm808LQocJ,True,0.9999855654728764,0.0002746604216541,0.9997109050512222,0.5000000000000001,True,correct,0.5000000000000001,True,correct,0.1,0.52497918747894,True,correct
DBLP,0.7,42,inner,bootstrap_OOB,336,conf/sigmod/BuchmannDZH95,True,4,4pl5VSwjXj0J,MoNBLfTlYg0J,True,0.999988825489554,0.9999849868534408,3.838636113306926e-06,0.5000000000000001,True,correct,0.5000000000000001,True,correct,0.1,0.52497918747894,True,correct
DBLP,0.7,42,inner,bootstrap_OOB,337,conf/sigmod/GuoSBS03,True,1,p_PDgjVRUS4J,p_PDgjVRUS4J,True,0.9999797844678688,4.371242601152402e-06,0.9999754132252676,0.5000000000000001,True,correct,0.5000000000000001,True,correct,0.1,0.52497918747894,True,correct
DBLP,0.7,42,inner,bootstrap_OOB,338,journals/sigmod/TanakaV01,True,2,sQu8znidi50J,sQu8znidi50J,True,0.9999247098738456,0.9977131314524004,0.0022115784214453,0.5000000000000001,True,correct,0.5000000000000001,True,correct,0.1,0.52497918747894,True,correct
DBLP,0.7,42,inner,bootstrap_OOB,339,conf/vldb/CareyK98,True,1,MCuFKbwcWIIJ,MCuFKbwcWIIJ,True,0.9999822514833266,4.032551221996825e-06,0.9999782189321048,0.5000000000000001,True,correct,0.5000000000000001,True,correct,0.1,0.52497918747894,True,correct
DBLP,0.7,42,inner,bootstrap_OOB,340,journals/sigmod/HalkidiBV02a,True,1,SFs0XOMPphIJ,SFs0XOMPphIJ,True,0.9999822305843432,0.3572265277938378,0.6427557027905053,0.5000000000000001,True,correct,0.5000000000000001,True,correct,0.1,0.52497918747894,True,correct
DBLP,0.7,42,inner,bootstrap_OOB,341,conf/vldb/TsatalosSI94,True,2,--1aoAaGkgQJ,zt5Ck1PrGf0J,True,0.9999891977595388,0.9999806502335752,8.547525963353841e-06,0.5000000000000001,True,correct,0.5000000000000001,True,correct,0.1,0.52497918747894,True,correct
DBLP,0.7,42,inner,bootstrap_OOB,342,conf/sigmod/HristidisKP01,True,1,mg9ABNG06O4J,mg9ABNG06O4J,True,0.9999901499361072,4.165075414080965e-06,0.999985984860693,0.5000000000000001,True,correct,0.5000000000000001,True,correct,0.1,0.52497918747894,True,correct
DBLP,0.7,42,inner,bootstrap_OOB,343,conf/sigmod/Seshadri03,False,0,,U9tDRbbUCSYJ,False,4.1392220862877015e-06,4.036776039642898e-06,1.0244604664480345e-07,0.5000000000000001,False,unmatched_abstention,0.5000000000000001,False,unmatched_abstention,0.1,0.52497918747894,False,unmatched_abstention
DBLP,0.7,42,inner,bootstrap_OOB,344,journals/tods/Bohm00,True,1,i5nEuutK3H4J,i5nEuutK3H4J,True,0.9999669026678376,5.031174908378708e-06,0.9999618714929293,0.5000000000000001,True,correct,0.5000000000000001,True,correct,0.1,0.52497918747894,True,correct
DBLP,0.7,42,inner,bootstrap_OOB,345,conf/sigmod/HanKS97,True,4,_EEZCcB1BPYJ,nD_Yjp9TNuIJ,True,0.9999868285507018,0.9999832019866168,3.626564084813211e-06,0.5000000000000001,True,correct,0.5000000000000001,True,correct,0.1,0.52497918747894,True,correct
DBLP,0.7,42,inner,bootstrap_OOB,346,conf/sigmod/ChenGM01,True,3,dyXJODAynUgJ,IuyDb53VoG0J,True,0.9999845757851328,0.9999731542022784,1.1421582854498348e-05,0.5000000000000001,True,correct,0.5000000000000001,True,correct,0.1,0.52497918747894,True,correct
DBLP,0.7,42,inner,bootstrap_OOB,347,conf/vldb/Norvag99,True,1,6kiYvzSHBvEJ,6kiYvzSHBvEJ,True,0.9999822598258854,5.441702031395392e-06,0.999976818123854,0.5000000000000001,True,correct,0.5000000000000001,True,correct,0.1,0.52497918747894,True,correct
DBLP,0.7,42,inner,bootstrap_OOB,348,journals/sigmod/FrewD97,True,2,5jMT1PENhSIJ,5jMT1PENhSIJ,True,0.999983284858985,0.999971408071876,1.1876787109121878e-05,0.5000000000000001,True,correct,0.5000000000000001,True,correct,0.1,0.52497918747894,True,correct
DBLP,0.7,42,inner,bootstrap_OOB,349,conf/sigmod/VitterW99,True,2,1UFq52qqErUJ,1UFq52qqErUJ,True,0.99998466156658,0.9999822265507532,2.435015826751652e-06,0.5000000000000001,True,correct,0.5000000000000001,True,correct,0.1,0.52497918747894,True,correct
DBLP,0.7,42,inner,bootstrap_OOB,350,conf/sigmod/Ellison95,False,0,,dwPOCFCBZ78J,False,0.0004455219568618,0.0003056736973295,0.0001398482595323,0.5000000000000001,False,unmatched_abstention,0.5000000000000001,False,unmatched_abstention,0.1,0.52497918747894,False,unmatched_abstention
DBLP,0.7,42,inner,bootstrap_OOB,351,journals/sigmod/Liu02,False,0,,url:http://portal.acm.org/ft_gateway.cfm%3Fid%3D945727%26type%3Dpdf%26dl%3DGUIDE%26dl%3DACM%26CFID%3D11111111%26CFTOKEN%3D2222222,False,1.6792711743764692e-05,1.4486627507461211e-05,2.306084236303479e-06,0.5000000000000001,False,unmatched_abstention,0.5000000000000001,False,unmatched_abstention,0.1,0.52497918747894,False,unmatched_abstention
DBLP,0.7,42,inner,bootstrap_OOB,352,conf/vldb/Sacks-Davis96,True,1,GkINzG_IffAJ,GkINzG_IffAJ,True,0.9999904067428996,6.548407246722685e-06,0.9999838583356532,0.5000000000000001,True,correct,0.5000000000000001,True,correct,0.1,0.52497918747894,True,correct
DBLP,0.7,42,inner,bootstrap_OOB,353,conf/vldb/FerrandinaMZFM95,True,4,1hpY5dx3BRIJ,9rofzgQ6HtcJ,True,0.9999902342383482,0.9999860490606,4.185177748139424e-06,0.5000000000000001,True,correct,0.5000000000000001,True,correct,0.1,0.52497918747894,True,correct
DBLP,0.7,42,inner,bootstrap_OOB,354,conf/sigmod/SeidlK98,True,2,B8MoLkcvms4J,TodiMgxv4vMJ,True,0.9999810525853756,0.9999720148754953,9.03770988036623e-06,0.5000000000000001,True,correct,0.5000000000000001,True,correct,0.1,0.52497918747894,True,correct
DBLP,0.7,42,inner,bootstrap_OOB,355,conf/vldb/HaasB03,True,2,52x78w6qgcwJ,-sWlL27yCP0J,True,0.9999790000677136,0.9999545312923348,2.4468775378538865e-05,0.5000000000000001,True,correct,0.5000000000000001,True,correct,0.1,0.52497918747894,True,correct
DBLP,0.7,42,inner,bootstrap_OOB,356,conf/vldb/SarawagiBKM02,True,1,G9DGYRD0cnMJ,G9DGYRD0cnMJ,True,0.9999892558691408,0.1372287323643755,0.8627605235047651,0.5000000000000001,True,correct,0.5000000000000001,True,correct,0.1,0.52497918747894,True,correct
DBLP,0.7,42,inner,bootstrap_OOB,357,conf/vldb/Nori02,False,0,,url:http://portal.acm.org/ft_gateway.cfm%3Fid%3D507345%26type%3Dpdf%26dl%3DGUIDE%26dl%3DACM%26CFID%3D11111111%26CFTOKEN%3D2222222,False,1.1542667113840276e-05,1.1099039769806456e-05,4.436273440338182e-07,0.5000000000000001,False,unmatched_abstention,0.5000000000000001,False,unmatched_abstention,0.1,0.52497918747894,False,unmatched_abstention
DBLP,0.7,42,inner,bootstrap_OOB,358,conf/sigmod/DuSD95,True,1,Vl7gY6FsOOYJ,Vl7gY6FsOOYJ,True,0.9999858356915148,4.244045402625e-06,0.9999815916461122,0.5000000000000001,True,correct,0.5000000000000001,True,correct,0.1,0.52497918747894,True,correct
DBLP,0.7,42,inner,bootstrap_OOB,359,conf/vldb/Rengarajan96,False,0,,QDZuJrElFzIJ,False,7.108051648270891e-05,4.153057296295426e-06,6.69274591864135e-05,0.5000000000000001,False,unmatched_abstention,0.5000000000000001,False,unmatched_abstention,0.1,0.52497918747894,False,unmatched_abstention
DBLP,0.7,42,inner,bootstrap_OOB,360,conf/sigmod/Bussler01,True,1,UYIeOe280OwJ,UYIeOe280OwJ,True,0.997306452167173,0.996990040049513,0.0003164121176599,0.5000000000000001,True,correct,0.5000000000000001,True,correct,0.1,0.52497918747894,True,correct
DBLP,0.7,42,inner,bootstrap_OOB,361,conf/vldb/KaushikBNS02,True,1,dL5oJVHK10kJ,dL5oJVHK10kJ,True,0.9999772213889292,4.511488520018111e-06,0.9999727099004092,0.5000000000000001,True,correct,0.5000000000000001,True,correct,0.1,0.52497918747894,True,correct
DBLP,0.7,42,inner,bootstrap_OOB,362,journals/vldb/Amer-YahiaCLS02,True,2,79CvVWsqYLcJ,SdqZz-Rnmk4J,True,0.9999765513031672,0.9968275388336252,0.0031490124695421,0.5000000000000001,True,correct,0.5000000000000001,True,correct,0.1,0.52497918747894,True,correct
DBLP,0.7,42,inner,bootstrap_OOB,363,conf/sigmod/LlirbatFS97,True,1,hJiwQ2CQRBkJ,hJiwQ2CQRBkJ,True,0.9999883725046756,3.977687857714214e-06,0.9999843948168178,0.5000000000000001,True,correct,0.5000000000000001,True,correct,0.1,0.52497918747894,True,correct
DBLP,0.7,42,inner,bootstrap_OOB,364,journals/vldb/HarrisR96,True,1,S8x6zjXc9oAJ,S8x6zjXc9oAJ,True,0.9999697486092808,4.264469099870083e-06,0.9999654841401808,0.5000000000000001,True,correct,0.5000000000000001,True,correct,0.1,0.52497918747894,True,correct
DBLP,0.7,42,inner,bootstrap_OOB,365,conf/sigmod/ParkCY95,True,8,8CqjZ166ScEJ,hLrdara3zskJ,True,0.9999788824835668,0.9999746416817612,4.240801805721617e-06,0.5000000000000001,True,correct,0.5000000000000001,True,correct,0.1,0.52497918747894,True,correct
DBLP,0.7,42,inner,bootstrap_OOB,366,conf/sigmod/ChoALS03,True,1,MAdjH9lCsysJ,MAdjH9lCsysJ,True,0.9999902492490969,4.70669211888733e-06,0.9999855425569778,0.5000000000000001,True,correct,0.5000000000000001,True,correct,0.1,0.52497918747894,True,correct
DBLP,0.7,42,inner,bootstrap_OOB,367,conf/vldb/Mattos96,True,1,EpBlTCJ0_dUJ,EpBlTCJ0_dUJ,True,0.9999819905139322,4.690372884261841e-06,0.999977300141048,0.5000000000000001,True,correct,0.5000000000000001,True,correct,0.1,0.52497918747894,True,correct
DBLP,0.7,42,inner,bootstrap_OOB,368,conf/sigmod/QuassW97,True,6,3o4t-svHQfcJ,u6Sx6E5i4L8J,True,0.9999674149386906,0.9999559119965956,1.1502942095065194e-05,0.5000000000000001,True,correct,0.5000000000000001,True,correct,0.1,0.52497918747894,True,correct
DBLP,0.7,42,inner,bootstrap_OOB,369,conf/vldb/Suciu96,True,2,D45fvUWVon0J,D45fvUWVon0J,True,0.9999848178946656,0.0206210847963459,0.9793637330983196,0.5000000000000001,True,correct,0.5000000000000001,True,correct,0.1,0.52497918747894,True,correct
DBLP,0.7,42,inner,bootstrap_OOB,370,conf/vldb/ChaudhuriS94,True,3,bd-Lu1jeg-AJ,-f2FsG-EC9IJ,True,0.9999835200648212,0.9999815486994208,1.971365400477154e-06,0.5000000000000001,True,correct,0.5000000000000001,True,correct,0.1,0.52497918747894,True,correct
DBLP,0.7,42,inner,bootstrap_OOB,371,journals/sigmod/Aberer03c,True,1,url:http://portal.acm.org/citation.cfm%3Fid%3D945721.945727%26coll%3DGUIDE%26dl%3DACM%26idx%3DJ689%26part%3Dperiodical%26WantType%3Dperiodical%26title%3DACM%2520SIGMOD%2520Record%26CFID%3D11111111%26CFTOKEN%3D2222222,url:http://portal.acm.org/citation.cfm%3Fid%3D945721.945727%26coll%3DGUIDE%26dl%3DACM%26idx%3DJ689%26part%3Dperiodical%26WantType%3Dperiodical%26title%3DACM%2520SIGMOD%2520Record%26CFID%3D11111111%26CFTOKEN%3D2222222,True,0.9999702990298844,0.999191257737922,0.0007790412919624,0.5000000000000001,True,correct,0.5000000000000001,True,correct,0.1,0.52497918747894,True,correct
DBLP,0.7,42,inner,bootstrap_OOB,372,conf/vldb/BasuFP00,False,0,,url:http://portal.acm.org/ft_gateway.cfm%3Fid%3D1007674%26type%3Dpdf,False,4.2106848099442135e-06,4.132658732813236e-06,7.802607713097795e-08,0.5000000000000001,False,unmatched_abstention,0.5000000000000001,False,unmatched_abstention,0.1,0.52497918747894,False,unmatched_abstention
DBLP,0.7,42,inner,bootstrap_OOB,373,journals/sigmod/YaoG02,True,3,50aU57yUHVAJ,ARLe7W8EvDoJ,True,0.9999901818041028,0.9999847322158076,5.449588295292074e-06,0.5000000000000001,True,correct,0.5000000000000001,True,correct,0.1,0.52497918747894,True,correct
DBLP,0.7,42,inner,bootstrap_OOB,374,conf/vldb/GionisIM99,True,4,3RR94IxW5CUJ,A8rGBQif7MIJ,True,0.999982723687874,0.9999758278966244,6.895791249683647e-06,0.5000000000000001,True,correct,0.5000000000000001,True,correct,0.1,0.52497918747894,True,correct
DBLP,0.7,42,inner,bootstrap_OOB,375,journals/sigmod/ConstantopoulosCP01,False,0,,YeD6vittJSMJ,False,0.000217764811309,4.15071072765367e-05,0.0001762577040325,0.5000000000000001,False,unmatched_abstention,0.5000000000000001,False,unmatched_abstention,0.1,0.52497918747894,False,unmatched_abstention
DBLP,0.7,42,inner,bootstrap_OOB,376,conf/vldb/DagevilleZ02,True,1,x9bmOZxOlE8J,x9bmOZxOlE8J,True,0.9999843692322272,4.529880249184625e-06,0.999979839351978,0.5000000000000001,True,correct,0.5000000000000001,True,correct,0.1,0.52497918747894,True,correct
DBLP,0.7,42,inner,bootstrap_OOB,377,journals/tods/LiuDL02,True,1,TSvYx-eQvykJ,TSvYx-eQvykJ,True,0.999986740897836,6.11375727643246e-06,0.9999806271405596,0.5000000000000001,True,correct,0.5000000000000001,True,correct,0.1,0.52497918747894,True,correct
DBLP,0.7,42,inner,bootstrap_OOB,378,journals/vldb/MaedcheMS03,True,1,qKJ1c8D-95wJ,qKJ1c8D-95wJ,True,0.9999885422852876,5.640301058669532e-06,0.999982901984229,0.5000000000000001,True,correct,0.5000000000000001,True,correct,0.1,0.52497918747894,True,correct
DBLP,0.7,42,inner,bootstrap_OOB,379,journals/sigmod/Liu03b,False,0,,url:http://portal.acm.org/citation.cfm%3Fid%3D945721.945727%26coll%3DGUIDE%26dl%3DACM%26idx%3DJ689%26part%3Dperiodical%26WantType%3Dperiodical%26title%3DACM%2520SIGMOD%2520Record%26CFID%3D11111111%26CFTOKEN%3D2222222,False,0.00014173750481,0.0001391362005751,2.6013042349698424e-06,0.5000000000000001,False,unmatched_abstention,0.5000000000000001,False,unmatched_abstention,0.1,0.52497918747894,False,unmatched_abstention
DBLP,0.7,42,inner,bootstrap_OOB,380,journals/vldb/BohmAnY97,True,4,O7IuKWfq4RYJ,XsTFqLpfsfgJ,True,0.9999898429425252,0.9999893695100353,4.734324899891007e-07,0.5000000000000001,True,correct,0.5000000000000001,True,correct,0.1,0.52497918747894,True,correct
DBLP,0.7,42,inner,bootstrap_OOB,381,conf/sigmod/Atkinson95,True,1,url:http://portal.acm.org/citation.cfm%3Fid%3D223874,url:http://portal.acm.org/citation.cfm%3Fid%3D223874,True,0.9999859299188144,4.686849431411653e-06,0.999981243069383,0.5000000000000001,True,correct,0.5000000000000001,True,correct,0.1,0.52497918747894,True,correct
DBLP,0.7,42,inner,bootstrap_OOB,382,conf/sigmod/BergstraesserBPS99,True,2,4Ha7Bs5Vq3MJ,qcZ2tYThtK0J,True,0.9999858814633686,0.0017956926789571,0.9981901887844116,0.5000000000000001,True,correct,0.5000000000000001,True,correct,0.1,0.52497918747894,True,correct
DBLP,0.7,42,inner,bootstrap_OOB,383,journals/sigmod/LeeCL95,True,1,G1E5PwzwdSMJ,G1E5PwzwdSMJ,True,0.9999366968963228,4.950827039164599e-06,0.9999317460692836,0.5000000000000001,True,correct,0.5000000000000001,True,correct,0.1,0.52497918747894,True,correct
DBLP,0.7,42,inner,bootstrap_OOB,384,conf/sigmod/ShouCTRH01,True,1,url:http://portal.acm.org/ft_gateway.cfm%3Fid%3D375755%26type%3Dpdf%26dl%3DGUIDE%26dl%3DGUIDE%26CFID%3D11111111%26CFTOKEN%3D2222222,url:http://portal.acm.org/ft_gateway.cfm%3Fid%3D375755%26type%3Dpdf%26dl%3DGUIDE%26dl%3DGUIDE%26CFID%3D11111111%26CFTOKEN%3D2222222,True,0.9999883286105216,0.0079271567635474,0.9920611718469742,0.5000000000000001,True,correct,0.5000000000000001,True,correct,0.1,0.52497918747894,True,correct
DBLP,0.7,42,inner,bootstrap_OOB,385,journals/tods/YanG94,True,3,fx6kDLBa8q8J,fx6kDLBa8q8J,True,0.9998745033087212,0.9997946830449898,7.98202637314338e-05,0.5000000000000001,True,correct,0.5000000000000001,True,correct,0.1,0.52497918747894,True,correct
DBLP,0.7,42,inner,bootstrap_OOB,386,journals/sigmod/YauLMS99,True,2,bhVBJw9Rp3QJ,vWwVQvcIrbEJ,True,0.99998442463046,0.99984488456905,0.0001395400614099,0.5000000000000001,True,correct,0.5000000000000001,True,correct,0.1,0.52497918747894,True,correct
DBLP,0.7,42,inner,bootstrap_OOB,387,conf/vldb/ReuterCGSW95,True,1,url:http://portal.acm.org/citation.cfm%3Fid%3D645921.673318,url:http://portal.acm.org/citation.cfm%3Fid%3D645921.673318,True,0.9999867389251168,0.9946041304924093,0.0053826084327075,0.5000000000000001,True,correct,0.5000000000000001,True,correct,0.1,0.52497918747894,True,correct
DBLP,0.7,42,inner,bootstrap_OOB,388,journals/sigmod/RiekertMW97,True,1,M-3MGd3wPcsJ,M-3MGd3wPcsJ,True,0.9999876282458962,0.830097913692227,0.1698897145536692,0.5000000000000001,True,correct,0.5000000000000001,True,correct,0.1,0.52497918747894,True,correct
DBLP,0.7,42,inner,bootstrap_OOB,389,journals/tods/LitwinN96,True,4,d7by8a0ArhIJ,eKvrxzDXW0AJ,True,0.999986994980111,0.9999577477107356,2.924726937536537e-05,0.5000000000000001,True,correct,0.5000000000000001,True,correct,0.1,0.52497918747894,True,correct
DBLP,0.7,42,inner,bootstrap_OOB,390,conf/sigmod/Chan98,True,1,oo2mr5fbMggJ,oo2mr5fbMggJ,True,0.999987146037684,0.0017150407168328,0.9982721053208512,0.5000000000000001,True,correct,0.5000000000000001,True,correct,0.1,0.52497918747894,True,correct
DBLP,0.7,42,inner,bootstrap_OOB,391,journals/sigmod/BargaL02,True,2,fY3kkkzBLw8J,QTzV3iNq2O8J,True,0.9999859419765044,0.9999763888428532,9.553133651363233e-06,0.5000000000000001,True,correct,0.5000000000000001,True,correct,0.1,0.52497918747894,True,correct
DBLP,0.7,42,inner,bootstrap_OOB,392,conf/vldb/LaneEN00,True,2,0O3JgOoSdIUJ,EUNYWV7uBTwJ,True,0.9999606868554972,0.9991137882176878,0.0008468986378092,0.5000000000000001,True,correct,0.5000000000000001,True,correct,0.1,0.52497918747894,True,correct
DBLP,0.7,42,inner,bootstrap_OOB,393,journals/sigmod/Halevy00,True,1,czgyMu7SHcgJ,czgyMu7SHcgJ,True,0.9999696730458172,1.4203617018619474e-05,0.9999554694287984,0.5000000000000001,True,correct,0.5000000000000001,True,correct,0.1,0.52497918747894,True,correct
DBLP,0.7,42,inner,bootstrap_OOB,394,journals/sigmod/BallMRZ02,True,1,Mfc9xsb7BuQJ,Mfc9xsb7BuQJ,True,0.9999861345713622,4.1498741560903646e-06,0.999981984697206,0.5000000000000001,True,correct,0.5000000000000001,True,correct,0.1,0.52497918747894,True,correct
DBLP,0.7,42,inner,bootstrap_OOB,395,conf/sigmod/PopaDST00,True,1,gAwckIiPpTEJ,gAwckIiPpTEJ,True,0.999975805733732,4.04689044434575e-06,0.9999717588432876,0.5000000000000001,True,correct,0.5000000000000001,True,correct,0.1,0.52497918747894,True,correct
DBLP,0.7,42,inner,bootstrap_OOB,396,journals/sigmod/Snodgrass03c,True,1,url:http://portal.acm.org/ft_gateway.cfm%3Fid%3D959062%26type%3Dpdf%26dl%3DGUIDE%26dl%3DACM%26CFID%3D11111111%26CFTOKEN%3D2222222,url:http://portal.acm.org/ft_gateway.cfm%3Fid%3D959062%26type%3Dpdf%26dl%3DGUIDE%26dl%3DACM%26CFID%3D11111111%26CFTOKEN%3D2222222,True,0.9999748514670034,0.0003506693512906,0.9996241821157128,0.5000000000000001,True,correct,0.5000000000000001,True,correct,0.1,0.52497918747894,True,correct
DBLP,0.7,42,inner,bootstrap_OOB,397,journals/sigmod/KambhampatiK03,True,1,url:http://portal.acm.org/ft_gateway.cfm%3Fid%3D959086%26type%3Dpdf%26dl%3DGUIDE%26dl%3DACM%26CFID%3D11111111%26CFTOKEN%3D2222222,url:http://portal.acm.org/ft_gateway.cfm%3Fid%3D959086%26type%3Dpdf%26dl%3DGUIDE%26dl%3DACM%26CFID%3D11111111%26CFTOKEN%3D2222222,True,0.9999882693348978,4.180810781479294e-06,0.9999840885241164,0.5000000000000001,True,correct,0.5000000000000001,True,correct,0.1,0.52497918747894,True,correct
DBLP,0.7,42,inner,bootstrap_OOB,398,journals/sigmod/CasatiDS00,True,2,jPx0tvkJ-fUJ,jPx0tvkJ-fUJ,True,0.9999283523307536,0.9998873756592652,4.097667148827977e-05,0.5000000000000001,True,correct,0.5000000000000001,True,correct,0.1,0.52497918747894,True,correct
DBLP,0.7,42,inner,bootstrap_OOB,399,conf/sigmod/Smith01,True,2,5wh3Y-mBqJQJ,5wh3Y-mBqJQJ,True,0.9462585104807458,0.0018642995988525,0.9443942108818932,0.5000000000000001,True,correct,0.5000000000000001,True,correct,0.1,0.52497918747894,True,correct
DBLP,0.7,42,inner,bootstrap_OOB,400,conf/vldb/BaulierBGJGKKMMNNRSS98,True,1,VQ41LtuXMrUJ,VQ41LtuXMrUJ,True,0.999988578984155,0.9452325173830548,0.0547560616011003,0.5000000000000001,True,correct,0.5000000000000001,True,correct,0.1,0.52497918747894,True,correct
DBLP,0.7,42,inner,bootstrap_OOB,401,journals/tods/Kuo96,True,2,p--jtVlva8AJ,p--jtVlva8AJ,True,0.9999858454678922,0.9999803028183186,5.542649573531122e-06,0.5000000000000001,True,correct,0.5000000000000001,True,correct,0.1,0.52497918747894,True,correct
DBLP,0.7,42,inner,bootstrap_OOB,402,journals/sigmod/Franklin97a,False,0,,url:http://portal.acm.org/citation.cfm%3Fid%3D945721.945727%26coll%3DGUIDE%26dl%3DACM%26idx%3DJ689%26part%3Dperiodical%26WantType%3Dperiodical%26title%3DACM%2520SIGMOD%2520Record%26CFID%3D11111111%26CFTOKEN%3D2222222,False,9.582138662105856e-06,8.13766685083816e-06,1.4444718112676944e-06,0.5000000000000001,False,unmatched_abstention,0.5000000000000001,False,unmatched_abstention,0.1,0.52497918747894,False,unmatched_abstention
DBLP,0.7,42,inner,bootstrap_OOB,403,journals/tods/CiacciaTZ96,True,1,rkCKzi1v0-0J,rkCKzi1v0-0J,True,0.9999831905126918,4.103377415144727e-06,0.9999790871352766,0.5000000000000001,True,correct,0.5000000000000001,True,correct,0.1,0.52497918747894,True,correct
DBLP,0.7,42,inner,bootstrap_OOB,404,journals/sigmod/KappelR98,True,2,tbZ0J3HLI18J,tbZ0J3HLI18J,True,0.9999898762381992,0.9999797835039138,1.0092734285538365e-05,0.5000000000000001,True,correct,0.5000000000000001,True,correct,0.1,0.52497918747894,True,correct
DBLP,0.7,42,inner,bootstrap_OOB,405,conf/vldb/KonigW99,True,1,6HMffRHCspAJ,6HMffRHCspAJ,True,0.9999888634162694,0.9664661345522498,0.0335227288640195,0.5000000000000001,True,correct,0.5000000000000001,True,correct,0.1,0.52497918747894,True,correct
DBLP,0.7,42,inner,bootstrap_OOB,406,conf/vldb/Johnson99,True,1,B3PwhNu8Y6IJ,B3PwhNu8Y6IJ,True,0.9999820062392484,5.684858094546146e-06,0.9999763213811538,0.5000000000000001,True,correct,0.5000000000000001,True,correct,0.1,0.52497918747894,True,correct
DBLP,0.7,42,inner,bootstrap_OOB,407,journals/sigmod/Bestavros96,True,1,Q2y53UR0g6oJ,yYglaTkMxZ8J,False,0.9999123497703264,0.9998983222782584,1.4027492068025005e-05,0.5000000000000001,True,false_link,0.5000000000000001,True,false_link,0.1,0.52497918747894,True,false_link
DBLP,0.7,42,inner,bootstrap_OOB,408,journals/tods/MehrotraRKS98,True,1,tAnONC5J2W8J,tAnONC5J2W8J,True,0.9999892060904064,5.895045996250526e-06,0.99998331104441,0.5000000000000001,True,correct,0.5000000000000001,True,correct,0.1,0.52497918747894,True,correct
DBLP,0.7,42,inner,bootstrap_OOB,409,conf/sigmod/Ullman03,True,1,TabFkjNTLMsJ,TabFkjNTLMsJ,True,0.9999878438964392,5.8489754199497045e-06,0.9999819949210192,0.5000000000000001,True,correct,0.5000000000000001,True,correct,0.1,0.52497918747894,True,correct
DBLP,0.7,42,inner,bootstrap_OOB,410,conf/vldb/StanoiRAA01,True,1,SBpUQ0L7KUgJ,SBpUQ0L7KUgJ,True,0.9999847745274604,3.958479071314556e-06,0.9999808160483892,0.5000000000000001,True,correct,0.5000000000000001,True,correct,0.1,0.52497918747894,True,correct
DBLP,0.7,42,inner,bootstrap_OOB,411,journals/sigmod/Snodgrass00b,False,0,,NHxHsUH9L5MJ,False,0.051614786671602,0.0146605340674859,0.0369542526041161,0.5000000000000001,False,unmatched_abstention,0.5000000000000001,False,unmatched_abstention,0.1,0.52497918747894,False,unmatched_abstention
DBLP,0.7,42,inner,bootstrap_OOB,412,journals/sigmod/Vianu03,True,2,bvcQt7zFoAoJ,JgenqfLQC1UJ,True,0.9999118759190267,0.8331932029378158,0.166718672981211,0.5000000000000001,True,correct,0.5000000000000001,True,correct,0.1,0.52497918747894,True,correct
DBLP,0.7,42,inner,bootstrap_OOB,413,journals/tods/BrightHP94,True,2,BHvvo_nJxucJ,BHvvo_nJxucJ,True,0.9999898890514908,0.9955849052119145,0.0044049838395764,0.5000000000000001,True,correct,0.5000000000000001,True,correct,0.1,0.52497918747894,True,correct
DBLP,0.7,42,inner,bootstrap_OOB,414,journals/sigmod/Camps96,True,1,mDj9X3EN9ycJ,url:http://portal.acm.org/ft_gateway.cfm%3Fid%3D245885%26type%3Dpdf%26dl%3DGUIDE%26dl%3DACM%26CFID%3D11111111%26CFTOKEN%3D2222222,False,0.9999558966900168,0.999945056263699,1.0840426317826337e-05,0.5000000000000001,True,false_link,0.5000000000000001,True,false_link,0.1,0.52497918747894,True,false_link
DBLP,0.7,42,inner,bootstrap_OOB,415,conf/vldb/BlottKS98,False,0,,Phju6OZ7owkJ,False,4.202148267367012e-06,4.157392505894508e-06,4.475576147250369e-08,0.5000000000000001,False,unmatched_abstention,0.5000000000000001,False,unmatched_abstention,0.1,0.52497918747894,False,unmatched_abstention
DBLP,0.7,42,inner,bootstrap_OOB,416,journals/sigmod/Liu02a,False,0,,url:http://portal.acm.org/ft_gateway.cfm%3Fid%3D945727%26type%3Dpdf%26dl%3DGUIDE%26dl%3DACM%26CFID%3D11111111%26CFTOKEN%3D2222222,False,1.6792711743764692e-05,1.4486627507461211e-05,2.306084236303479e-06,0.5000000000000001,False,unmatched_abstention,0.5000000000000001,False,unmatched_abstention,0.1,0.52497918747894,False,unmatched_abstention
DBLP,0.7,42,inner,bootstrap_OOB,417,conf/vldb/PedersenJD99,True,3,a36_v9H699oJ,sAUncbolYJ8J,True,0.9999892703067028,0.999987968720276,1.3015864268606236e-06,0.5000000000000001,True,correct,0.5000000000000001,True,correct,0.1,0.52497918747894,True,correct
DBLP,0.7,42,inner,bootstrap_OOB,418,conf/sigmod/YangWYH02,True,1,xsaovu54vl4J,xsaovu54vl4J,True,0.9999821151310598,0.9567339297714612,0.0432481853595987,0.5000000000000001,True,correct,0.5000000000000001,True,correct,0.1,0.52497918747894,True,correct
DBLP,0.7,42,inner,bootstrap_OOB,419,journals/sigmod/Kuijpers02,True,1,url:http://portal.acm.org/citation.cfm%3Fid%3D601858.601866%26dl%3DGUIDE%26dl%3DACM%26idx%3DJ689%26part%3Dperiodical%26WantType%3Dperiodical%26title%3DACM%2520SIGMOD%2520Record%26CFID%3D11111111%26CFTOKEN%3D2222222,06Ut4zQ7xWQJ,False,0.9999000059117248,0.9997194599623068,0.0001805459494179,0.5000000000000001,True,false_link,0.5000000000000001,True,false_link,0.1,0.52497918747894,True,false_link
DBLP,0.7,42,inner,bootstrap_OOB,420,conf/vldb/HinneburgLH03,True,1,xC2efRb-WrQJ,xC2efRb-WrQJ,True,0.999988699223998,4.043807958402916e-06,0.9999846554160396,0.5000000000000001,True,correct,0.5000000000000001,True,correct,0.1,0.52497918747894,True,correct
DBLP,0.7,42,inner,bootstrap_OOB,421,conf/vldb/ShanmugasundaramGTZDN99,True,13,C5EoaXfZ7BsJ,NADaoJJSRfQJ,True,0.999987927067346,0.9999877973202193,1.2974712682023437e-07,0.5000000000000001,True,correct,0.5000000000000001,True,correct,0.1,0.52497918747894,True,correct
DBLP,0.7,42,inner,bootstrap_OOB,422,conf/vldb/HasanM94,True,2,e7N82yYp8UIJ,JW7LRQwx_goJ,True,0.9999872995926844,0.9999830544268608,4.245165823535402e-06,0.5000000000000001,True,correct,0.5000000000000001,True,correct,0.1,0.52497918747894,True,correct
DBLP,0.7,42,inner,bootstrap_OOB,423,conf/sigmod/ReveszCKLLW00,True,2,bx_A3QEqKhEJ,qxShx7aNiuEJ,True,0.9999872268713444,0.9999758434515535,1.1383419790900184e-05,0.5000000000000001,True,correct,0.5000000000000001,True,correct,0.1,0.52497918747894,True,correct
DBLP,0.7,42,inner,bootstrap_OOB,424,conf/vldb/FrohnLU94,True,2,iarLqyQmZ7IJ,xpreqF8k7N4J,True,0.999988159898768,0.9999869103697996,1.2495289684055777e-06,0.5000000000000001,True,correct,0.5000000000000001,True,correct,0.1,0.52497918747894,True,correct
DBLP,0.7,42,inner,bootstrap_OOB,425,conf/vldb/ChakravarthyKAK94,True,3,3M_0Kd8NNjgJ,L9eva_gsxrIJ,True,0.9999870841439096,0.9999798879597198,7.196184189761645e-06,0.5000000000000001,True,correct,0.5000000000000001,True,correct,0.1,0.52497918747894,True,correct
DBLP,0.7,42,inner,bootstrap_OOB,426,conf/sigmod/KornM00,True,2,HlhXdvHzlvwJ,HlhXdvHzlvwJ,True,0.9999818060448896,0.9999629493976082,1.885664728140668e-05,0.5000000000000001,True,correct,0.5000000000000001,True,correct,0.1,0.52497918747894,True,correct
DBLP,0.7,42,inner,bootstrap_OOB,427,journals/vldb/Guting94,True,6,2HXoDqKjpXYJ,-7PP3rSp1UcJ,True,0.9999771150469224,0.9999153073578062,6.180768911634438e-05,0.5000000000000001,True,correct,0.5000000000000001,True,correct,0.1,0.52497918747894,True,correct
DBLP,0.7,42,inner,bootstrap_OOB,428,conf/vldb/SenkulKT02,True,1,g7HDbO4GCN4J,g7HDbO4GCN4J,True,0.9999889660553418,4.131945438226215e-06,0.9999848341099036,0.5000000000000001,True,correct,0.5000000000000001,True,correct,0.1,0.52497918747894,True,correct
DBLP,0.7,42,inner,bootstrap_OOB,429,conf/sigmod/ArasuBBDIRW03,True,3,1DKKwROqEeYJ,1DKKwROqEeYJ,True,0.9999620981364366,0.9999465010699264,1.559706651010906e-05,0.5000000000000001,True,correct,0.5000000000000001,True,correct,0.1,0.52497918747894,True,correct
DBLP,0.7,42,inner,bootstrap_OOB,430,journals/sigmod/AtzeniM98,True,2,HtxGbMkTXdsJ,HtxGbMkTXdsJ,True,0.9982509142350084,0.3408840112558999,0.6573669029791085,0.5000000000000001,True,correct,0.5000000000000001,True,correct,0.1,0.52497918747894,True,correct
DBLP,0.7,42,inner,bootstrap_OOB,431,conf/sigmod/PeiMHZ00,True,1,UyhrqiH_-MoJ,UyhrqiH_-MoJ,True,0.9999805804293738,4.898559841623241e-06,0.999975681869532,0.5000000000000001,True,correct,0.5000000000000001,True,correct,0.1,0.52497918747894,True,correct
DBLP,0.7,42,inner,bootstrap_OOB,432,journals/vldb/BunemanFS00,True,1,E_CQlx3K0W4J,E_CQlx3K0W4J,True,0.9999902660192636,9.834660951570284e-06,0.999980431358312,0.5000000000000001,True,correct,0.5000000000000001,True,correct,0.1,0.52497918747894,True,correct
DBLP,0.7,42,inner,bootstrap_OOB,433,conf/vldb/Klots96,True,1,dTORuW_9YRoJ,dTORuW_9YRoJ,True,0.9999852765838276,7.05222255407492e-06,0.9999782243612736,0.5000000000000001,True,correct,0.5000000000000001,True,correct,0.1,0.52497918747894,True,correct
DBLP,0.7,42,inner,bootstrap_OOB,434,conf/vldb/KossmannRR02,True,1,iGlztgiSTe4J,iGlztgiSTe4J,True,0.9999866405765288,4.16521046797323e-06,0.9999824753660608,0.5000000000000001,True,correct,0.5000000000000001,True,correct,0.1,0.52497918747894,True,correct
DBLP,0.7,42,inner,bootstrap_OOB,435,conf/sigmod/Ozsu99,True,1,cifMTT3UYjQJ,cifMTT3UYjQJ,True,0.999973576495596,0.0078897558296212,0.9920838206659748,0.5000000000000001,True,correct,0.5000000000000001,True,correct,0.1,0.52497918747894,True,correct
DBLP,0.7,42,inner,bootstrap_OOB,436,conf/sigmod/KaushikBNK02,True,2,8M2rLLD3DlQJ,8M2rLLD3DlQJ,True,0.9999538933639098,0.9997113517271188,0.0002425416367911,0.5000000000000001,True,correct,0.5000000000000001,True,correct,0.1,0.52497918747894,True,correct
DBLP,0.7,42,inner,bootstrap_OOB,437,conf/vldb/HulgeriS03,True,1,l5_H15LkpCsJ,l5_H15LkpCsJ,True,0.999991098153216,1.4121122012705944e-05,0.9999769770312033,0.5000000000000001,True,correct,0.5000000000000001,True,correct,0.1,0.52497918747894,True,correct
DBLP,0.7,42,inner,bootstrap_OOB,438,conf/sigmod/LarsonG03,True,3,14VyjJ0mnBMJ,14VyjJ0mnBMJ,True,0.99998399626077,0.945522198710076,0.0544617975506939,0.5000000000000001,True,correct,0.5000000000000001,True,correct,0.1,0.52497918747894,True,correct
DBLP,0.7,42,inner,bootstrap_OOB,439,conf/vldb/NgY94,True,3,1O-Uy922LQUJ,1O-Uy922LQUJ,True,0.9999853943785952,0.902196509657994,0.0977888847206012,0.5000000000000001,True,correct,0.5000000000000001,True,correct,0.1,0.52497918747894,True,correct
DBLP,0.7,42,inner,bootstrap_OOB,440,conf/vldb/Keogh02,True,1,rKIsQpbRiM0J,rKIsQpbRiM0J,True,0.9622301386495136,4.190250950690154e-06,0.9622259483985628,0.5000000000000001,True,correct,0.5000000000000001,True,correct,0.1,0.52497918747894,True,correct
DBLP,0.7,42,inner,bootstrap_OOB,441,journals/sigmod/Aberer03,False,0,,url:http://portal.acm.org/ft_gateway.cfm%3Fid%3D959078%26type%3Dpdf%26dl%3DGUIDE%26dl%3DACM%26CFID%3D11111111%26CFTOKEN%3D2222222,False,2.327638614144185e-05,1.3447442336943546e-05,9.828943804498306e-06,0.5000000000000001,False,unmatched_abstention,0.5000000000000001,False,unmatched_abstention,0.1,0.52497918747894,False,unmatched_abstention
DBLP,0.7,42,inner,bootstrap_OOB,442,journals/sigmod/FrankNS02,True,1,YeD6vittJSMJ,YeD6vittJSMJ,True,0.995573793066306,0.0001112387339512,0.9954625543323548,0.5000000000000001,True,correct,0.5000000000000001,True,correct,0.1,0.52497918747894,True,correct
DBLP,0.7,42,inner,bootstrap_OOB,443,journals/vldb/AbadiCCCCLSTZ03,True,1,gBVNSFeS4P8J,gBVNSFeS4P8J,True,0.9999911077749772,0.9999867586643674,4.349110609758178e-06,0.5000000000000001,True,correct,0.5000000000000001,True,correct,0.1,0.52497918747894,True,correct
DBLP,0.7,42,inner,bootstrap_OOB,444,conf/sigmod/GangulyGMS96,True,2,05ZgvGyhSC0J,05ZgvGyhSC0J,True,0.9999844123714192,0.9999539402107162,3.04721607031766e-05,0.5000000000000001,True,correct,0.5000000000000001,True,correct,0.1,0.52497918747894,True,correct
DBLP,0.7,42,inner,bootstrap_OOB,445,journals/tods/PetersO97,True,2,er0r8doAGUQJ,mQp5jjo-npAJ,True,0.9999859602512016,0.9996078385977714,0.0003781216534303,0.5000000000000001,True,correct,0.5000000000000001,True,correct,0.1,0.52497918747894,True,correct
DBLP,0.7,42,inner,bootstrap_OOB,446,conf/vldb/GravanoIJKMS01,True,1,iAYjhuQV_qMJ,iAYjhuQV_qMJ,True,0.9999891861742108,8.26903221842151e-06,0.9999809171419924,0.5000000000000001,True,correct,0.5000000000000001,True,correct,0.1,0.52497918747894,True,correct
DBLP,0.7,42,inner,bootstrap_OOB,447,conf/sigmod/GodfreySE98,True,2,f5cqkpUXl0kJ,f5cqkpUXl0kJ,True,0.9999881778273212,0.9999881361629284,4.166439293573632e-08,0.5000000000000001,True,correct,0.5000000000000001,True,correct,0.1,0.52497918747894,True,correct
DBLP,0.7,42,inner,bootstrap_OOB,448,conf/vldb/Guting94,True,4,_0wERrIJ168J,584tvD8f6AAJ,True,0.9999755079602476,0.994642543650743,0.0053329643095045,0.5000000000000001,True,correct,0.5000000000000001,True,correct,0.1,0.52497918747894,True,correct
DBLP,0.7,42,inner,bootstrap_OOB,449,conf/vldb/LimWPVP02,True,2,9kl_hTyQtmQJ,9kl_hTyQtmQJ,True,0.9999894877651518,0.999876926345629,0.0001125614195228,0.5000000000000001,True,correct,0.5000000000000001,True,correct,0.1,0.52497918747894,True,correct
DBLP,0.7,42,inner,bootstrap_OOB,450,conf/vldb/BridgeJKLLM97,True,3,8qlmryXP3BsJ,JO9Jnx_gGIUJ,True,0.9999902360449544,0.9999878307082508,2.405336703481531e-06,0.5000000000000001,True,correct,0.5000000000000001,True,correct,0.1,0.52497918747894,True,correct
DBLP,0.7,42,inner,bootstrap_OOB,451,conf/vldb/TheodoratosS97,True,2,CVUC4Rc5JU8J,CVUC4Rc5JU8J,True,0.9999734291270588,0.9998461551800502,0.0001272739470085,0.5000000000000001,True,correct,0.5000000000000001,True,correct,0.1,0.52497918747894,True,correct
DBLP,0.7,42,inner,bootstrap_OOB,452,conf/vldb/Jamil97,True,1,tLpAE7ZSkLsJ,tLpAE7ZSkLsJ,True,0.9999835966131349,3.9918167663856944e-06,0.9999796047963684,0.5000000000000001,True,correct,0.5000000000000001,True,correct,0.1,0.52497918747894,True,correct
DBLP,0.7,42,inner,bootstrap_OOB,453,journals/sigmod/BernsteinDK99,True,3,MsK0xHsckUIJ,Ye5fTBiMoUwJ,True,0.9999615280469836,0.9995364621663676,0.0004250658806159,0.5000000000000001,True,correct,0.5000000000000001,True,correct,0.1,0.52497918747894,True,correct
DBLP,0.7,42,inner,bootstrap_OOB,454,journals/sigmod/BaaderJN97,True,3,dr4SzOhnLB8J,dr4SzOhnLB8J,True,0.9997816332653712,0.9997723650991176,9.26816625335114e-06,0.5000000000000001,True,correct,0.5000000000000001,True,correct,0.1,0.52497918747894,True,correct
DBLP,0.7,42,inner,bootstrap_OOB,455,conf/sigmod/BunemanKTT02,True,1,cKIQyzazkYEJ,cKIQyzazkYEJ,True,0.8759221207542746,4.997204562854675e-06,0.8759171235497117,0.5000000000000001,True,correct,0.5000000000000001,True,correct,0.1,0.52497918747894,True,correct
DBLP,0.7,42,inner,bootstrap_OOB,456,journals/sigmod/BernsteinBCDFGGHHJLMNPSU98,True,6,CuNhtOboaGoJ,qegvGp8SWyMJ,True,0.9999804387215282,0.999978257820044,2.1809014842943952e-06,0.5000000000000001,True,correct,0.5000000000000001,True,correct,0.1,0.52497918747894,True,correct
DBLP,0.7,42,inner,bootstrap_OOB,457,conf/vldb/RaghavanG01,True,3,9Wo54Wyh_X8J,LcX8Pm2ABJsJ,True,0.9999813308137052,0.9999615140662008,1.9816747504175503e-05,0.5000000000000001,True,correct,0.5000000000000001,True,correct,0.1,0.52497918747894,True,correct
DBLP,0.7,42,inner,bootstrap_OOB,458,journals/sigmod/WeikumSR03,False,0,,url:http://portal.acm.org/ft_gateway.cfm%3Fid%3D1083797%26type%3Dpdf,False,3.098902596059151e-05,8.967797742777585e-06,2.2021228217813924e-05,0.5000000000000001,False,unmatched_abstention,0.5000000000000001,False,unmatched_abstention,0.1,0.52497918747894,False,unmatched_abstention
DBLP,0.7,42,inner,bootstrap_OOB,459,journals/sigmod/KokkotosIPS95,True,1,-IvY8_ki_psJ,-IvY8_ki_psJ,True,0.9999878380290552,4.3776755017091245e-06,0.9999834603535536,0.5000000000000001,True,correct,0.5000000000000001,True,correct,0.1,0.52497918747894,True,correct
DBLP,0.7,42,inner,bootstrap_OOB,460,conf/sigmod/DoppelhammerHKK97,True,2,LUfRqM48JaEJ,q_A8Y8KY9WkJ,True,0.9999887186599992,0.9999791897000758,9.528959923454929e-06,0.5000000000000001,True,correct,0.5000000000000001,True,correct,0.1,0.52497918747894,True,correct
DBLP,0.7,42,inner,bootstrap_OOB,461,journals/vldb/SheikholeslamiCZ00,True,3,2GWXn3jT0uwJ,Eo0JhvpLGj0J,True,0.9999907992047208,0.9999836920397804,7.107164940345356e-06,0.5000000000000001,True,correct,0.5000000000000001,True,correct,0.1,0.52497918747894,True,correct
DBLP,0.7,42,inner,bootstrap_OOB,462,conf/sigmod/MiloAABN03,True,2,fHp5E4Rxt7cJ,P7vZf4MkRO4J,True,0.9999704926153866,0.9999150681255364,5.5424489850186553e-05,0.5000000000000001,True,correct,0.5000000000000001,True,correct,0.1,0.52497918747894,True,correct
DBLP,0.7,42,inner,bootstrap_OOB,463,conf/vldb/SeshadriLR96,True,4,ifOM4z6uxXUJ,ifOM4z6uxXUJ,True,0.9999909342780956,0.999990567793588,3.6648450751908257e-07,0.5000000000000001,True,correct,0.5000000000000001,True,correct,0.1,0.52497918747894,True,correct
DBLP,0.7,42,inner,bootstrap_OOB,464,journals/tods/BunemanO96,True,3,Q28u7TpTgI0J,-ZDi1Wdy_DoJ,True,0.9999835980053234,0.9999785564013064,5.0416040169309895e-06,0.5000000000000001,True,correct,0.5000000000000001,True,correct,0.1,0.52497918747894,True,correct
DBLP,0.7,42,inner,bootstrap_OOB,465,conf/vldb/ShiSZ03,True,1,-OjqoDQTIxMJ,-OjqoDQTIxMJ,True,0.9999874601539732,4.150483673091712e-06,0.9999833096703,0.5000000000000001,True,correct,0.5000000000000001,True,correct,0.1,0.52497918747894,True,correct
DBLP,0.7,42,inner,bootstrap_OOB,466,journals/sigmod/SycaraKWL99,True,6,7OyvdUHeptMJ,YgouJdrCoZQJ,True,0.9999885252815042,0.9999836328653156,4.892416188617688e-06,0.5000000000000001,True,correct,0.5000000000000001,True,correct,0.1,0.52497918747894,True,correct
DBLP,0.7,42,inner,bootstrap_OOB,467,conf/vldb/Hess96,True,1,Gia7489k5t4J,Gia7489k5t4J,True,0.9999877603393332,1.1250150969206733e-05,0.999976510188364,0.5000000000000001,True,correct,0.5000000000000001,True,correct,0.1,0.52497918747894,True,correct
DBLP,0.7,42,inner,bootstrap_OOB,468,conf/sigmod/ImielinskiV95,True,1,dKMRgoNRQDgJ,dKMRgoNRQDgJ,True,0.9999781846079197,4.1680476115124886e-06,0.9999740165603082,0.5000000000000001,True,correct,0.5000000000000001,True,correct,0.1,0.52497918747894,True,correct
DBLP,0.7,42,inner,bootstrap_OOB,469,journals/sigmod/NorrieBSW94,True,2,ctEdyJRdTbkJ,q6YVJJgD1uQJ,True,0.9999872059146044,0.0002832069911734,0.9997039989234312,0.5000000000000001,True,correct,0.5000000000000001,True,correct,0.1,0.52497918747894,True,correct
DBLP,0.7,42,inner,bootstrap_OOB,470,conf/vldb/BalminHKPSW03,True,1,8xRHvInl0_0J,8xRHvInl0_0J,True,0.9999744901842326,2.9456411586966515e-05,0.9999450337726457,0.5000000000000001,True,correct,0.5000000000000001,True,correct,0.1,0.52497918747894,True,correct
DBLP,0.7,42,inner,bootstrap_OOB,471,conf/vldb/ZhouS03,True,1,NlDvk5J0WwEJ,NlDvk5J0WwEJ,True,0.9999842688743856,4.218868524267286e-06,0.9999800500058614,0.5000000000000001,True,correct,0.5000000000000001,True,correct,0.1,0.52497918747894,True,correct
DBLP,0.7,42,inner,bootstrap_OOB,472,conf/vldb/May01,True,1,Fb4oYRM9N4EJ,Fb4oYRM9N4EJ,True,0.9999809943489902,5.338140432906649e-06,0.9999756562085572,0.5000000000000001,True,correct,0.5000000000000001,True,correct,0.1,0.52497918747894,True,correct
DBLP,0.7,42,inner,bootstrap_OOB,473,conf/vldb/GuptaM96,True,2,I0Kfdt6sh0gJ,I83l_B0knOgJ,True,0.9999638646158452,0.999832964933577,0.0001308996822682,0.5000000000000001,True,correct,0.5000000000000001,True,correct,0.1,0.52497918747894,True,correct
DBLP,0.7,42,inner,bootstrap_OOB,474,conf/vldb/CormodeDIM02,True,2,HjwbHpPjvasJ,LU7BfMnARgYJ,True,0.9999575090270753,0.987441332738006,0.0125161762890692,0.5000000000000001,True,correct,0.5000000000000001,True,correct,0.1,0.52497918747894,True,correct
DBLP,0.7,42,inner,bootstrap_OOB,475,conf/vldb/SakuraiYKU01,True,1,OQMYc3S0Ny8J,OQMYc3S0Ny8J,True,0.999985222299254,4.385313798884801e-06,0.999980836985455,0.5000000000000001,True,correct,0.5000000000000001,True,correct,0.1,0.52497918747894,True,correct
DBLP,0.7,42,inner,bootstrap_OOB,476,conf/sigmod/TatarinovIHW01,True,5,0dEQ9YTk3osJ,zEHD3Nn_9nsJ,True,0.9999726996318248,0.9999679768370324,4.722794792466623e-06,0.5000000000000001,True,correct,0.5000000000000001,True,correct,0.1,0.52497918747894,True,correct
DBLP,0.7,42,inner,bootstrap_OOB,477,conf/sigmod/NgLHM99,True,1,YemauUgIzlcJ,YemauUgIzlcJ,True,0.9999832400379802,0.7355668002612501,0.2644164397767301,0.5000000000000001,True,correct,0.5000000000000001,True,correct,0.1,0.52497918747894,True,correct
DBLP,0.7,42,inner,bootstrap_OOB,478,conf/vldb/PfoserJT00,True,2,0IeLWfNYZEYJ,0IeLWfNYZEYJ,True,0.9999871769772046,0.9989048740532084,0.0010823029239961,0.5000000000000001,True,correct,0.5000000000000001,True,correct,0.1,0.52497918747894,True,correct
DBLP,0.7,42,inner,bootstrap_OOB,479,journals/sigmod/Ozsoyoglu99,False,0,,url:http://portal.acm.org/ft_gateway.cfm%3Fid%3D601859%26type%3Dpdf%26dl%3DGUIDE%26dl%3DACM%26CFID%3D11111111%26CFTOKEN%3D2222222,False,0.4606484170997438,0.0003332768660523,0.4603151402336914,0.5000000000000001,False,unmatched_abstention,0.5000000000000001,False,unmatched_abstention,0.1,0.52497918747894,False,unmatched_abstention
DBLP,0.7,42,inner,bootstrap_OOB,480,conf/vldb/ChaudhuriW00,True,2,OuM0E0BhEXIJ,OuM0E0BhEXIJ,True,0.9999878382262268,0.9999865805112093,1.2577150176884544e-06,0.5000000000000001,True,correct,0.5000000000000001,True,correct,0.1,0.52497918747894,True,correct
DBLP,0.7,42,inner,bootstrap_OOB,481,journals/vldb/RamamurthyDS03,True,3,DAlyofX710AJ,uem5wXLoU0wJ,True,0.9999843862609928,0.9999743458319182,1.0040429074598125e-05,0.5000000000000001,True,correct,0.5000000000000001,True,correct,0.1,0.52497918747894,True,correct
DBLP,0.7,42,inner,bootstrap_OOB,482,conf/sigmod/ClossmanSHKPB98,True,4,__YO1CE_aKcJ,Q0Jr0CGWn5MJ,True,0.9999755309792848,0.9999351755926368,4.035538664814986e-05,0.5000000000000001,True,correct,0.5000000000000001,True,correct,0.1,0.52497918747894,True,correct
DBLP,0.7,42,inner,bootstrap_OOB,483,conf/sigmod/AbiteboulCM95,True,3,4GT0Krd9RP0J,cu9DXtjeF24J,True,0.9999637322884268,0.9999411256694988,2.260661892794502e-05,0.5000000000000001,True,correct,0.5000000000000001,True,correct,0.1,0.52497918747894,True,correct
DBLP,0.7,42,inner,bootstrap_OOB,484,journals/vldb/KraissW98,True,3,K0aOFYBWg3AJ,LMz7v87sxxYJ,True,0.9999904298248424,0.9999888530670424,1.576757800103579e-06,0.5000000000000001,True,correct,0.5000000000000001,True,correct,0.1,0.52497918747894,True,correct
DBLP,0.7,42,inner,bootstrap_OOB,485,conf/vldb/OuzzaniAB94,True,3,CgoUJ7DogcwJ,CgoUJ7DogcwJ,True,0.9999916256729308,0.99999031449444,1.3111784907815505e-06,0.5000000000000001,True,correct,0.5000000000000001,True,correct,0.1,0.52497918747894,True,correct
DBLP,0.7,42,inner,bootstrap_OOB,486,conf/sigmod/DogacAEOADAOS94,True,5,AgBMhm_0uEIJ,AgBMhm_0uEIJ,True,0.9999806505657268,0.9975560738499069,0.0024245767158198,0.5000000000000001,True,correct,0.5000000000000001,True,correct,0.1,0.52497918747894,True,correct
DBLP,0.7,42,inner,bootstrap_OOB,487,conf/sigmod/YerneniLGU99,True,5,2MbaeG3IVV0J,hnMltY0uSf0J,True,0.9999863611390242,0.9999686408523482,1.7720286676015107e-05,0.5000000000000001,True,correct,0.5000000000000001,True,correct,0.1,0.52497918747894,True,correct
DBLP,0.7,42,inner,bootstrap_OOB,488,conf/vldb/VorugantiOU99,True,3,ItOlYY7ITt0J,ItOlYY7ITt0J,True,0.9999918036775342,0.999984317630622,7.4860469121418305e-06,0.5000000000000001,True,correct,0.5000000000000001,True,correct,0.1,0.52497918747894,True,correct
DBLP,0.7,42,inner,bootstrap_OOB,489,conf/vldb/PapakonstantinouAG96,True,6,Aiy1CuDyBNQJ,gkbvvgj8kdUJ,True,0.9999868007865558,0.9999866679784024,1.328081533635839e-07,0.5000000000000001,True,correct,0.5000000000000001,True,correct,0.1,0.52497918747894,True,correct
DBLP,0.7,42,inner,bootstrap_OOB,490,journals/sigmod/Alonso95a,False,0,,ftnsmTUaDSMJ,False,1.1624856509751496e-05,9.970611709387214e-06,1.6542448003642818e-06,0.5000000000000001,False,unmatched_abstention,0.5000000000000001,False,unmatched_abstention,0.1,0.52497918747894,False,unmatched_abstention
DBLP,0.7,42,inner,bootstrap_OOB,491,conf/sigmod/JarkeQCLFLVV00,True,2,AYtgczYwVnYJ,bl_VrPzIIPwJ,True,0.9999876093657382,0.9999861657819424,1.4435837957238462e-06,0.5000000000000001,True,correct,0.5000000000000001,True,correct,0.1,0.52497918747894,True,correct
DBLP,0.7,42,inner,bootstrap_OOB,492,journals/vldb/CandanLS00,True,2,nXvDy_QqSd4J,nXvDy_QqSd4J,True,0.9999773953515024,0.999956047253642,2.1348097860585117e-05,0.5000000000000001,True,correct,0.5000000000000001,True,correct,0.1,0.52497918747894,True,correct
DBLP,0.7,42,inner,bootstrap_OOB,493,journals/tods/Chomicki95,False,0,,QVmWvrI3myQJ,False,0.7708069584915189,4.789399716547889e-06,0.7708021690918023,0.5000000000000001,True,false_link,0.5000000000000001,True,false_link,0.1,0.52497918747894,True,false_link
DBLP,0.7,42,inner,bootstrap_OOB,494,conf/sigmod/DeligiannakisR03,True,1,zMgbS5u_GwYJ,zMgbS5u_GwYJ,True,0.9999794135197138,4.188353224515595e-06,0.9999752251664892,0.5000000000000001,True,correct,0.5000000000000001,True,correct,0.1,0.52497918747894,True,correct
DBLP,0.7,42,inner,bootstrap_OOB,495,conf/sigmod/DreyerDS95,True,2,i1qU2OFSeloJ,i1qU2OFSeloJ,True,0.9999591326332848,0.999921050095995,3.8082537289874097e-05,0.5000000000000001,True,correct,0.5000000000000001,True,correct,0.1,0.52497918747894,True,correct
DBLP,0.7,42,inner,bootstrap_OOB,496,conf/vldb/AdityaBCHNS02,True,1,2vzhAz4Yll4J,2vzhAz4Yll4J,True,0.9999867089441784,0.999745659615249,0.0002410493289295,0.5000000000000001,True,correct,0.5000000000000001,True,correct,0.1,0.52497918747894,True,correct
DBLP,0.7,42,inner,bootstrap_OOB,497,conf/vldb/MillerHH00,True,7,6vtHcpLApB8J,Rqg_slyUMYMJ,True,0.9999810078291008,0.9985823780700268,0.0013986297590741,0.5000000000000001,True,correct,0.5000000000000001,True,correct,0.1,0.52497918747894,True,correct
DBLP,0.7,42,inner,bootstrap_OOB,498,conf/vldb/VenkataramanZ98,True,2,KrAyBSajhZEJ,KrAyBSajhZEJ,True,0.9999899100886956,0.9998237237565636,0.0001661863321319,0.5000000000000001,True,correct,0.5000000000000001,True,correct,0.1,0.52497918747894,True,correct
DBLP,0.7,42,inner,bootstrap_OOB,499,journals/tods/LechtenborgerV03,True,1,94m93uP4GM4J,94m93uP4GM4J,True,0.999963659826948,4.169160744272767e-06,0.9999594906662036,0.5000000000000001,True,correct,0.5000000000000001,True,correct,0.1,0.52497918747894,True,correct
DBLP,0.7,42,inner,bootstrap_OOB,500,conf/sigmod/GehrkeKS01,True,3,f6JFkfhawW8J,f6JFkfhawW8J,True,0.9999886868450688,0.999980293085634,8.39375943473275e-06,0.5000000000000001,True,correct,0.5000000000000001,True,correct,0.1,0.52497918747894,True,correct
DBLP,0.7,42,inner,bootstrap_OOB,501,journals/sigmod/LacroixB03,True,1,url:http://portal.acm.org/citation.cfm%3Fid%3D640990.641003%26dl%3Dportal%26dl%3DACM%26idx%3DJ689%26part%3Dperiodical%26WantType%3Dperiodical%26title%3DACM%2520SIGMOD%2520Record%26CFID%3D11111111%26CFTOKEN%3D2222222,url:http://portal.acm.org/citation.cfm%3Fid%3D640990.641003%26dl%3Dportal%26dl%3DACM%26idx%3DJ689%26part%3Dperiodical%26WantType%3Dperiodical%26title%3DACM%2520SIGMOD%2520Record%26CFID%3D11111111%26CFTOKEN%3D2222222,True,0.9999847932031356,9.175655146296846e-05,0.9998930366516728,0.5000000000000001,True,correct,0.5000000000000001,True,correct,0.1,0.52497918747894,True,correct
DBLP,0.7,42,inner,bootstrap_OOB,502,conf/sigmod/HjaltasonS98,True,2,3mwWUz_ORNYJ,3mwWUz_ORNYJ,True,0.9999792327012054,0.4321412673628021,0.5678379653384032,0.5000000000000001,True,correct,0.5000000000000001,True,correct,0.1,0.52497918747894,True,correct
DBLP,0.7,42,inner,bootstrap_OOB,503,conf/vldb/CandanALPH02,False,0,,efYVCK07AwMJ,False,4.767462140095659e-06,4.614178100471562e-06,1.5328403962409654e-07,0.5000000000000001,False,unmatched_abstention,0.5000000000000001,False,unmatched_abstention,0.1,0.52497918747894,False,unmatched_abstention
DBLP,0.7,42,inner,bootstrap_OOB,504,conf/vldb/BrownG01,True,1,aJoPVuDNDSsJ,aJoPVuDNDSsJ,True,0.9999877540812702,4.474433758966959e-06,0.9999832796475112,0.5000000000000001,True,correct,0.5000000000000001,True,correct,0.1,0.52497918747894,True,correct
DBLP,0.7,42,inner,bootstrap_OOB,505,conf/vldb/NishioSTTL01,True,1,S30IXg4ClFIJ,S30IXg4ClFIJ,True,0.9999556732165752,4.453573582366792e-06,0.9999512196429928,0.5000000000000001,True,correct,0.5000000000000001,True,correct,0.1,0.52497918747894,True,correct
DBLP,0.7,42,inner,bootstrap_OOB,506,conf/sigmod/Cohen98,True,2,_ICk4vgjlgsJ,_ICk4vgjlgsJ,True,0.999981869489964,0.9999755299291916,6.339560772228303e-06,0.5000000000000001,True,correct,0.5000000000000001,True,correct,0.1,0.52497918747894,True,correct
DBLP,0.7,42,inner,bootstrap_OOB,507,conf/sigmod/BohmA96,True,1,978pJCGhaGoJ,978pJCGhaGoJ,True,0.9999824892440068,4.908951160148225e-06,0.9999775802928466,0.5000000000000001,True,correct,0.5000000000000001,True,correct,0.1,0.52497918747894,True,correct
DBLP,0.7,42,inner,bootstrap_OOB,508,journals/sigmod/DoanPK95,True,1,c0TSepqRwwMJ,c0TSepqRwwMJ,True,0.999991344662714,4.798854638517768e-06,0.9999865458080752,0.5000000000000001,True,correct,0.5000000000000001,True,correct,0.1,0.52497918747894,True,correct
DBLP,0.7,42,inner,bootstrap_OOB,509,journals/vldb/C94a,False,0,,url:http://www.springerlink.com/index/W80L2810707344M1.pdf,False,0.0029548878606425,1.1943619647052594e-05,0.0029429442409954,0.5000000000000001,False,unmatched_abstention,0.5000000000000001,False,unmatched_abstention,0.1,0.52497918747894,False,unmatched_abstention
DBLP,0.7,42,inner,bootstrap_OOB,510,journals/sigmod/Gardels97,True,1,PlitMluIJyYJ,PlitMluIJyYJ,True,0.9999823041633472,0.0027123916123359,0.9972699125510112,0.5000000000000001,True,correct,0.5000000000000001,True,correct,0.1,0.52497918747894,True,correct
DBLP,0.7,42,inner,bootstrap_OOB,511,conf/sigmod/WangPFY03,True,4,5JXKbI5l1FYJ,jpNXw9L7pxgJ,True,0.9999894784577014,0.999989139397799,3.390599023767038e-07,0.5000000000000001,True,correct,0.5000000000000001,True,correct,0.1,0.52497918747894,True,correct
DBLP,0.7,42,inner,bootstrap_OOB,512,journals/vldb/SakuraiYUK02,True,1,7J-RvgQd8SMJ,7J-RvgQd8SMJ,True,0.9999880703820698,1.3309422145625149e-05,0.9999747609599242,0.5000000000000001,True,correct,0.5000000000000001,True,correct,0.1,0.52497918747894,True,correct
DBLP,0.7,42,inner,bootstrap_OOB,513,journals/sigmod/Ritter98,True,1,mzqmEYGGT_IJ,mzqmEYGGT_IJ,True,0.999984215195387,0.0002295021155327,0.9997547130798544,0.5000000000000001,True,correct,0.5000000000000001,True,correct,0.1,0.52497918747894,True,correct
DBLP,0.7,42,inner,bootstrap_OOB,514,conf/sigmod/GeneserethKD97,True,3,2Nl65Vp7bxUJ,2Nl65Vp7bxUJ,True,0.9999827386742486,0.9999808967142132,1.841960035386947e-06,0.5000000000000001,True,correct,0.5000000000000001,True,correct,0.1,0.52497918747894,True,correct
DBLP,0.7,42,inner,bootstrap_OOB,515,journals/sigmod/Halevy03,True,1,706PCMwA_E4J,706PCMwA_E4J,True,0.999987666461017,7.640858796529226e-06,0.9999800256022204,0.5000000000000001,True,correct,0.5000000000000001,True,correct,0.1,0.52497918747894,True,correct
DBLP,0.7,42,inner,bootstrap_OOB,516,conf/vldb/TsoisS03,True,1,_2oz5poi5asJ,_2oz5poi5asJ,True,0.9999850757723956,4.082008100725611e-06,0.9999809937642948,0.5000000000000001,True,correct,0.5000000000000001,True,correct,0.1,0.52497918747894,True,correct
DBLP,0.7,42,inner,bootstrap_OOB,517,conf/sigmod/ZaharioudakisC97,True,1,U0o8vPY7L4kJ,U0o8vPY7L4kJ,True,0.9999903189362872,4.5656696191556205e-06,0.9999857532666682,0.5000000000000001,True,correct,0.5000000000000001,True,correct,0.1,0.52497918747894,True,correct
DBLP,0.7,42,inner,bootstrap_OOB,518,conf/vldb/DidriksenGD95,True,1,0TNJ5d1tfkEJ,0TNJ5d1tfkEJ,True,0.9999878540590944,4.160065627955048e-06,0.9999836939934664,0.5000000000000001,True,correct,0.5000000000000001,True,correct,0.1,0.52497918747894,True,correct
DBLP,0.7,42,inner,bootstrap_OOB,519,journals/sigmod/GlavitschSW94,True,2,hWplbG_c0LEJ,IQjGtYPrUFUJ,True,0.9999871689281088,0.9999439732440312,4.3195684077734775e-05,0.5000000000000001,True,correct,0.5000000000000001,True,correct,0.1,0.52497918747894,True,correct
DBLP,0.7,42,inner,bootstrap_OOB,520,conf/vldb/ManolescuFK01,True,4,ckjlnFHOwd8J,inDI0X1MJG4J,True,0.9997766549897364,0.9991635909658968,0.0006130640238395,0.5000000000000001,True,correct,0.5000000000000001,True,correct,0.1,0.52497918747894,True,correct
DBLP,0.7,42,inner,bootstrap_OOB,521,journals/sigmod/PhatakSSS96,True,1,url:http://portal.acm.org/ft_gateway.cfm%3Fid%3D381897%26type%3Dpdf%26dl%3Dportal%26dl%3DACM%26CFID%3D11111111%26CFTOKEN%3D2222222,url:http://portal.acm.org/ft_gateway.cfm%3Fid%3D381897%26type%3Dpdf%26dl%3Dportal%26dl%3DACM%26CFID%3D11111111%26CFTOKEN%3D2222222,True,0.999987806777629,5.258277887812028e-05,0.9999352239987508,0.5000000000000001,True,correct,0.5000000000000001,True,correct,0.1,0.52497918747894,True,correct
DBLP,0.7,42,inner,bootstrap_OOB,522,conf/sigmod/KornMZ03,True,1,6VAQeD6muakJ,6VAQeD6muakJ,True,0.9999918474657564,4.58636371740174e-06,0.9999872611020392,0.5000000000000001,True,correct,0.5000000000000001,True,correct,0.1,0.52497918747894,True,correct
DBLP,0.7,42,inner,bootstrap_OOB,523,conf/vldb/KumaranH03,True,1,wW6dUVL80RYJ,wW6dUVL80RYJ,True,0.9999709681563598,2.795413028535808e-05,0.9999430140260744,0.5000000000000001,True,correct,0.5000000000000001,True,correct,0.1,0.52497918747894,True,correct
DBLP,0.7,42,inner,bootstrap_OOB,524,conf/sigmod/AggarwalY00,True,3,dfSPs7YoyWsJ,dfSPs7YoyWsJ,True,0.9999879409906544,0.9999810249915196,6.915999134937678e-06,0.5000000000000001,True,correct,0.5000000000000001,True,correct,0.1,0.52497918747894,True,correct
DBLP,0.7,42,inner,bootstrap_OOB,525,conf/vldb/BrodieC99,True,2,80T8-ddj8OsJ,80T8-ddj8OsJ,True,0.9999847693139164,0.9998317086867352,0.000153060627181,0.5000000000000001,True,correct,0.5000000000000001,True,correct,0.1,0.52497918747894,True,correct
DBLP,0.7,42,inner,bootstrap_OOB,526,conf/sigmod/Team95b,True,1,v80FFBUTW_0J,v80FFBUTW_0J,True,0.9999812579068078,4.005117265659803e-06,0.9999772527895422,0.5000000000000001,True,correct,0.5000000000000001,True,correct,0.1,0.52497918747894,True,correct
DBLP,0.7,42,inner,bootstrap_OOB,527,conf/sigmod/ChristophidesCS00,True,6,DJv_OAw-BcIJ,DqHBAYRAtyIJ,True,0.9999855810059192,0.999971601985846,1.3979020073384696e-05,0.5000000000000001,True,correct,0.5000000000000001,True,correct,0.1,0.52497918747894,True,correct
DBLP,0.7,42,inner,bootstrap_OOB,528,conf/sigmod/LehnerSPC00,True,3,HQRcmyswIHcJ,UFKz6Q0wVi4J,True,0.9999706810809612,0.9968620616827618,0.0031086193981992,0.5000000000000001,True,correct,0.5000000000000001,True,correct,0.1,0.52497918747894,True,correct
DBLP,0.7,42,inner,bootstrap_OOB,529,journals/sigmod/Etzion99,True,2,aDxXrqrMy9IJ,aDxXrqrMy9IJ,True,0.9999788748092868,0.9999713553442318,7.519465055172425e-06,0.5000000000000001,True,correct,0.5000000000000001,True,correct,0.1,0.52497918747894,True,correct
DBLP,0.7,42,inner,bootstrap_OOB,530,conf/sigmod/SeshadriLR94,True,3,60I0j0qUHVYJ,60I0j0qUHVYJ,True,0.9999362393006008,0.9996552340848393,0.0002810052157615,0.5000000000000001,True,correct,0.5000000000000001,True,correct,0.1,0.52497918747894,True,correct
DBLP,0.7,42,inner,bootstrap_OOB,531,journals/sigmod/TheodoridisN00,True,2,DXTczW8Dv4MJ,NegSmYlF-awJ,True,0.9999759100514712,0.999850778829581,0.0001251312218901,0.5000000000000001,True,correct,0.5000000000000001,True,correct,0.1,0.52497918747894,True,correct
DBLP,0.7,42,inner,bootstrap_OOB,532,journals/vldb/Halevy01,True,3,jeJRCl54kasJ,NoN45RU6c9kJ,True,0.999954267593377,9.043971154787496e-05,0.9998638278818291,0.5000000000000001,True,correct,0.5000000000000001,True,correct,0.1,0.52497918747894,True,correct
DBLP,0.7,42,inner,bootstrap_OOB,533,conf/vldb/Objectivity98,True,1,o3fkxpcCBskJ,o3fkxpcCBskJ,True,0.3761288508696843,5.931258251866624e-05,0.3760695382871656,0.5000000000000001,False,missing_match,0.5000000000000001,False,missing_match,0.1,0.52497918747894,False,missing_match
DBLP,0.7,42,inner,bootstrap_OOB,534,conf/sigmod/JosifovskiSHL02,True,1,xA9KNostV4cJ,xA9KNostV4cJ,True,0.9999903472293828,4.041425368179816e-06,0.9999863058040148,0.5000000000000001,True,correct,0.5000000000000001,True,correct,0.1,0.52497918747894,True,correct
DBLP,0.7,42,inner,bootstrap_OOB,535,conf/sigmod/LacroixSC98,True,1,MyaiGcr-oYkJ,MyaiGcr-oYkJ,True,0.999988435230068,4.046685901322488e-06,0.9999843885441668,0.5000000000000001,True,correct,0.5000000000000001,True,correct,0.1,0.52497918747894,True,correct
DBLP,0.7,42,inner,bootstrap_OOB,536,conf/sigmod/AcharyaGPR99a,True,7,ahfoveFQC2sJ,mYFf63cZ4lUJ,True,0.9999839196453127,0.9999809020149056,3.017630407220473e-06,0.5000000000000001,True,correct,0.5000000000000001,True,correct,0.1,0.52497918747894,True,correct
DBLP,0.7,42,inner,bootstrap_OOB,537,conf/vldb/KilgerM94,True,1,OzgnxugGCWMJ,OzgnxugGCWMJ,True,0.9999755722472295,4.273091493477421e-06,0.999971299155736,0.5000000000000001,True,correct,0.5000000000000001,True,correct,0.1,0.52497918747894,True,correct
DBLP,0.7,42,inner,bootstrap_OOB,538,conf/vldb/JagadishMN99,True,3,9rDll5YAQnoJ,RPWDtUmq6_QJ,True,0.99998635330665,0.9999505126492454,3.584065740458442e-05,0.5000000000000001,True,correct,0.5000000000000001,True,correct,0.1,0.52497918747894,True,correct
DBLP,0.7,42,inner,bootstrap_OOB,539,conf/sigmod/ChenGK01,True,1,8OgkUeiawO0J,8OgkUeiawO0J,True,0.9999750039657468,2.909795018324882e-05,0.9999459060155635,0.5000000000000001,True,correct,0.5000000000000001,True,correct,0.1,0.52497918747894,True,correct
DBLP,0.7,42,inner,bootstrap_OOB,540,conf/sigmod/RaoZML02,True,2,7Ucs6vmjHN0J,c2PgXbSSAFcJ,True,0.9999883515169976,0.999986699053868,1.6524631294423386e-06,0.5000000000000001,True,correct,0.5000000000000001,True,correct,0.1,0.52497918747894,True,correct
DBLP,0.7,42,inner,bootstrap_OOB,541,conf/sigmod/Team02,True,1,r5oJTEjlOPgJ,r5oJTEjlOPgJ,True,0.999929595366171,4.5441327395118e-06,0.9999250512334316,0.5000000000000001,True,correct,0.5000000000000001,True,correct,0.1,0.52497918747894,True,correct
DBLP,0.7,42,inner,bootstrap_OOB,542,conf/vldb/TsurAADKW01,True,1,PvNI0yqRqtQJ,PvNI0yqRqtQJ,True,0.9999851315169094,4.64166535786569e-06,0.9999804898515516,0.5000000000000001,True,correct,0.5000000000000001,True,correct,0.1,0.52497918747894,True,correct
DBLP,0.7,42,inner,bootstrap_OOB,543,conf/sigmod/DattaDTVSR02,True,4,0m_Q5tf3oDAJ,orxvLy4vVEQJ,True,0.9999632645266402,0.9994183190216496,0.0005449455049905,0.5000000000000001,True,correct,0.5000000000000001,True,correct,0.1,0.52497918747894,True,correct
DBLP,0.7,42,inner,bootstrap_OOB,544,conf/sigmod/OlstonWL01,True,1,I_YprPVQ45QJ,I_YprPVQ45QJ,True,0.999980805498401,4.212468116110147e-06,0.9999765930302849,0.5000000000000001,True,correct,0.5000000000000001,True,correct,0.1,0.52497918747894,True,correct
DBLP,0.7,42,inner,bootstrap_OOB,545,conf/vldb/KornackerB95,True,5,_1N4nkD4AMIJ,IN_sibgHb9MJ,True,0.9999873932461228,0.9999677422080168,1.9651038106083263e-05,0.5000000000000001,True,correct,0.5000000000000001,True,correct,0.1,0.52497918747894,True,correct
DBLP,0.7,42,inner,bootstrap_OOB,546,journals/vldb/MaratheS02,True,1,z6JEYoArZmsJ,z6JEYoArZmsJ,True,0.9999810002748944,5.993946479060119e-06,0.9999750063284154,0.5000000000000001,True,correct,0.5000000000000001,True,correct,0.1,0.52497918747894,True,correct
DBLP,0.7,42,inner,bootstrap_OOB,547,conf/sigmod/WhitneyS01,True,1,bZj9gl0_YUIJ,bZj9gl0_YUIJ,True,0.9999847686893332,4.378990779657939e-06,0.9999803896985536,0.5000000000000001,True,correct,0.5000000000000001,True,correct,0.1,0.52497918747894,True,correct
DBLP,0.7,42,inner,bootstrap_OOB,548,conf/vldb/BunemanDHOW95,True,1,95LnCs7V35YJ,95LnCs7V35YJ,True,0.9999884774046824,4.141097551431278e-06,0.999984336307131,0.5000000000000001,True,correct,0.5000000000000001,True,correct,0.1,0.52497918747894,True,correct
DBLP,0.7,42,inner,bootstrap_OOB,549,conf/vldb/ChaudhuriS01,True,2,4bS3tvLQ-LAJ,4bS3tvLQ-LAJ,True,0.9999748488287452,0.9999300693716132,4.477945713188269e-05,0.5000000000000001,True,correct,0.5000000000000001,True,correct,0.1,0.52497918747894,True,correct
DBLP,0.7,42,inner,bootstrap_OOB,550,journals/sigmod/DAndreaJ96,True,1,-XugBF7u07EJ,-XugBF7u07EJ,True,0.9999640284459262,0.9990261236456548,0.0009379048002715,0.5000000000000001,True,correct,0.5000000000000001,True,correct,0.1,0.52497918747894,True,correct
DBLP,0.7,42,inner,bootstrap_OOB,551,journals/sigmod/MeersmanS02,False,0,,KX9tZqfLvrgJ,False,0.9996334251271792,0.9992912339329328,0.0003421911942462,0.5000000000000001,True,false_link,0.5000000000000001,True,false_link,0.1,0.52497918747894,True,false_link
DBLP,0.7,42,inner,bootstrap_OOB,552,conf/sigmod/LahiriG01,True,2,2eJIgKjsQF4J,2eJIgKjsQF4J,True,0.9999849008753736,0.9999267505371454,5.815033822820226e-05,0.5000000000000001,True,correct,0.5000000000000001,True,correct,0.1,0.52497918747894,True,correct
DBLP,0.7,42,inner,bootstrap_OOB,553,journals/sigmod/BertinoEH01,True,2,Rba70P6SqQYJ,Rba70P6SqQYJ,True,0.9999880647605894,0.0181642776301881,0.9818237871304012,0.5000000000000001,True,correct,0.5000000000000001,True,correct,0.1,0.52497918747894,True,correct
DBLP,0.7,42,inner,bootstrap_OOB,554,journals/sigmod/MattosD94,True,1,HhUCea7De6YJ,HhUCea7De6YJ,True,0.9999854933540844,4.223389233561034e-06,0.9999812699648508,0.5000000000000001,True,correct,0.5000000000000001,True,correct,0.1,0.52497918747894,True,correct
DBLP,0.7,42,inner,bootstrap_OOB,555,conf/vldb/NipplM98,True,2,C5jVmNqIE4IJ,C5jVmNqIE4IJ,True,0.9999901469014876,0.9999757649064508,1.4381995036782946e-05,0.5000000000000001,True,correct,0.5000000000000001,True,correct,0.1,0.52497918747894,True,correct
DBLP,0.7,42,inner,bootstrap_OOB,556,conf/vldb/SeegerBBKSDS01,True,2,2ceEvQZ0HGYJ,WYGjQDmRwt8J,True,0.9999896311800516,0.9999336393773726,5.599180267901183e-05,0.5000000000000001,True,correct,0.5000000000000001,True,correct,0.1,0.52497918747894,True,correct
DBLP,0.7,42,inner,bootstrap_OOB,557,conf/sigmod/RodriguezR00,True,6,Bzj3hMdoqVoJ,UF4wxbIa6FMJ,True,0.9999912040096616,0.999989070781919,2.133227742673327e-06,0.5000000000000001,True,correct,0.5000000000000001,True,correct,0.1,0.52497918747894,True,correct
DBLP,0.7,42,inner,bootstrap_OOB,558,conf/vldb/Faloutsos02,False,0,,PZTESZecfnQJ,False,9.208713266521229e-06,5.477680466942891e-06,3.731032799578336e-06,0.5000000000000001,False,unmatched_abstention,0.5000000000000001,False,unmatched_abstention,0.1,0.52497918747894,False,unmatched_abstention
DBLP,0.7,42,inner,bootstrap_OOB,559,journals/sigmod/OrlandicLS02,True,1,eLf0eStn5G4J,eLf0eStn5G4J,True,0.999988768094738,6.687810028401583e-06,0.9999820802847096,0.5000000000000001,True,correct,0.5000000000000001,True,correct,0.1,0.52497918747894,True,correct
DBLP,0.7,42,inner,bootstrap_OOB,560,journals/sigmod/Klein94,True,1,kG86HB6N1xEJ,kG86HB6N1xEJ,True,0.9999654846103208,4.057575766765611e-06,0.999961427034554,0.5000000000000001,True,correct,0.5000000000000001,True,correct,0.1,0.52497918747894,True,correct
DBLP,0.7,42,inner,bootstrap_OOB,561,conf/sigmod/MaddenSHR02,True,8,7n7LvbccBZoJ,dLP8AfWQ7r0J,True,0.999982544797652,0.9999772358083572,5.308989294960931e-06,0.5000000000000001,True,correct,0.5000000000000001,True,correct,0.1,0.52497918747894,True,correct
DBLP,0.7,42,inner,bootstrap_OOB,562,journals/sigmod/AdelbergKG96,True,2,6gc5TN-yce8J,GfiQygac5twJ,True,0.999986927784586,0.9998959979263172,9.092985826875122e-05,0.5000000000000001,True,correct,0.5000000000000001,True,correct,0.1,0.52497918747894,True,correct
DBLP,0.7,42,inner,bootstrap_OOB,563,journals/sigmod/Camps02,True,1,JclQFC-1s18J,JclQFC-1s18J,True,0.9999786743775076,4.061133478858928e-06,0.9999746132440288,0.5000000000000001,True,correct,0.5000000000000001,True,correct,0.1,0.52497918747894,True,correct
DBLP,0.7,42,inner,bootstrap_OOB,564,conf/sigmod/ShuklaD00,True,3,07dT02YX07AJ,kcrWfQEI9G8J,True,0.9999864291119888,0.9999835744160268,2.8546959618402923e-06,0.5000000000000001,True,correct,0.5000000000000001,True,correct,0.1,0.52497918747894,True,correct
DBLP,0.7,42,inner,bootstrap_OOB,565,conf/vldb/Malaika96,False,0,,PH1Zo2uG8V0J,False,4.440485868363999e-06,4.369117069067222e-06,7.136879929677735e-08,0.5000000000000001,False,unmatched_abstention,0.5000000000000001,False,unmatched_abstention,0.1,0.52497918747894,False,unmatched_abstention
DBLP,0.7,42,inner,bootstrap_OOB,566,conf/vldb/LiCHH97,True,2,DmGBKpaiyGEJ,DmGBKpaiyGEJ,True,0.9999836007111498,0.9977129269048854,0.0022706738062643,0.5000000000000001,True,correct,0.5000000000000001,True,correct,0.1,0.52497918747894,True,correct
DBLP,0.7,42,inner,bootstrap_OOB,567,journals/sigmod/ConradEHRSSSV97,True,2,SBnqbyQF3SoJ,SBnqbyQF3SoJ,True,0.999977462831731,0.999844446740322,0.0001330160914089,0.5000000000000001,True,correct,0.5000000000000001,True,correct,0.1,0.52497918747894,True,correct
DBLP,0.7,42,inner,bootstrap_OOB,568,conf/sigmod/GrayHOS96,True,17,_EUlTfqD0q0J,cS8_6Qp-JYUJ,True,0.9999859474185256,0.9999856643280172,2.830905082573665e-07,0.5000000000000001,True,correct,0.5000000000000001,True,correct,0.1,0.52497918747894,True,correct
DBLP,0.7,42,inner,bootstrap_OOB,569,journals/sigmod/Liu01,False,0,,C84rFQN_ug0J,False,0.0805908791769009,0.0663518897983637,0.0142389893785372,0.5000000000000001,False,unmatched_abstention,0.5000000000000001,False,unmatched_abstention,0.1,0.52497918747894,False,unmatched_abstention
DBLP,0.7,42,inner,bootstrap_OOB,570,conf/sigmod/Cattell94,True,2,QgR0DgMbdgIJ,QgR0DgMbdgIJ,True,0.9999761254235868,6.528080138426098e-06,0.9999695973434484,0.5000000000000001,True,correct,0.5000000000000001,True,correct,0.1,0.52497918747894,True,correct
DBLP,0.7,42,inner,bootstrap_OOB,571,journals/sigmod/LabrinidisM01,True,1,url:http://portal.acm.org/ft_gateway.cfm%3Fid%3D603886%26type%3Dpdf%26dl%3DGUIDE%26dl%3DACM%26CFID%3D11111111%26CFTOKEN%3D2222222,url:http://portal.acm.org/ft_gateway.cfm%3Fid%3D603886%26type%3Dpdf%26dl%3DGUIDE%26dl%3DACM%26CFID%3D11111111%26CFTOKEN%3D2222222,True,0.9999888563726144,7.69657127942335e-05,0.9999118906598202,0.5000000000000001,True,correct,0.5000000000000001,True,correct,0.1,0.52497918747894,True,correct
DBLP,0.7,42,inner,bootstrap_OOB,572,conf/vldb/CochinwalaB94,True,1,Bp69wMYw9DAJ,Bp69wMYw9DAJ,True,0.999990579812464,4.32050583369107e-06,0.9999862593066304,0.5000000000000001,True,correct,0.5000000000000001,True,correct,0.1,0.52497918747894,True,correct
DBLP,0.7,42,inner,bootstrap_OOB,573,journals/sigmod/ClementiniF00,True,1,9_GTdteKEYsJ,9_GTdteKEYsJ,True,0.997457000372089,0.0005800303454407,0.9968769700266482,0.5000000000000001,True,correct,0.5000000000000001,True,correct,0.1,0.52497918747894,True,correct
DBLP,0.7,42,inner,bootstrap_OOB,574,conf/sigmod/RoussopoulosKR97,True,1,H7Pi4AQU00YJ,H7Pi4AQU00YJ,True,0.9998422985510744,0.0001488533851614,0.999693445165913,0.5000000000000001,True,correct,0.5000000000000001,True,correct,0.1,0.52497918747894,True,correct
DBLP,0.7,42,inner,bootstrap_OOB,575,journals/sigmod/BarbaraS97,True,3,iOxtnjbC4SEJ,Iw5bYR098o4J,True,0.9999827588441303,0.9999693253442168,1.3433499913784177e-05,0.5000000000000001,True,correct,0.5000000000000001,True,correct,0.1,0.52497918747894,True,correct
DBLP,0.7,42,inner,bootstrap_OOB,576,journals/vldb/KabraD99,True,3,JF30ixlsraUJ,JF30ixlsraUJ,True,0.9999909591262124,0.9999858518647936,5.1072614188907295e-06,0.5000000000000001,True,correct,0.5000000000000001,True,correct,0.1,0.52497918747894,True,correct
DBLP,0.7,42,inner,bootstrap_OOB,577,conf/sigmod/RossSS96,True,1,iurxdvB6oLAJ,iurxdvB6oLAJ,True,0.9999844839612716,4.178634383259473e-06,0.9999803053268884,0.5000000000000001,True,correct,0.5000000000000001,True,correct,0.1,0.52497918747894,True,correct
DBLP,0.7,42,inner,bootstrap_OOB,578,journals/tods/Ng01,True,1,npCKXD_vLM8J,npCKXD_vLM8J,True,0.9999788877592752,0.0002912264780184,0.9996876612812567,0.5000000000000001,True,correct,0.5000000000000001,True,correct,0.1,0.52497918747894,True,correct
DBLP,0.7,42,inner,bootstrap_OOB,579,conf/vldb/DeutschT03,True,1,qkJ_IyVmLfUJ,qkJ_IyVmLfUJ,True,0.9999888184752288,4.047199208112664e-06,0.9999847712760206,0.5000000000000001,True,correct,0.5000000000000001,True,correct,0.1,0.52497918747894,True,correct
DBLP,0.7,42,inner,bootstrap_OOB,580,conf/vldb/GardarinST96,True,4,BBKhPPAqasIJ,OHR5iQWPuyYJ,True,0.9999901040353976,0.999988418796376,1.6852390213317747e-06,0.5000000000000001,True,correct,0.5000000000000001,True,correct,0.1,0.52497918747894,True,correct
DBLP,0.7,42,inner,bootstrap_OOB,581,conf/vldb/ShethKMWDLPLS96,True,3,jWZkmgGziVoJ,jWZkmgGziVoJ,True,0.9999898345409204,0.9999879692365852,1.8653043351024576e-06,0.5000000000000001,True,correct,0.5000000000000001,True,correct,0.1,0.52497918747894,True,correct
DBLP,0.7,42,inner,bootstrap_OOB,582,journals/tods/CliffordDIJS97,True,7,1XXrXRdYiFQJ,1XXrXRdYiFQJ,True,0.9999836562459822,0.9999810661686332,2.590077348929576e-06,0.5000000000000001,True,correct,0.5000000000000001,True,correct,0.1,0.52497918747894,True,correct
DBLP,0.7,42,inner,bootstrap_OOB,583,conf/vldb/LiM01,True,3,9vDm1Q41J8oJ,vkMYwC5tzUgJ,True,0.999986351250232,0.999974243707613,1.210754261893321e-05,0.5000000000000001,True,correct,0.5000000000000001,True,correct,0.1,0.52497918747894,True,correct
DBLP,0.7,42,inner,bootstrap_OOB,584,journals/sigmod/Snodgrass99a,False,0,,NHxHsUH9L5MJ,False,0.5625625162065788,0.2628540792381221,0.2997084369684567,0.5000000000000001,True,false_link,0.5000000000000001,True,false_link,0.1,0.52497918747894,True,false_link
DBLP,0.7,42,inner,bootstrap_OOB,585,journals/tods/GunopulosKMSTS03,True,5,5cAIVZJShAEJ,-q1BFuUI27EJ,True,0.9999884058338484,0.98625632871392,0.0137320771199284,0.5000000000000001,True,correct,0.5000000000000001,True,correct,0.1,0.52497918747894,True,correct
DBLP,0.7,42,inner,bootstrap_OOB,586,journals/sigmod/AbererCH02,True,2,ulDBbXl-6Q4J,ulDBbXl-6Q4J,True,0.9999838577872276,0.999977586909784,6.270877443759204e-06,0.5000000000000001,True,correct,0.5000000000000001,True,correct,0.1,0.52497918747894,True,correct
DBLP,0.7,42,inner,bootstrap_OOB,587,journals/sigmod/ChangASS98,True,2,CPzROuDNZqgJ,CPzROuDNZqgJ,True,0.9999911158614196,0.9999220961379816,6.901972343797969e-05,0.5000000000000001,True,correct,0.5000000000000001,True,correct,0.1,0.52497918747894,True,correct
DBLP,0.7,42,inner,bootstrap_OOB,588,journals/vldb/NgC98,True,2,eTDBrdfpGNEJ,J7mY8RlpTKMJ,True,0.999986679683074,0.9999843625974588,2.317085615155534e-06,0.5000000000000001,True,correct,0.5000000000000001,True,correct,0.1,0.52497918747894,True,correct
DBLP,0.7,42,inner,bootstrap_OOB,589,conf/vldb/PantiSG00,True,1,C7Vuxp5KVsAJ,C7Vuxp5KVsAJ,True,0.9999899537565684,4.177343429871883e-06,0.9999857764131383,0.5000000000000001,True,correct,0.5000000000000001,True,correct,0.1,0.52497918747894,True,correct
DBLP,0.7,42,inner,bootstrap_OOB,590,conf/sigmod/DohertyHR96,True,1,v3IA8Go4UjIJ,v3IA8Go4UjIJ,True,0.9999828389445736,3.957535412591348e-06,0.9999788814091612,0.5000000000000001,True,correct,0.5000000000000001,True,correct,0.1,0.52497918747894,True,correct
DBLP,0.7,42,inner,bootstrap_OOB,591,journals/vldb/SuHHHLWLPLL01,True,3,GRzquCzL_OUJ,xcRKDHBIUb8J,True,0.9999919634031966,0.9999895738077752,2.389595421314894e-06,0.5000000000000001,True,correct,0.5000000000000001,True,correct,0.1,0.52497918747894,True,correct
DBLP,0.7,42,inner,bootstrap_OOB,592,conf/sigmod/WhiteD95,True,1,6SBwemr2zscJ,6SBwemr2zscJ,True,0.9999842170016826,1.854394767554645e-05,0.9999656730540072,0.5000000000000001,True,correct,0.5000000000000001,True,correct,0.1,0.52497918747894,True,correct
DBLP,0.7,42,inner,bootstrap_OOB,593,conf/sigmod/ImielinskiVB94,True,16,1H_A7k3QsbQJ,cffLplmoKH4J,True,0.9999872232286316,0.9999820424615652,5.180767066570446e-06,0.5000000000000001,True,correct,0.5000000000000001,True,correct,0.1,0.52497918747894,True,correct
DBLP,0.7,42,inner,bootstrap_OOB,594,journals/vldb/Baumann94,True,1,2Yii02idzcUJ,2Yii02idzcUJ,True,0.9999833377296484,1.5502150547590604e-05,0.9999678355791008,0.5000000000000001,True,correct,0.5000000000000001,True,correct,0.1,0.52497918747894,True,correct
DBLP,0.7,42,inner,bootstrap_OOB,595,conf/vldb/ClaussenKMP97,True,1,EyTvjJCb5WkJ,EyTvjJCb5WkJ,True,0.9999849193816904,4.900466228474503e-06,0.9999800189154618,0.5000000000000001,True,correct,0.5000000000000001,True,correct,0.1,0.52497918747894,True,correct
DBLP,0.7,42,inner,bootstrap_OOB,596,conf/vldb/FaloutsosJS97,True,4,C1Wu3OVlJCsJ,u_9qWSpjaO4J,True,0.9999833541519288,0.9999760452368486,7.308915080272982e-06,0.5000000000000001,True,correct,0.5000000000000001,True,correct,0.1,0.52497918747894,True,correct
DBLP,0.7,42,inner,bootstrap_OOB,597,conf/vldb/Amer-YahiaCD98,True,3,9nmG2KCklEcJ,9nmG2KCklEcJ,True,0.9999892221881302,0.9999865929703332,2.6292177971454223e-06,0.5000000000000001,True,correct,0.5000000000000001,True,correct,0.1,0.52497918747894,True,correct
DBLP,0.7,42,inner,bootstrap_OOB,598,journals/sigmod/Franklin97b,False,0,,url:http://portal.acm.org/citation.cfm%3Fid%3D945721.945727%26coll%3DGUIDE%26dl%3DACM%26idx%3DJ689%26part%3Dperiodical%26WantType%3Dperiodical%26title%3DACM%2520SIGMOD%2520Record%26CFID%3D11111111%26CFTOKEN%3D2222222,False,9.582138662105856e-06,8.13766685083816e-06,1.4444718112676944e-06,0.5000000000000001,False,unmatched_abstention,0.5000000000000001,False,unmatched_abstention,0.1,0.52497918747894,False,unmatched_abstention
DBLP,0.7,42,inner,bootstrap_OOB,599,conf/vldb/WangZL03,True,1,tbuNzuDUSFYJ,tbuNzuDUSFYJ,True,0.9999888492926026,8.925529663958575e-06,0.9999799237629386,0.5000000000000001,True,correct,0.5000000000000001,True,correct,0.1,0.52497918747894,True,correct
DBLP,0.7,42,inner,bootstrap_OOB,600,journals/vldb/MirbelPSTV00,True,1,tUEcojf_6BUJ,tUEcojf_6BUJ,True,0.9999883611664848,0.0002111909146005,0.9997771702518842,0.5000000000000001,True,correct,0.5000000000000001,True,correct,0.1,0.52497918747894,True,correct
DBLP,0.7,42,inner,bootstrap_OOB,601,conf/vldb/DeckerK03,True,1,es2kSNccUGMJ,es2kSNccUGMJ,True,0.9999761663708816,8.302205005069997e-05,0.9998931443208308,0.5000000000000001,True,correct,0.5000000000000001,True,correct,0.1,0.52497918747894,True,correct
DBLP,0.7,42,inner,bootstrap_OOB,602,conf/sigmod/RaoR00,True,1,wp2_GObi-XkJ,wp2_GObi-XkJ,True,0.9999848149407512,1.4157596626814104e-05,0.9999706573441244,0.5000000000000001,True,correct,0.5000000000000001,True,correct,0.1,0.52497918747894,True,correct
DBLP,0.7,42,inner,bootstrap_OOB,603,journals/vldb/KemperK95,True,1,5CZ1gTCb5Z4J,5CZ1gTCb5Z4J,True,0.9999876837156026,5.843266351352122e-06,0.9999818404492512,0.5000000000000001,True,correct,0.5000000000000001,True,correct,0.1,0.52497918747894,True,correct
DBLP,0.7,42,inner,bootstrap_OOB,604,conf/sigmod/YanMHF01,True,5,8hRWaIVZ2ykJ,8hRWaIVZ2ykJ,True,0.9999880519259592,0.9999869363960808,1.1155298783593892e-06,0.5000000000000001,True,correct,0.5000000000000001,True,correct,0.1,0.52497918747894,True,correct
DBLP,0.7,42,inner,bootstrap_OOB,605,journals/vldb/GruserRZZ00,True,1,9EBKpmSLc_oJ,9EBKpmSLc_oJ,True,0.999988554560434,3.98389870992332e-06,0.999984570661724,0.5000000000000001,True,correct,0.5000000000000001,True,correct,0.1,0.52497918747894,True,correct
DBLP,0.7,42,inner,bootstrap_OOB,606,journals/vldb/CatarciSC97,True,2,IIykL2NeD3UJ,IIykL2NeD3UJ,True,0.9999885113644948,0.9999470429731768,4.1468391317800446e-05,0.5000000000000001,True,correct,0.5000000000000001,True,correct,0.1,0.52497918747894,True,correct
DBLP,0.7,42,inner,bootstrap_OOB,607,conf/vldb/Pogue98,True,1,bYLjqg3pPNgJ,bYLjqg3pPNgJ,True,0.9999838868252624,1.965873017627812e-05,0.999964228095086,0.5000000000000001,True,correct,0.5000000000000001,True,correct,0.1,0.52497918747894,True,correct
DBLP,0.7,42,inner,bootstrap_OOB,608,conf/sigmod/Al-KhalifaYJ03,True,1,boJKiPCpIxkJ,boJKiPCpIxkJ,True,0.9999825231107248,4.863105133404436e-06,0.9999776600055912,0.5000000000000001,True,correct,0.5000000000000001,True,correct,0.1,0.52497918747894,True,correct
DBLP,0.7,42,inner,bootstrap_OOB,609,conf/sigmod/Golding95,True,2,uJj9OgotYeEJ,uJj9OgotYeEJ,True,0.9999805256825318,0.9999774756162207,3.050066311072186e-06,0.5000000000000001,True,correct,0.5000000000000001,True,correct,0.1,0.52497918747894,True,correct
DBLP,0.7,42,inner,bootstrap_OOB,610,conf/vldb/ImielinskiB02,True,1,IQ_MbfJGh0kJ,IQ_MbfJGh0kJ,True,0.1872319284158876,4.077428739300132e-06,0.1872278509871483,0.5000000000000001,False,missing_match,0.5000000000000001,False,missing_match,0.1,0.52497918747894,False,missing_match
DBLP,0.7,42,inner,bootstrap_OOB,611,conf/vldb/DiwanRSS96,True,1,HjDa9on7LzoJ,HjDa9on7LzoJ,True,0.9999902703441608,4.185398479194667e-06,0.9999860849456816,0.5000000000000001,True,correct,0.5000000000000001,True,correct,0.1,0.52497918747894,True,correct
DBLP,0.7,42,inner,bootstrap_OOB,612,journals/vldb/OzsuC98,False,0,,4PztyCG8HFMJ,False,1.4696075412464643e-05,4.98835300894623e-06,9.707722403518414e-06,0.5000000000000001,False,unmatched_abstention,0.5000000000000001,False,unmatched_abstention,0.1,0.52497918747894,False,unmatched_abstention
DBLP,0.7,42,inner,bootstrap_OOB,613,journals/vldb/BraumandlKKKKSS01,True,1,dURGvGhlWbsJ,dURGvGhlWbsJ,True,0.9999886007361334,0.2147879884118906,0.7852006123242428,0.5000000000000001,True,correct,0.5000000000000001,True,correct,0.1,0.52497918747894,True,correct
DBLP,0.7,42,inner,bootstrap_OOB,614,journals/sigmod/BoulosO99,True,2,0mk_QzaJKHEJ,yzbCsw2erkcJ,True,0.9999829966038976,0.0014304808309414,0.9985525157729562,0.5000000000000001,True,correct,0.5000000000000001,True,correct,0.1,0.52497918747894,True,correct
DBLP,0.7,42,inner,bootstrap_OOB,615,conf/vldb/TeisseirePC94,True,2,KNv3bO45Nj4J,w17spSGfEXYJ,True,0.9999814949881594,0.9999468154328988,3.4679555260597184e-05,0.5000000000000001,True,correct,0.5000000000000001,True,correct,0.1,0.52497918747894,True,correct
DBLP,0.7,42,inner,bootstrap_OOB,616,conf/vldb/ChatziantoniouR96,True,1,46FVYbhr0WoJ,46FVYbhr0WoJ,True,0.9999813944788016,9.983399490060926e-06,0.9999714110793114,0.5000000000000001,True,correct,0.5000000000000001,True,correct,0.1,0.52497918747894,True,correct
DBLP,0.7,42,inner,bootstrap_OOB,617,journals/sigmod/Anisimov03,False,0,,url:http://portal.acm.org/ft_gateway.cfm%3Fid%3D945741%26type%3Dpdf%26dl%3DGUIDE%26dl%3DACM%26CFID%3D11111111%26CFTOKEN%3D2222222,False,0.99998275419037,4.343310068274895e-06,0.9999784108803016,0.5000000000000001,True,false_link,0.5000000000000001,True,false_link,0.1,0.52497918747894,True,false_link
DBLP,0.7,42,inner,bootstrap_OOB,618,conf/sigmod/AbiteboulBCMM03,True,2,AxpQwgyRyLgJ,Rjb06zlxbLIJ,True,0.9999898923775904,0.5688924111289961,0.4310974812485942,0.5000000000000001,True,correct,0.5000000000000001,True,correct,0.1,0.52497918747894,True,correct
DBLP,0.7,42,inner,bootstrap_OOB,619,conf/sigmod/NguyenACP01,True,2,A57h1N3H3pgJ,VCiXh8qcrIMJ,True,0.9999825012967268,6.095895452793187e-06,0.9999764054012742,0.5000000000000001,True,correct,0.5000000000000001,True,correct,0.1,0.52497918747894,True,correct
DBLP,0.7,42,inner,bootstrap_OOB,620,conf/sigmod/KalnisNOPT02,True,2,ipAB8UMS7QkJ,ipAB8UMS7QkJ,True,0.999990614730142,0.9989366679767416,0.0010539467534002,0.5000000000000001,True,correct,0.5000000000000001,True,correct,0.1,0.52497918747894,True,correct
DBLP,0.7,42,inner,bootstrap_OOB,621,conf/vldb/YanA94,True,3,8j5i7YJQnNAJ,8j5i7YJQnNAJ,True,0.9999902750937631,0.9999860912781896,4.183815573433058e-06,0.5000000000000001,True,correct,0.5000000000000001,True,correct,0.1,0.52497918747894,True,correct
DBLP,0.7,42,inner,bootstrap_OOB,622,conf/vldb/WhiteheadSM97,True,1,CiYPfP3-5_kJ,CiYPfP3-5_kJ,True,0.9999862624911916,4.023654351685768e-06,0.9999822388368398,0.5000000000000001,True,correct,0.5000000000000001,True,correct,0.1,0.52497918747894,True,correct
DBLP,0.7,42,inner,bootstrap_OOB,623,journals/vldb/ChuIT94,True,1,IDo3ZQocZE4J,IDo3ZQocZE4J,True,0.9999865231579071,1.3823008418826074e-05,0.9999727001494884,0.5000000000000001,True,correct,0.5000000000000001,True,correct,0.1,0.52497918747894,True,correct
DBLP,0.7,42,inner,bootstrap_OOB,624,conf/vldb/BonczRK98,True,2,965BXzMPxSoJ,ts5vu2eNQgYJ,True,0.9999793207840004,0.967526818951682,0.0324525018323185,0.5000000000000001,True,correct,0.5000000000000001,True,correct,0.1,0.52497918747894,True,correct
DBLP,0.7,42,inner,bootstrap_OOB,625,conf/sigmod/ChoG00,True,3,7TNK4262ozwJ,s7K6rICx3fkJ,True,0.99998264184109,0.9999578318799168,2.480996117337764e-05,0.5000000000000001,True,correct,0.5000000000000001,True,correct,0.1,0.52497918747894,True,correct
DBLP,0.7,42,inner,bootstrap_OOB,626,conf/vldb/JagadishKMPSS98,True,3,0iiNS8BIbsUJ,0iiNS8BIbsUJ,True,0.999985812465843,0.9999842921404768,1.5203253661555394e-06,0.5000000000000001,True,correct,0.5000000000000001,True,correct,0.1,0.52497918747894,True,correct
DBLP,0.7,42,inner,bootstrap_OOB,627,journals/sigmod/ACT-NET96,True,3,AWM-7zzaO7wJ,FTDeavdkHpsJ,True,0.999759127578702,0.999758237389433,8.901892690760249e-07,0.5000000000000001,True,correct,0.5000000000000001,True,correct,0.1,0.52497918747894,True,correct
DBLP,0.7,42,inner,bootstrap_OOB,628,conf/sigmod/Gray95,False,0,,ZGaxnuuz5BkJ,False,0.0001392539305536,0.0001086743989611,3.057953159249044e-05,0.5000000000000001,False,unmatched_abstention,0.5000000000000001,False,unmatched_abstention,0.1,0.52497918747894,False,unmatched_abstention
DBLP,0.7,42,inner,bootstrap_OOB,629,conf/sigmod/GoldsteinL01,True,2,dxvwQEOjBJQJ,xufwWHmOf6IJ,True,0.9999883525056326,0.8955728343914129,0.1044155181142196,0.5000000000000001,True,correct,0.5000000000000001,True,correct,0.1,0.52497918747894,True,correct
DBLP,0.7,42,inner,bootstrap_OOB,630,conf/vldb/SatheS01,True,1,L1IBwD8w1G0J,L1IBwD8w1G0J,True,0.9999887809090394,4.3229663756397534e-06,0.9999844579426638,0.5000000000000001,True,correct,0.5000000000000001,True,correct,0.1,0.52497918747894,True,correct
DBLP,0.7,42,inner,bootstrap_OOB,631,conf/vldb/JagadishKNS99,True,2,GtXc02EJjCgJ,W8O7pgTYGTYJ,True,0.999987182466774,0.9999582999156684,2.888255110555793e-05,0.5000000000000001,True,correct,0.5000000000000001,True,correct,0.1,0.52497918747894,True,correct
DBLP,0.7,42,inner,bootstrap_OOB,632,conf/sigmod/HsiaoCY94,True,2,LEi_Rzm1iH0J,LEi_Rzm1iH0J,True,0.9999875643697834,0.9999767041384424,1.0860231340892312e-05,0.5000000000000001,True,correct,0.5000000000000001,True,correct,0.1,0.52497918747894,True,correct
DBLP,0.7,42,inner,bootstrap_OOB,633,conf/vldb/Taylor00,True,1,Af_4cNCu3MwJ,Af_4cNCu3MwJ,True,0.9999808624884704,7.628670366107469e-06,0.9999732338181044,0.5000000000000001,True,correct,0.5000000000000001,True,correct,0.1,0.52497918747894,True,correct
DBLP,0.7,42,inner,bootstrap_OOB,634,conf/vldb/ZhangL98,True,1,ZjHAEBJYahAJ,ZjHAEBJYahAJ,True,0.9999875388934644,9.136197244270666e-06,0.9999784026962202,0.5000000000000001,True,correct,0.5000000000000001,True,correct,0.1,0.52497918747894,True,correct
DBLP,0.7,42,inner,bootstrap_OOB,635,conf/sigmod/OzdenRSS96,True,1,-NqtWdEMQkgJ,-NqtWdEMQkgJ,True,0.9999889272427552,5.436338647161594e-06,0.9999834909041082,0.5000000000000001,True,correct,0.5000000000000001,True,correct,0.1,0.52497918747894,True,correct
DBLP,0.7,42,inner,bootstrap_OOB,636,conf/sigmod/French95,True,1,sGym2wFckEMJ,sGym2wFckEMJ,True,0.9999684717912056,4.0032919310147485e-06,0.9999644684992746,0.5000000000000001,True,correct,0.5000000000000001,True,correct,0.1,0.52497918747894,True,correct
DBLP,0.7,42,inner,bootstrap_OOB,637,conf/sigmod/WilschutFA95,True,2,vgoFTdXYHZ0J,vgoFTdXYHZ0J,True,0.9999806399155882,1.1383631138437717e-05,0.9999692562844498,0.5000000000000001,True,correct,0.5000000000000001,True,correct,0.1,0.52497918747894,True,correct
DBLP,0.7,42,inner,bootstrap_OOB,638,conf/sigmod/PolyzotisG02,True,2,FK5GEhwW7uQJ,obfTDYVJb4gJ,True,0.9999839992366047,0.999811410167111,0.0001725890694939,0.5000000000000001,True,correct,0.5000000000000001,True,correct,0.1,0.52497918747894,True,correct
DBLP,0.7,42,inner,bootstrap_OOB,639,conf/vldb/MorimotoIM97,True,3,3enylshvOl8J,3enylshvOl8J,True,0.9999730176049708,0.9991835560269468,0.0007894615780239,0.5000000000000001,True,correct,0.5000000000000001,True,correct,0.1,0.52497918747894,True,correct
DBLP,0.7,42,inner,bootstrap_OOB,640,journals/sigmod/JukicNV03,True,1,eR43Urfx-hcJ,eR43Urfx-hcJ,True,0.999985907035808,4.364944033283251e-06,0.9999815420917746,0.5000000000000001,True,correct,0.5000000000000001,True,correct,0.1,0.52497918747894,True,correct
DBLP,0.7,42,inner,bootstrap_OOB,641,conf/sigmod/LuoKMPWLN02,True,1,zQfzn1t6Xq8J,zQfzn1t6Xq8J,True,0.9999752476761832,0.0004377408536286,0.9995375068225544,0.5000000000000001,True,correct,0.5000000000000001,True,correct,0.1,0.52497918747894,True,correct
DBLP,0.7,42,inner,bootstrap_OOB,642,conf/sigmod/GarofalakisGRSS00,True,2,5uvR4kU1UOoJ,5uvR4kU1UOoJ,True,0.9999893951280492,0.999989098606586,2.965214630501478e-07,0.5000000000000001,True,correct,0.5000000000000001,True,correct,0.1,0.52497918747894,True,correct
DBLP,0.7,42,inner,bootstrap_OOB,643,conf/sigmod/FukudaMMT96a,True,3,fSKep047pbgJ,WOCgxlV_LgoJ,True,0.9999862647705642,0.9999282932064196,5.79715641445544e-05,0.5000000000000001,True,correct,0.5000000000000001,True,correct,0.1,0.52497918747894,True,correct
DBLP,0.7,42,inner,bootstrap_OOB,644,conf/vldb/BaumgartnerFG01,True,3,I1xHtA3f3MsJ,I1xHtA3f3MsJ,True,0.9999838432794086,0.999979507168536,4.336110872582566e-06,0.5000000000000001,True,correct,0.5000000000000001,True,correct,0.1,0.52497918747894,True,correct
DBLP,0.7,42,inner,bootstrap_OOB,645,conf/sigmod/OlstonW02,True,1,pBKI-JCAlcIJ,pBKI-JCAlcIJ,True,0.9999906292364796,4.285146370639594e-06,0.9999863440901088,0.5000000000000001,True,correct,0.5000000000000001,True,correct,0.1,0.52497918747894,True,correct
DBLP,0.7,42,inner,bootstrap_OOB,646,conf/vldb/Kornacker99,True,1,aOmma8tnFKIJ,aOmma8tnFKIJ,True,0.999987989126288,4.21845413343303e-06,0.9999837706721544,0.5000000000000001,True,correct,0.5000000000000001,True,correct,0.1,0.52497918747894,True,correct
DBLP,0.7,42,inner,bootstrap_OOB,647,conf/vldb/LockemannKKKN97,True,1,mFJzfuwL1jcJ,mFJzfuwL1jcJ,True,0.9999812079912154,5.271433178484942e-06,0.9999759365580368,0.5000000000000001,True,correct,0.5000000000000001,True,correct,0.1,0.52497918747894,True,correct
DBLP,0.7,42,inner,bootstrap_OOB,648,conf/vldb/SilversteinBMU98,True,2,_GLI7Izv17cJ,bCj7bOIqDc0J,True,0.9999785624740284,0.9999169347121898,6.162776183860075e-05,0.5000000000000001,True,correct,0.5000000000000001,True,correct,0.1,0.52497918747894,True,correct
DBLP,0.7,42,inner,bootstrap_OOB,649,conf/vldb/ChristodoulakisTZ97,True,2,D0z0BDnbnFcJ,lojHMj5xWEwJ,True,0.999989951993556,0.9999876747034476,2.2772901083767394e-06,0.5000000000000001,True,correct,0.5000000000000001,True,correct,0.1,0.52497918747894,True,correct
DBLP,0.7,42,inner,bootstrap_OOB,650,conf/vldb/MartinC94,True,1,Ur6-XAMj3tIJ,Ur6-XAMj3tIJ,True,0.9999455079849288,4.30427753538667e-06,0.9999412037073936,0.5000000000000001,True,correct,0.5000000000000001,True,correct,0.1,0.52497918747894,True,correct
DBLP,0.7,42,inner,bootstrap_OOB,651,conf/vldb/DayalHL01,True,3,0XYRlW9tvw8J,0XYRlW9tvw8J,True,0.9999803278606776,0.9999775333031352,2.794557542262765e-06,0.5000000000000001,True,correct,0.5000000000000001,True,correct,0.1,0.52497918747894,True,correct
DBLP,0.7,42,inner,bootstrap_OOB,652,conf/vldb/AcharyaFZ96,True,6,4AK08s31YqUJ,ccEW59Ac84MJ,True,0.9999769104736976,0.9999766501128734,2.603608242335298e-07,0.5000000000000001,True,correct,0.5000000000000001,True,correct,0.1,0.52497918747894,True,correct
DBLP,0.7,42,inner,bootstrap_OOB,653,conf/sigmod/KangN03,True,1,ABztkd0E9lUJ,ABztkd0E9lUJ,True,0.9999841462818044,4.048063871991734e-06,0.9999800982179324,0.5000000000000001,True,correct,0.5000000000000001,True,correct,0.1,0.52497918747894,True,correct
DBLP,0.7,42,inner,bootstrap_OOB,654,journals/tods/Suciu02,True,1,Y7kHpHu3nP0J,Y7kHpHu3nP0J,True,0.999979461935073,7.149901094686343e-06,0.9999723120339784,0.5000000000000001,True,correct,0.5000000000000001,True,correct,0.1,0.52497918747894,True,correct
DBLP,0.7,42,inner,bootstrap_OOB,655,journals/sigmod/SnodgrassACFLLORRSV99,False,0,,url:http://portal.acm.org/citation.cfm%3Fid%3D1041410.1041430,False,0.5405862423480826,0.259351307641855,0.2812349347062275,0.5000000000000001,True,false_link,0.5000000000000001,True,false_link,0.1,0.52497918747894,True,false_link
DBLP,0.7,42,inner,bootstrap_OOB,656,conf/vldb/ChatziantoniouR97,True,2,UEvW-FsWASUJ,UEvW-FsWASUJ,True,0.9999746036618528,0.999972000193274,2.603468578832313e-06,0.5000000000000001,True,correct,0.5000000000000001,True,correct,0.1,0.52497918747894,True,correct
DBLP,0.7,42,inner,bootstrap_OOB,657,journals/sigmod/BichlerSZ98,True,2,fQNdA5cjapAJ,fQNdA5cjapAJ,True,0.9999874795719396,0.9999508867387848,3.659283315471384e-05,0.5000000000000001,True,correct,0.5000000000000001,True,correct,0.1,0.52497918747894,True,correct
DBLP,0.7,42,inner,bootstrap_OOB,658,conf/vldb/Chawathe99,True,3,1-mxxSvIMB8J,1-mxxSvIMB8J,True,0.999983810164542,0.9999708823967776,1.2927767764292495e-05,0.5000000000000001,True,correct,0.5000000000000001,True,correct,0.1,0.52497918747894,True,correct
DBLP,0.7,42,inner,bootstrap_OOB,659,conf/sigmod/CluetDSS98,True,7,63Y-t4R2RycJ,VZreOrzvcYEJ,True,0.9999837873751368,0.9999778188099954,5.968565141567517e-06,0.5000000000000001,True,correct,0.5000000000000001,True,correct,0.1,0.52497918747894,True,correct
DBLP,0.7,42,inner,bootstrap_OOB,660,conf/vldb/PossP03,True,1,DYZlq4rntjwJ,DYZlq4rntjwJ,True,0.9999751264752478,4.584016736740029e-05,0.9999292863078804,0.5000000000000001,True,correct,0.5000000000000001,True,correct,0.1,0.52497918747894,True,correct
DBLP,0.7,42,inner,bootstrap_OOB,661,conf/vldb/AgrawalCN00,True,10,_tle794_iKcJ,U8CMJBaJyX8J,True,0.9999815089243772,0.9999703724968512,1.1136427526037274e-05,0.5000000000000001,True,correct,0.5000000000000001,True,correct,0.1,0.52497918747894,True,correct
DBLP,0.7,42,inner,bootstrap_OOB,662,conf/sigmod/GingrasLSPS97,True,3,D0EVu0EZM-UJ,hlbdfqaXdkAJ,True,0.9999876542930752,0.9953806179154656,0.0046070363776097,0.5000000000000001,True,correct,0.5000000000000001,True,correct,0.1,0.52497918747894,True,correct
DBLP,0.7,42,inner,bootstrap_OOB,663,conf/vldb/GilbertKMS02,True,2,kxGdQhvpi_sJ,kxGdQhvpi_sJ,True,0.9999772145451938,0.999783025864208,0.0001941886809859,0.5000000000000001,True,correct,0.5000000000000001,True,correct,0.1,0.52497918747894,True,correct
DBLP,0.7,42,inner,bootstrap_OOB,664,journals/tods/GuoSW96,True,2,KoI8CRWkAYsJ,V8Ls_TYs6mgJ,True,0.9999867397091814,0.9998953105725876,9.142913659387908e-05,0.5000000000000001,True,correct,0.5000000000000001,True,correct,0.1,0.52497918747894,True,correct
DBLP,0.7,42,inner,bootstrap_OOB,665,conf/sigmod/Suciu99,True,1,FOpGGQJyLLsJ,FOpGGQJyLLsJ,True,0.0010316696701327,9.711716718347784e-05,0.0009345525029492,0.5000000000000001,False,missing_match,0.5000000000000001,False,missing_match,0.1,0.52497918747894,False,missing_match
DBLP,0.7,42,inner,bootstrap_OOB,666,conf/sigmod/LometT99,True,1,JvZ9JWtn72QJ,JvZ9JWtn72QJ,True,0.9999814495078831,4.101331285461232e-06,0.9999773481765976,0.5000000000000001,True,correct,0.5000000000000001,True,correct,0.1,0.52497918747894,True,correct
DBLP,0.7,42,inner,bootstrap_OOB,667,journals/sigmod/KiyokiKH94,True,1,xT3mwY4t5kEJ,xT3mwY4t5kEJ,True,0.9999857756704736,4.0638028410133895e-06,0.9999817118676326,0.5000000000000001,True,correct,0.5000000000000001,True,correct,0.1,0.52497918747894,True,correct
DBLP,0.7,42,inner,bootstrap_OOB,668,journals/sigmod/GeppertD94,True,1,P9xX0UDXnRcJ,P9xX0UDXnRcJ,True,0.999973596042594,1.2218808007268933e-05,0.9999613772345868,0.5000000000000001,True,correct,0.5000000000000001,True,correct,0.1,0.52497918747894,True,correct
DBLP,0.7,42,inner,bootstrap_OOB,669,conf/vldb/GardarinGT95,True,2,DAUHADa6RjQJ,uMkO2KGQJwwJ,True,0.999985968068294,0.0021873136424304,0.9977986544258636,0.5000000000000001,True,correct,0.5000000000000001,True,correct,0.1,0.52497918747894,True,correct
DBLP,0.7,42,inner,bootstrap_OOB,670,journals/sigmod/Aberer01a,True,1,url:http://portal.acm.org/ft_gateway.cfm%3Fid%3D604274%26type%3Dpdf%26dl%3DGUIDE%26dl%3DACM%26CFID%3D11111111%26CFTOKEN%3D2222222,url:http://portal.acm.org/ft_gateway.cfm%3Fid%3D601865%26type%3Dpdf%26coll%3DGUIDE%26dl%3DACM%26CFID%3D11111111%26CFTOKEN%3D2222222,False,0.9947676576103156,0.907556184465563,0.0872114731447526,0.5000000000000001,True,false_link,0.5000000000000001,True,false_link,0.1,0.52497918747894,True,false_link
DBLP,0.7,42,inner,bootstrap_OOB,671,conf/vldb/RezendeH98,True,1,njuthCBUMPAJ,njuthCBUMPAJ,True,0.9999816539052055,6.891973853515924e-06,0.9999747619313522,0.5000000000000001,True,correct,0.5000000000000001,True,correct,0.1,0.52497918747894,True,correct
DBLP,0.7,42,inner,bootstrap_OOB,672,journals/sigmod/Qian96,True,1,NiswbODuzhAJ,NiswbODuzhAJ,True,0.9999841844567132,0.0007015760876711,0.999282608369042,0.5000000000000001,True,correct,0.5000000000000001,True,correct,0.1,0.52497918747894,True,correct
DBLP,0.7,42,inner,bootstrap_OOB,673,journals/sigmod/RossNO03,False,0,,url:http://portal.acm.org/citation.cfm%3Fid%3D1041410.1041430,False,0.001282835572948,0.0001226239415496,0.0011602116313984,0.5000000000000001,False,unmatched_abstention,0.5000000000000001,False,unmatched_abstention,0.1,0.52497918747894,False,unmatched_abstention
DBLP,0.7,42,inner,bootstrap_OOB,674,journals/tods/BaekgaardM95,True,1,6UycFCZooDoJ,6UycFCZooDoJ,True,0.999949857806354,7.065504409878701e-06,0.9999427923019444,0.5000000000000001,True,correct,0.5000000000000001,True,correct,0.1,0.52497918747894,True,correct
DBLP,0.7,42,inner,bootstrap_OOB,675,conf/vldb/SumiyaYTSI95,True,1,ZoMjwB0ps2kJ,ZoMjwB0ps2kJ,True,0.999989538859036,4.018638370385059e-06,0.9999855202206656,0.5000000000000001,True,correct,0.5000000000000001,True,correct,0.1,0.52497918747894,True,correct
DBLP,0.7,42,inner,bootstrap_OOB,676,conf/sigmod/SzalayGKT00,True,11,1kKap3JyndkJ,2ikeMlH1BGsJ,True,0.9999883206048944,0.9999872650996904,1.0555052039062929e-06,0.5000000000000001,True,correct,0.5000000000000001,True,correct,0.1,0.52497918747894,True,correct
DBLP,0.7,42,inner,bootstrap_OOB,677,journals/vldb/WhangKW94,True,1,gLSOYwdwIQ8J,gLSOYwdwIQ8J,True,0.9999839654933416,3.997165202838907e-06,0.9999799683281388,0.5000000000000001,True,correct,0.5000000000000001,True,correct,0.1,0.52497918747894,True,correct
DBLP,0.7,42,inner,bootstrap_OOB,678,conf/vldb/Selinger02,True,1,76u3c8hIWqoJ,76u3c8hIWqoJ,True,0.9999877187028776,5.125813233834245e-06,0.9999825928896436,0.5000000000000001,True,correct,0.5000000000000001,True,correct,0.1,0.52497918747894,True,correct
DBLP,0.7,42,inner,bootstrap_OOB,679,conf/sigmod/BohrerBBCFHKKMNRRSUUW97a,True,2,JntLVX4TPi0J,NiBdZXS0TCMJ,True,0.9492628024703036,3.820327324070015e-05,0.949224599197063,0.5000000000000001,True,correct,0.5000000000000001,True,correct,0.1,0.52497918747894,True,correct
DBLP,0.7,42,inner,bootstrap_OOB,680,conf/vldb/SistlaYH94,True,4,_jl3bN2QlE4J,FT4Sfn-Z7GUJ,True,0.9999851729482356,0.9999706595159666,1.4513432268881132e-05,0.5000000000000001,True,correct,0.5000000000000001,True,correct,0.1,0.52497918747894,True,correct
DBLP,0.7,42,inner,bootstrap_OOB,681,journals/tods/DattaVCK99,True,3,3BbftjVsIEIJ,L_EKDuVUoIEJ,True,0.9999903629579776,0.9965639655855396,0.0034263973724379,0.5000000000000001,True,correct,0.5000000000000001,True,correct,0.1,0.52497918747894,True,correct
DBLP,0.7,42,inner,bootstrap_OOB,682,journals/sigmod/EisenbergM98,True,2,url:http://portal.acm.org/ft_gateway.cfm%3Fid%3D290604%26type%3Dpdf%26coll%3DGUIDE%26dl%3DACM%26CFID%3D11111111%26CFTOKEN%3D2222222,-RAYAJbKLNUJ,True,0.9999859009058768,0.589372052899431,0.4106138480064457,0.5000000000000001,True,correct,0.5000000000000001,True,correct,0.1,0.52497918747894,True,correct
DBLP,0.7,42,inner,bootstrap_OOB,683,conf/vldb/Ladin00,True,1,kPTa4IiS_sgJ,kPTa4IiS_sgJ,True,0.9999890023618386,0.1897128439554294,0.8102761584064091,0.5000000000000001,True,correct,0.5000000000000001,True,correct,0.1,0.52497918747894,True,correct
DBLP,0.7,42,inner,bootstrap_OOB,684,conf/vldb/CohenMKS03,True,1,gRoNHWLN1WMJ,gRoNHWLN1WMJ,True,0.9999870703041034,5.544321565218074e-06,0.9999815259825382,0.5000000000000001,True,correct,0.5000000000000001,True,correct,0.1,0.52497918747894,True,correct
DBLP,0.7,42,inner,bootstrap_OOB,685,journals/sigmod/RamanathanH97,True,1,EID4UO0Kv04J,EID4UO0Kv04J,True,0.9999883970955824,1.0185546387878655e-05,0.9999782115491944,0.5000000000000001,True,correct,0.5000000000000001,True,correct,0.1,0.52497918747894,True,correct
DBLP,0.7,42,inner,bootstrap_OOB,686,conf/sigmod/SinghTW94,True,1,uAQ-tJ0j4nkJ,uAQ-tJ0j4nkJ,True,0.9999409563218036,4.953552067345366e-06,0.9999360027697364,0.5000000000000001,True,correct,0.5000000000000001,True,correct,0.1,0.52497918747894,True,correct
DBLP,0.7,42,inner,bootstrap_OOB,687,conf/sigmod/AltinelABFSZ99,True,5,4m_zFz0kP7cJ,ebmulQBhqZEJ,True,0.9999915235492124,0.9999910278053068,4.957439054820156e-07,0.5000000000000001,True,correct,0.5000000000000001,True,correct,0.1,0.52497918747894,True,correct
DBLP,0.7,42,inner,bootstrap_OOB,688,conf/sigmod/CareyCNVDRSM99,True,1,W6ROObWo3bIJ,W6ROObWo3bIJ,True,0.9999880159795238,0.9986775570534896,0.0013104589260342,0.5000000000000001,True,correct,0.5000000000000001,True,correct,0.1,0.52497918747894,True,correct
DBLP,0.7,42,inner,bootstrap_OOB,689,journals/tods/OliverS94,True,2,RUyqFOxZyDoJ,RUyqFOxZyDoJ,True,0.9999736486668768,0.9999658744463584,7.774220518230734e-06,0.5000000000000001,True,correct,0.5000000000000001,True,correct,0.1,0.52497918747894,True,correct
DBLP,0.7,42,inner,bootstrap_OOB,690,journals/sigmod/Aberer02,True,1,url:http://portal.acm.org/ft_gateway.cfm%3Fid%3D507353%26type%3Dpdf%26dl%3Dportal%26dl%3DACM%26CFID%3D11111111%26CFTOKEN%3D2222222,url:http://portal.acm.org/ft_gateway.cfm%3Fid%3D601865%26type%3Dpdf%26coll%3DGUIDE%26dl%3DACM%26CFID%3D11111111%26CFTOKEN%3D2222222,False,0.9962280373798637,0.9465537956476912,0.0496742417321722,0.5000000000000001,True,false_link,0.5000000000000001,True,false_link,0.1,0.52497918747894,True,false_link
DBLP,0.7,42,inner,bootstrap_OOB,691,conf/sigmod/PhanN02,True,1,LLIkm2GMqakJ,LLIkm2GMqakJ,True,0.9999793637307514,5.665352647587958e-06,0.9999736983781038,0.5000000000000001,True,correct,0.5000000000000001,True,correct,0.1,0.52497918747894,True,correct
DBLP,0.7,42,inner,bootstrap_OOB,692,journals/tods/KossmannFDA00,True,1,8tDPAHGDRggJ,8tDPAHGDRggJ,True,0.9999871463809128,3.99926996895249e-06,0.999983147110944,0.5000000000000001,True,correct,0.5000000000000001,True,correct,0.1,0.52497918747894,True,correct
DBLP,0.7,42,inner,bootstrap_OOB,693,conf/vldb/GoldsteinR00,True,4,30fMB9_zBm0J,ylZFc8RNoeQJ,True,0.9999864636748944,0.9999842718295286,2.1918453656510906e-06,0.5000000000000001,True,correct,0.5000000000000001,True,correct,0.1,0.52497918747894,True,correct
DBLP,0.7,42,inner,bootstrap_OOB,694,journals/vldb/FahlR97,True,2,iM6vRWljKpAJ,zXSCJ9LzZ8cJ,True,0.9999785296363172,0.9999096473511752,6.888228514190242e-05,0.5000000000000001,True,correct,0.5000000000000001,True,correct,0.1,0.52497918747894,True,correct
DBLP,0.7,42,inner,bootstrap_OOB,695,conf/sigmod/WangZS95,True,3,86-DS0U0jY0J,QHrpE-XaLoMJ,True,0.9999861299690226,0.9999355759171006,5.0554051922002685e-05,0.5000000000000001,True,correct,0.5000000000000001,True,correct,0.1,0.52497918747894,True,correct
DBLP,0.7,42,inner,bootstrap_OOB,696,conf/vldb/LeeWMS02,True,1,c-MP8R47zVIJ,c-MP8R47zVIJ,True,0.9999906550276176,4.16891423925377e-06,0.9999864861133784,0.5000000000000001,True,correct,0.5000000000000001,True,correct,0.1,0.52497918747894,True,correct
DBLP,0.7,42,inner,bootstrap_OOB,697,conf/vldb/GarofalakisG01,True,3,PIhBWXtNTvUJ,rcSfDxBif40J,True,0.9999671360702508,0.9999664464011576,6.89669093278944e-07,0.5000000000000001,True,correct,0.5000000000000001,True,correct,0.1,0.52497918747894,True,correct
