dataset,fraction,seed,role,scheme,record_index,ida,has_true_match,n_valid_matches,retained_idb,top1_idb,top1_is_any_valid,top1_score,top2_score,score_gap,threshold,declared,category,legacy_threshold,legacy_declared,legacy_category,direct_threshold,direct_threshold_sigmoid_equivalent,direct_declared,direct_category
DBLP,0.6,50,inner,bootstrap_OOB,0,conf/sigmod/LeeKOTM00,True,1,C8RLbWKCgicJ,C8RLbWKCgicJ,True,0.9999955357147596,1.4657598459464762e-05,0.9999808781163,0.7000000000000002,True,correct,0.7000000000000002,True,correct,0.6500000000000001,0.6570104626734988,True,correct
DBLP,0.6,50,inner,bootstrap_OOB,1,journals/sigmod/Halevy03,True,1,706PCMwA_E4J,706PCMwA_E4J,True,0.999995600439642,5.29355391435666e-06,0.9999903068857278,0.7000000000000002,True,correct,0.7000000000000002,True,correct,0.6500000000000001,0.6570104626734988,True,correct
DBLP,0.6,50,inner,bootstrap_OOB,2,journals/sigmod/Franklin98a,False,0,,diQK7Y_z3XwJ,False,1.5413657096640527e-05,1.3014796646950396e-05,2.398860449690129e-06,0.7000000000000002,False,unmatched_abstention,0.7000000000000002,False,unmatched_abstention,0.6500000000000001,0.6570104626734988,False,unmatched_abstention
DBLP,0.6,50,inner,bootstrap_OOB,3,journals/vldb/BalkirO98,True,1,pSf0S8boiZ0J,pSf0S8boiZ0J,True,0.9999944917058644,3.6794241277942063e-06,0.9999908122817364,0.7000000000000002,True,correct,0.7000000000000002,True,correct,0.6500000000000001,0.6570104626734988,True,correct
DBLP,0.6,50,inner,bootstrap_OOB,4,journals/sigmod/AbelTK97,True,1,yK-yqVAiXekJ,yK-yqVAiXekJ,True,0.9999950974957342,9.339665817112831e-05,0.9999017008375632,0.7000000000000002,True,correct,0.7000000000000002,True,correct,0.6500000000000001,0.6570104626734988,True,correct
DBLP,0.6,50,inner,bootstrap_OOB,5,journals/vldb/LiangOY00,True,1,ikw-En98LywJ,ikw-En98LywJ,True,0.9999958650981192,6.0616403048617605e-06,0.9999898034578144,0.7000000000000002,True,correct,0.7000000000000002,True,correct,0.6500000000000001,0.6570104626734988,True,correct
DBLP,0.6,50,inner,bootstrap_OOB,6,journals/sigmod/KoksalAD98,True,2,c2UQ3AM5_f8J,enYoi4XT7n0J,True,0.9999921394482556,0.1322661405659289,0.8677259988823267,0.7000000000000002,True,correct,0.7000000000000002,True,correct,0.6500000000000001,0.6570104626734988,True,correct
DBLP,0.6,50,inner,bootstrap_OOB,7,conf/vldb/NgY94,True,3,1O-Uy922LQUJ,1O-Uy922LQUJ,True,0.9999954366505488,0.9999847748759344,1.0661774614284523e-05,0.7000000000000002,True,correct,0.7000000000000002,True,correct,0.6500000000000001,0.6570104626734988,True,correct
DBLP,0.6,50,inner,bootstrap_OOB,8,conf/vldb/BaumannFRW97,True,2,7BgXVuviUvoJ,7BgXVuviUvoJ,True,0.9999955072098864,0.1383011772680585,0.8616943299418278,0.7000000000000002,True,correct,0.7000000000000002,True,correct,0.6500000000000001,0.6570104626734988,True,correct
DBLP,0.6,50,inner,bootstrap_OOB,9,conf/vldb/NgH94,True,14,32AYdsd8K3kJ,YMluKoJrxMcJ,True,0.9999946191096772,0.9999936129472136,1.0061624635682165e-06,0.7000000000000002,True,correct,0.7000000000000002,True,correct,0.6500000000000001,0.6570104626734988,True,correct
DBLP,0.6,50,inner,bootstrap_OOB,10,journals/sigmod/Grefen02,False,0,,url:http://portal.acm.org/ft_gateway.cfm%3Fid%3D604274%26type%3Dpdf%26dl%3DGUIDE%26dl%3DACM%26CFID%3D11111111%26CFTOKEN%3D2222222,False,0.0002281331182244,9.908486746490656e-05,0.0001290482507595,0.7000000000000002,False,unmatched_abstention,0.7000000000000002,False,unmatched_abstention,0.6500000000000001,0.6570104626734988,False,unmatched_abstention
DBLP,0.6,50,inner,bootstrap_OOB,11,conf/sigmod/PalmerF00,True,2,cnNLe97Pd2sJ,cnNLe97Pd2sJ,True,0.9999946795107388,0.9999915611115536,3.118399185098042e-06,0.7000000000000002,True,correct,0.7000000000000002,True,correct,0.6500000000000001,0.6570104626734988,True,correct
DBLP,0.6,50,inner,bootstrap_OOB,12,conf/vldb/NishioSTTL01,True,1,S30IXg4ClFIJ,S30IXg4ClFIJ,True,0.9999417956641194,3.734419964742879e-06,0.9999380612441549,0.7000000000000002,True,correct,0.7000000000000002,True,correct,0.6500000000000001,0.6570104626734988,True,correct
DBLP,0.6,50,inner,bootstrap_OOB,13,conf/vldb/DarEGP98,True,1,D6gxih90YU4J,D6gxih90YU4J,True,0.999995441304738,0.0002327136757192,0.9997627276290189,0.7000000000000002,True,correct,0.7000000000000002,True,correct,0.6500000000000001,0.6570104626734988,True,correct
DBLP,0.6,50,inner,bootstrap_OOB,14,journals/vldb/PacittiS00,True,5,9ReaNbX2I-IJ,yXCROrOo320J,True,0.9999953596270342,0.9999872657676367,8.093859397484415e-06,0.7000000000000002,True,correct,0.7000000000000002,True,correct,0.6500000000000001,0.6570104626734988,True,correct
DBLP,0.6,50,inner,bootstrap_OOB,15,conf/vldb/KeimH99,True,1,28GZ8M1ZPVYJ,28GZ8M1ZPVYJ,True,0.99999532939655,4.490862439521777e-06,0.9999908385341104,0.7000000000000002,True,correct,0.7000000000000002,True,correct,0.6500000000000001,0.6570104626734988,True,correct
DBLP,0.6,50,inner,bootstrap_OOB,16,conf/sigmod/BrunoKS02,True,3,2VpRW4Tf08EJ,GahdNMZNCWgJ,True,0.9999916209596798,0.0167976054927551,0.9831940154669246,0.7000000000000002,True,correct,0.7000000000000002,True,correct,0.6500000000000001,0.6570104626734988,True,correct
DBLP,0.6,50,inner,bootstrap_OOB,17,conf/sigmod/FlokstraKS94,True,1,_uAjDh22Y_EJ,_uAjDh22Y_EJ,True,0.9999956017736816,4.636409515352956e-06,0.9999909653641664,0.7000000000000002,True,correct,0.7000000000000002,True,correct,0.6500000000000001,0.6570104626734988,True,correct
DBLP,0.6,50,inner,bootstrap_OOB,18,journals/sigmod/HadzilacosT97,True,2,a8YsBAmwFjoJ,a8YsBAmwFjoJ,True,0.9999956223704216,0.9999947565441136,8.658263078720196e-07,0.7000000000000002,True,correct,0.7000000000000002,True,correct,0.6500000000000001,0.6570104626734988,True,correct
DBLP,0.6,50,inner,bootstrap_OOB,19,journals/vldb/LandauST95,True,3,E8U_krxA1dsJ,N9d3F0NvbcEJ,True,0.9999951830753508,0.9999948846224928,2.9845285798302257e-07,0.7000000000000002,True,correct,0.7000000000000002,True,correct,0.6500000000000001,0.6570104626734988,True,correct
DBLP,0.6,50,inner,bootstrap_OOB,20,conf/vldb/MurthyB03,True,1,kHi1YOTBmlkJ,kHi1YOTBmlkJ,True,0.999994680987064,2.473087610438683e-05,0.9999699501109596,0.7000000000000002,True,correct,0.7000000000000002,True,correct,0.6500000000000001,0.6570104626734988,True,correct
DBLP,0.6,50,inner,bootstrap_OOB,21,journals/tods/EiterLLS01,True,2,lTwQVB8E7SIJ,lTwQVB8E7SIJ,True,0.9999593551432892,0.0009999636055671,0.998959391537722,0.7000000000000002,True,correct,0.7000000000000002,True,correct,0.6500000000000001,0.6570104626734988,True,correct
DBLP,0.6,50,inner,bootstrap_OOB,22,conf/sigmod/ArefBV95,True,2,ht_8Iq3SZ80J,ht_8Iq3SZ80J,True,0.9999947409042016,0.9778555237682586,0.0221392171359431,0.7000000000000002,True,correct,0.7000000000000002,True,correct,0.6500000000000001,0.6570104626734988,True,correct
DBLP,0.6,50,inner,bootstrap_OOB,23,conf/vldb/Gentili01,True,1,2j1dalv3kCEJ,2j1dalv3kCEJ,True,0.9999954611987958,3.799205480445574e-06,0.9999916619933154,0.7000000000000002,True,correct,0.7000000000000002,True,correct,0.6500000000000001,0.6570104626734988,True,correct
DBLP,0.6,50,inner,bootstrap_OOB,24,conf/vldb/GallersdorferN95,True,1,U8jfPCxfXicJ,U8jfPCxfXicJ,True,0.9999926649344588,3.867895183369674e-06,0.9999887970392756,0.7000000000000002,True,correct,0.7000000000000002,True,correct,0.6500000000000001,0.6570104626734988,True,correct
DBLP,0.6,50,inner,bootstrap_OOB,25,conf/sigmod/MamoulisP99,True,4,fXHqHRgpG8sJ,z9MQwq7G3GYJ,True,0.9999956287740738,0.9999941681183888,1.4606556849594554e-06,0.7000000000000002,True,correct,0.7000000000000002,True,correct,0.6500000000000001,0.6570104626734988,True,correct
DBLP,0.6,50,inner,bootstrap_OOB,26,journals/vldb/MehrotraKS97,True,1,6XxswNrUSk4J,6XxswNrUSk4J,True,0.9999948989497046,2.2881221427636304e-05,0.9999720177282768,0.7000000000000002,True,correct,0.7000000000000002,True,correct,0.6500000000000001,0.6570104626734988,True,correct
DBLP,0.6,50,inner,bootstrap_OOB,27,journals/sigmod/CasatiDS00,True,2,jPx0tvkJ-fUJ,jPx0tvkJ-fUJ,True,0.9999938868665552,0.999990566417227,3.320449328159114e-06,0.7000000000000002,True,correct,0.7000000000000002,True,correct,0.6500000000000001,0.6570104626734988,True,correct
DBLP,0.6,50,inner,bootstrap_OOB,28,journals/sigmod/Bernstein98,True,3,AYEI8XDoY9wJ,AYEI8XDoY9wJ,True,0.999994250571458,0.999986348737858,7.901833600110209e-06,0.7000000000000002,True,correct,0.7000000000000002,True,correct,0.6500000000000001,0.6570104626734988,True,correct
DBLP,0.6,50,inner,bootstrap_OOB,29,journals/vldb/MehtaD97,True,2,VPX141ia9EcJ,zppqMPNFTQIJ,True,0.999995290250131,0.9997345101246956,0.0002607801254355,0.7000000000000002,True,correct,0.7000000000000002,True,correct,0.6500000000000001,0.6570104626734988,True,correct
DBLP,0.6,50,inner,bootstrap_OOB,30,conf/vldb/ZhouS03,True,1,NlDvk5J0WwEJ,NlDvk5J0WwEJ,True,0.9999954454069224,4.710203536938328e-06,0.9999907352033856,0.7000000000000002,True,correct,0.7000000000000002,True,correct,0.6500000000000001,0.6570104626734988,True,correct
DBLP,0.6,50,inner,bootstrap_OOB,31,conf/vldb/Bhashyam96,True,1,url:http://portal.acm.org/ft_gateway.cfm%3Fid%3D245908%26type%3Dpdf%26dl%3DGUIDE%26dl%3DACM%26CFID%3D11111111%26CFTOKEN%3D2222222,url:http://portal.acm.org/ft_gateway.cfm%3Fid%3D245908%26type%3Dpdf%26dl%3DGUIDE%26dl%3DACM%26CFID%3D11111111%26CFTOKEN%3D2222222,True,0.999993578078121,3.916736872411101e-06,0.9999896613412486,0.7000000000000002,True,correct,0.7000000000000002,True,correct,0.6500000000000001,0.6570104626734988,True,correct
DBLP,0.6,50,inner,bootstrap_OOB,32,journals/sigmod/Franklin99b,False,0,,diQK7Y_z3XwJ,False,1.5800633589001456e-05,1.439755874052611e-05,1.4030748484753451e-06,0.7000000000000002,False,unmatched_abstention,0.7000000000000002,False,unmatched_abstention,0.6500000000000001,0.6570104626734988,False,unmatched_abstention
DBLP,0.6,50,inner,bootstrap_OOB,33,journals/vldb/TenienteO95,True,3,aC-8qspy24wJ,aC-8qspy24wJ,True,0.999994676688854,0.9999944536952872,2.2299356672306206e-07,0.7000000000000002,True,correct,0.7000000000000002,True,correct,0.6500000000000001,0.6570104626734988,True,correct
DBLP,0.6,50,inner,bootstrap_OOB,34,conf/sigmod/KemperKM98,True,2,5BK4tIRJ3wwJ,Z0oCigN4pVMJ,True,0.9999918322830036,0.9999882757992612,3.5564837421731e-06,0.7000000000000002,True,correct,0.7000000000000002,True,correct,0.6500000000000001,0.6570104626734988,True,correct
DBLP,0.6,50,inner,bootstrap_OOB,35,conf/vldb/BouganimP02,True,1,PhERWOcOkOgJ,PhERWOcOkOgJ,True,0.999995292073346,9.902554843906532e-05,0.9998962665249068,0.7000000000000002,True,correct,0.7000000000000002,True,correct,0.6500000000000001,0.6570104626734988,True,correct
DBLP,0.6,50,inner,bootstrap_OOB,36,conf/sigmod/BergstraesserBPS99,True,2,4Ha7Bs5Vq3MJ,qcZ2tYThtK0J,True,0.9999955884613416,0.8228476539990038,0.1771479344623377,0.7000000000000002,True,correct,0.7000000000000002,True,correct,0.6500000000000001,0.6570104626734988,True,correct
DBLP,0.6,50,inner,bootstrap_OOB,37,conf/sigmod/Mohan01,True,1,IGS3TtqfKUgJ,IGS3TtqfKUgJ,True,0.9999953715204748,0.9999916863159892,3.685204485792681e-06,0.7000000000000002,True,correct,0.7000000000000002,True,correct,0.6500000000000001,0.6570104626734988,True,correct
DBLP,0.6,50,inner,bootstrap_OOB,38,conf/vldb/BelussiF95,True,5,5FEmoD1TIdwJ,a78Lxr80kJUJ,True,0.9999948412907306,0.9999875727752516,7.268515478942028e-06,0.7000000000000002,True,correct,0.7000000000000002,True,correct,0.6500000000000001,0.6570104626734988,True,correct
DBLP,0.6,50,inner,bootstrap_OOB,39,conf/vldb/GoldmanSVG98,True,3,4qYPBQ1l07YJ,pweOUtA2iTAJ,True,0.9999950157698138,0.9999880854695806,6.930300233132236e-06,0.7000000000000002,True,correct,0.7000000000000002,True,correct,0.6500000000000001,0.6570104626734988,True,correct
DBLP,0.6,50,inner,bootstrap_OOB,40,journals/tods/LakshmananLRS97,True,2,dOscxZFxArwJ,UByN6paxEXwJ,True,0.9999927944686132,0.0006038132519391,0.999388981216674,0.7000000000000002,True,correct,0.7000000000000002,True,correct,0.6500000000000001,0.6570104626734988,True,correct
DBLP,0.6,50,inner,bootstrap_OOB,41,conf/sigmod/RinfretOO01,True,1,pyqtmrPg24YJ,pyqtmrPg24YJ,True,0.999979300757668,4.715394631087527e-06,0.999974585363037,0.7000000000000002,True,correct,0.7000000000000002,True,correct,0.6500000000000001,0.6570104626734988,True,correct
DBLP,0.6,50,inner,bootstrap_OOB,42,conf/sigmod/TomasicGS94,True,3,kRHYZELNeoIJ,kRHYZELNeoIJ,True,0.999994671543694,0.9999938162405174,8.553031766167507e-07,0.7000000000000002,True,correct,0.7000000000000002,True,correct,0.6500000000000001,0.6570104626734988,True,correct
DBLP,0.6,50,inner,bootstrap_OOB,43,journals/sigmod/RiekertMW97,True,1,M-3MGd3wPcsJ,M-3MGd3wPcsJ,True,0.9999946984890392,0.9578585553855684,0.0421361431034709,0.7000000000000002,True,correct,0.7000000000000002,True,correct,0.6500000000000001,0.6570104626734988,True,correct
DBLP,0.6,50,inner,bootstrap_OOB,44,journals/sigmod/RoantreeS02,True,2,url:http://portal.acm.org/ft_gateway.cfm%3Fid%3D637435%26type%3Dpdf%26dl%3DGUIDE%26dl%3DACM%26CFID%3D11111111%26CFTOKEN%3D2222222,xfrOR_G4_UoJ,True,0.9999954773198008,0.9999953634091951,1.139106055036976e-07,0.7000000000000002,True,correct,0.7000000000000002,True,correct,0.6500000000000001,0.6570104626734988,True,correct
DBLP,0.6,50,inner,bootstrap_OOB,45,conf/vldb/CeriFP99,True,3,8OrOAQnaveIJ,CpA5QWyIRr4J,True,0.999995833844032,0.9999958078384696,2.6005562592246182e-08,0.7000000000000002,True,correct,0.7000000000000002,True,correct,0.6500000000000001,0.6570104626734988,True,correct
DBLP,0.6,50,inner,bootstrap_OOB,46,conf/sigmod/ChangG99,True,4,10FYofnRROUJ,8Yt1Mba9-wQJ,True,0.9999946549672416,0.9999940508095108,6.041577307325241e-07,0.7000000000000002,True,correct,0.7000000000000002,True,correct,0.6500000000000001,0.6570104626734988,True,correct
DBLP,0.6,50,inner,bootstrap_OOB,47,conf/vldb/SistlaYLL95,True,3,HtTNmhCJY-oJ,HtTNmhCJY-oJ,True,0.9999954616186424,0.999995258699607,2.0291903546354467e-07,0.7000000000000002,True,correct,0.7000000000000002,True,correct,0.6500000000000001,0.6570104626734988,True,correct
DBLP,0.6,50,inner,bootstrap_OOB,48,conf/sigmod/MattosM95,True,1,wF_GdZPkCnQJ,wF_GdZPkCnQJ,True,0.99997646206637,5.821074163534463e-06,0.9999706409922066,0.7000000000000002,True,correct,0.7000000000000002,True,correct,0.6500000000000001,0.6570104626734988,True,correct
DBLP,0.6,50,inner,bootstrap_OOB,49,conf/vldb/SrikantA95,True,16,08bwdEy_OY8J,OUdGxoZdSxAJ,True,0.9999887515440627,0.9999885193926497,2.3215141320420685e-07,0.7000000000000002,True,correct,0.7000000000000002,True,correct,0.6500000000000001,0.6570104626734988,True,correct
DBLP,0.6,50,inner,bootstrap_OOB,50,conf/sigmod/Meseck01,True,1,hWiIngXs5I0J,hWiIngXs5I0J,True,0.999993087535076,4.657855103306917e-06,0.9999884296799726,0.7000000000000002,True,correct,0.7000000000000002,True,correct,0.6500000000000001,0.6570104626734988,True,correct
DBLP,0.6,50,inner,bootstrap_OOB,51,conf/sigmod/BrinMUT97,True,13,0cOrb6RuPW0J,vIwsSOGQOWAJ,True,0.9999950716525458,0.9999937120406264,1.359611919493631e-06,0.7000000000000002,True,correct,0.7000000000000002,True,correct,0.6500000000000001,0.6570104626734988,True,correct
DBLP,0.6,50,inner,bootstrap_OOB,52,conf/sigmod/Bampahl95,True,1,MbgdgwgZCIUJ,MbgdgwgZCIUJ,True,0.9999935864385808,4.824243462056472e-06,0.9999887621951188,0.7000000000000002,True,correct,0.7000000000000002,True,correct,0.6500000000000001,0.6570104626734988,True,correct
DBLP,0.6,50,inner,bootstrap_OOB,53,journals/sigmod/DreyerDS94,True,1,GCf11c7YuucJ,GCf11c7YuucJ,True,0.999994874069445,0.0001665396749353,0.9998283343945096,0.7000000000000002,True,correct,0.7000000000000002,True,correct,0.6500000000000001,0.6570104626734988,True,correct
DBLP,0.6,50,inner,bootstrap_OOB,54,conf/sigmod/French95,True,1,sGym2wFckEMJ,sGym2wFckEMJ,True,0.9999804364641762,3.736151209766666e-06,0.9999767003129664,0.7000000000000002,True,correct,0.7000000000000002,True,correct,0.6500000000000001,0.6570104626734988,True,correct
DBLP,0.6,50,inner,bootstrap_OOB,55,conf/sigmod/OhHP00,True,3,cFpgCsBTSBEJ,T91d5LI-xIwJ,True,0.9999951550595688,0.9999861413530612,9.013706507743358e-06,0.7000000000000002,True,correct,0.7000000000000002,True,correct,0.6500000000000001,0.6570104626734988,True,correct
DBLP,0.6,50,inner,bootstrap_OOB,56,journals/sigmod/AbererCH02,True,2,ulDBbXl-6Q4J,YUtQ8KXNntYJ,True,0.9999944579145742,0.9999940145932084,4.433213657284441e-07,0.7000000000000002,True,correct,0.7000000000000002,True,correct,0.6500000000000001,0.6570104626734988,True,correct
DBLP,0.6,50,inner,bootstrap_OOB,57,journals/sigmod/McHughAGQW97,True,7,0VMP__pyg_4J,FUXcNB3HHi4J,True,0.9999952287718012,0.9999951081533264,1.206184748747674e-07,0.7000000000000002,True,correct,0.7000000000000002,True,correct,0.6500000000000001,0.6570104626734988,True,correct
DBLP,0.6,50,inner,bootstrap_OOB,58,journals/sigmod/SnodgrassAABCDEGJKKKLLRSSS94,True,6,5JA4QR8rxq0J,h1zPIDDnNxEJ,True,0.9999863248146232,0.9999839169614334,2.407853189834164e-06,0.7000000000000002,True,correct,0.7000000000000002,True,correct,0.6500000000000001,0.6570104626734988,True,correct
DBLP,0.6,50,inner,bootstrap_OOB,59,conf/vldb/BohannonLRSSS97,True,4,GzK2N5eQ0pQJ,GzK2N5eQ0pQJ,True,0.9999953374606158,0.9999952564608696,8.099974624364847e-08,0.7000000000000002,True,correct,0.7000000000000002,True,correct,0.6500000000000001,0.6570104626734988,True,correct
DBLP,0.6,50,inner,bootstrap_OOB,60,journals/sigmod/CaplinskasEV02,True,5,Axu6UlX-pPYJ,MH0RCZvsQ1cJ,True,0.9999910054193578,0.9999891465109784,1.8589083795594876e-06,0.7000000000000002,True,correct,0.7000000000000002,True,correct,0.6500000000000001,0.6570104626734988,True,correct
DBLP,0.6,50,inner,bootstrap_OOB,61,conf/vldb/FaloutsosJS97,True,4,C1Wu3OVlJCsJ,u_9qWSpjaO4J,True,0.9999940657349046,0.9999912419690768,2.823765827719704e-06,0.7000000000000002,True,correct,0.7000000000000002,True,correct,0.6500000000000001,0.6570104626734988,True,correct
DBLP,0.6,50,inner,bootstrap_OOB,62,conf/vldb/SeshadriLR97,True,8,ad-TVNZBg8YJ,kIzNmOrszKoJ,True,0.999994545116056,0.9999941836204072,3.6149564874854434e-07,0.7000000000000002,True,correct,0.7000000000000002,True,correct,0.6500000000000001,0.6570104626734988,True,correct
DBLP,0.6,50,inner,bootstrap_OOB,63,journals/tods/SrivastavaSRN95,True,2,url:http://www.csa.com/partners/viewrecord.php%3Frequester%3Dgs%26collection%3DTRD%26recid%3D0219026CI,zm3D83ZiU4UJ,True,0.9999942700853436,0.9999840264207708,1.0243664572806566e-05,0.7000000000000002,True,correct,0.7000000000000002,True,correct,0.6500000000000001,0.6570104626734988,True,correct
DBLP,0.6,50,inner,bootstrap_OOB,64,conf/vldb/SeifertS02,True,2,1VEHUogTMZMJ,1VEHUogTMZMJ,True,0.9999957667959072,0.9999040279935826,9.173880232460352e-05,0.7000000000000002,True,correct,0.7000000000000002,True,correct,0.6500000000000001,0.6570104626734988,True,correct
DBLP,0.6,50,inner,bootstrap_OOB,65,conf/sigmod/MoonWH02,True,1,rlfxeE4k2p4J,rlfxeE4k2p4J,True,0.999995375068004,0.0003639713844278,0.9996314036835764,0.7000000000000002,True,correct,0.7000000000000002,True,correct,0.6500000000000001,0.6570104626734988,True,correct
DBLP,0.6,50,inner,bootstrap_OOB,66,conf/sigmod/DeolaseeKPRS01,True,2,5OTQGZ1gb18J,5OTQGZ1gb18J,True,0.9999897206474968,0.0086455959755899,0.9913441246719068,0.7000000000000002,True,correct,0.7000000000000002,True,correct,0.6500000000000001,0.6570104626734988,True,correct
DBLP,0.6,50,inner,bootstrap_OOB,67,conf/sigmod/HsuLG00,True,2,AvYMafGTVLEJ,kxIpDxLD46gJ,True,0.999995374807768,0.9999876096256982,7.765182069796595e-06,0.7000000000000002,True,correct,0.7000000000000002,True,correct,0.6500000000000001,0.6570104626734988,True,correct
DBLP,0.6,50,inner,bootstrap_OOB,68,conf/vldb/RothS97,True,12,1fQr1rJ4yCwJ,1fQr1rJ4yCwJ,True,0.9999959353405768,0.9999958112593096,1.2408126726093374e-07,0.7000000000000002,True,correct,0.7000000000000002,True,correct,0.6500000000000001,0.6570104626734988,True,correct
DBLP,0.6,50,inner,bootstrap_OOB,69,conf/vldb/YuV00,True,2,43N2r_SuYccJ,43N2r_SuYccJ,True,0.9999956423221784,0.99998898715415,6.655168028668612e-06,0.7000000000000002,True,correct,0.7000000000000002,True,correct,0.6500000000000001,0.6570104626734988,True,correct
DBLP,0.6,50,inner,bootstrap_OOB,70,conf/vldb/YagoubFIV00,True,3,195Hlqu94qEJ,195Hlqu94qEJ,True,0.9999942138995004,0.999987722344836,6.491554664256327e-06,0.7000000000000002,True,correct,0.7000000000000002,True,correct,0.6500000000000001,0.6570104626734988,True,correct
DBLP,0.6,50,inner,bootstrap_OOB,71,journals/sigmod/CatarciC96,True,1,url:http://portal.acm.org/ft_gateway.cfm%3Fid%3D245888%26type%3Dpdf%26dl%3DGUIDE%26dl%3DACM%26CFID%3D11111111%26CFTOKEN%3D2222222,url:http://portal.acm.org/ft_gateway.cfm%3Fid%3D245888%26type%3Dpdf%26dl%3DGUIDE%26dl%3DACM%26CFID%3D11111111%26CFTOKEN%3D2222222,True,0.99997603310335,0.0005132302440915,0.9994628028592584,0.7000000000000002,True,correct,0.7000000000000002,True,correct,0.6500000000000001,0.6570104626734988,True,correct
DBLP,0.6,50,inner,bootstrap_OOB,72,conf/sigmod/KoudasS97,True,3,0u8r8MJWgKAJ,0u8r8MJWgKAJ,True,0.9999929145698117,0.9999127181776468,8.019639216461094e-05,0.7000000000000002,True,correct,0.7000000000000002,True,correct,0.6500000000000001,0.6570104626734988,True,correct
DBLP,0.6,50,inner,bootstrap_OOB,73,conf/vldb/Baru96,False,0,,W-nYB76GqxMJ,False,3.925659390204574e-06,3.606238524970036e-06,3.194208652345384e-07,0.7000000000000002,False,unmatched_abstention,0.7000000000000002,False,unmatched_abstention,0.6500000000000001,0.6570104626734988,False,unmatched_abstention
DBLP,0.6,50,inner,bootstrap_OOB,74,conf/sigmod/ZouS96,True,2,DYFIQvOg7rgJ,DYFIQvOg7rgJ,True,0.9999946545798258,0.9999945862445206,6.83353051922353e-08,0.7000000000000002,True,correct,0.7000000000000002,True,correct,0.6500000000000001,0.6570104626734988,True,correct
DBLP,0.6,50,inner,bootstrap_OOB,75,journals/vldb/Seshadri98,True,1,yXXD9DeXoAgJ,yXXD9DeXoAgJ,True,0.9999949892234412,0.0002598408610603,0.999735148362381,0.7000000000000002,True,correct,0.7000000000000002,True,correct,0.6500000000000001,0.6570104626734988,True,correct
DBLP,0.6,50,inner,bootstrap_OOB,76,conf/vldb/AnciauxBBPV01,True,2,H2qCU9-_uykJ,PFEvlg2DiMkJ,True,0.9999950511602936,0.9999902624911008,4.788669192734574e-06,0.7000000000000002,True,correct,0.7000000000000002,True,correct,0.6500000000000001,0.6570104626734988,True,correct
DBLP,0.6,50,inner,bootstrap_OOB,77,journals/tods/BrunoCG02,True,1,tkCWrg5OsIwJ,tkCWrg5OsIwJ,True,0.9999955721622472,8.995761325621757e-05,0.9999056145489909,0.7000000000000002,True,correct,0.7000000000000002,True,correct,0.6500000000000001,0.6570104626734988,True,correct
DBLP,0.6,50,inner,bootstrap_OOB,78,conf/vldb/CochinwalaB94,True,1,Bp69wMYw9DAJ,Bp69wMYw9DAJ,True,0.999995774636722,3.958245022971473e-06,0.9999918163916992,0.7000000000000002,True,correct,0.7000000000000002,True,correct,0.6500000000000001,0.6570104626734988,True,correct
DBLP,0.6,50,inner,bootstrap_OOB,79,conf/sigmod/LabioZWGGW97,True,3,Hxnlcwm_RhMJ,Hxnlcwm_RhMJ,True,0.9999957264887483,0.9999957076797056,1.880904287876461e-08,0.7000000000000002,True,correct,0.7000000000000002,True,correct,0.6500000000000001,0.6570104626734988,True,correct
DBLP,0.6,50,inner,bootstrap_OOB,80,journals/sigmod/Qian96b,True,1,url:http://portal.acm.org/ft_gateway.cfm%3Fid%3D245909%26type%3Dpdf%26dl%3DGUIDE%26dl%3DACM%26CFID%3D11111111%26CFTOKEN%3D2222222,url:http://portal.acm.org/ft_gateway.cfm%3Fid%3D245909%26type%3Dpdf%26dl%3DGUIDE%26dl%3DACM%26CFID%3D11111111%26CFTOKEN%3D2222222,True,0.999994686270066,0.000424921453539,0.9995697648165268,0.7000000000000002,True,correct,0.7000000000000002,True,correct,0.6500000000000001,0.6570104626734988,True,correct
DBLP,0.6,50,inner,bootstrap_OOB,81,conf/sigmod/ThomasDM95,True,3,1W3ieFgA2dUJ,-NNuFjchxnMJ,True,0.9999901280245436,0.9999891561327516,9.71891791934354e-07,0.7000000000000002,True,correct,0.7000000000000002,True,correct,0.6500000000000001,0.6570104626734988,True,correct
DBLP,0.6,50,inner,bootstrap_OOB,82,conf/sigmod/MankuRL99,True,4,LlPkfgH5fCIJ,X94gDE70Zn0J,True,0.999994021051285,0.999973825113841,2.0195937443956424e-05,0.7000000000000002,True,correct,0.7000000000000002,True,correct,0.6500000000000001,0.6570104626734988,True,correct
DBLP,0.6,50,inner,bootstrap_OOB,83,conf/sigmod/Squire95,True,1,ery6k1e8h_sJ,ery6k1e8h_sJ,True,0.9999943485965722,5.074916111609985e-06,0.9999892736804606,0.7000000000000002,True,correct,0.7000000000000002,True,correct,0.6500000000000001,0.6570104626734988,True,correct
DBLP,0.6,50,inner,bootstrap_OOB,84,journals/sigmod/AbiteboulH95,True,1,kUA9e6YP8igJ,kUA9e6YP8igJ,True,0.9999838458523396,0.0013128807865703,0.9986709650657694,0.7000000000000002,True,correct,0.7000000000000002,True,correct,0.6500000000000001,0.6570104626734988,True,correct
DBLP,0.6,50,inner,bootstrap_OOB,85,conf/sigmod/ChenZCKR01,True,3,15Xnu2VYNAQJ,q49c-IEX7N8J,True,0.999995761402972,0.9999868062232724,8.955179699454696e-06,0.7000000000000002,True,correct,0.7000000000000002,True,correct,0.6500000000000001,0.6570104626734988,True,correct
DBLP,0.6,50,inner,bootstrap_OOB,86,conf/sigmod/Amer-YahiaCLS01,True,4,DFubU20j1OIJ,79CvVWsqYLcJ,False,0.9999908083344232,0.99998930646876,1.5018656632781455e-06,0.7000000000000002,True,false_link,0.7000000000000002,True,false_link,0.6500000000000001,0.6570104626734988,True,false_link
DBLP,0.6,50,inner,bootstrap_OOB,87,conf/sigmod/GotoK03,True,1,url:http://portal.acm.org/ft_gateway.cfm%3Fid%3D872837%26type%3Dpdf%26dl%3Dportal%26dl%3DACM%26CFID%3D11111111%26CFTOKEN%3D2222222,url:http://portal.acm.org/ft_gateway.cfm%3Fid%3D872837%26type%3Dpdf%26dl%3Dportal%26dl%3DACM%26CFID%3D11111111%26CFTOKEN%3D2222222,True,0.9999943630006682,1.06978254756187e-05,0.9999836651751928,0.7000000000000002,True,correct,0.7000000000000002,True,correct,0.6500000000000001,0.6570104626734988,True,correct
DBLP,0.6,50,inner,bootstrap_OOB,88,conf/vldb/LakshmananNWZJ02,True,1,qfw7Pu1wVcIJ,qfw7Pu1wVcIJ,True,0.999938593601163,6.308513353688305e-06,0.9999322850878092,0.7000000000000002,True,correct,0.7000000000000002,True,correct,0.6500000000000001,0.6570104626734988,True,correct
DBLP,0.6,50,inner,bootstrap_OOB,89,conf/vldb/FegarasE01,True,1,pinPEM3Rvm0J,pinPEM3Rvm0J,True,0.9999946933801322,6.80533675812306e-06,0.999987888043374,0.7000000000000002,True,correct,0.7000000000000002,True,correct,0.6500000000000001,0.6570104626734988,True,correct
DBLP,0.6,50,inner,bootstrap_OOB,90,journals/tods/TendickM94,True,1,FxCxfE4m1rUJ,FxCxfE4m1rUJ,True,0.999994458347953,6.51276442646888e-06,0.9999879455835264,0.7000000000000002,True,correct,0.7000000000000002,True,correct,0.6500000000000001,0.6570104626734988,True,correct
DBLP,0.6,50,inner,bootstrap_OOB,91,conf/sigmod/GravanoCGP97,True,8,1xxRTUP64bwJ,PsoYENGEh9cJ,True,0.999995114288886,0.999988208959888,6.905328997830473e-06,0.7000000000000002,True,correct,0.7000000000000002,True,correct,0.6500000000000001,0.6570104626734988,True,correct
DBLP,0.6,50,inner,bootstrap_OOB,92,journals/sigmod/Snodgrass98b,False,0,,qU_IX5KFwIoJ,False,0.0006190030175908,0.0003600261948122,0.0002589768227786,0.7000000000000002,False,unmatched_abstention,0.7000000000000002,False,unmatched_abstention,0.6500000000000001,0.6570104626734988,False,unmatched_abstention
DBLP,0.6,50,inner,bootstrap_OOB,93,conf/vldb/ViverosNR96,True,2,lsY_rXfEDDIJ,lsY_rXfEDDIJ,True,0.9999955208314868,0.999994743817364,7.770141227103622e-07,0.7000000000000002,True,correct,0.7000000000000002,True,correct,0.6500000000000001,0.6570104626734988,True,correct
DBLP,0.6,50,inner,bootstrap_OOB,94,conf/vldb/GalhardasFSSS01,True,6,nlOAkKW_ry8J,nlOAkKW_ry8J,True,0.9999948351719136,0.9999943476479286,4.875239848489699e-07,0.7000000000000002,True,correct,0.7000000000000002,True,correct,0.6500000000000001,0.6570104626734988,True,correct
DBLP,0.6,50,inner,bootstrap_OOB,95,conf/sigmod/LuoEHN02,True,1,7p7mpmvIBrYJ,7p7mpmvIBrYJ,True,0.9999718328614924,5.1474407153909e-06,0.999966685420777,0.7000000000000002,True,correct,0.7000000000000002,True,correct,0.6500000000000001,0.6570104626734988,True,correct
DBLP,0.6,50,inner,bootstrap_OOB,96,journals/tods/AikenHW95,True,3,cHpmOFVpTi8J,XLld3hq3vt0J,True,0.99999429343637,0.9999930423103506,1.2511260195635645e-06,0.7000000000000002,True,correct,0.7000000000000002,True,correct,0.6500000000000001,0.6570104626734988,True,correct
DBLP,0.6,50,inner,bootstrap_OOB,97,conf/vldb/SadriZZA01,True,2,_xdKnndnOLMJ,89l6j2Mbe2kJ,True,0.9999957704035192,0.9999912508430052,4.519560514060217e-06,0.7000000000000002,True,correct,0.7000000000000002,True,correct,0.6500000000000001,0.6570104626734988,True,correct
DBLP,0.6,50,inner,bootstrap_OOB,98,journals/sigmod/BerndtssonH96,True,2,8Dj_i69XP60J,url:http://portal.acm.org/ft_gateway.cfm%3Fid%3D381889%26type%3Dpdf%26dl%3DGUIDE%26dl%3DACM%26CFID%3D11111111%26CFTOKEN%3D2222222,True,0.9999958288746464,0.9999923815008682,3.447373778220353e-06,0.7000000000000002,True,correct,0.7000000000000002,True,correct,0.6500000000000001,0.6570104626734988,True,correct
DBLP,0.6,50,inner,bootstrap_OOB,99,conf/vldb/Kleewein96,True,1,rXaCSxty6AAJ,rXaCSxty6AAJ,True,0.9999947663809048,4.189371896956456e-06,0.999990577009008,0.7000000000000002,True,correct,0.7000000000000002,True,correct,0.6500000000000001,0.6570104626734988,True,correct
DBLP,0.6,50,inner,bootstrap_OOB,100,conf/vldb/Moerkotte98,True,2,HcCevkoobDsJ,HcCevkoobDsJ,True,0.999995568377094,0.9936668393251412,0.0063287290519526,0.7000000000000002,True,correct,0.7000000000000002,True,correct,0.6500000000000001,0.6570104626734988,True,correct
DBLP,0.6,50,inner,bootstrap_OOB,101,journals/tods/TaoPZ02,True,1,CxBJwFNdozAJ,CxBJwFNdozAJ,True,0.9999951427859342,3.668621893938876e-06,0.9999914741640402,0.7000000000000002,True,correct,0.7000000000000002,True,correct,0.6500000000000001,0.6570104626734988,True,correct
DBLP,0.6,50,inner,bootstrap_OOB,102,conf/sigmod/RaoR00,True,1,wp2_GObi-XkJ,wp2_GObi-XkJ,True,0.9999952181581032,6.012356928856703e-05,0.9999350945888148,0.7000000000000002,True,correct,0.7000000000000002,True,correct,0.6500000000000001,0.6570104626734988,True,correct
DBLP,0.6,50,inner,bootstrap_OOB,103,conf/vldb/KnorrN99,True,2,7J-gi_InWY0J,7lkCBMe603kJ,True,0.999995208174324,0.9999943491893934,8.589849304074804e-07,0.7000000000000002,True,correct,0.7000000000000002,True,correct,0.6500000000000001,0.6570104626734988,True,correct
DBLP,0.6,50,inner,bootstrap_OOB,104,journals/tods/CaldersNW02,True,1,DSl0gT8EgR0J,DSl0gT8EgR0J,True,0.9999947937106678,3.913425082875306e-06,0.9999908802855848,0.7000000000000002,True,correct,0.7000000000000002,True,correct,0.6500000000000001,0.6570104626734988,True,correct
DBLP,0.6,50,inner,bootstrap_OOB,105,journals/sigmod/Ozsu02a,False,0,,qU_IX5KFwIoJ,False,0.0003866361451944,0.0002878853358099,9.875080938449172e-05,0.7000000000000002,False,unmatched_abstention,0.7000000000000002,False,unmatched_abstention,0.6500000000000001,0.6570104626734988,False,unmatched_abstention
DBLP,0.6,50,inner,bootstrap_OOB,106,conf/vldb/JagadishNSSK97,True,2,FzUYum7hqhQJ,ZG9yClLgWnsJ,True,0.9999953705272088,0.999993523969124,1.8465580846616088e-06,0.7000000000000002,True,correct,0.7000000000000002,True,correct,0.6500000000000001,0.6570104626734988,True,correct
DBLP,0.6,50,inner,bootstrap_OOB,107,conf/vldb/ShuklaDN98,True,2,1eCp1f8DhasJ,1eCp1f8DhasJ,True,0.9999950904729796,0.9999816073947932,1.3483078186271593e-05,0.7000000000000002,True,correct,0.7000000000000002,True,correct,0.6500000000000001,0.6570104626734988,True,correct
DBLP,0.6,50,inner,bootstrap_OOB,108,conf/vldb/AgrawalSX02,True,1,a1CLM5GoVtYJ,a1CLM5GoVtYJ,True,0.9999949729018056,1.3227326241342816e-05,0.9999817455755642,0.7000000000000002,True,correct,0.7000000000000002,True,correct,0.6500000000000001,0.6570104626734988,True,correct
DBLP,0.6,50,inner,bootstrap_OOB,109,journals/tods/CuiWW00,True,2,HEAX8OOSpKgJ,yWDXpb_76z0J,True,0.9999951122196948,0.9999683378309,2.67743887946148e-05,0.7000000000000002,True,correct,0.7000000000000002,True,correct,0.6500000000000001,0.6570104626734988,True,correct
DBLP,0.6,50,inner,bootstrap_OOB,110,conf/vldb/LabrinidisR01,True,3,3Ozte0ucNJAJ,3Ozte0ucNJAJ,True,0.9999950752937116,0.9999921686969262,2.9065967854791097e-06,0.7000000000000002,True,correct,0.7000000000000002,True,correct,0.6500000000000001,0.6570104626734988,True,correct
DBLP,0.6,50,inner,bootstrap_OOB,111,conf/sigmod/Gibson95,False,0,,nYQRxEXS8V4J,False,1.3465742240266136e-05,7.720051633560404e-06,5.745690606705732e-06,0.7000000000000002,False,unmatched_abstention,0.7000000000000002,False,unmatched_abstention,0.6500000000000001,0.6570104626734988,False,unmatched_abstention
DBLP,0.6,50,inner,bootstrap_OOB,112,journals/vldb/BonifatiCP01,True,1,FLTKBG-bw7sJ,FLTKBG-bw7sJ,True,0.9999955438390972,1.016926970792842e-05,0.9999853745693892,0.7000000000000002,True,correct,0.7000000000000002,True,correct,0.6500000000000001,0.6570104626734988,True,correct
DBLP,0.6,50,inner,bootstrap_OOB,113,conf/sigmod/PengC03,True,1,4Zlh-TEx9m4J,4Zlh-TEx9m4J,True,0.9999949795756788,0.0088384238529196,0.9911565557227592,0.7000000000000002,True,correct,0.7000000000000002,True,correct,0.6500000000000001,0.6570104626734988,True,correct
DBLP,0.6,50,inner,bootstrap_OOB,114,conf/sigmod/AdaliSS99,True,4,7OvO0Y3IU8gJ,c2dH5RxNj6kJ,True,0.9999888556818204,0.99994541717881,4.3438503010140295e-05,0.7000000000000002,True,correct,0.7000000000000002,True,correct,0.6500000000000001,0.6570104626734988,True,correct
DBLP,0.6,50,inner,bootstrap_OOB,115,conf/sigmod/LiGS02,True,1,DZzqgw2TJ-MJ,DZzqgw2TJ-MJ,True,0.9999949627374484,4.906461224440401e-06,0.999990056276224,0.7000000000000002,True,correct,0.7000000000000002,True,correct,0.6500000000000001,0.6570104626734988,True,correct
DBLP,0.6,50,inner,bootstrap_OOB,116,conf/vldb/OConnellWG01,True,1,url:http://portal.acm.org/citation.cfm%3Fid%3D645927.672185,url:http://portal.acm.org/citation.cfm%3Fid%3D645927.672185,True,0.9999944141014516,5.405181483666433e-06,0.999989008919968,0.7000000000000002,True,correct,0.7000000000000002,True,correct,0.6500000000000001,0.6570104626734988,True,correct
DBLP,0.6,50,inner,bootstrap_OOB,117,conf/vldb/NathDKGKS03,True,3,FirBsg8jxtkJ,pF6EW_yKYyYJ,True,0.9999956713075496,0.9999937483171194,1.922990430336391e-06,0.7000000000000002,True,correct,0.7000000000000002,True,correct,0.6500000000000001,0.6570104626734988,True,correct
DBLP,0.6,50,inner,bootstrap_OOB,118,conf/sigmod/RoySSB00,True,5,0MCbJO8XsEoJ,OZHS88jHgDkJ,True,0.9999940448436136,0.9999925290472516,1.5157963619838457e-06,0.7000000000000002,True,correct,0.7000000000000002,True,correct,0.6500000000000001,0.6570104626734988,True,correct
DBLP,0.6,50,inner,bootstrap_OOB,119,journals/sigmod/KannanKIK03,True,1,h_tDfTvsR0QJ,h_tDfTvsR0QJ,True,0.9999955341264464,7.760601339633648e-05,0.99991792811305,0.7000000000000002,True,correct,0.7000000000000002,True,correct,0.6500000000000001,0.6570104626734988,True,correct
DBLP,0.6,50,inner,bootstrap_OOB,120,conf/sigmod/GeneserethKD97,True,3,2Nl65Vp7bxUJ,2Nl65Vp7bxUJ,True,0.99999375519352,0.9999930398282968,7.153652231695062e-07,0.7000000000000002,True,correct,0.7000000000000002,True,correct,0.6500000000000001,0.6570104626734988,True,correct
DBLP,0.6,50,inner,bootstrap_OOB,121,journals/tods/BohlenJS00,True,1,6eheB6Kct4MJ,6eheB6Kct4MJ,True,0.9999687092611658,1.4648682971698231e-05,0.999954060578194,0.7000000000000002,True,correct,0.7000000000000002,True,correct,0.6500000000000001,0.6570104626734988,True,correct
DBLP,0.6,50,inner,bootstrap_OOB,122,conf/vldb/ArunJ98,True,1,1dqeMksCm74J,1dqeMksCm74J,True,0.9999957874997452,4.04340690643134e-06,0.9999917440928388,0.7000000000000002,True,correct,0.7000000000000002,True,correct,0.6500000000000001,0.6570104626734988,True,correct
DBLP,0.6,50,inner,bootstrap_OOB,123,conf/sigmod/MumickQM97,True,3,8m_6OmUvYJwJ,c_n0wQe1FhAJ,True,0.9999952007654952,0.999994890132092,3.1063340311110466e-07,0.7000000000000002,True,correct,0.7000000000000002,True,correct,0.6500000000000001,0.6570104626734988,True,correct
DBLP,0.6,50,inner,bootstrap_OOB,124,journals/vldb/BernsteinIR03,True,1,url:http://www.springerlink.com/index/RTCC57FUUW3CADRF.pdf,url:http://www.springerlink.com/index/589TQRPPVBXQ6LJN.pdf,False,0.9879373248551022,0.9785437901598388,0.0093935346952634,0.7000000000000002,True,false_link,0.7000000000000002,True,false_link,0.6500000000000001,0.6570104626734988,True,false_link
DBLP,0.6,50,inner,bootstrap_OOB,125,journals/sigmod/Ritter98,True,1,mzqmEYGGT_IJ,mzqmEYGGT_IJ,True,0.9999890951960776,0.0095285546267205,0.9904605405693572,0.7000000000000002,True,correct,0.7000000000000002,True,correct,0.6500000000000001,0.6570104626734988,True,correct
DBLP,0.6,50,inner,bootstrap_OOB,126,journals/vldb/JiangE98,True,1,PjtgP4aQt00J,PjtgP4aQt00J,True,0.9999953545261904,3.717846448023165e-06,0.9999916366797424,0.7000000000000002,True,correct,0.7000000000000002,True,correct,0.6500000000000001,0.6570104626734988,True,correct
DBLP,0.6,50,inner,bootstrap_OOB,127,journals/sigmod/ReichB98,True,2,HzOZXA_VJk8J,HzOZXA_VJk8J,True,0.9999954643229104,0.9999929411766668,2.5231462436048342e-06,0.7000000000000002,True,correct,0.7000000000000002,True,correct,0.6500000000000001,0.6570104626734988,True,correct
DBLP,0.6,50,inner,bootstrap_OOB,128,conf/vldb/MengLLA03,True,2,_dOpWA3QWOEJ,_dOpWA3QWOEJ,True,0.99999527369671,0.3351587270374714,0.6648365466592386,0.7000000000000002,True,correct,0.7000000000000002,True,correct,0.6500000000000001,0.6570104626734988,True,correct
DBLP,0.6,50,inner,bootstrap_OOB,129,conf/vldb/BaulierBKS98,True,1,dNK16sHm9eUJ,dNK16sHm9eUJ,True,0.9999957925184236,0.0002652892240874,0.9997305032943364,0.7000000000000002,True,correct,0.7000000000000002,True,correct,0.6500000000000001,0.6570104626734988,True,correct
DBLP,0.6,50,inner,bootstrap_OOB,130,conf/vldb/SevcikK96,True,1,GiHrMj3vbSAJ,GiHrMj3vbSAJ,True,0.9999956533211106,3.7338679874384712e-06,0.9999919194531232,0.7000000000000002,True,correct,0.7000000000000002,True,correct,0.6500000000000001,0.6570104626734988,True,correct
DBLP,0.6,50,inner,bootstrap_OOB,131,conf/vldb/Atal96,True,1,PaW8zjiNR9cJ,PaW8zjiNR9cJ,True,0.9999956975979776,4.156667014102073e-06,0.9999915409309634,0.7000000000000002,True,correct,0.7000000000000002,True,correct,0.6500000000000001,0.6570104626734988,True,correct
DBLP,0.6,50,inner,bootstrap_OOB,132,journals/vldb/CandanLS00,True,2,nXvDy_QqSd4J,nXvDy_QqSd4J,True,0.9999925320960448,0.9999893650585576,3.1670374870396145e-06,0.7000000000000002,True,correct,0.7000000000000002,True,correct,0.6500000000000001,0.6570104626734988,True,correct
DBLP,0.6,50,inner,bootstrap_OOB,133,conf/vldb/HeymannTKWRMF02,True,1,EAZ5Gz22bIUJ,EAZ5Gz22bIUJ,True,0.9999954759436984,3.6499378213470703e-06,0.9999918260058772,0.7000000000000002,True,correct,0.7000000000000002,True,correct,0.6500000000000001,0.6570104626734988,True,correct
DBLP,0.6,50,inner,bootstrap_OOB,134,conf/sigmod/VossenW99,True,2,9PhYz-N58A8J,9PhYz-N58A8J,True,0.9999949814617276,6.0365952282616e-05,0.9999346155094452,0.7000000000000002,True,correct,0.7000000000000002,True,correct,0.6500000000000001,0.6570104626734988,True,correct
DBLP,0.6,50,inner,bootstrap_OOB,135,conf/vldb/Huyn01,True,1,SbL4xw4mCewJ,SbL4xw4mCewJ,True,0.9999951203236792,3.761638794198315e-06,0.999991358684885,0.7000000000000002,True,correct,0.7000000000000002,True,correct,0.6500000000000001,0.6570104626734988,True,correct
DBLP,0.6,50,inner,bootstrap_OOB,136,conf/sigmod/GuoSBS03,True,1,p_PDgjVRUS4J,p_PDgjVRUS4J,True,0.9999947464082706,4.661859115827559e-06,0.9999900845491548,0.7000000000000002,True,correct,0.7000000000000002,True,correct,0.6500000000000001,0.6570104626734988,True,correct
DBLP,0.6,50,inner,bootstrap_OOB,137,journals/sigmod/LabrinidisM01,True,1,url:http://portal.acm.org/ft_gateway.cfm%3Fid%3D603886%26type%3Dpdf%26dl%3DGUIDE%26dl%3DACM%26CFID%3D11111111%26CFTOKEN%3D2222222,url:http://portal.acm.org/ft_gateway.cfm%3Fid%3D603886%26type%3Dpdf%26dl%3DGUIDE%26dl%3DACM%26CFID%3D11111111%26CFTOKEN%3D2222222,True,0.9999955663902848,2.371530128363068e-05,0.9999718510890012,0.7000000000000002,True,correct,0.7000000000000002,True,correct,0.6500000000000001,0.6570104626734988,True,correct
DBLP,0.6,50,inner,bootstrap_OOB,138,conf/sigmod/ChaudhuriMN99,True,3,clNmwzm-5acJ,U0w9W7YcsZwJ,True,0.999988402881272,0.999925821544896,6.258133637615515e-05,0.7000000000000002,True,correct,0.7000000000000002,True,correct,0.6500000000000001,0.6570104626734988,True,correct
DBLP,0.6,50,inner,bootstrap_OOB,139,journals/vldb/GeorgeH00,True,2,2L-UFpDof3UJ,2L-UFpDof3UJ,True,0.9999877190542388,0.0033743970741677,0.9966133219800712,0.7000000000000002,True,correct,0.7000000000000002,True,correct,0.6500000000000001,0.6570104626734988,True,correct
DBLP,0.6,50,inner,bootstrap_OOB,140,conf/vldb/DyresonBJ99,True,1,FkPcMtplo18J,FkPcMtplo18J,True,0.9999948911748344,3.996829762801757e-06,0.9999908943450716,0.7000000000000002,True,correct,0.7000000000000002,True,correct,0.6500000000000001,0.6570104626734988,True,correct
DBLP,0.6,50,inner,bootstrap_OOB,141,journals/sigmod/Stonebraker94,True,1,url:http://portal.acm.org/citation.cfm%3Fid%3D181551,url:http://portal.acm.org/citation.cfm%3Fid%3D181551,True,0.9999934970477904,9.0092950540892e-06,0.9999844877527364,0.7000000000000002,True,correct,0.7000000000000002,True,correct,0.6500000000000001,0.6570104626734988,True,correct
DBLP,0.6,50,inner,bootstrap_OOB,142,journals/vldb/YangW03,True,3,7WaQNGnv1l4J,7WaQNGnv1l4J,True,0.9999939432771564,0.999981905038482,1.2038238674350056e-05,0.7000000000000002,True,correct,0.7000000000000002,True,correct,0.6500000000000001,0.6570104626734988,True,correct
DBLP,0.6,50,inner,bootstrap_OOB,143,conf/vldb/ViglasNB03,True,1,GGX9LS25OhwJ,GGX9LS25OhwJ,True,0.9999957423172132,4.982067899909751e-06,0.9999907602493132,0.7000000000000002,True,correct,0.7000000000000002,True,correct,0.6500000000000001,0.6570104626734988,True,correct
DBLP,0.6,50,inner,bootstrap_OOB,144,conf/vldb/PossP03,True,1,DYZlq4rntjwJ,DYZlq4rntjwJ,True,0.999991670785464,2.1225493887532075e-05,0.9999704452915764,0.7000000000000002,True,correct,0.7000000000000002,True,correct,0.6500000000000001,0.6570104626734988,True,correct
DBLP,0.6,50,inner,bootstrap_OOB,145,conf/sigmod/LiBCS00,True,1,4abl38Q9iH4J,4abl38Q9iH4J,True,0.999994996911124,5.375033237990147e-06,0.999989621877886,0.7000000000000002,True,correct,0.7000000000000002,True,correct,0.6500000000000001,0.6570104626734988,True,correct
DBLP,0.6,50,inner,bootstrap_OOB,146,conf/vldb/ArionBCDMP03,True,2,CzpCERFYBikJ,CzpCERFYBikJ,True,0.9999954590296896,0.999987598726338,7.860303351536757e-06,0.7000000000000002,True,correct,0.7000000000000002,True,correct,0.6500000000000001,0.6570104626734988,True,correct
DBLP,0.6,50,inner,bootstrap_OOB,147,journals/sigmod/Mendelzon00,False,0,,url:http://portal.acm.org/ft_gateway.cfm%3Fid%3D601859%26type%3Dpdf%26dl%3DGUIDE%26dl%3DACM%26CFID%3D11111111%26CFTOKEN%3D2222222,False,9.28099002748188e-05,8.438010458106351e-05,8.42979569375528e-06,0.7000000000000002,False,unmatched_abstention,0.7000000000000002,False,unmatched_abstention,0.6500000000000001,0.6570104626734988,False,unmatched_abstention
DBLP,0.6,50,inner,bootstrap_OOB,148,conf/sigmod/BumbulisB02,True,1,Ev27auQiecUJ,Ev27auQiecUJ,True,0.999979883989078,1.7336239052087375e-05,0.999962547750026,0.7000000000000002,True,correct,0.7000000000000002,True,correct,0.6500000000000001,0.6570104626734988,True,correct
DBLP,0.6,50,inner,bootstrap_OOB,149,journals/tods/CeriFPT94,True,4,39m5BLDo1zYJ,aphxPCo8qkgJ,True,0.999992677116986,0.999868972201222,0.0001237049157639,0.7000000000000002,True,correct,0.7000000000000002,True,correct,0.6500000000000001,0.6570104626734988,True,correct
DBLP,0.6,50,inner,bootstrap_OOB,150,conf/vldb/SahuguetA99,True,5,Mi0eqxwTUwEJ,pK5bydjeZFIJ,True,0.999995668569724,0.999995521314157,1.4725556707340104e-07,0.7000000000000002,True,correct,0.7000000000000002,True,correct,0.6500000000000001,0.6570104626734988,True,correct
DBLP,0.6,50,inner,bootstrap_OOB,151,journals/sigmod/GottlobKP03,True,1,rDRdlwdHGb0J,rDRdlwdHGb0J,True,0.9999958205127312,7.137176433775913e-05,0.9999244487483934,0.7000000000000002,True,correct,0.7000000000000002,True,correct,0.6500000000000001,0.6570104626734988,True,correct
DBLP,0.6,50,inner,bootstrap_OOB,152,journals/sigmod/Seligman97,True,1,url:http://portal.acm.org/citation.cfm%3Fid%3D601858.601872%26dl%3DGUIDE%26dl%3Dacm%26type%3Dissue%26idx%3DJ689%26part%3Dperiodical%26WantType%3Dperiodical%26title%3DACM%2520SIGMOD%2520Record%26CFID%3D11111111%26CFTOKEN%3D2222222,url:http://portal.acm.org/citation.cfm%3Fid%3D601858.601872%26dl%3DGUIDE%26dl%3Dacm%26type%3Dissue%26idx%3DJ689%26part%3Dperiodical%26WantType%3Dperiodical%26title%3DACM%2520SIGMOD%2520Record%26CFID%3D11111111%26CFTOKEN%3D2222222,True,0.9956803661289134,1.2175142276495313e-05,0.995668190986637,0.7000000000000002,True,correct,0.7000000000000002,True,correct,0.6500000000000001,0.6570104626734988,True,correct
DBLP,0.6,50,inner,bootstrap_OOB,153,journals/sigmod/Franklin99a,False,0,,diQK7Y_z3XwJ,False,1.5800633589001456e-05,1.439755874052611e-05,1.4030748484753451e-06,0.7000000000000002,False,unmatched_abstention,0.7000000000000002,False,unmatched_abstention,0.6500000000000001,0.6570104626734988,False,unmatched_abstention
DBLP,0.6,50,inner,bootstrap_OOB,154,conf/sigmod/LiC95,True,1,yJPi5nBJmVYJ,yJPi5nBJmVYJ,True,0.9999956774458733,0.0001213089267923,0.9998743685190808,0.7000000000000002,True,correct,0.7000000000000002,True,correct,0.6500000000000001,0.6570104626734988,True,correct
DBLP,0.6,50,inner,bootstrap_OOB,155,journals/sigmod/EisenbergM98a,True,1,AatoNnELw78J,AatoNnELw78J,True,0.999994807747848,0.9999609153680058,3.389237984208204e-05,0.7000000000000002,True,correct,0.7000000000000002,True,correct,0.6500000000000001,0.6570104626734988,True,correct
DBLP,0.6,50,inner,bootstrap_OOB,156,conf/sigmod/AgrawalK03,True,1,ewoQO00BuFoJ,ewoQO00BuFoJ,True,0.99999472170022,0.0006934897632543,0.9993012319369656,0.7000000000000002,True,correct,0.7000000000000002,True,correct,0.6500000000000001,0.6570104626734988,True,correct
DBLP,0.6,50,inner,bootstrap_OOB,157,journals/sigmod/Barbara01,True,1,U8tEHzJ2Xj0J,U8tEHzJ2Xj0J,True,0.999859926378728,2.126585383326495e-05,0.9998386605248948,0.7000000000000002,True,correct,0.7000000000000002,True,correct,0.6500000000000001,0.6570104626734988,True,correct
DBLP,0.6,50,inner,bootstrap_OOB,158,journals/sigmod/DrewHKKLLLSW95,True,2,9fcJjh5vHn8J,9fcJjh5vHn8J,True,0.9999954968806196,0.9999952370459392,2.598346804383312e-07,0.7000000000000002,True,correct,0.7000000000000002,True,correct,0.6500000000000001,0.6570104626734988,True,correct
DBLP,0.6,50,inner,bootstrap_OOB,159,journals/sigmod/CfP99,False,0,,xKi8Vm3o9KsJ,False,1.382022719835284e-05,5.420378405430223e-06,8.399848792922617e-06,0.7000000000000002,False,unmatched_abstention,0.7000000000000002,False,unmatched_abstention,0.6500000000000001,0.6570104626734988,False,unmatched_abstention
DBLP,0.6,50,inner,bootstrap_OOB,160,journals/tods/WandSW99,True,2,nrEQsOAiE44J,pYtOkFSgdXYJ,True,0.9999953548052876,0.9965567655980588,0.0034385892072288,0.7000000000000002,True,correct,0.7000000000000002,True,correct,0.6500000000000001,0.6570104626734988,True,correct
DBLP,0.6,50,inner,bootstrap_OOB,161,conf/sigmod/RundensteinerKRCJM96,True,5,38HoFGLnxkQJ,UEaXoXn3DicJ,True,0.9999957263542544,0.9999954958670056,2.3048724873131482e-07,0.7000000000000002,True,correct,0.7000000000000002,True,correct,0.6500000000000001,0.6570104626734988,True,correct
DBLP,0.6,50,inner,bootstrap_OOB,162,conf/sigmod/Team95a,True,1,P-jrIizJxEgJ,P-jrIizJxEgJ,True,0.999992837425494,3.387126666352608e-05,0.9999589661588304,0.7000000000000002,True,correct,0.7000000000000002,True,correct,0.6500000000000001,0.6570104626734988,True,correct
DBLP,0.6,50,inner,bootstrap_OOB,163,conf/vldb/MuthOPW98,True,1,cy0zVqmNba4J,cy0zVqmNba4J,True,0.9999941936350232,0.9987120175362764,0.0012821760987468,0.7000000000000002,True,correct,0.7000000000000002,True,correct,0.6500000000000001,0.6570104626734988,True,correct
DBLP,0.6,50,inner,bootstrap_OOB,164,journals/vldb/DiazJ97,True,1,RKAY1aZAeCoJ,RKAY1aZAeCoJ,True,0.999994186964226,5.956121936408609e-06,0.9999882308422896,0.7000000000000002,True,correct,0.7000000000000002,True,correct,0.6500000000000001,0.6570104626734988,True,correct
DBLP,0.6,50,inner,bootstrap_OOB,165,journals/sigmod/AlonsoCIM95,True,1,5LlePa4wQmEJ,5LlePa4wQmEJ,True,0.9999956450724414,3.805427966208929e-06,0.9999918396444752,0.7000000000000002,True,correct,0.7000000000000002,True,correct,0.6500000000000001,0.6570104626734988,True,correct
DBLP,0.6,50,inner,bootstrap_OOB,166,conf/vldb/SindoniTABFGMPPT01,True,1,0zdXnl9cQysJ,0zdXnl9cQysJ,True,0.9999923807306852,6.623070321696249e-06,0.9999857576603634,0.7000000000000002,True,correct,0.7000000000000002,True,correct,0.6500000000000001,0.6570104626734988,True,correct
DBLP,0.6,50,inner,bootstrap_OOB,167,conf/sigmod/PapadiasTSE95,True,2,oIc_goYCwh4J,PogZLKV_bIsJ,True,0.9999950563538,0.9999863631809472,8.693172852791697e-06,0.7000000000000002,True,correct,0.7000000000000002,True,correct,0.6500000000000001,0.6570104626734988,True,correct
DBLP,0.6,50,inner,bootstrap_OOB,168,conf/sigmod/Greer99,True,1,oNPjyBZrURgJ,oNPjyBZrURgJ,True,0.9999950917837832,1.5224688484052616e-05,0.9999798670952992,0.7000000000000002,True,correct,0.7000000000000002,True,correct,0.6500000000000001,0.6570104626734988,True,correct
DBLP,0.6,50,inner,bootstrap_OOB,169,conf/vldb/TaoP02,True,1,7ZyV9ivZySQJ,7ZyV9ivZySQJ,True,0.9999826598256856,7.034979371618901e-06,0.999975624846314,0.7000000000000002,True,correct,0.7000000000000002,True,correct,0.6500000000000001,0.6570104626734988,True,correct
DBLP,0.6,50,inner,bootstrap_OOB,170,conf/sigmod/AgichteinG03,True,1,url:http://portal.acm.org/citation.cfm%3Fid%3D872851,url:http://portal.acm.org/citation.cfm%3Fid%3D872851,True,0.9999943378827476,1.5735776963338242e-05,0.9999786021057844,0.7000000000000002,True,correct,0.7000000000000002,True,correct,0.6500000000000001,0.6570104626734988,True,correct
DBLP,0.6,50,inner,bootstrap_OOB,171,conf/sigmod/RaoR98,True,3,iqZZMPppeKAJ,WlSXiMaxGlQJ,True,0.9999953105082272,0.9999948749346262,4.3557360096535547e-07,0.7000000000000002,True,correct,0.7000000000000002,True,correct,0.6500000000000001,0.6570104626734988,True,correct
DBLP,0.6,50,inner,bootstrap_OOB,172,journals/sigmod/Mani03,True,1,FgLCpqaf8C8J,FgLCpqaf8C8J,True,0.9999941054768192,6.093744850749626e-06,0.9999880117319684,0.7000000000000002,True,correct,0.7000000000000002,True,correct,0.6500000000000001,0.6570104626734988,True,correct
DBLP,0.6,50,inner,bootstrap_OOB,173,conf/vldb/AnKR03,True,1,Z9dkL1yphh8J,Z9dkL1yphh8J,True,0.9999953008203352,4.121260781176676e-06,0.999991179559554,0.7000000000000002,True,correct,0.7000000000000002,True,correct,0.6500000000000001,0.6570104626734988,True,correct
DBLP,0.6,50,inner,bootstrap_OOB,174,conf/sigmod/GoyalHKMS96,True,1,uUcmU_hKF2kJ,t7KyDxKRUxQJ,False,0.999992714425753,0.9999912050162164,1.5094095365819626e-06,0.7000000000000002,True,false_link,0.7000000000000002,True,false_link,0.6500000000000001,0.6570104626734988,True,false_link
DBLP,0.6,50,inner,bootstrap_OOB,175,conf/vldb/AilamakiDHW99,True,2,4bTXoodYyHMJ,-mTrpy_n8PYJ,True,0.9999946715284492,0.999986524340271,8.147188178209142e-06,0.7000000000000002,True,correct,0.7000000000000002,True,correct,0.6500000000000001,0.6570104626734988,True,correct
DBLP,0.6,50,inner,bootstrap_OOB,176,conf/vldb/HasanM95,True,3,8cd64f0t0-EJ,-aml_OMAQNgJ,True,0.9999954401394616,0.999994632276594,8.07862867491238e-07,0.7000000000000002,True,correct,0.7000000000000002,True,correct,0.6500000000000001,0.6570104626734988,True,correct
DBLP,0.6,50,inner,bootstrap_OOB,177,conf/vldb/GaasterlandL94,True,2,cVgF0jn9q6MJ,oIFrkS2rPrcJ,True,0.9999954562876004,0.890761269710326,0.1092341865772744,0.7000000000000002,True,correct,0.7000000000000002,True,correct,0.6500000000000001,0.6570104626734988,True,correct
DBLP,0.6,50,inner,bootstrap_OOB,178,journals/sigmod/Hammer00,True,1,url:http://portal.acm.org/ft_gateway.cfm%3Fid%3D601859%26type%3Dpdf%26dl%3DGUIDE%26dl%3DACM%26CFID%3D11111111%26CFTOKEN%3D2222222,url:http://portal.acm.org/ft_gateway.cfm%3Fid%3D601859%26type%3Dpdf%26dl%3DGUIDE%26dl%3DACM%26CFID%3D11111111%26CFTOKEN%3D2222222,True,0.999920273865178,2.9322498122033135e-05,0.999890951367056,0.7000000000000002,True,correct,0.7000000000000002,True,correct,0.6500000000000001,0.6570104626734988,True,correct
DBLP,0.6,50,inner,bootstrap_OOB,179,conf/sigmod/JosifovskiSHL02,True,1,xA9KNostV4cJ,xA9KNostV4cJ,True,0.9999955615167206,3.5725963191992867e-06,0.9999919889204014,0.7000000000000002,True,correct,0.7000000000000002,True,correct,0.6500000000000001,0.6570104626734988,True,correct
DBLP,0.6,50,inner,bootstrap_OOB,180,conf/sigmod/LehnerSPC00,True,3,HQRcmyswIHcJ,UFKz6Q0wVi4J,True,0.9999868117080584,0.7669821224327964,0.2330046892752619,0.7000000000000002,True,correct,0.7000000000000002,True,correct,0.6500000000000001,0.6570104626734988,True,correct
DBLP,0.6,50,inner,bootstrap_OOB,181,conf/sigmod/Galhardas00,True,2,GxDfgCi-rq4J,GxDfgCi-rq4J,True,0.9999938334718363,0.9999884365865428,5.396885293440512e-06,0.7000000000000002,True,correct,0.7000000000000002,True,correct,0.6500000000000001,0.6570104626734988,True,correct
DBLP,0.6,50,inner,bootstrap_OOB,182,conf/vldb/Levy96,True,2,G7CJNSIBp10J,lDTPyBMtHVwJ,True,0.9999924734460334,0.9996641147322676,0.0003283587137659,0.7000000000000002,True,correct,0.7000000000000002,True,correct,0.6500000000000001,0.6570104626734988,True,correct
DBLP,0.6,50,inner,bootstrap_OOB,183,conf/vldb/BargaP95,True,9,3CDeAczlaSUJ,Rp6i1uA3RYQJ,True,0.9999953299889228,0.999992822655944,2.507332978574084e-06,0.7000000000000002,True,correct,0.7000000000000002,True,correct,0.6500000000000001,0.6570104626734988,True,correct
DBLP,0.6,50,inner,bootstrap_OOB,184,conf/sigmod/PapadopoulosM98,True,1,dLzAJ-I1nCcJ,dLzAJ-I1nCcJ,True,0.999994448964602,3.973661302407631e-06,0.9999904753032994,0.7000000000000002,True,correct,0.7000000000000002,True,correct,0.6500000000000001,0.6570104626734988,True,correct
DBLP,0.6,50,inner,bootstrap_OOB,185,conf/vldb/PanRAMOHAMV02,True,1,F9Fe5NfpK6MJ,F9Fe5NfpK6MJ,True,0.9999919449649226,4.317577266604449e-06,0.999987627387656,0.7000000000000002,True,correct,0.7000000000000002,True,correct,0.6500000000000001,0.6570104626734988,True,correct
DBLP,0.6,50,inner,bootstrap_OOB,186,conf/sigmod/ChenJDTW00,True,7,5Trj9q_RI8YJ,fg5EE6R7xYwJ,True,0.9999954198124088,0.999993161705196,2.258107212882443e-06,0.7000000000000002,True,correct,0.7000000000000002,True,correct,0.6500000000000001,0.6570104626734988,True,correct
DBLP,0.6,50,inner,bootstrap_OOB,187,conf/sigmod/Carey94,True,1,Lj8CI8ALd9UJ,Lj8CI8ALd9UJ,True,0.9999746167610716,0.0001074933809812,0.9998671233800904,0.7000000000000002,True,correct,0.7000000000000002,True,correct,0.6500000000000001,0.6570104626734988,True,correct
DBLP,0.6,50,inner,bootstrap_OOB,188,conf/sigmod/NguyenS96,True,4,C10wtQwCym8J,Cd4NNuZnIn8J,True,0.999995394811954,0.9999945330024146,8.618095395096503e-07,0.7000000000000002,True,correct,0.7000000000000002,True,correct,0.6500000000000001,0.6570104626734988,True,correct
DBLP,0.6,50,inner,bootstrap_OOB,189,conf/vldb/MiningGroup96,True,1,fGw7o-RlqlcJ,fGw7o-RlqlcJ,True,0.999994296673544,9.43358277316248e-06,0.9999848630907708,0.7000000000000002,True,correct,0.7000000000000002,True,correct,0.6500000000000001,0.6570104626734988,True,correct
DBLP,0.6,50,inner,bootstrap_OOB,190,conf/vldb/TengCY03,True,1,wJjaZnzD6pAJ,wJjaZnzD6pAJ,True,0.9999952365235476,0.9999872942986816,7.942224865886693e-06,0.7000000000000002,True,correct,0.7000000000000002,True,correct,0.6500000000000001,0.6570104626734988,True,correct
DBLP,0.6,50,inner,bootstrap_OOB,191,conf/sigmod/SagonasSW94,True,7,0hHYO7tQJUgJ,xc8KEoeRT9sJ,True,0.999994550918572,0.9999945306348792,2.0283692725442396e-08,0.7000000000000002,True,correct,0.7000000000000002,True,correct,0.6500000000000001,0.6570104626734988,True,correct
DBLP,0.6,50,inner,bootstrap_OOB,192,journals/sigmod/JukicV97,True,1,yZbJS0Cd6cAJ,yZbJS0Cd6cAJ,True,0.999995182266782,4.467982241591689e-06,0.9999907142845404,0.7000000000000002,True,correct,0.7000000000000002,True,correct,0.6500000000000001,0.6570104626734988,True,correct
DBLP,0.6,50,inner,bootstrap_OOB,193,journals/sigmod/David03,True,1,vhUs7wTpUOoJ,vhUs7wTpUOoJ,True,0.9999956245324414,4.518235532668561e-06,0.9999911062969088,0.7000000000000002,True,correct,0.7000000000000002,True,correct,0.6500000000000001,0.6570104626734988,True,correct
DBLP,0.6,50,inner,bootstrap_OOB,194,conf/vldb/JagadishMN99,True,3,9rDll5YAQnoJ,RPWDtUmq6_QJ,True,0.9999952089282846,0.9999946722398256,5.366884588964282e-07,0.7000000000000002,True,correct,0.7000000000000002,True,correct,0.6500000000000001,0.6570104626734988,True,correct
DBLP,0.6,50,inner,bootstrap_OOB,195,conf/sigmod/Jhingran00,True,1,uguuV9ATE1YJ,uguuV9ATE1YJ,True,0.9999908388935972,4.128715479868476e-06,0.9999867101781174,0.7000000000000002,True,correct,0.7000000000000002,True,correct,0.6500000000000001,0.6570104626734988,True,correct
DBLP,0.6,50,inner,bootstrap_OOB,196,conf/sigmod/BlakeleyP98,True,1,yotsUgKBK44J,yotsUgKBK44J,True,0.999983341113899,5.040784843678601e-05,0.9999329332654622,0.7000000000000002,True,correct,0.7000000000000002,True,correct,0.6500000000000001,0.6570104626734988,True,correct
DBLP,0.6,50,inner,bootstrap_OOB,197,conf/sigmod/Keim99,True,1,GBZiTCbChZQJ,GBZiTCbChZQJ,True,0.9999947055019694,0.9999251924469764,6.951305499303118e-05,0.7000000000000002,True,correct,0.7000000000000002,True,correct,0.6500000000000001,0.6570104626734988,True,correct
DBLP,0.6,50,inner,bootstrap_OOB,198,journals/sigmod/Dogac96,True,1,url:http://portal.acm.org/citation.cfm%3Fid%3D234889.234900%26dl%3DGUIDE%26dl%3DACM%26idx%3DJ689%26part%3Dperiodical%26WantType%3Dperiodical%26title%3DACM%2520SIGMOD%2520Record%26CFID%3D11111111%26CFTOKEN%3D2222222,url:http://portal.acm.org/citation.cfm%3Fid%3D234889.234900%26dl%3DGUIDE%26dl%3DACM%26idx%3DJ689%26part%3Dperiodical%26WantType%3Dperiodical%26title%3DACM%2520SIGMOD%2520Record%26CFID%3D11111111%26CFTOKEN%3D2222222,True,0.9999954294337012,0.9570710421499264,0.0429243872837747,0.7000000000000002,True,correct,0.7000000000000002,True,correct,0.6500000000000001,0.6570104626734988,True,correct
DBLP,0.6,50,inner,bootstrap_OOB,199,journals/sigmod/Jagadish01,True,1,url:http://portal.acm.org/citation.cfm%3Fid%3D604264.604276%26dl%3DGUIDE%26dl%3DACM%26CFID%3D11111111%26CFTOKEN%3D2222222,url:http://portal.acm.org/citation.cfm%3Fid%3D604264.604276%26dl%3DGUIDE%26dl%3DACM%26CFID%3D11111111%26CFTOKEN%3D2222222,True,0.9974427379629032,8.225662739467714e-05,0.9973604813355084,0.7000000000000002,True,correct,0.7000000000000002,True,correct,0.6500000000000001,0.6570104626734988,True,correct
DBLP,0.6,50,inner,bootstrap_OOB,200,conf/vldb/May01,True,1,Fb4oYRM9N4EJ,Fb4oYRM9N4EJ,True,0.9999953662029164,6.544324285597144e-06,0.9999888218786308,0.7000000000000002,True,correct,0.7000000000000002,True,correct,0.6500000000000001,0.6570104626734988,True,correct
DBLP,0.6,50,inner,bootstrap_OOB,201,journals/tods/HjaltasonS99,True,3,RHJjRlVhi78J,xuoJNqOArTsJ,True,0.9999945159374428,0.99999435399434,1.619431029276086e-07,0.7000000000000002,True,correct,0.7000000000000002,True,correct,0.6500000000000001,0.6570104626734988,True,correct
DBLP,0.6,50,inner,bootstrap_OOB,202,journals/sigmod/ShethGJRSWW96,True,4,HOvgrl8NmmoJ,yI5E8TGu5BwJ,True,0.9999959908128344,0.9999959155269555,7.528587864236158e-08,0.7000000000000002,True,correct,0.7000000000000002,True,correct,0.6500000000000001,0.6570104626734988,True,correct
DBLP,0.6,50,inner,bootstrap_OOB,203,journals/sigmod/Anisimov03,False,0,,url:http://portal.acm.org/ft_gateway.cfm%3Fid%3D945741%26type%3Dpdf%26dl%3DGUIDE%26dl%3DACM%26CFID%3D11111111%26CFTOKEN%3D2222222,False,0.9999889557172366,4.858089626339911e-06,0.9999840976276102,0.7000000000000002,True,false_link,0.7000000000000002,True,false_link,0.6500000000000001,0.6570104626734988,True,false_link
DBLP,0.6,50,inner,bootstrap_OOB,204,conf/vldb/ChakrabartiBD99,True,2,dQooUB7__ZsJ,zmBMRUNv8sQJ,True,0.9999955815562128,0.9999818798957302,1.370166048264565e-05,0.7000000000000002,True,correct,0.7000000000000002,True,correct,0.6500000000000001,0.6570104626734988,True,correct
DBLP,0.6,50,inner,bootstrap_OOB,205,conf/vldb/HammelP02,True,1,SU2XS1MVb40J,SU2XS1MVb40J,True,0.9999946330443942,3.904068668438221e-06,0.9999907289757256,0.7000000000000002,True,correct,0.7000000000000002,True,correct,0.6500000000000001,0.6570104626734988,True,correct
DBLP,0.6,50,inner,bootstrap_OOB,206,conf/sigmod/Seshadri99,True,2,B855ccGhBu4J,B855ccGhBu4J,True,0.9999903785691882,0.9998849334989838,0.0001054450702043,0.7000000000000002,True,correct,0.7000000000000002,True,correct,0.6500000000000001,0.6570104626734988,True,correct
DBLP,0.6,50,inner,bootstrap_OOB,207,journals/sigmod/Aberer01a,True,1,url:http://portal.acm.org/ft_gateway.cfm%3Fid%3D604274%26type%3Dpdf%26dl%3DGUIDE%26dl%3DACM%26CFID%3D11111111%26CFTOKEN%3D2222222,url:http://portal.acm.org/ft_gateway.cfm%3Fid%3D959078%26type%3Dpdf%26dl%3DGUIDE%26dl%3DACM%26CFID%3D11111111%26CFTOKEN%3D2222222,False,0.0090826422832411,0.0008600467089443,0.0082225955742968,0.7000000000000002,False,missing_match,0.7000000000000002,False,missing_match,0.6500000000000001,0.6570104626734988,False,missing_match
DBLP,0.6,50,inner,bootstrap_OOB,208,conf/vldb/ImielinskiB02,True,1,IQ_MbfJGh0kJ,IQ_MbfJGh0kJ,True,0.9999647156621562,3.909016204330124e-06,0.999960806645952,0.7000000000000002,True,correct,0.7000000000000002,True,correct,0.6500000000000001,0.6570104626734988,True,correct
DBLP,0.6,50,inner,bootstrap_OOB,209,journals/sigmod/DadamK97,True,1,9Ai_9dZChG4J,9Ai_9dZChG4J,True,0.999995583102384,6.996498030651657e-05,0.9999256181220776,0.7000000000000002,True,correct,0.7000000000000002,True,correct,0.6500000000000001,0.6570104626734988,True,correct
DBLP,0.6,50,inner,bootstrap_OOB,210,conf/vldb/IdrisGC94,True,2,esWYQTXHBfUJ,Xf7TnMxlGTkJ,True,0.9999954895611608,0.9997784752899258,0.0002170142712351,0.7000000000000002,True,correct,0.7000000000000002,True,correct,0.6500000000000001,0.6570104626734988,True,correct
DBLP,0.6,50,inner,bootstrap_OOB,211,conf/sigmod/KeoghCMP01,True,5,_nOW6fmEcTEJ,QTzuiNlMnR4J,True,0.9999951813202164,0.999994747485351,4.3383486547643457e-07,0.7000000000000002,True,correct,0.7000000000000002,True,correct,0.6500000000000001,0.6570104626734988,True,correct
DBLP,0.6,50,inner,bootstrap_OOB,212,journals/sigmod/SommerGB02,True,2,8l5_eKZcCh8J,8l5_eKZcCh8J,True,0.9999927117294248,0.9998721528326644,0.0001205588967602,0.7000000000000002,True,correct,0.7000000000000002,True,correct,0.6500000000000001,0.6570104626734988,True,correct
DBLP,0.6,50,inner,bootstrap_OOB,213,conf/vldb/KriegelPS00,True,2,DOOggMfdGYoJ,VSQ0v1UlIvoJ,True,0.9999956163169336,0.9999934824202572,2.133896676359548e-06,0.7000000000000002,True,correct,0.7000000000000002,True,correct,0.6500000000000001,0.6570104626734988,True,correct
DBLP,0.6,50,inner,bootstrap_OOB,214,journals/sigmod/ChangASS98,True,2,CPzROuDNZqgJ,CPzROuDNZqgJ,True,0.999995402982284,0.9999923909256676,3.0120566162361584e-06,0.7000000000000002,True,correct,0.7000000000000002,True,correct,0.6500000000000001,0.6570104626734988,True,correct
DBLP,0.6,50,inner,bootstrap_OOB,215,journals/vldb/BraumandlCKK00,True,1,snWxBtd7kK8J,snWxBtd7kK8J,True,0.9999893393679063,1.0128068701024443e-05,0.9999792112992052,0.7000000000000002,True,correct,0.7000000000000002,True,correct,0.6500000000000001,0.6570104626734988,True,correct
DBLP,0.6,50,inner,bootstrap_OOB,216,conf/vldb/McKennaBHT96,True,1,0tZaTV3W05wJ,0tZaTV3W05wJ,True,0.9999957949453164,6.651065921386646e-06,0.9999891438793952,0.7000000000000002,True,correct,0.7000000000000002,True,correct,0.6500000000000001,0.6570104626734988,True,correct
DBLP,0.6,50,inner,bootstrap_OOB,217,conf/vldb/Toivonen96,True,6,fiDTOBR8njMJ,ut53pjEsmxEJ,True,0.9999941351392582,0.9999887897217492,5.345417508961781e-06,0.7000000000000002,True,correct,0.7000000000000002,True,correct,0.6500000000000001,0.6570104626734988,True,correct
DBLP,0.6,50,inner,bootstrap_OOB,218,journals/tods/KarpSP03,True,1,mAQIVsd2VOMJ,mAQIVsd2VOMJ,True,0.9999956433402276,4.126955822112047e-06,0.9999915163844054,0.7000000000000002,True,correct,0.7000000000000002,True,correct,0.6500000000000001,0.6570104626734988,True,correct
DBLP,0.6,50,inner,bootstrap_OOB,219,conf/sigmod/ZaharioudakisCLPU00,True,3,Pbl_CbLYKWYJ,Pbl_CbLYKWYJ,True,0.9999950709850984,0.9999910147814652,4.056203632973876e-06,0.7000000000000002,True,correct,0.7000000000000002,True,correct,0.6500000000000001,0.6570104626734988,True,correct
DBLP,0.6,50,inner,bootstrap_OOB,220,journals/sigmod/SnodgrassACFLLORRSV99,False,0,,uPBlQ76s_g4J,False,0.9999941926880592,0.9999939223431108,2.7034494831656986e-07,0.7000000000000002,True,false_link,0.7000000000000002,True,false_link,0.6500000000000001,0.6570104626734988,True,false_link
DBLP,0.6,50,inner,bootstrap_OOB,221,journals/sigmod/EisenbergM01,True,2,GKUflKzgAVEJ,GKUflKzgAVEJ,True,0.9999950567356684,0.9999933073473553,1.7493883130992316e-06,0.7000000000000002,True,correct,0.7000000000000002,True,correct,0.6500000000000001,0.6570104626734988,True,correct
DBLP,0.6,50,inner,bootstrap_OOB,222,conf/vldb/GhoshPSH02,True,1,2dlOojuSNeIJ,2dlOojuSNeIJ,True,0.9999927493804684,3.673519782586823e-06,0.999989075860686,0.7000000000000002,True,correct,0.7000000000000002,True,correct,0.6500000000000001,0.6570104626734988,True,correct
DBLP,0.6,50,inner,bootstrap_OOB,223,conf/sigmod/KotidisR98,True,2,CpHJwU8o-BkJ,CpHJwU8o-BkJ,True,0.9999953107407772,0.999989043126567,6.267614210297978e-06,0.7000000000000002,True,correct,0.7000000000000002,True,correct,0.6500000000000001,0.6570104626734988,True,correct
DBLP,0.6,50,inner,bootstrap_OOB,224,conf/sigmod/FukudaMMT96a,True,3,fSKep047pbgJ,WOCgxlV_LgoJ,True,0.9999931867732844,0.9999927184405988,4.683326858545556e-07,0.7000000000000002,True,correct,0.7000000000000002,True,correct,0.6500000000000001,0.6570104626734988,True,correct
DBLP,0.6,50,inner,bootstrap_OOB,225,journals/sigmod/PuSW01,True,1,nkW4iN6JqfAJ,nkW4iN6JqfAJ,True,0.9999955317620922,8.328920070532502e-05,0.9999122425613868,0.7000000000000002,True,correct,0.7000000000000002,True,correct,0.6500000000000001,0.6570104626734988,True,correct
DBLP,0.6,50,inner,bootstrap_OOB,226,journals/vldb/RamakrishnanSSS94,True,3,K9jUyjxRaCwJ,rgA2DgNVPBUJ,True,0.9999917443708208,0.0035043508828419,0.9964873934879788,0.7000000000000002,True,correct,0.7000000000000002,True,correct,0.6500000000000001,0.6570104626734988,True,correct
DBLP,0.6,50,inner,bootstrap_OOB,227,conf/sigmod/WilschutFA95,True,2,vgoFTdXYHZ0J,vgoFTdXYHZ0J,True,0.9999946931321492,0.0001126141386864,0.9998820789934628,0.7000000000000002,True,correct,0.7000000000000002,True,correct,0.6500000000000001,0.6570104626734988,True,correct
DBLP,0.6,50,inner,bootstrap_OOB,228,journals/sigmod/Domingo-FerrerH98,True,2,9bRPA_aTYh4J,ajq2idLfpHMJ,True,0.9999958140067464,0.999995454337241,3.596695054008947e-07,0.7000000000000002,True,correct,0.7000000000000002,True,correct,0.6500000000000001,0.6570104626734988,True,correct
DBLP,0.6,50,inner,bootstrap_OOB,229,conf/sigmod/BerchtoldBBKK97,True,1,BMkGN7AiGhYJ,BMkGN7AiGhYJ,True,0.9999946828990826,0.0001300216543104,0.999864661244772,0.7000000000000002,True,correct,0.7000000000000002,True,correct,0.6500000000000001,0.6570104626734988,True,correct
DBLP,0.6,50,inner,bootstrap_OOB,230,conf/vldb/Spaccapietra94,True,1,ZpVzTb1a7VoJ,ZpVzTb1a7VoJ,True,0.999992428291794,8.664487885775573e-06,0.9999837638039084,0.7000000000000002,True,correct,0.7000000000000002,True,correct,0.6500000000000001,0.6570104626734988,True,correct
DBLP,0.6,50,inner,bootstrap_OOB,231,conf/sigmod/CarinoKKB01,True,2,a9HFF_bwiH4J,a9HFF_bwiH4J,True,0.999994859652744,0.9999899793524076,4.880300336296273e-06,0.7000000000000002,True,correct,0.7000000000000002,True,correct,0.6500000000000001,0.6570104626734988,True,correct
DBLP,0.6,50,inner,bootstrap_OOB,232,journals/sigmod/Alonso94a,False,0,,uzEcNW5U3V4J,False,0.0001384972634203,3.95687570590536e-05,9.89285063612782e-05,0.7000000000000002,False,unmatched_abstention,0.7000000000000002,False,unmatched_abstention,0.6500000000000001,0.6570104626734988,False,unmatched_abstention
DBLP,0.6,50,inner,bootstrap_OOB,233,journals/sigmod/Segev94b,False,0,,_SsvlmhsusEJ,False,2.077347882047731e-05,1.7382294477229172e-05,3.391184343248137e-06,0.7000000000000002,False,unmatched_abstention,0.7000000000000002,False,unmatched_abstention,0.6500000000000001,0.6570104626734988,False,unmatched_abstention
DBLP,0.6,50,inner,bootstrap_OOB,234,conf/vldb/HardingLM03,False,0,,L9b9MvkOnWcJ,False,3.906564006533497e-06,3.687971338056893e-06,2.1859266847660386e-07,0.7000000000000002,False,unmatched_abstention,0.7000000000000002,False,unmatched_abstention,0.6500000000000001,0.6570104626734988,False,unmatched_abstention
DBLP,0.6,50,inner,bootstrap_OOB,235,journals/sigmod/Han98,True,5,2kDtSxYI5DgJ,Y0GdVVrbzfQJ,True,0.999994733024066,0.9999938168773884,9.161466776319572e-07,0.7000000000000002,True,correct,0.7000000000000002,True,correct,0.6500000000000001,0.6570104626734988,True,correct
DBLP,0.6,50,inner,bootstrap_OOB,236,journals/sigmod/MeltonE02,True,2,6uelfg3RgEoJ,6uelfg3RgEoJ,True,0.9999949149731828,5.249234642970837e-05,0.9999424226267531,0.7000000000000002,True,correct,0.7000000000000002,True,correct,0.6500000000000001,0.6570104626734988,True,correct
DBLP,0.6,50,inner,bootstrap_OOB,237,journals/sigmod/Ozsu02b,False,0,,qU_IX5KFwIoJ,False,0.0003866361451944,0.0002878853358099,9.875080938449172e-05,0.7000000000000002,False,unmatched_abstention,0.7000000000000002,False,unmatched_abstention,0.6500000000000001,0.6570104626734988,False,unmatched_abstention
DBLP,0.6,50,inner,bootstrap_OOB,238,journals/sigmod/GrayG97,True,5,aYtTMXVoTiMJ,fFCqy9V5XNgJ,True,0.9999956618934136,0.9999955039480924,1.5794532104429493e-07,0.7000000000000002,True,correct,0.7000000000000002,True,correct,0.6500000000000001,0.6570104626734988,True,correct
DBLP,0.6,50,inner,bootstrap_OOB,239,conf/sigmod/PapakonstantinouPV02,True,1,5XmfwqNDii8J,5XmfwqNDii8J,True,0.999994358144202,0.0007659011317936,0.9992284570124084,0.7000000000000002,True,correct,0.7000000000000002,True,correct,0.6500000000000001,0.6570104626734988,True,correct
DBLP,0.6,50,inner,bootstrap_OOB,240,conf/sigmod/AdaliBSS98,True,3,69JsZwNpla0J,YQ90BYSVqbsJ,True,0.9999895023616422,0.9999237531849864,6.574917665569391e-05,0.7000000000000002,True,correct,0.7000000000000002,True,correct,0.6500000000000001,0.6570104626734988,True,correct
DBLP,0.6,50,inner,bootstrap_OOB,241,conf/vldb/ChanGR02,True,2,7rn7AHVs1YUJ,7rn7AHVs1YUJ,True,0.9999947540982876,0.9999924889198564,2.265178431271053e-06,0.7000000000000002,True,correct,0.7000000000000002,True,correct,0.6500000000000001,0.6570104626734988,True,correct
DBLP,0.6,50,inner,bootstrap_OOB,242,conf/sigmod/Chakravarthy97,True,3,5Ng-bLUNAsQJ,5Ng-bLUNAsQJ,True,0.9999955226593792,0.9999828339195448,1.2688739834620932e-05,0.7000000000000002,True,correct,0.7000000000000002,True,correct,0.6500000000000001,0.6570104626734988,True,correct
DBLP,0.6,50,inner,bootstrap_OOB,243,conf/sigmod/KabraD98,True,3,E0nhpX8pYsQJ,V9XUvirmVEEJ,True,0.9999953007262232,0.9999945689831952,7.317430280595616e-07,0.7000000000000002,True,correct,0.7000000000000002,True,correct,0.6500000000000001,0.6570104626734988,True,correct
DBLP,0.6,50,inner,bootstrap_OOB,244,conf/vldb/Ladin00,True,1,kPTa4IiS_sgJ,kPTa4IiS_sgJ,True,0.9999909393344008,0.0004084833124632,0.9995824560219376,0.7000000000000002,True,correct,0.7000000000000002,True,correct,0.6500000000000001,0.6570104626734988,True,correct
DBLP,0.6,50,inner,bootstrap_OOB,245,conf/vldb/BonifatiCDS01,True,1,tCrfb27dXiwJ,tCrfb27dXiwJ,True,0.9999944368231316,6.646006205878471e-06,0.9999877908169256,0.7000000000000002,True,correct,0.7000000000000002,True,correct,0.6500000000000001,0.6570104626734988,True,correct
DBLP,0.6,50,inner,bootstrap_OOB,246,conf/vldb/Hallmark95,True,2,tiAgO7G7YuAJ,xTKZ6OuegIEJ,True,0.9999624250923748,0.000261677118739,0.9997007479736356,0.7000000000000002,True,correct,0.7000000000000002,True,correct,0.6500000000000001,0.6570104626734988,True,correct
DBLP,0.6,50,inner,bootstrap_OOB,247,journals/sigmod/KeetonPH98,True,3,6MtRlhEClPEJ,6MtRlhEClPEJ,True,0.9999949654653156,0.9999936004970088,1.3649683066052631e-06,0.7000000000000002,True,correct,0.7000000000000002,True,correct,0.6500000000000001,0.6570104626734988,True,correct
DBLP,0.6,50,inner,bootstrap_OOB,248,conf/vldb/Sol01,True,1,url:http://portal.acm.org/citation.cfm%3Fid%3D645927.672038%26coll%3Dportal%26dl%3DACM%26CFID%3D11111111%26CFTOKEN%3D2222222,aofjcXEI5zcJ,False,0.999994373468432,0.999991756997507,2.616470925032033e-06,0.7000000000000002,True,false_link,0.7000000000000002,True,false_link,0.6500000000000001,0.6570104626734988,True,false_link
DBLP,0.6,50,inner,bootstrap_OOB,249,conf/vldb/GardarinST96,True,4,BBKhPPAqasIJ,OHR5iQWPuyYJ,True,0.9999956313954048,0.9999940669289016,1.5644665032343852e-06,0.7000000000000002,True,correct,0.7000000000000002,True,correct,0.6500000000000001,0.6570104626734988,True,correct
DBLP,0.6,50,inner,bootstrap_OOB,250,conf/vldb/GrumbachRS00,True,1,iQ3Zi3crc9wJ,iQ3Zi3crc9wJ,True,0.999995848213877,3.6289912919276647e-06,0.9999922192225852,0.7000000000000002,True,correct,0.7000000000000002,True,correct,0.6500000000000001,0.6570104626734988,True,correct
DBLP,0.6,50,inner,bootstrap_OOB,251,journals/vldb/TurkerG01,True,1,Jab63JLU3N0J,Jab63JLU3N0J,True,0.9999951697442347,7.437576576146173e-06,0.9999877321676586,0.7000000000000002,True,correct,0.7000000000000002,True,correct,0.6500000000000001,0.6570104626734988,True,correct
DBLP,0.6,50,inner,bootstrap_OOB,252,conf/vldb/MahnkeMS02,True,1,VhxIKKG8oWYJ,VhxIKKG8oWYJ,True,0.9999945799575852,3.579126841103305e-06,0.999991000830744,0.7000000000000002,True,correct,0.7000000000000002,True,correct,0.6500000000000001,0.6570104626734988,True,correct
DBLP,0.6,50,inner,bootstrap_OOB,253,journals/vldb/Sciore94,True,1,qHn6nrbVow8J,qHn6nrbVow8J,True,0.999995842873126,3.91105077072202e-05,0.9999567323654188,0.7000000000000002,True,correct,0.7000000000000002,True,correct,0.6500000000000001,0.6570104626734988,True,correct
DBLP,0.6,50,inner,bootstrap_OOB,254,conf/vldb/LuL00,True,2,Ih5hY-NRmFgJ,Ih5hY-NRmFgJ,True,0.9999950531751346,0.9998858534532564,0.0001091997218782,0.7000000000000002,True,correct,0.7000000000000002,True,correct,0.6500000000000001,0.6570104626734988,True,correct
DBLP,0.6,50,inner,bootstrap_OOB,255,conf/vldb/HasanM94,True,2,e7N82yYp8UIJ,JW7LRQwx_goJ,True,0.999995500293445,0.9999901307543876,5.369539057498152e-06,0.7000000000000002,True,correct,0.7000000000000002,True,correct,0.6500000000000001,0.6570104626734988,True,correct
DBLP,0.6,50,inner,bootstrap_OOB,256,journals/sigmod/EisenbergM99,True,4,ciavnyh4U8UJ,Z1P9QnSfDuAJ,True,0.9999953325268128,0.9999952218915292,1.1063528382315725e-07,0.7000000000000002,True,correct,0.7000000000000002,True,correct,0.6500000000000001,0.6570104626734988,True,correct
DBLP,0.6,50,inner,bootstrap_OOB,257,journals/sigmod/KuoM96,True,1,vmwgqLkw0NUJ,vmwgqLkw0NUJ,True,0.9999932003201962,8.91113052177731e-06,0.9999842891896744,0.7000000000000002,True,correct,0.7000000000000002,True,correct,0.6500000000000001,0.6570104626734988,True,correct
DBLP,0.6,50,inner,bootstrap_OOB,258,journals/sigmod/SouzaS99,True,2,lSJVvYYknn0J,lSJVvYYknn0J,True,0.9999947128837984,0.9999902070897674,4.505794030995602e-06,0.7000000000000002,True,correct,0.7000000000000002,True,correct,0.6500000000000001,0.6570104626734988,True,correct
DBLP,0.6,50,inner,bootstrap_OOB,259,conf/vldb/HaberIL95,True,1,UM1ZozyrJnIJ,UM1ZozyrJnIJ,True,0.9999955939860776,3.477687633102461e-06,0.9999921162984446,0.7000000000000002,True,correct,0.7000000000000002,True,correct,0.6500000000000001,0.6570104626734988,True,correct
DBLP,0.6,50,inner,bootstrap_OOB,260,conf/vldb/ChenDZ03,True,2,5MbqS0-RzBIJ,cCpHMzAXRnsJ,True,0.9999949479968232,0.9999459984943196,4.894950250355912e-05,0.7000000000000002,True,correct,0.7000000000000002,True,correct,0.6500000000000001,0.6570104626734988,True,correct
DBLP,0.6,50,inner,bootstrap_OOB,261,journals/sigmod/KennedyMB96,True,1,vBYtmDEYeK0J,vBYtmDEYeK0J,True,0.9999942838773608,7.415154090626403e-06,0.9999868687232704,0.7000000000000002,True,correct,0.7000000000000002,True,correct,0.6500000000000001,0.6570104626734988,True,correct
DBLP,0.6,50,inner,bootstrap_OOB,262,conf/sigmod/BeyerR99,True,1,6Cdfxiuibd0J,6Cdfxiuibd0J,True,0.9999947488727056,0.0002308531317963,0.9997638957409092,0.7000000000000002,True,correct,0.7000000000000002,True,correct,0.6500000000000001,0.6570104626734988,True,correct
DBLP,0.6,50,inner,bootstrap_OOB,263,journals/sigmod/Klein94,True,1,kG86HB6N1xEJ,kG86HB6N1xEJ,True,0.9999925514567034,3.849436857824813e-06,0.9999887020198456,0.7000000000000002,True,correct,0.7000000000000002,True,correct,0.6500000000000001,0.6570104626734988,True,correct
DBLP,0.6,50,inner,bootstrap_OOB,264,conf/vldb/ManolopoulosT01,True,2,BqSvyuGWls8J,hr5OGCJqc2MJ,True,0.999995748849482,0.0518074013758565,0.9481883474736256,0.7000000000000002,True,correct,0.7000000000000002,True,correct,0.6500000000000001,0.6570104626734988,True,correct
DBLP,0.6,50,inner,bootstrap_OOB,265,conf/vldb/DonjerkovicR99,True,3,4U31XD8P478J,Eq1w4LPv_igJ,True,0.999993475106602,0.99999082329418,2.6518124218721795e-06,0.7000000000000002,True,correct,0.7000000000000002,True,correct,0.6500000000000001,0.6570104626734988,True,correct
DBLP,0.6,50,inner,bootstrap_OOB,266,conf/sigmod/NybergBCGL94,True,2,fXziEl_Htv8J,kd-0q-M1O2gJ,True,0.9999946110264905,0.9999920632860824,2.5477404080875843e-06,0.7000000000000002,True,correct,0.7000000000000002,True,correct,0.6500000000000001,0.6570104626734988,True,correct
DBLP,0.6,50,inner,bootstrap_OOB,267,journals/vldb/IoannidisNSS97,True,1,if5vzPT-qIAJ,if5vzPT-qIAJ,True,0.999983721049959,0.2122622458525631,0.7877214751973959,0.7000000000000002,True,correct,0.7000000000000002,True,correct,0.6500000000000001,0.6570104626734988,True,correct
DBLP,0.6,50,inner,bootstrap_OOB,268,conf/sigmod/DogacHKOONDMAKE96,True,7,_4ARkdpRArQJ,UAO4T_2ylPkJ,True,0.999963229617804,0.9999502780675296,1.295155027447592e-05,0.7000000000000002,True,correct,0.7000000000000002,True,correct,0.6500000000000001,0.6570104626734988,True,correct
DBLP,0.6,50,inner,bootstrap_OOB,269,conf/vldb/HaasNSS95,True,2,EfczBs13YHIJ,x70Y3qaTL40J,True,0.9999946704612066,0.9998105676355172,0.0001841028256893,0.7000000000000002,True,correct,0.7000000000000002,True,correct,0.6500000000000001,0.6570104626734988,True,correct
DBLP,0.6,50,inner,bootstrap_OOB,270,conf/vldb/HageJPST03,True,3,6dAWUHYKqFUJ,xDDdtO9n_pwJ,True,0.9999957752814094,0.9999956421850352,1.33096374033137e-07,0.7000000000000002,True,correct,0.7000000000000002,True,correct,0.6500000000000001,0.6570104626734988,True,correct
DBLP,0.6,50,inner,bootstrap_OOB,271,journals/sigmod/GerlhofKM96,True,2,eq249ewqsHMJ,xsV7dkJi-YMJ,True,0.999995005477796,0.999994143539717,8.619380789109954e-07,0.7000000000000002,True,correct,0.7000000000000002,True,correct,0.6500000000000001,0.6570104626734988,True,correct
DBLP,0.6,50,inner,bootstrap_OOB,272,conf/vldb/Suciu96,True,2,D45fvUWVon0J,D45fvUWVon0J,True,0.9999953471972144,0.0003724354319089,0.9996229117653056,0.7000000000000002,True,correct,0.7000000000000002,True,correct,0.6500000000000001,0.6570104626734988,True,correct
DBLP,0.6,50,inner,bootstrap_OOB,273,journals/tods/PetersO97,True,2,er0r8doAGUQJ,mQp5jjo-npAJ,True,0.999995570958615,0.9999909811113304,4.5898472845751215e-06,0.7000000000000002,True,correct,0.7000000000000002,True,correct,0.6500000000000001,0.6570104626734988,True,correct
DBLP,0.6,50,inner,bootstrap_OOB,274,conf/sigmod/SunAA03,True,1,wR6CGftUyH0J,wR6CGftUyH0J,True,0.9999955028545832,2.954469315483809e-05,0.9999659581614284,0.7000000000000002,True,correct,0.7000000000000002,True,correct,0.6500000000000001,0.6570104626734988,True,correct
DBLP,0.6,50,inner,bootstrap_OOB,275,journals/tods/Chomicki95,False,0,,QVmWvrI3myQJ,False,0.2762010121724208,4.3220924549398165e-06,0.2761966900799659,0.7000000000000002,False,unmatched_abstention,0.7000000000000002,False,unmatched_abstention,0.6500000000000001,0.6570104626734988,False,unmatched_abstention
DBLP,0.6,50,inner,bootstrap_OOB,276,journals/tods/Bohm00,True,1,i5nEuutK3H4J,i5nEuutK3H4J,True,0.9999952527680364,1.587483843666649e-05,0.9999793779295996,0.7000000000000002,True,correct,0.7000000000000002,True,correct,0.6500000000000001,0.6570104626734988,True,correct
DBLP,0.6,50,inner,bootstrap_OOB,277,journals/sigmod/TsotrasK96,True,3,9HEdn3A13BQJ,9HEdn3A13BQJ,True,0.707833553732869,0.1828191923198995,0.5250143614129694,0.7000000000000002,True,correct,0.7000000000000002,True,correct,0.6500000000000001,0.6570104626734988,True,correct
DBLP,0.6,50,inner,bootstrap_OOB,278,journals/vldb/FerrariAABC02,True,1,74D4YiDcxfcJ,74D4YiDcxfcJ,True,0.9999953518894446,6.318604616314074e-06,0.9999890332848282,0.7000000000000002,True,correct,0.7000000000000002,True,correct,0.6500000000000001,0.6570104626734988,True,correct
DBLP,0.6,50,inner,bootstrap_OOB,279,journals/sigmod/LawderK01,True,1,eznFJ2e_pQQJ,eznFJ2e_pQQJ,True,0.9999951626081552,0.0115467094691153,0.9884484531390398,0.7000000000000002,True,correct,0.7000000000000002,True,correct,0.6500000000000001,0.6570104626734988,True,correct
DBLP,0.6,50,inner,bootstrap_OOB,280,journals/sigmod/TanakaV01,True,2,sQu8znidi50J,tA1HEgZGgrsJ,True,0.9999926320604616,0.9999895349675098,3.0970929518758794e-06,0.7000000000000002,True,correct,0.7000000000000002,True,correct,0.6500000000000001,0.6570104626734988,True,correct
DBLP,0.6,50,inner,bootstrap_OOB,281,journals/sigmod/FrewD97,True,2,5jMT1PENhSIJ,5jMT1PENhSIJ,True,0.9999949224358312,0.9999940097450738,9.126907575263132e-07,0.7000000000000002,True,correct,0.7000000000000002,True,correct,0.6500000000000001,0.6570104626734988,True,correct
DBLP,0.6,50,inner,bootstrap_OOB,282,journals/sigmod/SilberschatzZ97,True,2,7JRwRy6VapMJ,7JRwRy6VapMJ,True,0.9999947314516467,0.0338706218318792,0.9661241096197676,0.7000000000000002,True,correct,0.7000000000000002,True,correct,0.6500000000000001,0.6570104626734988,True,correct
DBLP,0.6,50,inner,bootstrap_OOB,283,conf/vldb/JagadishLS99,True,2,5d1R2mD-7MkJ,5d1R2mD-7MkJ,True,0.9999926978358792,0.9999774774419844,1.5220393894677107e-05,0.7000000000000002,True,correct,0.7000000000000002,True,correct,0.6500000000000001,0.6570104626734988,True,correct
DBLP,0.6,50,inner,bootstrap_OOB,284,conf/sigmod/Tajima96,True,1,IZSzLlgi8tUJ,IZSzLlgi8tUJ,True,0.9999951316559752,6.902715357972907e-06,0.9999882289406172,0.7000000000000002,True,correct,0.7000000000000002,True,correct,0.6500000000000001,0.6570104626734988,True,correct
DBLP,0.6,50,inner,bootstrap_OOB,285,conf/vldb/PottingerL00,True,5,eXceb1SMqE4J,mpnnRdFUUJQJ,True,0.9999805781883746,0.9999387168007956,4.18613875788898e-05,0.7000000000000002,True,correct,0.7000000000000002,True,correct,0.6500000000000001,0.6570104626734988,True,correct
DBLP,0.6,50,inner,bootstrap_OOB,286,journals/sigmod/BernsteinDK99,True,3,MsK0xHsckUIJ,Ye5fTBiMoUwJ,True,0.999983178052372,0.9998193605535436,0.0001638174988286,0.7000000000000002,True,correct,0.7000000000000002,True,correct,0.6500000000000001,0.6570104626734988,True,correct
DBLP,0.6,50,inner,bootstrap_OOB,287,conf/vldb/Slutz98,True,1,1blbGQk5ZpUJ,1blbGQk5ZpUJ,True,0.9999931727761878,3.53433334049697e-06,0.9999896384428472,0.7000000000000002,True,correct,0.7000000000000002,True,correct,0.6500000000000001,0.6570104626734988,True,correct
DBLP,0.6,50,inner,bootstrap_OOB,288,conf/sigmod/FreedmanD95,True,2,2bao_dZfCuQJ,dt4Mxy8b2hwJ,True,0.9999958712963324,0.9999929382410042,2.933055328280254e-06,0.7000000000000002,True,correct,0.7000000000000002,True,correct,0.6500000000000001,0.6570104626734988,True,correct
DBLP,0.6,50,inner,bootstrap_OOB,289,conf/sigmod/PaparizosACJLNPSWWY03,True,1,HuPDChjYd44J,HuPDChjYd44J,True,0.9999889479098716,0.5245641779344657,0.4754247699754058,0.7000000000000002,True,correct,0.7000000000000002,True,correct,0.6500000000000001,0.6570104626734988,True,correct
DBLP,0.6,50,inner,bootstrap_OOB,290,conf/sigmod/ChangC01,True,2,BGagLieYacQJ,BGagLieYacQJ,True,0.9999926336623438,0.8466014597670717,0.1533911738952721,0.7000000000000002,True,correct,0.7000000000000002,True,correct,0.6500000000000001,0.6570104626734988,True,correct
DBLP,0.6,50,inner,bootstrap_OOB,291,conf/vldb/GarofalakisIO98,True,2,i7AX4VpJJbYJ,ReV4xpbiC6EJ,True,0.9999948107526552,0.9999579016318596,3.6909120795458605e-05,0.7000000000000002,True,correct,0.7000000000000002,True,correct,0.6500000000000001,0.6570104626734988,True,correct
DBLP,0.6,50,inner,bootstrap_OOB,292,conf/vldb/HulgeriS03,True,1,l5_H15LkpCsJ,l5_H15LkpCsJ,True,0.9999957051819698,1.3576039917428072e-05,0.9999821291420524,0.7000000000000002,True,correct,0.7000000000000002,True,correct,0.6500000000000001,0.6570104626734988,True,correct
DBLP,0.6,50,inner,bootstrap_OOB,293,conf/vldb/Jacobs97,True,1,U-98tPsJi6EJ,U-98tPsJi6EJ,True,0.9999954300133864,1.0939155524980664e-05,0.9999844908578616,0.7000000000000002,True,correct,0.7000000000000002,True,correct,0.6500000000000001,0.6570104626734988,True,correct
DBLP,0.6,50,inner,bootstrap_OOB,294,journals/sigmod/DogacAOD95,True,1,oUOuTMrB0esJ,oUOuTMrB0esJ,True,0.9999947706964626,3.465477041618376e-05,0.9999601159260464,0.7000000000000002,True,correct,0.7000000000000002,True,correct,0.6500000000000001,0.6570104626734988,True,correct
DBLP,0.6,50,inner,bootstrap_OOB,295,conf/vldb/KerstenWFKBC03,True,1,Ub6YwssjyiYJ,Ub6YwssjyiYJ,True,0.9999949691417548,3.6463230205416536e-06,0.9999913228187344,0.7000000000000002,True,correct,0.7000000000000002,True,correct,0.6500000000000001,0.6570104626734988,True,correct
DBLP,0.6,50,inner,bootstrap_OOB,296,conf/vldb/Suciu96a,True,1,tJtSq968rwgJ,tJtSq968rwgJ,True,0.999994996605752,5.137553765918413e-06,0.999989859051986,0.7000000000000002,True,correct,0.7000000000000002,True,correct,0.6500000000000001,0.6570104626734988,True,correct
DBLP,0.6,50,inner,bootstrap_OOB,297,conf/vldb/Nori00,False,0,,Phcd3C1cfLcJ,False,4.663855740956394e-06,3.835650943306535e-06,8.282047976498584e-07,0.7000000000000002,False,unmatched_abstention,0.7000000000000002,False,unmatched_abstention,0.6500000000000001,0.6570104626734988,False,unmatched_abstention
DBLP,0.6,50,inner,bootstrap_OOB,298,conf/sigmod/LiuPBHPT00,True,1,q_o5zij9nCEJ,q_o5zij9nCEJ,True,0.9999955416797228,0.0004353810512456,0.9995601606284772,0.7000000000000002,True,correct,0.7000000000000002,True,correct,0.6500000000000001,0.6570104626734988,True,correct
DBLP,0.6,50,inner,bootstrap_OOB,299,journals/sigmod/Liu03,False,0,,url:http://portal.acm.org/citation.cfm%3Fid%3D945721.945727%26coll%3DGUIDE%26dl%3DACM%26idx%3DJ689%26part%3Dperiodical%26WantType%3Dperiodical%26title%3DACM%2520SIGMOD%2520Record%26CFID%3D11111111%26CFTOKEN%3D2222222,False,0.0002358187998375,7.036100741366934e-05,0.0001654577924238,0.7000000000000002,False,unmatched_abstention,0.7000000000000002,False,unmatched_abstention,0.6500000000000001,0.6570104626734988,False,unmatched_abstention
DBLP,0.6,50,inner,bootstrap_OOB,300,conf/vldb/HuntAI01,True,1,0GT_dHqK5roJ,0GT_dHqK5roJ,True,0.9999947575591216,0.0009345560194324,0.999060201539689,0.7000000000000002,True,correct,0.7000000000000002,True,correct,0.6500000000000001,0.6570104626734988,True,correct
DBLP,0.6,50,inner,bootstrap_OOB,301,journals/sigmod/X94a,False,0,,url:http://ieeexplore.ieee.org/iel5/2/4048/x0715521.pdf,False,1.699524169873174e-05,1.0813712349432496e-05,6.1815293492992445e-06,0.7000000000000002,False,unmatched_abstention,0.7000000000000002,False,unmatched_abstention,0.6500000000000001,0.6570104626734988,False,unmatched_abstention
DBLP,0.6,50,inner,bootstrap_OOB,302,conf/vldb/HalversonBKKRTVWND03,True,1,oR7DmJ9JJDYJ,oR7DmJ9JJDYJ,True,0.9999799695578736,4.664229369331587e-06,0.9999753053285044,0.7000000000000002,True,correct,0.7000000000000002,True,correct,0.6500000000000001,0.6570104626734988,True,correct
DBLP,0.6,50,inner,bootstrap_OOB,303,conf/sigmod/ChristophidesCS00,True,6,DJv_OAw-BcIJ,DqHBAYRAtyIJ,True,0.999994767199388,0.9999938839684066,8.832309814632566e-07,0.7000000000000002,True,correct,0.7000000000000002,True,correct,0.6500000000000001,0.6570104626734988,True,correct
DBLP,0.6,50,inner,bootstrap_OOB,304,journals/tods/FormicaGM98,True,1,PtcmzsfKYrsJ,PtcmzsfKYrsJ,True,0.9999943384874916,3.831519688747042e-06,0.9999905069678028,0.7000000000000002,True,correct,0.7000000000000002,True,correct,0.6500000000000001,0.6570104626734988,True,correct
DBLP,0.6,50,inner,bootstrap_OOB,305,conf/sigmod/WangJLY03,True,1,EQsWWZdE45wJ,EQsWWZdE45wJ,True,0.9999942809601776,4.7083801464927964e-06,0.9999895725800312,0.7000000000000002,True,correct,0.7000000000000002,True,correct,0.6500000000000001,0.6570104626734988,True,correct
DBLP,0.6,50,inner,bootstrap_OOB,306,conf/vldb/AboulnagaAN01,True,2,OBbDFGQNEDQJ,OBbDFGQNEDQJ,True,0.9999950985616024,0.999994009950728,1.0886108744445622e-06,0.7000000000000002,True,correct,0.7000000000000002,True,correct,0.6500000000000001,0.6570104626734988,True,correct
DBLP,0.6,50,inner,bootstrap_OOB,307,journals/sigmod/AndersonS94,True,1,aDk2IS_xwToJ,aDk2IS_xwToJ,True,0.9999951831488502,1.1552765698003616e-05,0.9999836303831522,0.7000000000000002,True,correct,0.7000000000000002,True,correct,0.6500000000000001,0.6570104626734988,True,correct
DBLP,0.6,50,inner,bootstrap_OOB,308,conf/sigmod/AggarwalY01,True,2,6i8hYEhbelEJ,QkTd5WogN-AJ,True,0.9999927834380028,0.9999911392063204,1.6442316824738512e-06,0.7000000000000002,True,correct,0.7000000000000002,True,correct,0.6500000000000001,0.6570104626734988,True,correct
DBLP,0.6,50,inner,bootstrap_OOB,309,journals/sigmod/ShethBS99,True,3,cqlnSEkt12EJ,NLklGN91cZgJ,True,0.9999946592065906,0.9999741547363664,2.050447022416968e-05,0.7000000000000002,True,correct,0.7000000000000002,True,correct,0.6500000000000001,0.6570104626734988,True,correct
DBLP,0.6,50,inner,bootstrap_OOB,310,conf/vldb/FuC94,True,1,ReboDjzo5y0J,ReboDjzo5y0J,True,0.999995711775302,3.930225718851326e-06,0.999991781549583,0.7000000000000002,True,correct,0.7000000000000002,True,correct,0.6500000000000001,0.6570104626734988,True,correct
DBLP,0.6,50,inner,bootstrap_OOB,311,conf/vldb/Nori02,False,0,,gAQqEB3jjxUJ,False,1.7707349669076173e-05,1.609126169366587e-05,1.6160879754103017e-06,0.7000000000000002,False,unmatched_abstention,0.7000000000000002,False,unmatched_abstention,0.6500000000000001,0.6570104626734988,False,unmatched_abstention
DBLP,0.6,50,inner,bootstrap_OOB,312,journals/sigmod/LuoI02,True,2,url:http://portal.acm.org/citation.cfm%3Fid%3D601858.601879%26dl%3DGUIDE%26dl%3DACM%26idx%3DJ689%26part%3Dperiodical%26WantType%3Dperiodical%26title%3DACM%2520SIGMOD%2520Record%26CFID%3D11111111%26CFTOKEN%3D2222222,url:http://portal.acm.org/ft_gateway.cfm%3Fid%3D601879%26type%3Dpdf%26dl%3DGUIDE%26dl%3DACM%26CFID%3D11111111%26CFTOKEN%3D2222222,True,0.9999945323663052,0.9999940256452794,5.067210259168675e-07,0.7000000000000002,True,correct,0.7000000000000002,True,correct,0.6500000000000001,0.6570104626734988,True,correct
DBLP,0.6,50,inner,bootstrap_OOB,313,conf/vldb/JohnsonS94,True,2,1TMemq4kM3YJ,1TMemq4kM3YJ,True,0.999896248830422,0.9595594298247384,0.0403368190056834,0.7000000000000002,True,correct,0.7000000000000002,True,correct,0.6500000000000001,0.6570104626734988,True,correct
DBLP,0.6,50,inner,bootstrap_OOB,314,conf/sigmod/FaloutsosSTT00,True,3,qsWDIfzBxiQJ,qsWDIfzBxiQJ,True,0.9999950404636708,0.999992911575764,2.1288879070713307e-06,0.7000000000000002,True,correct,0.7000000000000002,True,correct,0.6500000000000001,0.6570104626734988,True,correct
DBLP,0.6,50,inner,bootstrap_OOB,315,journals/sigmod/Liu02c,False,0,,_SsvlmhsusEJ,False,2.494738169063409e-05,2.4755274626591903e-05,1.921070640421827e-07,0.7000000000000002,False,unmatched_abstention,0.7000000000000002,False,unmatched_abstention,0.6500000000000001,0.6570104626734988,False,unmatched_abstention
DBLP,0.6,50,inner,bootstrap_OOB,316,conf/sigmod/ChandrasekaranCDFHHKMRS03,True,3,eOhZfLS25AsJ,MNuT46WJZaQJ,True,0.9999253754155288,0.8257856259834271,0.1741397494321017,0.7000000000000002,True,correct,0.7000000000000002,True,correct,0.6500000000000001,0.6570104626734988,True,correct
DBLP,0.6,50,inner,bootstrap_OOB,317,conf/vldb/RamamrithamABEGP00,True,1,jYGXFESkS-YJ,jYGXFESkS-YJ,True,0.9999952904567376,4.403808485461625e-06,0.9999908866482522,0.7000000000000002,True,correct,0.7000000000000002,True,correct,0.6500000000000001,0.6570104626734988,True,correct
DBLP,0.6,50,inner,bootstrap_OOB,318,journals/sigmod/HalkidiBV02,True,2,GHjgDrEbqM4J,GHjgDrEbqM4J,True,0.9999923873546204,0.0015252815804262,0.9984671057741942,0.7000000000000002,True,correct,0.7000000000000002,True,correct,0.6500000000000001,0.6570104626734988,True,correct
DBLP,0.6,50,inner,bootstrap_OOB,319,journals/sigmod/BusslerFM02,True,5,m56HUW18JKAJ,RaOQG4YyzM4J,True,0.9999955477598512,0.9999953944957316,1.5326411972882428e-07,0.7000000000000002,True,correct,0.7000000000000002,True,correct,0.6500000000000001,0.6570104626734988,True,correct
DBLP,0.6,50,inner,bootstrap_OOB,320,conf/sigmod/OlstonWACELSS98,True,1,UTYa5uf9zSIJ,UTYa5uf9zSIJ,True,0.9999831998558796,1.040006475151431e-05,0.9999727997911282,0.7000000000000002,True,correct,0.7000000000000002,True,correct,0.6500000000000001,0.6570104626734988,True,correct
DBLP,0.6,50,inner,bootstrap_OOB,321,journals/sigmod/Wiegand03,False,0,,tnHDLJxMoQcJ,False,3.736475462127005e-06,3.607476836803392e-06,1.2899862532361226e-07,0.7000000000000002,False,unmatched_abstention,0.7000000000000002,False,unmatched_abstention,0.6500000000000001,0.6570104626734988,False,unmatched_abstention
DBLP,0.6,50,inner,bootstrap_OOB,322,conf/sigmod/QuassW97,True,6,3o4t-svHQfcJ,u6Sx6E5i4L8J,True,0.9999879537491544,0.9999768047817272,1.1148967427154766e-05,0.7000000000000002,True,correct,0.7000000000000002,True,correct,0.6500000000000001,0.6570104626734988,True,correct
DBLP,0.6,50,inner,bootstrap_OOB,323,journals/sigmod/LinP96,True,1,mzEHvKsUv5QJ,mzEHvKsUv5QJ,True,0.9999955091075808,8.604680876899083e-06,0.999986904426704,0.7000000000000002,True,correct,0.7000000000000002,True,correct,0.6500000000000001,0.6570104626734988,True,correct
DBLP,0.6,50,inner,bootstrap_OOB,324,journals/sigmod/Ozsoyoglu99,False,0,,yNSC6-93CosJ,False,3.601768809063704e-05,3.1521294212820744e-05,4.496393877816294e-06,0.7000000000000002,False,unmatched_abstention,0.7000000000000002,False,unmatched_abstention,0.6500000000000001,0.6570104626734988,False,unmatched_abstention
DBLP,0.6,50,inner,bootstrap_OOB,325,conf/sigmod/KarbhariRXD02,True,2,Mw3xLuyR3qQJ,TZsVVmiiHqEJ,True,0.9999957426704555,0.999986658413867,9.084256588631767e-06,0.7000000000000002,True,correct,0.7000000000000002,True,correct,0.6500000000000001,0.6570104626734988,True,correct
DBLP,0.6,50,inner,bootstrap_OOB,326,journals/sigmod/ShethM02,True,2,B_axrPz8j5EJ,B_axrPz8j5EJ,True,0.9999831689057244,0.9916026212151302,0.0083805476905941,0.7000000000000002,True,correct,0.7000000000000002,True,correct,0.6500000000000001,0.6570104626734988,True,correct
DBLP,0.6,50,inner,bootstrap_OOB,327,conf/vldb/BernsteinPS99,True,1,JcHiZlbsts0J,JcHiZlbsts0J,True,0.99999560092632,0.9999925158190456,3.0851072742033026e-06,0.7000000000000002,True,correct,0.7000000000000002,True,correct,0.6500000000000001,0.6570104626734988,True,correct
DBLP,0.6,50,inner,bootstrap_OOB,328,conf/sigmod/Epstein95,False,0,,dwPOCFCBZ78J,False,0.0113845431728854,0.0041908457780457,0.0071936973948397,0.7000000000000002,False,unmatched_abstention,0.7000000000000002,False,unmatched_abstention,0.6500000000000001,0.6570104626734988,False,unmatched_abstention
DBLP,0.6,50,inner,bootstrap_OOB,329,journals/sigmod/BunemanLSTW94,True,4,eKF1zVNKP0gJ,GruVHotOoPQJ,True,0.9999831814048976,0.9999606238961428,2.2557508754683653e-05,0.7000000000000002,True,correct,0.7000000000000002,True,correct,0.6500000000000001,0.6570104626734988,True,correct
DBLP,0.6,50,inner,bootstrap_OOB,330,journals/sigmod/Snodgrass00b,False,0,,NHxHsUH9L5MJ,False,0.0003121402158169,0.0002589542318842,5.318598393275556e-05,0.7000000000000002,False,unmatched_abstention,0.7000000000000002,False,unmatched_abstention,0.6500000000000001,0.6570104626734988,False,unmatched_abstention
DBLP,0.6,50,inner,bootstrap_OOB,331,conf/vldb/Team00,False,0,,bcR9TErOrKQJ,False,6.562091845627539e-06,4.87572701396522e-06,1.6863648316623193e-06,0.7000000000000002,False,unmatched_abstention,0.7000000000000002,False,unmatched_abstention,0.6500000000000001,0.6570104626734988,False,unmatched_abstention
DBLP,0.6,50,inner,bootstrap_OOB,332,journals/sigmod/VelACM01,True,1,LseDURw3BXMJ,LseDURw3BXMJ,True,0.99999280619589,3.7920094005323184e-06,0.9999890141864896,0.7000000000000002,True,correct,0.7000000000000002,True,correct,0.6500000000000001,0.6570104626734988,True,correct
DBLP,0.6,50,inner,bootstrap_OOB,333,conf/vldb/KochBG03,True,2,mZNcc1O3Nl8J,xCbXlJHLR48J,True,0.9999937344459908,0.999987912482444,5.821963547036901e-06,0.7000000000000002,True,correct,0.7000000000000002,True,correct,0.6500000000000001,0.6570104626734988,True,correct
DBLP,0.6,50,inner,bootstrap_OOB,334,conf/vldb/LevyMS94,True,4,6wGozkC-i8EJ,l-QHiSxClXcJ,True,0.999994669708926,0.9999820023092072,1.266739971894637e-05,0.7000000000000002,True,correct,0.7000000000000002,True,correct,0.6500000000000001,0.6570104626734988,True,correct
DBLP,0.6,50,inner,bootstrap_OOB,335,conf/vldb/BassiliadesV95,True,2,B1kJzsffXEwJ,url:http://portal.acm.org/citation.cfm%3Fid%3D673137,True,0.9999954527936968,0.9999920595764152,3.393217281599803e-06,0.7000000000000002,True,correct,0.7000000000000002,True,correct,0.6500000000000001,0.6570104626734988,True,correct
DBLP,0.6,50,inner,bootstrap_OOB,336,journals/sigmod/CeriKKLOSV00,True,1,nLbW09uNfmsJ,nLbW09uNfmsJ,True,0.999986353892282,7.998214295779574e-06,0.9999783556779862,0.7000000000000002,True,correct,0.7000000000000002,True,correct,0.6500000000000001,0.6570104626734988,True,correct
DBLP,0.6,50,inner,bootstrap_OOB,337,journals/vldb/KamelWS94,True,1,tYBrsGkj1a0J,tYBrsGkj1a0J,True,0.9999943374561486,4.314992222660309e-06,0.999990022463926,0.7000000000000002,True,correct,0.7000000000000002,True,correct,0.6500000000000001,0.6570104626734988,True,correct
DBLP,0.6,50,inner,bootstrap_OOB,338,conf/sigmod/Gal00,True,2,i6QOOOYvOqQJ,i6QOOOYvOqQJ,True,0.9999920715395452,0.9999900411245256,2.0304150197825166e-06,0.7000000000000002,True,correct,0.7000000000000002,True,correct,0.6500000000000001,0.6570104626734988,True,correct
DBLP,0.6,50,inner,bootstrap_OOB,339,journals/vldb/AmielBDS96,True,1,RtYWYRjBUmEJ,RtYWYRjBUmEJ,True,0.9999953542249236,3.6235076768275216e-05,0.9999591191481554,0.7000000000000002,True,correct,0.7000000000000002,True,correct,0.6500000000000001,0.6570104626734988,True,correct
DBLP,0.6,50,inner,bootstrap_OOB,340,journals/sigmod/ChenHKPW94,True,1,HTvxhMKB69AJ,HTvxhMKB69AJ,True,0.4950262873057883,8.677073345821085e-06,0.4950176102324424,0.7000000000000002,False,missing_match,0.7000000000000002,False,missing_match,0.6500000000000001,0.6570104626734988,False,missing_match
DBLP,0.6,50,inner,bootstrap_OOB,341,conf/vldb/AbiteboulABBNM03,True,1,TD1X4Bo-eYsJ,TD1X4Bo-eYsJ,True,0.9999951533219594,4.06324867820452e-06,0.9999910900732812,0.7000000000000002,True,correct,0.7000000000000002,True,correct,0.6500000000000001,0.6570104626734988,True,correct
DBLP,0.6,50,inner,bootstrap_OOB,342,conf/vldb/YiF00,True,6,1XJk5BWEVe8J,DpQrWnvO7rEJ,True,0.9999950134401484,0.9999949907714766,2.2668671717518407e-08,0.7000000000000002,True,correct,0.7000000000000002,True,correct,0.6500000000000001,0.6570104626734988,True,correct
DBLP,0.6,50,inner,bootstrap_OOB,343,journals/sigmod/NgH95,True,2,qolJkVC2MoYJ,url:http://portal.acm.org/citation.cfm%3Fid%3D202660.202665%26dl%3DGUIDE%26dl%3DACM%26idx%3DJ689%26part%3Dperiodical%26WantType%3Dperiodical%26title%3DACM%2520SIGMOD%2520Record%26CFID%3D11111111%26CFTOKEN%3D2222222,True,0.9999958534765876,0.9999930526670106,2.800809577152563e-06,0.7000000000000002,True,correct,0.7000000000000002,True,correct,0.6500000000000001,0.6570104626734988,True,correct
DBLP,0.6,50,inner,bootstrap_OOB,344,journals/tods/Snodgrass01,False,0,,url:http://www.ingentaconnect.com/content/els/09505849/2001/00000043/00000014/art00205,False,0.0368214838257296,0.0033292512955609,0.0334922325301687,0.7000000000000002,False,unmatched_abstention,0.7000000000000002,False,unmatched_abstention,0.6500000000000001,0.6570104626734988,False,unmatched_abstention
DBLP,0.6,50,inner,bootstrap_OOB,345,conf/vldb/ChaudhuriW00,True,2,OuM0E0BhEXIJ,OuM0E0BhEXIJ,True,0.9999947229283124,0.9999935307653144,1.1921629980982118e-06,0.7000000000000002,True,correct,0.7000000000000002,True,correct,0.6500000000000001,0.6570104626734988,True,correct
DBLP,0.6,50,inner,bootstrap_OOB,346,conf/vldb/PoosalaI96,True,1,NTlGMs3lqNEJ,NTlGMs3lqNEJ,True,0.999995904566649,8.27782177736235e-06,0.9999876267448716,0.7000000000000002,True,correct,0.7000000000000002,True,correct,0.6500000000000001,0.6570104626734988,True,correct
DBLP,0.6,50,inner,bootstrap_OOB,347,journals/sigmod/KokkotosIPS95,True,1,-IvY8_ki_psJ,-IvY8_ki_psJ,True,0.9999951210030577,5.829418305857386e-06,0.9999892915847516,0.7000000000000002,True,correct,0.7000000000000002,True,correct,0.6500000000000001,0.6570104626734988,True,correct
DBLP,0.6,50,inner,bootstrap_OOB,348,conf/vldb/ShanmugasundaramKSFF01,True,1,9r5dL8B5l7oJ,9r5dL8B5l7oJ,True,0.987612972394982,2.2801453264155156e-05,0.987590170941718,0.7000000000000002,True,correct,0.7000000000000002,True,correct,0.6500000000000001,0.6570104626734988,True,correct
DBLP,0.6,50,inner,bootstrap_OOB,349,conf/vldb/BeneventanoBCCGMMV00,True,4,4AcfxYXwZnIJ,Q6jRYrIlTM4J,True,0.999990781014813,0.9999883261058736,2.454908939242273e-06,0.7000000000000002,True,correct,0.7000000000000002,True,correct,0.6500000000000001,0.6570104626734988,True,correct
DBLP,0.6,50,inner,bootstrap_OOB,350,journals/sigmod/Ouksel02,True,1,url:http://portal.acm.org/citation.cfm%3Fid%3D565117.565131%26dl%3DGUIDE%26dl%3DACM%26idx%3DJ689%26part%3Dperiodical%26WantType%3Dperiodical%26title%3DACM%2520SIGMOD%2520Record%26CFID%3D11111111%26CFTOKEN%3D2222222,url:http://portal.acm.org/citation.cfm%3Fid%3D565117.565131%26dl%3DGUIDE%26dl%3DACM%26idx%3DJ689%26part%3Dperiodical%26WantType%3Dperiodical%26title%3DACM%2520SIGMOD%2520Record%26CFID%3D11111111%26CFTOKEN%3D2222222,True,0.999965273109528,7.5041781168700975e-06,0.9999577689314112,0.7000000000000002,True,correct,0.7000000000000002,True,correct,0.6500000000000001,0.6570104626734988,True,correct
DBLP,0.6,50,inner,bootstrap_OOB,351,conf/vldb/WeberSB98,True,5,6D0Qt6Sjp8cJ,ZLYsIub53eoJ,True,0.9999956151503944,0.9999952288264032,3.863239911305882e-07,0.7000000000000002,True,correct,0.7000000000000002,True,correct,0.6500000000000001,0.6570104626734988,True,correct
DBLP,0.6,50,inner,bootstrap_OOB,352,conf/vldb/TatbulCZCS03,True,3,F42wOOy-KR0J,TAsynkdIAfwJ,True,0.999995573260012,0.9999928379172884,2.735342723547696e-06,0.7000000000000002,True,correct,0.7000000000000002,True,correct,0.6500000000000001,0.6570104626734988,True,correct
DBLP,0.6,50,inner,bootstrap_OOB,353,journals/sigmod/AtzeniM98,True,2,HtxGbMkTXdsJ,iPSta_aqkJYJ,False,0.9998539112368726,0.9992862808462856,0.000567630390587,0.7000000000000002,True,false_link,0.7000000000000002,True,false_link,0.6500000000000001,0.6570104626734988,True,false_link
DBLP,0.6,50,inner,bootstrap_OOB,354,conf/sigmod/ZhangMCMR02,True,1,rvZQMrCOQ1MJ,rvZQMrCOQ1MJ,True,0.9999920492331976,4.267809330024493e-06,0.9999877814238676,0.7000000000000002,True,correct,0.7000000000000002,True,correct,0.6500000000000001,0.6570104626734988,True,correct
DBLP,0.6,50,inner,bootstrap_OOB,355,journals/sigmod/JacobS99,True,1,3-iiSyJLwLkJ,3-iiSyJLwLkJ,True,0.9999945695684352,0.9999932812173044,1.2883511306682749e-06,0.7000000000000002,True,correct,0.7000000000000002,True,correct,0.6500000000000001,0.6570104626734988,True,correct
DBLP,0.6,50,inner,bootstrap_OOB,356,conf/sigmod/RafieiM97,True,8,F9KzvnDpCPUJ,F9KzvnDpCPUJ,True,0.9999947986088948,0.9999942446247576,5.539841371193788e-07,0.7000000000000002,True,correct,0.7000000000000002,True,correct,0.6500000000000001,0.6570104626734988,True,correct
DBLP,0.6,50,inner,bootstrap_OOB,357,conf/sigmod/ZhangRL96,True,17,1ms09_UeEH4J,hk9P76dJfcAJ,True,0.999995031677465,0.9999946750132864,3.5666417841362374e-07,0.7000000000000002,True,correct,0.7000000000000002,True,correct,0.6500000000000001,0.6570104626734988,True,correct
DBLP,0.6,50,inner,bootstrap_OOB,358,conf/sigmod/Chaudhuri97,True,2,9GsZHpVf2_cJ,9GsZHpVf2_cJ,True,0.9999844715564143,0.999979203290034,5.26826638047595e-06,0.7000000000000002,True,correct,0.7000000000000002,True,correct,0.6500000000000001,0.6570104626734988,True,correct
DBLP,0.6,50,inner,bootstrap_OOB,359,conf/vldb/NipplM98,True,2,C5jVmNqIE4IJ,C5jVmNqIE4IJ,True,0.9999954898020368,0.9999939967917826,1.493010254094429e-06,0.7000000000000002,True,correct,0.7000000000000002,True,correct,0.6500000000000001,0.6570104626734988,True,correct
DBLP,0.6,50,inner,bootstrap_OOB,360,conf/vldb/WangC03,True,3,B1uNI67mfJcJ,B1uNI67mfJcJ,True,0.999995218317711,0.999988680542571,6.537775140036395e-06,0.7000000000000002,True,correct,0.7000000000000002,True,correct,0.6500000000000001,0.6570104626734988,True,correct
DBLP,0.6,50,inner,bootstrap_OOB,361,conf/sigmod/OzdenRSS96,True,1,-NqtWdEMQkgJ,-NqtWdEMQkgJ,True,0.9999951833463746,5.862836376658468e-06,0.999989320509998,0.7000000000000002,True,correct,0.7000000000000002,True,correct,0.6500000000000001,0.6570104626734988,True,correct
DBLP,0.6,50,inner,bootstrap_OOB,362,journals/sigmod/RamamrithamSSTX96,True,1,kezAM71rts0J,kezAM71rts0J,True,0.9999948694771408,1.4376539150186995e-05,0.9999804929379904,0.7000000000000002,True,correct,0.7000000000000002,True,correct,0.6500000000000001,0.6570104626734988,True,correct
DBLP,0.6,50,inner,bootstrap_OOB,363,journals/sigmod/Seshadri98,True,3,_nIg_hi8PAAJ,_nIg_hi8PAAJ,True,0.9999954446901758,0.999994944873832,4.998163436464864e-07,0.7000000000000002,True,correct,0.7000000000000002,True,correct,0.6500000000000001,0.6570104626734988,True,correct
DBLP,0.6,50,inner,bootstrap_OOB,364,conf/vldb/FaloutsosG96,True,3,1T0QEMsUItoJ,vwcVawlOJn0J,True,0.9999954655122776,0.9999952183222712,2.471900063527599e-07,0.7000000000000002,True,correct,0.7000000000000002,True,correct,0.6500000000000001,0.6570104626734988,True,correct
DBLP,0.6,50,inner,bootstrap_OOB,365,journals/sigmod/WinslettMY03,False,0,,wAq9WkwTSr8J,False,3.573121048232227e-06,3.469002450224101e-06,1.0411859800812592e-07,0.7000000000000002,False,unmatched_abstention,0.7000000000000002,False,unmatched_abstention,0.6500000000000001,0.6570104626734988,False,unmatched_abstention
DBLP,0.6,50,inner,bootstrap_OOB,366,conf/vldb/CarinoOBS99,True,1,47kAOej6WIQJ,47kAOej6WIQJ,True,0.9999913462969112,3.690782580324668e-06,0.9999876555143308,0.7000000000000002,True,correct,0.7000000000000002,True,correct,0.6500000000000001,0.6570104626734988,True,correct
DBLP,0.6,50,inner,bootstrap_OOB,367,conf/vldb/WuFSP00,True,2,tr_rawv-6SMJ,XojbAfbtdvcJ,True,0.9999956013290467,0.99992033557497,7.526575407679204e-05,0.7000000000000002,True,correct,0.7000000000000002,True,correct,0.6500000000000001,0.6570104626734988,True,correct
DBLP,0.6,50,inner,bootstrap_OOB,368,journals/sigmod/Segev95,False,0,,ntqMqfgRXM4J,False,0.0001570470375345,0.0001130829888218,4.3964048712618494e-05,0.7000000000000002,False,unmatched_abstention,0.7000000000000002,False,unmatched_abstention,0.6500000000000001,0.6570104626734988,False,unmatched_abstention
DBLP,0.6,50,inner,bootstrap_OOB,369,conf/vldb/BohmMSW01,True,2,23cNr1EhPGwJ,Uv3mhmUGwdcJ,True,0.9999946087852906,0.9999925063274038,2.102457886787868e-06,0.7000000000000002,True,correct,0.7000000000000002,True,correct,0.6500000000000001,0.6570104626734988,True,correct
DBLP,0.6,50,inner,bootstrap_OOB,370,conf/vldb/GutierrezPST94,True,1,VUU_DceCRXAJ,VUU_DceCRXAJ,True,0.9999950265671256,3.533190894823792e-06,0.9999914933762308,0.7000000000000002,True,correct,0.7000000000000002,True,correct,0.6500000000000001,0.6570104626734988,True,correct
DBLP,0.6,50,inner,bootstrap_OOB,371,conf/sigmod/BenediktCFFR03,True,1,T5ZdpquqfJ0J,T5ZdpquqfJ0J,True,0.9999955991471678,3.813016765283504e-06,0.9999917861304024,0.7000000000000002,True,correct,0.7000000000000002,True,correct,0.6500000000000001,0.6570104626734988,True,correct
DBLP,0.6,50,inner,bootstrap_OOB,372,conf/sigmod/NatsevRS99,True,3,OtJVavxuuYgJ,OtJVavxuuYgJ,True,0.9999947517964692,0.9999919275852912,2.8242111779208656e-06,0.7000000000000002,True,correct,0.7000000000000002,True,correct,0.6500000000000001,0.6570104626734988,True,correct
DBLP,0.6,50,inner,bootstrap_OOB,373,conf/sigmod/WitkowskiBBDFGSS03,True,1,ygCe1xRFuKgJ,ygCe1xRFuKgJ,True,0.9999953702932086,8.934275741922018e-06,0.9999864360174668,0.7000000000000002,True,correct,0.7000000000000002,True,correct,0.6500000000000001,0.6570104626734988,True,correct
DBLP,0.6,50,inner,bootstrap_OOB,374,journals/sigmod/Yang94,True,1,sHJ914nPZtUJ,sHJ914nPZtUJ,True,0.9999952834000378,4.33691525879085e-06,0.999990946484779,0.7000000000000002,True,correct,0.7000000000000002,True,correct,0.6500000000000001,0.6570104626734988,True,correct
DBLP,0.6,50,inner,bootstrap_OOB,375,conf/sigmod/FukudaMMT96,True,3,Bcuo4_yr2p0J,Bcuo4_yr2p0J,True,0.9999924037226589,0.9999903223240192,2.0813986395529227e-06,0.7000000000000002,True,correct,0.7000000000000002,True,correct,0.6500000000000001,0.6570104626734988,True,correct
DBLP,0.6,50,inner,bootstrap_OOB,376,conf/vldb/OzsuVU98,True,2,tftfK6qWKJcJ,WAivXgeI8vIJ,True,0.9999949563586596,0.999993375685268,1.580673391621268e-06,0.7000000000000002,True,correct,0.7000000000000002,True,correct,0.6500000000000001,0.6570104626734988,True,correct
DBLP,0.6,50,inner,bootstrap_OOB,377,conf/sigmod/KimC03,True,1,BWV2Oys1VXsJ,BWV2Oys1VXsJ,True,0.999995638305838,1.6267016027846133e-05,0.9999793712898102,0.7000000000000002,True,correct,0.7000000000000002,True,correct,0.6500000000000001,0.6570104626734988,True,correct
DBLP,0.6,50,inner,bootstrap_OOB,378,conf/vldb/StolteA02,True,1,N3Bry6sSMw8J,N3Bry6sSMw8J,True,0.9999940813058744,4.056488557630906e-06,0.9999900248173168,0.7000000000000002,True,correct,0.7000000000000002,True,correct,0.6500000000000001,0.6570104626734988,True,correct
DBLP,0.6,50,inner,bootstrap_OOB,379,conf/vldb/Ogawa96,True,2,my4BalOLmAsJ,my4BalOLmAsJ,True,0.9999949317632424,0.9999898304005522,5.101362690274058e-06,0.7000000000000002,True,correct,0.7000000000000002,True,correct,0.6500000000000001,0.6570104626734988,True,correct
DBLP,0.6,50,inner,bootstrap_OOB,380,conf/sigmod/BabcockCD03,True,1,mbhZ3gSR3NMJ,mbhZ3gSR3NMJ,True,0.9999946669683044,4.218007602470248e-06,0.999990448960702,0.7000000000000002,True,correct,0.7000000000000002,True,correct,0.6500000000000001,0.6570104626734988,True,correct
DBLP,0.6,50,inner,bootstrap_OOB,381,conf/vldb/LuSL95,True,6,2g1GW3T-fVQJ,h7_7SZrI7M0J,True,0.9999957014531374,0.9999950043869216,6.970662159710983e-07,0.7000000000000002,True,correct,0.7000000000000002,True,correct,0.6500000000000001,0.6570104626734988,True,correct
DBLP,0.6,50,inner,bootstrap_OOB,382,conf/sigmod/JonssonFS98,True,2,5fb1l1MyGisJ,5fb1l1MyGisJ,True,0.999994809317297,0.999959197626762,3.561169053489799e-05,0.7000000000000002,True,correct,0.7000000000000002,True,correct,0.6500000000000001,0.6570104626734988,True,correct
DBLP,0.6,50,inner,bootstrap_OOB,383,conf/sigmod/SengarH03,True,1,7Mtanhr8EKoJ,7Mtanhr8EKoJ,True,0.999993466706936,0.0177287411359094,0.9822647255710266,0.7000000000000002,True,correct,0.7000000000000002,True,correct,0.6500000000000001,0.6570104626734988,True,correct
DBLP,0.6,50,inner,bootstrap_OOB,384,conf/sigmod/GarofalakisGRSS00,True,2,5uvR4kU1UOoJ,5uvR4kU1UOoJ,True,0.9999951466476344,0.999994661915566,4.847320685952283e-07,0.7000000000000002,True,correct,0.7000000000000002,True,correct,0.6500000000000001,0.6570104626734988,True,correct
DBLP,0.6,50,inner,bootstrap_OOB,385,conf/sigmod/LangS01,True,2,FFQc9XpGFRsJ,FFQc9XpGFRsJ,True,0.9999950309098272,0.999988414587631,6.616322196340008e-06,0.7000000000000002,True,correct,0.7000000000000002,True,correct,0.6500000000000001,0.6570104626734988,True,correct
DBLP,0.6,50,inner,bootstrap_OOB,386,conf/vldb/LiuLBHTS03,True,1,pAhZKAo7m-sJ,pAhZKAo7m-sJ,True,0.9999956547717228,3.467811671302149e-06,0.9999921869600517,0.7000000000000002,True,correct,0.7000000000000002,True,correct,0.6500000000000001,0.6570104626734988,True,correct
DBLP,0.6,50,inner,bootstrap_OOB,387,conf/sigmod/TaoP02,True,1,fDWfHiQ6BR4J,fDWfHiQ6BR4J,True,0.9999955510025894,3.833991876695449e-05,0.9999572110838224,0.7000000000000002,True,correct,0.7000000000000002,True,correct,0.6500000000000001,0.6570104626734988,True,correct
DBLP,0.6,50,inner,bootstrap_OOB,388,journals/sigmod/FifeG03,True,1,oOdAqQph_zsJ,oOdAqQph_zsJ,True,0.9999955173487396,0.9999896172973768,5.900051363028069e-06,0.7000000000000002,True,correct,0.7000000000000002,True,correct,0.6500000000000001,0.6570104626734988,True,correct
DBLP,0.6,50,inner,bootstrap_OOB,389,conf/vldb/GilbertKMS02,True,2,kxGdQhvpi_sJ,kxGdQhvpi_sJ,True,0.9999925405449512,0.999979308928385,1.323161656618943e-05,0.7000000000000002,True,correct,0.7000000000000002,True,correct,0.6500000000000001,0.6570104626734988,True,correct
DBLP,0.6,50,inner,bootstrap_OOB,390,journals/vldb/MaratheS02,True,1,z6JEYoArZmsJ,z6JEYoArZmsJ,True,0.9999902340613944,8.709921032063999e-06,0.9999815241403625,0.7000000000000002,True,correct,0.7000000000000002,True,correct,0.6500000000000001,0.6570104626734988,True,correct
DBLP,0.6,50,inner,bootstrap_OOB,391,conf/vldb/DeRose99,True,1,_7DyRIjTceAJ,_7DyRIjTceAJ,True,0.9999815817857822,7.175824671290873e-06,0.999974405961111,0.7000000000000002,True,correct,0.7000000000000002,True,correct,0.6500000000000001,0.6570104626734988,True,correct
DBLP,0.6,50,inner,bootstrap_OOB,392,conf/vldb/DeckerK03,True,1,es2kSNccUGMJ,es2kSNccUGMJ,True,0.9999903018688469,0.0002165260879431,0.9997737757809038,0.7000000000000002,True,correct,0.7000000000000002,True,correct,0.6500000000000001,0.6570104626734988,True,correct
DBLP,0.6,50,inner,bootstrap_OOB,393,journals/sigmod/CabreraLM01,True,1,b201QeqnlNkJ,b201QeqnlNkJ,True,0.9999951535207068,4.093543431517747e-06,0.9999910599772752,0.7000000000000002,True,correct,0.7000000000000002,True,correct,0.6500000000000001,0.6570104626734988,True,correct
DBLP,0.6,50,inner,bootstrap_OOB,394,conf/vldb/HelmerWM98,True,2,5ipPVLRhDqoJ,5ipPVLRhDqoJ,True,0.999995631153758,0.9999916392865048,3.99186725319467e-06,0.7000000000000002,True,correct,0.7000000000000002,True,correct,0.6500000000000001,0.6570104626734988,True,correct
DBLP,0.6,50,inner,bootstrap_OOB,395,conf/sigmod/LahiriG01,True,2,2eJIgKjsQF4J,2eJIgKjsQF4J,True,0.9999944374279176,0.9996783255635862,0.0003161118643315,0.7000000000000002,True,correct,0.7000000000000002,True,correct,0.6500000000000001,0.6570104626734988,True,correct
DBLP,0.6,50,inner,bootstrap_OOB,396,journals/sigmod/RoddickABDEGHLMMMW00,True,2,eA8gNVxHRJ4J,eA8gNVxHRJ4J,True,0.999993531443924,0.9999903693157132,3.162128211053883e-06,0.7000000000000002,True,correct,0.7000000000000002,True,correct,0.6500000000000001,0.6570104626734988,True,correct
DBLP,0.6,50,inner,bootstrap_OOB,397,conf/vldb/CowleyP00,True,2,KGeFsGtIROsJ,KGeFsGtIROsJ,True,0.9999944323276176,0.9999880589884212,6.373339196397154e-06,0.7000000000000002,True,correct,0.7000000000000002,True,correct,0.6500000000000001,0.6570104626734988,True,correct
DBLP,0.6,50,inner,bootstrap_OOB,398,conf/vldb/GarofalakisG01,True,3,PIhBWXtNTvUJ,SHDQQrfJ3BMJ,True,0.9999917238595336,0.9999878575335368,3.866325996915165e-06,0.7000000000000002,True,correct,0.7000000000000002,True,correct,0.6500000000000001,0.6570104626734988,True,correct
DBLP,0.6,50,inner,bootstrap_OOB,399,conf/sigmod/MiloAABN03,True,2,fHp5E4Rxt7cJ,fHp5E4Rxt7cJ,True,0.9999838262754426,0.9995524491375336,0.0004313771379089,0.7000000000000002,True,correct,0.7000000000000002,True,correct,0.6500000000000001,0.6570104626734988,True,correct
DBLP,0.6,50,inner,bootstrap_OOB,400,conf/vldb/FlorescuLSY99,True,1,aUElZKC-txIJ,aUElZKC-txIJ,True,0.9999942280689608,0.999523470714378,0.0004707573545829,0.7000000000000002,True,correct,0.7000000000000002,True,correct,0.6500000000000001,0.6570104626734988,True,correct
DBLP,0.6,50,inner,bootstrap_OOB,401,journals/sigmod/Mackay99,True,2,PcnfzFfEY1wJ,PcnfzFfEY1wJ,True,0.9999951626404482,0.9999943596505304,8.029899177808275e-07,0.7000000000000002,True,correct,0.7000000000000002,True,correct,0.6500000000000001,0.6570104626734988,True,correct
DBLP,0.6,50,inner,bootstrap_OOB,402,conf/vldb/TriantafillouP97,True,1,L7vxP-dXbukJ,L7vxP-dXbukJ,True,0.9999944091770434,4.401566373601648e-06,0.9999900076106698,0.7000000000000002,True,correct,0.7000000000000002,True,correct,0.6500000000000001,0.6570104626734988,True,correct
DBLP,0.6,50,inner,bootstrap_OOB,403,conf/vldb/DingGS00,True,2,I5fV3jpcrmAJ,I5fV3jpcrmAJ,True,0.9999941540693672,0.9999930312138854,1.1228554817055425e-06,0.7000000000000002,True,correct,0.7000000000000002,True,correct,0.6500000000000001,0.6570104626734988,True,correct
DBLP,0.6,50,inner,bootstrap_OOB,404,conf/sigmod/OlstonW02,True,1,pBKI-JCAlcIJ,pBKI-JCAlcIJ,True,0.9999957826399846,3.688189405359272e-06,0.9999920944505792,0.7000000000000002,True,correct,0.7000000000000002,True,correct,0.6500000000000001,0.6570104626734988,True,correct
DBLP,0.6,50,inner,bootstrap_OOB,405,journals/tods/LechtenborgerV03,True,1,94m93uP4GM4J,94m93uP4GM4J,True,0.9999946371016718,4.893409767330342e-06,0.9999897436919044,0.7000000000000002,True,correct,0.7000000000000002,True,correct,0.6500000000000001,0.6570104626734988,True,correct
DBLP,0.6,50,inner,bootstrap_OOB,406,conf/sigmod/ChaudhuriN98a,True,3,AiXOfJPvvpUJ,JyEX0YVMP5oJ,True,0.999994872568473,0.9999941248724742,7.476959987817722e-07,0.7000000000000002,True,correct,0.7000000000000002,True,correct,0.6500000000000001,0.6570104626734988,True,correct
DBLP,0.6,50,inner,bootstrap_OOB,407,conf/vldb/PapadiasT01,True,2,2V2bnIgsY1kJ,2V2bnIgsY1kJ,True,0.9999948207742364,0.9999940007407824,8.200334541408338e-07,0.7000000000000002,True,correct,0.7000000000000002,True,correct,0.6500000000000001,0.6570104626734988,True,correct
DBLP,0.6,50,inner,bootstrap_OOB,408,journals/sigmod/Lomet01,True,1,fI5o4MfWwzIJ,fI5o4MfWwzIJ,True,0.9999954752792232,4.630457438329733e-06,0.9999908448217848,0.7000000000000002,True,correct,0.7000000000000002,True,correct,0.6500000000000001,0.6570104626734988,True,correct
DBLP,0.6,50,inner,bootstrap_OOB,409,conf/sigmod/PangCL94,True,1,beMsu5ebf30J,beMsu5ebf30J,True,0.9999952186141112,4.139036560133244e-06,0.9999910795775512,0.7000000000000002,True,correct,0.7000000000000002,True,correct,0.6500000000000001,0.6570104626734988,True,correct
DBLP,0.6,50,inner,bootstrap_OOB,410,conf/vldb/BraumandlCK98,True,1,rH5VOr1x-a8J,rH5VOr1x-a8J,True,0.9999955084865276,6.648554603826846e-06,0.9999888599319238,0.7000000000000002,True,correct,0.7000000000000002,True,correct,0.6500000000000001,0.6570104626734988,True,correct
DBLP,0.6,50,inner,bootstrap_OOB,411,journals/sigmod/Segev94a,False,0,,_SsvlmhsusEJ,False,3.87114629201402e-05,1.611484977014669e-05,2.2596613149993508e-05,0.7000000000000002,False,unmatched_abstention,0.7000000000000002,False,unmatched_abstention,0.6500000000000001,0.6570104626734988,False,unmatched_abstention
DBLP,0.6,50,inner,bootstrap_OOB,412,conf/vldb/TreschPL95,True,1,1rPUqMFsS3AJ,1rPUqMFsS3AJ,True,0.9999939021741718,0.9798024316121252,0.0201914705620465,0.7000000000000002,True,correct,0.7000000000000002,True,correct,0.6500000000000001,0.6570104626734988,True,correct
DBLP,0.6,50,inner,bootstrap_OOB,413,conf/sigmod/KornJF97,True,5,atWqYF6LcuwJ,o5T-Jfvv930J,True,0.9999945255834944,0.9999943535204908,1.7206300340077973e-07,0.7000000000000002,True,correct,0.7000000000000002,True,correct,0.6500000000000001,0.6570104626734988,True,correct
DBLP,0.6,50,inner,bootstrap_OOB,414,conf/vldb/Bar-YossefBCFW00,True,1,-gm97JzyHJsJ,-gm97JzyHJsJ,True,0.9999952045810996,3.5067287072891075e-06,0.9999916978523922,0.7000000000000002,True,correct,0.7000000000000002,True,correct,0.6500000000000001,0.6570104626734988,True,correct
DBLP,0.6,50,inner,bootstrap_OOB,415,journals/vldb/WidomS00,True,1,url:http://www.springerlink.com/index/JWGUMV8YDL893E3V.pdf,url:http://www.springerlink.com/index/JWGUMV8YDL893E3V.pdf,True,0.3028735876605865,0.1061036509531777,0.1967699367074087,0.7000000000000002,False,missing_match,0.7000000000000002,False,missing_match,0.6500000000000001,0.6570104626734988,False,missing_match
DBLP,0.6,50,inner,bootstrap_OOB,416,conf/vldb/TsurAADKW01,True,1,PvNI0yqRqtQJ,PvNI0yqRqtQJ,True,0.9999955310163156,1.0230600255586784e-05,0.99998530041606,0.7000000000000002,True,correct,0.7000000000000002,True,correct,0.6500000000000001,0.6570104626734988,True,correct
DBLP,0.6,50,inner,bootstrap_OOB,417,conf/sigmod/Bayardo98,True,6,htTH8PrZ0dYJ,htTH8PrZ0dYJ,True,0.9999933307940394,0.9999906500088273,2.6807852122612275e-06,0.7000000000000002,True,correct,0.7000000000000002,True,correct,0.6500000000000001,0.6570104626734988,True,correct
DBLP,0.6,50,inner,bootstrap_OOB,418,conf/vldb/MartinC94,True,1,Ur6-XAMj3tIJ,Ur6-XAMj3tIJ,True,0.9999845862253076,3.7141856451808096e-06,0.9999808720396626,0.7000000000000002,True,correct,0.7000000000000002,True,correct,0.6500000000000001,0.6570104626734988,True,correct
DBLP,0.6,50,inner,bootstrap_OOB,419,journals/vldb/FiletoLPAM03,True,2,jMQ_SiixnSEJ,VWbm4EeeFNMJ,True,0.9999956967198302,0.9999949255484872,7.711713431168832e-07,0.7000000000000002,True,correct,0.7000000000000002,True,correct,0.6500000000000001,0.6570104626734988,True,correct
DBLP,0.6,50,inner,bootstrap_OOB,420,journals/sigmod/BabuW01,True,4,EWzSBh-jV3IJ,KJ26gUP0PyIJ,True,0.999995083768368,0.9999941206912047,9.630771631297108e-07,0.7000000000000002,True,correct,0.7000000000000002,True,correct,0.6500000000000001,0.6570104626734988,True,correct
DBLP,0.6,50,inner,bootstrap_OOB,421,conf/sigmod/LakhamrajuRSS00,True,3,DyGC4KFw5mgJ,GveQLUTEle8J,True,0.9999952222925051,8.79597792556277e-05,0.9999072625132496,0.7000000000000002,True,correct,0.7000000000000002,True,correct,0.6500000000000001,0.6570104626734988,True,correct
DBLP,0.6,50,inner,bootstrap_OOB,422,conf/sigmod/HellersteinN96,True,5,_hDCldPyum0J,_hDCldPyum0J,True,0.9999935480045734,0.9999900792121774,3.468792395988629e-06,0.7000000000000002,True,correct,0.7000000000000002,True,correct,0.6500000000000001,0.6570104626734988,True,correct
DBLP,0.6,50,inner,bootstrap_OOB,423,conf/vldb/LudasaherGM00,True,1,H4hHa7dQdSAJ,H4hHa7dQdSAJ,True,0.9999957996346756,0.9870762912780886,0.012919508356587,0.7000000000000002,True,correct,0.7000000000000002,True,correct,0.6500000000000001,0.6570104626734988,True,correct
DBLP,0.6,50,inner,bootstrap_OOB,424,conf/sigmod/KangN03,True,1,ABztkd0E9lUJ,ABztkd0E9lUJ,True,0.99999510827462,3.7526381191591128e-06,0.999991355636501,0.7000000000000002,True,correct,0.7000000000000002,True,correct,0.6500000000000001,0.6570104626734988,True,correct
DBLP,0.6,50,inner,bootstrap_OOB,425,conf/sigmod/TsurUACMNR98,True,5,aym35wwVDlQJ,w5i-zY0c1jAJ,True,0.9999901362870646,0.9999898549369198,2.813501447374023e-07,0.7000000000000002,True,correct,0.7000000000000002,True,correct,0.6500000000000001,0.6570104626734988,True,correct
DBLP,0.6,50,inner,bootstrap_OOB,426,journals/sigmod/Jannink95,True,1,22yR9rN5xuQJ,22yR9rN5xuQJ,True,0.9999952579263444,0.9984202006433608,0.0015750572829836,0.7000000000000002,True,correct,0.7000000000000002,True,correct,0.6500000000000001,0.6570104626734988,True,correct
DBLP,0.6,50,inner,bootstrap_OOB,427,journals/sigmod/BernsteinBCDFGGHHJLMNPSU98,True,6,CuNhtOboaGoJ,Syu5W-3uFFAJ,True,0.999994246710094,0.99999204816401,2.1985460840756588e-06,0.7000000000000002,True,correct,0.7000000000000002,True,correct,0.6500000000000001,0.6570104626734988,True,correct
DBLP,0.6,50,inner,bootstrap_OOB,428,conf/sigmod/SagonasSW94a,True,6,0hHYO7tQJUgJ,nDGblldnEGAJ,True,0.9999939770364784,0.9999567182895752,3.725874690319042e-05,0.7000000000000002,True,correct,0.7000000000000002,True,correct,0.6500000000000001,0.6570104626734988,True,correct
DBLP,0.6,50,inner,bootstrap_OOB,429,journals/tods/Chen95a,True,1,qexCEm3QaUgJ,qexCEm3QaUgJ,True,0.9999949962144667,8.796162458226715e-05,0.9999070345898844,0.7000000000000002,True,correct,0.7000000000000002,True,correct,0.6500000000000001,0.6570104626734988,True,correct
DBLP,0.6,50,inner,bootstrap_OOB,430,journals/tods/YanG99,True,1,y6gLSJhyXfcJ,y6gLSJhyXfcJ,True,0.9999864411427424,1.8300120837166463e-05,0.9999681410219052,0.7000000000000002,True,correct,0.7000000000000002,True,correct,0.6500000000000001,0.6570104626734988,True,correct
DBLP,0.6,50,inner,bootstrap_OOB,431,conf/vldb/KornLKF98,True,2,ewsBMN0qVa4J,ewsBMN0qVa4J,True,0.9999948229026238,0.9999926294320582,2.193470565514666e-06,0.7000000000000002,True,correct,0.7000000000000002,True,correct,0.6500000000000001,0.6570104626734988,True,correct
DBLP,0.6,50,inner,bootstrap_OOB,432,conf/sigmod/WangCMSSZ94,True,4,_Xj-7At79joJ,ZM65itnp_E4J,True,0.9999949110533296,0.9999875257074816,7.385345847765734e-06,0.7000000000000002,True,correct,0.7000000000000002,True,correct,0.6500000000000001,0.6570104626734988,True,correct
DBLP,0.6,50,inner,bootstrap_OOB,433,conf/sigmod/McIverK94,True,1,LMV_K5t2am0J,LMV_K5t2am0J,True,0.9999951631755548,3.6127168447676154e-06,0.99999155045871,0.7000000000000002,True,correct,0.7000000000000002,True,correct,0.6500000000000001,0.6570104626734988,True,correct
DBLP,0.6,50,inner,bootstrap_OOB,434,conf/sigmod/AcharyaGPR99a,True,7,ahfoveFQC2sJ,IkNOhDqEY18J,True,0.999994530280182,0.9999942389026668,2.9137751522689825e-07,0.7000000000000002,True,correct,0.7000000000000002,True,correct,0.6500000000000001,0.6570104626734988,True,correct
DBLP,0.6,50,inner,bootstrap_OOB,435,conf/sigmod/ChoiC02,True,1,D8a4umAppIcJ,D8a4umAppIcJ,True,0.9999958091375986,0.000174786322039,0.9998210228155596,0.7000000000000002,True,correct,0.7000000000000002,True,correct,0.6500000000000001,0.6570104626734988,True,correct
DBLP,0.6,50,inner,bootstrap_OOB,436,conf/sigmod/ZhuSZ03,True,1,7VSlB0yIt3YJ,7VSlB0yIt3YJ,True,0.9999956488999762,6.743985642635234e-06,0.9999889049143336,0.7000000000000002,True,correct,0.7000000000000002,True,correct,0.6500000000000001,0.6570104626734988,True,correct
DBLP,0.6,50,inner,bootstrap_OOB,437,conf/sigmod/2003,False,0,,GbKwENZEG40J,False,0.0546890868859977,3.747946276178653e-05,0.0546516074232359,0.7000000000000002,False,unmatched_abstention,0.7000000000000002,False,unmatched_abstention,0.6500000000000001,0.6570104626734988,False,unmatched_abstention
DBLP,0.6,50,inner,bootstrap_OOB,438,conf/vldb/SchindlerAG03,True,1,CsWyDorgQF4J,CsWyDorgQF4J,True,0.9999957201547758,3.558467907216263e-06,0.9999921616868686,0.7000000000000002,True,correct,0.7000000000000002,True,correct,0.6500000000000001,0.6570104626734988,True,correct
DBLP,0.6,50,inner,bootstrap_OOB,439,conf/sigmod/GraySSU03,True,1,NnKrsx4j4pkJ,NnKrsx4j4pkJ,True,0.9986595551255946,1.949905222139938e-05,0.9986400560733733,0.7000000000000002,True,correct,0.7000000000000002,True,correct,0.6500000000000001,0.6570104626734988,True,correct
DBLP,0.6,50,inner,bootstrap_OOB,440,conf/vldb/QianZXP03,True,1,Chp-3UwMgTQJ,Chp-3UwMgTQJ,True,0.9999954726807933,0.0002639918276735,0.9997314808531196,0.7000000000000002,True,correct,0.7000000000000002,True,correct,0.6500000000000001,0.6570104626734988,True,correct
DBLP,0.6,50,inner,bootstrap_OOB,441,journals/vldb/GibsonKR00,True,1,9FBwT6XFOssJ,9FBwT6XFOssJ,True,0.999995500452218,7.362783845907529e-06,0.999988137668372,0.7000000000000002,True,correct,0.7000000000000002,True,correct,0.6500000000000001,0.6570104626734988,True,correct
DBLP,0.6,50,inner,bootstrap_OOB,442,journals/sigmod/Liu01b,False,0,,url:http://doi.wiley.com/10.1002/he.21,False,3.8048713916873486e-05,2.7957996019293545e-05,1.009071789757994e-05,0.7000000000000002,False,unmatched_abstention,0.7000000000000002,False,unmatched_abstention,0.6500000000000001,0.6570104626734988,False,unmatched_abstention
DBLP,0.6,50,inner,bootstrap_OOB,443,journals/vldb/SteinbrunnMK97,True,2,0WXQjwXCy0QJ,nwwVf5FGX4QJ,True,0.9999954746750702,0.999994083512452,1.3911626182139258e-06,0.7000000000000002,True,correct,0.7000000000000002,True,correct,0.6500000000000001,0.6570104626734988,True,correct
DBLP,0.6,50,inner,bootstrap_OOB,444,conf/vldb/DattaDTVRF01,True,3,8_5A88ESaQ0J,mPBmOUreSecJ,True,0.9999839919868084,0.9999754954845096,8.496502298727115e-06,0.7000000000000002,True,correct,0.7000000000000002,True,correct,0.6500000000000001,0.6570104626734988,True,correct
DBLP,0.6,50,inner,bootstrap_OOB,445,conf/sigmod/Ross00,True,1,9sm_ptv5pmYJ,9sm_ptv5pmYJ,True,0.9999797764849344,4.728868658318601e-06,0.9999750476162762,0.7000000000000002,True,correct,0.7000000000000002,True,correct,0.6500000000000001,0.6570104626734988,True,correct
DBLP,0.6,50,inner,bootstrap_OOB,446,conf/vldb/HuebschHLLSS03,True,3,7y9SomIIAG0J,7y9SomIIAG0J,True,0.9999954629385264,0.9999936788338772,1.7841046492383938e-06,0.7000000000000002,True,correct,0.7000000000000002,True,correct,0.6500000000000001,0.6570104626734988,True,correct
DBLP,0.6,50,inner,bootstrap_OOB,447,conf/vldb/CareyD96,True,7,5HV8kccLoZ4J,5xe-dQqXfI8J,True,0.9999933728671097,0.9999905109625,2.861904609630095e-06,0.7000000000000002,True,correct,0.7000000000000002,True,correct,0.6500000000000001,0.6570104626734988,True,correct
DBLP,0.6,50,inner,bootstrap_OOB,448,journals/sigmod/Neven02,True,1,xAXF0HSF4h8J,xAXF0HSF4h8J,True,0.9999942554876516,4.672635013222363e-06,0.9999895828526384,0.7000000000000002,True,correct,0.7000000000000002,True,correct,0.6500000000000001,0.6570104626734988,True,correct
DBLP,0.6,50,inner,bootstrap_OOB,449,conf/sigmod/UrhanFA98,True,1,ufjnZovcIb4J,ufjnZovcIb4J,True,0.9999942571528324,3.794393309880677e-06,0.9999904627595224,0.7000000000000002,True,correct,0.7000000000000002,True,correct,0.6500000000000001,0.6570104626734988,True,correct
DBLP,0.6,50,inner,bootstrap_OOB,450,conf/vldb/Hammond96,True,1,LDxiVdRU6EEJ,LDxiVdRU6EEJ,True,0.9999954099782632,5.001619533358609e-06,0.99999040835873,0.7000000000000002,True,correct,0.7000000000000002,True,correct,0.6500000000000001,0.6570104626734988,True,correct
DBLP,0.6,50,inner,bootstrap_OOB,451,conf/vldb/Kotidis01,True,1,lRL4LmMtwnYJ,lRL4LmMtwnYJ,True,0.9999956616865524,6.288667015725527e-06,0.9999893730195366,0.7000000000000002,True,correct,0.7000000000000002,True,correct,0.6500000000000001,0.6570104626734988,True,correct
DBLP,0.6,50,inner,bootstrap_OOB,452,conf/vldb/FlorescuLS98,False,0,,4BpkEHas0LcJ,False,0.000106849244213,1.947623045695473e-05,8.737301375607158e-05,0.7000000000000002,False,unmatched_abstention,0.7000000000000002,False,unmatched_abstention,0.6500000000000001,0.6570104626734988,False,unmatched_abstention
DBLP,0.6,50,inner,bootstrap_OOB,453,journals/sigmod/RossGN03,False,0,,uPBlQ76s_g4J,False,0.9976055835802532,0.2715757488053932,0.7260298347748602,0.7000000000000002,True,false_link,0.7000000000000002,True,false_link,0.6500000000000001,0.6570104626734988,True,false_link
DBLP,0.6,50,inner,bootstrap_OOB,454,journals/sigmod/ChongFTSYKDJJ03,True,1,url:http://portal.acm.org/ft_gateway.cfm%3Fid%3D777000%26type%3Dpdf%26coll%3DGUIDE%26dl%3DACM%26CFID%3D11111111%26CFTOKEN%3D2222222,url:http://portal.acm.org/ft_gateway.cfm%3Fid%3D777000%26type%3Dpdf%26coll%3DGUIDE%26dl%3DACM%26CFID%3D11111111%26CFTOKEN%3D2222222,True,0.9999819043482134,5.541076022597211e-06,0.9999763632721907,0.7000000000000002,True,correct,0.7000000000000002,True,correct,0.6500000000000001,0.6570104626734988,True,correct
DBLP,0.6,50,inner,bootstrap_OOB,455,journals/vldb/AbbadiSW01,False,0,,url:http://www.springerlink.com/index/CWANCL0VWN1MKL0M.pdf,False,0.9992630905880332,0.9985866579605556,0.0006764326274776,0.7000000000000002,True,false_link,0.7000000000000002,True,false_link,0.6500000000000001,0.6570104626734988,True,false_link
DBLP,0.6,50,inner,bootstrap_OOB,456,journals/vldb/BernsteinPS00,True,1,08d5th2jiqcJ,08d5th2jiqcJ,True,0.9999956205999422,0.9999900442581842,5.576341758017911e-06,0.7000000000000002,True,correct,0.7000000000000002,True,correct,0.6500000000000001,0.6570104626734988,True,correct
DBLP,0.6,50,inner,bootstrap_OOB,457,conf/sigmod/Weininger00,True,1,url:http://portal.acm.org/citation.cfm%3Fid%3D335465,url:http://portal.acm.org/citation.cfm%3Fid%3D335465,True,0.9999956679913798,3.612041620682862e-06,0.9999920559497592,0.7000000000000002,True,correct,0.7000000000000002,True,correct,0.6500000000000001,0.6570104626734988,True,correct
DBLP,0.6,50,inner,bootstrap_OOB,458,conf/vldb/OzdenGHNSDGGW01,True,2,url:http://portal.acm.org/citation.cfm%3Fid%3D645927.672352,url:http://portal.acm.org/citation.cfm%3Fid%3D645927.672352,True,0.999994771349722,0.9999936784058536,1.0929438682971693e-06,0.7000000000000002,True,correct,0.7000000000000002,True,correct,0.6500000000000001,0.6570104626734988,True,correct
DBLP,0.6,50,inner,bootstrap_OOB,459,conf/vldb/MohanBWSZ00,True,1,zCY0pFken7wJ,zCY0pFken7wJ,True,0.9999953836828082,1.988850278355536e-05,0.9999754951800246,0.7000000000000002,True,correct,0.7000000000000002,True,correct,0.6500000000000001,0.6570104626734988,True,correct
DBLP,0.6,50,inner,bootstrap_OOB,460,journals/sigmod/GeppertD94,True,1,P9xX0UDXnRcJ,P9xX0UDXnRcJ,True,0.9999865468752944,1.1129937246996764e-05,0.9999754169380476,0.7000000000000002,True,correct,0.7000000000000002,True,correct,0.6500000000000001,0.6570104626734988,True,correct
DBLP,0.6,50,inner,bootstrap_OOB,461,journals/sigmod/Ozsu03,False,0,,qU_IX5KFwIoJ,False,0.0004497274525443,0.0002546288761819,0.0001950985763624,0.7000000000000002,False,unmatched_abstention,0.7000000000000002,False,unmatched_abstention,0.6500000000000001,0.6570104626734988,False,unmatched_abstention
DBLP,0.6,50,inner,bootstrap_OOB,462,conf/vldb/Bowker00,True,1,fAHjV8C1hLcJ,fAHjV8C1hLcJ,True,0.9999953161845172,5.209944912703665e-06,0.9999901062396044,0.7000000000000002,True,correct,0.7000000000000002,True,correct,0.6500000000000001,0.6570104626734988,True,correct
DBLP,0.6,50,inner,bootstrap_OOB,463,conf/sigmod/KrollW94,True,4,AMvcOVWQiNEJ,zd_8s13rNRoJ,True,0.99999544732638,0.999994513944458,9.333819218637628e-07,0.7000000000000002,True,correct,0.7000000000000002,True,correct,0.6500000000000001,0.6570104626734988,True,correct
DBLP,0.6,50,inner,bootstrap_OOB,464,conf/vldb/WangZ00,True,2,eDa9jQWsTMoJ,eDa9jQWsTMoJ,True,0.999995803022185,0.9999953737357934,4.2928639165662485e-07,0.7000000000000002,True,correct,0.7000000000000002,True,correct,0.6500000000000001,0.6570104626734988,True,correct
DBLP,0.6,50,inner,bootstrap_OOB,465,journals/sigmod/Widom96a,False,0,,ntqMqfgRXM4J,False,4.482643689228775e-05,3.087978596015401e-05,1.3946650932133734e-05,0.7000000000000002,False,unmatched_abstention,0.7000000000000002,False,unmatched_abstention,0.6500000000000001,0.6570104626734988,False,unmatched_abstention
DBLP,0.6,50,inner,bootstrap_OOB,466,conf/sigmod/Bosworth03,False,0,,vtgbh3Fwu58J,False,0.0026420737478367,2.295432832220289e-05,0.0026191194195145,0.7000000000000002,False,unmatched_abstention,0.7000000000000002,False,unmatched_abstention,0.6500000000000001,0.6570104626734988,False,unmatched_abstention
DBLP,0.6,50,inner,bootstrap_OOB,467,conf/sigmod/YangM97,True,5,57m7NniyTrkJ,xrTlYcyFKtwJ,True,0.999994511097576,0.999991983626616,2.5274709600786598e-06,0.7000000000000002,True,correct,0.7000000000000002,True,correct,0.6500000000000001,0.6570104626734988,True,correct
DBLP,0.6,50,inner,bootstrap_OOB,468,conf/vldb/LiRS99,True,2,Bf44yXvb6EAJ,Bf44yXvb6EAJ,True,0.9999913390314492,0.9975167206730492,0.0024746183584,0.7000000000000002,True,correct,0.7000000000000002,True,correct,0.6500000000000001,0.6570104626734988,True,correct
DBLP,0.6,50,inner,bootstrap_OOB,469,journals/sigmod/Goethals02,False,0,,BrO3XOrt66MJ,False,7.06303868007526e-06,5.138891511169912e-06,1.924147168905349e-06,0.7000000000000002,False,unmatched_abstention,0.7000000000000002,False,unmatched_abstention,0.6500000000000001,0.6570104626734988,False,unmatched_abstention
DBLP,0.6,50,inner,bootstrap_OOB,470,conf/vldb/Campbell99,True,1,m1eeQnYWL0oJ,m1eeQnYWL0oJ,True,0.9999956247994894,7.407923382187855e-06,0.9999882168761072,0.7000000000000002,True,correct,0.7000000000000002,True,correct,0.6500000000000001,0.6570104626734988,True,correct
DBLP,0.6,50,inner,bootstrap_OOB,471,conf/vldb/GrovlenHT98,True,2,SDXBxc0lIeYJ,xjVz8hIW-8sJ,True,0.9999925217692855,0.9999884221092727,4.099660012690798e-06,0.7000000000000002,True,correct,0.7000000000000002,True,correct,0.6500000000000001,0.6570104626734988,True,correct
DBLP,0.6,50,inner,bootstrap_OOB,472,journals/sigmod/Franklin97a,False,0,,diQK7Y_z3XwJ,False,1.6286993751620563e-05,1.5428878468024085e-05,8.581152835964789e-07,0.7000000000000002,False,unmatched_abstention,0.7000000000000002,False,unmatched_abstention,0.6500000000000001,0.6570104626734988,False,unmatched_abstention
DBLP,0.6,50,inner,bootstrap_OOB,473,conf/sigmod/NgLHP98,True,12,_2mjU5KqoVgJ,qOiru8Q7FbIJ,True,0.9999941736496388,0.999994058248562,1.1540107680563241e-07,0.7000000000000002,True,correct,0.7000000000000002,True,correct,0.6500000000000001,0.6570104626734988,True,correct
DBLP,0.6,50,inner,bootstrap_OOB,474,conf/sigmod/OConnellISWABCCLPWW96,True,6,5awQcPWFBrcJ,O-TrhFwhKM8J,True,0.9999937240583624,0.9999916898830402,2.0341753221853054e-06,0.7000000000000002,True,correct,0.7000000000000002,True,correct,0.6500000000000001,0.6570104626734988,True,correct
DBLP,0.6,50,inner,bootstrap_OOB,475,journals/sigmod/BernsteinHP00,True,3,FFzJxlpy6TsJ,url:http://portal.acm.org/ft_gateway.cfm%3Fid%3D369289%26type%3Dpdf%26dl%3DGUIDE%26dl%3DACM%26CFID%3D11111111%26CFTOKEN%3D2222222,True,0.999994781273209,0.9999947391986762,4.2074532746738675e-08,0.7000000000000002,True,correct,0.7000000000000002,True,correct,0.6500000000000001,0.6570104626734988,True,correct
DBLP,0.6,50,inner,bootstrap_OOB,476,journals/sigmod/CuiJO02,True,2,LIUl6zpveGQJ,Llr0ikQ8yIIJ,True,0.99997187805999,0.0302900088183474,0.9696818692416428,0.7000000000000002,True,correct,0.7000000000000002,True,correct,0.6500000000000001,0.6570104626734988,True,correct
DBLP,0.6,50,inner,bootstrap_OOB,477,conf/vldb/SakuraiYUK00,True,1,K2xCMgImpVkJ,K2xCMgImpVkJ,True,0.9999950766743018,8.087403580278349e-05,0.999914202638499,0.7000000000000002,True,correct,0.7000000000000002,True,correct,0.6500000000000001,0.6570104626734988,True,correct
DBLP,0.6,50,inner,bootstrap_OOB,478,journals/sigmod/Hainaut03,True,1,url:http://portal.acm.org/ft_gateway.cfm%3Fid%3D959087%26type%3Dpdf%26coll%3DGUIDE%26dl%3DACM%26CFID%3D11111111%26CFTOKEN%3D2222222,url:http://portal.acm.org/ft_gateway.cfm%3Fid%3D959087%26type%3Dpdf%26coll%3DGUIDE%26dl%3DACM%26CFID%3D11111111%26CFTOKEN%3D2222222,True,0.9999955924437164,1.612527269128073e-05,0.9999794671710251,0.7000000000000002,True,correct,0.7000000000000002,True,correct,0.6500000000000001,0.6570104626734988,True,correct
DBLP,0.6,50,inner,bootstrap_OOB,479,conf/sigmod/ColbyGLMT96,True,4,1kGIXDE6G90J,tGBhWHHU7hsJ,True,0.9999920661315088,0.9999913182417228,7.478897857682298e-07,0.7000000000000002,True,correct,0.7000000000000002,True,correct,0.6500000000000001,0.6570104626734988,True,correct
DBLP,0.6,50,inner,bootstrap_OOB,480,journals/vldb/ChakrabartiGRS01,True,4,2TVYDBNYioIJ,PTmCbogNUpAJ,True,0.9999941558809878,0.999990163040932,3.992840055921931e-06,0.7000000000000002,True,correct,0.7000000000000002,True,correct,0.6500000000000001,0.6570104626734988,True,correct
DBLP,0.6,50,inner,bootstrap_OOB,481,journals/sigmod/Lomet98,True,2,xLM0YVcccUgJ,xLM0YVcccUgJ,True,0.9999949899640734,0.9999926549805191,2.334983554286296e-06,0.7000000000000002,True,correct,0.7000000000000002,True,correct,0.6500000000000001,0.6570104626734988,True,correct
DBLP,0.6,50,inner,bootstrap_OOB,482,conf/sigmod/DavulcuFKR99,True,1,TDyW6V4cc7MJ,TDyW6V4cc7MJ,True,0.9999954170859736,4.817429988931444e-06,0.9999905996559848,0.7000000000000002,True,correct,0.7000000000000002,True,correct,0.6500000000000001,0.6570104626734988,True,correct
DBLP,0.6,50,inner,bootstrap_OOB,483,journals/sigmod/RossCGLLM01,False,0,,uPBlQ76s_g4J,False,0.999982039961092,0.9999623356906592,1.970427043296308e-05,0.7000000000000002,True,false_link,0.7000000000000002,True,false_link,0.6500000000000001,0.6570104626734988,True,false_link
DBLP,0.6,50,inner,bootstrap_OOB,484,conf/vldb/AcharyaFZ96,True,6,4AK08s31YqUJ,qTCsXcCsI7UJ,True,0.9999955792422652,0.9999955482353744,3.1006890832685485e-08,0.7000000000000002,True,correct,0.7000000000000002,True,correct,0.6500000000000001,0.6570104626734988,True,correct
DBLP,0.6,50,inner,bootstrap_OOB,485,journals/vldb/OzsuPSILM95,True,5,2Y6WYH71fO0J,gld2wLKYWpsJ,True,0.9999940914290366,0.999993246025244,8.454037926375335e-07,0.7000000000000002,True,correct,0.7000000000000002,True,correct,0.6500000000000001,0.6570104626734988,True,correct
DBLP,0.6,50,inner,bootstrap_OOB,486,conf/vldb/RastogiS98,True,5,AyWUeJ5k2IoJ,yztQfwBZU6EJ,True,0.9999957595957124,0.999995639058664,1.2053704845360613e-07,0.7000000000000002,True,correct,0.7000000000000002,True,correct,0.6500000000000001,0.6570104626734988,True,correct
DBLP,0.6,50,inner,bootstrap_OOB,487,conf/sigmod/AnnamalaiCD00,True,1,0Igfv6jL3jwJ,0Igfv6jL3jwJ,True,0.9999952635398058,4.0779420566724455e-06,0.9999911855977492,0.7000000000000002,True,correct,0.7000000000000002,True,correct,0.6500000000000001,0.6570104626734988,True,correct
DBLP,0.6,50,inner,bootstrap_OOB,488,conf/sigmod/WangSSZZW00,True,2,CaplZan57x4J,CaplZan57x4J,True,0.9999937764362176,0.9999879280689796,5.848367238159291e-06,0.7000000000000002,True,correct,0.7000000000000002,True,correct,0.6500000000000001,0.6570104626734988,True,correct
DBLP,0.6,50,inner,bootstrap_OOB,489,conf/vldb/ChawatheCY94,True,1,VPwP1w9wvhEJ,VPwP1w9wvhEJ,True,0.999995272475065,4.077525953539262e-06,0.9999911949491116,0.7000000000000002,True,correct,0.7000000000000002,True,correct,0.6500000000000001,0.6570104626734988,True,correct
DBLP,0.6,50,inner,bootstrap_OOB,490,journals/tods/BaekgaardM95,True,1,6UycFCZooDoJ,6UycFCZooDoJ,True,0.9999922316036276,1.3452893772470884e-05,0.999978778709855,0.7000000000000002,True,correct,0.7000000000000002,True,correct,0.6500000000000001,0.6570104626734988,True,correct
DBLP,0.6,50,inner,bootstrap_OOB,491,conf/sigmod/Bussler01,True,1,UYIeOe280OwJ,UYIeOe280OwJ,True,0.4600439072518594,0.0150295575309246,0.4450143497209347,0.7000000000000002,False,missing_match,0.7000000000000002,False,missing_match,0.6500000000000001,0.6570104626734988,False,missing_match
DBLP,0.6,50,inner,bootstrap_OOB,492,conf/sigmod/ChristophidesCM96,True,4,GpGg0czXSQcJ,q3Y-Mlx2sUsJ,True,0.9999949497984116,0.9999931368917752,1.8129066365890625e-06,0.7000000000000002,True,correct,0.7000000000000002,True,correct,0.6500000000000001,0.6570104626734988,True,correct
DBLP,0.6,50,inner,bootstrap_OOB,493,conf/vldb/BergerBSW03,True,3,4bBWSfhvZ5AJ,kADCX48-o5IJ,True,0.9999951860649572,0.999994564433784,6.216311733142632e-07,0.7000000000000002,True,correct,0.7000000000000002,True,correct,0.6500000000000001,0.6570104626734988,True,correct
DBLP,0.6,50,inner,bootstrap_OOB,494,conf/vldb/LiM01,True,3,9vDm1Q41J8oJ,vkMYwC5tzUgJ,True,0.9999947247950698,0.9999927880957488,1.9366993211367145e-06,0.7000000000000002,True,correct,0.7000000000000002,True,correct,0.6500000000000001,0.6570104626734988,True,correct
DBLP,0.6,50,inner,bootstrap_OOB,495,conf/vldb/Sarawagi99,True,2,gz92a8BdTLUJ,W_CVz6V80csJ,True,0.99998305268146,0.9936052168057627,0.0063778358756972,0.7000000000000002,True,correct,0.7000000000000002,True,correct,0.6500000000000001,0.6570104626734988,True,correct
DBLP,0.6,50,inner,bootstrap_OOB,496,conf/sigmod/ChenCPPSTM00,True,2,Ab6MIDVDzhAJ,Ab6MIDVDzhAJ,True,0.9999866765450448,0.9997833807827928,0.0002032957622519,0.7000000000000002,True,correct,0.7000000000000002,True,correct,0.6500000000000001,0.6570104626734988,True,correct
DBLP,0.6,50,inner,bootstrap_OOB,497,conf/sigmod/KalnisP01,True,1,-UHxodSX8oMJ,-UHxodSX8oMJ,True,0.9999950724937766,6.110580480851186e-06,0.9999889619132958,0.7000000000000002,True,correct,0.7000000000000002,True,correct,0.6500000000000001,0.6570104626734988,True,correct
DBLP,0.6,50,inner,bootstrap_OOB,498,conf/sigmod/ReveszCKLLW00,True,2,bx_A3QEqKhEJ,qxShx7aNiuEJ,True,0.999983752813238,0.9999172390352,6.651377803790215e-05,0.7000000000000002,True,correct,0.7000000000000002,True,correct,0.6500000000000001,0.6570104626734988,True,correct
DBLP,0.6,50,inner,bootstrap_OOB,499,journals/sigmod/RossHKRRSS01,True,1,tOa0zXK5Ba4J,uPBlQ76s_g4J,False,0.999982039961092,0.9999623356906592,1.970427043296308e-05,0.7000000000000002,True,false_link,0.7000000000000002,True,false_link,0.6500000000000001,0.6570104626734988,True,false_link
DBLP,0.6,50,inner,bootstrap_OOB,500,journals/sigmod/NobleS95,True,3,egn46hGLw7gJ,rRvcD6HKhasJ,True,0.9999956648049704,0.9999956344523312,3.0352639401876054e-08,0.7000000000000002,True,correct,0.7000000000000002,True,correct,0.6500000000000001,0.6570104626734988,True,correct
DBLP,0.6,50,inner,bootstrap_OOB,501,journals/sigmod/Chaudhri98,True,1,url:http://portal.acm.org/ft_gateway.cfm%3Fid%3D273247%26type%3Dpdf%26dl%3DGUIDE%26dl%3DACM%26CFID%3D11111111%26CFTOKEN%3D2222222,url:http://portal.acm.org/ft_gateway.cfm%3Fid%3D273247%26type%3Dpdf%26dl%3DGUIDE%26dl%3DACM%26CFID%3D11111111%26CFTOKEN%3D2222222,True,0.9999957083878156,6.270437699091409e-06,0.9999894379501164,0.7000000000000002,True,correct,0.7000000000000002,True,correct,0.6500000000000001,0.6570104626734988,True,correct
DBLP,0.6,50,inner,bootstrap_OOB,502,journals/tods/KorthS94,True,1,w40iTKlpWEQJ,w40iTKlpWEQJ,True,0.9999954216771596,2.7143103154102435e-05,0.9999682785740056,0.7000000000000002,True,correct,0.7000000000000002,True,correct,0.6500000000000001,0.6570104626734988,True,correct
DBLP,0.6,50,inner,bootstrap_OOB,503,conf/vldb/RamamurthyDS02,True,3,DAlyofX710AJ,DAlyofX710AJ,True,0.9999831750521778,0.999977981491761,5.193560416838494e-06,0.7000000000000002,True,correct,0.7000000000000002,True,correct,0.6500000000000001,0.6570104626734988,True,correct
DBLP,0.6,50,inner,bootstrap_OOB,504,conf/sigmod/LamCKNH01,True,1,8hdQohffF48J,8hdQohffF48J,True,0.9999944353745608,3.81961519280935e-06,0.999990615759368,0.7000000000000002,True,correct,0.7000000000000002,True,correct,0.6500000000000001,0.6570104626734988,True,correct
DBLP,0.6,50,inner,bootstrap_OOB,505,conf/sigmod/2000,False,0,,5wcgt7bNx7YJ,False,3.751125074883987e-05,2.015852858482913e-05,1.735272216401074e-05,0.7000000000000002,False,unmatched_abstention,0.7000000000000002,False,unmatched_abstention,0.6500000000000001,0.6570104626734988,False,unmatched_abstention
DBLP,0.6,50,inner,bootstrap_OOB,506,journals/sigmod/HummerLW02,True,2,url:http://portal.acm.org/ft_gateway.cfm%3Fid%3D507345%26type%3Dpdf%26dl%3DGUIDE%26dl%3DACM%26CFID%3D11111111%26CFTOKEN%3D2222222,url:http://portal.acm.org/ft_gateway.cfm%3Fid%3D507345%26type%3Dpdf%26dl%3DGUIDE%26dl%3DACM%26CFID%3D11111111%26CFTOKEN%3D2222222,True,0.9999951468327708,0.9999720745128008,2.3072319970118823e-05,0.7000000000000002,True,correct,0.7000000000000002,True,correct,0.6500000000000001,0.6570104626734988,True,correct
DBLP,0.6,50,inner,bootstrap_OOB,507,conf/vldb/BridgeJKLLM97,True,3,8qlmryXP3BsJ,JO9Jnx_gGIUJ,True,0.9999933597779456,0.9999915339142634,1.825863682247686e-06,0.7000000000000002,True,correct,0.7000000000000002,True,correct,0.6500000000000001,0.6570104626734988,True,correct
DBLP,0.6,50,inner,bootstrap_OOB,508,conf/vldb/GoyalHSS95,True,3,2sGH4SLcdL4J,2sGH4SLcdL4J,True,0.999995284794236,0.9999937698921716,1.5149020643479003e-06,0.7000000000000002,True,correct,0.7000000000000002,True,correct,0.6500000000000001,0.6570104626734988,True,correct
DBLP,0.6,50,inner,bootstrap_OOB,509,conf/vldb/AksoyZF01,True,2,A92KQRVdZaoJ,A92KQRVdZaoJ,True,0.9999953710525628,0.999979564642182,1.5806410380792002e-05,0.7000000000000002,True,correct,0.7000000000000002,True,correct,0.6500000000000001,0.6570104626734988,True,correct
DBLP,0.6,50,inner,bootstrap_OOB,510,journals/sigmod/PapazoglouH99,True,2,d5BG9F7_LGMJ,WbsAK4ZE17YJ,True,0.9999955589762848,0.9999844625648416,1.1096411443034526e-05,0.7000000000000002,True,correct,0.7000000000000002,True,correct,0.6500000000000001,0.6570104626734988,True,correct
DBLP,0.6,50,inner,bootstrap_OOB,511,conf/vldb/ColletCS94,True,4,Iap8Eg0Sm8oJ,uMutI8spj1QJ,True,0.9999956827521244,0.9999911322913304,4.5504607941726505e-06,0.7000000000000002,True,correct,0.7000000000000002,True,correct,0.6500000000000001,0.6570104626734988,True,correct
DBLP,0.6,50,inner,bootstrap_OOB,512,conf/sigmod/AgrawalCFGHIIMMSS94,True,1,bXnzC8MN_joJ,bXnzC8MN_joJ,True,0.9999898561365476,5.7417792959590765e-06,0.9999841143572517,0.7000000000000002,True,correct,0.7000000000000002,True,correct,0.6500000000000001,0.6570104626734988,True,correct
DBLP,0.6,50,inner,bootstrap_OOB,513,conf/sigmod/DoanDH01,True,1,Lv0bggWzgeoJ,Lv0bggWzgeoJ,True,0.9999944125883508,6.543193381195492e-05,0.9999289806545388,0.7000000000000002,True,correct,0.7000000000000002,True,correct,0.6500000000000001,0.6570104626734988,True,correct
DBLP,0.6,50,inner,bootstrap_OOB,514,journals/sigmod/BonnetBDL03,True,1,aovCRhocZUcJ,aovCRhocZUcJ,True,0.999994703143468,2.7144759843231903e-05,0.9999675583836248,0.7000000000000002,True,correct,0.7000000000000002,True,correct,0.6500000000000001,0.6570104626734988,True,correct
DBLP,0.6,50,inner,bootstrap_OOB,515,conf/sigmod/KaushikBNK02,True,2,8M2rLLD3DlQJ,8M2rLLD3DlQJ,True,0.9999929116095638,0.9999680042795498,2.490733001403456e-05,0.7000000000000002,True,correct,0.7000000000000002,True,correct,0.6500000000000001,0.6570104626734988,True,correct
DBLP,0.6,50,inner,bootstrap_OOB,516,journals/vldb/KraissW98,True,3,K0aOFYBWg3AJ,LMz7v87sxxYJ,True,0.9999958564729524,0.9999957474221656,1.0905078673406621e-07,0.7000000000000002,True,correct,0.7000000000000002,True,correct,0.6500000000000001,0.6570104626734988,True,correct
DBLP,0.6,50,inner,bootstrap_OOB,517,journals/vldb/RamanRH00,True,1,CgiCp6N9XZQJ,CgiCp6N9XZQJ,True,0.9999835600768456,0.9812482756234068,0.0187352844534388,0.7000000000000002,True,correct,0.7000000000000002,True,correct,0.6500000000000001,0.6570104626734988,True,correct
DBLP,0.6,50,inner,bootstrap_OOB,518,conf/sigmod/NgLK98,True,1,kJVhJ4ruw6sJ,kJVhJ4ruw6sJ,True,0.9723244182509584,6.947611263739838e-06,0.9723174706396944,0.7000000000000002,True,correct,0.7000000000000002,True,correct,0.6500000000000001,0.6570104626734988,True,correct
DBLP,0.6,50,inner,bootstrap_OOB,519,journals/sigmod/FrankGGJKLMNPSSSTW99,True,5,5PisY7JvbzQJ,ixz5LdVw9_8J,True,0.999993656574479,0.999993372424689,2.841497900307744e-07,0.7000000000000002,True,correct,0.7000000000000002,True,correct,0.6500000000000001,0.6570104626734988,True,correct
DBLP,0.6,50,inner,bootstrap_OOB,520,journals/tods/FernandezKSMT02,True,1,ckrgSn0vBOMJ,ckrgSn0vBOMJ,True,0.9999954620211396,7.69863484614207e-06,0.9999877633862934,0.7000000000000002,True,correct,0.7000000000000002,True,correct,0.6500000000000001,0.6570104626734988,True,correct
DBLP,0.6,50,inner,bootstrap_OOB,521,journals/sigmod/RossIJP00,False,0,,uPBlQ76s_g4J,False,0.9999902436774344,0.999989270501119,9.731763154219308e-07,0.7000000000000002,True,false_link,0.7000000000000002,True,false_link,0.6500000000000001,0.6570104626734988,True,false_link
DBLP,0.6,50,inner,bootstrap_OOB,522,conf/vldb/Sarawagi00,True,1,z5DmAoBjsjAJ,z5DmAoBjsjAJ,True,0.9999950929912852,0.0001164282615599,0.9998786647297252,0.7000000000000002,True,correct,0.7000000000000002,True,correct,0.6500000000000001,0.6570104626734988,True,correct
DBLP,0.6,50,inner,bootstrap_OOB,523,conf/sigmod/ZhouWGGZWXYF03,True,1,AwFxLUGiceUJ,AwFxLUGiceUJ,True,0.9999938952383874,5.90467295487428e-06,0.9999879905654324,0.7000000000000002,True,correct,0.7000000000000002,True,correct,0.6500000000000001,0.6570104626734988,True,correct
DBLP,0.6,50,inner,bootstrap_OOB,524,journals/sigmod/Hanna95,True,2,29btu5OspbAJ,EKqpEdn3kDMJ,True,0.9999954833067924,0.999990291800964,5.191505828228138e-06,0.7000000000000002,True,correct,0.7000000000000002,True,correct,0.6500000000000001,0.6570104626734988,True,correct
DBLP,0.6,50,inner,bootstrap_OOB,525,conf/sigmod/YuMWL01,True,2,h95306-8rjEJ,h95306-8rjEJ,True,0.9999956201154412,0.1073863426283616,0.8926092774870794,0.7000000000000002,True,correct,0.7000000000000002,True,correct,0.6500000000000001,0.6570104626734988,True,correct
DBLP,0.6,50,inner,bootstrap_OOB,526,journals/vldb/FahlR97,True,2,iM6vRWljKpAJ,zXSCJ9LzZ8cJ,True,0.9999946116174772,0.9999903437766988,4.267840778227061e-06,0.7000000000000002,True,correct,0.7000000000000002,True,correct,0.6500000000000001,0.6570104626734988,True,correct
DBLP,0.6,50,inner,bootstrap_OOB,527,journals/sigmod/KramerNKRLKLZ97,True,1,1sBvG9OXpMAJ,1sBvG9OXpMAJ,True,0.9999936003627412,8.051571322412412e-06,0.9999855487914188,0.7000000000000002,True,correct,0.7000000000000002,True,correct,0.6500000000000001,0.6570104626734988,True,correct
DBLP,0.6,50,inner,bootstrap_OOB,528,journals/sigmod/Bertram94,True,1,qaSgL5tVq1AJ,qaSgL5tVq1AJ,True,0.9999946472135856,7.676874796643477e-06,0.9999869703387888,0.7000000000000002,True,correct,0.7000000000000002,True,correct,0.6500000000000001,0.6570104626734988,True,correct
DBLP,0.6,50,inner,bootstrap_OOB,529,conf/vldb/AgrawalCN00,True,10,_tle794_iKcJ,U8CMJBaJyX8J,True,0.9999948320432496,0.9999872779060036,7.554137245846526e-06,0.7000000000000002,True,correct,0.7000000000000002,True,correct,0.6500000000000001,0.6570104626734988,True,correct
DBLP,0.6,50,inner,bootstrap_OOB,530,journals/sigmod/ClementLGMK97,True,2,J7Y20fYLGbcJ,J7Y20fYLGbcJ,True,0.9999955464901256,0.9999914589987984,4.087491327187109e-06,0.7000000000000002,True,correct,0.7000000000000002,True,correct,0.6500000000000001,0.6570104626734988,True,correct
DBLP,0.6,50,inner,bootstrap_OOB,531,journals/sigmod/Winslett03b,False,0,,nPkMLSiC3JQJ,False,5.270191605348839e-06,4.2062338580583e-06,1.0639577472905395e-06,0.7000000000000002,False,unmatched_abstention,0.7000000000000002,False,unmatched_abstention,0.6500000000000001,0.6570104626734988,False,unmatched_abstention
DBLP,0.6,50,inner,bootstrap_OOB,532,conf/vldb/Raghavan96,True,1,zuVOWDbv0lsJ,zuVOWDbv0lsJ,True,0.9999944412407992,6.2934066698896464e-06,0.9999881478341294,0.7000000000000002,True,correct,0.7000000000000002,True,correct,0.6500000000000001,0.6570104626734988,True,correct
DBLP,0.6,50,inner,bootstrap_OOB,533,conf/vldb/PappasC00,True,2,BsQtFZrn3fsJ,url:http://portal.acm.org/citation.cfm%3Fid%3D645926.671850,True,0.9999958586378408,0.9999940983726852,1.760265155525964e-06,0.7000000000000002,True,correct,0.7000000000000002,True,correct,0.6500000000000001,0.6570104626734988,True,correct
DBLP,0.6,50,inner,bootstrap_OOB,534,conf/vldb/RusinkiewiczKTWM95,True,4,019zSr3Lx4EJ,T2fm7Wb1ak4J,True,0.9999953796660336,0.9999928801398624,2.499526171151345e-06,0.7000000000000002,True,correct,0.7000000000000002,True,correct,0.6500000000000001,0.6570104626734988,True,correct
DBLP,0.6,50,inner,bootstrap_OOB,535,journals/sigmod/dOnofrioP03,True,1,url:http://portal.acm.org/ft_gateway.cfm%3Fid%3D776990%26type%3Dpdf%26dl%3DGUIDE%26dl%3DACM%26CFID%3D11111111%26CFTOKEN%3D2222222,url:http://portal.acm.org/ft_gateway.cfm%3Fid%3D776990%26type%3Dpdf%26dl%3DGUIDE%26dl%3DACM%26CFID%3D11111111%26CFTOKEN%3D2222222,True,0.9998822396879188,4.283965501201091e-06,0.9998779557224176,0.7000000000000002,True,correct,0.7000000000000002,True,correct,0.6500000000000001,0.6570104626734988,True,correct
DBLP,0.6,50,inner,bootstrap_OOB,536,journals/sigmod/Suciu01,True,2,_vOvQUzSV-gJ,_vOvQUzSV-gJ,True,0.9999941081182956,0.999964566689138,2.9541429157675655e-05,0.7000000000000002,True,correct,0.7000000000000002,True,correct,0.6500000000000001,0.6570104626734988,True,correct
DBLP,0.6,50,inner,bootstrap_OOB,537,journals/sigmod/FengJH01,True,1,SUT-QTwqFNkJ,SUT-QTwqFNkJ,True,0.9999941835538438,4.351133220214028e-06,0.9999898324206236,0.7000000000000002,True,correct,0.7000000000000002,True,correct,0.6500000000000001,0.6570104626734988,True,correct
DBLP,0.6,50,inner,bootstrap_OOB,538,conf/vldb/DeutschT03,True,1,qkJ_IyVmLfUJ,qkJ_IyVmLfUJ,True,0.9999957879617136,3.5951574003621624e-06,0.9999921928043132,0.7000000000000002,True,correct,0.7000000000000002,True,correct,0.6500000000000001,0.6570104626734988,True,correct
DBLP,0.6,50,inner,bootstrap_OOB,539,conf/vldb/OuzzaniAB94,True,3,CgoUJ7DogcwJ,CgoUJ7DogcwJ,True,0.999995789455734,0.9999956560561464,1.333995874874816e-07,0.7000000000000002,True,correct,0.7000000000000002,True,correct,0.6500000000000001,0.6570104626734988,True,correct
DBLP,0.6,50,inner,bootstrap_OOB,540,conf/sigmod/ZhouR02,True,1,-hUVSdRv5UUJ,-hUVSdRv5UUJ,True,0.9999947545385204,6.018536593682351e-06,0.9999887360019268,0.7000000000000002,True,correct,0.7000000000000002,True,correct,0.6500000000000001,0.6570104626734988,True,correct
DBLP,0.6,50,inner,bootstrap_OOB,541,journals/sigmod/RossCGJBV99,False,0,,uPBlQ76s_g4J,False,0.9999941926880592,0.9999939223431108,2.7034494831656986e-07,0.7000000000000002,True,false_link,0.7000000000000002,True,false_link,0.6500000000000001,0.6570104626734988,True,false_link
DBLP,0.6,50,inner,bootstrap_OOB,542,journals/vldb/HuangDT99,False,0,,zODPED9-QZEJ,False,0.9999937009791234,4.657286554829095e-06,0.9999890436925686,0.7000000000000002,True,false_link,0.7000000000000002,True,false_link,0.6500000000000001,0.6570104626734988,True,false_link
DBLP,0.6,50,inner,bootstrap_OOB,543,conf/vldb/ConradGJM02,True,1,gIm89AXuE4oJ,gIm89AXuE4oJ,True,0.9991179292108866,3.470177090959047e-06,0.9991144590337956,0.7000000000000002,True,correct,0.7000000000000002,True,correct,0.6500000000000001,0.6570104626734988,True,correct
DBLP,0.6,50,inner,bootstrap_OOB,544,conf/sigmod/MaddenFHH03,True,1,qz24tfFNHuoJ,qz24tfFNHuoJ,True,0.9999955257582578,0.0032859504183951,0.9967095753398626,0.7000000000000002,True,correct,0.7000000000000002,True,correct,0.6500000000000001,0.6570104626734988,True,correct
DBLP,0.6,50,inner,bootstrap_OOB,545,journals/sigmod/Weikum02,True,1,url:http://portal.acm.org/citation.cfm%3Fid%3D601858.601867%26dl%3DGUIDE%26dl%3DACM%26idx%3DJ689%26part%3Dperiodical%26WantType%3Dperiodical%26title%3DACM%2520SIGMOD%2520Record%26CFID%3D11111111%26CFTOKEN%3D2222222,url:http://portal.acm.org/citation.cfm%3Fid%3D601858.601867%26dl%3DGUIDE%26dl%3DACM%26idx%3DJ689%26part%3Dperiodical%26WantType%3Dperiodical%26title%3DACM%2520SIGMOD%2520Record%26CFID%3D11111111%26CFTOKEN%3D2222222,True,0.9998882504124964,0.998378251699467,0.0015099987130293,0.7000000000000002,True,correct,0.7000000000000002,True,correct,0.6500000000000001,0.6570104626734988,True,correct
DBLP,0.6,50,inner,bootstrap_OOB,546,conf/vldb/AnciauxBP03,True,2,gYELZxhiJx8J,RLZc9c2-6_oJ,True,0.9999958183319008,0.9999957629831868,5.534871416745801e-08,0.7000000000000002,True,correct,0.7000000000000002,True,correct,0.6500000000000001,0.6570104626734988,True,correct
DBLP,0.6,50,inner,bootstrap_OOB,547,conf/vldb/KornackerB95,True,5,_1N4nkD4AMIJ,IN_sibgHb9MJ,True,0.9999948543752782,0.9999900054549375,4.848920340583263e-06,0.7000000000000002,True,correct,0.7000000000000002,True,correct,0.6500000000000001,0.6570104626734988,True,correct
