dataset,fraction,seed,role,scheme,record_index,ida,has_true_match,n_valid_matches,retained_idb,top1_idb,top1_is_any_valid,top1_score,top2_score,score_gap,threshold,declared,category,legacy_threshold,legacy_declared,legacy_category,direct_threshold,direct_threshold_sigmoid_equivalent,direct_declared,direct_category
DBLP,0.6,42,inner,bootstrap_OOB,0,journals/vldb/IshakbeyogluO98,True,1,O9A-15rmzOsJ,O9A-15rmzOsJ,True,0.9999945678073456,2.461350821611916e-06,0.999992106456524,0.6500000000000001,True,correct,0.6500000000000001,True,correct,0.5000000000000001,0.6224593312018547,True,correct
DBLP,0.6,42,inner,bootstrap_OOB,1,conf/sigmod/Bussler02,True,1,url:http://portal.acm.org/ft_gateway.cfm%3Fid%3D564801%26type%3Dpdf%26dl%3DGUIDE%26dl%3DACM%26CFID%3D11111111%26CFTOKEN%3D2222222,url:http://portal.acm.org/ft_gateway.cfm%3Fid%3D564801%26type%3Dpdf%26dl%3DGUIDE%26dl%3DACM%26CFID%3D11111111%26CFTOKEN%3D2222222,True,0.999995342646822,6.180180884024642e-06,0.999989162465938,0.6500000000000001,True,correct,0.6500000000000001,True,correct,0.5000000000000001,0.6224593312018547,True,correct
DBLP,0.6,42,inner,bootstrap_OOB,2,journals/vldb/Antoshenkov97,True,1,gleX-n_dgkcJ,gleX-n_dgkcJ,True,0.9999956987589904,0.9594207020220497,0.0405749967369407,0.6500000000000001,True,correct,0.6500000000000001,True,correct,0.5000000000000001,0.6224593312018547,True,correct
DBLP,0.6,42,inner,bootstrap_OOB,3,conf/sigmod/AdaliBSS98,True,3,69JsZwNpla0J,YQ90BYSVqbsJ,True,0.9999950170102728,0.9999923019451448,2.7150651281671045e-06,0.6500000000000001,True,correct,0.6500000000000001,True,correct,0.5000000000000001,0.6224593312018547,True,correct
DBLP,0.6,42,inner,bootstrap_OOB,4,journals/sigmod/NejdlSS03,True,1,lZGtV8TM9yoJ,lZGtV8TM9yoJ,True,0.999995899161511,9.635608409321977e-06,0.9999862635531016,0.6500000000000001,True,correct,0.6500000000000001,True,correct,0.5000000000000001,0.6224593312018547,True,correct
DBLP,0.6,42,inner,bootstrap_OOB,5,journals/sigmod/GriffinK98,True,2,NusQl_2spdYJ,Qvl2bcDAyqEJ,True,0.999995855030382,0.9999940239300692,1.8311003128212988e-06,0.6500000000000001,True,correct,0.6500000000000001,True,correct,0.5000000000000001,0.6224593312018547,True,correct
DBLP,0.6,42,inner,bootstrap_OOB,6,conf/vldb/ZhuS02,True,1,iuyRrJJDBcIJ,iuyRrJJDBcIJ,True,0.9999956889934476,2.85522667151577e-06,0.999992833766776,0.6500000000000001,True,correct,0.6500000000000001,True,correct,0.5000000000000001,0.6224593312018547,True,correct
DBLP,0.6,42,inner,bootstrap_OOB,7,conf/vldb/AksoyZF01,True,2,A92KQRVdZaoJ,A92KQRVdZaoJ,True,0.9999964798317564,0.999929609329566,6.687050219056356e-05,0.6500000000000001,True,correct,0.6500000000000001,True,correct,0.5000000000000001,0.6224593312018547,True,correct
DBLP,0.6,42,inner,bootstrap_OOB,8,conf/sigmod/ChanI98,True,4,39AOIRe9qSQJ,39AOIRe9qSQJ,True,0.9999940744947236,0.9999919685442528,2.105950470787654e-06,0.6500000000000001,True,correct,0.6500000000000001,True,correct,0.5000000000000001,0.6224593312018547,True,correct
DBLP,0.6,42,inner,bootstrap_OOB,9,conf/vldb/King02,False,0,,Enf903kCelYJ,False,2.664432165750726e-06,2.522833716594127e-06,1.415984491565993e-07,0.6500000000000001,False,unmatched_abstention,0.6500000000000001,False,unmatched_abstention,0.5000000000000001,0.6224593312018547,False,unmatched_abstention
DBLP,0.6,42,inner,bootstrap_OOB,10,journals/vldb/GutingS95,True,8,A4lUwOD7AeYJ,CBHicx5w3ocJ,True,0.9999935421010874,0.9999922211135768,1.320987510600169e-06,0.6500000000000001,True,correct,0.6500000000000001,True,correct,0.5000000000000001,0.6224593312018547,True,correct
DBLP,0.6,42,inner,bootstrap_OOB,11,conf/sigmod/Shyy95,True,1,OjZoGJLFGqIJ,OjZoGJLFGqIJ,True,0.9999952244107404,2.492521799417726e-06,0.9999927318889412,0.6500000000000001,True,correct,0.6500000000000001,True,correct,0.5000000000000001,0.6224593312018547,True,correct
DBLP,0.6,42,inner,bootstrap_OOB,12,conf/vldb/HuntAI01,True,1,0GT_dHqK5roJ,0GT_dHqK5roJ,True,0.9999958306881648,0.0003169045618706,0.999678926126294,0.6500000000000001,True,correct,0.6500000000000001,True,correct,0.5000000000000001,0.6224593312018547,True,correct
DBLP,0.6,42,inner,bootstrap_OOB,13,journals/tods/AndriesCPB01,True,2,6gK7k-OqgEUJ,iMGwasyHkgIJ,True,0.9999963399502828,0.9976956521810568,0.0023006877692259,0.6500000000000001,True,correct,0.6500000000000001,True,correct,0.5000000000000001,0.6224593312018547,True,correct
DBLP,0.6,42,inner,bootstrap_OOB,14,conf/sigmod/GangulyGR03,True,1,Di-EjDZ_abYJ,Di-EjDZ_abYJ,True,0.9999943011644592,0.0003597007938219,0.9996346003706372,0.6500000000000001,True,correct,0.6500000000000001,True,correct,0.5000000000000001,0.6224593312018547,True,correct
DBLP,0.6,42,inner,bootstrap_OOB,15,conf/vldb/GeorgeH98,True,2,2L-UFpDof3UJ,2L-UFpDof3UJ,True,0.999996174581296,0.999381064824308,0.0006151097569879,0.6500000000000001,True,correct,0.6500000000000001,True,correct,0.5000000000000001,0.6224593312018547,True,correct
DBLP,0.6,42,inner,bootstrap_OOB,16,conf/sigmod/Bosworth03,False,0,,vtgbh3Fwu58J,False,4.639907194299628e-05,1.771756909792289e-05,2.868150284507339e-05,0.6500000000000001,False,unmatched_abstention,0.6500000000000001,False,unmatched_abstention,0.5000000000000001,0.6224593312018547,False,unmatched_abstention
DBLP,0.6,42,inner,bootstrap_OOB,17,journals/sigmod/Kumar03,True,1,VuNnpxJwvQkJ,VuNnpxJwvQkJ,True,0.999995202705702,2.900535567858588e-06,0.999992302170134,0.6500000000000001,True,correct,0.6500000000000001,True,correct,0.5000000000000001,0.6224593312018547,True,correct
DBLP,0.6,42,inner,bootstrap_OOB,18,journals/vldb/JagadishKNS00,True,2,GtXc02EJjCgJ,GtXc02EJjCgJ,True,0.9999955516729132,0.9999553942385724,4.015743434104824e-05,0.6500000000000001,True,correct,0.6500000000000001,True,correct,0.5000000000000001,0.6224593312018547,True,correct
DBLP,0.6,42,inner,bootstrap_OOB,19,conf/vldb/LiuJ02,False,0,,cVVo6IeUE9MJ,False,0.0002412362451441,1.9171816873932063e-05,0.0002220644282702,0.6500000000000001,False,unmatched_abstention,0.6500000000000001,False,unmatched_abstention,0.5000000000000001,0.6224593312018547,False,unmatched_abstention
DBLP,0.6,42,inner,bootstrap_OOB,20,journals/sigmod/DreyerDS94,True,1,GCf11c7YuucJ,GCf11c7YuucJ,True,0.9999965456882328,2.557014605111871e-05,0.9999709755421816,0.6500000000000001,True,correct,0.6500000000000001,True,correct,0.5000000000000001,0.6224593312018547,True,correct
DBLP,0.6,42,inner,bootstrap_OOB,21,conf/sigmod/AchyutuniON96,True,1,eRSkDzxP1JcJ,eRSkDzxP1JcJ,True,0.9999965827006676,3.0278204595117013e-06,0.999993554880208,0.6500000000000001,True,correct,0.6500000000000001,True,correct,0.5000000000000001,0.6224593312018547,True,correct
DBLP,0.6,42,inner,bootstrap_OOB,22,journals/sigmod/HalkidiBV02,True,2,GHjgDrEbqM4J,GHjgDrEbqM4J,True,0.9999944137445244,0.1072063213979519,0.8927880923465725,0.6500000000000001,True,correct,0.6500000000000001,True,correct,0.5000000000000001,0.6224593312018547,True,correct
DBLP,0.6,42,inner,bootstrap_OOB,23,conf/vldb/CiacciaPZ97,True,8,6cRuX7GDFCoJ,HQQsPfQN7q0J,True,0.9999964662059128,0.999995903281474,5.629244387295174e-07,0.6500000000000001,True,correct,0.6500000000000001,True,correct,0.5000000000000001,0.6224593312018547,True,correct
DBLP,0.6,42,inner,bootstrap_OOB,24,conf/vldb/ChenRS95,True,1,4TMZhO1wdwsJ,4TMZhO1wdwsJ,True,0.9999953921629192,3.4319111565491183e-06,0.9999919602517628,0.6500000000000001,True,correct,0.6500000000000001,True,correct,0.5000000000000001,0.6224593312018547,True,correct
DBLP,0.6,42,inner,bootstrap_OOB,25,journals/sigmod/OoiST03,True,1,gpjVvUtM6H8J,gpjVvUtM6H8J,True,0.9999956796383755,3.5759095374877124e-06,0.9999921037288382,0.6500000000000001,True,correct,0.6500000000000001,True,correct,0.5000000000000001,0.6224593312018547,True,correct
DBLP,0.6,42,inner,bootstrap_OOB,26,journals/sigmod/Snodgrass98b,False,0,,NHxHsUH9L5MJ,False,0.3006293447694195,0.0665948083191185,0.2340345364503009,0.6500000000000001,False,unmatched_abstention,0.6500000000000001,False,unmatched_abstention,0.5000000000000001,0.6224593312018547,False,unmatched_abstention
DBLP,0.6,42,inner,bootstrap_OOB,27,conf/vldb/SkubiszewskiV97,True,1,MJAw_2C6ErAJ,MJAw_2C6ErAJ,True,0.9999962081316336,2.910191666671328e-06,0.9999932979399668,0.6500000000000001,True,correct,0.6500000000000001,True,correct,0.5000000000000001,0.6224593312018547,True,correct
DBLP,0.6,42,inner,bootstrap_OOB,28,conf/vldb/LiuLBHTS03,True,1,pAhZKAo7m-sJ,pAhZKAo7m-sJ,True,0.999996513881393,2.4304166799000696e-06,0.9999940834647132,0.6500000000000001,True,correct,0.6500000000000001,True,correct,0.5000000000000001,0.6224593312018547,True,correct
DBLP,0.6,42,inner,bootstrap_OOB,29,conf/vldb/MaedaT01,True,1,dipeGpTdsoQJ,dipeGpTdsoQJ,True,0.9999959893061144,3.163293384058224e-06,0.9999928260127304,0.6500000000000001,True,correct,0.6500000000000001,True,correct,0.5000000000000001,0.6224593312018547,True,correct
DBLP,0.6,42,inner,bootstrap_OOB,30,conf/vldb/Korth95,True,1,UZAQL1o-c0MJ,UZAQL1o-c0MJ,True,0.9999542326469588,2.5306241748628947e-06,0.9999517020227838,0.6500000000000001,True,correct,0.6500000000000001,True,correct,0.5000000000000001,0.6224593312018547,True,correct
DBLP,0.6,42,inner,bootstrap_OOB,31,conf/sigmod/LuMSS95,True,1,Kk87yanaI1AJ,Kk87yanaI1AJ,True,0.999994216216606,2.1565435591633887e-05,0.9999726507810144,0.6500000000000001,True,correct,0.6500000000000001,True,correct,0.5000000000000001,0.6224593312018547,True,correct
DBLP,0.6,42,inner,bootstrap_OOB,32,conf/vldb/AlexandrovABBBCDFHJKKKLLMMMPNPPRRSSW02,True,1,-FP8UTv_smkJ,-FP8UTv_smkJ,True,0.9896276005516208,2.490808536822376e-06,0.9896251097430838,0.6500000000000001,True,correct,0.6500000000000001,True,correct,0.5000000000000001,0.6224593312018547,True,correct
DBLP,0.6,42,inner,bootstrap_OOB,33,journals/vldb/Navarro02,True,2,UDQsHc_ps4IJ,UDQsHc_ps4IJ,True,0.9999957558493632,0.9999893314451336,6.424404229821157e-06,0.6500000000000001,True,correct,0.6500000000000001,True,correct,0.5000000000000001,0.6224593312018547,True,correct
DBLP,0.6,42,inner,bootstrap_OOB,34,conf/vldb/CarinoO98,True,3,iaOLRaqTWmEJ,lDNAWc5SrmIJ,True,0.9999947313411076,0.999989708455076,5.022886031658125e-06,0.6500000000000001,True,correct,0.6500000000000001,True,correct,0.5000000000000001,0.6224593312018547,True,correct
DBLP,0.6,42,inner,bootstrap_OOB,35,journals/vldb/IvesHW02,True,1,Bbm74R5b5yoJ,Bbm74R5b5yoJ,True,0.9999964778605976,4.368158833960496e-06,0.9999921097017636,0.6500000000000001,True,correct,0.6500000000000001,True,correct,0.5000000000000001,0.6224593312018547,True,correct
DBLP,0.6,42,inner,bootstrap_OOB,36,conf/vldb/PappasC00,True,2,BsQtFZrn3fsJ,url:http://portal.acm.org/citation.cfm%3Fid%3D645926.671850,True,0.9999965666255388,0.9999948063215648,1.7603039741409532e-06,0.6500000000000001,True,correct,0.6500000000000001,True,correct,0.5000000000000001,0.6224593312018547,True,correct
DBLP,0.6,42,inner,bootstrap_OOB,37,journals/sigmod/SnodgrassHMOPRRWY98,False,0,,url:http://portal.acm.org/ft_gateway.cfm%3Fid%3D290599%26type%3Dpdf%26dl%3DGUIDE%26dl%3DACM%26CFID%3D11111111%26CFTOKEN%3D2222222,False,0.9999943835953954,0.9999935374557632,8.461396321379766e-07,0.6500000000000001,True,false_link,0.6500000000000001,True,false_link,0.5000000000000001,0.6224593312018547,True,false_link
DBLP,0.6,42,inner,bootstrap_OOB,38,journals/sigmod/KeetonPH98,True,3,6MtRlhEClPEJ,6MtRlhEClPEJ,True,0.9999963972814608,0.999995935701061,4.615803996799173e-07,0.6500000000000001,True,correct,0.6500000000000001,True,correct,0.5000000000000001,0.6224593312018547,True,correct
DBLP,0.6,42,inner,bootstrap_OOB,39,journals/sigmod/Palpanas00,True,2,MGG31wuhuUIJ,MGG31wuhuUIJ,True,0.9999961900837904,0.9992813465925082,0.0007148434912821,0.6500000000000001,True,correct,0.6500000000000001,True,correct,0.5000000000000001,0.6224593312018547,True,correct
DBLP,0.6,42,inner,bootstrap_OOB,40,journals/sigmod/Hoffner03,True,1,url:http://portal.acm.org/citation.cfm%3Fid%3D776985.776995%26coll%3DGUIDE%26dl%3DACM%26idx%3DJ689%26part%3Dperiodical%26WantType%3Dperiodical%26title%3DACM%2520SIGMOD%2520Record%26CFID%3D11111111%26CFTOKEN%3D2222222,url:http://portal.acm.org/citation.cfm%3Fid%3D776985.776995%26coll%3DGUIDE%26dl%3DACM%26idx%3DJ689%26part%3Dperiodical%26WantType%3Dperiodical%26title%3DACM%2520SIGMOD%2520Record%26CFID%3D11111111%26CFTOKEN%3D2222222,True,0.9999841899156864,2.6698627140650857e-06,0.9999815200529724,0.6500000000000001,True,correct,0.6500000000000001,True,correct,0.5000000000000001,0.6224593312018547,True,correct
DBLP,0.6,42,inner,bootstrap_OOB,41,conf/sigmod/Aggarwal03,True,1,qbubaA6mQawJ,qbubaA6mQawJ,True,0.9978400688023596,4.743072169810988e-05,0.9977926380806614,0.6500000000000001,True,correct,0.6500000000000001,True,correct,0.5000000000000001,0.6224593312018547,True,correct
DBLP,0.6,42,inner,bootstrap_OOB,42,conf/sigmod/SchleimerWA03,True,1,nCRFjDfhOmcJ,nCRFjDfhOmcJ,True,0.9999951549209526,3.279312700573468e-06,0.999991875608252,0.6500000000000001,True,correct,0.6500000000000001,True,correct,0.5000000000000001,0.6224593312018547,True,correct
DBLP,0.6,42,inner,bootstrap_OOB,43,conf/sigmod/LometT03,True,1,GidOUF_Jd4oJ,GidOUF_Jd4oJ,True,0.999988568054448,3.068770527765973e-05,0.9999578803491704,0.6500000000000001,True,correct,0.6500000000000001,True,correct,0.5000000000000001,0.6224593312018547,True,correct
DBLP,0.6,42,inner,bootstrap_OOB,44,conf/vldb/TreschPL95,True,1,1rPUqMFsS3AJ,1rPUqMFsS3AJ,True,0.9999956830403208,0.0068867183547468,0.993108964685574,0.6500000000000001,True,correct,0.6500000000000001,True,correct,0.5000000000000001,0.6224593312018547,True,correct
DBLP,0.6,42,inner,bootstrap_OOB,45,conf/sigmod/QuassWGHLMNRRAUW96,True,2,cJgYQWElaAgJ,oB7qYK3HKiEJ,True,0.9999942929900948,0.9999924842982546,1.808691840077259e-06,0.6500000000000001,True,correct,0.6500000000000001,True,correct,0.5000000000000001,0.6224593312018547,True,correct
DBLP,0.6,42,inner,bootstrap_OOB,46,conf/vldb/LeeHJT03,True,1,BSE2se70OMYJ,BSE2se70OMYJ,True,0.9999947978002856,2.415383625899304e-06,0.9999923824166598,0.6500000000000001,True,correct,0.6500000000000001,True,correct,0.5000000000000001,0.6224593312018547,True,correct
DBLP,0.6,42,inner,bootstrap_OOB,47,journals/sigmod/Nascimento03,True,2,cJRWis64ghgJ,url:http://portal.acm.org/citation.cfm%3Fid%3D776985.776996%26dl%3Dportal%26dl%3DACM%26idx%3D776985%26part%3Dperiodical%26WantType%3Dperiodical%26title%3DACM%2520SIGMOD%2520Record%26CFID%3D11111111%26CFTOKEN%3D2222222,True,0.9999960190294944,0.9999866954763292,9.32355316518585e-06,0.6500000000000001,True,correct,0.6500000000000001,True,correct,0.5000000000000001,0.6224593312018547,True,correct
DBLP,0.6,42,inner,bootstrap_OOB,48,conf/vldb/RaoR99,True,2,N8XkcmIO0ysJ,tv4rTR2Z-I8J,True,0.9999962144041524,3.1807191967622e-05,0.9999644072121848,0.6500000000000001,True,correct,0.6500000000000001,True,correct,0.5000000000000001,0.6224593312018547,True,correct
DBLP,0.6,42,inner,bootstrap_OOB,49,conf/vldb/MatiasVW00,True,2,7SeTnikjovEJ,7SeTnikjovEJ,True,0.9999952367961068,0.9999929921799016,2.244616205349104e-06,0.6500000000000001,True,correct,0.6500000000000001,True,correct,0.5000000000000001,0.6224593312018547,True,correct
DBLP,0.6,42,inner,bootstrap_OOB,50,conf/vldb/JiangSLB00,True,1,eZwzDZ7QhzoJ,eZwzDZ7QhzoJ,True,0.9999956404392,3.1845358872898958e-06,0.9999924559033128,0.6500000000000001,True,correct,0.6500000000000001,True,correct,0.5000000000000001,0.6224593312018547,True,correct
DBLP,0.6,42,inner,bootstrap_OOB,51,conf/vldb/ChienTZ01,True,2,eWCz_YJFqjcJ,eWCz_YJFqjcJ,True,0.999995806087006,0.9999949160738856,8.900131204248041e-07,0.6500000000000001,True,correct,0.6500000000000001,True,correct,0.5000000000000001,0.6224593312018547,True,correct
DBLP,0.6,42,inner,bootstrap_OOB,52,conf/vldb/AnandBH94,True,1,-UpQkB1uPLMJ,-UpQkB1uPLMJ,True,0.9999945420146904,2.4250314049194543e-06,0.9999921169832856,0.6500000000000001,True,correct,0.6500000000000001,True,correct,0.5000000000000001,0.6224593312018547,True,correct
DBLP,0.6,42,inner,bootstrap_OOB,53,journals/sigmod/MusickM98,True,1,gt83e4uB09wJ,gt83e4uB09wJ,True,0.9999955683348308,3.83729005402752e-06,0.9999917310447768,0.6500000000000001,True,correct,0.6500000000000001,True,correct,0.5000000000000001,0.6224593312018547,True,correct
DBLP,0.6,42,inner,bootstrap_OOB,54,conf/vldb/CherniackZ98,True,1,So_H9Oer6lsJ,So_H9Oer6lsJ,True,0.999994986728378,2.644837281901578e-06,0.999992341891096,0.6500000000000001,True,correct,0.6500000000000001,True,correct,0.5000000000000001,0.6224593312018547,True,correct
DBLP,0.6,42,inner,bootstrap_OOB,55,conf/vldb/Ganguly98,True,1,a8cB2S6Td-sJ,a8cB2S6Td-sJ,True,0.9999954625144744,1.2969918963516297e-05,0.999982492595511,0.6500000000000001,True,correct,0.6500000000000001,True,correct,0.5000000000000001,0.6224593312018547,True,correct
DBLP,0.6,42,inner,bootstrap_OOB,56,conf/sigmod/HaasH99,True,3,bsfsN1NtuOMJ,bsfsN1NtuOMJ,True,0.9999964890114578,0.9999964183088456,7.070261220931684e-08,0.6500000000000001,True,correct,0.6500000000000001,True,correct,0.5000000000000001,0.6224593312018547,True,correct
DBLP,0.6,42,inner,bootstrap_OOB,57,conf/vldb/IoannidisP99,True,3,2k9bgRJC-hYJ,umrivnVIoj0J,True,0.9999951567226536,0.9999917128419218,3.443880731701654e-06,0.6500000000000001,True,correct,0.6500000000000001,True,correct,0.5000000000000001,0.6224593312018547,True,correct
DBLP,0.6,42,inner,bootstrap_OOB,58,journals/sigmod/TsotrasK96,True,3,9HEdn3A13BQJ,9HEdn3A13BQJ,True,0.0579666690430413,0.0003518844842763,0.0576147845587649,0.6500000000000001,False,missing_match,0.6500000000000001,False,missing_match,0.5000000000000001,0.6224593312018547,False,missing_match
DBLP,0.6,42,inner,bootstrap_OOB,59,journals/sigmod/Lomet01,True,1,fI5o4MfWwzIJ,fI5o4MfWwzIJ,True,0.9999966036500896,2.6315278799744184e-06,0.9999939721222096,0.6500000000000001,True,correct,0.6500000000000001,True,correct,0.5000000000000001,0.6224593312018547,True,correct
DBLP,0.6,42,inner,bootstrap_OOB,60,conf/sigmod/PadmanabhanBMCH03,True,1,wI75uFSs0bwJ,wI75uFSs0bwJ,True,0.9999962488181622,1.1232633664936508e-05,0.9999850161844972,0.6500000000000001,True,correct,0.6500000000000001,True,correct,0.5000000000000001,0.6224593312018547,True,correct
DBLP,0.6,42,inner,bootstrap_OOB,61,journals/tods/CeriFPT95,True,1,DoS7NkmUyYgJ,aphxPCo8qkgJ,False,0.9999074075600084,0.9375079931947088,0.0623994143652993,0.6500000000000001,True,false_link,0.6500000000000001,True,false_link,0.5000000000000001,0.6224593312018547,True,false_link
DBLP,0.6,42,inner,bootstrap_OOB,62,conf/vldb/Shmueli01,True,2,JhPPFNFWJ1UJ,rEwEqoAns-gJ,True,0.9999955955194982,0.9999901322884164,5.463231081748177e-06,0.6500000000000001,True,correct,0.6500000000000001,True,correct,0.5000000000000001,0.6224593312018547,True,correct
DBLP,0.6,42,inner,bootstrap_OOB,63,conf/sigmod/BargaL99,True,2,hf84fEpX5agJ,QGxyK7bJQOMJ,True,0.9999927444693836,0.995550988880922,0.0044417555884614,0.6500000000000001,True,correct,0.6500000000000001,True,correct,0.5000000000000001,0.6224593312018547,True,correct
DBLP,0.6,42,inner,bootstrap_OOB,64,conf/sigmod/CranorGJSS02,True,2,89Avc7qz9YoJ,89Avc7qz9YoJ,True,0.9999965425869268,0.999994100387236,2.4421996908108312e-06,0.6500000000000001,True,correct,0.6500000000000001,True,correct,0.5000000000000001,0.6224593312018547,True,correct
DBLP,0.6,42,inner,bootstrap_OOB,65,conf/sigmod/ParkKKLPC98,True,2,aepGxosl6YoJ,aepGxosl6YoJ,True,0.999995604587262,0.0112815193061548,0.9887140852811072,0.6500000000000001,True,correct,0.6500000000000001,True,correct,0.5000000000000001,0.6224593312018547,True,correct
DBLP,0.6,42,inner,bootstrap_OOB,66,conf/vldb/ChaudhuriG99,True,2,l-Sn0enuHxkJ,l-Sn0enuHxkJ,True,0.999995744030368,0.999994707627256,1.0364031121090631e-06,0.6500000000000001,True,correct,0.6500000000000001,True,correct,0.5000000000000001,0.6224593312018547,True,correct
DBLP,0.6,42,inner,bootstrap_OOB,67,journals/sigmod/MeltonE02,True,2,6uelfg3RgEoJ,6uelfg3RgEoJ,True,0.999996366808252,0.0005684447707312,0.9994279220375206,0.6500000000000001,True,correct,0.6500000000000001,True,correct,0.5000000000000001,0.6224593312018547,True,correct
DBLP,0.6,42,inner,bootstrap_OOB,68,conf/vldb/HardingLM03,False,0,,L9b9MvkOnWcJ,False,2.471724306982422e-06,2.466075814132357e-06,5.6484928500646205e-09,0.6500000000000001,False,unmatched_abstention,0.6500000000000001,False,unmatched_abstention,0.5000000000000001,0.6224593312018547,False,unmatched_abstention
DBLP,0.6,42,inner,bootstrap_OOB,69,journals/sigmod/Ozsu03a,False,0,,NHxHsUH9L5MJ,False,0.3515181303806788,0.1027580760240333,0.2487600543566455,0.6500000000000001,False,unmatched_abstention,0.6500000000000001,False,unmatched_abstention,0.5000000000000001,0.6224593312018547,False,unmatched_abstention
DBLP,0.6,42,inner,bootstrap_OOB,70,journals/tods/Alagic99,True,2,Gq6D6zMEPxoJ,Gq6D6zMEPxoJ,True,0.9999938226946424,0.7199821504626666,0.2800116722319758,0.6500000000000001,True,correct,0.6500000000000001,True,correct,0.5000000000000001,0.6224593312018547,True,correct
DBLP,0.6,42,inner,bootstrap_OOB,71,journals/sigmod/Alonso95,False,0,,uzEcNW5U3V4J,False,1.5826768751845104e-05,4.638603149797062e-06,1.1188165602048042e-05,0.6500000000000001,False,unmatched_abstention,0.6500000000000001,False,unmatched_abstention,0.5000000000000001,0.6224593312018547,False,unmatched_abstention
DBLP,0.6,42,inner,bootstrap_OOB,72,conf/sigmod/DeutschFS99,True,12,2lypQEgzfb8J,QxtGOVsCF78J,True,0.99999649885511,0.999996335745328,1.631097820142813e-07,0.6500000000000001,True,correct,0.6500000000000001,True,correct,0.5000000000000001,0.6224593312018547,True,correct
DBLP,0.6,42,inner,bootstrap_OOB,73,conf/vldb/EvangelidisLS95,True,5,3TOqLeL1G64J,EbGZKQPyH_4J,True,0.9999965857659916,0.9999963257794848,2.599865067676177e-07,0.6500000000000001,True,correct,0.6500000000000001,True,correct,0.5000000000000001,0.6224593312018547,True,correct
DBLP,0.6,42,inner,bootstrap_OOB,74,conf/vldb/GraefeBC98,True,1,v-kvo2hnsgkJ,v-kvo2hnsgkJ,True,0.9999966901730324,1.5258410256406496e-05,0.999981431762776,0.6500000000000001,True,correct,0.6500000000000001,True,correct,0.5000000000000001,0.6224593312018547,True,correct
DBLP,0.6,42,inner,bootstrap_OOB,75,conf/sigmod/BozkayaO97,True,3,37lliRw_cOQJ,gIZvbo_lu2IJ,True,0.99999600394774,0.9999930887413422,2.915206397724468e-06,0.6500000000000001,True,correct,0.6500000000000001,True,correct,0.5000000000000001,0.6224593312018547,True,correct
DBLP,0.6,42,inner,bootstrap_OOB,76,journals/vldb/WangW01,True,1,4eHVZHcQvdMJ,4eHVZHcQvdMJ,True,0.999996434265758,2.771709811535622e-06,0.9999936625559463,0.6500000000000001,True,correct,0.6500000000000001,True,correct,0.5000000000000001,0.6224593312018547,True,correct
DBLP,0.6,42,inner,bootstrap_OOB,77,journals/sigmod/KaradimitriouT97,True,1,SrCBkHnIFL8J,SrCBkHnIFL8J,True,0.999995863780836,2.495366370878108e-06,0.9999933684144652,0.6500000000000001,True,correct,0.6500000000000001,True,correct,0.5000000000000001,0.6224593312018547,True,correct
DBLP,0.6,42,inner,bootstrap_OOB,78,conf/vldb/NgH94,True,14,32AYdsd8K3kJ,YMluKoJrxMcJ,True,0.999996146342742,0.9999954711477966,6.751949455097161e-07,0.6500000000000001,True,correct,0.6500000000000001,True,correct,0.5000000000000001,0.6224593312018547,True,correct
DBLP,0.6,42,inner,bootstrap_OOB,79,conf/vldb/KornMZ03,True,1,hBoL6DaFUMYJ,hBoL6DaFUMYJ,True,0.999995539872356,4.387459763033733e-06,0.999991152412593,0.6500000000000001,True,correct,0.6500000000000001,True,correct,0.5000000000000001,0.6224593312018547,True,correct
DBLP,0.6,42,inner,bootstrap_OOB,80,conf/sigmod/ChaudhuriMN98,True,8,3fEogSGG3wQJ,hvMTb3FYOjQJ,True,0.9999941388910508,0.9999939904851688,1.4840588191677997e-07,0.6500000000000001,True,correct,0.6500000000000001,True,correct,0.5000000000000001,0.6224593312018547,True,correct
DBLP,0.6,42,inner,bootstrap_OOB,81,journals/sigmod/JenningsNF98,True,3,tYXzABUZYxQJ,YiZVv5kVDb4J,True,0.9999963667424188,0.9999940359091436,2.3308332752769445e-06,0.6500000000000001,True,correct,0.6500000000000001,True,correct,0.5000000000000001,0.6224593312018547,True,correct
DBLP,0.6,42,inner,bootstrap_OOB,82,journals/sigmod/ShethGJRSWW96,True,4,HOvgrl8NmmoJ,yI5E8TGu5BwJ,True,0.9999966536034464,0.999996418196124,2.3540732241311707e-07,0.6500000000000001,True,correct,0.6500000000000001,True,correct,0.5000000000000001,0.6224593312018547,True,correct
DBLP,0.6,42,inner,bootstrap_OOB,83,conf/sigmod/GoelI96,True,2,_Vn4nSui5UMJ,hD6w1eBfjWcJ,True,0.9999960290965424,0.999991196809438,4.832287104572508e-06,0.6500000000000001,True,correct,0.6500000000000001,True,correct,0.5000000000000001,0.6224593312018547,True,correct
DBLP,0.6,42,inner,bootstrap_OOB,84,conf/vldb/AggarwalHWY03,True,4,szlqyCesMpgJ,szlqyCesMpgJ,True,0.9999954218299746,0.99997344675735,2.1975072624469405e-05,0.6500000000000001,True,correct,0.6500000000000001,True,correct,0.5000000000000001,0.6224593312018547,True,correct
DBLP,0.6,42,inner,bootstrap_OOB,85,journals/vldb/IoannidisNSS97,True,1,if5vzPT-qIAJ,if5vzPT-qIAJ,True,0.9999883451054968,0.1474077132836005,0.8525806318218963,0.6500000000000001,True,correct,0.6500000000000001,True,correct,0.5000000000000001,0.6224593312018547,True,correct
DBLP,0.6,42,inner,bootstrap_OOB,86,conf/vldb/AmirKN01,True,1,dEwdHTZZYWYJ,dEwdHTZZYWYJ,True,0.9999961906905208,2.5617341358427743e-06,0.9999936289563852,0.6500000000000001,True,correct,0.6500000000000001,True,correct,0.5000000000000001,0.6224593312018547,True,correct
DBLP,0.6,42,inner,bootstrap_OOB,87,journals/sigmod/Ozsu03,False,0,,NHxHsUH9L5MJ,False,0.3515181303806788,0.1027580760240333,0.2487600543566455,0.6500000000000001,False,unmatched_abstention,0.6500000000000001,False,unmatched_abstention,0.5000000000000001,0.6224593312018547,False,unmatched_abstention
DBLP,0.6,42,inner,bootstrap_OOB,88,journals/sigmod/FreemanG96,True,3,Em3qp7RGalkJ,Em3qp7RGalkJ,True,0.9999965909359466,0.9999959217779248,6.691580218820548e-07,0.6500000000000001,True,correct,0.6500000000000001,True,correct,0.5000000000000001,0.6224593312018547,True,correct
DBLP,0.6,42,inner,bootstrap_OOB,89,conf/vldb/QianZXP03,True,1,Chp-3UwMgTQJ,Chp-3UwMgTQJ,True,0.9999963034087171,1.3852304493475295e-05,0.9999824511042236,0.6500000000000001,True,correct,0.6500000000000001,True,correct,0.5000000000000001,0.6224593312018547,True,correct
DBLP,0.6,42,inner,bootstrap_OOB,90,conf/sigmod/YuMWL01,True,2,h95306-8rjEJ,h95306-8rjEJ,True,0.9999964976328444,0.7053276247512857,0.2946688728815586,0.6500000000000001,True,correct,0.6500000000000001,True,correct,0.5000000000000001,0.6224593312018547,True,correct
DBLP,0.6,42,inner,bootstrap_OOB,91,journals/tods/KossmannS00,True,2,PnGVbzQCWY0J,PnGVbzQCWY0J,True,0.999996002217209,0.9994489786061856,0.0005470236110233,0.6500000000000001,True,correct,0.6500000000000001,True,correct,0.5000000000000001,0.6224593312018547,True,correct
DBLP,0.6,42,inner,bootstrap_OOB,92,journals/sigmod/SnodgrassAABCDEGJKKKLLRSSS94,True,6,5JA4QR8rxq0J,5JA4QR8rxq0J,True,0.9983307824561648,0.0099392993775092,0.9883914830786557,0.6500000000000001,True,correct,0.6500000000000001,True,correct,0.5000000000000001,0.6224593312018547,True,correct
DBLP,0.6,42,inner,bootstrap_OOB,93,conf/sigmod/2002,False,0,,RrzmCYVOG4UJ,False,8.957959467082769e-06,6.792362589751676e-06,2.165596877331093e-06,0.6500000000000001,False,unmatched_abstention,0.6500000000000001,False,unmatched_abstention,0.5000000000000001,0.6224593312018547,False,unmatched_abstention
DBLP,0.6,42,inner,bootstrap_OOB,94,journals/sigmod/CaleroPR03,True,1,zWoRcQffsq8J,zWoRcQffsq8J,True,0.9999963843223932,2.4677814785622057e-06,0.9999939165409146,0.6500000000000001,True,correct,0.6500000000000001,True,correct,0.5000000000000001,0.6224593312018547,True,correct
DBLP,0.6,42,inner,bootstrap_OOB,95,conf/vldb/SheikholeslamiCZ98,True,3,btydMRJMBqoJ,btydMRJMBqoJ,True,0.9999957221420348,0.9999936728811484,2.04926088642754e-06,0.6500000000000001,True,correct,0.6500000000000001,True,correct,0.5000000000000001,0.6224593312018547,True,correct
DBLP,0.6,42,inner,bootstrap_OOB,96,conf/vldb/BernsteinHJRW00,True,3,0KiQzAIFlJkJ,0KiQzAIFlJkJ,True,0.9999896954620582,0.9999645552660604,2.514019599764161e-05,0.6500000000000001,True,correct,0.6500000000000001,True,correct,0.5000000000000001,0.6224593312018547,True,correct
DBLP,0.6,42,inner,bootstrap_OOB,97,journals/sigmod/Yang94,True,1,sHJ914nPZtUJ,sHJ914nPZtUJ,True,0.9999961927025752,3.408443144802833e-06,0.9999927842594304,0.6500000000000001,True,correct,0.6500000000000001,True,correct,0.5000000000000001,0.6224593312018547,True,correct
DBLP,0.6,42,inner,bootstrap_OOB,98,conf/sigmod/Adelberg98,True,6,3hsPMPTl2msJ,JrU1gnfH1sYJ,True,0.9999947309793272,0.9999937447567728,9.862225541779068e-07,0.6500000000000001,True,correct,0.6500000000000001,True,correct,0.5000000000000001,0.6224593312018547,True,correct
DBLP,0.6,42,inner,bootstrap_OOB,99,conf/vldb/ManegoldBK02,True,1,KB9ZbekVNzoJ,KB9ZbekVNzoJ,True,0.999994004332686,3.6871027140539256e-06,0.999990317229972,0.6500000000000001,True,correct,0.6500000000000001,True,correct,0.5000000000000001,0.6224593312018547,True,correct
DBLP,0.6,42,inner,bootstrap_OOB,100,conf/sigmod/Chaudhuri97,True,2,9GsZHpVf2_cJ,9GsZHpVf2_cJ,True,0.999994409619565,0.9999581147899212,3.629482964384589e-05,0.6500000000000001,True,correct,0.6500000000000001,True,correct,0.5000000000000001,0.6224593312018547,True,correct
DBLP,0.6,42,inner,bootstrap_OOB,101,conf/vldb/NieKH03,True,2,0RaBCPWwApQJ,0RaBCPWwApQJ,True,0.99999584789711,0.9999856590498984,1.0188847211600738e-05,0.6500000000000001,True,correct,0.6500000000000001,True,correct,0.5000000000000001,0.6224593312018547,True,correct
DBLP,0.6,42,inner,bootstrap_OOB,102,conf/vldb/BrownS95,True,2,F-v-VG2RBQoJ,yP4hDOd65VUJ,True,0.99999662652749,0.9999964909562972,1.355711928274772e-07,0.6500000000000001,True,correct,0.6500000000000001,True,correct,0.5000000000000001,0.6224593312018547,True,correct
DBLP,0.6,42,inner,bootstrap_OOB,103,conf/sigmod/KemperMPS94,True,1,ChCPyLiBpr4J,ChCPyLiBpr4J,True,0.99999569532838,1.634203960768588e-05,0.9999793532887724,0.6500000000000001,True,correct,0.6500000000000001,True,correct,0.5000000000000001,0.6224593312018547,True,correct
DBLP,0.6,42,inner,bootstrap_OOB,104,conf/sigmod/MorpainCFP96,True,1,98umDgwqRHcJ,98umDgwqRHcJ,True,0.9999965919013942,2.294222609424871e-05,0.9999736496753,0.6500000000000001,True,correct,0.6500000000000001,True,correct,0.5000000000000001,0.6224593312018547,True,correct
DBLP,0.6,42,inner,bootstrap_OOB,105,conf/vldb/BalminPP00,True,1,FoAVdcYe0tsJ,FoAVdcYe0tsJ,True,0.9999962085727836,0.3802897583008408,0.6197064502719428,0.6500000000000001,True,correct,0.6500000000000001,True,correct,0.5000000000000001,0.6224593312018547,True,correct
DBLP,0.6,42,inner,bootstrap_OOB,106,conf/sigmod/LeeWMS01,True,3,4rJJdFvMmgYJ,OFXL5KsJiWcJ,True,0.9999955056371486,0.9997933084996448,0.0002021971375039,0.6500000000000001,True,correct,0.6500000000000001,True,correct,0.5000000000000001,0.6224593312018547,True,correct
DBLP,0.6,42,inner,bootstrap_OOB,107,conf/vldb/ChaHKK01,True,1,VyOa5Uqsj6AJ,VyOa5Uqsj6AJ,True,0.9999962403014696,2.696405231779856e-06,0.9999935438962376,0.6500000000000001,True,correct,0.6500000000000001,True,correct,0.5000000000000001,0.6224593312018547,True,correct
DBLP,0.6,42,inner,bootstrap_OOB,108,conf/vldb/GallersdorferN95,True,1,U8jfPCxfXicJ,U8jfPCxfXicJ,True,0.9999954266083184,3.195795685007848e-06,0.9999922308126332,0.6500000000000001,True,correct,0.6500000000000001,True,correct,0.5000000000000001,0.6224593312018547,True,correct
DBLP,0.6,42,inner,bootstrap_OOB,109,journals/vldb/AilamakiDH02,True,1,J9MeFW0vDJAJ,J9MeFW0vDJAJ,True,0.9999945778379108,2.466506236098277e-06,0.9999921113316744,0.6500000000000001,True,correct,0.6500000000000001,True,correct,0.5000000000000001,0.6224593312018547,True,correct
DBLP,0.6,42,inner,bootstrap_OOB,110,conf/sigmod/KemperKM98,True,2,5BK4tIRJ3wwJ,Z0oCigN4pVMJ,True,0.999995099496384,0.9999950706513407,2.8845043242853308e-08,0.6500000000000001,True,correct,0.6500000000000001,True,correct,0.5000000000000001,0.6224593312018547,True,correct
DBLP,0.6,42,inner,bootstrap_OOB,111,conf/sigmod/MumickQM97,True,3,8m_6OmUvYJwJ,c_n0wQe1FhAJ,True,0.9999956934231284,0.9999950333639558,6.600591726524385e-07,0.6500000000000001,True,correct,0.6500000000000001,True,correct,0.5000000000000001,0.6224593312018547,True,correct
DBLP,0.6,42,inner,bootstrap_OOB,112,conf/vldb/WitkowskiBBFGSS03,True,1,Oti_CoAPH9IJ,Oti_CoAPH9IJ,True,0.9999960531461864,6.866936400400275e-05,0.9999273837821824,0.6500000000000001,True,correct,0.6500000000000001,True,correct,0.5000000000000001,0.6224593312018547,True,correct
DBLP,0.6,42,inner,bootstrap_OOB,113,conf/vldb/RamamrithamABEGP00,True,1,jYGXFESkS-YJ,jYGXFESkS-YJ,True,0.999996454272588,2.402990537411109e-06,0.9999940512820504,0.6500000000000001,True,correct,0.6500000000000001,True,correct,0.5000000000000001,0.6224593312018547,True,correct
DBLP,0.6,42,inner,bootstrap_OOB,114,conf/vldb/LitwinNS94,True,4,Ass0qgT-aa4J,SnkWnX5WoKwJ,True,0.9999925722973751,0.9999911681180108,1.4041793644503642e-06,0.6500000000000001,True,correct,0.6500000000000001,True,correct,0.5000000000000001,0.6224593312018547,True,correct
DBLP,0.6,42,inner,bootstrap_OOB,115,journals/sigmod/RamamrithamS97,True,1,HR-yLNuhtl4J,HR-yLNuhtl4J,True,0.9999960097513592,6.301520357836259e-06,0.9999897082310012,0.6500000000000001,True,correct,0.6500000000000001,True,correct,0.5000000000000001,0.6224593312018547,True,correct
DBLP,0.6,42,inner,bootstrap_OOB,116,journals/sigmod/Snodgrass97a,False,0,,NHxHsUH9L5MJ,False,0.6850190151333932,0.1237219513657451,0.5612970637676481,0.6500000000000001,True,false_link,0.6500000000000001,True,false_link,0.5000000000000001,0.6224593312018547,True,false_link
DBLP,0.6,42,inner,bootstrap_OOB,117,conf/sigmod/GunopulosD01,True,4,kneUxV6J3nQJ,oYtmj53qV0UJ,True,0.9999943263316402,0.9997357540891396,0.0002585722425006,0.6500000000000001,True,correct,0.6500000000000001,True,correct,0.5000000000000001,0.6224593312018547,True,correct
DBLP,0.6,42,inner,bootstrap_OOB,118,conf/vldb/BestavrosB95,True,2,LDv4my6gWJQJ,lGyhpsPV6ogJ,True,0.9999942030408896,0.993412912319326,0.0065812907215637,0.6500000000000001,True,correct,0.6500000000000001,True,correct,0.5000000000000001,0.6224593312018547,True,correct
DBLP,0.6,42,inner,bootstrap_OOB,119,conf/sigmod/Melling94,True,1,j4O-xhs1QAgJ,j4O-xhs1QAgJ,True,0.9999964400284072,3.91299591279533e-06,0.9999925270324944,0.6500000000000001,True,correct,0.6500000000000001,True,correct,0.5000000000000001,0.6224593312018547,True,correct
DBLP,0.6,42,inner,bootstrap_OOB,120,conf/sigmod/BreunigKKS01,True,3,3ET_IEkoGjYJ,3ET_IEkoGjYJ,True,0.9999949367730244,0.9999942999306256,6.368423987046512e-07,0.6500000000000001,True,correct,0.6500000000000001,True,correct,0.5000000000000001,0.6224593312018547,True,correct
DBLP,0.6,42,inner,bootstrap_OOB,121,journals/vldb/BernsteinIR03,True,1,url:http://www.springerlink.com/index/RTCC57FUUW3CADRF.pdf,url:http://www.springerlink.com/index/RTCC57FUUW3CADRF.pdf,True,0.0854286259226925,0.008727866677876,0.0767007592448165,0.6500000000000001,False,missing_match,0.6500000000000001,False,missing_match,0.5000000000000001,0.6224593312018547,False,missing_match
DBLP,0.6,42,inner,bootstrap_OOB,122,journals/vldb/FangGM96,False,0,,AWGtiQgXS7QJ,False,0.9998234256662184,0.0008408500705912,0.9989825755956272,0.6500000000000001,True,false_link,0.6500000000000001,True,false_link,0.5000000000000001,0.6224593312018547,True,false_link
DBLP,0.6,42,inner,bootstrap_OOB,123,conf/vldb/ZhangL97,True,2,QGopit06CLEJ,QGopit06CLEJ,True,0.9999958190297308,0.9999950318764628,7.871532681225091e-07,0.6500000000000001,True,correct,0.6500000000000001,True,correct,0.5000000000000001,0.6224593312018547,True,correct
DBLP,0.6,42,inner,bootstrap_OOB,124,journals/vldb/NguSHL01,True,1,djYvVVRYNTwJ,djYvVVRYNTwJ,True,0.999996591686874,3.949071431243489e-06,0.9999926426154429,0.6500000000000001,True,correct,0.6500000000000001,True,correct,0.5000000000000001,0.6224593312018547,True,correct
DBLP,0.6,42,inner,bootstrap_OOB,125,conf/vldb/AltinelBKMPR03,True,2,hd5JHUAr6z4J,wIlHF5DfRbMJ,True,0.9999963102274616,0.9999946683820106,1.6418454510391811e-06,0.6500000000000001,True,correct,0.6500000000000001,True,correct,0.5000000000000001,0.6224593312018547,True,correct
DBLP,0.6,42,inner,bootstrap_OOB,126,journals/sigmod/SofferMC02,False,0,,n_rgdg3xmCoJ,False,3.747799150805492e-06,2.7675972457244343e-06,9.802019050810576e-07,0.6500000000000001,False,unmatched_abstention,0.6500000000000001,False,unmatched_abstention,0.5000000000000001,0.6224593312018547,False,unmatched_abstention
DBLP,0.6,42,inner,bootstrap_OOB,127,conf/sigmod/AdelbergGW97,True,2,XytbGy--8LMJ,zZo47Z-jVX4J,True,0.9999964476116314,0.9999932144743736,3.2331372578076056e-06,0.6500000000000001,True,correct,0.6500000000000001,True,correct,0.5000000000000001,0.6224593312018547,True,correct
DBLP,0.6,42,inner,bootstrap_OOB,128,conf/vldb/GehaniJR94,True,2,MxYiwR2f9UYJ,MxYiwR2f9UYJ,True,0.999995707937586,0.9999955480910244,1.5984656143164244e-07,0.6500000000000001,True,correct,0.6500000000000001,True,correct,0.5000000000000001,0.6224593312018547,True,correct
DBLP,0.6,42,inner,bootstrap_OOB,129,journals/sigmod/Franklin00a,False,0,,url:http://portal.acm.org/citation.cfm%3Fid%3D945721.945727%26coll%3DGUIDE%26dl%3DACM%26idx%3DJ689%26part%3Dperiodical%26WantType%3Dperiodical%26title%3DACM%2520SIGMOD%2520Record%26CFID%3D11111111%26CFTOKEN%3D2222222,False,6.533056305800706e-06,4.167511028696903e-06,2.3655452771038025e-06,0.6500000000000001,False,unmatched_abstention,0.6500000000000001,False,unmatched_abstention,0.5000000000000001,0.6224593312018547,False,unmatched_abstention
DBLP,0.6,42,inner,bootstrap_OOB,130,conf/vldb/SubietaKL95,True,1,gEFY87Ma0XUJ,gEFY87Ma0XUJ,True,0.9999956759327274,3.4156930331307283e-06,0.9999922602396945,0.6500000000000001,True,correct,0.6500000000000001,True,correct,0.5000000000000001,0.6224593312018547,True,correct
DBLP,0.6,42,inner,bootstrap_OOB,131,conf/sigmod/KotidisR99,True,5,323DOAMQyUkJ,qzjtGDo7OuMJ,True,0.9999962559339926,0.999995659253126,5.96680866604693e-07,0.6500000000000001,True,correct,0.6500000000000001,True,correct,0.5000000000000001,0.6224593312018547,True,correct
DBLP,0.6,42,inner,bootstrap_OOB,132,conf/vldb/ChakrabartiSD98,True,3,oBDL7axDwG4J,wnke8ff8hYUJ,True,0.9999952196354116,0.9999906554910288,4.564144382768198e-06,0.6500000000000001,True,correct,0.6500000000000001,True,correct,0.5000000000000001,0.6224593312018547,True,correct
DBLP,0.6,42,inner,bootstrap_OOB,133,journals/sigmod/KennedyMB96,True,1,vBYtmDEYeK0J,vBYtmDEYeK0J,True,0.9999966802974648,5.2939628424253005e-06,0.9999913863346224,0.6500000000000001,True,correct,0.6500000000000001,True,correct,0.5000000000000001,0.6224593312018547,True,correct
DBLP,0.6,42,inner,bootstrap_OOB,134,journals/sigmod/GunopulosK01,False,0,,WIpIfzX7TcUJ,False,2.497761559100906e-06,2.4596941705514627e-06,3.8067388549443145e-08,0.6500000000000001,False,unmatched_abstention,0.6500000000000001,False,unmatched_abstention,0.5000000000000001,0.6224593312018547,False,unmatched_abstention
DBLP,0.6,42,inner,bootstrap_OOB,135,journals/sigmod/RosenthalS99,True,3,AaKiSc1klw8J,c6lzPzSWbKAJ,True,0.9999960028767289,0.9999851918978144,1.0810978914532754e-05,0.6500000000000001,True,correct,0.6500000000000001,True,correct,0.5000000000000001,0.6224593312018547,True,correct
DBLP,0.6,42,inner,bootstrap_OOB,136,conf/sigmod/Carey94,True,1,Lj8CI8ALd9UJ,Lj8CI8ALd9UJ,True,0.999989895635143,1.6775344987798743e-05,0.9999731202901552,0.6500000000000001,True,correct,0.6500000000000001,True,correct,0.5000000000000001,0.6224593312018547,True,correct
DBLP,0.6,42,inner,bootstrap_OOB,137,conf/sigmod/CareyDNAGS97,True,5,GmUD1o-uPvYJ,mt8Q1YmVRkMJ,True,0.9999950199367228,0.9999439900714134,5.1029865309359934e-05,0.6500000000000001,True,correct,0.6500000000000001,True,correct,0.5000000000000001,0.6224593312018547,True,correct
DBLP,0.6,42,inner,bootstrap_OOB,138,conf/sigmod/WhiteCF98,True,2,tORqjZEtKvMJ,tORqjZEtKvMJ,True,0.9999960820340288,0.9999809035447288,1.5178489299993991e-05,0.6500000000000001,True,correct,0.6500000000000001,True,correct,0.5000000000000001,0.6224593312018547,True,correct
DBLP,0.6,42,inner,bootstrap_OOB,139,journals/vldb/AbbadiSW01,False,0,,347oyb_b7DAJ,False,0.0222480962939144,0.0144404332279563,0.0078076630659581,0.6500000000000001,False,unmatched_abstention,0.6500000000000001,False,unmatched_abstention,0.5000000000000001,0.6224593312018547,False,unmatched_abstention
DBLP,0.6,42,inner,bootstrap_OOB,140,journals/vldb/DesslochHMMT98,True,1,4D2HQE6fXXEJ,4D2HQE6fXXEJ,True,0.999994686042022,6.789551867991465e-06,0.999987896490154,0.6500000000000001,True,correct,0.6500000000000001,True,correct,0.5000000000000001,0.6224593312018547,True,correct
DBLP,0.6,42,inner,bootstrap_OOB,141,conf/sigmod/Moore95,True,1,uh57sQuxYuIJ,uh57sQuxYuIJ,True,0.9999933034464696,0.0049360784877881,0.9950572249586814,0.6500000000000001,True,correct,0.6500000000000001,True,correct,0.5000000000000001,0.6224593312018547,True,correct
DBLP,0.6,42,inner,bootstrap_OOB,142,conf/sigmod/MattosM95,True,1,wF_GdZPkCnQJ,wF_GdZPkCnQJ,True,0.999993983208019,3.041364376064576e-06,0.999990941843643,0.6500000000000001,True,correct,0.6500000000000001,True,correct,0.5000000000000001,0.6224593312018547,True,correct
DBLP,0.6,42,inner,bootstrap_OOB,143,conf/vldb/AgrawalLSS95,True,8,C0bXQSqGnF4J,Y799jSppkKEJ,True,0.9999965776357228,0.9999964212315384,1.5640418415951984e-07,0.6500000000000001,True,correct,0.6500000000000001,True,correct,0.5000000000000001,0.6224593312018547,True,correct
DBLP,0.6,42,inner,bootstrap_OOB,144,conf/sigmod/LiuFP03,True,2,_97cTemKZnMJ,5BY1upUmSTUJ,True,0.9820678902397472,0.0010655888307134,0.9810023014090336,0.6500000000000001,True,correct,0.6500000000000001,True,correct,0.5000000000000001,0.6224593312018547,True,correct
DBLP,0.6,42,inner,bootstrap_OOB,145,conf/sigmod/MumickP94,True,1,hUQBQ_9ohcgJ,hUQBQ_9ohcgJ,True,0.99999577436673,3.384709501336691e-06,0.9999923896572286,0.6500000000000001,True,correct,0.6500000000000001,True,correct,0.5000000000000001,0.6224593312018547,True,correct
DBLP,0.6,42,inner,bootstrap_OOB,146,conf/vldb/Ioannidis03,True,1,jELnwotIy9kJ,jELnwotIy9kJ,True,0.9999941718046194,6.913579094825838e-06,0.9999872582255244,0.6500000000000001,True,correct,0.6500000000000001,True,correct,0.5000000000000001,0.6224593312018547,True,correct
DBLP,0.6,42,inner,bootstrap_OOB,147,conf/vldb/MuthOPW98,True,1,cy0zVqmNba4J,cy0zVqmNba4J,True,0.9999963000334354,0.9963799161398116,0.0036163838936238,0.6500000000000001,True,correct,0.6500000000000001,True,correct,0.5000000000000001,0.6224593312018547,True,correct
DBLP,0.6,42,inner,bootstrap_OOB,148,conf/sigmod/MogiK96,True,3,G-ggEZEKjT8J,hxWB8uQMCdgJ,True,0.999996427723932,0.9671898983246786,0.0328065293992534,0.6500000000000001,True,correct,0.6500000000000001,True,correct,0.5000000000000001,0.6224593312018547,True,correct
DBLP,0.6,42,inner,bootstrap_OOB,149,conf/vldb/PardonA00,True,2,Bax8yKEV6McJ,Bax8yKEV6McJ,True,0.9999965750302112,0.999996563674118,1.135609328795084e-08,0.6500000000000001,True,correct,0.6500000000000001,True,correct,0.5000000000000001,0.6224593312018547,True,correct
DBLP,0.6,42,inner,bootstrap_OOB,150,conf/sigmod/CatarciS94,True,3,ga4l4QhCXU4J,ga4l4QhCXU4J,True,0.9999962357666468,0.9898958534941128,0.0101003822725339,0.6500000000000001,True,correct,0.6500000000000001,True,correct,0.5000000000000001,0.6224593312018547,True,correct
DBLP,0.6,42,inner,bootstrap_OOB,151,journals/sigmod/Hellerstein03,True,2,5FSG85HbUygJ,pHHvswIOFfAJ,True,0.999994579373465,0.999979974351936,1.460502152894616e-05,0.6500000000000001,True,correct,0.6500000000000001,True,correct,0.5000000000000001,0.6224593312018547,True,correct
DBLP,0.6,42,inner,bootstrap_OOB,152,journals/sigmod/Rosneblatt94,True,1,D1RdxKP6_6YJ,D1RdxKP6_6YJ,True,0.9999405286067286,2.7935524394962493e-06,0.9999377350542892,0.6500000000000001,True,correct,0.6500000000000001,True,correct,0.5000000000000001,0.6224593312018547,True,correct
DBLP,0.6,42,inner,bootstrap_OOB,153,conf/vldb/GarofalakisRS99,True,6,7BITau8qhpEJ,Xm3ygCvkmN8J,True,0.9999955269016544,0.9999922480404094,3.278861245070708e-06,0.6500000000000001,True,correct,0.6500000000000001,True,correct,0.5000000000000001,0.6224593312018547,True,correct
DBLP,0.6,42,inner,bootstrap_OOB,154,journals/tods/Meo00,True,1,NQShGztSLaoJ,NQShGztSLaoJ,True,0.9999841420479068,2.4802106698298586e-06,0.9999816618372368,0.6500000000000001,True,correct,0.6500000000000001,True,correct,0.5000000000000001,0.6224593312018547,True,correct
DBLP,0.6,42,inner,bootstrap_OOB,155,conf/sigmod/Mamoulis03,True,1,8-eaDTdtfY4J,8-eaDTdtfY4J,True,0.999996421927716,6.185387339535557e-06,0.9999902365403764,0.6500000000000001,True,correct,0.6500000000000001,True,correct,0.5000000000000001,0.6224593312018547,True,correct
DBLP,0.6,42,inner,bootstrap_OOB,156,journals/sigmod/CareyS99,True,1,url:http://portal.acm.org/ft_gateway.cfm%3Fid%3D310071%26type%3Dpdf%26dl%3DGUIDE%26dl%3DACM%26CFID%3D11111111%26CFTOKEN%3D2222222,url:http://portal.acm.org/ft_gateway.cfm%3Fid%3D310071%26type%3Dpdf%26dl%3DGUIDE%26dl%3DACM%26CFID%3D11111111%26CFTOKEN%3D2222222,True,0.9999965455202204,1.4547917234036143e-05,0.9999819976029866,0.6500000000000001,True,correct,0.6500000000000001,True,correct,0.5000000000000001,0.6224593312018547,True,correct
DBLP,0.6,42,inner,bootstrap_OOB,157,conf/sigmod/ChooOLCGBPS96,True,6,5awQcPWFBrcJ,WrrEnOJswS4J,True,0.9999956508788442,0.999994201094574,1.449784270302068e-06,0.6500000000000001,True,correct,0.6500000000000001,True,correct,0.5000000000000001,0.6224593312018547,True,correct
DBLP,0.6,42,inner,bootstrap_OOB,158,journals/sigmod/AndlerHEMBE96,True,5,3Isoplo_hi0J,oNYOKYvjoKgJ,True,0.9999962939169366,0.9999953175154386,9.764014979873892e-07,0.6500000000000001,True,correct,0.6500000000000001,True,correct,0.5000000000000001,0.6224593312018547,True,correct
DBLP,0.6,42,inner,bootstrap_OOB,159,conf/vldb/LometT95,True,3,7KawVN8Kj10J,7KawVN8Kj10J,True,0.9999950604820692,0.9999813503522562,1.371012981310482e-05,0.6500000000000001,True,correct,0.6500000000000001,True,correct,0.5000000000000001,0.6224593312018547,True,correct
DBLP,0.6,42,inner,bootstrap_OOB,160,conf/sigmod/AgrawalASY97,True,5,3nxl8d4c0t4J,3nxl8d4c0t4J,True,0.9999954369769318,0.9999948927093252,5.44267606761295e-07,0.6500000000000001,True,correct,0.6500000000000001,True,correct,0.5000000000000001,0.6224593312018547,True,correct
DBLP,0.6,42,inner,bootstrap_OOB,161,journals/sigmod/Scholl01,False,0,,url:http://portal.acm.org/citation.cfm%3Fid%3D604275,False,0.0007591289240591,5.293927501715593e-06,0.0007538349965574,0.6500000000000001,False,unmatched_abstention,0.6500000000000001,False,unmatched_abstention,0.5000000000000001,0.6224593312018547,False,unmatched_abstention
DBLP,0.6,42,inner,bootstrap_OOB,162,conf/vldb/ManolescuFKXO00,True,5,0mGtqfQNJ-4J,uWqGLwi8VOgJ,True,0.999996203409563,0.9999961789748396,2.4434723466804087e-08,0.6500000000000001,True,correct,0.6500000000000001,True,correct,0.5000000000000001,0.6224593312018547,True,correct
DBLP,0.6,42,inner,bootstrap_OOB,163,journals/sigmod/Ozsoyoglu00,False,0,,url:http://portal.acm.org/ft_gateway.cfm%3Fid%3D601859%26type%3Dpdf%26dl%3DGUIDE%26dl%3DACM%26CFID%3D11111111%26CFTOKEN%3D2222222,False,0.0009118097553944,0.0001744102420009,0.0007373995133935,0.6500000000000001,False,unmatched_abstention,0.6500000000000001,False,unmatched_abstention,0.5000000000000001,0.6224593312018547,False,unmatched_abstention
DBLP,0.6,42,inner,bootstrap_OOB,164,conf/vldb/GantiLR00,True,2,V7byawkFcZMJ,V7byawkFcZMJ,True,0.9999955356508972,0.999955849306893,3.968634400419724e-05,0.6500000000000001,True,correct,0.6500000000000001,True,correct,0.5000000000000001,0.6224593312018547,True,correct
DBLP,0.6,42,inner,bootstrap_OOB,165,conf/sigmod/KanthRSB99,True,2,I48hanU3OR4J,yPFlbrVJFJoJ,True,0.9999945501702072,0.9999903825047254,4.167665481724647e-06,0.6500000000000001,True,correct,0.6500000000000001,True,correct,0.5000000000000001,0.6224593312018547,True,correct
DBLP,0.6,42,inner,bootstrap_OOB,166,conf/vldb/VieiraM03,True,2,b9zAhFneX5YJ,sUtdmV9XsIcJ,True,0.9999959871980516,0.9999080942310336,8.7892967017833e-05,0.6500000000000001,True,correct,0.6500000000000001,True,correct,0.5000000000000001,0.6224593312018547,True,correct
DBLP,0.6,42,inner,bootstrap_OOB,167,journals/sigmod/RossHKRRSS01,True,1,tOa0zXK5Ba4J,uPBlQ76s_g4J,False,0.9999742625156036,0.9999467023129428,2.7560202660925626e-05,0.6500000000000001,True,false_link,0.6500000000000001,True,false_link,0.5000000000000001,0.6224593312018547,True,false_link
DBLP,0.6,42,inner,bootstrap_OOB,168,conf/vldb/Galindo-LegariaJWW03,True,2,3fCNsAXb9RAJ,znWqWhUfPp8J,True,0.999977263492361,0.9999565532477152,2.0710244645893997e-05,0.6500000000000001,True,correct,0.6500000000000001,True,correct,0.5000000000000001,0.6224593312018547,True,correct
DBLP,0.6,42,inner,bootstrap_OOB,169,conf/vldb/LahiriSCMC01,True,1,MbzMAsLHlfEJ,MbzMAsLHlfEJ,True,0.9999965396808423,2.454721540548832e-06,0.999994084959302,0.6500000000000001,True,correct,0.6500000000000001,True,correct,0.5000000000000001,0.6224593312018547,True,correct
DBLP,0.6,42,inner,bootstrap_OOB,170,conf/sigmod/SalemBCL00,True,1,FElMcikK2GUJ,FElMcikK2GUJ,True,0.9999931935598472,2.557457479374002e-06,0.999990636102368,0.6500000000000001,True,correct,0.6500000000000001,True,correct,0.5000000000000001,0.6224593312018547,True,correct
DBLP,0.6,42,inner,bootstrap_OOB,171,conf/vldb/StillgerLMK01,True,3,k8EsgEuKhQ0J,k8EsgEuKhQ0J,True,0.9999956899718208,0.9998769572068448,0.0001187327649759,0.6500000000000001,True,correct,0.6500000000000001,True,correct,0.5000000000000001,0.6224593312018547,True,correct
DBLP,0.6,42,inner,bootstrap_OOB,172,conf/vldb/SreenathS94,True,1,sUcJBJwvKTUJ,sUcJBJwvKTUJ,True,0.9999962906178896,3.941501276680161e-06,0.9999923491166128,0.6500000000000001,True,correct,0.6500000000000001,True,correct,0.5000000000000001,0.6224593312018547,True,correct
DBLP,0.6,42,inner,bootstrap_OOB,173,conf/vldb/Schoning98,True,2,HEJ1Z4Q_xXMJ,HEJ1Z4Q_xXMJ,True,0.9999886348418854,0.9999709422582936,1.769258359163306e-05,0.6500000000000001,True,correct,0.6500000000000001,True,correct,0.5000000000000001,0.6224593312018547,True,correct
DBLP,0.6,42,inner,bootstrap_OOB,174,journals/sigmod/Stonebraker94,True,1,url:http://portal.acm.org/citation.cfm%3Fid%3D181551,url:http://portal.acm.org/citation.cfm%3Fid%3D181551,True,0.9999957346849015,3.320563772875194e-06,0.9999924141211288,0.6500000000000001,True,correct,0.6500000000000001,True,correct,0.5000000000000001,0.6224593312018547,True,correct
DBLP,0.6,42,inner,bootstrap_OOB,175,conf/vldb/BawaBA03,True,2,bo1rnY4bU4kJ,ZjIllDHwkSoJ,True,0.999995535306025,0.9999625919528372,3.2943353187819824e-05,0.6500000000000001,True,correct,0.6500000000000001,True,correct,0.5000000000000001,0.6224593312018547,True,correct
DBLP,0.6,42,inner,bootstrap_OOB,176,conf/vldb/YagoubFIV00,True,3,195Hlqu94qEJ,195Hlqu94qEJ,True,0.999995874936842,0.9999943979583706,1.4769784714152578e-06,0.6500000000000001,True,correct,0.6500000000000001,True,correct,0.5000000000000001,0.6224593312018547,True,correct
DBLP,0.6,42,inner,bootstrap_OOB,177,journals/vldb/AgrawalHK03,True,1,NDKJPUgy_K4J,NDKJPUgy_K4J,True,0.9999964408940376,6.875889650732094e-06,0.9999895650043868,0.6500000000000001,True,correct,0.6500000000000001,True,correct,0.5000000000000001,0.6224593312018547,True,correct
DBLP,0.6,42,inner,bootstrap_OOB,178,conf/vldb/CabreraRH95,True,1,x3WHLHvq-SEJ,x3WHLHvq-SEJ,True,0.9999964032788194,2.5656900481536774e-06,0.9999938375887713,0.6500000000000001,True,correct,0.6500000000000001,True,correct,0.5000000000000001,0.6224593312018547,True,correct
DBLP,0.6,42,inner,bootstrap_OOB,179,conf/sigmod/MayrS99,True,1,1lRZz4bZvxEJ,1lRZz4bZvxEJ,True,0.9999955125410968,3.077393925564482e-06,0.9999924351471712,0.6500000000000001,True,correct,0.6500000000000001,True,correct,0.5000000000000001,0.6224593312018547,True,correct
DBLP,0.6,42,inner,bootstrap_OOB,180,journals/sigmod/Snodgrass02b,True,1,KENWBobILMwJ,KENWBobILMwJ,True,0.9999943533320172,7.88600548466172e-06,0.9999864673265324,0.6500000000000001,True,correct,0.6500000000000001,True,correct,0.5000000000000001,0.6224593312018547,True,correct
DBLP,0.6,42,inner,bootstrap_OOB,181,conf/vldb/AbiteboulMRVW98,True,4,CDQHFdIK_cwJ,CDQHFdIK_cwJ,True,0.9999950710885116,0.9999945559621548,5.151263566816056e-07,0.6500000000000001,True,correct,0.6500000000000001,True,correct,0.5000000000000001,0.6224593312018547,True,correct
DBLP,0.6,42,inner,bootstrap_OOB,182,journals/vldb/AbiteboulB95,True,3,_RMZmSBR_PUJ,Pkocuf5hMjYJ,True,0.999996241333956,0.9999933530747084,2.8882592476575653e-06,0.6500000000000001,True,correct,0.6500000000000001,True,correct,0.5000000000000001,0.6224593312018547,True,correct
DBLP,0.6,42,inner,bootstrap_OOB,183,conf/vldb/LuOT94,True,1,ZFXYXT4yEcAJ,ZFXYXT4yEcAJ,True,0.999996326876072,2.779436356977749e-06,0.9999935474397152,0.6500000000000001,True,correct,0.6500000000000001,True,correct,0.5000000000000001,0.6224593312018547,True,correct
DBLP,0.6,42,inner,bootstrap_OOB,184,conf/sigmod/BeyerR99,True,1,6Cdfxiuibd0J,6Cdfxiuibd0J,True,0.9999962598060966,0.0003705637109352,0.9996256960951614,0.6500000000000001,True,correct,0.6500000000000001,True,correct,0.5000000000000001,0.6224593312018547,True,correct
DBLP,0.6,42,inner,bootstrap_OOB,185,journals/sigmod/Datta94,True,2,3TVyZeq1-i4J,PPH2NlobSwsJ,True,0.9999952880981888,0.9999933375896372,1.9505085516735576e-06,0.6500000000000001,True,correct,0.6500000000000001,True,correct,0.5000000000000001,0.6224593312018547,True,correct
DBLP,0.6,42,inner,bootstrap_OOB,186,conf/sigmod/ChenDLT00,True,1,url:http://portal.acm.org/citation.cfm%3Fid%3D342009.336560,url:http://portal.acm.org/citation.cfm%3Fid%3D342009.336560,True,0.9999963491257128,0.0343286191898146,0.965667729935898,0.6500000000000001,True,correct,0.6500000000000001,True,correct,0.5000000000000001,0.6224593312018547,True,correct
DBLP,0.6,42,inner,bootstrap_OOB,187,journals/sigmod/GroskyFS94,True,2,sWM6PKw-JaQJ,zMK02pxd4OEJ,True,0.9999965175398676,0.9999839297786692,1.2587761198501468e-05,0.6500000000000001,True,correct,0.6500000000000001,True,correct,0.5000000000000001,0.6224593312018547,True,correct
DBLP,0.6,42,inner,bootstrap_OOB,188,conf/vldb/CormodeKMS03,True,1,0ZQnv8tOzBwJ,0ZQnv8tOzBwJ,True,0.9999955477088992,0.8512853425238773,0.1487102051850219,0.6500000000000001,True,correct,0.6500000000000001,True,correct,0.5000000000000001,0.6224593312018547,True,correct
DBLP,0.6,42,inner,bootstrap_OOB,189,journals/tods/GoldmanL94,True,1,VxMarpzwtzQJ,VxMarpzwtzQJ,True,0.9999960197317912,3.757773602083789e-06,0.999992261958189,0.6500000000000001,True,correct,0.6500000000000001,True,correct,0.5000000000000001,0.6224593312018547,True,correct
DBLP,0.6,42,inner,bootstrap_OOB,190,conf/vldb/GravanoG97,True,2,CduLyvAaxVsJ,CduLyvAaxVsJ,True,0.9999956583961356,0.9999847959002892,1.086249584636434e-05,0.6500000000000001,True,correct,0.6500000000000001,True,correct,0.5000000000000001,0.6224593312018547,True,correct
DBLP,0.6,42,inner,bootstrap_OOB,191,conf/vldb/McHughW99,True,2,bXRF6rASxhgJ,bXRF6rASxhgJ,True,0.9999958200862232,0.9999421629410334,5.365714518990039e-05,0.6500000000000001,True,correct,0.6500000000000001,True,correct,0.5000000000000001,0.6224593312018547,True,correct
DBLP,0.6,42,inner,bootstrap_OOB,192,journals/sigmod/Chaudhri95,True,1,DY6x1fDAy9EJ,DY6x1fDAy9EJ,True,0.9999957553191048,3.2452398167447413e-06,0.999992510079288,0.6500000000000001,True,correct,0.6500000000000001,True,correct,0.5000000000000001,0.6224593312018547,True,correct
DBLP,0.6,42,inner,bootstrap_OOB,193,conf/vldb/HaasKWY97,True,10,6TrmUUoylzIJ,aDDbEmg7oYYJ,True,0.9999943178628332,0.9999930494794396,1.268383393648875e-06,0.6500000000000001,True,correct,0.6500000000000001,True,correct,0.5000000000000001,0.6224593312018547,True,correct
DBLP,0.6,42,inner,bootstrap_OOB,194,conf/vldb/HerlekarDRGS02,False,0,,url:http://portal.acm.org/ft_gateway.cfm%3Fid%3D1099693%26type%3Dpdf,False,2.539523456819364e-06,2.5267536546021184e-06,1.2769802217245368e-08,0.6500000000000001,False,unmatched_abstention,0.6500000000000001,False,unmatched_abstention,0.5000000000000001,0.6224593312018547,False,unmatched_abstention
DBLP,0.6,42,inner,bootstrap_OOB,195,conf/vldb/Spintzik95,True,1,QcD01ZjsNcIJ,QcD01ZjsNcIJ,True,0.9999963896424444,5.29688684094271e-06,0.9999910927556036,0.6500000000000001,True,correct,0.6500000000000001,True,correct,0.5000000000000001,0.6224593312018547,True,correct
DBLP,0.6,42,inner,bootstrap_OOB,196,conf/sigmod/WodtkeWWDM97,True,2,tnXqwH3BXW0J,XoAeyeaR-yAJ,True,0.9999950028955154,0.9999936178182588,1.385077256665923e-06,0.6500000000000001,True,correct,0.6500000000000001,True,correct,0.5000000000000001,0.6224593312018547,True,correct
DBLP,0.6,42,inner,bootstrap_OOB,197,journals/sigmod/SonDT96,True,1,62uEWBKYqgoJ,62uEWBKYqgoJ,True,0.9999958897608058,5.6007151219131856e-05,0.9999398826095868,0.6500000000000001,True,correct,0.6500000000000001,True,correct,0.5000000000000001,0.6224593312018547,True,correct
DBLP,0.6,42,inner,bootstrap_OOB,198,conf/sigmod/WangSSZZW00,True,2,CaplZan57x4J,CaplZan57x4J,True,0.999995816608759,0.9999808801104356,1.4936498323292469e-05,0.6500000000000001,True,correct,0.6500000000000001,True,correct,0.5000000000000001,0.6224593312018547,True,correct
DBLP,0.6,42,inner,bootstrap_OOB,199,conf/vldb/ChandrasekaranF02,True,4,b408sdGcY3UJ,nqosSM46lCkJ,True,0.9999959149854812,0.999994137180397,1.777805084257622e-06,0.6500000000000001,True,correct,0.6500000000000001,True,correct,0.5000000000000001,0.6224593312018547,True,correct
DBLP,0.6,42,inner,bootstrap_OOB,200,journals/tods/WinslettSQ94,True,2,lvZTVlP7s7oJ,lvZTVlP7s7oJ,True,0.999995851771884,0.9999954692815912,3.824902927718199e-07,0.6500000000000001,True,correct,0.6500000000000001,True,correct,0.5000000000000001,0.6224593312018547,True,correct
DBLP,0.6,42,inner,bootstrap_OOB,201,conf/vldb/FlodinR95,True,2,b5vbAhJ4xxMJ,WmtiDGY_BdoJ,True,0.999996397951381,0.9999829537249824,1.3444226398484638e-05,0.6500000000000001,True,correct,0.6500000000000001,True,correct,0.5000000000000001,0.6224593312018547,True,correct
DBLP,0.6,42,inner,bootstrap_OOB,202,journals/sigmod/Gunther97,False,0,,url:http://portal.acm.org/ft_gateway.cfm%3Fid%3D245888%26type%3Dpdf%26dl%3DGUIDE%26dl%3DACM%26CFID%3D11111111%26CFTOKEN%3D2222222,False,3.099440498642606e-05,6.033207873122395e-06,2.4961197113303663e-05,0.6500000000000001,False,unmatched_abstention,0.6500000000000001,False,unmatched_abstention,0.5000000000000001,0.6224593312018547,False,unmatched_abstention
DBLP,0.6,42,inner,bootstrap_OOB,203,conf/sigmod/OrdonezC00,True,1,yWkfJz_YMPkJ,yWkfJz_YMPkJ,True,0.999994640966788,2.4511915134637225e-06,0.9999921897752746,0.6500000000000001,True,correct,0.6500000000000001,True,correct,0.5000000000000001,0.6224593312018547,True,correct
DBLP,0.6,42,inner,bootstrap_OOB,204,journals/vldb/FiebigHKMNSW02,True,1,w_FOwUavk0kJ,w_FOwUavk0kJ,True,0.9999954862908584,3.3222362251702046e-06,0.9999921640546332,0.6500000000000001,True,correct,0.6500000000000001,True,correct,0.5000000000000001,0.6224593312018547,True,correct
DBLP,0.6,42,inner,bootstrap_OOB,205,journals/sigmod/GerlaX03,True,1,KKiefntReoUJ,KKiefntReoUJ,True,0.9999964107041456,2.5155901790200503e-06,0.9999938951139664,0.6500000000000001,True,correct,0.6500000000000001,True,correct,0.5000000000000001,0.6224593312018547,True,correct
DBLP,0.6,42,inner,bootstrap_OOB,206,conf/vldb/ShahabiFKF00,True,1,ln1yHhG7gdgJ,ln1yHhG7gdgJ,True,0.9999967000066334,0.0047697572768424,0.9952269427297912,0.6500000000000001,True,correct,0.6500000000000001,True,correct,0.5000000000000001,0.6224593312018547,True,correct
DBLP,0.6,42,inner,bootstrap_OOB,207,journals/sigmod/Bhashyam96,True,1,url:http://portal.acm.org/ft_gateway.cfm%3Fid%3D245908%26type%3Dpdf%26dl%3DGUIDE%26dl%3DACM%26CFID%3D11111111%26CFTOKEN%3D2222222,url:http://portal.acm.org/ft_gateway.cfm%3Fid%3D245908%26type%3Dpdf%26dl%3DGUIDE%26dl%3DACM%26CFID%3D11111111%26CFTOKEN%3D2222222,True,0.9999959793069076,2.5684931945816924e-06,0.9999934108137132,0.6500000000000001,True,correct,0.6500000000000001,True,correct,0.5000000000000001,0.6224593312018547,True,correct
DBLP,0.6,42,inner,bootstrap_OOB,208,conf/sigmod/Maguire01,True,1,url:http://portal.acm.org/ft_gateway.cfm%3Fid%3D375742%26type%3Dpdf%26dl%3DGUIDE%26dl%3DACM%26CFID%3D11111111%26CFTOKEN%3D2222222,url:http://portal.acm.org/ft_gateway.cfm%3Fid%3D375742%26type%3Dpdf%26dl%3DGUIDE%26dl%3DACM%26CFID%3D11111111%26CFTOKEN%3D2222222,True,0.9999947317983228,2.4773502986041044e-06,0.9999922544480242,0.6500000000000001,True,correct,0.6500000000000001,True,correct,0.5000000000000001,0.6224593312018547,True,correct
DBLP,0.6,42,inner,bootstrap_OOB,209,conf/sigmod/CookWZ94,True,2,BYAEfUWtxgUJ,LiIWlw3oNgUJ,True,0.999993175236866,0.9952447436729888,0.0047484315638771,0.6500000000000001,True,correct,0.6500000000000001,True,correct,0.5000000000000001,0.6224593312018547,True,correct
DBLP,0.6,42,inner,bootstrap_OOB,210,conf/sigmod/ChenJDTW00,True,7,5Trj9q_RI8YJ,fg5EE6R7xYwJ,True,0.9999962250609106,0.9999939814002696,2.243660641054745e-06,0.6500000000000001,True,correct,0.6500000000000001,True,correct,0.5000000000000001,0.6224593312018547,True,correct
DBLP,0.6,42,inner,bootstrap_OOB,211,conf/sigmod/Raghavan03,False,0,,1avO1fqtQ6QJ,False,3.3212541908813686e-06,3.219005802899982e-06,1.022483879813867e-07,0.6500000000000001,False,unmatched_abstention,0.6500000000000001,False,unmatched_abstention,0.5000000000000001,0.6224593312018547,False,unmatched_abstention
DBLP,0.6,42,inner,bootstrap_OOB,212,conf/sigmod/CareyK97,True,5,2OPEy9_6BlEJ,yuAO6FZOXmQJ,True,0.9999928395085588,0.999990926718632,1.9127899270054982e-06,0.6500000000000001,True,correct,0.6500000000000001,True,correct,0.5000000000000001,0.6224593312018547,True,correct
DBLP,0.6,42,inner,bootstrap_OOB,213,conf/sigmod/Hellerstein94,True,2,Nn0LzB8rUPEJ,Nn0LzB8rUPEJ,True,0.9999686832893846,0.0002902385968172,0.9996784446925674,0.6500000000000001,True,correct,0.6500000000000001,True,correct,0.5000000000000001,0.6224593312018547,True,correct
DBLP,0.6,42,inner,bootstrap_OOB,214,conf/vldb/FlescaFM03,True,1,LXjSnbxB7EsJ,LXjSnbxB7EsJ,True,0.999996313210222,0.9992950255487624,0.0007012876614596,0.6500000000000001,True,correct,0.6500000000000001,True,correct,0.5000000000000001,0.6224593312018547,True,correct
DBLP,0.6,42,inner,bootstrap_OOB,215,journals/sigmod/Fong95,True,1,zw3-t-veNvAJ,zw3-t-veNvAJ,True,0.999996548115262,6.454611008100089e-06,0.9999900935042538,0.6500000000000001,True,correct,0.6500000000000001,True,correct,0.5000000000000001,0.6224593312018547,True,correct
DBLP,0.6,42,inner,bootstrap_OOB,216,conf/sigmod/BabcockO03,True,1,acnzsOLHFywJ,acnzsOLHFywJ,True,0.9999938671764808,4.021398686844034e-06,0.999989845777794,0.6500000000000001,True,correct,0.6500000000000001,True,correct,0.5000000000000001,0.6224593312018547,True,correct
DBLP,0.6,42,inner,bootstrap_OOB,217,conf/sigmod/ChengKP03,True,2,egF3o1jH_kgJ,kSt-Pqp2ilYJ,True,0.999995793477314,0.999995760626794,3.2850520192972965e-08,0.6500000000000001,True,correct,0.6500000000000001,True,correct,0.5000000000000001,0.6224593312018547,True,correct
DBLP,0.6,42,inner,bootstrap_OOB,218,conf/sigmod/BlohsfeldKS99,True,1,PQbi3PaRh84J,PQbi3PaRh84J,True,0.9999963444990432,6.44286459547361e-06,0.9999899016344476,0.6500000000000001,True,correct,0.6500000000000001,True,correct,0.5000000000000001,0.6224593312018547,True,correct
DBLP,0.6,42,inner,bootstrap_OOB,219,conf/vldb/PapadiasZMT03,True,1,hJ8VP7FyOL0J,hJ8VP7FyOL0J,True,0.9999961590560156,1.0924247535595409e-05,0.99998523480848,0.6500000000000001,True,correct,0.6500000000000001,True,correct,0.5000000000000001,0.6224593312018547,True,correct
DBLP,0.6,42,inner,bootstrap_OOB,220,conf/sigmod/GarofalakisG02,True,2,6EaC2CmjsmAJ,6EaC2CmjsmAJ,True,0.9999954017589748,0.9999556423476804,3.975941129441552e-05,0.6500000000000001,True,correct,0.6500000000000001,True,correct,0.5000000000000001,0.6224593312018547,True,correct
DBLP,0.6,42,inner,bootstrap_OOB,221,conf/sigmod/DewanSHH94,True,1,GUdXGx4blW8J,GUdXGx4blW8J,True,0.9999945363069056,4.666155809512073e-06,0.999989870151096,0.6500000000000001,True,correct,0.6500000000000001,True,correct,0.5000000000000001,0.6224593312018547,True,correct
DBLP,0.6,42,inner,bootstrap_OOB,222,conf/sigmod/KrishnanVI96,True,1,8tFA4ENYqKQJ,8tFA4ENYqKQJ,True,0.999996085443922,2.5207918869580346e-06,0.9999935646520348,0.6500000000000001,True,correct,0.6500000000000001,True,correct,0.5000000000000001,0.6224593312018547,True,correct
DBLP,0.6,42,inner,bootstrap_OOB,223,journals/sigmod/FernandezFLS97,True,4,9NlVdFCl2ysJ,9NlVdFCl2ysJ,True,0.9999964247247112,0.9999952010172172,1.223707493891446e-06,0.6500000000000001,True,correct,0.6500000000000001,True,correct,0.5000000000000001,0.6224593312018547,True,correct
DBLP,0.6,42,inner,bootstrap_OOB,224,conf/sigmod/RaoR98,True,3,iqZZMPppeKAJ,WlSXiMaxGlQJ,True,0.999996518340166,0.9999964667821492,5.155801674483485e-08,0.6500000000000001,True,correct,0.6500000000000001,True,correct,0.5000000000000001,0.6224593312018547,True,correct
DBLP,0.6,42,inner,bootstrap_OOB,225,journals/vldb/PapazogluK97a,False,0,,kFQl7LX8OQkJ,False,0.9855190305227304,0.8526640213892361,0.1328550091334941,0.6500000000000001,True,false_link,0.6500000000000001,True,false_link,0.5000000000000001,0.6224593312018547,True,false_link
DBLP,0.6,42,inner,bootstrap_OOB,226,conf/sigmod/BryanMCLG94,True,1,nbU-wr3ivUIJ,nbU-wr3ivUIJ,True,0.9999962015263336,3.029082580032324e-06,0.9999931724437536,0.6500000000000001,True,correct,0.6500000000000001,True,correct,0.5000000000000001,0.6224593312018547,True,correct
DBLP,0.6,42,inner,bootstrap_OOB,227,journals/vldb/DattaDVRN01,True,2,icK75z3VuGIJ,icK75z3VuGIJ,True,0.999996452178848,2.325184856589221e-05,0.999973200330282,0.6500000000000001,True,correct,0.6500000000000001,True,correct,0.5000000000000001,0.6224593312018547,True,correct
DBLP,0.6,42,inner,bootstrap_OOB,228,conf/vldb/PapadiasT01,True,2,2V2bnIgsY1kJ,2V2bnIgsY1kJ,True,0.9999883403696112,0.9999879382532894,4.02116321907009e-07,0.6500000000000001,True,correct,0.6500000000000001,True,correct,0.5000000000000001,0.6224593312018547,True,correct
DBLP,0.6,42,inner,bootstrap_OOB,229,journals/vldb/BerchtoldKK97,True,1,VHo2go6vjYsJ,VHo2go6vjYsJ,True,0.9999967265302998,2.4975710027622992e-06,0.999994228959297,0.6500000000000001,True,correct,0.6500000000000001,True,correct,0.5000000000000001,0.6224593312018547,True,correct
DBLP,0.6,42,inner,bootstrap_OOB,230,journals/sigmod/UlusoyB96,True,1,LclVYrb7vJoJ,LclVYrb7vJoJ,True,0.9999968089643818,2.96524748111818e-06,0.9999938437169008,0.6500000000000001,True,correct,0.6500000000000001,True,correct,0.5000000000000001,0.6224593312018547,True,correct
DBLP,0.6,42,inner,bootstrap_OOB,231,journals/tods/MuralidharS99,True,1,dKvepAPYBmcJ,dKvepAPYBmcJ,True,0.9999955347396956,0.000127783546685,0.9998677511930106,0.6500000000000001,True,correct,0.6500000000000001,True,correct,0.5000000000000001,0.6224593312018547,True,correct
DBLP,0.6,42,inner,bootstrap_OOB,232,conf/vldb/IdrisGC94,True,2,esWYQTXHBfUJ,Xf7TnMxlGTkJ,True,0.999995438912991,0.9984167250599348,0.0015787138530563,0.6500000000000001,True,correct,0.6500000000000001,True,correct,0.5000000000000001,0.6224593312018547,True,correct
DBLP,0.6,42,inner,bootstrap_OOB,233,journals/sigmod/NascimentoM99,True,1,url:http://portal.acm.org/ft_gateway.cfm%3Fid%3D310062%26type%3Dpdf%26dl%3DGUIDE%26dl%3DACM%26CFID%3D11111111%26CFTOKEN%3D2222222,url:http://portal.acm.org/ft_gateway.cfm%3Fid%3D310062%26type%3Dpdf%26dl%3DGUIDE%26dl%3DACM%26CFID%3D11111111%26CFTOKEN%3D2222222,True,0.9999958895687304,4.804674925254429e-06,0.9999910848938052,0.6500000000000001,True,correct,0.6500000000000001,True,correct,0.5000000000000001,0.6224593312018547,True,correct
DBLP,0.6,42,inner,bootstrap_OOB,234,conf/vldb/PalpanasSCP02,True,1,nlh2WXZT3VIJ,nlh2WXZT3VIJ,True,0.9999954153417776,2.9746480578447816e-06,0.9999924406937196,0.6500000000000001,True,correct,0.6500000000000001,True,correct,0.5000000000000001,0.6224593312018547,True,correct
DBLP,0.6,42,inner,bootstrap_OOB,235,conf/sigmod/HernandezMHYHT01,True,3,89WHY6hZ22UJ,pOFhgBVYVTkJ,True,0.9999959649482818,0.999994891754585,1.0731936967989242e-06,0.6500000000000001,True,correct,0.6500000000000001,True,correct,0.5000000000000001,0.6224593312018547,True,correct
DBLP,0.6,42,inner,bootstrap_OOB,236,conf/sigmod/BabcockCD03,True,1,mbhZ3gSR3NMJ,mbhZ3gSR3NMJ,True,0.9999962088114172,2.569321258932362e-06,0.9999936394901582,0.6500000000000001,True,correct,0.6500000000000001,True,correct,0.5000000000000001,0.6224593312018547,True,correct
DBLP,0.6,42,inner,bootstrap_OOB,237,conf/vldb/SchmidtWKCMB02,True,3,CvGGYMrKR2sJ,CvGGYMrKR2sJ,True,0.9999954347222368,0.9999953467002174,8.802201933999498e-08,0.6500000000000001,True,correct,0.6500000000000001,True,correct,0.5000000000000001,0.6224593312018547,True,correct
DBLP,0.6,42,inner,bootstrap_OOB,238,conf/vldb/ColletCS94,True,4,Iap8Eg0Sm8oJ,uMutI8spj1QJ,True,0.9999964272231008,0.9999950968177588,1.3304053421148154e-06,0.6500000000000001,True,correct,0.6500000000000001,True,correct,0.5000000000000001,0.6224593312018547,True,correct
DBLP,0.6,42,inner,bootstrap_OOB,239,conf/vldb/Jacobs97,True,1,U-98tPsJi6EJ,U-98tPsJi6EJ,True,0.9999961672487128,2.9439933803611374e-06,0.9999932232553324,0.6500000000000001,True,correct,0.6500000000000001,True,correct,0.5000000000000001,0.6224593312018547,True,correct
DBLP,0.6,42,inner,bootstrap_OOB,240,conf/vldb/ScheuermannSV96,True,5,42whesD5Rl8J,kxebBNLKWl4J,True,0.999995848946308,0.9999894371671773,6.411779130632844e-06,0.6500000000000001,True,correct,0.6500000000000001,True,correct,0.5000000000000001,0.6224593312018547,True,correct
DBLP,0.6,42,inner,bootstrap_OOB,241,conf/vldb/X00,False,0,,url:http://portal.acm.org/ft_gateway.cfm%3Fid%3D764213%26type%3Dpdf%26dl%3DGUIDE%26dl%3DACM%26CFID%3D11111111%26CFTOKEN%3D2222222,False,4.3021230226211874e-06,2.792287263484609e-06,1.5098357591365785e-06,0.6500000000000001,False,unmatched_abstention,0.6500000000000001,False,unmatched_abstention,0.5000000000000001,0.6224593312018547,False,unmatched_abstention
DBLP,0.6,42,inner,bootstrap_OOB,242,conf/vldb/ShanmugasundaramSBCLPR00,True,4,_bdp5T8SSuoJ,HKM-zP0LT_UJ,True,0.999996231226354,0.9999954214151796,8.098111742294023e-07,0.6500000000000001,True,correct,0.6500000000000001,True,correct,0.5000000000000001,0.6224593312018547,True,correct
DBLP,0.6,42,inner,bootstrap_OOB,243,conf/sigmod/JajodiaSSB97,True,4,4_fm8LWVWHMJ,p-m7MMOS2aUJ,True,0.9999964039476246,0.999996377322745,2.662487952331816e-08,0.6500000000000001,True,correct,0.6500000000000001,True,correct,0.5000000000000001,0.6224593312018547,True,correct
DBLP,0.6,42,inner,bootstrap_OOB,244,conf/vldb/SavasereON95,True,11,1WArdj4NhEoJ,N-o3NPu-nbIJ,True,0.9999960367576832,0.999995291548009,7.45209674080094e-07,0.6500000000000001,True,correct,0.6500000000000001,True,correct,0.5000000000000001,0.6224593312018547,True,correct
DBLP,0.6,42,inner,bootstrap_OOB,245,conf/vldb/Mohan01,True,2,6rkYIagTMckJ,tAO-l_SkmSwJ,True,0.999996236954696,0.9999851260142532,1.1110940442593533e-05,0.6500000000000001,True,correct,0.6500000000000001,True,correct,0.5000000000000001,0.6224593312018547,True,correct
DBLP,0.6,42,inner,bootstrap_OOB,246,journals/tods/LiuM96,True,3,moMP8RcSDhgJ,TNx5vnRHHxMJ,True,0.999995428814708,0.9999483212327844,4.7107581923500064e-05,0.6500000000000001,True,correct,0.6500000000000001,True,correct,0.5000000000000001,0.6224593312018547,True,correct
DBLP,0.6,42,inner,bootstrap_OOB,247,conf/sigmod/Sarawagi00,True,2,H_bdYlpD79oJ,-cYYeoF2GwMJ,True,0.9999148572890816,0.995251752352634,0.0046631049364476,0.6500000000000001,True,correct,0.6500000000000001,True,correct,0.5000000000000001,0.6224593312018547,True,correct
DBLP,0.6,42,inner,bootstrap_OOB,248,conf/vldb/KounevB02,True,2,DayIdkLVfyIJ,mq4cLaNqTDQJ,True,0.9999964155957092,0.999994730768277,1.684827432235636e-06,0.6500000000000001,True,correct,0.6500000000000001,True,correct,0.5000000000000001,0.6224593312018547,True,correct
DBLP,0.6,42,inner,bootstrap_OOB,249,journals/vldb/ShyyASL96,True,4,1J2ubL0l2UMJ,n8EWz5rQancJ,True,0.9999967018314516,0.999996697569872,4.2615796447265106e-09,0.6500000000000001,True,correct,0.6500000000000001,True,correct,0.5000000000000001,0.6224593312018547,True,correct
DBLP,0.6,42,inner,bootstrap_OOB,250,journals/sigmod/Lomet98,True,2,xLM0YVcccUgJ,xLM0YVcccUgJ,True,0.9999953893101,0.9999932074819446,2.181828155256582e-06,0.6500000000000001,True,correct,0.6500000000000001,True,correct,0.5000000000000001,0.6224593312018547,True,correct
DBLP,0.6,42,inner,bootstrap_OOB,251,conf/vldb/ArgePRSV98,True,4,A5Eiwdh71m0J,H-AQePr2evUJ,True,0.9999942506537032,0.9999932504359216,1.0002177818213551e-06,0.6500000000000001,True,correct,0.6500000000000001,True,correct,0.5000000000000001,0.6224593312018547,True,correct
DBLP,0.6,42,inner,bootstrap_OOB,252,conf/vldb/Cuppens96,True,1,8_HtXom0CVgJ,8_HtXom0CVgJ,True,0.9999946973058296,2.65953763089971e-06,0.9999920377681986,0.6500000000000001,True,correct,0.6500000000000001,True,correct,0.5000000000000001,0.6224593312018547,True,correct
DBLP,0.6,42,inner,bootstrap_OOB,253,conf/sigmod/BrinkhoffKSS94a,True,1,yp82ArYEGxIJ,yp82ArYEGxIJ,True,0.9999936396495716,5.328552856898565e-06,0.9999883110967148,0.6500000000000001,True,correct,0.6500000000000001,True,correct,0.5000000000000001,0.6224593312018547,True,correct
DBLP,0.6,42,inner,bootstrap_OOB,254,conf/vldb/Hamilton99,True,1,_zPTedzhFhQJ,_zPTedzhFhQJ,True,0.999995412726426,4.400676563381188e-06,0.9999910120498624,0.6500000000000001,True,correct,0.6500000000000001,True,correct,0.5000000000000001,0.6224593312018547,True,correct
DBLP,0.6,42,inner,bootstrap_OOB,255,conf/sigmod/MohanN94,True,1,_2hj6snS3foJ,_2hj6snS3foJ,True,0.9999966374225444,2.6566008243860807e-05,0.9999700714143004,0.6500000000000001,True,correct,0.6500000000000001,True,correct,0.5000000000000001,0.6224593312018547,True,correct
DBLP,0.6,42,inner,bootstrap_OOB,256,conf/sigmod/Zeller03,False,0,,amSBALWOE6cJ,False,1.620780165103432e-05,2.869473164496498e-06,1.3338328486537824e-05,0.6500000000000001,False,unmatched_abstention,0.6500000000000001,False,unmatched_abstention,0.5000000000000001,0.6224593312018547,False,unmatched_abstention
DBLP,0.6,42,inner,bootstrap_OOB,257,conf/vldb/SakuraiYUK00,True,1,K2xCMgImpVkJ,K2xCMgImpVkJ,True,0.9999956230717342,4.892291581195629e-05,0.9999467001559222,0.6500000000000001,True,correct,0.6500000000000001,True,correct,0.5000000000000001,0.6224593312018547,True,correct
DBLP,0.6,42,inner,bootstrap_OOB,258,journals/sigmod/Snodgrass00a,False,0,,NHxHsUH9L5MJ,False,0.1237683303382885,0.0087862280402515,0.114982102298037,0.6500000000000001,False,unmatched_abstention,0.6500000000000001,False,unmatched_abstention,0.5000000000000001,0.6224593312018547,False,unmatched_abstention
DBLP,0.6,42,inner,bootstrap_OOB,259,journals/sigmod/ShethMKA01,True,1,url:http://portal.acm.org/ft_gateway.cfm%3Fid%3D604286%26type%3Dpdf%26dl%3DGUIDE%26dl%3DACM%26CFID%3D11111111%26CFTOKEN%3D2222222,url:http://portal.acm.org/ft_gateway.cfm%3Fid%3D604286%26type%3Dpdf%26dl%3DGUIDE%26dl%3DACM%26CFID%3D11111111%26CFTOKEN%3D2222222,True,0.9999966877511216,2.508805242383176e-06,0.9999941789458792,0.6500000000000001,True,correct,0.6500000000000001,True,correct,0.5000000000000001,0.6224593312018547,True,correct
DBLP,0.6,42,inner,bootstrap_OOB,260,journals/vldb/LiR99,True,2,Ko9e8CH2Si4J,nu5nhxl6WXQJ,True,0.999994077748788,0.9946408002784036,0.0053532774703843,0.6500000000000001,True,correct,0.6500000000000001,True,correct,0.5000000000000001,0.6224593312018547,True,correct
DBLP,0.6,42,inner,bootstrap_OOB,261,journals/sigmod/JacobS99,True,1,3-iiSyJLwLkJ,3-iiSyJLwLkJ,True,0.9999951338422391,0.9999889204613606,6.213380878583585e-06,0.6500000000000001,True,correct,0.6500000000000001,True,correct,0.5000000000000001,0.6224593312018547,True,correct
DBLP,0.6,42,inner,bootstrap_OOB,262,journals/sigmod/WolfsonSDNR95,True,1,R51Yi7sWJ6EJ,R51Yi7sWJ6EJ,True,0.9999956805694404,3.2046585847103846e-06,0.9999924759108558,0.6500000000000001,True,correct,0.6500000000000001,True,correct,0.5000000000000001,0.6224593312018547,True,correct
DBLP,0.6,42,inner,bootstrap_OOB,263,conf/vldb/CareyK98,True,1,MCuFKbwcWIIJ,MCuFKbwcWIIJ,True,0.9999958433488422,2.5447867880123986e-06,0.9999932985620542,0.6500000000000001,True,correct,0.6500000000000001,True,correct,0.5000000000000001,0.6224593312018547,True,correct
DBLP,0.6,42,inner,bootstrap_OOB,264,conf/sigmod/Seshadri03,False,0,,SEV-9px9auoJ,False,2.5706668200260456e-06,2.543969056945881e-06,2.669776308016461e-08,0.6500000000000001,False,unmatched_abstention,0.6500000000000001,False,unmatched_abstention,0.5000000000000001,0.6224593312018547,False,unmatched_abstention
DBLP,0.6,42,inner,bootstrap_OOB,265,conf/sigmod/HanKS97,True,4,_EEZCcB1BPYJ,nD_Yjp9TNuIJ,True,0.9999964750883636,0.9999961496746346,3.2541372896321974e-07,0.6500000000000001,True,correct,0.6500000000000001,True,correct,0.5000000000000001,0.6224593312018547,True,correct
DBLP,0.6,42,inner,bootstrap_OOB,266,conf/vldb/AcharyaGP99,True,1,-7tsGpHin24J,-7tsGpHin24J,True,0.9999958358579268,0.0539495834436055,0.9460462524143214,0.6500000000000001,True,correct,0.6500000000000001,True,correct,0.5000000000000001,0.6224593312018547,True,correct
DBLP,0.6,42,inner,bootstrap_OOB,267,journals/tods/Hellerstein98,True,5,Ae-y0LICgtkJ,q8m4M7OxSSAJ,True,0.9999956754749688,0.9999941045154777,1.5709594913815297e-06,0.6500000000000001,True,correct,0.6500000000000001,True,correct,0.5000000000000001,0.6224593312018547,True,correct
DBLP,0.6,42,inner,bootstrap_OOB,268,journals/sigmod/Liu01b,False,0,,url:http://portal.acm.org/citation.cfm%3Fid%3D945721.945727%26coll%3DGUIDE%26dl%3DACM%26idx%3DJ689%26part%3Dperiodical%26WantType%3Dperiodical%26title%3DACM%2520SIGMOD%2520Record%26CFID%3D11111111%26CFTOKEN%3D2222222,False,5.573691542665736e-06,5.229114033964116e-06,3.445775087016205e-07,0.6500000000000001,False,unmatched_abstention,0.6500000000000001,False,unmatched_abstention,0.5000000000000001,0.6224593312018547,False,unmatched_abstention
DBLP,0.6,42,inner,bootstrap_OOB,269,conf/vldb/Norvag99,True,1,6kiYvzSHBvEJ,6kiYvzSHBvEJ,True,0.9999935690566992,3.4329324577424456e-06,0.9999901361242414,0.6500000000000001,True,correct,0.6500000000000001,True,correct,0.5000000000000001,0.6224593312018547,True,correct
DBLP,0.6,42,inner,bootstrap_OOB,270,journals/sigmod/FrewD97,True,2,5jMT1PENhSIJ,5jMT1PENhSIJ,True,0.9999958399264374,0.9999949625597018,8.773667355965742e-07,0.6500000000000001,True,correct,0.6500000000000001,True,correct,0.5000000000000001,0.6224593312018547,True,correct
DBLP,0.6,42,inner,bootstrap_OOB,271,conf/sigmod/VitterW99,True,2,1UFq52qqErUJ,P5oJUiow7lsJ,True,0.999995166629258,0.9999527738243186,4.239280493956166e-05,0.6500000000000001,True,correct,0.6500000000000001,True,correct,0.5000000000000001,0.6224593312018547,True,correct
DBLP,0.6,42,inner,bootstrap_OOB,272,conf/sigmod/ChoiC02,True,1,D8a4umAppIcJ,D8a4umAppIcJ,True,0.9999956334905044,2.150940457105554e-05,0.9999741240859334,0.6500000000000001,True,correct,0.6500000000000001,True,correct,0.5000000000000001,0.6224593312018547,True,correct
DBLP,0.6,42,inner,bootstrap_OOB,273,conf/vldb/MatthesS94,True,2,KRLEL-N4Ce8J,KRLEL-N4Ce8J,True,0.999994081678398,5.3204249348632014e-05,0.9999408774290494,0.6500000000000001,True,correct,0.6500000000000001,True,correct,0.5000000000000001,0.6224593312018547,True,correct
DBLP,0.6,42,inner,bootstrap_OOB,274,conf/sigmod/LabioYG99,True,1,Z5kfiPj7fGMJ,Z5kfiPj7fGMJ,True,0.9999937377494388,1.196088825243421e-05,0.9999817768611864,0.6500000000000001,True,correct,0.6500000000000001,True,correct,0.5000000000000001,0.6224593312018547,True,correct
DBLP,0.6,42,inner,bootstrap_OOB,275,conf/sigmod/SeidlK98,True,2,B8MoLkcvms4J,TodiMgxv4vMJ,True,0.9999957010390786,0.9999911501257428,4.550913335954476e-06,0.6500000000000001,True,correct,0.6500000000000001,True,correct,0.5000000000000001,0.6224593312018547,True,correct
DBLP,0.6,42,inner,bootstrap_OOB,276,conf/sigmod/AgrawalCFGHIIMMSS94,True,1,bXnzC8MN_joJ,bXnzC8MN_joJ,True,0.9999949540012248,2.97473600109219e-06,0.9999919792652238,0.6500000000000001,True,correct,0.6500000000000001,True,correct,0.5000000000000001,0.6224593312018547,True,correct
DBLP,0.6,42,inner,bootstrap_OOB,277,conf/vldb/IoannidisLGP96,True,4,jazpbJzP6k8J,U04OC6OSBT0J,True,0.99999521631995,0.9999948532612176,3.630587324110479e-07,0.6500000000000001,True,correct,0.6500000000000001,True,correct,0.5000000000000001,0.6224593312018547,True,correct
DBLP,0.6,42,inner,bootstrap_OOB,278,conf/sigmod/LabioZWGGW97,True,3,Hxnlcwm_RhMJ,Hxnlcwm_RhMJ,True,0.9999967990891684,0.9999967683861596,3.070300880203547e-08,0.6500000000000001,True,correct,0.6500000000000001,True,correct,0.5000000000000001,0.6224593312018547,True,correct
DBLP,0.6,42,inner,bootstrap_OOB,279,conf/vldb/WangC03,True,3,B1uNI67mfJcJ,B1uNI67mfJcJ,True,0.9999960228166328,0.999990615580392,5.407236240873026e-06,0.6500000000000001,True,correct,0.6500000000000001,True,correct,0.5000000000000001,0.6224593312018547,True,correct
DBLP,0.6,42,inner,bootstrap_OOB,280,conf/vldb/KoudasMJ99,True,2,dRemTC899xcJ,dRemTC899xcJ,True,0.9999962960828804,0.9999948185115572,1.4775713231829355e-06,0.6500000000000001,True,correct,0.6500000000000001,True,correct,0.5000000000000001,0.6224593312018547,True,correct
DBLP,0.6,42,inner,bootstrap_OOB,281,conf/sigmod/DattaDRTV01,True,2,1ivmtE5W6FsJ,qK-N8yVLSWUJ,True,0.9999964037932958,0.9999962779815856,1.2581171027203908e-07,0.6500000000000001,True,correct,0.6500000000000001,True,correct,0.5000000000000001,0.6224593312018547,True,correct
DBLP,0.6,42,inner,bootstrap_OOB,282,journals/sigmod/Mendelzon98,False,0,,LxniIL-QAhgJ,False,0.0015781448128522,1.9641396239469483e-05,0.0015585034166128,0.6500000000000001,False,unmatched_abstention,0.6500000000000001,False,unmatched_abstention,0.5000000000000001,0.6224593312018547,False,unmatched_abstention
DBLP,0.6,42,inner,bootstrap_OOB,283,conf/vldb/Suciu96,True,2,D45fvUWVon0J,D45fvUWVon0J,True,0.9999964744462382,0.908370499709216,0.091625974737022,0.6500000000000001,True,correct,0.6500000000000001,True,correct,0.5000000000000001,0.6224593312018547,True,correct
DBLP,0.6,42,inner,bootstrap_OOB,284,conf/vldb/ShaferA97,True,1,O4UcgdEM7vYJ,O4UcgdEM7vYJ,True,0.9999963778858404,0.0419620267984649,0.9580343510873756,0.6500000000000001,True,correct,0.6500000000000001,True,correct,0.5000000000000001,0.6224593312018547,True,correct
DBLP,0.6,42,inner,bootstrap_OOB,285,journals/tods/LeveneL99,True,1,iwPgaJ1eQrkJ,iwPgaJ1eQrkJ,True,0.9999955614955564,3.008463850964783e-06,0.9999925530317056,0.6500000000000001,True,correct,0.6500000000000001,True,correct,0.5000000000000001,0.6224593312018547,True,correct
DBLP,0.6,42,inner,bootstrap_OOB,286,conf/sigmod/BrinMUT97,True,13,0cOrb6RuPW0J,vIwsSOGQOWAJ,True,0.9999953814898708,0.9999953240885676,5.74013032661469e-08,0.6500000000000001,True,correct,0.6500000000000001,True,correct,0.5000000000000001,0.6224593312018547,True,correct
DBLP,0.6,42,inner,bootstrap_OOB,287,conf/sigmod/Mohan96,True,8,14cgU3tAHtgJ,f9JfEpe5a24J,True,0.9999961933415614,0.999969607033835,2.6586307726450545e-05,0.6500000000000001,True,correct,0.6500000000000001,True,correct,0.5000000000000001,0.6224593312018547,True,correct
DBLP,0.6,42,inner,bootstrap_OOB,288,conf/vldb/AgrawalSX02,True,1,a1CLM5GoVtYJ,a1CLM5GoVtYJ,True,0.9999963066646884,1.4107244605218466e-05,0.999982199420083,0.6500000000000001,True,correct,0.6500000000000001,True,correct,0.5000000000000001,0.6224593312018547,True,correct
DBLP,0.6,42,inner,bootstrap_OOB,289,conf/vldb/DagevilleZ02,True,1,x9bmOZxOlE8J,x9bmOZxOlE8J,True,0.9999954924809136,3.693708686426653e-06,0.9999917987722272,0.6500000000000001,True,correct,0.6500000000000001,True,correct,0.5000000000000001,0.6224593312018547,True,correct
DBLP,0.6,42,inner,bootstrap_OOB,290,conf/sigmod/Weininger02,True,1,iXkSngvyu08J,iXkSngvyu08J,True,0.9999951078080888,5.939558921873055e-06,0.9999891682491668,0.6500000000000001,True,correct,0.6500000000000001,True,correct,0.5000000000000001,0.6224593312018547,True,correct
DBLP,0.6,42,inner,bootstrap_OOB,291,conf/vldb/Bhashyam96,True,1,url:http://portal.acm.org/ft_gateway.cfm%3Fid%3D245908%26type%3Dpdf%26dl%3DGUIDE%26dl%3DACM%26CFID%3D11111111%26CFTOKEN%3D2222222,url:http://portal.acm.org/ft_gateway.cfm%3Fid%3D245908%26type%3Dpdf%26dl%3DGUIDE%26dl%3DACM%26CFID%3D11111111%26CFTOKEN%3D2222222,True,0.9999954616229706,2.6554724740155474e-06,0.9999928061504966,0.6500000000000001,True,correct,0.6500000000000001,True,correct,0.5000000000000001,0.6224593312018547,True,correct
DBLP,0.6,42,inner,bootstrap_OOB,292,journals/vldb/MaedcheMS03,True,1,qKJ1c8D-95wJ,qKJ1c8D-95wJ,True,0.9999961646746004,3.639246448943255e-06,0.9999925254281512,0.6500000000000001,True,correct,0.6500000000000001,True,correct,0.5000000000000001,0.6224593312018547,True,correct
DBLP,0.6,42,inner,bootstrap_OOB,293,journals/sigmod/Liu03b,False,0,,url:http://portal.acm.org/citation.cfm%3Fid%3D945721.945727%26coll%3DGUIDE%26dl%3DACM%26idx%3DJ689%26part%3Dperiodical%26WantType%3Dperiodical%26title%3DACM%2520SIGMOD%2520Record%26CFID%3D11111111%26CFTOKEN%3D2222222,False,5.283787750064976e-05,2.923713881486041e-05,2.3600738685789356e-05,0.6500000000000001,False,unmatched_abstention,0.6500000000000001,False,unmatched_abstention,0.5000000000000001,0.6224593312018547,False,unmatched_abstention
DBLP,0.6,42,inner,bootstrap_OOB,294,journals/vldb/BohmAnY97,True,4,O7IuKWfq4RYJ,PALTnITURBcJ,True,0.9999963400166012,0.9999963239148856,1.61017157385146e-08,0.6500000000000001,True,correct,0.6500000000000001,True,correct,0.5000000000000001,0.6224593312018547,True,correct
DBLP,0.6,42,inner,bootstrap_OOB,295,conf/sigmod/Atkinson95,True,1,url:http://portal.acm.org/citation.cfm%3Fid%3D223874,url:http://portal.acm.org/citation.cfm%3Fid%3D223874,True,0.9999967540235154,3.0275461550806024e-06,0.9999937264773604,0.6500000000000001,True,correct,0.6500000000000001,True,correct,0.5000000000000001,0.6224593312018547,True,correct
DBLP,0.6,42,inner,bootstrap_OOB,296,conf/sigmod/ZhangZPTL03,True,1,S3lELcdpzTkJ,S3lELcdpzTkJ,True,0.9999956792180948,0.001601597828751,0.9983940813893438,0.6500000000000001,True,correct,0.6500000000000001,True,correct,0.5000000000000001,0.6224593312018547,True,correct
DBLP,0.6,42,inner,bootstrap_OOB,297,journals/tods/YanG94,True,3,fx6kDLBa8q8J,X7w4rQXqf70J,True,0.9999921677782524,0.9999842427790564,7.924999195996207e-06,0.6500000000000001,True,correct,0.6500000000000001,True,correct,0.5000000000000001,0.6224593312018547,True,correct
DBLP,0.6,42,inner,bootstrap_OOB,298,conf/vldb/KoschBBHHLRT01,True,1,xvNBOkc3UkcJ,xvNBOkc3UkcJ,True,0.9999951802769412,0.0001165021144111,0.99987867816253,0.6500000000000001,True,correct,0.6500000000000001,True,correct,0.5000000000000001,0.6224593312018547,True,correct
DBLP,0.6,42,inner,bootstrap_OOB,299,journals/sigmod/YauLMS99,True,2,bhVBJw9Rp3QJ,vWwVQvcIrbEJ,True,0.9999957171701146,0.9999916506487472,4.066521367418474e-06,0.6500000000000001,True,correct,0.6500000000000001,True,correct,0.5000000000000001,0.6224593312018547,True,correct
DBLP,0.6,42,inner,bootstrap_OOB,300,conf/sigmod/TatarinovVBSSZ02,True,2,0HlMHEPJRH4J,0HlMHEPJRH4J,True,0.9999958214771963,0.9999951485310664,6.729461299315176e-07,0.6500000000000001,True,correct,0.6500000000000001,True,correct,0.5000000000000001,0.6224593312018547,True,correct
DBLP,0.6,42,inner,bootstrap_OOB,301,conf/sigmod/JoshiA01,True,2,H9bMRYKnXMQJ,H9bMRYKnXMQJ,True,0.9999949622522328,0.9999840239527776,1.0938299455198752e-05,0.6500000000000001,True,correct,0.6500000000000001,True,correct,0.5000000000000001,0.6224593312018547,True,correct
DBLP,0.6,42,inner,bootstrap_OOB,302,conf/vldb/ReuterCGSW95,True,1,url:http://portal.acm.org/citation.cfm%3Fid%3D645921.673318,url:http://portal.acm.org/citation.cfm%3Fid%3D645921.673318,True,0.9999952708021164,0.9998798818506832,0.0001153889514329,0.6500000000000001,True,correct,0.6500000000000001,True,correct,0.5000000000000001,0.6224593312018547,True,correct
DBLP,0.6,42,inner,bootstrap_OOB,303,journals/tods/LitwinN96,True,4,d7by8a0ArhIJ,eKvrxzDXW0AJ,True,0.999995907756358,0.9999848584383276,1.1049318030198483e-05,0.6500000000000001,True,correct,0.6500000000000001,True,correct,0.5000000000000001,0.6224593312018547,True,correct
DBLP,0.6,42,inner,bootstrap_OOB,304,conf/vldb/FegarasE01,True,1,pinPEM3Rvm0J,pinPEM3Rvm0J,True,0.999996085253524,4.250023600930634e-06,0.9999918352299232,0.6500000000000001,True,correct,0.6500000000000001,True,correct,0.5000000000000001,0.6224593312018547,True,correct
DBLP,0.6,42,inner,bootstrap_OOB,305,journals/vldb/GarofalakisOS98,True,1,byJ0lVRijnkJ,byJ0lVRijnkJ,True,0.999995804190762,2.222771221959233e-05,0.9999735764785423,0.6500000000000001,True,correct,0.6500000000000001,True,correct,0.5000000000000001,0.6224593312018547,True,correct
DBLP,0.6,42,inner,bootstrap_OOB,306,journals/sigmod/VelACM01,True,1,LseDURw3BXMJ,LseDURw3BXMJ,True,0.9999821691170492,2.430866378643106e-06,0.9999797382506704,0.6500000000000001,True,correct,0.6500000000000001,True,correct,0.5000000000000001,0.6224593312018547,True,correct
DBLP,0.6,42,inner,bootstrap_OOB,307,conf/sigmod/SubramanianV98,True,1,KxwymZ2AGNQJ,KxwymZ2AGNQJ,True,0.9999953819391116,2.576891532407458e-06,0.9999928050475791,0.6500000000000001,True,correct,0.6500000000000001,True,correct,0.5000000000000001,0.6224593312018547,True,correct
DBLP,0.6,42,inner,bootstrap_OOB,308,journals/vldb/AgrawalAJL95,True,1,EyOHVek12P0J,EyOHVek12P0J,True,0.9999957249968476,4.641647651433501e-06,0.9999910833491964,0.6500000000000001,True,correct,0.6500000000000001,True,correct,0.5000000000000001,0.6224593312018547,True,correct
DBLP,0.6,42,inner,bootstrap_OOB,309,conf/vldb/YanG95,True,2,baVAtfo4WCoJ,lr_Kq9SZLY8J,True,0.9999960679785116,0.9999954953901846,5.725883270857324e-07,0.6500000000000001,True,correct,0.6500000000000001,True,correct,0.5000000000000001,0.6224593312018547,True,correct
DBLP,0.6,42,inner,bootstrap_OOB,310,conf/vldb/ChungCLL01,True,1,mJiDvbtTKWoJ,mJiDvbtTKWoJ,True,0.9999957952380536,6.680148124762488e-06,0.9999891150899288,0.6500000000000001,True,correct,0.6500000000000001,True,correct,0.5000000000000001,0.6224593312018547,True,correct
DBLP,0.6,42,inner,bootstrap_OOB,311,journals/vldb/AbiteboulCM98,True,3,rZcRXL6ueUMJ,WzT3S2G1FjcJ,True,0.9999961628087516,0.9999356884915904,6.047431716105223e-05,0.6500000000000001,True,correct,0.6500000000000001,True,correct,0.5000000000000001,0.6224593312018547,True,correct
DBLP,0.6,42,inner,bootstrap_OOB,312,conf/sigmod/LiGS02,True,1,DZzqgw2TJ-MJ,DZzqgw2TJ-MJ,True,0.9999959395171302,2.695808713140622e-06,0.999993243708417,0.6500000000000001,True,correct,0.6500000000000001,True,correct,0.5000000000000001,0.6224593312018547,True,correct
DBLP,0.6,42,inner,bootstrap_OOB,313,conf/vldb/KonigW99,True,1,6HMffRHCspAJ,6HMffRHCspAJ,True,0.9999963784350334,0.99247436510715,0.0075220133278834,0.6500000000000001,True,correct,0.6500000000000001,True,correct,0.5000000000000001,0.6224593312018547,True,correct
DBLP,0.6,42,inner,bootstrap_OOB,314,conf/vldb/SayalCDS02,True,1,0acvmJtaI8QJ,0acvmJtaI8QJ,True,0.9999958586180936,4.075170133097226e-06,0.9999917834479604,0.6500000000000001,True,correct,0.6500000000000001,True,correct,0.5000000000000001,0.6224593312018547,True,correct
DBLP,0.6,42,inner,bootstrap_OOB,315,conf/sigmod/GionisGK01,True,1,cy_Fe935WMAJ,cy_Fe935WMAJ,True,0.999885698895962,2.928541720796244e-06,0.9998827703542412,0.6500000000000001,True,correct,0.6500000000000001,True,correct,0.5000000000000001,0.6224593312018547,True,correct
DBLP,0.6,42,inner,bootstrap_OOB,316,journals/sigmod/Bestavros96,True,1,Q2y53UR0g6oJ,Q2y53UR0g6oJ,True,0.999993645494185,0.9999522775474762,4.136794670883681e-05,0.6500000000000001,True,correct,0.6500000000000001,True,correct,0.5000000000000001,0.6224593312018547,True,correct
DBLP,0.6,42,inner,bootstrap_OOB,317,journals/sigmod/DemersGRTY03,True,1,QObLZuX-xBMJ,QObLZuX-xBMJ,True,0.999996344363081,3.0896623952287958e-06,0.9999932547006858,0.6500000000000001,True,correct,0.6500000000000001,True,correct,0.5000000000000001,0.6224593312018547,True,correct
DBLP,0.6,42,inner,bootstrap_OOB,318,conf/sigmod/Ullman03,True,1,TabFkjNTLMsJ,TabFkjNTLMsJ,True,0.9999962542089924,3.228388704430574e-06,0.999993025820288,0.6500000000000001,True,correct,0.6500000000000001,True,correct,0.5000000000000001,0.6224593312018547,True,correct
DBLP,0.6,42,inner,bootstrap_OOB,319,journals/tods/StolboushkinT98,True,1,ZnWLup8HMkUJ,ZnWLup8HMkUJ,True,0.999996377277832,2.2099372765619305e-05,0.9999742779050664,0.6500000000000001,True,correct,0.6500000000000001,True,correct,0.5000000000000001,0.6224593312018547,True,correct
DBLP,0.6,42,inner,bootstrap_OOB,320,journals/sigmod/AlonsoCIM95,True,1,5LlePa4wQmEJ,5LlePa4wQmEJ,True,0.9999962588500416,2.583481152464447e-06,0.9999936753688892,0.6500000000000001,True,correct,0.6500000000000001,True,correct,0.5000000000000001,0.6224593312018547,True,correct
DBLP,0.6,42,inner,bootstrap_OOB,321,journals/sigmod/Liu02a,False,0,,url:http://portal.acm.org/citation.cfm%3Fid%3D945721.945727%26coll%3DGUIDE%26dl%3DACM%26idx%3DJ689%26part%3Dperiodical%26WantType%3Dperiodical%26title%3DACM%2520SIGMOD%2520Record%26CFID%3D11111111%26CFTOKEN%3D2222222,False,6.105233206188367e-06,5.075032267961476e-06,1.030200938226891e-06,0.6500000000000001,False,unmatched_abstention,0.6500000000000001,False,unmatched_abstention,0.5000000000000001,0.6224593312018547,False,unmatched_abstention
DBLP,0.6,42,inner,bootstrap_OOB,322,conf/vldb/Hallmark95,True,2,tiAgO7G7YuAJ,xTKZ6OuegIEJ,True,0.999988326517786,1.7034298320854574e-05,0.9999712922194652,0.6500000000000001,True,correct,0.6500000000000001,True,correct,0.5000000000000001,0.6224593312018547,True,correct
DBLP,0.6,42,inner,bootstrap_OOB,323,conf/vldb/PedersenJD99,True,3,a36_v9H699oJ,sAUncbolYJ8J,True,0.9999966745178296,0.9999941230512412,2.551466588451845e-06,0.6500000000000001,True,correct,0.6500000000000001,True,correct,0.5000000000000001,0.6224593312018547,True,correct
DBLP,0.6,42,inner,bootstrap_OOB,324,conf/sigmod/Ubell94,True,3,lphlTARDI9YJ,ZrMjnFuPnI0J,True,0.9996944524632484,0.5182407183224622,0.481453734140786,0.6500000000000001,True,correct,0.6500000000000001,True,correct,0.5000000000000001,0.6224593312018547,True,correct
DBLP,0.6,42,inner,bootstrap_OOB,325,conf/sigmod/YangWYH02,True,1,xsaovu54vl4J,xsaovu54vl4J,True,0.9999947984948042,0.0033364042734936,0.9966583942213106,0.6500000000000001,True,correct,0.6500000000000001,True,correct,0.5000000000000001,0.6224593312018547,True,correct
DBLP,0.6,42,inner,bootstrap_OOB,326,journals/vldb/HuangDT99,False,0,,zODPED9-QZEJ,False,0.9999950231842084,2.6248307279855275e-06,0.9999923983534804,0.6500000000000001,True,false_link,0.6500000000000001,True,false_link,0.5000000000000001,0.6224593312018547,True,false_link
DBLP,0.6,42,inner,bootstrap_OOB,327,conf/vldb/ShanmugasundaramGTZDN99,True,13,C5EoaXfZ7BsJ,NADaoJJSRfQJ,True,0.9999962331020432,0.9999961009135084,1.321885347849161e-07,0.6500000000000001,True,correct,0.6500000000000001,True,correct,0.5000000000000001,0.6224593312018547,True,correct
DBLP,0.6,42,inner,bootstrap_OOB,328,journals/sigmod/GamacheS95,True,1,vqgfvx71hgQJ,vqgfvx71hgQJ,True,0.99999632137232,2.558142923265405e-06,0.9999937632293966,0.6500000000000001,True,correct,0.6500000000000001,True,correct,0.5000000000000001,0.6224593312018547,True,correct
DBLP,0.6,42,inner,bootstrap_OOB,329,journals/sigmod/Fankhauser01,True,1,_sltXCfRKhYJ,_sltXCfRKhYJ,True,0.9999958415130704,2.6576816881565834e-06,0.999993183831382,0.6500000000000001,True,correct,0.6500000000000001,True,correct,0.5000000000000001,0.6224593312018547,True,correct
DBLP,0.6,42,inner,bootstrap_OOB,330,journals/sigmod/Seligman97,True,1,url:http://portal.acm.org/citation.cfm%3Fid%3D601858.601872%26dl%3DGUIDE%26dl%3Dacm%26type%3Dissue%26idx%3DJ689%26part%3Dperiodical%26WantType%3Dperiodical%26title%3DACM%2520SIGMOD%2520Record%26CFID%3D11111111%26CFTOKEN%3D2222222,url:http://portal.acm.org/citation.cfm%3Fid%3D601858.601872%26dl%3DGUIDE%26dl%3Dacm%26type%3Dissue%26idx%3DJ689%26part%3Dperiodical%26WantType%3Dperiodical%26title%3DACM%2520SIGMOD%2520Record%26CFID%3D11111111%26CFTOKEN%3D2222222,True,0.999723408906638,3.778040004390949e-06,0.9997196308666336,0.6500000000000001,True,correct,0.6500000000000001,True,correct,0.5000000000000001,0.6224593312018547,True,correct
DBLP,0.6,42,inner,bootstrap_OOB,331,conf/vldb/Sullivan96,True,1,zGRQ_2im_9MJ,zGRQ_2im_9MJ,True,0.9999963326094268,2.746538981664639e-06,0.9999935860704452,0.6500000000000001,True,correct,0.6500000000000001,True,correct,0.5000000000000001,0.6224593312018547,True,correct
DBLP,0.6,42,inner,bootstrap_OOB,332,conf/sigmod/KornJF97,True,5,atWqYF6LcuwJ,o5T-Jfvv930J,True,0.9999960041649564,0.999995479178384,5.249865722145586e-07,0.6500000000000001,True,correct,0.6500000000000001,True,correct,0.5000000000000001,0.6224593312018547,True,correct
DBLP,0.6,42,inner,bootstrap_OOB,333,journals/sigmod/BawaCCDGGKMSSVY03,True,1,7gJjI63FlyYJ,7gJjI63FlyYJ,True,0.9999902930322492,3.5716901505465943e-06,0.9999867213420988,0.6500000000000001,True,correct,0.6500000000000001,True,correct,0.5000000000000001,0.6224593312018547,True,correct
DBLP,0.6,42,inner,bootstrap_OOB,334,conf/sigmod/KornM00,True,2,HlhXdvHzlvwJ,HlhXdvHzlvwJ,True,0.9999959482437888,0.9999951203562544,8.278875345268943e-07,0.6500000000000001,True,correct,0.6500000000000001,True,correct,0.5000000000000001,0.6224593312018547,True,correct
DBLP,0.6,42,inner,bootstrap_OOB,335,conf/vldb/SeshadriLR97,True,8,ad-TVNZBg8YJ,kIzNmOrszKoJ,True,0.9999965894823838,0.9999963910572782,1.98425105568667e-07,0.6500000000000001,True,correct,0.6500000000000001,True,correct,0.5000000000000001,0.6224593312018547,True,correct
DBLP,0.6,42,inner,bootstrap_OOB,336,conf/vldb/HaberIL95,True,1,UM1ZozyrJnIJ,UM1ZozyrJnIJ,True,0.9999959155698032,2.4239123238833123e-06,0.9999934916574794,0.6500000000000001,True,correct,0.6500000000000001,True,correct,0.5000000000000001,0.6224593312018547,True,correct
DBLP,0.6,42,inner,bootstrap_OOB,337,journals/sigmod/Wu02,True,2,url:http://portal.acm.org/citation.cfm%3Fid%3D637411.637426%26dl%3DGUIDE%26dl%3DACM%26idx%3D637411%26part%3Dperiodical%26WantType%3Dperiodical%26title%3DACM%2520SIGMOD%2520Record%26CFID%3D11111111%26CFTOKEN%3D2222222,url:http://portal.acm.org/citation.cfm%3Fid%3D637411.637426%26dl%3DGUIDE%26dl%3DACM%26idx%3D637411%26part%3Dperiodical%26WantType%3Dperiodical%26title%3DACM%2520SIGMOD%2520Record%26CFID%3D11111111%26CFTOKEN%3D2222222,True,0.999994739765574,0.9999835077229604,1.123204261377353e-05,0.6500000000000001,True,correct,0.6500000000000001,True,correct,0.5000000000000001,0.6224593312018547,True,correct
DBLP,0.6,42,inner,bootstrap_OOB,338,journals/sigmod/AtzeniM98,True,2,HtxGbMkTXdsJ,iPSta_aqkJYJ,False,0.918174965000385,0.2744409831374551,0.64373398186293,0.6500000000000001,True,false_link,0.6500000000000001,True,false_link,0.5000000000000001,0.6224593312018547,True,false_link
DBLP,0.6,42,inner,bootstrap_OOB,339,conf/vldb/RamamurthyDS02,True,3,DAlyofX710AJ,DAlyofX710AJ,True,0.9999938162464148,0.999991692711812,2.123534602826993e-06,0.6500000000000001,True,correct,0.6500000000000001,True,correct,0.5000000000000001,0.6224593312018547,True,correct
DBLP,0.6,42,inner,bootstrap_OOB,340,conf/sigmod/KiepuszewskiMO98,True,5,909hLNR8130J,T3Zm8WKD_FYJ,True,0.9999944636408956,0.999993804470201,6.591706944725217e-07,0.6500000000000001,True,correct,0.6500000000000001,True,correct,0.5000000000000001,0.6224593312018547,True,correct
DBLP,0.6,42,inner,bootstrap_OOB,341,conf/vldb/KossmannRR02,True,1,iGlztgiSTe4J,iGlztgiSTe4J,True,0.999996093823434,2.9205399375529043e-06,0.9999931732834964,0.6500000000000001,True,correct,0.6500000000000001,True,correct,0.5000000000000001,0.6224593312018547,True,correct
DBLP,0.6,42,inner,bootstrap_OOB,342,conf/sigmod/Ozsu99,True,1,cifMTT3UYjQJ,cifMTT3UYjQJ,True,0.9999927406211976,0.0301212744116932,0.9698714662095044,0.6500000000000001,True,correct,0.6500000000000001,True,correct,0.5000000000000001,0.6224593312018547,True,correct
DBLP,0.6,42,inner,bootstrap_OOB,343,conf/vldb/HulgeriS03,True,1,l5_H15LkpCsJ,l5_H15LkpCsJ,True,0.999996687365726,9.685976644785658e-06,0.9999870013890813,0.6500000000000001,True,correct,0.6500000000000001,True,correct,0.5000000000000001,0.6224593312018547,True,correct
DBLP,0.6,42,inner,bootstrap_OOB,344,conf/sigmod/LarsonG03,True,3,14VyjJ0mnBMJ,14VyjJ0mnBMJ,True,0.9999960744304596,0.0296614850262162,0.9703345894042434,0.6500000000000001,True,correct,0.6500000000000001,True,correct,0.5000000000000001,0.6224593312018547,True,correct
DBLP,0.6,42,inner,bootstrap_OOB,345,journals/sigmod/SilberschatzSU96,True,5,_MXfp9GHEqQJ,_ZsI_bVIJMwJ,True,0.9999964474185212,0.9999953784321124,1.0689864087254364e-06,0.6500000000000001,True,correct,0.6500000000000001,True,correct,0.5000000000000001,0.6224593312018547,True,correct
DBLP,0.6,42,inner,bootstrap_OOB,346,journals/sigmod/Aberer03,False,0,,url:http://portal.acm.org/ft_gateway.cfm%3Fid%3D959078%26type%3Dpdf%26dl%3DGUIDE%26dl%3DACM%26CFID%3D11111111%26CFTOKEN%3D2222222,False,3.239293679893276e-05,1.4526608864886588e-05,1.7866327934046168e-05,0.6500000000000001,False,unmatched_abstention,0.6500000000000001,False,unmatched_abstention,0.5000000000000001,0.6224593312018547,False,unmatched_abstention
DBLP,0.6,42,inner,bootstrap_OOB,347,journals/sigmod/FrankNS02,True,1,YeD6vittJSMJ,YeD6vittJSMJ,True,0.6993712943599769,7.766257390605114e-05,0.6992936317860708,0.6500000000000001,True,correct,0.6500000000000001,True,correct,0.5000000000000001,0.6224593312018547,True,correct
DBLP,0.6,42,inner,bootstrap_OOB,348,conf/vldb/Mattos03,True,2,0ZvKAMWwp80J,HeE1NxaX5t8J,True,0.9999946539935508,0.9998293633021876,0.0001652906913631,0.6500000000000001,True,correct,0.6500000000000001,True,correct,0.5000000000000001,0.6224593312018547,True,correct
DBLP,0.6,42,inner,bootstrap_OOB,349,conf/sigmod/ShashaB02,True,2,3HUnvGuXtZEJ,DEl2TsijDYEJ,True,0.999991404226218,0.9999842520029462,7.152223271744695e-06,0.6500000000000001,True,correct,0.6500000000000001,True,correct,0.5000000000000001,0.6224593312018547,True,correct
DBLP,0.6,42,inner,bootstrap_OOB,350,conf/sigmod/AgrawalCN01,True,1,2Ua-pWTof_YJ,2Ua-pWTof_YJ,True,0.9999960226004304,0.0032544165717438,0.9967416060286868,0.6500000000000001,True,correct,0.6500000000000001,True,correct,0.5000000000000001,0.6224593312018547,True,correct
DBLP,0.6,42,inner,bootstrap_OOB,351,journals/vldb/KashyapS96,True,5,AaTvigmNyAcJ,yWyvTMAVVzwJ,True,0.9999962144655254,0.9999957207955332,4.936699923296928e-07,0.6500000000000001,True,correct,0.6500000000000001,True,correct,0.5000000000000001,0.6224593312018547,True,correct
DBLP,0.6,42,inner,bootstrap_OOB,352,journals/tods/PetersO97,True,2,er0r8doAGUQJ,mQp5jjo-npAJ,True,0.999994894462464,0.9998961594540436,9.873500842039196e-05,0.6500000000000001,True,correct,0.6500000000000001,True,correct,0.5000000000000001,0.6224593312018547,True,correct
DBLP,0.6,42,inner,bootstrap_OOB,353,conf/vldb/DesslochM97,True,2,CjtIFow-OWcJ,CjtIFow-OWcJ,True,0.9999965420923064,0.9997896081965508,0.0002069338957555,0.6500000000000001,True,correct,0.6500000000000001,True,correct,0.5000000000000001,0.6224593312018547,True,correct
DBLP,0.6,42,inner,bootstrap_OOB,354,conf/sigmod/GodfreySE98,True,2,f5cqkpUXl0kJ,f5cqkpUXl0kJ,True,0.999995949097652,0.9999958100567392,1.390409126722503e-07,0.6500000000000001,True,correct,0.6500000000000001,True,correct,0.5000000000000001,0.6224593312018547,True,correct
DBLP,0.6,42,inner,bootstrap_OOB,355,conf/vldb/Guting94,True,4,_0wERrIJ168J,584tvD8f6AAJ,True,0.9999939821234344,0.9999228638233144,7.111830011985454e-05,0.6500000000000001,True,correct,0.6500000000000001,True,correct,0.5000000000000001,0.6224593312018547,True,correct
DBLP,0.6,42,inner,bootstrap_OOB,356,journals/sigmod/RamamrithamSSTX96,True,1,kezAM71rts0J,kezAM71rts0J,True,0.9999962612040654,8.294938461542117e-06,0.9999879662656038,0.6500000000000001,True,correct,0.6500000000000001,True,correct,0.5000000000000001,0.6224593312018547,True,correct
DBLP,0.6,42,inner,bootstrap_OOB,357,conf/vldb/LinLYZ03,True,1,9rbctPoEdNUJ,9rbctPoEdNUJ,True,0.9999950586916913,2.648684072106171e-06,0.9999924100076192,0.6500000000000001,True,correct,0.6500000000000001,True,correct,0.5000000000000001,0.6224593312018547,True,correct
DBLP,0.6,42,inner,bootstrap_OOB,358,journals/sigmod/BernsteinDK99,True,3,MsK0xHsckUIJ,Ye5fTBiMoUwJ,True,0.999984520880231,0.9999754734612524,9.04741897855832e-06,0.6500000000000001,True,correct,0.6500000000000001,True,correct,0.5000000000000001,0.6224593312018547,True,correct
DBLP,0.6,42,inner,bootstrap_OOB,359,journals/sigmod/BaaderJN97,True,3,dr4SzOhnLB8J,url:http://portal.acm.org/ft_gateway.cfm%3Fid%3D274461%26type%3Dpdf%26dl%3DGUIDE%26dl%3DACM%26CFID%3D11111111%26CFTOKEN%3D2222222,True,0.9999923496697392,0.9999905932783896,1.756391349583275e-06,0.6500000000000001,True,correct,0.6500000000000001,True,correct,0.5000000000000001,0.6224593312018547,True,correct
DBLP,0.6,42,inner,bootstrap_OOB,360,conf/sigmod/Weininger00,True,1,url:http://portal.acm.org/citation.cfm%3Fid%3D335465,url:http://portal.acm.org/citation.cfm%3Fid%3D335465,True,0.9999966401664392,2.540870374796175e-06,0.9999940992960644,0.6500000000000001,True,correct,0.6500000000000001,True,correct,0.5000000000000001,0.6224593312018547,True,correct
DBLP,0.6,42,inner,bootstrap_OOB,361,journals/vldb/MecellaP01,True,1,_JwGwZUTAOEJ,_JwGwZUTAOEJ,True,0.999996537875268,0.9981763247800532,0.0018202130952149,0.6500000000000001,True,correct,0.6500000000000001,True,correct,0.5000000000000001,0.6224593312018547,True,correct
DBLP,0.6,42,inner,bootstrap_OOB,362,conf/sigmod/Galindo-LegariaJ01,True,1,BSlaDX5r0HQJ,BSlaDX5r0HQJ,True,0.9999954696142814,2.8334394985728287e-06,0.9999926361747828,0.6500000000000001,True,correct,0.6500000000000001,True,correct,0.5000000000000001,0.6224593312018547,True,correct
DBLP,0.6,42,inner,bootstrap_OOB,363,journals/sigmod/NgH95,True,2,qolJkVC2MoYJ,url:http://portal.acm.org/citation.cfm%3Fid%3D202660.202665%26dl%3DGUIDE%26dl%3DACM%26idx%3DJ689%26part%3Dperiodical%26WantType%3Dperiodical%26title%3DACM%2520SIGMOD%2520Record%26CFID%3D11111111%26CFTOKEN%3D2222222,True,0.999996377422934,0.9999841101515392,1.2267271395027812e-05,0.6500000000000001,True,correct,0.6500000000000001,True,correct,0.5000000000000001,0.6224593312018547,True,correct
DBLP,0.6,42,inner,bootstrap_OOB,364,conf/sigmod/KornackerMH97,True,4,J8sGEkYqAFcJ,v34_ZFX7kZYJ,True,0.9999956559857204,0.9999952621076944,3.93878025750638e-07,0.6500000000000001,True,correct,0.6500000000000001,True,correct,0.5000000000000001,0.6224593312018547,True,correct
DBLP,0.6,42,inner,bootstrap_OOB,365,conf/vldb/MogiK95,True,1,39DBh8H18iEJ,39DBh8H18iEJ,True,0.9999963258881072,3.336858426844828e-06,0.9999929890296804,0.6500000000000001,True,correct,0.6500000000000001,True,correct,0.5000000000000001,0.6224593312018547,True,correct
DBLP,0.6,42,inner,bootstrap_OOB,366,conf/sigmod/MiloAABN03,True,2,fHp5E4Rxt7cJ,fHp5E4Rxt7cJ,True,0.9999957851529674,0.99999364385775,2.1412952174726385e-06,0.6500000000000001,True,correct,0.6500000000000001,True,correct,0.5000000000000001,0.6224593312018547,True,correct
DBLP,0.6,42,inner,bootstrap_OOB,367,conf/vldb/FerrandinaMZ94,True,1,yQ2TMZ92GaIJ,yQ2TMZ92GaIJ,True,0.9999964227226944,0.0029016674281089,0.9970947552945856,0.6500000000000001,True,correct,0.6500000000000001,True,correct,0.5000000000000001,0.6224593312018547,True,correct
DBLP,0.6,42,inner,bootstrap_OOB,368,journals/sigmod/RossCGLLM01,False,0,,uPBlQ76s_g4J,False,0.9999742625156036,0.9999467023129428,2.7560202660925626e-05,0.6500000000000001,True,false_link,0.6500000000000001,True,false_link,0.5000000000000001,0.6224593312018547,True,false_link
DBLP,0.6,42,inner,bootstrap_OOB,369,conf/vldb/HulgeriS02,True,2,syoqNSarAscJ,xGcM9AuhrBMJ,True,0.9999961462030852,0.9999947919527332,1.354250351970343e-06,0.6500000000000001,True,correct,0.6500000000000001,True,correct,0.5000000000000001,0.6224593312018547,True,correct
DBLP,0.6,42,inner,bootstrap_OOB,370,journals/tods/BunemanO96,True,3,Q28u7TpTgI0J,-ZDi1Wdy_DoJ,True,0.9999955022069288,0.999994144170802,1.358036126997142e-06,0.6500000000000001,True,correct,0.6500000000000001,True,correct,0.5000000000000001,0.6224593312018547,True,correct
DBLP,0.6,42,inner,bootstrap_OOB,371,conf/sigmod/NgLK98,True,1,kJVhJ4ruw6sJ,kJVhJ4ruw6sJ,True,0.998720275119132,2.580996380748809e-06,0.9987176941227512,0.6500000000000001,True,correct,0.6500000000000001,True,correct,0.5000000000000001,0.6224593312018547,True,correct
DBLP,0.6,42,inner,bootstrap_OOB,372,conf/vldb/MoserKK95,True,4,53hNU_r6-jgJ,53hNU_r6-jgJ,True,0.9999963712959484,0.99999293384196,3.4374539884529653e-06,0.6500000000000001,True,correct,0.6500000000000001,True,correct,0.5000000000000001,0.6224593312018547,True,correct
DBLP,0.6,42,inner,bootstrap_OOB,373,journals/sigmod/SycaraKWL99,True,6,7OyvdUHeptMJ,YgouJdrCoZQJ,True,0.9999962174066572,0.9999953998510154,8.175556418521523e-07,0.6500000000000001,True,correct,0.6500000000000001,True,correct,0.5000000000000001,0.6224593312018547,True,correct
DBLP,0.6,42,inner,bootstrap_OOB,374,conf/vldb/Baru96,False,0,,DEl2TsijDYEJ,False,2.6726012532461086e-06,2.605469931825128e-06,6.713132142098065e-08,0.6500000000000001,False,unmatched_abstention,0.6500000000000001,False,unmatched_abstention,0.5000000000000001,0.6224593312018547,False,unmatched_abstention
DBLP,0.6,42,inner,bootstrap_OOB,375,conf/vldb/Hess96,True,1,Gia7489k5t4J,Gia7489k5t4J,True,0.9999955729813744,4.507785612659983e-06,0.9999910651957616,0.6500000000000001,True,correct,0.6500000000000001,True,correct,0.5000000000000001,0.6224593312018547,True,correct
DBLP,0.6,42,inner,bootstrap_OOB,376,conf/vldb/MengLYWCR98,True,2,8nbZx7j7RAUJ,EcpPzbn2EaIJ,True,0.9999951692605314,0.9999913988879896,3.7703725418447576e-06,0.6500000000000001,True,correct,0.6500000000000001,True,correct,0.5000000000000001,0.6224593312018547,True,correct
DBLP,0.6,42,inner,bootstrap_OOB,377,journals/sigmod/MeltzerC98,True,2,77mq-gn4LiAJ,77mq-gn4LiAJ,True,0.9999965445449296,0.999478481041129,0.0005180635038004,0.6500000000000001,True,correct,0.6500000000000001,True,correct,0.5000000000000001,0.6224593312018547,True,correct
DBLP,0.6,42,inner,bootstrap_OOB,378,conf/vldb/May01,True,1,Fb4oYRM9N4EJ,Fb4oYRM9N4EJ,True,0.9999959539276658,2.6968115570977985e-06,0.9999932571161088,0.6500000000000001,True,correct,0.6500000000000001,True,correct,0.5000000000000001,0.6224593312018547,True,correct
DBLP,0.6,42,inner,bootstrap_OOB,379,conf/vldb/KahveciS01,True,3,bYV1jynEEO8J,frMKnMtrsksJ,True,0.9999943212323756,0.9999672336759052,2.708755647018446e-05,0.6500000000000001,True,correct,0.6500000000000001,True,correct,0.5000000000000001,0.6224593312018547,True,correct
DBLP,0.6,42,inner,bootstrap_OOB,380,conf/sigmod/NgLHM99,True,1,YemauUgIzlcJ,YemauUgIzlcJ,True,0.9999924055769784,0.9982503163475496,0.0017420892294286,0.6500000000000001,True,correct,0.6500000000000001,True,correct,0.5000000000000001,0.6224593312018547,True,correct
DBLP,0.6,42,inner,bootstrap_OOB,381,conf/vldb/ChaudhuriW00,True,2,OuM0E0BhEXIJ,OuM0E0BhEXIJ,True,0.9999955689476084,0.9999952868757715,2.820718368878872e-07,0.6500000000000001,True,correct,0.6500000000000001,True,correct,0.5000000000000001,0.6224593312018547,True,correct
DBLP,0.6,42,inner,bootstrap_OOB,382,conf/vldb/Vieille98,True,1,nlyEH7GkrjoJ,nlyEH7GkrjoJ,True,0.9999959242002264,2.6226088032993435e-06,0.9999933015914232,0.6500000000000001,True,correct,0.6500000000000001,True,correct,0.5000000000000001,0.6224593312018547,True,correct
DBLP,0.6,42,inner,bootstrap_OOB,383,conf/vldb/OoiYTJ01,True,2,RFEE_MNM8IUJ,RFEE_MNM8IUJ,True,0.9999957655886478,0.9999950085585864,7.570300614156977e-07,0.6500000000000001,True,correct,0.6500000000000001,True,correct,0.5000000000000001,0.6224593312018547,True,correct
DBLP,0.6,42,inner,bootstrap_OOB,384,conf/sigmod/WangCMSSZ94,True,4,_Xj-7At79joJ,ZM65itnp_E4J,True,0.9999959733322868,0.9999952606435116,7.126887751063293e-07,0.6500000000000001,True,correct,0.6500000000000001,True,correct,0.5000000000000001,0.6224593312018547,True,correct
DBLP,0.6,42,inner,bootstrap_OOB,385,journals/vldb/KraissW98,True,3,K0aOFYBWg3AJ,LMz7v87sxxYJ,True,0.9999966828703476,0.999996580346874,1.02523473599625e-07,0.6500000000000001,True,correct,0.6500000000000001,True,correct,0.5000000000000001,0.6224593312018547,True,correct
DBLP,0.6,42,inner,bootstrap_OOB,386,conf/vldb/OuzzaniAB94,True,3,CgoUJ7DogcwJ,CgoUJ7DogcwJ,True,0.999996254130402,0.9999958942113026,3.599190994130197e-07,0.6500000000000001,True,correct,0.6500000000000001,True,correct,0.5000000000000001,0.6224593312018547,True,correct
DBLP,0.6,42,inner,bootstrap_OOB,387,journals/vldb/HalkidiNVV03,True,3,C_X4Frh2wHIJ,J0hrpRuvSgMJ,True,0.9999962197507072,0.9999714795844096,2.4740166297387844e-05,0.6500000000000001,True,correct,0.6500000000000001,True,correct,0.5000000000000001,0.6224593312018547,True,correct
DBLP,0.6,42,inner,bootstrap_OOB,388,conf/vldb/AnSVKIG01,True,3,4Q5ikiCy82UJ,HosSI1GtRY8J,True,0.9999962637525864,0.991763765804289,0.0082324979482973,0.6500000000000001,True,correct,0.6500000000000001,True,correct,0.5000000000000001,0.6224593312018547,True,correct
DBLP,0.6,42,inner,bootstrap_OOB,389,conf/vldb/VorugantiOU99,True,3,ItOlYY7ITt0J,ItOlYY7ITt0J,True,0.9999955709163764,0.9999945758829396,9.950334365349534e-07,0.6500000000000001,True,correct,0.6500000000000001,True,correct,0.5000000000000001,0.6224593312018547,True,correct
DBLP,0.6,42,inner,bootstrap_OOB,390,conf/vldb/Kleewein96,True,1,rXaCSxty6AAJ,rXaCSxty6AAJ,True,0.9999958938941292,2.831748444466364e-06,0.9999930621456848,0.6500000000000001,True,correct,0.6500000000000001,True,correct,0.5000000000000001,0.6224593312018547,True,correct
DBLP,0.6,42,inner,bootstrap_OOB,391,conf/vldb/OlstonW00,True,5,1uei4ivV-PgJ,R_hYW6eIUuYJ,True,0.999996700025516,0.9999958816034294,8.184220865459224e-07,0.6500000000000001,True,correct,0.6500000000000001,True,correct,0.5000000000000001,0.6224593312018547,True,correct
DBLP,0.6,42,inner,bootstrap_OOB,392,journals/sigmod/Alonso95a,False,0,,uzEcNW5U3V4J,False,1.5826768751845104e-05,4.638603149797062e-06,1.1188165602048042e-05,0.6500000000000001,False,unmatched_abstention,0.6500000000000001,False,unmatched_abstention,0.5000000000000001,0.6224593312018547,False,unmatched_abstention
DBLP,0.6,42,inner,bootstrap_OOB,393,conf/sigmod/JarkeQCLFLVV00,True,2,AYtgczYwVnYJ,bl_VrPzIIPwJ,True,0.999996018228345,0.9999956712951652,3.469331797401054e-07,0.6500000000000001,True,correct,0.6500000000000001,True,correct,0.5000000000000001,0.6224593312018547,True,correct
DBLP,0.6,42,inner,bootstrap_OOB,394,conf/vldb/AlsabtiRS97,True,2,-0Lu8VIRYtEJ,nqOZsUydoQkJ,True,0.9999967802911194,0.999993899969773,2.8803213464323463e-06,0.6500000000000001,True,correct,0.6500000000000001,True,correct,0.5000000000000001,0.6224593312018547,True,correct
DBLP,0.6,42,inner,bootstrap_OOB,395,conf/vldb/BrightR02,True,1,lovlkpxUzUsJ,lovlkpxUzUsJ,True,0.9999965614318336,2.863805931208587e-06,0.9999936976259024,0.6500000000000001,True,correct,0.6500000000000001,True,correct,0.5000000000000001,0.6224593312018547,True,correct
DBLP,0.6,42,inner,bootstrap_OOB,396,conf/sigmod/StonebrakerH01,True,3,ltEmsluBrYkJ,ltEmsluBrYkJ,True,0.9999964689110488,0.999996436862822,3.20482267390787e-08,0.6500000000000001,True,correct,0.6500000000000001,True,correct,0.5000000000000001,0.6224593312018547,True,correct
DBLP,0.6,42,inner,bootstrap_OOB,397,journals/tods/Chomicki95,False,0,,QVmWvrI3myQJ,False,0.4295299228880895,3.3168797491011307e-06,0.4295266060083405,0.6500000000000001,False,unmatched_abstention,0.6500000000000001,False,unmatched_abstention,0.5000000000000001,0.6224593312018547,False,unmatched_abstention
DBLP,0.6,42,inner,bootstrap_OOB,398,conf/sigmod/GaoW02,True,1,PZTESZecfnQJ,PZTESZecfnQJ,True,0.999996282919323,4.103017410135279e-06,0.9999921799019128,0.6500000000000001,True,correct,0.6500000000000001,True,correct,0.5000000000000001,0.6224593312018547,True,correct
DBLP,0.6,42,inner,bootstrap_OOB,399,journals/sigmod/HansonN99,True,4,b5uRDGKYrcMJ,b5uRDGKYrcMJ,True,0.9999958604897397,0.9999909482559992,4.912233740550498e-06,0.6500000000000001,True,correct,0.6500000000000001,True,correct,0.5000000000000001,0.6224593312018547,True,correct
DBLP,0.6,42,inner,bootstrap_OOB,400,conf/vldb/MillerHH00,True,7,6vtHcpLApB8J,KTp2S_xbXfYJ,True,0.9999950672842968,0.9999932734918442,1.7937924526867377e-06,0.6500000000000001,True,correct,0.6500000000000001,True,correct,0.5000000000000001,0.6224593312018547,True,correct
DBLP,0.6,42,inner,bootstrap_OOB,401,journals/tods/ChaudhuriS99,True,5,31oH64SXpRcJ,QCFUIVkspywJ,True,0.9999955184002588,0.9999943269376176,1.1914626412146134e-06,0.6500000000000001,True,correct,0.6500000000000001,True,correct,0.5000000000000001,0.6224593312018547,True,correct
DBLP,0.6,42,inner,bootstrap_OOB,402,conf/sigmod/ZaianeHLCC98,True,6,eauaGLr5uCUJ,GfRmtB2qhgYJ,True,0.9999964384935176,0.9999960755683794,3.629251382752941e-07,0.6500000000000001,True,correct,0.6500000000000001,True,correct,0.5000000000000001,0.6224593312018547,True,correct
DBLP,0.6,42,inner,bootstrap_OOB,403,conf/sigmod/ZouS96,True,2,DYFIQvOg7rgJ,DYFIQvOg7rgJ,True,0.9999966253497956,0.9999958794426868,7.459071088566915e-07,0.6500000000000001,True,correct,0.6500000000000001,True,correct,0.5000000000000001,0.6224593312018547,True,correct
DBLP,0.6,42,inner,bootstrap_OOB,404,conf/vldb/Chakrabarti02,False,0,,gCbzy6m01RQJ,False,5.986251649121525e-06,4.530623352000222e-06,1.4556282971213025e-06,0.6500000000000001,False,unmatched_abstention,0.6500000000000001,False,unmatched_abstention,0.5000000000000001,0.6224593312018547,False,unmatched_abstention
DBLP,0.6,42,inner,bootstrap_OOB,405,conf/vldb/KemmeA00,True,2,MoiF5MYTIrYJ,-McZOyw__qQJ,True,0.999996460016408,0.9999934475384892,3.0124779186735395e-06,0.6500000000000001,True,correct,0.6500000000000001,True,correct,0.5000000000000001,0.6224593312018547,True,correct
DBLP,0.6,42,inner,bootstrap_OOB,406,journals/tods/LechtenborgerV03,True,1,94m93uP4GM4J,94m93uP4GM4J,True,0.9999961568832448,3.1910325750149617e-06,0.9999929658506698,0.6500000000000001,True,correct,0.6500000000000001,True,correct,0.5000000000000001,0.6224593312018547,True,correct
DBLP,0.6,42,inner,bootstrap_OOB,407,conf/sigmod/GehrkeKS01,True,3,f6JFkfhawW8J,f6JFkfhawW8J,True,0.99999668637044,0.9999930246645924,3.661705847646246e-06,0.6500000000000001,True,correct,0.6500000000000001,True,correct,0.5000000000000001,0.6224593312018547,True,correct
DBLP,0.6,42,inner,bootstrap_OOB,408,conf/vldb/GaasterlandL94,True,2,cVgF0jn9q6MJ,oIFrkS2rPrcJ,True,0.9999963104667342,0.0925434978729321,0.907452812593802,0.6500000000000001,True,correct,0.6500000000000001,True,correct,0.5000000000000001,0.6224593312018547,True,correct
DBLP,0.6,42,inner,bootstrap_OOB,409,conf/sigmod/HjaltasonS98,True,2,3mwWUz_ORNYJ,3mwWUz_ORNYJ,True,0.9999953051205736,0.9999791885092916,1.6116611281979942e-05,0.6500000000000001,True,correct,0.6500000000000001,True,correct,0.5000000000000001,0.6224593312018547,True,correct
DBLP,0.6,42,inner,bootstrap_OOB,410,conf/sigmod/BohmA96,True,1,978pJCGhaGoJ,978pJCGhaGoJ,True,0.99999450419404,3.523479883340875e-06,0.9999909807141568,0.6500000000000001,True,correct,0.6500000000000001,True,correct,0.5000000000000001,0.6224593312018547,True,correct
DBLP,0.6,42,inner,bootstrap_OOB,411,journals/sigmod/DoanPK95,True,1,c0TSepqRwwMJ,c0TSepqRwwMJ,True,0.999995971304196,2.7210024290949216e-06,0.999993250301767,0.6500000000000001,True,correct,0.6500000000000001,True,correct,0.5000000000000001,0.6224593312018547,True,correct
DBLP,0.6,42,inner,bootstrap_OOB,412,journals/sigmod/LudascherMM01,True,2,16yr6uv8Rn8J,16yr6uv8Rn8J,True,0.999996033328078,0.0196610686806841,0.980334964647394,0.6500000000000001,True,correct,0.6500000000000001,True,correct,0.5000000000000001,0.6224593312018547,True,correct
DBLP,0.6,42,inner,bootstrap_OOB,413,journals/sigmod/ElmagarmidJF95,True,1,CJK2SWLYrRYJ,CJK2SWLYrRYJ,True,0.9999967780242603,2.6636852183060524e-06,0.999994114339042,0.6500000000000001,True,correct,0.6500000000000001,True,correct,0.5000000000000001,0.6224593312018547,True,correct
DBLP,0.6,42,inner,bootstrap_OOB,414,journals/sigmod/Gardels97,True,1,PlitMluIJyYJ,PlitMluIJyYJ,True,0.9999963837740932,0.0005908571081488,0.9994055266659442,0.6500000000000001,True,correct,0.6500000000000001,True,correct,0.5000000000000001,0.6224593312018547,True,correct
DBLP,0.6,42,inner,bootstrap_OOB,415,journals/sigmod/EisenbergM98a,True,1,AatoNnELw78J,AatoNnELw78J,True,0.99999597738157,0.999812787386155,0.0001831899954148,0.6500000000000001,True,correct,0.6500000000000001,True,correct,0.5000000000000001,0.6224593312018547,True,correct
DBLP,0.6,42,inner,bootstrap_OOB,416,journals/sigmod/Ritter98,True,1,mzqmEYGGT_IJ,mzqmEYGGT_IJ,True,0.9999935138202138,0.0002862314821918,0.999707282338022,0.6500000000000001,True,correct,0.6500000000000001,True,correct,0.5000000000000001,0.6224593312018547,True,correct
DBLP,0.6,42,inner,bootstrap_OOB,417,conf/sigmod/GeneserethKD97,True,3,2Nl65Vp7bxUJ,2Nl65Vp7bxUJ,True,0.9999941754885198,0.9999924727928226,1.7026956972143736e-06,0.6500000000000001,True,correct,0.6500000000000001,True,correct,0.5000000000000001,0.6224593312018547,True,correct
DBLP,0.6,42,inner,bootstrap_OOB,418,journals/sigmod/Halevy03,True,1,706PCMwA_E4J,706PCMwA_E4J,True,0.9999963737175523,3.2845395964034817e-06,0.999993089177956,0.6500000000000001,True,correct,0.6500000000000001,True,correct,0.5000000000000001,0.6224593312018547,True,correct
DBLP,0.6,42,inner,bootstrap_OOB,419,conf/sigmod/RinfretOO01,True,1,pyqtmrPg24YJ,pyqtmrPg24YJ,True,0.9999919191896808,3.898617995569787e-06,0.9999880205716852,0.6500000000000001,True,correct,0.6500000000000001,True,correct,0.5000000000000001,0.6224593312018547,True,correct
DBLP,0.6,42,inner,bootstrap_OOB,420,conf/sigmod/BlakeleyD00,True,2,url:http://portal.acm.org/citation.cfm%3Fid%3D335191.335480%26coll%3DGUIDE%26dl%3DACM%26idx%3DJ689%26part%3Dperiodical%26WantType%3Dperiodical%26title%3DACM%2520SIGMOD%2520Record%26CFID%3D11111111%26CFTOKEN%3D2222222,url:http://portal.acm.org/citation.cfm%3Fid%3D335191.335480%26coll%3DGUIDE%26dl%3DACM%26idx%3DJ689%26part%3Dperiodical%26WantType%3Dperiodical%26title%3DACM%2520SIGMOD%2520Record%26CFID%3D11111111%26CFTOKEN%3D2222222,True,0.6092145549712774,0.0012332146214229,0.6079813403498545,0.6500000000000001,False,missing_match,0.6500000000000001,False,missing_match,0.5000000000000001,0.6224593312018547,False,missing_match
DBLP,0.6,42,inner,bootstrap_OOB,421,conf/vldb/OzsoyogluAAOUO02,True,1,Pb3y_NGGwjwJ,Pb3y_NGGwjwJ,True,0.9999955765769852,2.8636830329802963e-06,0.9999927128939524,0.6500000000000001,True,correct,0.6500000000000001,True,correct,0.5000000000000001,0.6224593312018547,True,correct
DBLP,0.6,42,inner,bootstrap_OOB,422,conf/vldb/LohmanL02,True,1,jC-TppzLPuEJ,jC-TppzLPuEJ,True,0.9999960696618352,5.316766258065301e-06,0.9999907528955772,0.6500000000000001,True,correct,0.6500000000000001,True,correct,0.5000000000000001,0.6224593312018547,True,correct
DBLP,0.6,42,inner,bootstrap_OOB,423,conf/vldb/WeberSB98,True,5,6D0Qt6Sjp8cJ,K4rzmIbgF_sJ,True,0.9999961835344044,0.9999959560262104,2.2750819406169853e-07,0.6500000000000001,True,correct,0.6500000000000001,True,correct,0.5000000000000001,0.6224593312018547,True,correct
DBLP,0.6,42,inner,bootstrap_OOB,424,journals/sigmod/PhatakSSS96,True,1,url:http://portal.acm.org/ft_gateway.cfm%3Fid%3D381897%26type%3Dpdf%26dl%3Dportal%26dl%3DACM%26CFID%3D11111111%26CFTOKEN%3D2222222,url:http://portal.acm.org/ft_gateway.cfm%3Fid%3D381897%26type%3Dpdf%26dl%3Dportal%26dl%3DACM%26CFID%3D11111111%26CFTOKEN%3D2222222,True,0.999996028929914,2.8633567257589065e-05,0.9999673953626564,0.6500000000000001,True,correct,0.6500000000000001,True,correct,0.5000000000000001,0.6224593312018547,True,correct
DBLP,0.6,42,inner,bootstrap_OOB,425,conf/sigmod/KornMZ03,True,1,6VAQeD6muakJ,6VAQeD6muakJ,True,0.999996724269326,2.5501339864702703e-06,0.9999941741353396,0.6500000000000001,True,correct,0.6500000000000001,True,correct,0.5000000000000001,0.6224593312018547,True,correct
DBLP,0.6,42,inner,bootstrap_OOB,426,conf/vldb/AilamakiDHW99,True,2,4bTXoodYyHMJ,-mTrpy_n8PYJ,True,0.9999950025380838,0.9998987133299604,9.628920812354558e-05,0.6500000000000001,True,correct,0.6500000000000001,True,correct,0.5000000000000001,0.6224593312018547,True,correct
DBLP,0.6,42,inner,bootstrap_OOB,427,journals/sigmod/Chaudhri98,True,1,url:http://portal.acm.org/ft_gateway.cfm%3Fid%3D273247%26type%3Dpdf%26dl%3DGUIDE%26dl%3DACM%26CFID%3D11111111%26CFTOKEN%3D2222222,url:http://portal.acm.org/ft_gateway.cfm%3Fid%3D273247%26type%3Dpdf%26dl%3DGUIDE%26dl%3DACM%26CFID%3D11111111%26CFTOKEN%3D2222222,True,0.999996474113363,2.8324938966079205e-06,0.9999936416194664,0.6500000000000001,True,correct,0.6500000000000001,True,correct,0.5000000000000001,0.6224593312018547,True,correct
DBLP,0.6,42,inner,bootstrap_OOB,428,conf/vldb/ChaudhuriGS95,True,2,77Sb5mlyASgJ,77Sb5mlyASgJ,True,0.9999957121965052,0.0824787644701317,0.9175169477263732,0.6500000000000001,True,correct,0.6500000000000001,True,correct,0.5000000000000001,0.6224593312018547,True,correct
DBLP,0.6,42,inner,bootstrap_OOB,429,journals/vldb/GeorgakopoulosRL94,True,1,G85JsnuAjzMJ,G85JsnuAjzMJ,True,0.9999953215773212,2.531618684918617e-06,0.9999927899586362,0.6500000000000001,True,correct,0.6500000000000001,True,correct,0.5000000000000001,0.6224593312018547,True,correct
DBLP,0.6,42,inner,bootstrap_OOB,430,journals/sigmod/Etzion99,True,2,aDxXrqrMy9IJ,aDxXrqrMy9IJ,True,0.9999960035018378,0.999992466142642,3.5373591957821304e-06,0.6500000000000001,True,correct,0.6500000000000001,True,correct,0.5000000000000001,0.6224593312018547,True,correct
DBLP,0.6,42,inner,bootstrap_OOB,431,journals/sigmod/TheodoridisN00,True,2,DXTczW8Dv4MJ,NegSmYlF-awJ,True,0.999994745050334,0.999946477086174,4.8267964159909305e-05,0.6500000000000001,True,correct,0.6500000000000001,True,correct,0.5000000000000001,0.6224593312018547,True,correct
DBLP,0.6,42,inner,bootstrap_OOB,432,conf/vldb/GuntzerBK00,True,3,3Gf3m5rkq0UJ,EdQ4M7GEnzoJ,True,0.9999947747443604,0.999994106156972,6.685873885636795e-07,0.6500000000000001,True,correct,0.6500000000000001,True,correct,0.5000000000000001,0.6224593312018547,True,correct
DBLP,0.6,42,inner,bootstrap_OOB,433,journals/vldb/Halevy01,True,3,jeJRCl54kasJ,NoN45RU6c9kJ,True,0.9999902039699924,0.1646351604193642,0.8353550435506283,0.6500000000000001,True,correct,0.6500000000000001,True,correct,0.5000000000000001,0.6224593312018547,True,correct
DBLP,0.6,42,inner,bootstrap_OOB,434,journals/vldb/RahmB01,True,6,707RPzHAB8YJ,OmmFvfvPT6MJ,True,0.999996157015185,0.9999954273584358,7.296567491321682e-07,0.6500000000000001,True,correct,0.6500000000000001,True,correct,0.5000000000000001,0.6224593312018547,True,correct
DBLP,0.6,42,inner,bootstrap_OOB,435,conf/sigmod/JosifovskiSHL02,True,1,xA9KNostV4cJ,xA9KNostV4cJ,True,0.9999964742613112,2.4284982821847824e-06,0.9999940457630292,0.6500000000000001,True,correct,0.6500000000000001,True,correct,0.5000000000000001,0.6224593312018547,True,correct
DBLP,0.6,42,inner,bootstrap_OOB,436,journals/tods/JajodiaSSS01,True,1,oH5XZWjwC6AJ,oH5XZWjwC6AJ,True,0.9999954766167036,0.0016387898712959,0.9983566867454078,0.6500000000000001,True,correct,0.6500000000000001,True,correct,0.5000000000000001,0.6224593312018547,True,correct
DBLP,0.6,42,inner,bootstrap_OOB,437,conf/vldb/FlorescuLS98,False,0,,FOpGGQJyLLsJ,False,0.0010423388206973,9.26435680254397e-06,0.0010330744638947,0.6500000000000001,False,unmatched_abstention,0.6500000000000001,False,unmatched_abstention,0.5000000000000001,0.6224593312018547,False,unmatched_abstention
DBLP,0.6,42,inner,bootstrap_OOB,438,conf/vldb/SeifertS02,True,2,1VEHUogTMZMJ,1VEHUogTMZMJ,True,0.9999964927395144,0.9954341376134026,0.0045623551261116,0.6500000000000001,True,correct,0.6500000000000001,True,correct,0.5000000000000001,0.6224593312018547,True,correct
DBLP,0.6,42,inner,bootstrap_OOB,439,journals/sigmod/Widom94,True,1,lAbG3uFZvVUJ,lAbG3uFZvVUJ,True,0.999995348612478,1.0600918314594738e-05,0.9999847476941636,0.6500000000000001,True,correct,0.6500000000000001,True,correct,0.5000000000000001,0.6224593312018547,True,correct
DBLP,0.6,42,inner,bootstrap_OOB,440,journals/sigmod/ChangGKRS98,True,2,5FiyBEZ3v70J,url:http://portal.acm.org/ft_gateway.cfm%3Fid%3D290607%26type%3Dpdf%26dl%3Dportal%26dl%3DACM%26CFID%3D11111111%26CFTOKEN%3D2222222,True,0.999995596834034,0.9999746913773594,2.090545667465804e-05,0.6500000000000001,True,correct,0.6500000000000001,True,correct,0.5000000000000001,0.6224593312018547,True,correct
DBLP,0.6,42,inner,bootstrap_OOB,441,conf/sigmod/ChenGK01,True,1,8OgkUeiawO0J,8OgkUeiawO0J,True,0.9999955836920614,3.0016265842946406e-05,0.9999655674262184,0.6500000000000001,True,correct,0.6500000000000001,True,correct,0.5000000000000001,0.6224593312018547,True,correct
DBLP,0.6,42,inner,bootstrap_OOB,442,journals/sigmod/Alonso94,False,0,,uzEcNW5U3V4J,False,5.598162725245355e-05,1.104668444205498e-05,4.4934942810398566e-05,0.6500000000000001,False,unmatched_abstention,0.6500000000000001,False,unmatched_abstention,0.5000000000000001,0.6224593312018547,False,unmatched_abstention
DBLP,0.6,42,inner,bootstrap_OOB,443,conf/sigmod/RaoZML02,True,2,7Ucs6vmjHN0J,c2PgXbSSAFcJ,True,0.9999948202160688,0.9999890182397612,5.801976307617807e-06,0.6500000000000001,True,correct,0.6500000000000001,True,correct,0.5000000000000001,0.6224593312018547,True,correct
DBLP,0.6,42,inner,bootstrap_OOB,444,conf/sigmod/UrhanFA98,True,1,ufjnZovcIb4J,ufjnZovcIb4J,True,0.9999957097464044,2.596205849882771e-06,0.9999931135405544,0.6500000000000001,True,correct,0.6500000000000001,True,correct,0.5000000000000001,0.6224593312018547,True,correct
DBLP,0.6,42,inner,bootstrap_OOB,445,conf/vldb/TsurAADKW01,True,1,PvNI0yqRqtQJ,PvNI0yqRqtQJ,True,0.9999957480588404,3.656309831936986e-06,0.9999920917490084,0.6500000000000001,True,correct,0.6500000000000001,True,correct,0.5000000000000001,0.6224593312018547,True,correct
DBLP,0.6,42,inner,bootstrap_OOB,446,journals/vldb/C94b,False,0,,url:http://www.springerlink.com/index/X1511125004H5724.pdf,False,7.577176561117128e-05,4.035807734843612e-05,3.541368826273516e-05,0.6500000000000001,False,unmatched_abstention,0.6500000000000001,False,unmatched_abstention,0.5000000000000001,0.6224593312018547,False,unmatched_abstention
DBLP,0.6,42,inner,bootstrap_OOB,447,conf/sigmod/DeshpandeRSN98,True,1,BXB96UFPHn8J,BXB96UFPHn8J,True,0.9999884071053258,2.872797241854564e-06,0.999985534308084,0.6500000000000001,True,correct,0.6500000000000001,True,correct,0.5000000000000001,0.6224593312018547,True,correct
DBLP,0.6,42,inner,bootstrap_OOB,448,journals/vldb/MuckP97,True,1,yHSQJtyFciMJ,yHSQJtyFciMJ,True,0.999372855861949,2.661516701155616e-06,0.999370194345248,0.6500000000000001,True,correct,0.6500000000000001,True,correct,0.5000000000000001,0.6224593312018547,True,correct
DBLP,0.6,42,inner,bootstrap_OOB,449,conf/sigmod/Galhardas00,True,2,GxDfgCi-rq4J,GxDfgCi-rq4J,True,0.999995614656926,0.9999916818827866,3.932774139348005e-06,0.6500000000000001,True,correct,0.6500000000000001,True,correct,0.5000000000000001,0.6224593312018547,True,correct
DBLP,0.6,42,inner,bootstrap_OOB,450,journals/sigmod/DAndreaJ96,True,1,-XugBF7u07EJ,-XugBF7u07EJ,True,0.9998853574551768,0.999471310265972,0.0004140471892046,0.6500000000000001,True,correct,0.6500000000000001,True,correct,0.5000000000000001,0.6224593312018547,True,correct
DBLP,0.6,42,inner,bootstrap_OOB,451,journals/vldb/KnorrNT00,True,1,SggrbO99AJgJ,SggrbO99AJgJ,True,0.9999960399124156,1.243223889250964e-05,0.9999836076735232,0.6500000000000001,True,correct,0.6500000000000001,True,correct,0.5000000000000001,0.6224593312018547,True,correct
DBLP,0.6,42,inner,bootstrap_OOB,452,journals/sigmod/RossFLOSSVW00,False,0,,uPBlQ76s_g4J,False,0.999987821582987,0.999981432233625,6.389349362034835e-06,0.6500000000000001,True,false_link,0.6500000000000001,True,false_link,0.5000000000000001,0.6224593312018547,True,false_link
DBLP,0.6,42,inner,bootstrap_OOB,453,journals/sigmod/DogacAOD95,True,1,oUOuTMrB0esJ,oUOuTMrB0esJ,True,0.999995831868914,9.60198898426778e-06,0.9999862298799296,0.6500000000000001,True,correct,0.6500000000000001,True,correct,0.5000000000000001,0.6224593312018547,True,correct
DBLP,0.6,42,inner,bootstrap_OOB,454,conf/vldb/NarayananS01,False,0,,iMyHel-UTWcJ,False,2.603291705453088e-06,2.53909724309172e-06,6.419446236136774e-08,0.6500000000000001,False,unmatched_abstention,0.6500000000000001,False,unmatched_abstention,0.5000000000000001,0.6224593312018547,False,unmatched_abstention
DBLP,0.6,42,inner,bootstrap_OOB,455,conf/vldb/BohmMSW01,True,2,23cNr1EhPGwJ,Uv3mhmUGwdcJ,True,0.999995066357486,0.99999283154867,2.234808816226064e-06,0.6500000000000001,True,correct,0.6500000000000001,True,correct,0.5000000000000001,0.6224593312018547,True,correct
DBLP,0.6,42,inner,bootstrap_OOB,456,conf/vldb/SeegerBBKSDS01,True,2,2ceEvQZ0HGYJ,WYGjQDmRwt8J,True,0.99999649595571,0.9999934773525676,3.0186031424461746e-06,0.6500000000000001,True,correct,0.6500000000000001,True,correct,0.5000000000000001,0.6224593312018547,True,correct
DBLP,0.6,42,inner,bootstrap_OOB,457,conf/sigmod/RodriguezR00,True,6,Bzj3hMdoqVoJ,UF4wxbIa6FMJ,True,0.9999960080880606,0.999995802265638,2.058224224388283e-07,0.6500000000000001,True,correct,0.6500000000000001,True,correct,0.5000000000000001,0.6224593312018547,True,correct
DBLP,0.6,42,inner,bootstrap_OOB,458,conf/vldb/KumarKA97,True,3,8bLd-1l1at4J,EhTWppk6No8J,True,0.9999963902036249,0.9999953641077836,1.0260958412944277e-06,0.6500000000000001,True,correct,0.6500000000000001,True,correct,0.5000000000000001,0.6224593312018547,True,correct
DBLP,0.6,42,inner,bootstrap_OOB,459,conf/vldb/Faloutsos02,False,0,,U7glO1ebLPYJ,False,3.749143278344544e-06,3.444288674765481e-06,3.0485460357906264e-07,0.6500000000000001,False,unmatched_abstention,0.6500000000000001,False,unmatched_abstention,0.5000000000000001,0.6224593312018547,False,unmatched_abstention
DBLP,0.6,42,inner,bootstrap_OOB,460,conf/sigmod/ChenRW02,True,1,05ShsIGjnKkJ,05ShsIGjnKkJ,True,0.9999959670795716,3.470408757201256e-06,0.9999924966708142,0.6500000000000001,True,correct,0.6500000000000001,True,correct,0.5000000000000001,0.6224593312018547,True,correct
DBLP,0.6,42,inner,bootstrap_OOB,461,conf/vldb/BelussiF95,True,5,5FEmoD1TIdwJ,a78Lxr80kJUJ,True,0.999995676056438,0.999985369899127,1.0306157310902009e-05,0.6500000000000001,True,correct,0.6500000000000001,True,correct,0.5000000000000001,0.6224593312018547,True,correct
DBLP,0.6,42,inner,bootstrap_OOB,462,conf/sigmod/NaumanS98,True,1,url:http://portal.acm.org/ft_gateway.cfm%3Fid%3D276369%26type%3Dpdf%26dl%3DGUIDE%26dl%3DACM%26CFID%3D11111111%26CFTOKEN%3D2222222,url:http://portal.acm.org/ft_gateway.cfm%3Fid%3D276369%26type%3Dpdf%26dl%3DGUIDE%26dl%3DACM%26CFID%3D11111111%26CFTOKEN%3D2222222,True,0.9999962588250668,2.708017277328471e-06,0.9999935508077896,0.6500000000000001,True,correct,0.6500000000000001,True,correct,0.5000000000000001,0.6224593312018547,True,correct
DBLP,0.6,42,inner,bootstrap_OOB,463,conf/vldb/SrikantA95,True,16,08bwdEy_OY8J,Ve-JH2yNN0kJ,True,0.999994596199814,0.99999379495024,8.012495742448777e-07,0.6500000000000001,True,correct,0.6500000000000001,True,correct,0.5000000000000001,0.6224593312018547,True,correct
DBLP,0.6,42,inner,bootstrap_OOB,464,journals/sigmod/Camps02,True,1,JclQFC-1s18J,JclQFC-1s18J,True,0.9999953423714362,2.53405591995734e-06,0.9999928083155162,0.6500000000000001,True,correct,0.6500000000000001,True,correct,0.5000000000000001,0.6224593312018547,True,correct
DBLP,0.6,42,inner,bootstrap_OOB,465,conf/sigmod/ShuklaD00,True,3,07dT02YX07AJ,kcrWfQEI9G8J,True,0.9999960312015196,0.9999920341299312,3.997071588268675e-06,0.6500000000000001,True,correct,0.6500000000000001,True,correct,0.5000000000000001,0.6224593312018547,True,correct
DBLP,0.6,42,inner,bootstrap_OOB,466,conf/vldb/BaumannFRW97,True,2,7BgXVuviUvoJ,7BgXVuviUvoJ,True,0.9999962316145042,0.9999438156765916,5.241593791271981e-05,0.6500000000000001,True,correct,0.6500000000000001,True,correct,0.5000000000000001,0.6224593312018547,True,correct
DBLP,0.6,42,inner,bootstrap_OOB,467,conf/sigmod/GrayHOS96,True,17,_EUlTfqD0q0J,iKmQWoUYl-0J,True,0.9999954187115438,0.9999953715999268,4.7111617051953665e-08,0.6500000000000001,True,correct,0.6500000000000001,True,correct,0.5000000000000001,0.6224593312018547,True,correct
DBLP,0.6,42,inner,bootstrap_OOB,468,journals/vldb/RamamrithamC96,True,2,LAvs6Oe0ygMJ,xbpaZ5AHFV0J,True,0.9999960624473416,0.9999415345966182,5.4527850723351534e-05,0.6500000000000001,True,correct,0.6500000000000001,True,correct,0.5000000000000001,0.6224593312018547,True,correct
DBLP,0.6,42,inner,bootstrap_OOB,469,journals/sigmod/McHughAGQW97,True,7,0VMP__pyg_4J,FUXcNB3HHi4J,True,0.9999963529849129,0.9999962671894445,8.579546839637686e-08,0.6500000000000001,True,correct,0.6500000000000001,True,correct,0.5000000000000001,0.6224593312018547,True,correct
DBLP,0.6,42,inner,bootstrap_OOB,470,conf/sigmod/Cattell94,True,2,QgR0DgMbdgIJ,QgR0DgMbdgIJ,True,0.9999956161538875,4.76877173627362e-06,0.9999908473821514,0.6500000000000001,True,correct,0.6500000000000001,True,correct,0.5000000000000001,0.6224593312018547,True,correct
DBLP,0.6,42,inner,bootstrap_OOB,471,journals/sigmod/AndersonS94,True,1,aDk2IS_xwToJ,aDk2IS_xwToJ,True,0.9999961644185572,6.45151550542792e-06,0.9999897129030516,0.6500000000000001,True,correct,0.6500000000000001,True,correct,0.5000000000000001,0.6224593312018547,True,correct
DBLP,0.6,42,inner,bootstrap_OOB,472,journals/sigmod/GroskySF02,True,1,HA3wM_i-y3YJ,HA3wM_i-y3YJ,True,0.9999939314534938,0.999585864547467,0.0004080669060267,0.6500000000000001,True,correct,0.6500000000000001,True,correct,0.5000000000000001,0.6224593312018547,True,correct
DBLP,0.6,42,inner,bootstrap_OOB,473,journals/sigmod/LabrinidisM01,True,1,url:http://portal.acm.org/ft_gateway.cfm%3Fid%3D603886%26type%3Dpdf%26dl%3DGUIDE%26dl%3DACM%26CFID%3D11111111%26CFTOKEN%3D2222222,url:http://portal.acm.org/ft_gateway.cfm%3Fid%3D603886%26type%3Dpdf%26dl%3DGUIDE%26dl%3DACM%26CFID%3D11111111%26CFTOKEN%3D2222222,True,0.9999960363608024,6.250201772497511e-05,0.9999335343430776,0.6500000000000001,True,correct,0.6500000000000001,True,correct,0.5000000000000001,0.6224593312018547,True,correct
DBLP,0.6,42,inner,bootstrap_OOB,474,conf/vldb/BerckenS01,True,3,A46cpXEm-8AJ,fhbW320LsusJ,True,0.9999959545218494,0.9999955256430488,4.2887880058462e-07,0.6500000000000001,True,correct,0.6500000000000001,True,correct,0.5000000000000001,0.6224593312018547,True,correct
DBLP,0.6,42,inner,bootstrap_OOB,475,conf/sigmod/FlorescuLMS99,True,2,h0uuqAstOPUJ,mH0XY3h8UlcJ,True,0.9999961816995792,0.9999958740043906,3.076951886615831e-07,0.6500000000000001,True,correct,0.6500000000000001,True,correct,0.5000000000000001,0.6224593312018547,True,correct
DBLP,0.6,42,inner,bootstrap_OOB,476,conf/sigmod/KalnisP01,True,1,-UHxodSX8oMJ,-UHxodSX8oMJ,True,0.9999957430399076,3.3059341542767684e-06,0.9999924371057534,0.6500000000000001,True,correct,0.6500000000000001,True,correct,0.5000000000000001,0.6224593312018547,True,correct
DBLP,0.6,42,inner,bootstrap_OOB,477,journals/vldb/Halevy02,True,1,url:http://www.springerlink.com/index/6UEYKJ4UQTK18H6D.pdf,url:http://www.springerlink.com/index/6UEYKJ4UQTK18H6D.pdf,True,0.2375058937594046,0.0044640739969144,0.2330418197624902,0.6500000000000001,False,missing_match,0.6500000000000001,False,missing_match,0.5000000000000001,0.6224593312018547,False,missing_match
DBLP,0.6,42,inner,bootstrap_OOB,478,conf/vldb/ParkMC02,True,1,WFmae47kgN4J,WFmae47kgN4J,True,0.9999953981441464,2.507657068179566e-06,0.9999928904870782,0.6500000000000001,True,correct,0.6500000000000001,True,correct,0.5000000000000001,0.6224593312018547,True,correct
DBLP,0.6,42,inner,bootstrap_OOB,479,journals/sigmod/Geller02,True,1,url:http://portal.acm.org/ft_gateway.cfm%3Fid%3D507355%26type%3Dpdf%26dl%3DGUIDE%26dl%3DACM%26CFID%3D11111111%26CFTOKEN%3D2222222,url:http://portal.acm.org/ft_gateway.cfm%3Fid%3D507355%26type%3Dpdf%26dl%3DGUIDE%26dl%3DACM%26CFID%3D11111111%26CFTOKEN%3D2222222,True,0.999974623126643,0.0005411665586085,0.9994334565680344,0.6500000000000001,True,correct,0.6500000000000001,True,correct,0.5000000000000001,0.6224593312018547,True,correct
DBLP,0.6,42,inner,bootstrap_OOB,480,journals/sigmod/BarbaraS97,True,3,iOxtnjbC4SEJ,Iw5bYR098o4J,True,0.999995501936688,0.9999899293151387,5.57262154909921e-06,0.6500000000000001,True,correct,0.6500000000000001,True,correct,0.5000000000000001,0.6224593312018547,True,correct
DBLP,0.6,42,inner,bootstrap_OOB,481,journals/sigmod/Colliat96,True,3,3FAQV305QD0J,FP-ribG9oVsJ,True,0.9999959128188658,0.9999933592586548,2.553560210949435e-06,0.6500000000000001,True,correct,0.6500000000000001,True,correct,0.5000000000000001,0.6224593312018547,True,correct
DBLP,0.6,42,inner,bootstrap_OOB,482,journals/vldb/KabraD99,True,3,JF30ixlsraUJ,JF30ixlsraUJ,True,0.999996374651168,0.999992428999408,3.94565175976247e-06,0.6500000000000001,True,correct,0.6500000000000001,True,correct,0.5000000000000001,0.6224593312018547,True,correct
DBLP,0.6,42,inner,bootstrap_OOB,483,conf/sigmod/RossSS96,True,1,iurxdvB6oLAJ,iurxdvB6oLAJ,True,0.99999317923195,2.970384513344464e-06,0.9999902088474368,0.6500000000000001,True,correct,0.6500000000000001,True,correct,0.5000000000000001,0.6224593312018547,True,correct
DBLP,0.6,42,inner,bootstrap_OOB,484,journals/tods/BeneventanoBS03,True,1,rRH6Z1oP78cJ,rRH6Z1oP78cJ,True,0.9999955804014978,0.0011988270681518,0.998796753333346,0.6500000000000001,True,correct,0.6500000000000001,True,correct,0.5000000000000001,0.6224593312018547,True,correct
DBLP,0.6,42,inner,bootstrap_OOB,485,conf/sigmod/ForlizziGNS00,True,5,4k4fUbwNV8UJ,jW1JUC-AQXoJ,True,0.999996564824196,0.9999964981304847,6.669371133138925e-08,0.6500000000000001,True,correct,0.6500000000000001,True,correct,0.5000000000000001,0.6224593312018547,True,correct
DBLP,0.6,42,inner,bootstrap_OOB,486,journals/sigmod/TianDCZ02,True,5,eeCoB5sDWK4J,JceK-ywXk8UJ,True,0.9999962320385488,0.999994479957952,1.752080596717498e-06,0.6500000000000001,True,correct,0.6500000000000001,True,correct,0.5000000000000001,0.6224593312018547,True,correct
DBLP,0.6,42,inner,bootstrap_OOB,487,conf/vldb/KochBG03,True,2,mZNcc1O3Nl8J,xCbXlJHLR48J,True,0.999995608316358,0.9999948539090706,7.544072875287355e-07,0.6500000000000001,True,correct,0.6500000000000001,True,correct,0.5000000000000001,0.6224593312018547,True,correct
DBLP,0.6,42,inner,bootstrap_OOB,488,conf/sigmod/HammerGIPUW95,True,1,ylzKvQxmX7cJ,ylzKvQxmX7cJ,True,0.9999967828509349,3.933364164946261e-06,0.9999928494867698,0.6500000000000001,True,correct,0.6500000000000001,True,correct,0.5000000000000001,0.6224593312018547,True,correct
DBLP,0.6,42,inner,bootstrap_OOB,489,journals/tods/GunopulosKMSTS03,True,5,5cAIVZJShAEJ,-q1BFuUI27EJ,True,0.9999967008279268,0.9999092940989674,8.74067289592384e-05,0.6500000000000001,True,correct,0.6500000000000001,True,correct,0.5000000000000001,0.6224593312018547,True,correct
DBLP,0.6,42,inner,bootstrap_OOB,490,conf/vldb/PantiSG00,True,1,C7Vuxp5KVsAJ,C7Vuxp5KVsAJ,True,0.9999966447388884,3.108874276140429e-06,0.9999935358646124,0.6500000000000001,True,correct,0.6500000000000001,True,correct,0.5000000000000001,0.6224593312018547,True,correct
DBLP,0.6,42,inner,bootstrap_OOB,491,journals/tods/SistlaWYS98,True,2,3mLKQfhVh3cJ,4owPoyytTP4J,True,0.9999961440009796,0.9999942529067632,1.891094216444067e-06,0.6500000000000001,True,correct,0.6500000000000001,True,correct,0.5000000000000001,0.6224593312018547,True,correct
DBLP,0.6,42,inner,bootstrap_OOB,492,journals/vldb/SuHHHLWLPLL01,True,3,GRzquCzL_OUJ,xcRKDHBIUb8J,True,0.9999966757037276,0.9999964537179856,2.219857420104887e-07,0.6500000000000001,True,correct,0.6500000000000001,True,correct,0.5000000000000001,0.6224593312018547,True,correct
DBLP,0.6,42,inner,bootstrap_OOB,493,conf/sigmod/ImielinskiVB94,True,16,1H_A7k3QsbQJ,cffLplmoKH4J,True,0.999996117673596,0.9999946863815506,1.4312920453285471e-06,0.6500000000000001,True,correct,0.6500000000000001,True,correct,0.5000000000000001,0.6224593312018547,True,correct
DBLP,0.6,42,inner,bootstrap_OOB,494,journals/tods/KarpSP03,True,1,mAQIVsd2VOMJ,mAQIVsd2VOMJ,True,0.9999964851721762,2.945192470803309e-06,0.9999935399797054,0.6500000000000001,True,correct,0.6500000000000001,True,correct,0.5000000000000001,0.6224593312018547,True,correct
DBLP,0.6,42,inner,bootstrap_OOB,495,conf/vldb/AshwinGG02,True,2,mObyCD3Jw0EJ,YiJojduGXXkJ,True,0.9999928454948496,0.999907048565404,8.579692944543638e-05,0.6500000000000001,True,correct,0.6500000000000001,True,correct,0.5000000000000001,0.6224593312018547,True,correct
DBLP,0.6,42,inner,bootstrap_OOB,496,conf/sigmod/Mohan02,True,3,eyxIItge9MQJ,eyxIItge9MQJ,True,0.999994903078177,0.9996979091868085,0.0002969938913686,0.6500000000000001,True,correct,0.6500000000000001,True,correct,0.5000000000000001,0.6224593312018547,True,correct
DBLP,0.6,42,inner,bootstrap_OOB,497,conf/vldb/WeikumMHZ02,True,2,uNwtCAfL3T4J,W_b-Eo5VaOgJ,True,0.9999962125480484,0.2258808867741451,0.7741153257739033,0.6500000000000001,True,correct,0.6500000000000001,True,correct,0.5000000000000001,0.6224593312018547,True,correct
DBLP,0.6,42,inner,bootstrap_OOB,498,conf/sigmod/PapadopoulosM98,True,1,dLzAJ-I1nCcJ,dLzAJ-I1nCcJ,True,0.9999952912606206,3.110819822532444e-06,0.999992180440798,0.6500000000000001,True,correct,0.6500000000000001,True,correct,0.5000000000000001,0.6224593312018547,True,correct
DBLP,0.6,42,inner,bootstrap_OOB,499,conf/sigmod/GrossmanHQ95,True,1,Z_kXgQsN0W0J,Z_kXgQsN0W0J,True,0.9999947412803464,0.0005333122183906,0.9994614290619556,0.6500000000000001,True,correct,0.6500000000000001,True,correct,0.5000000000000001,0.6224593312018547,True,correct
DBLP,0.6,42,inner,bootstrap_OOB,500,journals/vldb/MirbelPSTV00,True,1,tUEcojf_6BUJ,tUEcojf_6BUJ,True,0.9999966539576688,0.000258584401977,0.9997380695556916,0.6500000000000001,True,correct,0.6500000000000001,True,correct,0.5000000000000001,0.6224593312018547,True,correct
DBLP,0.6,42,inner,bootstrap_OOB,501,conf/vldb/DeckerK03,True,1,es2kSNccUGMJ,es2kSNccUGMJ,True,0.9999928430586168,2.322563130785519e-05,0.999969617427309,0.6500000000000001,True,correct,0.6500000000000001,True,correct,0.5000000000000001,0.6224593312018547,True,correct
DBLP,0.6,42,inner,bootstrap_OOB,502,conf/sigmod/Al-KhalifaYJ03,True,1,boJKiPCpIxkJ,boJKiPCpIxkJ,True,0.9999955168271628,4.0525909296325096e-06,0.9999914642362332,0.6500000000000001,True,correct,0.6500000000000001,True,correct,0.5000000000000001,0.6224593312018547,True,correct
DBLP,0.6,42,inner,bootstrap_OOB,503,conf/sigmod/Golding95,True,2,uJj9OgotYeEJ,uJj9OgotYeEJ,True,0.9999953496680996,0.9999943499653566,9.997027430319605e-07,0.6500000000000001,True,correct,0.6500000000000001,True,correct,0.5000000000000001,0.6224593312018547,True,correct
DBLP,0.6,42,inner,bootstrap_OOB,504,conf/vldb/HasanM95,True,3,8cd64f0t0-EJ,-aml_OMAQNgJ,True,0.9999964448393222,0.9999955611188152,8.837205069944787e-07,0.6500000000000001,True,correct,0.6500000000000001,True,correct,0.5000000000000001,0.6224593312018547,True,correct
DBLP,0.6,42,inner,bootstrap_OOB,505,conf/vldb/DiwanRSS96,True,1,HjDa9on7LzoJ,HjDa9on7LzoJ,True,0.9999956988738438,2.724814473304786e-06,0.9999929740593704,0.6500000000000001,True,correct,0.6500000000000001,True,correct,0.5000000000000001,0.6224593312018547,True,correct
DBLP,0.6,42,inner,bootstrap_OOB,506,conf/sigmod/ButtlerLPP01,True,1,8TcpKdIK1r0J,8TcpKdIK1r0J,True,0.9999964439576948,2.6714851188207294e-06,0.999993772472576,0.6500000000000001,True,correct,0.6500000000000001,True,correct,0.5000000000000001,0.6224593312018547,True,correct
DBLP,0.6,42,inner,bootstrap_OOB,507,journals/vldb/BraumandlKKKKSS01,True,1,dURGvGhlWbsJ,dURGvGhlWbsJ,True,0.9999961378401744,0.0040879843178537,0.9959081535223204,0.6500000000000001,True,correct,0.6500000000000001,True,correct,0.5000000000000001,0.6224593312018547,True,correct
DBLP,0.6,42,inner,bootstrap_OOB,508,conf/vldb/BassiliadesV95,True,2,B1kJzsffXEwJ,url:http://portal.acm.org/citation.cfm%3Fid%3D673137,True,0.9999964370734956,0.999980023067764,1.6414005731379966e-05,0.6500000000000001,True,correct,0.6500000000000001,True,correct,0.5000000000000001,0.6224593312018547,True,correct
DBLP,0.6,42,inner,bootstrap_OOB,509,journals/sigmod/BoulosO99,True,2,0mk_QzaJKHEJ,yzbCsw2erkcJ,True,0.9999950583900898,0.9860099761587888,0.0139850822313009,0.6500000000000001,True,correct,0.6500000000000001,True,correct,0.5000000000000001,0.6224593312018547,True,correct
DBLP,0.6,42,inner,bootstrap_OOB,510,conf/sigmod/GrossmanQ94,True,1,yjqdBeNw5WoJ,yjqdBeNw5WoJ,True,0.9999959429427252,0.0007297018208085,0.9992662411219168,0.6500000000000001,True,correct,0.6500000000000001,True,correct,0.5000000000000001,0.6224593312018547,True,correct
DBLP,0.6,42,inner,bootstrap_OOB,511,conf/vldb/TeisseirePC94,True,2,KNv3bO45Nj4J,w17spSGfEXYJ,True,0.9999960797354388,0.999990232953033,5.846782405671824e-06,0.6500000000000001,True,correct,0.6500000000000001,True,correct,0.5000000000000001,0.6224593312018547,True,correct
DBLP,0.6,42,inner,bootstrap_OOB,512,conf/vldb/ChatziantoniouR96,True,1,46FVYbhr0WoJ,46FVYbhr0WoJ,True,0.999995551308066,5.534178954081461e-06,0.9999900171291118,0.6500000000000001,True,correct,0.6500000000000001,True,correct,0.5000000000000001,0.6224593312018547,True,correct
DBLP,0.6,42,inner,bootstrap_OOB,513,journals/vldb/LeeW94,True,1,KPU-guH7cCkJ,KPU-guH7cCkJ,True,0.9999961938243608,0.0001418547302614,0.9998543390940992,0.6500000000000001,True,correct,0.6500000000000001,True,correct,0.5000000000000001,0.6224593312018547,True,correct
DBLP,0.6,42,inner,bootstrap_OOB,514,conf/vldb/BouganimFV96,True,1,TiffIV1Y6AMJ,TiffIV1Y6AMJ,True,0.999995544446764,0.0426545308290486,0.9573410136177152,0.6500000000000001,True,correct,0.6500000000000001,True,correct,0.5000000000000001,0.6224593312018547,True,correct
DBLP,0.6,42,inner,bootstrap_OOB,515,conf/vldb/ChakrabartiRS02,True,1,idfox84uNHUJ,idfox84uNHUJ,True,0.9999952849426268,2.5061867378829504e-06,0.9999927787558888,0.6500000000000001,True,correct,0.6500000000000001,True,correct,0.5000000000000001,0.6224593312018547,True,correct
DBLP,0.6,42,inner,bootstrap_OOB,516,journals/sigmod/Anisimov03,False,0,,url:http://portal.acm.org/ft_gateway.cfm%3Fid%3D945741%26type%3Dpdf%26dl%3DGUIDE%26dl%3DACM%26CFID%3D11111111%26CFTOKEN%3D2222222,False,0.9999763814561804,2.5592800430169685e-06,0.9999738221761372,0.6500000000000001,True,false_link,0.6500000000000001,True,false_link,0.5000000000000001,0.6224593312018547,True,false_link
DBLP,0.6,42,inner,bootstrap_OOB,517,journals/sigmod/BarbaraCJW01,True,2,asukNMVeZZYJ,asukNMVeZZYJ,True,0.9999964446596236,0.999994592993425,1.851666198593449e-06,0.6500000000000001,True,correct,0.6500000000000001,True,correct,0.5000000000000001,0.6224593312018547,True,correct
DBLP,0.6,42,inner,bootstrap_OOB,518,conf/sigmod/AbiteboulBCMM03,True,2,AxpQwgyRyLgJ,Rjb06zlxbLIJ,True,0.9999964669236664,0.9723593114233796,0.0276371555002867,0.6500000000000001,True,correct,0.6500000000000001,True,correct,0.5000000000000001,0.6224593312018547,True,correct
DBLP,0.6,42,inner,bootstrap_OOB,519,conf/sigmod/KalnisNOPT02,True,2,ipAB8UMS7QkJ,ipAB8UMS7QkJ,True,0.9999962322541462,0.9999897054906156,6.526763530634305e-06,0.6500000000000001,True,correct,0.6500000000000001,True,correct,0.5000000000000001,0.6224593312018547,True,correct
DBLP,0.6,42,inner,bootstrap_OOB,520,journals/sigmod/Grohe02,True,2,jzwiskpRLOUJ,jzwiskpRLOUJ,True,0.9999956148409376,0.000738068338006,0.9992575465029316,0.6500000000000001,True,correct,0.6500000000000001,True,correct,0.5000000000000001,0.6224593312018547,True,correct
DBLP,0.6,42,inner,bootstrap_OOB,521,conf/vldb/JosifovskiR99,True,2,a58OzgW7AvUJ,rR9r4Kuzq-4J,True,0.999996213862582,0.9999905485693398,5.665293242085312e-06,0.6500000000000001,True,correct,0.6500000000000001,True,correct,0.5000000000000001,0.6224593312018547,True,correct
DBLP,0.6,42,inner,bootstrap_OOB,522,journals/vldb/ChuIT94,True,1,IDo3ZQocZE4J,IDo3ZQocZE4J,True,0.9999949078735082,5.324119858198795e-05,0.9999416666749262,0.6500000000000001,True,correct,0.6500000000000001,True,correct,0.5000000000000001,0.6224593312018547,True,correct
DBLP,0.6,42,inner,bootstrap_OOB,523,conf/vldb/Garcia-MolinaLY98,True,5,5Rq_5hPceK8J,lWVWAhlsyYYJ,True,0.9999954313076064,0.9999940864965124,1.3448110939284774e-06,0.6500000000000001,True,correct,0.6500000000000001,True,correct,0.5000000000000001,0.6224593312018547,True,correct
DBLP,0.6,42,inner,bootstrap_OOB,524,conf/vldb/BonczRK98,True,2,965BXzMPxSoJ,ts5vu2eNQgYJ,True,0.9999918951717446,0.0202974392396982,0.9796944559320464,0.6500000000000001,True,correct,0.6500000000000001,True,correct,0.5000000000000001,0.6224593312018547,True,correct
DBLP,0.6,42,inner,bootstrap_OOB,525,conf/vldb/JagadishKMPSS98,True,3,0iiNS8BIbsUJ,TB8sxeXqHRQJ,True,0.9999946537131356,0.999994639126604,1.4586531649207757e-08,0.6500000000000001,True,correct,0.6500000000000001,True,correct,0.5000000000000001,0.6224593312018547,True,correct
DBLP,0.6,42,inner,bootstrap_OOB,526,conf/vldb/LeeL96,True,1,tuVp_18tFv8J,tuVp_18tFv8J,True,0.9999965805197146,5.90173987961375e-06,0.999990678779835,0.6500000000000001,True,correct,0.6500000000000001,True,correct,0.5000000000000001,0.6224593312018547,True,correct
DBLP,0.6,42,inner,bootstrap_OOB,527,conf/sigmod/KotidisR98,True,2,CpHJwU8o-BkJ,CpHJwU8o-BkJ,True,0.9999961215111498,0.999995499272015,6.22239134773217e-07,0.6500000000000001,True,correct,0.6500000000000001,True,correct,0.5000000000000001,0.6224593312018547,True,correct
DBLP,0.6,42,inner,bootstrap_OOB,528,conf/vldb/SatheS01,True,1,L1IBwD8w1G0J,L1IBwD8w1G0J,True,0.9999959767869068,2.768383892472817e-06,0.9999932084030144,0.6500000000000001,True,correct,0.6500000000000001,True,correct,0.5000000000000001,0.6224593312018547,True,correct
DBLP,0.6,42,inner,bootstrap_OOB,529,conf/vldb/NetzCBF00,True,1,mRIRFxOC8A8J,mRIRFxOC8A8J,True,0.9999965327471922,0.9999509358449274,4.559690226479951e-05,0.6500000000000001,True,correct,0.6500000000000001,True,correct,0.5000000000000001,0.6224593312018547,True,correct
DBLP,0.6,42,inner,bootstrap_OOB,530,conf/sigmod/HsiaoCY94,True,2,LEi_Rzm1iH0J,LEi_Rzm1iH0J,True,0.9999967199491532,0.9999958810181768,8.389309765766129e-07,0.6500000000000001,True,correct,0.6500000000000001,True,correct,0.5000000000000001,0.6224593312018547,True,correct
DBLP,0.6,42,inner,bootstrap_OOB,531,journals/sigmod/Chen94,True,1,url:http://portal.acm.org/ft_gateway.cfm%3Fid%3D187460%26type%3Dpdf%26coll%3DGUIDE%26dl%3DACM%26CFID%3D11111111%26CFTOKEN%3D2222222,url:http://portal.acm.org/ft_gateway.cfm%3Fid%3D187460%26type%3Dpdf%26coll%3DGUIDE%26dl%3DACM%26CFID%3D11111111%26CFTOKEN%3D2222222,True,0.9999952422485544,1.6410427830262066e-05,0.9999788318207242,0.6500000000000001,True,correct,0.6500000000000001,True,correct,0.5000000000000001,0.6224593312018547,True,correct
DBLP,0.6,42,inner,bootstrap_OOB,532,conf/sigmod/TsueiPK97,True,1,DpQGq6n1jnkJ,DpQGq6n1jnkJ,True,0.9999887118046872,2.444964968925246e-06,0.9999862668397184,0.6500000000000001,True,correct,0.6500000000000001,True,correct,0.5000000000000001,0.6224593312018547,True,correct
DBLP,0.6,42,inner,bootstrap_OOB,533,conf/vldb/Taylor00,True,1,Af_4cNCu3MwJ,Af_4cNCu3MwJ,True,0.9999952275613008,3.341466343744231e-06,0.9999918860949571,0.6500000000000001,True,correct,0.6500000000000001,True,correct,0.5000000000000001,0.6224593312018547,True,correct
DBLP,0.6,42,inner,bootstrap_OOB,534,conf/vldb/LakshmananSS99,True,2,H5bVePnEohQJ,H5bVePnEohQJ,True,0.9999965422934604,0.9991809713683176,0.0008155709251429,0.6500000000000001,True,correct,0.6500000000000001,True,correct,0.5000000000000001,0.6224593312018547,True,correct
DBLP,0.6,42,inner,bootstrap_OOB,535,conf/vldb/AbiteboulACEMM99,True,2,hh9fQmB-eEEJ,OYOTbj4m7JYJ,True,0.9999938943184552,0.0013234755189993,0.9986704187994556,0.6500000000000001,True,correct,0.6500000000000001,True,correct,0.5000000000000001,0.6224593312018547,True,correct
DBLP,0.6,42,inner,bootstrap_OOB,536,conf/sigmod/OzdenRSS96,True,1,-NqtWdEMQkgJ,-NqtWdEMQkgJ,True,0.9999957168229258,4.85546804869145e-06,0.999990861354877,0.6500000000000001,True,correct,0.6500000000000001,True,correct,0.5000000000000001,0.6224593312018547,True,correct
DBLP,0.6,42,inner,bootstrap_OOB,537,conf/sigmod/WilschutFA95,True,2,vgoFTdXYHZ0J,vgoFTdXYHZ0J,True,0.9999960403315984,0.0111657415341936,0.9888302987974048,0.6500000000000001,True,correct,0.6500000000000001,True,correct,0.5000000000000001,0.6224593312018547,True,correct
DBLP,0.6,42,inner,bootstrap_OOB,538,conf/sigmod/Kim94,True,1,GzJII5F7OzAJ,GzJII5F7OzAJ,True,0.9999961847025538,1.227903687315256e-05,0.9999839056656806,0.6500000000000001,True,correct,0.6500000000000001,True,correct,0.5000000000000001,0.6224593312018547,True,correct
DBLP,0.6,42,inner,bootstrap_OOB,539,journals/sigmod/JukicNV03,True,1,eR43Urfx-hcJ,eR43Urfx-hcJ,True,0.9999961516496328,2.5896405750710102e-06,0.9999935620090578,0.6500000000000001,True,correct,0.6500000000000001,True,correct,0.5000000000000001,0.6224593312018547,True,correct
DBLP,0.6,42,inner,bootstrap_OOB,540,journals/sigmod/Alonso94a,False,0,,uzEcNW5U3V4J,False,5.598162725245355e-05,1.104668444205498e-05,4.4934942810398566e-05,0.6500000000000001,False,unmatched_abstention,0.6500000000000001,False,unmatched_abstention,0.5000000000000001,0.6224593312018547,False,unmatched_abstention
DBLP,0.6,42,inner,bootstrap_OOB,541,conf/sigmod/GarofalakisGRSS00,True,2,5uvR4kU1UOoJ,5uvR4kU1UOoJ,True,0.9999964891186026,0.9999964555099854,3.3608617222569144e-08,0.6500000000000001,True,correct,0.6500000000000001,True,correct,0.5000000000000001,0.6224593312018547,True,correct
DBLP,0.6,42,inner,bootstrap_OOB,542,conf/sigmod/FukudaMMT96a,True,3,fSKep047pbgJ,fSKep047pbgJ,True,0.9999951686247334,0.9999939950797422,1.173544991184272e-06,0.6500000000000001,True,correct,0.6500000000000001,True,correct,0.5000000000000001,0.6224593312018547,True,correct
DBLP,0.6,42,inner,bootstrap_OOB,543,journals/sigmod/Barbara01,True,1,U8tEHzJ2Xj0J,U8tEHzJ2Xj0J,True,0.9999650537481216,9.83224147462973e-06,0.999955221506647,0.6500000000000001,True,correct,0.6500000000000001,True,correct,0.5000000000000001,0.6224593312018547,True,correct
DBLP,0.6,42,inner,bootstrap_OOB,544,conf/sigmod/Grust02,True,3,-3LAxRNpDJIJ,-3LAxRNpDJIJ,True,0.999990190405178,0.999987625744366,2.564660811943398e-06,0.6500000000000001,True,correct,0.6500000000000001,True,correct,0.5000000000000001,0.6224593312018547,True,correct
DBLP,0.6,42,inner,bootstrap_OOB,545,conf/sigmod/OlstonW02,True,1,pBKI-JCAlcIJ,pBKI-JCAlcIJ,True,0.999996810929683,2.8274632038396803e-06,0.9999939834664792,0.6500000000000001,True,correct,0.6500000000000001,True,correct,0.5000000000000001,0.6224593312018547,True,correct
DBLP,0.6,42,inner,bootstrap_OOB,546,journals/vldb/MylopoulosCPST96,True,3,F5liQDe9lB8J,F5liQDe9lB8J,True,0.9999963238132168,0.9998934866625324,0.0001028371506841,0.6500000000000001,True,correct,0.6500000000000001,True,correct,0.5000000000000001,0.6224593312018547,True,correct
DBLP,0.6,42,inner,bootstrap_OOB,547,conf/sigmod/Rajaraman99,True,2,m_n55lcmF-sJ,url:http://portal.acm.org/ft_gateway.cfm%3Fid%3D304246%26type%3Dpdf%26dl%3DGUIDE%26dl%3DACM%26CFID%3D11111111%26CFTOKEN%3D2222222,True,0.9999931481205594,0.999974202778596,1.894534196344999e-05,0.6500000000000001,True,correct,0.6500000000000001,True,correct,0.5000000000000001,0.6224593312018547,True,correct
DBLP,0.6,42,inner,bootstrap_OOB,548,conf/vldb/LockemannKKKN97,True,1,mFJzfuwL1jcJ,mFJzfuwL1jcJ,True,0.9999957085474308,3.145940586084743e-06,0.9999925626068448,0.6500000000000001,True,correct,0.6500000000000001,True,correct,0.5000000000000001,0.6224593312018547,True,correct
DBLP,0.6,42,inner,bootstrap_OOB,549,conf/sigmod/2000,False,0,,RrzmCYVOG4UJ,False,1.052883955993312e-05,7.863400872655394e-06,2.665438687277726e-06,0.6500000000000001,False,unmatched_abstention,0.6500000000000001,False,unmatched_abstention,0.5000000000000001,0.6224593312018547,False,unmatched_abstention
DBLP,0.6,42,inner,bootstrap_OOB,550,journals/vldb/GrefenVA01,True,1,fohOTTsEtIwJ,fohOTTsEtIwJ,True,0.9999961977135586,2.5612269162827367e-05,0.9999705854443958,0.6500000000000001,True,correct,0.6500000000000001,True,correct,0.5000000000000001,0.6224593312018547,True,correct
DBLP,0.6,42,inner,bootstrap_OOB,551,conf/sigmod/AcharyaGP00,True,3,q_bQLiJ-KZAJ,WGWZ2cNZW2YJ,True,0.9999964434998408,0.9999961388529292,3.046469114753592e-07,0.6500000000000001,True,correct,0.6500000000000001,True,correct,0.5000000000000001,0.6224593312018547,True,correct
DBLP,0.6,42,inner,bootstrap_OOB,552,conf/vldb/ChristodoulakisTZ97,True,2,D0z0BDnbnFcJ,lojHMj5xWEwJ,True,0.9999958434637988,0.9999952352741184,6.081896803955544e-07,0.6500000000000001,True,correct,0.6500000000000001,True,correct,0.5000000000000001,0.6224593312018547,True,correct
DBLP,0.6,42,inner,bootstrap_OOB,553,journals/tods/Keen97,True,1,v2xRz4ZhknAJ,v2xRz4ZhknAJ,True,0.9999939336870124,2.818551955679019e-06,0.9999911151350566,0.6500000000000001,True,correct,0.6500000000000001,True,correct,0.5000000000000001,0.6224593312018547,True,correct
DBLP,0.6,42,inner,bootstrap_OOB,554,journals/tods/Suciu02,True,1,Y7kHpHu3nP0J,Y7kHpHu3nP0J,True,0.9999947708909528,4.959474842458965e-06,0.9999898114161104,0.6500000000000001,True,correct,0.6500000000000001,True,correct,0.5000000000000001,0.6224593312018547,True,correct
DBLP,0.6,42,inner,bootstrap_OOB,555,journals/sigmod/SnodgrassACFLLORRSV99,False,0,,url:http://portal.acm.org/ft_gateway.cfm%3Fid%3D290599%26type%3Dpdf%26dl%3DGUIDE%26dl%3DACM%26CFID%3D11111111%26CFTOKEN%3D2222222,False,0.9999943504395038,0.9999934992180084,8.512214954015107e-07,0.6500000000000001,True,false_link,0.6500000000000001,True,false_link,0.5000000000000001,0.6224593312018547,True,false_link
DBLP,0.6,42,inner,bootstrap_OOB,556,conf/vldb/ChatziantoniouR97,True,2,UEvW-FsWASUJ,UEvW-FsWASUJ,True,0.9999949490181234,0.9999939067142336,1.042303889864371e-06,0.6500000000000001,True,correct,0.6500000000000001,True,correct,0.5000000000000001,0.6224593312018547,True,correct
DBLP,0.6,42,inner,bootstrap_OOB,557,conf/sigmod/CluetDSS98,True,7,63Y-t4R2RycJ,VZreOrzvcYEJ,True,0.9999946896794268,0.9999943206474536,3.690319730909053e-07,0.6500000000000001,True,correct,0.6500000000000001,True,correct,0.5000000000000001,0.6224593312018547,True,correct
DBLP,0.6,42,inner,bootstrap_OOB,558,conf/vldb/NicklasGS03,True,1,zApMW7wX5-AJ,zApMW7wX5-AJ,True,0.999996491357851,2.486647914506196e-06,0.9999940047099364,0.6500000000000001,True,correct,0.6500000000000001,True,correct,0.5000000000000001,0.6224593312018547,True,correct
DBLP,0.6,42,inner,bootstrap_OOB,559,conf/sigmod/SarawagiTA98,True,7,0Vmsc0oib2kJ,SLmQWvsYtKYJ,True,0.999996185397451,0.999995099991746,1.085405705203435e-06,0.6500000000000001,True,correct,0.6500000000000001,True,correct,0.5000000000000001,0.6224593312018547,True,correct
DBLP,0.6,42,inner,bootstrap_OOB,560,journals/sigmod/RamDD99,True,2,kHE9-cv77fwJ,uA-E1lBgLe0J,True,0.9999960780526892,0.8253698476173139,0.1746262304353751,0.6500000000000001,True,correct,0.6500000000000001,True,correct,0.5000000000000001,0.6224593312018547,True,correct
DBLP,0.6,42,inner,bootstrap_OOB,561,conf/sigmod/ChangC01,True,2,BGagLieYacQJ,BGagLieYacQJ,True,0.9999946295474564,0.999874056873184,0.0001205726742723,0.6500000000000001,True,correct,0.6500000000000001,True,correct,0.5000000000000001,0.6224593312018547,True,correct
DBLP,0.6,42,inner,bootstrap_OOB,562,conf/sigmod/Suciu99,True,1,FOpGGQJyLLsJ,FOpGGQJyLLsJ,True,0.0530628177296466,5.842566450881975e-05,0.0530043920651378,0.6500000000000001,False,missing_match,0.6500000000000001,False,missing_match,0.5000000000000001,0.6224593312018547,False,missing_match
DBLP,0.6,42,inner,bootstrap_OOB,563,journals/tods/GutingBEJLSV00,True,4,1qV5-83rTyUJ,cURCJR2xHE0J,True,0.9999958541922752,0.9998856798204964,0.000110174371779,0.6500000000000001,True,correct,0.6500000000000001,True,correct,0.5000000000000001,0.6224593312018547,True,correct
DBLP,0.6,42,inner,bootstrap_OOB,564,journals/sigmod/GeppertD94,True,1,P9xX0UDXnRcJ,P9xX0UDXnRcJ,True,0.9999898347929728,4.40587526232482e-06,0.9999854289177104,0.6500000000000001,True,correct,0.6500000000000001,True,correct,0.5000000000000001,0.6224593312018547,True,correct
DBLP,0.6,42,inner,bootstrap_OOB,565,journals/sigmod/Aberer01a,True,1,url:http://portal.acm.org/ft_gateway.cfm%3Fid%3D604274%26type%3Dpdf%26dl%3DGUIDE%26dl%3DACM%26CFID%3D11111111%26CFTOKEN%3D2222222,url:http://portal.acm.org/ft_gateway.cfm%3Fid%3D601865%26type%3Dpdf%26coll%3DGUIDE%26dl%3DACM%26CFID%3D11111111%26CFTOKEN%3D2222222,False,0.0002421577916938,0.0001160211920012,0.0001261365996926,0.6500000000000001,False,missing_match,0.6500000000000001,False,missing_match,0.5000000000000001,0.6224593312018547,False,missing_match
DBLP,0.6,42,inner,bootstrap_OOB,566,conf/vldb/MuntzR94,True,1,o9DfGI9zsloJ,o9DfGI9zsloJ,True,0.999995594944003,2.5096212438569608e-06,0.9999930853227592,0.6500000000000001,True,correct,0.6500000000000001,True,correct,0.5000000000000001,0.6224593312018547,True,correct
DBLP,0.6,42,inner,bootstrap_OOB,567,journals/sigmod/Qian96,True,1,NiswbODuzhAJ,NiswbODuzhAJ,True,0.9999960641217724,0.0001266504149074,0.999869413706865,0.6500000000000001,True,correct,0.6500000000000001,True,correct,0.5000000000000001,0.6224593312018547,True,correct
DBLP,0.6,42,inner,bootstrap_OOB,568,conf/vldb/NinkHR99,True,1,tZBIZ9ZHdTkJ,tZBIZ9ZHdTkJ,True,0.9999959929151768,2.741982570110467e-06,0.9999932509326068,0.6500000000000001,True,correct,0.6500000000000001,True,correct,0.5000000000000001,0.6224593312018547,True,correct
DBLP,0.6,42,inner,bootstrap_OOB,569,conf/sigmod/AgrawalGGR98,True,11,_LE5T2vKPUcJ,x92Yw8H9uH4J,True,0.9999964623113298,0.999996384394804,7.791652589794752e-08,0.6500000000000001,True,correct,0.6500000000000001,True,correct,0.5000000000000001,0.6224593312018547,True,correct
DBLP,0.6,42,inner,bootstrap_OOB,570,conf/sigmod/JagadishLS99,True,3,p5n3KKoHgMgJ,uXZXfQgn4doJ,True,0.9999960941996616,0.9999958359413216,2.582583400467797e-07,0.6500000000000001,True,correct,0.6500000000000001,True,correct,0.5000000000000001,0.6224593312018547,True,correct
DBLP,0.6,42,inner,bootstrap_OOB,571,conf/sigmod/SzalayGKT00,True,11,1kKap3JyndkJ,5Q_6HLwZ2YIJ,True,0.9999956100918034,0.9999948965362347,7.135555686321737e-07,0.6500000000000001,True,correct,0.6500000000000001,True,correct,0.5000000000000001,0.6224593312018547,True,correct
DBLP,0.6,42,inner,bootstrap_OOB,572,journals/vldb/WhangKW94,True,1,gLSOYwdwIQ8J,gLSOYwdwIQ8J,True,0.9999952023808636,2.4778701206233325e-06,0.9999927245107428,0.6500000000000001,True,correct,0.6500000000000001,True,correct,0.5000000000000001,0.6224593312018547,True,correct
DBLP,0.6,42,inner,bootstrap_OOB,573,conf/vldb/PetrovicBJ03,True,1,nIuz3dc8yHMJ,nIuz3dc8yHMJ,True,0.9999955587263968,3.1750412212774503e-06,0.9999923836851756,0.6500000000000001,True,correct,0.6500000000000001,True,correct,0.5000000000000001,0.6224593312018547,True,correct
DBLP,0.6,42,inner,bootstrap_OOB,574,conf/sigmod/LangS01,True,2,FFQc9XpGFRsJ,FFQc9XpGFRsJ,True,0.9999957530435044,0.9999894854992254,6.267544279014992e-06,0.6500000000000001,True,correct,0.6500000000000001,True,correct,0.5000000000000001,0.6224593312018547,True,correct
DBLP,0.6,42,inner,bootstrap_OOB,575,conf/vldb/RosenthalS94,True,1,NFUWsBXtCncJ,NFUWsBXtCncJ,True,0.999995850046691,2.632009769969184e-06,0.999993218036921,0.6500000000000001,True,correct,0.6500000000000001,True,correct,0.5000000000000001,0.6224593312018547,True,correct
DBLP,0.6,42,inner,bootstrap_OOB,576,conf/sigmod/SinghTW94,True,1,uAQ-tJ0j4nkJ,uAQ-tJ0j4nkJ,True,0.999978719519066,4.399186953770832e-06,0.9999743203321124,0.6500000000000001,True,correct,0.6500000000000001,True,correct,0.5000000000000001,0.6224593312018547,True,correct
DBLP,0.6,42,inner,bootstrap_OOB,577,journals/sigmod/SantucciT96,True,1,url:http://portal.acm.org/ft_gateway.cfm%3Fid%3D245898%26type%3Dpdf%26dl%3DGUIDE%26dl%3DACM%26CFID%3D11111111%26CFTOKEN%3D2222222,url:http://portal.acm.org/ft_gateway.cfm%3Fid%3D245898%26type%3Dpdf%26dl%3DGUIDE%26dl%3DACM%26CFID%3D11111111%26CFTOKEN%3D2222222,True,0.9999965149650476,2.5254262620058777e-06,0.9999939895387856,0.6500000000000001,True,correct,0.6500000000000001,True,correct,0.5000000000000001,0.6224593312018547,True,correct
DBLP,0.6,42,inner,bootstrap_OOB,578,conf/sigmod/PhanN02,True,1,LLIkm2GMqakJ,LLIkm2GMqakJ,True,0.99999573900668,2.78851112822512e-06,0.9999929504955518,0.6500000000000001,True,correct,0.6500000000000001,True,correct,0.5000000000000001,0.6224593312018547,True,correct
DBLP,0.6,42,inner,bootstrap_OOB,579,conf/sigmod/ShanmugasundaramNSR99,True,6,DZI4GwpYBOcJ,eQjFv7QxsQQJ,True,0.9999959773892424,0.9999954644699762,5.129192661712523e-07,0.6500000000000001,True,correct,0.6500000000000001,True,correct,0.5000000000000001,0.6224593312018547,True,correct
DBLP,0.6,42,inner,bootstrap_OOB,580,conf/vldb/GoldsteinR00,True,4,30fMB9_zBm0J,ylZFc8RNoeQJ,True,0.9999961969701296,0.9999957132513764,4.83718753385709e-07,0.6500000000000001,True,correct,0.6500000000000001,True,correct,0.5000000000000001,0.6224593312018547,True,correct
DBLP,0.6,42,inner,bootstrap_OOB,581,conf/vldb/GohOST99,True,1,hK5EOo-Z7JMJ,hK5EOo-Z7JMJ,True,0.9999914564163596,2.4650835426662284e-06,0.9999889913328168,0.6500000000000001,True,correct,0.6500000000000001,True,correct,0.5000000000000001,0.6224593312018547,True,correct
DBLP,0.6,42,inner,bootstrap_OOB,582,conf/sigmod/WangZS95,True,3,86-DS0U0jY0J,QHrpE-XaLoMJ,True,0.9999963728667158,0.999994149814032,2.223052683714144e-06,0.6500000000000001,True,correct,0.6500000000000001,True,correct,0.5000000000000001,0.6224593312018547,True,correct
DBLP,0.6,42,inner,bootstrap_OOB,583,journals/sigmod/Suciu01,True,2,_vOvQUzSV-gJ,_vOvQUzSV-gJ,True,0.9999963306153192,0.9999905672448668,5.763370452549488e-06,0.6500000000000001,True,correct,0.6500000000000001,True,correct,0.5000000000000001,0.6224593312018547,True,correct
DBLP,0.6,42,inner,bootstrap_OOB,584,conf/vldb/LeeWMS02,True,1,c-MP8R47zVIJ,c-MP8R47zVIJ,True,0.999996095644635,2.5279997735599274e-06,0.9999935676448616,0.6500000000000001,True,correct,0.6500000000000001,True,correct,0.5000000000000001,0.6224593312018547,True,correct
DBLP,0.6,42,inner,bootstrap_OOB,585,conf/vldb/ZurekS99,True,1,mEdoUlcnDsgJ,mEdoUlcnDsgJ,True,0.9999969716568496,2.4884698524341644e-06,0.9999944831869972,0.6500000000000001,True,correct,0.6500000000000001,True,correct,0.5000000000000001,0.6224593312018547,True,correct
DBLP,0.6,42,inner,bootstrap_OOB,586,journals/sigmod/DomenigD99,True,2,bi68bm0miqkJ,S6TMGRGUq1IJ,True,0.99999637267992,0.999993180526272,3.1921536481904766e-06,0.6500000000000001,True,correct,0.6500000000000001,True,correct,0.5000000000000001,0.6224593312018547,True,correct
DBLP,0.6,42,inner,bootstrap_OOB,587,conf/vldb/GarofalakisG01,True,3,PIhBWXtNTvUJ,SHDQQrfJ3BMJ,True,0.9999853133677052,0.9999704648285224,1.4848539182987786e-05,0.6500000000000001,True,correct,0.6500000000000001,True,correct,0.5000000000000001,0.6224593312018547,True,correct
DBLP,0.6,42,inner,bootstrap_OOB,588,conf/sigmod/Edelstein95,True,1,url:http://portal.acm.org/citation.cfm%3Fid%3D223868,url:http://portal.acm.org/citation.cfm%3Fid%3D223868,True,0.999996235378924,3.864167706889536e-06,0.9999923712112172,0.6500000000000001,True,correct,0.6500000000000001,True,correct,0.5000000000000001,0.6224593312018547,True,correct
DBLP,0.6,42,inner,bootstrap_OOB,589,conf/sigmod/ChaudhuriN98,True,5,99oqRZGWAYMJ,99oqRZGWAYMJ,True,0.9999928356082932,0.9999752909300482,1.7544678245107193e-05,0.6500000000000001,True,correct,0.6500000000000001,True,correct,0.5000000000000001,0.6224593312018547,True,correct
DBLP,0.6,42,inner,bootstrap_OOB,590,conf/vldb/LuoN01,True,1,TRWSf77xoWsJ,TRWSf77xoWsJ,True,0.9999959151023524,2.8726082084239438e-06,0.999993042494144,0.6500000000000001,True,correct,0.6500000000000001,True,correct,0.5000000000000001,0.6224593312018547,True,correct
DBLP,0.6,42,inner,bootstrap_OOB,591,conf/sigmod/MaheshwariL97,True,3,1hXAkApUm3kJ,VcVAYDLTty8J,True,0.9999900452170764,0.9999067071300368,8.33380870395306e-05,0.6500000000000001,True,correct,0.6500000000000001,True,correct,0.5000000000000001,0.6224593312018547,True,correct
