dataset,fraction,seed,role,scheme,record_index,ida,has_true_match,n_valid_matches,retained_idb,top1_idb,top1_is_any_valid,top1_score,top2_score,score_gap,threshold,declared,category,legacy_threshold,legacy_declared,legacy_category,direct_threshold,direct_threshold_sigmoid_equivalent,direct_declared,direct_category
DBLP,0.5,43,inner,SRSWOR_65_35,0,journals/sigmod/Aggarwal01,True,2,JKGSOO_3GjUJ,OE8gpNwz8MkJ,True,0.9999907872285406,0.9998933090749972,9.74781535433289e-05,0.2,True,correct,0.2,True,correct,0.1,0.52497918747894,True,correct
DBLP,0.5,43,inner,SRSWOR_65_35,1,conf/vldb/BernsteinD94,True,1,rNNtyNCgHLoJ,rNNtyNCgHLoJ,True,0.999990307795496,1.4252844958293597e-05,0.999976054950538,0.2,True,correct,0.2,True,correct,0.1,0.52497918747894,True,correct
DBLP,0.5,43,inner,SRSWOR_65_35,2,conf/sigmod/BabuGR01,True,2,h_oXQ6ntHEUJ,h_oXQ6ntHEUJ,True,0.9999901717053086,0.9999863264577528,3.845247555811504e-06,0.2,True,correct,0.2,True,correct,0.1,0.52497918747894,True,correct
DBLP,0.5,43,inner,SRSWOR_65_35,3,conf/sigmod/Gibson95,False,0,,nYQRxEXS8V4J,False,4.098546801123058e-05,3.349346430542833e-05,7.492003705802248e-06,0.2,False,unmatched_abstention,0.2,False,unmatched_abstention,0.1,0.52497918747894,False,unmatched_abstention
DBLP,0.5,43,inner,SRSWOR_65_35,4,conf/sigmod/AgichteinGV01,True,2,GDoFPiEzEhQJ,GDoFPiEzEhQJ,True,0.999989974640025,0.0580840835924358,0.9419058910475891,0.2,True,correct,0.2,True,correct,0.1,0.52497918747894,True,correct
DBLP,0.5,43,inner,SRSWOR_65_35,5,journals/sigmod/Franklin00,False,0,,C84rFQN_ug0J,False,2.4259280580556608e-05,2.122464374985096e-05,3.03463683070565e-06,0.2,False,unmatched_abstention,0.2,False,unmatched_abstention,0.1,0.52497918747894,False,unmatched_abstention
DBLP,0.5,43,inner,SRSWOR_65_35,6,journals/sigmod/Segev95,False,0,,C84rFQN_ug0J,False,0.0017869004099878,0.0006139626501797,0.001172937759808,0.2,False,unmatched_abstention,0.2,False,unmatched_abstention,0.1,0.52497918747894,False,unmatched_abstention
DBLP,0.5,43,inner,SRSWOR_65_35,7,conf/vldb/Celis96,True,1,Bg5vcyRBKd8J,Bg5vcyRBKd8J,True,0.9999899745635382,7.6211224330362066e-06,0.9999823534411052,0.2,True,correct,0.2,True,correct,0.1,0.52497918747894,True,correct
DBLP,0.5,43,inner,SRSWOR_65_35,8,conf/sigmod/Ellison95,False,0,,C5Jfm5lkgj0J,False,0.0595553657146426,0.0279200707661522,0.0316352949484903,0.2,False,unmatched_abstention,0.2,False,unmatched_abstention,0.1,0.52497918747894,False,unmatched_abstention
DBLP,0.5,43,inner,SRSWOR_65_35,9,conf/vldb/ScheuermannSV96,True,5,42whesD5Rl8J,kxebBNLKWl4J,True,0.999991838815594,0.99998572343021,6.115385383975713e-06,0.2,True,correct,0.2,True,correct,0.1,0.52497918747894,True,correct
DBLP,0.5,43,inner,SRSWOR_65_35,10,conf/vldb/BonczRK98,True,2,965BXzMPxSoJ,ts5vu2eNQgYJ,True,0.999972605483695,0.9954085429775766,0.0045640625061184,0.2,True,correct,0.2,True,correct,0.1,0.52497918747894,True,correct
DBLP,0.5,43,inner,SRSWOR_65_35,11,conf/vldb/KumarRRT99,True,2,1xbD4ssSjjUJ,fJn_2E8aihYJ,True,0.9999911068760292,0.999989591044769,1.5158312602903123e-06,0.2,True,correct,0.2,True,correct,0.1,0.52497918747894,True,correct
DBLP,0.5,43,inner,SRSWOR_65_35,12,journals/sigmod/PoessF00,True,3,JSrjKrTM_3sJ,JSrjKrTM_3sJ,True,0.9999911152344324,0.9999892210985636,1.8941358690405248e-06,0.2,True,correct,0.2,True,correct,0.1,0.52497918747894,True,correct
DBLP,0.5,43,inner,SRSWOR_65_35,13,conf/vldb/DesslochM97,True,2,CjtIFow-OWcJ,CjtIFow-OWcJ,True,0.9999913164945728,0.9997524890547898,0.000238827439783,0.2,True,correct,0.2,True,correct,0.1,0.52497918747894,True,correct
DBLP,0.5,43,inner,SRSWOR_65_35,14,conf/sigmod/HanPY00,True,13,2xwKDuA0DI8J,rLJSEgt6UbMJ,True,0.9999876172448264,0.9999866737621254,9.434827010768032e-07,0.2,True,correct,0.2,True,correct,0.1,0.52497918747894,True,correct
DBLP,0.5,43,inner,SRSWOR_65_35,15,journals/vldb/BarbaraI95,True,10,7N0H3ra1FFsJ,bMUUwjP72hwJ,True,0.9999866910093986,0.9999842085102952,2.4824991032845745e-06,0.2,True,correct,0.2,True,correct,0.1,0.52497918747894,True,correct
DBLP,0.5,43,inner,SRSWOR_65_35,16,conf/vldb/VermeerA96,True,1,bEddMdwB2_4J,bEddMdwB2_4J,True,0.9999882213113171,0.0001561375644331,0.999832083746884,0.2,True,correct,0.2,True,correct,0.1,0.52497918747894,True,correct
DBLP,0.5,43,inner,SRSWOR_65_35,17,conf/sigmod/KalnisP01,True,1,-UHxodSX8oMJ,-UHxodSX8oMJ,True,0.9999822329566156,1.2461629428880612e-05,0.9999697713271868,0.2,True,correct,0.2,True,correct,0.1,0.52497918747894,True,correct
DBLP,0.5,43,inner,SRSWOR_65_35,18,conf/sigmod/ZhangDWEMPMDR03,True,2,1hkVjoUg8hUJ,gWslyEjd3BYJ,True,0.9999883518169296,0.999983280969042,5.070847887478358e-06,0.2,True,correct,0.2,True,correct,0.1,0.52497918747894,True,correct
DBLP,0.5,43,inner,SRSWOR_65_35,19,conf/vldb/GardarinGT95,True,2,DAUHADa6RjQJ,uMkO2KGQJwwJ,True,0.9999890733039456,0.9997040821045688,0.0002849911993768,0.2,True,correct,0.2,True,correct,0.1,0.52497918747894,True,correct
DBLP,0.5,43,inner,SRSWOR_65_35,20,journals/vldb/PanagosB97,True,1,Ht4Yl1kJuxIJ,Ht4Yl1kJuxIJ,True,0.9999906157862304,0.9999676769873358,2.293879889470052e-05,0.2,True,correct,0.2,True,correct,0.1,0.52497918747894,True,correct
DBLP,0.5,43,inner,SRSWOR_65_35,21,conf/vldb/OrensteinK95,True,1,Trw6DEZeqTsJ,Trw6DEZeqTsJ,True,0.9999891655186834,7.836779364462917e-06,0.999981328739319,0.2,True,correct,0.2,True,correct,0.1,0.52497918747894,True,correct
DBLP,0.5,43,inner,SRSWOR_65_35,22,conf/sigmod/TheodoulidisAACKS94,True,2,JFOg1ntEUvMJ,srDgEOADv7cJ,True,0.9999834212130442,0.999954257736042,2.9163477002325244e-05,0.2,True,correct,0.2,True,correct,0.1,0.52497918747894,True,correct
DBLP,0.5,43,inner,SRSWOR_65_35,23,conf/sigmod/ReissK03,True,1,L1m30vG-d5sJ,L1m30vG-d5sJ,True,0.9999925475345768,5.601325780858795e-06,0.999986946208796,0.2,True,correct,0.2,True,correct,0.1,0.52497918747894,True,correct
DBLP,0.5,43,inner,SRSWOR_65_35,24,conf/vldb/McHughW99,True,2,bXRF6rASxhgJ,bXRF6rASxhgJ,True,0.999987873549433,0.9988487824880624,0.0011390910613705,0.2,True,correct,0.2,True,correct,0.1,0.52497918747894,True,correct
DBLP,0.5,43,inner,SRSWOR_65_35,25,journals/vldb/KellerB96,True,3,tVoqZpEEHv8J,XTnTJ3s9yr0J,True,0.999988139669782,0.9999870204915816,1.1191782003372452e-06,0.2,True,correct,0.2,True,correct,0.1,0.52497918747894,True,correct
DBLP,0.5,43,inner,SRSWOR_65_35,26,journals/sigmod/GlavitschSW94,True,2,hWplbG_c0LEJ,IQjGtYPrUFUJ,True,0.9999905847971016,0.999987259414659,3.325382442520564e-06,0.2,True,correct,0.2,True,correct,0.1,0.52497918747894,True,correct
DBLP,0.5,43,inner,SRSWOR_65_35,27,conf/vldb/IshikawaSF98,True,4,9MDCp_a1roUJ,D1HCBThHOkcJ,True,0.9999900594661452,0.9999821195139236,7.939952221591717e-06,0.2,True,correct,0.2,True,correct,0.1,0.52497918747894,True,correct
DBLP,0.5,43,inner,SRSWOR_65_35,28,conf/vldb/BohannonLRSSS97,True,4,GzK2N5eQ0pQJ,GzK2N5eQ0pQJ,True,0.9999896404116816,0.9999886065072056,1.033904476144265e-06,0.2,True,correct,0.2,True,correct,0.1,0.52497918747894,True,correct
DBLP,0.5,43,inner,SRSWOR_65_35,29,journals/vldb/HarderST99,True,1,KGyKFmRfspAJ,KGyKFmRfspAJ,True,0.999990532078289,5.40242954533389e-06,0.9999851296487436,0.2,True,correct,0.2,True,correct,0.1,0.52497918747894,True,correct
DBLP,0.5,43,inner,SRSWOR_65_35,30,journals/sigmod/UlusoyB96,True,1,LclVYrb7vJoJ,LclVYrb7vJoJ,True,0.9999922858065796,1.206395545802747e-05,0.9999802218511216,0.2,True,correct,0.2,True,correct,0.1,0.52497918747894,True,correct
DBLP,0.5,43,inner,SRSWOR_65_35,31,conf/vldb/ChaudhuriGS95,True,2,77Sb5mlyASgJ,77Sb5mlyASgJ,True,0.9999879431065108,0.4530082132880431,0.5469797298184678,0.2,True,correct,0.2,True,correct,0.1,0.52497918747894,True,correct
DBLP,0.5,43,inner,SRSWOR_65_35,32,conf/sigmod/ParkCY95,True,8,8CqjZ166ScEJ,8CqjZ166ScEJ,True,0.9999901582459896,0.9999877741517824,2.3840942071640114e-06,0.2,True,correct,0.2,True,correct,0.1,0.52497918747894,True,correct
DBLP,0.5,43,inner,SRSWOR_65_35,33,journals/sigmod/Hellerstein03,True,2,5FSG85HbUygJ,pHHvswIOFfAJ,True,0.9999868330216972,0.9999591922956632,2.764072603378409e-05,0.2,True,correct,0.2,True,correct,0.1,0.52497918747894,True,correct
DBLP,0.5,43,inner,SRSWOR_65_35,34,journals/sigmod/RossKMV02,False,0,,url:http://portal.acm.org/citation.cfm%3Fid%3D1041410.1041430,False,0.9942537896035566,0.2177319377105844,0.7765218518929722,0.2,True,false_link,0.2,True,false_link,0.1,0.52497918747894,True,false_link
DBLP,0.5,43,inner,SRSWOR_65_35,35,conf/sigmod/GunopulosD01,True,4,kneUxV6J3nQJ,oYtmj53qV0UJ,True,0.9999867458536312,0.9999327688390854,5.3977014545791846e-05,0.2,True,correct,0.2,True,correct,0.1,0.52497918747894,True,correct
DBLP,0.5,43,inner,SRSWOR_65_35,36,conf/vldb/LiuLBHTS03,True,1,pAhZKAo7m-sJ,pAhZKAo7m-sJ,True,0.999991273783286,6.957125669783311e-06,0.999984316657616,0.2,True,correct,0.2,True,correct,0.1,0.52497918747894,True,correct
DBLP,0.5,43,inner,SRSWOR_65_35,37,journals/sigmod/LeeC00,True,4,3kSb_ooS1cgJ,Knzz_bkGA00J,True,0.9999911046961276,0.9999853866321275,5.7180640000709104e-06,0.2,True,correct,0.2,True,correct,0.1,0.52497918747894,True,correct
DBLP,0.5,43,inner,SRSWOR_65_35,38,journals/tods/ShashaLSV95,True,1,0aVKzjogLlAJ,0aVKzjogLlAJ,True,0.9999846932319576,1.1669842430933515e-05,0.9999730233895268,0.2,True,correct,0.2,True,correct,0.1,0.52497918747894,True,correct
DBLP,0.5,43,inner,SRSWOR_65_35,39,conf/vldb/KoudasIM00,True,2,VSR4PwHmGWsJ,VSR4PwHmGWsJ,True,0.9999919620465124,0.999980024477496,1.1937569016406968e-05,0.2,True,correct,0.2,True,correct,0.1,0.52497918747894,True,correct
DBLP,0.5,43,inner,SRSWOR_65_35,40,conf/sigmod/RundensteinerCLCZNJLW99,True,1,SADcQZhMqgEJ,SADcQZhMqgEJ,True,0.9999878618867676,6.596733698006456e-06,0.9999812651530696,0.2,True,correct,0.2,True,correct,0.1,0.52497918747894,True,correct
DBLP,0.5,43,inner,SRSWOR_65_35,41,conf/vldb/CuiW01,True,1,SaOd6rDz5ZgJ,SaOd6rDz5ZgJ,True,0.9999733110377488,7.285732482565458e-05,0.999900453712923,0.2,True,correct,0.2,True,correct,0.1,0.52497918747894,True,correct
DBLP,0.5,43,inner,SRSWOR_65_35,42,conf/sigmod/NaumanS98,True,1,url:http://portal.acm.org/ft_gateway.cfm%3Fid%3D276369%26type%3Dpdf%26dl%3DGUIDE%26dl%3DACM%26CFID%3D11111111%26CFTOKEN%3D2222222,url:http://portal.acm.org/ft_gateway.cfm%3Fid%3D276369%26type%3Dpdf%26dl%3DGUIDE%26dl%3DACM%26CFID%3D11111111%26CFTOKEN%3D2222222,True,0.9999773090887282,4.9524609315289935e-06,0.9999723566277966,0.2,True,correct,0.2,True,correct,0.1,0.52497918747894,True,correct
DBLP,0.5,43,inner,SRSWOR_65_35,43,journals/sigmod/Konig-RiesL97,True,2,3fQBks2g-BMJ,url:http://portal.acm.org/ft_gateway.cfm%3Fid%3D262771%26type%3Dpdf%26dl%3DGUIDE%26dl%3DACM%26CFID%3D11111111%26CFTOKEN%3D2222222,True,0.9999689045207486,0.9999566190750786,1.2285445670001671e-05,0.2,True,correct,0.2,True,correct,0.1,0.52497918747894,True,correct
DBLP,0.5,43,inner,SRSWOR_65_35,44,journals/sigmod/SnodgrassHMOPRRWY98,False,0,,uPBlQ76s_g4J,False,0.9919304928676546,0.9271752960175448,0.0647551968501098,0.2,True,false_link,0.2,True,false_link,0.1,0.52497918747894,True,false_link
DBLP,0.5,43,inner,SRSWOR_65_35,45,conf/vldb/HvasshovdBT00,True,1,af50lhGnD8gJ,af50lhGnD8gJ,True,0.9999631391424242,0.0408353490964424,0.9591277900459816,0.2,True,correct,0.2,True,correct,0.1,0.52497918747894,True,correct
DBLP,0.5,43,inner,SRSWOR_65_35,46,conf/sigmod/ChaudhuriGN02,True,2,KrfR8djb3C8J,KrfR8djb3C8J,True,0.9998624633181508,0.9992150827495287,0.000647380568622,0.2,True,correct,0.2,True,correct,0.1,0.52497918747894,True,correct
DBLP,0.5,43,inner,SRSWOR_65_35,47,conf/sigmod/MaratheS99,True,1,z6JEYoArZmsJ,z6JEYoArZmsJ,True,0.9989678073149808,1.2492983641827448e-05,0.998955314331339,0.2,True,correct,0.2,True,correct,0.1,0.52497918747894,True,correct
DBLP,0.5,43,inner,SRSWOR_65_35,48,conf/sigmod/AboulnagaC99,True,2,WWaxLMIptTMJ,WWaxLMIptTMJ,True,0.9999904284739892,0.9999799334031458,1.0495070843274943e-05,0.2,True,correct,0.2,True,correct,0.1,0.52497918747894,True,correct
DBLP,0.5,43,inner,SRSWOR_65_35,49,conf/sigmod/AdaliBSS98,True,3,69JsZwNpla0J,69JsZwNpla0J,True,0.9999761407415528,0.9999472521385254,2.8888603027521494e-05,0.2,True,correct,0.2,True,correct,0.1,0.52497918747894,True,correct
DBLP,0.5,43,inner,SRSWOR_65_35,50,conf/vldb/KounevB02,True,2,DayIdkLVfyIJ,mq4cLaNqTDQJ,True,0.9999904047574144,0.999983228957908,7.175799506264902e-06,0.2,True,correct,0.2,True,correct,0.1,0.52497918747894,True,correct
DBLP,0.5,43,inner,SRSWOR_65_35,51,conf/sigmod/AshleyFHLNP95,True,5,9uxj2XzGt9UJ,FnnILIjz08EJ,True,0.9999890700522986,0.9999830591611624,6.010891136165597e-06,0.2,True,correct,0.2,True,correct,0.1,0.52497918747894,True,correct
DBLP,0.5,43,inner,SRSWOR_65_35,52,conf/vldb/TianD03,True,1,l7glyH7ltuQJ,l7glyH7ltuQJ,True,0.999986501522916,4.868288311619579e-06,0.9999816332346044,0.2,True,correct,0.2,True,correct,0.1,0.52497918747894,True,correct
DBLP,0.5,43,inner,SRSWOR_65_35,53,conf/vldb/KamelF94,True,8,3IaFojiICIoJ,ONuqAb6sM3oJ,True,0.9999896819114514,0.9999882308666376,1.4510448137494691e-06,0.2,True,correct,0.2,True,correct,0.1,0.52497918747894,True,correct
DBLP,0.5,43,inner,SRSWOR_65_35,54,conf/sigmod/KemperMPS94,True,1,ChCPyLiBpr4J,ChCPyLiBpr4J,True,0.9999884078902552,0.0001049922470284,0.9998834156432268,0.2,True,correct,0.2,True,correct,0.1,0.52497918747894,True,correct
DBLP,0.5,43,inner,SRSWOR_65_35,55,conf/sigmod/FreedmanD95,True,2,2bao_dZfCuQJ,dt4Mxy8b2hwJ,True,0.9999901299355136,0.9999753815783416,1.474835717196754e-05,0.2,True,correct,0.2,True,correct,0.1,0.52497918747894,True,correct
DBLP,0.5,43,inner,SRSWOR_65_35,56,conf/sigmod/ZhouLP99,True,1,0OwKmPjQpd0J,0OwKmPjQpd0J,True,0.9999910249469892,6.239615465135071e-06,0.999984785331524,0.2,True,correct,0.2,True,correct,0.1,0.52497918747894,True,correct
DBLP,0.5,43,inner,SRSWOR_65_35,57,conf/vldb/ImielinskiB02,True,1,IQ_MbfJGh0kJ,IQ_MbfJGh0kJ,True,0.999883553751533,1.09550136378274e-05,0.9998725987378952,0.2,True,correct,0.2,True,correct,0.1,0.52497918747894,True,correct
DBLP,0.5,43,inner,SRSWOR_65_35,58,conf/vldb/Hess96,True,1,Gia7489k5t4J,Gia7489k5t4J,True,0.9999891696198916,7.286109263691764e-06,0.9999818835106278,0.2,True,correct,0.2,True,correct,0.1,0.52497918747894,True,correct
DBLP,0.5,43,inner,SRSWOR_65_35,59,conf/sigmod/ChaudhuriN98,True,5,99oqRZGWAYMJ,99oqRZGWAYMJ,True,0.999964562363672,0.9999475035486558,1.7058815016124385e-05,0.2,True,correct,0.2,True,correct,0.1,0.52497918747894,True,correct
DBLP,0.5,43,inner,SRSWOR_65_35,60,journals/sigmod/Naughton00,False,0,,url:http://portal.acm.org/ft_gateway.cfm%3Fid%3D601859%26type%3Dpdf%26dl%3DGUIDE%26dl%3DACM%26CFID%3D11111111%26CFTOKEN%3D2222222,False,0.057826377360519,0.0012437203601172,0.0565826570004018,0.2,False,unmatched_abstention,0.2,False,unmatched_abstention,0.1,0.52497918747894,False,unmatched_abstention
DBLP,0.5,43,inner,SRSWOR_65_35,61,conf/sigmod/GoldsteinL01,True,2,dxvwQEOjBJQJ,xufwWHmOf6IJ,True,0.999992020641828,0.9984258217349136,0.0015661989069145,0.2,True,correct,0.2,True,correct,0.1,0.52497918747894,True,correct
DBLP,0.5,43,inner,SRSWOR_65_35,62,journals/vldb/ShethTP03,True,2,Svbxes_XzdUJ,tReKvTMB7pcJ,True,0.9999918355304868,0.9998523600259256,0.000139475504561,0.2,True,correct,0.2,True,correct,0.1,0.52497918747894,True,correct
DBLP,0.5,43,inner,SRSWOR_65_35,63,conf/vldb/GarciaLL98,True,2,5MO7a6e0-GQJ,5MO7a6e0-GQJ,True,0.9999896160496982,0.9999808268666818,8.789183016388868e-06,0.2,True,correct,0.2,True,correct,0.1,0.52497918747894,True,correct
DBLP,0.5,43,inner,SRSWOR_65_35,64,journals/vldb/ChanFGR02,True,3,LfS9Vr-FSZEJ,ORkxHLb7dvcJ,True,0.9999894690114516,0.9999849348772843,4.534134167011317e-06,0.2,True,correct,0.2,True,correct,0.1,0.52497918747894,True,correct
DBLP,0.5,43,inner,SRSWOR_65_35,65,conf/vldb/ChaHKK01,True,1,VyOa5Uqsj6AJ,VyOa5Uqsj6AJ,True,0.9999898079045444,1.1787329951405298e-05,0.9999780205745932,0.2,True,correct,0.2,True,correct,0.1,0.52497918747894,True,correct
DBLP,0.5,43,inner,SRSWOR_65_35,66,conf/sigmod/FegarasM95,True,4,LSWVPfB8TC4J,LSWVPfB8TC4J,True,0.999991549796699,0.9996038079570074,0.0003877418396915,0.2,True,correct,0.2,True,correct,0.1,0.52497918747894,True,correct
DBLP,0.5,43,inner,SRSWOR_65_35,67,conf/vldb/BamfordAP99,True,1,2y9m1qzVu4EJ,2y9m1qzVu4EJ,True,0.9999918862781692,6.495551643971397e-06,0.9999853907265251,0.2,True,correct,0.2,True,correct,0.1,0.52497918747894,True,correct
DBLP,0.5,43,inner,SRSWOR_65_35,68,conf/vldb/AmbiteKKMST01,True,2,9bzGIloFctIJ,9bzGIloFctIJ,True,0.9988950403573488,0.2485236106606469,0.7503714296967019,0.2,True,correct,0.2,True,correct,0.1,0.52497918747894,True,correct
DBLP,0.5,43,inner,SRSWOR_65_35,69,conf/sigmod/KornackerMH97,True,4,J8sGEkYqAFcJ,O81USJg2EhwJ,True,0.9999884184981688,0.9999847270460362,3.691452132636997e-06,0.2,True,correct,0.2,True,correct,0.1,0.52497918747894,True,correct
DBLP,0.5,43,inner,SRSWOR_65_35,70,journals/sigmod/Snodgrass97a,False,0,,NHxHsUH9L5MJ,False,0.0761342878954287,0.0167857968070327,0.0593484910883959,0.2,False,unmatched_abstention,0.2,False,unmatched_abstention,0.1,0.52497918747894,False,unmatched_abstention
DBLP,0.5,43,inner,SRSWOR_65_35,71,conf/sigmod/KotidisR98,True,2,CpHJwU8o-BkJ,CpHJwU8o-BkJ,True,0.9999921470159212,0.9999634623106682,2.86847052530792e-05,0.2,True,correct,0.2,True,correct,0.1,0.52497918747894,True,correct
DBLP,0.5,43,inner,SRSWOR_65_35,72,journals/sigmod/HummerLW02,True,2,url:http://portal.acm.org/ft_gateway.cfm%3Fid%3D507345%26type%3Dpdf%26dl%3DGUIDE%26dl%3DACM%26CFID%3D11111111%26CFTOKEN%3D2222222,url:http://portal.acm.org/ft_gateway.cfm%3Fid%3D507345%26type%3Dpdf%26dl%3DGUIDE%26dl%3DACM%26CFID%3D11111111%26CFTOKEN%3D2222222,True,0.9999900823243936,0.9999844089668962,5.673357497237852e-06,0.2,True,correct,0.2,True,correct,0.1,0.52497918747894,True,correct
DBLP,0.5,43,inner,SRSWOR_65_35,73,journals/sigmod/MukhopadhyayGS03,True,1,url:http://portal.acm.org/ft_gateway.cfm%3Fid%3D776989%26type%3Dpdf%26dl%3DGUIDE%26dl%3DACM%26CFID%3D11111111%26CFTOKEN%3D2222222,url:http://portal.acm.org/ft_gateway.cfm%3Fid%3D776989%26type%3Dpdf%26dl%3DGUIDE%26dl%3DACM%26CFID%3D11111111%26CFTOKEN%3D2222222,True,0.9999929212697296,4.995146212336039e-06,0.9999879261235172,0.2,True,correct,0.2,True,correct,0.1,0.52497918747894,True,correct
DBLP,0.5,43,inner,SRSWOR_65_35,74,conf/sigmod/MarklL02,True,2,5fSqMJg7FV4J,b7IXEwTLIHAJ,True,0.9999760030745396,0.0245271431512074,0.975448859923332,0.2,True,correct,0.2,True,correct,0.1,0.52497918747894,True,correct
DBLP,0.5,43,inner,SRSWOR_65_35,75,journals/sigmod/MeltonMJKSZ01,True,4,_u9eNZTiNSoJ,IoNxL_rg2_cJ,True,0.9999858995343432,0.9980713827999748,0.0019145167343684,0.2,True,correct,0.2,True,correct,0.1,0.52497918747894,True,correct
DBLP,0.5,43,inner,SRSWOR_65_35,76,conf/sigmod/BergstraesserBPS99,True,2,4Ha7Bs5Vq3MJ,qcZ2tYThtK0J,True,0.9999818791872211,0.0811527894985945,0.9188290896886266,0.2,True,correct,0.2,True,correct,0.1,0.52497918747894,True,correct
DBLP,0.5,43,inner,SRSWOR_65_35,77,journals/sigmod/DemersGRTY03,True,1,QObLZuX-xBMJ,QObLZuX-xBMJ,True,0.9999897269489282,9.081462022388174e-06,0.9999806454869058,0.2,True,correct,0.2,True,correct,0.1,0.52497918747894,True,correct
DBLP,0.5,43,inner,SRSWOR_65_35,78,conf/sigmod/DogacHKOONDMAKE96,True,7,_4ARkdpRArQJ,UAO4T_2ylPkJ,True,0.999970058637738,0.9998851296267204,8.492901101764261e-05,0.2,True,correct,0.2,True,correct,0.1,0.52497918747894,True,correct
DBLP,0.5,43,inner,SRSWOR_65_35,79,journals/sigmod/HuangKL02,True,2,g4mWc14U8m4J,yyUMt1X2WXcJ,True,0.9999930314664252,0.9999214901946352,7.154127179009873e-05,0.2,True,correct,0.2,True,correct,0.1,0.52497918747894,True,correct
DBLP,0.5,43,inner,SRSWOR_65_35,80,conf/vldb/TengCY03,True,1,wJjaZnzD6pAJ,wJjaZnzD6pAJ,True,0.9999900540421418,0.9987999258788112,0.0011901281633306,0.2,True,correct,0.2,True,correct,0.1,0.52497918747894,True,correct
DBLP,0.5,43,inner,SRSWOR_65_35,81,conf/sigmod/Cabrera03,False,0,,url:http://wwwdb.informatik.uni-rostock.de/vldb2003/papers/S31P01.pdf,False,0.0001497746954158,8.415558639578189e-05,6.561910902002205e-05,0.2,False,unmatched_abstention,0.2,False,unmatched_abstention,0.1,0.52497918747894,False,unmatched_abstention
DBLP,0.5,43,inner,SRSWOR_65_35,82,journals/sigmod/Aberer03d,True,1,url:http://portal.acm.org/ft_gateway.cfm%3Fid%3D959078%26type%3Dpdf%26dl%3DGUIDE%26dl%3DACM%26CFID%3D11111111%26CFTOKEN%3D2222222,url:http://portal.acm.org/ft_gateway.cfm%3Fid%3D959078%26type%3Dpdf%26dl%3DGUIDE%26dl%3DACM%26CFID%3D11111111%26CFTOKEN%3D2222222,True,0.1057327829006337,0.0123379306250075,0.0933948522756262,0.2,False,missing_match,0.2,False,missing_match,0.1,0.52497918747894,False,missing_match
DBLP,0.5,43,inner,SRSWOR_65_35,83,journals/sigmod/Snodgrass99a,False,0,,NHxHsUH9L5MJ,False,0.0782662083897266,0.0138729212968287,0.0643932870928978,0.2,False,unmatched_abstention,0.2,False,unmatched_abstention,0.1,0.52497918747894,False,unmatched_abstention
DBLP,0.5,43,inner,SRSWOR_65_35,84,journals/vldb/AbadiCCCCLSTZ03,True,1,gBVNSFeS4P8J,gBVNSFeS4P8J,True,0.999991365183306,0.9999743889520648,1.697623124119474e-05,0.2,True,correct,0.2,True,correct,0.1,0.52497918747894,True,correct
DBLP,0.5,43,inner,SRSWOR_65_35,85,journals/sigmod/Fankhauser01,True,1,_sltXCfRKhYJ,_sltXCfRKhYJ,True,0.9999895717394076,1.4775586961431734e-05,0.9999747961524464,0.2,True,correct,0.2,True,correct,0.1,0.52497918747894,True,correct
DBLP,0.5,43,inner,SRSWOR_65_35,86,conf/vldb/ChakrabartiDAR97,True,7,-2Ib1nqgXbcJ,QyBDbs7EpmsJ,True,0.999991544056975,0.9999909618503448,5.822066301286455e-07,0.2,True,correct,0.2,True,correct,0.1,0.52497918747894,True,correct
DBLP,0.5,43,inner,SRSWOR_65_35,87,journals/sigmod/RiekertMW97,True,1,M-3MGd3wPcsJ,M-3MGd3wPcsJ,True,0.999988734496296,0.0023018704895702,0.9976868640067258,0.2,True,correct,0.2,True,correct,0.1,0.52497918747894,True,correct
DBLP,0.5,43,inner,SRSWOR_65_35,88,journals/vldb/ChakrabartiRS03,True,1,idfox84uNHUJ,idfox84uNHUJ,True,0.9999868848545136,5.871727534325498e-06,0.9999810131269792,0.2,True,correct,0.2,True,correct,0.1,0.52497918747894,True,correct
DBLP,0.5,43,inner,SRSWOR_65_35,89,conf/sigmod/ChaudhuriN98a,True,3,AiXOfJPvvpUJ,JyEX0YVMP5oJ,True,0.9999878613079708,0.999965773477358,2.2087830612749212e-05,0.2,True,correct,0.2,True,correct,0.1,0.52497918747894,True,correct
DBLP,0.5,43,inner,SRSWOR_65_35,90,journals/sigmod/SommerGB02,True,2,8l5_eKZcCh8J,8l5_eKZcCh8J,True,0.9999877858055594,0.9990186416084214,0.000969144197138,0.2,True,correct,0.2,True,correct,0.1,0.52497918747894,True,correct
DBLP,0.5,43,inner,SRSWOR_65_35,91,conf/sigmod/FaloutsosRM94,True,9,4bG39HmGrAQJ,AHu54TOP-eoJ,True,0.999991692941558,0.9999880949648,3.59797675797413e-06,0.2,True,correct,0.2,True,correct,0.1,0.52497918747894,True,correct
DBLP,0.5,43,inner,SRSWOR_65_35,92,conf/vldb/PopaVMHF02,True,3,J0jQGfOjVZ4J,qJ4lzBFzjdgJ,True,0.9999717381500702,0.9999370135702342,3.4724579835998526e-05,0.2,True,correct,0.2,True,correct,0.1,0.52497918747894,True,correct
DBLP,0.5,43,inner,SRSWOR_65_35,93,conf/sigmod/DeligiannakisR03,True,1,zMgbS5u_GwYJ,zMgbS5u_GwYJ,True,0.9999787946169074,5.049546624327312e-06,0.9999737450702832,0.2,True,correct,0.2,True,correct,0.1,0.52497918747894,True,correct
DBLP,0.5,43,inner,SRSWOR_65_35,94,journals/sigmod/Qian97,True,1,url:http://portal.acm.org/citation.cfm%3Fid%3D248603.248618%26dl%3DGUIDE%26dl%3DACM%26idx%3DJ689%26part%3Dperiodical%26WantType%3Dperiodical%26title%3DACM%2520SIGMOD%2520Record%26CFID%3D11111111%26CFTOKEN%3D2222222,url:http://portal.acm.org/citation.cfm%3Fid%3D248603.248618%26dl%3DGUIDE%26dl%3DACM%26idx%3DJ689%26part%3Dperiodical%26WantType%3Dperiodical%26title%3DACM%2520SIGMOD%2520Record%26CFID%3D11111111%26CFTOKEN%3D2222222,True,0.9999908389285436,4.725181097401718e-06,0.9999861137474464,0.2,True,correct,0.2,True,correct,0.1,0.52497918747894,True,correct
DBLP,0.5,43,inner,SRSWOR_65_35,95,conf/vldb/UrhanF01,True,1,0-FUXURm1FQJ,0-FUXURm1FQJ,True,0.9999899030041292,6.887551877137795e-06,0.999983015452252,0.2,True,correct,0.2,True,correct,0.1,0.52497918747894,True,correct
DBLP,0.5,43,inner,SRSWOR_65_35,96,journals/vldb/Guting94,True,6,2HXoDqKjpXYJ,-7PP3rSp1UcJ,True,0.9999793110593458,0.9999548127801542,2.4498279191598197e-05,0.2,True,correct,0.2,True,correct,0.1,0.52497918747894,True,correct
DBLP,0.5,43,inner,SRSWOR_65_35,97,conf/vldb/LiHKSPAC02,False,0,,rDObsYKVroMJ,False,7.122936662751123e-06,6.900187988356451e-06,2.227486743946722e-07,0.2,False,unmatched_abstention,0.2,False,unmatched_abstention,0.1,0.52497918747894,False,unmatched_abstention
DBLP,0.5,43,inner,SRSWOR_65_35,98,journals/sigmod/KuanL99,True,2,BZfdROjhbhwJ,lkrtCULVA6oJ,True,0.9999922603839196,0.9999892566478308,3.003736088857956e-06,0.2,True,correct,0.2,True,correct,0.1,0.52497918747894,True,correct
DBLP,0.5,43,inner,SRSWOR_65_35,99,conf/vldb/GeorgeH98,True,2,2L-UFpDof3UJ,2L-UFpDof3UJ,True,0.999969528617786,0.9986695729643018,0.0012999556534842,0.2,True,correct,0.2,True,correct,0.1,0.52497918747894,True,correct
DBLP,0.5,43,inner,SRSWOR_65_35,100,conf/vldb/LakshmananJN00,True,1,1n7AY641YyAJ,1n7AY641YyAJ,True,0.9999922037349817,4.650358509725042e-06,0.9999875533764718,0.2,True,correct,0.2,True,correct,0.1,0.52497918747894,True,correct
DBLP,0.5,43,inner,SRSWOR_65_35,101,conf/vldb/DeWittKLPY94,True,6,AR8Phh8yvNEJ,cehAAlTq4s8J,True,0.9999570076864815,0.99993846358183,1.8544104651740945e-05,0.2,True,correct,0.2,True,correct,0.1,0.52497918747894,True,correct
DBLP,0.5,43,inner,SRSWOR_65_35,102,conf/sigmod/AbiteboulBCMM03,True,2,AxpQwgyRyLgJ,Rjb06zlxbLIJ,True,0.9999910042098034,0.9849552793979994,0.0150357248118039,0.2,True,correct,0.2,True,correct,0.1,0.52497918747894,True,correct
DBLP,0.5,43,inner,SRSWOR_65_35,103,conf/sigmod/DavulcuFKR99,True,1,TDyW6V4cc7MJ,TDyW6V4cc7MJ,True,0.9999900417323424,3.242746077745525e-05,0.999957614271565,0.2,True,correct,0.2,True,correct,0.1,0.52497918747894,True,correct
DBLP,0.5,43,inner,SRSWOR_65_35,104,conf/sigmod/LakshmananPZ03,True,3,F1aaWSFF8TcJ,rNu93TfKkd4J,True,0.9999915800671414,0.9999888429635626,2.7371035787870923e-06,0.2,True,correct,0.2,True,correct,0.1,0.52497918747894,True,correct
DBLP,0.5,43,inner,SRSWOR_65_35,105,conf/sigmod/OlstonWACELSS98,True,1,UTYa5uf9zSIJ,UTYa5uf9zSIJ,True,0.9998574710045804,1.3000345027466229e-05,0.9998444706595528,0.2,True,correct,0.2,True,correct,0.1,0.52497918747894,True,correct
DBLP,0.5,43,inner,SRSWOR_65_35,106,conf/vldb/ReuterCGSW95,True,1,url:http://portal.acm.org/citation.cfm%3Fid%3D645921.673318,url:http://portal.acm.org/citation.cfm%3Fid%3D645921.673318,True,0.9999878167621808,0.99945475090765,0.0005330658545306,0.2,True,correct,0.2,True,correct,0.1,0.52497918747894,True,correct
DBLP,0.5,43,inner,SRSWOR_65_35,107,journals/sigmod/Qian96,True,1,NiswbODuzhAJ,NiswbODuzhAJ,True,0.9999866657532254,0.0009674439653324,0.9990192217878928,0.2,True,correct,0.2,True,correct,0.1,0.52497918747894,True,correct
DBLP,0.5,43,inner,SRSWOR_65_35,108,journals/vldb/ChakrabartiDAR98,True,2,0EbuWDceVnoJ,AyDb4G2EiGwJ,True,0.9998232176133935,0.9358495836010244,0.0639736340123691,0.2,True,correct,0.2,True,correct,0.1,0.52497918747894,True,correct
DBLP,0.5,43,inner,SRSWOR_65_35,109,conf/sigmod/Bonnet02,True,1,bqyt1789jJ8J,bqyt1789jJ8J,True,0.9999882047423791,1.867737792735351e-05,0.999969527364452,0.2,True,correct,0.2,True,correct,0.1,0.52497918747894,True,correct
DBLP,0.5,43,inner,SRSWOR_65_35,110,journals/sigmod/GerlhofKM96,True,2,eq249ewqsHMJ,xsV7dkJi-YMJ,True,0.9999906220666064,0.9999869064370388,3.7156295678020257e-06,0.2,True,correct,0.2,True,correct,0.1,0.52497918747894,True,correct
DBLP,0.5,43,inner,SRSWOR_65_35,111,conf/sigmod/ChaudhuriGGM03,True,2,H5IdN0_MQw4J,H5IdN0_MQw4J,True,0.9999913249041612,0.9999900068464318,1.31805772929372e-06,0.2,True,correct,0.2,True,correct,0.1,0.52497918747894,True,correct
DBLP,0.5,43,inner,SRSWOR_65_35,112,journals/vldb/PapadiasS94,True,3,_ANyhrnP3CoJ,UM0nh_l5epoJ,True,0.9999897099860526,0.9941556773636708,0.0058340326223819,0.2,True,correct,0.2,True,correct,0.1,0.52497918747894,True,correct
DBLP,0.5,43,inner,SRSWOR_65_35,113,conf/vldb/GuptaM96,True,2,I0Kfdt6sh0gJ,I83l_B0knOgJ,True,0.9999771039138264,0.9999174509018068,5.965301201971141e-05,0.2,True,correct,0.2,True,correct,0.1,0.52497918747894,True,correct
DBLP,0.5,43,inner,SRSWOR_65_35,114,journals/vldb/Sciore94,True,1,qHn6nrbVow8J,qHn6nrbVow8J,True,0.9999910969476412,2.8692609687144035e-05,0.999962404337954,0.2,True,correct,0.2,True,correct,0.1,0.52497918747894,True,correct
DBLP,0.5,43,inner,SRSWOR_65_35,115,journals/sigmod/GobleR02a,True,2,B-u4advaVBkJ,B-u4advaVBkJ,True,0.999989183203729,0.9999729712480948,1.6211955634060082e-05,0.2,True,correct,0.2,True,correct,0.1,0.52497918747894,True,correct
DBLP,0.5,43,inner,SRSWOR_65_35,116,journals/vldb/JiangE98,True,1,PjtgP4aQt00J,PjtgP4aQt00J,True,0.9999856338221308,4.970279771516662e-06,0.9999806635423591,0.2,True,correct,0.2,True,correct,0.1,0.52497918747894,True,correct
DBLP,0.5,43,inner,SRSWOR_65_35,117,conf/vldb/NarayananS01,False,0,,pBTSyxiQA04J,False,4.415301456665222e-06,4.34764070493859e-06,6.766075172663127e-08,0.2,False,unmatched_abstention,0.2,False,unmatched_abstention,0.1,0.52497918747894,False,unmatched_abstention
DBLP,0.5,43,inner,SRSWOR_65_35,118,conf/vldb/Jamil97,True,1,tLpAE7ZSkLsJ,tLpAE7ZSkLsJ,True,0.9999903167294704,4.590625852995702e-06,0.9999857261036172,0.2,True,correct,0.2,True,correct,0.1,0.52497918747894,True,correct
DBLP,0.5,43,inner,SRSWOR_65_35,119,journals/sigmod/VenkatraoP95,True,1,qk3LVAuS2SUJ,qk3LVAuS2SUJ,True,0.9999778821998851,8.350346624087541e-06,0.9999695318532612,0.2,True,correct,0.2,True,correct,0.1,0.52497918747894,True,correct
DBLP,0.5,43,inner,SRSWOR_65_35,120,conf/sigmod/2000,False,0,,RrzmCYVOG4UJ,False,2.576179497063793e-05,2.170323400352985e-05,4.05856096710808e-06,0.2,False,unmatched_abstention,0.2,False,unmatched_abstention,0.1,0.52497918747894,False,unmatched_abstention
DBLP,0.5,43,inner,SRSWOR_65_35,121,conf/sigmod/RundensteinerCCSO00,True,1,url:http://portal.acm.org/ft_gateway.cfm%3Fid%3D335496%26type%3Dpdf%26dl%3DGUIDE%26dl%3DACM%26CFID%3D11111111%26CFTOKEN%3D2222222,url:http://portal.acm.org/ft_gateway.cfm%3Fid%3D335496%26type%3Dpdf%26dl%3DGUIDE%26dl%3DACM%26CFID%3D11111111%26CFTOKEN%3D2222222,True,0.9999856792766928,0.0183231869820229,0.9816624922946696,0.2,True,correct,0.2,True,correct,0.1,0.52497918747894,True,correct
DBLP,0.5,43,inner,SRSWOR_65_35,122,conf/sigmod/ChenGM01,True,3,dyXJODAynUgJ,IuyDb53VoG0J,True,0.9999889697061056,0.999983924321861,5.045384244506401e-06,0.2,True,correct,0.2,True,correct,0.1,0.52497918747894,True,correct
DBLP,0.5,43,inner,SRSWOR_65_35,123,conf/sigmod/Smith01,True,2,5wh3Y-mBqJQJ,5wh3Y-mBqJQJ,True,0.9992954211527748,0.9930449670676992,0.0062504540850758,0.2,True,correct,0.2,True,correct,0.1,0.52497918747894,True,correct
DBLP,0.5,43,inner,SRSWOR_65_35,124,journals/sigmod/Ley00,False,0,,DPf__9SuvxoJ,False,4.765155591665122e-05,4.055824215541348e-05,7.093313761237743e-06,0.2,False,unmatched_abstention,0.2,False,unmatched_abstention,0.1,0.52497918747894,False,unmatched_abstention
DBLP,0.5,43,inner,SRSWOR_65_35,125,journals/sigmod/KarlapalemLS95,True,1,B_m0Yp4aycUJ,B_m0Yp4aycUJ,True,0.9999826604540648,5.942867835971379e-06,0.9999767175862287,0.2,True,correct,0.2,True,correct,0.1,0.52497918747894,True,correct
DBLP,0.5,43,inner,SRSWOR_65_35,126,conf/sigmod/ONeilQ97,True,11,359PjJkfNhQJ,tK0HTC7qEmcJ,True,0.9999794986459788,0.99997423724687,5.261399108835718e-06,0.2,True,correct,0.2,True,correct,0.1,0.52497918747894,True,correct
DBLP,0.5,43,inner,SRSWOR_65_35,127,conf/vldb/WeberSNSS03,True,2,TMPrfw4VcFAJ,wjrZrNrZl4kJ,True,0.9999842885149112,0.9998668127298428,0.0001174757850684,0.2,True,correct,0.2,True,correct,0.1,0.52497918747894,True,correct
DBLP,0.5,43,inner,SRSWOR_65_35,128,conf/vldb/FlorescuLSY99,True,1,aUElZKC-txIJ,aUElZKC-txIJ,True,0.9999898169205664,0.9966567086745598,0.0033331082460067,0.2,True,correct,0.2,True,correct,0.1,0.52497918747894,True,correct
DBLP,0.5,43,inner,SRSWOR_65_35,129,conf/sigmod/ColbyKLMR97,True,3,0FohHTWs5toJ,0FohHTWs5toJ,True,0.999988666759826,0.9997640626790312,0.0002246040807948,0.2,True,correct,0.2,True,correct,0.1,0.52497918747894,True,correct
DBLP,0.5,43,inner,SRSWOR_65_35,130,conf/sigmod/KeoghCMP01,True,5,_nOW6fmEcTEJ,QTzuiNlMnR4J,True,0.99999075879751,0.9999901106393968,6.48158113403241e-07,0.2,True,correct,0.2,True,correct,0.1,0.52497918747894,True,correct
DBLP,0.5,43,inner,SRSWOR_65_35,131,conf/vldb/FangSGMU98,True,5,E7yZtVJa2xAJ,MdwCZg0RBHYJ,True,0.9999889072669498,0.999979220636562,9.68663038780626e-06,0.2,True,correct,0.2,True,correct,0.1,0.52497918747894,True,correct
DBLP,0.5,43,inner,SRSWOR_65_35,132,journals/sigmod/Aberer03c,True,1,url:http://portal.acm.org/citation.cfm%3Fid%3D945721.945727%26coll%3DGUIDE%26dl%3DACM%26idx%3DJ689%26part%3Dperiodical%26WantType%3Dperiodical%26title%3DACM%2520SIGMOD%2520Record%26CFID%3D11111111%26CFTOKEN%3D2222222,url:http://portal.acm.org/citation.cfm%3Fid%3D945721.945727%26coll%3DGUIDE%26dl%3DACM%26idx%3DJ689%26part%3Dperiodical%26WantType%3Dperiodical%26title%3DACM%2520SIGMOD%2520Record%26CFID%3D11111111%26CFTOKEN%3D2222222,True,0.9996322160867208,0.8059323253953313,0.1936998906913893,0.2,True,correct,0.2,True,correct,0.1,0.52497918747894,True,correct
DBLP,0.5,43,inner,SRSWOR_65_35,133,conf/vldb/MeekPK03,True,2,BV6S1LOk4XwJ,cR1ikuFsE1wJ,True,0.9999928445190912,0.9999833707324696,9.473786621749802e-06,0.2,True,correct,0.2,True,correct,0.1,0.52497918747894,True,correct
DBLP,0.5,43,inner,SRSWOR_65_35,134,conf/sigmod/ChristophidesACS94,True,8,dGbuUkhWNhMJ,WYSBGO-zyoEJ,True,0.9999920895296662,0.9999879864456768,4.103083989348555e-06,0.2,True,correct,0.2,True,correct,0.1,0.52497918747894,True,correct
DBLP,0.5,43,inner,SRSWOR_65_35,135,journals/sigmod/Grefen02,False,0,,url:http://portal.acm.org/ft_gateway.cfm%3Fid%3D604274%26type%3Dpdf%26dl%3DGUIDE%26dl%3DACM%26CFID%3D11111111%26CFTOKEN%3D2222222,False,0.0002242602260099,0.0001215279817397,0.0001027322442701,0.2,False,unmatched_abstention,0.2,False,unmatched_abstention,0.1,0.52497918747894,False,unmatched_abstention
DBLP,0.5,43,inner,SRSWOR_65_35,136,journals/sigmod/ConradEHRSSSV97,True,2,SBnqbyQF3SoJ,SBnqbyQF3SoJ,True,0.9999886115585696,0.9998151611629608,0.000173450395609,0.2,True,correct,0.2,True,correct,0.1,0.52497918747894,True,correct
DBLP,0.5,43,inner,SRSWOR_65_35,137,journals/vldb/LeeSC01,True,1,Hz_TU6kUj08J,Hz_TU6kUj08J,True,0.9999925397979608,5.661955260985549e-06,0.9999868778426998,0.2,True,correct,0.2,True,correct,0.1,0.52497918747894,True,correct
DBLP,0.5,43,inner,SRSWOR_65_35,138,conf/sigmod/VanceM96,True,4,5eHH3hxffFUJ,CMMaMlYwgPkJ,True,0.9999911661974344,0.9999869060874026,4.260110031850672e-06,0.2,True,correct,0.2,True,correct,0.1,0.52497918747894,True,correct
DBLP,0.5,43,inner,SRSWOR_65_35,139,conf/vldb/Jacobs97,True,1,U-98tPsJi6EJ,U-98tPsJi6EJ,True,0.999989762685028,1.0043292994697194e-05,0.9999797193920332,0.2,True,correct,0.2,True,correct,0.1,0.52497918747894,True,correct
DBLP,0.5,43,inner,SRSWOR_65_35,140,conf/vldb/GuntzerBK00,True,3,3Gf3m5rkq0UJ,EdQ4M7GEnzoJ,True,0.9999874349314938,0.9999671413350256,2.0293596468157205e-05,0.2,True,correct,0.2,True,correct,0.1,0.52497918747894,True,correct
DBLP,0.5,43,inner,SRSWOR_65_35,141,conf/vldb/PolyzotisG02,True,1,krAZ7iDMEOQJ,krAZ7iDMEOQJ,True,0.999986934452448,0.0001203513493892,0.9998665831030586,0.2,True,correct,0.2,True,correct,0.1,0.52497918747894,True,correct
DBLP,0.5,43,inner,SRSWOR_65_35,142,journals/sigmod/RoantreeS02,True,2,url:http://portal.acm.org/ft_gateway.cfm%3Fid%3D637435%26type%3Dpdf%26dl%3DGUIDE%26dl%3DACM%26CFID%3D11111111%26CFTOKEN%3D2222222,xfrOR_G4_UoJ,True,0.999990785734816,0.9999893741521876,1.4115826284522015e-06,0.2,True,correct,0.2,True,correct,0.1,0.52497918747894,True,correct
DBLP,0.5,43,inner,SRSWOR_65_35,143,journals/vldb/AlbanoGO95,True,2,_tswCGHoswMJ,_tswCGHoswMJ,True,0.9999902813797084,0.9991860580811032,0.000804223298605,0.2,True,correct,0.2,True,correct,0.1,0.52497918747894,True,correct
DBLP,0.5,43,inner,SRSWOR_65_35,144,journals/vldb/Barbara-MillaG94,True,5,Cmq7lkkXNt4J,Hc9uWxJu840J,True,0.9999917482670938,0.999865124702912,0.0001266235641819,0.2,True,correct,0.2,True,correct,0.1,0.52497918747894,True,correct
DBLP,0.5,43,inner,SRSWOR_65_35,145,journals/tods/Kim94,True,1,url:http://portal.acm.org/citation.cfm%3Fid%3D202106.569784%26coll%3Dportal%26dl%3DACM%26idx%3DJ777%26part%3Dtransaction%26WantType%3Dtransaction%26title%3DACM%2520Transactions%2520on%2520Database%2520Systems%2520(TODS)%26CFID%3D11111111%26CFTOKEN%3D2222222,url:http://portal.acm.org/citation.cfm%3Fid%3D202106.569784%26coll%3Dportal%26dl%3DACM%26idx%3DJ777%26part%3Dtransaction%26WantType%3Dtransaction%26title%3DACM%2520Transactions%2520on%2520Database%2520Systems%2520(TODS)%26CFID%3D11111111%26CFTOKEN%3D2222222,True,0.0233506879919116,8.027182977162686e-06,0.0233426608089344,0.2,False,missing_match,0.2,False,missing_match,0.1,0.52497918747894,False,missing_match
DBLP,0.5,43,inner,SRSWOR_65_35,146,conf/sigmod/Englert94,True,1,KOpz_NXJ3WUJ,KOpz_NXJ3WUJ,True,0.999991173666803,1.6015113542580453e-05,0.9999751585532604,0.2,True,correct,0.2,True,correct,0.1,0.52497918747894,True,correct
DBLP,0.5,43,inner,SRSWOR_65_35,147,conf/vldb/LongS03,True,1,zU4MULiFRrYJ,zU4MULiFRrYJ,True,0.9999914641613352,6.772983225378328e-06,0.9999846911781096,0.2,True,correct,0.2,True,correct,0.1,0.52497918747894,True,correct
DBLP,0.5,43,inner,SRSWOR_65_35,148,journals/sigmod/Snodgrass00a,False,0,,url:http://portal.acm.org/ft_gateway.cfm%3Fid%3D601859%26type%3Dpdf%26dl%3DGUIDE%26dl%3DACM%26CFID%3D11111111%26CFTOKEN%3D2222222,False,0.002851469670771,0.0027997445375585,5.172513321241535e-05,0.2,False,unmatched_abstention,0.2,False,unmatched_abstention,0.1,0.52497918747894,False,unmatched_abstention
DBLP,0.5,43,inner,SRSWOR_65_35,149,conf/sigmod/KornM00,True,2,HlhXdvHzlvwJ,HlhXdvHzlvwJ,True,0.9999907002885304,0.9999678294244564,2.2870864073931685e-05,0.2,True,correct,0.2,True,correct,0.1,0.52497918747894,True,correct
DBLP,0.5,43,inner,SRSWOR_65_35,150,journals/vldb/LawLG99,True,1,TOXrbhbbNJ4J,TOXrbhbbNJ4J,True,0.9999914043573768,4.919256619543712e-06,0.9999864851007572,0.2,True,correct,0.2,True,correct,0.1,0.52497918747894,True,correct
DBLP,0.5,43,inner,SRSWOR_65_35,151,conf/sigmod/OrdonezC00,True,1,yWkfJz_YMPkJ,yWkfJz_YMPkJ,True,0.9999034453723964,8.017222018187014e-06,0.9998954281503782,0.2,True,correct,0.2,True,correct,0.1,0.52497918747894,True,correct
DBLP,0.5,43,inner,SRSWOR_65_35,152,journals/sigmod/Wong95,True,1,7F9iCGggYVgJ,7F9iCGggYVgJ,True,0.999991238552346,5.228480742914827e-06,0.9999860100716031,0.2,True,correct,0.2,True,correct,0.1,0.52497918747894,True,correct
DBLP,0.5,43,inner,SRSWOR_65_35,153,journals/sigmod/KappelR98,True,2,tbZ0J3HLI18J,tbZ0J3HLI18J,True,0.9999917507770508,0.9999870722521852,4.67852486563114e-06,0.2,True,correct,0.2,True,correct,0.1,0.52497918747894,True,correct
DBLP,0.5,43,inner,SRSWOR_65_35,154,conf/vldb/LeslieJBY95,True,1,zmwPMSd8rGgJ,zmwPMSd8rGgJ,True,0.9999898712551616,5.028445542502583e-06,0.9999848428096192,0.2,True,correct,0.2,True,correct,0.1,0.52497918747894,True,correct
DBLP,0.5,43,inner,SRSWOR_65_35,155,conf/vldb/ShegalovWBL02,True,2,CzVyfZe-kj0J,CzVyfZe-kj0J,True,0.9999877934444028,0.9999364623607984,5.133108360455552e-05,0.2,True,correct,0.2,True,correct,0.1,0.52497918747894,True,correct
DBLP,0.5,43,inner,SRSWOR_65_35,156,conf/sigmod/MattosM95,True,1,wF_GdZPkCnQJ,wF_GdZPkCnQJ,True,0.9999820271792668,1.363200808604742e-05,0.9999683951711807,0.2,True,correct,0.2,True,correct,0.1,0.52497918747894,True,correct
DBLP,0.5,43,inner,SRSWOR_65_35,157,conf/sigmod/DeHaanTCO03,True,4,3PH--zwkZO8J,gyYBYgpB63sJ,True,0.9999915997091904,0.999986996827936,4.602881254367475e-06,0.2,True,correct,0.2,True,correct,0.1,0.52497918747894,True,correct
DBLP,0.5,43,inner,SRSWOR_65_35,158,conf/vldb/WienerN95,True,2,LJ4M8B9mNWAJ,Y1lEnVPl6d8J,True,0.9999876412174172,0.5593644734538235,0.4406231677635939,0.2,True,correct,0.2,True,correct,0.1,0.52497918747894,True,correct
DBLP,0.5,43,inner,SRSWOR_65_35,159,conf/sigmod/SubramanianV98,True,1,KxwymZ2AGNQJ,KxwymZ2AGNQJ,True,0.9999901091303,6.470752561415815e-06,0.9999836383777384,0.2,True,correct,0.2,True,correct,0.1,0.52497918747894,True,correct
DBLP,0.5,43,inner,SRSWOR_65_35,160,conf/sigmod/Mohan99,True,1,XppwYYxOpksJ,XppwYYxOpksJ,True,0.9999906047899302,0.0140226007407328,0.9859680040491974,0.2,True,correct,0.2,True,correct,0.1,0.52497918747894,True,correct
DBLP,0.5,43,inner,SRSWOR_65_35,161,conf/sigmod/Mylopoulos98,True,3,2R-2i60g4MsJ,vU_Vo2059VUJ,True,0.999991247922197,0.9999741671309992,1.7080791197776612e-05,0.2,True,correct,0.2,True,correct,0.1,0.52497918747894,True,correct
DBLP,0.5,43,inner,SRSWOR_65_35,162,journals/sigmod/Rosneblatt94,True,1,D1RdxKP6_6YJ,D1RdxKP6_6YJ,True,0.9992811294563384,6.52070072506751e-06,0.9992746087556134,0.2,True,correct,0.2,True,correct,0.1,0.52497918747894,True,correct
DBLP,0.5,43,inner,SRSWOR_65_35,163,conf/sigmod/JohnsonD03,True,1,5OYgUpRggiMJ,5OYgUpRggiMJ,True,0.9999795507423151,1.3635947751801192e-05,0.9999659147945632,0.2,True,correct,0.2,True,correct,0.1,0.52497918747894,True,correct
DBLP,0.5,43,inner,SRSWOR_65_35,164,conf/sigmod/GillmannWSWW00,True,2,3bYCefUMXr8J,L61_1TEGBLYJ,True,0.99999273475502,0.999991558350678,1.176404341829418e-06,0.2,True,correct,0.2,True,correct,0.1,0.52497918747894,True,correct
DBLP,0.5,43,inner,SRSWOR_65_35,165,conf/sigmod/Mohan01,True,1,IGS3TtqfKUgJ,IGS3TtqfKUgJ,True,0.9998740237229892,0.9995980569270938,0.0002759667958954,0.2,True,correct,0.2,True,correct,0.1,0.52497918747894,True,correct
DBLP,0.5,43,inner,SRSWOR_65_35,166,journals/vldb/PacittiS00,True,5,9ReaNbX2I-IJ,yXCROrOo320J,True,0.9999890486110106,0.999954353428028,3.4695182982491524e-05,0.2,True,correct,0.2,True,correct,0.1,0.52497918747894,True,correct
DBLP,0.5,43,inner,SRSWOR_65_35,167,journals/sigmod/Qian96b,True,1,url:http://portal.acm.org/ft_gateway.cfm%3Fid%3D245909%26type%3Dpdf%26dl%3DGUIDE%26dl%3DACM%26CFID%3D11111111%26CFTOKEN%3D2222222,url:http://portal.acm.org/ft_gateway.cfm%3Fid%3D245909%26type%3Dpdf%26dl%3DGUIDE%26dl%3DACM%26CFID%3D11111111%26CFTOKEN%3D2222222,True,0.9999895797222343,0.000751763987892,0.9992378157343424,0.2,True,correct,0.2,True,correct,0.1,0.52497918747894,True,correct
DBLP,0.5,43,inner,SRSWOR_65_35,168,journals/sigmod/JajodiaBBKMSW97,True,1,url:http://portal.acm.org/citation.cfm%3Fid%3D271095,url:http://portal.acm.org/citation.cfm%3Fid%3D271095,True,0.9999761633250036,4.124176587995298e-05,0.9999349215591238,0.2,True,correct,0.2,True,correct,0.1,0.52497918747894,True,correct
DBLP,0.5,43,inner,SRSWOR_65_35,169,journals/sigmod/Winslett01,True,1,m2Mf-4BgLP4J,m2Mf-4BgLP4J,True,0.9999921596847892,0.0001316009054603,0.9998605587793288,0.2,True,correct,0.2,True,correct,0.1,0.52497918747894,True,correct
DBLP,0.5,43,inner,SRSWOR_65_35,170,conf/sigmod/BilirisP94,True,1,KYhmilHkq_IJ,KYhmilHkq_IJ,True,0.999990402753213,6.293496697871541e-06,0.9999841092565152,0.2,True,correct,0.2,True,correct,0.1,0.52497918747894,True,correct
DBLP,0.5,43,inner,SRSWOR_65_35,171,journals/sigmod/McHughAGQW97,True,7,0VMP__pyg_4J,FUXcNB3HHi4J,True,0.9999893462485154,0.9999891306112012,2.1563731411600173e-07,0.2,True,correct,0.2,True,correct,0.1,0.52497918747894,True,correct
DBLP,0.5,43,inner,SRSWOR_65_35,172,conf/sigmod/Arpaci-DusseauACHP97,True,4,6_FvrRYnxHYJ,6_FvrRYnxHYJ,True,0.9999862458035812,0.9999827530884126,3.492715168640359e-06,0.2,True,correct,0.2,True,correct,0.1,0.52497918747894,True,correct
DBLP,0.5,43,inner,SRSWOR_65_35,173,conf/vldb/KonigW99,True,1,6HMffRHCspAJ,6HMffRHCspAJ,True,0.9999914746721784,0.9957460594152898,0.0042454152568887,0.2,True,correct,0.2,True,correct,0.1,0.52497918747894,True,correct
DBLP,0.5,43,inner,SRSWOR_65_35,174,journals/sigmod/Qian94,True,1,url:http://portal.acm.org/ft_gateway.cfm%3Fid%3D187462%26type%3Dpdf%26coll%3DGUIDE%26dl%3DACM%26CFID%3D11111111%26CFTOKEN%3D2222222,url:http://portal.acm.org/ft_gateway.cfm%3Fid%3D187462%26type%3Dpdf%26coll%3DGUIDE%26dl%3DACM%26CFID%3D11111111%26CFTOKEN%3D2222222,True,0.9999901354122048,3.0043213946626854e-05,0.999960092198258,0.2,True,correct,0.2,True,correct,0.1,0.52497918747894,True,correct
DBLP,0.5,43,inner,SRSWOR_65_35,175,conf/sigmod/AcharyaPR99,True,5,0dY1brFaEzgJ,0dY1brFaEzgJ,True,0.999979044559842,0.9999767392578895,2.3053019523322504e-06,0.2,True,correct,0.2,True,correct,0.1,0.52497918747894,True,correct
DBLP,0.5,43,inner,SRSWOR_65_35,176,conf/sigmod/Atkinson95,True,1,url:http://portal.acm.org/citation.cfm%3Fid%3D223874,url:http://portal.acm.org/citation.cfm%3Fid%3D223874,True,0.9999917409689338,5.04678804010733e-06,0.9999866941808936,0.2,True,correct,0.2,True,correct,0.1,0.52497918747894,True,correct
DBLP,0.5,43,inner,SRSWOR_65_35,177,conf/vldb/BohannonGKNS02,True,2,9BuBq-Tj0TUJ,9BuBq-Tj0TUJ,True,0.9999909110607356,0.9999903187331703,5.923275652186533e-07,0.2,True,correct,0.2,True,correct,0.1,0.52497918747894,True,correct
DBLP,0.5,43,inner,SRSWOR_65_35,178,conf/sigmod/ZuzartePMCLW03,True,1,url:http://portal.acm.org/citation.cfm%3Fid%3D872757.872840,url:http://portal.acm.org/citation.cfm%3Fid%3D872757.872840,True,0.9999859778067944,4.4024689592308685e-06,0.9999815753378352,0.2,True,correct,0.2,True,correct,0.1,0.52497918747894,True,correct
DBLP,0.5,43,inner,SRSWOR_65_35,179,conf/vldb/BawaBA03,True,2,bo1rnY4bU4kJ,ZjIllDHwkSoJ,True,0.9999836308516744,0.9999581770150674,2.5453836607125524e-05,0.2,True,correct,0.2,True,correct,0.1,0.52497918747894,True,correct
DBLP,0.5,43,inner,SRSWOR_65_35,180,journals/sigmod/TomasicS97,True,1,-MNdDpWC-sgJ,-MNdDpWC-sgJ,True,0.99999043635736,7.911549192553065e-06,0.9999825248081674,0.2,True,correct,0.2,True,correct,0.1,0.52497918747894,True,correct
DBLP,0.5,43,inner,SRSWOR_65_35,181,conf/sigmod/AnkerstBKS99,True,6,GFTU2PvKY_gJ,Hj3vyh0TJVsJ,True,0.9999890154012364,0.9999878091263034,1.2062749330521427e-06,0.2,True,correct,0.2,True,correct,0.1,0.52497918747894,True,correct
DBLP,0.5,43,inner,SRSWOR_65_35,182,journals/sigmod/OukselS99,True,2,S-LYnzS1K70J,S-LYnzS1K70J,True,0.9999801179827964,0.0002780521708675,0.9997020658119288,0.2,True,correct,0.2,True,correct,0.1,0.52497918747894,True,correct
DBLP,0.5,43,inner,SRSWOR_65_35,183,conf/vldb/FankhauserGLMT98,True,2,jGFfS5lAyLQJ,JnwUAxUMwvQJ,True,0.999973021618821,0.9999679919806408,5.029638180054086e-06,0.2,True,correct,0.2,True,correct,0.1,0.52497918747894,True,correct
DBLP,0.5,43,inner,SRSWOR_65_35,184,journals/sigmod/YaoG02,True,3,50aU57yUHVAJ,ARLe7W8EvDoJ,True,0.9999925461058984,0.9999857734998784,6.772606020000183e-06,0.2,True,correct,0.2,True,correct,0.1,0.52497918747894,True,correct
DBLP,0.5,43,inner,SRSWOR_65_35,185,journals/sigmod/Labrinidis01,False,0,,url:http://portal.acm.org/citation.cfm%3Fid%3D604264.604283%26coll%3DGUIDE%26dl%3DACM%26type%3Dissue%26idx%3DJ689%26part%3Dperiodical%26WantType%3Dperiodical%26title%3DACM%2520SIGMOD%2520Record%26CFID%3D11111111%26CFTOKEN%3D2222222,False,0.9998659089913376,0.0001787216421907,0.9996871873491469,0.2,True,false_link,0.2,True,false_link,0.1,0.52497918747894,True,false_link
DBLP,0.5,43,inner,SRSWOR_65_35,186,conf/vldb/MohaniaS94,True,1,JORYEDHKYSMJ,JORYEDHKYSMJ,True,0.9999867200176618,6.627809068931958e-05,0.9999204419269724,0.2,True,correct,0.2,True,correct,0.1,0.52497918747894,True,correct
DBLP,0.5,43,inner,SRSWOR_65_35,187,conf/vldb/AshwinRSSS97,True,3,5VcKjo7jBOMJ,vitgygjdz3AJ,True,0.9999899183990184,0.9999895971181064,3.212809120967109e-07,0.2,True,correct,0.2,True,correct,0.1,0.52497918747894,True,correct
DBLP,0.5,43,inner,SRSWOR_65_35,188,conf/sigmod/Pruscino03,False,0,,7aUag74jtdIJ,False,5.582250677810308e-06,4.75796016696768e-06,8.242905108426279e-07,0.2,False,unmatched_abstention,0.2,False,unmatched_abstention,0.1,0.52497918747894,False,unmatched_abstention
DBLP,0.5,43,inner,SRSWOR_65_35,189,conf/vldb/AltinelF00,True,4,JhWxdEDCPdUJ,JhWxdEDCPdUJ,True,0.999964398486858,0.9999552681924474,9.130294410741868e-06,0.2,True,correct,0.2,True,correct,0.1,0.52497918747894,True,correct
DBLP,0.5,43,inner,SRSWOR_65_35,190,conf/vldb/GravanoG95,True,8,2nMktwioqOYJ,4HVB6aRvsk8J,True,0.999990332055994,0.999988413195426,1.9188605677733506e-06,0.2,True,correct,0.2,True,correct,0.1,0.52497918747894,True,correct
DBLP,0.5,43,inner,SRSWOR_65_35,191,conf/sigmod/AcharyaAFZ95,True,10,_-yXA5HLnqoJ,clF04MGcPSUJ,True,0.9999914374600442,0.9999911359861954,3.0147384877388106e-07,0.2,True,correct,0.2,True,correct,0.1,0.52497918747894,True,correct
DBLP,0.5,43,inner,SRSWOR_65_35,192,conf/sigmod/LitwinS00,True,11,37yVRfSpM6MJ,f1h0J1_ELisJ,True,0.9999903841371796,0.999985656820472,4.72731670764226e-06,0.2,True,correct,0.2,True,correct,0.1,0.52497918747894,True,correct
DBLP,0.5,43,inner,SRSWOR_65_35,193,journals/sigmod/SnodgrassGIMSU98,False,0,,uPBlQ76s_g4J,False,0.9919304928676546,0.9271752960175448,0.0647551968501098,0.2,True,false_link,0.2,True,false_link,0.1,0.52497918747894,True,false_link
DBLP,0.5,43,inner,SRSWOR_65_35,194,journals/sigmod/JukicNV03,True,1,eR43Urfx-hcJ,eR43Urfx-hcJ,True,0.9999910013353868,6.82385199701328e-06,0.99998417748339,0.2,True,correct,0.2,True,correct,0.1,0.52497918747894,True,correct
DBLP,0.5,43,inner,SRSWOR_65_35,195,conf/sigmod/RothAHCCFSTW96,True,6,2i9wDNdFZM8J,2i9wDNdFZM8J,True,0.9999736238016548,0.999202447007335,0.0007711767943198,0.2,True,correct,0.2,True,correct,0.1,0.52497918747894,True,correct
DBLP,0.5,43,inner,SRSWOR_65_35,196,journals/tods/YanG99,True,1,y6gLSJhyXfcJ,y6gLSJhyXfcJ,True,0.9997951480476258,1.470448685691999e-05,0.9997804435607688,0.2,True,correct,0.2,True,correct,0.1,0.52497918747894,True,correct
DBLP,0.5,43,inner,SRSWOR_65_35,197,conf/vldb/FerrandinaMZFM95,True,4,1hpY5dx3BRIJ,9rofzgQ6HtcJ,True,0.9999924116727588,0.999924568804638,6.784286812078211e-05,0.2,True,correct,0.2,True,correct,0.1,0.52497918747894,True,correct
DBLP,0.5,43,inner,SRSWOR_65_35,198,journals/sigmod/RosenthalHRS97,True,1,url:http://portal.acm.org/ft_gateway.cfm%3Fid%3D248612%26type%3Dpdf%26dl%3DGUIDE%26dl%3DACM%26CFID%3D11111111%26CFTOKEN%3D2222222,url:http://portal.acm.org/ft_gateway.cfm%3Fid%3D248612%26type%3Dpdf%26dl%3DGUIDE%26dl%3DACM%26CFID%3D11111111%26CFTOKEN%3D2222222,True,0.9999821919225615,0.0009272131283444,0.9990549787942172,0.2,True,correct,0.2,True,correct,0.1,0.52497918747894,True,correct
DBLP,0.5,43,inner,SRSWOR_65_35,199,conf/sigmod/YangM97,True,5,57m7NniyTrkJ,xrTlYcyFKtwJ,True,0.9999901706929832,0.999985829530552,4.34116243119842e-06,0.2,True,correct,0.2,True,correct,0.1,0.52497918747894,True,correct
DBLP,0.5,43,inner,SRSWOR_65_35,200,conf/vldb/VieiraM03,True,2,b9zAhFneX5YJ,sUtdmV9XsIcJ,True,0.99998779153514,0.9997940992276128,0.000193692307527,0.2,True,correct,0.2,True,correct,0.1,0.52497918747894,True,correct
DBLP,0.5,43,inner,SRSWOR_65_35,201,journals/sigmod/Klein94,True,1,kG86HB6N1xEJ,kG86HB6N1xEJ,True,0.9999639204325844,4.813788136156966e-06,0.9999591066444484,0.2,True,correct,0.2,True,correct,0.1,0.52497918747894,True,correct
DBLP,0.5,43,inner,SRSWOR_65_35,202,journals/vldb/StonebrakerALPSSSY96,True,3,dWgXDMGuFd4J,dWgXDMGuFd4J,True,0.9999853473909692,0.999963363884027,2.198350694238016e-05,0.2,True,correct,0.2,True,correct,0.1,0.52497918747894,True,correct
DBLP,0.5,43,inner,SRSWOR_65_35,203,conf/vldb/PacittMS99,True,1,jJyGKE2N34gJ,jJyGKE2N34gJ,True,0.9999898871035277,0.002710993762368,0.9972788933411596,0.2,True,correct,0.2,True,correct,0.1,0.52497918747894,True,correct
DBLP,0.5,43,inner,SRSWOR_65_35,204,conf/vldb/MillinerBP95,True,1,kYl-9cV8gloJ,kYl-9cV8gloJ,True,0.9999906673714576,8.049813134478814e-06,0.9999826175583232,0.2,True,correct,0.2,True,correct,0.1,0.52497918747894,True,correct
DBLP,0.5,43,inner,SRSWOR_65_35,205,conf/sigmod/ZhangMCMR02,True,1,rvZQMrCOQ1MJ,rvZQMrCOQ1MJ,True,0.9999771596123284,2.553924459841929e-05,0.99995162036773,0.2,True,correct,0.2,True,correct,0.1,0.52497918747894,True,correct
DBLP,0.5,43,inner,SRSWOR_65_35,206,conf/sigmod/Team95b,True,1,v80FFBUTW_0J,v80FFBUTW_0J,True,0.9999858230829928,4.682422044248164e-06,0.9999811406609488,0.2,True,correct,0.2,True,correct,0.1,0.52497918747894,True,correct
DBLP,0.5,43,inner,SRSWOR_65_35,207,conf/vldb/SreenathS94,True,1,sUcJBJwvKTUJ,sUcJBJwvKTUJ,True,0.9999904814338184,2.973001662529047e-05,0.999960751417193,0.2,True,correct,0.2,True,correct,0.1,0.52497918747894,True,correct
DBLP,0.5,43,inner,SRSWOR_65_35,208,conf/sigmod/StonebrakerH01,True,3,ltEmsluBrYkJ,opMsehfY-XoJ,True,0.9999879415656522,0.9999854113062024,2.53025944985108e-06,0.2,True,correct,0.2,True,correct,0.1,0.52497918747894,True,correct
DBLP,0.5,43,inner,SRSWOR_65_35,209,conf/sigmod/Kulkarni94,True,1,eN_4FTimCKYJ,eN_4FTimCKYJ,True,0.9999906182022572,8.786298649166807e-06,0.999981831903608,0.2,True,correct,0.2,True,correct,0.1,0.52497918747894,True,correct
DBLP,0.5,43,inner,SRSWOR_65_35,210,conf/sigmod/BressanGFJHKLMPQSS97,True,4,_1drQdYrtmsJ,jJuSPh63bZ0J,True,0.9999804418739224,0.999965023241361,1.541863256138143e-05,0.2,True,correct,0.2,True,correct,0.1,0.52497918747894,True,correct
DBLP,0.5,43,inner,SRSWOR_65_35,211,journals/vldb/SinghalS97,True,1,3fO2448hZgwJ,3fO2448hZgwJ,True,0.9999893856778446,5.526215249018745e-06,0.9999838594625956,0.2,True,correct,0.2,True,correct,0.1,0.52497918747894,True,correct
DBLP,0.5,43,inner,SRSWOR_65_35,212,journals/sigmod/TaninBS96,True,5,4sRgCLIWKncJ,KUB7XvwH30AJ,True,0.9999847478600792,0.9999829675047672,1.7803553119533078e-06,0.2,True,correct,0.2,True,correct,0.1,0.52497918747894,True,correct
DBLP,0.5,43,inner,SRSWOR_65_35,213,conf/sigmod/WangTYGWP02,True,2,loFIbaxAcG0J,loFIbaxAcG0J,True,0.9999782950480468,0.9999200647460628,5.823030198415236e-05,0.2,True,correct,0.2,True,correct,0.1,0.52497918747894,True,correct
DBLP,0.5,43,inner,SRSWOR_65_35,214,conf/vldb/Mohan02,True,3,eyxIItge9MQJ,YJlUtEk7zwkJ,True,0.9997732774394212,0.9993285279819424,0.0004447494574789,0.2,True,correct,0.2,True,correct,0.1,0.52497918747894,True,correct
DBLP,0.5,43,inner,SRSWOR_65_35,215,conf/vldb/PatonG01,True,1,mHCrMuxQnBsJ,mHCrMuxQnBsJ,True,0.9999873973211209,2.5174663948418136e-05,0.9999622226571724,0.2,True,correct,0.2,True,correct,0.1,0.52497918747894,True,correct
DBLP,0.5,43,inner,SRSWOR_65_35,216,journals/sigmod/Ozsu02a,False,0,,NHxHsUH9L5MJ,False,0.0267740588104568,0.0135585008654571,0.0132155579449997,0.2,False,unmatched_abstention,0.2,False,unmatched_abstention,0.1,0.52497918747894,False,unmatched_abstention
DBLP,0.5,43,inner,SRSWOR_65_35,217,journals/tods/BohlenJS00,True,1,6eheB6Kct4MJ,6eheB6Kct4MJ,True,0.9999495370810714,2.819530345202157e-05,0.9999213417776194,0.2,True,correct,0.2,True,correct,0.1,0.52497918747894,True,correct
DBLP,0.5,43,inner,SRSWOR_65_35,218,conf/sigmod/FreireHRRS02,True,5,1p-q7eofLWIJ,1p-q7eofLWIJ,True,0.9999686852604132,0.9997403733449998,0.0002283119154133,0.2,True,correct,0.2,True,correct,0.1,0.52497918747894,True,correct
DBLP,0.5,43,inner,SRSWOR_65_35,219,journals/tods/RaschidL96,True,1,rUpu2pcFa8cJ,rUpu2pcFa8cJ,True,0.9999904284739892,8.818575790037173e-06,0.9999816098981992,0.2,True,correct,0.2,True,correct,0.1,0.52497918747894,True,correct
DBLP,0.5,43,inner,SRSWOR_65_35,220,conf/vldb/DoDJJR98,True,1,69kmXg9nRZkJ,69kmXg9nRZkJ,True,0.9999906010977316,8.332765944395185e-06,0.9999822683317874,0.2,True,correct,0.2,True,correct,0.1,0.52497918747894,True,correct
DBLP,0.5,43,inner,SRSWOR_65_35,221,conf/vldb/KumaranH03,True,1,wW6dUVL80RYJ,wW6dUVL80RYJ,True,0.999983361452576,0.0001881601950205,0.9997952012575554,0.2,True,correct,0.2,True,correct,0.1,0.52497918747894,True,correct
DBLP,0.5,43,inner,SRSWOR_65_35,222,conf/sigmod/NgLK98,True,1,kJVhJ4ruw6sJ,kJVhJ4ruw6sJ,True,0.9993921920482524,8.040031113980852e-06,0.9993841520171384,0.2,True,correct,0.2,True,correct,0.1,0.52497918747894,True,correct
DBLP,0.5,43,inner,SRSWOR_65_35,223,journals/sigmod/AbelTK97,True,1,yK-yqVAiXekJ,yK-yqVAiXekJ,True,0.9999888831529932,1.995541608057163e-05,0.9999689277369126,0.2,True,correct,0.2,True,correct,0.1,0.52497918747894,True,correct
DBLP,0.5,43,inner,SRSWOR_65_35,224,conf/vldb/AdiBEY00,True,3,R5o2TUro03MJ,RkjggE7xhN0J,True,0.999991315848618,0.9999867058510772,4.60999754081648e-06,0.2,True,correct,0.2,True,correct,0.1,0.52497918747894,True,correct
DBLP,0.5,43,inner,SRSWOR_65_35,225,conf/sigmod/ShashaB02,True,2,3HUnvGuXtZEJ,url:http://portal.acm.org/citation.cfm%3Fid%3D564691.564798%26dl%3DGUIDE%26dl%3DACM%26type%3Dseries%26idx%3D564691%26part%3DProceedings%26WantType%3DProceedings%26title%3DInternational%2520Conference%2520on%2520Management%2520of%2520Data%2520and%2520Symposium%2520on%2520Principles%2520of%2520Database%2520Systems%26CFID%3D11111111%26CFTOKEN%3D2222222,False,0.999963018056404,0.9995614808553124,0.0004015372010915,0.2,True,false_link,0.2,True,false_link,0.1,0.52497918747894,True,false_link
DBLP,0.5,43,inner,SRSWOR_65_35,226,journals/sigmod/Jagadish00,False,0,,url:http://portal.acm.org/citation.cfm%3Fid%3D335191%26dl%3DGUIDE%26dl%3DACM%26type%3Dissue%26idx%3D335191%26part%3Dperiodical%26WantType%3Dperiodical%26title%3DACM%2520SIGMOD%2520Record%26CFID%3D11111111%26CFTOKEN%3D2222222,False,0.0002530374058734,0.0001537603466638,9.927705920964006e-05,0.2,False,unmatched_abstention,0.2,False,unmatched_abstention,0.1,0.52497918747894,False,unmatched_abstention
DBLP,0.5,43,inner,SRSWOR_65_35,227,journals/sigmod/RamDD99,True,2,kHE9-cv77fwJ,uA-E1lBgLe0J,True,0.9999885198196384,0.9998830687259128,0.0001054510937257,0.2,True,correct,0.2,True,correct,0.1,0.52497918747894,True,correct
DBLP,0.5,43,inner,SRSWOR_65_35,228,conf/sigmod/ZhangZPTL03,True,1,S3lELcdpzTkJ,S3lELcdpzTkJ,True,0.9999321980097148,0.0176240767594549,0.9823081212502596,0.2,True,correct,0.2,True,correct,0.1,0.52497918747894,True,correct
DBLP,0.5,43,inner,SRSWOR_65_35,229,conf/sigmod/WangZS95,True,3,86-DS0U0jY0J,QHrpE-XaLoMJ,True,0.9999896094820632,0.999980383163632,9.226318431254654e-06,0.2,True,correct,0.2,True,correct,0.1,0.52497918747894,True,correct
DBLP,0.5,43,inner,SRSWOR_65_35,230,conf/vldb/MogiK95,True,1,39DBh8H18iEJ,39DBh8H18iEJ,True,0.999988466014788,6.609214437878975e-06,0.9999818568003502,0.2,True,correct,0.2,True,correct,0.1,0.52497918747894,True,correct
DBLP,0.5,43,inner,SRSWOR_65_35,231,conf/vldb/TeisseirePC94,True,2,KNv3bO45Nj4J,w17spSGfEXYJ,True,0.9999902136529932,0.9999883472171258,1.866435867525773e-06,0.2,True,correct,0.2,True,correct,0.1,0.52497918747894,True,correct
DBLP,0.5,43,inner,SRSWOR_65_35,232,conf/vldb/DoR02,True,5,0oPfKUylwgEJ,0oPfKUylwgEJ,True,0.9999925887413316,0.9999285695433412,6.401919799048361e-05,0.2,True,correct,0.2,True,correct,0.1,0.52497918747894,True,correct
DBLP,0.5,43,inner,SRSWOR_65_35,233,journals/vldb/MylopoulosCPST96,True,3,F5liQDe9lB8J,F5liQDe9lB8J,True,0.9999820868810344,0.9999643934617496,1.7693419284814382e-05,0.2,True,correct,0.2,True,correct,0.1,0.52497918747894,True,correct
DBLP,0.5,43,inner,SRSWOR_65_35,234,journals/sigmod/SpynsMJ02,True,3,GVrDsGpbJGsJ,jD6nDNmhP3AJ,True,0.9999884402361032,0.999969340990438,1.9099245665454845e-05,0.2,True,correct,0.2,True,correct,0.1,0.52497918747894,True,correct
DBLP,0.5,43,inner,SRSWOR_65_35,235,conf/sigmod/KeimK95,True,2,34xG3yx9iiwJ,CWmL7TxRQ44J,True,0.9999810470192072,0.9999686204801048,1.2426539102494694e-05,0.2,True,correct,0.2,True,correct,0.1,0.52497918747894,True,correct
DBLP,0.5,43,inner,SRSWOR_65_35,236,conf/sigmod/ParkKKLPC98,True,2,aepGxosl6YoJ,aepGxosl6YoJ,True,0.9999846140116764,0.998743837334324,0.0012407766773525,0.2,True,correct,0.2,True,correct,0.1,0.52497918747894,True,correct
DBLP,0.5,43,inner,SRSWOR_65_35,237,conf/sigmod/PadmanabhanBMCH03,True,1,wI75uFSs0bwJ,wI75uFSs0bwJ,True,0.9999886670516408,4.244561382431513e-05,0.9999462214378164,0.2,True,correct,0.2,True,correct,0.1,0.52497918747894,True,correct
DBLP,0.5,43,inner,SRSWOR_65_35,238,conf/vldb/PapadiasT01,True,2,2V2bnIgsY1kJ,2V2bnIgsY1kJ,True,0.9999886062246977,0.9999844204263242,4.185798373357308e-06,0.2,True,correct,0.2,True,correct,0.1,0.52497918747894,True,correct
DBLP,0.5,43,inner,SRSWOR_65_35,239,conf/sigmod/ColeG94,True,4,_6wwPJEGUiAJ,z_W8jZ203sUJ,True,0.9999889186015612,0.9999876144812192,1.3041203421604308e-06,0.2,True,correct,0.2,True,correct,0.1,0.52497918747894,True,correct
DBLP,0.5,43,inner,SRSWOR_65_35,240,conf/sigmod/Kim94,True,1,GzJII5F7OzAJ,GzJII5F7OzAJ,True,0.9999896929853388,6.012907368672417e-05,0.999929563911652,0.2,True,correct,0.2,True,correct,0.1,0.52497918747894,True,correct
DBLP,0.5,43,inner,SRSWOR_65_35,241,conf/sigmod/ShintaniK98,True,3,9dllFM2Tr5oJ,JfxEos8BQDAJ,True,0.9999892493505226,0.999989103751523,1.4559899963462186e-07,0.2,True,correct,0.2,True,correct,0.1,0.52497918747894,True,correct
DBLP,0.5,43,inner,SRSWOR_65_35,242,conf/vldb/ChaudhuriN97,True,3,0rViZf2YXmAJ,hAqEljGAcFsJ,True,0.9999918899914562,0.9999885802910968,3.309700359332979e-06,0.2,True,correct,0.2,True,correct,0.1,0.52497918747894,True,correct
DBLP,0.5,43,inner,SRSWOR_65_35,243,journals/sigmod/Qian95,False,0,,mUvaRmgc_hcJ,False,5.50772157871714e-06,4.744217744584572e-06,7.635038341325688e-07,0.2,False,unmatched_abstention,0.2,False,unmatched_abstention,0.1,0.52497918747894,False,unmatched_abstention
DBLP,0.5,43,inner,SRSWOR_65_35,244,conf/sigmod/Adelberg98,True,6,3hsPMPTl2msJ,5I0ArBmDRcEJ,True,0.999980088648102,0.9999711367441106,8.951903991305521e-06,0.2,True,correct,0.2,True,correct,0.1,0.52497918747894,True,correct
DBLP,0.5,43,inner,SRSWOR_65_35,245,journals/sigmod/PalpanasPKG03,True,2,KQ6elbYA84QJ,url:http://portal.acm.org/ft_gateway.cfm%3Fid%3D959074%26type%3Dpdf%26dl%3DGUIDE%26dl%3Dacm%26CFID%3D11111111%26CFTOKEN%3D2222222,True,0.9999896083523682,0.9999894434309716,1.6492139653934148e-07,0.2,True,correct,0.2,True,correct,0.1,0.52497918747894,True,correct
DBLP,0.5,43,inner,SRSWOR_65_35,246,journals/vldb/DesslochHMMT98,True,1,4D2HQE6fXXEJ,4D2HQE6fXXEJ,True,0.9999619029604846,4.98567293629558e-05,0.9999120462311216,0.2,True,correct,0.2,True,correct,0.1,0.52497918747894,True,correct
DBLP,0.5,43,inner,SRSWOR_65_35,247,journals/sigmod/VetterliVS00,True,3,dAF5Z861mZgJ,h7RBOvmQHhEJ,True,0.9999863476702844,0.9999796439028078,6.703767476579081e-06,0.2,True,correct,0.2,True,correct,0.1,0.52497918747894,True,correct
DBLP,0.5,43,inner,SRSWOR_65_35,248,conf/sigmod/Rosenthal01,True,2,url:http://portal.acm.org/citation.cfm%3Fid%3D375796,url:http://portal.acm.org/citation.cfm%3Fid%3D375796,True,0.9999789938585264,0.9999483130512976,3.068080722889999e-05,0.2,True,correct,0.2,True,correct,0.1,0.52497918747894,True,correct
DBLP,0.5,43,inner,SRSWOR_65_35,249,journals/sigmod/X94a,False,0,,V3C6Q9Ki3FAJ,False,3.634752074583938e-05,1.9804468325991823e-05,1.654305241984756e-05,0.2,False,unmatched_abstention,0.2,False,unmatched_abstention,0.1,0.52497918747894,False,unmatched_abstention
DBLP,0.5,43,inner,SRSWOR_65_35,250,journals/vldb/GrefenVA01,True,1,fohOTTsEtIwJ,fohOTTsEtIwJ,True,0.9999852222710682,0.000141932528397,0.9998432897426712,0.2,True,correct,0.2,True,correct,0.1,0.52497918747894,True,correct
DBLP,0.5,43,inner,SRSWOR_65_35,251,conf/vldb/WeikumMHZ02,True,2,uNwtCAfL3T4J,W_b-Eo5VaOgJ,True,0.9999819676912496,0.3386802953027256,0.6613016723885241,0.2,True,correct,0.2,True,correct,0.1,0.52497918747894,True,correct
DBLP,0.5,43,inner,SRSWOR_65_35,252,conf/vldb/BaumannFRW97,True,2,7BgXVuviUvoJ,7BgXVuviUvoJ,True,0.9999903655677292,0.9998810905385864,0.0001092750291427,0.2,True,correct,0.2,True,correct,0.1,0.52497918747894,True,correct
DBLP,0.5,43,inner,SRSWOR_65_35,253,conf/sigmod/Ubell94,True,3,lphlTARDI9YJ,ZrMjnFuPnI0J,True,0.9998004933653234,0.2389520976381493,0.760848395727174,0.2,True,correct,0.2,True,correct,0.1,0.52497918747894,True,correct
DBLP,0.5,43,inner,SRSWOR_65_35,254,journals/tods/ParsonsW00,True,1,Z5rWzHBxtEEJ,Z5rWzHBxtEEJ,True,0.9999882257474776,4.890685175433259e-06,0.999983335062302,0.2,True,correct,0.2,True,correct,0.1,0.52497918747894,True,correct
DBLP,0.5,43,inner,SRSWOR_65_35,255,journals/tods/Subrahmanian94,True,8,iD6ppXF5sx4J,SLTZN9O1_wUJ,True,0.9999249663252672,0.987469554808116,0.0124554115171511,0.2,True,correct,0.2,True,correct,0.1,0.52497918747894,True,correct
DBLP,0.5,43,inner,SRSWOR_65_35,256,journals/sigmod/Snodgrass98b,False,0,,NHxHsUH9L5MJ,False,0.016402147812671,0.0071467060779848,0.0092554417346861,0.2,False,unmatched_abstention,0.2,False,unmatched_abstention,0.1,0.52497918747894,False,unmatched_abstention
DBLP,0.5,43,inner,SRSWOR_65_35,257,journals/sigmod/SellisV95,True,1,url:http://portal.acm.org/ft_gateway.cfm%3Fid%3D219766%26type%3Dpdf%26dl%3DGUIDE%26dl%3DACM%26CFID%3D11111111%26CFTOKEN%3D2222222,url:http://portal.acm.org/ft_gateway.cfm%3Fid%3D219766%26type%3Dpdf%26dl%3DGUIDE%26dl%3DACM%26CFID%3D11111111%26CFTOKEN%3D2222222,True,0.9997554351386884,0.0001136400151359,0.9996417951235526,0.2,True,correct,0.2,True,correct,0.1,0.52497918747894,True,correct
DBLP,0.5,43,inner,SRSWOR_65_35,258,conf/vldb/ChakrabartiBD99,True,2,dQooUB7__ZsJ,zmBMRUNv8sQJ,True,0.999991137693599,0.918707969830992,0.0812831678626071,0.2,True,correct,0.2,True,correct,0.1,0.52497918747894,True,correct
DBLP,0.5,43,inner,SRSWOR_65_35,259,conf/vldb/YuSLJ02,True,3,6EJ6A2y_U1IJ,6EJ6A2y_U1IJ,True,0.9999865943383404,0.999984853484632,1.7408537085206175e-06,0.2,True,correct,0.2,True,correct,0.1,0.52497918747894,True,correct
DBLP,0.5,43,inner,SRSWOR_65_35,260,conf/sigmod/RaoR00,True,1,wp2_GObi-XkJ,wp2_GObi-XkJ,True,0.9999781677707266,1.985353984681393e-05,0.9999583142308798,0.2,True,correct,0.2,True,correct,0.1,0.52497918747894,True,correct
DBLP,0.5,43,inner,SRSWOR_65_35,261,conf/sigmod/RundensteinerKRCJM96,True,5,38HoFGLnxkQJ,UEaXoXn3DicJ,True,0.999991498298602,0.9999905334145204,9.648840816334214e-07,0.2,True,correct,0.2,True,correct,0.1,0.52497918747894,True,correct
DBLP,0.5,43,inner,SRSWOR_65_35,262,conf/sigmod/LometT03,True,1,GidOUF_Jd4oJ,GidOUF_Jd4oJ,True,0.999980870845422,4.290973912864294e-05,0.9999379611062932,0.2,True,correct,0.2,True,correct,0.1,0.52497918747894,True,correct
DBLP,0.5,43,inner,SRSWOR_65_35,263,conf/sigmod/BrownCL96,True,1,H4A7nUWyXtQJ,H4A7nUWyXtQJ,True,0.9999895531952916,1.2583619629017591e-05,0.9999769695756626,0.2,True,correct,0.2,True,correct,0.1,0.52497918747894,True,correct
DBLP,0.5,43,inner,SRSWOR_65_35,264,conf/vldb/AlonsoHST97,True,1,iRJV85kKVgwJ,iRJV85kKVgwJ,True,0.999989781617414,1.1565597128682978e-05,0.9999782160202854,0.2,True,correct,0.2,True,correct,0.1,0.52497918747894,True,correct
DBLP,0.5,43,inner,SRSWOR_65_35,265,journals/vldb/TempletonHMB95,True,1,RKNGp2gmOTUJ,RKNGp2gmOTUJ,True,0.9999904674441584,4.943768781296214e-06,0.999985523675377,0.2,True,correct,0.2,True,correct,0.1,0.52497918747894,True,correct
DBLP,0.5,43,inner,SRSWOR_65_35,266,conf/vldb/YanL95,True,6,9B2oMksKaMMJ,VwsS71_KQX8J,True,0.9999810810773196,0.9999702171452208,1.086393209870362e-05,0.2,True,correct,0.2,True,correct,0.1,0.52497918747894,True,correct
DBLP,0.5,43,inner,SRSWOR_65_35,267,conf/vldb/QianZXP03,True,1,Chp-3UwMgTQJ,Chp-3UwMgTQJ,True,0.9999910831483266,0.0006702329666414,0.9993208501816851,0.2,True,correct,0.2,True,correct,0.1,0.52497918747894,True,correct
DBLP,0.5,43,inner,SRSWOR_65_35,268,journals/vldb/TorpJS00,True,2,dMRIRjR_KAAJ,wr5pRI-iGqsJ,True,0.9999878084287246,0.9999753346963898,1.2473732334816743e-05,0.2,True,correct,0.2,True,correct,0.1,0.52497918747894,True,correct
DBLP,0.5,43,inner,SRSWOR_65_35,269,conf/sigmod/PalmerF00,True,2,cnNLe97Pd2sJ,cnNLe97Pd2sJ,True,0.9999887803526653,0.9999640977416095,2.4682611055593107e-05,0.2,True,correct,0.2,True,correct,0.1,0.52497918747894,True,correct
DBLP,0.5,43,inner,SRSWOR_65_35,270,conf/vldb/AbiteboulACEMM99,True,2,hh9fQmB-eEEJ,OYOTbj4m7JYJ,True,0.9999846657787634,0.8177295878739264,0.182255077904837,0.2,True,correct,0.2,True,correct,0.1,0.52497918747894,True,correct
DBLP,0.5,43,inner,SRSWOR_65_35,271,conf/sigmod/GibbsBT94,True,7,28mTFsC-KCIJ,iS9rQqelSjMJ,True,0.9999902422444726,0.9999891431258104,1.0991186623066085e-06,0.2,True,correct,0.2,True,correct,0.1,0.52497918747894,True,correct
DBLP,0.5,43,inner,SRSWOR_65_35,272,conf/sigmod/WangWYY02,True,2,DRp1iFn7znkJ,DRp1iFn7znkJ,True,0.9999801259825566,0.9999138649116652,6.626107089124922e-05,0.2,True,correct,0.2,True,correct,0.1,0.52497918747894,True,correct
DBLP,0.5,43,inner,SRSWOR_65_35,273,conf/vldb/ZouS98,True,3,_OimKPnidhsJ,fPzfCbyzqsoJ,True,0.9999896743023317,0.9999863602935524,3.3140087790650696e-06,0.2,True,correct,0.2,True,correct,0.1,0.52497918747894,True,correct
DBLP,0.5,43,inner,SRSWOR_65_35,274,conf/sigmod/AbadiCCCCEGHMRSSTXYZ03,True,3,eBnT7lhV2LwJ,VuY9Y49GqXgJ,True,0.9999605870794522,0.9999180291012651,4.255797818708551e-05,0.2,True,correct,0.2,True,correct,0.1,0.52497918747894,True,correct
DBLP,0.5,43,inner,SRSWOR_65_35,275,conf/vldb/Mohan96,True,1,wYwNJy4GsEYJ,wYwNJy4GsEYJ,True,0.9999866068484896,1.413119874367502e-05,0.999972475649746,0.2,True,correct,0.2,True,correct,0.1,0.52497918747894,True,correct
DBLP,0.5,43,inner,SRSWOR_65_35,276,journals/tods/LiuHD98,True,2,aYjE-ILUHaoJ,aYjE-ILUHaoJ,True,0.9999881659268764,0.9978372129670589,0.0021509529598175,0.2,True,correct,0.2,True,correct,0.1,0.52497918747894,True,correct
DBLP,0.5,43,inner,SRSWOR_65_35,277,journals/sigmod/BiancheriPP01,False,0,,U9tDRbbUCSYJ,False,9.28113215155466e-06,8.526474273296032e-06,7.546578782586293e-07,0.2,False,unmatched_abstention,0.2,False,unmatched_abstention,0.1,0.52497918747894,False,unmatched_abstention
DBLP,0.5,43,inner,SRSWOR_65_35,278,conf/sigmod/CruzALRZ97,True,3,uh2lQGa6hQUJ,url:http://www.csa.com/partners/viewrecord.php%3Frequester%3Dgs%26collection%3DTRD%26recid%3D0294187CI,True,0.99998518451022,0.999970961427853,1.4223082366870976e-05,0.2,True,correct,0.2,True,correct,0.1,0.52497918747894,True,correct
DBLP,0.5,43,inner,SRSWOR_65_35,279,journals/vldb/HuntAI02,True,1,LiYp5oaDwbMJ,LiYp5oaDwbMJ,True,0.9999899062486308,0.0016850837603562,0.9983048224882743,0.2,True,correct,0.2,True,correct,0.1,0.52497918747894,True,correct
DBLP,0.5,43,inner,SRSWOR_65_35,280,conf/vldb/AcharyaGP99,True,1,-7tsGpHin24J,-7tsGpHin24J,True,0.9999906600704352,0.4308688008858589,0.5691218591845763,0.2,True,correct,0.2,True,correct,0.1,0.52497918747894,True,correct
DBLP,0.5,43,inner,SRSWOR_65_35,281,conf/sigmod/RoussopoulosKV95,True,7,00c1qmRdM5IJ,efwTNo1wRnMJ,True,0.9999044129646956,0.9980107552223756,0.0018936577423199,0.2,True,correct,0.2,True,correct,0.1,0.52497918747894,True,correct
DBLP,0.5,43,inner,SRSWOR_65_35,282,conf/vldb/Sarawagi95,True,2,C8lF7grRFcMJ,w9je55hjOlwJ,True,0.9999312560750852,0.9999174832487536,1.3772826331637232e-05,0.2,True,correct,0.2,True,correct,0.1,0.52497918747894,True,correct
DBLP,0.5,43,inner,SRSWOR_65_35,283,conf/sigmod/CherniackZ98,True,2,_wJZsVYdrr8J,_wJZsVYdrr8J,True,0.9999519427942418,0.999491982484235,0.0004599603100068,0.2,True,correct,0.2,True,correct,0.1,0.52497918747894,True,correct
DBLP,0.5,43,inner,SRSWOR_65_35,284,conf/sigmod/GraySSU03,True,1,NnKrsx4j4pkJ,NnKrsx4j4pkJ,True,0.998525266613348,2.3412364566378648e-05,0.9985018542487816,0.2,True,correct,0.2,True,correct,0.1,0.52497918747894,True,correct
DBLP,0.5,43,inner,SRSWOR_65_35,285,conf/sigmod/BohlenBD99,True,1,X2odIfnOC88J,X2odIfnOC88J,True,0.9999798657754712,9.739050550639235e-06,0.9999701267249204,0.2,True,correct,0.2,True,correct,0.1,0.52497918747894,True,correct
DBLP,0.5,43,inner,SRSWOR_65_35,286,conf/vldb/KiesslingK02,True,4,3VHepuiTGHUJ,OuVZjeR64pMJ,True,0.9999877984257072,0.9999775984275764,1.0199998130788757e-05,0.2,True,correct,0.2,True,correct,0.1,0.52497918747894,True,correct
DBLP,0.5,43,inner,SRSWOR_65_35,287,journals/vldb/SaltenisJ02,True,1,HSEOZDaC8ZUJ,HSEOZDaC8ZUJ,True,0.9999892291957276,0.0900474066649422,0.9099418225307856,0.2,True,correct,0.2,True,correct,0.1,0.52497918747894,True,correct
DBLP,0.5,43,inner,SRSWOR_65_35,288,conf/sigmod/LabrinidisR00,True,1,DKUouEkK_b4J,DKUouEkK_b4J,True,0.999954843192828,0.9830542620371148,0.016900581155713,0.2,True,correct,0.2,True,correct,0.1,0.52497918747894,True,correct
DBLP,0.5,43,inner,SRSWOR_65_35,289,conf/vldb/DiwanRSS96,True,1,HjDa9on7LzoJ,HjDa9on7LzoJ,True,0.999989299552255,6.056994326540656e-06,0.9999832425579284,0.2,True,correct,0.2,True,correct,0.1,0.52497918747894,True,correct
DBLP,0.5,43,inner,SRSWOR_65_35,290,journals/vldb/HarrisR96,True,1,S8x6zjXc9oAJ,S8x6zjXc9oAJ,True,0.999984249269392,1.1303060986212467e-05,0.999972946208406,0.2,True,correct,0.2,True,correct,0.1,0.52497918747894,True,correct
DBLP,0.5,43,inner,SRSWOR_65_35,291,journals/sigmod/Stirling03,True,1,url:http://portal.acm.org/ft_gateway.cfm%3Fid%3D776997%26type%3Dpdf%26dl%3DGUIDE%26dl%3DACM%26CFID%3D11111111%26CFTOKEN%3D2222222,url:http://portal.acm.org/ft_gateway.cfm%3Fid%3D776997%26type%3Dpdf%26dl%3DGUIDE%26dl%3DACM%26CFID%3D11111111%26CFTOKEN%3D2222222,True,0.999979765372999,8.898816588772221e-06,0.9999708665564104,0.2,True,correct,0.2,True,correct,0.1,0.52497918747894,True,correct
DBLP,0.5,43,inner,SRSWOR_65_35,292,conf/sigmod/HellersteinW02,True,1,url:http://portal.acm.org/ft_gateway.cfm%3Fid%3D564788%26type%3Dpdf%26dl%3DGUIDE%26dl%3DACM%26CFID%3D11111111%26CFTOKEN%3D2222222,url:http://portal.acm.org/ft_gateway.cfm%3Fid%3D564788%26type%3Dpdf%26dl%3DGUIDE%26dl%3DACM%26CFID%3D11111111%26CFTOKEN%3D2222222,True,0.9999468597926906,1.1075598164752273e-05,0.999935784194526,0.2,True,correct,0.2,True,correct,0.1,0.52497918747894,True,correct
DBLP,0.5,43,inner,SRSWOR_65_35,293,journals/sigmod/CeriFP99,True,2,mr8XDkQ7adAJ,zCbDZVfxWhAJ,True,0.999989736839179,0.9999819296810656,7.807158113326551e-06,0.2,True,correct,0.2,True,correct,0.1,0.52497918747894,True,correct
DBLP,0.5,43,inner,SRSWOR_65_35,294,conf/vldb/MendelzonV00,True,2,Ah3ENTVwMj4J,AQLsLBctUI4J,True,0.9999296132227112,0.9685853833514234,0.0313442298712877,0.2,True,correct,0.2,True,correct,0.1,0.52497918747894,True,correct
DBLP,0.5,43,inner,SRSWOR_65_35,295,journals/sigmod/BerzalM02,False,0,,U7glO1ebLPYJ,False,0.9984132629940726,0.7460792414511822,0.2523340215428904,0.2,True,false_link,0.2,True,false_link,0.1,0.52497918747894,True,false_link
DBLP,0.5,43,inner,SRSWOR_65_35,296,journals/sigmod/MeltonE02,True,2,6uelfg3RgEoJ,6uelfg3RgEoJ,True,0.9999918474191076,0.0010623311493825,0.998929516269725,0.2,True,correct,0.2,True,correct,0.1,0.52497918747894,True,correct
DBLP,0.5,43,inner,SRSWOR_65_35,297,conf/vldb/HaasKWY97,True,10,6TrmUUoylzIJ,U09WdB3GIK4J,True,0.999987849239556,0.9999745531873452,1.32960522106762e-05,0.2,True,correct,0.2,True,correct,0.1,0.52497918747894,True,correct
DBLP,0.5,43,inner,SRSWOR_65_35,298,conf/sigmod/DeolaseeKPRS01,True,2,5OTQGZ1gb18J,5OTQGZ1gb18J,True,0.9999878582977806,0.9990434759961294,0.0009443823016511,0.2,True,correct,0.2,True,correct,0.1,0.52497918747894,True,correct
DBLP,0.5,43,inner,SRSWOR_65_35,299,conf/vldb/BaumannDFRW99,True,2,lmKF8hAYUkMJ,OV-zNC5uzHUJ,True,0.9999889701163464,0.9996997345260962,0.0002892355902501,0.2,True,correct,0.2,True,correct,0.1,0.52497918747894,True,correct
DBLP,0.5,43,inner,SRSWOR_65_35,300,conf/sigmod/AfratiLU01,True,2,k7zpSukSfYsJ,k7zpSukSfYsJ,True,0.9999864775063468,0.9952875387544422,0.0046989387519046,0.2,True,correct,0.2,True,correct,0.1,0.52497918747894,True,correct
DBLP,0.5,43,inner,SRSWOR_65_35,301,journals/sigmod/DadamK97,True,1,9Ai_9dZChG4J,9Ai_9dZChG4J,True,0.9999922361510918,4.550757515617724e-05,0.9999467285759356,0.2,True,correct,0.2,True,correct,0.1,0.52497918747894,True,correct
DBLP,0.5,43,inner,SRSWOR_65_35,302,conf/vldb/ChandrasekaranF02,True,4,b408sdGcY3UJ,nqosSM46lCkJ,True,0.9999890324841424,0.9999799519570788,9.080527063720645e-06,0.2,True,correct,0.2,True,correct,0.1,0.52497918747894,True,correct
DBLP,0.5,43,inner,SRSWOR_65_35,303,conf/sigmod/SchusterW01,True,1,59akjz-Qe9IJ,59akjz-Qe9IJ,True,0.9997176277298904,0.0014628794218372,0.998254748308053,0.2,True,correct,0.2,True,correct,0.1,0.52497918747894,True,correct
DBLP,0.5,43,inner,SRSWOR_65_35,304,conf/vldb/SistlaYH94,True,4,_jl3bN2QlE4J,FT4Sfn-Z7GUJ,True,0.99998876419509,0.9999699477597648,1.8816435324975345e-05,0.2,True,correct,0.2,True,correct,0.1,0.52497918747894,True,correct
DBLP,0.5,43,inner,SRSWOR_65_35,305,conf/vldb/SavasereON95,True,11,1WArdj4NhEoJ,N-o3NPu-nbIJ,True,0.9999906727545286,0.9999877073719432,2.9653825854847327e-06,0.2,True,correct,0.2,True,correct,0.1,0.52497918747894,True,correct
DBLP,0.5,43,inner,SRSWOR_65_35,306,conf/sigmod/HuangSW94,True,2,5Chw6HN64vEJ,5Chw6HN64vEJ,True,0.9999903839354308,0.9999726019827576,1.7781952673212587e-05,0.2,True,correct,0.2,True,correct,0.1,0.52497918747894,True,correct
DBLP,0.5,43,inner,SRSWOR_65_35,307,journals/sigmod/BernsteinDK99,True,3,MsK0xHsckUIJ,Ye5fTBiMoUwJ,True,0.9999838400279932,0.9999392124079975,4.462761999568521e-05,0.2,True,correct,0.2,True,correct,0.1,0.52497918747894,True,correct
DBLP,0.5,43,inner,SRSWOR_65_35,308,journals/sigmod/EnglertGH95,True,2,JRXuKm3E_foJ,JRXuKm3E_foJ,True,0.9999925669544528,0.999992465481612,1.0147284079664588e-07,0.2,True,correct,0.2,True,correct,0.1,0.52497918747894,True,correct
DBLP,0.5,43,inner,SRSWOR_65_35,309,journals/sigmod/Snodgrass99b,False,0,,url:http://portal.acm.org/citation.cfm%3Fid%3D1041410.1041430,False,0.0036582575902716,0.0019522430616253,0.0017060145286462,0.2,False,unmatched_abstention,0.2,False,unmatched_abstention,0.1,0.52497918747894,False,unmatched_abstention
DBLP,0.5,43,inner,SRSWOR_65_35,310,conf/vldb/TsurAADKW01,True,1,PvNI0yqRqtQJ,PvNI0yqRqtQJ,True,0.9999892887094451,0.0001935550344435,0.9997957336750016,0.2,True,correct,0.2,True,correct,0.1,0.52497918747894,True,correct
DBLP,0.5,43,inner,SRSWOR_65_35,311,conf/vldb/KoschBBHHLRT01,True,1,xvNBOkc3UkcJ,xvNBOkc3UkcJ,True,0.9999774777641628,0.0002248993973564,0.9997525783668064,0.2,True,correct,0.2,True,correct,0.1,0.52497918747894,True,correct
DBLP,0.5,43,inner,SRSWOR_65_35,312,conf/sigmod/OriaOILY00,True,2,9SbEzfHLSooJ,xdUDA920uhMJ,True,0.9999877575843116,0.9237871417113448,0.0762006158729666,0.2,True,correct,0.2,True,correct,0.1,0.52497918747894,True,correct
DBLP,0.5,43,inner,SRSWOR_65_35,313,conf/vldb/GolabO03,True,2,6K9FhI2pFEgJ,6K9FhI2pFEgJ,True,0.9999871857178382,0.9999599874713608,2.719824647734459e-05,0.2,True,correct,0.2,True,correct,0.1,0.52497918747894,True,correct
DBLP,0.5,43,inner,SRSWOR_65_35,314,journals/vldb/DanYC95,True,1,SsOLRJZrmtYJ,SsOLRJZrmtYJ,True,0.9999897872776382,0.994827400545122,0.0051623867325163,0.2,True,correct,0.2,True,correct,0.1,0.52497918747894,True,correct
DBLP,0.5,43,inner,SRSWOR_65_35,315,conf/sigmod/AmbiteABKMMMPT98,True,3,iE-UE2bDGZ8J,iE-UE2bDGZ8J,True,0.9999903686635954,0.999977654180454,1.2714483141440525e-05,0.2,True,correct,0.2,True,correct,0.1,0.52497918747894,True,correct
DBLP,0.5,43,inner,SRSWOR_65_35,316,journals/sigmod/GunopulosK01,False,0,,I-taeStropMJ,False,6.086908655587352e-06,5.486557825613338e-06,6.003508299740138e-07,0.2,False,unmatched_abstention,0.2,False,unmatched_abstention,0.1,0.52497918747894,False,unmatched_abstention
DBLP,0.5,43,inner,SRSWOR_65_35,317,conf/sigmod/HanKK97,True,3,MqdtZ_cUxDEJ,MqdtZ_cUxDEJ,True,0.9999628075478452,0.9998723387304888,9.0468817356526e-05,0.2,True,correct,0.2,True,correct,0.1,0.52497918747894,True,correct
DBLP,0.5,43,inner,SRSWOR_65_35,318,conf/vldb/BerchtoldKK96,True,13,_oDfC1aR4CAJ,WnYVibh8fxUJ,True,0.9999877179064212,0.9999875135197572,2.0438666392674778e-07,0.2,True,correct,0.2,True,correct,0.1,0.52497918747894,True,correct
DBLP,0.5,43,inner,SRSWOR_65_35,319,journals/vldb/HuangDT99,False,0,,zODPED9-QZEJ,False,0.9999853148522724,6.4984141799777456e-06,0.9999788164380924,0.2,True,false_link,0.2,True,false_link,0.1,0.52497918747894,True,false_link
DBLP,0.5,43,inner,SRSWOR_65_35,320,journals/sigmod/AlonsoCIM95,True,1,5LlePa4wQmEJ,5LlePa4wQmEJ,True,0.9999914445613476,5.383343781791407e-06,0.9999860612175658,0.2,True,correct,0.2,True,correct,0.1,0.52497918747894,True,correct
DBLP,0.5,43,inner,SRSWOR_65_35,321,conf/vldb/JiangWL03,True,1,s3bawcAka-EJ,s3bawcAka-EJ,True,0.999991456033408,0.9055311291751036,0.0944603268583041,0.2,True,correct,0.2,True,correct,0.1,0.52497918747894,True,correct
DBLP,0.5,43,inner,SRSWOR_65_35,322,journals/vldb/GruserRZZ00,True,1,9EBKpmSLc_oJ,9EBKpmSLc_oJ,True,0.9999887729995148,5.567858225682412e-06,0.9999832051412892,0.2,True,correct,0.2,True,correct,0.1,0.52497918747894,True,correct
DBLP,0.5,43,inner,SRSWOR_65_35,323,conf/vldb/MadhavanH03,True,2,mu31RuCR_E4J,ujCYoqKS6BcJ,True,0.9999876661787248,0.999969241332543,1.842484618186369e-05,0.2,True,correct,0.2,True,correct,0.1,0.52497918747894,True,correct
DBLP,0.5,43,inner,SRSWOR_65_35,324,conf/sigmod/WhiteD95,True,1,6SBwemr2zscJ,6SBwemr2zscJ,True,0.9999884292949996,0.0008493556821848,0.9991390736128148,0.2,True,correct,0.2,True,correct,0.1,0.52497918747894,True,correct
DBLP,0.5,43,inner,SRSWOR_65_35,325,journals/sigmod/TsotrasK96,True,3,9HEdn3A13BQJ,9HEdn3A13BQJ,True,0.8121148169115977,0.0069720274542574,0.8051427894573402,0.2,True,correct,0.2,True,correct,0.1,0.52497918747894,True,correct
DBLP,0.5,43,inner,SRSWOR_65_35,326,conf/vldb/GoldmanSVG98,True,3,4qYPBQ1l07YJ,pweOUtA2iTAJ,True,0.9999855768113076,0.9993706380113048,0.0006149388000028,0.2,True,correct,0.2,True,correct,0.1,0.52497918747894,True,correct
DBLP,0.5,43,inner,SRSWOR_65_35,327,conf/vldb/WiesnerK01,True,1,UrDwK2S7QVwJ,UrDwK2S7QVwJ,True,0.9999893329508116,2.938125185726655e-05,0.9999599516989544,0.2,True,correct,0.2,True,correct,0.1,0.52497918747894,True,correct
DBLP,0.5,43,inner,SRSWOR_65_35,328,journals/vldb/IshakbeyogluO98,True,1,O9A-15rmzOsJ,O9A-15rmzOsJ,True,0.9999886930146612,5.693511922894508e-06,0.9999829995027384,0.2,True,correct,0.2,True,correct,0.1,0.52497918747894,True,correct
DBLP,0.5,43,inner,SRSWOR_65_35,329,journals/sigmod/Date96,True,1,url:http://portal.acm.org/citation.cfm%3Fid%3D245882.245885%26coll%3DGUIDE%26dl%3DACM%26idx%3DJ689%26part%3Dperiodical%26WantType%3Dperiodical%26title%3DACM%2520SIGMOD%2520Record%26CFID%3D11111111%26CFTOKEN%3D2222222,url:http://portal.acm.org/citation.cfm%3Fid%3D245882.245885%26coll%3DGUIDE%26dl%3DACM%26idx%3DJ689%26part%3Dperiodical%26WantType%3Dperiodical%26title%3DACM%2520SIGMOD%2520Record%26CFID%3D11111111%26CFTOKEN%3D2222222,True,0.9999880269346516,0.0154987212274425,0.9844893057072092,0.2,True,correct,0.2,True,correct,0.1,0.52497918747894,True,correct
DBLP,0.5,43,inner,SRSWOR_65_35,330,conf/vldb/AnanthakrishnaCG02,True,2,FFKP2GRm2LEJ,FFKP2GRm2LEJ,True,0.9999909091622872,0.9999685552959082,2.2353866378943543e-05,0.2,True,correct,0.2,True,correct,0.1,0.52497918747894,True,correct
DBLP,0.5,43,inner,SRSWOR_65_35,331,conf/sigmod/VitterW99,True,2,1UFq52qqErUJ,P5oJUiow7lsJ,True,0.9999823814202284,0.999977766669726,4.614750502396348e-06,0.2,True,correct,0.2,True,correct,0.1,0.52497918747894,True,correct
DBLP,0.5,43,inner,SRSWOR_65_35,332,journals/vldb/SheikholeslamiCZ00,True,3,2GWXn3jT0uwJ,Eo0JhvpLGj0J,True,0.9999888760157364,0.9999267219625088,6.215405322740342e-05,0.2,True,correct,0.2,True,correct,0.1,0.52497918747894,True,correct
DBLP,0.5,43,inner,SRSWOR_65_35,333,journals/sigmod/Aberer02a,True,1,url:http://portal.acm.org/ft_gateway.cfm%3Fid%3D565129%26type%3Dpdf%26dl%3DGUIDE%26dl%3DACM%26CFID%3D11111111%26CFTOKEN%3D2222222,url:http://portal.acm.org/ft_gateway.cfm%3Fid%3D604274%26type%3Dpdf%26dl%3DGUIDE%26dl%3DACM%26CFID%3D11111111%26CFTOKEN%3D2222222,False,0.9324760404261352,0.1295264707547704,0.8029495696713647,0.2,True,false_link,0.2,True,false_link,0.1,0.52497918747894,True,false_link
DBLP,0.5,43,inner,SRSWOR_65_35,334,conf/sigmod/Keim99,True,1,GBZiTCbChZQJ,GBZiTCbChZQJ,True,0.999988445504433,0.8389563041102326,0.1610321413942004,0.2,True,correct,0.2,True,correct,0.1,0.52497918747894,True,correct
DBLP,0.5,43,inner,SRSWOR_65_35,335,conf/sigmod/GionisGK01,True,1,cy_Fe935WMAJ,cy_Fe935WMAJ,True,0.9998709536333452,2.83362268922971e-05,0.9998426174064527,0.2,True,correct,0.2,True,correct,0.1,0.52497918747894,True,correct
DBLP,0.5,43,inner,SRSWOR_65_35,336,conf/sigmod/ChenGMV02,True,1,IqV3EploPP4J,IqV3EploPP4J,True,0.9999346145975532,9.702256981360218e-06,0.9999249123405718,0.2,True,correct,0.2,True,correct,0.1,0.52497918747894,True,correct
DBLP,0.5,43,inner,SRSWOR_65_35,337,conf/sigmod/GuptaS03,True,3,6ditJPVnXAQJ,6ditJPVnXAQJ,True,0.9999885641835018,0.9988097533337318,0.00117881084977,0.2,True,correct,0.2,True,correct,0.1,0.52497918747894,True,correct
DBLP,0.5,43,inner,SRSWOR_65_35,338,journals/sigmod/RamirezSP94,True,1,V2WMOB42Gj0J,V2WMOB42Gj0J,True,0.9999869072361712,7.753963294952935e-06,0.9999791532728765,0.2,True,correct,0.2,True,correct,0.1,0.52497918747894,True,correct
DBLP,0.5,43,inner,SRSWOR_65_35,339,journals/sigmod/EisenbergM99,True,4,ciavnyh4U8UJ,Z1P9QnSfDuAJ,True,0.999988409581542,0.9999859421105696,2.467470972322694e-06,0.2,True,correct,0.2,True,correct,0.1,0.52497918747894,True,correct
DBLP,0.5,43,inner,SRSWOR_65_35,340,journals/vldb/FungKL03,True,1,rFEOA75JjSIJ,rFEOA75JjSIJ,True,0.9999875564689183,0.0001773104386692,0.9998102460302492,0.2,True,correct,0.2,True,correct,0.1,0.52497918747894,True,correct
DBLP,0.5,43,inner,SRSWOR_65_35,341,journals/vldb/MaratheS02,True,1,z6JEYoArZmsJ,z6JEYoArZmsJ,True,0.999977914806252,9.194927023347968e-06,0.9999687198792288,0.2,True,correct,0.2,True,correct,0.1,0.52497918747894,True,correct
DBLP,0.5,43,inner,SRSWOR_65_35,342,conf/sigmod/MissikoffT94,True,1,nxNSfctbGWAJ,nxNSfctbGWAJ,True,0.9999919824415614,3.389032965287547e-05,0.9999580921119086,0.2,True,correct,0.2,True,correct,0.1,0.52497918747894,True,correct
DBLP,0.5,43,inner,SRSWOR_65_35,343,conf/vldb/BrodieC99,True,2,80T8-ddj8OsJ,80T8-ddj8OsJ,True,0.9999909509488878,0.999535251883962,0.0004556990649258,0.2,True,correct,0.2,True,correct,0.1,0.52497918747894,True,correct
DBLP,0.5,43,inner,SRSWOR_65_35,344,conf/vldb/ZhangL98,True,1,ZjHAEBJYahAJ,ZjHAEBJYahAJ,True,0.9999884589839408,2.1942877556510543e-05,0.9999665161063842,0.2,True,correct,0.2,True,correct,0.1,0.52497918747894,True,correct
DBLP,0.5,43,inner,SRSWOR_65_35,345,conf/vldb/ChoALS02,True,1,_-JZT1cOuZ8J,_-JZT1cOuZ8J,True,0.9999867696081056,6.914423083262978e-06,0.9999798551850222,0.2,True,correct,0.2,True,correct,0.1,0.52497918747894,True,correct
DBLP,0.5,43,inner,SRSWOR_65_35,346,conf/vldb/BridgeJKLLM97,True,3,8qlmryXP3BsJ,JO9Jnx_gGIUJ,True,0.9999883399137086,0.99993529984994,5.304006376849468e-05,0.2,True,correct,0.2,True,correct,0.1,0.52497918747894,True,correct
DBLP,0.5,43,inner,SRSWOR_65_35,347,journals/sigmod/JenningsNF98,True,3,tYXzABUZYxQJ,YiZVv5kVDb4J,True,0.9999915179777096,0.9999881316137872,3.3863639221642927e-06,0.2,True,correct,0.2,True,correct,0.1,0.52497918747894,True,correct
DBLP,0.5,43,inner,SRSWOR_65_35,348,conf/sigmod/Al-KhalifaYJ03,True,1,boJKiPCpIxkJ,boJKiPCpIxkJ,True,0.999981137393096,4.726262407605869e-05,0.9999338747690198,0.2,True,correct,0.2,True,correct,0.1,0.52497918747894,True,correct
DBLP,0.5,43,inner,SRSWOR_65_35,349,conf/sigmod/BabcockCD03,True,1,mbhZ3gSR3NMJ,mbhZ3gSR3NMJ,True,0.9999895539823188,6.768101847890426e-06,0.999982785880471,0.2,True,correct,0.2,True,correct,0.1,0.52497918747894,True,correct
DBLP,0.5,43,inner,SRSWOR_65_35,350,conf/sigmod/ShenNSHS03,True,1,LjrsWIr3rhAJ,LjrsWIr3rhAJ,True,0.9999910168977332,6.713242504286926e-06,0.9999843036552288,0.2,True,correct,0.2,True,correct,0.1,0.52497918747894,True,correct
DBLP,0.5,43,inner,SRSWOR_65_35,351,conf/sigmod/BilirisFOP96,True,1,VakyeJZNPM0J,VakyeJZNPM0J,True,0.999966003075806,8.936227106711e-06,0.9999570668486992,0.2,True,correct,0.2,True,correct,0.1,0.52497918747894,True,correct
DBLP,0.5,43,inner,SRSWOR_65_35,352,conf/vldb/Johnson99,True,1,B3PwhNu8Y6IJ,B3PwhNu8Y6IJ,True,0.9999795708774796,1.0913553425244209e-05,0.9999686573240544,0.2,True,correct,0.2,True,correct,0.1,0.52497918747894,True,correct
DBLP,0.5,43,inner,SRSWOR_65_35,353,journals/sigmod/Winslett02b,False,0,,url:http://portal.acm.org/ft_gateway.cfm%3Fid%3D601871%26type%3Dpdf%26dl%3DGUIDE%26dl%3DACM%26CFID%3D11111111%26CFTOKEN%3D2222222,False,0.999966826798177,0.0001992298571739,0.9997675969410031,0.2,True,false_link,0.2,True,false_link,0.1,0.52497918747894,True,false_link
DBLP,0.5,43,inner,SRSWOR_65_35,354,conf/vldb/Uhl02,True,1,n5SsAbtjBpAJ,n5SsAbtjBpAJ,True,0.9999905508855258,5.450375540343647e-06,0.9999851005099856,0.2,True,correct,0.2,True,correct,0.1,0.52497918747894,True,correct
DBLP,0.5,43,inner,SRSWOR_65_35,355,journals/sigmod/Bussler02,True,1,Phcd3C1cfLcJ,Phcd3C1cfLcJ,True,0.9999886989868986,4.363047735252553e-05,0.999945068509546,0.2,True,correct,0.2,True,correct,0.1,0.52497918747894,True,correct
DBLP,0.5,43,inner,SRSWOR_65_35,356,journals/sigmod/Aberer03b,True,1,url:http://portal.acm.org/ft_gateway.cfm%3Fid%3D776994%26type%3Dpdf%26dl%3DGUIDE%26dl%3DACM%26CFID%3D11111111%26CFTOKEN%3D2222222,url:http://portal.acm.org/ft_gateway.cfm%3Fid%3D959078%26type%3Dpdf%26dl%3DGUIDE%26dl%3DACM%26CFID%3D11111111%26CFTOKEN%3D2222222,False,0.1057327829006337,0.0123379306250075,0.0933948522756262,0.2,False,missing_match,0.2,False,missing_match,0.1,0.52497918747894,False,missing_match
DBLP,0.5,43,inner,SRSWOR_65_35,357,conf/vldb/NieKH03,True,2,0RaBCPWwApQJ,0RaBCPWwApQJ,True,0.9999781670003588,0.99996297041472,1.519658563864379e-05,0.2,True,correct,0.2,True,correct,0.1,0.52497918747894,True,correct
DBLP,0.5,43,inner,SRSWOR_65_35,358,conf/vldb/XieH94,True,3,3mIFpmoWAFUJ,7P8_zVPEW64J,True,0.9999909314937632,0.9999889697271438,1.961766619262839e-06,0.2,True,correct,0.2,True,correct,0.1,0.52497918747894,True,correct
DBLP,0.5,43,inner,SRSWOR_65_35,359,conf/vldb/HasanM95,True,3,8cd64f0t0-EJ,-aml_OMAQNgJ,True,0.9999911762337284,0.999987655894186,3.520339542317785e-06,0.2,True,correct,0.2,True,correct,0.1,0.52497918747894,True,correct
DBLP,0.5,43,inner,SRSWOR_65_35,360,journals/sigmod/HansonN99,True,4,b5uRDGKYrcMJ,b5uRDGKYrcMJ,True,0.9999915636462562,0.9999838404132662,7.723232990031192e-06,0.2,True,correct,0.2,True,correct,0.1,0.52497918747894,True,correct
DBLP,0.5,43,inner,SRSWOR_65_35,361,conf/sigmod/BrinkhoffKSS94,True,5,cb1kf4z7hA4J,cb1kf4z7hA4J,True,0.9999825706135812,0.9999816272571443,9.433564368555024e-07,0.2,True,correct,0.2,True,correct,0.1,0.52497918747894,True,correct
DBLP,0.5,43,inner,SRSWOR_65_35,362,journals/vldb/DeWittNSV96,True,1,WTuHfc-D3TwJ,WTuHfc-D3TwJ,True,0.9999878674996676,5.911913356044966e-06,0.9999819555863116,0.2,True,correct,0.2,True,correct,0.1,0.52497918747894,True,correct
DBLP,0.5,43,inner,SRSWOR_65_35,363,journals/sigmod/Weikum02,True,1,url:http://portal.acm.org/citation.cfm%3Fid%3D601858.601867%26dl%3DGUIDE%26dl%3DACM%26idx%3DJ689%26part%3Dperiodical%26WantType%3Dperiodical%26title%3DACM%2520SIGMOD%2520Record%26CFID%3D11111111%26CFTOKEN%3D2222222,url:http://portal.acm.org/citation.cfm%3Fid%3D601858.601867%26dl%3DGUIDE%26dl%3DACM%26idx%3DJ689%26part%3Dperiodical%26WantType%3Dperiodical%26title%3DACM%2520SIGMOD%2520Record%26CFID%3D11111111%26CFTOKEN%3D2222222,True,0.9998807822929636,0.998970292712432,0.0009104895805318,0.2,True,correct,0.2,True,correct,0.1,0.52497918747894,True,correct
DBLP,0.5,43,inner,SRSWOR_65_35,364,conf/vldb/MeoPC96,True,6,_jeGsG2xolAJ,Opm5VlTzQTAJ,True,0.9999909214042098,0.999990390994128,5.30410081633903e-07,0.2,True,correct,0.2,True,correct,0.1,0.52497918747894,True,correct
DBLP,0.5,43,inner,SRSWOR_65_35,365,conf/sigmod/HellersteinHW97,True,5,1n-1Xj-lfLAJ,1n-1Xj-lfLAJ,True,0.9999303438462204,0.99940034155888,0.0005300022873401,0.2,True,correct,0.2,True,correct,0.1,0.52497918747894,True,correct
DBLP,0.5,43,inner,SRSWOR_65_35,366,journals/sigmod/Camps96,True,1,mDj9X3EN9ycJ,url:http://portal.acm.org/ft_gateway.cfm%3Fid%3D245885%26type%3Dpdf%26dl%3DGUIDE%26dl%3DACM%26CFID%3D11111111%26CFTOKEN%3D2222222,False,0.9999192291636604,0.9998913798889256,2.7849274734981225e-05,0.2,True,false_link,0.2,True,false_link,0.1,0.52497918747894,True,false_link
DBLP,0.5,43,inner,SRSWOR_65_35,367,conf/vldb/AmsalegFG95,True,3,-9bXTTM_M4cJ,-9bXTTM_M4cJ,True,0.999987550249094,0.9999710796552002,1.647059389386918e-05,0.2,True,correct,0.2,True,correct,0.1,0.52497918747894,True,correct
DBLP,0.5,43,inner,SRSWOR_65_35,368,journals/vldb/PucheralBVB01,True,5,8DRB_dYz2CgJ,hNOti13KB_8J,True,0.999987362406599,0.9999741172699472,1.3245136651907076e-05,0.2,True,correct,0.2,True,correct,0.1,0.52497918747894,True,correct
DBLP,0.5,43,inner,SRSWOR_65_35,369,conf/vldb/BrownMCL94,True,1,xfAfu8uJ6NAJ,xfAfu8uJ6NAJ,True,0.9991399139542028,5.253225998238367e-06,0.9991346607282046,0.2,True,correct,0.2,True,correct,0.1,0.52497918747894,True,correct
DBLP,0.5,43,inner,SRSWOR_65_35,370,journals/tods/MokNE96,True,1,xUeP4X8k5SoJ,xUeP4X8k5SoJ,True,0.9999775340530128,0.865410193910013,0.1345673401429999,0.2,True,correct,0.2,True,correct,0.1,0.52497918747894,True,correct
DBLP,0.5,43,inner,SRSWOR_65_35,371,journals/sigmod/Stonebraker94,True,1,url:http://portal.acm.org/citation.cfm%3Fid%3D181551,url:http://portal.acm.org/citation.cfm%3Fid%3D181551,True,0.9999844331392468,4.441839562970129e-05,0.999940014743617,0.2,True,correct,0.2,True,correct,0.1,0.52497918747894,True,correct
DBLP,0.5,43,inner,SRSWOR_65_35,372,conf/vldb/SeshadriLR97,True,8,ad-TVNZBg8YJ,kIzNmOrszKoJ,True,0.999991791999101,0.9999903204779907,1.4715211101856696e-06,0.2,True,correct,0.2,True,correct,0.1,0.52497918747894,True,correct
DBLP,0.5,43,inner,SRSWOR_65_35,373,journals/tods/DattaVCK99,True,3,3BbftjVsIEIJ,L_EKDuVUoIEJ,True,0.9999903639688807,0.9935843807458754,0.0064059832230053,0.2,True,correct,0.2,True,correct,0.1,0.52497918747894,True,correct
DBLP,0.5,43,inner,SRSWOR_65_35,374,conf/sigmod/Fernandez94,True,1,PmrthJYk66cJ,PmrthJYk66cJ,True,0.999991105077861,6.2551895386006215e-06,0.9999848498883224,0.2,True,correct,0.2,True,correct,0.1,0.52497918747894,True,correct
DBLP,0.5,43,inner,SRSWOR_65_35,375,journals/vldb/FiletoLPAM03,True,2,jMQ_SiixnSEJ,VWbm4EeeFNMJ,True,0.9999905179279538,0.9999831713292678,7.346598685953332e-06,0.2,True,correct,0.2,True,correct,0.1,0.52497918747894,True,correct
DBLP,0.5,43,inner,SRSWOR_65_35,376,conf/sigmod/GarofalakisRRS99,True,1,z7J4u1sJ52cJ,z7J4u1sJ52cJ,True,0.99998557400505,7.490543096096529e-06,0.9999780834619538,0.2,True,correct,0.2,True,correct,0.1,0.52497918747894,True,correct
DBLP,0.5,43,inner,SRSWOR_65_35,377,conf/sigmod/GrumbachRS98,True,1,RQTFVFT_w9gJ,RQTFVFT_w9gJ,True,0.9999861123787844,5.369075000592665e-06,0.9999807433037838,0.2,True,correct,0.2,True,correct,0.1,0.52497918747894,True,correct
DBLP,0.5,43,inner,SRSWOR_65_35,378,conf/sigmod/ReveszCKLLW00,True,2,bx_A3QEqKhEJ,qxShx7aNiuEJ,True,0.9999852556476624,0.999975635575492,9.620072170424264e-06,0.2,True,correct,0.2,True,correct,0.1,0.52497918747894,True,correct
DBLP,0.5,43,inner,SRSWOR_65_35,379,conf/sigmod/ImielinskiVB94,True,16,1H_A7k3QsbQJ,cffLplmoKH4J,True,0.9999887642593808,0.9999825314755408,6.232783840043332e-06,0.2,True,correct,0.2,True,correct,0.1,0.52497918747894,True,correct
DBLP,0.5,43,inner,SRSWOR_65_35,380,conf/vldb/SchmidtWKCMB02,True,3,CvGGYMrKR2sJ,CvGGYMrKR2sJ,True,0.999987309278508,0.9999865198287388,7.894497692229052e-07,0.2,True,correct,0.2,True,correct,0.1,0.52497918747894,True,correct
DBLP,0.5,43,inner,SRSWOR_65_35,381,conf/sigmod/BersonGM95,True,3,AdvsjAZhCc8J,YkPqPzGFnZIJ,True,0.9999666587698264,0.9999615121943722,5.146575454251234e-06,0.2,True,correct,0.2,True,correct,0.1,0.52497918747894,True,correct
DBLP,0.5,43,inner,SRSWOR_65_35,382,conf/vldb/BettiniJWW02,True,3,Aq_TE_cWEQkJ,ghIMekzCkMQJ,True,0.9999884122671964,0.9999640502223172,2.4362044879211453e-05,0.2,True,correct,0.2,True,correct,0.1,0.52497918747894,True,correct
DBLP,0.5,43,inner,SRSWOR_65_35,383,conf/sigmod/GingrasLSPS97,True,3,D0EVu0EZM-UJ,hlbdfqaXdkAJ,True,0.9999750022017112,0.9999249439260488,5.0058275662401286e-05,0.2,True,correct,0.2,True,correct,0.1,0.52497918747894,True,correct
DBLP,0.5,43,inner,SRSWOR_65_35,384,journals/tods/MuralidharS99,True,1,dKvepAPYBmcJ,dKvepAPYBmcJ,True,0.9999860442701698,0.0002211028920621,0.9997649413781076,0.2,True,correct,0.2,True,correct,0.1,0.52497918747894,True,correct
DBLP,0.5,43,inner,SRSWOR_65_35,385,conf/sigmod/ChungMS02,True,5,2y_G8dmz1QkJ,mEfTTKdu6soJ,True,0.9999783736856686,0.9999776496409292,7.240447393863647e-07,0.2,True,correct,0.2,True,correct,0.1,0.52497918747894,True,correct
DBLP,0.5,43,inner,SRSWOR_65_35,386,conf/vldb/Taylor00,True,1,Af_4cNCu3MwJ,Af_4cNCu3MwJ,True,0.9999814023196776,1.2870583097631598e-05,0.9999685317365798,0.2,True,correct,0.2,True,correct,0.1,0.52497918747894,True,correct
DBLP,0.5,43,inner,SRSWOR_65_35,387,conf/vldb/BouganimP02,True,1,PhERWOcOkOgJ,PhERWOcOkOgJ,True,0.9999879607089086,0.0046688682715466,0.995319092437362,0.2,True,correct,0.2,True,correct,0.1,0.52497918747894,True,correct
DBLP,0.5,43,inner,SRSWOR_65_35,388,conf/vldb/RamanH01,True,2,8PPmw6A0XfkJ,8PPmw6A0XfkJ,True,0.999990846438938,0.9947530984068492,0.0052377480320889,0.2,True,correct,0.2,True,correct,0.1,0.52497918747894,True,correct
DBLP,0.5,43,inner,SRSWOR_65_35,389,journals/sigmod/Anisimov03,False,0,,url:http://portal.acm.org/ft_gateway.cfm%3Fid%3D945741%26type%3Dpdf%26dl%3DGUIDE%26dl%3DACM%26CFID%3D11111111%26CFTOKEN%3D2222222,False,0.9999454751852712,1.1578056349516926e-05,0.9999338971289216,0.2,True,false_link,0.2,True,false_link,0.1,0.52497918747894,True,false_link
DBLP,0.5,43,inner,SRSWOR_65_35,390,conf/sigmod/GarofalakisGR02,True,4,Hz7TBeGZRz8J,S6PWjHRFORYJ,True,0.999985242466521,0.9990020454955836,0.0009831969709374,0.2,True,correct,0.2,True,correct,0.1,0.52497918747894,True,correct
DBLP,0.5,43,inner,SRSWOR_65_35,391,conf/vldb/SubietaKL95,True,1,gEFY87Ma0XUJ,gEFY87Ma0XUJ,True,0.9999849079582316,2.1486770659634836e-05,0.999963421187572,0.2,True,correct,0.2,True,correct,0.1,0.52497918747894,True,correct
DBLP,0.5,43,inner,SRSWOR_65_35,392,conf/vldb/CarusoCGLM00,True,1,1Xo59nOfVKoJ,1Xo59nOfVKoJ,True,0.9999891191613932,5.228670223533778e-06,0.9999838904911696,0.2,True,correct,0.2,True,correct,0.1,0.52497918747894,True,correct
DBLP,0.5,43,inner,SRSWOR_65_35,393,conf/sigmod/MistryRSR01,True,1,r62IMncHe0IJ,r62IMncHe0IJ,True,0.9999919210467094,8.482276944591429e-05,0.9999070982772637,0.2,True,correct,0.2,True,correct,0.1,0.52497918747894,True,correct
DBLP,0.5,43,inner,SRSWOR_65_35,394,journals/sigmod/RamamrithamS97,True,1,HR-yLNuhtl4J,HR-yLNuhtl4J,True,0.9999888568189508,2.171596661800393e-05,0.9999671408523328,0.2,True,correct,0.2,True,correct,0.1,0.52497918747894,True,correct
DBLP,0.5,43,inner,SRSWOR_65_35,395,journals/sigmod/Jagadish01,True,1,url:http://portal.acm.org/citation.cfm%3Fid%3D604264.604276%26dl%3DGUIDE%26dl%3DACM%26CFID%3D11111111%26CFTOKEN%3D2222222,url:http://portal.acm.org/citation.cfm%3Fid%3D604264.604276%26dl%3DGUIDE%26dl%3DACM%26CFID%3D11111111%26CFTOKEN%3D2222222,True,0.9990781053396716,0.060320652700169,0.9387574526395026,0.2,True,correct,0.2,True,correct,0.1,0.52497918747894,True,correct
DBLP,0.5,43,inner,SRSWOR_65_35,396,conf/vldb/Wadler01,True,2,TyF71uAlnLsJ,url:http://portal.acm.org/citation.cfm%3Fid%3D645927.672033,True,0.9999890675503732,0.9999309754537696,5.809209660379011e-05,0.2,True,correct,0.2,True,correct,0.1,0.52497918747894,True,correct
DBLP,0.5,43,inner,SRSWOR_65_35,397,conf/vldb/Brin95,True,7,CuCm_rmA28cJ,dXegp-RmzXEJ,True,0.9999900929118534,0.9999799109050218,1.0182006831560564e-05,0.2,True,correct,0.2,True,correct,0.1,0.52497918747894,True,correct
DBLP,0.5,43,inner,SRSWOR_65_35,398,journals/sigmod/RosenthalS99,True,3,AaKiSc1klw8J,c6lzPzSWbKAJ,True,0.9999919597158542,0.9999800919328532,1.1867783001107137e-05,0.2,True,correct,0.2,True,correct,0.1,0.52497918747894,True,correct
DBLP,0.5,43,inner,SRSWOR_65_35,399,conf/sigmod/SzalayGTKMRSv02,True,4,1tKWKmyczaYJ,1tKWKmyczaYJ,True,0.9999884700729036,0.9999851725805918,3.2974923117601307e-06,0.2,True,correct,0.2,True,correct,0.1,0.52497918747894,True,correct
DBLP,0.5,43,inner,SRSWOR_65_35,400,conf/vldb/MeccaCM01,True,4,eynVF0FSPjkJ,Lv38QFth5coJ,True,0.9999897932072788,0.9999894652747824,3.279324962690567e-07,0.2,True,correct,0.2,True,correct,0.1,0.52497918747894,True,correct
DBLP,0.5,43,inner,SRSWOR_65_35,401,journals/sigmod/BawaCCDGGKMSSVY03,True,1,7gJjI63FlyYJ,7gJjI63FlyYJ,True,0.9997527553401347,1.5612398947644088e-05,0.9997371429411872,0.2,True,correct,0.2,True,correct,0.1,0.52497918747894,True,correct
DBLP,0.5,43,inner,SRSWOR_65_35,402,journals/vldb/TsatalosSI96,True,2,--1aoAaGkgQJ,zt5Ck1PrGf0J,True,0.9999931658320356,0.99998979911402,3.3667180155960708e-06,0.2,True,correct,0.2,True,correct,0.1,0.52497918747894,True,correct
DBLP,0.5,43,inner,SRSWOR_65_35,403,conf/sigmod/Hellerstein00,True,1,rbluxTXqUQwJ,rbluxTXqUQwJ,True,0.999896726176584,0.6984535482169713,0.3014431779596127,0.2,True,correct,0.2,True,correct,0.1,0.52497918747894,True,correct
DBLP,0.5,43,inner,SRSWOR_65_35,404,journals/vldb/MaedcheMS03,True,1,qKJ1c8D-95wJ,qKJ1c8D-95wJ,True,0.9999910630229104,1.2060941538799444e-05,0.9999790020813716,0.2,True,correct,0.2,True,correct,0.1,0.52497918747894,True,correct
DBLP,0.5,43,inner,SRSWOR_65_35,405,journals/tods/BaralisCP96,True,2,6Njy0-27w5cJ,6Njy0-27w5cJ,True,0.999987203730397,0.9999761813445726,1.1022385824399628e-05,0.2,True,correct,0.2,True,correct,0.1,0.52497918747894,True,correct
DBLP,0.5,43,inner,SRSWOR_65_35,406,conf/vldb/CowleyP00,True,2,KGeFsGtIROsJ,KGeFsGtIROsJ,True,0.9999675411668842,0.9983873433672136,0.0015801977996707,0.2,True,correct,0.2,True,correct,0.1,0.52497918747894,True,correct
DBLP,0.5,43,inner,SRSWOR_65_35,407,conf/sigmod/WhiteCF98,True,2,tORqjZEtKvMJ,tORqjZEtKvMJ,True,0.9999877713648836,0.9999641963137192,2.357505116445946e-05,0.2,True,correct,0.2,True,correct,0.1,0.52497918747894,True,correct
DBLP,0.5,43,inner,SRSWOR_65_35,408,journals/sigmod/MaelbranckeO95,True,1,_FKSZiytB2AJ,_FKSZiytB2AJ,True,0.9999848760303384,0.9566965992361016,0.0432882767942369,0.2,True,correct,0.2,True,correct,0.1,0.52497918747894,True,correct
DBLP,0.5,43,inner,SRSWOR_65_35,409,conf/sigmod/Spiro98,True,1,u4ZAi-DRoHkJ,u4ZAi-DRoHkJ,True,0.9999330069144198,5.382296562132778e-06,0.9999276246178576,0.2,True,correct,0.2,True,correct,0.1,0.52497918747894,True,correct
DBLP,0.5,43,inner,SRSWOR_65_35,410,journals/tods/CastanoAFP98,True,2,tm7SUvdcOHYJ,X7wtR1g63qEJ,True,0.9999802004038274,7.174764030343339e-06,0.9999730256397972,0.2,True,correct,0.2,True,correct,0.1,0.52497918747894,True,correct
DBLP,0.5,43,inner,SRSWOR_65_35,411,conf/vldb/SrinivasaK03,True,1,4iJ3Fd2xnUYJ,4iJ3Fd2xnUYJ,True,0.9999904236897056,5.432622653948844e-06,0.9999849910670516,0.2,True,correct,0.2,True,correct,0.1,0.52497918747894,True,correct
DBLP,0.5,43,inner,SRSWOR_65_35,412,conf/vldb/ShivakumarGC98,True,1,GHz2PmQwW2UJ,GHz2PmQwW2UJ,True,0.9999839964133904,4.43278529262606e-06,0.999979563628098,0.2,True,correct,0.2,True,correct,0.1,0.52497918747894,True,correct
DBLP,0.5,43,inner,SRSWOR_65_35,413,journals/sigmod/ShanmugasundaramSKKVNT01,True,1,wTJy5XquCpsJ,wTJy5XquCpsJ,True,0.9999910880876056,0.0036299714742233,0.9963611166133824,0.2,True,correct,0.2,True,correct,0.1,0.52497918747894,True,correct
DBLP,0.5,43,inner,SRSWOR_65_35,414,conf/vldb/Fecteau95,True,2,5JMz3UpESeQJ,LhjvKpDcJKUJ,True,0.9999908536989484,0.9999810601729704,9.793525978185612e-06,0.2,True,correct,0.2,True,correct,0.1,0.52497918747894,True,correct
DBLP,0.5,43,inner,SRSWOR_65_35,415,conf/sigmod/BenediktCFFR03,True,1,T5ZdpquqfJ0J,T5ZdpquqfJ0J,True,0.9999918099205852,6.752319609432927e-06,0.999985057600976,0.2,True,correct,0.2,True,correct,0.1,0.52497918747894,True,correct
DBLP,0.5,43,inner,SRSWOR_65_35,416,journals/sigmod/TheodoridisN00,True,2,DXTczW8Dv4MJ,NegSmYlF-awJ,True,0.999985184114604,0.9999829584386628,2.2256759414363003e-06,0.2,True,correct,0.2,True,correct,0.1,0.52497918747894,True,correct
DBLP,0.5,43,inner,SRSWOR_65_35,417,conf/vldb/GilbertKMS02,True,2,kxGdQhvpi_sJ,kxGdQhvpi_sJ,True,0.9999750632030956,0.9999486777856847,2.6385417410734743e-05,0.2,True,correct,0.2,True,correct,0.1,0.52497918747894,True,correct
DBLP,0.5,43,inner,SRSWOR_65_35,418,journals/tods/BunemanO96,True,3,Q28u7TpTgI0J,-ZDi1Wdy_DoJ,True,0.9999875329620924,0.999978032960663,9.500001429407767e-06,0.2,True,correct,0.2,True,correct,0.1,0.52497918747894,True,correct
DBLP,0.5,43,inner,SRSWOR_65_35,419,journals/tods/ChomickiTB01,True,2,1DbQL6R2tzMJ,MqgSlx1jbPsJ,True,0.9999897154113332,0.9999690448522512,2.067055908194781e-05,0.2,True,correct,0.2,True,correct,0.1,0.52497918747894,True,correct
DBLP,0.5,43,inner,SRSWOR_65_35,420,journals/vldb/NgC98,True,2,eTDBrdfpGNEJ,J7mY8RlpTKMJ,True,0.9999876858883432,0.9999533350378272,3.435085051584075e-05,0.2,True,correct,0.2,True,correct,0.1,0.52497918747894,True,correct
DBLP,0.5,43,inner,SRSWOR_65_35,421,conf/sigmod/HinneburgKW02,True,3,7v3f7Thmyw0J,VWd7jhLXfV0J,True,0.9999899009625434,0.0037328231658382,0.9962570777967052,0.2,True,correct,0.2,True,correct,0.1,0.52497918747894,True,correct
DBLP,0.5,43,inner,SRSWOR_65_35,422,journals/sigmod/Bertram94,True,1,qaSgL5tVq1AJ,qaSgL5tVq1AJ,True,0.99998746831916,6.406849116318226e-06,0.9999810614700436,0.2,True,correct,0.2,True,correct,0.1,0.52497918747894,True,correct
DBLP,0.5,43,inner,SRSWOR_65_35,423,conf/vldb/KornMS02,True,1,mClzTQppJE4J,mClzTQppJE4J,True,0.9999861932755102,8.539201287781333e-06,0.9999776540742225,0.2,True,correct,0.2,True,correct,0.1,0.52497918747894,True,correct
DBLP,0.5,43,inner,SRSWOR_65_35,424,conf/sigmod/SengarH03,True,1,7Mtanhr8EKoJ,7Mtanhr8EKoJ,True,0.9999838530143308,0.0007363134395221,0.9992475395748088,0.2,True,correct,0.2,True,correct,0.1,0.52497918747894,True,correct
DBLP,0.5,43,inner,SRSWOR_65_35,425,conf/vldb/TorloneA03,True,1,v6kudD3ItEoJ,v6kudD3ItEoJ,True,0.9999923061432692,5.564142540374742e-06,0.9999867420007288,0.2,True,correct,0.2,True,correct,0.1,0.52497918747894,True,correct
DBLP,0.5,43,inner,SRSWOR_65_35,426,journals/tods/Snodgrass01,False,0,,url:http://www.springerlink.com/index/J805K662617N0160.pdf,False,0.0190844432129194,0.0173395211107315,0.0017449221021878,0.2,False,unmatched_abstention,0.2,False,unmatched_abstention,0.1,0.52497918747894,False,unmatched_abstention
DBLP,0.5,43,inner,SRSWOR_65_35,427,journals/sigmod/LinP96,True,1,mzEHvKsUv5QJ,mzEHvKsUv5QJ,True,0.9999906222097,2.055993478720096e-05,0.9999700622749128,0.2,True,correct,0.2,True,correct,0.1,0.52497918747894,True,correct
DBLP,0.5,43,inner,SRSWOR_65_35,428,journals/sigmod/Ozsu01,False,0,,NHxHsUH9L5MJ,False,0.1033739002139084,0.0791240986717608,0.0242498015421476,0.2,False,unmatched_abstention,0.2,False,unmatched_abstention,0.1,0.52497918747894,False,unmatched_abstention
DBLP,0.5,43,inner,SRSWOR_65_35,429,conf/sigmod/Chan98,True,1,oo2mr5fbMggJ,oo2mr5fbMggJ,True,0.9999898725880748,0.0014590034660804,0.9985308691219944,0.2,True,correct,0.2,True,correct,0.1,0.52497918747894,True,correct
DBLP,0.5,43,inner,SRSWOR_65_35,430,journals/sigmod/BarbaraCJW01,True,2,asukNMVeZZYJ,asukNMVeZZYJ,True,0.9999895618194672,0.9999847610324768,4.800786990610817e-06,0.2,True,correct,0.2,True,correct,0.1,0.52497918747894,True,correct
DBLP,0.5,43,inner,SRSWOR_65_35,431,conf/sigmod/CatarciS94,True,3,ga4l4QhCXU4J,ga4l4QhCXU4J,True,0.999990630773444,0.998534139165684,0.00145649160776,0.2,True,correct,0.2,True,correct,0.1,0.52497918747894,True,correct
DBLP,0.5,43,inner,SRSWOR_65_35,432,journals/sigmod/Liu03a,False,0,,url:http://portal.acm.org/citation.cfm%3Fid%3D945721.945727%26coll%3DGUIDE%26dl%3DACM%26idx%3DJ689%26part%3Dperiodical%26WantType%3Dperiodical%26title%3DACM%2520SIGMOD%2520Record%26CFID%3D11111111%26CFTOKEN%3D2222222,False,0.0002128457352578,0.0001283330420439,8.451269321386079e-05,0.2,False,unmatched_abstention,0.2,False,unmatched_abstention,0.1,0.52497918747894,False,unmatched_abstention
DBLP,0.5,43,inner,SRSWOR_65_35,433,journals/sigmod/SantucciT96,True,1,url:http://portal.acm.org/ft_gateway.cfm%3Fid%3D245898%26type%3Dpdf%26dl%3DGUIDE%26dl%3DACM%26CFID%3D11111111%26CFTOKEN%3D2222222,url:http://portal.acm.org/ft_gateway.cfm%3Fid%3D245898%26type%3Dpdf%26dl%3DGUIDE%26dl%3DACM%26CFID%3D11111111%26CFTOKEN%3D2222222,True,0.9999924446870984,6.509200279050247e-06,0.9999859354868196,0.2,True,correct,0.2,True,correct,0.1,0.52497918747894,True,correct
DBLP,0.5,43,inner,SRSWOR_65_35,434,conf/sigmod/HungYK96,True,4,3gpc7dPy-ucJ,bTI28RjBpPwJ,True,0.9999911845942008,0.9999830347321988,8.14986200181611e-06,0.2,True,correct,0.2,True,correct,0.1,0.52497918747894,True,correct
DBLP,0.5,43,inner,SRSWOR_65_35,435,conf/sigmod/Team99,True,2,bcR9TErOrKQJ,bcR9TErOrKQJ,True,0.9999934297864322,0.9999875860890634,5.843697368890233e-06,0.2,True,correct,0.2,True,correct,0.1,0.52497918747894,True,correct
DBLP,0.5,43,inner,SRSWOR_65_35,436,conf/vldb/CotterB00,True,1,SJ6PiY04ebMJ,SJ6PiY04ebMJ,True,0.9999863230669512,1.0660642260400175e-05,0.9999756624246908,0.2,True,correct,0.2,True,correct,0.1,0.52497918747894,True,correct
DBLP,0.5,43,inner,SRSWOR_65_35,437,conf/vldb/SadriZZA01,True,2,_xdKnndnOLMJ,89l6j2Mbe2kJ,True,0.9999912294903068,0.9979808573486484,0.0020103721416585,0.2,True,correct,0.2,True,correct,0.1,0.52497918747894,True,correct
DBLP,0.5,43,inner,SRSWOR_65_35,438,conf/sigmod/PonnekantiK00,True,1,IddFq2o4ZsoJ,IddFq2o4ZsoJ,True,0.99995537185825,7.15007156242559e-06,0.9999482217866876,0.2,True,correct,0.2,True,correct,0.1,0.52497918747894,True,correct
DBLP,0.5,43,inner,SRSWOR_65_35,439,conf/vldb/BergerBSW03,True,3,4bBWSfhvZ5AJ,kADCX48-o5IJ,True,0.9999852748285808,0.9999785680545084,6.706774072551269e-06,0.2,True,correct,0.2,True,correct,0.1,0.52497918747894,True,correct
DBLP,0.5,43,inner,SRSWOR_65_35,440,journals/vldb/Han98,True,1,url:http://www.springerlink.com/index/YTPAB711B92NCE7J.pdf,url:http://www.springerlink.com/index/YTPAB711B92NCE7J.pdf,True,0.9999854690127844,6.293184606373811e-06,0.9999791758281782,0.2,True,correct,0.2,True,correct,0.1,0.52497918747894,True,correct
DBLP,0.5,43,inner,SRSWOR_65_35,441,conf/vldb/AgrawalSX01,True,2,bpWvAVOZLbwJ,bpWvAVOZLbwJ,True,0.999991214438689,0.9999853690759272,5.8453627618249016e-06,0.2,True,correct,0.2,True,correct,0.1,0.52497918747894,True,correct
DBLP,0.5,43,inner,SRSWOR_65_35,442,journals/sigmod/BabuW01,True,4,EWzSBh-jV3IJ,KJ26gUP0PyIJ,True,0.9999890056965328,0.9999858695828642,3.136113668755769e-06,0.2,True,correct,0.2,True,correct,0.1,0.52497918747894,True,correct
DBLP,0.5,43,inner,SRSWOR_65_35,443,conf/sigmod/PossSKL02,True,1,c3QptREmhgAJ,c3QptREmhgAJ,True,0.9999907839244488,1.0683236181474923e-05,0.9999801006882671,0.2,True,correct,0.2,True,correct,0.1,0.52497918747894,True,correct
DBLP,0.5,43,inner,SRSWOR_65_35,444,conf/vldb/KornMZ03,True,1,hBoL6DaFUMYJ,hBoL6DaFUMYJ,True,0.999978041045466,4.143082258802109e-05,0.999936610222878,0.2,True,correct,0.2,True,correct,0.1,0.52497918747894,True,correct
DBLP,0.5,43,inner,SRSWOR_65_35,445,conf/vldb/DingGS00,True,2,I5fV3jpcrmAJ,I5fV3jpcrmAJ,True,0.9999874952516166,0.9998084277270308,0.0001790675245857,0.2,True,correct,0.2,True,correct,0.1,0.52497918747894,True,correct
DBLP,0.5,43,inner,SRSWOR_65_35,446,conf/vldb/Banerjee00,True,1,owfPKT5ip68J,owfPKT5ip68J,True,0.9999906733682684,6.237215900395482e-05,0.9999283012092643,0.2,True,correct,0.2,True,correct,0.1,0.52497918747894,True,correct
DBLP,0.5,43,inner,SRSWOR_65_35,447,conf/vldb/IyerW94,True,1,5smJVUm1KAYJ,5smJVUm1KAYJ,True,0.999986599578946,0.0091195253802016,0.9908670741987444,0.2,True,correct,0.2,True,correct,0.1,0.52497918747894,True,correct
DBLP,0.5,43,inner,SRSWOR_65_35,448,conf/sigmod/HernandezMHYHT01,True,3,89WHY6hZ22UJ,89WHY6hZ22UJ,True,0.9999917606442388,0.9999904385551508,1.3220890879850344e-06,0.2,True,correct,0.2,True,correct,0.1,0.52497918747894,True,correct
DBLP,0.5,43,inner,SRSWOR_65_35,449,conf/vldb/RaghavanG03,True,1,ma-ZRYj0pXIJ,ma-ZRYj0pXIJ,True,0.999984166271687,7.163817803995164e-06,0.999977002453883,0.2,True,correct,0.2,True,correct,0.1,0.52497918747894,True,correct
DBLP,0.5,43,inner,SRSWOR_65_35,450,conf/vldb/AdityaBCHNS02,True,1,2vzhAz4Yll4J,2vzhAz4Yll4J,True,0.9999864357366915,0.9808689270065236,0.019117508730168,0.2,True,correct,0.2,True,correct,0.1,0.52497918747894,True,correct
DBLP,0.5,43,inner,SRSWOR_65_35,451,journals/sigmod/Franklin00a,False,0,,C84rFQN_ug0J,False,2.4259280580556608e-05,2.122464374985096e-05,3.03463683070565e-06,0.2,False,unmatched_abstention,0.2,False,unmatched_abstention,0.1,0.52497918747894,False,unmatched_abstention
DBLP,0.5,43,inner,SRSWOR_65_35,452,conf/sigmod/AgrawalCFGHIIMMSS94,True,1,bXnzC8MN_joJ,bXnzC8MN_joJ,True,0.9999856889153674,1.060586311877421e-05,0.9999750830522488,0.2,True,correct,0.2,True,correct,0.1,0.52497918747894,True,correct
DBLP,0.5,43,inner,SRSWOR_65_35,453,conf/sigmod/Aggarwal02,True,1,tK1_3wGUIHsJ,tK1_3wGUIHsJ,True,0.999853423009662,1.493526197772826e-05,0.9998384877476842,0.2,True,correct,0.2,True,correct,0.1,0.52497918747894,True,correct
DBLP,0.5,43,inner,SRSWOR_65_35,454,journals/sigmod/Qian95b,True,1,url:http://portal.acm.org/ft_gateway.cfm%3Fid%3D219772%26type%3Dpdf%26dl%3DGUIDE%26dl%3DACM%26CFID%3D11111111%26CFTOKEN%3D2222222,url:http://portal.acm.org/ft_gateway.cfm%3Fid%3D219772%26type%3Dpdf%26dl%3DGUIDE%26dl%3DACM%26CFID%3D11111111%26CFTOKEN%3D2222222,True,0.9999896955210203,0.0007926747062765,0.999197020814744,0.2,True,correct,0.2,True,correct,0.1,0.52497918747894,True,correct
DBLP,0.5,43,inner,SRSWOR_65_35,455,conf/vldb/PedersenJD99,True,3,a36_v9H699oJ,sAUncbolYJ8J,True,0.9999924684701552,0.9999872593903586,5.209079796508753e-06,0.2,True,correct,0.2,True,correct,0.1,0.52497918747894,True,correct
DBLP,0.5,43,inner,SRSWOR_65_35,456,conf/sigmod/ChristophidesCM96,True,4,GpGg0czXSQcJ,q3Y-Mlx2sUsJ,True,0.9999912056033202,0.9999787702346672,1.2435368652918832e-05,0.2,True,correct,0.2,True,correct,0.1,0.52497918747894,True,correct
DBLP,0.5,43,inner,SRSWOR_65_35,457,conf/vldb/BohlenSS96,True,2,gcoLSYEk0HIJ,MqokIdCr2oIJ,True,0.9999749199646653,0.999959079791327,1.5840173338221852e-05,0.2,True,correct,0.2,True,correct,0.1,0.52497918747894,True,correct
