dataset,fraction,seed,role,scheme,record_index,ida,has_true_match,n_valid_matches,retained_idb,top1_idb,top1_is_any_valid,top1_score,top2_score,score_gap,threshold,declared,category,legacy_threshold,legacy_declared,legacy_category,direct_threshold,direct_threshold_sigmoid_equivalent,direct_declared,direct_category
DBLP,0.7,47,inner,bootstrap_OOB,0,journals/vldb/MecellaP01,True,1,_JwGwZUTAOEJ,_JwGwZUTAOEJ,True,0.9999957620011788,0.5175800190413635,0.4824157429598152,0.8000000000000002,True,correct,0.8000000000000002,True,correct,0.1,0.52497918747894,True,correct
DBLP,0.7,47,inner,bootstrap_OOB,1,conf/vldb/WeberSB98,True,5,6D0Qt6Sjp8cJ,6D0Qt6Sjp8cJ,True,0.9999956035475792,0.9999952116004628,3.9194711654033654e-07,0.8000000000000002,True,correct,0.8000000000000002,True,correct,0.1,0.52497918747894,True,correct
DBLP,0.7,47,inner,bootstrap_OOB,2,conf/sigmod/SarawagiTA98,True,7,0Vmsc0oib2kJ,SLmQWvsYtKYJ,True,0.9999955257113212,0.9999951237521768,4.019591441917214e-07,0.8000000000000002,True,correct,0.8000000000000002,True,correct,0.1,0.52497918747894,True,correct
DBLP,0.7,47,inner,bootstrap_OOB,3,conf/sigmod/Mylopoulos98,True,3,2R-2i60g4MsJ,vU_Vo2059VUJ,True,0.9999959012063748,0.9999952384583802,6.627479944842918e-07,0.8000000000000002,True,correct,0.8000000000000002,True,correct,0.1,0.52497918747894,True,correct
DBLP,0.7,47,inner,bootstrap_OOB,4,journals/sigmod/RoantreeMH99,True,3,7-Suml1GqBQJ,JJK6WGPyubgJ,True,0.9999939521254576,0.9999919935130775,1.9586123799486543e-06,0.8000000000000002,True,correct,0.8000000000000002,True,correct,0.1,0.52497918747894,True,correct
DBLP,0.7,47,inner,bootstrap_OOB,5,conf/vldb/ChavdaW97,True,2,E9AsPVyCDlMJ,E9AsPVyCDlMJ,True,0.999994282988732,0.0060807376807823,0.9939135453079496,0.8000000000000002,True,correct,0.8000000000000002,True,correct,0.1,0.52497918747894,True,correct
DBLP,0.7,47,inner,bootstrap_OOB,6,journals/vldb/SteinbrunnMK97,True,2,0WXQjwXCy0QJ,nwwVf5FGX4QJ,True,0.9999955263726568,0.9999947523620096,7.740106471310071e-07,0.8000000000000002,True,correct,0.8000000000000002,True,correct,0.1,0.52497918747894,True,correct
DBLP,0.7,47,inner,bootstrap_OOB,7,conf/vldb/KoschBBHHLRT01,True,1,xvNBOkc3UkcJ,xvNBOkc3UkcJ,True,0.999993638587992,0.0001419448447071,0.9998516937432848,0.8000000000000002,True,correct,0.8000000000000002,True,correct,0.1,0.52497918747894,True,correct
DBLP,0.7,47,inner,bootstrap_OOB,8,journals/sigmod/MeltzerC98,True,2,77mq-gn4LiAJ,77mq-gn4LiAJ,True,0.9999957800731863,0.0003507327082034,0.9996450473649828,0.8000000000000002,True,correct,0.8000000000000002,True,correct,0.1,0.52497918747894,True,correct
DBLP,0.7,47,inner,bootstrap_OOB,9,journals/sigmod/Critchlow01,True,1,wuQbvQAcACsJ,wuQbvQAcACsJ,True,0.999993380857196,4.291272497017691e-06,0.999989089584699,0.8000000000000002,True,correct,0.8000000000000002,True,correct,0.1,0.52497918747894,True,correct
DBLP,0.7,47,inner,bootstrap_OOB,10,conf/vldb/FrohnLU94,True,2,iarLqyQmZ7IJ,xpreqF8k7N4J,True,0.9999957330371632,0.9999956380770532,9.49601099975439e-08,0.8000000000000002,True,correct,0.8000000000000002,True,correct,0.1,0.52497918747894,True,correct
DBLP,0.7,47,inner,bootstrap_OOB,11,conf/sigmod/CallanCD99,True,3,8UP-2TRKI5wJ,eWVreKOw_QgJ,True,0.9999951375673004,0.9999909252907948,4.2122765055996325e-06,0.8000000000000002,True,correct,0.8000000000000002,True,correct,0.1,0.52497918747894,True,correct
DBLP,0.7,47,inner,bootstrap_OOB,12,conf/vldb/BohmMSW01,True,2,23cNr1EhPGwJ,Uv3mhmUGwdcJ,True,0.9999937268229002,0.9999926024050582,1.1244178420577455e-06,0.8000000000000002,True,correct,0.8000000000000002,True,correct,0.1,0.52497918747894,True,correct
DBLP,0.7,47,inner,bootstrap_OOB,13,conf/vldb/BliujuteJSS98,True,5,gybR2qK1ib8J,oBpe7jg0YHYJ,True,0.9999952436957408,0.999992840771762,2.40292397857278e-06,0.8000000000000002,True,correct,0.8000000000000002,True,correct,0.1,0.52497918747894,True,correct
DBLP,0.7,47,inner,bootstrap_OOB,14,journals/sigmod/Snodgrass98c,False,0,,NHxHsUH9L5MJ,False,0.0064712508051617,0.0013164825357344,0.0051547682694272,0.8000000000000002,False,unmatched_abstention,0.8000000000000002,False,unmatched_abstention,0.1,0.52497918747894,False,unmatched_abstention
DBLP,0.7,47,inner,bootstrap_OOB,15,conf/sigmod/Ullman03,True,1,TabFkjNTLMsJ,TabFkjNTLMsJ,True,0.999995255103544,9.4240423345671e-06,0.9999858310612096,0.8000000000000002,True,correct,0.8000000000000002,True,correct,0.1,0.52497918747894,True,correct
DBLP,0.7,47,inner,bootstrap_OOB,16,conf/sigmod/Gibson95,False,0,,nYQRxEXS8V4J,False,6.849461424043941e-05,4.2163415429691e-05,2.633119881074841e-05,0.8000000000000002,False,unmatched_abstention,0.8000000000000002,False,unmatched_abstention,0.1,0.52497918747894,False,unmatched_abstention
DBLP,0.7,47,inner,bootstrap_OOB,17,journals/sigmod/Darwen96,True,1,url:http://portal.acm.org/citation.cfm%3Fid%3D245882.245886%26dl%3DGUIDE%26dl%3DACM%26idx%3DJ689%26part%3Dperiodical%26WantType%3Dperiodical%26title%3DACM%2520SIGMOD%2520Record%26CFID%3D11111111%26CFTOKEN%3D2222222,url:http://portal.acm.org/citation.cfm%3Fid%3D245882.245886%26dl%3DGUIDE%26dl%3DACM%26idx%3DJ689%26part%3Dperiodical%26WantType%3Dperiodical%26title%3DACM%2520SIGMOD%2520Record%26CFID%3D11111111%26CFTOKEN%3D2222222,True,0.9999955632222308,0.9965735042419996,0.0034220589802314,0.8000000000000002,True,correct,0.8000000000000002,True,correct,0.1,0.52497918747894,True,correct
DBLP,0.7,47,inner,bootstrap_OOB,18,conf/vldb/Wang95,True,2,7FUOWtSbiogJ,7FUOWtSbiogJ,True,0.9999957003133544,0.999499198922038,0.0004965013913165,0.8000000000000002,True,correct,0.8000000000000002,True,correct,0.1,0.52497918747894,True,correct
DBLP,0.7,47,inner,bootstrap_OOB,19,conf/sigmod/FreedmanD95,True,2,2bao_dZfCuQJ,dt4Mxy8b2hwJ,True,0.9999953215416276,0.9999904134283092,4.908113318324858e-06,0.8000000000000002,True,correct,0.8000000000000002,True,correct,0.1,0.52497918747894,True,correct
DBLP,0.7,47,inner,bootstrap_OOB,20,conf/vldb/KossmannRR02,True,1,iGlztgiSTe4J,iGlztgiSTe4J,True,0.999994904147436,6.7735193582376924e-06,0.999988130628078,0.8000000000000002,True,correct,0.8000000000000002,True,correct,0.1,0.52497918747894,True,correct
DBLP,0.7,47,inner,bootstrap_OOB,21,conf/sigmod/EmbleyJN99,True,3,54w4cIKL11UJ,x8uC_9_IzUEJ,True,0.9999933354989332,0.9999902092655488,3.126233384165289e-06,0.8000000000000002,True,correct,0.8000000000000002,True,correct,0.1,0.52497918747894,True,correct
DBLP,0.7,47,inner,bootstrap_OOB,22,conf/vldb/ChaudhuriS96,True,5,31oH64SXpRcJ,4MaErPILRq8J,True,0.9999951829329422,0.9999951248913744,5.80415676632029e-08,0.8000000000000002,True,correct,0.8000000000000002,True,correct,0.1,0.52497918747894,True,correct
DBLP,0.7,47,inner,bootstrap_OOB,23,conf/sigmod/ZhuS03,True,3,hIGjgc6mx0cJ,hIGjgc6mx0cJ,True,0.9999955762943376,0.99999528189744,2.943968975266387e-07,0.8000000000000002,True,correct,0.8000000000000002,True,correct,0.1,0.52497918747894,True,correct
DBLP,0.7,47,inner,bootstrap_OOB,24,conf/vldb/BouganimCDDGS99,True,1,Ult4nmnmJp8J,Ult4nmnmJp8J,True,0.9999957183585124,1.2017140861902392e-05,0.9999837012176503,0.8000000000000002,True,correct,0.8000000000000002,True,correct,0.1,0.52497918747894,True,correct
DBLP,0.7,47,inner,bootstrap_OOB,25,conf/sigmod/LoR96,True,2,em5eiGpRZFkJ,em5eiGpRZFkJ,True,0.9999926060867704,0.9898486138108696,0.0101439922759006,0.8000000000000002,True,correct,0.8000000000000002,True,correct,0.1,0.52497918747894,True,correct
DBLP,0.7,47,inner,bootstrap_OOB,26,conf/sigmod/MeccaAMMS98,True,3,I-fmtPvluKEJ,v2KwhRi-OrMJ,True,0.9999948351965412,0.9999946087647248,2.26431816519046e-07,0.8000000000000002,True,correct,0.8000000000000002,True,correct,0.1,0.52497918747894,True,correct
DBLP,0.7,47,inner,bootstrap_OOB,27,journals/sigmod/BargaL02,True,2,fY3kkkzBLw8J,QTzV3iNq2O8J,True,0.9999950150805365,0.9999944644908868,5.505896496504903e-07,0.8000000000000002,True,correct,0.8000000000000002,True,correct,0.1,0.52497918747894,True,correct
DBLP,0.7,47,inner,bootstrap_OOB,28,conf/vldb/KoudasIM00,True,2,VSR4PwHmGWsJ,VSR4PwHmGWsJ,True,0.999995614573282,0.9999920053775114,3.609195770470919e-06,0.8000000000000002,True,correct,0.8000000000000002,True,correct,0.1,0.52497918747894,True,correct
DBLP,0.7,47,inner,bootstrap_OOB,29,journals/sigmod/Segev95,False,0,,YmUW3v0HbKMJ,False,0.0003593357756587,0.0002974943655783,6.184141008045086e-05,0.8000000000000002,False,unmatched_abstention,0.8000000000000002,False,unmatched_abstention,0.1,0.52497918747894,False,unmatched_abstention
DBLP,0.7,47,inner,bootstrap_OOB,30,conf/sigmod/Faloutsos95,True,1,R0xUZUxSGmwJ,R0xUZUxSGmwJ,True,0.9997249207997942,5.995832836642894e-05,0.9996649624714278,0.8000000000000002,True,correct,0.8000000000000002,True,correct,0.1,0.52497918747894,True,correct
DBLP,0.7,47,inner,bootstrap_OOB,31,conf/vldb/PanRAMOHAMV02,True,1,F9Fe5NfpK6MJ,F9Fe5NfpK6MJ,True,0.9999939489985736,3.762736688017617e-06,0.9999901862618856,0.8000000000000002,True,correct,0.8000000000000002,True,correct,0.1,0.52497918747894,True,correct
DBLP,0.7,47,inner,bootstrap_OOB,32,conf/sigmod/MoonWH02,True,1,rlfxeE4k2p4J,rlfxeE4k2p4J,True,0.9999957382345294,6.932918428094021e-05,0.9999264090502484,0.8000000000000002,True,correct,0.8000000000000002,True,correct,0.1,0.52497918747894,True,correct
DBLP,0.7,47,inner,bootstrap_OOB,33,journals/sigmod/Chang03,True,1,B55TCVoUsnoJ,B55TCVoUsnoJ,True,0.9999955081095706,7.3916712457109695e-06,0.9999881164383247,0.8000000000000002,True,correct,0.8000000000000002,True,correct,0.1,0.52497918747894,True,correct
DBLP,0.7,47,inner,bootstrap_OOB,34,conf/vldb/Duranti01,True,1,gQW6iYG5Vh0J,gQW6iYG5Vh0J,True,0.9999957551369398,0.0819224950004824,0.9180732601364574,0.8000000000000002,True,correct,0.8000000000000002,True,correct,0.1,0.52497918747894,True,correct
DBLP,0.7,47,inner,bootstrap_OOB,35,journals/sigmod/FengJH01,True,1,SUT-QTwqFNkJ,SUT-QTwqFNkJ,True,0.999994185267603,3.992075642478779e-06,0.9999901931919604,0.8000000000000002,True,correct,0.8000000000000002,True,correct,0.1,0.52497918747894,True,correct
DBLP,0.7,47,inner,bootstrap_OOB,36,journals/sigmod/BerndtssonH96,True,2,8Dj_i69XP60J,url:http://portal.acm.org/ft_gateway.cfm%3Fid%3D381889%26type%3Dpdf%26dl%3DGUIDE%26dl%3DACM%26CFID%3D11111111%26CFTOKEN%3D2222222,True,0.9999957811998732,0.9999842310085058,1.1550191367337703e-05,0.8000000000000002,True,correct,0.8000000000000002,True,correct,0.1,0.52497918747894,True,correct
DBLP,0.7,47,inner,bootstrap_OOB,37,journals/sigmod/Snodgrass99,False,0,,NHxHsUH9L5MJ,False,0.0459484372837777,0.0017581039830718,0.0441903333007059,0.8000000000000002,False,unmatched_abstention,0.8000000000000002,False,unmatched_abstention,0.1,0.52497918747894,False,unmatched_abstention
DBLP,0.7,47,inner,bootstrap_OOB,38,conf/sigmod/LakshmananPZ03,True,3,F1aaWSFF8TcJ,rNu93TfKkd4J,True,0.99999556551919,0.999994150767987,1.414751202855058e-06,0.8000000000000002,True,correct,0.8000000000000002,True,correct,0.1,0.52497918747894,True,correct
DBLP,0.7,47,inner,bootstrap_OOB,39,conf/sigmod/Blakeley96,True,4,1fs-qN_SdH4J,jQ6eIao6R0EJ,True,0.9999948320333922,0.9999943535258758,4.785075163882269e-07,0.8000000000000002,True,correct,0.8000000000000002,True,correct,0.1,0.52497918747894,True,correct
DBLP,0.7,47,inner,bootstrap_OOB,40,conf/sigmod/BarbosaMKL02,True,2,ueKnwQCE3nIJ,wO-iR4jRq0UJ,True,0.999990962169256,0.2803869848244283,0.7196039773448277,0.8000000000000002,True,correct,0.8000000000000002,True,correct,0.1,0.52497918747894,True,correct
DBLP,0.7,47,inner,bootstrap_OOB,41,conf/sigmod/ArasuBBDIRW03,True,3,1DKKwROqEeYJ,1DKKwROqEeYJ,True,0.9999813617491872,0.999973799040888,7.562708299158061e-06,0.8000000000000002,True,correct,0.8000000000000002,True,correct,0.1,0.52497918747894,True,correct
DBLP,0.7,47,inner,bootstrap_OOB,42,conf/vldb/LudascherMP02,True,1,cxnuI54po5EJ,cxnuI54po5EJ,True,0.9999946788257064,4.272113576547514e-06,0.9999904067121296,0.8000000000000002,True,correct,0.8000000000000002,True,correct,0.1,0.52497918747894,True,correct
DBLP,0.7,47,inner,bootstrap_OOB,43,journals/tods/LechtenborgerV03,True,1,94m93uP4GM4J,94m93uP4GM4J,True,0.9999945982195844,4.585423430199502e-06,0.999990012796154,0.8000000000000002,True,correct,0.8000000000000002,True,correct,0.1,0.52497918747894,True,correct
DBLP,0.7,47,inner,bootstrap_OOB,44,journals/tods/Jagadish95,True,1,gDFpwto83b4J,gDFpwto83b4J,True,0.9999927276635756,3.793456207773124e-06,0.9999889342073678,0.8000000000000002,True,correct,0.8000000000000002,True,correct,0.1,0.52497918747894,True,correct
DBLP,0.7,47,inner,bootstrap_OOB,45,conf/vldb/DoR02,True,5,0oPfKUylwgEJ,0oPfKUylwgEJ,True,0.9999954325535452,0.999982635897279,1.2796656266300666e-05,0.8000000000000002,True,correct,0.8000000000000002,True,correct,0.1,0.52497918747894,True,correct
DBLP,0.7,47,inner,bootstrap_OOB,46,conf/sigmod/TatarinovIHW01,True,5,0dEQ9YTk3osJ,jfkafZcMjgIJ,True,0.999993477141069,0.9999932901050136,1.8703605542125248e-07,0.8000000000000002,True,correct,0.8000000000000002,True,correct,0.1,0.52497918747894,True,correct
DBLP,0.7,47,inner,bootstrap_OOB,47,conf/vldb/Dasgupta96,True,1,A0c2Gd1lP5QJ,A0c2Gd1lP5QJ,True,0.9999950839043312,4.424140215650633e-06,0.9999906597641156,0.8000000000000002,True,correct,0.8000000000000002,True,correct,0.1,0.52497918747894,True,correct
DBLP,0.7,47,inner,bootstrap_OOB,48,conf/sigmod/BornhovdAKMPR03,True,2,4qtu0-tW0IcJ,7lPu8hBgKksJ,True,0.9999955817795352,0.9999955305091166,5.127041868835392e-08,0.8000000000000002,True,correct,0.8000000000000002,True,correct,0.1,0.52497918747894,True,correct
DBLP,0.7,47,inner,bootstrap_OOB,49,journals/vldb/ChuIT94,True,1,IDo3ZQocZE4J,IDo3ZQocZE4J,True,0.9999956722032646,0.0012836990915576,0.9987119731117068,0.8000000000000002,True,correct,0.8000000000000002,True,correct,0.1,0.52497918747894,True,correct
DBLP,0.7,47,inner,bootstrap_OOB,50,conf/vldb/JensenL01,True,1,yUDkYbmDTXIJ,yUDkYbmDTXIJ,True,0.9999952619224372,3.820884775691203e-05,0.9999570530746802,0.8000000000000002,True,correct,0.8000000000000002,True,correct,0.1,0.52497918747894,True,correct
DBLP,0.7,47,inner,bootstrap_OOB,51,conf/sigmod/MinPC03,True,1,JjrRZt4ONqMJ,JjrRZt4ONqMJ,True,0.99999363024084,5.440762797896116e-06,0.999988189478042,0.8000000000000002,True,correct,0.8000000000000002,True,correct,0.1,0.52497918747894,True,correct
DBLP,0.7,47,inner,bootstrap_OOB,52,conf/vldb/TanSHCR01,True,2,004z3CTw0DEJ,hPcNG0tPwgIJ,True,0.9999958111274831,0.9999955300231744,2.81104308941238e-07,0.8000000000000002,True,correct,0.8000000000000002,True,correct,0.1,0.52497918747894,True,correct
DBLP,0.7,47,inner,bootstrap_OOB,53,journals/tods/BohlenJS00,True,1,6eheB6Kct4MJ,6eheB6Kct4MJ,True,0.9999904518223534,8.462211189748326e-06,0.9999819896111636,0.8000000000000002,True,correct,0.8000000000000002,True,correct,0.1,0.52497918747894,True,correct
DBLP,0.7,47,inner,bootstrap_OOB,54,conf/vldb/KornSFSP96,True,8,1zxdq0otm4gJ,QjbxSG6_-WIJ,True,0.999995324494344,0.9999940922178588,1.232276485185757e-06,0.8000000000000002,True,correct,0.8000000000000002,True,correct,0.1,0.52497918747894,True,correct
DBLP,0.7,47,inner,bootstrap_OOB,55,conf/vldb/MillerHH00,True,7,6vtHcpLApB8J,Rqg_slyUMYMJ,True,0.9999950797627916,0.9999944902400572,5.895227342955778e-07,0.8000000000000002,True,correct,0.8000000000000002,True,correct,0.1,0.52497918747894,True,correct
DBLP,0.7,47,inner,bootstrap_OOB,56,conf/vldb/MadhavanBR01,True,4,5mM4rpgyeNoJ,QZyUtlmyn1UJ,True,0.9999954693636858,0.9999954650235936,4.340092285559649e-09,0.8000000000000002,True,correct,0.8000000000000002,True,correct,0.1,0.52497918747894,True,correct
DBLP,0.7,47,inner,bootstrap_OOB,57,journals/sigmod/KoubarakisTID03,True,2,6b15hteKSM4J,VtCTqej5JSQJ,True,0.99999580545502,0.3813277654778684,0.6186680399771514,0.8000000000000002,True,correct,0.8000000000000002,True,correct,0.1,0.52497918747894,True,correct
DBLP,0.7,47,inner,bootstrap_OOB,58,conf/vldb/YiF00,True,6,1XJk5BWEVe8J,DpQrWnvO7rEJ,True,0.9999947837610856,0.9999947660414962,1.7719589351372633e-08,0.8000000000000002,True,correct,0.8000000000000002,True,correct,0.1,0.52497918747894,True,correct
DBLP,0.7,47,inner,bootstrap_OOB,59,conf/sigmod/StoltePAG03,True,1,9WTNlminW6AJ,9WTNlminW6AJ,True,0.9999956256213944,3.391879794708638e-06,0.9999922337415996,0.8000000000000002,True,correct,0.8000000000000002,True,correct,0.1,0.52497918747894,True,correct
DBLP,0.7,47,inner,bootstrap_OOB,60,conf/vldb/CochranePM96,True,1,NRLEnDsPlOkJ,NRLEnDsPlOkJ,True,0.9999948109753476,0.0002917503268675,0.99970306064848,0.8000000000000002,True,correct,0.8000000000000002,True,correct,0.1,0.52497918747894,True,correct
DBLP,0.7,47,inner,bootstrap_OOB,61,journals/vldb/LawLG99,True,1,TOXrbhbbNJ4J,TOXrbhbbNJ4J,True,0.9999953583744814,3.375406591112112e-06,0.9999919829678904,0.8000000000000002,True,correct,0.8000000000000002,True,correct,0.1,0.52497918747894,True,correct
DBLP,0.7,47,inner,bootstrap_OOB,62,journals/sigmod/FowlerPNB99,True,6,2cbB8em2uAIJ,IgAEpc8ulvYJ,True,0.9999947508454234,0.99999462857938,1.2226604340082048e-07,0.8000000000000002,True,correct,0.8000000000000002,True,correct,0.1,0.52497918747894,True,correct
DBLP,0.7,47,inner,bootstrap_OOB,63,journals/sigmod/Neven02,True,1,xAXF0HSF4h8J,xAXF0HSF4h8J,True,0.9999912765789952,4.695255540184839e-06,0.999986581323455,0.8000000000000002,True,correct,0.8000000000000002,True,correct,0.1,0.52497918747894,True,correct
DBLP,0.7,47,inner,bootstrap_OOB,64,journals/sigmod/Barbara01,True,1,U8tEHzJ2Xj0J,U8tEHzJ2Xj0J,True,0.5102740665753888,1.1905602883048016e-05,0.5102621609725058,0.8000000000000002,False,missing_match,0.8000000000000002,False,missing_match,0.1,0.52497918747894,False,missing_match
DBLP,0.7,47,inner,bootstrap_OOB,65,conf/vldb/Mihalisin98,True,1,FuzSLPzjrokJ,FuzSLPzjrokJ,True,0.9999956741302802,3.8207810202882894e-06,0.99999185334926,0.8000000000000002,True,correct,0.8000000000000002,True,correct,0.1,0.52497918747894,True,correct
DBLP,0.7,47,inner,bootstrap_OOB,66,journals/sigmod/JainH94,True,3,iQMUP3fkvo4J,iQMUP3fkvo4J,True,0.999994909873872,0.9999362756504686,5.86342234032422e-05,0.8000000000000002,True,correct,0.8000000000000002,True,correct,0.1,0.52497918747894,True,correct
DBLP,0.7,47,inner,bootstrap_OOB,67,journals/vldb/AnGSVKI02,True,1,kBzZ1GUoa1AJ,kBzZ1GUoa1AJ,True,0.9999949060861107,8.474535166030635e-06,0.9999864315509448,0.8000000000000002,True,correct,0.8000000000000002,True,correct,0.1,0.52497918747894,True,correct
DBLP,0.7,47,inner,bootstrap_OOB,68,conf/vldb/RezendeH98,True,1,njuthCBUMPAJ,njuthCBUMPAJ,True,0.9999943870918993,2.3245707130549003e-05,0.9999711413847686,0.8000000000000002,True,correct,0.8000000000000002,True,correct,0.1,0.52497918747894,True,correct
DBLP,0.7,47,inner,bootstrap_OOB,69,conf/vldb/SakuraiYUK00,True,1,K2xCMgImpVkJ,K2xCMgImpVkJ,True,0.9999951758485516,1.1468078005512503e-05,0.999983707770546,0.8000000000000002,True,correct,0.8000000000000002,True,correct,0.1,0.52497918747894,True,correct
DBLP,0.7,47,inner,bootstrap_OOB,70,journals/sigmod/PapazoglouH99,True,2,d5BG9F7_LGMJ,WbsAK4ZE17YJ,True,0.9999954827209432,0.9999942244073002,1.2583136429489272e-06,0.8000000000000002,True,correct,0.8000000000000002,True,correct,0.1,0.52497918747894,True,correct
DBLP,0.7,47,inner,bootstrap_OOB,71,conf/sigmod/HanKS97,True,4,_EEZCcB1BPYJ,nD_Yjp9TNuIJ,True,0.9999953116261509,0.9999951507328754,1.6089327536938924e-07,0.8000000000000002,True,correct,0.8000000000000002,True,correct,0.1,0.52497918747894,True,correct
DBLP,0.7,47,inner,bootstrap_OOB,72,conf/sigmod/CeriFP98,True,1,iUGa3pKj-20J,iUGa3pKj-20J,True,0.9999940841105128,4.155731594108704e-06,0.9999899283789188,0.8000000000000002,True,correct,0.8000000000000002,True,correct,0.1,0.52497918747894,True,correct
DBLP,0.7,47,inner,bootstrap_OOB,73,conf/vldb/GuPS00,True,2,mRWLGqueLNsJ,mRWLGqueLNsJ,True,0.9999959560069271,0.9999885560447912,7.399962136167559e-06,0.8000000000000002,True,correct,0.8000000000000002,True,correct,0.1,0.52497918747894,True,correct
DBLP,0.7,47,inner,bootstrap_OOB,74,conf/vldb/GantiLR00,True,2,V7byawkFcZMJ,V7byawkFcZMJ,True,0.9999952575193136,0.9999757010569634,1.95564623500788e-05,0.8000000000000002,True,correct,0.8000000000000002,True,correct,0.1,0.52497918747894,True,correct
DBLP,0.7,47,inner,bootstrap_OOB,75,conf/sigmod/McAuliffeCS96,True,2,c__Nxyn_uvwJ,c__Nxyn_uvwJ,True,0.9999956283029844,0.977599023022966,0.0223966052800183,0.8000000000000002,True,correct,0.8000000000000002,True,correct,0.1,0.52497918747894,True,correct
DBLP,0.7,47,inner,bootstrap_OOB,76,journals/vldb/Navarro02,True,2,UDQsHc_ps4IJ,UDQsHc_ps4IJ,True,0.9999950586398548,0.9999905736116664,4.485028188172535e-06,0.8000000000000002,True,correct,0.8000000000000002,True,correct,0.1,0.52497918747894,True,correct
DBLP,0.7,47,inner,bootstrap_OOB,77,conf/sigmod/BohrerBBCFHKKMNRRSUUW97a,True,2,JntLVX4TPi0J,NiBdZXS0TCMJ,True,0.9999846100347806,2.476127175571263e-05,0.9999598487630248,0.8000000000000002,True,correct,0.8000000000000002,True,correct,0.1,0.52497918747894,True,correct
DBLP,0.7,47,inner,bootstrap_OOB,78,journals/sigmod/EisenbergM00,True,3,4mD1eFCHKKwJ,4mD1eFCHKKwJ,True,0.9999951388562588,0.999860851194999,0.0001342876612596,0.8000000000000002,True,correct,0.8000000000000002,True,correct,0.1,0.52497918747894,True,correct
DBLP,0.7,47,inner,bootstrap_OOB,79,conf/vldb/RastogiS98,True,5,AyWUeJ5k2IoJ,yztQfwBZU6EJ,True,0.9999955554511404,0.9999948992561726,6.561949679184664e-07,0.8000000000000002,True,correct,0.8000000000000002,True,correct,0.1,0.52497918747894,True,correct
DBLP,0.7,47,inner,bootstrap_OOB,80,journals/sigmod/JaegerF95,True,2,oacFELqmw0cJ,oacFELqmw0cJ,True,0.9999926673893674,0.9999919705430896,6.968462779033402e-07,0.8000000000000002,True,correct,0.8000000000000002,True,correct,0.1,0.52497918747894,True,correct
DBLP,0.7,47,inner,bootstrap_OOB,81,conf/vldb/Moerkotte02,True,1,jiGdThcReckJ,jiGdThcReckJ,True,0.999995204782318,3.80374442467304e-06,0.9999914010378932,0.8000000000000002,True,correct,0.8000000000000002,True,correct,0.1,0.52497918747894,True,correct
DBLP,0.7,47,inner,bootstrap_OOB,82,journals/sigmod/AndersonS94,True,1,aDk2IS_xwToJ,aDk2IS_xwToJ,True,0.9999926702628744,6.376925185051872e-06,0.9999862933376892,0.8000000000000002,True,correct,0.8000000000000002,True,correct,0.1,0.52497918747894,True,correct
DBLP,0.7,47,inner,bootstrap_OOB,83,journals/tods/TaoPZ02,True,1,CxBJwFNdozAJ,CxBJwFNdozAJ,True,0.9999953113399876,3.48580943199648e-06,0.9999918255305555,0.8000000000000002,True,correct,0.8000000000000002,True,correct,0.1,0.52497918747894,True,correct
DBLP,0.7,47,inner,bootstrap_OOB,84,journals/sigmod/KokkotosIPS95,True,1,-IvY8_ki_psJ,-IvY8_ki_psJ,True,0.999995556756448,5.223566619340616e-06,0.9999903331898286,0.8000000000000002,True,correct,0.8000000000000002,True,correct,0.1,0.52497918747894,True,correct
DBLP,0.7,47,inner,bootstrap_OOB,85,conf/sigmod/RiedelFGN00,True,1,ospJVA6AD1sJ,ospJVA6AD1sJ,True,0.9999955760074528,3.6155431308243023e-06,0.999991960464322,0.8000000000000002,True,correct,0.8000000000000002,True,correct,0.1,0.52497918747894,True,correct
DBLP,0.7,47,inner,bootstrap_OOB,86,conf/sigmod/WodtkeWWDM97,True,2,tnXqwH3BXW0J,tnXqwH3BXW0J,True,0.9999951117162452,0.999994191408582,9.203076630770468e-07,0.8000000000000002,True,correct,0.8000000000000002,True,correct,0.1,0.52497918747894,True,correct
DBLP,0.7,47,inner,bootstrap_OOB,87,journals/sigmod/Stacey95,True,2,2GKNc8zlLRwJ,rdXUggm5kg0J,True,0.9999940249273442,0.999987288917618,6.73600972622701e-06,0.8000000000000002,True,correct,0.8000000000000002,True,correct,0.1,0.52497918747894,True,correct
DBLP,0.7,47,inner,bootstrap_OOB,88,journals/sigmod/PitouraAPSV03,True,3,hn2MANNgz9sJ,jKxELUmoSkEJ,True,0.999995216744202,0.9999949530627558,2.636814461220993e-07,0.8000000000000002,True,correct,0.8000000000000002,True,correct,0.1,0.52497918747894,True,correct
DBLP,0.7,47,inner,bootstrap_OOB,89,conf/vldb/GravanoIJKMS01,True,1,iAYjhuQV_qMJ,iAYjhuQV_qMJ,True,0.9999955016793004,5.14428522379164e-06,0.9999903573940768,0.8000000000000002,True,correct,0.8000000000000002,True,correct,0.1,0.52497918747894,True,correct
DBLP,0.7,47,inner,bootstrap_OOB,90,conf/vldb/BaumannDFRW99,True,2,lmKF8hAYUkMJ,OV-zNC5uzHUJ,True,0.9999955565021972,0.999994574211864,9.82290333406688e-07,0.8000000000000002,True,correct,0.8000000000000002,True,correct,0.1,0.52497918747894,True,correct
DBLP,0.7,47,inner,bootstrap_OOB,91,journals/vldb/ScheuermannWZ98,True,1,Q_JRmsXFEM4J,Q_JRmsXFEM4J,True,0.999995855042241,0.0035715406550748,0.9964243143871662,0.8000000000000002,True,correct,0.8000000000000002,True,correct,0.1,0.52497918747894,True,correct
DBLP,0.7,47,inner,bootstrap_OOB,92,journals/sigmod/Hammer03,True,1,url:http://portal.acm.org/ft_gateway.cfm%3Fid%3D601859%26type%3Dpdf%26dl%3DGUIDE%26dl%3DACM%26CFID%3D11111111%26CFTOKEN%3D2222222,url:http://portal.acm.org/ft_gateway.cfm%3Fid%3D601859%26type%3Dpdf%26dl%3DGUIDE%26dl%3DACM%26CFID%3D11111111%26CFTOKEN%3D2222222,True,0.9765156734275986,1.6078499238118823e-05,0.9764995949283604,0.8000000000000002,True,correct,0.8000000000000002,True,correct,0.1,0.52497918747894,True,correct
DBLP,0.7,47,inner,bootstrap_OOB,93,journals/sigmod/Mendelzon98,False,0,,LxniIL-QAhgJ,False,0.0016419705213549,3.197592395093391e-05,0.001609994597404,0.8000000000000002,False,unmatched_abstention,0.8000000000000002,False,unmatched_abstention,0.1,0.52497918747894,False,unmatched_abstention
DBLP,0.7,47,inner,bootstrap_OOB,94,journals/vldb/SivasankaranSTPR96,True,3,url:http://ieeexplore.ieee.org/iel2/997/7843/00331718.pdf%3Farnumber%3D331718,XX_3v0k3v6QJ,True,0.9999951931664336,0.9999937685967992,1.4245696341452785e-06,0.8000000000000002,True,correct,0.8000000000000002,True,correct,0.1,0.52497918747894,True,correct
DBLP,0.7,47,inner,bootstrap_OOB,95,conf/sigmod/ZhouWGGZWXYF03,True,1,AwFxLUGiceUJ,AwFxLUGiceUJ,True,0.999994705234355,4.657988366895972e-06,0.999990047245988,0.8000000000000002,True,correct,0.8000000000000002,True,correct,0.1,0.52497918747894,True,correct
DBLP,0.7,47,inner,bootstrap_OOB,96,conf/vldb/BawaBA03,True,2,bo1rnY4bU4kJ,ZjIllDHwkSoJ,True,0.9999951617961508,0.9999684078346992,2.6753961451686518e-05,0.8000000000000002,True,correct,0.8000000000000002,True,correct,0.1,0.52497918747894,True,correct
DBLP,0.7,47,inner,bootstrap_OOB,97,conf/sigmod/LiBKN03,True,1,micx2kyGfKIJ,micx2kyGfKIJ,True,0.9999955924983598,4.511849942085155e-06,0.9999910806484176,0.8000000000000002,True,correct,0.8000000000000002,True,correct,0.1,0.52497918747894,True,correct
DBLP,0.7,47,inner,bootstrap_OOB,98,conf/sigmod/VossenW99,True,2,9PhYz-N58A8J,9PhYz-N58A8J,True,0.9999952469514334,0.0001605644948555,0.9998346824565778,0.8000000000000002,True,correct,0.8000000000000002,True,correct,0.1,0.52497918747894,True,correct
DBLP,0.7,47,inner,bootstrap_OOB,99,conf/vldb/JagadishLRSS94,True,2,em_mB-ifc80J,Yiwh22hbTAcJ,True,0.999995752731628,0.9999944960169628,1.2567146649988814e-06,0.8000000000000002,True,correct,0.8000000000000002,True,correct,0.1,0.52497918747894,True,correct
DBLP,0.7,47,inner,bootstrap_OOB,100,journals/sigmod/MarchiLPT03,True,2,9dgFU6XaLrwJ,9dgFU6XaLrwJ,True,0.9999956860611092,0.9995785974809488,0.0004170885801602,0.8000000000000002,True,correct,0.8000000000000002,True,correct,0.1,0.52497918747894,True,correct
DBLP,0.7,47,inner,bootstrap_OOB,101,journals/vldb/MuthOPW00,True,1,WFygKYK0NVQJ,WFygKYK0NVQJ,True,0.9999947399712474,0.9999889687382972,5.7712329500914095e-06,0.8000000000000002,True,correct,0.8000000000000002,True,correct,0.1,0.52497918747894,True,correct
DBLP,0.7,47,inner,bootstrap_OOB,102,journals/sigmod/SycaraKWL99,True,6,7OyvdUHeptMJ,YgouJdrCoZQJ,True,0.9999957263542544,0.9999952394754418,4.868788126000112e-07,0.8000000000000002,True,correct,0.8000000000000002,True,correct,0.1,0.52497918747894,True,correct
DBLP,0.7,47,inner,bootstrap_OOB,103,conf/sigmod/ShuklaD00,True,3,07dT02YX07AJ,kcrWfQEI9G8J,True,0.999995198201755,0.9999949256501126,2.7255164236628104e-07,0.8000000000000002,True,correct,0.8000000000000002,True,correct,0.1,0.52497918747894,True,correct
DBLP,0.7,47,inner,bootstrap_OOB,104,conf/sigmod/YanMHF01,True,5,8hRWaIVZ2ykJ,8hRWaIVZ2ykJ,True,0.9999955223092336,0.999994964173605,5.581356284922734e-07,0.8000000000000002,True,correct,0.8000000000000002,True,correct,0.1,0.52497918747894,True,correct
DBLP,0.7,47,inner,bootstrap_OOB,105,conf/sigmod/GarofalakisGRSS00,True,2,5uvR4kU1UOoJ,5uvR4kU1UOoJ,True,0.999995579335015,0.9999955498695974,2.946541766135624e-08,0.8000000000000002,True,correct,0.8000000000000002,True,correct,0.1,0.52497918747894,True,correct
DBLP,0.7,47,inner,bootstrap_OOB,106,conf/vldb/CormodeDIM02,True,2,HjwbHpPjvasJ,LU7BfMnARgYJ,True,0.9999932044950196,0.8533331328783762,0.1466600716166434,0.8000000000000002,True,correct,0.8000000000000002,True,correct,0.1,0.52497918747894,True,correct
DBLP,0.7,47,inner,bootstrap_OOB,107,conf/sigmod/YerneniLGU99,True,5,2MbaeG3IVV0J,hnMltY0uSf0J,True,0.9999950349267646,0.9999949951215692,3.980519547308603e-08,0.8000000000000002,True,correct,0.8000000000000002,True,correct,0.1,0.52497918747894,True,correct
DBLP,0.7,47,inner,bootstrap_OOB,108,journals/sigmod/Mendelzon00,False,0,,LxniIL-QAhgJ,False,0.0009135781237533,4.738207776246e-05,0.0008661960459909,0.8000000000000002,False,unmatched_abstention,0.8000000000000002,False,unmatched_abstention,0.1,0.52497918747894,False,unmatched_abstention
DBLP,0.7,47,inner,bootstrap_OOB,109,conf/sigmod/Aggarwal02,True,1,tK1_3wGUIHsJ,tK1_3wGUIHsJ,True,0.99999091197081,7.719624628598506e-06,0.9999831923461816,0.8000000000000002,True,correct,0.8000000000000002,True,correct,0.1,0.52497918747894,True,correct
DBLP,0.7,47,inner,bootstrap_OOB,110,journals/sigmod/MeltonMJKSZ01,True,4,_u9eNZTiNSoJ,IoNxL_rg2_cJ,True,0.9999957108468732,0.9999019187411796,9.379210569349096e-05,0.8000000000000002,True,correct,0.8000000000000002,True,correct,0.1,0.52497918747894,True,correct
DBLP,0.7,47,inner,bootstrap_OOB,111,journals/sigmod/GuptaHR97,True,2,YSgaDQ95dfEJ,-ha8fD8Kj_oJ,True,0.9999935855699918,0.9999929717532728,6.138167190083976e-07,0.8000000000000002,True,correct,0.8000000000000002,True,correct,0.1,0.52497918747894,True,correct
DBLP,0.7,47,inner,bootstrap_OOB,112,conf/sigmod/FlorescuLMS99,True,2,h0uuqAstOPUJ,mH0XY3h8UlcJ,True,0.9999953317744946,0.999995321550551,1.0223943580633945e-08,0.8000000000000002,True,correct,0.8000000000000002,True,correct,0.1,0.52497918747894,True,correct
DBLP,0.7,47,inner,bootstrap_OOB,113,conf/vldb/JagadishKMPSS98,True,3,0iiNS8BIbsUJ,TB8sxeXqHRQJ,True,0.9999953522263224,0.9999953054429328,4.678338960673045e-08,0.8000000000000002,True,correct,0.8000000000000002,True,correct,0.1,0.52497918747894,True,correct
DBLP,0.7,47,inner,bootstrap_OOB,114,conf/sigmod/BozkayaO97,True,3,37lliRw_cOQJ,gIZvbo_lu2IJ,True,0.9999950480491276,0.99999317242459,1.87562453757284e-06,0.8000000000000002,True,correct,0.8000000000000002,True,correct,0.1,0.52497918747894,True,correct
DBLP,0.7,47,inner,bootstrap_OOB,115,journals/tods/TendickM94,True,1,FxCxfE4m1rUJ,FxCxfE4m1rUJ,True,0.9999945686931416,7.790869047730685e-06,0.9999867778240936,0.8000000000000002,True,correct,0.8000000000000002,True,correct,0.1,0.52497918747894,True,correct
DBLP,0.7,47,inner,bootstrap_OOB,116,conf/sigmod/OoiTZGLLLNSWZ03,True,1,l78OeieL4ZsJ,l78OeieL4ZsJ,True,0.9999910745128958,4.426638669636503e-06,0.9999866478742262,0.8000000000000002,True,correct,0.8000000000000002,True,correct,0.1,0.52497918747894,True,correct
DBLP,0.7,47,inner,bootstrap_OOB,117,journals/sigmod/GriffinK98,True,2,NusQl_2spdYJ,Qvl2bcDAyqEJ,True,0.9999943924903332,0.9999923714678616,2.0210224715988545e-06,0.8000000000000002,True,correct,0.8000000000000002,True,correct,0.1,0.52497918747894,True,correct
DBLP,0.7,47,inner,bootstrap_OOB,118,conf/sigmod/BratsbergT00,True,4,356Jyb4b6rYJ,356Jyb4b6rYJ,True,0.9999940211254096,0.9999922742846366,1.7468407731424662e-06,0.8000000000000002,True,correct,0.8000000000000002,True,correct,0.1,0.52497918747894,True,correct
DBLP,0.7,47,inner,bootstrap_OOB,119,conf/vldb/JagadishKNS99,True,2,GtXc02EJjCgJ,W8O7pgTYGTYJ,True,0.9999941712376588,0.999985368001512,8.803236146603943e-06,0.8000000000000002,True,correct,0.8000000000000002,True,correct,0.1,0.52497918747894,True,correct
DBLP,0.7,47,inner,bootstrap_OOB,120,journals/tods/IoannidisR95,True,1,TJDMWbCXMtgJ,TJDMWbCXMtgJ,True,0.999995543830598,4.937869471901216e-06,0.999990605961126,0.8000000000000002,True,correct,0.8000000000000002,True,correct,0.1,0.52497918747894,True,correct
DBLP,0.7,47,inner,bootstrap_OOB,121,conf/vldb/BunemanDHOW95,True,1,95LnCs7V35YJ,95LnCs7V35YJ,True,0.9999954748822176,3.722181698660685e-06,0.9999917527005188,0.8000000000000002,True,correct,0.8000000000000002,True,correct,0.1,0.52497918747894,True,correct
DBLP,0.7,47,inner,bootstrap_OOB,122,journals/sigmod/Geller02,True,1,url:http://portal.acm.org/ft_gateway.cfm%3Fid%3D507355%26type%3Dpdf%26dl%3DGUIDE%26dl%3DACM%26CFID%3D11111111%26CFTOKEN%3D2222222,url:http://portal.acm.org/ft_gateway.cfm%3Fid%3D507355%26type%3Dpdf%26dl%3DGUIDE%26dl%3DACM%26CFID%3D11111111%26CFTOKEN%3D2222222,True,0.6995781561096119,0.0001507106167324,0.6994274454928795,0.8000000000000002,False,missing_match,0.8000000000000002,False,missing_match,0.1,0.52497918747894,True,correct
DBLP,0.7,47,inner,bootstrap_OOB,123,journals/vldb/AslanM99,True,1,vZcZ-UX6h7UJ,vZcZ-UX6h7UJ,True,0.9999950298387272,3.999655200070842e-06,0.9999910301835272,0.8000000000000002,True,correct,0.8000000000000002,True,correct,0.1,0.52497918747894,True,correct
DBLP,0.7,47,inner,bootstrap_OOB,124,conf/vldb/SeligmanBNSW95,True,2,T6a86CQCuHoJ,url:http://portal.acm.org/citation.cfm%3Fid%3D645921.673303%26coll%3DGUIDE%26dl%3DACM%26CFID%3D11111111%26CFTOKEN%3D2222222,True,0.9999956846909046,0.9999947667302732,9.179606315079524e-07,0.8000000000000002,True,correct,0.8000000000000002,True,correct,0.1,0.52497918747894,True,correct
DBLP,0.7,47,inner,bootstrap_OOB,125,journals/sigmod/BrunieK96,True,1,spI2g7jFHuYJ,spI2g7jFHuYJ,True,0.9999954658365964,3.7708552445378846e-06,0.999991694981352,0.8000000000000002,True,correct,0.8000000000000002,True,correct,0.1,0.52497918747894,True,correct
DBLP,0.7,47,inner,bootstrap_OOB,126,journals/sigmod/AtzeniMM97,True,4,9CDasz2P9wsJ,Hdq-Mlh3fcMJ,True,0.999994751446104,0.9999928256122884,1.925833815641376e-06,0.8000000000000002,True,correct,0.8000000000000002,True,correct,0.1,0.52497918747894,True,correct
DBLP,0.7,47,inner,bootstrap_OOB,127,journals/sigmod/BerraNT95,True,1,url:http://portal.acm.org/ft_gateway.cfm%3Fid%3D202670%26type%3Dpdf%26dl%3DGUIDE%26dl%3DACM%26CFID%3D11111111%26CFTOKEN%3D2222222,url:http://portal.acm.org/ft_gateway.cfm%3Fid%3D202670%26type%3Dpdf%26dl%3DGUIDE%26dl%3DACM%26CFID%3D11111111%26CFTOKEN%3D2222222,True,0.999994290202804,8.95860862558377e-05,0.9999047041165482,0.8000000000000002,True,correct,0.8000000000000002,True,correct,0.1,0.52497918747894,True,correct
DBLP,0.7,47,inner,bootstrap_OOB,128,conf/sigmod/DeshpandeNGS03,True,2,aBiqHXGXoJEJ,fU6zoUKeXe8J,True,0.9999946815703786,0.9999448039254226,4.987764495600899e-05,0.8000000000000002,True,correct,0.8000000000000002,True,correct,0.1,0.52497918747894,True,correct
DBLP,0.7,47,inner,bootstrap_OOB,129,conf/vldb/BohannonFHRRS02,True,1,zYfyg0fCzEsJ,zYfyg0fCzEsJ,True,0.9999952131437084,4.44158280628678e-06,0.999990771560902,0.8000000000000002,True,correct,0.8000000000000002,True,correct,0.1,0.52497918747894,True,correct
DBLP,0.7,47,inner,bootstrap_OOB,130,journals/sigmod/BuchnerM98,True,6,-3LEFj2dY-UJ,4J5CvdomBmsJ,True,0.9999944337929064,0.9999941804800144,2.5331289199570506e-07,0.8000000000000002,True,correct,0.8000000000000002,True,correct,0.1,0.52497918747894,True,correct
DBLP,0.7,47,inner,bootstrap_OOB,131,journals/sigmod/SmithO99,True,1,-iis302p2MkJ,-iis302p2MkJ,True,0.9999956384015084,3.635441144161071e-06,0.9999920029603642,0.8000000000000002,True,correct,0.8000000000000002,True,correct,0.1,0.52497918747894,True,correct
DBLP,0.7,47,inner,bootstrap_OOB,132,conf/vldb/KeidlSSK02,True,2,dTval1yE6p8J,dTval1yE6p8J,True,0.9999955365491426,0.9999423324027829,5.320414635978654e-05,0.8000000000000002,True,correct,0.8000000000000002,True,correct,0.1,0.52497918747894,True,correct
DBLP,0.7,47,inner,bootstrap_OOB,133,conf/sigmod/ColbyKLMR97,True,3,0FohHTWs5toJ,0FohHTWs5toJ,True,0.9999950304927891,0.9999868714647508,8.15902803852353e-06,0.8000000000000002,True,correct,0.8000000000000002,True,correct,0.1,0.52497918747894,True,correct
DBLP,0.7,47,inner,bootstrap_OOB,134,conf/sigmod/BreitbartKRSS99,True,1,XV2lpkhWCsYJ,XV2lpkhWCsYJ,True,0.9999940509740416,9.345204096890926e-06,0.9999847057699448,0.8000000000000002,True,correct,0.8000000000000002,True,correct,0.1,0.52497918747894,True,correct
DBLP,0.7,47,inner,bootstrap_OOB,135,journals/vldb/Sarawagi01,True,1,Xx6kw0tCeQIJ,Xx6kw0tCeQIJ,True,0.9999939641103156,1.712877977147879e-05,0.9999768353305444,0.8000000000000002,True,correct,0.8000000000000002,True,correct,0.1,0.52497918747894,True,correct
DBLP,0.7,47,inner,bootstrap_OOB,136,conf/vldb/KounevB02,True,2,DayIdkLVfyIJ,mq4cLaNqTDQJ,True,0.9999957437218884,0.9999938198367976,1.9238850909042422e-06,0.8000000000000002,True,correct,0.8000000000000002,True,correct,0.1,0.52497918747894,True,correct
DBLP,0.7,47,inner,bootstrap_OOB,137,conf/vldb/KoudasMJ99,True,2,dRemTC899xcJ,dRemTC899xcJ,True,0.9999952963187886,0.9999947665805468,5.297382418278929e-07,0.8000000000000002,True,correct,0.8000000000000002,True,correct,0.1,0.52497918747894,True,correct
DBLP,0.7,47,inner,bootstrap_OOB,138,conf/sigmod/AbiteboulCM95,True,3,4GT0Krd9RP0J,DakOA4Ew-poJ,True,0.9999938374988848,0.9999905276981004,3.309800784445649e-06,0.8000000000000002,True,correct,0.8000000000000002,True,correct,0.1,0.52497918747894,True,correct
DBLP,0.7,47,inner,bootstrap_OOB,139,conf/sigmod/KaushikBNK02,True,2,8M2rLLD3DlQJ,8M2rLLD3DlQJ,True,0.999993128921734,0.9999898222506431,3.3066710907192487e-06,0.8000000000000002,True,correct,0.8000000000000002,True,correct,0.1,0.52497918747894,True,correct
DBLP,0.7,47,inner,bootstrap_OOB,140,journals/sigmod/NgH95,True,2,qolJkVC2MoYJ,url:http://portal.acm.org/citation.cfm%3Fid%3D202660.202665%26dl%3DGUIDE%26dl%3DACM%26idx%3DJ689%26part%3Dperiodical%26WantType%3Dperiodical%26title%3DACM%2520SIGMOD%2520Record%26CFID%3D11111111%26CFTOKEN%3D2222222,True,0.9999956766213364,0.9999936491594822,2.0274618540705447e-06,0.8000000000000002,True,correct,0.8000000000000002,True,correct,0.1,0.52497918747894,True,correct
DBLP,0.7,47,inner,bootstrap_OOB,141,journals/sigmod/KannanKIK03,True,1,h_tDfTvsR0QJ,h_tDfTvsR0QJ,True,0.9999944578088668,1.0450740734148862e-05,0.9999840070681328,0.8000000000000002,True,correct,0.8000000000000002,True,correct,0.1,0.52497918747894,True,correct
DBLP,0.7,47,inner,bootstrap_OOB,142,conf/sigmod/SchleimerWA03,True,1,nCRFjDfhOmcJ,nCRFjDfhOmcJ,True,0.9999938566105214,3.886334533870022e-06,0.9999899702759876,0.8000000000000002,True,correct,0.8000000000000002,True,correct,0.1,0.52497918747894,True,correct
DBLP,0.7,47,inner,bootstrap_OOB,143,conf/sigmod/ShanmugasundaramNSR99,True,6,DZI4GwpYBOcJ,eQjFv7QxsQQJ,True,0.9999950475154532,0.9999935061021036,1.5414133496260971e-06,0.8000000000000002,True,correct,0.8000000000000002,True,correct,0.1,0.52497918747894,True,correct
DBLP,0.7,47,inner,bootstrap_OOB,144,journals/sigmod/GroskyFS94,True,2,sWM6PKw-JaQJ,zMK02pxd4OEJ,True,0.9999956897704092,0.9999446160637818,5.107370662726929e-05,0.8000000000000002,True,correct,0.8000000000000002,True,correct,0.1,0.52497918747894,True,correct
DBLP,0.7,47,inner,bootstrap_OOB,145,conf/sigmod/KalnisP01,True,1,-UHxodSX8oMJ,-UHxodSX8oMJ,True,0.9999936217002544,6.945305898394951e-06,0.999986676394356,0.8000000000000002,True,correct,0.8000000000000002,True,correct,0.1,0.52497918747894,True,correct
DBLP,0.7,47,inner,bootstrap_OOB,146,journals/sigmod/Lomet98,True,2,xLM0YVcccUgJ,xLM0YVcccUgJ,True,0.999994749163152,0.999992913258804,1.835904347990969e-06,0.8000000000000002,True,correct,0.8000000000000002,True,correct,0.1,0.52497918747894,True,correct
DBLP,0.7,47,inner,bootstrap_OOB,147,journals/sigmod/HaritsaS96,True,1,qA7JBQahK3wJ,qA7JBQahK3wJ,True,0.7206697375114375,0.015095673168254,0.7055740643431835,0.8000000000000002,False,missing_match,0.8000000000000002,False,missing_match,0.1,0.52497918747894,True,correct
DBLP,0.7,47,inner,bootstrap_OOB,148,journals/sigmod/CalvaneseGLV03,True,1,pGcIRyDyFG8J,pGcIRyDyFG8J,True,0.9999944841099172,1.1916632657492726e-05,0.9999825674772596,0.8000000000000002,True,correct,0.8000000000000002,True,correct,0.1,0.52497918747894,True,correct
DBLP,0.7,47,inner,bootstrap_OOB,149,journals/sigmod/Ulusoy95,True,1,uMYecZGSCv4J,uMYecZGSCv4J,True,0.9999942578921494,2.349178301711951e-05,0.9999707661091324,0.8000000000000002,True,correct,0.8000000000000002,True,correct,0.1,0.52497918747894,True,correct
DBLP,0.7,47,inner,bootstrap_OOB,150,conf/vldb/FankhauserGLMT98,True,2,jGFfS5lAyLQJ,JnwUAxUMwvQJ,True,0.9999956843657772,0.9999953365178575,3.4784791969055817e-07,0.8000000000000002,True,correct,0.8000000000000002,True,correct,0.1,0.52497918747894,True,correct
DBLP,0.7,47,inner,bootstrap_OOB,151,conf/vldb/FerrandinaMZFM95,True,4,1hpY5dx3BRIJ,9rofzgQ6HtcJ,True,0.9999951987604008,0.9999935016911736,1.697069227035719e-06,0.8000000000000002,True,correct,0.8000000000000002,True,correct,0.1,0.52497918747894,True,correct
DBLP,0.7,47,inner,bootstrap_OOB,152,journals/vldb/BarbaraI95,True,10,7N0H3ra1FFsJ,GXhaGGajWZkJ,True,0.9999956207920572,0.9999955328059704,8.79860867497584e-08,0.8000000000000002,True,correct,0.8000000000000002,True,correct,0.1,0.52497918747894,True,correct
DBLP,0.7,47,inner,bootstrap_OOB,153,journals/sigmod/OConnellW03,True,1,SeDkIL_DlRwJ,SeDkIL_DlRwJ,True,0.999954505528981,3.987323374435562e-06,0.9999505182056064,0.8000000000000002,True,correct,0.8000000000000002,True,correct,0.1,0.52497918747894,True,correct
DBLP,0.7,47,inner,bootstrap_OOB,154,conf/sigmod/LangS01,True,2,FFQc9XpGFRsJ,FFQc9XpGFRsJ,True,0.9999954372641296,0.9999947397003588,6.975637708572791e-07,0.8000000000000002,True,correct,0.8000000000000002,True,correct,0.1,0.52497918747894,True,correct
DBLP,0.7,47,inner,bootstrap_OOB,155,journals/tods/WandSW99,True,2,nrEQsOAiE44J,pYtOkFSgdXYJ,True,0.9999956291534096,0.9999556497074223,3.997944598721492e-05,0.8000000000000002,True,correct,0.8000000000000002,True,correct,0.1,0.52497918747894,True,correct
DBLP,0.7,47,inner,bootstrap_OOB,156,conf/vldb/LabrinidisR01,True,3,3Ozte0ucNJAJ,3Ozte0ucNJAJ,True,0.999995032047026,0.9999915658262958,3.4662207301083825e-06,0.8000000000000002,True,correct,0.8000000000000002,True,correct,0.1,0.52497918747894,True,correct
DBLP,0.7,47,inner,bootstrap_OOB,157,journals/sigmod/MusickC99,True,2,mA4kKq9Z3tYJ,mA4kKq9Z3tYJ,True,0.9999953381897886,0.9999863293131988,9.008876589833292e-06,0.8000000000000002,True,correct,0.8000000000000002,True,correct,0.1,0.52497918747894,True,correct
DBLP,0.7,47,inner,bootstrap_OOB,158,conf/vldb/PedersenJD00,True,1,bSRLP5_ErFMJ,bSRLP5_ErFMJ,True,0.9999957960560052,6.952866880852347e-05,0.9999262673871966,0.8000000000000002,True,correct,0.8000000000000002,True,correct,0.1,0.52497918747894,True,correct
DBLP,0.7,47,inner,bootstrap_OOB,159,journals/tods/RaschidL96,True,1,rUpu2pcFa8cJ,rUpu2pcFa8cJ,True,0.9999954457717688,5.657291901512829e-06,0.9999897884798672,0.8000000000000002,True,correct,0.8000000000000002,True,correct,0.1,0.52497918747894,True,correct
DBLP,0.7,47,inner,bootstrap_OOB,160,conf/sigmod/FaginKS03,True,2,dOY1djmoy04J,tQZWeE_nsa0J,True,0.9999948699810768,0.2934947342972443,0.7065001356838325,0.8000000000000002,True,correct,0.8000000000000002,True,correct,0.1,0.52497918747894,True,correct
DBLP,0.7,47,inner,bootstrap_OOB,161,conf/sigmod/HillyerS96,True,2,V-pwJ8K5ZTEJ,V-pwJ8K5ZTEJ,True,0.9999954944406884,0.9999948774169348,6.170237534242062e-07,0.8000000000000002,True,correct,0.8000000000000002,True,correct,0.1,0.52497918747894,True,correct
DBLP,0.7,47,inner,bootstrap_OOB,162,journals/tods/YanG99,True,1,y6gLSJhyXfcJ,y6gLSJhyXfcJ,True,0.9999942881386792,1.3871830008200689e-05,0.9999804163086708,0.8000000000000002,True,correct,0.8000000000000002,True,correct,0.1,0.52497918747894,True,correct
DBLP,0.7,47,inner,bootstrap_OOB,163,journals/sigmod/Alonso95,False,0,,fv8HYICi5_cJ,False,1.9976265458347625e-05,1.5019418906757255e-05,4.956846551590366e-06,0.8000000000000002,False,unmatched_abstention,0.8000000000000002,False,unmatched_abstention,0.1,0.52497918747894,False,unmatched_abstention
DBLP,0.7,47,inner,bootstrap_OOB,164,journals/tods/GibbonsMP02,True,1,QKnjF3UgncMJ,QKnjF3UgncMJ,True,0.9999941556636228,0.9999572982434312,3.685742019177152e-05,0.8000000000000002,True,correct,0.8000000000000002,True,correct,0.1,0.52497918747894,True,correct
DBLP,0.7,47,inner,bootstrap_OOB,165,conf/vldb/Bowker00,True,1,fAHjV8C1hLcJ,fAHjV8C1hLcJ,True,0.9999953935381476,5.468509769499585e-06,0.999989925028378,0.8000000000000002,True,correct,0.8000000000000002,True,correct,0.1,0.52497918747894,True,correct
DBLP,0.7,47,inner,bootstrap_OOB,166,conf/vldb/CohenMKS03,True,1,gRoNHWLN1WMJ,gRoNHWLN1WMJ,True,0.9999953114562437,6.157525320625418e-06,0.9999891539309228,0.8000000000000002,True,correct,0.8000000000000002,True,correct,0.1,0.52497918747894,True,correct
DBLP,0.7,47,inner,bootstrap_OOB,167,journals/vldb/BernsteinIR03,True,1,url:http://www.springerlink.com/index/RTCC57FUUW3CADRF.pdf,url:http://www.springerlink.com/index/589TQRPPVBXQ6LJN.pdf,False,0.9999730016208384,0.005692960892759,0.9942800407280794,0.8000000000000002,True,false_link,0.8000000000000002,True,false_link,0.1,0.52497918747894,True,false_link
DBLP,0.7,47,inner,bootstrap_OOB,168,conf/sigmod/Toyama98,True,1,h4OQc4N4kjIJ,h4OQc4N4kjIJ,True,0.9999955138889542,8.00195270814451e-06,0.999987511936246,0.8000000000000002,True,correct,0.8000000000000002,True,correct,0.1,0.52497918747894,True,correct
DBLP,0.7,47,inner,bootstrap_OOB,169,journals/vldb/EyalM01,True,1,ntrSSBumclMJ,ntrSSBumclMJ,True,0.999995772258587,4.47486902775002e-06,0.9999912973895592,0.8000000000000002,True,correct,0.8000000000000002,True,correct,0.1,0.52497918747894,True,correct
DBLP,0.7,47,inner,bootstrap_OOB,170,conf/sigmod/ChandrasekaranCDFHHKMRS03,True,3,eOhZfLS25AsJ,MNuT46WJZaQJ,True,0.999992788639071,0.332261684275932,0.6677311043631391,0.8000000000000002,True,correct,0.8000000000000002,True,correct,0.1,0.52497918747894,True,correct
DBLP,0.7,47,inner,bootstrap_OOB,171,conf/vldb/LockemannKKKN97,True,1,mFJzfuwL1jcJ,mFJzfuwL1jcJ,True,0.9999953687299596,7.222290259879569e-06,0.9999881464396996,0.8000000000000002,True,correct,0.8000000000000002,True,correct,0.1,0.52497918747894,True,correct
DBLP,0.7,47,inner,bootstrap_OOB,172,journals/vldb/ChienTZ02,True,1,j4wcclZqY0oJ,j4wcclZqY0oJ,True,0.9999948106635754,0.0014908143445025,0.9985039963190728,0.8000000000000002,True,correct,0.8000000000000002,True,correct,0.1,0.52497918747894,True,correct
DBLP,0.7,47,inner,bootstrap_OOB,173,conf/sigmod/DewanSHH94,True,1,GUdXGx4blW8J,GUdXGx4blW8J,True,0.9999955355018816,1.4721029372462318e-05,0.9999808144725092,0.8000000000000002,True,correct,0.8000000000000002,True,correct,0.1,0.52497918747894,True,correct
DBLP,0.7,47,inner,bootstrap_OOB,174,conf/vldb/YangKL97,True,1,qN1APPIGZMMJ,qN1APPIGZMMJ,True,0.9999933164554592,0.0001793291677671,0.9998139872876922,0.8000000000000002,True,correct,0.8000000000000002,True,correct,0.1,0.52497918747894,True,correct
DBLP,0.7,47,inner,bootstrap_OOB,175,journals/sigmod/BertinoEH03,True,1,4m-WmWU5iGYJ,4m-WmWU5iGYJ,True,0.9999955669187786,0.0002003153998217,0.9997952515189568,0.8000000000000002,True,correct,0.8000000000000002,True,correct,0.1,0.52497918747894,True,correct
DBLP,0.7,47,inner,bootstrap_OOB,176,journals/sigmod/ShethMKA01,True,1,url:http://portal.acm.org/ft_gateway.cfm%3Fid%3D604286%26type%3Dpdf%26dl%3DGUIDE%26dl%3DACM%26CFID%3D11111111%26CFTOKEN%3D2222222,url:http://portal.acm.org/ft_gateway.cfm%3Fid%3D604286%26type%3Dpdf%26dl%3DGUIDE%26dl%3DACM%26CFID%3D11111111%26CFTOKEN%3D2222222,True,0.9999957624174488,3.476444141776941e-06,0.9999922859733068,0.8000000000000002,True,correct,0.8000000000000002,True,correct,0.1,0.52497918747894,True,correct
DBLP,0.7,47,inner,bootstrap_OOB,177,conf/sigmod/PaparizosACJLNPSWWY03,True,1,HuPDChjYd44J,HuPDChjYd44J,True,0.9999945940452478,0.9747172122933097,0.0252773817519381,0.8000000000000002,True,correct,0.8000000000000002,True,correct,0.1,0.52497918747894,True,correct
DBLP,0.7,47,inner,bootstrap_OOB,178,conf/sigmod/CookKWZ96,True,1,5MTgNlhnyTgJ,5MTgNlhnyTgJ,True,0.9999953523725906,1.770495191355781e-05,0.9999776474206772,0.8000000000000002,True,correct,0.8000000000000002,True,correct,0.1,0.52497918747894,True,correct
DBLP,0.7,47,inner,bootstrap_OOB,179,journals/tods/ShashaLSV95,True,1,0aVKzjogLlAJ,0aVKzjogLlAJ,True,0.9999950665645048,6.324006087879018e-06,0.9999887425584169,0.8000000000000002,True,correct,0.8000000000000002,True,correct,0.1,0.52497918747894,True,correct
DBLP,0.7,47,inner,bootstrap_OOB,180,conf/sigmod/WangTYGWP02,True,2,loFIbaxAcG0J,loFIbaxAcG0J,True,0.999995301429775,0.9999858144681556,9.486961619287191e-06,0.8000000000000002,True,correct,0.8000000000000002,True,correct,0.1,0.52497918747894,True,correct
DBLP,0.7,47,inner,bootstrap_OOB,181,journals/vldb/RamanRH00,True,1,CgiCp6N9XZQJ,CgiCp6N9XZQJ,True,0.9999934761083608,0.9956381956606528,0.0043552804477078,0.8000000000000002,True,correct,0.8000000000000002,True,correct,0.1,0.52497918747894,True,correct
DBLP,0.7,47,inner,bootstrap_OOB,182,conf/vldb/BouganimNPW03,True,1,5oXuo8dJ6qAJ,5oXuo8dJ6qAJ,True,0.9999958977885736,6.59473343343465e-06,0.99998930305514,0.8000000000000002,True,correct,0.8000000000000002,True,correct,0.1,0.52497918747894,True,correct
DBLP,0.7,47,inner,bootstrap_OOB,183,conf/sigmod/GoldmanW00,True,1,Ol886Ck3jz4J,Ol886Ck3jz4J,True,0.9999957594622602,4.191685802648404e-06,0.9999915677764576,0.8000000000000002,True,correct,0.8000000000000002,True,correct,0.1,0.52497918747894,True,correct
DBLP,0.7,47,inner,bootstrap_OOB,184,conf/vldb/Mohan99,True,1,4N472VSotmMJ,4N472VSotmMJ,True,0.9999942774739646,3.702387941977193e-06,0.9999905750860226,0.8000000000000002,True,correct,0.8000000000000002,True,correct,0.1,0.52497918747894,True,correct
DBLP,0.7,47,inner,bootstrap_OOB,185,conf/vldb/ChakrabartiBD99,True,2,dQooUB7__ZsJ,zmBMRUNv8sQJ,True,0.999995187244675,0.9999048174514226,9.036979325238724e-05,0.8000000000000002,True,correct,0.8000000000000002,True,correct,0.1,0.52497918747894,True,correct
DBLP,0.7,47,inner,bootstrap_OOB,186,conf/sigmod/PapadiasTFS03,True,2,MkRJhOROQjsJ,MkRJhOROQjsJ,True,0.9999953737578527,0.9999948414973538,5.322604990087854e-07,0.8000000000000002,True,correct,0.8000000000000002,True,correct,0.1,0.52497918747894,True,correct
DBLP,0.7,47,inner,bootstrap_OOB,187,conf/vldb/DavisonG94,True,1,fN8wW3Y4FJkJ,fN8wW3Y4FJkJ,True,0.9999942692328272,4.229406903793713e-06,0.9999900398259236,0.8000000000000002,True,correct,0.8000000000000002,True,correct,0.1,0.52497918747894,True,correct
DBLP,0.7,47,inner,bootstrap_OOB,188,journals/vldb/ClaussenKKW00,True,1,DSF-ukHbE64J,DSF-ukHbE64J,True,0.9999921114897508,3.573301654621168e-06,0.9999885381880962,0.8000000000000002,True,correct,0.8000000000000002,True,correct,0.1,0.52497918747894,True,correct
DBLP,0.7,47,inner,bootstrap_OOB,189,journals/vldb/GrefenVA01,True,1,fohOTTsEtIwJ,fohOTTsEtIwJ,True,0.9999952640998832,1.6005280777408685e-05,0.9999792588191058,0.8000000000000002,True,correct,0.8000000000000002,True,correct,0.1,0.52497918747894,True,correct
DBLP,0.7,47,inner,bootstrap_OOB,190,conf/sigmod/GodfreyGXZ01,True,1,LNnvt5TpBhkJ,LNnvt5TpBhkJ,True,0.9999954218081442,4.307940629458932e-06,0.9999911138675148,0.8000000000000002,True,correct,0.8000000000000002,True,correct,0.1,0.52497918747894,True,correct
DBLP,0.7,47,inner,bootstrap_OOB,191,conf/vldb/Uhl02,True,1,n5SsAbtjBpAJ,n5SsAbtjBpAJ,True,0.9999948881190952,3.7630740138497567e-06,0.9999911250450813,0.8000000000000002,True,correct,0.8000000000000002,True,correct,0.1,0.52497918747894,True,correct
DBLP,0.7,47,inner,bootstrap_OOB,192,conf/sigmod/BilirisFOP96,True,1,VakyeJZNPM0J,VakyeJZNPM0J,True,0.9999909331108552,3.569167035358912e-06,0.99998736394382,0.8000000000000002,True,correct,0.8000000000000002,True,correct,0.1,0.52497918747894,True,correct
DBLP,0.7,47,inner,bootstrap_OOB,193,journals/sigmod/Dogac02,True,1,url:http://portal.acm.org/ft_gateway.cfm%3Fid%3D507340%26type%3Dpdf%26dl%3DGUIDE%26dl%3DACM%26CFID%3D11111111%26CFTOKEN%3D2222222,diQK7Y_z3XwJ,False,0.998841442548449,0.2702055322877265,0.7286359102607225,0.8000000000000002,True,false_link,0.8000000000000002,True,false_link,0.1,0.52497918747894,True,false_link
DBLP,0.7,47,inner,bootstrap_OOB,194,conf/vldb/GottlobKP02,True,6,e5Gm5upjQnkJ,lmLjPf_m6jwJ,True,0.9999905763441148,0.9999896374473864,9.388967283641136e-07,0.8000000000000002,True,correct,0.8000000000000002,True,correct,0.1,0.52497918747894,True,correct
DBLP,0.7,47,inner,bootstrap_OOB,195,conf/sigmod/FernandezMS01,True,1,JYYcPQLrBw8J,JYYcPQLrBw8J,True,0.9999945740359312,4.597517523424396e-06,0.9999899765184076,0.8000000000000002,True,correct,0.8000000000000002,True,correct,0.1,0.52497918747894,True,correct
DBLP,0.7,47,inner,bootstrap_OOB,196,conf/vldb/CarinoO98,True,3,iaOLRaqTWmEJ,lDNAWc5SrmIJ,True,0.999995166205171,0.9999936677622698,1.4984429012043776e-06,0.8000000000000002,True,correct,0.8000000000000002,True,correct,0.1,0.52497918747894,True,correct
DBLP,0.7,47,inner,bootstrap_OOB,197,conf/vldb/LakshmananJN00,True,1,1n7AY641YyAJ,1n7AY641YyAJ,True,0.9999956740518958,3.3725171416603305e-06,0.9999923015347542,0.8000000000000002,True,correct,0.8000000000000002,True,correct,0.1,0.52497918747894,True,correct
DBLP,0.7,47,inner,bootstrap_OOB,198,conf/sigmod/ChengKP03,True,2,egF3o1jH_kgJ,kSt-Pqp2ilYJ,True,0.9999955073212858,0.9999954073729916,9.994829419657236e-08,0.8000000000000002,True,correct,0.8000000000000002,True,correct,0.1,0.52497918747894,True,correct
DBLP,0.7,47,inner,bootstrap_OOB,199,journals/sigmod/ShinM94,True,1,hnpTcGMYR80J,hnpTcGMYR80J,True,0.999994699626492,5.764262849575443e-06,0.9999889353636424,0.8000000000000002,True,correct,0.8000000000000002,True,correct,0.1,0.52497918747894,True,correct
DBLP,0.7,47,inner,bootstrap_OOB,200,journals/sigmod/SouzaS99,True,2,lSJVvYYknn0J,lSJVvYYknn0J,True,0.999995694260886,0.9999854473232834,1.0246937602542694e-05,0.8000000000000002,True,correct,0.8000000000000002,True,correct,0.1,0.52497918747894,True,correct
DBLP,0.7,47,inner,bootstrap_OOB,201,conf/vldb/ShahRS02,True,2,ByAk0yD64SYJ,Q3MhG5RK29oJ,True,0.9999945612707876,0.9999944933130752,6.795771234635596e-08,0.8000000000000002,True,correct,0.8000000000000002,True,correct,0.1,0.52497918747894,True,correct
DBLP,0.7,47,inner,bootstrap_OOB,202,conf/sigmod/Mohan02,True,3,eyxIItge9MQJ,eyxIItge9MQJ,True,0.9999901325519068,0.8227674098299768,0.1772227227219299,0.8000000000000002,True,correct,0.8000000000000002,True,correct,0.1,0.52497918747894,True,correct
DBLP,0.7,47,inner,bootstrap_OOB,203,conf/sigmod/BraumandlKK99,True,3,4fjXoCHhe1kJ,4fjXoCHhe1kJ,True,0.9999938077485402,0.9999645859107976,2.922183774267673e-05,0.8000000000000002,True,correct,0.8000000000000002,True,correct,0.1,0.52497918747894,True,correct
DBLP,0.7,47,inner,bootstrap_OOB,204,journals/sigmod/Halevy00,True,1,czgyMu7SHcgJ,czgyMu7SHcgJ,True,0.9999940577045568,6.729581720180449e-05,0.999926761887355,0.8000000000000002,True,correct,0.8000000000000002,True,correct,0.1,0.52497918747894,True,correct
DBLP,0.7,47,inner,bootstrap_OOB,205,journals/sigmod/Liu03b,False,0,,url:http://portal.acm.org/ft_gateway.cfm%3Fid%3D945727%26type%3Dpdf%26dl%3DGUIDE%26dl%3DACM%26CFID%3D11111111%26CFTOKEN%3D2222222,False,7.379210970686749e-05,6.892496302670378e-05,4.867146680163708e-06,0.8000000000000002,False,unmatched_abstention,0.8000000000000002,False,unmatched_abstention,0.1,0.52497918747894,False,unmatched_abstention
DBLP,0.7,47,inner,bootstrap_OOB,206,conf/sigmod/Zeller03,False,0,,amSBALWOE6cJ,False,4.033972326771808e-05,8.218692660745762e-06,3.212103060697232e-05,0.8000000000000002,False,unmatched_abstention,0.8000000000000002,False,unmatched_abstention,0.1,0.52497918747894,False,unmatched_abstention
DBLP,0.7,47,inner,bootstrap_OOB,207,conf/vldb/CuiW01,True,1,SaOd6rDz5ZgJ,SaOd6rDz5ZgJ,True,0.9999930301571062,2.0715040299056268e-05,0.9999723151168072,0.8000000000000002,True,correct,0.8000000000000002,True,correct,0.1,0.52497918747894,True,correct
DBLP,0.7,47,inner,bootstrap_OOB,208,conf/vldb/BerckenSW97,True,3,hIMueG-GeNsJ,w90oK0t46SAJ,True,0.9999953557620654,0.9999931436822536,2.2120798117697404e-06,0.8000000000000002,True,correct,0.8000000000000002,True,correct,0.1,0.52497918747894,True,correct
DBLP,0.7,47,inner,bootstrap_OOB,209,conf/sigmod/GuhaRS98,True,17,btOlpr6NZoIJ,wiE9QG5qC2wJ,True,0.9999953878412424,0.9999949561037248,4.317375177365079e-07,0.8000000000000002,True,correct,0.8000000000000002,True,correct,0.1,0.52497918747894,True,correct
DBLP,0.7,47,inner,bootstrap_OOB,210,conf/vldb/CarneyCZRCS03,True,2,JubkWSUFbbcJ,JubkWSUFbbcJ,True,0.9999951889242408,0.9999904941610706,4.694763170332017e-06,0.8000000000000002,True,correct,0.8000000000000002,True,correct,0.1,0.52497918747894,True,correct
DBLP,0.7,47,inner,bootstrap_OOB,211,conf/vldb/GrovlenHT98,True,2,SDXBxc0lIeYJ,xjVz8hIW-8sJ,True,0.9999921380238204,0.9999870269884384,5.111035382032725e-06,0.8000000000000002,True,correct,0.8000000000000002,True,correct,0.1,0.52497918747894,True,correct
DBLP,0.7,47,inner,bootstrap_OOB,212,conf/sigmod/DasuJMS02,True,3,POt1WbTBB4cJ,POt1WbTBB4cJ,True,0.9999909530284232,0.9999909409241766,1.210424671604926e-08,0.8000000000000002,True,correct,0.8000000000000002,True,correct,0.1,0.52497918747894,True,correct
DBLP,0.7,47,inner,bootstrap_OOB,213,conf/sigmod/WangJLY03,True,1,EQsWWZdE45wJ,EQsWWZdE45wJ,True,0.9999956310204297,4.063054932815748e-06,0.9999915679654968,0.8000000000000002,True,correct,0.8000000000000002,True,correct,0.1,0.52497918747894,True,correct
DBLP,0.7,47,inner,bootstrap_OOB,214,conf/vldb/KahveciS01,True,3,bYV1jynEEO8J,frMKnMtrsksJ,True,0.9999930895651736,0.9999359689458844,5.712061928930812e-05,0.8000000000000002,True,correct,0.8000000000000002,True,correct,0.1,0.52497918747894,True,correct
DBLP,0.7,47,inner,bootstrap_OOB,215,journals/sigmod/X94b,False,0,,V3C6Q9Ki3FAJ,False,2.525064310119767e-05,7.121041692031662e-06,1.8129601409166007e-05,0.8000000000000002,False,unmatched_abstention,0.8000000000000002,False,unmatched_abstention,0.1,0.52497918747894,False,unmatched_abstention
DBLP,0.7,47,inner,bootstrap_OOB,216,journals/vldb/FernandezFLS00,True,1,uo79zyqUB10J,uo79zyqUB10J,True,0.9999954390434824,9.134428701421556e-06,0.999986304614781,0.8000000000000002,True,correct,0.8000000000000002,True,correct,0.1,0.52497918747894,True,correct
DBLP,0.7,47,inner,bootstrap_OOB,217,journals/sigmod/RoantreeS02,True,2,url:http://portal.acm.org/ft_gateway.cfm%3Fid%3D637435%26type%3Dpdf%26dl%3DGUIDE%26dl%3DACM%26CFID%3D11111111%26CFTOKEN%3D2222222,xfrOR_G4_UoJ,True,0.9999955515838256,0.9999951022062422,4.493775833669389e-07,0.8000000000000002,True,correct,0.8000000000000002,True,correct,0.1,0.52497918747894,True,correct
DBLP,0.7,47,inner,bootstrap_OOB,218,conf/sigmod/LiuPBHPT00,True,1,q_o5zij9nCEJ,q_o5zij9nCEJ,True,0.9999952309235492,5.913182043638198e-06,0.9999893177415056,0.8000000000000002,True,correct,0.8000000000000002,True,correct,0.1,0.52497918747894,True,correct
DBLP,0.7,47,inner,bootstrap_OOB,219,conf/sigmod/CareyK97,True,5,2OPEy9_6BlEJ,yuAO6FZOXmQJ,True,0.9999954571931494,0.9999945741704684,8.830226810863095e-07,0.8000000000000002,True,correct,0.8000000000000002,True,correct,0.1,0.52497918747894,True,correct
DBLP,0.7,47,inner,bootstrap_OOB,220,conf/sigmod/GibbsBT94,True,7,28mTFsC-KCIJ,sZifEczLuOUJ,True,0.9999954830224924,0.9999954731211635,9.901328978934032e-09,0.8000000000000002,True,correct,0.8000000000000002,True,correct,0.1,0.52497918747894,True,correct
DBLP,0.7,47,inner,bootstrap_OOB,221,journals/vldb/KashyapS96,True,5,AaTvigmNyAcJ,yWyvTMAVVzwJ,True,0.9999957780363388,0.9999952725472004,5.05489138435955e-07,0.8000000000000002,True,correct,0.8000000000000002,True,correct,0.1,0.52497918747894,True,correct
DBLP,0.7,47,inner,bootstrap_OOB,222,conf/vldb/DarmontS99,True,2,1GWsEQSvJmoJ,Ebi8v9FZXcgJ,True,0.9999958229792464,0.9999953247752456,4.982040007206479e-07,0.8000000000000002,True,correct,0.8000000000000002,True,correct,0.1,0.52497918747894,True,correct
DBLP,0.7,47,inner,bootstrap_OOB,223,conf/vldb/AlonsoHST97,True,1,iRJV85kKVgwJ,iRJV85kKVgwJ,True,0.9999958804328406,5.180396502662285e-06,0.999990700036338,0.8000000000000002,True,correct,0.8000000000000002,True,correct,0.1,0.52497918747894,True,correct
DBLP,0.7,47,inner,bootstrap_OOB,224,conf/sigmod/FukudaMMT96,True,3,Bcuo4_yr2p0J,Bcuo4_yr2p0J,True,0.9999934550016394,0.9999928387368712,6.162647683272127e-07,0.8000000000000002,True,correct,0.8000000000000002,True,correct,0.1,0.52497918747894,True,correct
DBLP,0.7,47,inner,bootstrap_OOB,225,journals/tods/DeySB99,True,1,lUIjuGqk6q4J,lUIjuGqk6q4J,True,0.999995373444597,3.79709374724025e-06,0.9999915763508498,0.8000000000000002,True,correct,0.8000000000000002,True,correct,0.1,0.52497918747894,True,correct
DBLP,0.7,47,inner,bootstrap_OOB,226,conf/vldb/KumaranH03,True,1,wW6dUVL80RYJ,wW6dUVL80RYJ,True,0.9999942146333508,5.788313133661929e-05,0.9999363315020142,0.8000000000000002,True,correct,0.8000000000000002,True,correct,0.1,0.52497918747894,True,correct
DBLP,0.7,47,inner,bootstrap_OOB,227,conf/sigmod/LibkinMW96,True,3,3QgOnuIwVZMJ,OfZWx8jhQvwJ,True,0.9999955979676636,0.999995202431192,3.9553647135370806e-07,0.8000000000000002,True,correct,0.8000000000000002,True,correct,0.1,0.52497918747894,True,correct
DBLP,0.7,47,inner,bootstrap_OOB,228,conf/sigmod/ZhouLP99,True,1,0OwKmPjQpd0J,0OwKmPjQpd0J,True,0.999995411111861,3.6998113117483424e-06,0.9999917113005492,0.8000000000000002,True,correct,0.8000000000000002,True,correct,0.1,0.52497918747894,True,correct
DBLP,0.7,47,inner,bootstrap_OOB,229,journals/vldb/WangW01,True,1,4eHVZHcQvdMJ,4eHVZHcQvdMJ,True,0.9999958723592997,4.579663462596234e-06,0.9999912926958372,0.8000000000000002,True,correct,0.8000000000000002,True,correct,0.1,0.52497918747894,True,correct
DBLP,0.7,47,inner,bootstrap_OOB,230,conf/vldb/ChenHWW02,True,1,kgXRJZKRxZQJ,kgXRJZKRxZQJ,True,0.9999947818305964,6.411592237600538e-06,0.9999883702383588,0.8000000000000002,True,correct,0.8000000000000002,True,correct,0.1,0.52497918747894,True,correct
DBLP,0.7,47,inner,bootstrap_OOB,231,journals/sigmod/DoanPSB97,True,2,fdM1W8iEk_YJ,fdM1W8iEk_YJ,True,0.9999956650240852,0.9999937379763748,1.927047710403862e-06,0.8000000000000002,True,correct,0.8000000000000002,True,correct,0.1,0.52497918747894,True,correct
DBLP,0.7,47,inner,bootstrap_OOB,232,conf/vldb/GarofalakisRS99,True,6,7BITau8qhpEJ,Xm3ygCvkmN8J,True,0.9999956052243656,0.9999953659642782,2.3926008729802106e-07,0.8000000000000002,True,correct,0.8000000000000002,True,correct,0.1,0.52497918747894,True,correct
DBLP,0.7,47,inner,bootstrap_OOB,233,conf/sigmod/Ross00,True,1,9sm_ptv5pmYJ,9sm_ptv5pmYJ,True,0.9999898959531316,1.795079231999286e-05,0.9999719451608116,0.8000000000000002,True,correct,0.8000000000000002,True,correct,0.1,0.52497918747894,True,correct
DBLP,0.7,47,inner,bootstrap_OOB,234,conf/vldb/KietzRS97,True,1,L4k3lAWc-JgJ,L4k3lAWc-JgJ,True,0.999994516334907,5.749647868201234e-06,0.9999887666870388,0.8000000000000002,True,correct,0.8000000000000002,True,correct,0.1,0.52497918747894,True,correct
DBLP,0.7,47,inner,bootstrap_OOB,235,conf/sigmod/LiefkeS00,True,4,epCsER2LDJgJ,GFCznyVaj5UJ,True,0.9999946578108304,0.9999944265157564,2.3129507409347386e-07,0.8000000000000002,True,correct,0.8000000000000002,True,correct,0.1,0.52497918747894,True,correct
DBLP,0.7,47,inner,bootstrap_OOB,236,conf/vldb/VieiraM03,True,2,b9zAhFneX5YJ,sUtdmV9XsIcJ,True,0.9999949765153257,0.9999812931916234,1.3683323702218251e-05,0.8000000000000002,True,correct,0.8000000000000002,True,correct,0.1,0.52497918747894,True,correct
DBLP,0.7,47,inner,bootstrap_OOB,237,conf/vldb/HvasshovdBT00,True,1,af50lhGnD8gJ,af50lhGnD8gJ,True,0.9999945194874504,0.0206908789995491,0.9793036404879012,0.8000000000000002,True,correct,0.8000000000000002,True,correct,0.1,0.52497918747894,True,correct
DBLP,0.7,47,inner,bootstrap_OOB,238,conf/vldb/ColletCS94,True,4,Iap8Eg0Sm8oJ,uMutI8spj1QJ,True,0.9999957822377684,0.9999927638522604,3.018385507869148e-06,0.8000000000000002,True,correct,0.8000000000000002,True,correct,0.1,0.52497918747894,True,correct
DBLP,0.7,47,inner,bootstrap_OOB,239,journals/sigmod/AdelbergKG96,True,2,6gc5TN-yce8J,GfiQygac5twJ,True,0.9999949934411908,0.9999774500399848,1.7543401206188136e-05,0.8000000000000002,True,correct,0.8000000000000002,True,correct,0.1,0.52497918747894,True,correct
DBLP,0.7,47,inner,bootstrap_OOB,240,conf/sigmod/Atkinson95,True,1,url:http://portal.acm.org/citation.cfm%3Fid%3D223874,url:http://portal.acm.org/citation.cfm%3Fid%3D223874,True,0.9999955678614546,3.967001047765886e-06,0.9999916008604068,0.8000000000000002,True,correct,0.8000000000000002,True,correct,0.1,0.52497918747894,True,correct
DBLP,0.7,47,inner,bootstrap_OOB,241,conf/vldb/AdiBEY00,True,3,R5o2TUro03MJ,RkjggE7xhN0J,True,0.9999954314644562,0.9999938724438784,1.5590205777460395e-06,0.8000000000000002,True,correct,0.8000000000000002,True,correct,0.1,0.52497918747894,True,correct
DBLP,0.7,47,inner,bootstrap_OOB,242,conf/vldb/BalminPP00,True,1,FoAVdcYe0tsJ,FoAVdcYe0tsJ,True,0.9999952151929906,0.0124376118189366,0.987557603374054,0.8000000000000002,True,correct,0.8000000000000002,True,correct,0.1,0.52497918747894,True,correct
DBLP,0.7,47,inner,bootstrap_OOB,243,conf/sigmod/AcharyaGPR99a,True,7,ahfoveFQC2sJ,EpUtXEhwDaUJ,True,0.9999952969557232,0.9999952845648964,1.2390826920061217e-08,0.8000000000000002,True,correct,0.8000000000000002,True,correct,0.1,0.52497918747894,True,correct
DBLP,0.7,47,inner,bootstrap_OOB,244,conf/vldb/SeegerBBKSDS01,True,2,2ceEvQZ0HGYJ,WYGjQDmRwt8J,True,0.9999952544926214,0.9991446480538348,0.0008506064387866,0.8000000000000002,True,correct,0.8000000000000002,True,correct,0.1,0.52497918747894,True,correct
DBLP,0.7,47,inner,bootstrap_OOB,245,conf/sigmod/SeshadriP97,True,3,Df8s-N_5U3EJ,f9POLlECN2gJ,True,0.9999956116698392,0.9999954021404718,2.095293674120313e-07,0.8000000000000002,True,correct,0.8000000000000002,True,correct,0.1,0.52497918747894,True,correct
DBLP,0.7,47,inner,bootstrap_OOB,246,conf/sigmod/DogacTPPLKTK02,True,3,juQlvnYuPxwJ,wi8177RdPBYJ,True,0.9999949510119542,0.9999949476113732,3.400581150003745e-09,0.8000000000000002,True,correct,0.8000000000000002,True,correct,0.1,0.52497918747894,True,correct
DBLP,0.7,47,inner,bootstrap_OOB,247,conf/sigmod/Bampahl95,True,1,MbgdgwgZCIUJ,MbgdgwgZCIUJ,True,0.9999924092408252,4.834025326617254e-06,0.9999875752154984,0.8000000000000002,True,correct,0.8000000000000002,True,correct,0.1,0.52497918747894,True,correct
DBLP,0.7,47,inner,bootstrap_OOB,248,conf/sigmod/HellersteinW02,True,1,url:http://portal.acm.org/ft_gateway.cfm%3Fid%3D564788%26type%3Dpdf%26dl%3DGUIDE%26dl%3DACM%26CFID%3D11111111%26CFTOKEN%3D2222222,url:http://portal.acm.org/ft_gateway.cfm%3Fid%3D564788%26type%3Dpdf%26dl%3DGUIDE%26dl%3DACM%26CFID%3D11111111%26CFTOKEN%3D2222222,True,0.9999937384302224,4.306342775906488e-06,0.9999894320874464,0.8000000000000002,True,correct,0.8000000000000002,True,correct,0.1,0.52497918747894,True,correct
DBLP,0.7,47,inner,bootstrap_OOB,249,journals/vldb/Amer-YahiaCLS02,True,2,79CvVWsqYLcJ,SdqZz-Rnmk4J,True,0.9999890643074428,0.9999795763707584,9.487936684537956e-06,0.8000000000000002,True,correct,0.8000000000000002,True,correct,0.1,0.52497918747894,True,correct
DBLP,0.7,47,inner,bootstrap_OOB,250,conf/sigmod/KiesslingHFE01,True,2,DQKMCTskI-MJ,tNzM8E3W2K4J,True,0.9999953971258664,0.9999901957641668,5.20136169968044e-06,0.8000000000000002,True,correct,0.8000000000000002,True,correct,0.1,0.52497918747894,True,correct
DBLP,0.7,47,inner,bootstrap_OOB,251,journals/sigmod/MalaikaEM03,True,2,OGh0R54BW0MJ,OGh0R54BW0MJ,True,0.9999936582015924,0.0089285953982776,0.9910650628033146,0.8000000000000002,True,correct,0.8000000000000002,True,correct,0.1,0.52497918747894,True,correct
DBLP,0.7,47,inner,bootstrap_OOB,252,journals/sigmod/Winslett94,True,2,hZOXZJ6x2xUJ,url:http://portal.acm.org/ft_gateway.cfm%3Fid%3D181569%26type%3Dpdf,True,0.9999914379254824,0.9999562509887348,3.518693674753326e-05,0.8000000000000002,True,correct,0.8000000000000002,True,correct,0.1,0.52497918747894,True,correct
DBLP,0.7,47,inner,bootstrap_OOB,253,conf/vldb/MeccaCM01,True,4,eynVF0FSPjkJ,Lv38QFth5coJ,True,0.9999955716554944,0.9999955346502688,3.7005225772546175e-08,0.8000000000000002,True,correct,0.8000000000000002,True,correct,0.1,0.52497918747894,True,correct
DBLP,0.7,47,inner,bootstrap_OOB,254,conf/sigmod/MattosM95,True,1,wF_GdZPkCnQJ,wF_GdZPkCnQJ,True,0.999989153536748,6.319665255426703e-06,0.9999828338714926,0.8000000000000002,True,correct,0.8000000000000002,True,correct,0.1,0.52497918747894,True,correct
DBLP,0.7,47,inner,bootstrap_OOB,255,conf/vldb/KarayannidisTSPMRFEB02,True,1,9KiPVAodKnYJ,9KiPVAodKnYJ,True,0.999993938585142,9.182772619915972e-06,0.999984755812522,0.8000000000000002,True,correct,0.8000000000000002,True,correct,0.1,0.52497918747894,True,correct
DBLP,0.7,47,inner,bootstrap_OOB,256,journals/sigmod/BoulosO99,True,2,0mk_QzaJKHEJ,yzbCsw2erkcJ,True,0.9999948802740096,0.999914046900675,8.083337333475438e-05,0.8000000000000002,True,correct,0.8000000000000002,True,correct,0.1,0.52497918747894,True,correct
DBLP,0.7,47,inner,bootstrap_OOB,257,journals/sigmod/Alonso94,False,0,,uzEcNW5U3V4J,False,0.000208968943695,4.019146598801136e-05,0.000168777477707,0.8000000000000002,False,unmatched_abstention,0.8000000000000002,False,unmatched_abstention,0.1,0.52497918747894,False,unmatched_abstention
DBLP,0.7,47,inner,bootstrap_OOB,258,journals/sigmod/Mani03,True,1,FgLCpqaf8C8J,FgLCpqaf8C8J,True,0.9999949922760524,5.221863205228984e-06,0.9999897704128472,0.8000000000000002,True,correct,0.8000000000000002,True,correct,0.1,0.52497918747894,True,correct
DBLP,0.7,47,inner,bootstrap_OOB,259,conf/vldb/PitouraC99,True,1,6VU-VxcDsFsJ,6VU-VxcDsFsJ,True,0.9999957119634172,3.757540670187606e-06,0.9999919544227472,0.8000000000000002,True,correct,0.8000000000000002,True,correct,0.1,0.52497918747894,True,correct
DBLP,0.7,47,inner,bootstrap_OOB,260,journals/tods/LakshmananLN03,True,1,g8e0xiRUkIwJ,g8e0xiRUkIwJ,True,0.9999949193648732,7.463454784956793e-05,0.9999202848170236,0.8000000000000002,True,correct,0.8000000000000002,True,correct,0.1,0.52497918747894,True,correct
DBLP,0.7,47,inner,bootstrap_OOB,261,journals/sigmod/Bertram94,True,1,qaSgL5tVq1AJ,qaSgL5tVq1AJ,True,0.9999942778341412,4.057699595538085e-06,0.9999902201345456,0.8000000000000002,True,correct,0.8000000000000002,True,correct,0.1,0.52497918747894,True,correct
DBLP,0.7,47,inner,bootstrap_OOB,262,conf/sigmod/ZhangRL96,True,17,1ms09_UeEH4J,hk9P76dJfcAJ,True,0.999995559738568,0.9999955393661618,2.0372406317470396e-08,0.8000000000000002,True,correct,0.8000000000000002,True,correct,0.1,0.52497918747894,True,correct
DBLP,0.7,47,inner,bootstrap_OOB,263,conf/sigmod/RafieiM97,True,8,F9KzvnDpCPUJ,N-kEDX56ek0J,True,0.9999944375393184,0.9999942557013036,1.818380147566856e-07,0.8000000000000002,True,correct,0.8000000000000002,True,correct,0.1,0.52497918747894,True,correct
DBLP,0.7,47,inner,bootstrap_OOB,264,conf/sigmod/LakshmananNHP99,True,4,ALUnDjtT1OAJ,DfOLEzMoEaEJ,True,0.999995773846846,0.999995758248864,1.5597981906090297e-08,0.8000000000000002,True,correct,0.8000000000000002,True,correct,0.1,0.52497918747894,True,correct
DBLP,0.7,47,inner,bootstrap_OOB,265,conf/vldb/LakshmananPH02,True,2,_hNiD_QLDdAJ,1I1VNEHN4jYJ,True,0.9999903941367884,0.9999888556499364,1.5384868520262884e-06,0.8000000000000002,True,correct,0.8000000000000002,True,correct,0.1,0.52497918747894,True,correct
DBLP,0.7,47,inner,bootstrap_OOB,266,conf/vldb/HammelP02,True,1,SU2XS1MVb40J,SU2XS1MVb40J,True,0.999994958532296,3.8263126148821165e-06,0.9999911322196812,0.8000000000000002,True,correct,0.8000000000000002,True,correct,0.1,0.52497918747894,True,correct
DBLP,0.7,47,inner,bootstrap_OOB,267,conf/vldb/AltinelF00,True,4,JhWxdEDCPdUJ,SXHPvzZDrFMJ,True,0.999994805979793,0.999992584124572,2.221855220918556e-06,0.8000000000000002,True,correct,0.8000000000000002,True,correct,0.1,0.52497918747894,True,correct
DBLP,0.7,47,inner,bootstrap_OOB,268,conf/sigmod/MaddenH02,True,1,NXakCefUcdUJ,NXakCefUcdUJ,True,0.9999952642534412,4.311565722628061e-06,0.9999909526877184,0.8000000000000002,True,correct,0.8000000000000002,True,correct,0.1,0.52497918747894,True,correct
DBLP,0.7,47,inner,bootstrap_OOB,269,conf/sigmod/AdyaGLM95,True,4,7YMi5qKSe2EJ,bfcbZlt6vngJ,True,0.999995430366392,0.9999953045205682,1.2584582376184986e-07,0.8000000000000002,True,correct,0.8000000000000002,True,correct,0.1,0.52497918747894,True,correct
DBLP,0.7,47,inner,bootstrap_OOB,270,conf/vldb/GardarinGT96,True,3,4NKqwzC5A_wJ,4NKqwzC5A_wJ,True,0.9999953263043024,0.9999865573274596,8.768976842765674e-06,0.8000000000000002,True,correct,0.8000000000000002,True,correct,0.1,0.52497918747894,True,correct
DBLP,0.7,47,inner,bootstrap_OOB,271,conf/vldb/AtzeniMM97,True,7,25kJ4dWczjEJ,sARbiNQPPWQJ,True,0.9999950525287764,0.9999937606404022,1.291888374055361e-06,0.8000000000000002,True,correct,0.8000000000000002,True,correct,0.1,0.52497918747894,True,correct
DBLP,0.7,47,inner,bootstrap_OOB,272,journals/sigmod/SofferMC02,False,0,,n_rgdg3xmCoJ,False,1.1182431198135136e-05,5.413280510480929e-06,5.769150687654205e-06,0.8000000000000002,False,unmatched_abstention,0.8000000000000002,False,unmatched_abstention,0.1,0.52497918747894,False,unmatched_abstention
DBLP,0.7,47,inner,bootstrap_OOB,273,conf/sigmod/WangSSZZW00,True,2,CaplZan57x4J,CaplZan57x4J,True,0.9999948902295536,0.9999494847445102,4.54054850433927e-05,0.8000000000000002,True,correct,0.8000000000000002,True,correct,0.1,0.52497918747894,True,correct
DBLP,0.7,47,inner,bootstrap_OOB,274,journals/sigmod/Wong95,True,1,7F9iCGggYVgJ,7F9iCGggYVgJ,True,0.999995509608644,3.676309490877292e-06,0.9999918332991532,0.8000000000000002,True,correct,0.8000000000000002,True,correct,0.1,0.52497918747894,True,correct
DBLP,0.7,47,inner,bootstrap_OOB,275,conf/sigmod/BrinDG95,True,3,7mNCkZ7D-R8J,7mNCkZ7D-R8J,True,0.9999947992189891,0.999994777808109,2.141088017992843e-08,0.8000000000000002,True,correct,0.8000000000000002,True,correct,0.1,0.52497918747894,True,correct
DBLP,0.7,47,inner,bootstrap_OOB,276,journals/sigmod/Loeffen94,True,3,gb-yIDOxaEkJ,gb-yIDOxaEkJ,True,0.9999955760876136,0.9999615327794834,3.404330813028267e-05,0.8000000000000002,True,correct,0.8000000000000002,True,correct,0.1,0.52497918747894,True,correct
DBLP,0.7,47,inner,bootstrap_OOB,277,conf/sigmod/WhiteD95,True,1,6SBwemr2zscJ,6SBwemr2zscJ,True,0.9999945580229138,2.6930389933641475e-05,0.9999676276329802,0.8000000000000002,True,correct,0.8000000000000002,True,correct,0.1,0.52497918747894,True,correct
DBLP,0.7,47,inner,bootstrap_OOB,278,conf/vldb/Dyreson96,True,1,AfM_N94rVD0J,AfM_N94rVD0J,True,0.9999948849932362,4.229499674383746e-06,0.9999906554935618,0.8000000000000002,True,correct,0.8000000000000002,True,correct,0.1,0.52497918747894,True,correct
DBLP,0.7,47,inner,bootstrap_OOB,279,conf/sigmod/SagonasSW94,True,7,0hHYO7tQJUgJ,0hHYO7tQJUgJ,True,0.9999956549664824,0.99999546140656,1.9355992253444756e-07,0.8000000000000002,True,correct,0.8000000000000002,True,correct,0.1,0.52497918747894,True,correct
DBLP,0.7,47,inner,bootstrap_OOB,280,conf/vldb/RamanH01,True,2,8PPmw6A0XfkJ,8PPmw6A0XfkJ,True,0.9999951461569891,0.9999845436851746,1.06024718146136e-05,0.8000000000000002,True,correct,0.8000000000000002,True,correct,0.1,0.52497918747894,True,correct
DBLP,0.7,47,inner,bootstrap_OOB,281,conf/sigmod/MelnikRB03,True,4,bkpTodGryDAJ,wfjeWtEY2NcJ,True,0.9999955697715556,0.9999954304579072,1.3931364817310057e-07,0.8000000000000002,True,correct,0.8000000000000002,True,correct,0.1,0.52497918747894,True,correct
DBLP,0.7,47,inner,bootstrap_OOB,282,journals/sigmod/Aberer03d,True,1,url:http://portal.acm.org/ft_gateway.cfm%3Fid%3D959078%26type%3Dpdf%26dl%3DGUIDE%26dl%3DACM%26CFID%3D11111111%26CFTOKEN%3D2222222,url:http://portal.acm.org/ft_gateway.cfm%3Fid%3D959078%26type%3Dpdf%26dl%3DGUIDE%26dl%3DACM%26CFID%3D11111111%26CFTOKEN%3D2222222,True,0.0021285677761273,0.0002833909281784,0.0018451768479489,0.8000000000000002,False,missing_match,0.8000000000000002,False,missing_match,0.1,0.52497918747894,False,missing_match
DBLP,0.7,47,inner,bootstrap_OOB,283,journals/sigmod/BurtonM98,True,2,gCsPS_1fwmYJ,LOXd8JPfhpwJ,True,0.9999954634317616,0.999989837119314,5.626312447604143e-06,0.8000000000000002,True,correct,0.8000000000000002,True,correct,0.1,0.52497918747894,True,correct
DBLP,0.7,47,inner,bootstrap_OOB,284,journals/sigmod/JajodiaBBKMSW97,True,1,url:http://portal.acm.org/citation.cfm%3Fid%3D271095,url:http://portal.acm.org/citation.cfm%3Fid%3D271095,True,0.9999945103385072,7.243120984498856e-06,0.9999872672175224,0.8000000000000002,True,correct,0.8000000000000002,True,correct,0.1,0.52497918747894,True,correct
DBLP,0.7,47,inner,bootstrap_OOB,285,conf/vldb/Ramanan03,True,2,QCJEyGp-iZcJ,QCJEyGp-iZcJ,True,0.9999951617130974,0.9990705198520122,0.0009246418610852,0.8000000000000002,True,correct,0.8000000000000002,True,correct,0.1,0.52497918747894,True,correct
DBLP,0.7,47,inner,bootstrap_OOB,286,conf/vldb/GehrkeRG98,True,2,G8JSWUAO2lMJ,hobnzQKRlK4J,True,0.9999941200239442,0.999196574274613,0.0007975457493312,0.8000000000000002,True,correct,0.8000000000000002,True,correct,0.1,0.52497918747894,True,correct
DBLP,0.7,47,inner,bootstrap_OOB,287,journals/sigmod/Snodgrass99b,False,0,,CGvD6Du5kaoJ,False,0.9999044150611268,0.0446981027203909,0.955206312340736,0.8000000000000002,True,false_link,0.8000000000000002,True,false_link,0.1,0.52497918747894,True,false_link
DBLP,0.7,47,inner,bootstrap_OOB,288,conf/vldb/SellisRF97,True,2,moT0ba0vRKcJ,moT0ba0vRKcJ,True,0.9999956762914776,0.999829593535712,0.0001660827557655,0.8000000000000002,True,correct,0.8000000000000002,True,correct,0.1,0.52497918747894,True,correct
DBLP,0.7,47,inner,bootstrap_OOB,289,conf/sigmod/BreunigKNS00,True,4,4ZBs-U7sOk0J,KILdAgEb2OsJ,True,0.9999950312415372,0.9999946200538066,4.111877305312817e-07,0.8000000000000002,True,correct,0.8000000000000002,True,correct,0.1,0.52497918747894,True,correct
DBLP,0.7,47,inner,bootstrap_OOB,290,journals/tods/ZobelMR98,True,3,AvV6lMEBGWsJ,tdDLf6RffisJ,True,0.9999954590080368,0.9999949323770502,5.266309865969987e-07,0.8000000000000002,True,correct,0.8000000000000002,True,correct,0.1,0.52497918747894,True,correct
DBLP,0.7,47,inner,bootstrap_OOB,291,conf/vldb/LempelM02,True,1,DcSYGPdhxwoJ,DcSYGPdhxwoJ,True,0.9999950685260444,3.479475723771337e-06,0.9999915890503204,0.8000000000000002,True,correct,0.8000000000000002,True,correct,0.1,0.52497918747894,True,correct
DBLP,0.7,47,inner,bootstrap_OOB,292,conf/sigmod/PossSKL02,True,1,c3QptREmhgAJ,c3QptREmhgAJ,True,0.999995692277108,6.040525235078832e-06,0.9999896517518728,0.8000000000000002,True,correct,0.8000000000000002,True,correct,0.1,0.52497918747894,True,correct
DBLP,0.7,47,inner,bootstrap_OOB,293,journals/sigmod/Gallagher94,True,1,PVm9r7wHzDAJ,PVm9r7wHzDAJ,True,0.9999924223394432,6.928284489105013e-06,0.999985494054954,0.8000000000000002,True,correct,0.8000000000000002,True,correct,0.1,0.52497918747894,True,correct
DBLP,0.7,47,inner,bootstrap_OOB,294,journals/sigmod/Kim94,True,1,930Uth7EArkJ,930Uth7EArkJ,True,0.999064929170916,4.87731751619582e-06,0.9990600518534,0.8000000000000002,True,correct,0.8000000000000002,True,correct,0.1,0.52497918747894,True,correct
DBLP,0.7,47,inner,bootstrap_OOB,295,conf/vldb/LuL00,True,2,Ih5hY-NRmFgJ,Ih5hY-NRmFgJ,True,0.999995433546568,0.999983425054551,1.2008492017101524e-05,0.8000000000000002,True,correct,0.8000000000000002,True,correct,0.1,0.52497918747894,True,correct
DBLP,0.7,47,inner,bootstrap_OOB,296,conf/vldb/Selinger02,True,1,76u3c8hIWqoJ,76u3c8hIWqoJ,True,0.9999953250115464,1.068424486278254e-05,0.9999846407666836,0.8000000000000002,True,correct,0.8000000000000002,True,correct,0.1,0.52497918747894,True,correct
DBLP,0.7,47,inner,bootstrap_OOB,297,journals/sigmod/Winslett03b,False,0,,nPkMLSiC3JQJ,False,8.32244166327041e-06,4.85413001492008e-06,3.4683116483503305e-06,0.8000000000000002,False,unmatched_abstention,0.8000000000000002,False,unmatched_abstention,0.1,0.52497918747894,False,unmatched_abstention
DBLP,0.7,47,inner,bootstrap_OOB,298,conf/sigmod/BrodskyK95,True,2,6t_N5axEm7cJ,SFmnhrhoQzgJ,True,0.9999948252324764,0.1133371151783911,0.8866577100540852,0.8000000000000002,True,correct,0.8000000000000002,True,correct,0.1,0.52497918747894,True,correct
DBLP,0.7,47,inner,bootstrap_OOB,299,journals/tods/MehrotraRKS98,True,1,tAnONC5J2W8J,tAnONC5J2W8J,True,0.999995788540107,6.722621876939216e-06,0.99998906591823,0.8000000000000002,True,correct,0.8000000000000002,True,correct,0.1,0.52497918747894,True,correct
DBLP,0.7,47,inner,bootstrap_OOB,300,journals/tods/SchuldtABS02,True,1,zrQPbIIo2E8J,zrQPbIIo2E8J,True,0.999995345497442,4.399367358515439e-06,0.9999909461300834,0.8000000000000002,True,correct,0.8000000000000002,True,correct,0.1,0.52497918747894,True,correct
DBLP,0.7,47,inner,bootstrap_OOB,301,conf/vldb/ParkMC02,True,1,WFmae47kgN4J,WFmae47kgN4J,True,0.9999947548586666,3.438696060094141e-06,0.9999913161626064,0.8000000000000002,True,correct,0.8000000000000002,True,correct,0.1,0.52497918747894,True,correct
DBLP,0.7,47,inner,bootstrap_OOB,302,journals/sigmod/Liu02c,False,0,,diQK7Y_z3XwJ,False,2.7635288731169475e-05,1.3281616173305423e-05,1.4353672557864052e-05,0.8000000000000002,False,unmatched_abstention,0.8000000000000002,False,unmatched_abstention,0.1,0.52497918747894,False,unmatched_abstention
DBLP,0.7,47,inner,bootstrap_OOB,303,conf/vldb/ZhouS03,True,1,NlDvk5J0WwEJ,NlDvk5J0WwEJ,True,0.9999957007438836,3.918881508192026e-06,0.9999917818623754,0.8000000000000002,True,correct,0.8000000000000002,True,correct,0.1,0.52497918747894,True,correct
DBLP,0.7,47,inner,bootstrap_OOB,304,conf/vldb/LiM01,True,3,9vDm1Q41J8oJ,vkMYwC5tzUgJ,True,0.9999956877968994,0.999995067350155,6.20446744425962e-07,0.8000000000000002,True,correct,0.8000000000000002,True,correct,0.1,0.52497918747894,True,correct
DBLP,0.7,47,inner,bootstrap_OOB,305,journals/vldb/Bertino94,True,2,oRWtcCo6xlAJ,ylP7n4GU-DQJ,True,0.9999949030878984,0.9996785671319508,0.0003163359559477,0.8000000000000002,True,correct,0.8000000000000002,True,correct,0.1,0.52497918747894,True,correct
DBLP,0.7,47,inner,bootstrap_OOB,306,conf/sigmod/RaoR98,True,3,iqZZMPppeKAJ,WlSXiMaxGlQJ,True,0.9999956222201256,0.9999955071156236,1.1510450204088585e-07,0.8000000000000002,True,correct,0.8000000000000002,True,correct,0.1,0.52497918747894,True,correct
DBLP,0.7,47,inner,bootstrap_OOB,307,journals/tods/WolfsonJH97,True,3,FlC-FF1hbbUJ,FlC-FF1hbbUJ,True,0.9999948753647186,0.9998331021683032,0.0001617731964154,0.8000000000000002,True,correct,0.8000000000000002,True,correct,0.1,0.52497918747894,True,correct
DBLP,0.7,47,inner,bootstrap_OOB,308,conf/vldb/IshikawaSF98,True,4,9MDCp_a1roUJ,D1HCBThHOkcJ,True,0.999995828807022,0.999995192643814,6.361632080009727e-07,0.8000000000000002,True,correct,0.8000000000000002,True,correct,0.1,0.52497918747894,True,correct
DBLP,0.7,47,inner,bootstrap_OOB,309,conf/sigmod/KeoghCMP01,True,5,_nOW6fmEcTEJ,QTzuiNlMnR4J,True,0.999995458544638,0.9999947826466636,6.758979745891125e-07,0.8000000000000002,True,correct,0.8000000000000002,True,correct,0.1,0.52497918747894,True,correct
DBLP,0.7,47,inner,bootstrap_OOB,310,journals/sigmod/RossHKRRSS01,True,1,tOa0zXK5Ba4J,CGvD6Du5kaoJ,False,0.9999125799878704,0.0287649374695486,0.9711476425183218,0.8000000000000002,True,false_link,0.8000000000000002,True,false_link,0.1,0.52497918747894,True,false_link
DBLP,0.7,47,inner,bootstrap_OOB,311,journals/vldb/ZezulaSAR98,True,1,DM9hrpKpqmMJ,DM9hrpKpqmMJ,True,0.9999957004650696,7.536645573222751e-06,0.9999881638194964,0.8000000000000002,True,correct,0.8000000000000002,True,correct,0.1,0.52497918747894,True,correct
DBLP,0.7,47,inner,bootstrap_OOB,312,journals/tods/BaralisW00,True,1,4RrNbX-RjpsJ,4RrNbX-RjpsJ,True,0.9999956712373708,0.0003627741809134,0.9996328970564572,0.8000000000000002,True,correct,0.8000000000000002,True,correct,0.1,0.52497918747894,True,correct
DBLP,0.7,47,inner,bootstrap_OOB,313,conf/sigmod/Freeston95,True,2,eEvZek727-8J,Fr8CPbK-IFIJ,True,0.9999953517786242,0.9997965949386532,0.000198756839971,0.8000000000000002,True,correct,0.8000000000000002,True,correct,0.1,0.52497918747894,True,correct
DBLP,0.7,47,inner,bootstrap_OOB,314,journals/tods/SalemGS94,True,1,7IBL1cudvR0J,7IBL1cudvR0J,True,0.999986718282497,0.0001900893413922,0.9997966289411048,0.8000000000000002,True,correct,0.8000000000000002,True,correct,0.1,0.52497918747894,True,correct
DBLP,0.7,47,inner,bootstrap_OOB,315,journals/sigmod/TsotrasK96,True,3,9HEdn3A13BQJ,9HEdn3A13BQJ,True,0.9934411342932994,0.0017757270373714,0.991665407255928,0.8000000000000002,True,correct,0.8000000000000002,True,correct,0.1,0.52497918747894,True,correct
DBLP,0.7,47,inner,bootstrap_OOB,316,journals/tods/TaoSP03,True,1,FBp7oibu4ygJ,FBp7oibu4ygJ,True,0.999995097126366,5.246432144717884e-05,0.9999426328049188,0.8000000000000002,True,correct,0.8000000000000002,True,correct,0.1,0.52497918747894,True,correct
DBLP,0.7,47,inner,bootstrap_OOB,317,conf/vldb/ChaudhuriGN03,True,1,sAYCyUcugbYJ,sAYCyUcugbYJ,True,0.9999957042398232,4.40991499645097e-06,0.9999912943248268,0.8000000000000002,True,correct,0.8000000000000002,True,correct,0.1,0.52497918747894,True,correct
DBLP,0.7,47,inner,bootstrap_OOB,318,journals/sigmod/AtkinsonDJPS96,True,5,5tuINV43CDUJ,yfjKkIhvfXcJ,True,0.9999949485171338,0.9999948177851165,1.307320173227211e-07,0.8000000000000002,True,correct,0.8000000000000002,True,correct,0.1,0.52497918747894,True,correct
DBLP,0.7,47,inner,bootstrap_OOB,319,journals/vldb/SinghalS97,True,1,3fO2448hZgwJ,3fO2448hZgwJ,True,0.9999956166179256,3.4975006652665517e-06,0.9999921191172602,0.8000000000000002,True,correct,0.8000000000000002,True,correct,0.1,0.52497918747894,True,correct
DBLP,0.7,47,inner,bootstrap_OOB,320,conf/vldb/EleftheriouBCDHLPPABDDDGJHLRSVW03,True,1,hRToevpkaa0J,hRToevpkaa0J,True,0.9999945760432946,4.509531320230383e-06,0.9999900665119744,0.8000000000000002,True,correct,0.8000000000000002,True,correct,0.1,0.52497918747894,True,correct
DBLP,0.7,47,inner,bootstrap_OOB,321,journals/sigmod/Ahlberg96,True,1,4bBje8qkHVgJ,4bBje8qkHVgJ,True,0.9999948936590168,0.999964258708362,3.063495065469546e-05,0.8000000000000002,True,correct,0.8000000000000002,True,correct,0.1,0.52497918747894,True,correct
DBLP,0.7,47,inner,bootstrap_OOB,322,conf/sigmod/SrikantA96,True,13,9t4Mce85HT4J,o8sObeHIA40J,True,0.9999947632255524,0.9999945335289736,2.296965786463545e-07,0.8000000000000002,True,correct,0.8000000000000002,True,correct,0.1,0.52497918747894,True,correct
DBLP,0.7,47,inner,bootstrap_OOB,323,conf/sigmod/SismanisDRK02,True,4,bCj32WyDQ0IJ,seSeL2gsCJoJ,True,0.9999950843028234,0.9999943840560088,7.002468145334007e-07,0.8000000000000002,True,correct,0.8000000000000002,True,correct,0.1,0.52497918747894,True,correct
DBLP,0.7,47,inner,bootstrap_OOB,324,conf/sigmod/AcharyaFZ97,True,7,9OEjtHuRUzsJ,9OEjtHuRUzsJ,True,0.9999953840481962,0.9999953824279412,1.6202549302235523e-09,0.8000000000000002,True,correct,0.8000000000000002,True,correct,0.1,0.52497918747894,True,correct
DBLP,0.7,47,inner,bootstrap_OOB,325,conf/sigmod/ChaudhuriKN03,True,1,ES6QyfgebIcJ,ES6QyfgebIcJ,True,0.9999955087263928,3.855293033137319e-06,0.9999916534333596,0.8000000000000002,True,correct,0.8000000000000002,True,correct,0.1,0.52497918747894,True,correct
DBLP,0.7,47,inner,bootstrap_OOB,326,conf/sigmod/BunemanKTT02,True,1,cKIQyzazkYEJ,cKIQyzazkYEJ,True,0.9999907429645988,7.214263708305327e-06,0.9999835287008904,0.8000000000000002,True,correct,0.8000000000000002,True,correct,0.1,0.52497918747894,True,correct
DBLP,0.7,47,inner,bootstrap_OOB,327,conf/vldb/Pound99,True,1,zWp_JdEQ8MgJ,zWp_JdEQ8MgJ,True,0.9999958630628584,3.4616328092795958e-06,0.999992401430049,0.8000000000000002,True,correct,0.8000000000000002,True,correct,0.1,0.52497918747894,True,correct
DBLP,0.7,47,inner,bootstrap_OOB,328,journals/sigmod/EisenbergM02,True,1,wgK6p4mDSIMJ,wgK6p4mDSIMJ,True,0.9999957944239536,6.033942019649114e-05,0.9999354550037572,0.8000000000000002,True,correct,0.8000000000000002,True,correct,0.1,0.52497918747894,True,correct
DBLP,0.7,47,inner,bootstrap_OOB,329,journals/sigmod/Stonebraker02,True,1,0HMk-YUh4i8J,0HMk-YUh4i8J,True,0.9999939019880792,6.63174815838224e-06,0.9999872702399208,0.8000000000000002,True,correct,0.8000000000000002,True,correct,0.1,0.52497918747894,True,correct
DBLP,0.7,47,inner,bootstrap_OOB,330,conf/sigmod/Carey94,True,1,Lj8CI8ALd9UJ,Lj8CI8ALd9UJ,True,0.9999929182920204,6.348058870473413e-05,0.9999294377033155,0.8000000000000002,True,correct,0.8000000000000002,True,correct,0.1,0.52497918747894,True,correct
DBLP,0.7,47,inner,bootstrap_OOB,331,conf/sigmod/ShenoyHSBBS00,True,3,SipDBj3SOb4J,SipDBj3SOb4J,True,0.999994939297776,0.9999938021477328,1.1371500433510209e-06,0.8000000000000002,True,correct,0.8000000000000002,True,correct,0.1,0.52497918747894,True,correct
DBLP,0.7,47,inner,bootstrap_OOB,332,journals/sigmod/TaninBS96,True,5,4sRgCLIWKncJ,KUB7XvwH30AJ,True,0.999994663702126,0.9999943848378942,2.788642317064216e-07,0.8000000000000002,True,correct,0.8000000000000002,True,correct,0.1,0.52497918747894,True,correct
DBLP,0.7,47,inner,bootstrap_OOB,333,conf/sigmod/GuptaMR95,True,4,2GUwicKtWTUJ,ELtcV7mOQDgJ,True,0.9999943426217748,0.9998747626003078,0.000119580021467,0.8000000000000002,True,correct,0.8000000000000002,True,correct,0.1,0.52497918747894,True,correct
DBLP,0.7,47,inner,bootstrap_OOB,334,conf/vldb/LamKR02,True,1,GdvZvvRTXIAJ,GdvZvvRTXIAJ,True,0.9999956263638966,3.5334031797957723e-06,0.9999920929607168,0.8000000000000002,True,correct,0.8000000000000002,True,correct,0.1,0.52497918747894,True,correct
DBLP,0.7,47,inner,bootstrap_OOB,335,conf/vldb/LeslieJBY95,True,1,zmwPMSd8rGgJ,zmwPMSd8rGgJ,True,0.9999953439657836,3.363510761878636e-06,0.9999919804550218,0.8000000000000002,True,correct,0.8000000000000002,True,correct,0.1,0.52497918747894,True,correct
DBLP,0.7,47,inner,bootstrap_OOB,336,conf/sigmod/ShivakumarG97,True,1,4ioZ9JSSjVQJ,4ioZ9JSSjVQJ,True,0.999994752997544,3.776094881986396e-06,0.999990976902662,0.8000000000000002,True,correct,0.8000000000000002,True,correct,0.1,0.52497918747894,True,correct
DBLP,0.7,47,inner,bootstrap_OOB,337,conf/vldb/BrightR02,True,1,lovlkpxUzUsJ,lovlkpxUzUsJ,True,0.9999957072826218,3.6059909136157856e-06,0.999992101291708,0.8000000000000002,True,correct,0.8000000000000002,True,correct,0.1,0.52497918747894,True,correct
DBLP,0.7,47,inner,bootstrap_OOB,338,journals/sigmod/CareyS99,True,1,url:http://portal.acm.org/ft_gateway.cfm%3Fid%3D310071%26type%3Dpdf%26dl%3DGUIDE%26dl%3DACM%26CFID%3D11111111%26CFTOKEN%3D2222222,url:http://portal.acm.org/ft_gateway.cfm%3Fid%3D310071%26type%3Dpdf%26dl%3DGUIDE%26dl%3DACM%26CFID%3D11111111%26CFTOKEN%3D2222222,True,0.9999954007151776,4.135384992084816e-05,0.9999540468652568,0.8000000000000002,True,correct,0.8000000000000002,True,correct,0.1,0.52497918747894,True,correct
DBLP,0.7,47,inner,bootstrap_OOB,339,conf/vldb/ChaudhuriS94,True,3,bd-Lu1jeg-AJ,-f2FsG-EC9IJ,True,0.9999953256000176,0.9999949890083984,3.3659161924326497e-07,0.8000000000000002,True,correct,0.8000000000000002,True,correct,0.1,0.52497918747894,True,correct
DBLP,0.7,47,inner,bootstrap_OOB,340,journals/sigmod/TianDCZ02,True,5,eeCoB5sDWK4J,JceK-ywXk8UJ,True,0.9999957104950812,0.9999936973858072,2.013109273835134e-06,0.8000000000000002,True,correct,0.8000000000000002,True,correct,0.1,0.52497918747894,True,correct
DBLP,0.7,47,inner,bootstrap_OOB,341,journals/sigmod/Kumar03,True,1,VuNnpxJwvQkJ,VuNnpxJwvQkJ,True,0.9999941920178922,6.2167835264488725e-06,0.9999879752343658,0.8000000000000002,True,correct,0.8000000000000002,True,correct,0.1,0.52497918747894,True,correct
DBLP,0.7,47,inner,bootstrap_OOB,342,conf/sigmod/HernandezS95,True,5,7EYR1qDwKg0J,CckDkmI4U3wJ,True,0.9999954393218512,0.9999951999507404,2.393711107107066e-07,0.8000000000000002,True,correct,0.8000000000000002,True,correct,0.1,0.52497918747894,True,correct
DBLP,0.7,47,inner,bootstrap_OOB,343,conf/sigmod/TsurUACMNR98,True,5,aym35wwVDlQJ,aym35wwVDlQJ,True,0.9999949655997498,0.999994703092953,2.625067967443329e-07,0.8000000000000002,True,correct,0.8000000000000002,True,correct,0.1,0.52497918747894,True,correct
DBLP,0.7,47,inner,bootstrap_OOB,344,conf/sigmod/ChanI98,True,4,39AOIRe9qSQJ,39AOIRe9qSQJ,True,0.9999952946856888,0.9999947330692722,5.616164167054905e-07,0.8000000000000002,True,correct,0.8000000000000002,True,correct,0.1,0.52497918747894,True,correct
DBLP,0.7,47,inner,bootstrap_OOB,345,journals/sigmod/CiliaB02,True,1,Y1HVgTopekIJ,Y1HVgTopekIJ,True,0.9999955042610874,3.462894119904396e-06,0.9999920413669676,0.8000000000000002,True,correct,0.8000000000000002,True,correct,0.1,0.52497918747894,True,correct
DBLP,0.7,47,inner,bootstrap_OOB,346,conf/sigmod/LiBCS00,True,1,4abl38Q9iH4J,4abl38Q9iH4J,True,0.9999949575033016,5.608290486446317e-06,0.9999893492128152,0.8000000000000002,True,correct,0.8000000000000002,True,correct,0.1,0.52497918747894,True,correct
DBLP,0.7,47,inner,bootstrap_OOB,347,conf/vldb/Lesk94,True,1,nL5wl20jB-kJ,nL5wl20jB-kJ,True,0.9999935266242528,3.574780925893838e-06,0.999989951843327,0.8000000000000002,True,correct,0.8000000000000002,True,correct,0.1,0.52497918747894,True,correct
DBLP,0.7,47,inner,bootstrap_OOB,348,conf/vldb/LevySSZ94,True,1,MtScC-fTWCEJ,MtScC-fTWCEJ,True,0.9999951341392354,5.243200865927575e-06,0.9999898909383694,0.8000000000000002,True,correct,0.8000000000000002,True,correct,0.1,0.52497918747894,True,correct
DBLP,0.7,47,inner,bootstrap_OOB,349,conf/sigmod/ColeG94,True,4,_6wwPJEGUiAJ,z_W8jZ203sUJ,True,0.9999949077521016,0.9999948723630944,3.5389007391195555e-08,0.8000000000000002,True,correct,0.8000000000000002,True,correct,0.1,0.52497918747894,True,correct
DBLP,0.7,47,inner,bootstrap_OOB,350,conf/sigmod/BergstraesserBPS99,True,2,4Ha7Bs5Vq3MJ,qcZ2tYThtK0J,True,0.9999953214925486,0.0005977964145981,0.9993975250779504,0.8000000000000002,True,correct,0.8000000000000002,True,correct,0.1,0.52497918747894,True,correct
DBLP,0.7,47,inner,bootstrap_OOB,351,journals/sigmod/X94,False,0,,V3C6Q9Ki3FAJ,False,0.999866420866463,0.0009263976305115,0.9989400232359514,0.8000000000000002,True,false_link,0.8000000000000002,True,false_link,0.1,0.52497918747894,True,false_link
DBLP,0.7,47,inner,bootstrap_OOB,352,conf/vldb/AmirKN01,True,1,dEwdHTZZYWYJ,dEwdHTZZYWYJ,True,0.9999956151880296,3.676007988182965e-06,0.9999919391800414,0.8000000000000002,True,correct,0.8000000000000002,True,correct,0.1,0.52497918747894,True,correct
DBLP,0.7,47,inner,bootstrap_OOB,353,conf/vldb/RohmBSS02,True,2,Lp_ozOkFI30J,Lp_ozOkFI30J,True,0.9999950484694142,0.9999948463309624,2.0213845186578538e-07,0.8000000000000002,True,correct,0.8000000000000002,True,correct,0.1,0.52497918747894,True,correct
DBLP,0.7,47,inner,bootstrap_OOB,354,conf/sigmod/AshleyFHLNP95,True,5,9uxj2XzGt9UJ,FnnILIjz08EJ,True,0.9999954226419904,0.9999948501435112,5.724984791788401e-07,0.8000000000000002,True,correct,0.8000000000000002,True,correct,0.1,0.52497918747894,True,correct
DBLP,0.7,47,inner,bootstrap_OOB,355,conf/sigmod/LeeKOTM00,True,1,C8RLbWKCgicJ,C8RLbWKCgicJ,True,0.9999952634494648,4.7675848994582e-06,0.9999904958645652,0.8000000000000002,True,correct,0.8000000000000002,True,correct,0.1,0.52497918747894,True,correct
DBLP,0.7,47,inner,bootstrap_OOB,356,conf/sigmod/GoyalHKMSZ97,True,2,D-1jnVnmWnQJ,OcGPxRYxbsUJ,True,0.9999934360742874,0.0005284939929601,0.9994649420813272,0.8000000000000002,True,correct,0.8000000000000002,True,correct,0.1,0.52497918747894,True,correct
DBLP,0.7,47,inner,bootstrap_OOB,357,conf/vldb/HammadFAE03,True,1,vfCFumS9QtkJ,vfCFumS9QtkJ,True,0.9999951931251764,5.546246530294569e-06,0.999989646878646,0.8000000000000002,True,correct,0.8000000000000002,True,correct,0.1,0.52497918747894,True,correct
DBLP,0.7,47,inner,bootstrap_OOB,358,journals/sigmod/Hammer02,True,1,url:http://portal.acm.org/ft_gateway.cfm%3Fid%3D584455%26type%3Dpdf%26dl%3DGUIDE%26dl%3DACM%26CFID%3D11111111%26CFTOKEN%3D2222222,url:http://portal.acm.org/ft_gateway.cfm%3Fid%3D584455%26type%3Dpdf%26dl%3DGUIDE%26dl%3DACM%26CFID%3D11111111%26CFTOKEN%3D2222222,True,0.9999929287658468,2.0026813049223763e-05,0.9999729019527976,0.8000000000000002,True,correct,0.8000000000000002,True,correct,0.1,0.52497918747894,True,correct
DBLP,0.7,47,inner,bootstrap_OOB,359,journals/tods/DekhtyarRS01,True,6,5HstPUbtZ1QJ,jZShiF9wrikJ,True,0.999993042243997,0.99999224099928,8.012447171301673e-07,0.8000000000000002,True,correct,0.8000000000000002,True,correct,0.1,0.52497918747894,True,correct
DBLP,0.7,47,inner,bootstrap_OOB,360,conf/vldb/AgrawalPWZ95,True,7,bebOe4pVnmUJ,x_ykbVlfyP8J,True,0.9999951483645024,0.9999929355062392,2.212858263295203e-06,0.8000000000000002,True,correct,0.8000000000000002,True,correct,0.1,0.52497918747894,True,correct
DBLP,0.7,47,inner,bootstrap_OOB,361,conf/sigmod/GoyalHKMS96,True,1,uUcmU_hKF2kJ,uUcmU_hKF2kJ,True,0.9999927593583938,0.999991500033491,1.259324902802561e-06,0.8000000000000002,True,correct,0.8000000000000002,True,correct,0.1,0.52497918747894,True,correct
DBLP,0.7,47,inner,bootstrap_OOB,362,conf/vldb/LakshmananNWZJ02,True,1,qfw7Pu1wVcIJ,qfw7Pu1wVcIJ,True,0.9999236094492432,4.324252844485106e-06,0.9999192851963986,0.8000000000000002,True,correct,0.8000000000000002,True,correct,0.1,0.52497918747894,True,correct
DBLP,0.7,47,inner,bootstrap_OOB,363,journals/sigmod/BichlerSZ98,True,2,fQNdA5cjapAJ,fQNdA5cjapAJ,True,0.9999958765691088,0.9999945160525012,1.3605166075958408e-06,0.8000000000000002,True,correct,0.8000000000000002,True,correct,0.1,0.52497918747894,True,correct
DBLP,0.7,47,inner,bootstrap_OOB,364,conf/sigmod/AbiteboulBCMM03,True,2,AxpQwgyRyLgJ,Rjb06zlxbLIJ,True,0.9999958404619936,0.0169090387106517,0.983086801751342,0.8000000000000002,True,correct,0.8000000000000002,True,correct,0.1,0.52497918747894,True,correct
DBLP,0.7,47,inner,bootstrap_OOB,365,conf/sigmod/Aulakh98,True,1,xFK4CkKj14EJ,xFK4CkKj14EJ,True,0.9999939598664772,5.994329479278679e-06,0.999987965536998,0.8000000000000002,True,correct,0.8000000000000002,True,correct,0.1,0.52497918747894,True,correct
DBLP,0.7,47,inner,bootstrap_OOB,366,journals/sigmod/StolfoLCFE01,True,1,lvIPWxkN4YAJ,lvIPWxkN4YAJ,True,0.9999949050075408,5.115728762565813e-06,0.9999897892787782,0.8000000000000002,True,correct,0.8000000000000002,True,correct,0.1,0.52497918747894,True,correct
DBLP,0.7,47,inner,bootstrap_OOB,367,journals/sigmod/KempsterST99,True,1,JfmkT9KvKWoJ,JfmkT9KvKWoJ,True,0.9999908476347928,0.0002520566824515,0.9997387909523412,0.8000000000000002,True,correct,0.8000000000000002,True,correct,0.1,0.52497918747894,True,correct
DBLP,0.7,47,inner,bootstrap_OOB,368,conf/vldb/GalhardasFSSS01,True,6,nlOAkKW_ry8J,nlOAkKW_ry8J,True,0.9999954719812928,0.9999951827216184,2.892596743242493e-07,0.8000000000000002,True,correct,0.8000000000000002,True,correct,0.1,0.52497918747894,True,correct
DBLP,0.7,47,inner,bootstrap_OOB,369,journals/sigmod/RossGN03,False,0,,CGvD6Du5kaoJ,False,0.001315302571211,0.0002351385136019,0.001080164057609,0.8000000000000002,False,unmatched_abstention,0.8000000000000002,False,unmatched_abstention,0.1,0.52497918747894,False,unmatched_abstention
DBLP,0.7,47,inner,bootstrap_OOB,370,conf/vldb/BargaP95,True,9,3CDeAczlaSUJ,Rp6i1uA3RYQJ,True,0.9999958059990136,0.9999937817044584,2.024294555202921e-06,0.8000000000000002,True,correct,0.8000000000000002,True,correct,0.1,0.52497918747894,True,correct
DBLP,0.7,47,inner,bootstrap_OOB,371,conf/sigmod/NgLHP98,True,12,_2mjU5KqoVgJ,94DIEgTTg_oJ,True,0.9999955924184962,0.9999955549170408,3.7501455496524734e-08,0.8000000000000002,True,correct,0.8000000000000002,True,correct,0.1,0.52497918747894,True,correct
DBLP,0.7,47,inner,bootstrap_OOB,372,conf/vldb/IlyasAE03,True,1,Y385z1Dxp84J,Y385z1Dxp84J,True,0.9999943316912112,6.195665695583662e-06,0.9999881360255156,0.8000000000000002,True,correct,0.8000000000000002,True,correct,0.1,0.52497918747894,True,correct
DBLP,0.7,47,inner,bootstrap_OOB,373,journals/sigmod/RossKMV02,False,0,,CGvD6Du5kaoJ,False,0.9996977959779848,0.0142983293681878,0.9853994666097968,0.8000000000000002,True,false_link,0.8000000000000002,True,false_link,0.1,0.52497918747894,True,false_link
DBLP,0.7,47,inner,bootstrap_OOB,374,conf/vldb/SatheS01,True,1,L1IBwD8w1G0J,L1IBwD8w1G0J,True,0.999995305228029,3.5905386211313206e-06,0.999991714689408,0.8000000000000002,True,correct,0.8000000000000002,True,correct,0.1,0.52497918747894,True,correct
DBLP,0.7,47,inner,bootstrap_OOB,375,conf/sigmod/CruzALRZ97,True,3,uh2lQGa6hQUJ,url:http://www.csa.com/partners/viewrecord.php%3Frequester%3Dgs%26collection%3DTRD%26recid%3D0294187CI,True,0.9999949370337644,0.999994303001126,6.340326382803241e-07,0.8000000000000002,True,correct,0.8000000000000002,True,correct,0.1,0.52497918747894,True,correct
DBLP,0.7,47,inner,bootstrap_OOB,376,journals/sigmod/EisenbergM01,True,2,GKUflKzgAVEJ,GKUflKzgAVEJ,True,0.9999952930699776,0.9999324074317611,6.288563821654769e-05,0.8000000000000002,True,correct,0.8000000000000002,True,correct,0.1,0.52497918747894,True,correct
DBLP,0.7,47,inner,bootstrap_OOB,377,conf/sigmod/MorpainCFP96,True,1,98umDgwqRHcJ,98umDgwqRHcJ,True,0.9999958057190256,3.1653625225944216e-05,0.9999641520937996,0.8000000000000002,True,correct,0.8000000000000002,True,correct,0.1,0.52497918747894,True,correct
DBLP,0.7,47,inner,bootstrap_OOB,378,conf/sigmod/CherniackZ96,True,3,aQc379dSLlIJ,ZsHfcZJwFQQJ,True,0.99999561529257,0.9999942991314806,1.3161610893375195e-06,0.8000000000000002,True,correct,0.8000000000000002,True,correct,0.1,0.52497918747894,True,correct
DBLP,0.7,47,inner,bootstrap_OOB,379,conf/vldb/PottingerB03,True,3,Gq2yqOZGhBgJ,Q6pHDaV3sG4J,True,0.9999953357706308,0.9999948779738232,4.577968074626071e-07,0.8000000000000002,True,correct,0.8000000000000002,True,correct,0.1,0.52497918747894,True,correct
DBLP,0.7,47,inner,bootstrap_OOB,380,conf/sigmod/BlohsfeldKS99,True,1,PQbi3PaRh84J,PQbi3PaRh84J,True,0.9999957815860964,1.0093202699116775e-05,0.9999856883833974,0.8000000000000002,True,correct,0.8000000000000002,True,correct,0.1,0.52497918747894,True,correct
DBLP,0.7,47,inner,bootstrap_OOB,381,conf/vldb/CormodeKMS03,True,1,0ZQnv8tOzBwJ,0ZQnv8tOzBwJ,True,0.9999955894078492,0.0036978177666968,0.9962977716411524,0.8000000000000002,True,correct,0.8000000000000002,True,correct,0.1,0.52497918747894,True,correct
DBLP,0.7,47,inner,bootstrap_OOB,382,conf/vldb/RezendeS98,True,1,niRuvMkp4r4J,niRuvMkp4r4J,True,0.9999957307170456,1.362330065455005e-05,0.999982107416391,0.8000000000000002,True,correct,0.8000000000000002,True,correct,0.1,0.52497918747894,True,correct
DBLP,0.7,47,inner,bootstrap_OOB,383,conf/sigmod/BarclaySG00,True,6,6uaAB7bg6C8J,v6Rokk9Eht8J,True,0.9999950120323128,0.999994979532588,3.2499724800238994e-08,0.8000000000000002,True,correct,0.8000000000000002,True,correct,0.1,0.52497918747894,True,correct
DBLP,0.7,47,inner,bootstrap_OOB,384,journals/sigmod/HummerLW02,True,2,url:http://portal.acm.org/ft_gateway.cfm%3Fid%3D507345%26type%3Dpdf%26dl%3DGUIDE%26dl%3DACM%26CFID%3D11111111%26CFTOKEN%3D2222222,url:http://portal.acm.org/ft_gateway.cfm%3Fid%3D507345%26type%3Dpdf%26dl%3DGUIDE%26dl%3DACM%26CFID%3D11111111%26CFTOKEN%3D2222222,True,0.9999953699929643,0.999990497315302,4.87267766235977e-06,0.8000000000000002,True,correct,0.8000000000000002,True,correct,0.1,0.52497918747894,True,correct
DBLP,0.7,47,inner,bootstrap_OOB,385,conf/vldb/HasanM94,True,2,e7N82yYp8UIJ,JW7LRQwx_goJ,True,0.9999934307262353,0.9999729287617825,2.050196445269048e-05,0.8000000000000002,True,correct,0.8000000000000002,True,correct,0.1,0.52497918747894,True,correct
DBLP,0.7,47,inner,bootstrap_OOB,386,conf/vldb/NetzCBF00,True,1,mRIRFxOC8A8J,mRIRFxOC8A8J,True,0.9999955843237714,0.9998682784454168,0.0001273058783546,0.8000000000000002,True,correct,0.8000000000000002,True,correct,0.1,0.52497918747894,True,correct
DBLP,0.7,47,inner,bootstrap_OOB,387,conf/sigmod/ChungMS02,True,5,2y_G8dmz1QkJ,mEfTTKdu6soJ,True,0.999994678942422,0.9999944114639154,2.674785064549212e-07,0.8000000000000002,True,correct,0.8000000000000002,True,correct,0.1,0.52497918747894,True,correct
DBLP,0.7,47,inner,bootstrap_OOB,388,conf/vldb/HasanM95,True,3,8cd64f0t0-EJ,-aml_OMAQNgJ,True,0.9999953021825032,0.9999944887055332,8.134769700074429e-07,0.8000000000000002,True,correct,0.8000000000000002,True,correct,0.1,0.52497918747894,True,correct
DBLP,0.7,47,inner,bootstrap_OOB,389,conf/sigmod/Fegaras98,True,1,XVtlJYx2G_wJ,XVtlJYx2G_wJ,True,0.9999943680785404,6.217198552796074e-06,0.9999881508799876,0.8000000000000002,True,correct,0.8000000000000002,True,correct,0.1,0.52497918747894,True,correct
DBLP,0.7,47,inner,bootstrap_OOB,390,conf/vldb/ChenDZ03,True,2,5MbqS0-RzBIJ,cCpHMzAXRnsJ,True,0.999995204375299,0.9999872129283912,7.991446907773536e-06,0.8000000000000002,True,correct,0.8000000000000002,True,correct,0.1,0.52497918747894,True,correct
DBLP,0.7,47,inner,bootstrap_OOB,391,journals/vldb/RafieiM02,True,1,kZFfJieudW4J,kZFfJieudW4J,True,0.9999953462741774,2.687605007880104e-05,0.9999684702240986,0.8000000000000002,True,correct,0.8000000000000002,True,correct,0.1,0.52497918747894,True,correct
DBLP,0.7,47,inner,bootstrap_OOB,392,conf/vldb/KraissW97,True,1,X6w3sK-vb2wJ,X6w3sK-vb2wJ,True,0.999995595393484,5.326225957073396e-06,0.9999902691675268,0.8000000000000002,True,correct,0.8000000000000002,True,correct,0.1,0.52497918747894,True,correct
DBLP,0.7,47,inner,bootstrap_OOB,393,conf/sigmod/Rosenthal01,True,2,url:http://portal.acm.org/citation.cfm%3Fid%3D375796,url:http://portal.acm.org/citation.cfm%3Fid%3D375796,True,0.9999955541708888,0.9999920364618028,3.517709086131582e-06,0.8000000000000002,True,correct,0.8000000000000002,True,correct,0.1,0.52497918747894,True,correct
DBLP,0.7,47,inner,bootstrap_OOB,394,journals/sigmod/HanBP01,True,2,FT5pSUb-uTYJ,-OEJgpIAScMJ,True,0.999994949104828,0.9998578270429258,0.0001371220619021,0.8000000000000002,True,correct,0.8000000000000002,True,correct,0.1,0.52497918747894,True,correct
DBLP,0.7,47,inner,bootstrap_OOB,395,journals/sigmod/RamamrithamS97,True,1,HR-yLNuhtl4J,HR-yLNuhtl4J,True,0.999995495166792,1.331283691590509e-05,0.999982182329876,0.8000000000000002,True,correct,0.8000000000000002,True,correct,0.1,0.52497918747894,True,correct
DBLP,0.7,47,inner,bootstrap_OOB,396,conf/vldb/Keogh02,True,1,rKIsQpbRiM0J,rKIsQpbRiM0J,True,0.9999010200501564,4.171228779578447e-06,0.9998968488213767,0.8000000000000002,True,correct,0.8000000000000002,True,correct,0.1,0.52497918747894,True,correct
DBLP,0.7,47,inner,bootstrap_OOB,397,conf/sigmod/FranklinJK96,True,7,0e3bs1VFPvAJ,yY5hMqazRHoJ,True,0.9999945617635062,0.9999925618346838,1.9999288224381573e-06,0.8000000000000002,True,correct,0.8000000000000002,True,correct,0.1,0.52497918747894,True,correct
DBLP,0.7,47,inner,bootstrap_OOB,398,journals/vldb/NybergBCGL95,True,2,A1phylxPkl4J,A1phylxPkl4J,True,0.9999954606273952,0.999994898244272,5.623831231815757e-07,0.8000000000000002,True,correct,0.8000000000000002,True,correct,0.1,0.52497918747894,True,correct
DBLP,0.7,47,inner,bootstrap_OOB,399,conf/vldb/KerstenWFKBC03,True,1,Ub6YwssjyiYJ,Ub6YwssjyiYJ,True,0.9999948059104452,3.490666312857746e-06,0.9999913152441324,0.8000000000000002,True,correct,0.8000000000000002,True,correct,0.1,0.52497918747894,True,correct
DBLP,0.7,47,inner,bootstrap_OOB,400,journals/sigmod/RossAJS02,False,0,,CGvD6Du5kaoJ,False,0.9996977959779848,0.0142983293681878,0.9853994666097968,0.8000000000000002,True,false_link,0.8000000000000002,True,false_link,0.1,0.52497918747894,True,false_link
DBLP,0.7,47,inner,bootstrap_OOB,401,journals/vldb/HuntAI02,True,1,LiYp5oaDwbMJ,LiYp5oaDwbMJ,True,0.9999955629302671,7.118633640539126e-05,0.9999243765938618,0.8000000000000002,True,correct,0.8000000000000002,True,correct,0.1,0.52497918747894,True,correct
DBLP,0.7,47,inner,bootstrap_OOB,402,conf/sigmod/MotakisZ97,True,4,8hMkXAIa8vEJ,e8OIK3dEo6EJ,True,0.9999925221116016,0.999987916297416,4.605814185376644e-06,0.8000000000000002,True,correct,0.8000000000000002,True,correct,0.1,0.52497918747894,True,correct
DBLP,0.7,47,inner,bootstrap_OOB,403,journals/sigmod/Rosenthal98,True,1,ZMMeRrWUlOoJ,ZMMeRrWUlOoJ,True,0.9999853341659676,4.311035331536209e-06,0.999981023130636,0.8000000000000002,True,correct,0.8000000000000002,True,correct,0.1,0.52497918747894,True,correct
DBLP,0.7,47,inner,bootstrap_OOB,404,conf/vldb/RamasamyPNK00,True,1,wR0R0jS5J6oJ,wR0R0jS5J6oJ,True,0.9999952187828234,4.338826505683457e-06,0.9999908799563176,0.8000000000000002,True,correct,0.8000000000000002,True,correct,0.1,0.52497918747894,True,correct
DBLP,0.7,47,inner,bootstrap_OOB,405,conf/vldb/ShahDR03,True,3,FR1h4tU9FosJ,Zlk6Tn-sPxwJ,True,0.999995663862237,0.9999940166820066,1.6471802304351968e-06,0.8000000000000002,True,correct,0.8000000000000002,True,correct,0.1,0.52497918747894,True,correct
DBLP,0.7,47,inner,bootstrap_OOB,406,conf/sigmod/Gettys95,False,0,,N8syKKPN6IoJ,False,4.810093989308615e-06,3.87216536239618e-06,9.379286269124352e-07,0.8000000000000002,False,unmatched_abstention,0.8000000000000002,False,unmatched_abstention,0.1,0.52497918747894,False,unmatched_abstention
DBLP,0.7,47,inner,bootstrap_OOB,407,journals/sigmod/Widom96b,False,0,,diQK7Y_z3XwJ,False,1.5988865587781115e-05,1.0727145701422814e-05,5.261719886358301e-06,0.8000000000000002,False,unmatched_abstention,0.8000000000000002,False,unmatched_abstention,0.1,0.52497918747894,False,unmatched_abstention
DBLP,0.7,47,inner,bootstrap_OOB,408,journals/sigmod/Klein94,True,1,kG86HB6N1xEJ,kG86HB6N1xEJ,True,0.9999912884258464,3.819447634354921e-06,0.999987468978212,0.8000000000000002,True,correct,0.8000000000000002,True,correct,0.1,0.52497918747894,True,correct
DBLP,0.7,47,inner,bootstrap_OOB,409,conf/vldb/AltinelBKMPR03,True,2,hd5JHUAr6z4J,wIlHF5DfRbMJ,True,0.9999952868353186,0.9999944126949204,8.741403980661033e-07,0.8000000000000002,True,correct,0.8000000000000002,True,correct,0.1,0.52497918747894,True,correct
DBLP,0.7,47,inner,bootstrap_OOB,410,journals/sigmod/Snodgrass97,False,0,,NHxHsUH9L5MJ,False,0.0091762750959987,0.0011645683145026,0.0080117067814961,0.8000000000000002,False,unmatched_abstention,0.8000000000000002,False,unmatched_abstention,0.1,0.52497918747894,False,unmatched_abstention
DBLP,0.7,47,inner,bootstrap_OOB,411,conf/sigmod/HwangLYMMGCSS94,True,1,AWah9GLEFTAJ,AWah9GLEFTAJ,True,0.999993641887408,0.0001357652413926,0.9998578766460152,0.8000000000000002,True,correct,0.8000000000000002,True,correct,0.1,0.52497918747894,True,correct
DBLP,0.7,47,inner,bootstrap_OOB,412,conf/sigmod/AtzeniT97,True,3,i2LI1TWifbYJ,i2LI1TWifbYJ,True,0.9999958392281272,0.999995715458406,1.237697211387001e-07,0.8000000000000002,True,correct,0.8000000000000002,True,correct,0.1,0.52497918747894,True,correct
DBLP,0.7,47,inner,bootstrap_OOB,413,conf/vldb/KonigW99,True,1,6HMffRHCspAJ,6HMffRHCspAJ,True,0.9999956854316095,0.5260771132533899,0.4739185721782197,0.8000000000000002,True,correct,0.8000000000000002,True,correct,0.1,0.52497918747894,True,correct
DBLP,0.7,47,inner,bootstrap_OOB,414,conf/vldb/MohanBWSZ00,True,1,zCY0pFken7wJ,zCY0pFken7wJ,True,0.9999955463372248,1.2170846972066269e-05,0.9999833754902528,0.8000000000000002,True,correct,0.8000000000000002,True,correct,0.1,0.52497918747894,True,correct
DBLP,0.7,47,inner,bootstrap_OOB,415,conf/vldb/DiaoF03,True,1,Crt1JZ1eEj0J,Crt1JZ1eEj0J,True,0.9999953356549776,0.0010659716078405,0.9989293640471372,0.8000000000000002,True,correct,0.8000000000000002,True,correct,0.1,0.52497918747894,True,correct
DBLP,0.7,47,inner,bootstrap_OOB,416,conf/vldb/WuFSP00,True,2,tr_rawv-6SMJ,XojbAfbtdvcJ,True,0.9999952701661504,0.9999663546011645,2.8915564986187192e-05,0.8000000000000002,True,correct,0.8000000000000002,True,correct,0.1,0.52497918747894,True,correct
DBLP,0.7,47,inner,bootstrap_OOB,417,conf/vldb/TsurAADKW01,True,1,PvNI0yqRqtQJ,PvNI0yqRqtQJ,True,0.9999926791838382,5.6130312179988885e-06,0.99998706615262,0.8000000000000002,True,correct,0.8000000000000002,True,correct,0.1,0.52497918747894,True,correct
DBLP,0.7,47,inner,bootstrap_OOB,418,journals/sigmod/BernsteinBCDFGGHHJLMNPSU98,True,6,CuNhtOboaGoJ,Syu5W-3uFFAJ,True,0.9999936461425816,0.9999932605984744,3.855441073064015e-07,0.8000000000000002,True,correct,0.8000000000000002,True,correct,0.1,0.52497918747894,True,correct
DBLP,0.7,47,inner,bootstrap_OOB,419,conf/sigmod/ThaperGIK02,True,4,6a1G1MBvuWcJ,855tuDOhjl4J,True,0.9999915806131504,0.9999915725800352,8.03311517305616e-09,0.8000000000000002,True,correct,0.8000000000000002,True,correct,0.1,0.52497918747894,True,correct
DBLP,0.7,47,inner,bootstrap_OOB,420,conf/sigmod/BabcockO03,True,1,acnzsOLHFywJ,acnzsOLHFywJ,True,0.9999896473744382,5.209120196233782e-06,0.999984438254242,0.8000000000000002,True,correct,0.8000000000000002,True,correct,0.1,0.52497918747894,True,correct
DBLP,0.7,47,inner,bootstrap_OOB,421,journals/sigmod/Cetintemel01,True,1,CAKcsKXFoCoJ,CAKcsKXFoCoJ,True,0.9999957343106564,3.812125960593693e-06,0.9999919221846958,0.8000000000000002,True,correct,0.8000000000000002,True,correct,0.1,0.52497918747894,True,correct
DBLP,0.7,47,inner,bootstrap_OOB,422,conf/sigmod/GunopulosD01,True,4,kneUxV6J3nQJ,oYtmj53qV0UJ,True,0.9999952779992533,0.9999914479140528,3.8300852004402586e-06,0.8000000000000002,True,correct,0.8000000000000002,True,correct,0.1,0.52497918747894,True,correct
DBLP,0.7,47,inner,bootstrap_OOB,423,conf/vldb/IyerW94,True,1,5smJVUm1KAYJ,5smJVUm1KAYJ,True,0.9999953627635708,1.1220374942782532e-05,0.999984142388628,0.8000000000000002,True,correct,0.8000000000000002,True,correct,0.1,0.52497918747894,True,correct
DBLP,0.7,47,inner,bootstrap_OOB,424,conf/vldb/MalonM97,True,1,ogRpbFNQTSkJ,ogRpbFNQTSkJ,True,0.9999941375549946,3.833233801768232e-06,0.9999903043211928,0.8000000000000002,True,correct,0.8000000000000002,True,correct,0.1,0.52497918747894,True,correct
DBLP,0.7,47,inner,bootstrap_OOB,425,journals/sigmod/CfP99,False,0,,xKi8Vm3o9KsJ,False,2.6588692431673736e-05,6.545478993387093e-06,2.004321343828664e-05,0.8000000000000002,False,unmatched_abstention,0.8000000000000002,False,unmatched_abstention,0.1,0.52497918747894,False,unmatched_abstention
DBLP,0.7,47,inner,bootstrap_OOB,426,journals/vldb/BeckerGOSW96,True,2,BNQ07kOYONgJ,BNQ07kOYONgJ,True,0.9999949953936228,0.9900853612777604,0.0099096341158624,0.8000000000000002,True,correct,0.8000000000000002,True,correct,0.1,0.52497918747894,True,correct
DBLP,0.7,47,inner,bootstrap_OOB,427,conf/vldb/ChienTZ01,True,2,eWCz_YJFqjcJ,eWCz_YJFqjcJ,True,0.9999953341378792,0.999994504456093,8.296817863850947e-07,0.8000000000000002,True,correct,0.8000000000000002,True,correct,0.1,0.52497918747894,True,correct
DBLP,0.7,47,inner,bootstrap_OOB,428,conf/vldb/Ganguly98,True,1,a8cB2S6Td-sJ,a8cB2S6Td-sJ,True,0.9999948312201208,2.7617742315446985e-05,0.9999672134778054,0.8000000000000002,True,correct,0.8000000000000002,True,correct,0.1,0.52497918747894,True,correct
DBLP,0.7,47,inner,bootstrap_OOB,429,journals/sigmod/ZobelMR96,True,1,6NbNX8nSta0J,6NbNX8nSta0J,True,0.9999952813529678,5.394387908532047e-06,0.9999898869650592,0.8000000000000002,True,correct,0.8000000000000002,True,correct,0.1,0.52497918747894,True,correct
DBLP,0.7,47,inner,bootstrap_OOB,430,conf/sigmod/ChoiC02,True,1,D8a4umAppIcJ,D8a4umAppIcJ,True,0.9999955267310168,1.873808995179899e-05,0.999976788641065,0.8000000000000002,True,correct,0.8000000000000002,True,correct,0.1,0.52497918747894,True,correct
DBLP,0.7,47,inner,bootstrap_OOB,431,journals/vldb/SwamiS95,True,1,S6TmnZKgmxwJ,S6TmnZKgmxwJ,True,0.9999956117367992,7.310448817413261e-06,0.9999883012879816,0.8000000000000002,True,correct,0.8000000000000002,True,correct,0.1,0.52497918747894,True,correct
DBLP,0.7,47,inner,bootstrap_OOB,432,conf/vldb/RizviH02,True,4,2pPdWgF69ZoJ,3ku_XOqYuawJ,True,0.9999957178644076,0.9999949743206856,7.435437220371099e-07,0.8000000000000002,True,correct,0.8000000000000002,True,correct,0.1,0.52497918747894,True,correct
DBLP,0.7,47,inner,bootstrap_OOB,433,conf/sigmod/KabraD98,True,3,E0nhpX8pYsQJ,V9XUvirmVEEJ,True,0.9999950869976564,0.999994675257038,4.117406182668759e-07,0.8000000000000002,True,correct,0.8000000000000002,True,correct,0.1,0.52497918747894,True,correct
DBLP,0.7,47,inner,bootstrap_OOB,434,conf/sigmod/BerchtoldK98,True,5,9UYo0M1RV7oJ,irJbh9rrinoJ,True,0.9999954588261476,0.9999953976043106,6.122183715540075e-08,0.8000000000000002,True,correct,0.8000000000000002,True,correct,0.1,0.52497918747894,True,correct
DBLP,0.7,47,inner,bootstrap_OOB,435,conf/vldb/ChanGR02,True,2,7rn7AHVs1YUJ,7rn7AHVs1YUJ,True,0.9999931690053336,0.999990912612141,2.256393192734407e-06,0.8000000000000002,True,correct,0.8000000000000002,True,correct,0.1,0.52497918747894,True,correct
DBLP,0.7,47,inner,bootstrap_OOB,436,conf/vldb/StillgerLMK01,True,3,k8EsgEuKhQ0J,R43ssyRp674J,True,0.9999932682296058,0.999992406221538,8.62008067814557e-07,0.8000000000000002,True,correct,0.8000000000000002,True,correct,0.1,0.52497918747894,True,correct
DBLP,0.7,47,inner,bootstrap_OOB,437,journals/sigmod/TatarinovIMHSDDKMM03,True,2,0JPhnHlRGOoJ,0JPhnHlRGOoJ,True,0.999993468588304,0.0378250609317333,0.9621684076565706,0.8000000000000002,True,correct,0.8000000000000002,True,correct,0.1,0.52497918747894,True,correct
DBLP,0.7,47,inner,bootstrap_OOB,438,conf/vldb/DongHLPW01,True,3,C_H34ddegI8J,C_H34ddegI8J,True,0.999995423907749,0.9999909778079396,4.44609980931876e-06,0.8000000000000002,True,correct,0.8000000000000002,True,correct,0.1,0.52497918747894,True,correct
DBLP,0.7,47,inner,bootstrap_OOB,439,journals/sigmod/Fagin02,True,2,C3swZi1md5YJ,C3swZi1md5YJ,True,0.9999952515545673,1.1654283202807424e-05,0.9999835972713644,0.8000000000000002,True,correct,0.8000000000000002,True,correct,0.1,0.52497918747894,True,correct
DBLP,0.7,47,inner,bootstrap_OOB,440,conf/vldb/NgY94,True,3,1O-Uy922LQUJ,1O-Uy922LQUJ,True,0.999995363210211,0.9999921436750586,3.219535152365616e-06,0.8000000000000002,True,correct,0.8000000000000002,True,correct,0.1,0.52497918747894,True,correct
DBLP,0.7,47,inner,bootstrap_OOB,441,conf/sigmod/AgrawalCD02,True,1,iABZEL2Zoz8J,iABZEL2Zoz8J,True,0.9999956371825968,0.0003710347370615,0.9996246024455352,0.8000000000000002,True,correct,0.8000000000000002,True,correct,0.1,0.52497918747894,True,correct
DBLP,0.7,47,inner,bootstrap_OOB,442,conf/vldb/RamaswamyMS98,True,2,Qq2kFNELi_8J,WTYQ40Rn_tUJ,True,0.9999956499911616,0.9999926565353991,2.9934557623789715e-06,0.8000000000000002,True,correct,0.8000000000000002,True,correct,0.1,0.52497918747894,True,correct
DBLP,0.7,47,inner,bootstrap_OOB,443,conf/vldb/JagadishMN99,True,3,9rDll5YAQnoJ,RPWDtUmq6_QJ,True,0.9999955205068296,0.9999953565016612,1.6400516844594648e-07,0.8000000000000002,True,correct,0.8000000000000002,True,correct,0.1,0.52497918747894,True,correct
DBLP,0.7,47,inner,bootstrap_OOB,444,conf/sigmod/Galindo-LegariaJ01,True,1,BSlaDX5r0HQJ,BSlaDX5r0HQJ,True,0.999995424815388,4.939866532354616e-06,0.9999904849488556,0.8000000000000002,True,correct,0.8000000000000002,True,correct,0.1,0.52497918747894,True,correct
DBLP,0.7,47,inner,bootstrap_OOB,445,conf/vldb/MargaritisFT01,True,2,WOiDxLKSioAJ,z2EsEsrBfsYJ,True,0.9999956957553034,0.9999901278739094,5.567881394052954e-06,0.8000000000000002,True,correct,0.8000000000000002,True,correct,0.1,0.52497918747894,True,correct
DBLP,0.7,47,inner,bootstrap_OOB,446,conf/sigmod/AbadiC02,True,1,f2Lea-RN8dsJ,f2Lea-RN8dsJ,True,0.9999937001080226,3.865553569209452e-06,0.9999898345544532,0.8000000000000002,True,correct,0.8000000000000002,True,correct,0.1,0.52497918747894,True,correct
DBLP,0.7,47,inner,bootstrap_OOB,447,journals/vldb/YangW03,True,3,7WaQNGnv1l4J,7WaQNGnv1l4J,True,0.9999954182746194,0.9999664770094012,2.8941265218129782e-05,0.8000000000000002,True,correct,0.8000000000000002,True,correct,0.1,0.52497918747894,True,correct
DBLP,0.7,47,inner,bootstrap_OOB,448,journals/sigmod/Widom95a,False,0,,diQK7Y_z3XwJ,False,2.0059460166464065e-05,1.9648046915332285e-05,4.114132511317804e-07,0.8000000000000002,False,unmatched_abstention,0.8000000000000002,False,unmatched_abstention,0.1,0.52497918747894,False,unmatched_abstention
DBLP,0.7,47,inner,bootstrap_OOB,449,conf/sigmod/BrinkhoffKSS94,True,5,cb1kf4z7hA4J,cb1kf4z7hA4J,True,0.9999947743307412,0.9999927562711276,2.0180596136398776e-06,0.8000000000000002,True,correct,0.8000000000000002,True,correct,0.1,0.52497918747894,True,correct
DBLP,0.7,47,inner,bootstrap_OOB,450,journals/vldb/RahmB01,True,6,707RPzHAB8YJ,OmmFvfvPT6MJ,True,0.9999957542664876,0.9999952955651208,4.5870136677894646e-07,0.8000000000000002,True,correct,0.8000000000000002,True,correct,0.1,0.52497918747894,True,correct
DBLP,0.7,47,inner,bootstrap_OOB,451,journals/sigmod/ShahMFH01,True,1,7b-nJDMGtwUJ,7b-nJDMGtwUJ,True,0.999995248179674,3.515816799589419e-06,0.9999917323628744,0.8000000000000002,True,correct,0.8000000000000002,True,correct,0.1,0.52497918747894,True,correct
DBLP,0.7,47,inner,bootstrap_OOB,452,journals/sigmod/YeungHL94,True,1,yQv94p3tE1IJ,yQv94p3tE1IJ,True,0.9999951249146208,6.482397464309483e-05,0.9999303009399776,0.8000000000000002,True,correct,0.8000000000000002,True,correct,0.1,0.52497918747894,True,correct
DBLP,0.7,47,inner,bootstrap_OOB,453,conf/sigmod/Mohan01,True,1,IGS3TtqfKUgJ,IGS3TtqfKUgJ,True,0.9999935510188698,0.9999881055641462,5.44545472358493e-06,0.8000000000000002,True,correct,0.8000000000000002,True,correct,0.1,0.52497918747894,True,correct
DBLP,0.7,47,inner,bootstrap_OOB,454,journals/sigmod/Richey95,True,1,2p2A5_qGf5cJ,2p2A5_qGf5cJ,True,0.9999945964523268,4.246758040508162e-06,0.9999903496942862,0.8000000000000002,True,correct,0.8000000000000002,True,correct,0.1,0.52497918747894,True,correct
DBLP,0.7,47,inner,bootstrap_OOB,455,conf/vldb/RiedelGF98,True,3,DFXKdJJtFsQJ,f2N_DxLirWIJ,True,0.9999956857566568,0.9999929949996156,2.690757041401426e-06,0.8000000000000002,True,correct,0.8000000000000002,True,correct,0.1,0.52497918747894,True,correct
DBLP,0.7,47,inner,bootstrap_OOB,456,conf/vldb/AlsabtiRS97,True,2,-0Lu8VIRYtEJ,nqOZsUydoQkJ,True,0.9999957690318592,0.999994813528204,9.555036551978091e-07,0.8000000000000002,True,correct,0.8000000000000002,True,correct,0.1,0.52497918747894,True,correct
DBLP,0.7,47,inner,bootstrap_OOB,457,conf/sigmod/Jhingran00,True,1,uguuV9ATE1YJ,uguuV9ATE1YJ,True,0.9999847587797278,3.8597885548092e-06,0.999980898991173,0.8000000000000002,True,correct,0.8000000000000002,True,correct,0.1,0.52497918747894,True,correct
DBLP,0.7,47,inner,bootstrap_OOB,458,journals/sigmod/RossAA02,False,0,,CGvD6Du5kaoJ,False,0.9996977959779848,0.0142983293681878,0.9853994666097968,0.8000000000000002,True,false_link,0.8000000000000002,True,false_link,0.1,0.52497918747894,True,false_link
DBLP,0.7,47,inner,bootstrap_OOB,459,conf/sigmod/Cohen98,True,2,_ICk4vgjlgsJ,_ICk4vgjlgsJ,True,0.9999957214361942,0.999995548740562,1.726956322389839e-07,0.8000000000000002,True,correct,0.8000000000000002,True,correct,0.1,0.52497918747894,True,correct
DBLP,0.7,47,inner,bootstrap_OOB,460,conf/sigmod/DeshpandeRSN98,True,1,BXB96UFPHn8J,BXB96UFPHn8J,True,0.9999949432730336,5.415965665112084e-06,0.9999895273073685,0.8000000000000002,True,correct,0.8000000000000002,True,correct,0.1,0.52497918747894,True,correct
DBLP,0.7,47,inner,bootstrap_OOB,461,conf/sigmod/RamaswamyK95,True,3,AL0SfNHykJEJ,g9Y0KAu_UHQJ,True,0.9999926938863168,0.9999898278495564,2.8660367602517667e-06,0.8000000000000002,True,correct,0.8000000000000002,True,correct,0.1,0.52497918747894,True,correct
DBLP,0.7,47,inner,bootstrap_OOB,462,journals/vldb/BraumandlCKK00,True,1,snWxBtd7kK8J,snWxBtd7kK8J,True,0.9999935313390528,1.0597906047168174e-05,0.9999829334330056,0.8000000000000002,True,correct,0.8000000000000002,True,correct,0.1,0.52497918747894,True,correct
DBLP,0.7,47,inner,bootstrap_OOB,463,journals/sigmod/ClementiniF00,True,1,9_GTdteKEYsJ,9_GTdteKEYsJ,True,0.9999775783584294,4.718449050820015e-05,0.9999303938679212,0.8000000000000002,True,correct,0.8000000000000002,True,correct,0.1,0.52497918747894,True,correct
DBLP,0.7,47,inner,bootstrap_OOB,464,conf/sigmod/LakshmananPZ03a,True,2,4sJ3mLPGGVQJ,4sJ3mLPGGVQJ,True,0.9999956755986922,0.9999934367816072,2.238817084831979e-06,0.8000000000000002,True,correct,0.8000000000000002,True,correct,0.1,0.52497918747894,True,correct
DBLP,0.7,47,inner,bootstrap_OOB,465,journals/tods/Hellerstein98,True,5,Ae-y0LICgtkJ,q8m4M7OxSSAJ,True,0.9999953014118512,0.999994928697926,3.727139251674672e-07,0.8000000000000002,True,correct,0.8000000000000002,True,correct,0.1,0.52497918747894,True,correct
DBLP,0.7,47,inner,bootstrap_OOB,466,conf/vldb/ShaferAM96,True,6,5HHRNLsy0sAJ,5HHRNLsy0sAJ,True,0.999995455334196,0.9999947941773644,6.611568316161609e-07,0.8000000000000002,True,correct,0.8000000000000002,True,correct,0.1,0.52497918747894,True,correct
DBLP,0.7,47,inner,bootstrap_OOB,467,journals/sigmod/McHughAGQW97,True,7,0VMP__pyg_4J,FUXcNB3HHi4J,True,0.9999954590686648,0.9999952851314804,1.7393718454439266e-07,0.8000000000000002,True,correct,0.8000000000000002,True,correct,0.1,0.52497918747894,True,correct
DBLP,0.7,47,inner,bootstrap_OOB,468,conf/sigmod/SubramanianV98,True,1,KxwymZ2AGNQJ,KxwymZ2AGNQJ,True,0.999995054326104,3.757716263661972e-06,0.9999912966098404,0.8000000000000002,True,correct,0.8000000000000002,True,correct,0.1,0.52497918747894,True,correct
DBLP,0.7,47,inner,bootstrap_OOB,469,conf/vldb/OzsuVU98,True,2,tftfK6qWKJcJ,WAivXgeI8vIJ,True,0.999994986584946,0.999985112433273,9.874151672861764e-06,0.8000000000000002,True,correct,0.8000000000000002,True,correct,0.1,0.52497918747894,True,correct
DBLP,0.7,47,inner,bootstrap_OOB,470,journals/sigmod/FrewD97,True,2,5jMT1PENhSIJ,5jMT1PENhSIJ,True,0.9999946141862318,0.9999936203253976,9.938608341863997e-07,0.8000000000000002,True,correct,0.8000000000000002,True,correct,0.1,0.52497918747894,True,correct
DBLP,0.7,47,inner,bootstrap_OOB,471,journals/sigmod/Anonymous96,False,0,,url:http://portal.acm.org/ft_gateway.cfm%3Fid%3D223859%26type%3Dpdf%26coll%3DGUIDE%26dl%3DACM%26CFID%3D11111111%26CFTOKEN%3D2222222,False,1.8073317705665413e-05,8.119682113622072e-06,9.95363559204334e-06,0.8000000000000002,False,unmatched_abstention,0.8000000000000002,False,unmatched_abstention,0.1,0.52497918747894,False,unmatched_abstention
DBLP,0.7,47,inner,bootstrap_OOB,472,conf/sigmod/Brewer98,True,1,k4UNrsGeUuAJ,k4UNrsGeUuAJ,True,0.9999956397947268,1.2658931375409967e-05,0.9999829808633516,0.8000000000000002,True,correct,0.8000000000000002,True,correct,0.1,0.52497918747894,True,correct
DBLP,0.7,47,inner,bootstrap_OOB,473,journals/vldb/PapadiasS94,True,3,_ANyhrnP3CoJ,UM0nh_l5epoJ,True,0.9999955664325668,0.9762769570475598,0.0237186093850069,0.8000000000000002,True,correct,0.8000000000000002,True,correct,0.1,0.52497918747894,True,correct
DBLP,0.7,47,inner,bootstrap_OOB,474,conf/vldb/LakshmananSS96,True,9,0VHtbuWJCQUJ,0VHtbuWJCQUJ,True,0.9999951228452784,0.9999946328959614,4.899493170062996e-07,0.8000000000000002,True,correct,0.8000000000000002,True,correct,0.1,0.52497918747894,True,correct
DBLP,0.7,47,inner,bootstrap_OOB,475,conf/sigmod/BettiniWBJ95,True,2,c57d3rgd3IcJ,c57d3rgd3IcJ,True,0.9999956308454304,0.9995421977470432,0.0004534330983871,0.8000000000000002,True,correct,0.8000000000000002,True,correct,0.1,0.52497918747894,True,correct
DBLP,0.7,47,inner,bootstrap_OOB,476,journals/sigmod/GobleR02,True,1,url:http://portal.acm.org/ft_gateway.cfm%3Fid%3D507366%26type%3Dpdf%26dl%3DGUIDE%26dl%3DACM%26CFID%3D11111111%26CFTOKEN%3D2222222,url:http://portal.acm.org/ft_gateway.cfm%3Fid%3D507366%26type%3Dpdf%26dl%3DGUIDE%26dl%3DACM%26CFID%3D11111111%26CFTOKEN%3D2222222,True,0.9999949678797816,0.0001412527335288,0.9998537151462528,0.8000000000000002,True,correct,0.8000000000000002,True,correct,0.1,0.52497918747894,True,correct
DBLP,0.7,47,inner,bootstrap_OOB,477,journals/tods/Snodgrass01a,False,0,,url:http://www.ingentaconnect.com/content/els/09505849/2001/00000043/00000014/art00205,False,0.0479577990079576,0.0090474801116718,0.0389103188962858,0.8000000000000002,False,unmatched_abstention,0.8000000000000002,False,unmatched_abstention,0.1,0.52497918747894,False,unmatched_abstention
DBLP,0.7,47,inner,bootstrap_OOB,478,conf/sigmod/GuoSBS03,True,1,p_PDgjVRUS4J,p_PDgjVRUS4J,True,0.999994256862556,3.854943764380693e-06,0.9999904019187916,0.8000000000000002,True,correct,0.8000000000000002,True,correct,0.1,0.52497918747894,True,correct
DBLP,0.7,47,inner,bootstrap_OOB,479,journals/tods/Kim94,True,1,url:http://portal.acm.org/citation.cfm%3Fid%3D202106.569784%26coll%3Dportal%26dl%3DACM%26idx%3DJ777%26part%3Dtransaction%26WantType%3Dtransaction%26title%3DACM%2520Transactions%2520on%2520Database%2520Systems%2520(TODS)%26CFID%3D11111111%26CFTOKEN%3D2222222,url:http://portal.acm.org/citation.cfm%3Fid%3D202106.569784%26coll%3Dportal%26dl%3DACM%26idx%3DJ777%26part%3Dtransaction%26WantType%3Dtransaction%26title%3DACM%2520Transactions%2520on%2520Database%2520Systems%2520(TODS)%26CFID%3D11111111%26CFTOKEN%3D2222222,True,0.0149680923855147,4.720145780658544e-06,0.014963372239734,0.8000000000000002,False,missing_match,0.8000000000000002,False,missing_match,0.1,0.52497918747894,False,missing_match
DBLP,0.7,47,inner,bootstrap_OOB,480,conf/vldb/FernandezSCMS03,True,2,FjmyLJQ2TrYJ,sn_R4N1q2SwJ,True,0.9999958063149776,0.999993260077855,2.5462371225914997e-06,0.8000000000000002,True,correct,0.8000000000000002,True,correct,0.1,0.52497918747894,True,correct
DBLP,0.7,47,inner,bootstrap_OOB,481,journals/sigmod/GrayG97,True,5,aYtTMXVoTiMJ,fFCqy9V5XNgJ,True,0.999995844454672,0.9999958385177936,5.93687821126565e-09,0.8000000000000002,True,correct,0.8000000000000002,True,correct,0.1,0.52497918747894,True,correct
DBLP,0.7,47,inner,bootstrap_OOB,482,conf/vldb/PoosalaI96,True,1,NTlGMs3lqNEJ,NTlGMs3lqNEJ,True,0.9999958698431678,4.536369228740663e-06,0.9999913334739392,0.8000000000000002,True,correct,0.8000000000000002,True,correct,0.1,0.52497918747894,True,correct
DBLP,0.7,47,inner,bootstrap_OOB,483,conf/sigmod/NgLHM99,True,1,YemauUgIzlcJ,YemauUgIzlcJ,True,0.9999935461214616,0.999991355609244,2.190512217614682e-06,0.8000000000000002,True,correct,0.8000000000000002,True,correct,0.1,0.52497918747894,True,correct
DBLP,0.7,47,inner,bootstrap_OOB,484,conf/vldb/Garcia-MolinaLY98,True,5,5Rq_5hPceK8J,lWVWAhlsyYYJ,True,0.9999953524213456,0.9999948449546078,5.074667378535125e-07,0.8000000000000002,True,correct,0.8000000000000002,True,correct,0.1,0.52497918747894,True,correct
DBLP,0.7,47,inner,bootstrap_OOB,485,conf/vldb/ShivakumarGC98,True,1,GHz2PmQwW2UJ,GHz2PmQwW2UJ,True,0.999995162755778,4.379500295053356e-06,0.9999907832554829,0.8000000000000002,True,correct,0.8000000000000002,True,correct,0.1,0.52497918747894,True,correct
DBLP,0.7,47,inner,bootstrap_OOB,486,conf/vldb/OzsoyogluAAOUO02,True,1,Pb3y_NGGwjwJ,Pb3y_NGGwjwJ,True,0.9999924148779564,4.07680662305099e-06,0.9999883380713336,0.8000000000000002,True,correct,0.8000000000000002,True,correct,0.1,0.52497918747894,True,correct
DBLP,0.7,47,inner,bootstrap_OOB,487,conf/vldb/FlorescuLSY99,True,1,aUElZKC-txIJ,aUElZKC-txIJ,True,0.9999952547641522,0.7150529179010882,0.284942336863064,0.8000000000000002,True,correct,0.8000000000000002,True,correct,0.1,0.52497918747894,True,correct
DBLP,0.7,47,inner,bootstrap_OOB,488,conf/vldb/ChaHKK01,True,1,VyOa5Uqsj6AJ,VyOa5Uqsj6AJ,True,0.9999953892617316,4.415739395447212e-06,0.9999909735223362,0.8000000000000002,True,correct,0.8000000000000002,True,correct,0.1,0.52497918747894,True,correct
DBLP,0.7,47,inner,bootstrap_OOB,489,conf/vldb/LeeLWS97,True,2,3k61gi_ld_UJ,3k61gi_ld_UJ,True,0.9999956057188952,0.9999954599346922,1.4578420315380924e-07,0.8000000000000002,True,correct,0.8000000000000002,True,correct,0.1,0.52497918747894,True,correct
DBLP,0.7,47,inner,bootstrap_OOB,490,conf/sigmod/BhattacharyaMBNHS02,True,3,2J_9scP1caYJ,tsQbSCfQTooJ,True,0.9999957329679848,0.9999516756521668,4.405731581802464e-05,0.8000000000000002,True,correct,0.8000000000000002,True,correct,0.1,0.52497918747894,True,correct
DBLP,0.7,47,inner,bootstrap_OOB,491,conf/sigmod/Mohan99,True,1,XppwYYxOpksJ,XppwYYxOpksJ,True,0.9999944586333304,0.0018127925322096,0.9981816661011208,0.8000000000000002,True,correct,0.8000000000000002,True,correct,0.1,0.52497918747894,True,correct
DBLP,0.7,47,inner,bootstrap_OOB,492,journals/vldb/ChirkovaHS02,True,1,NdmocXlpq9QJ,NdmocXlpq9QJ,True,0.9999952551578448,3.9947529485907016e-06,0.9999912604048962,0.8000000000000002,True,correct,0.8000000000000002,True,correct,0.1,0.52497918747894,True,correct
DBLP,0.7,47,inner,bootstrap_OOB,493,journals/sigmod/Camps96,True,1,mDj9X3EN9ycJ,url:http://portal.acm.org/ft_gateway.cfm%3Fid%3D245885%26type%3Dpdf%26dl%3DGUIDE%26dl%3DACM%26CFID%3D11111111%26CFTOKEN%3D2222222,False,0.9999877344457068,0.9999534899998084,3.4244445898390374e-05,0.8000000000000002,True,false_link,0.8000000000000002,True,false_link,0.1,0.52497918747894,True,false_link
DBLP,0.7,47,inner,bootstrap_OOB,494,journals/vldb/MedjahedBE03,True,2,M0FH31YCEU0J,YqXx_xeZE2gJ,True,0.9999949681725108,0.9973556610525957,0.0026393071199152,0.8000000000000002,True,correct,0.8000000000000002,True,correct,0.1,0.52497918747894,True,correct
DBLP,0.7,47,inner,bootstrap_OOB,495,conf/sigmod/LahiriG01,True,2,2eJIgKjsQF4J,2eJIgKjsQF4J,True,0.9999952190655166,0.9999913838477118,3.835217804781799e-06,0.8000000000000002,True,correct,0.8000000000000002,True,correct,0.1,0.52497918747894,True,correct
DBLP,0.7,47,inner,bootstrap_OOB,496,conf/vldb/ZhangL97,True,2,QGopit06CLEJ,QGopit06CLEJ,True,0.9999945709510082,0.9999938664512016,7.04499806714054e-07,0.8000000000000002,True,correct,0.8000000000000002,True,correct,0.1,0.52497918747894,True,correct
DBLP,0.7,47,inner,bootstrap_OOB,497,journals/sigmod/ChakravarthyAEFO03,True,2,url:http://portal.acm.org/citation.cfm%3Fid%3D641006,url:http://portal.acm.org/citation.cfm%3Fid%3D641006,True,0.9999946717621978,0.9999944809317602,1.9083043756307205e-07,0.8000000000000002,True,correct,0.8000000000000002,True,correct,0.1,0.52497918747894,True,correct
DBLP,0.7,47,inner,bootstrap_OOB,498,conf/vldb/Mohan01,True,2,6rkYIagTMckJ,tAO-l_SkmSwJ,True,0.9999949459246832,0.999876485113088,0.0001184608115951,0.8000000000000002,True,correct,0.8000000000000002,True,correct,0.1,0.52497918747894,True,correct
DBLP,0.7,47,inner,bootstrap_OOB,499,journals/sigmod/MedskerCS95,True,1,url:http://portal.acm.org/ft_gateway.cfm%3Fid%3D202673%26type%3Dpdf%26coll%3DGUIDE%26dl%3DACM%26CFID%3D11111111%26CFTOKEN%3D2222222,url:http://portal.acm.org/ft_gateway.cfm%3Fid%3D202673%26type%3Dpdf%26coll%3DGUIDE%26dl%3DACM%26CFID%3D11111111%26CFTOKEN%3D2222222,True,0.9999958112712936,3.828659668497938e-06,0.9999919826116253,0.8000000000000002,True,correct,0.8000000000000002,True,correct,0.1,0.52497918747894,True,correct
DBLP,0.7,47,inner,bootstrap_OOB,500,journals/sigmod/CasatiDS00,True,2,jPx0tvkJ-fUJ,jPx0tvkJ-fUJ,True,0.9999837033734156,0.9999721700610582,1.1533312357259184e-05,0.8000000000000002,True,correct,0.8000000000000002,True,correct,0.1,0.52497918747894,True,correct
DBLP,0.7,47,inner,bootstrap_OOB,501,journals/sigmod/Datta94,True,2,3TVyZeq1-i4J,PPH2NlobSwsJ,True,0.9999953420116332,0.999993716039105,1.6259725280631798e-06,0.8000000000000002,True,correct,0.8000000000000002,True,correct,0.1,0.52497918747894,True,correct
DBLP,0.7,47,inner,bootstrap_OOB,502,conf/sigmod/Tajima96,True,1,IZSzLlgi8tUJ,IZSzLlgi8tUJ,True,0.9999954954975814,6.719852831128267e-06,0.9999887756447502,0.8000000000000002,True,correct,0.8000000000000002,True,correct,0.1,0.52497918747894,True,correct
DBLP,0.7,47,inner,bootstrap_OOB,503,conf/vldb/YuV00,True,2,43N2r_SuYccJ,43N2r_SuYccJ,True,0.999995273394709,0.9999565016339296,3.877176077937694e-05,0.8000000000000002,True,correct,0.8000000000000002,True,correct,0.1,0.52497918747894,True,correct
DBLP,0.7,47,inner,bootstrap_OOB,504,conf/vldb/JiangSLB00,True,1,eZwzDZ7QhzoJ,eZwzDZ7QhzoJ,True,0.999995213540854,6.138897455267711e-06,0.9999890746433988,0.8000000000000002,True,correct,0.8000000000000002,True,correct,0.1,0.52497918747894,True,correct
DBLP,0.7,47,inner,bootstrap_OOB,505,conf/vldb/HinneburgAK00,True,2,1ambq2RMGMoJ,1ambq2RMGMoJ,True,0.9999892287129456,0.9749155238946716,0.0250737048182739,0.8000000000000002,True,correct,0.8000000000000002,True,correct,0.1,0.52497918747894,True,correct
DBLP,0.7,47,inner,bootstrap_OOB,506,conf/vldb/Kuhn03,False,0,,MyW5sLwDtogJ,False,0.9999802598305086,3.6330635502044074e-06,0.9999766267669584,0.8000000000000002,True,false_link,0.8000000000000002,True,false_link,0.1,0.52497918747894,True,false_link
DBLP,0.7,47,inner,bootstrap_OOB,507,conf/sigmod/MoonSL00,True,1,7Xra4piXrIIJ,7Xra4piXrIIJ,True,0.99999461328217,1.0226083965035076e-05,0.9999843871982048,0.8000000000000002,True,correct,0.8000000000000002,True,correct,0.1,0.52497918747894,True,correct
DBLP,0.7,47,inner,bootstrap_OOB,508,conf/sigmod/Amer-YahiaFSX03,True,3,7-b5YXuGJS0J,7-b5YXuGJS0J,True,0.9999955017307792,0.9999954347875428,6.69432363986644e-08,0.8000000000000002,True,correct,0.8000000000000002,True,correct,0.1,0.52497918747894,True,correct
DBLP,0.7,47,inner,bootstrap_OOB,509,conf/sigmod/Suciu99,True,1,FOpGGQJyLLsJ,FOpGGQJyLLsJ,True,0.8574044144228552,0.000477799431871,0.8569266149909842,0.8000000000000002,True,correct,0.8000000000000002,True,correct,0.1,0.52497918747894,True,correct
DBLP,0.7,47,inner,bootstrap_OOB,510,conf/sigmod/MatiasVW98,True,1,6WjESNMzLvgJ,6WjESNMzLvgJ,True,0.9999902089574204,7.958443876598482e-06,0.9999822505135436,0.8000000000000002,True,correct,0.8000000000000002,True,correct,0.1,0.52497918747894,True,correct
DBLP,0.7,47,inner,bootstrap_OOB,511,conf/vldb/RaoR99,True,2,N8XkcmIO0ysJ,tv4rTR2Z-I8J,True,0.9999955946877364,0.0004283697029263,0.99956722498481,0.8000000000000002,True,correct,0.8000000000000002,True,correct,0.1,0.52497918747894,True,correct
DBLP,0.7,47,inner,bootstrap_OOB,512,conf/vldb/SeshadriLR96,True,4,ifOM4z6uxXUJ,-Pmsximl_moJ,True,0.9999957762804804,0.9999957012809596,7.499952081602147e-08,0.8000000000000002,True,correct,0.8000000000000002,True,correct,0.1,0.52497918747894,True,correct
DBLP,0.7,47,inner,bootstrap_OOB,513,journals/sigmod/DongS00,True,1,gH_HDDJghbAJ,gH_HDDJghbAJ,True,0.999994210493878,4.171781755054239e-06,0.9999900387121228,0.8000000000000002,True,correct,0.8000000000000002,True,correct,0.1,0.52497918747894,True,correct
DBLP,0.7,47,inner,bootstrap_OOB,514,journals/sigmod/KennedyMB96,True,1,vBYtmDEYeK0J,vBYtmDEYeK0J,True,0.9999956260427172,7.622888764933167e-06,0.9999880031539524,0.8000000000000002,True,correct,0.8000000000000002,True,correct,0.1,0.52497918747894,True,correct
DBLP,0.7,47,inner,bootstrap_OOB,515,journals/sigmod/RossIJP00,False,0,,CGvD6Du5kaoJ,False,0.9998168895596586,0.010477417753498,0.9893394718061606,0.8000000000000002,True,false_link,0.8000000000000002,True,false_link,0.1,0.52497918747894,True,false_link
DBLP,0.7,47,inner,bootstrap_OOB,516,journals/sigmod/Gaffney96,True,1,uaT2hY6421UJ,uaT2hY6421UJ,True,0.9935453016492518,3.868363676389508e-06,0.9935414332855754,0.8000000000000002,True,correct,0.8000000000000002,True,correct,0.1,0.52497918747894,True,correct
DBLP,0.7,47,inner,bootstrap_OOB,517,conf/sigmod/MohanN94,True,1,_2hj6snS3foJ,_2hj6snS3foJ,True,0.9999957503573752,2.436760793293068e-05,0.9999713827494424,0.8000000000000002,True,correct,0.8000000000000002,True,correct,0.1,0.52497918747894,True,correct
DBLP,0.7,47,inner,bootstrap_OOB,518,conf/sigmod/OlstonJW03,True,2,D1h_jOHVyA4J,D1h_jOHVyA4J,True,0.99999530521012,0.6917903796076936,0.3082049256024263,0.8000000000000002,True,correct,0.8000000000000002,True,correct,0.1,0.52497918747894,True,correct
DBLP,0.7,47,inner,bootstrap_OOB,519,conf/vldb/Tsur00,True,1,buI2V0eIcZoJ,buI2V0eIcZoJ,True,0.9999945689055038,1.0793950768699462e-05,0.999983774954735,0.8000000000000002,True,correct,0.8000000000000002,True,correct,0.1,0.52497918747894,True,correct
DBLP,0.7,47,inner,bootstrap_OOB,520,conf/vldb/BlokWZPAKJ01,True,2,4Ga0Ts2_rp0J,jxPqWIuxhvwJ,True,0.99999461558312,0.9999850829439226,9.532639197451507e-06,0.8000000000000002,True,correct,0.8000000000000002,True,correct,0.1,0.52497918747894,True,correct
DBLP,0.7,47,inner,bootstrap_OOB,521,journals/sigmod/GlavitschSW94,True,2,hWplbG_c0LEJ,IQjGtYPrUFUJ,True,0.9999955491141092,0.9999934886763696,2.060437739426213e-06,0.8000000000000002,True,correct,0.8000000000000002,True,correct,0.1,0.52497918747894,True,correct
DBLP,0.7,47,inner,bootstrap_OOB,522,conf/sigmod/Hope95,True,1,w3Aykr4vDVwJ,w3Aykr4vDVwJ,True,0.999993351825816,4.168691602086523e-06,0.999989183134214,0.8000000000000002,True,correct,0.8000000000000002,True,correct,0.1,0.52497918747894,True,correct
DBLP,0.7,47,inner,bootstrap_OOB,523,journals/tods/GutingBEJLSV00,True,4,1qV5-83rTyUJ,cURCJR2xHE0J,True,0.9999948919738012,0.4991205214512551,0.5008743705225462,0.8000000000000002,True,correct,0.8000000000000002,True,correct,0.1,0.52497918747894,True,correct
DBLP,0.7,47,inner,bootstrap_OOB,524,conf/vldb/CochinwalaB94,True,1,Bp69wMYw9DAJ,Bp69wMYw9DAJ,True,0.9999958776503752,3.662479899642509e-06,0.9999922151704754,0.8000000000000002,True,correct,0.8000000000000002,True,correct,0.1,0.52497918747894,True,correct
DBLP,0.7,47,inner,bootstrap_OOB,525,conf/sigmod/MaheshwariL97,True,3,1hXAkApUm3kJ,VcVAYDLTty8J,True,0.999993271406693,0.9999918880963448,1.3833103481575293e-06,0.8000000000000002,True,correct,0.8000000000000002,True,correct,0.1,0.52497918747894,True,correct
DBLP,0.7,47,inner,bootstrap_OOB,526,journals/tods/RosenthalR94,True,1,zM422IjZcPgJ,zM422IjZcPgJ,True,0.9999956793169882,5.9481148701889535e-05,0.9999361981682864,0.8000000000000002,True,correct,0.8000000000000002,True,correct,0.1,0.52497918747894,True,correct
DBLP,0.7,47,inner,bootstrap_OOB,527,journals/sigmod/FreemanG96,True,3,Em3qp7RGalkJ,Em3qp7RGalkJ,True,0.9999956900622474,0.999995350816592,3.392456553452661e-07,0.8000000000000002,True,correct,0.8000000000000002,True,correct,0.1,0.52497918747894,True,correct
DBLP,0.7,47,inner,bootstrap_OOB,528,conf/vldb/DeutschPT99,True,1,0aJOXauNqYIJ,0aJOXauNqYIJ,True,0.9999955938348072,6.058883492425529e-06,0.9999895349513148,0.8000000000000002,True,correct,0.8000000000000002,True,correct,0.1,0.52497918747894,True,correct
DBLP,0.7,47,inner,bootstrap_OOB,529,conf/vldb/HuebschHLLSS03,True,3,7y9SomIIAG0J,7y9SomIIAG0J,True,0.9999955847701252,0.999995514273982,7.049614336729348e-08,0.8000000000000002,True,correct,0.8000000000000002,True,correct,0.1,0.52497918747894,True,correct
DBLP,0.7,47,inner,bootstrap_OOB,530,conf/vldb/HristidisP02,True,2,5k-GwvznWRUJ,rZJLf9oQ_hEJ,True,0.9999955826895628,0.9999931844467626,2.398242800349948e-06,0.8000000000000002,True,correct,0.8000000000000002,True,correct,0.1,0.52497918747894,True,correct
DBLP,0.7,47,inner,bootstrap_OOB,531,journals/vldb/FangGM96,False,0,,AWGtiQgXS7QJ,False,0.999773185548363,0.1371701132439674,0.8626030723043956,0.8000000000000002,True,false_link,0.8000000000000002,True,false_link,0.1,0.52497918747894,True,false_link
DBLP,0.7,47,inner,bootstrap_OOB,532,conf/vldb/KalusD95,True,1,r1xwwqWr2K0J,r1xwwqWr2K0J,True,0.9999949759404037,3.4248554703476444e-06,0.9999915510849332,0.8000000000000002,True,correct,0.8000000000000002,True,correct,0.1,0.52497918747894,True,correct
DBLP,0.7,47,inner,bootstrap_OOB,533,journals/sigmod/Snodgrass03a,False,0,,m-l6e98xxOsJ,False,0.0001083673670402,0.000100622231068,7.745135972246417e-06,0.8000000000000002,False,unmatched_abstention,0.8000000000000002,False,unmatched_abstention,0.1,0.52497918747894,False,unmatched_abstention
DBLP,0.7,47,inner,bootstrap_OOB,534,conf/vldb/ChienVZTZ02,True,3,7gDXEIuMUIIJ,uUmeAkW_FFUJ,True,0.99999474437374,0.9999944234426896,3.209310506235852e-07,0.8000000000000002,True,correct,0.8000000000000002,True,correct,0.1,0.52497918747894,True,correct
DBLP,0.7,47,inner,bootstrap_OOB,535,journals/sigmod/ChengP03,True,1,6fAPR3UvX28J,6fAPR3UvX28J,True,0.9999952252805394,6.713146471914151e-06,0.9999885121340676,0.8000000000000002,True,correct,0.8000000000000002,True,correct,0.1,0.52497918747894,True,correct
DBLP,0.7,47,inner,bootstrap_OOB,536,conf/sigmod/BrinMS97,True,9,41B5NuefLPsJ,lx7jXjm_Fa0J,True,0.9999958749879831,0.9999956784557164,1.9653226690508066e-07,0.8000000000000002,True,correct,0.8000000000000002,True,correct,0.1,0.52497918747894,True,correct
DBLP,0.7,47,inner,bootstrap_OOB,537,conf/sigmod/Moore95,True,1,uh57sQuxYuIJ,uh57sQuxYuIJ,True,0.99999369461431,0.8931543579285346,0.1068393366857752,0.8000000000000002,True,correct,0.8000000000000002,True,correct,0.1,0.52497918747894,True,correct
DBLP,0.7,47,inner,bootstrap_OOB,538,journals/sigmod/VelACM01,True,1,LseDURw3BXMJ,LseDURw3BXMJ,True,0.9999902959293192,3.4441342964636176e-06,0.9999868517950228,0.8000000000000002,True,correct,0.8000000000000002,True,correct,0.1,0.52497918747894,True,correct
DBLP,0.7,47,inner,bootstrap_OOB,539,conf/vldb/Vieille98,True,1,nlyEH7GkrjoJ,nlyEH7GkrjoJ,True,0.9999956155183684,3.665366089244806e-06,0.9999919501522792,0.8000000000000002,True,correct,0.8000000000000002,True,correct,0.1,0.52497918747894,True,correct
DBLP,0.7,47,inner,bootstrap_OOB,540,conf/sigmod/DattaDTVSR02,True,4,0m_Q5tf3oDAJ,orxvLy4vVEQJ,True,0.9999928539026878,0.9393713312027272,0.0606215226999605,0.8000000000000002,True,correct,0.8000000000000002,True,correct,0.1,0.52497918747894,True,correct
DBLP,0.7,47,inner,bootstrap_OOB,541,journals/sigmod/PissinouSEMOPSTD94,True,3,F7AdjoH_uTcJ,fSKoYnVJbwwJ,True,0.9999948036908282,0.9999925224752948,2.28121553325078e-06,0.8000000000000002,True,correct,0.8000000000000002,True,correct,0.1,0.52497918747894,True,correct
DBLP,0.7,47,inner,bootstrap_OOB,542,conf/vldb/GoodmanRS94,True,1,8CCHAKnGJ1EJ,8CCHAKnGJ1EJ,True,0.999995697712862,3.7827484619235727e-06,0.9999919149644,0.8000000000000002,True,correct,0.8000000000000002,True,correct,0.1,0.52497918747894,True,correct
DBLP,0.7,47,inner,bootstrap_OOB,543,conf/vldb/ZhangL98,True,1,ZjHAEBJYahAJ,ZjHAEBJYahAJ,True,0.9999955868581252,1.2358924016779775e-05,0.9999832279341084,0.8000000000000002,True,correct,0.8000000000000002,True,correct,0.1,0.52497918747894,True,correct
DBLP,0.7,47,inner,bootstrap_OOB,544,conf/vldb/ChenCFGJMTW99,True,2,Hq3W65us8dkJ,Hq3W65us8dkJ,True,0.999995276179598,0.9999914413379228,3.834841675209866e-06,0.8000000000000002,True,correct,0.8000000000000002,True,correct,0.1,0.52497918747894,True,correct
DBLP,0.7,47,inner,bootstrap_OOB,545,journals/sigmod/Qian95b,True,1,url:http://portal.acm.org/ft_gateway.cfm%3Fid%3D219772%26type%3Dpdf%26dl%3DGUIDE%26dl%3DACM%26CFID%3D11111111%26CFTOKEN%3D2222222,url:http://portal.acm.org/ft_gateway.cfm%3Fid%3D219772%26type%3Dpdf%26dl%3DGUIDE%26dl%3DACM%26CFID%3D11111111%26CFTOKEN%3D2222222,True,0.999994978622811,0.0003651594828458,0.9996298191399652,0.8000000000000002,True,correct,0.8000000000000002,True,correct,0.1,0.52497918747894,True,correct
DBLP,0.7,47,inner,bootstrap_OOB,546,journals/sigmod/AbererCH02,True,2,ulDBbXl-6Q4J,ulDBbXl-6Q4J,True,0.9999951391529488,0.999993486589596,1.6525633529385075e-06,0.8000000000000002,True,correct,0.8000000000000002,True,correct,0.1,0.52497918747894,True,correct
DBLP,0.7,47,inner,bootstrap_OOB,547,conf/vldb/EicklerKK97,True,1,PCFJuVxYxtwJ,PCFJuVxYxtwJ,True,0.999994814453057,3.751958212338443e-06,0.9999910624948448,0.8000000000000002,True,correct,0.8000000000000002,True,correct,0.1,0.52497918747894,True,correct
DBLP,0.7,47,inner,bootstrap_OOB,548,conf/sigmod/TheodoulidisAACKS94,True,2,JFOg1ntEUvMJ,srDgEOADv7cJ,True,0.9999942973370738,0.999976376432824,1.792090424990178e-05,0.8000000000000002,True,correct,0.8000000000000002,True,correct,0.1,0.52497918747894,True,correct
DBLP,0.7,47,inner,bootstrap_OOB,549,journals/sigmod/Grefen02,False,0,,url:http://portal.acm.org/citation.cfm%3Fid%3D637411.637423%26dl%3Dportal%26dl%3DACM%26type%3Dissue%26idx%3D637411%26part%3Dperiodical%26WantType%3Dperiodical%26title%3DACM%2520SIGMOD%2520Record%26CFID%3D11111111%26CFTOKEN%3D2222222,False,7.24494589957765e-05,6.099628654604163e-05,1.1453172449734865e-05,0.8000000000000002,False,unmatched_abstention,0.8000000000000002,False,unmatched_abstention,0.1,0.52497918747894,False,unmatched_abstention
DBLP,0.7,47,inner,bootstrap_OOB,550,conf/vldb/HelmerNM03,True,1,8-HpAN0xpjcJ,8-HpAN0xpjcJ,True,0.9999958287672424,3.5434017325032686e-06,0.99999228536551,0.8000000000000002,True,correct,0.8000000000000002,True,correct,0.1,0.52497918747894,True,correct
DBLP,0.7,47,inner,bootstrap_OOB,551,journals/sigmod/Kemper02,False,0,,UA-gCIBDyHQJ,False,5.24264086449929e-06,4.536092360441358e-06,7.065485040579317e-07,0.8000000000000002,False,unmatched_abstention,0.8000000000000002,False,unmatched_abstention,0.1,0.52497918747894,False,unmatched_abstention
DBLP,0.7,47,inner,bootstrap_OOB,552,conf/vldb/Campbell99,True,1,m1eeQnYWL0oJ,m1eeQnYWL0oJ,True,0.999995841191826,4.375759661040134e-06,0.9999914654321648,0.8000000000000002,True,correct,0.8000000000000002,True,correct,0.1,0.52497918747894,True,correct
DBLP,0.7,47,inner,bootstrap_OOB,553,journals/sigmod/Alonso94a,False,0,,uzEcNW5U3V4J,False,0.000208968943695,4.019146598801136e-05,0.000168777477707,0.8000000000000002,False,unmatched_abstention,0.8000000000000002,False,unmatched_abstention,0.1,0.52497918747894,False,unmatched_abstention
DBLP,0.7,47,inner,bootstrap_OOB,554,journals/vldb/LaurentLSV01,True,1,TTIgIh9uC_YJ,TTIgIh9uC_YJ,True,0.9999951329836329,3.428953717038166e-06,0.9999917040299156,0.8000000000000002,True,correct,0.8000000000000002,True,correct,0.1,0.52497918747894,True,correct
DBLP,0.7,47,inner,bootstrap_OOB,555,conf/vldb/Mina98,True,2,6SiX0ZUh1x0J,ButmJWjGXusJ,True,0.9999953446184648,0.99997990295285,1.5441665614956968e-05,0.8000000000000002,True,correct,0.8000000000000002,True,correct,0.1,0.52497918747894,True,correct
DBLP,0.7,47,inner,bootstrap_OOB,556,conf/sigmod/Kennamer98,True,3,RQ9qLR4St8sJ,url:http://portal.acm.org/citation.cfm%3Fid%3D276304.276373%26dl%3Dportal%26dl%3DACM%26type%3Dseries%26idx%3D276304%26part%3DProceedings%26WantType%3DProceedings%26title%3DInternational%2520Conference%2520on%2520Management%2520of%2520Data%26CFID%3D11111111%26CFTOKEN%3D2222222,True,0.9999960530144444,0.9999934954289562,2.557585488172087e-06,0.8000000000000002,True,correct,0.8000000000000002,True,correct,0.1,0.52497918747894,True,correct
DBLP,0.7,47,inner,bootstrap_OOB,557,conf/vldb/LeeHJT03,True,1,BSE2se70OMYJ,BSE2se70OMYJ,True,0.9999948304856018,3.28323991974058e-06,0.999991547245682,0.8000000000000002,True,correct,0.8000000000000002,True,correct,0.1,0.52497918747894,True,correct
DBLP,0.7,47,inner,bootstrap_OOB,558,conf/vldb/RysNS96,True,2,pwxPfVlOqQUJ,pwxPfVlOqQUJ,True,0.9999955972665272,0.9999953762499094,2.210166177851747e-07,0.8000000000000002,True,correct,0.8000000000000002,True,correct,0.1,0.52497918747894,True,correct
DBLP,0.7,47,inner,bootstrap_OOB,559,conf/sigmod/GangulyGR03,True,1,Di-EjDZ_abYJ,Di-EjDZ_abYJ,True,0.999995107299519,0.0004517757166329,0.999543331582886,0.8000000000000002,True,correct,0.8000000000000002,True,correct,0.1,0.52497918747894,True,correct
DBLP,0.7,47,inner,bootstrap_OOB,560,journals/sigmod/TanakaV01,True,2,sQu8znidi50J,tA1HEgZGgrsJ,True,0.9999925347733972,0.9999917931653448,7.416080525235458e-07,0.8000000000000002,True,correct,0.8000000000000002,True,correct,0.1,0.52497918747894,True,correct
DBLP,0.7,47,inner,bootstrap_OOB,561,conf/sigmod/Raghavan03,False,0,,1avO1fqtQ6QJ,False,4.079883135855068e-06,4.057583505953181e-06,2.2299629901886813e-08,0.8000000000000002,False,unmatched_abstention,0.8000000000000002,False,unmatched_abstention,0.1,0.52497918747894,False,unmatched_abstention
DBLP,0.7,47,inner,bootstrap_OOB,562,journals/tods/BertinoBFS98,True,2,5Zpm_QmAfv4J,5Zpm_QmAfv4J,True,0.9999956497007586,0.99989350687269,0.0001021428280686,0.8000000000000002,True,correct,0.8000000000000002,True,correct,0.1,0.52497918747894,True,correct
DBLP,0.7,47,inner,bootstrap_OOB,563,conf/sigmod/Gal00,True,2,i6QOOOYvOqQJ,SudUID_rEy0J,True,0.9999948692324938,0.999993061658544,1.8075739497414036e-06,0.8000000000000002,True,correct,0.8000000000000002,True,correct,0.1,0.52497918747894,True,correct
DBLP,0.7,47,inner,bootstrap_OOB,564,journals/tods/YanG94,True,3,fx6kDLBa8q8J,fx6kDLBa8q8J,True,0.9999859107178618,0.999939437948,4.6472769861916063e-05,0.8000000000000002,True,correct,0.8000000000000002,True,correct,0.1,0.52497918747894,True,correct
DBLP,0.7,47,inner,bootstrap_OOB,565,conf/sigmod/RoussopoulosKR97,True,1,H7Pi4AQU00YJ,H7Pi4AQU00YJ,True,0.9999952943625912,1.0780936959851445e-05,0.9999845134256312,0.8000000000000002,True,correct,0.8000000000000002,True,correct,0.1,0.52497918747894,True,correct
DBLP,0.7,47,inner,bootstrap_OOB,566,conf/vldb/Chiueh94,True,3,_YFIPoyVC3UJ,nOF-SuSEaaEJ,True,0.9999930513020344,0.999870816233866,0.0001222350681684,0.8000000000000002,True,correct,0.8000000000000002,True,correct,0.1,0.52497918747894,True,correct
DBLP,0.7,47,inner,bootstrap_OOB,567,conf/sigmod/JarkeQCLFLVV00,True,2,AYtgczYwVnYJ,bl_VrPzIIPwJ,True,0.999994943943309,0.9999937612235024,1.1827198067582143e-06,0.8000000000000002,True,correct,0.8000000000000002,True,correct,0.1,0.52497918747894,True,correct
DBLP,0.7,47,inner,bootstrap_OOB,568,journals/vldb/AgrawalHK03,True,1,NDKJPUgy_K4J,NDKJPUgy_K4J,True,0.9999958337963544,0.0001093472619148,0.9998864865344392,0.8000000000000002,True,correct,0.8000000000000002,True,correct,0.1,0.52497918747894,True,correct
DBLP,0.7,47,inner,bootstrap_OOB,569,conf/sigmod/LeflerSW96,True,1,4b12cZc8QK4J,4b12cZc8QK4J,True,0.999995790563858,4.150147240301441e-06,0.9999916404166176,0.8000000000000002,True,correct,0.8000000000000002,True,correct,0.1,0.52497918747894,True,correct
DBLP,0.7,47,inner,bootstrap_OOB,570,conf/sigmod/2000,False,0,,GbKwENZEG40J,False,1.2018470330337794e-05,1.1595935395357874e-05,4.225349349799202e-07,0.8000000000000002,False,unmatched_abstention,0.8000000000000002,False,unmatched_abstention,0.1,0.52497918747894,False,unmatched_abstention
DBLP,0.7,47,inner,bootstrap_OOB,571,conf/vldb/GoldsteinR00,True,4,30fMB9_zBm0J,ylZFc8RNoeQJ,True,0.9999958098609392,0.9999951141025084,6.957584307576425e-07,0.8000000000000002,True,correct,0.8000000000000002,True,correct,0.1,0.52497918747894,True,correct
DBLP,0.7,47,inner,bootstrap_OOB,572,conf/sigmod/GuptaS03,True,3,6ditJPVnXAQJ,6ditJPVnXAQJ,True,0.999995535910598,0.9999934097555172,2.1261550808837626e-06,0.8000000000000002,True,correct,0.8000000000000002,True,correct,0.1,0.52497918747894,True,correct
DBLP,0.7,47,inner,bootstrap_OOB,573,conf/vldb/CareyKSSS00,True,2,fRo4fx_Q6gIJ,fRo4fx_Q6gIJ,True,0.9999951816235052,0.9999950396217026,1.420018026498937e-07,0.8000000000000002,True,correct,0.8000000000000002,True,correct,0.1,0.52497918747894,True,correct
DBLP,0.7,47,inner,bootstrap_OOB,574,journals/sigmod/Aberer01,True,3,7CLhi_LOtoUJ,url:http://portal.acm.org/citation.cfm%3Fid%3D603867.603869%26coll%3DGUIDE%26dl%3DACM%26idx%3DJ689%26part%3Dperiodical%26WantType%3Dperiodical%26title%3DACM%2520SIGMOD%2520Record%26CFID%3D11111111%26CFTOKEN%3D2222222,True,0.9999928813483762,0.9997021528754864,0.0002907284728898,0.8000000000000002,True,correct,0.8000000000000002,True,correct,0.1,0.52497918747894,True,correct
DBLP,0.7,47,inner,bootstrap_OOB,575,journals/sigmod/Liu01b,False,0,,diQK7Y_z3XwJ,False,3.371066013269369e-05,1.3037815889053717e-05,2.067284424363997e-05,0.8000000000000002,False,unmatched_abstention,0.8000000000000002,False,unmatched_abstention,0.1,0.52497918747894,False,unmatched_abstention
DBLP,0.7,47,inner,bootstrap_OOB,576,conf/vldb/BettiniJWW02,True,3,Aq_TE_cWEQkJ,ghIMekzCkMQJ,True,0.9999956862380108,0.9999956463223644,3.991564634375777e-08,0.8000000000000002,True,correct,0.8000000000000002,True,correct,0.1,0.52497918747894,True,correct
DBLP,0.7,47,inner,bootstrap_OOB,577,conf/sigmod/Ojjeh99,True,2,url:http://portal.acm.org/citation.cfm%3Fid%3D304245%26coll%3Dportal%26dl%3DACM,url:http://portal.acm.org/ft_gateway.cfm%3Fid%3D304245%26type%3Dpdf%26dl%3DGUIDE%26dl%3DACM%26CFID%3D11111111%26CFTOKEN%3D2222222,True,0.9999908448936974,0.0003394668020652,0.9996513780916322,0.8000000000000002,True,correct,0.8000000000000002,True,correct,0.1,0.52497918747894,True,correct
DBLP,0.7,47,inner,bootstrap_OOB,578,conf/vldb/ClaussenKMP97,True,1,EyTvjJCb5WkJ,EyTvjJCb5WkJ,True,0.9999956642137184,5.482441502752292e-06,0.9999901817722158,0.8000000000000002,True,correct,0.8000000000000002,True,correct,0.1,0.52497918747894,True,correct
DBLP,0.7,47,inner,bootstrap_OOB,579,journals/sigmod/Manola98,True,2,VIjfH9f94xkJ,VIjfH9f94xkJ,True,0.9999936271237888,0.9999630733496192,3.055377416949501e-05,0.8000000000000002,True,correct,0.8000000000000002,True,correct,0.1,0.52497918747894,True,correct
DBLP,0.7,47,inner,bootstrap_OOB,580,journals/vldb/NgC98,True,2,eTDBrdfpGNEJ,J7mY8RlpTKMJ,True,0.9999953075780036,0.9999950352203284,2.723576751906265e-07,0.8000000000000002,True,correct,0.8000000000000002,True,correct,0.1,0.52497918747894,True,correct
DBLP,0.7,47,inner,bootstrap_OOB,581,journals/sigmod/Snodgrass02a,False,0,,ReOfuE1ytx4J,False,2.384263149365872e-05,2.088431728716359e-05,2.9583142064951333e-06,0.8000000000000002,False,unmatched_abstention,0.8000000000000002,False,unmatched_abstention,0.1,0.52497918747894,False,unmatched_abstention
DBLP,0.7,47,inner,bootstrap_OOB,582,journals/sigmod/Stirling03,True,1,url:http://portal.acm.org/ft_gateway.cfm%3Fid%3D776997%26type%3Dpdf%26dl%3DGUIDE%26dl%3DACM%26CFID%3D11111111%26CFTOKEN%3D2222222,url:http://portal.acm.org/ft_gateway.cfm%3Fid%3D776997%26type%3Dpdf%26dl%3DGUIDE%26dl%3DACM%26CFID%3D11111111%26CFTOKEN%3D2222222,True,0.9999839775843192,6.4614041596758095e-06,0.9999775161801596,0.8000000000000002,True,correct,0.8000000000000002,True,correct,0.1,0.52497918747894,True,correct
DBLP,0.7,47,inner,bootstrap_OOB,583,journals/sigmod/WestmannKHM00,True,5,9jyzas_rFd4J,9jyzas_rFd4J,True,0.9999957771142016,0.9999950305780952,7.465361063774267e-07,0.8000000000000002,True,correct,0.8000000000000002,True,correct,0.1,0.52497918747894,True,correct
DBLP,0.7,47,inner,bootstrap_OOB,584,conf/sigmod/ArefBV95,True,2,ht_8Iq3SZ80J,ht_8Iq3SZ80J,True,0.9999958935142722,0.9999555998572626,4.029365700963794e-05,0.8000000000000002,True,correct,0.8000000000000002,True,correct,0.1,0.52497918747894,True,correct
DBLP,0.7,47,inner,bootstrap_OOB,585,conf/sigmod/WangCMSSZ94,True,4,_Xj-7At79joJ,ZM65itnp_E4J,True,0.9999953392211066,0.9999945571198056,7.821013010556044e-07,0.8000000000000002,True,correct,0.8000000000000002,True,correct,0.1,0.52497918747894,True,correct
DBLP,0.7,47,inner,bootstrap_OOB,586,journals/sigmod/PaepckeGRC00,True,2,5ObmwcHCFQsJ,5ObmwcHCFQsJ,True,0.9999946947463616,0.9999942458815376,4.488648239764359e-07,0.8000000000000002,True,correct,0.8000000000000002,True,correct,0.1,0.52497918747894,True,correct
DBLP,0.7,47,inner,bootstrap_OOB,587,conf/vldb/Vingralek02,False,0,,jMO985qd6esJ,False,3.548866793226834e-06,3.523012840877409e-06,2.5853952349425098e-08,0.8000000000000002,False,unmatched_abstention,0.8000000000000002,False,unmatched_abstention,0.1,0.52497918747894,False,unmatched_abstention
DBLP,0.7,47,inner,bootstrap_OOB,588,conf/vldb/MoserKK95,True,4,53hNU_r6-jgJ,53hNU_r6-jgJ,True,0.9999954253912964,0.999993203924698,2.221466598228972e-06,0.8000000000000002,True,correct,0.8000000000000002,True,correct,0.1,0.52497918747894,True,correct
DBLP,0.7,47,inner,bootstrap_OOB,589,conf/sigmod/LiVCAHMWBCHIKSS99,True,3,L854PhEQPTsJ,P25_yh3lBhoJ,True,0.9999953942058416,0.9999951062028816,2.880029600360601e-07,0.8000000000000002,True,correct,0.8000000000000002,True,correct,0.1,0.52497918747894,True,correct
DBLP,0.7,47,inner,bootstrap_OOB,590,conf/vldb/VermeerA96,True,1,bEddMdwB2_4J,bEddMdwB2_4J,True,0.9999947549387,1.3840895405315577e-05,0.9999809140432946,0.8000000000000002,True,correct,0.8000000000000002,True,correct,0.1,0.52497918747894,True,correct
DBLP,0.7,47,inner,bootstrap_OOB,591,conf/sigmod/GetoorTK01,True,2,99N4rXNdaqMJ,99N4rXNdaqMJ,True,0.9999952215360904,0.9999938375752851,1.3839608052901298e-06,0.8000000000000002,True,correct,0.8000000000000002,True,correct,0.1,0.52497918747894,True,correct
DBLP,0.7,47,inner,bootstrap_OOB,592,journals/sigmod/LeeCL95,True,1,G1E5PwzwdSMJ,G1E5PwzwdSMJ,True,0.9999948311215336,1.290925567192198e-05,0.9999819218658615,0.8000000000000002,True,correct,0.8000000000000002,True,correct,0.1,0.52497918747894,True,correct
DBLP,0.7,47,inner,bootstrap_OOB,593,journals/sigmod/X95,False,0,,zWm1GKhwGeUJ,False,1.5740444698821012e-05,1.1641231260075216e-05,4.099213438745796e-06,0.8000000000000002,False,unmatched_abstention,0.8000000000000002,False,unmatched_abstention,0.1,0.52497918747894,False,unmatched_abstention
DBLP,0.7,47,inner,bootstrap_OOB,594,journals/sigmod/Qian94,True,1,url:http://portal.acm.org/ft_gateway.cfm%3Fid%3D187462%26type%3Dpdf%26coll%3DGUIDE%26dl%3DACM%26CFID%3D11111111%26CFTOKEN%3D2222222,url:http://portal.acm.org/ft_gateway.cfm%3Fid%3D187462%26type%3Dpdf%26coll%3DGUIDE%26dl%3DACM%26CFID%3D11111111%26CFTOKEN%3D2222222,True,0.9999933799291988,1.0318482155837217e-05,0.9999830614470429,0.8000000000000002,True,correct,0.8000000000000002,True,correct,0.1,0.52497918747894,True,correct
DBLP,0.7,47,inner,bootstrap_OOB,595,conf/sigmod/LuoEHN02,True,1,7p7mpmvIBrYJ,7p7mpmvIBrYJ,True,0.9999915827165604,4.289480374377937e-06,0.9999872932361862,0.8000000000000002,True,correct,0.8000000000000002,True,correct,0.1,0.52497918747894,True,correct
DBLP,0.7,47,inner,bootstrap_OOB,596,conf/sigmod/GardarinMP95,True,4,9-bSCnqVrlkJ,l-9pykkOVrkJ,True,0.9999948378211736,0.9999933937662072,1.4440549664929136e-06,0.8000000000000002,True,correct,0.8000000000000002,True,correct,0.1,0.52497918747894,True,correct
DBLP,0.7,47,inner,bootstrap_OOB,597,conf/vldb/LiuJ02,False,0,,cVVo6IeUE9MJ,False,7.316694546597576e-05,9.85918936147589e-06,6.330775610449986e-05,0.8000000000000002,False,unmatched_abstention,0.8000000000000002,False,unmatched_abstention,0.1,0.52497918747894,False,unmatched_abstention
DBLP,0.7,47,inner,bootstrap_OOB,598,conf/vldb/PopaVMHF02,True,3,J0jQGfOjVZ4J,qJ4lzBFzjdgJ,True,0.999993120745624,0.9999900137533798,3.1069922441506748e-06,0.8000000000000002,True,correct,0.8000000000000002,True,correct,0.1,0.52497918747894,True,correct
DBLP,0.7,47,inner,bootstrap_OOB,599,conf/sigmod/KemperKM98,True,2,5BK4tIRJ3wwJ,Z0oCigN4pVMJ,True,0.9999954683309132,0.9999940951918972,1.3731390161586532e-06,0.8000000000000002,True,correct,0.8000000000000002,True,correct,0.1,0.52497918747894,True,correct
DBLP,0.7,47,inner,bootstrap_OOB,600,conf/vldb/Guting94,True,4,_0wERrIJ168J,584tvD8f6AAJ,True,0.9999913638738844,0.4394567994330065,0.5605345644408781,0.8000000000000002,True,correct,0.8000000000000002,True,correct,0.1,0.52497918747894,True,correct
DBLP,0.7,47,inner,bootstrap_OOB,601,conf/vldb/Meier95,True,1,C_lenwvj88AJ,C_lenwvj88AJ,True,0.99999475949859,3.585241882341148e-06,0.9999911742567076,0.8000000000000002,True,correct,0.8000000000000002,True,correct,0.1,0.52497918747894,True,correct
DBLP,0.7,47,inner,bootstrap_OOB,602,conf/vldb/PellenkoftLK97,True,2,793XPMTdcBEJ,793XPMTdcBEJ,True,0.9999953466292132,0.9999951853211732,1.613080400364453e-07,0.8000000000000002,True,correct,0.8000000000000002,True,correct,0.1,0.52497918747894,True,correct
DBLP,0.7,47,inner,bootstrap_OOB,603,conf/sigmod/JajodiaSSB97,True,4,4_fm8LWVWHMJ,p-m7MMOS2aUJ,True,0.9999954631245778,0.9999954255134492,3.7611128544945416e-08,0.8000000000000002,True,correct,0.8000000000000002,True,correct,0.1,0.52497918747894,True,correct
DBLP,0.7,47,inner,bootstrap_OOB,604,journals/sigmod/YaoG02,True,3,50aU57yUHVAJ,ARLe7W8EvDoJ,True,0.9999957444199942,0.9999946477903956,1.0966295986847283e-06,0.8000000000000002,True,correct,0.8000000000000002,True,correct,0.1,0.52497918747894,True,correct
DBLP,0.7,47,inner,bootstrap_OOB,605,conf/vldb/FuC94,True,1,ReboDjzo5y0J,ReboDjzo5y0J,True,0.9999955684869768,3.870002003519193e-06,0.9999916984849732,0.8000000000000002,True,correct,0.8000000000000002,True,correct,0.1,0.52497918747894,True,correct
DBLP,0.7,47,inner,bootstrap_OOB,606,conf/vldb/Jermaine03,True,1,393ZqH9szo0J,393ZqH9szo0J,True,0.9999956648876566,1.907605114286718e-05,0.9999765888365136,0.8000000000000002,True,correct,0.8000000000000002,True,correct,0.1,0.52497918747894,True,correct
DBLP,0.7,47,inner,bootstrap_OOB,607,conf/sigmod/HinneburgK99,True,3,C9imFvgrSvAJ,C9imFvgrSvAJ,True,0.999995283944274,0.9999948564947628,4.274495112310817e-07,0.8000000000000002,True,correct,0.8000000000000002,True,correct,0.1,0.52497918747894,True,correct
DBLP,0.7,47,inner,bootstrap_OOB,608,conf/sigmod/Shasha97,True,2,Q-KG8a3_BmIJ,r2TwyhAdYecJ,True,0.9999932583871716,0.986098699630444,0.0138945587567276,0.8000000000000002,True,correct,0.8000000000000002,True,correct,0.1,0.52497918747894,True,correct
DBLP,0.7,47,inner,bootstrap_OOB,609,journals/vldb/PottingerH01,True,4,eXceb1SMqE4J,Kv3ZFRUKCogJ,True,0.9999949188512514,0.9999552416088248,3.967724242670556e-05,0.8000000000000002,True,correct,0.8000000000000002,True,correct,0.1,0.52497918747894,True,correct
DBLP,0.7,47,inner,bootstrap_OOB,610,journals/sigmod/Winslett03c,False,0,,GCVMmOSZn0AJ,False,0.0014819792475296,2.0398363615535244e-05,0.001461580883914,0.8000000000000002,False,unmatched_abstention,0.8000000000000002,False,unmatched_abstention,0.1,0.52497918747894,False,unmatched_abstention
DBLP,0.7,47,inner,bootstrap_OOB,611,conf/sigmod/ShintaniK98,True,3,9dllFM2Tr5oJ,Zd4RU49YmRgJ,True,0.9999948168559148,0.9999942311671686,5.856887461686e-07,0.8000000000000002,True,correct,0.8000000000000002,True,correct,0.1,0.52497918747894,True,correct
DBLP,0.7,47,inner,bootstrap_OOB,612,journals/sigmod/Gal99,True,1,mOsVdVKwhjwJ,mOsVdVKwhjwJ,True,0.0112631896420877,1.392017353209026e-05,0.0112492694685556,0.8000000000000002,False,missing_match,0.8000000000000002,False,missing_match,0.1,0.52497918747894,False,missing_match
DBLP,0.7,47,inner,bootstrap_OOB,613,journals/tods/PetersO97,True,2,er0r8doAGUQJ,mQp5jjo-npAJ,True,0.9999953805427988,0.9999933903380342,1.9902047646569443e-06,0.8000000000000002,True,correct,0.8000000000000002,True,correct,0.1,0.52497918747894,True,correct
DBLP,0.7,47,inner,bootstrap_OOB,614,journals/tods/FraternaliT95,True,3,8k0tS22xvPcJ,8k0tS22xvPcJ,True,0.9999953674003412,0.9999943425570312,1.0248433099935284e-06,0.8000000000000002,True,correct,0.8000000000000002,True,correct,0.1,0.52497918747894,True,correct
DBLP,0.7,47,inner,bootstrap_OOB,615,conf/vldb/ArionBCDMP03,True,2,CzpCERFYBikJ,CzpCERFYBikJ,True,0.999995640139844,0.9999941811015692,1.4590382745316433e-06,0.8000000000000002,True,correct,0.8000000000000002,True,correct,0.1,0.52497918747894,True,correct
DBLP,0.7,47,inner,bootstrap_OOB,616,journals/sigmod/DoanPK95,True,1,c0TSepqRwwMJ,c0TSepqRwwMJ,True,0.9999957437787156,3.735598976571276e-06,0.9999920081797388,0.8000000000000002,True,correct,0.8000000000000002,True,correct,0.1,0.52497918747894,True,correct
DBLP,0.7,47,inner,bootstrap_OOB,617,conf/vldb/Nori00,False,0,,Phcd3C1cfLcJ,False,3.709314897916452e-06,3.3576970550201107e-06,3.516178428963407e-07,0.8000000000000002,False,unmatched_abstention,0.8000000000000002,False,unmatched_abstention,0.1,0.52497918747894,False,unmatched_abstention
DBLP,0.7,47,inner,bootstrap_OOB,618,journals/sigmod/HalkidiBV02,True,2,GHjgDrEbqM4J,GHjgDrEbqM4J,True,0.9999947652527852,0.0203816356116544,0.9796131296411308,0.8000000000000002,True,correct,0.8000000000000002,True,correct,0.1,0.52497918747894,True,correct
DBLP,0.7,47,inner,bootstrap_OOB,619,journals/vldb/C95b,True,1,url:http://www.springerlink.com/index/J267M1G774146066.pdf,url:http://www.springerlink.com/index/J267M1G774146066.pdf,True,0.9999704860862764,1.996415303249765e-05,0.9999505219332436,0.8000000000000002,True,correct,0.8000000000000002,True,correct,0.1,0.52497918747894,True,correct
DBLP,0.7,47,inner,bootstrap_OOB,620,conf/vldb/OoiGT98,True,1,LJdSx1Di81MJ,LJdSx1Di81MJ,True,0.9999950810013978,4.752201001310691e-06,0.9999903288003964,0.8000000000000002,True,correct,0.8000000000000002,True,correct,0.1,0.52497918747894,True,correct
DBLP,0.7,47,inner,bootstrap_OOB,621,journals/sigmod/ONeilG95,True,5,51gKshu0CWcJ,ZF4UVaOvyTIJ,True,0.9999943966332756,0.9999940293418482,3.6729142749436505e-07,0.8000000000000002,True,correct,0.8000000000000002,True,correct,0.1,0.52497918747894,True,correct
DBLP,0.7,47,inner,bootstrap_OOB,622,journals/sigmod/EisenbergM99,True,4,ciavnyh4U8UJ,Z1P9QnSfDuAJ,True,0.9999953872606068,0.9999951899885804,1.972720266030237e-07,0.8000000000000002,True,correct,0.8000000000000002,True,correct,0.1,0.52497918747894,True,correct
DBLP,0.7,47,inner,bootstrap_OOB,623,journals/sigmod/CabreraLM01,True,1,b201QeqnlNkJ,b201QeqnlNkJ,True,0.9999958104203432,3.893486820876168e-06,0.9999919169335224,0.8000000000000002,True,correct,0.8000000000000002,True,correct,0.1,0.52497918747894,True,correct
DBLP,0.7,47,inner,bootstrap_OOB,624,conf/vldb/LeeL99,True,1,szHsyFiOuwAJ,szHsyFiOuwAJ,True,0.9999952706442604,3.931747758572053e-06,0.9999913388965018,0.8000000000000002,True,correct,0.8000000000000002,True,correct,0.1,0.52497918747894,True,correct
DBLP,0.7,47,inner,bootstrap_OOB,625,conf/vldb/CarneyCCCLSSTZ02,True,5,1J26mBTxdS0J,1J26mBTxdS0J,True,0.9999949798868776,0.9999940136455898,9.662412878697069e-07,0.8000000000000002,True,correct,0.8000000000000002,True,correct,0.1,0.52497918747894,True,correct
DBLP,0.7,47,inner,bootstrap_OOB,626,journals/sigmod/Aberer01a,True,1,url:http://portal.acm.org/ft_gateway.cfm%3Fid%3D604274%26type%3Dpdf%26dl%3DGUIDE%26dl%3DACM%26CFID%3D11111111%26CFTOKEN%3D2222222,url:http://portal.acm.org/ft_gateway.cfm%3Fid%3D565129%26type%3Dpdf%26dl%3DGUIDE%26dl%3DACM%26CFID%3D11111111%26CFTOKEN%3D2222222,False,0.0015458733224551,0.0002077376539008,0.0013381356685542,0.8000000000000002,False,missing_match,0.8000000000000002,False,missing_match,0.1,0.52497918747894,False,missing_match
DBLP,0.7,47,inner,bootstrap_OOB,627,conf/sigmod/CarinoKKB01,True,2,a9HFF_bwiH4J,a9HFF_bwiH4J,True,0.9999953457770816,0.9999949457318832,4.000451986341247e-07,0.8000000000000002,True,correct,0.8000000000000002,True,correct,0.1,0.52497918747894,True,correct
DBLP,0.7,47,inner,bootstrap_OOB,628,journals/sigmod/GamacheS95,True,1,vqgfvx71hgQJ,vqgfvx71hgQJ,True,0.999995473328382,3.753851522105272e-06,0.9999917194768598,0.8000000000000002,True,correct,0.8000000000000002,True,correct,0.1,0.52497918747894,True,correct
DBLP,0.7,47,inner,bootstrap_OOB,629,conf/vldb/NarayananS01,False,0,,FEGSOREM-tsJ,False,3.5551505064941744e-06,3.474644354326723e-06,8.050615216745141e-08,0.8000000000000002,False,unmatched_abstention,0.8000000000000002,False,unmatched_abstention,0.1,0.52497918747894,False,unmatched_abstention
DBLP,0.7,47,inner,bootstrap_OOB,630,journals/vldb/MuckP97,True,1,yHSQJtyFciMJ,yHSQJtyFciMJ,True,0.994763300035486,4.128660356165276e-06,0.99475917137513,0.8000000000000002,True,correct,0.8000000000000002,True,correct,0.1,0.52497918747894,True,correct
DBLP,0.7,47,inner,bootstrap_OOB,631,journals/sigmod/SnodgrassACFLLORRSV99,False,0,,CGvD6Du5kaoJ,False,0.9999044150611268,0.0446981027203909,0.955206312340736,0.8000000000000002,True,false_link,0.8000000000000002,True,false_link,0.1,0.52497918747894,True,false_link
DBLP,0.7,47,inner,bootstrap_OOB,632,conf/sigmod/BryanMCLG94,True,1,nbU-wr3ivUIJ,nbU-wr3ivUIJ,True,0.9999958440900582,3.693856637837652e-06,0.9999921502334204,0.8000000000000002,True,correct,0.8000000000000002,True,correct,0.1,0.52497918747894,True,correct
DBLP,0.7,47,inner,bootstrap_OOB,633,journals/sigmod/Lomet01,True,1,fI5o4MfWwzIJ,fI5o4MfWwzIJ,True,0.9999957080317284,3.984601647377927e-06,0.9999917234300812,0.8000000000000002,True,correct,0.8000000000000002,True,correct,0.1,0.52497918747894,True,correct
DBLP,0.7,47,inner,bootstrap_OOB,634,journals/sigmod/Qian97,True,1,url:http://portal.acm.org/citation.cfm%3Fid%3D248603.248618%26dl%3DGUIDE%26dl%3DACM%26idx%3DJ689%26part%3Dperiodical%26WantType%3Dperiodical%26title%3DACM%2520SIGMOD%2520Record%26CFID%3D11111111%26CFTOKEN%3D2222222,url:http://portal.acm.org/citation.cfm%3Fid%3D248603.248618%26dl%3DGUIDE%26dl%3DACM%26idx%3DJ689%26part%3Dperiodical%26WantType%3Dperiodical%26title%3DACM%2520SIGMOD%2520Record%26CFID%3D11111111%26CFTOKEN%3D2222222,True,0.9999956663757372,4.146373147116653e-06,0.9999915200025902,0.8000000000000002,True,correct,0.8000000000000002,True,correct,0.1,0.52497918747894,True,correct
DBLP,0.7,47,inner,bootstrap_OOB,635,conf/sigmod/BerckenDS00,True,4,3IFlpeKgLlAJ,3IFlpeKgLlAJ,True,0.9999952087683632,0.9999948760244493,3.3274391408877335e-07,0.8000000000000002,True,correct,0.8000000000000002,True,correct,0.1,0.52497918747894,True,correct
DBLP,0.7,47,inner,bootstrap_OOB,636,conf/vldb/McHughW99,True,2,bXRF6rASxhgJ,bXRF6rASxhgJ,True,0.9999943277436836,0.9999376223686864,5.670537499713468e-05,0.8000000000000002,True,correct,0.8000000000000002,True,correct,0.1,0.52497918747894,True,correct
DBLP,0.7,47,inner,bootstrap_OOB,637,conf/vldb/OConnellWG01,True,1,url:http://portal.acm.org/citation.cfm%3Fid%3D645927.672185,url:http://portal.acm.org/citation.cfm%3Fid%3D645927.672185,True,0.9999949222179224,3.802852159527589e-06,0.9999911193657628,0.8000000000000002,True,correct,0.8000000000000002,True,correct,0.1,0.52497918747894,True,correct
DBLP,0.7,47,inner,bootstrap_OOB,638,conf/sigmod/IoannidisL94,True,1,dDHNsS9sisEJ,dDHNsS9sisEJ,True,0.9999950694430436,4.220313175592848e-06,0.999990849129868,0.8000000000000002,True,correct,0.8000000000000002,True,correct,0.1,0.52497918747894,True,correct
DBLP,0.7,47,inner,bootstrap_OOB,639,conf/sigmod/KemperMPS94,True,1,ChCPyLiBpr4J,ChCPyLiBpr4J,True,0.9999949892807845,2.8163566151936155e-05,0.9999668257146324,0.8000000000000002,True,correct,0.8000000000000002,True,correct,0.1,0.52497918747894,True,correct
DBLP,0.7,47,inner,bootstrap_OOB,640,journals/sigmod/BabuW01,True,4,EWzSBh-jV3IJ,KJ26gUP0PyIJ,True,0.9999940996839096,0.9999938084158096,2.912681000832862e-07,0.8000000000000002,True,correct,0.8000000000000002,True,correct,0.1,0.52497918747894,True,correct
DBLP,0.7,47,inner,bootstrap_OOB,641,journals/sigmod/HasanMV96,True,1,bLbjFFkQJdIJ,bLbjFFkQJdIJ,True,0.9999954318173496,5.404964988296657e-06,0.9999900268523614,0.8000000000000002,True,correct,0.8000000000000002,True,correct,0.1,0.52497918747894,True,correct
DBLP,0.7,47,inner,bootstrap_OOB,642,conf/vldb/DesslochM97,True,2,CjtIFow-OWcJ,CjtIFow-OWcJ,True,0.9999957830180328,0.9999904205841202,5.36243391269231e-06,0.8000000000000002,True,correct,0.8000000000000002,True,correct,0.1,0.52497918747894,True,correct
DBLP,0.7,47,inner,bootstrap_OOB,643,conf/sigmod/GibbonsM98,True,5,4EgMtIywBRUJ,4EgMtIywBRUJ,True,0.9999953481910496,0.9999951119073756,2.3628367407102507e-07,0.8000000000000002,True,correct,0.8000000000000002,True,correct,0.1,0.52497918747894,True,correct
DBLP,0.7,47,inner,bootstrap_OOB,644,journals/vldb/ChanFGR02,True,3,LfS9Vr-FSZEJ,ORkxHLb7dvcJ,True,0.9999955471356504,0.9999939457488256,1.6013868248121454e-06,0.8000000000000002,True,correct,0.8000000000000002,True,correct,0.1,0.52497918747894,True,correct
DBLP,0.7,47,inner,bootstrap_OOB,645,conf/vldb/LimWPVP02,True,2,9kl_hTyQtmQJ,9kl_hTyQtmQJ,True,0.9999948287647428,0.9999831089284672,1.171983627556994e-05,0.8000000000000002,True,correct,0.8000000000000002,True,correct,0.1,0.52497918747894,True,correct
DBLP,0.7,47,inner,bootstrap_OOB,646,conf/vldb/RisheYACLMVSV00,True,2,0WYMHga_bt4J,0WYMHga_bt4J,True,0.9999952310327028,0.092076699930759,0.907918531101944,0.8000000000000002,True,correct,0.8000000000000002,True,correct,0.1,0.52497918747894,True,correct
DBLP,0.7,47,inner,bootstrap_OOB,647,journals/sigmod/Huyn01,True,1,KNYDz76C_HsJ,KNYDz76C_HsJ,True,0.9999954564219278,6.781948030738192e-06,0.999988674473897,0.8000000000000002,True,correct,0.8000000000000002,True,correct,0.1,0.52497918747894,True,correct
DBLP,0.7,47,inner,bootstrap_OOB,648,conf/vldb/DayalHL01,True,3,0XYRlW9tvw8J,0XYRlW9tvw8J,True,0.9999956227670108,0.9999952571574788,3.656095319826136e-07,0.8000000000000002,True,correct,0.8000000000000002,True,correct,0.1,0.52497918747894,True,correct
DBLP,0.7,47,inner,bootstrap_OOB,649,conf/vldb/PantiSG00,True,1,C7Vuxp5KVsAJ,C7Vuxp5KVsAJ,True,0.999995712319178,4.070241313552148e-06,0.9999916420778644,0.8000000000000002,True,correct,0.8000000000000002,True,correct,0.1,0.52497918747894,True,correct
DBLP,0.7,47,inner,bootstrap_OOB,650,conf/sigmod/Weininger02,True,1,iXkSngvyu08J,iXkSngvyu08J,True,0.9999941752996586,1.1780295096997217e-05,0.9999823950045617,0.8000000000000002,True,correct,0.8000000000000002,True,correct,0.1,0.52497918747894,True,correct
DBLP,0.7,47,inner,bootstrap_OOB,651,journals/sigmod/UrbanDG96,True,1,url:http://portal.acm.org/ft_gateway.cfm%3Fid%3D381892%26type%3Dpdf%26dl%3DGUIDE%26dl%3DACM%26CFID%3D11111111%26CFTOKEN%3D2222222,url:http://portal.acm.org/ft_gateway.cfm%3Fid%3D381892%26type%3Dpdf%26dl%3DGUIDE%26dl%3DACM%26CFID%3D11111111%26CFTOKEN%3D2222222,True,0.99999448076333,1.0823121575763406e-05,0.9999836576417542,0.8000000000000002,True,correct,0.8000000000000002,True,correct,0.1,0.52497918747894,True,correct
DBLP,0.7,47,inner,bootstrap_OOB,652,conf/vldb/CasatiDGS01,True,2,bFnDGrZ_4voJ,XQw3ADYCXdcJ,True,0.9999955592219236,0.9999952595043898,2.99717533902566e-07,0.8000000000000002,True,correct,0.8000000000000002,True,correct,0.1,0.52497918747894,True,correct
DBLP,0.7,47,inner,bootstrap_OOB,653,conf/sigmod/MistryRSR01,True,1,r62IMncHe0IJ,r62IMncHe0IJ,True,0.9999957005470756,4.253015857181843e-06,0.9999914475312184,0.8000000000000002,True,correct,0.8000000000000002,True,correct,0.1,0.52497918747894,True,correct
DBLP,0.7,47,inner,bootstrap_OOB,654,conf/sigmod/GrossmanQ94,True,1,yjqdBeNw5WoJ,yjqdBeNw5WoJ,True,0.9999954912040232,0.0001587385012091,0.999836752702814,0.8000000000000002,True,correct,0.8000000000000002,True,correct,0.1,0.52497918747894,True,correct
DBLP,0.7,47,inner,bootstrap_OOB,655,conf/sigmod/WuAA01,True,2,Mj5XfzB2Rt8J,QKlyEeIFW24J,True,0.9999950438395696,0.9739416687754002,0.0260533750641692,0.8000000000000002,True,correct,0.8000000000000002,True,correct,0.1,0.52497918747894,True,correct
DBLP,0.7,47,inner,bootstrap_OOB,656,journals/tods/HjaltasonS99,True,3,RHJjRlVhi78J,xuoJNqOArTsJ,True,0.9999947013296872,0.9999944138777088,2.874519782203322e-07,0.8000000000000002,True,correct,0.8000000000000002,True,correct,0.1,0.52497918747894,True,correct
DBLP,0.7,47,inner,bootstrap_OOB,657,conf/vldb/HellersteinNP95,True,6,AC19Z_yOCTUJ,DqyvTE-PXg0J,True,0.9999942262301614,0.9999941366044762,8.962568520676228e-08,0.8000000000000002,True,correct,0.8000000000000002,True,correct,0.1,0.52497918747894,True,correct
DBLP,0.7,47,inner,bootstrap_OOB,658,conf/sigmod/2003,False,0,,GbKwENZEG40J,False,0.1016378509006219,9.079833960792533e-06,0.1016287710666611,0.8000000000000002,False,unmatched_abstention,0.8000000000000002,False,unmatched_abstention,0.1,0.52497918747894,False,unmatched_abstention
DBLP,0.7,47,inner,bootstrap_OOB,659,conf/vldb/MuntzR94,True,1,o9DfGI9zsloJ,o9DfGI9zsloJ,True,0.9999957272222793,3.5556421548193334e-06,0.9999921715801244,0.8000000000000002,True,correct,0.8000000000000002,True,correct,0.1,0.52497918747894,True,correct
DBLP,0.7,47,inner,bootstrap_OOB,660,conf/vldb/GuptaHQ95,True,5,16a8RD8og7QJ,VCSbj6MwKlgJ,True,0.9999956401689488,0.9999949695399544,6.706289943370081e-07,0.8000000000000002,True,correct,0.8000000000000002,True,correct,0.1,0.52497918747894,True,correct
DBLP,0.7,47,inner,bootstrap_OOB,661,conf/sigmod/IvesFFLW99,True,4,0087thkugMUJ,yrnhcMqsUVoJ,True,0.9999955374982769,0.999991772477133,3.765021143853353e-06,0.8000000000000002,True,correct,0.8000000000000002,True,correct,0.1,0.52497918747894,True,correct
DBLP,0.7,47,inner,bootstrap_OOB,662,conf/sigmod/AmbiteABKMMMPT98,True,3,iE-UE2bDGZ8J,iE-UE2bDGZ8J,True,0.9999951125226716,0.9999946004291304,5.120935411273564e-07,0.8000000000000002,True,correct,0.8000000000000002,True,correct,0.1,0.52497918747894,True,correct
DBLP,0.7,47,inner,bootstrap_OOB,663,conf/sigmod/LuWYBLY02,True,1,JKQ1qE-naxQJ,JKQ1qE-naxQJ,True,0.9999956416156374,0.9999931341029854,2.5075126519613637e-06,0.8000000000000002,True,correct,0.8000000000000002,True,correct,0.1,0.52497918747894,True,correct
DBLP,0.7,47,inner,bootstrap_OOB,664,journals/sigmod/Segev94a,False,0,,diQK7Y_z3XwJ,False,1.633795691881081e-05,8.245156708920662e-06,8.092800209890146e-06,0.8000000000000002,False,unmatched_abstention,0.8000000000000002,False,unmatched_abstention,0.1,0.52497918747894,False,unmatched_abstention
DBLP,0.7,47,inner,bootstrap_OOB,665,conf/vldb/DaynesC02,True,1,Ug0Yk0QhILMJ,Ug0Yk0QhILMJ,True,0.999994873595244,3.5711349803272387e-06,0.9999913024602638,0.8000000000000002,True,correct,0.8000000000000002,True,correct,0.1,0.52497918747894,True,correct
DBLP,0.7,47,inner,bootstrap_OOB,666,conf/vldb/HoskingC99,True,1,8Pt19BiLeHEJ,8Pt19BiLeHEJ,True,0.9999956533376916,0.1163122046592769,0.8836834486784148,0.8000000000000002,True,correct,0.8000000000000002,True,correct,0.1,0.52497918747894,True,correct
