dataset,fraction,seed,role,scheme,record_index,ida,has_true_match,n_valid_matches,retained_idb,top1_idb,top1_is_any_valid,top1_score,top2_score,score_gap,threshold,declared,category,legacy_threshold,legacy_declared,legacy_category,direct_threshold,direct_threshold_sigmoid_equivalent,direct_declared,direct_category
DBLP,0.7,49,inner,SRSWOR_65_35,0,conf/sigmod/BouguettayaBH99,True,3,ER8571wXl6EJ,siO8kr7vvLEJ,True,0.9999896179013574,0.9999894764908496,1.414105077479633e-07,0.45,True,correct,0.45,True,correct,0.1,0.52497918747894,True,correct
DBLP,0.7,49,inner,SRSWOR_65_35,1,journals/sigmod/NestorovAM97,True,1,NVS_rDpScp0J,NVS_rDpScp0J,True,0.9999903797252472,3.979915108519128e-05,0.999950580574162,0.45,True,correct,0.45,True,correct,0.1,0.52497918747894,True,correct
DBLP,0.7,49,inner,SRSWOR_65_35,2,conf/sigmod/Bayardo98,True,6,htTH8PrZ0dYJ,htTH8PrZ0dYJ,True,0.9999770023315028,0.999953107618887,2.38947126158795e-05,0.45,True,correct,0.45,True,correct,0.1,0.52497918747894,True,correct
DBLP,0.7,49,inner,SRSWOR_65_35,3,journals/sigmod/Kumar03,True,1,VuNnpxJwvQkJ,VuNnpxJwvQkJ,True,0.999981375448282,2.0040091027859903e-05,0.9999613353572544,0.45,True,correct,0.45,True,correct,0.1,0.52497918747894,True,correct
DBLP,0.7,49,inner,SRSWOR_65_35,4,conf/vldb/ChakrabartiRS02,True,1,idfox84uNHUJ,idfox84uNHUJ,True,0.999962429714532,5.425177590576976e-06,0.9999570045369413,0.45,True,correct,0.45,True,correct,0.1,0.52497918747894,True,correct
DBLP,0.7,49,inner,SRSWOR_65_35,5,journals/sigmod/Franklin99,False,0,,diQK7Y_z3XwJ,False,5.329290963428362e-05,2.7329021645315825e-05,2.5963887988967797e-05,0.45,False,unmatched_abstention,0.45,False,unmatched_abstention,0.1,0.52497918747894,False,unmatched_abstention
DBLP,0.7,49,inner,SRSWOR_65_35,6,journals/sigmod/BaaderJN97,True,3,dr4SzOhnLB8J,dr4SzOhnLB8J,True,0.9979864590697736,0.9973277260678172,0.0006587330019562,0.45,True,correct,0.45,True,correct,0.1,0.52497918747894,True,correct
DBLP,0.7,49,inner,SRSWOR_65_35,7,conf/sigmod/CranorGJSS02,True,2,89Avc7qz9YoJ,89Avc7qz9YoJ,True,0.9999892847248646,0.9999505366643888,3.87480604757684e-05,0.45,True,correct,0.45,True,correct,0.1,0.52497918747894,True,correct
DBLP,0.7,49,inner,SRSWOR_65_35,8,conf/sigmod/TomasicABKNR97,True,3,_fF5I-bkUSQJ,6CpWnsUqJNIJ,True,0.9999906795389996,0.999986708361108,3.971177891637368e-06,0.45,True,correct,0.45,True,correct,0.1,0.52497918747894,True,correct
DBLP,0.7,49,inner,SRSWOR_65_35,9,conf/sigmod/VossenW99,True,2,9PhYz-N58A8J,9PhYz-N58A8J,True,0.9999874038335728,0.0010796963497941,0.9989077074837788,0.45,True,correct,0.45,True,correct,0.1,0.52497918747894,True,correct
DBLP,0.7,49,inner,SRSWOR_65_35,10,conf/vldb/Klots96,True,1,dTORuW_9YRoJ,dTORuW_9YRoJ,True,0.9999771027783828,1.577246571153906e-05,0.9999613303126714,0.45,True,correct,0.45,True,correct,0.1,0.52497918747894,True,correct
DBLP,0.7,49,inner,SRSWOR_65_35,11,conf/vldb/GuptaHQ95,True,5,16a8RD8og7QJ,VCSbj6MwKlgJ,True,0.9999884474546488,0.999925918179162,6.252927548677789e-05,0.45,True,correct,0.45,True,correct,0.1,0.52497918747894,True,correct
DBLP,0.7,49,inner,SRSWOR_65_35,12,conf/vldb/TianD03,True,1,l7glyH7ltuQJ,l7glyH7ltuQJ,True,0.9999837686406704,5.847586666577003e-06,0.999977921054004,0.45,True,correct,0.45,True,correct,0.1,0.52497918747894,True,correct
DBLP,0.7,49,inner,SRSWOR_65_35,13,conf/sigmod/RinfretOO01,True,1,pyqtmrPg24YJ,pyqtmrPg24YJ,True,0.9999411868342648,9.605505947815175e-06,0.9999315813283168,0.45,True,correct,0.45,True,correct,0.1,0.52497918747894,True,correct
DBLP,0.7,49,inner,SRSWOR_65_35,14,conf/vldb/RohmBSS02,True,2,Lp_ozOkFI30J,Lp_ozOkFI30J,True,0.999989559420152,0.9999889299457057,6.294744464563351e-07,0.45,True,correct,0.45,True,correct,0.1,0.52497918747894,True,correct
DBLP,0.7,49,inner,SRSWOR_65_35,15,conf/sigmod/Seshadri03,False,0,,U9tDRbbUCSYJ,False,6.13888574633309e-06,6.106677324356838e-06,3.2208421976252315e-08,0.45,False,unmatched_abstention,0.45,False,unmatched_abstention,0.1,0.52497918747894,False,unmatched_abstention
DBLP,0.7,49,inner,SRSWOR_65_35,16,conf/sigmod/MumickQM97,True,3,8m_6OmUvYJwJ,c_n0wQe1FhAJ,True,0.999987776996329,0.999985129914542,2.647081787099381e-06,0.45,True,correct,0.45,True,correct,0.1,0.52497918747894,True,correct
DBLP,0.7,49,inner,SRSWOR_65_35,17,conf/sigmod/ChenRW02,True,1,05ShsIGjnKkJ,05ShsIGjnKkJ,True,0.999987888100457,9.227068418941025e-06,0.999978661032038,0.45,True,correct,0.45,True,correct,0.1,0.52497918747894,True,correct
DBLP,0.7,49,inner,SRSWOR_65_35,18,conf/vldb/HulgeriS03,True,1,l5_H15LkpCsJ,l5_H15LkpCsJ,True,0.9999894814273518,5.025895485225744e-05,0.9999392224724996,0.45,True,correct,0.45,True,correct,0.1,0.52497918747894,True,correct
DBLP,0.7,49,inner,SRSWOR_65_35,19,conf/sigmod/YangWYH02,True,1,xsaovu54vl4J,xsaovu54vl4J,True,0.9999864445559804,0.9792296417773848,0.0207568027785954,0.45,True,correct,0.45,True,correct,0.1,0.52497918747894,True,correct
DBLP,0.7,49,inner,SRSWOR_65_35,20,journals/sigmod/Chen94,True,1,url:http://portal.acm.org/ft_gateway.cfm%3Fid%3D187460%26type%3Dpdf%26coll%3DGUIDE%26dl%3DACM%26CFID%3D11111111%26CFTOKEN%3D2222222,url:http://portal.acm.org/ft_gateway.cfm%3Fid%3D187460%26type%3Dpdf%26coll%3DGUIDE%26dl%3DACM%26CFID%3D11111111%26CFTOKEN%3D2222222,True,0.9999844061416188,0.0001833935039763,0.9998010126376424,0.45,True,correct,0.45,True,correct,0.1,0.52497918747894,True,correct
DBLP,0.7,49,inner,SRSWOR_65_35,21,conf/vldb/PitouraC99,True,1,6VU-VxcDsFsJ,6VU-VxcDsFsJ,True,0.999981128216758,7.675549777040528e-06,0.9999734526669808,0.45,True,correct,0.45,True,correct,0.1,0.52497918747894,True,correct
DBLP,0.7,49,inner,SRSWOR_65_35,22,journals/sigmod/SnodgrassAABCDEGJKKKLLRSSS94,True,6,5JA4QR8rxq0J,5JA4QR8rxq0J,True,0.9999749524237244,0.9999676507449284,7.301678795923472e-06,0.45,True,correct,0.45,True,correct,0.1,0.52497918747894,True,correct
DBLP,0.7,49,inner,SRSWOR_65_35,23,conf/vldb/GehaniJR94,True,2,MxYiwR2f9UYJ,MxYiwR2f9UYJ,True,0.9999900527615694,0.9999841526154184,5.90014615087231e-06,0.45,True,correct,0.45,True,correct,0.1,0.52497918747894,True,correct
DBLP,0.7,49,inner,SRSWOR_65_35,24,conf/sigmod/AvnurHLORRRW98,True,1,bEu_llku9NMJ,bEu_llku9NMJ,True,0.9999885859745538,5.569796674282608e-06,0.9999830161778794,0.45,True,correct,0.45,True,correct,0.1,0.52497918747894,True,correct
DBLP,0.7,49,inner,SRSWOR_65_35,25,conf/vldb/PapadiasZMT03,True,1,hJ8VP7FyOL0J,hJ8VP7FyOL0J,True,0.999988424096556,1.2591494435615231e-05,0.9999758326021202,0.45,True,correct,0.45,True,correct,0.1,0.52497918747894,True,correct
DBLP,0.7,49,inner,SRSWOR_65_35,26,conf/vldb/Mina98,True,2,6SiX0ZUh1x0J,ButmJWjGXusJ,True,0.9999844466427774,0.9917853898865796,0.0081990567561976,0.45,True,correct,0.45,True,correct,0.1,0.52497918747894,True,correct
DBLP,0.7,49,inner,SRSWOR_65_35,27,journals/sigmod/BunemanRU97,True,3,5qg4BNiroqMJ,5qg4BNiroqMJ,True,0.9999875902082408,0.9999822535820272,5.336626213603424e-06,0.45,True,correct,0.45,True,correct,0.1,0.52497918747894,True,correct
DBLP,0.7,49,inner,SRSWOR_65_35,28,conf/sigmod/JagadishKS00,True,1,OZRYdxoJqXMJ,OZRYdxoJqXMJ,True,0.9999857385620692,8.226133390411968e-05,0.9999034772281652,0.45,True,correct,0.45,True,correct,0.1,0.52497918747894,True,correct
DBLP,0.7,49,inner,SRSWOR_65_35,29,conf/vldb/BawaBA03,True,2,bo1rnY4bU4kJ,ZjIllDHwkSoJ,True,0.9999757059459145,0.9999534479782344,2.225796768018373e-05,0.45,True,correct,0.45,True,correct,0.1,0.52497918747894,True,correct
DBLP,0.7,49,inner,SRSWOR_65_35,30,journals/vldb/AtkinsonM95,True,5,dahaBAYvs5AJ,N5Got4HigPgJ,True,0.9999735292309148,0.9997695132769072,0.0002040159540076,0.45,True,correct,0.45,True,correct,0.1,0.52497918747894,True,correct
DBLP,0.7,49,inner,SRSWOR_65_35,31,conf/sigmod/KuhnTS94,True,1,JnV4W3TKPxMJ,JnV4W3TKPxMJ,True,0.9999854698026476,8.929752600957476e-06,0.9999765400500468,0.45,True,correct,0.45,True,correct,0.1,0.52497918747894,True,correct
DBLP,0.7,49,inner,SRSWOR_65_35,32,journals/tods/LechtenborgerV03,True,1,94m93uP4GM4J,94m93uP4GM4J,True,0.9998825461817982,1.2037500122471868e-05,0.9998705086816756,0.45,True,correct,0.45,True,correct,0.1,0.52497918747894,True,correct
DBLP,0.7,49,inner,SRSWOR_65_35,33,journals/sigmod/Snodgrass03b,True,1,PmIVKWJ5_V4J,PmIVKWJ5_V4J,True,0.9999374627470672,0.0001019415941962,0.9998355211528708,0.45,True,correct,0.45,True,correct,0.1,0.52497918747894,True,correct
DBLP,0.7,49,inner,SRSWOR_65_35,34,conf/vldb/ManolescuFK01,True,4,ckjlnFHOwd8J,O8eIfc2eSjcJ,True,0.999951181198836,0.9999329127452472,1.8268453588654587e-05,0.45,True,correct,0.45,True,correct,0.1,0.52497918747894,True,correct
DBLP,0.7,49,inner,SRSWOR_65_35,35,conf/sigmod/AtzeniT97,True,3,i2LI1TWifbYJ,i2LI1TWifbYJ,True,0.9999917265268288,0.9999903117877,1.4147391285135311e-06,0.45,True,correct,0.45,True,correct,0.1,0.52497918747894,True,correct
DBLP,0.7,49,inner,SRSWOR_65_35,36,conf/vldb/BaumgartnerFG01,True,3,I1xHtA3f3MsJ,I1xHtA3f3MsJ,True,0.9999895809643412,0.9999886145991712,9.663651702185303e-07,0.45,True,correct,0.45,True,correct,0.1,0.52497918747894,True,correct
DBLP,0.7,49,inner,SRSWOR_65_35,37,conf/sigmod/CarinoKKB01,True,2,a9HFF_bwiH4J,a9HFF_bwiH4J,True,0.9999885241871502,0.9999875950950312,9.290921190174828e-07,0.45,True,correct,0.45,True,correct,0.1,0.52497918747894,True,correct
DBLP,0.7,49,inner,SRSWOR_65_35,38,conf/sigmod/SeidlK98,True,2,B8MoLkcvms4J,TodiMgxv4vMJ,True,0.9999834226517376,0.9999825477770832,8.748746543885133e-07,0.45,True,correct,0.45,True,correct,0.1,0.52497918747894,True,correct
DBLP,0.7,49,inner,SRSWOR_65_35,39,journals/tods/Ng01,True,1,npCKXD_vLM8J,npCKXD_vLM8J,True,0.9999849659784352,0.0038681800013558,0.9961167859770794,0.45,True,correct,0.45,True,correct,0.1,0.52497918747894,True,correct
DBLP,0.7,49,inner,SRSWOR_65_35,40,journals/sigmod/LudwigG00,True,1,T7hbL2VkOhsJ,T7hbL2VkOhsJ,True,0.7906080643971487,7.600117801027358e-06,0.7906004642793477,0.45,True,correct,0.45,True,correct,0.1,0.52497918747894,True,correct
DBLP,0.7,49,inner,SRSWOR_65_35,41,conf/vldb/Bernstein94,True,1,TqLyg1wbo5UJ,TqLyg1wbo5UJ,True,0.9999840472159776,7.943975889877072e-06,0.9999761032400878,0.45,True,correct,0.45,True,correct,0.1,0.52497918747894,True,correct
DBLP,0.7,49,inner,SRSWOR_65_35,42,journals/sigmod/YauLMS99,True,2,bhVBJw9Rp3QJ,vWwVQvcIrbEJ,True,0.9999763307230716,0.9998281160329232,0.0001482146901483,0.45,True,correct,0.45,True,correct,0.1,0.52497918747894,True,correct
DBLP,0.7,49,inner,SRSWOR_65_35,43,journals/tods/Snodgrass01,False,0,,347oyb_b7DAJ,False,0.0219724135180214,0.0188621936058176,0.0031102199122037,0.45,False,unmatched_abstention,0.45,False,unmatched_abstention,0.1,0.52497918747894,False,unmatched_abstention
DBLP,0.7,49,inner,SRSWOR_65_35,44,conf/vldb/LuoNEW03,True,1,8n1UIzMm4VMJ,8n1UIzMm4VMJ,True,0.9999836337237694,6.393677276886001e-06,0.9999772400464926,0.45,True,correct,0.45,True,correct,0.1,0.52497918747894,True,correct
DBLP,0.7,49,inner,SRSWOR_65_35,45,journals/sigmod/Fankhauser01,True,1,_sltXCfRKhYJ,_sltXCfRKhYJ,True,0.9999791942442758,7.58665573903168e-06,0.9999716075885368,0.45,True,correct,0.45,True,correct,0.1,0.52497918747894,True,correct
DBLP,0.7,49,inner,SRSWOR_65_35,46,conf/sigmod/ChristophidesACS94,True,8,dGbuUkhWNhMJ,dGbuUkhWNhMJ,True,0.9999825837729726,0.9999809676504664,1.6161225061539497e-06,0.45,True,correct,0.45,True,correct,0.1,0.52497918747894,True,correct
DBLP,0.7,49,inner,SRSWOR_65_35,47,conf/vldb/PossP03,True,1,DYZlq4rntjwJ,DYZlq4rntjwJ,True,0.999977615447678,8.294829692422569e-05,0.9998946671507538,0.45,True,correct,0.45,True,correct,0.1,0.52497918747894,True,correct
DBLP,0.7,49,inner,SRSWOR_65_35,48,conf/sigmod/YanMHF01,True,5,8hRWaIVZ2ykJ,8hRWaIVZ2ykJ,True,0.9999880996982228,0.9999719821903754,1.6117507847357437e-05,0.45,True,correct,0.45,True,correct,0.1,0.52497918747894,True,correct
DBLP,0.7,49,inner,SRSWOR_65_35,49,journals/sigmod/MalaikaEM03,True,2,OGh0R54BW0MJ,OGh0R54BW0MJ,True,0.9999736914535,0.0490722349908951,0.9509014564626048,0.45,True,correct,0.45,True,correct,0.1,0.52497918747894,True,correct
DBLP,0.7,49,inner,SRSWOR_65_35,50,conf/vldb/ShashaB02,True,4,3HUnvGuXtZEJ,DEl2TsijDYEJ,True,0.9999697701807142,0.999849880868137,0.0001198893125772,0.45,True,correct,0.45,True,correct,0.1,0.52497918747894,True,correct
DBLP,0.7,49,inner,SRSWOR_65_35,51,conf/vldb/PantiSG00,True,1,C7Vuxp5KVsAJ,C7Vuxp5KVsAJ,True,0.9999898021293236,8.971715543326248e-06,0.9999808304137802,0.45,True,correct,0.45,True,correct,0.1,0.52497918747894,True,correct
DBLP,0.7,49,inner,SRSWOR_65_35,52,journals/tods/Kim94,True,1,url:http://portal.acm.org/citation.cfm%3Fid%3D202106.569784%26coll%3Dportal%26dl%3DACM%26idx%3DJ777%26part%3Dtransaction%26WantType%3Dtransaction%26title%3DACM%2520Transactions%2520on%2520Database%2520Systems%2520(TODS)%26CFID%3D11111111%26CFTOKEN%3D2222222,url:http://portal.acm.org/citation.cfm%3Fid%3D202106.569784%26coll%3Dportal%26dl%3DACM%26idx%3DJ777%26part%3Dtransaction%26WantType%3Dtransaction%26title%3DACM%2520Transactions%2520on%2520Database%2520Systems%2520(TODS)%26CFID%3D11111111%26CFTOKEN%3D2222222,True,0.0011014610573813,1.1348565600852509e-05,0.0010901124917805,0.45,False,missing_match,0.45,False,missing_match,0.1,0.52497918747894,False,missing_match
DBLP,0.7,49,inner,SRSWOR_65_35,53,journals/sigmod/CarmelMS01,True,2,bolov3CrMYwJ,bolov3CrMYwJ,True,0.9999722713385972,0.0043032334221254,0.9956690379164717,0.45,True,correct,0.45,True,correct,0.1,0.52497918747894,True,correct
DBLP,0.7,49,inner,SRSWOR_65_35,54,conf/vldb/MalonM97,True,1,ogRpbFNQTSkJ,ogRpbFNQTSkJ,True,0.9999870552273766,1.0579941215671906e-05,0.999976475286161,0.45,True,correct,0.45,True,correct,0.1,0.52497918747894,True,correct
DBLP,0.7,49,inner,SRSWOR_65_35,55,conf/vldb/StathatosRB97,True,3,JH2hiRXPJcEJ,JH2hiRXPJcEJ,True,0.9999845834909594,0.9999815526053653,3.030885594168531e-06,0.45,True,correct,0.45,True,correct,0.1,0.52497918747894,True,correct
DBLP,0.7,49,inner,SRSWOR_65_35,56,conf/vldb/AbiteboulABBNM03,True,1,TD1X4Bo-eYsJ,TD1X4Bo-eYsJ,True,0.9999891130997338,6.339016950807087e-06,0.999982774082783,0.45,True,correct,0.45,True,correct,0.1,0.52497918747894,True,correct
DBLP,0.7,49,inner,SRSWOR_65_35,57,conf/vldb/AilamakiDHS01,True,4,265Cu1i6gvQJ,gUJrOpj89tQJ,True,0.9999866360784216,0.9999441995886804,4.24364897412266e-05,0.45,True,correct,0.45,True,correct,0.1,0.52497918747894,True,correct
DBLP,0.7,49,inner,SRSWOR_65_35,58,journals/sigmod/Qian95,False,0,,FmGBgS4jLnwJ,False,5.846404534032178e-06,5.764812595563175e-06,8.159193846900338e-08,0.45,False,unmatched_abstention,0.45,False,unmatched_abstention,0.1,0.52497918747894,False,unmatched_abstention
DBLP,0.7,49,inner,SRSWOR_65_35,59,conf/sigmod/PalmerF00,True,2,cnNLe97Pd2sJ,cnNLe97Pd2sJ,True,0.9999878635651231,0.9999772141540612,1.0649411061991463e-05,0.45,True,correct,0.45,True,correct,0.1,0.52497918747894,True,correct
DBLP,0.7,49,inner,SRSWOR_65_35,60,conf/vldb/Lindsay95,True,1,RIpWKrKho0MJ,RIpWKrKho0MJ,True,0.9999773584158008,7.3715731671585405e-06,0.9999699868426336,0.45,True,correct,0.45,True,correct,0.1,0.52497918747894,True,correct
DBLP,0.7,49,inner,SRSWOR_65_35,61,conf/sigmod/Spiro98,True,1,u4ZAi-DRoHkJ,u4ZAi-DRoHkJ,True,0.999976103784161,5.791367089519706e-06,0.9999703124170716,0.45,True,correct,0.45,True,correct,0.1,0.52497918747894,True,correct
DBLP,0.7,49,inner,SRSWOR_65_35,62,journals/sigmod/RosenthalS99,True,3,AaKiSc1klw8J,c6lzPzSWbKAJ,True,0.9999888238269812,0.9998834407702396,0.0001053830567416,0.45,True,correct,0.45,True,correct,0.1,0.52497918747894,True,correct
DBLP,0.7,49,inner,SRSWOR_65_35,63,conf/vldb/TsoisS03,True,1,_2oz5poi5asJ,_2oz5poi5asJ,True,0.999978698951092,7.773761951628365e-06,0.9999709251891404,0.45,True,correct,0.45,True,correct,0.1,0.52497918747894,True,correct
DBLP,0.7,49,inner,SRSWOR_65_35,64,conf/vldb/MatiasVW00,True,2,7SeTnikjovEJ,7SeTnikjovEJ,True,0.9999845187691482,0.9999051762915968,7.93424775514806e-05,0.45,True,correct,0.45,True,correct,0.1,0.52497918747894,True,correct
DBLP,0.7,49,inner,SRSWOR_65_35,65,conf/sigmod/Chong98,True,1,W-6r_OOEHLUJ,W-6r_OOEHLUJ,True,0.9999834509101576,2.441834318033112e-05,0.9999590325669772,0.45,True,correct,0.45,True,correct,0.1,0.52497918747894,True,correct
DBLP,0.7,49,inner,SRSWOR_65_35,66,journals/sigmod/GerlhofKM96,True,2,eq249ewqsHMJ,eq249ewqsHMJ,True,0.9999789725731316,0.9998157353518748,0.0001632372212568,0.45,True,correct,0.45,True,correct,0.1,0.52497918747894,True,correct
DBLP,0.7,49,inner,SRSWOR_65_35,67,conf/sigmod/LabioYG99,True,1,Z5kfiPj7fGMJ,Z5kfiPj7fGMJ,True,0.99997335848876,8.650896699700654e-05,0.9998868495217632,0.45,True,correct,0.45,True,correct,0.1,0.52497918747894,True,correct
DBLP,0.7,49,inner,SRSWOR_65_35,68,conf/sigmod/DeshpandeNGS03a,True,3,pF6EW_yKYyYJ,sfB17Fi4MZsJ,True,0.9999886360015496,0.9999812838947424,7.35210680724574e-06,0.45,True,correct,0.45,True,correct,0.1,0.52497918747894,True,correct
DBLP,0.7,49,inner,SRSWOR_65_35,69,conf/vldb/SetzerZ94,True,1,1tmW1mOCZqIJ,1tmW1mOCZqIJ,True,0.9999867092990788,8.064996868691868e-06,0.99997864430221,0.45,True,correct,0.45,True,correct,0.1,0.52497918747894,True,correct
DBLP,0.7,49,inner,SRSWOR_65_35,70,conf/sigmod/SrikantA96,True,13,9t4Mce85HT4J,o8sObeHIA40J,True,0.9999884451518166,0.9999875514719384,8.936798781000732e-07,0.45,True,correct,0.45,True,correct,0.1,0.52497918747894,True,correct
DBLP,0.7,49,inner,SRSWOR_65_35,71,journals/sigmod/McHughAGQW97,True,7,0VMP__pyg_4J,FUXcNB3HHi4J,True,0.9999900197038136,0.9999889299351484,1.0897686653077443e-06,0.45,True,correct,0.45,True,correct,0.1,0.52497918747894,True,correct
DBLP,0.7,49,inner,SRSWOR_65_35,72,journals/sigmod/AlonsoCIM95,True,1,5LlePa4wQmEJ,5LlePa4wQmEJ,True,0.9999880820035304,9.473738320024026e-06,0.9999786082652102,0.45,True,correct,0.45,True,correct,0.1,0.52497918747894,True,correct
DBLP,0.7,49,inner,SRSWOR_65_35,73,conf/sigmod/PaparizosACJLNPSWWY03,True,1,HuPDChjYd44J,HuPDChjYd44J,True,0.9999855463121666,0.9994426277619864,0.0005429185501802,0.45,True,correct,0.45,True,correct,0.1,0.52497918747894,True,correct
DBLP,0.7,49,inner,SRSWOR_65_35,74,journals/vldb/IshakbeyogluO98,True,1,O9A-15rmzOsJ,O9A-15rmzOsJ,True,0.9999818077104896,7.710045316893227e-06,0.9999740976651726,0.45,True,correct,0.45,True,correct,0.1,0.52497918747894,True,correct
DBLP,0.7,49,inner,SRSWOR_65_35,75,conf/vldb/RossS97,True,4,5Y_l1wlPo04J,-rTWS2erFQcJ,True,0.9999783620712308,0.9997979168059844,0.0001804452652462,0.45,True,correct,0.45,True,correct,0.1,0.52497918747894,True,correct
DBLP,0.7,49,inner,SRSWOR_65_35,76,conf/sigmod/Golding95,True,2,uJj9OgotYeEJ,uJj9OgotYeEJ,True,0.9999844218674456,0.9999747729926668,9.648874778722671e-06,0.45,True,correct,0.45,True,correct,0.1,0.52497918747894,True,correct
DBLP,0.7,49,inner,SRSWOR_65_35,77,conf/vldb/ChakrabartiSST00,True,1,eMCZN8ZXNJIJ,eMCZN8ZXNJIJ,True,0.9999908340871893,6.137504248834159e-06,0.9999846965829404,0.45,True,correct,0.45,True,correct,0.1,0.52497918747894,True,correct
DBLP,0.7,49,inner,SRSWOR_65_35,78,conf/sigmod/LiuPBHPT00,True,1,q_o5zij9nCEJ,q_o5zij9nCEJ,True,0.99998960632059,2.856734421849749e-05,0.9999610389763712,0.45,True,correct,0.45,True,correct,0.1,0.52497918747894,True,correct
DBLP,0.7,49,inner,SRSWOR_65_35,79,journals/sigmod/Hammer03,True,1,url:http://portal.acm.org/ft_gateway.cfm%3Fid%3D601859%26type%3Dpdf%26dl%3DGUIDE%26dl%3DACM%26CFID%3D11111111%26CFTOKEN%3D2222222,url:http://portal.acm.org/ft_gateway.cfm%3Fid%3D601859%26type%3Dpdf%26dl%3DGUIDE%26dl%3DACM%26CFID%3D11111111%26CFTOKEN%3D2222222,True,0.0073575395246899,0.0001467263366839,0.007210813188006,0.45,False,missing_match,0.45,False,missing_match,0.1,0.52497918747894,False,missing_match
DBLP,0.7,49,inner,SRSWOR_65_35,80,conf/sigmod/BuchmannDZH95,True,4,4pl5VSwjXj0J,MoNBLfTlYg0J,True,0.999989148125549,0.9999568884195504,3.225970599851635e-05,0.45,True,correct,0.45,True,correct,0.1,0.52497918747894,True,correct
DBLP,0.7,49,inner,SRSWOR_65_35,81,conf/sigmod/Chakravarthy97,True,3,5Ng-bLUNAsQJ,5Ng-bLUNAsQJ,True,0.99998833861262,0.999770908460894,0.000217430151726,0.45,True,correct,0.45,True,correct,0.1,0.52497918747894,True,correct
DBLP,0.7,49,inner,SRSWOR_65_35,82,journals/sigmod/Rosneblatt94,True,1,D1RdxKP6_6YJ,D1RdxKP6_6YJ,True,0.9997505513784888,6.860150465753163e-06,0.9997436912280232,0.45,True,correct,0.45,True,correct,0.1,0.52497918747894,True,correct
DBLP,0.7,49,inner,SRSWOR_65_35,83,journals/sigmod/Zhang95,True,1,f86VsMJZ9gAJ,f86VsMJZ9gAJ,True,0.9999885759667264,9.230377638108616e-06,0.9999793455890884,0.45,True,correct,0.45,True,correct,0.1,0.52497918747894,True,correct
DBLP,0.7,49,inner,SRSWOR_65_35,84,journals/sigmod/SlivinskasJS02,True,2,url:http://portal.acm.org/ft_gateway.cfm%3Fid%3D565119%26type%3Dpdf%26dl%3DGUIDE%26dl%3DACM%26CFID%3D11111111%26CFTOKEN%3D2222222,xTPSs2k_pUIJ,True,0.9999861941181684,0.9999806129410416,5.58117712678996e-06,0.45,True,correct,0.45,True,correct,0.1,0.52497918747894,True,correct
DBLP,0.7,49,inner,SRSWOR_65_35,85,conf/sigmod/KemperMPS94,True,1,ChCPyLiBpr4J,ChCPyLiBpr4J,True,0.9999843407499366,3.729854659883098e-05,0.9999470422033376,0.45,True,correct,0.45,True,correct,0.1,0.52497918747894,True,correct
DBLP,0.7,49,inner,SRSWOR_65_35,86,conf/sigmod/HernandezMHYHT01,True,3,89WHY6hZ22UJ,89WHY6hZ22UJ,True,0.9999900515187824,0.9999876940825836,2.357436198807683e-06,0.45,True,correct,0.45,True,correct,0.1,0.52497918747894,True,correct
DBLP,0.7,49,inner,SRSWOR_65_35,87,conf/sigmod/Stonebraker98,True,2,LjfcoraomoEJ,Tpkccl5rvR0J,True,0.9999908335539596,0.999975328603417,1.550495054247758e-05,0.45,True,correct,0.45,True,correct,0.1,0.52497918747894,True,correct
DBLP,0.7,49,inner,SRSWOR_65_35,88,journals/sigmod/AdelbergKG96,True,2,6gc5TN-yce8J,GfiQygac5twJ,True,0.999985658530186,0.9994529969429754,0.0005326615872105,0.45,True,correct,0.45,True,correct,0.1,0.52497918747894,True,correct
DBLP,0.7,49,inner,SRSWOR_65_35,89,journals/sigmod/MedeirosP94,True,3,5aANcyqvjJQJ,chmPCuLihZoJ,True,0.9999701854598164,0.9998260269150154,0.000144158544801,0.45,True,correct,0.45,True,correct,0.1,0.52497918747894,True,correct
DBLP,0.7,49,inner,SRSWOR_65_35,90,conf/vldb/DeWittKLPY94,True,6,AR8Phh8yvNEJ,cehAAlTq4s8J,True,0.999974276305943,0.999894965494718,7.93108112250307e-05,0.45,True,correct,0.45,True,correct,0.1,0.52497918747894,True,correct
DBLP,0.7,49,inner,SRSWOR_65_35,91,conf/vldb/BohannonGKNS02,True,2,9BuBq-Tj0TUJ,9BuBq-Tj0TUJ,True,0.9999890633270754,0.9999877572107017,1.30611637383371e-06,0.45,True,correct,0.45,True,correct,0.1,0.52497918747894,True,correct
DBLP,0.7,49,inner,SRSWOR_65_35,92,conf/vldb/TorloneA03,True,1,v6kudD3ItEoJ,v6kudD3ItEoJ,True,0.9999898749057666,5.964659660033581e-06,0.9999839102461066,0.45,True,correct,0.45,True,correct,0.1,0.52497918747894,True,correct
DBLP,0.7,49,inner,SRSWOR_65_35,93,conf/vldb/HaasNSS95,True,2,EfczBs13YHIJ,x70Y3qaTL40J,True,0.9999851160248524,0.9966087923996484,0.0033763236252039,0.45,True,correct,0.45,True,correct,0.1,0.52497918747894,True,correct
DBLP,0.7,49,inner,SRSWOR_65_35,94,conf/vldb/LingLL00,True,2,lNvW4tc-B2EJ,yKnPPSNrDb0J,True,0.9999843232230334,0.9999785477493086,5.775473724822788e-06,0.45,True,correct,0.45,True,correct,0.1,0.52497918747894,True,correct
DBLP,0.7,49,inner,SRSWOR_65_35,95,journals/sigmod/ChienTZ01,True,1,cjBpI3TcSWsJ,cjBpI3TcSWsJ,True,0.999956688272342,9.63042712579696e-06,0.9999470578452162,0.45,True,correct,0.45,True,correct,0.1,0.52497918747894,True,correct
DBLP,0.7,49,inner,SRSWOR_65_35,96,conf/vldb/KornMS02,True,1,mClzTQppJE4J,mClzTQppJE4J,True,0.9999869173459822,1.880315902733788e-05,0.9999681141869547,0.45,True,correct,0.45,True,correct,0.1,0.52497918747894,True,correct
DBLP,0.7,49,inner,SRSWOR_65_35,97,conf/sigmod/BornhovdAKMPR03,True,2,4qtu0-tW0IcJ,7lPu8hBgKksJ,True,0.999989760966602,0.9999894646016392,2.963649627929499e-07,0.45,True,correct,0.45,True,correct,0.1,0.52497918747894,True,correct
DBLP,0.7,49,inner,SRSWOR_65_35,98,conf/vldb/ShanmugasundaramKSFF01,True,1,9r5dL8B5l7oJ,9r5dL8B5l7oJ,True,0.9998468185688748,3.999086110790574e-05,0.9998068277077669,0.45,True,correct,0.45,True,correct,0.1,0.52497918747894,True,correct
DBLP,0.7,49,inner,SRSWOR_65_35,99,conf/vldb/AmbiteKKMST01,True,2,9bzGIloFctIJ,9bzGIloFctIJ,True,0.9999754473209748,0.0659692565496246,0.93400619077135,0.45,True,correct,0.45,True,correct,0.1,0.52497918747894,True,correct
DBLP,0.7,49,inner,SRSWOR_65_35,100,journals/sigmod/LightstoneLZ02,True,2,7TYVQTwq9FIJ,7TYVQTwq9FIJ,True,0.9999911041956078,0.9997676547992232,0.0002234493963845,0.45,True,correct,0.45,True,correct,0.1,0.52497918747894,True,correct
DBLP,0.7,49,inner,SRSWOR_65_35,101,journals/vldb/FiletoLPAM03,True,2,jMQ_SiixnSEJ,VWbm4EeeFNMJ,True,0.9999903584259904,0.9999868322808224,3.526145168186723e-06,0.45,True,correct,0.45,True,correct,0.1,0.52497918747894,True,correct
DBLP,0.7,49,inner,SRSWOR_65_35,102,conf/vldb/Ramaswamy00,False,0,,AYqgaR3tudgJ,False,9.211497591652576e-06,6.0844246683093405e-06,3.127072923343236e-06,0.45,False,unmatched_abstention,0.45,False,unmatched_abstention,0.1,0.52497918747894,False,unmatched_abstention
DBLP,0.7,49,inner,SRSWOR_65_35,103,conf/vldb/RamaswamyMS98,True,2,Qq2kFNELi_8J,WTYQ40Rn_tUJ,True,0.9999902579676117,0.999937997947166,5.226002044578237e-05,0.45,True,correct,0.45,True,correct,0.1,0.52497918747894,True,correct
DBLP,0.7,49,inner,SRSWOR_65_35,104,conf/vldb/PapadimitriouBF03,True,1,pAvCmcv_-lMJ,pAvCmcv_-lMJ,True,0.9998706099837148,0.9817953819115688,0.0180752280721461,0.45,True,correct,0.45,True,correct,0.1,0.52497918747894,True,correct
DBLP,0.7,49,inner,SRSWOR_65_35,105,journals/vldb/FengYLH02,True,1,Uxh3R2hfBOAJ,Uxh3R2hfBOAJ,True,0.9999876178824942,1.0317685116661582e-05,0.9999773001973776,0.45,True,correct,0.45,True,correct,0.1,0.52497918747894,True,correct
DBLP,0.7,49,inner,SRSWOR_65_35,106,conf/sigmod/Cabrera03,False,0,,NN8a0RhNBfAJ,False,0.0004261974952106,0.0001189873840849,0.0003072101111256,0.45,False,unmatched_abstention,0.45,False,unmatched_abstention,0.1,0.52497918747894,False,unmatched_abstention
DBLP,0.7,49,inner,SRSWOR_65_35,107,conf/sigmod/KangN03,True,1,ABztkd0E9lUJ,ABztkd0E9lUJ,True,0.9999889582868754,8.052723182039386e-06,0.9999809055636932,0.45,True,correct,0.45,True,correct,0.1,0.52497918747894,True,correct
DBLP,0.7,49,inner,SRSWOR_65_35,108,conf/vldb/YagoubFIV00,True,3,195Hlqu94qEJ,195Hlqu94qEJ,True,0.9999887673234864,0.9999716964517974,1.7070871689006673e-05,0.45,True,correct,0.45,True,correct,0.1,0.52497918747894,True,correct
DBLP,0.7,49,inner,SRSWOR_65_35,109,journals/sigmod/TheodoridisN00,True,2,DXTczW8Dv4MJ,NegSmYlF-awJ,True,0.9999813483601896,0.999799304728714,0.0001820436314755,0.45,True,correct,0.45,True,correct,0.1,0.52497918747894,True,correct
DBLP,0.7,49,inner,SRSWOR_65_35,110,conf/sigmod/RaoZML02,True,2,7Ucs6vmjHN0J,7Ucs6vmjHN0J,True,0.9999876065767342,0.999986038852341,1.5677243931921936e-06,0.45,True,correct,0.45,True,correct,0.1,0.52497918747894,True,correct
DBLP,0.7,49,inner,SRSWOR_65_35,111,journals/sigmod/JukicNV03,True,1,eR43Urfx-hcJ,eR43Urfx-hcJ,True,0.9999890196116265,8.424165629958995e-06,0.9999805954459964,0.45,True,correct,0.45,True,correct,0.1,0.52497918747894,True,correct
DBLP,0.7,49,inner,SRSWOR_65_35,112,conf/sigmod/SeshadriLR94,True,3,60I0j0qUHVYJ,60I0j0qUHVYJ,True,0.9999725151787358,0.9997282102240992,0.0002443049546365,0.45,True,correct,0.45,True,correct,0.1,0.52497918747894,True,correct
DBLP,0.7,49,inner,SRSWOR_65_35,113,conf/sigmod/ChaudhuriDN01,True,2,lCQ0HZYyYNcJ,qfohkpyTawoJ,True,0.9999888146250736,0.9999820632567984,6.751368275326186e-06,0.45,True,correct,0.45,True,correct,0.1,0.52497918747894,True,correct
DBLP,0.7,49,inner,SRSWOR_65_35,114,conf/vldb/SilversteinBMU98,True,2,_GLI7Izv17cJ,bCj7bOIqDc0J,True,0.9999577875419454,0.9997864089767337,0.0001713785652117,0.45,True,correct,0.45,True,correct,0.1,0.52497918747894,True,correct
DBLP,0.7,49,inner,SRSWOR_65_35,115,journals/vldb/BarbaraI95,True,10,7N0H3ra1FFsJ,bMUUwjP72hwJ,True,0.9999816630882428,0.9999739957671672,7.667321075710554e-06,0.45,True,correct,0.45,True,correct,0.1,0.52497918747894,True,correct
DBLP,0.7,49,inner,SRSWOR_65_35,116,conf/vldb/MorimotoIM97,True,3,3enylshvOl8J,kGB3pezWy-MJ,True,0.9999836455034488,0.999935833430763,4.781207268589327e-05,0.45,True,correct,0.45,True,correct,0.1,0.52497918747894,True,correct
DBLP,0.7,49,inner,SRSWOR_65_35,117,conf/vldb/RastogiS98,True,5,AyWUeJ5k2IoJ,yztQfwBZU6EJ,True,0.999989672903927,0.999957042931084,3.2629972843145616e-05,0.45,True,correct,0.45,True,correct,0.1,0.52497918747894,True,correct
DBLP,0.7,49,inner,SRSWOR_65_35,118,conf/sigmod/WhiteD94,True,2,jKBaGqWJK2oJ,jKBaGqWJK2oJ,True,0.9994200702625712,0.998583013118506,0.0008370571440652,0.45,True,correct,0.45,True,correct,0.1,0.52497918747894,True,correct
DBLP,0.7,49,inner,SRSWOR_65_35,119,journals/sigmod/HuangKL02,True,2,g4mWc14U8m4J,yyUMt1X2WXcJ,True,0.9999903562005842,0.9998591011919808,0.0001312550086033,0.45,True,correct,0.45,True,correct,0.1,0.52497918747894,True,correct
DBLP,0.7,49,inner,SRSWOR_65_35,120,journals/sigmod/LinP96,True,1,mzEHvKsUv5QJ,mzEHvKsUv5QJ,True,0.999985697088136,6.037591201916734e-05,0.999925321176117,0.45,True,correct,0.45,True,correct,0.1,0.52497918747894,True,correct
DBLP,0.7,49,inner,SRSWOR_65_35,121,journals/tods/FranklinCL97,True,2,vqboZ3T4n4AJ,vqboZ3T4n4AJ,True,0.9999804582432766,0.9992344604289342,0.0007459978143424,0.45,True,correct,0.45,True,correct,0.1,0.52497918747894,True,correct
DBLP,0.7,49,inner,SRSWOR_65_35,122,conf/vldb/CarinoOBS99,True,1,47kAOej6WIQJ,47kAOej6WIQJ,True,0.9999138751782716,5.88713564376894e-06,0.9999079880426278,0.45,True,correct,0.45,True,correct,0.1,0.52497918747894,True,correct
DBLP,0.7,49,inner,SRSWOR_65_35,123,conf/sigmod/WangJLY03,True,1,EQsWWZdE45wJ,EQsWWZdE45wJ,True,0.9999856110339148,8.11352065088579e-06,0.999977497513264,0.45,True,correct,0.45,True,correct,0.1,0.52497918747894,True,correct
DBLP,0.7,49,inner,SRSWOR_65_35,124,conf/sigmod/CherniackZ98,True,2,_wJZsVYdrr8J,_wJZsVYdrr8J,True,0.9999515248165092,0.9999081246371236,4.340017938564422e-05,0.45,True,correct,0.45,True,correct,0.1,0.52497918747894,True,correct
DBLP,0.7,49,inner,SRSWOR_65_35,125,journals/sigmod/SilberschatzZ97,True,2,7JRwRy6VapMJ,7JRwRy6VapMJ,True,0.9999851612215668,0.000565010128656,0.9994201510929108,0.45,True,correct,0.45,True,correct,0.1,0.52497918747894,True,correct
DBLP,0.7,49,inner,SRSWOR_65_35,126,conf/vldb/MohaniaS94,True,1,JORYEDHKYSMJ,JORYEDHKYSMJ,True,0.999977030606106,0.0001725654709037,0.9998044651352022,0.45,True,correct,0.45,True,correct,0.1,0.52497918747894,True,correct
DBLP,0.7,49,inner,SRSWOR_65_35,127,journals/sigmod/Liu03,False,0,,url:http://portal.acm.org/citation.cfm%3Fid%3D945721.945727%26coll%3DGUIDE%26dl%3DACM%26idx%3DJ689%26part%3Dperiodical%26WantType%3Dperiodical%26title%3DACM%2520SIGMOD%2520Record%26CFID%3D11111111%26CFTOKEN%3D2222222,False,0.0002141221979696,0.0001690080411999,4.511415676969807e-05,0.45,False,unmatched_abstention,0.45,False,unmatched_abstention,0.1,0.52497918747894,False,unmatched_abstention
DBLP,0.7,49,inner,SRSWOR_65_35,128,conf/vldb/HammelP02,True,1,SU2XS1MVb40J,SU2XS1MVb40J,True,0.9999860917822204,6.3731010868661225e-06,0.9999797186811334,0.45,True,correct,0.45,True,correct,0.1,0.52497918747894,True,correct
DBLP,0.7,49,inner,SRSWOR_65_35,129,conf/vldb/GalanisWJD03,True,1,JvthmGX_uoQJ,JvthmGX_uoQJ,True,0.9999889003674682,7.618186721218285e-06,0.999981282180747,0.45,True,correct,0.45,True,correct,0.1,0.52497918747894,True,correct
DBLP,0.7,49,inner,SRSWOR_65_35,130,conf/vldb/HelmerWM98,True,2,5ipPVLRhDqoJ,5ipPVLRhDqoJ,True,0.9999903219825304,0.9999798581703973,1.0463812133321149e-05,0.45,True,correct,0.45,True,correct,0.1,0.52497918747894,True,correct
DBLP,0.7,49,inner,SRSWOR_65_35,131,journals/sigmod/Winslett03,False,0,,sfQlMM3SXpAJ,False,0.0172694625724309,0.0167457004274986,0.0005237621449322,0.45,False,unmatched_abstention,0.45,False,unmatched_abstention,0.1,0.52497918747894,False,unmatched_abstention
DBLP,0.7,49,inner,SRSWOR_65_35,132,journals/sigmod/TomasicS97,True,1,-MNdDpWC-sgJ,-MNdDpWC-sgJ,True,0.9999847997276856,8.054420555469965e-06,0.99997674530713,0.45,True,correct,0.45,True,correct,0.1,0.52497918747894,True,correct
DBLP,0.7,49,inner,SRSWOR_65_35,133,journals/sigmod/NadoH97,True,1,yN9f4dSKC9QJ,yN9f4dSKC9QJ,True,0.9999823184513498,3.077342541915597e-05,0.9999515450259306,0.45,True,correct,0.45,True,correct,0.1,0.52497918747894,True,correct
DBLP,0.7,49,inner,SRSWOR_65_35,134,journals/sigmod/Ozsu03a,False,0,,qU_IX5KFwIoJ,False,0.0055437883897014,0.0004837333189621,0.0050600550707393,0.45,False,unmatched_abstention,0.45,False,unmatched_abstention,0.1,0.52497918747894,False,unmatched_abstention
DBLP,0.7,49,inner,SRSWOR_65_35,135,journals/tods/GravanoGT99,True,3,a1TYKJbJRREJ,NCv4Y_aV23EJ,True,0.99995438136572,0.9998840896099234,7.029175579664759e-05,0.45,True,correct,0.45,True,correct,0.1,0.52497918747894,True,correct
DBLP,0.7,49,inner,SRSWOR_65_35,136,conf/sigmod/PapadiasTFS03,True,2,MkRJhOROQjsJ,MkRJhOROQjsJ,True,0.9999887043419794,0.999981974602974,6.729739005506552e-06,0.45,True,correct,0.45,True,correct,0.1,0.52497918747894,True,correct
DBLP,0.7,49,inner,SRSWOR_65_35,137,conf/vldb/HaasB03,True,2,52x78w6qgcwJ,-sWlL27yCP0J,True,0.9999751129508012,0.9999477968897242,2.731606107686524e-05,0.45,True,correct,0.45,True,correct,0.1,0.52497918747894,True,correct
DBLP,0.7,49,inner,SRSWOR_65_35,138,conf/sigmod/ShahC01,True,1,2wGOv6yh4yIJ,2wGOv6yh4yIJ,True,0.9999868431762658,9.032904428358453e-05,0.9998965141319822,0.45,True,correct,0.45,True,correct,0.1,0.52497918747894,True,correct
DBLP,0.7,49,inner,SRSWOR_65_35,139,conf/sigmod/DoRD99,True,2,Q4N41koenF8J,Q4N41koenF8J,True,0.999984604236357,0.9999837307499204,8.734864365145256e-07,0.45,True,correct,0.45,True,correct,0.1,0.52497918747894,True,correct
DBLP,0.7,49,inner,SRSWOR_65_35,140,conf/sigmod/Shyy95,True,1,OjZoGJLFGqIJ,OjZoGJLFGqIJ,True,0.9999827948313024,9.125991456853169e-06,0.9999736688398456,0.45,True,correct,0.45,True,correct,0.1,0.52497918747894,True,correct
DBLP,0.7,49,inner,SRSWOR_65_35,141,journals/sigmod/Winslett03a,False,0,,PoJxt880k-AJ,False,0.0012529297909983,0.0010793981065368,0.0001735316844615,0.45,False,unmatched_abstention,0.45,False,unmatched_abstention,0.1,0.52497918747894,False,unmatched_abstention
DBLP,0.7,49,inner,SRSWOR_65_35,142,conf/vldb/HoelS94,True,2,Id1cvsQURBAJ,Id1cvsQURBAJ,True,0.9999795994964424,0.0105718801180158,0.9894077193784266,0.45,True,correct,0.45,True,correct,0.1,0.52497918747894,True,correct
DBLP,0.7,49,inner,SRSWOR_65_35,143,journals/sigmod/BiancheriPP01,False,0,,JhPPFNFWJ1UJ,False,8.55153952362624e-06,7.172821069169233e-06,1.3787184544570067e-06,0.45,False,unmatched_abstention,0.45,False,unmatched_abstention,0.1,0.52497918747894,False,unmatched_abstention
DBLP,0.7,49,inner,SRSWOR_65_35,144,journals/sigmod/Richey95,True,1,2p2A5_qGf5cJ,2p2A5_qGf5cJ,True,0.999980563217055,8.393067927448204e-06,0.9999721701491276,0.45,True,correct,0.45,True,correct,0.1,0.52497918747894,True,correct
DBLP,0.7,49,inner,SRSWOR_65_35,145,conf/vldb/LakshmiZ98,True,2,3XwLBVHUBvAJ,QmXB6EKu-pYJ,True,0.9999639078718746,0.0515903069154763,0.9483736009563984,0.45,True,correct,0.45,True,correct,0.1,0.52497918747894,True,correct
DBLP,0.7,49,inner,SRSWOR_65_35,146,conf/vldb/Hess96,True,1,Gia7489k5t4J,Gia7489k5t4J,True,0.9999866634895213,1.6895743588454228e-05,0.9999697677459328,0.45,True,correct,0.45,True,correct,0.1,0.52497918747894,True,correct
DBLP,0.7,49,inner,SRSWOR_65_35,147,conf/vldb/SakuraiYKU01,True,1,OQMYc3S0Ny8J,OQMYc3S0Ny8J,True,0.9999895229145594,8.409019401056679e-06,0.9999811138951584,0.45,True,correct,0.45,True,correct,0.1,0.52497918747894,True,correct
DBLP,0.7,49,inner,SRSWOR_65_35,148,conf/vldb/ChakrabartiGRS00,True,4,2TVYDBNYioIJ,Sd2EpYgsgYEJ,True,0.9999522326084498,0.9999399828645616,1.2249743888137488e-05,0.45,True,correct,0.45,True,correct,0.1,0.52497918747894,True,correct
DBLP,0.7,49,inner,SRSWOR_65_35,149,conf/vldb/KeidlSSK02,True,2,dTval1yE6p8J,dTval1yE6p8J,True,0.9999884870047846,0.9997442182726372,0.0002442687321474,0.45,True,correct,0.45,True,correct,0.1,0.52497918747894,True,correct
DBLP,0.7,49,inner,SRSWOR_65_35,150,conf/vldb/AdiBEY00,True,3,R5o2TUro03MJ,R5o2TUro03MJ,True,0.999987998400708,0.9999876370326406,3.6136806746966965e-07,0.45,True,correct,0.45,True,correct,0.1,0.52497918747894,True,correct
DBLP,0.7,49,inner,SRSWOR_65_35,151,conf/vldb/OzdenGHNSDGGW01,True,2,url:http://portal.acm.org/citation.cfm%3Fid%3D645927.672352,url:http://portal.acm.org/citation.cfm%3Fid%3D645927.672352,True,0.9999889156210048,0.9999846465219872,4.2690990177396415e-06,0.45,True,correct,0.45,True,correct,0.1,0.52497918747894,True,correct
DBLP,0.7,49,inner,SRSWOR_65_35,152,conf/vldb/ShaferA97,True,1,O4UcgdEM7vYJ,O4UcgdEM7vYJ,True,0.9999887630592236,0.0051133750549993,0.9948753880042244,0.45,True,correct,0.45,True,correct,0.1,0.52497918747894,True,correct
DBLP,0.7,49,inner,SRSWOR_65_35,153,journals/sigmod/KoksalAD98,True,2,c2UQ3AM5_f8J,enYoi4XT7n0J,True,0.9999792301462254,0.0009570294751843,0.9990222006710412,0.45,True,correct,0.45,True,correct,0.1,0.52497918747894,True,correct
DBLP,0.7,49,inner,SRSWOR_65_35,154,journals/sigmod/Cardelli01,True,1,UYAoi4DYOXUJ,UYAoi4DYOXUJ,True,0.9999746842805064,8.839146262176508e-05,0.9998862928178844,0.45,True,correct,0.45,True,correct,0.1,0.52497918747894,True,correct
DBLP,0.7,49,inner,SRSWOR_65_35,155,journals/sigmod/NascimentoSP03,True,1,G3QWq2T08SEJ,G3QWq2T08SEJ,True,0.999961953934774,2.5836884900668804e-05,0.9999361170498734,0.45,True,correct,0.45,True,correct,0.1,0.52497918747894,True,correct
DBLP,0.7,49,inner,SRSWOR_65_35,156,conf/vldb/ChakrabartiM00,True,2,7P1LlDStRGYJ,7P1LlDStRGYJ,True,0.999990123382076,0.9998019138419464,0.0001882095401296,0.45,True,correct,0.45,True,correct,0.1,0.52497918747894,True,correct
DBLP,0.7,49,inner,SRSWOR_65_35,157,conf/vldb/SrinivasanDFCJYKTDB00,True,1,RmyORCW6qn8J,RmyORCW6qn8J,True,0.9999912636996482,9.30284268783082e-06,0.9999819608569605,0.45,True,correct,0.45,True,correct,0.1,0.52497918747894,True,correct
DBLP,0.7,49,inner,SRSWOR_65_35,158,journals/sigmod/SycaraKWL99,True,6,7OyvdUHeptMJ,YgouJdrCoZQJ,True,0.9999899068550538,0.9999876470030415,2.259852012298502e-06,0.45,True,correct,0.45,True,correct,0.1,0.52497918747894,True,correct
DBLP,0.7,49,inner,SRSWOR_65_35,159,conf/sigmod/MogiK96,True,3,G-ggEZEKjT8J,hxWB8uQMCdgJ,True,0.999988806974158,0.9599445564764848,0.0400442504976732,0.45,True,correct,0.45,True,correct,0.1,0.52497918747894,True,correct
DBLP,0.7,49,inner,SRSWOR_65_35,160,conf/sigmod/2003,False,0,,GbKwENZEG40J,False,0.957626201851594,2.336238263037349e-05,0.9576028394689636,0.45,True,false_link,0.45,True,false_link,0.1,0.52497918747894,True,false_link
DBLP,0.7,49,inner,SRSWOR_65_35,161,journals/sigmod/Qian96a,True,1,url:http://portal.acm.org/ft_gateway.cfm%3Fid%3D234903%26type%3Dpdf%26dl%3DGUIDE%26dl%3DACM%26CFID%3D11111111%26CFTOKEN%3D2222222,url:http://portal.acm.org/ft_gateway.cfm%3Fid%3D234903%26type%3Dpdf%26dl%3DGUIDE%26dl%3DACM%26CFID%3D11111111%26CFTOKEN%3D2222222,True,0.9999805957020236,8.859636072743819e-06,0.9999717360659508,0.45,True,correct,0.45,True,correct,0.1,0.52497918747894,True,correct
DBLP,0.7,49,inner,SRSWOR_65_35,162,conf/sigmod/MeccaAMMS98,True,3,I-fmtPvluKEJ,v2KwhRi-OrMJ,True,0.9999888263953388,0.9999870477688866,1.77862645234228e-06,0.45,True,correct,0.45,True,correct,0.1,0.52497918747894,True,correct
DBLP,0.7,49,inner,SRSWOR_65_35,163,journals/sigmod/ArpinarD00,True,1,YQQMvRraFBwJ,YQQMvRraFBwJ,True,0.9999873489011524,1.368275153605654e-05,0.9999736661496162,0.45,True,correct,0.45,True,correct,0.1,0.52497918747894,True,correct
DBLP,0.7,49,inner,SRSWOR_65_35,164,conf/vldb/NetzCBF00,True,1,mRIRFxOC8A8J,mRIRFxOC8A8J,True,0.9999910933724075,0.9999308813953688,6.021197703898196e-05,0.45,True,correct,0.45,True,correct,0.1,0.52497918747894,True,correct
DBLP,0.7,49,inner,SRSWOR_65_35,165,conf/vldb/PottingerB03,True,3,Gq2yqOZGhBgJ,Q6pHDaV3sG4J,True,0.9999868675954442,0.999982662983887,4.20461155714591e-06,0.45,True,correct,0.45,True,correct,0.1,0.52497918747894,True,correct
DBLP,0.7,49,inner,SRSWOR_65_35,166,conf/vldb/CotterB00,True,1,SJ6PiY04ebMJ,SJ6PiY04ebMJ,True,0.9999793833815837,7.352202813729592e-06,0.9999720311787698,0.45,True,correct,0.45,True,correct,0.1,0.52497918747894,True,correct
DBLP,0.7,49,inner,SRSWOR_65_35,167,conf/vldb/Galindo-LegariaJWW03,True,2,3fCNsAXb9RAJ,znWqWhUfPp8J,True,0.9999240827879432,0.9997031524539288,0.0002209303340142,0.45,True,correct,0.45,True,correct,0.1,0.52497918747894,True,correct
DBLP,0.7,49,inner,SRSWOR_65_35,168,journals/sigmod/Seshadri98,True,3,_nIg_hi8PAAJ,_nIg_hi8PAAJ,True,0.999986867457681,0.9999401506096456,4.671684803525533e-05,0.45,True,correct,0.45,True,correct,0.1,0.52497918747894,True,correct
DBLP,0.7,49,inner,SRSWOR_65_35,169,conf/vldb/PacittMS99,True,1,jJyGKE2N34gJ,jJyGKE2N34gJ,True,0.9999872091353248,7.366871635799289e-05,0.999913540418967,0.45,True,correct,0.45,True,correct,0.1,0.52497918747894,True,correct
DBLP,0.7,49,inner,SRSWOR_65_35,170,journals/sigmod/Snodgrass03c,True,1,url:http://portal.acm.org/ft_gateway.cfm%3Fid%3D959062%26type%3Dpdf%26dl%3DGUIDE%26dl%3DACM%26CFID%3D11111111%26CFTOKEN%3D2222222,url:http://portal.acm.org/ft_gateway.cfm%3Fid%3D959062%26type%3Dpdf%26dl%3DGUIDE%26dl%3DACM%26CFID%3D11111111%26CFTOKEN%3D2222222,True,0.9999808637842194,0.0004083499644112,0.9995725138198082,0.45,True,correct,0.45,True,correct,0.1,0.52497918747894,True,correct
DBLP,0.7,49,inner,SRSWOR_65_35,171,conf/sigmod/DoppelhammerHKK97,True,2,LUfRqM48JaEJ,q_A8Y8KY9WkJ,True,0.999989896396372,0.99998221186618,7.684530191842676e-06,0.45,True,correct,0.45,True,correct,0.1,0.52497918747894,True,correct
DBLP,0.7,49,inner,SRSWOR_65_35,172,conf/sigmod/JoshiA01,True,2,H9bMRYKnXMQJ,H9bMRYKnXMQJ,True,0.9999869218616696,0.9999651671393822,2.175472228738151e-05,0.45,True,correct,0.45,True,correct,0.1,0.52497918747894,True,correct
DBLP,0.7,49,inner,SRSWOR_65_35,173,conf/vldb/CowleyP00,True,2,KGeFsGtIROsJ,KGeFsGtIROsJ,True,0.9999838413841132,0.9999438690690076,3.997231510588506e-05,0.45,True,correct,0.45,True,correct,0.1,0.52497918747894,True,correct
DBLP,0.7,49,inner,SRSWOR_65_35,174,journals/tods/WangBBJ97,True,5,Io4omPiDA94J,NYQMkdaH2egJ,True,0.999989480063022,0.999988625571158,8.54491863933049e-07,0.45,True,correct,0.45,True,correct,0.1,0.52497918747894,True,correct
DBLP,0.7,49,inner,SRSWOR_65_35,175,conf/vldb/IpeirotisG02,True,2,3CSFFlEVviMJ,3CSFFlEVviMJ,True,0.9999849923932668,0.999980518215239,4.474178027624731e-06,0.45,True,correct,0.45,True,correct,0.1,0.52497918747894,True,correct
DBLP,0.7,49,inner,SRSWOR_65_35,176,conf/sigmod/RundensteinerCLCZNJLW99,True,1,SADcQZhMqgEJ,SADcQZhMqgEJ,True,0.9999872174395772,6.012604680194798e-06,0.9999812048348968,0.45,True,correct,0.45,True,correct,0.1,0.52497918747894,True,correct
DBLP,0.7,49,inner,SRSWOR_65_35,177,journals/vldb/LaurentLSV01,True,1,TTIgIh9uC_YJ,TTIgIh9uC_YJ,True,0.9999855168121,6.1138680568913575e-06,0.999979402944043,0.45,True,correct,0.45,True,correct,0.1,0.52497918747894,True,correct
DBLP,0.7,49,inner,SRSWOR_65_35,178,journals/sigmod/Kim02,True,1,1PPb2Y8X7rAJ,1PPb2Y8X7rAJ,True,0.9999895292772902,6.122269893324095e-06,0.999983407007397,0.45,True,correct,0.45,True,correct,0.1,0.52497918747894,True,correct
DBLP,0.7,49,inner,SRSWOR_65_35,179,conf/vldb/BaumannFRW97,True,2,7BgXVuviUvoJ,7BgXVuviUvoJ,True,0.99998937901515,0.9987743216474276,0.0012150573677223,0.45,True,correct,0.45,True,correct,0.1,0.52497918747894,True,correct
DBLP,0.7,49,inner,SRSWOR_65_35,180,conf/vldb/LakshmananSS99,True,2,H5bVePnEohQJ,H5bVePnEohQJ,True,0.9999899641750164,0.9999741953232608,1.576885175558207e-05,0.45,True,correct,0.45,True,correct,0.1,0.52497918747894,True,correct
DBLP,0.7,49,inner,SRSWOR_65_35,181,conf/vldb/WangZL03,True,1,tbuNzuDUSFYJ,tbuNzuDUSFYJ,True,0.9999889360249308,4.051544843849215e-05,0.999948420576492,0.45,True,correct,0.45,True,correct,0.1,0.52497918747894,True,correct
DBLP,0.7,49,inner,SRSWOR_65_35,182,conf/vldb/HelmerM97,True,2,vInYFLVq0uIJ,xsh0C_nCllsJ,True,0.9999898259965312,0.9999810623222364,8.763674294698376e-06,0.45,True,correct,0.45,True,correct,0.1,0.52497918747894,True,correct
DBLP,0.7,49,inner,SRSWOR_65_35,183,conf/vldb/GoodmanRS94,True,1,8CCHAKnGJ1EJ,8CCHAKnGJ1EJ,True,0.9999870798197922,7.121931382518027e-06,0.9999799578884097,0.45,True,correct,0.45,True,correct,0.1,0.52497918747894,True,correct
DBLP,0.7,49,inner,SRSWOR_65_35,184,journals/sigmod/DiazJPa94,True,2,sG7PCEiN2xAJ,sG7PCEiN2xAJ,True,0.999982814788067,0.042691045461535,0.957291769326532,0.45,True,correct,0.45,True,correct,0.1,0.52497918747894,True,correct
DBLP,0.7,49,inner,SRSWOR_65_35,185,conf/sigmod/RaoBG96,True,2,UmM1k4NoD2IJ,UmM1k4NoD2IJ,True,0.9999892679836686,0.9998995561757488,8.971180791972344e-05,0.45,True,correct,0.45,True,correct,0.1,0.52497918747894,True,correct
DBLP,0.7,49,inner,SRSWOR_65_35,186,journals/sigmod/Konig-RiesL97,True,2,3fQBks2g-BMJ,url:http://portal.acm.org/ft_gateway.cfm%3Fid%3D262771%26type%3Dpdf%26dl%3DGUIDE%26dl%3DACM%26CFID%3D11111111%26CFTOKEN%3D2222222,True,0.9999816378719794,0.9999759156792996,5.72219267980234e-06,0.45,True,correct,0.45,True,correct,0.1,0.52497918747894,True,correct
DBLP,0.7,49,inner,SRSWOR_65_35,187,conf/vldb/LuoN01,True,1,TRWSf77xoWsJ,TRWSf77xoWsJ,True,0.9999577647916078,6.493476784244156e-06,0.9999512713148236,0.45,True,correct,0.45,True,correct,0.1,0.52497918747894,True,correct
DBLP,0.7,49,inner,SRSWOR_65_35,188,conf/vldb/BouganimFV96,True,1,TiffIV1Y6AMJ,TiffIV1Y6AMJ,True,0.9999863198840496,0.0001673939691593,0.9998189259148904,0.45,True,correct,0.45,True,correct,0.1,0.52497918747894,True,correct
DBLP,0.7,49,inner,SRSWOR_65_35,189,conf/vldb/SistlaYLL95,True,3,HtTNmhCJY-oJ,n1ixxafAD_EJ,True,0.9999845242898336,0.999972232969176,1.229132065749816e-05,0.45,True,correct,0.45,True,correct,0.1,0.52497918747894,True,correct
DBLP,0.7,49,inner,SRSWOR_65_35,190,journals/vldb/TanGO00,True,1,url:http://www.springerlink.com/index/4N8LT3XHXGCR8DLW.pdf,url:http://www.springerlink.com/index/4N8LT3XHXGCR8DLW.pdf,True,0.999966631859883,1.951378532761076e-05,0.9999471180745554,0.45,True,correct,0.45,True,correct,0.1,0.52497918747894,True,correct
DBLP,0.7,49,inner,SRSWOR_65_35,191,journals/sigmod/PalpanasPKG03,True,2,KQ6elbYA84QJ,KQ6elbYA84QJ,True,0.9999866017385018,0.9999831636883044,3.438050197313025e-06,0.45,True,correct,0.45,True,correct,0.1,0.52497918747894,True,correct
DBLP,0.7,49,inner,SRSWOR_65_35,192,conf/sigmod/RamaswamyK95,True,3,AL0SfNHykJEJ,g9Y0KAu_UHQJ,True,0.9999832230551412,0.9999775332174332,5.689837707989476e-06,0.45,True,correct,0.45,True,correct,0.1,0.52497918747894,True,correct
DBLP,0.7,49,inner,SRSWOR_65_35,193,conf/sigmod/BargaL99,True,2,hf84fEpX5agJ,QGxyK7bJQOMJ,True,0.9999687751386542,0.9991857982124244,0.0007829769262297,0.45,True,correct,0.45,True,correct,0.1,0.52497918747894,True,correct
DBLP,0.7,49,inner,SRSWOR_65_35,194,journals/sigmod/Ioannidis96,True,1,IgQsVaud8BIJ,IgQsVaud8BIJ,True,0.999959851438488,5.170203363329597e-05,0.9999081494048548,0.45,True,correct,0.45,True,correct,0.1,0.52497918747894,True,correct
DBLP,0.7,49,inner,SRSWOR_65_35,195,conf/sigmod/CasatiS01,True,2,2_VG_VUkHH8J,7H9j9z0x_3UJ,True,0.999988281377222,0.9999806300169668,7.65136025526747e-06,0.45,True,correct,0.45,True,correct,0.1,0.52497918747894,True,correct
DBLP,0.7,49,inner,SRSWOR_65_35,196,journals/tods/Kuo96,True,2,p--jtVlva8AJ,p--jtVlva8AJ,True,0.999980626968798,0.9999326126084668,4.801436033130546e-05,0.45,True,correct,0.45,True,correct,0.1,0.52497918747894,True,correct
DBLP,0.7,49,inner,SRSWOR_65_35,197,journals/sigmod/Vianu03,True,2,bvcQt7zFoAoJ,JgenqfLQC1UJ,True,0.9977502612162408,0.4638554564628064,0.5338948047534344,0.45,True,correct,0.45,True,correct,0.1,0.52497918747894,True,correct
DBLP,0.7,49,inner,SRSWOR_65_35,198,conf/sigmod/WangPFY03,True,4,5JXKbI5l1FYJ,jpNXw9L7pxgJ,True,0.9999891188708429,0.9999815187792332,7.600091609605286e-06,0.45,True,correct,0.45,True,correct,0.1,0.52497918747894,True,correct
DBLP,0.7,49,inner,SRSWOR_65_35,199,journals/tods/ZobelMR98,True,3,AvV6lMEBGWsJ,nX85t01_KugJ,True,0.9999611270598512,0.9999531278270506,7.99923280048187e-06,0.45,True,correct,0.45,True,correct,0.1,0.52497918747894,True,correct
DBLP,0.7,49,inner,SRSWOR_65_35,200,conf/sigmod/KornackerSH98,True,2,08hpWyqMTqAJ,bV8_CDuW2gMJ,True,0.9999884783276944,0.9999690583105432,1.942001715138364e-05,0.45,True,correct,0.45,True,correct,0.1,0.52497918747894,True,correct
DBLP,0.7,49,inner,SRSWOR_65_35,201,conf/sigmod/GuptaHR97,True,2,pGix0qZ6Uz4J,pGix0qZ6Uz4J,True,0.9999896086694878,0.99982558310581,0.0001640255636777,0.45,True,correct,0.45,True,correct,0.1,0.52497918747894,True,correct
DBLP,0.7,49,inner,SRSWOR_65_35,202,conf/sigmod/PapakonstantinouV99,True,3,5iBUkqCy-KAJ,du5GsqT0_vQJ,True,0.9999671991919152,0.9999666163911584,5.828007566544002e-07,0.45,True,correct,0.45,True,correct,0.1,0.52497918747894,True,correct
DBLP,0.7,49,inner,SRSWOR_65_35,203,journals/tods/DeySB99,True,1,lUIjuGqk6q4J,lUIjuGqk6q4J,True,0.9999858686125858,6.723827280953353e-06,0.9999791447853048,0.45,True,correct,0.45,True,correct,0.1,0.52497918747894,True,correct
DBLP,0.7,49,inner,SRSWOR_65_35,204,conf/sigmod/Ubell94,True,3,lphlTARDI9YJ,ZrMjnFuPnI0J,True,0.5024323986341426,0.0732897949671144,0.4291426036670281,0.45,True,correct,0.45,True,correct,0.1,0.52497918747894,False,missing_match
DBLP,0.7,49,inner,SRSWOR_65_35,205,journals/vldb/RafieiM02,True,1,kZFfJieudW4J,kZFfJieudW4J,True,0.9999801316676324,2.120277453762376e-05,0.9999589288930948,0.45,True,correct,0.45,True,correct,0.1,0.52497918747894,True,correct
DBLP,0.7,49,inner,SRSWOR_65_35,206,conf/vldb/JagadishKNS99,True,2,GtXc02EJjCgJ,W8O7pgTYGTYJ,True,0.999985693909634,0.9999550314151668,3.066249446725955e-05,0.45,True,correct,0.45,True,correct,0.1,0.52497918747894,True,correct
DBLP,0.7,49,inner,SRSWOR_65_35,207,conf/sigmod/BergstraesserBPS99,True,2,4Ha7Bs5Vq3MJ,qcZ2tYThtK0J,True,0.9999843145195408,0.0008910583690189,0.9990932561505218,0.45,True,correct,0.45,True,correct,0.1,0.52497918747894,True,correct
DBLP,0.7,49,inner,SRSWOR_65_35,208,conf/sigmod/LiYVGPUV98,True,6,4zDGoqCAWOoJ,6jeHlSgjCskJ,True,0.9999890141650444,0.9999852187756076,3.79538943662272e-06,0.45,True,correct,0.45,True,correct,0.1,0.52497918747894,True,correct
DBLP,0.7,49,inner,SRSWOR_65_35,209,journals/vldb/Amer-YahiaCLS02,True,2,79CvVWsqYLcJ,SdqZz-Rnmk4J,True,0.9999651698631556,0.9998145234742736,0.0001506463888819,0.45,True,correct,0.45,True,correct,0.1,0.52497918747894,True,correct
DBLP,0.7,49,inner,SRSWOR_65_35,210,conf/sigmod/GravanoCGP97,True,8,1xxRTUP64bwJ,PsoYENGEh9cJ,True,0.9999861617442476,0.999984100101592,2.0616426555930545e-06,0.45,True,correct,0.45,True,correct,0.1,0.52497918747894,True,correct
DBLP,0.7,49,inner,SRSWOR_65_35,211,journals/sigmod/AndersonS94,True,1,aDk2IS_xwToJ,aDk2IS_xwToJ,True,0.9999830411702452,1.7047104109945733e-05,0.9999659940661352,0.45,True,correct,0.45,True,correct,0.1,0.52497918747894,True,correct
DBLP,0.7,49,inner,SRSWOR_65_35,212,conf/sigmod/SengarH03,True,1,7Mtanhr8EKoJ,7Mtanhr8EKoJ,True,0.999983457000958,0.0013285460787815,0.9986549109221764,0.45,True,correct,0.45,True,correct,0.1,0.52497918747894,True,correct
DBLP,0.7,49,inner,SRSWOR_65_35,213,conf/sigmod/NguyenACP01,True,2,A57h1N3H3pgJ,VCiXh8qcrIMJ,True,0.99998457007681,1.557793942464632e-05,0.9999689921373852,0.45,True,correct,0.45,True,correct,0.1,0.52497918747894,True,correct
DBLP,0.7,49,inner,SRSWOR_65_35,214,journals/sigmod/Snodgrass99b,False,0,,url:http://portal.acm.org/ft_gateway.cfm%3Fid%3D290599%26type%3Dpdf%26dl%3DGUIDE%26dl%3DACM%26CFID%3D11111111%26CFTOKEN%3D2222222,False,0.0597822309667724,0.0438599822074532,0.0159222487593192,0.45,False,unmatched_abstention,0.45,False,unmatched_abstention,0.1,0.52497918747894,False,unmatched_abstention
DBLP,0.7,49,inner,SRSWOR_65_35,215,conf/sigmod/LakshmananNHP99,True,4,ALUnDjtT1OAJ,DfOLEzMoEaEJ,True,0.9999909475826516,0.9999907964315669,1.5115108487062656e-07,0.45,True,correct,0.45,True,correct,0.1,0.52497918747894,True,correct
DBLP,0.7,49,inner,SRSWOR_65_35,216,conf/vldb/BerchtoldKK96,True,13,_oDfC1aR4CAJ,WnYVibh8fxUJ,True,0.9999869015787602,0.9999855450991314,1.3564796288445535e-06,0.45,True,correct,0.45,True,correct,0.1,0.52497918747894,True,correct
DBLP,0.7,49,inner,SRSWOR_65_35,217,conf/sigmod/Zeller03,False,0,,amSBALWOE6cJ,False,6.28193114348139e-05,1.852173150348308e-05,4.429757993133082e-05,0.45,False,unmatched_abstention,0.45,False,unmatched_abstention,0.1,0.52497918747894,False,unmatched_abstention
DBLP,0.7,49,inner,SRSWOR_65_35,218,conf/vldb/BohannonLRSSS97,True,4,GzK2N5eQ0pQJ,GzK2N5eQ0pQJ,True,0.9999905460362064,0.9999899108969444,6.351392620729257e-07,0.45,True,correct,0.45,True,correct,0.1,0.52497918747894,True,correct
DBLP,0.7,49,inner,SRSWOR_65_35,219,journals/sigmod/TatarinovIMHSDDKMM03,True,2,0JPhnHlRGOoJ,0JPhnHlRGOoJ,True,0.9999821465036728,0.9999184123160614,6.373418761151939e-05,0.45,True,correct,0.45,True,correct,0.1,0.52497918747894,True,correct
DBLP,0.7,49,inner,SRSWOR_65_35,220,conf/vldb/MoserKK95,True,4,53hNU_r6-jgJ,53hNU_r6-jgJ,True,0.9999875462710506,0.9999798708055326,7.675465517942293e-06,0.45,True,correct,0.45,True,correct,0.1,0.52497918747894,True,correct
DBLP,0.7,49,inner,SRSWOR_65_35,221,journals/sigmod/CuiJO02,True,2,LIUl6zpveGQJ,Llr0ikQ8yIIJ,True,0.9998817418599764,0.0009599334585997,0.9989218084013768,0.45,True,correct,0.45,True,correct,0.1,0.52497918747894,True,correct
DBLP,0.7,49,inner,SRSWOR_65_35,222,journals/sigmod/Dogac96,True,1,url:http://portal.acm.org/citation.cfm%3Fid%3D234889.234900%26dl%3DGUIDE%26dl%3DACM%26idx%3DJ689%26part%3Dperiodical%26WantType%3Dperiodical%26title%3DACM%2520SIGMOD%2520Record%26CFID%3D11111111%26CFTOKEN%3D2222222,url:http://portal.acm.org/citation.cfm%3Fid%3D234889.234900%26dl%3DGUIDE%26dl%3DACM%26idx%3DJ689%26part%3Dperiodical%26WantType%3Dperiodical%26title%3DACM%2520SIGMOD%2520Record%26CFID%3D11111111%26CFTOKEN%3D2222222,True,0.9999847752824776,0.0166588130613878,0.9833259622210898,0.45,True,correct,0.45,True,correct,0.1,0.52497918747894,True,correct
DBLP,0.7,49,inner,SRSWOR_65_35,223,conf/sigmod/AcharyaGP00,True,3,q_bQLiJ-KZAJ,WGWZ2cNZW2YJ,True,0.9999870454588472,0.9999550239528264,3.2021506020663004e-05,0.45,True,correct,0.45,True,correct,0.1,0.52497918747894,True,correct
DBLP,0.7,49,inner,SRSWOR_65_35,224,journals/sigmod/Jarke95,True,1,url:http://portal.acm.org/ft_gateway.cfm%3Fid%3D202671%26type%3Dpdf%26dl%3DGUIDE%26dl%3DACM%26CFID%3D11111111%26CFTOKEN%3D2222222,url:http://portal.acm.org/ft_gateway.cfm%3Fid%3D202671%26type%3Dpdf%26dl%3DGUIDE%26dl%3DACM%26CFID%3D11111111%26CFTOKEN%3D2222222,True,0.9999856765176904,8.058619285256637e-05,0.999905090324838,0.45,True,correct,0.45,True,correct,0.1,0.52497918747894,True,correct
DBLP,0.7,49,inner,SRSWOR_65_35,225,conf/sigmod/AgichteinG03,True,1,url:http://portal.acm.org/citation.cfm%3Fid%3D872851,url:http://portal.acm.org/citation.cfm%3Fid%3D872851,True,0.9999876032551102,3.247549072164762e-05,0.9999551277643886,0.45,True,correct,0.45,True,correct,0.1,0.52497918747894,True,correct
DBLP,0.7,49,inner,SRSWOR_65_35,226,conf/vldb/Gupta96,False,0,,Ektpai7vmjgJ,False,7.694502446875478e-06,6.666401698636063e-06,1.0281007482394157e-06,0.45,False,unmatched_abstention,0.45,False,unmatched_abstention,0.1,0.52497918747894,False,unmatched_abstention
DBLP,0.7,49,inner,SRSWOR_65_35,227,journals/vldb/GeorgeH00,True,2,2L-UFpDof3UJ,2L-UFpDof3UJ,True,0.6243921876401877,0.0021256214944147,0.6222665661457729,0.45,True,correct,0.45,True,correct,0.1,0.52497918747894,True,correct
DBLP,0.7,49,inner,SRSWOR_65_35,228,journals/sigmod/Hammer02a,True,1,url:http://portal.acm.org/ft_gateway.cfm%3Fid%3D601859%26type%3Dpdf%26dl%3DGUIDE%26dl%3DACM%26CFID%3D11111111%26CFTOKEN%3D2222222,url:http://portal.acm.org/ft_gateway.cfm%3Fid%3D601859%26type%3Dpdf%26dl%3DGUIDE%26dl%3DACM%26CFID%3D11111111%26CFTOKEN%3D2222222,True,0.2677921980253877,0.0017416185800908,0.2660505794452968,0.45,False,missing_match,0.45,False,missing_match,0.1,0.52497918747894,False,missing_match
DBLP,0.7,49,inner,SRSWOR_65_35,229,journals/tods/HjaltasonS99,True,3,RHJjRlVhi78J,RHJjRlVhi78J,True,0.9999031993171972,0.999253707575014,0.0006494917421832,0.45,True,correct,0.45,True,correct,0.1,0.52497918747894,True,correct
DBLP,0.7,49,inner,SRSWOR_65_35,230,conf/sigmod/AnkerstBKS99,True,6,GFTU2PvKY_gJ,K1ZdQsRoNloJ,True,0.9999869693439372,0.999986526306364,4.430375731834247e-07,0.45,True,correct,0.45,True,correct,0.1,0.52497918747894,True,correct
DBLP,0.7,49,inner,SRSWOR_65_35,231,journals/sigmod/CruzKLSWY02,True,1,url:http://portal.acm.org/ft_gateway.cfm%3Fid%3D601882%26type%3Dpdf%26dl%3DGUIDE%26dl%3DACM%26CFID%3D11111111%26CFTOKEN%3D2222222,url:http://portal.acm.org/ft_gateway.cfm%3Fid%3D601882%26type%3Dpdf%26dl%3DGUIDE%26dl%3DACM%26CFID%3D11111111%26CFTOKEN%3D2222222,True,0.9999905264875468,0.0001188191259708,0.9998717073615758,0.45,True,correct,0.45,True,correct,0.1,0.52497918747894,True,correct
DBLP,0.7,49,inner,SRSWOR_65_35,232,conf/vldb/AcharyaFZ96,True,6,4AK08s31YqUJ,qTCsXcCsI7UJ,True,0.999976402034025,0.9999733850001016,3.0170339235802146e-06,0.45,True,correct,0.45,True,correct,0.1,0.52497918747894,True,correct
DBLP,0.7,49,inner,SRSWOR_65_35,233,conf/sigmod/CohenM03,True,1,bQv5hYB-JIEJ,bQv5hYB-JIEJ,True,0.9999194661996202,6.897944407231097e-06,0.999912568255213,0.45,True,correct,0.45,True,correct,0.1,0.52497918747894,True,correct
DBLP,0.7,49,inner,SRSWOR_65_35,234,conf/sigmod/MarklL02,True,2,5fSqMJg7FV4J,b7IXEwTLIHAJ,True,0.9999823364677932,0.1118483947178125,0.8881339417499806,0.45,True,correct,0.45,True,correct,0.1,0.52497918747894,True,correct
DBLP,0.7,49,inner,SRSWOR_65_35,235,conf/vldb/Carey00,False,0,,YNf6LdvNZO0J,False,1.014674666767612e-05,6.489446638593425e-06,3.657300029082694e-06,0.45,False,unmatched_abstention,0.45,False,unmatched_abstention,0.1,0.52497918747894,False,unmatched_abstention
DBLP,0.7,49,inner,SRSWOR_65_35,236,journals/sigmod/Etzion99,True,2,aDxXrqrMy9IJ,aDxXrqrMy9IJ,True,0.999989824764228,0.99998391645528,5.9083089479772255e-06,0.45,True,correct,0.45,True,correct,0.1,0.52497918747894,True,correct
DBLP,0.7,49,inner,SRSWOR_65_35,237,conf/sigmod/FukudaMMT96,True,3,Bcuo4_yr2p0J,Bcuo4_yr2p0J,True,0.9999723675837424,0.9999660716092438,6.295974498526924e-06,0.45,True,correct,0.45,True,correct,0.1,0.52497918747894,True,correct
DBLP,0.7,49,inner,SRSWOR_65_35,238,conf/sigmod/PatelD96,True,5,Goan1fI4O_oJ,oPdpBiAjcisJ,True,0.999982219396506,0.9999773277557172,4.891640788984297e-06,0.45,True,correct,0.45,True,correct,0.1,0.52497918747894,True,correct
DBLP,0.7,49,inner,SRSWOR_65_35,239,conf/vldb/AgrawalSX02,True,1,a1CLM5GoVtYJ,a1CLM5GoVtYJ,True,0.999986939136611,0.0002754242933326,0.9997115148432784,0.45,True,correct,0.45,True,correct,0.1,0.52497918747894,True,correct
DBLP,0.7,49,inner,SRSWOR_65_35,240,conf/vldb/Uhl02,True,1,n5SsAbtjBpAJ,n5SsAbtjBpAJ,True,0.9999857437021596,8.175057793629451e-06,0.999977568644366,0.45,True,correct,0.45,True,correct,0.1,0.52497918747894,True,correct
DBLP,0.7,49,inner,SRSWOR_65_35,241,conf/vldb/Norvag99,True,1,6kiYvzSHBvEJ,6kiYvzSHBvEJ,True,0.9998404041550458,1.585861752274742e-05,0.9998245455375232,0.45,True,correct,0.45,True,correct,0.1,0.52497918747894,True,correct
DBLP,0.7,49,inner,SRSWOR_65_35,242,journals/sigmod/ChakravarthyAEFO03,True,2,url:http://portal.acm.org/citation.cfm%3Fid%3D641006,url:http://portal.acm.org/citation.cfm%3Fid%3D641006,True,0.9999885670077864,0.9999871776008598,1.3894069266218168e-06,0.45,True,correct,0.45,True,correct,0.1,0.52497918747894,True,correct
DBLP,0.7,49,inner,SRSWOR_65_35,243,journals/vldb/LeeW94,True,1,KPU-guH7cCkJ,KPU-guH7cCkJ,True,0.9999808025510774,0.000928714863933,0.9990520876871444,0.45,True,correct,0.45,True,correct,0.1,0.52497918747894,True,correct
DBLP,0.7,49,inner,SRSWOR_65_35,244,journals/sigmod/Libkin99,True,2,V_FnUWKirh8J,zSO1Y5W7WkwJ,True,0.9999873620570864,0.9999732812424084,1.4080814677908116e-05,0.45,True,correct,0.45,True,correct,0.1,0.52497918747894,True,correct
DBLP,0.7,49,inner,SRSWOR_65_35,245,journals/sigmod/ShahMFH01,True,1,7b-nJDMGtwUJ,7b-nJDMGtwUJ,True,0.9999845991260624,5.740448841415894e-06,0.999978858677221,0.45,True,correct,0.45,True,correct,0.1,0.52497918747894,True,correct
DBLP,0.7,49,inner,SRSWOR_65_35,246,conf/sigmod/Sahuguet01,True,2,1psqlswyLR0J,xb63RaGQYmYJ,True,0.9999853851548168,0.999951823491736,3.356166308077224e-05,0.45,True,correct,0.45,True,correct,0.1,0.52497918747894,True,correct
DBLP,0.7,49,inner,SRSWOR_65_35,247,conf/vldb/YuV00,True,2,43N2r_SuYccJ,43N2r_SuYccJ,True,0.9999861684467032,0.9366929069498856,0.0632932614968176,0.45,True,correct,0.45,True,correct,0.1,0.52497918747894,True,correct
DBLP,0.7,49,inner,SRSWOR_65_35,248,journals/sigmod/RossAJS02,False,0,,tOa0zXK5Ba4J,False,0.9174439984859956,0.2562376230038437,0.6612063754821519,0.45,True,false_link,0.45,True,false_link,0.1,0.52497918747894,True,false_link
DBLP,0.7,49,inner,SRSWOR_65_35,249,conf/vldb/RaoR99,True,2,N8XkcmIO0ysJ,tv4rTR2Z-I8J,True,0.9999869564260516,0.4231946496777354,0.576792306748316,0.45,True,correct,0.45,True,correct,0.1,0.52497918747894,True,correct
DBLP,0.7,49,inner,SRSWOR_65_35,250,conf/sigmod/BraumandlKK99,True,3,4fjXoCHhe1kJ,4fjXoCHhe1kJ,True,0.9999857219460976,0.9999611079637604,2.461398233710721e-05,0.45,True,correct,0.45,True,correct,0.1,0.52497918747894,True,correct
DBLP,0.7,49,inner,SRSWOR_65_35,251,conf/sigmod/Seshadri99,True,2,B855ccGhBu4J,B855ccGhBu4J,True,0.999955318287137,0.9997591526101792,0.0001961656769576,0.45,True,correct,0.45,True,correct,0.1,0.52497918747894,True,correct
DBLP,0.7,49,inner,SRSWOR_65_35,252,journals/sigmod/Ritter98,True,1,mzqmEYGGT_IJ,mzqmEYGGT_IJ,True,0.9999682076979202,0.0019452271483288,0.9980229805495912,0.45,True,correct,0.45,True,correct,0.1,0.52497918747894,True,correct
DBLP,0.7,49,inner,SRSWOR_65_35,253,journals/vldb/MirbelPSTV00,True,1,tUEcojf_6BUJ,tUEcojf_6BUJ,True,0.9999912410586358,0.0080300573227782,0.9919611837358576,0.45,True,correct,0.45,True,correct,0.1,0.52497918747894,True,correct
DBLP,0.7,49,inner,SRSWOR_65_35,254,conf/vldb/JagatheesanMPW03,True,1,InqySB8bkKkJ,InqySB8bkKkJ,True,0.9996554041353416,0.0355008109543339,0.9641545931810076,0.45,True,correct,0.45,True,correct,0.1,0.52497918747894,True,correct
DBLP,0.7,49,inner,SRSWOR_65_35,255,conf/sigmod/BrinDG95,True,3,7mNCkZ7D-R8J,7mNCkZ7D-R8J,True,0.9999855790944278,0.9999823569225664,3.2221718612168715e-06,0.45,True,correct,0.45,True,correct,0.1,0.52497918747894,True,correct
DBLP,0.7,49,inner,SRSWOR_65_35,256,conf/sigmod/Hellerstein00,True,1,rbluxTXqUQwJ,rbluxTXqUQwJ,True,0.9994159298846532,0.0121998780853489,0.9872160517993044,0.45,True,correct,0.45,True,correct,0.1,0.52497918747894,True,correct
DBLP,0.7,49,inner,SRSWOR_65_35,257,conf/sigmod/YerneniLGU99,True,5,2MbaeG3IVV0J,hnMltY0uSf0J,True,0.99998579516384,0.9999818906582002,3.904505639917844e-06,0.45,True,correct,0.45,True,correct,0.1,0.52497918747894,True,correct
DBLP,0.7,49,inner,SRSWOR_65_35,258,journals/sigmod/KiyokiKH94,True,1,xT3mwY4t5kEJ,xT3mwY4t5kEJ,True,0.9999883149453136,6.245014925151684e-06,0.9999820699303884,0.45,True,correct,0.45,True,correct,0.1,0.52497918747894,True,correct
DBLP,0.7,49,inner,SRSWOR_65_35,259,journals/sigmod/Winslett01a,False,0,,m2Mf-4BgLP4J,False,1.1250623048921694e-05,8.651318374676622e-06,2.599304674245072e-06,0.45,False,unmatched_abstention,0.45,False,unmatched_abstention,0.1,0.52497918747894,False,unmatched_abstention
DBLP,0.7,49,inner,SRSWOR_65_35,260,journals/sigmod/BilirisP96,True,1,fu9j50Kk4Y4J,fu9j50Kk4Y4J,True,0.9999802308370688,7.327011481565237e-06,0.9999729038255872,0.45,True,correct,0.45,True,correct,0.1,0.52497918747894,True,correct
DBLP,0.7,49,inner,SRSWOR_65_35,261,journals/sigmod/Gunther97,False,0,,uaBFEbrUTdkJ,False,0.0001405224523283,0.0001130155060391,2.750694628926558e-05,0.45,False,unmatched_abstention,0.45,False,unmatched_abstention,0.1,0.52497918747894,False,unmatched_abstention
DBLP,0.7,49,inner,SRSWOR_65_35,262,conf/vldb/GantiLR00,True,2,V7byawkFcZMJ,V7byawkFcZMJ,True,0.9999816820694258,0.9974408191728782,0.0025408628965476,0.45,True,correct,0.45,True,correct,0.1,0.52497918747894,True,correct
DBLP,0.7,49,inner,SRSWOR_65_35,263,conf/sigmod/DeutschFS99,True,12,2lypQEgzfb8J,QxtGOVsCF78J,True,0.9999905919954686,0.9999885718804898,2.0201149787402173e-06,0.45,True,correct,0.45,True,correct,0.1,0.52497918747894,True,correct
DBLP,0.7,49,inner,SRSWOR_65_35,264,conf/vldb/SeshadriLR97,True,8,ad-TVNZBg8YJ,ad-TVNZBg8YJ,True,0.9999881945241348,0.9999874051188434,7.894052914680927e-07,0.45,True,correct,0.45,True,correct,0.1,0.52497918747894,True,correct
DBLP,0.7,49,inner,SRSWOR_65_35,265,journals/sigmod/FrankNS02,True,1,YeD6vittJSMJ,YeD6vittJSMJ,True,0.8641965976044516,0.0038080742137247,0.8603885233907268,0.45,True,correct,0.45,True,correct,0.1,0.52497918747894,True,correct
DBLP,0.7,49,inner,SRSWOR_65_35,266,conf/vldb/HinneburgLH03,True,1,xC2efRb-WrQJ,xC2efRb-WrQJ,True,0.999981084541095,6.4557067902505466e-06,0.9999746288343048,0.45,True,correct,0.45,True,correct,0.1,0.52497918747894,True,correct
DBLP,0.7,49,inner,SRSWOR_65_35,267,conf/sigmod/BumbulisB02,True,1,Ev27auQiecUJ,Ev27auQiecUJ,True,0.9999647132057244,4.250410370127414e-05,0.9999222091020232,0.45,True,correct,0.45,True,correct,0.1,0.52497918747894,True,correct
DBLP,0.7,49,inner,SRSWOR_65_35,268,conf/sigmod/RamaswamyRS00,True,2,o0vnSBVzRQcJ,VJIHPbki2uAJ,True,0.9999873558727288,0.9999667228716792,2.0633001049596977e-05,0.45,True,correct,0.45,True,correct,0.1,0.52497918747894,True,correct
DBLP,0.7,49,inner,SRSWOR_65_35,269,conf/vldb/JermaineDO99,True,2,eawaEzvWj4gJ,eawaEzvWj4gJ,True,0.9999760011063744,0.9969011222055556,0.0030748789008187,0.45,True,correct,0.45,True,correct,0.1,0.52497918747894,True,correct
DBLP,0.7,49,inner,SRSWOR_65_35,270,journals/tods/FraternaliT95,True,3,8k0tS22xvPcJ,AH97X6QvKJ0J,True,0.9999699538922054,0.9999684250329242,1.528859281285655e-06,0.45,True,correct,0.45,True,correct,0.1,0.52497918747894,True,correct
DBLP,0.7,49,inner,SRSWOR_65_35,271,journals/sigmod/RossNO03,False,0,,tOa0zXK5Ba4J,False,0.0143298423117903,0.0047675938122731,0.0095622484995172,0.45,False,unmatched_abstention,0.45,False,unmatched_abstention,0.1,0.52497918747894,False,unmatched_abstention
DBLP,0.7,49,inner,SRSWOR_65_35,272,journals/sigmod/Dogac98,True,1,diQK7Y_z3XwJ,url:http://www.springerlink.com/index/CBHRGBHFTW90N54X.pdf,False,0.007753401454321,0.0040300942758457,0.0037233071784752,0.45,False,missing_match,0.45,False,missing_match,0.1,0.52497918747894,False,missing_match
DBLP,0.7,49,inner,SRSWOR_65_35,273,conf/vldb/ChatziantoniouR96,True,1,46FVYbhr0WoJ,46FVYbhr0WoJ,True,0.9999799296137384,4.8472178809783765e-05,0.9999314574349286,0.45,True,correct,0.45,True,correct,0.1,0.52497918747894,True,correct
DBLP,0.7,49,inner,SRSWOR_65_35,274,journals/tods/RaschidL96,True,1,rUpu2pcFa8cJ,rUpu2pcFa8cJ,True,0.9999869908742712,7.958823370802163e-06,0.9999790320509006,0.45,True,correct,0.45,True,correct,0.1,0.52497918747894,True,correct
DBLP,0.7,49,inner,SRSWOR_65_35,275,conf/vldb/BerckenS01,True,3,A46cpXEm-8AJ,BJ8i-uzFQi4J,True,0.9999874260850508,0.9999820068569936,5.41922805719075e-06,0.45,True,correct,0.45,True,correct,0.1,0.52497918747894,True,correct
DBLP,0.7,49,inner,SRSWOR_65_35,276,journals/tods/BeneventanoBS03,True,1,rRH6Z1oP78cJ,rRH6Z1oP78cJ,True,0.9999839239692506,0.0001683404236643,0.9998155835455862,0.45,True,correct,0.45,True,correct,0.1,0.52497918747894,True,correct
DBLP,0.7,49,inner,SRSWOR_65_35,277,conf/vldb/ShaferAM96,True,6,5HHRNLsy0sAJ,5HHRNLsy0sAJ,True,0.9999895164679804,0.9999875841236868,1.932344293575916e-06,0.45,True,correct,0.45,True,correct,0.1,0.52497918747894,True,correct
DBLP,0.7,49,inner,SRSWOR_65_35,278,conf/vldb/Leymann03,True,1,url:http://www.vldb.org/conf/2003/papers/S32P01.pdf,url:http://www.vldb.org/conf/2003/papers/S32P01.pdf,True,0.9999781443769136,9.65440013012956e-06,0.9999684899767832,0.45,True,correct,0.45,True,correct,0.1,0.52497918747894,True,correct
DBLP,0.7,49,inner,SRSWOR_65_35,279,conf/vldb/PereiraFJLS01,True,2,Cd6A4nsDnkQJ,Cd6A4nsDnkQJ,True,0.9999897820559256,0.9999871250465502,2.657009375517383e-06,0.45,True,correct,0.45,True,correct,0.1,0.52497918747894,True,correct
DBLP,0.7,49,inner,SRSWOR_65_35,280,journals/sigmod/Jonsson03,False,0,,4kuQUgG0MYwJ,False,1.5027241529897052e-05,7.367215837992565e-06,7.660025691904487e-06,0.45,False,unmatched_abstention,0.45,False,unmatched_abstention,0.1,0.52497918747894,False,unmatched_abstention
DBLP,0.7,49,inner,SRSWOR_65_35,281,journals/vldb/PapazogluK97,True,2,3k9vWWMJiWYJ,3k9vWWMJiWYJ,True,0.999967473957848,0.9998724312130935,9.504274475435892e-05,0.45,True,correct,0.45,True,correct,0.1,0.52497918747894,True,correct
DBLP,0.7,49,inner,SRSWOR_65_35,282,conf/vldb/StolteA02,True,1,N3Bry6sSMw8J,N3Bry6sSMw8J,True,0.9999840344010514,1.1943528525902105e-05,0.9999720908725256,0.45,True,correct,0.45,True,correct,0.1,0.52497918747894,True,correct
DBLP,0.7,49,inner,SRSWOR_65_35,283,conf/vldb/ManolopoulosT01,True,2,BqSvyuGWls8J,hr5OGCJqc2MJ,True,0.99997593861345,0.0002273522731364,0.9997485863403136,0.45,True,correct,0.45,True,correct,0.1,0.52497918747894,True,correct
DBLP,0.7,49,inner,SRSWOR_65_35,284,journals/sigmod/Fagin02,True,2,C3swZi1md5YJ,C3swZi1md5YJ,True,0.9999841814851544,9.419450900979754e-06,0.9999747620342536,0.45,True,correct,0.45,True,correct,0.1,0.52497918747894,True,correct
DBLP,0.7,49,inner,SRSWOR_65_35,285,conf/sigmod/LibkinMW96,True,3,3QgOnuIwVZMJ,OfZWx8jhQvwJ,True,0.9999879152717563,0.9999854065055452,2.5087662113287834e-06,0.45,True,correct,0.45,True,correct,0.1,0.52497918747894,True,correct
DBLP,0.7,49,inner,SRSWOR_65_35,286,conf/vldb/YagoubFIV00a,True,1,hMsWZU5TJWYJ,hMsWZU5TJWYJ,True,0.9999904054253884,9.768596467278969e-05,0.9998927194607156,0.45,True,correct,0.45,True,correct,0.1,0.52497918747894,True,correct
DBLP,0.7,49,inner,SRSWOR_65_35,287,conf/sigmod/DanielsDDEHJJLSSS94,True,1,fLNHwVFqnbIJ,fLNHwVFqnbIJ,True,0.9999774149383116,7.150392052778209e-06,0.9999702645462588,0.45,True,correct,0.45,True,correct,0.1,0.52497918747894,True,correct
DBLP,0.7,49,inner,SRSWOR_65_35,288,journals/sigmod/VassiliadisS99,True,3,6usYpcQMCgIJ,eGARASwVBrUJ,True,0.9999867159643684,0.9999551843770232,3.153158734503503e-05,0.45,True,correct,0.45,True,correct,0.1,0.52497918747894,True,correct
DBLP,0.7,49,inner,SRSWOR_65_35,289,journals/sigmod/Lomet01,True,1,fI5o4MfWwzIJ,fI5o4MfWwzIJ,True,0.999989390434353,7.762286794752864e-06,0.9999816281475582,0.45,True,correct,0.45,True,correct,0.1,0.52497918747894,True,correct
DBLP,0.7,49,inner,SRSWOR_65_35,290,journals/sigmod/Datta94,True,2,3TVyZeq1-i4J,PPH2NlobSwsJ,True,0.9999869260391632,0.9999734570615968,1.3468977566155615e-05,0.45,True,correct,0.45,True,correct,0.1,0.52497918747894,True,correct
DBLP,0.7,49,inner,SRSWOR_65_35,291,conf/sigmod/Pirahesh94,True,1,VG96hL8afvgJ,VG96hL8afvgJ,True,0.9999712755773258,1.843925111349809e-05,0.9999528363262123,0.45,True,correct,0.45,True,correct,0.1,0.52497918747894,True,correct
DBLP,0.7,49,inner,SRSWOR_65_35,292,journals/vldb/GrefenVA01,True,1,fohOTTsEtIwJ,fohOTTsEtIwJ,True,0.99998143595178,2.8160638769736746e-05,0.9999532753130104,0.45,True,correct,0.45,True,correct,0.1,0.52497918747894,True,correct
DBLP,0.7,49,inner,SRSWOR_65_35,293,conf/sigmod/ChanI99,True,2,kNT7yt823K8J,uLiEqn5nA_IJ,True,0.9999890946032888,0.9999856898843368,3.4047189521047017e-06,0.45,True,correct,0.45,True,correct,0.1,0.52497918747894,True,correct
DBLP,0.7,49,inner,SRSWOR_65_35,294,journals/sigmod/Stacey95,True,2,2GKNc8zlLRwJ,rdXUggm5kg0J,True,0.9999785231446674,0.9991948011278832,0.0007837220167842,0.45,True,correct,0.45,True,correct,0.1,0.52497918747894,True,correct
DBLP,0.7,49,inner,SRSWOR_65_35,295,journals/sigmod/LohmanGFS01,False,0,,bTx3HtUoRr0J,False,1.7381780605275638e-05,1.4100694258734358e-05,3.2810863465412804e-06,0.45,False,unmatched_abstention,0.45,False,unmatched_abstention,0.1,0.52497918747894,False,unmatched_abstention
DBLP,0.7,49,inner,SRSWOR_65_35,296,conf/sigmod/AnnamalaiCD00,True,1,0Igfv6jL3jwJ,0Igfv6jL3jwJ,True,0.999986747117568,6.957430876629495e-06,0.9999797896866912,0.45,True,correct,0.45,True,correct,0.1,0.52497918747894,True,correct
DBLP,0.7,49,inner,SRSWOR_65_35,297,journals/sigmod/Aberer02a,True,1,url:http://portal.acm.org/ft_gateway.cfm%3Fid%3D565129%26type%3Dpdf%26dl%3DGUIDE%26dl%3DACM%26CFID%3D11111111%26CFTOKEN%3D2222222,url:http://portal.acm.org/ft_gateway.cfm%3Fid%3D637424%26type%3Dpdf%26coll%3DGUIDE%26dl%3DACM%26CFID%3D11111111%26CFTOKEN%3D2222222,False,0.9719361648929368,0.4040472435772494,0.5678889213156875,0.45,True,false_link,0.45,True,false_link,0.1,0.52497918747894,True,false_link
DBLP,0.7,49,inner,SRSWOR_65_35,298,journals/vldb/ShanmugasundaramSBCLPR01,True,5,_bdp5T8SSuoJ,HKM-zP0LT_UJ,True,0.9999896611380196,0.999988134669373,1.5264686467064692e-06,0.45,True,correct,0.45,True,correct,0.1,0.52497918747894,True,correct
DBLP,0.7,49,inner,SRSWOR_65_35,299,conf/sigmod/AgrawalCD02,True,1,iABZEL2Zoz8J,iABZEL2Zoz8J,True,0.999988112232127,0.0003776829311996,0.9996104293009274,0.45,True,correct,0.45,True,correct,0.1,0.52497918747894,True,correct
DBLP,0.7,49,inner,SRSWOR_65_35,300,conf/sigmod/MankuRL99,True,4,LlPkfgH5fCIJ,X94gDE70Zn0J,True,0.9999882887731468,0.9999057737212071,8.251505193956898e-05,0.45,True,correct,0.45,True,correct,0.1,0.52497918747894,True,correct
DBLP,0.7,49,inner,SRSWOR_65_35,301,conf/vldb/AnandBH94,True,1,-UpQkB1uPLMJ,-UpQkB1uPLMJ,True,0.9999789973238796,5.601325780858795e-06,0.9999733959980988,0.45,True,correct,0.45,True,correct,0.1,0.52497918747894,True,correct
DBLP,0.7,49,inner,SRSWOR_65_35,302,journals/vldb/DerrMP94,True,2,a-QMCFr5yJYJ,a-QMCFr5yJYJ,True,0.9999905133874204,0.0003196332757822,0.999670880111638,0.45,True,correct,0.45,True,correct,0.1,0.52497918747894,True,correct
DBLP,0.7,49,inner,SRSWOR_65_35,303,conf/vldb/RamanRH99,True,3,6uP3E_WEkCAJ,6uP3E_WEkCAJ,True,0.99998308579722,0.999948943536446,3.4142260773917243e-05,0.45,True,correct,0.45,True,correct,0.1,0.52497918747894,True,correct
DBLP,0.7,49,inner,SRSWOR_65_35,304,journals/vldb/HuntAI02,True,1,LiYp5oaDwbMJ,LiYp5oaDwbMJ,True,0.9999808335393902,0.0001121202865912,0.9998687132527988,0.45,True,correct,0.45,True,correct,0.1,0.52497918747894,True,correct
DBLP,0.7,49,inner,SRSWOR_65_35,305,conf/vldb/KoudasGGSV03,True,1,d8BBxc5Ato8J,d8BBxc5Ato8J,True,0.9999876830108476,9.513629288525073e-06,0.9999781693815591,0.45,True,correct,0.45,True,correct,0.1,0.52497918747894,True,correct
DBLP,0.7,49,inner,SRSWOR_65_35,306,journals/tods/EiterGM97,True,1,WXWcO2ulDQUJ,WXWcO2ulDQUJ,True,0.9965367411402876,0.0008034418029565,0.995733299337331,0.45,True,correct,0.45,True,correct,0.1,0.52497918747894,True,correct
DBLP,0.7,49,inner,SRSWOR_65_35,307,conf/vldb/DayalHL01,True,3,0XYRlW9tvw8J,0XYRlW9tvw8J,True,0.9999876945754728,0.9999856416840416,2.052891431292281e-06,0.45,True,correct,0.45,True,correct,0.1,0.52497918747894,True,correct
DBLP,0.7,49,inner,SRSWOR_65_35,308,journals/vldb/SakuraiYUK02,True,1,7J-RvgQd8SMJ,7J-RvgQd8SMJ,True,0.9999877297191272,7.23106557851005e-05,0.999915419063342,0.45,True,correct,0.45,True,correct,0.1,0.52497918747894,True,correct
DBLP,0.7,49,inner,SRSWOR_65_35,309,journals/vldb/BerendtS00,True,3,_0meUij3ZJEJ,zh9CAewEvisJ,True,0.9999897501026038,0.9999893030620732,4.470405307044345e-07,0.45,True,correct,0.45,True,correct,0.1,0.52497918747894,True,correct
DBLP,0.7,49,inner,SRSWOR_65_35,310,journals/sigmod/Bertram94,True,1,qaSgL5tVq1AJ,qaSgL5tVq1AJ,True,0.9999798158483992,9.96098412693471e-06,0.9999698548642724,0.45,True,correct,0.45,True,correct,0.1,0.52497918747894,True,correct
DBLP,0.7,49,inner,SRSWOR_65_35,311,journals/sigmod/ElmagarmidJF95,True,1,CJK2SWLYrRYJ,CJK2SWLYrRYJ,True,0.9999893430171134,7.304190878196793e-06,0.9999820388262352,0.45,True,correct,0.45,True,correct,0.1,0.52497918747894,True,correct
DBLP,0.7,49,inner,SRSWOR_65_35,312,conf/sigmod/CareyMN97,True,4,6YXYnLb8CyYJ,u64n4yMnma4J,True,0.9999236084293904,0.9999227212852132,8.87144177230681e-07,0.45,True,correct,0.45,True,correct,0.1,0.52497918747894,True,correct
DBLP,0.7,49,inner,SRSWOR_65_35,313,conf/vldb/X00a,False,0,,NaCqw8qESpAJ,False,8.048167220767877e-05,5.853530451127903e-05,2.194636769639974e-05,0.45,False,unmatched_abstention,0.45,False,unmatched_abstention,0.1,0.52497918747894,False,unmatched_abstention
DBLP,0.7,49,inner,SRSWOR_65_35,314,journals/sigmod/OukselS99,True,2,S-LYnzS1K70J,S-LYnzS1K70J,True,0.999985492842202,5.2735790465437256e-05,0.9999327570517366,0.45,True,correct,0.45,True,correct,0.1,0.52497918747894,True,correct
DBLP,0.7,49,inner,SRSWOR_65_35,315,journals/tods/MuralidharS99,True,1,dKvepAPYBmcJ,dKvepAPYBmcJ,True,0.9998062287336316,0.0001459009672092,0.9996603277664224,0.45,True,correct,0.45,True,correct,0.1,0.52497918747894,True,correct
DBLP,0.7,49,inner,SRSWOR_65_35,316,conf/vldb/GraefeBC98,True,1,v-kvo2hnsgkJ,v-kvo2hnsgkJ,True,0.99999110796154,0.0001287268268319,0.999862381134708,0.45,True,correct,0.45,True,correct,0.1,0.52497918747894,True,correct
DBLP,0.7,49,inner,SRSWOR_65_35,317,conf/sigmod/StonebrakerH01,True,3,ltEmsluBrYkJ,opMsehfY-XoJ,True,0.999985702679494,0.9999849488355425,7.538439517063011e-07,0.45,True,correct,0.45,True,correct,0.1,0.52497918747894,True,correct
DBLP,0.7,49,inner,SRSWOR_65_35,318,conf/vldb/BettiniJWW02,True,3,Aq_TE_cWEQkJ,ghIMekzCkMQJ,True,0.9999902875874918,0.9999853500736574,4.937513834346596e-06,0.45,True,correct,0.45,True,correct,0.1,0.52497918747894,True,correct
DBLP,0.7,49,inner,SRSWOR_65_35,319,journals/sigmod/Winslett01,True,1,m2Mf-4BgLP4J,m2Mf-4BgLP4J,True,0.9999846467562572,6.071297499642953e-05,0.9999239337812608,0.45,True,correct,0.45,True,correct,0.1,0.52497918747894,True,correct
DBLP,0.7,49,inner,SRSWOR_65_35,320,conf/sigmod/LuoEHN02,True,1,7p7mpmvIBrYJ,7p7mpmvIBrYJ,True,0.9999771610934424,2.1292823395269134e-05,0.9999558682700472,0.45,True,correct,0.45,True,correct,0.1,0.52497918747894,True,correct
DBLP,0.7,49,inner,SRSWOR_65_35,321,conf/sigmod/AntonJLPZZ02,True,1,89P3EdEDuOEJ,89P3EdEDuOEJ,True,0.9999894746039324,4.633159928564728e-05,0.9999431430046468,0.45,True,correct,0.45,True,correct,0.1,0.52497918747894,True,correct
DBLP,0.7,49,inner,SRSWOR_65_35,322,conf/sigmod/BreunigKKS01,True,3,3ET_IEkoGjYJ,3ET_IEkoGjYJ,True,0.9999831247555152,0.9999814739404648,1.6508150506577834e-06,0.45,True,correct,0.45,True,correct,0.1,0.52497918747894,True,correct
DBLP,0.7,49,inner,SRSWOR_65_35,323,conf/sigmod/Faloutsos95,True,1,R0xUZUxSGmwJ,R0xUZUxSGmwJ,True,0.976215133409658,0.0003184679891031,0.9758966654205548,0.45,True,correct,0.45,True,correct,0.1,0.52497918747894,True,correct
DBLP,0.7,49,inner,SRSWOR_65_35,324,journals/tods/Wijsen99,True,2,_D3JPE9NgNgJ,1C4Uh8BlYaEJ,True,0.9996726798068618,0.985224320487608,0.0144483593192539,0.45,True,correct,0.45,True,correct,0.1,0.52497918747894,True,correct
DBLP,0.7,49,inner,SRSWOR_65_35,325,journals/sigmod/BunemanLSTW94,True,4,eKF1zVNKP0gJ,lkreWUl_euYJ,True,0.9999691683245752,0.9999227146525558,4.645367201938644e-05,0.45,True,correct,0.45,True,correct,0.1,0.52497918747894,True,correct
DBLP,0.7,49,inner,SRSWOR_65_35,326,conf/vldb/AdityaBCHNS02,True,1,2vzhAz4Yll4J,2vzhAz4Yll4J,True,0.9999861556590904,0.9755953881405764,0.0243907675185139,0.45,True,correct,0.45,True,correct,0.1,0.52497918747894,True,correct
DBLP,0.7,49,inner,SRSWOR_65_35,327,conf/vldb/AggarwalHWY03,True,4,szlqyCesMpgJ,szlqyCesMpgJ,True,0.999989665317732,0.999985907694348,3.757623383893183e-06,0.45,True,correct,0.45,True,correct,0.1,0.52497918747894,True,correct
DBLP,0.7,49,inner,SRSWOR_65_35,328,conf/sigmod/Jhingran00,True,1,uguuV9ATE1YJ,uguuV9ATE1YJ,True,0.9999653088243866,1.1238505459447838e-05,0.9999540703189272,0.45,True,correct,0.45,True,correct,0.1,0.52497918747894,True,correct
DBLP,0.7,49,inner,SRSWOR_65_35,329,journals/sigmod/VetterliVS00,True,3,dAF5Z861mZgJ,h7RBOvmQHhEJ,True,0.9999879367233144,0.9999818170419672,6.119681347338535e-06,0.45,True,correct,0.45,True,correct,0.1,0.52497918747894,True,correct
DBLP,0.7,49,inner,SRSWOR_65_35,330,conf/vldb/YangLH03,True,1,hUMTG7HNlyAJ,hUMTG7HNlyAJ,True,0.9999850117594178,0.0001024024319664,0.9998826093274512,0.45,True,correct,0.45,True,correct,0.1,0.52497918747894,True,correct
DBLP,0.7,49,inner,SRSWOR_65_35,331,conf/sigmod/BryanMCLG94,True,1,nbU-wr3ivUIJ,nbU-wr3ivUIJ,True,0.9999910532844688,1.1312475248382809e-05,0.9999797408092204,0.45,True,correct,0.45,True,correct,0.1,0.52497918747894,True,correct
DBLP,0.7,49,inner,SRSWOR_65_35,332,journals/sigmod/Wong95,True,1,7F9iCGggYVgJ,7F9iCGggYVgJ,True,0.9999847798988836,5.793239704819717e-06,0.9999789866591788,0.45,True,correct,0.45,True,correct,0.1,0.52497918747894,True,correct
DBLP,0.7,49,inner,SRSWOR_65_35,333,conf/sigmod/JajodiaSSB97,True,4,4_fm8LWVWHMJ,p-m7MMOS2aUJ,True,0.9999906920812583,0.9999899071053132,7.849759451339366e-07,0.45,True,correct,0.45,True,correct,0.1,0.52497918747894,True,correct
DBLP,0.7,49,inner,SRSWOR_65_35,334,journals/sigmod/Liu02,False,0,,diQK7Y_z3XwJ,False,3.86476128271609e-05,3.133140764647175e-05,7.316205180689153e-06,0.45,False,unmatched_abstention,0.45,False,unmatched_abstention,0.1,0.52497918747894,False,unmatched_abstention
DBLP,0.7,49,inner,SRSWOR_65_35,335,journals/vldb/VerykiosME03,True,1,khdP4spNnPoJ,khdP4spNnPoJ,True,0.999990002366272,6.542477176822946e-06,0.9999834598890952,0.45,True,correct,0.45,True,correct,0.1,0.52497918747894,True,correct
DBLP,0.7,49,inner,SRSWOR_65_35,336,journals/sigmod/Winslett02,False,0,,url:http://portal.acm.org/citation.cfm%3Fid%3D507338.507358%26coll%3DGUIDE%26dl%3Dacm%26idx%3D984378%26part%3Dperiodical%26WantType%3Dperiodical%26title%3DACM%2520SIGMOD%2520Record%26CFID%3D11111111%26CFTOKEN%3D2222222,False,0.0097362284914542,0.0023593823137663,0.0073768461776878,0.45,False,unmatched_abstention,0.45,False,unmatched_abstention,0.1,0.52497918747894,False,unmatched_abstention
DBLP,0.7,49,inner,SRSWOR_65_35,337,conf/sigmod/LarsonG03,True,3,14VyjJ0mnBMJ,14VyjJ0mnBMJ,True,0.9999876749855444,0.999662645573648,0.0003250294118964,0.45,True,correct,0.45,True,correct,0.1,0.52497918747894,True,correct
DBLP,0.7,49,inner,SRSWOR_65_35,338,conf/vldb/HinneburgAK00,True,2,1ambq2RMGMoJ,1ambq2RMGMoJ,True,0.9999829547328444,0.3140133224495982,0.685969632283246,0.45,True,correct,0.45,True,correct,0.1,0.52497918747894,True,correct
DBLP,0.7,49,inner,SRSWOR_65_35,339,conf/sigmod/GunopulosD01,True,4,kneUxV6J3nQJ,oYtmj53qV0UJ,True,0.999983209818358,0.9973320916362172,0.0026511181821409,0.45,True,correct,0.45,True,correct,0.1,0.52497918747894,True,correct
DBLP,0.7,49,inner,SRSWOR_65_35,340,journals/sigmod/Gal99,True,1,mOsVdVKwhjwJ,mOsVdVKwhjwJ,True,0.9418726736359742,3.569820095154368e-05,0.9418369754350226,0.45,True,correct,0.45,True,correct,0.1,0.52497918747894,True,correct
DBLP,0.7,49,inner,SRSWOR_65_35,341,journals/vldb/WidomS00,True,1,url:http://www.springerlink.com/index/JWGUMV8YDL893E3V.pdf,url:http://portal.acm.org/ft_gateway.cfm%3Fid%3D764213%26type%3Dpdf%26dl%3DGUIDE%26dl%3DACM%26CFID%3D11111111%26CFTOKEN%3D2222222,False,0.0102334012593323,0.006166831939761,0.0040665693195713,0.45,False,missing_match,0.45,False,missing_match,0.1,0.52497918747894,False,missing_match
DBLP,0.7,49,inner,SRSWOR_65_35,342,journals/sigmod/Aberer03c,True,1,url:http://portal.acm.org/citation.cfm%3Fid%3D945721.945727%26coll%3DGUIDE%26dl%3DACM%26idx%3DJ689%26part%3Dperiodical%26WantType%3Dperiodical%26title%3DACM%2520SIGMOD%2520Record%26CFID%3D11111111%26CFTOKEN%3D2222222,url:http://portal.acm.org/citation.cfm%3Fid%3D945721.945727%26coll%3DGUIDE%26dl%3DACM%26idx%3DJ689%26part%3Dperiodical%26WantType%3Dperiodical%26title%3DACM%2520SIGMOD%2520Record%26CFID%3D11111111%26CFTOKEN%3D2222222,True,0.9154483402818012,0.0537981870680053,0.861650153213796,0.45,True,correct,0.45,True,correct,0.1,0.52497918747894,True,correct
DBLP,0.7,49,inner,SRSWOR_65_35,343,journals/sigmod/Qian95a,True,1,url:http://portal.acm.org/ft_gateway.cfm%3Fid%3D212022%26type%3Dpdf%26dl%3DGUIDE%26dl%3DACM%26CFID%3D11111111%26CFTOKEN%3D2222222,url:http://portal.acm.org/ft_gateway.cfm%3Fid%3D212022%26type%3Dpdf%26dl%3DGUIDE%26dl%3DACM%26CFID%3D11111111%26CFTOKEN%3D2222222,True,0.9999868118589836,0.0001392932402836,0.9998475186187,0.45,True,correct,0.45,True,correct,0.1,0.52497918747894,True,correct
DBLP,0.7,49,inner,SRSWOR_65_35,344,conf/sigmod/KementsietsidisAM03,True,4,A3TmzWOtgmYJ,uCU2G94_fOIJ,True,0.9999882826846966,0.9999870759995672,1.206685129373497e-06,0.45,True,correct,0.45,True,correct,0.1,0.52497918747894,True,correct
DBLP,0.7,49,inner,SRSWOR_65_35,345,conf/sigmod/KriegelBKPS03,True,2,i0c65loyE60J,tsqBH6P4jMcJ,True,0.9999909287864338,0.999990924001222,4.785211893398866e-09,0.45,True,correct,0.45,True,correct,0.1,0.52497918747894,True,correct
DBLP,0.7,49,inner,SRSWOR_65_35,346,conf/sigmod/HanPDW01,True,3,CnAw9v-vEjwJ,ue3gCyIirokJ,True,0.9999903601084982,0.9999834399694916,6.920139006716397e-06,0.45,True,correct,0.45,True,correct,0.1,0.52497918747894,True,correct
DBLP,0.7,49,inner,SRSWOR_65_35,347,conf/sigmod/AdelbergGK95,True,1,NbLabaGWoh4J,NbLabaGWoh4J,True,0.9999892889137426,1.037019452359014e-05,0.9999789187192192,0.45,True,correct,0.45,True,correct,0.1,0.52497918747894,True,correct
DBLP,0.7,49,inner,SRSWOR_65_35,348,journals/vldb/ShethTP03,True,2,Svbxes_XzdUJ,tReKvTMB7pcJ,True,0.999990133784571,0.999970441328649,1.9692455922037944e-05,0.45,True,correct,0.45,True,correct,0.1,0.52497918747894,True,correct
DBLP,0.7,49,inner,SRSWOR_65_35,349,conf/sigmod/DeHaanTCO03,True,4,3PH--zwkZO8J,gyYBYgpB63sJ,True,0.99998873047751,0.999984592897434,4.137580076002401e-06,0.45,True,correct,0.45,True,correct,0.1,0.52497918747894,True,correct
DBLP,0.7,49,inner,SRSWOR_65_35,350,conf/vldb/BestavrosB95,True,2,LDv4my6gWJQJ,lGyhpsPV6ogJ,True,0.9999328454737142,0.9799797397541288,0.0199531057195854,0.45,True,correct,0.45,True,correct,0.1,0.52497918747894,True,correct
DBLP,0.7,49,inner,SRSWOR_65_35,351,conf/vldb/LevyRO96,True,9,3v8fGnfTuVMJ,e_vUPQi8-xIJ,True,0.9999813428097394,0.9999648952905784,1.6447519161078006e-05,0.45,True,correct,0.45,True,correct,0.1,0.52497918747894,True,correct
DBLP,0.7,49,inner,SRSWOR_65_35,352,journals/sigmod/KarlapalemLS95,True,1,B_m0Yp4aycUJ,B_m0Yp4aycUJ,True,0.9998098051425008,7.961024794060638e-06,0.9998018441177068,0.45,True,correct,0.45,True,correct,0.1,0.52497918747894,True,correct
DBLP,0.7,49,inner,SRSWOR_65_35,353,conf/sigmod/Greer99,True,1,oNPjyBZrURgJ,oNPjyBZrURgJ,True,0.9999855637383016,0.0002070027197253,0.999778561018576,0.45,True,correct,0.45,True,correct,0.1,0.52497918747894,True,correct
DBLP,0.7,49,inner,SRSWOR_65_35,354,conf/vldb/NgH94,True,14,32AYdsd8K3kJ,YMluKoJrxMcJ,True,0.9999887325193184,0.9999830134433816,5.7190759367165e-06,0.45,True,correct,0.45,True,correct,0.1,0.52497918747894,True,correct
DBLP,0.7,49,inner,SRSWOR_65_35,355,journals/sigmod/Ouksel02,True,1,url:http://portal.acm.org/citation.cfm%3Fid%3D565117.565131%26dl%3DGUIDE%26dl%3DACM%26idx%3DJ689%26part%3Dperiodical%26WantType%3Dperiodical%26title%3DACM%2520SIGMOD%2520Record%26CFID%3D11111111%26CFTOKEN%3D2222222,url:http://portal.acm.org/citation.cfm%3Fid%3D565117.565131%26dl%3DGUIDE%26dl%3DACM%26idx%3DJ689%26part%3Dperiodical%26WantType%3Dperiodical%26title%3DACM%2520SIGMOD%2520Record%26CFID%3D11111111%26CFTOKEN%3D2222222,True,0.9998385772284346,1.862535099926028e-05,0.9998199518774352,0.45,True,correct,0.45,True,correct,0.1,0.52497918747894,True,correct
DBLP,0.7,49,inner,SRSWOR_65_35,356,journals/tods/Bohm00,True,1,i5nEuutK3H4J,i5nEuutK3H4J,True,0.9999498142262097,1.3205798393005984e-05,0.9999366084278164,0.45,True,correct,0.45,True,correct,0.1,0.52497918747894,True,correct
DBLP,0.7,49,inner,SRSWOR_65_35,357,conf/sigmod/ChenZCKR01,True,3,15Xnu2VYNAQJ,q49c-IEX7N8J,True,0.9999899391161085,0.9999809282598724,9.01085623616904e-06,0.45,True,correct,0.45,True,correct,0.1,0.52497918747894,True,correct
DBLP,0.7,49,inner,SRSWOR_65_35,358,journals/vldb/BeckerGOSW96,True,2,BNQ07kOYONgJ,BNQ07kOYONgJ,True,0.9999893614676262,0.999969296223933,2.0065243693134786e-05,0.45,True,correct,0.45,True,correct,0.1,0.52497918747894,True,correct
DBLP,0.7,49,inner,SRSWOR_65_35,359,journals/sigmod/FlorescuLM98,True,9,_SR_pRTnA6IJ,23GbcclZy6gJ,True,0.9999877739768908,0.9999871370246488,6.369522421723062e-07,0.45,True,correct,0.45,True,correct,0.1,0.52497918747894,True,correct
DBLP,0.7,49,inner,SRSWOR_65_35,360,conf/sigmod/ZhangNBB94,True,3,bymQ_6SSse4J,bymQ_6SSse4J,True,0.99998933170966,0.9999771894121476,1.2142297512451885e-05,0.45,True,correct,0.45,True,correct,0.1,0.52497918747894,True,correct
DBLP,0.7,49,inner,SRSWOR_65_35,361,conf/vldb/CareyD96,True,7,5HV8kccLoZ4J,5xe-dQqXfI8J,True,0.9999833987785884,0.9999663710570892,1.7027721499252024e-05,0.45,True,correct,0.45,True,correct,0.1,0.52497918747894,True,correct
DBLP,0.7,49,inner,SRSWOR_65_35,362,conf/vldb/GaasterlandL94,True,2,cVgF0jn9q6MJ,oIFrkS2rPrcJ,True,0.9999876835041804,0.0088058467294029,0.9911818367747772,0.45,True,correct,0.45,True,correct,0.1,0.52497918747894,True,correct
DBLP,0.7,49,inner,SRSWOR_65_35,363,journals/sigmod/Ozsu01,False,0,,qU_IX5KFwIoJ,False,0.0174762596291566,0.0009409178557573,0.0165353417733993,0.45,False,unmatched_abstention,0.45,False,unmatched_abstention,0.1,0.52497918747894,False,unmatched_abstention
DBLP,0.7,49,inner,SRSWOR_65_35,364,conf/vldb/HvasshovdTBH95,True,6,_83yTuPv-NAJ,LVitsyrkl9AJ,True,0.9999903187147052,0.99998260898396,7.709730745042442e-06,0.45,True,correct,0.45,True,correct,0.1,0.52497918747894,True,correct
DBLP,0.7,49,inner,SRSWOR_65_35,365,journals/vldb/LiangOY00,True,1,ikw-En98LywJ,ikw-En98LywJ,True,0.9999904980855732,2.0407294496383883e-05,0.9999700907910768,0.45,True,correct,0.45,True,correct,0.1,0.52497918747894,True,correct
DBLP,0.7,49,inner,SRSWOR_65_35,366,conf/vldb/Nori00,False,0,,Phcd3C1cfLcJ,False,6.525801958487275e-06,6.317610428813575e-06,2.0819152967370041e-07,0.45,False,unmatched_abstention,0.45,False,unmatched_abstention,0.1,0.52497918747894,False,unmatched_abstention
DBLP,0.7,49,inner,SRSWOR_65_35,367,conf/sigmod/Whelan98,True,1,Jp9LEvXjiJAJ,Jp9LEvXjiJAJ,True,0.999987465904827,9.032066425783352e-06,0.9999784338384012,0.45,True,correct,0.45,True,correct,0.1,0.52497918747894,True,correct
DBLP,0.7,49,inner,SRSWOR_65_35,368,conf/sigmod/LiC95,True,1,yJPi5nBJmVYJ,yJPi5nBJmVYJ,True,0.9999879294388956,9.232062666299272e-05,0.9998956088122324,0.45,True,correct,0.45,True,correct,0.1,0.52497918747894,True,correct
DBLP,0.7,49,inner,SRSWOR_65_35,369,conf/vldb/FukudaMMT96,True,1,B8_0dK37qcsJ,B8_0dK37qcsJ,True,0.9999901800155556,5.502380258578982e-05,0.99993515621297,0.45,True,correct,0.45,True,correct,0.1,0.52497918747894,True,correct
DBLP,0.7,49,inner,SRSWOR_65_35,370,journals/vldb/KrivokapicKG99,True,3,9YwFrtrNlaIJ,9YwFrtrNlaIJ,True,0.9999905454681868,0.9999903459129048,1.995552817435353e-07,0.45,True,correct,0.45,True,correct,0.1,0.52497918747894,True,correct
DBLP,0.7,49,inner,SRSWOR_65_35,371,conf/sigmod/BrodskyK95,True,2,6t_N5axEm7cJ,SFmnhrhoQzgJ,True,0.9999523938189248,0.3088399341961685,0.6911124596227562,0.45,True,correct,0.45,True,correct,0.1,0.52497918747894,True,correct
DBLP,0.7,49,inner,SRSWOR_65_35,372,journals/sigmod/DomenigD99,True,2,bi68bm0miqkJ,S6TMGRGUq1IJ,True,0.999984320382218,0.9994466074715986,0.0005377129106192,0.45,True,correct,0.45,True,correct,0.1,0.52497918747894,True,correct
DBLP,0.7,49,inner,SRSWOR_65_35,373,journals/sigmod/RamDD99,True,2,kHE9-cv77fwJ,uA-E1lBgLe0J,True,0.9999866207377994,0.2151499614340419,0.7848366593037576,0.45,True,correct,0.45,True,correct,0.1,0.52497918747894,True,correct
DBLP,0.7,49,inner,SRSWOR_65_35,374,conf/sigmod/OhHP00,True,3,cFpgCsBTSBEJ,T91d5LI-xIwJ,True,0.9999728195709529,0.9995446465501908,0.0004281730207619,0.45,True,correct,0.45,True,correct,0.1,0.52497918747894,True,correct
DBLP,0.7,49,inner,SRSWOR_65_35,375,conf/vldb/SimonD95,True,1,lLARMvKaIQMJ,lLARMvKaIQMJ,True,0.9999718833963488,1.425056162163041e-05,0.9999576328347272,0.45,True,correct,0.45,True,correct,0.1,0.52497918747894,True,correct
DBLP,0.7,49,inner,SRSWOR_65_35,376,conf/sigmod/BaruFGHJPW95,True,2,C60KJG_xVm0J,C60KJG_xVm0J,True,0.999986938837672,6.986064272839996e-05,0.9999170781949436,0.45,True,correct,0.45,True,correct,0.1,0.52497918747894,True,correct
DBLP,0.7,49,inner,SRSWOR_65_35,377,conf/vldb/ShiSZ03,True,1,-OjqoDQTIxMJ,-OjqoDQTIxMJ,True,0.9999801269112302,6.193763415048392e-06,0.9999739331478152,0.45,True,correct,0.45,True,correct,0.1,0.52497918747894,True,correct
DBLP,0.7,49,inner,SRSWOR_65_35,378,journals/sigmod/Widom95a,False,0,,C84rFQN_ug0J,False,0.000109453564955,4.812875176419047e-05,6.132481319088813e-05,0.45,False,unmatched_abstention,0.45,False,unmatched_abstention,0.1,0.52497918747894,False,unmatched_abstention
DBLP,0.7,49,inner,SRSWOR_65_35,379,journals/tods/JacoxS03,True,1,ujD_9YAZctUJ,ujD_9YAZctUJ,True,0.9998151445953324,1.0617501096089576e-05,0.9998045270942362,0.45,True,correct,0.45,True,correct,0.1,0.52497918747894,True,correct
DBLP,0.7,49,inner,SRSWOR_65_35,380,conf/vldb/ChienVZTZ02,True,3,7gDXEIuMUIIJ,uUmeAkW_FFUJ,True,0.9999871743355052,0.9999855211346248,1.6532008804137632e-06,0.45,True,correct,0.45,True,correct,0.1,0.52497918747894,True,correct
DBLP,0.7,49,inner,SRSWOR_65_35,381,conf/vldb/GibsonKR98,True,1,9FBwT6XFOssJ,9FBwT6XFOssJ,True,0.9999772657038918,1.0434945814831687e-05,0.9999668307580768,0.45,True,correct,0.45,True,correct,0.1,0.52497918747894,True,correct
DBLP,0.7,49,inner,SRSWOR_65_35,382,conf/vldb/ShuklaDNR96,True,3,gTSn7nMr9dQJ,vnezjPI8jYIJ,True,0.9999893677256122,0.9999876724817084,1.6952439036987954e-06,0.45,True,correct,0.45,True,correct,0.1,0.52497918747894,True,correct
DBLP,0.7,49,inner,SRSWOR_65_35,383,conf/sigmod/BratsbergT00,True,4,356Jyb4b6rYJ,url:http://portal.acm.org/ft_gateway.cfm%3Fid%3D335477%26type%3Dpdf%26coll%3DGUIDE%26dl%3DACM%26CFID%3D11111111%26CFTOKEN%3D2222222,True,0.9999491958974877,0.9997548070845071,0.0001943888129803,0.45,True,correct,0.45,True,correct,0.1,0.52497918747894,True,correct
DBLP,0.7,49,inner,SRSWOR_65_35,384,conf/vldb/Brodie00,True,1,uFCOiVkDZE8J,uFCOiVkDZE8J,True,0.9999836355966032,0.9955395376712544,0.0044440979253488,0.45,True,correct,0.45,True,correct,0.1,0.52497918747894,True,correct
DBLP,0.7,49,inner,SRSWOR_65_35,385,journals/tods/ChomickiTB01,True,2,1DbQL6R2tzMJ,MqgSlx1jbPsJ,True,0.9999855128751324,0.9895100574561532,0.0104754554189793,0.45,True,correct,0.45,True,correct,0.1,0.52497918747894,True,correct
DBLP,0.7,49,inner,SRSWOR_65_35,386,conf/sigmod/GodfreySE98,True,2,f5cqkpUXl0kJ,f5cqkpUXl0kJ,True,0.9999849239975356,0.9999778181542376,7.105843297883219e-06,0.45,True,correct,0.45,True,correct,0.1,0.52497918747894,True,correct
DBLP,0.7,49,inner,SRSWOR_65_35,387,journals/vldb/KnorrNT00,True,1,SggrbO99AJgJ,SggrbO99AJgJ,True,0.9999698481764154,5.899246276591671e-05,0.9999108557136496,0.45,True,correct,0.45,True,correct,0.1,0.52497918747894,True,correct
DBLP,0.7,49,inner,SRSWOR_65_35,388,conf/sigmod/ChaudhuriD97,True,5,4zZ7Lxt4PPIJ,4zZ7Lxt4PPIJ,True,0.9999541079140408,0.9999493591953026,4.748718738123436e-06,0.45,True,correct,0.45,True,correct,0.1,0.52497918747894,True,correct
DBLP,0.7,49,inner,SRSWOR_65_35,389,journals/tods/GuoSW96,True,2,KoI8CRWkAYsJ,V8Ls_TYs6mgJ,True,0.9999838773874852,0.9991223628464488,0.0008615145410362,0.45,True,correct,0.45,True,correct,0.1,0.52497918747894,True,correct
DBLP,0.7,49,inner,SRSWOR_65_35,390,conf/vldb/KangC02,True,1,gndV1O-oEkMJ,gndV1O-oEkMJ,True,0.9999890464489004,6.712615117615116e-06,0.9999823338337828,0.45,True,correct,0.45,True,correct,0.1,0.52497918747894,True,correct
DBLP,0.7,49,inner,SRSWOR_65_35,391,journals/vldb/MihailaRT02,True,1,my7mYCzEEJAJ,my7mYCzEEJAJ,True,0.9999905162096808,7.787481752713028e-06,0.9999827287279284,0.45,True,correct,0.45,True,correct,0.1,0.52497918747894,True,correct
DBLP,0.7,49,inner,SRSWOR_65_35,392,journals/vldb/KamelWS94,True,1,tYBrsGkj1a0J,tYBrsGkj1a0J,True,0.9999647925661788,5.865783681571696e-06,0.9999589267824972,0.45,True,correct,0.45,True,correct,0.1,0.52497918747894,True,correct
DBLP,0.7,49,inner,SRSWOR_65_35,393,conf/sigmod/Ramakrishnan00,True,1,aHpKrjJEJk4J,aHpKrjJEJk4J,True,0.9987324646739588,7.31041395881481e-06,0.99872515426,0.45,True,correct,0.45,True,correct,0.1,0.52497918747894,True,correct
DBLP,0.7,49,inner,SRSWOR_65_35,394,conf/sigmod/GionisGK01,True,1,cy_Fe935WMAJ,cy_Fe935WMAJ,True,0.9989213276175366,1.0856936312665082e-05,0.998910470681224,0.45,True,correct,0.45,True,correct,0.1,0.52497918747894,True,correct
DBLP,0.7,49,inner,SRSWOR_65_35,395,journals/vldb/Cobb97,True,1,R6XK3NbfZrgJ,R6XK3NbfZrgJ,True,0.9999275816930756,2.992954346553717e-05,0.99989765214961,0.45,True,correct,0.45,True,correct,0.1,0.52497918747894,True,correct
DBLP,0.7,49,inner,SRSWOR_65_35,396,conf/sigmod/GaoW02,True,1,PZTESZecfnQJ,PZTESZecfnQJ,True,0.9999834960014355,1.5580643460273115e-05,0.9999679153579754,0.45,True,correct,0.45,True,correct,0.1,0.52497918747894,True,correct
DBLP,0.7,49,inner,SRSWOR_65_35,397,journals/sigmod/RossAA02,False,0,,tOa0zXK5Ba4J,False,0.9174439984859956,0.2562376230038437,0.6612063754821519,0.45,True,false_link,0.45,True,false_link,0.1,0.52497918747894,True,false_link
DBLP,0.7,49,inner,SRSWOR_65_35,398,conf/sigmod/WodtkeWWDM97,True,2,tnXqwH3BXW0J,tnXqwH3BXW0J,True,0.9999892616669768,0.9999734208651672,1.584080180938585e-05,0.45,True,correct,0.45,True,correct,0.1,0.52497918747894,True,correct
DBLP,0.7,49,inner,SRSWOR_65_35,399,journals/sigmod/Mendelzon98,False,0,,0kO1fNR_2aoJ,False,0.0011670597443951,0.0004128604804972,0.0007541992638979,0.45,False,unmatched_abstention,0.45,False,unmatched_abstention,0.1,0.52497918747894,False,unmatched_abstention
DBLP,0.7,49,inner,SRSWOR_65_35,400,journals/sigmod/Suciu01,True,2,_vOvQUzSV-gJ,_vOvQUzSV-gJ,True,0.9999739054417732,0.3045894045701411,0.6953845008716322,0.45,True,correct,0.45,True,correct,0.1,0.52497918747894,True,correct
DBLP,0.7,49,inner,SRSWOR_65_35,401,conf/vldb/JosifovskiR99,True,2,a58OzgW7AvUJ,rR9r4Kuzq-4J,True,0.9999831929491524,0.9999694792358228,1.3713713329699395e-05,0.45,True,correct,0.45,True,correct,0.1,0.52497918747894,True,correct
DBLP,0.7,49,inner,SRSWOR_65_35,402,journals/sigmod/Lomet98,True,2,xLM0YVcccUgJ,xLM0YVcccUgJ,True,0.9999828892935292,0.9997020043250058,0.0002808849685235,0.45,True,correct,0.45,True,correct,0.1,0.52497918747894,True,correct
DBLP,0.7,49,inner,SRSWOR_65_35,403,conf/sigmod/ZhouLP99,True,1,0OwKmPjQpd0J,0OwKmPjQpd0J,True,0.9999869927102754,8.167226286880831e-06,0.9999788254839884,0.45,True,correct,0.45,True,correct,0.1,0.52497918747894,True,correct
DBLP,0.7,49,inner,SRSWOR_65_35,404,conf/vldb/AnciauxBP03,True,2,gYELZxhiJx8J,gYELZxhiJx8J,True,0.9999907166548108,0.9999903709595888,3.456952218927612e-07,0.45,True,correct,0.45,True,correct,0.1,0.52497918747894,True,correct
DBLP,0.7,49,inner,SRSWOR_65_35,405,journals/vldb/ChakrabartiDAR98,True,2,0EbuWDceVnoJ,AyDb4G2EiGwJ,True,0.9997580937408916,0.0313886485379232,0.9683694452029684,0.45,True,correct,0.45,True,correct,0.1,0.52497918747894,True,correct
DBLP,0.7,49,inner,SRSWOR_65_35,406,conf/sigmod/HacigumusILM02,True,2,NMgExE-JRD0J,NMgExE-JRD0J,True,0.999991442880422,0.9999376695812932,5.377329912858997e-05,0.45,True,correct,0.45,True,correct,0.1,0.52497918747894,True,correct
DBLP,0.7,49,inner,SRSWOR_65_35,407,conf/vldb/Schoning03,True,1,4NM5WR1WtPcJ,4NM5WR1WtPcJ,True,0.999965081264706,1.598613644185152e-05,0.9999490951282642,0.45,True,correct,0.45,True,correct,0.1,0.52497918747894,True,correct
DBLP,0.7,49,inner,SRSWOR_65_35,408,conf/sigmod/HwangLYMMGCSS94,True,1,AWah9GLEFTAJ,AWah9GLEFTAJ,True,0.9999879564830028,0.0020625599817045,0.9979253965012984,0.45,True,correct,0.45,True,correct,0.1,0.52497918747894,True,correct
DBLP,0.7,49,inner,SRSWOR_65_35,409,conf/vldb/HulgeriS02,True,2,syoqNSarAscJ,xGcM9AuhrBMJ,True,0.9999871708980352,0.9999752445601175,1.1926337917467222e-05,0.45,True,correct,0.45,True,correct,0.1,0.52497918747894,True,correct
DBLP,0.7,49,inner,SRSWOR_65_35,410,conf/sigmod/AcharyaFZ97,True,7,9OEjtHuRUzsJ,9OEjtHuRUzsJ,True,0.9999858833886316,0.9999286551145214,5.722827411025477e-05,0.45,True,correct,0.45,True,correct,0.1,0.52497918747894,True,correct
DBLP,0.7,49,inner,SRSWOR_65_35,411,journals/sigmod/BestavrosLS96,True,1,RalvsjDuKzsJ,url:http://portal.acm.org/ft_gateway.cfm%3Fid%3D381889%26type%3Dpdf%26dl%3DGUIDE%26dl%3DACM%26CFID%3D11111111%26CFTOKEN%3D2222222,False,0.999957784925274,0.9999257603322884,3.202459298534688e-05,0.45,True,false_link,0.45,True,false_link,0.1,0.52497918747894,True,false_link
DBLP,0.7,49,inner,SRSWOR_65_35,412,journals/tods/BertinoBFS98,True,2,5Zpm_QmAfv4J,5Zpm_QmAfv4J,True,0.9999893252879556,0.9998159285162658,0.0001733967716898,0.45,True,correct,0.45,True,correct,0.1,0.52497918747894,True,correct
DBLP,0.7,49,inner,SRSWOR_65_35,413,conf/vldb/RaghavanG01,True,3,9Wo54Wyh_X8J,LcX8Pm2ABJsJ,True,0.9999816193182848,0.9999563093584402,2.5309959844621588e-05,0.45,True,correct,0.45,True,correct,0.1,0.52497918747894,True,correct
DBLP,0.7,49,inner,SRSWOR_65_35,414,conf/sigmod/ShanmugasundaramNSR99,True,6,DZI4GwpYBOcJ,eQjFv7QxsQQJ,True,0.99998870285531,0.9999767863040292,1.1916551280855003e-05,0.45,True,correct,0.45,True,correct,0.1,0.52497918747894,True,correct
DBLP,0.7,49,inner,SRSWOR_65_35,415,journals/sigmod/EnglertGH95,True,2,JRXuKm3E_foJ,JRXuKm3E_foJ,True,0.9999888686509728,0.9999887046543704,1.6399660229815538e-07,0.45,True,correct,0.45,True,correct,0.1,0.52497918747894,True,correct
DBLP,0.7,49,inner,SRSWOR_65_35,416,conf/vldb/ShanmugasundaramSBCLPR00,True,4,_bdp5T8SSuoJ,_bdp5T8SSuoJ,True,0.999986958067917,0.999984409903586,2.5481643310953928e-06,0.45,True,correct,0.45,True,correct,0.1,0.52497918747894,True,correct
DBLP,0.7,49,inner,SRSWOR_65_35,417,conf/sigmod/LiskovACDGGMMS96,True,2,0Mj8N23H1QEJ,Ey7Mbh6IdQIJ,True,0.999990791216477,0.9999748881819908,1.5903034486397516e-05,0.45,True,correct,0.45,True,correct,0.1,0.52497918747894,True,correct
DBLP,0.7,49,inner,SRSWOR_65_35,418,journals/sigmod/Kim99,False,0,,url:http://portal.acm.org/citation.cfm%3Fid%3D357775%26dl%3DGUIDE%26dl%3DACM%26type%3Dissue%26idx%3DJ777%26part%3Dperiodical%26WantType%3Dperiodical%26title%3DACM%2520Transactions%2520on%2520Database%2520Systems%2520(TODS)%26CFID%3D11111111%26CFTOKEN%3D2222222,False,0.001254974539009,9.114706215517874e-05,0.0011638274768538,0.45,False,unmatched_abstention,0.45,False,unmatched_abstention,0.1,0.52497918747894,False,unmatched_abstention
DBLP,0.7,49,inner,SRSWOR_65_35,419,conf/vldb/Rengarajan96,False,0,,QDZuJrElFzIJ,False,0.0012526774144341,5.749812368353588e-06,0.0012469276020657,0.45,False,unmatched_abstention,0.45,False,unmatched_abstention,0.1,0.52497918747894,False,unmatched_abstention
DBLP,0.7,49,inner,SRSWOR_65_35,420,journals/sigmod/Danish98,True,2,J2Mi5B81Il0J,mKZyoPZArGcJ,True,0.9999744759243714,0.0032490320473443,0.996725443877027,0.45,True,correct,0.45,True,correct,0.1,0.52497918747894,True,correct
DBLP,0.7,49,inner,SRSWOR_65_35,421,conf/sigmod/AgrawalASY97,True,5,3nxl8d4c0t4J,3nxl8d4c0t4J,True,0.999987611527966,0.9999849675124528,2.644015513086906e-06,0.45,True,correct,0.45,True,correct,0.1,0.52497918747894,True,correct
DBLP,0.7,49,inner,SRSWOR_65_35,422,conf/vldb/PetrovicBJ03,True,1,nIuz3dc8yHMJ,nIuz3dc8yHMJ,True,0.9999834367632804,8.728513859698963e-06,0.9999747082494208,0.45,True,correct,0.45,True,correct,0.1,0.52497918747894,True,correct
DBLP,0.7,49,inner,SRSWOR_65_35,423,conf/vldb/SumiyaYTSI95,True,1,ZoMjwB0ps2kJ,ZoMjwB0ps2kJ,True,0.9999872207914546,6.951203328115757e-06,0.9999802695881264,0.45,True,correct,0.45,True,correct,0.1,0.52497918747894,True,correct
DBLP,0.7,49,inner,SRSWOR_65_35,424,conf/sigmod/KrollW94,True,4,AMvcOVWQiNEJ,SX1_Z3Z000YJ,True,0.9999822807580704,0.9999629469948932,1.933376317719837e-05,0.45,True,correct,0.45,True,correct,0.1,0.52497918747894,True,correct
DBLP,0.7,49,inner,SRSWOR_65_35,425,journals/tods/ScioreSR94,True,3,fB2xVdlMTtwJ,fW9j2V5gnUMJ,True,0.9999869168344389,0.9999837371099556,3.1797244832709737e-06,0.45,True,correct,0.45,True,correct,0.1,0.52497918747894,True,correct
DBLP,0.7,49,inner,SRSWOR_65_35,426,journals/sigmod/PossasMCR00,True,2,_XJZ8xD9sTMJ,7szp78IyFdQJ,True,0.9999831307893924,5.95647411715464e-06,0.9999771743152752,0.45,True,correct,0.45,True,correct,0.1,0.52497918747894,True,correct
DBLP,0.7,49,inner,SRSWOR_65_35,427,journals/sigmod/ShethGJRSWW96,True,4,HOvgrl8NmmoJ,yI5E8TGu5BwJ,True,0.9999894003958671,0.9999890003584389,4.0003742829419764e-07,0.45,True,correct,0.45,True,correct,0.1,0.52497918747894,True,correct
DBLP,0.7,49,inner,SRSWOR_65_35,428,journals/vldb/EyalM01,True,1,ntrSSBumclMJ,ntrSSBumclMJ,True,0.9999876995853932,8.087070338781045e-06,0.9999796125150544,0.45,True,correct,0.45,True,correct,0.1,0.52497918747894,True,correct
DBLP,0.7,49,inner,SRSWOR_65_35,429,conf/sigmod/ZhouR02,True,1,-hUVSdRv5UUJ,-hUVSdRv5UUJ,True,0.9999879479347924,1.1420994061406095e-05,0.999976526940731,0.45,True,correct,0.45,True,correct,0.1,0.52497918747894,True,correct
DBLP,0.7,49,inner,SRSWOR_65_35,430,conf/sigmod/Colliat03,False,0,,lC5GjK5OpD0J,False,7.751873646650453e-05,2.820052028001753e-05,4.931821618648701e-05,0.45,False,unmatched_abstention,0.45,False,unmatched_abstention,0.1,0.52497918747894,False,unmatched_abstention
DBLP,0.7,49,inner,SRSWOR_65_35,431,conf/sigmod/Meseck01,True,1,hWiIngXs5I0J,hWiIngXs5I0J,True,0.9999808184539328,8.638473689023033e-06,0.9999721799802436,0.45,True,correct,0.45,True,correct,0.1,0.52497918747894,True,correct
DBLP,0.7,49,inner,SRSWOR_65_35,432,journals/sigmod/Chaudhri95,True,1,DY6x1fDAy9EJ,DY6x1fDAy9EJ,True,0.9999766526957798,7.441329705485653e-06,0.9999692113660744,0.45,True,correct,0.45,True,correct,0.1,0.52497918747894,True,correct
DBLP,0.7,49,inner,SRSWOR_65_35,433,conf/sigmod/LiGS02,True,1,DZzqgw2TJ-MJ,DZzqgw2TJ-MJ,True,0.999989559997631,1.0759737038277342e-05,0.9999788002605928,0.45,True,correct,0.45,True,correct,0.1,0.52497918747894,True,correct
DBLP,0.7,49,inner,SRSWOR_65_35,434,conf/vldb/ChakrabartiSD98,True,3,oBDL7axDwG4J,wnke8ff8hYUJ,True,0.9999867582729012,0.9999753473715364,1.141090136469458e-05,0.45,True,correct,0.45,True,correct,0.1,0.52497918747894,True,correct
DBLP,0.7,49,inner,SRSWOR_65_35,435,conf/vldb/VenkataramanZ98,True,2,KrAyBSajhZEJ,KrAyBSajhZEJ,True,0.9999859313142262,0.9999402713691428,4.565994508354265e-05,0.45,True,correct,0.45,True,correct,0.1,0.52497918747894,True,correct
DBLP,0.7,49,inner,SRSWOR_65_35,436,conf/sigmod/WynblattN01,True,1,PVUtZWBcxlAJ,PVUtZWBcxlAJ,True,0.9999894073583104,2.0738206093786107e-05,0.9999686691522168,0.45,True,correct,0.45,True,correct,0.1,0.52497918747894,True,correct
DBLP,0.7,49,inner,SRSWOR_65_35,437,conf/vldb/ZurekS99,True,1,mEdoUlcnDsgJ,mEdoUlcnDsgJ,True,0.9999929438890492,6.89998399628549e-06,0.9999860439050527,0.45,True,correct,0.45,True,correct,0.1,0.52497918747894,True,correct
DBLP,0.7,49,inner,SRSWOR_65_35,438,conf/sigmod/TheobaldW02,True,1,w5_HkketH-wJ,w5_HkketH-wJ,True,0.9999869286198128,1.0891230606217938e-05,0.9999760373892064,0.45,True,correct,0.45,True,correct,0.1,0.52497918747894,True,correct
DBLP,0.7,49,inner,SRSWOR_65_35,439,conf/sigmod/VitterW99,True,2,1UFq52qqErUJ,P5oJUiow7lsJ,True,0.9999785983844344,0.9998508452628954,0.0001277531215391,0.45,True,correct,0.45,True,correct,0.1,0.52497918747894,True,correct
DBLP,0.7,49,inner,SRSWOR_65_35,440,conf/sigmod/ONeilQ97,True,11,359PjJkfNhQJ,tK0HTC7qEmcJ,True,0.9999837621071423,0.9999702834474824,1.3478659659948988e-05,0.45,True,correct,0.45,True,correct,0.1,0.52497918747894,True,correct
DBLP,0.7,49,inner,SRSWOR_65_35,441,conf/sigmod/ChaudhuriKN03,True,1,ES6QyfgebIcJ,ES6QyfgebIcJ,True,0.9999894468734688,7.486315346478075e-06,0.9999819605581224,0.45,True,correct,0.45,True,correct,0.1,0.52497918747894,True,correct
DBLP,0.7,49,inner,SRSWOR_65_35,442,conf/sigmod/BonnetBCCCHKMMOSS99,False,0,,ypHBb35DGMgJ,False,5.7100803562299365e-06,5.551697168904184e-06,1.5838318732575292e-07,0.45,False,unmatched_abstention,0.45,False,unmatched_abstention,0.1,0.52497918747894,False,unmatched_abstention
DBLP,0.7,49,inner,SRSWOR_65_35,443,conf/vldb/SahuguetA99,True,5,Mi0eqxwTUwEJ,pK5bydjeZFIJ,True,0.999989576839976,0.9999828308907224,6.745949253872396e-06,0.45,True,correct,0.45,True,correct,0.1,0.52497918747894,True,correct
DBLP,0.7,49,inner,SRSWOR_65_35,444,journals/sigmod/Snodgrass99,False,0,,qU_IX5KFwIoJ,False,0.0203315317737029,0.0051575553617335,0.0151739764119694,0.45,False,unmatched_abstention,0.45,False,unmatched_abstention,0.1,0.52497918747894,False,unmatched_abstention
DBLP,0.7,49,inner,SRSWOR_65_35,445,conf/sigmod/AggarwalY00,True,3,dfSPs7YoyWsJ,dfSPs7YoyWsJ,True,0.9999876241865538,0.9999791790202768,8.445166276960236e-06,0.45,True,correct,0.45,True,correct,0.1,0.52497918747894,True,correct
DBLP,0.7,49,inner,SRSWOR_65_35,446,journals/vldb/OoiHLT96,True,1,EclgEUrqHQAJ,EclgEUrqHQAJ,True,0.9999867439322164,2.45798550876394e-05,0.9999621640771288,0.45,True,correct,0.45,True,correct,0.1,0.52497918747894,True,correct
DBLP,0.7,49,inner,SRSWOR_65_35,447,journals/vldb/GeorgakopoulosRL94,True,1,G85JsnuAjzMJ,G85JsnuAjzMJ,True,0.9999833454504546,5.98120710794787e-06,0.9999773642433468,0.45,True,correct,0.45,True,correct,0.1,0.52497918747894,True,correct
DBLP,0.7,49,inner,SRSWOR_65_35,448,journals/sigmod/LudascherMM01,True,2,16yr6uv8Rn8J,16yr6uv8Rn8J,True,0.9999880134535116,0.0100151590297234,0.989972854423788,0.45,True,correct,0.45,True,correct,0.1,0.52497918747894,True,correct
DBLP,0.7,49,inner,SRSWOR_65_35,449,conf/sigmod/OConnellISWABCCLPWW96,True,6,5awQcPWFBrcJ,O-TrhFwhKM8J,True,0.9999868183094198,0.9999615346503112,2.5283659108477075e-05,0.45,True,correct,0.45,True,correct,0.1,0.52497918747894,True,correct
DBLP,0.7,49,inner,SRSWOR_65_35,450,conf/sigmod/KrishnanVI96,True,1,8tFA4ENYqKQJ,8tFA4ENYqKQJ,True,0.9999875154129678,1.023272740696678e-05,0.9999772826855609,0.45,True,correct,0.45,True,correct,0.1,0.52497918747894,True,correct
DBLP,0.7,49,inner,SRSWOR_65_35,451,conf/sigmod/ChenGMV02,True,1,IqV3EploPP4J,IqV3EploPP4J,True,0.9999756275348002,7.550942529359419e-05,0.9999001181095066,0.45,True,correct,0.45,True,correct,0.1,0.52497918747894,True,correct
DBLP,0.7,49,inner,SRSWOR_65_35,452,conf/vldb/ZirintsisKM99,True,2,_UYteGcmBKIJ,_UYteGcmBKIJ,True,0.9998424163987562,0.1864055531593116,0.8134368632394445,0.45,True,correct,0.45,True,correct,0.1,0.52497918747894,True,correct
DBLP,0.7,49,inner,SRSWOR_65_35,453,conf/vldb/MadhavanBR01,True,4,5mM4rpgyeNoJ,wRHapJxb_-QJ,True,0.99998870140077,0.9999882223334668,4.790673032717407e-07,0.45,True,correct,0.45,True,correct,0.1,0.52497918747894,True,correct
DBLP,0.7,49,inner,SRSWOR_65_35,454,journals/sigmod/Gardels97,True,1,PlitMluIJyYJ,PlitMluIJyYJ,True,0.9999849894160432,0.0294391078122382,0.970545881603805,0.45,True,correct,0.45,True,correct,0.1,0.52497918747894,True,correct
DBLP,0.7,49,inner,SRSWOR_65_35,455,conf/vldb/AtzeniMM97,True,7,25kJ4dWczjEJ,sARbiNQPPWQJ,True,0.999981453222579,0.9999163876325144,6.506559006469459e-05,0.45,True,correct,0.45,True,correct,0.1,0.52497918747894,True,correct
DBLP,0.7,49,inner,SRSWOR_65_35,456,conf/vldb/TeisseirePC94,True,2,KNv3bO45Nj4J,w17spSGfEXYJ,True,0.999980510038801,0.9999533876529444,2.712238585644844e-05,0.45,True,correct,0.45,True,correct,0.1,0.52497918747894,True,correct
DBLP,0.7,49,inner,SRSWOR_65_35,457,conf/vldb/ChaudhuriS94,True,3,bd-Lu1jeg-AJ,-f2FsG-EC9IJ,True,0.9999856347674312,0.9999852302877712,4.044796597657552e-07,0.45,True,correct,0.45,True,correct,0.1,0.52497918747894,True,correct
DBLP,0.7,49,inner,SRSWOR_65_35,458,conf/vldb/AgrawalKSX02,True,1,XK-KPRa2qjcJ,XK-KPRa2qjcJ,True,0.9999745889080636,0.0002144617793541,0.9997601271287097,0.45,True,correct,0.45,True,correct,0.1,0.52497918747894,True,correct
DBLP,0.7,49,inner,SRSWOR_65_35,459,conf/sigmod/BohmA96,True,1,978pJCGhaGoJ,978pJCGhaGoJ,True,0.999980013501819,1.7585125006497804e-05,0.9999624283768124,0.45,True,correct,0.45,True,correct,0.1,0.52497918747894,True,correct
DBLP,0.7,49,inner,SRSWOR_65_35,460,conf/sigmod/Han96,True,2,DlQd7WIkVF0J,DlQd7WIkVF0J,True,0.9998865966202338,0.976820853244506,0.0230657433757278,0.45,True,correct,0.45,True,correct,0.1,0.52497918747894,True,correct
DBLP,0.7,49,inner,SRSWOR_65_35,461,journals/tods/LiuM96,True,3,moMP8RcSDhgJ,TNx5vnRHHxMJ,True,0.9999848002350332,0.9984178959844612,0.001566904250572,0.45,True,correct,0.45,True,correct,0.1,0.52497918747894,True,correct
DBLP,0.7,49,inner,SRSWOR_65_35,462,journals/vldb/IoannidisNSS97,True,1,if5vzPT-qIAJ,if5vzPT-qIAJ,True,0.9998238808418028,0.3359340957930622,0.6638897850487406,0.45,True,correct,0.45,True,correct,0.1,0.52497918747894,True,correct
DBLP,0.7,49,inner,SRSWOR_65_35,463,journals/sigmod/GerlaX03,True,1,KKiefntReoUJ,KKiefntReoUJ,True,0.9999875297515558,5.8627077803838606e-06,0.9999816670437754,0.45,True,correct,0.45,True,correct,0.1,0.52497918747894,True,correct
DBLP,0.7,49,inner,SRSWOR_65_35,464,journals/sigmod/NascimentoM99,True,1,url:http://portal.acm.org/ft_gateway.cfm%3Fid%3D310062%26type%3Dpdf%26dl%3DGUIDE%26dl%3DACM%26CFID%3D11111111%26CFTOKEN%3D2222222,url:http://portal.acm.org/ft_gateway.cfm%3Fid%3D310062%26type%3Dpdf%26dl%3DGUIDE%26dl%3DACM%26CFID%3D11111111%26CFTOKEN%3D2222222,True,0.999985782356538,3.918360389898392e-05,0.9999465987526388,0.45,True,correct,0.45,True,correct,0.1,0.52497918747894,True,correct
DBLP,0.7,49,inner,SRSWOR_65_35,465,journals/sigmod/ConradHHKRSS99,True,4,3aPleydkcIoJ,nmEhI0tiWGAJ,True,0.9999830240830327,0.9999828031808692,2.2090216378334307e-07,0.45,True,correct,0.45,True,correct,0.1,0.52497918747894,True,correct
DBLP,0.7,49,inner,SRSWOR_65_35,466,journals/sigmod/AtzeniMM97,True,4,9CDasz2P9wsJ,Hdq-Mlh3fcMJ,True,0.999974656235727,0.9999347874586556,3.986877707129466e-05,0.45,True,correct,0.45,True,correct,0.1,0.52497918747894,True,correct
DBLP,0.7,49,inner,SRSWOR_65_35,467,conf/vldb/ViverosNR96,True,2,lsY_rXfEDDIJ,lsY_rXfEDDIJ,True,0.999986889969048,0.9999800388358544,6.8511331937637365e-06,0.45,True,correct,0.45,True,correct,0.1,0.52497918747894,True,correct
DBLP,0.7,49,inner,SRSWOR_65_35,468,conf/sigmod/WhiteD95,True,1,6SBwemr2zscJ,6SBwemr2zscJ,True,0.999978155795724,0.0002420391465177,0.9997361166492064,0.45,True,correct,0.45,True,correct,0.1,0.52497918747894,True,correct
DBLP,0.7,49,inner,SRSWOR_65_35,469,conf/vldb/SayalCDS02,True,1,0acvmJtaI8QJ,0acvmJtaI8QJ,True,0.9999774943179182,1.9615770057806205e-05,0.9999578785478604,0.45,True,correct,0.45,True,correct,0.1,0.52497918747894,True,correct
DBLP,0.7,49,inner,SRSWOR_65_35,470,conf/vldb/FlorescuLSY99,True,1,aUElZKC-txIJ,aUElZKC-txIJ,True,0.9999824366124802,0.3865188645364839,0.6134635720759963,0.45,True,correct,0.45,True,correct,0.1,0.52497918747894,True,correct
DBLP,0.7,49,inner,SRSWOR_65_35,471,conf/sigmod/AdaliBSS98,True,3,69JsZwNpla0J,YQ90BYSVqbsJ,True,0.9999832327480208,0.9999766969170756,6.535830945231247e-06,0.45,True,correct,0.45,True,correct,0.1,0.52497918747894,True,correct
DBLP,0.7,49,inner,SRSWOR_65_35,472,journals/sigmod/RamamrithamS97,True,1,HR-yLNuhtl4J,HR-yLNuhtl4J,True,0.9999810453020398,2.309355620042597e-05,0.9999579517458392,0.45,True,correct,0.45,True,correct,0.1,0.52497918747894,True,correct
DBLP,0.7,49,inner,SRSWOR_65_35,473,journals/vldb/AgrawalHK03,True,1,NDKJPUgy_K4J,NDKJPUgy_K4J,True,0.999974778260762,0.0035853413857246,0.9963894368750374,0.45,True,correct,0.45,True,correct,0.1,0.52497918747894,True,correct
DBLP,0.7,49,inner,SRSWOR_65_35,474,journals/tods/Revesz98,True,1,dr8s9hbwjR0J,dr8s9hbwjR0J,True,0.999846019720714,3.835783852630725e-05,0.9998076618821876,0.45,True,correct,0.45,True,correct,0.1,0.52497918747894,True,correct
DBLP,0.7,49,inner,SRSWOR_65_35,475,journals/sigmod/UlusoyB96,True,1,LclVYrb7vJoJ,LclVYrb7vJoJ,True,0.999992136096674,1.0654970766382038e-05,0.9999814811259076,0.45,True,correct,0.45,True,correct,0.1,0.52497918747894,True,correct
DBLP,0.7,49,inner,SRSWOR_65_35,476,journals/sigmod/Segev94b,False,0,,C84rFQN_ug0J,False,9.8661441071643e-05,9.480309434602496e-05,3.858346725618027e-06,0.45,False,unmatched_abstention,0.45,False,unmatched_abstention,0.1,0.52497918747894,False,unmatched_abstention
DBLP,0.7,49,inner,SRSWOR_65_35,477,conf/vldb/SeidlK97,True,3,5Ine3RRoUCcJ,LZGFMX7pdCkJ,True,0.9999852236521108,0.9999580277433048,2.7195908805954797e-05,0.45,True,correct,0.45,True,correct,0.1,0.52497918747894,True,correct
DBLP,0.7,49,inner,SRSWOR_65_35,478,journals/tods/LakshmananLN03,True,1,g8e0xiRUkIwJ,g8e0xiRUkIwJ,True,0.9999629003230744,3.776843599580151e-05,0.9999251318870788,0.45,True,correct,0.45,True,correct,0.1,0.52497918747894,True,correct
DBLP,0.7,49,inner,SRSWOR_65_35,479,journals/sigmod/Aberer01,True,3,7CLhi_LOtoUJ,url:http://portal.acm.org/citation.cfm%3Fid%3D603867.603869%26coll%3DGUIDE%26dl%3DACM%26idx%3DJ689%26part%3Dperiodical%26WantType%3Dperiodical%26title%3DACM%2520SIGMOD%2520Record%26CFID%3D11111111%26CFTOKEN%3D2222222,True,0.9999621697435792,0.9711096678606884,0.0288525018828907,0.45,True,correct,0.45,True,correct,0.1,0.52497918747894,True,correct
DBLP,0.7,49,inner,SRSWOR_65_35,480,conf/vldb/MorimotoFMTY98,True,2,31YuS02mFq8J,31YuS02mFq8J,True,0.999988078752482,3.2583849425533935e-05,0.9999554949030564,0.45,True,correct,0.45,True,correct,0.1,0.52497918747894,True,correct
DBLP,0.7,49,inner,SRSWOR_65_35,481,conf/sigmod/ColbyKLMR97,True,3,0FohHTWs5toJ,0FohHTWs5toJ,True,0.9999882837909072,0.999975605095148,1.2678695759160696e-05,0.45,True,correct,0.45,True,correct,0.1,0.52497918747894,True,correct
DBLP,0.7,49,inner,SRSWOR_65_35,482,journals/sigmod/RashidS00,True,1,e0GH54HirssJ,e0GH54HirssJ,True,0.9999859126391356,7.409597903878278e-06,0.9999785030412316,0.45,True,correct,0.45,True,correct,0.1,0.52497918747894,True,correct
DBLP,0.7,49,inner,SRSWOR_65_35,483,conf/vldb/Duranti01,True,1,gQW6iYG5Vh0J,gQW6iYG5Vh0J,True,0.9999867561764658,0.1822686708787936,0.8177180852976722,0.45,True,correct,0.45,True,correct,0.1,0.52497918747894,True,correct
DBLP,0.7,49,inner,SRSWOR_65_35,484,journals/sigmod/EisenbergM98,True,2,url:http://portal.acm.org/ft_gateway.cfm%3Fid%3D290604%26type%3Dpdf%26coll%3DGUIDE%26dl%3DACM%26CFID%3D11111111%26CFTOKEN%3D2222222,-RAYAJbKLNUJ,True,0.9999850671734046,0.0688933221852043,0.9310917449882002,0.45,True,correct,0.45,True,correct,0.1,0.52497918747894,True,correct
DBLP,0.7,49,inner,SRSWOR_65_35,485,journals/tods/KorthS94,True,1,w40iTKlpWEQJ,w40iTKlpWEQJ,True,0.9999849339290322,3.1217536959949374e-05,0.9999537163920722,0.45,True,correct,0.45,True,correct,0.1,0.52497918747894,True,correct
DBLP,0.7,49,inner,SRSWOR_65_35,486,journals/sigmod/Baeza-YatesN96,True,4,1avO1fqtQ6QJ,1avO1fqtQ6QJ,True,0.9999884599854656,0.9999770090854996,1.145089996601456e-05,0.45,True,correct,0.45,True,correct,0.1,0.52497918747894,True,correct
DBLP,0.7,49,inner,SRSWOR_65_35,487,conf/sigmod/ChakrabartiDI98,True,2,qtVVVrzTLr4J,qtVVVrzTLr4J,True,0.9999789831183096,0.9361394640309744,0.0638395190873353,0.45,True,correct,0.45,True,correct,0.1,0.52497918747894,True,correct
DBLP,0.7,49,inner,SRSWOR_65_35,488,journals/vldb/KieslingSSD94,True,1,bvFRYOianJUJ,bvFRYOianJUJ,True,0.9999744403860856,9.16967230421102e-06,0.9999652707137812,0.45,True,correct,0.45,True,correct,0.1,0.52497918747894,True,correct
DBLP,0.7,49,inner,SRSWOR_65_35,489,journals/sigmod/JainH94,True,3,iQMUP3fkvo4J,iQMUP3fkvo4J,True,0.9999853848481864,0.997064805448004,0.0029205794001824,0.45,True,correct,0.45,True,correct,0.1,0.52497918747894,True,correct
DBLP,0.7,49,inner,SRSWOR_65_35,490,journals/sigmod/TsotrasJS98,True,2,f3-E7x12K4gJ,f3-E7x12K4gJ,True,0.9999843188419818,0.9996947052103888,0.000289613631593,0.45,True,correct,0.45,True,correct,0.1,0.52497918747894,True,correct
DBLP,0.7,49,inner,SRSWOR_65_35,491,conf/sigmod/KaushikBNK02,True,2,8M2rLLD3DlQJ,8M2rLLD3DlQJ,True,0.9999773741078962,0.9999424794311303,3.489467676576208e-05,0.45,True,correct,0.45,True,correct,0.1,0.52497918747894,True,correct
DBLP,0.7,49,inner,SRSWOR_65_35,492,conf/sigmod/Mohan02,True,3,eyxIItge9MQJ,eyxIItge9MQJ,True,0.99993395786949,0.6452035552227342,0.3547304026467557,0.45,True,correct,0.45,True,correct,0.1,0.52497918747894,True,correct
DBLP,0.7,49,inner,SRSWOR_65_35,493,conf/vldb/Mohan02a,True,1,ulDehVmIgfAJ,ulDehVmIgfAJ,True,0.9999879616044264,2.6220955960573565e-05,0.9999617406484655,0.45,True,correct,0.45,True,correct,0.1,0.52497918747894,True,correct
DBLP,0.7,49,inner,SRSWOR_65_35,494,conf/sigmod/KanthRA02,True,1,RgDMwqhT30wJ,RgDMwqhT30wJ,True,0.9999461662167654,7.85482662093246e-06,0.9999383113901444,0.45,True,correct,0.45,True,correct,0.1,0.52497918747894,True,correct
DBLP,0.7,49,inner,SRSWOR_65_35,495,journals/sigmod/BorgidaCS98,True,2,iPbD7vPHzgYJ,iPbD7vPHzgYJ,True,0.9999877398018548,0.9999751569139256,1.2582887929268873e-05,0.45,True,correct,0.45,True,correct,0.1,0.52497918747894,True,correct
DBLP,0.7,49,inner,SRSWOR_65_35,496,journals/tods/GibbonsMP02,True,1,QKnjF3UgncMJ,QKnjF3UgncMJ,True,0.99993465006639,0.9997585651786058,0.000176084887784,0.45,True,correct,0.45,True,correct,0.1,0.52497918747894,True,correct
DBLP,0.7,49,inner,SRSWOR_65_35,497,journals/sigmod/CeriKKLOSV00,True,1,nLbW09uNfmsJ,nLbW09uNfmsJ,True,0.9999854451442252,1.4427301972032516e-05,0.9999710178422532,0.45,True,correct,0.45,True,correct,0.1,0.52497918747894,True,correct
DBLP,0.7,49,inner,SRSWOR_65_35,498,conf/sigmod/GoyalHKMS96,True,1,uUcmU_hKF2kJ,uUcmU_hKF2kJ,True,0.9999859648563172,0.9999793337956526,6.631060664563648e-06,0.45,True,correct,0.45,True,correct,0.1,0.52497918747894,True,correct
DBLP,0.7,49,inner,SRSWOR_65_35,499,conf/sigmod/LeeWMS01,True,3,4rJJdFvMmgYJ,OFXL5KsJiWcJ,True,0.999987137723845,0.9705632218715092,0.0294239158523357,0.45,True,correct,0.45,True,correct,0.1,0.52497918747894,True,correct
DBLP,0.7,49,inner,SRSWOR_65_35,500,conf/sigmod/AcharyaPR99,True,5,0dY1brFaEzgJ,0dY1brFaEzgJ,True,0.9999704031649768,0.9999580011575032,1.2402007473544252e-05,0.45,True,correct,0.45,True,correct,0.1,0.52497918747894,True,correct
DBLP,0.7,49,inner,SRSWOR_65_35,501,journals/sigmod/Eisenberg96,True,4,ODNMCIJO6xMJ,tFbkjO2wcFMJ,True,0.9999874034972186,0.9999766652054723,1.0738291746137383e-05,0.45,True,correct,0.45,True,correct,0.1,0.52497918747894,True,correct
DBLP,0.7,49,inner,SRSWOR_65_35,502,conf/vldb/Ladin00,True,1,kPTa4IiS_sgJ,kPTa4IiS_sgJ,True,0.9999772101771642,0.068705155707771,0.9312720544693932,0.45,True,correct,0.45,True,correct,0.1,0.52497918747894,True,correct
DBLP,0.7,49,inner,SRSWOR_65_35,503,conf/vldb/VassalosP97,True,8,_Va8sQkrP2kJ,kG-k9420fGMJ,True,0.9999883460168784,0.99998609993702,2.2460798584367225e-06,0.45,True,correct,0.45,True,correct,0.1,0.52497918747894,True,correct
DBLP,0.7,49,inner,SRSWOR_65_35,504,journals/sigmod/LeeF01,True,2,llGIoKCzsiYJ,oUisL_YUScYJ,True,0.9999860416613552,0.9999623562661266,2.3685395228456585e-05,0.45,True,correct,0.45,True,correct,0.1,0.52497918747894,True,correct
DBLP,0.7,49,inner,SRSWOR_65_35,505,conf/sigmod/ReissK03,True,1,L1m30vG-d5sJ,L1m30vG-d5sJ,True,0.9999860930024296,6.129701118979709e-06,0.9999799633013106,0.45,True,correct,0.45,True,correct,0.1,0.52497918747894,True,correct
DBLP,0.7,49,inner,SRSWOR_65_35,506,conf/vldb/TaoPS02,True,3,c-rJ2AIMUjwJ,o0WQjRyBQ5kJ,True,0.9999766628242504,0.999937813792071,3.884903217943325e-05,0.45,True,correct,0.45,True,correct,0.1,0.52497918747894,True,correct
DBLP,0.7,49,inner,SRSWOR_65_35,507,conf/vldb/RamakrishnanGRSWZ95,True,2,JAMaus2HrE0J,url:http://portal.acm.org/citation.cfm%3Fid%3D645921.756661,True,0.9999868382066522,0.9999587980557586,2.8040150893637872e-05,0.45,True,correct,0.45,True,correct,0.1,0.52497918747894,True,correct
DBLP,0.7,49,inner,SRSWOR_65_35,508,conf/vldb/SenkulKT02,True,1,g7HDbO4GCN4J,g7HDbO4GCN4J,True,0.9999903070745062,6.19749763566153e-06,0.9999841095768706,0.45,True,correct,0.45,True,correct,0.1,0.52497918747894,True,correct
DBLP,0.7,49,inner,SRSWOR_65_35,509,journals/sigmod/RossHKRRSS01,True,1,tOa0zXK5Ba4J,tOa0zXK5Ba4J,True,0.3861661571955309,0.0882200725320534,0.2979460846634774,0.45,False,missing_match,0.45,False,missing_match,0.1,0.52497918747894,False,missing_match
DBLP,0.7,49,inner,SRSWOR_65_35,510,journals/sigmod/Franklin98a,False,0,,diQK7Y_z3XwJ,False,5.195895386703068e-05,2.7391459881910608e-05,2.456749398512007e-05,0.45,False,unmatched_abstention,0.45,False,unmatched_abstention,0.1,0.52497918747894,False,unmatched_abstention
DBLP,0.7,49,inner,SRSWOR_65_35,511,journals/sigmod/Bohlen95,True,5,43K14Y5xa0YJ,WnwPjh0a0twJ,True,0.9999353668202412,0.9999206397758028,1.472704443838957e-05,0.45,True,correct,0.45,True,correct,0.1,0.52497918747894,True,correct
DBLP,0.7,49,inner,SRSWOR_65_35,512,journals/sigmod/Snodgrass98b,False,0,,qU_IX5KFwIoJ,False,0.0177024288241742,0.0036611316478816,0.0140412971762925,0.45,False,unmatched_abstention,0.45,False,unmatched_abstention,0.1,0.52497918747894,False,unmatched_abstention
DBLP,0.7,49,inner,SRSWOR_65_35,513,conf/sigmod/CeriFP98,True,1,iUGa3pKj-20J,iUGa3pKj-20J,True,0.9999786693129272,1.0544042525253327e-05,0.999968125270402,0.45,True,correct,0.45,True,correct,0.1,0.52497918747894,True,correct
DBLP,0.7,49,inner,SRSWOR_65_35,514,conf/sigmod/LitwinS00,True,11,37yVRfSpM6MJ,f1h0J1_ELisJ,True,0.9999908380985292,0.9999890079505488,1.8301479803861651e-06,0.45,True,correct,0.45,True,correct,0.1,0.52497918747894,True,correct
DBLP,0.7,49,inner,SRSWOR_65_35,515,conf/vldb/ChoALS02,True,1,_-JZT1cOuZ8J,_-JZT1cOuZ8J,True,0.9999812529551894,1.556874624379057e-05,0.9999656842089456,0.45,True,correct,0.45,True,correct,0.1,0.52497918747894,True,correct
DBLP,0.7,49,inner,SRSWOR_65_35,516,conf/sigmod/SeshadriHPLRSSS96,True,2,3OxZS395vDcJ,3OxZS395vDcJ,True,0.9999867308794528,0.9990718725034088,0.0009148583760442,0.45,True,correct,0.45,True,correct,0.1,0.52497918747894,True,correct
DBLP,0.7,49,inner,SRSWOR_65_35,517,conf/vldb/AilamakiDHW99,True,2,4bTXoodYyHMJ,-mTrpy_n8PYJ,True,0.9999846138796188,0.9999328016565822,5.1812223036629135e-05,0.45,True,correct,0.45,True,correct,0.1,0.52497918747894,True,correct
DBLP,0.7,49,inner,SRSWOR_65_35,518,conf/sigmod/LabrinidisR00,True,1,DKUouEkK_b4J,DKUouEkK_b4J,True,0.9999548450875576,0.999945989996635,8.855090922632591e-06,0.45,True,correct,0.45,True,correct,0.1,0.52497918747894,True,correct
DBLP,0.7,49,inner,SRSWOR_65_35,519,journals/sigmod/MeersmanS02,False,0,,SU-yyPjhRekJ,False,0.0166793299005072,0.0015226484668238,0.0151566814336834,0.45,False,unmatched_abstention,0.45,False,unmatched_abstention,0.1,0.52497918747894,False,unmatched_abstention
DBLP,0.7,49,inner,SRSWOR_65_35,520,journals/sigmod/Ozsu02a,False,0,,qU_IX5KFwIoJ,False,0.0034125858768804,0.0013234755189993,0.002089110357881,0.45,False,unmatched_abstention,0.45,False,unmatched_abstention,0.1,0.52497918747894,False,unmatched_abstention
DBLP,0.7,49,inner,SRSWOR_65_35,521,conf/sigmod/ZhaoDNS98,True,7,6AK0GF7jAtsJ,mBC03oUT8yAJ,True,0.9999903209856836,0.9999894326029428,8.883827408157075e-07,0.45,True,correct,0.45,True,correct,0.1,0.52497918747894,True,correct
DBLP,0.7,49,inner,SRSWOR_65_35,522,journals/vldb/JiangE98,True,1,PjtgP4aQt00J,PjtgP4aQt00J,True,0.9999758502695204,5.888960599095673e-06,0.9999699613089216,0.45,True,correct,0.45,True,correct,0.1,0.52497918747894,True,correct
DBLP,0.7,49,inner,SRSWOR_65_35,523,conf/vldb/JonscherD94,True,3,1R21hO7j9sQJ,1R21hO7j9sQJ,True,0.9999893100272826,0.9999279157159304,6.139431135221418e-05,0.45,True,correct,0.45,True,correct,0.1,0.52497918747894,True,correct
DBLP,0.7,49,inner,SRSWOR_65_35,524,conf/vldb/ChakrabartiDAR97,True,7,-2Ib1nqgXbcJ,QyBDbs7EpmsJ,True,0.9999896718106764,0.999988399728816,1.2720818602929285e-06,0.45,True,correct,0.45,True,correct,0.1,0.52497918747894,True,correct
DBLP,0.7,49,inner,SRSWOR_65_35,525,conf/sigmod/NgLHP98,True,12,_2mjU5KqoVgJ,qOiru8Q7FbIJ,True,0.9999883711961336,0.9999876010086676,7.701874660259733e-07,0.45,True,correct,0.45,True,correct,0.1,0.52497918747894,True,correct
DBLP,0.7,49,inner,SRSWOR_65_35,526,conf/vldb/CarinoO98,True,3,iaOLRaqTWmEJ,lDNAWc5SrmIJ,True,0.9999853522250416,0.9999550536233118,3.0298601729761288e-05,0.45,True,correct,0.45,True,correct,0.1,0.52497918747894,True,correct
DBLP,0.7,49,inner,SRSWOR_65_35,527,journals/sigmod/LaenderRST02,True,4,34QnrkmS0Y8J,paQAZ2KXFgAJ,True,0.9999882791865964,0.9999843763111774,3.902875418848595e-06,0.45,True,correct,0.45,True,correct,0.1,0.52497918747894,True,correct
DBLP,0.7,49,inner,SRSWOR_65_35,528,conf/sigmod/IoannidisLANT97,True,5,bbr1Xk0-hH8J,bbr1Xk0-hH8J,True,0.99900940245563,0.0279634967795989,0.9710459056760312,0.45,True,correct,0.45,True,correct,0.1,0.52497918747894,True,correct
DBLP,0.7,49,inner,SRSWOR_65_35,529,conf/sigmod/ChengKP03,True,2,egF3o1jH_kgJ,kSt-Pqp2ilYJ,True,0.999989727360396,0.9999882251411136,1.502219282190076e-06,0.45,True,correct,0.45,True,correct,0.1,0.52497918747894,True,correct
DBLP,0.7,49,inner,SRSWOR_65_35,530,conf/vldb/George98,True,1,xACnzf6RhVwJ,xACnzf6RhVwJ,True,0.9999846158456916,1.9045476738167818e-05,0.9999655703689534,0.45,True,correct,0.45,True,correct,0.1,0.52497918747894,True,correct
DBLP,0.7,49,inner,SRSWOR_65_35,531,conf/sigmod/Agarwal96,True,3,ALk7huiKjWAJ,ALk7huiKjWAJ,True,0.999986688013685,0.9999767797946058,9.90821907920214e-06,0.45,True,correct,0.45,True,correct,0.1,0.52497918747894,True,correct
DBLP,0.7,49,inner,SRSWOR_65_35,532,conf/sigmod/AdamY98,True,1,url:http://portal.acm.org/ft_gateway.cfm%3Fid%3D276350%26type%3Dpdf%26dl%3DGUIDE%26dl%3DACM%26CFID%3D11111111%26CFTOKEN%3D2222222,url:http://portal.acm.org/ft_gateway.cfm%3Fid%3D276350%26type%3Dpdf%26dl%3DGUIDE%26dl%3DACM%26CFID%3D11111111%26CFTOKEN%3D2222222,True,0.999856284656782,0.069149536519319,0.9307067481374628,0.45,True,correct,0.45,True,correct,0.1,0.52497918747894,True,correct
DBLP,0.7,49,inner,SRSWOR_65_35,533,conf/sigmod/Dullmann99,True,1,5bp8rSFAkzEJ,5bp8rSFAkzEJ,True,0.0893526230836252,0.0014931301384149,0.0878594929452102,0.45,False,missing_match,0.45,False,missing_match,0.1,0.52497918747894,False,missing_match
DBLP,0.7,49,inner,SRSWOR_65_35,534,conf/sigmod/LangS01,True,2,FFQc9XpGFRsJ,FFQc9XpGFRsJ,True,0.9999886835863384,0.9999812199945304,7.463591808143377e-06,0.45,True,correct,0.45,True,correct,0.1,0.52497918747894,True,correct
DBLP,0.7,49,inner,SRSWOR_65_35,535,conf/vldb/AbiteboulAAACHHMMMMSTV99,True,2,2MSe6dRu6OcJ,zHCrzBCoweAJ,True,0.9999813658191008,0.9999782197181416,3.146100959083853e-06,0.45,True,correct,0.45,True,correct,0.1,0.52497918747894,True,correct
DBLP,0.7,49,inner,SRSWOR_65_35,536,journals/sigmod/DAndreaJ96,True,1,-XugBF7u07EJ,-XugBF7u07EJ,True,0.9999466937735032,0.6933049114190352,0.3066417823544681,0.45,True,correct,0.45,True,correct,0.1,0.52497918747894,True,correct
DBLP,0.7,49,inner,SRSWOR_65_35,537,conf/vldb/DoDJJR98,True,1,69kmXg9nRZkJ,69kmXg9nRZkJ,True,0.9999894411655584,7.930245077281093e-06,0.9999815109204812,0.45,True,correct,0.45,True,correct,0.1,0.52497918747894,True,correct
DBLP,0.7,49,inner,SRSWOR_65_35,538,conf/vldb/BunkerCCMMW01,True,1,bKfF2TdyKDwJ,bKfF2TdyKDwJ,True,0.999986747572556,7.111676129599605e-06,0.9999796358964264,0.45,True,correct,0.45,True,correct,0.1,0.52497918747894,True,correct
DBLP,0.7,49,inner,SRSWOR_65_35,539,conf/vldb/Brin95,True,7,CuCm_rmA28cJ,dXegp-RmzXEJ,True,0.999986491426728,0.9999691737929496,1.7317633778324293e-05,0.45,True,correct,0.45,True,correct,0.1,0.52497918747894,True,correct
DBLP,0.7,49,inner,SRSWOR_65_35,540,conf/vldb/ShanmugasundaramGTZDN99,True,13,C5EoaXfZ7BsJ,NADaoJJSRfQJ,True,0.9999868074688714,0.9999855705652642,1.2369036072046311e-06,0.45,True,correct,0.45,True,correct,0.1,0.52497918747894,True,correct
DBLP,0.7,49,inner,SRSWOR_65_35,541,journals/sigmod/QuixSJ02,True,1,BrO3XOrt66MJ,BrO3XOrt66MJ,True,0.999935783970125,1.8249492833354856e-05,0.9999175344772916,0.45,True,correct,0.45,True,correct,0.1,0.52497918747894,True,correct
DBLP,0.7,49,inner,SRSWOR_65_35,542,conf/vldb/BarjaPFWD94,True,2,qhl9_KGvjcUJ,qhl9_KGvjcUJ,True,0.9999888924786052,6.077936109796471e-05,0.9999281131175072,0.45,True,correct,0.45,True,correct,0.1,0.52497918747894,True,correct
DBLP,0.7,49,inner,SRSWOR_65_35,543,conf/vldb/ShatdalKN94,True,1,27-P8X0mjfcJ,27-P8X0mjfcJ,True,0.9999723652119968,5.589191665488992e-06,0.9999667760203312,0.45,True,correct,0.45,True,correct,0.1,0.52497918747894,True,correct
DBLP,0.7,49,inner,SRSWOR_65_35,544,conf/sigmod/BunemanKTT02,True,1,cKIQyzazkYEJ,cKIQyzazkYEJ,True,0.9917813564259406,1.3248181644763635e-05,0.9917681082442958,0.45,True,correct,0.45,True,correct,0.1,0.52497918747894,True,correct
DBLP,0.7,49,inner,SRSWOR_65_35,545,conf/vldb/Kuhn03,False,0,,MyW5sLwDtogJ,False,0.9987157035005806,6.362601187944225e-06,0.9987093408993928,0.45,True,false_link,0.45,True,false_link,0.1,0.52497918747894,True,false_link
DBLP,0.7,49,inner,SRSWOR_65_35,546,conf/vldb/BhattacharjeePMLCH03,True,1,PUCW4QzlkmsJ,PUCW4QzlkmsJ,True,0.9999906125997032,0.0073333128955856,0.9926572997041176,0.45,True,correct,0.45,True,correct,0.1,0.52497918747894,True,correct
DBLP,0.7,49,inner,SRSWOR_65_35,547,conf/vldb/Hallmark95,True,2,tiAgO7G7YuAJ,xTKZ6OuegIEJ,True,0.999900747657654,0.0001497387103872,0.9997510089472668,0.45,True,correct,0.45,True,correct,0.1,0.52497918747894,True,correct
DBLP,0.7,49,inner,SRSWOR_65_35,548,journals/sigmod/DogacAOD95,True,1,oUOuTMrB0esJ,oUOuTMrB0esJ,True,0.9999868397378948,3.513106593356715e-05,0.9999517086719611,0.45,True,correct,0.45,True,correct,0.1,0.52497918747894,True,correct
DBLP,0.7,49,inner,SRSWOR_65_35,549,conf/vldb/GarofalakisI97,True,3,aCvCz2wg854J,-cCndG3a8ukJ,True,0.9999914276718198,0.9999855789981592,5.848673660713288e-06,0.45,True,correct,0.45,True,correct,0.1,0.52497918747894,True,correct
DBLP,0.7,49,inner,SRSWOR_65_35,550,journals/vldb/CuiW03,True,1,SaOd6rDz5ZgJ,SaOd6rDz5ZgJ,True,0.9999567654410496,3.153190721473077e-05,0.9999252335338348,0.45,True,correct,0.45,True,correct,0.1,0.52497918747894,True,correct
DBLP,0.7,49,inner,SRSWOR_65_35,551,journals/vldb/HansonCDERTX98,True,1,F6Ko8ZvWypUJ,F6Ko8ZvWypUJ,True,0.9999903210226058,7.551739940933814e-06,0.9999827692826648,0.45,True,correct,0.45,True,correct,0.1,0.52497918747894,True,correct
DBLP,0.7,49,inner,SRSWOR_65_35,552,conf/vldb/DattaDTVRF01,True,3,8_5A88ESaQ0J,mPBmOUreSecJ,True,0.9999696496106276,0.9995528877082064,0.0004167619024213,0.45,True,correct,0.45,True,correct,0.1,0.52497918747894,True,correct
DBLP,0.7,49,inner,SRSWOR_65_35,553,conf/vldb/DidriksenGD95,True,1,0TNJ5d1tfkEJ,0TNJ5d1tfkEJ,True,0.9999655689020708,6.418034073341865e-06,0.9999591508679974,0.45,True,correct,0.45,True,correct,0.1,0.52497918747894,True,correct
DBLP,0.7,49,inner,SRSWOR_65_35,554,conf/sigmod/ChaudhuriN98a,True,3,AiXOfJPvvpUJ,JyEX0YVMP5oJ,True,0.99998173584732,0.9999765945558576,5.141291462451569e-06,0.45,True,correct,0.45,True,correct,0.1,0.52497918747894,True,correct
DBLP,0.7,49,inner,SRSWOR_65_35,555,journals/sigmod/CatarciC96,True,1,url:http://portal.acm.org/ft_gateway.cfm%3Fid%3D245888%26type%3Dpdf%26dl%3DGUIDE%26dl%3DACM%26CFID%3D11111111%26CFTOKEN%3D2222222,url:http://portal.acm.org/ft_gateway.cfm%3Fid%3D245888%26type%3Dpdf%26dl%3DGUIDE%26dl%3DACM%26CFID%3D11111111%26CFTOKEN%3D2222222,True,0.9998706221977554,0.0313538949824961,0.9685167272152592,0.45,True,correct,0.45,True,correct,0.1,0.52497918747894,True,correct
DBLP,0.7,49,inner,SRSWOR_65_35,556,journals/tods/Jagadish95,True,1,gDFpwto83b4J,gDFpwto83b4J,True,0.9997463084338072,1.083839802457992e-05,0.9997354700357826,0.45,True,correct,0.45,True,correct,0.1,0.52497918747894,True,correct
DBLP,0.7,49,inner,SRSWOR_65_35,557,conf/vldb/Schek00,True,1,yMjJam38N8sJ,yMjJam38N8sJ,True,0.9999797683830842,0.9818185574444764,0.0181612109386077,0.45,True,correct,0.45,True,correct,0.1,0.52497918747894,True,correct
DBLP,0.7,49,inner,SRSWOR_65_35,558,conf/sigmod/NgLHM99,True,1,YemauUgIzlcJ,YemauUgIzlcJ,True,0.999987170237348,0.9999551552632702,3.201497407789855e-05,0.45,True,correct,0.45,True,correct,0.1,0.52497918747894,True,correct
DBLP,0.7,49,inner,SRSWOR_65_35,559,conf/vldb/HuangJR97,True,3,LD8Mtycec9EJ,nBHS2BTx-GkJ,True,0.9999900868348994,0.999981646205404,8.44062949545421e-06,0.45,True,correct,0.45,True,correct,0.1,0.52497918747894,True,correct
DBLP,0.7,49,inner,SRSWOR_65_35,560,conf/vldb/Atal96,True,1,PaW8zjiNR9cJ,PaW8zjiNR9cJ,True,0.9999877055195664,1.0964022999784084e-05,0.9999767414965666,0.45,True,correct,0.45,True,correct,0.1,0.52497918747894,True,correct
DBLP,0.7,49,inner,SRSWOR_65_35,561,journals/vldb/AtzeniM00,True,1,url:http://www.springerlink.com/index/0YKCKU5LKG6G102T.pdf,wt2W1fPudfIJ,False,5.3576993224182e-05,4.35222659603605e-05,1.00547272638215e-05,0.45,False,missing_match,0.45,False,missing_match,0.1,0.52497918747894,False,missing_match
DBLP,0.7,49,inner,SRSWOR_65_35,562,conf/sigmod/HinneburgKW02,True,3,7v3f7Thmyw0J,VWd7jhLXfV0J,True,0.999987328482989,0.0001022443633955,0.9998850841195934,0.45,True,correct,0.45,True,correct,0.1,0.52497918747894,True,correct
DBLP,0.7,49,inner,SRSWOR_65_35,563,journals/sigmod/AtkinsonDJPS96,True,5,5tuINV43CDUJ,JHVWab3P4zIJ,True,0.9999823132907818,0.999978239835792,4.0734549896503935e-06,0.45,True,correct,0.45,True,correct,0.1,0.52497918747894,True,correct
DBLP,0.7,49,inner,SRSWOR_65_35,564,conf/sigmod/GuhaRS98,True,17,btOlpr6NZoIJ,wiE9QG5qC2wJ,True,0.9999859722160094,0.9999831360813368,2.8361346724459224e-06,0.45,True,correct,0.45,True,correct,0.1,0.52497918747894,True,correct
DBLP,0.7,49,inner,SRSWOR_65_35,565,journals/sigmod/Rosenthal98,True,1,ZMMeRrWUlOoJ,ZMMeRrWUlOoJ,True,0.9999585702836736,7.337878155618607e-06,0.999951232405518,0.45,True,correct,0.45,True,correct,0.1,0.52497918747894,True,correct
DBLP,0.7,49,inner,SRSWOR_65_35,566,conf/sigmod/ThaperGIK02,True,4,6a1G1MBvuWcJ,855tuDOhjl4J,True,0.9999715081284494,0.9999710446628716,4.63465577915656e-07,0.45,True,correct,0.45,True,correct,0.1,0.52497918747894,True,correct
DBLP,0.7,49,inner,SRSWOR_65_35,567,conf/vldb/FangSGMU98,True,5,E7yZtVJa2xAJ,MdwCZg0RBHYJ,True,0.9999868208233548,0.9997572064451044,0.0002296143782503,0.45,True,correct,0.45,True,correct,0.1,0.52497918747894,True,correct
DBLP,0.7,49,inner,SRSWOR_65_35,568,conf/sigmod/SismanisDRK02,True,4,bCj32WyDQ0IJ,seSeL2gsCJoJ,True,0.999976352562925,0.9999609458078222,1.54067551028092e-05,0.45,True,correct,0.45,True,correct,0.1,0.52497918747894,True,correct
DBLP,0.7,49,inner,SRSWOR_65_35,569,conf/sigmod/GoelI96,True,2,_Vn4nSui5UMJ,hD6w1eBfjWcJ,True,0.9999855412663744,0.9999641683731672,2.1372893207249888e-05,0.45,True,correct,0.45,True,correct,0.1,0.52497918747894,True,correct
DBLP,0.7,49,inner,SRSWOR_65_35,570,conf/sigmod/BabuGR01,True,2,h_oXQ6ntHEUJ,zQCRmiH6jo4J,True,0.9999868366877848,0.9999859391742484,8.975135362687681e-07,0.45,True,correct,0.45,True,correct,0.1,0.52497918747894,True,correct
DBLP,0.7,49,inner,SRSWOR_65_35,571,journals/sigmod/MarchiLPT03,True,2,9dgFU6XaLrwJ,9dgFU6XaLrwJ,True,0.9999905145996478,0.9998954331907752,9.50814088725993e-05,0.45,True,correct,0.45,True,correct,0.1,0.52497918747894,True,correct
DBLP,0.7,49,inner,SRSWOR_65_35,572,journals/sigmod/SchmidtWKFCMB01,True,3,fc8y9x82jqAJ,fc8y9x82jqAJ,True,0.9999593847067032,0.99994107955753,1.8305149173336588e-05,0.45,True,correct,0.45,True,correct,0.1,0.52497918747894,True,correct
DBLP,0.7,49,inner,SRSWOR_65_35,573,conf/vldb/NgC97,True,2,eTDBrdfpGNEJ,J7mY8RlpTKMJ,True,0.9999861634861428,0.9999858959435204,2.675426223897049e-07,0.45,True,correct,0.45,True,correct,0.1,0.52497918747894,True,correct
DBLP,0.7,49,inner,SRSWOR_65_35,574,journals/sigmod/KaradimitriouT97,True,1,SrCBkHnIFL8J,SrCBkHnIFL8J,True,0.999979217822452,6.796904945986022e-06,0.999972420917506,0.45,True,correct,0.45,True,correct,0.1,0.52497918747894,True,correct
DBLP,0.7,49,inner,SRSWOR_65_35,575,conf/sigmod/JagadishLMSV99,True,1,946iAs3adDcJ,946iAs3adDcJ,True,0.999943636385256,0.0001200642131664,0.9998235721720896,0.45,True,correct,0.45,True,correct,0.1,0.52497918747894,True,correct
DBLP,0.7,49,inner,SRSWOR_65_35,576,conf/vldb/BonczRK98,True,2,965BXzMPxSoJ,ts5vu2eNQgYJ,True,0.9999544558695338,0.9960389396907666,0.0039155161787671,0.45,True,correct,0.45,True,correct,0.1,0.52497918747894,True,correct
DBLP,0.7,49,inner,SRSWOR_65_35,577,conf/vldb/HsuLOMTX02,True,1,Px35BrWc6_EJ,Px35BrWc6_EJ,True,0.999988406618864,1.0775622790423576e-05,0.9999776309960736,0.45,True,correct,0.45,True,correct,0.1,0.52497918747894,True,correct
DBLP,0.7,49,inner,SRSWOR_65_35,578,journals/sigmod/RosenthalHRS97,True,1,url:http://portal.acm.org/ft_gateway.cfm%3Fid%3D248612%26type%3Dpdf%26dl%3DGUIDE%26dl%3DACM%26CFID%3D11111111%26CFTOKEN%3D2222222,url:http://portal.acm.org/ft_gateway.cfm%3Fid%3D248612%26type%3Dpdf%26dl%3DGUIDE%26dl%3DACM%26CFID%3D11111111%26CFTOKEN%3D2222222,True,0.999930462247074,0.0005724579105642,0.9993580043365098,0.45,True,correct,0.45,True,correct,0.1,0.52497918747894,True,correct
DBLP,0.7,49,inner,SRSWOR_65_35,579,journals/vldb/ChakrabartiGRS01,True,4,2TVYDBNYioIJ,PTmCbogNUpAJ,True,0.9999800186474184,0.999963843140798,1.6175506620363933e-05,0.45,True,correct,0.45,True,correct,0.1,0.52497918747894,True,correct
DBLP,0.7,49,inner,SRSWOR_65_35,580,conf/sigmod/BertinoCF01,True,1,JSzfxAgs4pgJ,JSzfxAgs4pgJ,True,0.9999871397844122,0.9074443078850872,0.0925428318993248,0.45,True,correct,0.45,True,correct,0.1,0.52497918747894,True,correct
DBLP,0.7,49,inner,SRSWOR_65_35,581,conf/sigmod/NybergBCGL94,True,2,fXziEl_Htv8J,kd-0q-M1O2gJ,True,0.9999811858276526,0.999902505553137,7.868027451563009e-05,0.45,True,correct,0.45,True,correct,0.1,0.52497918747894,True,correct
DBLP,0.7,49,inner,SRSWOR_65_35,582,journals/sigmod/Giorgini03,True,1,url:http://portal.acm.org/ft_gateway.cfm%3Fid%3D959084%26type%3Dpdf%26dl%3Dportal%26dl%3DACM%26CFID%3D11111111%26CFTOKEN%3D2222222,url:http://portal.acm.org/ft_gateway.cfm%3Fid%3D959084%26type%3Dpdf%26dl%3Dportal%26dl%3DACM%26CFID%3D11111111%26CFTOKEN%3D2222222,True,0.9999230020602432,0.000110262917534,0.999812739142709,0.45,True,correct,0.45,True,correct,0.1,0.52497918747894,True,correct
DBLP,0.7,49,inner,SRSWOR_65_35,583,conf/vldb/YangG01,True,6,0Chz95gOxHMJ,xQYKEHCggZQJ,True,0.9999840115156058,0.9999207926488984,6.321886670745958e-05,0.45,True,correct,0.45,True,correct,0.1,0.52497918747894,True,correct
DBLP,0.7,49,inner,SRSWOR_65_35,584,journals/vldb/SaltenisJ02,True,1,HSEOZDaC8ZUJ,HSEOZDaC8ZUJ,True,0.9999778329569476,0.0168896376035087,0.9830881953534388,0.45,True,correct,0.45,True,correct,0.1,0.52497918747894,True,correct
DBLP,0.7,49,inner,SRSWOR_65_35,585,conf/vldb/ChenL03,True,1,WaSgR87oMpcJ,WaSgR87oMpcJ,True,0.9999824925835414,5.402867494173932e-06,0.9999770897160472,0.45,True,correct,0.45,True,correct,0.1,0.52497918747894,True,correct
DBLP,0.7,49,inner,SRSWOR_65_35,586,conf/vldb/RisheYACLMVSV00,True,2,0WYMHga_bt4J,0WYMHga_bt4J,True,0.9999856923269403,0.9962565396692876,0.0037291526576527,0.45,True,correct,0.45,True,correct,0.1,0.52497918747894,True,correct
DBLP,0.7,49,inner,SRSWOR_65_35,587,conf/vldb/DoR02,True,5,0oPfKUylwgEJ,0oPfKUylwgEJ,True,0.999989131440429,0.99990918470206,7.99467383690855e-05,0.45,True,correct,0.45,True,correct,0.1,0.52497918747894,True,correct
DBLP,0.7,49,inner,SRSWOR_65_35,588,journals/sigmod/KeetonPH98,True,3,6MtRlhEClPEJ,6MtRlhEClPEJ,True,0.9999880370241476,0.9999854256570042,2.6113671433014574e-06,0.45,True,correct,0.45,True,correct,0.1,0.52497918747894,True,correct
DBLP,0.7,49,inner,SRSWOR_65_35,589,conf/sigmod/ArasuG03,True,3,jp9ptMpdoGwJ,zN8ngmWNDlgJ,True,0.9999752895161784,0.9998426390765128,0.0001326504396655,0.45,True,correct,0.45,True,correct,0.1,0.52497918747894,True,correct
DBLP,0.7,49,inner,SRSWOR_65_35,590,journals/sigmod/TsotrasK96,True,3,9HEdn3A13BQJ,9HEdn3A13BQJ,True,0.5167960429696896,0.0029715071451897,0.5138245358244999,0.45,True,correct,0.45,True,correct,0.1,0.52497918747894,False,missing_match
DBLP,0.7,49,inner,SRSWOR_65_35,591,conf/vldb/TamuraK99,True,3,N0yBbMrpeUwJ,rAHGAfoqookJ,True,0.9999890173285804,0.9999860512423622,2.9660862181923875e-06,0.45,True,correct,0.45,True,correct,0.1,0.52497918747894,True,correct
DBLP,0.7,49,inner,SRSWOR_65_35,592,conf/vldb/GeorgeH98,True,2,2L-UFpDof3UJ,2L-UFpDof3UJ,True,0.9999631379120852,0.2526974813632764,0.7472656565488087,0.45,True,correct,0.45,True,correct,0.1,0.52497918747894,True,correct
DBLP,0.7,49,inner,SRSWOR_65_35,593,conf/vldb/BlottK02,False,0,,pPZQjFBQV_YJ,False,6.202251385468674e-06,5.898313237316362e-06,3.0393814815231226e-07,0.45,False,unmatched_abstention,0.45,False,unmatched_abstention,0.1,0.52497918747894,False,unmatched_abstention
DBLP,0.7,49,inner,SRSWOR_65_35,594,conf/vldb/CarneyCCCLSSTZ02,True,5,1J26mBTxdS0J,1J26mBTxdS0J,True,0.999989903013758,0.9999852762889608,4.626724797396342e-06,0.45,True,correct,0.45,True,correct,0.1,0.52497918747894,True,correct
DBLP,0.7,49,inner,SRSWOR_65_35,595,conf/vldb/PardonA00,True,2,Bax8yKEV6McJ,k7G60pXtD58J,True,0.999989731611263,0.999988720693192,1.0109180709205743e-06,0.45,True,correct,0.45,True,correct,0.1,0.52497918747894,True,correct
DBLP,0.7,49,inner,SRSWOR_65_35,596,conf/sigmod/HammerGNYBV97,True,9,2rysKgS6lugJ,t9nmZzSMVAAJ,True,0.9999871052755134,0.9999826439267364,4.4613487769629145e-06,0.45,True,correct,0.45,True,correct,0.1,0.52497918747894,True,correct
DBLP,0.7,49,inner,SRSWOR_65_35,597,conf/sigmod/WangCMSSZ94,True,4,_Xj-7At79joJ,ZM65itnp_E4J,True,0.9999872445097848,0.9999772059821984,1.0038527586408996e-05,0.45,True,correct,0.45,True,correct,0.1,0.52497918747894,True,correct
DBLP,0.7,49,inner,SRSWOR_65_35,598,conf/vldb/BrownCC94,True,3,E-1nAx7gc-8J,E-1nAx7gc-8J,True,0.9999765413723832,0.9999708251108552,5.716261527899391e-06,0.45,True,correct,0.45,True,correct,0.1,0.52497918747894,True,correct
DBLP,0.7,49,inner,SRSWOR_65_35,599,conf/sigmod/GuptaLM03,True,1,iCg06Oc9DV8J,iCg06Oc9DV8J,True,0.9999906860520678,8.88074175759163e-06,0.99998180531031,0.45,True,correct,0.45,True,correct,0.1,0.52497918747894,True,correct
DBLP,0.7,49,inner,SRSWOR_65_35,600,conf/vldb/Blecken00,True,1,hCSzil0nuVEJ,hCSzil0nuVEJ,True,0.9999858579890728,6.675002627813921e-06,0.999979182986445,0.45,True,correct,0.45,True,correct,0.1,0.52497918747894,True,correct
DBLP,0.7,49,inner,SRSWOR_65_35,601,conf/sigmod/GangulyGR03,True,1,Di-EjDZ_abYJ,Di-EjDZ_abYJ,True,0.9999899044387704,0.001539954056435,0.9984499503823352,0.45,True,correct,0.45,True,correct,0.1,0.52497918747894,True,correct
DBLP,0.7,49,inner,SRSWOR_65_35,602,journals/sigmod/ChangGKRS98,True,2,5FiyBEZ3v70J,url:http://portal.acm.org/ft_gateway.cfm%3Fid%3D290607%26type%3Dpdf%26dl%3Dportal%26dl%3DACM%26CFID%3D11111111%26CFTOKEN%3D2222222,True,0.9999873666120458,0.9997902205473834,0.0001971460646623,0.45,True,correct,0.45,True,correct,0.1,0.52497918747894,True,correct
DBLP,0.7,49,inner,SRSWOR_65_35,603,conf/vldb/EvangelidisLS95,True,5,3TOqLeL1G64J,EbGZKQPyH_4J,True,0.9999906344093268,0.9999894736904624,1.16071886435698e-06,0.45,True,correct,0.45,True,correct,0.1,0.52497918747894,True,correct
DBLP,0.7,49,inner,SRSWOR_65_35,604,conf/sigmod/DasuJMS02,True,3,POt1WbTBB4cJ,zTF5z0v_nh0J,True,0.999973679357762,0.999971882028836,1.797328926023134e-06,0.45,True,correct,0.45,True,correct,0.1,0.52497918747894,True,correct
DBLP,0.7,49,inner,SRSWOR_65_35,605,conf/vldb/FaloutsosG96,True,3,1T0QEMsUItoJ,vwcVawlOJn0J,True,0.999988379976068,0.999985803032232,2.5769438359857237e-06,0.45,True,correct,0.45,True,correct,0.1,0.52497918747894,True,correct
DBLP,0.7,49,inner,SRSWOR_65_35,606,journals/sigmod/LuoI02,True,2,url:http://portal.acm.org/citation.cfm%3Fid%3D601858.601879%26dl%3DGUIDE%26dl%3DACM%26idx%3DJ689%26part%3Dperiodical%26WantType%3Dperiodical%26title%3DACM%2520SIGMOD%2520Record%26CFID%3D11111111%26CFTOKEN%3D2222222,url:http://portal.acm.org/ft_gateway.cfm%3Fid%3D601879%26type%3Dpdf%26dl%3DGUIDE%26dl%3DACM%26CFID%3D11111111%26CFTOKEN%3D2222222,True,0.9999783471675652,0.9999766787093016,1.6684582637704892e-06,0.45,True,correct,0.45,True,correct,0.1,0.52497918747894,True,correct
DBLP,0.7,49,inner,SRSWOR_65_35,607,journals/sigmod/SnodgrassHMOPRRWY98,False,0,,url:http://portal.acm.org/ft_gateway.cfm%3Fid%3D290599%26type%3Dpdf%26dl%3DGUIDE%26dl%3DACM%26CFID%3D11111111%26CFTOKEN%3D2222222,False,0.2728579090482477,0.1229603166289262,0.1498975924193214,0.45,False,unmatched_abstention,0.45,False,unmatched_abstention,0.1,0.52497918747894,False,unmatched_abstention
DBLP,0.7,49,inner,SRSWOR_65_35,608,conf/vldb/AltinelF00,True,4,JhWxdEDCPdUJ,SXHPvzZDrFMJ,True,0.999982914094854,0.9999758915967564,7.022498097475349e-06,0.45,True,correct,0.45,True,correct,0.1,0.52497918747894,True,correct
DBLP,0.7,49,inner,SRSWOR_65_35,609,conf/sigmod/CareyDFHMNSSTTWZ94,True,8,0oPBNo-ofPkJ,0oPBNo-ofPkJ,True,0.9999762016655548,0.9999669043721974,9.29729335741314e-06,0.45,True,correct,0.45,True,correct,0.1,0.52497918747894,True,correct
DBLP,0.7,49,inner,SRSWOR_65_35,610,conf/vldb/RothS97,True,12,1fQr1rJ4yCwJ,1fQr1rJ4yCwJ,True,0.9999900084283064,0.9999880073706104,2.001057695988351e-06,0.45,True,correct,0.45,True,correct,0.1,0.52497918747894,True,correct
DBLP,0.7,49,inner,SRSWOR_65_35,611,conf/vldb/RamasamyPNK00,True,1,wR0R0jS5J6oJ,wR0R0jS5J6oJ,True,0.9999889046854374,7.249043156083164e-06,0.9999816556422814,0.45,True,correct,0.45,True,correct,0.1,0.52497918747894,True,correct
DBLP,0.7,49,inner,SRSWOR_65_35,612,conf/vldb/Brodie03,True,1,deEJ1JsF8RwJ,deEJ1JsF8RwJ,True,0.9999784099329002,6.61347663716705e-06,0.999971796456263,0.45,True,correct,0.45,True,correct,0.1,0.52497918747894,True,correct
DBLP,0.7,49,inner,SRSWOR_65_35,613,conf/sigmod/FaloutsosSTT00,True,3,qsWDIfzBxiQJ,qsWDIfzBxiQJ,True,0.9999867108706648,0.9999777029487326,9.0079219323691e-06,0.45,True,correct,0.45,True,correct,0.1,0.52497918747894,True,correct
DBLP,0.7,49,inner,SRSWOR_65_35,614,conf/vldb/SheikholeslamiCZ98,True,3,btydMRJMBqoJ,btydMRJMBqoJ,True,0.999990237720888,0.9999808532696955,9.384451192473442e-06,0.45,True,correct,0.45,True,correct,0.1,0.52497918747894,True,correct
DBLP,0.7,49,inner,SRSWOR_65_35,615,conf/vldb/Mohan01,True,2,6rkYIagTMckJ,tAO-l_SkmSwJ,True,0.9999856531952048,0.999813972295549,0.0001716808996556,0.45,True,correct,0.45,True,correct,0.1,0.52497918747894,True,correct
DBLP,0.7,49,inner,SRSWOR_65_35,616,conf/sigmod/BohrerBBCFHKKMNRRSUUW97,True,4,oulaZpEWkMQJ,oulaZpEWkMQJ,True,0.9999887134085792,0.9999760114946324,1.270191394675546e-05,0.45,True,correct,0.45,True,correct,0.1,0.52497918747894,True,correct
DBLP,0.7,49,inner,SRSWOR_65_35,617,conf/vldb/Ioannidis03,True,1,jELnwotIy9kJ,jELnwotIy9kJ,True,0.9999828036728586,4.344919685639698e-05,0.9999393544760022,0.45,True,correct,0.45,True,correct,0.1,0.52497918747894,True,correct
DBLP,0.7,49,inner,SRSWOR_65_35,618,journals/sigmod/ShethBS99,True,3,cqlnSEkt12EJ,NLklGN91cZgJ,True,0.999960597301412,0.999889602101045,7.09952003670189e-05,0.45,True,correct,0.45,True,correct,0.1,0.52497918747894,True,correct
DBLP,0.7,49,inner,SRSWOR_65_35,619,journals/sigmod/AtzeniM98,True,2,HtxGbMkTXdsJ,HtxGbMkTXdsJ,True,0.5414462698296169,0.5268937959345,0.0145524738951168,0.45,True,correct,0.45,True,correct,0.1,0.52497918747894,True,correct
DBLP,0.7,49,inner,SRSWOR_65_35,620,conf/sigmod/GuhaJKSY02,True,1,z6l0wfs32iYJ,z6l0wfs32iYJ,True,0.9999806007902372,0.0002382489515788,0.9997423518386584,0.45,True,correct,0.45,True,correct,0.1,0.52497918747894,True,correct
DBLP,0.7,49,inner,SRSWOR_65_35,621,journals/sigmod/Qian94,True,1,url:http://portal.acm.org/ft_gateway.cfm%3Fid%3D187462%26type%3Dpdf%26coll%3DGUIDE%26dl%3DACM%26CFID%3D11111111%26CFTOKEN%3D2222222,url:http://portal.acm.org/ft_gateway.cfm%3Fid%3D187462%26type%3Dpdf%26coll%3DGUIDE%26dl%3DACM%26CFID%3D11111111%26CFTOKEN%3D2222222,True,0.9999809752357872,1.654590214912006e-05,0.999964429333638,0.45,True,correct,0.45,True,correct,0.1,0.52497918747894,True,correct
DBLP,0.7,49,inner,SRSWOR_65_35,622,conf/sigmod/Lomet00,True,1,FiPJDs_jm54J,FiPJDs_jm54J,True,0.999989577297215,5.612533413523853e-06,0.9999839647638016,0.45,True,correct,0.45,True,correct,0.1,0.52497918747894,True,correct
DBLP,0.7,49,inner,SRSWOR_65_35,623,journals/sigmod/ConstantopoulosCP01,False,0,,YeD6vittJSMJ,False,0.0001804254788347,3.86979168621915e-05,0.0001417275619725,0.45,False,unmatched_abstention,0.45,False,unmatched_abstention,0.1,0.52497918747894,False,unmatched_abstention
DBLP,0.7,49,inner,SRSWOR_65_35,624,conf/sigmod/JonssonFS98,True,2,5fb1l1MyGisJ,5fb1l1MyGisJ,True,0.9999884130517764,0.9999270571682112,6.135588356515065e-05,0.45,True,correct,0.45,True,correct,0.1,0.52497918747894,True,correct
DBLP,0.7,49,inner,SRSWOR_65_35,625,conf/sigmod/Toyama98,True,1,h4OQc4N4kjIJ,h4OQc4N4kjIJ,True,0.9999880164252356,1.2944599795412974e-05,0.99997507182544,0.45,True,correct,0.45,True,correct,0.1,0.52497918747894,True,correct
DBLP,0.7,49,inner,SRSWOR_65_35,626,journals/vldb/ChenHY97,True,1,IWZsSVPC6HMJ,IWZsSVPC6HMJ,True,0.9999910216425296,3.5283866766898626e-05,0.9999557377757626,0.45,True,correct,0.45,True,correct,0.1,0.52497918747894,True,correct
DBLP,0.7,49,inner,SRSWOR_65_35,627,conf/sigmod/SistlaW95,True,4,gLjn4f4f63wJ,KO3FcQ57_rkJ,True,0.999987870206819,0.9999772863128162,1.0583894002769156e-05,0.45,True,correct,0.45,True,correct,0.1,0.52497918747894,True,correct
DBLP,0.7,49,inner,SRSWOR_65_35,628,conf/vldb/GingrasL98,True,2,9rJeZSGswxYJ,9rJeZSGswxYJ,True,0.9999897200691004,0.9994436773304798,0.0005460427386206,0.45,True,correct,0.45,True,correct,0.1,0.52497918747894,True,correct
DBLP,0.7,49,inner,SRSWOR_65_35,629,conf/sigmod/PapadiasTSE95,True,2,oIc_goYCwh4J,PogZLKV_bIsJ,True,0.99998882185502,0.9999653835443224,2.343831069739899e-05,0.45,True,correct,0.45,True,correct,0.1,0.52497918747894,True,correct
DBLP,0.7,49,inner,SRSWOR_65_35,630,conf/sigmod/Englert94,True,1,KOpz_NXJ3WUJ,KOpz_NXJ3WUJ,True,0.9999873133685484,8.099326858961702e-06,0.9999792140416892,0.45,True,correct,0.45,True,correct,0.1,0.52497918747894,True,correct
DBLP,0.7,49,inner,SRSWOR_65_35,631,conf/vldb/Taylor00,True,1,Af_4cNCu3MwJ,Af_4cNCu3MwJ,True,0.9999768533288688,1.7028175095817836e-05,0.999959825153773,0.45,True,correct,0.45,True,correct,0.1,0.52497918747894,True,correct
DBLP,0.7,49,inner,SRSWOR_65_35,632,conf/vldb/FlorescuHKLRWCSA03,True,2,1KSfxI44iGUJ,1KSfxI44iGUJ,True,0.9999884916701356,0.999972474495632,1.6017174503724085e-05,0.45,True,correct,0.45,True,correct,0.1,0.52497918747894,True,correct
DBLP,0.7,49,inner,SRSWOR_65_35,633,journals/sigmod/Cruz00,False,0,,url:http://portal.acm.org/citation.cfm%3Fid%3D335191%26dl%3DGUIDE%26dl%3DACM%26type%3Dissue%26idx%3D335191%26part%3Dperiodical%26WantType%3Dperiodical%26title%3DACM%2520SIGMOD%2520Record%26CFID%3D11111111%26CFTOKEN%3D2222222,False,6.456775649965294e-05,4.552398234181136e-05,1.904377415784158e-05,0.45,False,unmatched_abstention,0.45,False,unmatched_abstention,0.1,0.52497918747894,False,unmatched_abstention
DBLP,0.7,49,inner,SRSWOR_65_35,634,conf/vldb/JohnsonM98,True,4,cTZLUZ5_cfkJ,eFynrwKK_T0J,True,0.9999727626676572,0.9997202278823888,0.0002525347852685,0.45,True,correct,0.45,True,correct,0.1,0.52497918747894,True,correct
DBLP,0.7,49,inner,SRSWOR_65_35,635,conf/vldb/BohmMSW01,True,2,23cNr1EhPGwJ,Uv3mhmUGwdcJ,True,0.9999879390584612,0.999974781627918,1.315743054330909e-05,0.45,True,correct,0.45,True,correct,0.1,0.52497918747894,True,correct
DBLP,0.7,49,inner,SRSWOR_65_35,636,conf/vldb/ShivakumarGC98,True,1,GHz2PmQwW2UJ,GHz2PmQwW2UJ,True,0.9999645922256568,7.117938832692544e-06,0.999957474286824,0.45,True,correct,0.45,True,correct,0.1,0.52497918747894,True,correct
DBLP,0.7,49,inner,SRSWOR_65_35,637,conf/sigmod/HjaltasonS98,True,2,3mwWUz_ORNYJ,3mwWUz_ORNYJ,True,0.9999848654111934,0.9998846882257576,0.0001001771854357,0.45,True,correct,0.45,True,correct,0.1,0.52497918747894,True,correct
DBLP,0.7,49,inner,SRSWOR_65_35,638,conf/sigmod/GuoSBS03,True,1,p_PDgjVRUS4J,p_PDgjVRUS4J,True,0.9999820389162708,7.305946462768981e-06,0.999974732969808,0.45,True,correct,0.45,True,correct,0.1,0.52497918747894,True,correct
DBLP,0.7,49,inner,SRSWOR_65_35,639,conf/sigmod/Carey94,True,1,Lj8CI8ALd9UJ,Lj8CI8ALd9UJ,True,0.99950388461824,0.0008314766767776,0.9986724079414624,0.45,True,correct,0.45,True,correct,0.1,0.52497918747894,True,correct
DBLP,0.7,49,inner,SRSWOR_65_35,640,conf/sigmod/Fegaras98,True,1,XVtlJYx2G_wJ,XVtlJYx2G_wJ,True,0.9999633045468485,3.325079911835461e-05,0.99993005374773,0.45,True,correct,0.45,True,correct,0.1,0.52497918747894,True,correct
