dataset,fraction,seed,role,scheme,record_index,ida,has_true_match,n_valid_matches,retained_idb,top1_idb,top1_is_any_valid,top1_score,top2_score,score_gap,threshold,declared,category,legacy_threshold,legacy_declared,legacy_category,direct_threshold,direct_threshold_sigmoid_equivalent,direct_declared,direct_category
DBLP,0.9,50,inner,SRSWOR_65_35,0,journals/sigmod/NormanZT96,True,1,rPFgPOAANuQJ,rPFgPOAANuQJ,True,0.9999885052382956,1.2732168024174245e-05,0.9999757730702714,0.9000000000000002,True,correct,0.9000000000000002,True,correct,0.1,0.52497918747894,True,correct
DBLP,0.9,50,inner,SRSWOR_65_35,1,journals/sigmod/Wiegand03,False,0,,tnHDLJxMoQcJ,False,8.942697778405703e-06,8.2677311475459e-06,6.749666308598034e-07,0.9000000000000002,False,unmatched_abstention,0.9000000000000002,False,unmatched_abstention,0.1,0.52497918747894,False,unmatched_abstention
DBLP,0.9,50,inner,SRSWOR_65_35,2,conf/sigmod/BunemanDHS96,True,9,AtUsoMh8rY4J,ZTBiopwBpLgJ,True,0.9999875611554724,0.999987453168101,1.0798737137829308e-07,0.9000000000000002,True,correct,0.9000000000000002,True,correct,0.1,0.52497918747894,True,correct
DBLP,0.9,50,inner,SRSWOR_65_35,3,conf/vldb/BawaBA03,True,2,bo1rnY4bU4kJ,ZjIllDHwkSoJ,True,0.9999863266272708,0.9998829399825828,0.0001033866446877,0.9000000000000002,True,correct,0.9000000000000002,True,correct,0.1,0.52497918747894,True,correct
DBLP,0.9,50,inner,SRSWOR_65_35,4,journals/sigmod/Libkin99,True,2,V_FnUWKirh8J,zSO1Y5W7WkwJ,True,0.9999883819373436,0.99998467120317,3.7107341734898816e-06,0.9000000000000002,True,correct,0.9000000000000002,True,correct,0.1,0.52497918747894,True,correct
DBLP,0.9,50,inner,SRSWOR_65_35,5,conf/sigmod/ChenJDTW00,True,7,5Trj9q_RI8YJ,fg5EE6R7xYwJ,True,0.9999826508439909,0.9999746461793934,8.004664597383027e-06,0.9000000000000002,True,correct,0.9000000000000002,True,correct,0.1,0.52497918747894,True,correct
DBLP,0.9,50,inner,SRSWOR_65_35,6,conf/sigmod/Ahn94,True,1,5s6b10Hik30J,5s6b10Hik30J,True,0.9999098127115378,0.0002182337319727,0.9996915789795652,0.9000000000000002,True,correct,0.9000000000000002,True,correct,0.1,0.52497918747894,True,correct
DBLP,0.9,50,inner,SRSWOR_65_35,7,journals/sigmod/EisenbergM02,True,1,wgK6p4mDSIMJ,wgK6p4mDSIMJ,True,0.9999882745804756,6.886471731073292e-05,0.999919409863165,0.9000000000000002,True,correct,0.9000000000000002,True,correct,0.1,0.52497918747894,True,correct
DBLP,0.9,50,inner,SRSWOR_65_35,8,conf/vldb/RoussopoulosK98,True,1,Mg0A5yz-_wYJ,Mg0A5yz-_wYJ,True,0.9999875915809964,0.0107259399730706,0.9892616516079256,0.9000000000000002,True,correct,0.9000000000000002,True,correct,0.1,0.52497918747894,True,correct
DBLP,0.9,50,inner,SRSWOR_65_35,9,conf/sigmod/AtzeniT97,True,3,i2LI1TWifbYJ,i2LI1TWifbYJ,True,0.9999878622224574,0.9999872588435862,6.033788712000998e-07,0.9000000000000002,True,correct,0.9000000000000002,True,correct,0.1,0.52497918747894,True,correct
DBLP,0.9,50,inner,SRSWOR_65_35,10,conf/vldb/JarkeKL00,True,2,6c3XQZ-_HDUJ,6c3XQZ-_HDUJ,True,0.999985479236116,0.9999374774159112,4.800182020459065e-05,0.9000000000000002,True,correct,0.9000000000000002,True,correct,0.1,0.52497918747894,True,correct
DBLP,0.9,50,inner,SRSWOR_65_35,11,conf/vldb/McKennaBHT96,True,1,0tZaTV3W05wJ,0tZaTV3W05wJ,True,0.9999886495077928,8.977629700145382e-06,0.9999796718780928,0.9000000000000002,True,correct,0.9000000000000002,True,correct,0.1,0.52497918747894,True,correct
DBLP,0.9,50,inner,SRSWOR_65_35,12,journals/sigmod/dOnofrioP03,True,1,url:http://portal.acm.org/ft_gateway.cfm%3Fid%3D776990%26type%3Dpdf%26dl%3DGUIDE%26dl%3DACM%26CFID%3D11111111%26CFTOKEN%3D2222222,url:http://portal.acm.org/ft_gateway.cfm%3Fid%3D776990%26type%3Dpdf%26dl%3DGUIDE%26dl%3DACM%26CFID%3D11111111%26CFTOKEN%3D2222222,True,0.9999720168770196,1.323435432548633e-05,0.999958782522694,0.9000000000000002,True,correct,0.9000000000000002,True,correct,0.1,0.52497918747894,True,correct
DBLP,0.9,50,inner,SRSWOR_65_35,13,conf/sigmod/KimC03,True,1,BWV2Oys1VXsJ,BWV2Oys1VXsJ,True,0.9999802520917852,9.068480292039664e-06,0.9999711836114932,0.9000000000000002,True,correct,0.9000000000000002,True,correct,0.1,0.52497918747894,True,correct
DBLP,0.9,50,inner,SRSWOR_65_35,14,conf/vldb/SeifertS02,True,2,1VEHUogTMZMJ,1VEHUogTMZMJ,True,0.99998755360866,0.9997611581116752,0.0002263954969848,0.9000000000000002,True,correct,0.9000000000000002,True,correct,0.1,0.52497918747894,True,correct
DBLP,0.9,50,inner,SRSWOR_65_35,15,journals/sigmod/Domingo-FerrerH98,True,2,9bRPA_aTYh4J,ajq2idLfpHMJ,True,0.9999900599401308,0.9999855770864012,4.482853729559366e-06,0.9000000000000002,True,correct,0.9000000000000002,True,correct,0.1,0.52497918747894,True,correct
DBLP,0.9,50,inner,SRSWOR_65_35,16,journals/vldb/ChuaCL03,True,1,MY0lTfhxnr4J,MY0lTfhxnr4J,True,0.999971034195592,6.408615152074337e-06,0.9999646255804396,0.9000000000000002,True,correct,0.9000000000000002,True,correct,0.1,0.52497918747894,True,correct
DBLP,0.9,50,inner,SRSWOR_65_35,17,conf/sigmod/Nori00,True,1,url:http://portal.acm.org/citation.cfm%3Fid%3D342009.335474,url:http://portal.acm.org/citation.cfm%3Fid%3D342009.335474,True,0.9875443182509224,7.252618149398373e-06,0.9875370656327728,0.9000000000000002,True,correct,0.9000000000000002,True,correct,0.1,0.52497918747894,True,correct
DBLP,0.9,50,inner,SRSWOR_65_35,18,journals/tods/HjaltasonS99,True,3,RHJjRlVhi78J,xuoJNqOArTsJ,True,0.999983484177078,0.9999798652762362,3.6189008418840976e-06,0.9000000000000002,True,correct,0.9000000000000002,True,correct,0.1,0.52497918747894,True,correct
DBLP,0.9,50,inner,SRSWOR_65_35,19,conf/vldb/JiangWL03,True,1,s3bawcAka-EJ,s3bawcAka-EJ,True,0.9999878245210004,0.0017259668073966,0.998261857713604,0.9000000000000002,True,correct,0.9000000000000002,True,correct,0.1,0.52497918747894,True,correct
DBLP,0.9,50,inner,SRSWOR_65_35,20,conf/sigmod/GeorgeH97,True,3,Ah9B3bWU0jEJ,Ah9B3bWU0jEJ,True,0.9999892537479488,0.9999774050069692,1.1848740979591987e-05,0.9000000000000002,True,correct,0.9000000000000002,True,correct,0.1,0.52497918747894,True,correct
DBLP,0.9,50,inner,SRSWOR_65_35,21,conf/vldb/Wadler01,True,2,TyF71uAlnLsJ,url:http://portal.acm.org/citation.cfm%3Fid%3D645927.672033,True,0.9999815798008694,0.9998574769843572,0.0001241028165122,0.9000000000000002,True,correct,0.9000000000000002,True,correct,0.1,0.52497918747894,True,correct
DBLP,0.9,50,inner,SRSWOR_65_35,22,conf/sigmod/TomasicABKNR97,True,3,_fF5I-bkUSQJ,6CpWnsUqJNIJ,True,0.9999872691432644,0.9999823080443476,4.96109891690022e-06,0.9000000000000002,True,correct,0.9000000000000002,True,correct,0.1,0.52497918747894,True,correct
DBLP,0.9,50,inner,SRSWOR_65_35,23,conf/vldb/PalpanasSCP02,True,1,nlh2WXZT3VIJ,nlh2WXZT3VIJ,True,0.999983821045788,7.8924382383227e-06,0.9999759286075496,0.9000000000000002,True,correct,0.9000000000000002,True,correct,0.1,0.52497918747894,True,correct
DBLP,0.9,50,inner,SRSWOR_65_35,24,conf/sigmod/CareyDFHMNSSTTWZ94,True,8,0oPBNo-ofPkJ,0oPBNo-ofPkJ,True,0.99995572361773,0.9999286215654156,2.7102052314487143e-05,0.9000000000000002,True,correct,0.9000000000000002,True,correct,0.1,0.52497918747894,True,correct
DBLP,0.9,50,inner,SRSWOR_65_35,25,conf/sigmod/BabuGR01,True,2,h_oXQ6ntHEUJ,h_oXQ6ntHEUJ,True,0.9999823599340656,0.9999797143457784,2.645588287442102e-06,0.9000000000000002,True,correct,0.9000000000000002,True,correct,0.1,0.52497918747894,True,correct
DBLP,0.9,50,inner,SRSWOR_65_35,26,conf/vldb/WaasCB01,True,1,y_gKGtzupHIJ,y_gKGtzupHIJ,True,0.9999877566619412,6.516473458591301e-06,0.9999812401884828,0.9000000000000002,True,correct,0.9000000000000002,True,correct,0.1,0.52497918747894,True,correct
DBLP,0.9,50,inner,SRSWOR_65_35,27,conf/vldb/BohmMSW01,True,2,23cNr1EhPGwJ,Uv3mhmUGwdcJ,True,0.999985000420238,0.999980898900244,4.101519993970904e-06,0.9000000000000002,True,correct,0.9000000000000002,True,correct,0.1,0.52497918747894,True,correct
DBLP,0.9,50,inner,SRSWOR_65_35,28,conf/vldb/PapadiasT01,True,2,2V2bnIgsY1kJ,2V2bnIgsY1kJ,True,0.999964708628902,0.9998792756706564,8.543295824581243e-05,0.9000000000000002,True,correct,0.9000000000000002,True,correct,0.1,0.52497918747894,True,correct
DBLP,0.9,50,inner,SRSWOR_65_35,29,journals/sigmod/CiliaB02,True,1,Y1HVgTopekIJ,Y1HVgTopekIJ,True,0.9999886302887884,6.468679454177053e-06,0.9999821616093344,0.9000000000000002,True,correct,0.9000000000000002,True,correct,0.1,0.52497918747894,True,correct
DBLP,0.9,50,inner,SRSWOR_65_35,30,conf/vldb/Atal96,True,1,PaW8zjiNR9cJ,PaW8zjiNR9cJ,True,0.9999890438057424,8.008716804778992e-06,0.9999810350889377,0.9000000000000002,True,correct,0.9000000000000002,True,correct,0.1,0.52497918747894,True,correct
DBLP,0.9,50,inner,SRSWOR_65_35,31,conf/sigmod/HanPLJ01,True,1,H_tzR6yoJLEJ,H_tzR6yoJLEJ,True,0.9999885440552928,1.9740978996648567e-05,0.9999688030762964,0.9000000000000002,True,correct,0.9000000000000002,True,correct,0.1,0.52497918747894,True,correct
DBLP,0.9,50,inner,SRSWOR_65_35,32,conf/sigmod/Ojjeh99,True,2,url:http://portal.acm.org/citation.cfm%3Fid%3D304245%26coll%3Dportal%26dl%3DACM,url:http://portal.acm.org/ft_gateway.cfm%3Fid%3D304245%26type%3Dpdf%26dl%3DGUIDE%26dl%3DACM%26CFID%3D11111111%26CFTOKEN%3D2222222,True,0.9999678229504804,0.0021303743983683,0.997837448552112,0.9000000000000002,True,correct,0.9000000000000002,True,correct,0.1,0.52497918747894,True,correct
DBLP,0.9,50,inner,SRSWOR_65_35,33,journals/sigmod/Snodgrass03a,False,0,,m-l6e98xxOsJ,False,0.0022859722354874,0.0020013332015237,0.0002846390339636,0.9000000000000002,False,unmatched_abstention,0.9000000000000002,False,unmatched_abstention,0.1,0.52497918747894,False,unmatched_abstention
DBLP,0.9,50,inner,SRSWOR_65_35,34,conf/vldb/AgrawalKSX02,True,1,XK-KPRa2qjcJ,XK-KPRa2qjcJ,True,0.999976202119457,0.0012040673257397,0.9987721347937172,0.9000000000000002,True,correct,0.9000000000000002,True,correct,0.1,0.52497918747894,True,correct
DBLP,0.9,50,inner,SRSWOR_65_35,35,conf/vldb/DyresonBJ99,True,1,FkPcMtplo18J,FkPcMtplo18J,True,0.9999868925568176,8.75480755330219e-06,0.999978137749264,0.9000000000000002,True,correct,0.9000000000000002,True,correct,0.1,0.52497918747894,True,correct
DBLP,0.9,50,inner,SRSWOR_65_35,36,conf/vldb/BratsbergH01,True,1,x-oQarjjgccJ,x-oQarjjgccJ,True,0.9999871464667188,1.4361821784235149e-05,0.9999727846449344,0.9000000000000002,True,correct,0.9000000000000002,True,correct,0.1,0.52497918747894,True,correct
DBLP,0.9,50,inner,SRSWOR_65_35,37,journals/sigmod/Widom96a,False,0,,diQK7Y_z3XwJ,False,0.0015695923480228,0.000772463508425,0.0007971288395978,0.9000000000000002,False,unmatched_abstention,0.9000000000000002,False,unmatched_abstention,0.1,0.52497918747894,False,unmatched_abstention
DBLP,0.9,50,inner,SRSWOR_65_35,38,conf/vldb/HasanM95,True,3,8cd64f0t0-EJ,-aml_OMAQNgJ,True,0.9999886643601742,0.9999857003477544,2.964012419726103e-06,0.9000000000000002,True,correct,0.9000000000000002,True,correct,0.1,0.52497918747894,True,correct
DBLP,0.9,50,inner,SRSWOR_65_35,39,conf/sigmod/Arpaci-DusseauACHP97,True,4,6_FvrRYnxHYJ,6_FvrRYnxHYJ,True,0.9999863593829856,0.9999793906156116,6.968767374160301e-06,0.9000000000000002,True,correct,0.9000000000000002,True,correct,0.1,0.52497918747894,True,correct
DBLP,0.9,50,inner,SRSWOR_65_35,40,conf/vldb/KemperK94,True,3,jQYEiVS0CIgJ,qUfWV4VVxegJ,True,0.999989831952176,0.9999855308935351,4.301058640687749e-06,0.9000000000000002,True,correct,0.9000000000000002,True,correct,0.1,0.52497918747894,True,correct
DBLP,0.9,50,inner,SRSWOR_65_35,41,conf/vldb/GarofalakisIO98,True,2,i7AX4VpJJbYJ,ReV4xpbiC6EJ,True,0.9999828722329684,0.9994700095345674,0.0005128626984008,0.9000000000000002,True,correct,0.9000000000000002,True,correct,0.1,0.52497918747894,True,correct
DBLP,0.9,50,inner,SRSWOR_65_35,42,conf/vldb/AnSVKIG01,True,3,4Q5ikiCy82UJ,HosSI1GtRY8J,True,0.9999844406344114,0.9998877009173046,9.67397171067752e-05,0.9000000000000002,True,correct,0.9000000000000002,True,correct,0.1,0.52497918747894,True,correct
DBLP,0.9,50,inner,SRSWOR_65_35,43,journals/tods/KorthS94,True,1,w40iTKlpWEQJ,w40iTKlpWEQJ,True,0.9999866317062888,8.473359860781999e-05,0.9999018981076808,0.9000000000000002,True,correct,0.9000000000000002,True,correct,0.1,0.52497918747894,True,correct
DBLP,0.9,50,inner,SRSWOR_65_35,44,conf/sigmod/AdaliCPS96,True,9,_CkpzhLiR30J,_CkpzhLiR30J,True,0.9999871295887398,0.9999855818034452,1.5477852945977588e-06,0.9000000000000002,True,correct,0.9000000000000002,True,correct,0.1,0.52497918747894,True,correct
DBLP,0.9,50,inner,SRSWOR_65_35,45,conf/sigmod/ChenGM01,True,3,dyXJODAynUgJ,IuyDb53VoG0J,True,0.9999792349984382,0.9999426056731008,3.662932533743391e-05,0.9000000000000002,True,correct,0.9000000000000002,True,correct,0.1,0.52497918747894,True,correct
DBLP,0.9,50,inner,SRSWOR_65_35,46,conf/sigmod/DeHaanTCO03,True,4,3PH--zwkZO8J,gyYBYgpB63sJ,True,0.9999864550359704,0.9999847775618216,1.6774741486980105e-06,0.9000000000000002,True,correct,0.9000000000000002,True,correct,0.1,0.52497918747894,True,correct
DBLP,0.9,50,inner,SRSWOR_65_35,47,journals/sigmod/Dogac96,True,1,url:http://portal.acm.org/citation.cfm%3Fid%3D234889.234900%26dl%3DGUIDE%26dl%3DACM%26idx%3DJ689%26part%3Dperiodical%26WantType%3Dperiodical%26title%3DACM%2520SIGMOD%2520Record%26CFID%3D11111111%26CFTOKEN%3D2222222,url:http://portal.acm.org/citation.cfm%3Fid%3D234889.234900%26dl%3DGUIDE%26dl%3DACM%26idx%3DJ689%26part%3Dperiodical%26WantType%3Dperiodical%26title%3DACM%2520SIGMOD%2520Record%26CFID%3D11111111%26CFTOKEN%3D2222222,True,0.9999860583041412,0.5879521448770192,0.4120339134271219,0.9000000000000002,True,correct,0.9000000000000002,True,correct,0.1,0.52497918747894,True,correct
DBLP,0.9,50,inner,SRSWOR_65_35,48,journals/tods/KemmeA00,True,1,wiUPadLpCvoJ,wiUPadLpCvoJ,True,0.9999891041879516,0.003862754404834,0.9961263497831174,0.9000000000000002,True,correct,0.9000000000000002,True,correct,0.1,0.52497918747894,True,correct
DBLP,0.9,50,inner,SRSWOR_65_35,49,journals/sigmod/ChongFTSYKDJJ03,True,1,url:http://portal.acm.org/ft_gateway.cfm%3Fid%3D777000%26type%3Dpdf%26coll%3DGUIDE%26dl%3DACM%26CFID%3D11111111%26CFTOKEN%3D2222222,url:http://portal.acm.org/ft_gateway.cfm%3Fid%3D777000%26type%3Dpdf%26coll%3DGUIDE%26dl%3DACM%26CFID%3D11111111%26CFTOKEN%3D2222222,True,0.9999712019055303,7.863153407421427e-06,0.9999633387521232,0.9000000000000002,True,correct,0.9000000000000002,True,correct,0.1,0.52497918747894,True,correct
DBLP,0.9,50,inner,SRSWOR_65_35,50,journals/sigmod/MeltonE01,True,1,619anaISuGEJ,619anaISuGEJ,True,0.999986760798286,0.0657703737459639,0.934216387052322,0.9000000000000002,True,correct,0.9000000000000002,True,correct,0.1,0.52497918747894,True,correct
DBLP,0.9,50,inner,SRSWOR_65_35,51,journals/vldb/HarderR96,True,1,pWXIPx5lA7gJ,pWXIPx5lA7gJ,True,0.9999862798389604,8.554459624437914e-06,0.999977725379336,0.9000000000000002,True,correct,0.9000000000000002,True,correct,0.1,0.52497918747894,True,correct
DBLP,0.9,50,inner,SRSWOR_65_35,52,conf/vldb/HelmerWM98,True,2,5ipPVLRhDqoJ,5ipPVLRhDqoJ,True,0.9999868951565736,0.9999591650455996,2.773011097423339e-05,0.9000000000000002,True,correct,0.9000000000000002,True,correct,0.1,0.52497918747894,True,correct
DBLP,0.9,50,inner,SRSWOR_65_35,53,conf/vldb/BasuFP00,False,0,,Jm-CSO9lwqYJ,False,6.33883559382133e-06,6.177016700428134e-06,1.6181889339319577e-07,0.9000000000000002,False,unmatched_abstention,0.9000000000000002,False,unmatched_abstention,0.1,0.52497918747894,False,unmatched_abstention
DBLP,0.9,50,inner,SRSWOR_65_35,54,journals/sigmod/TsotrasJS98,True,2,f3-E7x12K4gJ,f3-E7x12K4gJ,True,0.999984438156212,0.9999668236028496,1.7614553362244045e-05,0.9000000000000002,True,correct,0.9000000000000002,True,correct,0.1,0.52497918747894,True,correct
DBLP,0.9,50,inner,SRSWOR_65_35,55,journals/sigmod/MillerHHYHFP01,True,4,0ckpOQsv-vAJ,url:http://portal.acm.org/ft_gateway.cfm%3Fid%3D373713%26type%3Dpdf%26dl%3DGUIDE%26dl%3DACM%26CFID%3D11111111%26CFTOKEN%3D2222222,True,0.9999844261454532,0.9999831433972484,1.2827482048782812e-06,0.9000000000000002,True,correct,0.9000000000000002,True,correct,0.1,0.52497918747894,True,correct
DBLP,0.9,50,inner,SRSWOR_65_35,56,journals/vldb/Han98,True,1,url:http://www.springerlink.com/index/YTPAB711B92NCE7J.pdf,url:http://www.springerlink.com/index/YTPAB711B92NCE7J.pdf,True,0.9999832588237786,7.143044844040479e-06,0.9999761157789344,0.9000000000000002,True,correct,0.9000000000000002,True,correct,0.1,0.52497918747894,True,correct
DBLP,0.9,50,inner,SRSWOR_65_35,57,journals/vldb/HalkidiNVV03,True,3,C_X4Frh2wHIJ,J0hrpRuvSgMJ,True,0.9999867573762736,0.9998414613205544,0.0001452960557193,0.9000000000000002,True,correct,0.9000000000000002,True,correct,0.1,0.52497918747894,True,correct
DBLP,0.9,50,inner,SRSWOR_65_35,58,journals/sigmod/Franklin00b,False,0,,diQK7Y_z3XwJ,False,0.0004187020634182,0.0001755014191425,0.0002432006442757,0.9000000000000002,False,unmatched_abstention,0.9000000000000002,False,unmatched_abstention,0.1,0.52497918747894,False,unmatched_abstention
DBLP,0.9,50,inner,SRSWOR_65_35,59,journals/sigmod/EisenbergM99,True,4,ciavnyh4U8UJ,Z1P9QnSfDuAJ,True,0.9999876937305078,0.9999868936817752,8.000487325965366e-07,0.9000000000000002,True,correct,0.9000000000000002,True,correct,0.1,0.52497918747894,True,correct
DBLP,0.9,50,inner,SRSWOR_65_35,60,conf/vldb/PantiSG00,True,1,C7Vuxp5KVsAJ,C7Vuxp5KVsAJ,True,0.999988780245667,8.781063213491282e-06,0.9999799991824536,0.9000000000000002,True,correct,0.9000000000000002,True,correct,0.1,0.52497918747894,True,correct
DBLP,0.9,50,inner,SRSWOR_65_35,61,conf/vldb/ShivakumarGC98,True,1,GHz2PmQwW2UJ,GHz2PmQwW2UJ,True,0.9999849091383848,1.1108782014462424e-05,0.9999738003563702,0.9000000000000002,True,correct,0.9000000000000002,True,correct,0.1,0.52497918747894,True,correct
DBLP,0.9,50,inner,SRSWOR_65_35,62,conf/vldb/CareyHMW96,True,1,Nz8zwxjBoyYJ,Nz8zwxjBoyYJ,True,0.9999702456758562,7.732467179703519e-06,0.9999625132086766,0.9000000000000002,True,correct,0.9000000000000002,True,correct,0.1,0.52497918747894,True,correct
DBLP,0.9,50,inner,SRSWOR_65_35,63,conf/vldb/StanoiRAA01,True,1,SBpUQ0L7KUgJ,SBpUQ0L7KUgJ,True,0.9999872053777388,7.320278596571174e-06,0.9999798850991424,0.9000000000000002,True,correct,0.9000000000000002,True,correct,0.1,0.52497918747894,True,correct
DBLP,0.9,50,inner,SRSWOR_65_35,64,journals/sigmod/BurtonM98,True,2,gCsPS_1fwmYJ,LOXd8JPfhpwJ,True,0.9999857851764904,0.999969553540116,1.6231636374430813e-05,0.9000000000000002,True,correct,0.9000000000000002,True,correct,0.1,0.52497918747894,True,correct
DBLP,0.9,50,inner,SRSWOR_65_35,65,journals/sigmod/LometBCLN98,True,2,eCi5eTVzsoQJ,url:http://portal.acm.org/ft_gateway.cfm%3Fid%3D290608%26type%3Dpdf%26dl%3DGUIDE%26dl%3DACM%26CFID%3D11111111%26CFTOKEN%3D2222222,True,0.9999833982402953,0.9999353869717508,4.80112685444789e-05,0.9000000000000002,True,correct,0.9000000000000002,True,correct,0.1,0.52497918747894,True,correct
DBLP,0.9,50,inner,SRSWOR_65_35,66,journals/tods/LiC01,True,1,_gwfttQaTEkJ,_gwfttQaTEkJ,True,0.9999864186378452,3.0439027799937626e-05,0.9999559796100452,0.9000000000000002,True,correct,0.9000000000000002,True,correct,0.1,0.52497918747894,True,correct
DBLP,0.9,50,inner,SRSWOR_65_35,67,conf/vldb/Norvag99,True,1,6kiYvzSHBvEJ,6kiYvzSHBvEJ,True,0.9999457260594212,1.0109772198139429e-05,0.9999356162872232,0.9000000000000002,True,correct,0.9000000000000002,True,correct,0.1,0.52497918747894,True,correct
DBLP,0.9,50,inner,SRSWOR_65_35,68,journals/tods/Kuo96,True,2,p--jtVlva8AJ,p--jtVlva8AJ,True,0.9999843404512616,0.9999689259828622,1.5414468399477244e-05,0.9000000000000002,True,correct,0.9000000000000002,True,correct,0.1,0.52497918747894,True,correct
DBLP,0.9,50,inner,SRSWOR_65_35,69,conf/sigmod/Suciu99,True,1,FOpGGQJyLLsJ,FOpGGQJyLLsJ,True,0.2248308975883018,0.000342287732156,0.2244886098561458,0.9000000000000002,False,missing_match,0.9000000000000002,False,missing_match,0.1,0.52497918747894,False,missing_match
DBLP,0.9,50,inner,SRSWOR_65_35,70,conf/sigmod/ChooOLCGBPS96,True,6,5awQcPWFBrcJ,WrrEnOJswS4J,True,0.9999848682687072,0.9999820713971708,2.796871536592249e-06,0.9000000000000002,True,correct,0.9000000000000002,True,correct,0.1,0.52497918747894,True,correct
DBLP,0.9,50,inner,SRSWOR_65_35,71,conf/sigmod/DasGR03,True,1,JaJKfzmaEBYJ,JaJKfzmaEBYJ,True,0.9999814762547624,9.888106341733712e-06,0.9999715881484208,0.9000000000000002,True,correct,0.9000000000000002,True,correct,0.1,0.52497918747894,True,correct
DBLP,0.9,50,inner,SRSWOR_65_35,72,conf/sigmod/Jhingran00,True,1,uguuV9ATE1YJ,uguuV9ATE1YJ,True,0.9999352547323368,8.51716889000486e-06,0.9999267375634469,0.9000000000000002,True,correct,0.9000000000000002,True,correct,0.1,0.52497918747894,True,correct
DBLP,0.9,50,inner,SRSWOR_65_35,73,conf/vldb/IpeirotisG02,True,2,3CSFFlEVviMJ,JmGdMWsJuK0J,True,0.999982006977108,0.9999781241084256,3.882868682358875e-06,0.9000000000000002,True,correct,0.9000000000000002,True,correct,0.1,0.52497918747894,True,correct
DBLP,0.9,50,inner,SRSWOR_65_35,74,journals/sigmod/CfP99,False,0,,xKi8Vm3o9KsJ,False,4.92900557710098e-05,1.8188663888207205e-05,3.11013918828026e-05,0.9000000000000002,False,unmatched_abstention,0.9000000000000002,False,unmatched_abstention,0.1,0.52497918747894,False,unmatched_abstention
DBLP,0.9,50,inner,SRSWOR_65_35,75,conf/vldb/LinLYZ03,True,1,9rbctPoEdNUJ,9rbctPoEdNUJ,True,0.9999843458563918,7.358684346243569e-06,0.9999769871720456,0.9000000000000002,True,correct,0.9000000000000002,True,correct,0.1,0.52497918747894,True,correct
DBLP,0.9,50,inner,SRSWOR_65_35,76,journals/sigmod/DadamK97,True,1,9Ai_9dZChG4J,9Ai_9dZChG4J,True,0.9999898341046614,5.917343493285104e-05,0.9999306606697284,0.9000000000000002,True,correct,0.9000000000000002,True,correct,0.1,0.52497918747894,True,correct
DBLP,0.9,50,inner,SRSWOR_65_35,77,conf/sigmod/Ross00,True,1,9sm_ptv5pmYJ,9sm_ptv5pmYJ,True,0.9998081575614864,4.450841445476084e-05,0.9997636491470316,0.9000000000000002,True,correct,0.9000000000000002,True,correct,0.1,0.52497918747894,True,correct
DBLP,0.9,50,inner,SRSWOR_65_35,78,conf/vldb/CohenMKS03,True,1,gRoNHWLN1WMJ,gRoNHWLN1WMJ,True,0.9999853289481782,2.9935823404443963e-05,0.9999553931247736,0.9000000000000002,True,correct,0.9000000000000002,True,correct,0.1,0.52497918747894,True,correct
DBLP,0.9,50,inner,SRSWOR_65_35,79,conf/vldb/FlorescuHKLRWCSA03,True,2,1KSfxI44iGUJ,1KSfxI44iGUJ,True,0.999982596109177,0.999971465056759,1.113105241790091e-05,0.9000000000000002,True,correct,0.9000000000000002,True,correct,0.1,0.52497918747894,True,correct
DBLP,0.9,50,inner,SRSWOR_65_35,80,conf/vldb/PedersenJD99,True,3,a36_v9H699oJ,sAUncbolYJ8J,True,0.9999875635158776,0.9999589801617076,2.858335417021962e-05,0.9000000000000002,True,correct,0.9000000000000002,True,correct,0.1,0.52497918747894,True,correct
DBLP,0.9,50,inner,SRSWOR_65_35,81,conf/vldb/CabreraRH95,True,1,x3WHLHvq-SEJ,x3WHLHvq-SEJ,True,0.9999884587748202,8.524059586449077e-06,0.9999799347152338,0.9000000000000002,True,correct,0.9000000000000002,True,correct,0.1,0.52497918747894,True,correct
DBLP,0.9,50,inner,SRSWOR_65_35,82,conf/vldb/CeriCW00,True,4,bDuu6x2n1tgJ,bDuu6x2n1tgJ,True,0.999966207681889,0.9999637618131294,2.4458687596373707e-06,0.9000000000000002,True,correct,0.9000000000000002,True,correct,0.1,0.52497918747894,True,correct
DBLP,0.9,50,inner,SRSWOR_65_35,83,journals/sigmod/LeeC00,True,4,3kSb_ooS1cgJ,Knzz_bkGA00J,True,0.999985917273298,0.999982138772142,3.778501156070924e-06,0.9000000000000002,True,correct,0.9000000000000002,True,correct,0.1,0.52497918747894,True,correct
DBLP,0.9,50,inner,SRSWOR_65_35,84,conf/sigmod/JosifovskiSHL02,True,1,xA9KNostV4cJ,xA9KNostV4cJ,True,0.9999850636412584,6.127369127308516e-06,0.9999789362721312,0.9000000000000002,True,correct,0.9000000000000002,True,correct,0.1,0.52497918747894,True,correct
DBLP,0.9,50,inner,SRSWOR_65_35,85,conf/sigmod/Atkinson95,True,1,url:http://portal.acm.org/citation.cfm%3Fid%3D223874,url:http://portal.acm.org/citation.cfm%3Fid%3D223874,True,0.9999877422452588,7.531623219029624e-06,0.9999802106220396,0.9000000000000002,True,correct,0.9000000000000002,True,correct,0.1,0.52497918747894,True,correct
DBLP,0.9,50,inner,SRSWOR_65_35,86,journals/sigmod/EisenbergM98a,True,1,AatoNnELw78J,AatoNnELw78J,True,0.9999822951325086,0.9998812919706253,0.0001010031618833,0.9000000000000002,True,correct,0.9000000000000002,True,correct,0.1,0.52497918747894,True,correct
DBLP,0.9,50,inner,SRSWOR_65_35,87,conf/sigmod/ForlizziGNS00,True,5,4k4fUbwNV8UJ,jW1JUC-AQXoJ,True,0.9999884964213608,0.9999880378569496,4.585644113319632e-07,0.9000000000000002,True,correct,0.9000000000000002,True,correct,0.1,0.52497918747894,True,correct
DBLP,0.9,50,inner,SRSWOR_65_35,88,conf/vldb/KoudasGGSV03,True,1,d8BBxc5Ato8J,d8BBxc5Ato8J,True,0.9999840147477624,8.985852655356623e-06,0.999975028895107,0.9000000000000002,True,correct,0.9000000000000002,True,correct,0.1,0.52497918747894,True,correct
DBLP,0.9,50,inner,SRSWOR_65_35,89,conf/sigmod/ReinwaldP98,True,2,QAjOGW-ffQIJ,y_H9p9Lqj3IJ,True,0.999983285640053,0.9999791116193676,4.174020685421276e-06,0.9000000000000002,True,correct,0.9000000000000002,True,correct,0.1,0.52497918747894,True,correct
DBLP,0.9,50,inner,SRSWOR_65_35,90,journals/tods/MayL02,True,1,ky-2yjNGtW8J,ky-2yjNGtW8J,True,0.9999872687061832,2.90988936699937e-05,0.9999581698125132,0.9000000000000002,True,correct,0.9000000000000002,True,correct,0.1,0.52497918747894,True,correct
DBLP,0.9,50,inner,SRSWOR_65_35,91,conf/vldb/BertinoBFS96,True,1,s0v9B-K8owEJ,s0v9B-K8owEJ,True,0.999987697602788,0.9958128062328242,0.0041748913699638,0.9000000000000002,True,correct,0.9000000000000002,True,correct,0.1,0.52497918747894,True,correct
DBLP,0.9,50,inner,SRSWOR_65_35,92,conf/vldb/Sarawagi99,True,2,gz92a8BdTLUJ,W_CVz6V80csJ,True,0.9999260382483898,0.9997850526386,0.0001409856097898,0.9000000000000002,True,correct,0.9000000000000002,True,correct,0.1,0.52497918747894,True,correct
DBLP,0.9,50,inner,SRSWOR_65_35,93,conf/vldb/ChakrabartiM00,True,2,7P1LlDStRGYJ,7P1LlDStRGYJ,True,0.9999881901888372,0.996486061465163,0.0035021287236741,0.9000000000000002,True,correct,0.9000000000000002,True,correct,0.1,0.52497918747894,True,correct
DBLP,0.9,50,inner,SRSWOR_65_35,94,conf/vldb/DonjerkovicR99,True,3,4U31XD8P478J,Eq1w4LPv_igJ,True,0.9999782756858456,0.9999727822196884,5.49346615696944e-06,0.9000000000000002,True,correct,0.9000000000000002,True,correct,0.1,0.52497918747894,True,correct
DBLP,0.9,50,inner,SRSWOR_65_35,95,conf/vldb/GottlobKP02,True,6,e5Gm5upjQnkJ,vEFwZXLJ49EJ,True,0.9999819752389943,0.9999812936197756,6.816192188452419e-07,0.9000000000000002,True,correct,0.9000000000000002,True,correct,0.1,0.52497918747894,True,correct
DBLP,0.9,50,inner,SRSWOR_65_35,96,conf/vldb/SantiniG02,True,1,J3cfnmFB4lsJ,J3cfnmFB4lsJ,True,0.999987062225064,6.725584480250364e-06,0.9999803366405838,0.9000000000000002,True,correct,0.9000000000000002,True,correct,0.1,0.52497918747894,True,correct
DBLP,0.9,50,inner,SRSWOR_65_35,97,journals/tods/RosenthalR94,True,1,zM422IjZcPgJ,zM422IjZcPgJ,True,0.999984989215632,0.0002135859320079,0.999771403283624,0.9000000000000002,True,correct,0.9000000000000002,True,correct,0.1,0.52497918747894,True,correct
DBLP,0.9,50,inner,SRSWOR_65_35,98,conf/sigmod/GotoK03,True,1,url:http://portal.acm.org/ft_gateway.cfm%3Fid%3D872837%26type%3Dpdf%26dl%3Dportal%26dl%3DACM%26CFID%3D11111111%26CFTOKEN%3D2222222,url:http://portal.acm.org/ft_gateway.cfm%3Fid%3D872837%26type%3Dpdf%26dl%3Dportal%26dl%3DACM%26CFID%3D11111111%26CFTOKEN%3D2222222,True,0.9999754706543212,9.839942730211465e-06,0.999965630711591,0.9000000000000002,True,correct,0.9000000000000002,True,correct,0.1,0.52497918747894,True,correct
DBLP,0.9,50,inner,SRSWOR_65_35,99,journals/sigmod/Widom96,False,0,,diQK7Y_z3XwJ,False,0.0015695923480228,0.000772463508425,0.0007971288395978,0.9000000000000002,False,unmatched_abstention,0.9000000000000002,False,unmatched_abstention,0.1,0.52497918747894,False,unmatched_abstention
DBLP,0.9,50,inner,SRSWOR_65_35,100,conf/sigmod/ShenNSHS03,True,1,LjrsWIr3rhAJ,LjrsWIr3rhAJ,True,0.9999864896359272,8.438807967898583e-06,0.9999780508279592,0.9000000000000002,True,correct,0.9000000000000002,True,correct,0.1,0.52497918747894,True,correct
DBLP,0.9,50,inner,SRSWOR_65_35,101,journals/sigmod/X95a,False,0,,zWm1GKhwGeUJ,False,6.420445707846211e-05,4.336797820664168e-05,2.0836478871820437e-05,0.9000000000000002,False,unmatched_abstention,0.9000000000000002,False,unmatched_abstention,0.1,0.52497918747894,False,unmatched_abstention
DBLP,0.9,50,inner,SRSWOR_65_35,102,journals/sigmod/Ahlberg96,True,1,4bBje8qkHVgJ,4bBje8qkHVgJ,True,0.9999862030813944,0.9977870906148916,0.0021991124665027,0.9000000000000002,True,correct,0.9000000000000002,True,correct,0.1,0.52497918747894,True,correct
DBLP,0.9,50,inner,SRSWOR_65_35,103,journals/sigmod/MukhopadhyayGS03,True,1,url:http://portal.acm.org/ft_gateway.cfm%3Fid%3D776989%26type%3Dpdf%26dl%3DGUIDE%26dl%3DACM%26CFID%3D11111111%26CFTOKEN%3D2222222,url:http://portal.acm.org/ft_gateway.cfm%3Fid%3D776989%26type%3Dpdf%26dl%3DGUIDE%26dl%3DACM%26CFID%3D11111111%26CFTOKEN%3D2222222,True,0.9999877767165668,6.14382890111525e-06,0.9999816328876656,0.9000000000000002,True,correct,0.9000000000000002,True,correct,0.1,0.52497918747894,True,correct
DBLP,0.9,50,inner,SRSWOR_65_35,104,journals/sigmod/TanakaV01,True,2,sQu8znidi50J,sQu8znidi50J,True,0.918699636249396,0.9108162246619914,0.0078834115874046,0.9000000000000002,True,correct,0.9000000000000002,True,correct,0.1,0.52497918747894,True,correct
DBLP,0.9,50,inner,SRSWOR_65_35,105,conf/sigmod/HwangLYMMGCSS94,True,1,AWah9GLEFTAJ,AWah9GLEFTAJ,True,0.9999818566387272,0.0010415893631852,0.998940267275542,0.9000000000000002,True,correct,0.9000000000000002,True,correct,0.1,0.52497918747894,True,correct
DBLP,0.9,50,inner,SRSWOR_65_35,106,journals/sigmod/ChristoffelPSL98,True,4,F7QAoJ5PGekJ,F7QAoJ5PGekJ,True,0.9999811846075396,0.9999801991575766,9.85449963075702e-07,0.9000000000000002,True,correct,0.9000000000000002,True,correct,0.1,0.52497918747894,True,correct
DBLP,0.9,50,inner,SRSWOR_65_35,107,conf/sigmod/IlyasRLGL03,True,1,qCnvlNwYp6cJ,qCnvlNwYp6cJ,True,0.9999493912995612,6.051895943237321e-06,0.999943339403618,0.9000000000000002,True,correct,0.9000000000000002,True,correct,0.1,0.52497918747894,True,correct
DBLP,0.9,50,inner,SRSWOR_65_35,108,journals/sigmod/KuoM96,True,1,vmwgqLkw0NUJ,vmwgqLkw0NUJ,True,0.9999824159314836,2.566598744366422e-05,0.99995674994404,0.9000000000000002,True,correct,0.9000000000000002,True,correct,0.1,0.52497918747894,True,correct
DBLP,0.9,50,inner,SRSWOR_65_35,109,conf/sigmod/GuptaMR95,True,4,2GUwicKtWTUJ,ELtcV7mOQDgJ,True,0.9999845138667826,0.999957775262312,2.673860447044429e-05,0.9000000000000002,True,correct,0.9000000000000002,True,correct,0.1,0.52497918747894,True,correct
DBLP,0.9,50,inner,SRSWOR_65_35,110,conf/sigmod/BabcockO03,True,1,acnzsOLHFywJ,acnzsOLHFywJ,True,0.9999759955213994,2.6137993881624303e-05,0.9999498575275176,0.9000000000000002,True,correct,0.9000000000000002,True,correct,0.1,0.52497918747894,True,correct
DBLP,0.9,50,inner,SRSWOR_65_35,111,journals/vldb/ChakrabartiDAR98,True,2,0EbuWDceVnoJ,AyDb4G2EiGwJ,True,0.9998740928961114,0.9701780167546822,0.0296960761414292,0.9000000000000002,True,correct,0.9000000000000002,True,correct,0.1,0.52497918747894,True,correct
DBLP,0.9,50,inner,SRSWOR_65_35,112,journals/sigmod/YaoG02,True,3,50aU57yUHVAJ,ARLe7W8EvDoJ,True,0.999988669342667,0.999986704519808,1.9648228588575734e-06,0.9000000000000002,True,correct,0.9000000000000002,True,correct,0.1,0.52497918747894,True,correct
DBLP,0.9,50,inner,SRSWOR_65_35,113,conf/sigmod/Kramer97,True,2,FZRPzy583jAJ,FZRPzy583jAJ,True,0.999977781527981,0.999959940051802,1.784147617911458e-05,0.9000000000000002,True,correct,0.9000000000000002,True,correct,0.1,0.52497918747894,True,correct
DBLP,0.9,50,inner,SRSWOR_65_35,114,journals/sigmod/Giorgini03,True,1,url:http://portal.acm.org/ft_gateway.cfm%3Fid%3D959084%26type%3Dpdf%26dl%3Dportal%26dl%3DACM%26CFID%3D11111111%26CFTOKEN%3D2222222,url:http://portal.acm.org/ft_gateway.cfm%3Fid%3D959084%26type%3Dpdf%26dl%3Dportal%26dl%3DACM%26CFID%3D11111111%26CFTOKEN%3D2222222,True,0.9996147925992204,0.0010801464415166,0.9985346461577036,0.9000000000000002,True,correct,0.9000000000000002,True,correct,0.1,0.52497918747894,True,correct
DBLP,0.9,50,inner,SRSWOR_65_35,115,conf/sigmod/AdyaGLM95,True,4,7YMi5qKSe2EJ,bfcbZlt6vngJ,True,0.999984070217432,0.9999805353560336,3.534861398479805e-06,0.9000000000000002,True,correct,0.9000000000000002,True,correct,0.1,0.52497918747894,True,correct
DBLP,0.9,50,inner,SRSWOR_65_35,116,conf/sigmod/LoR96,True,2,em5eiGpRZFkJ,em5eiGpRZFkJ,True,0.9999828800062032,0.99992370823753,5.917176867320517e-05,0.9000000000000002,True,correct,0.9000000000000002,True,correct,0.1,0.52497918747894,True,correct
DBLP,0.9,50,inner,SRSWOR_65_35,117,conf/vldb/CareyK98,True,1,MCuFKbwcWIIJ,MCuFKbwcWIIJ,True,0.9999814097849508,7.888532818407687e-06,0.9999735212521323,0.9000000000000002,True,correct,0.9000000000000002,True,correct,0.1,0.52497918747894,True,correct
DBLP,0.9,50,inner,SRSWOR_65_35,118,conf/vldb/PetrovicBJ03,True,1,nIuz3dc8yHMJ,nIuz3dc8yHMJ,True,0.9999843637606104,1.4403738739413296e-05,0.9999699600218708,0.9000000000000002,True,correct,0.9000000000000002,True,correct,0.1,0.52497918747894,True,correct
DBLP,0.9,50,inner,SRSWOR_65_35,119,journals/sigmod/KannanKIK03,True,1,h_tDfTvsR0QJ,h_tDfTvsR0QJ,True,0.9999828195729344,1.713136089554053e-05,0.9999656882120388,0.9000000000000002,True,correct,0.9000000000000002,True,correct,0.1,0.52497918747894,True,correct
DBLP,0.9,50,inner,SRSWOR_65_35,120,journals/sigmod/BarclayBGS94,True,2,v1aol6mmLdMJ,wPhDoeiINQsJ,True,0.9999875009863743,0.9999439703588294,4.3530627544918765e-05,0.9000000000000002,True,correct,0.9000000000000002,True,correct,0.1,0.52497918747894,True,correct
DBLP,0.9,50,inner,SRSWOR_65_35,121,conf/sigmod/KeoghCMP01,True,5,_nOW6fmEcTEJ,QTzuiNlMnR4J,True,0.9999876579541338,0.9999859798258842,1.6781282495825778e-06,0.9000000000000002,True,correct,0.9000000000000002,True,correct,0.1,0.52497918747894,True,correct
DBLP,0.9,50,inner,SRSWOR_65_35,122,journals/sigmod/GriffinK98,True,2,NusQl_2spdYJ,Qvl2bcDAyqEJ,True,0.9999832640595984,0.9999619657971957,2.129826240293564e-05,0.9000000000000002,True,correct,0.9000000000000002,True,correct,0.1,0.52497918747894,True,correct
DBLP,0.9,50,inner,SRSWOR_65_35,123,journals/sigmod/MattosD94,True,1,HhUCea7De6YJ,HhUCea7De6YJ,True,0.9999876990340496,1.0127170474208127e-05,0.9999775718635756,0.9000000000000002,True,correct,0.9000000000000002,True,correct,0.1,0.52497918747894,True,correct
DBLP,0.9,50,inner,SRSWOR_65_35,124,conf/sigmod/AdaliBSS98,True,3,69JsZwNpla0J,YQ90BYSVqbsJ,True,0.999978567788804,0.9999780483108712,5.194779330031096e-07,0.9000000000000002,True,correct,0.9000000000000002,True,correct,0.1,0.52497918747894,True,correct
DBLP,0.9,50,inner,SRSWOR_65_35,125,conf/sigmod/AcharyaGP00,True,3,q_bQLiJ-KZAJ,WGWZ2cNZW2YJ,True,0.99998464085449,0.9999835334967232,1.107357766927386e-06,0.9000000000000002,True,correct,0.9000000000000002,True,correct,0.1,0.52497918747894,True,correct
DBLP,0.9,50,inner,SRSWOR_65_35,126,conf/vldb/LuTD95,True,2,qX-uYKXVk7EJ,qX-uYKXVk7EJ,True,0.9999849095989072,0.9999753042635734,9.605335333895404e-06,0.9000000000000002,True,correct,0.9000000000000002,True,correct,0.1,0.52497918747894,True,correct
DBLP,0.9,50,inner,SRSWOR_65_35,127,journals/vldb/StonebrakerALPSSSY96,True,3,dWgXDMGuFd4J,dWgXDMGuFd4J,True,0.9999838477471108,0.999974602402422,9.245344688824098e-06,0.9000000000000002,True,correct,0.9000000000000002,True,correct,0.1,0.52497918747894,True,correct
DBLP,0.9,50,inner,SRSWOR_65_35,128,journals/sigmod/Seligman97,True,1,url:http://portal.acm.org/citation.cfm%3Fid%3D601858.601872%26dl%3DGUIDE%26dl%3Dacm%26type%3Dissue%26idx%3DJ689%26part%3Dperiodical%26WantType%3Dperiodical%26title%3DACM%2520SIGMOD%2520Record%26CFID%3D11111111%26CFTOKEN%3D2222222,url:http://portal.acm.org/citation.cfm%3Fid%3D601858.601872%26dl%3DGUIDE%26dl%3Dacm%26type%3Dissue%26idx%3DJ689%26part%3Dperiodical%26WantType%3Dperiodical%26title%3DACM%2520SIGMOD%2520Record%26CFID%3D11111111%26CFTOKEN%3D2222222,True,0.9994566142442386,3.792984986018586e-05,0.9994186843943784,0.9000000000000002,True,correct,0.9000000000000002,True,correct,0.1,0.52497918747894,True,correct
DBLP,0.9,50,inner,SRSWOR_65_35,129,journals/tods/Suciu02,True,1,Y7kHpHu3nP0J,Y7kHpHu3nP0J,True,0.9999824855029716,2.470178980306184e-05,0.9999577837131686,0.9000000000000002,True,correct,0.9000000000000002,True,correct,0.1,0.52497918747894,True,correct
DBLP,0.9,50,inner,SRSWOR_65_35,130,journals/sigmod/Ouksel03,True,1,8M_z-OUkoxYJ,8M_z-OUkoxYJ,True,0.9999865304817532,0.0002708523143255,0.9997156781674276,0.9000000000000002,True,correct,0.9000000000000002,True,correct,0.1,0.52497918747894,True,correct
DBLP,0.9,50,inner,SRSWOR_65_35,131,journals/vldb/RoySSSA98,True,3,5VcKjo7jBOMJ,vitgygjdz3AJ,True,0.9999869621592437,0.9999852372020284,1.7249572151767367e-06,0.9000000000000002,True,correct,0.9000000000000002,True,correct,0.1,0.52497918747894,True,correct
DBLP,0.9,50,inner,SRSWOR_65_35,132,journals/sigmod/Fong97,True,1,rgJU30QjbhkJ,rgJU30QjbhkJ,True,0.999982441268212,0.0347979353434023,0.9651845059248098,0.9000000000000002,True,correct,0.9000000000000002,True,correct,0.1,0.52497918747894,True,correct
DBLP,0.9,50,inner,SRSWOR_65_35,133,journals/vldb/SteinbrunnMK97,True,2,0WXQjwXCy0QJ,nwwVf5FGX4QJ,True,0.9999876561178545,0.9999759480195428,1.1708098311635771e-05,0.9000000000000002,True,correct,0.9000000000000002,True,correct,0.1,0.52497918747894,True,correct
DBLP,0.9,50,inner,SRSWOR_65_35,134,conf/sigmod/ChawatheG97,True,3,5O88Bum19wAJ,5O88Bum19wAJ,True,0.9999827223862452,0.9999767427624852,5.979623760143937e-06,0.9000000000000002,True,correct,0.9000000000000002,True,correct,0.1,0.52497918747894,True,correct
DBLP,0.9,50,inner,SRSWOR_65_35,135,journals/sigmod/Aberer01,True,3,7CLhi_LOtoUJ,url:http://portal.acm.org/citation.cfm%3Fid%3D603867.603869%26coll%3DGUIDE%26dl%3DACM%26idx%3DJ689%26part%3Dperiodical%26WantType%3Dperiodical%26title%3DACM%2520SIGMOD%2520Record%26CFID%3D11111111%26CFTOKEN%3D2222222,True,0.9999642942746992,0.9998627613546028,0.0001015329200962,0.9000000000000002,True,correct,0.9000000000000002,True,correct,0.1,0.52497918747894,True,correct
DBLP,0.9,50,inner,SRSWOR_65_35,136,conf/vldb/Moerkotte02,True,1,jiGdThcReckJ,jiGdThcReckJ,True,0.9999827170468946,8.02826244094368e-06,0.9999746887844536,0.9000000000000002,True,correct,0.9000000000000002,True,correct,0.1,0.52497918747894,True,correct
DBLP,0.9,50,inner,SRSWOR_65_35,137,conf/sigmod/Team95b,True,1,v80FFBUTW_0J,v80FFBUTW_0J,True,0.9999829414795792,6.764578596661924e-06,0.9999761769009824,0.9000000000000002,True,correct,0.9000000000000002,True,correct,0.1,0.52497918747894,True,correct
DBLP,0.9,50,inner,SRSWOR_65_35,138,conf/sigmod/Hellerstein94,True,2,Nn0LzB8rUPEJ,Nn0LzB8rUPEJ,True,0.9998495253093418,0.0004767010181986,0.999372824291143,0.9000000000000002,True,correct,0.9000000000000002,True,correct,0.1,0.52497918747894,True,correct
DBLP,0.9,50,inner,SRSWOR_65_35,139,journals/vldb/SuHHHLWLPLL01,True,3,GRzquCzL_OUJ,xcRKDHBIUb8J,True,0.9999881538224006,0.999985989021766,2.164800634640862e-06,0.9000000000000002,True,correct,0.9000000000000002,True,correct,0.1,0.52497918747894,True,correct
DBLP,0.9,50,inner,SRSWOR_65_35,140,conf/sigmod/Gibson95,False,0,,nYQRxEXS8V4J,False,7.961726295120468e-05,4.638473795121349e-05,3.323252499999119e-05,0.9000000000000002,False,unmatched_abstention,0.9000000000000002,False,unmatched_abstention,0.1,0.52497918747894,False,unmatched_abstention
DBLP,0.9,50,inner,SRSWOR_65_35,141,conf/vldb/ChenDZ03,True,2,5MbqS0-RzBIJ,cCpHMzAXRnsJ,True,0.999968651706157,0.9998833769546378,8.527475151920427e-05,0.9000000000000002,True,correct,0.9000000000000002,True,correct,0.1,0.52497918747894,True,correct
DBLP,0.9,50,inner,SRSWOR_65_35,142,conf/sigmod/AdaliSS99,True,4,7OvO0Y3IU8gJ,c2dH5RxNj6kJ,True,0.9999848259136715,0.9999798761605904,4.949753081184838e-06,0.9000000000000002,True,correct,0.9000000000000002,True,correct,0.1,0.52497918747894,True,correct
DBLP,0.9,50,inner,SRSWOR_65_35,143,conf/vldb/RastogiS98,True,5,AyWUeJ5k2IoJ,yztQfwBZU6EJ,True,0.9999874917212273,0.9999836748455092,3.816875717821411e-06,0.9000000000000002,True,correct,0.9000000000000002,True,correct,0.1,0.52497918747894,True,correct
DBLP,0.9,50,inner,SRSWOR_65_35,144,conf/sigmod/Raghavan03,False,0,,1avO1fqtQ6QJ,False,1.4148175684164786e-05,1.2163420833464022e-05,1.9847548507007634e-06,0.9000000000000002,False,unmatched_abstention,0.9000000000000002,False,unmatched_abstention,0.1,0.52497918747894,False,unmatched_abstention
DBLP,0.9,50,inner,SRSWOR_65_35,145,conf/sigmod/DavulcuFKR99,True,1,TDyW6V4cc7MJ,TDyW6V4cc7MJ,True,0.9999868365245904,8.154174891190275e-06,0.9999786823496992,0.9000000000000002,True,correct,0.9000000000000002,True,correct,0.1,0.52497918747894,True,correct
DBLP,0.9,50,inner,SRSWOR_65_35,146,journals/sigmod/X94a,False,0,,url:http://ieeexplore.ieee.org/iel5/2/4048/x0715521.pdf,False,9.582294915564102e-05,9.408307263607112e-05,1.7398765195699023e-06,0.9000000000000002,False,unmatched_abstention,0.9000000000000002,False,unmatched_abstention,0.1,0.52497918747894,False,unmatched_abstention
DBLP,0.9,50,inner,SRSWOR_65_35,147,conf/vldb/Mattos96,True,1,EpBlTCJ0_dUJ,EpBlTCJ0_dUJ,True,0.9999839951465972,2.2757289186136957e-05,0.999961237857411,0.9000000000000002,True,correct,0.9000000000000002,True,correct,0.1,0.52497918747894,True,correct
DBLP,0.9,50,inner,SRSWOR_65_35,148,conf/vldb/GardarinGT95,True,2,DAUHADa6RjQJ,uMkO2KGQJwwJ,True,0.9999874510859416,0.9809441229189008,0.0190433281670409,0.9000000000000002,True,correct,0.9000000000000002,True,correct,0.1,0.52497918747894,True,correct
DBLP,0.9,50,inner,SRSWOR_65_35,149,conf/vldb/Faloutsos02,False,0,,PZTESZecfnQJ,False,4.6063874398348665e-05,2.196069272493788e-05,2.4103181673410785e-05,0.9000000000000002,False,unmatched_abstention,0.9000000000000002,False,unmatched_abstention,0.1,0.52497918747894,False,unmatched_abstention
DBLP,0.9,50,inner,SRSWOR_65_35,150,conf/sigmod/GriffinL95,True,4,6QZGeKna5lgJ,nXT3j4XaZxIJ,True,0.9999530114662626,0.9999496453372502,3.366129012416508e-06,0.9000000000000002,True,correct,0.9000000000000002,True,correct,0.1,0.52497918747894,True,correct
DBLP,0.9,50,inner,SRSWOR_65_35,151,conf/sigmod/Chakrabarti99,True,1,url:http://portal.acm.org/ft_gateway.cfm%3Fid%3D304231%26type%3Dpdf%26dl%3DGUIDE%26dl%3DACM%26CFID%3D11111111%26CFTOKEN%3D2222222,url:http://portal.acm.org/ft_gateway.cfm%3Fid%3D304231%26type%3Dpdf%26dl%3DGUIDE%26dl%3DACM%26CFID%3D11111111%26CFTOKEN%3D2222222,True,0.9998236995513116,0.0025301159015978,0.9972935836497137,0.9000000000000002,True,correct,0.9000000000000002,True,correct,0.1,0.52497918747894,True,correct
DBLP,0.9,50,inner,SRSWOR_65_35,152,conf/sigmod/OConnellISWABCCLPWW96,True,6,5awQcPWFBrcJ,O-TrhFwhKM8J,True,0.9999845741670084,0.9999778464188288,6.727748179558013e-06,0.9000000000000002,True,correct,0.9000000000000002,True,correct,0.1,0.52497918747894,True,correct
DBLP,0.9,50,inner,SRSWOR_65_35,153,conf/sigmod/KiepuszewskiMO98,True,5,909hLNR8130J,rq0Thaf1znAJ,True,0.9999841125304604,0.9999835921542078,5.203762524219613e-07,0.9000000000000002,True,correct,0.9000000000000002,True,correct,0.1,0.52497918747894,True,correct
DBLP,0.9,50,inner,SRSWOR_65_35,154,journals/sigmod/Alonso95,False,0,,fv8HYICi5_cJ,False,0.0002472595114638,0.0001188289835914,0.0001284305278724,0.9000000000000002,False,unmatched_abstention,0.9000000000000002,False,unmatched_abstention,0.1,0.52497918747894,False,unmatched_abstention
DBLP,0.9,50,inner,SRSWOR_65_35,155,conf/sigmod/ChangG99,True,4,10FYofnRROUJ,8Yt1Mba9-wQJ,True,0.9999818375786224,0.9999638447268718,1.7992851750525674e-05,0.9000000000000002,True,correct,0.9000000000000002,True,correct,0.1,0.52497918747894,True,correct
DBLP,0.9,50,inner,SRSWOR_65_35,156,conf/sigmod/SeshadriLR94,True,3,60I0j0qUHVYJ,60I0j0qUHVYJ,True,0.999961502466737,0.99994381171164,1.7690755096944066e-05,0.9000000000000002,True,correct,0.9000000000000002,True,correct,0.1,0.52497918747894,True,correct
DBLP,0.9,50,inner,SRSWOR_65_35,157,conf/sigmod/WattezCBFF00,True,1,1SA9LhktHsUJ,1SA9LhktHsUJ,True,0.9999886021818928,9.688018276191168e-06,0.9999789141636166,0.9000000000000002,True,correct,0.9000000000000002,True,correct,0.1,0.52497918747894,True,correct
DBLP,0.9,50,inner,SRSWOR_65_35,158,conf/vldb/ZouS98,True,3,_OimKPnidhsJ,fPzfCbyzqsoJ,True,0.9999868654286356,0.9999855849106252,1.2805180104047409e-06,0.9000000000000002,True,correct,0.9000000000000002,True,correct,0.1,0.52497918747894,True,correct
DBLP,0.9,50,inner,SRSWOR_65_35,159,journals/sigmod/Han98,True,5,2kDtSxYI5DgJ,Y0GdVVrbzfQJ,True,0.9999861819209444,0.9999845986413776,1.5832795668968558e-06,0.9000000000000002,True,correct,0.9000000000000002,True,correct,0.1,0.52497918747894,True,correct
DBLP,0.9,50,inner,SRSWOR_65_35,160,journals/sigmod/Group94,False,0,,url:http://www.ingentaconnect.com/search/expand%3Fpub%3Dinfobike://els/08830355/2001/00000035/00000004/art00040%26unc%3D,False,1.945354671427312e-05,1.1723820592924838e-05,7.729726121348284e-06,0.9000000000000002,False,unmatched_abstention,0.9000000000000002,False,unmatched_abstention,0.1,0.52497918747894,False,unmatched_abstention
DBLP,0.9,50,inner,SRSWOR_65_35,161,journals/vldb/CandanLS00,True,2,nXvDy_QqSd4J,nXvDy_QqSd4J,True,0.9999860186534132,0.9999807156494191,5.303003993817335e-06,0.9000000000000002,True,correct,0.9000000000000002,True,correct,0.1,0.52497918747894,True,correct
DBLP,0.9,50,inner,SRSWOR_65_35,162,conf/sigmod/BunemanM95,True,1,V9DIFmU3vi8J,V9DIFmU3vi8J,True,0.9999854541914266,8.553692797536376e-06,0.9999769004986292,0.9000000000000002,True,correct,0.9000000000000002,True,correct,0.1,0.52497918747894,True,correct
DBLP,0.9,50,inner,SRSWOR_65_35,163,journals/sigmod/LeeCL95,True,1,G1E5PwzwdSMJ,G1E5PwzwdSMJ,True,0.999972815708513,1.7553340719913068e-05,0.9999552623677932,0.9000000000000002,True,correct,0.9000000000000002,True,correct,0.1,0.52497918747894,True,correct
DBLP,0.9,50,inner,SRSWOR_65_35,164,conf/sigmod/RiedelFGN00,True,1,ospJVA6AD1sJ,ospJVA6AD1sJ,True,0.999985140121363,1.0518321871553316e-05,0.9999746217994914,0.9000000000000002,True,correct,0.9000000000000002,True,correct,0.1,0.52497918747894,True,correct
DBLP,0.9,50,inner,SRSWOR_65_35,165,conf/vldb/BhattacharjeePMLCH03,True,1,PUCW4QzlkmsJ,PUCW4QzlkmsJ,True,0.9999874219713728,0.0970713351983493,0.9029160867730234,0.9000000000000002,True,correct,0.9000000000000002,True,correct,0.1,0.52497918747894,True,correct
DBLP,0.9,50,inner,SRSWOR_65_35,166,conf/vldb/CareyCNVDRSM99,True,1,JpMllVmmnkAJ,JpMllVmmnkAJ,True,0.9999848651802596,0.0002090749698061,0.9997757902104534,0.9000000000000002,True,correct,0.9000000000000002,True,correct,0.1,0.52497918747894,True,correct
DBLP,0.9,50,inner,SRSWOR_65_35,167,conf/sigmod/Grust02,True,3,-3LAxRNpDJIJ,-3LAxRNpDJIJ,True,0.9999657597658804,0.9999554524768582,1.0307289022071233e-05,0.9000000000000002,True,correct,0.9000000000000002,True,correct,0.1,0.52497918747894,True,correct
DBLP,0.9,50,inner,SRSWOR_65_35,168,journals/sigmod/McHughAGQW97,True,7,0VMP__pyg_4J,FUXcNB3HHi4J,True,0.9999859895695858,0.9999858315980158,1.5797157004726614e-07,0.9000000000000002,True,correct,0.9000000000000002,True,correct,0.1,0.52497918747894,True,correct
DBLP,0.9,50,inner,SRSWOR_65_35,169,journals/vldb/RamakrishnanSSS94,True,3,K9jUyjxRaCwJ,rgA2DgNVPBUJ,True,0.9999791078341688,0.011172277030616,0.9888068308035526,0.9000000000000002,True,correct,0.9000000000000002,True,correct,0.1,0.52497918747894,True,correct
DBLP,0.9,50,inner,SRSWOR_65_35,170,conf/vldb/Banerjee00,True,1,owfPKT5ip68J,owfPKT5ip68J,True,0.99998585527799,7.373653956681205e-05,0.9999121187384232,0.9000000000000002,True,correct,0.9000000000000002,True,correct,0.1,0.52497918747894,True,correct
DBLP,0.9,50,inner,SRSWOR_65_35,171,conf/vldb/WangZL03,True,1,tbuNzuDUSFYJ,tbuNzuDUSFYJ,True,0.999985366368808,7.030145070514518e-05,0.9999150649181028,0.9000000000000002,True,correct,0.9000000000000002,True,correct,0.1,0.52497918747894,True,correct
DBLP,0.9,50,inner,SRSWOR_65_35,172,conf/sigmod/Mylopoulos98,True,3,2R-2i60g4MsJ,vU_Vo2059VUJ,True,0.9999790771288124,0.9999578291051314,2.1248023680864318e-05,0.9000000000000002,True,correct,0.9000000000000002,True,correct,0.1,0.52497918747894,True,correct
DBLP,0.9,50,inner,SRSWOR_65_35,173,conf/vldb/Kiessling02,True,2,6Rn6hsdao-wJ,uS43GVHJ3jQJ,True,0.9999811441375566,0.9999476140189784,3.353011857820665e-05,0.9000000000000002,True,correct,0.9000000000000002,True,correct,0.1,0.52497918747894,True,correct
DBLP,0.9,50,inner,SRSWOR_65_35,174,conf/sigmod/ChaudhuriG96,True,1,Fh1QPZpWHUMJ,Fh1QPZpWHUMJ,True,0.9999815204711308,0.995506044575314,0.0044754758958167,0.9000000000000002,True,correct,0.9000000000000002,True,correct,0.1,0.52497918747894,True,correct
DBLP,0.9,50,inner,SRSWOR_65_35,175,conf/vldb/OzsuLON01,True,2,qqdXmdgAaMgJ,qqdXmdgAaMgJ,True,0.9999881524892484,0.9999772918356916,1.0860653557043244e-05,0.9000000000000002,True,correct,0.9000000000000002,True,correct,0.1,0.52497918747894,True,correct
DBLP,0.9,50,inner,SRSWOR_65_35,176,journals/vldb/MuthOPW00,True,1,WFygKYK0NVQJ,WFygKYK0NVQJ,True,0.9999853877748504,0.9995283418809526,0.0004570458938978,0.9000000000000002,True,correct,0.9000000000000002,True,correct,0.1,0.52497918747894,True,correct
DBLP,0.9,50,inner,SRSWOR_65_35,177,conf/vldb/ChristodoulakisTZ97,True,2,D0z0BDnbnFcJ,lojHMj5xWEwJ,True,0.9999881189077005,0.9999809315697796,7.187337920822046e-06,0.9000000000000002,True,correct,0.9000000000000002,True,correct,0.1,0.52497918747894,True,correct
DBLP,0.9,50,inner,SRSWOR_65_35,178,conf/vldb/ZengBNN01,True,2,3TivNLIErRkJ,3TivNLIErRkJ,True,0.9999848685428848,0.999914816115038,7.005242784685617e-05,0.9000000000000002,True,correct,0.9000000000000002,True,correct,0.1,0.52497918747894,True,correct
DBLP,0.9,50,inner,SRSWOR_65_35,179,conf/vldb/SakuraiYKU01,True,1,OQMYc3S0Ny8J,OQMYc3S0Ny8J,True,0.9999877255526116,6.865006573564742e-06,0.9999808605460382,0.9000000000000002,True,correct,0.9000000000000002,True,correct,0.1,0.52497918747894,True,correct
DBLP,0.9,50,inner,SRSWOR_65_35,180,conf/vldb/KamelF94,True,8,3IaFojiICIoJ,A7WoAzxOJ9YJ,True,0.9999815769724382,0.9999786779768997,2.8989955386249378e-06,0.9000000000000002,True,correct,0.9000000000000002,True,correct,0.1,0.52497918747894,True,correct
DBLP,0.9,50,inner,SRSWOR_65_35,181,journals/sigmod/SayginVC01,True,3,OALLzL4DQXsJ,Tp9iVMsAzocJ,True,0.9999893242088114,0.999988462758465,8.614503463899581e-07,0.9000000000000002,True,correct,0.9000000000000002,True,correct,0.1,0.52497918747894,True,correct
DBLP,0.9,50,inner,SRSWOR_65_35,182,conf/sigmod/ChangBCLLS00,True,2,bqtRaOoJ87AJ,bqtRaOoJ87AJ,True,0.999987874035134,0.9999865474911072,1.326544026736265e-06,0.9000000000000002,True,correct,0.9000000000000002,True,correct,0.1,0.52497918747894,True,correct
DBLP,0.9,50,inner,SRSWOR_65_35,183,journals/vldb/HarderST99,True,1,KGyKFmRfspAJ,KGyKFmRfspAJ,True,0.9999816809513744,8.146674152088964e-06,0.9999735342772222,0.9000000000000002,True,correct,0.9000000000000002,True,correct,0.1,0.52497918747894,True,correct
DBLP,0.9,50,inner,SRSWOR_65_35,184,conf/vldb/HelmerM97,True,2,vInYFLVq0uIJ,xsh0C_nCllsJ,True,0.9999863446624028,0.9999854285616004,9.161008023284012e-07,0.9000000000000002,True,correct,0.9000000000000002,True,correct,0.1,0.52497918747894,True,correct
DBLP,0.9,50,inner,SRSWOR_65_35,185,conf/vldb/AlsabtiRS97,True,2,-0Lu8VIRYtEJ,nqOZsUydoQkJ,True,0.9999893533480596,0.9999831870978472,6.166250212324975e-06,0.9000000000000002,True,correct,0.9000000000000002,True,correct,0.1,0.52497918747894,True,correct
DBLP,0.9,50,inner,SRSWOR_65_35,186,conf/vldb/LakshmananJN00,True,1,1n7AY641YyAJ,1n7AY641YyAJ,True,0.9999887620840016,9.15838971323014e-06,0.9999796036942884,0.9000000000000002,True,correct,0.9000000000000002,True,correct,0.1,0.52497918747894,True,correct
DBLP,0.9,50,inner,SRSWOR_65_35,187,conf/vldb/ChoN02,True,2,4tTQJrG4pn8J,4tTQJrG4pn8J,True,0.9999864479037384,0.9999002422962115,8.62056075268125e-05,0.9000000000000002,True,correct,0.9000000000000002,True,correct,0.1,0.52497918747894,True,correct
DBLP,0.9,50,inner,SRSWOR_65_35,188,conf/sigmod/AgrawalCD02,True,1,iABZEL2Zoz8J,iABZEL2Zoz8J,True,0.9999864700504733,0.0008301731790492,0.999156296871424,0.9000000000000002,True,correct,0.9000000000000002,True,correct,0.1,0.52497918747894,True,correct
DBLP,0.9,50,inner,SRSWOR_65_35,189,conf/sigmod/CruzJ99,True,1,vXMwU21-7HMJ,vXMwU21-7HMJ,True,0.99998822941868,0.0004701655775044,0.9995180638411756,0.9000000000000002,True,correct,0.9000000000000002,True,correct,0.1,0.52497918747894,True,correct
DBLP,0.9,50,inner,SRSWOR_65_35,190,conf/sigmod/MelnikRB03,True,4,bkpTodGryDAJ,wfjeWtEY2NcJ,True,0.9999886467471968,0.9999874602974778,1.1864497190261505e-06,0.9000000000000002,True,correct,0.9000000000000002,True,correct,0.1,0.52497918747894,True,correct
DBLP,0.9,50,inner,SRSWOR_65_35,191,conf/sigmod/SagonasSW94a,True,6,0hHYO7tQJUgJ,nDGblldnEGAJ,True,0.9999875387152076,0.9998770125733496,0.0001105261418582,0.9000000000000002,True,correct,0.9000000000000002,True,correct,0.1,0.52497918747894,True,correct
DBLP,0.9,50,inner,SRSWOR_65_35,192,conf/sigmod/WangWYY02,True,2,DRp1iFn7znkJ,DRp1iFn7znkJ,True,0.9999857061695748,0.9988162800051492,0.0011694261644258,0.9000000000000002,True,correct,0.9000000000000002,True,correct,0.1,0.52497918747894,True,correct
DBLP,0.9,50,inner,SRSWOR_65_35,193,journals/sigmod/MaelbranckeO95,True,1,_FKSZiytB2AJ,_FKSZiytB2AJ,True,0.9999623721658082,0.0003555062197549,0.9996068659460532,0.9000000000000002,True,correct,0.9000000000000002,True,correct,0.1,0.52497918747894,True,correct
DBLP,0.9,50,inner,SRSWOR_65_35,194,conf/vldb/LeeHJT03,True,1,BSE2se70OMYJ,BSE2se70OMYJ,True,0.9999828318076112,6.437146739761958e-06,0.9999763946608716,0.9000000000000002,True,correct,0.9000000000000002,True,correct,0.1,0.52497918747894,True,correct
DBLP,0.9,50,inner,SRSWOR_65_35,195,journals/sigmod/CherniakV03,False,0,,CGvD6Du5kaoJ,False,0.006806777130613,0.0065011737376038,0.0003056033930092,0.9000000000000002,False,unmatched_abstention,0.9000000000000002,False,unmatched_abstention,0.1,0.52497918747894,False,unmatched_abstention
DBLP,0.9,50,inner,SRSWOR_65_35,196,conf/sigmod/Shyy95,True,1,OjZoGJLFGqIJ,OjZoGJLFGqIJ,True,0.99998010696364,1.0319111958728849e-05,0.9999697878516812,0.9000000000000002,True,correct,0.9000000000000002,True,correct,0.1,0.52497918747894,True,correct
DBLP,0.9,50,inner,SRSWOR_65_35,197,journals/sigmod/KramerNKRLKLZ97,True,1,1sBvG9OXpMAJ,1sBvG9OXpMAJ,True,0.9999823941180312,2.1630625180070217e-05,0.9999607634928512,0.9000000000000002,True,correct,0.9000000000000002,True,correct,0.1,0.52497918747894,True,correct
DBLP,0.9,50,inner,SRSWOR_65_35,198,conf/vldb/Moni96,True,1,gbjXwFztQTsJ,gbjXwFztQTsJ,True,0.999984222795486,8.596470597801113e-06,0.999975626324888,0.9000000000000002,True,correct,0.9000000000000002,True,correct,0.1,0.52497918747894,True,correct
DBLP,0.9,50,inner,SRSWOR_65_35,199,journals/sigmod/KantM00,True,1,url:http://portal.acm.org/citation.cfm%3Fid%3D362084.362091%26dl%3DGUIDE%26dl%3DACM%26idx%3DJ689%26part%3Dperiodical%26WantType%3Dperiodical%26title%3DACM%2520SIGMOD%2520Record%26CFID%3D11111111%26CFTOKEN%3D2222222,url:http://portal.acm.org/citation.cfm%3Fid%3D362084.362091%26dl%3DGUIDE%26dl%3DACM%26idx%3DJ689%26part%3Dperiodical%26WantType%3Dperiodical%26title%3DACM%2520SIGMOD%2520Record%26CFID%3D11111111%26CFTOKEN%3D2222222,True,0.5100458610848774,7.315484144350378e-06,0.510038545600733,0.9000000000000002,False,missing_match,0.9000000000000002,False,missing_match,0.1,0.52497918747894,False,missing_match
DBLP,0.9,50,inner,SRSWOR_65_35,200,journals/sigmod/CruzKLSWY02,True,1,url:http://portal.acm.org/ft_gateway.cfm%3Fid%3D601882%26type%3Dpdf%26dl%3DGUIDE%26dl%3DACM%26CFID%3D11111111%26CFTOKEN%3D2222222,url:http://portal.acm.org/ft_gateway.cfm%3Fid%3D601882%26type%3Dpdf%26dl%3DGUIDE%26dl%3DACM%26CFID%3D11111111%26CFTOKEN%3D2222222,True,0.9999898963867364,1.4706309971009033e-05,0.9999751900767656,0.9000000000000002,True,correct,0.9000000000000002,True,correct,0.1,0.52497918747894,True,correct
DBLP,0.9,50,inner,SRSWOR_65_35,201,journals/vldb/LandauST95,True,3,E8U_krxA1dsJ,N9d3F0NvbcEJ,True,0.9999855010578071,0.9999842495998468,1.251457960371738e-06,0.9000000000000002,True,correct,0.9000000000000002,True,correct,0.1,0.52497918747894,True,correct
DBLP,0.9,50,inner,SRSWOR_65_35,202,conf/vldb/AshwinGG02,True,2,mObyCD3Jw0EJ,YiJojduGXXkJ,True,0.9999836430857956,0.9994691857201078,0.0005144573656878,0.9000000000000002,True,correct,0.9000000000000002,True,correct,0.1,0.52497918747894,True,correct
DBLP,0.9,50,inner,SRSWOR_65_35,203,conf/vldb/DoDJJR98,True,1,69kmXg9nRZkJ,69kmXg9nRZkJ,True,0.9999881911686412,1.0213491812115432e-05,0.999977977676829,0.9000000000000002,True,correct,0.9000000000000002,True,correct,0.1,0.52497918747894,True,correct
DBLP,0.9,50,inner,SRSWOR_65_35,204,journals/sigmod/Eisenberg96,True,4,ODNMCIJO6xMJ,tFbkjO2wcFMJ,True,0.9999860932146292,0.9999742762078172,1.1817006811742914e-05,0.9000000000000002,True,correct,0.9000000000000002,True,correct,0.1,0.52497918747894,True,correct
DBLP,0.9,50,inner,SRSWOR_65_35,205,conf/vldb/MorimotoIM97,True,3,3enylshvOl8J,3enylshvOl8J,True,0.999985538963474,0.9998441955734648,0.0001413433900091,0.9000000000000002,True,correct,0.9000000000000002,True,correct,0.1,0.52497918747894,True,correct
DBLP,0.9,50,inner,SRSWOR_65_35,206,conf/sigmod/GehrkeGRL99,True,1,s3neqsFCVrAJ,s3neqsFCVrAJ,True,0.9999768329898996,1.751433000082801e-05,0.9999593186598988,0.9000000000000002,True,correct,0.9000000000000002,True,correct,0.1,0.52497918747894,True,correct
DBLP,0.9,50,inner,SRSWOR_65_35,207,conf/vldb/OuzzaniAB94,True,3,CgoUJ7DogcwJ,CgoUJ7DogcwJ,True,0.9999886579478025,0.9999840012964742,4.6566513282053634e-06,0.9000000000000002,True,correct,0.9000000000000002,True,correct,0.1,0.52497918747894,True,correct
DBLP,0.9,50,inner,SRSWOR_65_35,208,conf/sigmod/YangM97,True,5,57m7NniyTrkJ,WcA1L5srKj4J,True,0.9999852478276162,0.9999849205178084,3.2730980792372577e-07,0.9000000000000002,True,correct,0.9000000000000002,True,correct,0.1,0.52497918747894,True,correct
DBLP,0.9,50,inner,SRSWOR_65_35,209,journals/tods/LiuM96,True,3,moMP8RcSDhgJ,TNx5vnRHHxMJ,True,0.99998448011357,0.9992509487692248,0.000733531344345,0.9000000000000002,True,correct,0.9000000000000002,True,correct,0.1,0.52497918747894,True,correct
DBLP,0.9,50,inner,SRSWOR_65_35,210,journals/vldb/PoulovassilisS96,True,2,0BMQ7HirTaUJ,B87s9MFTeZ8J,True,0.9999798031402464,0.0072545140383256,0.9927252891019208,0.9000000000000002,True,correct,0.9000000000000002,True,correct,0.1,0.52497918747894,True,correct
DBLP,0.9,50,inner,SRSWOR_65_35,211,conf/sigmod/HsiaoN00,True,1,iY5wlS4jsg0J,iY5wlS4jsg0J,True,0.9999878762552342,1.056679240932447e-05,0.9999773094628248,0.9000000000000002,True,correct,0.9000000000000002,True,correct,0.1,0.52497918747894,True,correct
DBLP,0.9,50,inner,SRSWOR_65_35,212,conf/sigmod/BerensonBGMOO95,True,9,-CQaLTpGJLQJ,KpQrgYyji34J,True,0.9999857578482304,0.999982816344934,2.9415032963830967e-06,0.9000000000000002,True,correct,0.9000000000000002,True,correct,0.1,0.52497918747894,True,correct
DBLP,0.9,50,inner,SRSWOR_65_35,213,journals/vldb/AmielBDS96,True,1,RtYWYRjBUmEJ,RtYWYRjBUmEJ,True,0.9999872367952056,5.7754606617845856e-05,0.9999294821885878,0.9000000000000002,True,correct,0.9000000000000002,True,correct,0.1,0.52497918747894,True,correct
DBLP,0.9,50,inner,SRSWOR_65_35,214,conf/sigmod/DraperHW01,True,3,6csUZFROjIEJ,sURGDemFSsUJ,True,0.9999851622970152,0.9999415948910048,4.356740601041409e-05,0.9000000000000002,True,correct,0.9000000000000002,True,correct,0.1,0.52497918747894,True,correct
DBLP,0.9,50,inner,SRSWOR_65_35,215,conf/sigmod/AcharyaAFZ95,True,10,_-yXA5HLnqoJ,rO4-yA3tlfoJ,True,0.999985999399979,0.9999855580512896,4.41348689483867e-07,0.9000000000000002,True,correct,0.9000000000000002,True,correct,0.1,0.52497918747894,True,correct
DBLP,0.9,50,inner,SRSWOR_65_35,216,journals/sigmod/FininJ02,True,1,rg8576nvnkUJ,rg8576nvnkUJ,True,0.999985621102478,1.86501635263191e-05,0.9999669709389518,0.9000000000000002,True,correct,0.9000000000000002,True,correct,0.1,0.52497918747894,True,correct
DBLP,0.9,50,inner,SRSWOR_65_35,217,journals/sigmod/JainH94,True,3,iQMUP3fkvo4J,iQMUP3fkvo4J,True,0.999986054022284,0.9999564594683332,2.95945539507958e-05,0.9000000000000002,True,correct,0.9000000000000002,True,correct,0.1,0.52497918747894,True,correct
DBLP,0.9,50,inner,SRSWOR_65_35,218,conf/sigmod/Keim99,True,1,GBZiTCbChZQJ,GBZiTCbChZQJ,True,0.999978979831027,0.9952303445817884,0.0047486352492387,0.9000000000000002,True,correct,0.9000000000000002,True,correct,0.1,0.52497918747894,True,correct
DBLP,0.9,50,inner,SRSWOR_65_35,219,conf/sigmod/ZadorozhnyRVUB02,True,1,xmE1380_4E4J,xmE1380_4E4J,True,0.999987469526152,0.9998806947262144,0.0001067747999374,0.9000000000000002,True,correct,0.9000000000000002,True,correct,0.1,0.52497918747894,True,correct
DBLP,0.9,50,inner,SRSWOR_65_35,220,conf/sigmod/StoltePAG03,True,1,9WTNlminW6AJ,9WTNlminW6AJ,True,0.9999869118427204,8.353915009495354e-06,0.999978557927711,0.9000000000000002,True,correct,0.9000000000000002,True,correct,0.1,0.52497918747894,True,correct
DBLP,0.9,50,inner,SRSWOR_65_35,221,conf/vldb/StohrR01,True,1,jn3pvb3hRzwJ,jn3pvb3hRzwJ,True,0.9999881788532444,2.4671114249953287e-05,0.9999635077389946,0.9000000000000002,True,correct,0.9000000000000002,True,correct,0.1,0.52497918747894,True,correct
DBLP,0.9,50,inner,SRSWOR_65_35,222,conf/vldb/ShaferA97,True,1,O4UcgdEM7vYJ,O4UcgdEM7vYJ,True,0.9999878502476464,0.0264543757777726,0.9735334744698736,0.9000000000000002,True,correct,0.9000000000000002,True,correct,0.1,0.52497918747894,True,correct
DBLP,0.9,50,inner,SRSWOR_65_35,223,conf/vldb/AcharyaFZ96,True,6,4AK08s31YqUJ,ccEW59Ac84MJ,True,0.999984459630715,0.999976796949865,7.662680850062387e-06,0.9000000000000002,True,correct,0.9000000000000002,True,correct,0.1,0.52497918747894,True,correct
DBLP,0.9,50,inner,SRSWOR_65_35,224,conf/sigmod/WitkowskiBBDFGSS03,True,1,ygCe1xRFuKgJ,ygCe1xRFuKgJ,True,0.9999868179951442,4.317494041843427e-05,0.9999436430547258,0.9000000000000002,True,correct,0.9000000000000002,True,correct,0.1,0.52497918747894,True,correct
DBLP,0.9,50,inner,SRSWOR_65_35,225,journals/sigmod/TianDCZ02,True,5,eeCoB5sDWK4J,JceK-ywXk8UJ,True,0.9999848204716312,0.999970467898468,1.435257316317884e-05,0.9000000000000002,True,correct,0.9000000000000002,True,correct,0.1,0.52497918747894,True,correct
DBLP,0.9,50,inner,SRSWOR_65_35,226,conf/vldb/WuFSP00,True,2,tr_rawv-6SMJ,XojbAfbtdvcJ,True,0.9999831538591106,0.9997974690945391,0.0001856847645714,0.9000000000000002,True,correct,0.9000000000000002,True,correct,0.1,0.52497918747894,True,correct
DBLP,0.9,50,inner,SRSWOR_65_35,227,conf/sigmod/KrishnamurthyBN99,True,1,qS4jhfgPbm8J,qS4jhfgPbm8J,True,0.9999888630339228,7.972246322145092e-06,0.9999808907876008,0.9000000000000002,True,correct,0.9000000000000002,True,correct,0.1,0.52497918747894,True,correct
DBLP,0.9,50,inner,SRSWOR_65_35,228,journals/sigmod/Palpanas00,True,2,MGG31wuhuUIJ,MGG31wuhuUIJ,True,0.99998840737066,0.9999678425831692,2.0564787490684463e-05,0.9000000000000002,True,correct,0.9000000000000002,True,correct,0.1,0.52497918747894,True,correct
DBLP,0.9,50,inner,SRSWOR_65_35,229,journals/sigmod/Segev94b,False,0,,3rwpLn-qoCoJ,False,0.000390662713274,0.0002888247280469,0.000101837985227,0.9000000000000002,False,unmatched_abstention,0.9000000000000002,False,unmatched_abstention,0.1,0.52497918747894,False,unmatched_abstention
DBLP,0.9,50,inner,SRSWOR_65_35,230,conf/sigmod/PadmanabhanBMCH03,True,1,wI75uFSs0bwJ,wI75uFSs0bwJ,True,0.9999864815808313,9.513899157989438e-05,0.9998913425892512,0.9000000000000002,True,correct,0.9000000000000002,True,correct,0.1,0.52497918747894,True,correct
DBLP,0.9,50,inner,SRSWOR_65_35,231,conf/sigmod/LabrinidisR00,True,1,DKUouEkK_b4J,DKUouEkK_b4J,True,0.9999748503397814,0.9970745327345408,0.0029003176052404,0.9000000000000002,True,correct,0.9000000000000002,True,correct,0.1,0.52497918747894,True,correct
DBLP,0.9,50,inner,SRSWOR_65_35,232,journals/sigmod/AshishK97,True,5,3zbpGI3YqXUJ,kQOOd6RAo1AJ,True,0.9999852223838112,0.9999809732217982,4.249162012914809e-06,0.9000000000000002,True,correct,0.9000000000000002,True,correct,0.1,0.52497918747894,True,correct
DBLP,0.9,50,inner,SRSWOR_65_35,233,journals/vldb/RamamurthyDS03,True,3,DAlyofX710AJ,uem5wXLoU0wJ,True,0.9999887712006316,0.9999856459966764,3.1252039552898125e-06,0.9000000000000002,True,correct,0.9000000000000002,True,correct,0.1,0.52497918747894,True,correct
DBLP,0.9,50,inner,SRSWOR_65_35,234,conf/vldb/JagadishLS99,True,2,5d1R2mD-7MkJ,5d1R2mD-7MkJ,True,0.9999731395030172,0.9999201735989892,5.296590402792401e-05,0.9000000000000002,True,correct,0.9000000000000002,True,correct,0.1,0.52497918747894,True,correct
DBLP,0.9,50,inner,SRSWOR_65_35,235,conf/vldb/Raghavan96,True,1,zuVOWDbv0lsJ,zuVOWDbv0lsJ,True,0.9999797115211364,1.082040732974207e-05,0.9999688911138068,0.9000000000000002,True,correct,0.9000000000000002,True,correct,0.1,0.52497918747894,True,correct
DBLP,0.9,50,inner,SRSWOR_65_35,236,conf/vldb/DarFJST96,True,11,57-MJmAVId8J,sRhjAJHtl-sJ,True,0.9999862861703418,0.9999854040280666,8.821422752269825e-07,0.9000000000000002,True,correct,0.9000000000000002,True,correct,0.1,0.52497918747894,True,correct
DBLP,0.9,50,inner,SRSWOR_65_35,237,conf/vldb/SimonD95,True,1,lLARMvKaIQMJ,lLARMvKaIQMJ,True,0.999976316995166,2.24956612754194e-05,0.9999538213338904,0.9000000000000002,True,correct,0.9000000000000002,True,correct,0.1,0.52497918747894,True,correct
DBLP,0.9,50,inner,SRSWOR_65_35,238,conf/sigmod/SeshadriP97,True,3,Df8s-N_5U3EJ,f9POLlECN2gJ,True,0.999986205331158,0.9999512197776504,3.4985553507449474e-05,0.9000000000000002,True,correct,0.9000000000000002,True,correct,0.1,0.52497918747894,True,correct
DBLP,0.9,50,inner,SRSWOR_65_35,239,conf/sigmod/AgrawalK03,True,1,ewoQO00BuFoJ,ewoQO00BuFoJ,True,0.9999866163223576,0.0012736170554537,0.9987129992669036,0.9000000000000002,True,correct,0.9000000000000002,True,correct,0.1,0.52497918747894,True,correct
DBLP,0.9,50,inner,SRSWOR_65_35,240,conf/sigmod/QuassW97,True,6,3o4t-svHQfcJ,u6Sx6E5i4L8J,True,0.9999640202120448,0.9999366967755896,2.7323436455284345e-05,0.9000000000000002,True,correct,0.9000000000000002,True,correct,0.1,0.52497918747894,True,correct
DBLP,0.9,50,inner,SRSWOR_65_35,241,conf/vldb/WangSG03,True,1,T1TgIax4zVcJ,T1TgIax4zVcJ,True,0.9999861872305632,6.511447824235492e-06,0.9999796757827388,0.9000000000000002,True,correct,0.9000000000000002,True,correct,0.1,0.52497918747894,True,correct
DBLP,0.9,50,inner,SRSWOR_65_35,242,conf/sigmod/YangWYH02,True,1,xsaovu54vl4J,xsaovu54vl4J,True,0.999987522542674,0.3030685269350217,0.6969189956076524,0.9000000000000002,True,correct,0.9000000000000002,True,correct,0.1,0.52497918747894,True,correct
DBLP,0.9,50,inner,SRSWOR_65_35,243,journals/sigmod/BonnetBDL03,True,1,aovCRhocZUcJ,aovCRhocZUcJ,True,0.9999782704436933,2.820692162454645e-05,0.9999500635220688,0.9000000000000002,True,correct,0.9000000000000002,True,correct,0.1,0.52497918747894,True,correct
DBLP,0.9,50,inner,SRSWOR_65_35,244,conf/sigmod/IpeirotisGS01,True,1,bo7ArXlXypQJ,bo7ArXlXypQJ,True,0.9999808836474656,1.4267083285597898e-05,0.99996661656418,0.9000000000000002,True,correct,0.9000000000000002,True,correct,0.1,0.52497918747894,True,correct
DBLP,0.9,50,inner,SRSWOR_65_35,245,conf/sigmod/CluetDSS98,True,7,63Y-t4R2RycJ,lOZF0Ee3rUQJ,True,0.999975975895018,0.9999621286663752,1.3847228642505094e-05,0.9000000000000002,True,correct,0.9000000000000002,True,correct,0.1,0.52497918747894,True,correct
DBLP,0.9,50,inner,SRSWOR_65_35,246,conf/sigmod/LarsonG98,True,2,QmBz3hMOFh4J,QmBz3hMOFh4J,True,0.9999872029127488,0.999953433015254,3.376989749470649e-05,0.9000000000000002,True,correct,0.9000000000000002,True,correct,0.1,0.52497918747894,True,correct
DBLP,0.9,50,inner,SRSWOR_65_35,247,conf/vldb/IshikawaSF98,True,4,9MDCp_a1roUJ,D1HCBThHOkcJ,True,0.9999887591578271,0.9999861328126024,2.6263452249652985e-06,0.9000000000000002,True,correct,0.9000000000000002,True,correct,0.1,0.52497918747894,True,correct
DBLP,0.9,50,inner,SRSWOR_65_35,248,conf/sigmod/BerchtoldK98,True,5,9UYo0M1RV7oJ,pKKu82IYP9EJ,True,0.9999827571998356,0.9999783716025428,4.385597292988486e-06,0.9000000000000002,True,correct,0.9000000000000002,True,correct,0.1,0.52497918747894,True,correct
DBLP,0.9,50,inner,SRSWOR_65_35,249,conf/vldb/RiedelGF98,True,3,DFXKdJJtFsQJ,f2N_DxLirWIJ,True,0.9999851968114192,0.999969486860637,1.5709950782261117e-05,0.9000000000000002,True,correct,0.9000000000000002,True,correct,0.1,0.52497918747894,True,correct
DBLP,0.9,50,inner,SRSWOR_65_35,250,conf/sigmod/HernandezS95,True,5,7EYR1qDwKg0J,KJyo5lhO_vAJ,True,0.9999848442661576,0.999984562055108,2.822110497513464e-07,0.9000000000000002,True,correct,0.9000000000000002,True,correct,0.1,0.52497918747894,True,correct
DBLP,0.9,50,inner,SRSWOR_65_35,251,journals/sigmod/Franklin00a,False,0,,diQK7Y_z3XwJ,False,0.0004187020634182,0.0001755014191425,0.0002432006442757,0.9000000000000002,False,unmatched_abstention,0.9000000000000002,False,unmatched_abstention,0.1,0.52497918747894,False,unmatched_abstention
DBLP,0.9,50,inner,SRSWOR_65_35,252,conf/vldb/BeneventanoBCCGMMV00,True,4,4AcfxYXwZnIJ,Q6jRYrIlTM4J,True,0.9999808168624108,0.9999764334739946,4.383388416129286e-06,0.9000000000000002,True,correct,0.9000000000000002,True,correct,0.1,0.52497918747894,True,correct
DBLP,0.9,50,inner,SRSWOR_65_35,253,conf/sigmod/MankuRL99,True,4,LlPkfgH5fCIJ,X94gDE70Zn0J,True,0.9999802544645632,0.9999190175362224,6.123692834070216e-05,0.9000000000000002,True,correct,0.9000000000000002,True,correct,0.1,0.52497918747894,True,correct
DBLP,0.9,50,inner,SRSWOR_65_35,254,conf/sigmod/GuoSBS03,True,1,p_PDgjVRUS4J,p_PDgjVRUS4J,True,0.9999803155499754,8.666024945295287e-06,0.99997164952503,0.9000000000000002,True,correct,0.9000000000000002,True,correct,0.1,0.52497918747894,True,correct
DBLP,0.9,50,inner,SRSWOR_65_35,255,journals/vldb/FiebigHKMNSW02,True,1,w_FOwUavk0kJ,w_FOwUavk0kJ,True,0.9999760314576568,9.717257945744015e-06,0.999966314199711,0.9000000000000002,True,correct,0.9000000000000002,True,correct,0.1,0.52497918747894,True,correct
DBLP,0.9,50,inner,SRSWOR_65_35,256,journals/sigmod/FrewD97,True,2,5jMT1PENhSIJ,5jMT1PENhSIJ,True,0.9999836172648338,0.9999791974980278,4.419766805985326e-06,0.9000000000000002,True,correct,0.9000000000000002,True,correct,0.1,0.52497918747894,True,correct
DBLP,0.9,50,inner,SRSWOR_65_35,257,conf/sigmod/KangN03,True,1,ABztkd0E9lUJ,ABztkd0E9lUJ,True,0.9999877508108604,8.830189195858423e-06,0.9999789206216644,0.9000000000000002,True,correct,0.9000000000000002,True,correct,0.1,0.52497918747894,True,correct
DBLP,0.9,50,inner,SRSWOR_65_35,258,conf/sigmod/CookKWZ96,True,1,5MTgNlhnyTgJ,5MTgNlhnyTgJ,True,0.9999833350757878,0.0003458567211685,0.9996374783546192,0.9000000000000002,True,correct,0.9000000000000002,True,correct,0.1,0.52497918747894,True,correct
DBLP,0.9,50,inner,SRSWOR_65_35,259,conf/sigmod/AdamY98,True,1,url:http://portal.acm.org/ft_gateway.cfm%3Fid%3D276350%26type%3Dpdf%26dl%3DGUIDE%26dl%3DACM%26CFID%3D11111111%26CFTOKEN%3D2222222,url:http://portal.acm.org/ft_gateway.cfm%3Fid%3D276350%26type%3Dpdf%26dl%3DGUIDE%26dl%3DACM%26CFID%3D11111111%26CFTOKEN%3D2222222,True,0.9999559934021248,0.0020681796916239,0.9978878137105008,0.9000000000000002,True,correct,0.9000000000000002,True,correct,0.1,0.52497918747894,True,correct
DBLP,0.9,50,inner,SRSWOR_65_35,260,conf/sigmod/MaddenSHR02,True,8,7n7LvbccBZoJ,dLP8AfWQ7r0J,True,0.9999866497337144,0.9999838840436908,2.7656900235539794e-06,0.9000000000000002,True,correct,0.9000000000000002,True,correct,0.1,0.52497918747894,True,correct
DBLP,0.9,50,inner,SRSWOR_65_35,261,conf/vldb/GarofalakisG01,True,3,PIhBWXtNTvUJ,rcSfDxBif40J,True,0.9999669352248628,0.9999649837598116,1.9514650514418364e-06,0.9000000000000002,True,correct,0.9000000000000002,True,correct,0.1,0.52497918747894,True,correct
DBLP,0.9,50,inner,SRSWOR_65_35,262,conf/sigmod/2002,False,0,,rdq68lTjhsYJ,False,3.687903561842458e-05,2.414574654530515e-05,1.2733289073119434e-05,0.9000000000000002,False,unmatched_abstention,0.9000000000000002,False,unmatched_abstention,0.1,0.52497918747894,False,unmatched_abstention
DBLP,0.9,50,inner,SRSWOR_65_35,263,conf/sigmod/WangCMSSZ94,True,4,_Xj-7At79joJ,ZM65itnp_E4J,True,0.9999818716684092,0.9999165094543764,6.536221403274922e-05,0.9000000000000002,True,correct,0.9000000000000002,True,correct,0.1,0.52497918747894,True,correct
DBLP,0.9,50,inner,SRSWOR_65_35,264,journals/vldb/VerykiosME03,True,1,khdP4spNnPoJ,khdP4spNnPoJ,True,0.9999877152238577,6.396391216550989e-06,0.999981318832641,0.9000000000000002,True,correct,0.9000000000000002,True,correct,0.1,0.52497918747894,True,correct
DBLP,0.9,50,inner,SRSWOR_65_35,265,conf/sigmod/MattosM95,True,1,wF_GdZPkCnQJ,wF_GdZPkCnQJ,True,0.9999712070406934,8.365275484855162e-06,0.9999628417652086,0.9000000000000002,True,correct,0.9000000000000002,True,correct,0.1,0.52497918747894,True,correct
DBLP,0.9,50,inner,SRSWOR_65_35,266,journals/sigmod/Ley00,False,0,,DPf__9SuvxoJ,False,0.0006702773616224,0.0004386564860973,0.000231620875525,0.9000000000000002,False,unmatched_abstention,0.9000000000000002,False,unmatched_abstention,0.1,0.52497918747894,False,unmatched_abstention
DBLP,0.9,50,inner,SRSWOR_65_35,267,conf/vldb/May01,True,1,Fb4oYRM9N4EJ,Fb4oYRM9N4EJ,True,0.9999834634522362,1.3697099586027509e-05,0.9999697663526502,0.9000000000000002,True,correct,0.9000000000000002,True,correct,0.1,0.52497918747894,True,correct
DBLP,0.9,50,inner,SRSWOR_65_35,268,conf/sigmod/BertinoCF01,True,1,JSzfxAgs4pgJ,JSzfxAgs4pgJ,True,0.999988502102698,0.9703276091735044,0.0296608929291934,0.9000000000000002,True,correct,0.9000000000000002,True,correct,0.1,0.52497918747894,True,correct
DBLP,0.9,50,inner,SRSWOR_65_35,269,conf/vldb/CareyD96,True,7,5HV8kccLoZ4J,5xe-dQqXfI8J,True,0.9999861181520048,0.999980066019871,6.0521321337825285e-06,0.9000000000000002,True,correct,0.9000000000000002,True,correct,0.1,0.52497918747894,True,correct
DBLP,0.9,50,inner,SRSWOR_65_35,270,conf/vldb/NatsevCSLV01,True,4,173qcCip5coJ,2CYtbbiwv-AJ,True,0.9999860131856236,0.9999795699812728,6.443204351058718e-06,0.9000000000000002,True,correct,0.9000000000000002,True,correct,0.1,0.52497918747894,True,correct
DBLP,0.9,50,inner,SRSWOR_65_35,271,conf/sigmod/LeeWMS01,True,3,4rJJdFvMmgYJ,OFXL5KsJiWcJ,True,0.9999858754166056,0.9993141482663044,0.0006717271503012,0.9000000000000002,True,correct,0.9000000000000002,True,correct,0.1,0.52497918747894,True,correct
DBLP,0.9,50,inner,SRSWOR_65_35,272,conf/sigmod/AltinelLKMPLWB02,True,2,HtYTQ-fN8ccJ,HtYTQ-fN8ccJ,True,0.9999857849053654,0.9999700512700408,1.573363532458849e-05,0.9000000000000002,True,correct,0.9000000000000002,True,correct,0.1,0.52497918747894,True,correct
DBLP,0.9,50,inner,SRSWOR_65_35,273,conf/vldb/EicklerGK95,True,1,63QhLG57QssJ,63QhLG57QssJ,True,0.9999846889105032,1.0513107071756766e-05,0.9999741758034314,0.9000000000000002,True,correct,0.9000000000000002,True,correct,0.1,0.52497918747894,True,correct
DBLP,0.9,50,inner,SRSWOR_65_35,274,journals/sigmod/KennedyMB96,True,1,vBYtmDEYeK0J,vBYtmDEYeK0J,True,0.9999882345811254,7.123359917551456e-05,0.99991700098195,0.9000000000000002,True,correct,0.9000000000000002,True,correct,0.1,0.52497918747894,True,correct
DBLP,0.9,50,inner,SRSWOR_65_35,275,conf/sigmod/MassariPSC95,True,1,O2FrN68p5PUJ,O2FrN68p5PUJ,True,0.9999713555900828,0.9993545743920446,0.0006167811980382,0.9000000000000002,True,correct,0.9000000000000002,True,correct,0.1,0.52497918747894,True,correct
DBLP,0.9,50,inner,SRSWOR_65_35,276,conf/sigmod/OriaOILY00,True,2,9SbEzfHLSooJ,xdUDA920uhMJ,True,0.9999851051764912,0.9853939892326434,0.0145911159438478,0.9000000000000002,True,correct,0.9000000000000002,True,correct,0.1,0.52497918747894,True,correct
DBLP,0.9,50,inner,SRSWOR_65_35,277,conf/vldb/XinHLW03,True,1,v0rD-1nzJmYJ,v0rD-1nzJmYJ,True,0.9999865455024436,8.157075990822169e-06,0.9999783884264528,0.9000000000000002,True,correct,0.9000000000000002,True,correct,0.1,0.52497918747894,True,correct
DBLP,0.9,50,inner,SRSWOR_65_35,278,journals/sigmod/Suciu01,True,2,_vOvQUzSV-gJ,_vOvQUzSV-gJ,True,0.9999865055386872,0.9999373335605642,4.9171978123041526e-05,0.9000000000000002,True,correct,0.9000000000000002,True,correct,0.1,0.52497918747894,True,correct
DBLP,0.9,50,inner,SRSWOR_65_35,279,journals/tods/DeyS96,True,3,Jfo57_VwkfUJ,uZVc1wSi3y4J,True,0.9999853425832584,0.9999310492012502,5.429338200813039e-05,0.9000000000000002,True,correct,0.9000000000000002,True,correct,0.1,0.52497918747894,True,correct
DBLP,0.9,50,inner,SRSWOR_65_35,280,conf/sigmod/Edelstein95,True,1,url:http://portal.acm.org/citation.cfm%3Fid%3D223868,url:http://portal.acm.org/citation.cfm%3Fid%3D223868,True,0.9999840235718804,1.461635052139077e-05,0.9999694072213592,0.9000000000000002,True,correct,0.9000000000000002,True,correct,0.1,0.52497918747894,True,correct
DBLP,0.9,50,inner,SRSWOR_65_35,281,journals/vldb/MedjahedBE03,True,2,M0FH31YCEU0J,YqXx_xeZE2gJ,True,0.999986579551351,0.9998983900290214,8.818952232958477e-05,0.9000000000000002,True,correct,0.9000000000000002,True,correct,0.1,0.52497918747894,True,correct
DBLP,0.9,50,inner,SRSWOR_65_35,282,conf/sigmod/GibbsBT94,True,7,28mTFsC-KCIJ,iS9rQqelSjMJ,True,0.9999846709985104,0.9999811878011972,3.4831973132476435e-06,0.9000000000000002,True,correct,0.9000000000000002,True,correct,0.1,0.52497918747894,True,correct
DBLP,0.9,50,inner,SRSWOR_65_35,283,journals/vldb/FerrariAABC02,True,1,74D4YiDcxfcJ,74D4YiDcxfcJ,True,0.9999872026076424,3.599052914059944e-05,0.999951212078502,0.9000000000000002,True,correct,0.9000000000000002,True,correct,0.1,0.52497918747894,True,correct
DBLP,0.9,50,inner,SRSWOR_65_35,284,conf/vldb/Keogh02,True,1,rKIsQpbRiM0J,rKIsQpbRiM0J,True,0.9997169493019163,1.5524460516339762e-05,0.9997014248414,0.9000000000000002,True,correct,0.9000000000000002,True,correct,0.1,0.52497918747894,True,correct
DBLP,0.9,50,inner,SRSWOR_65_35,285,journals/sigmod/RossNO03,False,0,,CGvD6Du5kaoJ,False,0.006806777130613,0.0065011737376038,0.0003056033930092,0.9000000000000002,False,unmatched_abstention,0.9000000000000002,False,unmatched_abstention,0.1,0.52497918747894,False,unmatched_abstention
DBLP,0.9,50,inner,SRSWOR_65_35,286,journals/sigmod/NadoH97,True,1,yN9f4dSKC9QJ,yN9f4dSKC9QJ,True,0.9999806122384628,1.7177625587149237e-05,0.9999634346128756,0.9000000000000002,True,correct,0.9000000000000002,True,correct,0.1,0.52497918747894,True,correct
DBLP,0.9,50,inner,SRSWOR_65_35,287,journals/sigmod/WangD03,False,0,,enUg70kEpM8J,False,0.9996536646883932,7.553331716642935e-06,0.9996461113566766,0.9000000000000002,True,false_link,0.9000000000000002,True,false_link,0.1,0.52497918747894,True,false_link
DBLP,0.9,50,inner,SRSWOR_65_35,288,conf/vldb/Slutz98,True,1,1blbGQk5ZpUJ,1blbGQk5ZpUJ,True,0.9999815243654312,8.518452347390702e-06,0.999973005913084,0.9000000000000002,True,correct,0.9000000000000002,True,correct,0.1,0.52497918747894,True,correct
DBLP,0.9,50,inner,SRSWOR_65_35,289,journals/sigmod/BertinoEH01,True,2,Rba70P6SqQYJ,Rba70P6SqQYJ,True,0.9999869437319362,0.9992783223774726,0.0007086213544635,0.9000000000000002,True,correct,0.9000000000000002,True,correct,0.1,0.52497918747894,True,correct
DBLP,0.9,50,inner,SRSWOR_65_35,290,journals/tods/LakshmananSS01,True,1,FqrVkPwzd3kJ,FqrVkPwzd3kJ,True,0.999987079166737,0.0001458549251903,0.9998412242415466,0.9000000000000002,True,correct,0.9000000000000002,True,correct,0.1,0.52497918747894,True,correct
DBLP,0.9,50,inner,SRSWOR_65_35,291,conf/vldb/DingGS00,True,2,I5fV3jpcrmAJ,I5fV3jpcrmAJ,True,0.9999806405617772,0.9999664139713892,1.4226590388188852e-05,0.9000000000000002,True,correct,0.9000000000000002,True,correct,0.1,0.52497918747894,True,correct
DBLP,0.9,50,inner,SRSWOR_65_35,292,conf/vldb/SubietaKL95,True,1,gEFY87Ma0XUJ,gEFY87Ma0XUJ,True,0.9999862365530972,9.848673729134578e-06,0.9999763878793682,0.9000000000000002,True,correct,0.9000000000000002,True,correct,0.1,0.52497918747894,True,correct
DBLP,0.9,50,inner,SRSWOR_65_35,293,conf/vldb/SayalCDS02,True,1,0acvmJtaI8QJ,0acvmJtaI8QJ,True,0.9999784091504872,3.1512097163811664e-05,0.9999468970533232,0.9000000000000002,True,correct,0.9000000000000002,True,correct,0.1,0.52497918747894,True,correct
DBLP,0.9,50,inner,SRSWOR_65_35,294,conf/vldb/BernsteinHSSZ97,True,3,62aA4DYB0MQJ,L2c8XblCSicJ,True,0.9999840347207888,0.9999809870432692,3.0476775196852657e-06,0.9000000000000002,True,correct,0.9000000000000002,True,correct,0.1,0.52497918747894,True,correct
DBLP,0.9,50,inner,SRSWOR_65_35,295,conf/vldb/Cuppens96,True,1,8_HtXom0CVgJ,8_HtXom0CVgJ,True,0.9999876032669324,1.120815097661273e-05,0.9999763951159556,0.9000000000000002,True,correct,0.9000000000000002,True,correct,0.1,0.52497918747894,True,correct
DBLP,0.9,50,inner,SRSWOR_65_35,296,conf/vldb/Amer-YahiaFSX03,True,1,fcB_7jx0pOMJ,fcB_7jx0pOMJ,True,0.999987234884092,0.1665650282606013,0.8334222066234906,0.9000000000000002,True,correct,0.9000000000000002,True,correct,0.1,0.52497918747894,True,correct
DBLP,0.9,50,inner,SRSWOR_65_35,297,conf/vldb/LimWV03,True,1,aPJnWocHLUwJ,aPJnWocHLUwJ,True,0.999987833388803,7.251255710041944e-06,0.999980582133093,0.9000000000000002,True,correct,0.9000000000000002,True,correct,0.1,0.52497918747894,True,correct
DBLP,0.9,50,inner,SRSWOR_65_35,298,conf/sigmod/Al-KhalifaYJ03,True,1,boJKiPCpIxkJ,boJKiPCpIxkJ,True,0.9999871361659348,2.480298486201789e-05,0.9999623331810727,0.9000000000000002,True,correct,0.9000000000000002,True,correct,0.1,0.52497918747894,True,correct
DBLP,0.9,50,inner,SRSWOR_65_35,299,conf/vldb/RamakrishnanR96,True,1,3y1e-H-FdC0J,3y1e-H-FdC0J,True,0.9999643706021402,1.1696973275962188e-05,0.9999526736288642,0.9000000000000002,True,correct,0.9000000000000002,True,correct,0.1,0.52497918747894,True,correct
DBLP,0.9,50,inner,SRSWOR_65_35,300,journals/vldb/DesslochHMMT98,True,1,4D2HQE6fXXEJ,4D2HQE6fXXEJ,True,0.9999696508841154,2.077361749599184e-05,0.9999488772666194,0.9000000000000002,True,correct,0.9000000000000002,True,correct,0.1,0.52497918747894,True,correct
DBLP,0.9,50,inner,SRSWOR_65_35,301,journals/sigmod/Halevy03,True,1,706PCMwA_E4J,706PCMwA_E4J,True,0.9999885325016242,1.3497537389430388e-05,0.9999750349642348,0.9000000000000002,True,correct,0.9000000000000002,True,correct,0.1,0.52497918747894,True,correct
DBLP,0.9,50,inner,SRSWOR_65_35,302,conf/vldb/LiCHH97,True,2,DmGBKpaiyGEJ,DmGBKpaiyGEJ,True,0.9999746279179208,0.9958648146211356,0.0041098132967852,0.9000000000000002,True,correct,0.9000000000000002,True,correct,0.1,0.52497918747894,True,correct
DBLP,0.9,50,inner,SRSWOR_65_35,303,conf/vldb/BlottKS98,False,0,,Phju6OZ7owkJ,False,1.4071503574578514e-05,6.943286020441803e-06,7.128217554136711e-06,0.9000000000000002,False,unmatched_abstention,0.9000000000000002,False,unmatched_abstention,0.1,0.52497918747894,False,unmatched_abstention
DBLP,0.9,50,inner,SRSWOR_65_35,304,conf/sigmod/DeshpandeRSN98,True,1,BXB96UFPHn8J,BXB96UFPHn8J,True,0.9999502625600236,1.5584774706454236e-05,0.9999346777853172,0.9000000000000002,True,correct,0.9000000000000002,True,correct,0.1,0.52497918747894,True,correct
DBLP,0.9,50,inner,SRSWOR_65_35,305,conf/sigmod/TaoP02,True,1,fDWfHiQ6BR4J,fDWfHiQ6BR4J,True,0.9999840541062128,2.526591461592697e-05,0.999958788191597,0.9000000000000002,True,correct,0.9000000000000002,True,correct,0.1,0.52497918747894,True,correct
DBLP,0.9,50,inner,SRSWOR_65_35,306,journals/sigmod/JukicV97,True,1,yZbJS0Cd6cAJ,yZbJS0Cd6cAJ,True,0.9999872051825096,9.773438798304398e-06,0.9999774317437112,0.9000000000000002,True,correct,0.9000000000000002,True,correct,0.1,0.52497918747894,True,correct
DBLP,0.9,50,inner,SRSWOR_65_35,307,conf/sigmod/GreenwaldK01,True,2,8but_7FuryIJ,8but_7FuryIJ,True,0.9999852413828084,0.9999467279738564,3.851340895177913e-05,0.9000000000000002,True,correct,0.9000000000000002,True,correct,0.1,0.52497918747894,True,correct
DBLP,0.9,50,inner,SRSWOR_65_35,308,journals/vldb/ManegoldBK00,True,5,6GAoBRINv7kJ,xWYu2JWiF_kJ,True,0.9999781990413448,0.9999602803587558,1.7918682588824453e-05,0.9000000000000002,True,correct,0.9000000000000002,True,correct,0.1,0.52497918747894,True,correct
DBLP,0.9,50,inner,SRSWOR_65_35,309,conf/vldb/ChoG00,True,6,0ofvccnIJ-0J,9MI4jOOqkn4J,True,0.9999833739514622,0.9999821944018784,1.1795495837851888e-06,0.9000000000000002,True,correct,0.9000000000000002,True,correct,0.1,0.52497918747894,True,correct
DBLP,0.9,50,inner,SRSWOR_65_35,310,conf/vldb/SreenathS94,True,1,sUcJBJwvKTUJ,sUcJBJwvKTUJ,True,0.9999845803296832,1.693830257167638e-05,0.9999676420271116,0.9000000000000002,True,correct,0.9000000000000002,True,correct,0.1,0.52497918747894,True,correct
DBLP,0.9,50,inner,SRSWOR_65_35,311,conf/sigmod/Gray95,False,0,,jiJgbmwO0lAJ,False,0.0056919676876282,0.0009853668505188,0.0047066008371094,0.9000000000000002,False,unmatched_abstention,0.9000000000000002,False,unmatched_abstention,0.1,0.52497918747894,False,unmatched_abstention
DBLP,0.9,50,inner,SRSWOR_65_35,312,conf/sigmod/ChakrabartiM99,True,1,Jg81WYtxtZoJ,Jg81WYtxtZoJ,True,0.9999870499920648,1.6456581704088557e-05,0.9999705934103608,0.9000000000000002,True,correct,0.9000000000000002,True,correct,0.1,0.52497918747894,True,correct
DBLP,0.9,50,inner,SRSWOR_65_35,313,journals/sigmod/GunopulosK01,False,0,,AN7we1d1uekJ,False,1.1772759204139007e-05,1.0381197687190576e-05,1.3915615169484314e-06,0.9000000000000002,False,unmatched_abstention,0.9000000000000002,False,unmatched_abstention,0.1,0.52497918747894,False,unmatched_abstention
DBLP,0.9,50,inner,SRSWOR_65_35,314,conf/vldb/PellenkoftLK97,True,2,793XPMTdcBEJ,793XPMTdcBEJ,True,0.999984248052658,0.9999839590237528,2.890289052537298e-07,0.9000000000000002,True,correct,0.9000000000000002,True,correct,0.1,0.52497918747894,True,correct
DBLP,0.9,50,inner,SRSWOR_65_35,315,conf/sigmod/RossSS96,True,1,iurxdvB6oLAJ,iurxdvB6oLAJ,True,0.9999714661180176,9.125269124469315e-06,0.9999623408488932,0.9000000000000002,True,correct,0.9000000000000002,True,correct,0.1,0.52497918747894,True,correct
DBLP,0.9,50,inner,SRSWOR_65_35,316,conf/sigmod/PatelD96,True,5,Goan1fI4O_oJ,oPdpBiAjcisJ,True,0.9999841456619114,0.9999834260029342,7.196589771885087e-07,0.9000000000000002,True,correct,0.9000000000000002,True,correct,0.1,0.52497918747894,True,correct
DBLP,0.9,50,inner,SRSWOR_65_35,317,conf/vldb/WeberSB98,True,5,6D0Qt6Sjp8cJ,6D0Qt6Sjp8cJ,True,0.9999879933750904,0.9999851996063636,2.7937687270274125e-06,0.9000000000000002,True,correct,0.9000000000000002,True,correct,0.1,0.52497918747894,True,correct
DBLP,0.9,50,inner,SRSWOR_65_35,318,conf/sigmod/OlstonJW03,True,2,D1h_jOHVyA4J,D1h_jOHVyA4J,True,0.9999875358984148,0.976836287201957,0.0231512486964579,0.9000000000000002,True,correct,0.9000000000000002,True,correct,0.1,0.52497918747894,True,correct
DBLP,0.9,50,inner,SRSWOR_65_35,319,journals/sigmod/Franklin98a,False,0,,diQK7Y_z3XwJ,False,0.0005485987079381,0.0001845347149884,0.0003640639929496,0.9000000000000002,False,unmatched_abstention,0.9000000000000002,False,unmatched_abstention,0.1,0.52497918747894,False,unmatched_abstention
DBLP,0.9,50,inner,SRSWOR_65_35,320,conf/vldb/TanSHCR01,True,2,004z3CTw0DEJ,hPcNG0tPwgIJ,True,0.9999880024746072,0.9999836182178418,4.384256765410655e-06,0.9000000000000002,True,correct,0.9000000000000002,True,correct,0.1,0.52497918747894,True,correct
DBLP,0.9,50,inner,SRSWOR_65_35,321,journals/sigmod/WeikumSR03,False,0,,url:http://portal.acm.org/ft_gateway.cfm%3Fid%3D1083797%26type%3Dpdf,False,0.000128506928279,1.386843056550499e-05,0.0001146384977135,0.9000000000000002,False,unmatched_abstention,0.9000000000000002,False,unmatched_abstention,0.1,0.52497918747894,False,unmatched_abstention
DBLP,0.9,50,inner,SRSWOR_65_35,322,conf/sigmod/ChanI98,True,4,39AOIRe9qSQJ,39AOIRe9qSQJ,True,0.9999847077641136,0.9999826620083784,2.0457557351472037e-06,0.9000000000000002,True,correct,0.9000000000000002,True,correct,0.1,0.52497918747894,True,correct
DBLP,0.9,50,inner,SRSWOR_65_35,323,conf/vldb/DarmontS99,True,2,1GWsEQSvJmoJ,Ebi8v9FZXcgJ,True,0.999988275173112,0.9999821075907032,6.167582408678207e-06,0.9000000000000002,True,correct,0.9000000000000002,True,correct,0.1,0.52497918747894,True,correct
DBLP,0.9,50,inner,SRSWOR_65_35,324,conf/vldb/ManolescuFK01,True,4,ckjlnFHOwd8J,O8eIfc2eSjcJ,True,0.9965014024907204,0.869493866121347,0.1270075363693732,0.9000000000000002,True,correct,0.9000000000000002,True,correct,0.1,0.52497918747894,True,correct
DBLP,0.9,50,inner,SRSWOR_65_35,325,conf/sigmod/BabcockCD03,True,1,mbhZ3gSR3NMJ,mbhZ3gSR3NMJ,True,0.9999841485192652,8.315737741058008e-06,0.999975832781524,0.9000000000000002,True,correct,0.9000000000000002,True,correct,0.1,0.52497918747894,True,correct
DBLP,0.9,50,inner,SRSWOR_65_35,326,conf/sigmod/Rodriguez-Martinez00,True,1,ZX_Rn4h2st0J,ZX_Rn4h2st0J,True,0.999978172371546,0.0001027438910944,0.9998754284804516,0.9000000000000002,True,correct,0.9000000000000002,True,correct,0.1,0.52497918747894,True,correct
DBLP,0.9,50,inner,SRSWOR_65_35,327,conf/vldb/PapadimitriouBF03,True,1,pAvCmcv_-lMJ,pAvCmcv_-lMJ,True,0.999979798362994,0.999654445006392,0.0003253533566017,0.9000000000000002,True,correct,0.9000000000000002,True,correct,0.1,0.52497918747894,True,correct
DBLP,0.9,50,inner,SRSWOR_65_35,328,journals/sigmod/WestmannKHM00,True,5,9jyzas_rFd4J,9jyzas_rFd4J,True,0.9999822355488084,0.99997496925814,7.266290668273001e-06,0.9000000000000002,True,correct,0.9000000000000002,True,correct,0.1,0.52497918747894,True,correct
DBLP,0.9,50,inner,SRSWOR_65_35,329,journals/sigmod/CabreraLM01,True,1,b201QeqnlNkJ,b201QeqnlNkJ,True,0.9999872382192252,7.616566750833417e-06,0.9999796216524742,0.9000000000000002,True,correct,0.9000000000000002,True,correct,0.1,0.52497918747894,True,correct
DBLP,0.9,50,inner,SRSWOR_65_35,330,conf/sigmod/HanKK97,True,3,MqdtZ_cUxDEJ,NIfccqToMb8J,True,0.9999647828615964,0.9996426541439226,0.0003221287176736,0.9000000000000002,True,correct,0.9000000000000002,True,correct,0.1,0.52497918747894,True,correct
DBLP,0.9,50,inner,SRSWOR_65_35,331,conf/vldb/BrinkhoffK94,True,2,egvBPvtoaMMJ,egvBPvtoaMMJ,True,0.9999849349634864,0.9998616508320296,0.0001232841314566,0.9000000000000002,True,correct,0.9000000000000002,True,correct,0.1,0.52497918747894,True,correct
DBLP,0.9,50,inner,SRSWOR_65_35,332,conf/sigmod/NguyenACP01,True,2,A57h1N3H3pgJ,VCiXh8qcrIMJ,True,0.9999782198843078,2.865626779942768e-05,0.9999495636165084,0.9000000000000002,True,correct,0.9000000000000002,True,correct,0.1,0.52497918747894,True,correct
DBLP,0.9,50,inner,SRSWOR_65_35,333,conf/sigmod/ButtlerLPP01,True,1,8TcpKdIK1r0J,8TcpKdIK1r0J,True,0.9999884785034976,6.93123196330305e-06,0.9999815472715344,0.9000000000000002,True,correct,0.9000000000000002,True,correct,0.1,0.52497918747894,True,correct
DBLP,0.9,50,inner,SRSWOR_65_35,334,conf/vldb/BrightR02,True,1,lovlkpxUzUsJ,lovlkpxUzUsJ,True,0.99998656953914,6.276689828132786e-06,0.999980292849312,0.9000000000000002,True,correct,0.9000000000000002,True,correct,0.1,0.52497918747894,True,correct
DBLP,0.9,50,inner,SRSWOR_65_35,335,journals/sigmod/VetterliVS00,True,3,dAF5Z861mZgJ,ZUMidTbSKiEJ,True,0.9999819499527952,0.999981861223322,8.872947343530059e-08,0.9000000000000002,True,correct,0.9000000000000002,True,correct,0.1,0.52497918747894,True,correct
DBLP,0.9,50,inner,SRSWOR_65_35,336,journals/vldb/TsatalosSI96,True,2,--1aoAaGkgQJ,zt5Ck1PrGf0J,True,0.9999835715335244,0.999961433053956,2.2138479568334368e-05,0.9000000000000002,True,correct,0.9000000000000002,True,correct,0.1,0.52497918747894,True,correct
DBLP,0.9,50,inner,SRSWOR_65_35,337,conf/sigmod/ConsensM94,True,1,u7rv6LAF8s8J,u7rv6LAF8s8J,True,0.9915894207460092,2.8118614722575995e-05,0.9915613021312863,0.9000000000000002,True,correct,0.9000000000000002,True,correct,0.1,0.52497918747894,True,correct
DBLP,0.9,50,inner,SRSWOR_65_35,338,journals/sigmod/KempsterST99,True,1,JfmkT9KvKWoJ,JfmkT9KvKWoJ,True,0.9999582764069598,0.9943203035914072,0.0056379728155525,0.9000000000000002,True,correct,0.9000000000000002,True,correct,0.1,0.52497918747894,True,correct
DBLP,0.9,50,inner,SRSWOR_65_35,339,journals/tods/DiaoAFZF03,True,2,fREDZIbZVdEJ,fREDZIbZVdEJ,True,0.9999881625971212,0.99997651110679,1.1651490331332504e-05,0.9000000000000002,True,correct,0.9000000000000002,True,correct,0.1,0.52497918747894,True,correct
DBLP,0.9,50,inner,SRSWOR_65_35,340,journals/sigmod/LinP96,True,1,mzEHvKsUv5QJ,mzEHvKsUv5QJ,True,0.9999861291753612,3.702287644504137e-05,0.9999491062989162,0.9000000000000002,True,correct,0.9000000000000002,True,correct,0.1,0.52497918747894,True,correct
DBLP,0.9,50,inner,SRSWOR_65_35,341,conf/vldb/YuAA03,True,1,4bvjebYsdRkJ,4bvjebYsdRkJ,True,0.9999828806266036,6.1800924770066535e-06,0.9999767005341266,0.9000000000000002,True,correct,0.9000000000000002,True,correct,0.1,0.52497918747894,True,correct
DBLP,0.9,50,inner,SRSWOR_65_35,342,conf/sigmod/ChoiC02,True,1,D8a4umAppIcJ,D8a4umAppIcJ,True,0.9999873564153372,0.0004453703670472,0.99954198604829,0.9000000000000002,True,correct,0.9000000000000002,True,correct,0.1,0.52497918747894,True,correct
DBLP,0.9,50,inner,SRSWOR_65_35,343,journals/sigmod/DunhamH95a,True,3,CiumYR8Q4WcJ,CyzIFxmvc1cJ,True,0.9999842871064082,0.9999763801497598,7.906956648429109e-06,0.9000000000000002,True,correct,0.9000000000000002,True,correct,0.1,0.52497918747894,True,correct
DBLP,0.9,50,inner,SRSWOR_65_35,344,journals/sigmod/KokkotosIPS95,True,1,-IvY8_ki_psJ,-IvY8_ki_psJ,True,0.9999880814011304,1.3137778396197187e-05,0.999974943622734,0.9000000000000002,True,correct,0.9000000000000002,True,correct,0.1,0.52497918747894,True,correct
DBLP,0.9,50,inner,SRSWOR_65_35,345,conf/vldb/DeutschPT99,True,1,0aJOXauNqYIJ,0aJOXauNqYIJ,True,0.999984165939484,3.06080903826891e-05,0.9999535578491012,0.9000000000000002,True,correct,0.9000000000000002,True,correct,0.1,0.52497918747894,True,correct
DBLP,0.9,50,inner,SRSWOR_65_35,346,journals/tods/GoldmanL94,True,1,VxMarpzwtzQJ,VxMarpzwtzQJ,True,0.999986340689942,1.5109265228606598e-05,0.9999712314247132,0.9000000000000002,True,correct,0.9000000000000002,True,correct,0.1,0.52497918747894,True,correct
DBLP,0.9,50,inner,SRSWOR_65_35,347,conf/vldb/GehaniJR94,True,2,MxYiwR2f9UYJ,MxYiwR2f9UYJ,True,0.999984211446664,0.9999800823808888,4.129065775182461e-06,0.9000000000000002,True,correct,0.9000000000000002,True,correct,0.1,0.52497918747894,True,correct
DBLP,0.9,50,inner,SRSWOR_65_35,348,conf/vldb/KraissW97,True,1,X6w3sK-vb2wJ,X6w3sK-vb2wJ,True,0.9999829343038844,2.0971533652960044e-05,0.9999619627702312,0.9000000000000002,True,correct,0.9000000000000002,True,correct,0.1,0.52497918747894,True,correct
DBLP,0.9,50,inner,SRSWOR_65_35,349,conf/vldb/MarianS03,True,3,Bv5AM_5dziMJ,JVvFcEnXBmkJ,True,0.9999797449273088,0.9999649589400804,1.4785987228371766e-05,0.9000000000000002,True,correct,0.9000000000000002,True,correct,0.1,0.52497918747894,True,correct
DBLP,0.9,50,inner,SRSWOR_65_35,350,conf/sigmod/Chakravarthy97,True,3,5Ng-bLUNAsQJ,5Ng-bLUNAsQJ,True,0.999983426303244,0.9998376533846552,0.0001457729185887,0.9000000000000002,True,correct,0.9000000000000002,True,correct,0.1,0.52497918747894,True,correct
DBLP,0.9,50,inner,SRSWOR_65_35,351,conf/sigmod/JagatheesanR03,True,4,fobv5DPqKUcJ,fobv5DPqKUcJ,True,0.9999797540039596,0.9999699764052926,9.777598666937948e-06,0.9000000000000002,True,correct,0.9000000000000002,True,correct,0.1,0.52497918747894,True,correct
DBLP,0.9,50,inner,SRSWOR_65_35,352,journals/vldb/BraumandlKKKKSS01,True,1,dURGvGhlWbsJ,dURGvGhlWbsJ,True,0.999986899779866,0.0958299465348536,0.9041569532450124,0.9000000000000002,True,correct,0.9000000000000002,True,correct,0.1,0.52497918747894,True,correct
DBLP,0.9,50,inner,SRSWOR_65_35,353,journals/vldb/KraissW98,True,3,K0aOFYBWg3AJ,LMz7v87sxxYJ,True,0.9999890123733668,0.9999884007133596,6.116600071992551e-07,0.9000000000000002,True,correct,0.9000000000000002,True,correct,0.1,0.52497918747894,True,correct
DBLP,0.9,50,inner,SRSWOR_65_35,354,conf/sigmod/NgLHM99,True,1,YemauUgIzlcJ,YemauUgIzlcJ,True,0.99997740444672,0.9998833630528804,9.404139383972776e-05,0.9000000000000002,True,correct,0.9000000000000002,True,correct,0.1,0.52497918747894,True,correct
DBLP,0.9,50,inner,SRSWOR_65_35,355,conf/sigmod/JonssonFS98,True,2,5fb1l1MyGisJ,5fb1l1MyGisJ,True,0.9999848296322414,0.9998085279825368,0.0001763016497045,0.9000000000000002,True,correct,0.9000000000000002,True,correct,0.1,0.52497918747894,True,correct
DBLP,0.9,50,inner,SRSWOR_65_35,356,journals/tods/WinslettSQ94,True,2,lvZTVlP7s7oJ,lvZTVlP7s7oJ,True,0.999984788242605,0.9999801861427898,4.60209981512083e-06,0.9000000000000002,True,correct,0.9000000000000002,True,correct,0.1,0.52497918747894,True,correct
DBLP,0.9,50,inner,SRSWOR_65_35,357,journals/sigmod/SofferMC02,False,0,,n_rgdg3xmCoJ,False,3.919332050591484e-05,1.1404504922666754e-05,2.7788815583248085e-05,0.9000000000000002,False,unmatched_abstention,0.9000000000000002,False,unmatched_abstention,0.1,0.52497918747894,False,unmatched_abstention
DBLP,0.9,50,inner,SRSWOR_65_35,358,journals/vldb/Navarro02,True,2,UDQsHc_ps4IJ,UDQsHc_ps4IJ,True,0.9999862369599868,0.9999684095218044,1.7827438182571598e-05,0.9000000000000002,True,correct,0.9000000000000002,True,correct,0.1,0.52497918747894,True,correct
DBLP,0.9,50,inner,SRSWOR_65_35,359,journals/sigmod/SnodgrassGIMSU98,False,0,,uPBlQ76s_g4J,False,0.1422789942400029,0.0117800073723146,0.1304989868676883,0.9000000000000002,False,unmatched_abstention,0.9000000000000002,False,unmatched_abstention,0.1,0.52497918747894,False,unmatched_abstention
DBLP,0.9,50,inner,SRSWOR_65_35,360,journals/sigmod/CoxEH96,True,1,pqzGz7zfpDgJ,pqzGz7zfpDgJ,True,0.9999748038639034,7.988533068867824e-06,0.9999668153308344,0.9000000000000002,True,correct,0.9000000000000002,True,correct,0.1,0.52497918747894,True,correct
DBLP,0.9,50,inner,SRSWOR_65_35,361,journals/tods/TaoP03,True,1,faqaX7J_Kl8J,faqaX7J_Kl8J,True,0.9999858095565743,6.663990353074188e-05,0.9999191696530436,0.9000000000000002,True,correct,0.9000000000000002,True,correct,0.1,0.52497918747894,True,correct
DBLP,0.9,50,inner,SRSWOR_65_35,362,journals/tods/BohlenJS00,True,1,6eheB6Kct4MJ,6eheB6Kct4MJ,True,0.9999156165963162,1.4230218035130651e-05,0.9999013863782812,0.9000000000000002,True,correct,0.9000000000000002,True,correct,0.1,0.52497918747894,True,correct
DBLP,0.9,50,inner,SRSWOR_65_35,363,conf/sigmod/BrodskySCE99,True,3,_cUSf4sG_28J,34a4H8ATLxcJ,True,0.9999712122298472,0.999967848317334,3.3639125133211323e-06,0.9000000000000002,True,correct,0.9000000000000002,True,correct,0.1,0.52497918747894,True,correct
DBLP,0.9,50,inner,SRSWOR_65_35,364,conf/vldb/GravanoG97,True,2,CduLyvAaxVsJ,CduLyvAaxVsJ,True,0.9999820261508428,0.999946492549271,3.553360157182439e-05,0.9000000000000002,True,correct,0.9000000000000002,True,correct,0.1,0.52497918747894,True,correct
DBLP,0.9,50,inner,SRSWOR_65_35,365,conf/vldb/MiloZ98,True,3,a7XtgKiAJFMJ,Nd7-CTB1lRgJ,True,0.9999885290671642,0.9999857194676944,2.8095994698551507e-06,0.9000000000000002,True,correct,0.9000000000000002,True,correct,0.1,0.52497918747894,True,correct
DBLP,0.9,50,inner,SRSWOR_65_35,366,journals/sigmod/Snodgrass02a,False,0,,url:http://portal.acm.org/citation.cfm%3Fid%3D1084805.1084832,False,0.0001704930905736,7.17971120402528e-05,9.86959785333506e-05,0.9000000000000002,False,unmatched_abstention,0.9000000000000002,False,unmatched_abstention,0.1,0.52497918747894,False,unmatched_abstention
DBLP,0.9,50,inner,SRSWOR_65_35,367,conf/sigmod/FreedmanD95,True,2,2bao_dZfCuQJ,dt4Mxy8b2hwJ,True,0.9999850066985988,0.9999534151155242,3.1591583074641605e-05,0.9000000000000002,True,correct,0.9000000000000002,True,correct,0.1,0.52497918747894,True,correct
DBLP,0.9,50,inner,SRSWOR_65_35,368,journals/sigmod/MusickM98,True,1,gt83e4uB09wJ,gt83e4uB09wJ,True,0.9999866419142004,3.020546898954197e-05,0.9999564364452108,0.9000000000000002,True,correct,0.9000000000000002,True,correct,0.1,0.52497918747894,True,correct
DBLP,0.9,50,inner,SRSWOR_65_35,369,conf/vldb/IoannidisLGP96,True,4,jazpbJzP6k8J,U04OC6OSBT0J,True,0.9999834965680364,0.999982162075775,1.334492261473308e-06,0.9000000000000002,True,correct,0.9000000000000002,True,correct,0.1,0.52497918747894,True,correct
DBLP,0.9,50,inner,SRSWOR_65_35,370,conf/sigmod/CeriFPP95,False,0,,LnNHfHLFsEcJ,False,9.51311215197781e-06,8.607446740812563e-06,9.056654111652472e-07,0.9000000000000002,False,unmatched_abstention,0.9000000000000002,False,unmatched_abstention,0.1,0.52497918747894,False,unmatched_abstention
DBLP,0.9,50,inner,SRSWOR_65_35,371,journals/vldb/ChakrabartiGRS01,True,4,2TVYDBNYioIJ,PTmCbogNUpAJ,True,0.9999727661480632,0.9998689043404372,0.0001038618076257,0.9000000000000002,True,correct,0.9000000000000002,True,correct,0.1,0.52497918747894,True,correct
DBLP,0.9,50,inner,SRSWOR_65_35,372,conf/sigmod/WhitneyS01,True,1,bZj9gl0_YUIJ,bZj9gl0_YUIJ,True,0.99998415436843,7.350639403114316e-06,0.9999768037290268,0.9000000000000002,True,correct,0.9000000000000002,True,correct,0.1,0.52497918747894,True,correct
DBLP,0.9,50,inner,SRSWOR_65_35,373,conf/sigmod/Cohen98,True,2,_ICk4vgjlgsJ,PSQ-qYD4aiAJ,True,0.9999794663415004,0.9999790142618272,4.5207967291904804e-07,0.9000000000000002,True,correct,0.9000000000000002,True,correct,0.1,0.52497918747894,True,correct
DBLP,0.9,50,inner,SRSWOR_65_35,374,conf/sigmod/ShuklaD00,True,3,07dT02YX07AJ,kcrWfQEI9G8J,True,0.999980922402475,0.9999585185738956,2.2403828579431465e-05,0.9000000000000002,True,correct,0.9000000000000002,True,correct,0.1,0.52497918747894,True,correct
DBLP,0.9,50,inner,SRSWOR_65_35,375,journals/sigmod/Qian97,True,1,url:http://portal.acm.org/citation.cfm%3Fid%3D248603.248618%26dl%3DGUIDE%26dl%3DACM%26idx%3DJ689%26part%3Dperiodical%26WantType%3Dperiodical%26title%3DACM%2520SIGMOD%2520Record%26CFID%3D11111111%26CFTOKEN%3D2222222,url:http://portal.acm.org/citation.cfm%3Fid%3D248603.248618%26dl%3DGUIDE%26dl%3DACM%26idx%3DJ689%26part%3Dperiodical%26WantType%3Dperiodical%26title%3DACM%2520SIGMOD%2520Record%26CFID%3D11111111%26CFTOKEN%3D2222222,True,0.9999886594620114,7.620519211803271e-06,0.9999810389427995,0.9000000000000002,True,correct,0.9000000000000002,True,correct,0.1,0.52497918747894,True,correct
DBLP,0.9,50,inner,SRSWOR_65_35,376,journals/vldb/JagadishACLNPPSWWY02,True,5,B10xHVasKUoJ,zaDlTkyGASQJ,True,0.999974043906864,0.9999641384957204,9.905411143540375e-06,0.9000000000000002,True,correct,0.9000000000000002,True,correct,0.1,0.52497918747894,True,correct
DBLP,0.9,50,inner,SRSWOR_65_35,377,conf/vldb/JoshiBLL98,True,1,RufEbUPZNbYJ,RufEbUPZNbYJ,True,0.9999876739276478,0.0002370347170564,0.9997506392105912,0.9000000000000002,True,correct,0.9000000000000002,True,correct,0.1,0.52497918747894,True,correct
DBLP,0.9,50,inner,SRSWOR_65_35,378,conf/sigmod/FaloutsosRM94,True,9,4bG39HmGrAQJ,AHu54TOP-eoJ,True,0.9999882289472136,0.9999832308610676,4.998086146068559e-06,0.9000000000000002,True,correct,0.9000000000000002,True,correct,0.1,0.52497918747894,True,correct
DBLP,0.9,50,inner,SRSWOR_65_35,379,conf/sigmod/GoelI96,True,2,_Vn4nSui5UMJ,hD6w1eBfjWcJ,True,0.9999843717661148,0.9999737832946464,1.058847146839792e-05,0.9000000000000002,True,correct,0.9000000000000002,True,correct,0.1,0.52497918747894,True,correct
DBLP,0.9,50,inner,SRSWOR_65_35,380,journals/tods/MehrotraRKS98,True,1,tAnONC5J2W8J,tAnONC5J2W8J,True,0.999987975304426,1.634953758175768e-05,0.9999716257668444,0.9000000000000002,True,correct,0.9000000000000002,True,correct,0.1,0.52497918747894,True,correct
DBLP,0.9,50,inner,SRSWOR_65_35,381,journals/vldb/ChakrabartiRS03,True,1,idfox84uNHUJ,idfox84uNHUJ,True,0.999982903190616,6.400174356571858e-06,0.9999765030162596,0.9000000000000002,True,correct,0.9000000000000002,True,correct,0.1,0.52497918747894,True,correct
DBLP,0.9,50,inner,SRSWOR_65_35,382,journals/vldb/ChirkovaHS02,True,1,NdmocXlpq9QJ,NdmocXlpq9QJ,True,0.999986907086338,9.475418937283554e-06,0.9999774316674006,0.9000000000000002,True,correct,0.9000000000000002,True,correct,0.1,0.52497918747894,True,correct
DBLP,0.9,50,inner,SRSWOR_65_35,383,conf/vldb/Duranti01,True,1,gQW6iYG5Vh0J,gQW6iYG5Vh0J,True,0.9999827532035456,0.4491449163575712,0.5508378368459745,0.9000000000000002,True,correct,0.9000000000000002,True,correct,0.1,0.52497918747894,True,correct
DBLP,0.9,50,inner,SRSWOR_65_35,384,journals/tods/Lerner00,True,2,ETqxTcvf7K4J,ETqxTcvf7K4J,True,0.9999862743947764,0.999926905581791,5.936881298529429e-05,0.9000000000000002,True,correct,0.9000000000000002,True,correct,0.1,0.52497918747894,True,correct
DBLP,0.9,50,inner,SRSWOR_65_35,385,journals/vldb/BohmAnY97,True,4,O7IuKWfq4RYJ,PALTnITURBcJ,True,0.9999871067633896,0.9999869947072556,1.1205613414944084e-07,0.9000000000000002,True,correct,0.9000000000000002,True,correct,0.1,0.52497918747894,True,correct
DBLP,0.9,50,inner,SRSWOR_65_35,386,conf/vldb/ManegoldBK00,True,3,-7hYJxFD-AsJ,JgdpgBpMDr4J,True,0.9999794631102128,0.9999791262755616,3.368346511711806e-07,0.9000000000000002,True,correct,0.9000000000000002,True,correct,0.1,0.52497918747894,True,correct
DBLP,0.9,50,inner,SRSWOR_65_35,387,journals/sigmod/LaenderRST02,True,4,34QnrkmS0Y8J,paQAZ2KXFgAJ,True,0.999984660820552,0.9999804166405366,4.244180015433585e-06,0.9000000000000002,True,correct,0.9000000000000002,True,correct,0.1,0.52497918747894,True,correct
DBLP,0.9,50,inner,SRSWOR_65_35,388,conf/vldb/AgrawalS94,True,20,_NISJ-0lKiAJ,P0age7qyZacJ,True,0.9999848042642218,0.9999846754127072,1.2885151445818366e-07,0.9000000000000002,True,correct,0.9000000000000002,True,correct,0.1,0.52497918747894,True,correct
DBLP,0.9,50,inner,SRSWOR_65_35,389,conf/sigmod/CuiOTS03,True,1,qx5oR09jmMwJ,qx5oR09jmMwJ,True,0.999980007801998,7.111221738415708e-06,0.9999728965802596,0.9000000000000002,True,correct,0.9000000000000002,True,correct,0.1,0.52497918747894,True,correct
DBLP,0.9,50,inner,SRSWOR_65_35,390,journals/sigmod/CarmelMS01,True,2,bolov3CrMYwJ,bolov3CrMYwJ,True,0.999981634421955,0.994937033669916,0.005044600752039,0.9000000000000002,True,correct,0.9000000000000002,True,correct,0.1,0.52497918747894,True,correct
DBLP,0.9,50,inner,SRSWOR_65_35,391,conf/vldb/Spaccapietra94,True,1,ZpVzTb1a7VoJ,ZpVzTb1a7VoJ,True,0.9999683667741328,2.441559551871196e-05,0.999943951178614,0.9000000000000002,True,correct,0.9000000000000002,True,correct,0.1,0.52497918747894,True,correct
DBLP,0.9,50,inner,SRSWOR_65_35,392,conf/vldb/FaloutsosG96,True,3,1T0QEMsUItoJ,vwcVawlOJn0J,True,0.9999858187694664,0.9999797742861816,6.044483284783908e-06,0.9000000000000002,True,correct,0.9000000000000002,True,correct,0.1,0.52497918747894,True,correct
DBLP,0.9,50,inner,SRSWOR_65_35,393,journals/sigmod/HellersteinHM03,True,1,6ussAgzdL6oJ,6ussAgzdL6oJ,True,0.9999861450928124,2.225849112115381e-05,0.9999638866016912,0.9000000000000002,True,correct,0.9000000000000002,True,correct,0.1,0.52497918747894,True,correct
DBLP,0.9,50,inner,SRSWOR_65_35,394,conf/vldb/RamsakMFZEB00,True,1,4fN0QEu0KeAJ,4fN0QEu0KeAJ,True,0.9999882427466296,6.854356432194405e-06,0.9999813883901972,0.9000000000000002,True,correct,0.9000000000000002,True,correct,0.1,0.52497918747894,True,correct
DBLP,0.9,50,inner,SRSWOR_65_35,395,conf/vldb/Levy96,True,2,G7CJNSIBp10J,lDTPyBMtHVwJ,True,0.9999818120125834,0.9999131523930676,6.865961951574295e-05,0.9000000000000002,True,correct,0.9000000000000002,True,correct,0.1,0.52497918747894,True,correct
DBLP,0.9,50,inner,SRSWOR_65_35,396,conf/sigmod/TatarinovIHW01,True,5,0dEQ9YTk3osJ,jfkafZcMjgIJ,True,0.999968225702032,0.9999538084262068,1.441727582529584e-05,0.9000000000000002,True,correct,0.9000000000000002,True,correct,0.1,0.52497918747894,True,correct
DBLP,0.9,50,inner,SRSWOR_65_35,397,conf/vldb/CatozziR01,True,2,UQY439hXMEgJ,x_mqIy3GCmAJ,True,0.9999863014634752,0.1637358956413774,0.8362504058220979,0.9000000000000002,True,correct,0.9000000000000002,True,correct,0.1,0.52497918747894,True,correct
DBLP,0.9,50,inner,SRSWOR_65_35,398,journals/tods/CeriFPT95,True,1,DoS7NkmUyYgJ,DoS7NkmUyYgJ,True,0.9996799041165731,0.9990456179791304,0.0006342861374428,0.9000000000000002,True,correct,0.9000000000000002,True,correct,0.1,0.52497918747894,True,correct
DBLP,0.9,50,inner,SRSWOR_65_35,399,journals/sigmod/ShahMFH01,True,1,7b-nJDMGtwUJ,7b-nJDMGtwUJ,True,0.9999794954002204,5.863786958339681e-06,0.999973631613262,0.9000000000000002,True,correct,0.9000000000000002,True,correct,0.1,0.52497918747894,True,correct
DBLP,0.9,50,inner,SRSWOR_65_35,400,conf/vldb/BerckenS01,True,3,A46cpXEm-8AJ,fhbW320LsusJ,True,0.999987149432795,0.999986888006003,2.6142679199203656e-07,0.9000000000000002,True,correct,0.9000000000000002,True,correct,0.1,0.52497918747894,True,correct
DBLP,0.9,50,inner,SRSWOR_65_35,401,conf/sigmod/AmbiteABKMMMPT98,True,3,iE-UE2bDGZ8J,iE-UE2bDGZ8J,True,0.9999872963099355,0.9999857918038874,1.5045060482998809e-06,0.9000000000000002,True,correct,0.9000000000000002,True,correct,0.1,0.52497918747894,True,correct
DBLP,0.9,50,inner,SRSWOR_65_35,402,conf/sigmod/AgrawalW00,True,1,wivJNEQEWzMJ,wivJNEQEWzMJ,True,0.9999897292509756,4.364654078449703e-05,0.9999460827101913,0.9000000000000002,True,correct,0.9000000000000002,True,correct,0.1,0.52497918747894,True,correct
DBLP,0.9,50,inner,SRSWOR_65_35,403,conf/sigmod/KalnisP01,True,1,-UHxodSX8oMJ,-UHxodSX8oMJ,True,0.999982088555088,1.364236026848293e-05,0.9999684461948194,0.9000000000000002,True,correct,0.9000000000000002,True,correct,0.1,0.52497918747894,True,correct
DBLP,0.9,50,inner,SRSWOR_65_35,404,journals/sigmod/BernsteinHP00,True,3,FFzJxlpy6TsJ,FFzJxlpy6TsJ,True,0.9999892310752904,0.9999824745926248,6.756482665459807e-06,0.9000000000000002,True,correct,0.9000000000000002,True,correct,0.1,0.52497918747894,True,correct
DBLP,0.9,50,inner,SRSWOR_65_35,405,journals/sigmod/Franklin97a,False,0,,diQK7Y_z3XwJ,False,0.0004752654589351,0.0001681660343292,0.0003070994246059,0.9000000000000002,False,unmatched_abstention,0.9000000000000002,False,unmatched_abstention,0.1,0.52497918747894,False,unmatched_abstention
DBLP,0.9,50,inner,SRSWOR_65_35,406,conf/sigmod/BohrerBBCFHKKMNRRSUUW97,True,4,oulaZpEWkMQJ,oulaZpEWkMQJ,True,0.9999838428942038,0.9999503385811296,3.3504313074250724e-05,0.9000000000000002,True,correct,0.9000000000000002,True,correct,0.1,0.52497918747894,True,correct
DBLP,0.9,50,inner,SRSWOR_65_35,407,conf/vldb/Bhashyam96,True,1,url:http://portal.acm.org/ft_gateway.cfm%3Fid%3D245908%26type%3Dpdf%26dl%3DGUIDE%26dl%3DACM%26CFID%3D11111111%26CFTOKEN%3D2222222,url:http://portal.acm.org/ft_gateway.cfm%3Fid%3D245908%26type%3Dpdf%26dl%3DGUIDE%26dl%3DACM%26CFID%3D11111111%26CFTOKEN%3D2222222,True,0.9999858393111816,6.885621027623058e-06,0.999978953690154,0.9000000000000002,True,correct,0.9000000000000002,True,correct,0.1,0.52497918747894,True,correct
DBLP,0.9,50,inner,SRSWOR_65_35,408,conf/sigmod/BabyCY01,True,1,rNoNn5hWsroJ,rNoNn5hWsroJ,True,0.9999803880270326,5.470971359438552e-05,0.9999256783134384,0.9000000000000002,True,correct,0.9000000000000002,True,correct,0.1,0.52497918747894,True,correct
DBLP,0.9,50,inner,SRSWOR_65_35,409,journals/vldb/BraumandlCKK00,True,1,snWxBtd7kK8J,snWxBtd7kK8J,True,0.9999812810208756,5.286242189436254e-05,0.9999284185989812,0.9000000000000002,True,correct,0.9000000000000002,True,correct,0.1,0.52497918747894,True,correct
DBLP,0.9,50,inner,SRSWOR_65_35,410,conf/sigmod/SchusterW01,True,1,59akjz-Qe9IJ,59akjz-Qe9IJ,True,0.9998359384887286,3.544449732948187e-05,0.9998004939913993,0.9000000000000002,True,correct,0.9000000000000002,True,correct,0.1,0.52497918747894,True,correct
DBLP,0.9,50,inner,SRSWOR_65_35,411,conf/sigmod/Cotton02,True,1,url:http://portal.acm.org/ft_gateway.cfm%3Fid%3D564792%26type%3Dpdf,url:http://portal.acm.org/ft_gateway.cfm%3Fid%3D564792%26type%3Dpdf,True,0.9999583188800428,0.0032704945527617,0.9966878243272812,0.9000000000000002,True,correct,0.9000000000000002,True,correct,0.1,0.52497918747894,True,correct
DBLP,0.9,50,inner,SRSWOR_65_35,412,conf/vldb/LaneEN00,True,2,0O3JgOoSdIUJ,EUNYWV7uBTwJ,True,0.999922632581632,0.9991771684315118,0.0007454641501202,0.9000000000000002,True,correct,0.9000000000000002,True,correct,0.1,0.52497918747894,True,correct
DBLP,0.9,50,inner,SRSWOR_65_35,413,conf/sigmod/WuAA01,True,2,Mj5XfzB2Rt8J,QKlyEeIFW24J,True,0.9994527622728424,0.0137587650847376,0.9856939971881048,0.9000000000000002,True,correct,0.9000000000000002,True,correct,0.1,0.52497918747894,True,correct
DBLP,0.9,50,inner,SRSWOR_65_35,414,journals/vldb/FengYLH02,True,1,Uxh3R2hfBOAJ,Uxh3R2hfBOAJ,True,0.9999890767317182,3.486300242004947e-05,0.9999542137292982,0.9000000000000002,True,correct,0.9000000000000002,True,correct,0.1,0.52497918747894,True,correct
DBLP,0.9,50,inner,SRSWOR_65_35,415,journals/sigmod/Alonso94a,False,0,,uzEcNW5U3V4J,False,0.0032043272653393,0.0004658320998373,0.0027384951655019,0.9000000000000002,False,unmatched_abstention,0.9000000000000002,False,unmatched_abstention,0.1,0.52497918747894,False,unmatched_abstention
DBLP,0.9,50,inner,SRSWOR_65_35,416,conf/sigmod/EmbleyJN99,True,3,54w4cIKL11UJ,x8uC_9_IzUEJ,True,0.9999846717586616,0.999979770678938,4.9010797235071735e-06,0.9000000000000002,True,correct,0.9000000000000002,True,correct,0.1,0.52497918747894,True,correct
DBLP,0.9,50,inner,SRSWOR_65_35,417,conf/vldb/ManegoldBK02,True,1,KB9ZbekVNzoJ,KB9ZbekVNzoJ,True,0.9999825659755188,0.0001137295584343,0.9998688364170844,0.9000000000000002,True,correct,0.9000000000000002,True,correct,0.1,0.52497918747894,True,correct
DBLP,0.9,50,inner,SRSWOR_65_35,418,conf/sigmod/KuhnTS94,True,1,JnV4W3TKPxMJ,JnV4W3TKPxMJ,True,0.9999858181473448,1.1934010196759716e-05,0.9999738841371482,0.9000000000000002,True,correct,0.9000000000000002,True,correct,0.1,0.52497918747894,True,correct
DBLP,0.9,50,inner,SRSWOR_65_35,419,conf/sigmod/CasatiS01,True,2,2_VG_VUkHH8J,7H9j9z0x_3UJ,True,0.9999872420766672,0.9999771031932628,1.0138883404398058e-05,0.9000000000000002,True,correct,0.9000000000000002,True,correct,0.1,0.52497918747894,True,correct
DBLP,0.9,50,inner,SRSWOR_65_35,420,journals/sigmod/Sidell96,True,1,url:http://portal.acm.org/ft_gateway.cfm%3Fid%3D245906%26type%3Dpdf%26dl%3DGUIDE%26dl%3DACM%26CFID%3D11111111%26CFTOKEN%3D2222222,url:http://portal.acm.org/ft_gateway.cfm%3Fid%3D245906%26type%3Dpdf%26dl%3DGUIDE%26dl%3DACM%26CFID%3D11111111%26CFTOKEN%3D2222222,True,0.9999795291817632,0.0015535916921646,0.9984259374895986,0.9000000000000002,True,correct,0.9000000000000002,True,correct,0.1,0.52497918747894,True,correct
DBLP,0.9,50,inner,SRSWOR_65_35,421,conf/sigmod/DarEGP98,True,1,ewnL82c8kiMJ,ewnL82c8kiMJ,True,0.9999882311023348,0.0038150068335674,0.9961732242687676,0.9000000000000002,True,correct,0.9000000000000002,True,correct,0.1,0.52497918747894,True,correct
DBLP,0.9,50,inner,SRSWOR_65_35,422,conf/sigmod/BettiniWBJ95,True,2,c57d3rgd3IcJ,c57d3rgd3IcJ,True,0.9999864796082122,0.9998819219234976,0.0001045576847147,0.9000000000000002,True,correct,0.9000000000000002,True,correct,0.1,0.52497918747894,True,correct
DBLP,0.9,50,inner,SRSWOR_65_35,423,conf/vldb/CherniackZ98,True,1,So_H9Oer6lsJ,So_H9Oer6lsJ,True,0.999985244929208,7.286533136023904e-06,0.999977958396072,0.9000000000000002,True,correct,0.9000000000000002,True,correct,0.1,0.52497918747894,True,correct
DBLP,0.9,50,inner,SRSWOR_65_35,424,conf/vldb/Vingralek02,False,0,,d8gRjk3iEi0J,False,7.096655932366861e-06,6.5605775704830265e-06,5.360783618838344e-07,0.9000000000000002,False,unmatched_abstention,0.9000000000000002,False,unmatched_abstention,0.1,0.52497918747894,False,unmatched_abstention
DBLP,0.9,50,inner,SRSWOR_65_35,425,journals/vldb/C95b,True,1,url:http://www.springerlink.com/index/J267M1G774146066.pdf,url:http://www.springerlink.com/index/J267M1G774146066.pdf,True,0.999948226771215,4.045429366541119e-05,0.9999077724775496,0.9000000000000002,True,correct,0.9000000000000002,True,correct,0.1,0.52497918747894,True,correct
DBLP,0.9,50,inner,SRSWOR_65_35,426,journals/sigmod/ButtlerCCFHLPRX02,True,1,JScvAMYcsmoJ,JScvAMYcsmoJ,True,0.999980147331072,8.72578398619253e-06,0.999971421547086,0.9000000000000002,True,correct,0.9000000000000002,True,correct,0.1,0.52497918747894,True,correct
DBLP,0.9,50,inner,SRSWOR_65_35,427,conf/sigmod/Stonebraker98,True,2,LjfcoraomoEJ,Tpkccl5rvR0J,True,0.999988472139904,0.9999835406559272,4.93148397695542e-06,0.9000000000000002,True,correct,0.9000000000000002,True,correct,0.1,0.52497918747894,True,correct
DBLP,0.9,50,inner,SRSWOR_65_35,428,conf/sigmod/GoyalHKMS96,True,1,uUcmU_hKF2kJ,uUcmU_hKF2kJ,True,0.99997865897664,0.999961157408888,1.75015677519319e-05,0.9000000000000002,True,correct,0.9000000000000002,True,correct,0.1,0.52497918747894,True,correct
DBLP,0.9,50,inner,SRSWOR_65_35,429,journals/tods/DeySB99,True,1,lUIjuGqk6q4J,lUIjuGqk6q4J,True,0.999982231296058,7.639408853930217e-06,0.9999745918872042,0.9000000000000002,True,correct,0.9000000000000002,True,correct,0.1,0.52497918747894,True,correct
DBLP,0.9,50,inner,SRSWOR_65_35,430,conf/sigmod/Ramanan02,True,1,VGe-IBWyMm4J,VGe-IBWyMm4J,True,0.999985956461558,0.999843821487887,0.0001421349736711,0.9000000000000002,True,correct,0.9000000000000002,True,correct,0.1,0.52497918747894,True,correct
DBLP,0.9,50,inner,SRSWOR_65_35,431,journals/sigmod/ClementLGMK97,True,2,J7Y20fYLGbcJ,J7Y20fYLGbcJ,True,0.9999876384120052,0.9999721726087776,1.546580322775437e-05,0.9000000000000002,True,correct,0.9000000000000002,True,correct,0.1,0.52497918747894,True,correct
DBLP,0.9,50,inner,SRSWOR_65_35,432,conf/sigmod/SimmenSM96,True,1,XVP8s4K0Bg4J,XVP8s4K0Bg4J,True,0.999987564168172,1.0525416143055413e-05,0.999977038752029,0.9000000000000002,True,correct,0.9000000000000002,True,correct,0.1,0.52497918747894,True,correct
DBLP,0.9,50,inner,SRSWOR_65_35,433,journals/sigmod/JaegerF95,True,2,oacFELqmw0cJ,oacFELqmw0cJ,True,0.999971997870108,0.9999483478875604,2.364998254755779e-05,0.9000000000000002,True,correct,0.9000000000000002,True,correct,0.1,0.52497918747894,True,correct
DBLP,0.9,50,inner,SRSWOR_65_35,434,conf/sigmod/SrikantA96,True,13,9t4Mce85HT4J,KVEv4thH4CgJ,True,0.9999873522788664,0.9999873306821494,2.159671708135136e-08,0.9000000000000002,True,correct,0.9000000000000002,True,correct,0.1,0.52497918747894,True,correct
DBLP,0.9,50,inner,SRSWOR_65_35,435,journals/sigmod/Aberer02,True,1,url:http://portal.acm.org/ft_gateway.cfm%3Fid%3D507353%26type%3Dpdf%26dl%3Dportal%26dl%3DACM%26CFID%3D11111111%26CFTOKEN%3D2222222,url:http://portal.acm.org/ft_gateway.cfm%3Fid%3D601865%26type%3Dpdf%26coll%3DGUIDE%26dl%3DACM%26CFID%3D11111111%26CFTOKEN%3D2222222,False,0.8891153320943813,0.5239340797006627,0.3651812523937185,0.9000000000000002,False,missing_match,0.9000000000000002,False,missing_match,0.1,0.52497918747894,True,false_link
DBLP,0.9,50,inner,SRSWOR_65_35,436,conf/sigmod/CranorJSS03,True,4,b0ayPKpqTwsJ,gya0M9b1KrgJ,True,0.9999868301835444,0.9999842053323788,2.6248511656445928e-06,0.9000000000000002,True,correct,0.9000000000000002,True,correct,0.1,0.52497918747894,True,correct
DBLP,0.9,50,inner,SRSWOR_65_35,437,conf/vldb/LitwinNS94,True,4,Ass0qgT-aa4J,Ass0qgT-aa4J,True,0.9999802642727846,0.999973039493784,7.224779000725157e-06,0.9000000000000002,True,correct,0.9000000000000002,True,correct,0.1,0.52497918747894,True,correct
DBLP,0.9,50,inner,SRSWOR_65_35,438,conf/sigmod/PoosalaIHS96,True,9,4eUqHKdkGNoJ,hHGQKstQ2PQJ,True,0.9999836235442922,0.9999831293414584,4.942028336563098e-07,0.9000000000000002,True,correct,0.9000000000000002,True,correct,0.1,0.52497918747894,True,correct
DBLP,0.9,50,inner,SRSWOR_65_35,439,conf/sigmod/LiskovACDGGMMS96,True,2,0Mj8N23H1QEJ,Ey7Mbh6IdQIJ,True,0.9999891954207978,0.999938381842124,5.0813578673869486e-05,0.9000000000000002,True,correct,0.9000000000000002,True,correct,0.1,0.52497918747894,True,correct
DBLP,0.9,50,inner,SRSWOR_65_35,440,conf/vldb/JagadishMN99,True,3,9rDll5YAQnoJ,RPWDtUmq6_QJ,True,0.9999873748261002,0.9999820528365204,5.321989579698538e-06,0.9000000000000002,True,correct,0.9000000000000002,True,correct,0.1,0.52497918747894,True,correct
DBLP,0.9,50,inner,SRSWOR_65_35,441,conf/vldb/YanG95,True,2,baVAtfo4WCoJ,lr_Kq9SZLY8J,True,0.9999862100794544,0.9999833754576732,2.834621781078184e-06,0.9000000000000002,True,correct,0.9000000000000002,True,correct,0.1,0.52497918747894,True,correct
DBLP,0.9,50,inner,SRSWOR_65_35,442,journals/sigmod/RashidS00,True,1,e0GH54HirssJ,e0GH54HirssJ,True,0.9999812738967816,1.4175592111967735e-05,0.9999670983046696,0.9000000000000002,True,correct,0.9000000000000002,True,correct,0.1,0.52497918747894,True,correct
DBLP,0.9,50,inner,SRSWOR_65_35,443,conf/vldb/NiermanJ02,True,1,1NZsxf_zwF4J,1NZsxf_zwF4J,True,0.9999850506876587,7.177987495949016e-06,0.9999778727001628,0.9000000000000002,True,correct,0.9000000000000002,True,correct,0.1,0.52497918747894,True,correct
DBLP,0.9,50,inner,SRSWOR_65_35,444,conf/vldb/Sterling98,True,1,LlP2Fn3bzUMJ,LlP2Fn3bzUMJ,True,0.9999848561566518,0.0150654732548856,0.9849193829017662,0.9000000000000002,True,correct,0.9000000000000002,True,correct,0.1,0.52497918747894,True,correct
DBLP,0.9,50,inner,SRSWOR_65_35,445,conf/vldb/AnanthakrishnaCG02,True,2,FFKP2GRm2LEJ,FFKP2GRm2LEJ,True,0.9999877311115514,0.9999634906276854,2.424048386595601e-05,0.9000000000000002,True,correct,0.9000000000000002,True,correct,0.1,0.52497918747894,True,correct
DBLP,0.9,50,inner,SRSWOR_65_35,446,conf/vldb/UrhanF01,True,1,0-FUXURm1FQJ,0-FUXURm1FQJ,True,0.9999864651851712,6.611452380408247e-06,0.9999798537327907,0.9000000000000002,True,correct,0.9000000000000002,True,correct,0.1,0.52497918747894,True,correct
DBLP,0.9,50,inner,SRSWOR_65_35,447,conf/sigmod/PossSKL02,True,1,c3QptREmhgAJ,c3QptREmhgAJ,True,0.9999867518688922,1.488630318711835e-05,0.999971865565705,0.9000000000000002,True,correct,0.9000000000000002,True,correct,0.1,0.52497918747894,True,correct
DBLP,0.9,50,inner,SRSWOR_65_35,448,journals/sigmod/Suciu97,False,0,,1sGr4qMsCeMJ,False,0.9962278384817714,0.0013298195968722,0.9948980188848991,0.9000000000000002,True,false_link,0.9000000000000002,True,false_link,0.1,0.52497918747894,True,false_link
DBLP,0.9,50,inner,SRSWOR_65_35,449,conf/vldb/Pogue98,True,1,bYLjqg3pPNgJ,bYLjqg3pPNgJ,True,0.9999853029855484,6.374999895768971e-05,0.9999215529865908,0.9000000000000002,True,correct,0.9000000000000002,True,correct,0.1,0.52497918747894,True,correct
DBLP,0.9,50,inner,SRSWOR_65_35,450,journals/sigmod/RossAJS02,False,0,,tOa0zXK5Ba4J,False,0.1146482520003949,0.0087470667867187,0.1059011852136761,0.9000000000000002,False,unmatched_abstention,0.9000000000000002,False,unmatched_abstention,0.1,0.52497918747894,False,unmatched_abstention
DBLP,0.9,50,inner,SRSWOR_65_35,451,journals/tods/GuoSW96,True,2,KoI8CRWkAYsJ,V8Ls_TYs6mgJ,True,0.9999858817865082,0.999813301847694,0.0001725799388142,0.9000000000000002,True,correct,0.9000000000000002,True,correct,0.1,0.52497918747894,True,correct
DBLP,0.9,50,inner,SRSWOR_65_35,452,journals/sigmod/AilamakiFFSV03,True,1,rMV2yNFwvggJ,rMV2yNFwvggJ,True,0.9999896722243524,6.223195809787155e-06,0.9999834490285426,0.9000000000000002,True,correct,0.9000000000000002,True,correct,0.1,0.52497918747894,True,correct
DBLP,0.9,50,inner,SRSWOR_65_35,453,conf/sigmod/FernandezFKLS97,True,3,4BpkEHas0LcJ,4BpkEHas0LcJ,True,0.9999863994164104,0.999982242323996,4.157092414414088e-06,0.9000000000000002,True,correct,0.9000000000000002,True,correct,0.1,0.52497918747894,True,correct
DBLP,0.9,50,inner,SRSWOR_65_35,454,journals/sigmod/MeltonE02,True,2,6uelfg3RgEoJ,6uelfg3RgEoJ,True,0.9999903170988468,0.0096872278394641,0.9903030892593828,0.9000000000000002,True,correct,0.9000000000000002,True,correct,0.1,0.52497918747894,True,correct
DBLP,0.9,50,inner,SRSWOR_65_35,455,conf/sigmod/FaloutsosSTT00,True,3,qsWDIfzBxiQJ,qsWDIfzBxiQJ,True,0.9999836554666456,0.9999791016568448,4.553809800800224e-06,0.9000000000000002,True,correct,0.9000000000000002,True,correct,0.1,0.52497918747894,True,correct
DBLP,0.9,50,inner,SRSWOR_65_35,456,conf/sigmod/SlivinskasJS01,True,1,oAVbM_vepr8J,oAVbM_vepr8J,True,0.9999870630640388,1.2215149632048852e-05,0.9999748479144068,0.9000000000000002,True,correct,0.9000000000000002,True,correct,0.1,0.52497918747894,True,correct
DBLP,0.9,50,inner,SRSWOR_65_35,457,conf/vldb/DattaRT99,True,1,gckQTLQjsj8J,gckQTLQjsj8J,True,0.9999895632528196,7.5159239404240835e-06,0.9999820473288792,0.9000000000000002,True,correct,0.9000000000000002,True,correct,0.1,0.52497918747894,True,correct
DBLP,0.9,50,inner,SRSWOR_65_35,458,conf/sigmod/LehnerSPC00,True,3,HQRcmyswIHcJ,UFKz6Q0wVi4J,True,0.9999679157625648,0.9985645997895336,0.0014033159730311,0.9000000000000002,True,correct,0.9000000000000002,True,correct,0.1,0.52497918747894,True,correct
DBLP,0.9,50,inner,SRSWOR_65_35,459,conf/vldb/ZemankovaI94,True,1,Y1ZxtWV-qeUJ,Y1ZxtWV-qeUJ,True,0.999986040929202,9.048101887321134e-06,0.9999769928273148,0.9000000000000002,True,correct,0.9000000000000002,True,correct,0.1,0.52497918747894,True,correct
DBLP,0.9,50,inner,SRSWOR_65_35,460,conf/sigmod/AdelbergD99,True,1,s40fqzss4woJ,s40fqzss4woJ,True,0.9999756480495784,0.0001047600304271,0.9998708880191512,0.9000000000000002,True,correct,0.9000000000000002,True,correct,0.1,0.52497918747894,True,correct
DBLP,0.9,50,inner,SRSWOR_65_35,461,conf/vldb/DillKMRST01,True,3,_dtqcPU4NdkJ,eZoS-yciSRsJ,True,0.999984024912598,0.9999723385026386,1.1686409959521528e-05,0.9000000000000002,True,correct,0.9000000000000002,True,correct,0.1,0.52497918747894,True,correct
DBLP,0.9,50,inner,SRSWOR_65_35,462,journals/sigmod/SegevJS95,True,1,2kiNfwTpqp4J,2kiNfwTpqp4J,True,0.999980900120669,5.815462486451325e-05,0.9999227454958044,0.9000000000000002,True,correct,0.9000000000000002,True,correct,0.1,0.52497918747894,True,correct
DBLP,0.9,50,inner,SRSWOR_65_35,463,journals/sigmod/BiancheriPP01,False,0,,3JVkdUmOOsIJ,False,7.292024858283273e-06,7.055121830071971e-06,2.369030282113023e-07,0.9000000000000002,False,unmatched_abstention,0.9000000000000002,False,unmatched_abstention,0.1,0.52497918747894,False,unmatched_abstention
DBLP,0.9,50,inner,SRSWOR_65_35,464,journals/vldb/MylopoulosCPST96,True,3,F5liQDe9lB8J,F5liQDe9lB8J,True,0.99998175807623,0.9999421655332382,3.9592542991795376e-05,0.9000000000000002,True,correct,0.9000000000000002,True,correct,0.1,0.52497918747894,True,correct
DBLP,0.9,50,inner,SRSWOR_65_35,465,conf/sigmod/Cabrera03,False,0,,vtgbh3Fwu58J,False,0.0002313868489454,7.281259531016508e-05,0.0001585742536353,0.9000000000000002,False,unmatched_abstention,0.9000000000000002,False,unmatched_abstention,0.1,0.52497918747894,False,unmatched_abstention
DBLP,0.9,50,inner,SRSWOR_65_35,466,conf/vldb/OrensteinK95,True,1,Trw6DEZeqTsJ,Trw6DEZeqTsJ,True,0.999982457737581,8.462493648843565e-06,0.9999739952439322,0.9000000000000002,True,correct,0.9000000000000002,True,correct,0.1,0.52497918747894,True,correct
DBLP,0.9,50,inner,SRSWOR_65_35,467,conf/sigmod/FernandezMS01,True,1,JYYcPQLrBw8J,JYYcPQLrBw8J,True,0.9999731631868872,1.3969324972872356e-05,0.9999591938619145,0.9000000000000002,True,correct,0.9000000000000002,True,correct,0.1,0.52497918747894,True,correct
DBLP,0.9,50,inner,SRSWOR_65_35,468,journals/sigmod/Chaudhri98,True,1,url:http://portal.acm.org/ft_gateway.cfm%3Fid%3D273247%26type%3Dpdf%26dl%3DGUIDE%26dl%3DACM%26CFID%3D11111111%26CFTOKEN%3D2222222,url:http://portal.acm.org/ft_gateway.cfm%3Fid%3D273247%26type%3Dpdf%26dl%3DGUIDE%26dl%3DACM%26CFID%3D11111111%26CFTOKEN%3D2222222,True,0.9999864203474044,9.12860277365198e-06,0.9999772917446308,0.9000000000000002,True,correct,0.9000000000000002,True,correct,0.1,0.52497918747894,True,correct
DBLP,0.9,50,inner,SRSWOR_65_35,469,journals/sigmod/Wong95,True,1,7F9iCGggYVgJ,7F9iCGggYVgJ,True,0.9999886792471024,8.061205939977681e-06,0.9999806180411625,0.9000000000000002,True,correct,0.9000000000000002,True,correct,0.1,0.52497918747894,True,correct
DBLP,0.9,50,inner,SRSWOR_65_35,470,conf/sigmod/WangSSZZW00,True,2,CaplZan57x4J,CaplZan57x4J,True,0.9999759426975224,0.9985035454791844,0.0014723972183382,0.9000000000000002,True,correct,0.9000000000000002,True,correct,0.1,0.52497918747894,True,correct
DBLP,0.9,50,inner,SRSWOR_65_35,471,journals/vldb/Barbara-MillaG94,True,5,Cmq7lkkXNt4J,Hc9uWxJu840J,True,0.999988040480468,0.9999550104831704,3.302999729748457e-05,0.9000000000000002,True,correct,0.9000000000000002,True,correct,0.1,0.52497918747894,True,correct
DBLP,0.9,50,inner,SRSWOR_65_35,472,conf/vldb/PirotteZMY94,True,1,8s-SP8sAvQAJ,8s-SP8sAvQAJ,True,0.9999868414069976,6.443528219977531e-06,0.9999803978787776,0.9000000000000002,True,correct,0.9000000000000002,True,correct,0.1,0.52497918747894,True,correct
DBLP,0.9,50,inner,SRSWOR_65_35,473,conf/vldb/AnciauxBP03,True,2,gYELZxhiJx8J,RLZc9c2-6_oJ,True,0.9999879468428504,0.9999871639836077,7.828592427649994e-07,0.9000000000000002,True,correct,0.9000000000000002,True,correct,0.1,0.52497918747894,True,correct
DBLP,0.9,50,inner,SRSWOR_65_35,474,conf/vldb/Moerkotte98,True,2,HcCevkoobDsJ,HcCevkoobDsJ,True,0.9999847272645128,0.708418030729908,0.2915666965346046,0.9000000000000002,True,correct,0.9000000000000002,True,correct,0.1,0.52497918747894,True,correct
DBLP,0.9,50,inner,SRSWOR_65_35,475,journals/tods/BozkayaO99,True,2,0znTIa901S8J,CEKbSWc_C6UJ,True,0.9999867698099812,0.9999653958224904,2.137398749080255e-05,0.9000000000000002,True,correct,0.9000000000000002,True,correct,0.1,0.52497918747894,True,correct
DBLP,0.9,50,inner,SRSWOR_65_35,476,journals/sigmod/BorgidaCS98,True,2,iPbD7vPHzgYJ,iPbD7vPHzgYJ,True,0.9999870954586056,0.999959841827272,2.7253631333490347e-05,0.9000000000000002,True,correct,0.9000000000000002,True,correct,0.1,0.52497918747894,True,correct
DBLP,0.9,50,inner,SRSWOR_65_35,477,journals/sigmod/Winslett01,True,1,m2Mf-4BgLP4J,m2Mf-4BgLP4J,True,0.9999826102775478,5.0888326606667694e-05,0.999931721950941,0.9000000000000002,True,correct,0.9000000000000002,True,correct,0.1,0.52497918747894,True,correct
DBLP,0.9,50,inner,SRSWOR_65_35,478,conf/vldb/SavasereON95,True,11,1WArdj4NhEoJ,N-o3NPu-nbIJ,True,0.9999861566360636,0.9999847383007884,1.4183352754493228e-06,0.9000000000000002,True,correct,0.9000000000000002,True,correct,0.1,0.52497918747894,True,correct
DBLP,0.9,50,inner,SRSWOR_65_35,479,conf/sigmod/ReissK03,True,1,L1m30vG-d5sJ,L1m30vG-d5sJ,True,0.9999875219476958,9.712264311268316e-06,0.9999778096833846,0.9000000000000002,True,correct,0.9000000000000002,True,correct,0.1,0.52497918747894,True,correct
DBLP,0.9,50,inner,SRSWOR_65_35,480,conf/vldb/GibsonKR98,True,1,9FBwT6XFOssJ,9FBwT6XFOssJ,True,0.9999850709040388,1.3521474916865614e-05,0.999971549429122,0.9000000000000002,True,correct,0.9000000000000002,True,correct,0.1,0.52497918747894,True,correct
DBLP,0.9,50,inner,SRSWOR_65_35,481,journals/tods/LiuHD98,True,2,aYjE-ILUHaoJ,aYjE-ILUHaoJ,True,0.9999861662436952,0.3632338326429574,0.6367523336007377,0.9000000000000002,True,correct,0.9000000000000002,True,correct,0.1,0.52497918747894,True,correct
DBLP,0.9,50,inner,SRSWOR_65_35,482,conf/sigmod/MissikoffT94,True,1,nxNSfctbGWAJ,nxNSfctbGWAJ,True,0.9999864782542874,3.719060785580829e-05,0.9999492876464317,0.9000000000000002,True,correct,0.9000000000000002,True,correct,0.1,0.52497918747894,True,correct
DBLP,0.9,50,inner,SRSWOR_65_35,483,conf/vldb/BrownMCL94,True,1,xfAfu8uJ6NAJ,xfAfu8uJ6NAJ,True,0.9889861747705267,9.172558542603522e-06,0.9889770022119844,0.9000000000000002,True,correct,0.9000000000000002,True,correct,0.1,0.52497918747894,True,correct
DBLP,0.9,50,inner,SRSWOR_65_35,484,journals/vldb/FuCCM00,True,1,7kC8fo78d6sJ,7kC8fo78d6sJ,True,0.9999869159485476,9.212709958336572e-06,0.9999777032385894,0.9000000000000002,True,correct,0.9000000000000002,True,correct,0.1,0.52497918747894,True,correct
DBLP,0.9,50,inner,SRSWOR_65_35,485,conf/sigmod/HullZ96,True,2,H1E3GuQcoUAJ,H1E3GuQcoUAJ,True,0.9999897768607916,0.9999247636304904,6.50132303012807e-05,0.9000000000000002,True,correct,0.9000000000000002,True,correct,0.1,0.52497918747894,True,correct
DBLP,0.9,50,inner,SRSWOR_65_35,486,conf/sigmod/Team95,False,0,,yR-Zh_yHZI0J,False,1.9236539123411563e-05,1.2909157183764476e-05,6.327381939647087e-06,0.9000000000000002,False,unmatched_abstention,0.9000000000000002,False,unmatched_abstention,0.1,0.52497918747894,False,unmatched_abstention
DBLP,0.9,50,inner,SRSWOR_65_35,487,conf/vldb/EvangelidisLS95,True,5,3TOqLeL1G64J,EbGZKQPyH_4J,True,0.999987059288224,0.9999849486776506,2.1106105733137426e-06,0.9000000000000002,True,correct,0.9000000000000002,True,correct,0.1,0.52497918747894,True,correct
DBLP,0.9,50,inner,SRSWOR_65_35,488,conf/sigmod/LacroixSC98,True,1,MyaiGcr-oYkJ,MyaiGcr-oYkJ,True,0.9999715149747672,6.074018047010933e-06,0.9999654409567202,0.9000000000000002,True,correct,0.9000000000000002,True,correct,0.1,0.52497918747894,True,correct
DBLP,0.9,50,inner,SRSWOR_65_35,489,conf/vldb/GotoK02,True,1,2Pc6rKYB8ykJ,2Pc6rKYB8ykJ,True,0.999986868046296,7.534449599284952e-05,0.9999115235503032,0.9000000000000002,True,correct,0.9000000000000002,True,correct,0.1,0.52497918747894,True,correct
DBLP,0.9,50,inner,SRSWOR_65_35,490,journals/sigmod/MedeirosP94,True,3,5aANcyqvjJQJ,chmPCuLihZoJ,True,0.9999794778133588,0.9999679669715162,1.1510841842476973e-05,0.9000000000000002,True,correct,0.9000000000000002,True,correct,0.1,0.52497918747894,True,correct
DBLP,0.9,50,inner,SRSWOR_65_35,491,journals/tods/SistlaWYS98,True,2,3mLKQfhVh3cJ,4owPoyytTP4J,True,0.999985990705242,0.999983265448093,2.7252571488389776e-06,0.9000000000000002,True,correct,0.9000000000000002,True,correct,0.1,0.52497918747894,True,correct
DBLP,0.9,50,inner,SRSWOR_65_35,492,journals/sigmod/Aberer01a,True,1,url:http://portal.acm.org/ft_gateway.cfm%3Fid%3D604274%26type%3Dpdf%26dl%3DGUIDE%26dl%3DACM%26CFID%3D11111111%26CFTOKEN%3D2222222,url:http://portal.acm.org/ft_gateway.cfm%3Fid%3D601865%26type%3Dpdf%26coll%3DGUIDE%26dl%3DACM%26CFID%3D11111111%26CFTOKEN%3D2222222,False,0.1024299990029713,0.0174183850846258,0.0850116139183454,0.9000000000000002,False,missing_match,0.9000000000000002,False,missing_match,0.1,0.52497918747894,False,missing_match
DBLP,0.9,50,inner,SRSWOR_65_35,493,conf/sigmod/Galhardas00,True,2,GxDfgCi-rq4J,GxDfgCi-rq4J,True,0.9999813820366056,0.9999557287686826,2.5653267923031464e-05,0.9000000000000002,True,correct,0.9000000000000002,True,correct,0.1,0.52497918747894,True,correct
DBLP,0.9,50,inner,SRSWOR_65_35,494,conf/vldb/NgH94,True,14,32AYdsd8K3kJ,YMluKoJrxMcJ,True,0.9999875356487948,0.9999838642976462,3.671351148648583e-06,0.9000000000000002,True,correct,0.9000000000000002,True,correct,0.1,0.52497918747894,True,correct
DBLP,0.9,50,inner,SRSWOR_65_35,495,conf/sigmod/NguyenS96,True,4,C10wtQwCym8J,Cd4NNuZnIn8J,True,0.9999874116152612,0.999969345288095,1.8066327166166296e-05,0.9000000000000002,True,correct,0.9000000000000002,True,correct,0.1,0.52497918747894,True,correct
DBLP,0.9,50,inner,SRSWOR_65_35,496,journals/sigmod/DoanPK95,True,1,c0TSepqRwwMJ,c0TSepqRwwMJ,True,0.9999856835234242,7.958451466305223e-06,0.999977725071958,0.9000000000000002,True,correct,0.9000000000000002,True,correct,0.1,0.52497918747894,True,correct
DBLP,0.9,50,inner,SRSWOR_65_35,497,journals/tods/LitwinN96,True,4,d7by8a0ArhIJ,eKvrxzDXW0AJ,True,0.999982838649987,0.9999717271246182,1.1111525368812105e-05,0.9000000000000002,True,correct,0.9000000000000002,True,correct,0.1,0.52497918747894,True,correct
DBLP,0.9,50,inner,SRSWOR_65_35,498,conf/sigmod/GraySSU03,True,1,NnKrsx4j4pkJ,NnKrsx4j4pkJ,True,0.9999637242635104,5.880761355201489e-05,0.9999049166499584,0.9000000000000002,True,correct,0.9000000000000002,True,correct,0.1,0.52497918747894,True,correct
DBLP,0.9,50,inner,SRSWOR_65_35,499,conf/vldb/BarjaPFWD94,True,2,qhl9_KGvjcUJ,qhl9_KGvjcUJ,True,0.9999711808610248,0.0002021273231488,0.999769053537876,0.9000000000000002,True,correct,0.9000000000000002,True,correct,0.1,0.52497918747894,True,correct
DBLP,0.9,50,inner,SRSWOR_65_35,500,journals/sigmod/KarlapalemLS95,True,1,B_m0Yp4aycUJ,B_m0Yp4aycUJ,True,0.9996209220043808,8.502828454853185e-06,0.9996124191759258,0.9000000000000002,True,correct,0.9000000000000002,True,correct,0.1,0.52497918747894,True,correct
DBLP,0.9,50,inner,SRSWOR_65_35,501,journals/sigmod/PourabbasR00,True,2,3y6y5AXu-j0J,3y6y5AXu-j0J,True,0.999986933380834,0.999971805314974,1.512806586012605e-05,0.9000000000000002,True,correct,0.9000000000000002,True,correct,0.1,0.52497918747894,True,correct
DBLP,0.9,50,inner,SRSWOR_65_35,502,conf/sigmod/Amer-YahiaCLS01,True,4,DFubU20j1OIJ,DFubU20j1OIJ,True,0.9999777348638742,0.999965882809027,1.1852054847216742e-05,0.9000000000000002,True,correct,0.9000000000000002,True,correct,0.1,0.52497918747894,True,correct
DBLP,0.9,50,inner,SRSWOR_65_35,503,conf/vldb/NetzCBF00,True,1,mRIRFxOC8A8J,mRIRFxOC8A8J,True,0.9999864493770072,0.9933738096032502,0.0066126397737569,0.9000000000000002,True,correct,0.9000000000000002,True,correct,0.1,0.52497918747894,True,correct
DBLP,0.9,50,inner,SRSWOR_65_35,504,conf/sigmod/ChangH02,True,2,4zxRX5K-YSsJ,4zxRX5K-YSsJ,True,0.9999838414303426,0.9999748921570264,8.949273316072315e-06,0.9000000000000002,True,correct,0.9000000000000002,True,correct,0.1,0.52497918747894,True,correct
DBLP,0.9,50,inner,SRSWOR_65_35,505,journals/tods/FukudaMMT01,True,7,_2f7zWIzK0QJ,k6ukzru4nX8J,True,0.9999864301343708,0.9974841785789196,0.0025022515554511,0.9000000000000002,True,correct,0.9000000000000002,True,correct,0.1,0.52497918747894,True,correct
DBLP,0.9,50,inner,SRSWOR_65_35,506,journals/sigmod/Snodgrass97,False,0,,NHxHsUH9L5MJ,False,0.0156287062228283,0.0045559796336034,0.0110727265892248,0.9000000000000002,False,unmatched_abstention,0.9000000000000002,False,unmatched_abstention,0.1,0.52497918747894,False,unmatched_abstention
DBLP,0.9,50,inner,SRSWOR_65_35,507,journals/tods/FraternaliT95,True,3,8k0tS22xvPcJ,8k0tS22xvPcJ,True,0.999985252005387,0.9999798981608654,5.3538445216050334e-06,0.9000000000000002,True,correct,0.9000000000000002,True,correct,0.1,0.52497918747894,True,correct
DBLP,0.9,50,inner,SRSWOR_65_35,508,journals/sigmod/Scholl01,False,0,,url:http://portal.acm.org/citation.cfm%3Fid%3D604275,False,0.6210776823425869,3.286217473043701e-05,0.6210448201678564,0.9000000000000002,False,unmatched_abstention,0.9000000000000002,False,unmatched_abstention,0.1,0.52497918747894,True,false_link
DBLP,0.9,50,inner,SRSWOR_65_35,509,conf/sigmod/RothAHCCFSTW96,True,6,2i9wDNdFZM8J,2i9wDNdFZM8J,True,0.9999758060106052,0.9975029467741756,0.0024728592364295,0.9000000000000002,True,correct,0.9000000000000002,True,correct,0.1,0.52497918747894,True,correct
DBLP,0.9,50,inner,SRSWOR_65_35,510,conf/vldb/Gibbons01,True,1,tYtl6ZxQ-_YJ,tYtl6ZxQ-_YJ,True,0.9999854957472408,0.9999711377625304,1.4357984710167138e-05,0.9000000000000002,True,correct,0.9000000000000002,True,correct,0.1,0.52497918747894,True,correct
DBLP,0.9,50,inner,SRSWOR_65_35,511,conf/sigmod/BilirisFOP96,True,1,VakyeJZNPM0J,VakyeJZNPM0J,True,0.9999321465882036,6.591067856846753e-06,0.9999255555203468,0.9000000000000002,True,correct,0.9000000000000002,True,correct,0.1,0.52497918747894,True,correct
DBLP,0.9,50,inner,SRSWOR_65_35,512,conf/sigmod/BorkarDS01,True,3,8fu2bhk_i9EJ,8zFEVer1rBUJ,True,0.999982811083796,0.9999716712574253,1.1139826370798469e-05,0.9000000000000002,True,correct,0.9000000000000002,True,correct,0.1,0.52497918747894,True,correct
DBLP,0.9,50,inner,SRSWOR_65_35,513,conf/sigmod/MinPC03,True,1,JjrRZt4ONqMJ,JjrRZt4ONqMJ,True,0.999944467824439,9.540167934970206e-06,0.999934927656504,0.9000000000000002,True,correct,0.9000000000000002,True,correct,0.1,0.52497918747894,True,correct
DBLP,0.9,50,inner,SRSWOR_65_35,514,conf/sigmod/ClossmanSHKPB98,True,4,__YO1CE_aKcJ,Q0Jr0CGWn5MJ,True,0.9999768748850012,0.9999307217700156,4.61531149853478e-05,0.9000000000000002,True,correct,0.9000000000000002,True,correct,0.1,0.52497918747894,True,correct
DBLP,0.9,50,inner,SRSWOR_65_35,515,journals/vldb/BenzakenD95,True,1,rF3edU2oNcEJ,rF3edU2oNcEJ,True,0.9999439400552408,4.097944933449972e-05,0.9999029606059062,0.9000000000000002,True,correct,0.9000000000000002,True,correct,0.1,0.52497918747894,True,correct
DBLP,0.9,50,inner,SRSWOR_65_35,516,conf/sigmod/ReveszCKLLW00,True,2,bx_A3QEqKhEJ,qxShx7aNiuEJ,True,0.9999802849087186,0.9999669958053056,1.3289103413138824e-05,0.9000000000000002,True,correct,0.9000000000000002,True,correct,0.1,0.52497918747894,True,correct
DBLP,0.9,50,inner,SRSWOR_65_35,517,conf/sigmod/ShintaniK98,True,3,9dllFM2Tr5oJ,Zd4RU49YmRgJ,True,0.9999868976808436,0.9999866607802018,2.369006417701769e-07,0.9000000000000002,True,correct,0.9000000000000002,True,correct,0.1,0.52497918747894,True,correct
DBLP,0.9,50,inner,SRSWOR_65_35,518,conf/vldb/LevySSZ94,True,1,MtScC-fTWCEJ,MtScC-fTWCEJ,True,0.9999883052128944,8.524319721855317e-06,0.9999797808931724,0.9000000000000002,True,correct,0.9000000000000002,True,correct,0.1,0.52497918747894,True,correct
DBLP,0.9,50,inner,SRSWOR_65_35,519,conf/sigmod/HinneburgK99,True,3,C9imFvgrSvAJ,C9imFvgrSvAJ,True,0.9999846190290228,0.9999782663609832,6.352668039721898e-06,0.9000000000000002,True,correct,0.9000000000000002,True,correct,0.1,0.52497918747894,True,correct
DBLP,0.9,50,inner,SRSWOR_65_35,520,journals/sigmod/Winslett02b,False,0,,url:http://portal.acm.org/ft_gateway.cfm%3Fid%3D601871%26type%3Dpdf%26dl%3DGUIDE%26dl%3DACM%26CFID%3D11111111%26CFTOKEN%3D2222222,False,0.9999216655613968,0.0080741114843021,0.9918475540770948,0.9000000000000002,True,false_link,0.9000000000000002,True,false_link,0.1,0.52497918747894,True,false_link
DBLP,0.9,50,inner,SRSWOR_65_35,521,conf/sigmod/OlstonW02,True,1,pBKI-JCAlcIJ,pBKI-JCAlcIJ,True,0.9999886878915476,6.496710137568435e-06,0.99998219118141,0.9000000000000002,True,correct,0.9000000000000002,True,correct,0.1,0.52497918747894,True,correct
DBLP,0.9,50,inner,SRSWOR_65_35,522,conf/vldb/GuptaHQ95,True,5,16a8RD8og7QJ,VCSbj6MwKlgJ,True,0.9999883270410052,0.9999618370721952,2.6489968809828568e-05,0.9000000000000002,True,correct,0.9000000000000002,True,correct,0.1,0.52497918747894,True,correct
DBLP,0.9,50,inner,SRSWOR_65_35,523,journals/sigmod/PitouraAPSV03,True,3,hn2MANNgz9sJ,jKxELUmoSkEJ,True,0.9999845330244348,0.9999835523927938,9.806316410010396e-07,0.9000000000000002,True,correct,0.9000000000000002,True,correct,0.1,0.52497918747894,True,correct
DBLP,0.9,50,inner,SRSWOR_65_35,524,conf/vldb/AmielBDS94,True,2,1fKcOU28PAEJ,hBak02oe1GMJ,True,0.999988175301593,0.9999604311297382,2.7744171854804375e-05,0.9000000000000002,True,correct,0.9000000000000002,True,correct,0.1,0.52497918747894,True,correct
DBLP,0.9,50,inner,SRSWOR_65_35,525,journals/tods/PetersO97,True,2,er0r8doAGUQJ,mQp5jjo-npAJ,True,0.9999846512798974,0.9999379492672872,4.670201261014473e-05,0.9000000000000002,True,correct,0.9000000000000002,True,correct,0.1,0.52497918747894,True,correct
DBLP,0.9,50,inner,SRSWOR_65_35,526,journals/sigmod/RamDD99,True,2,kHE9-cv77fwJ,uA-E1lBgLe0J,True,0.9999884476309232,0.9999783219607552,1.0125670168004142e-05,0.9000000000000002,True,correct,0.9000000000000002,True,correct,0.1,0.52497918747894,True,correct
DBLP,0.9,50,inner,SRSWOR_65_35,527,journals/sigmod/ACT-NET96,True,3,AWM-7zzaO7wJ,AWM-7zzaO7wJ,True,0.933860877513188,0.93066335526021,0.0031975222529778,0.9000000000000002,True,correct,0.9000000000000002,True,correct,0.1,0.52497918747894,True,correct
DBLP,0.9,50,inner,SRSWOR_65_35,528,journals/vldb/SakuraiYUK02,True,1,7J-RvgQd8SMJ,7J-RvgQd8SMJ,True,0.9999839113008134,3.6994359813627215e-05,0.9999469169409998,0.9000000000000002,True,correct,0.9000000000000002,True,correct,0.1,0.52497918747894,True,correct
DBLP,0.9,50,inner,SRSWOR_65_35,529,conf/sigmod/MoleskyR95,True,2,mSR0bA8pIOwJ,u03oQbB0y-oJ,True,0.9999836236067622,0.9991828843491614,0.0008007392576008,0.9000000000000002,True,correct,0.9000000000000002,True,correct,0.1,0.52497918747894,True,correct
DBLP,0.9,50,inner,SRSWOR_65_35,530,journals/sigmod/CaplinskasEV02,True,5,Axu6UlX-pPYJ,MH0RCZvsQ1cJ,True,0.9999755910860628,0.999970124922486,5.466163576883787e-06,0.9000000000000002,True,correct,0.9000000000000002,True,correct,0.1,0.52497918747894,True,correct
DBLP,0.9,50,inner,SRSWOR_65_35,531,conf/sigmod/MaratheS99,True,1,z6JEYoArZmsJ,z6JEYoArZmsJ,True,0.9999164262140442,1.74432377695433e-05,0.9998989829762748,0.9000000000000002,True,correct,0.9000000000000002,True,correct,0.1,0.52497918747894,True,correct
DBLP,0.9,50,inner,SRSWOR_65_35,532,conf/vldb/Mohan96,True,1,wYwNJy4GsEYJ,wYwNJy4GsEYJ,True,0.99998201807567,4.259292387257981e-05,0.9999394251517976,0.9000000000000002,True,correct,0.9000000000000002,True,correct,0.1,0.52497918747894,True,correct
DBLP,0.9,50,inner,SRSWOR_65_35,533,conf/vldb/Shaw98,True,2,2CygtSE5o1UJ,sZZVwXivu-kJ,True,0.999987563195648,0.999763750010597,0.000223813185051,0.9000000000000002,True,correct,0.9000000000000002,True,correct,0.1,0.52497918747894,True,correct
DBLP,0.9,50,inner,SRSWOR_65_35,534,journals/sigmod/Bhashyam96,True,1,url:http://portal.acm.org/ft_gateway.cfm%3Fid%3D245908%26type%3Dpdf%26dl%3DGUIDE%26dl%3DACM%26CFID%3D11111111%26CFTOKEN%3D2222222,url:http://portal.acm.org/ft_gateway.cfm%3Fid%3D245908%26type%3Dpdf%26dl%3DGUIDE%26dl%3DACM%26CFID%3D11111111%26CFTOKEN%3D2222222,True,0.9999844420439894,7.805162399046397e-06,0.9999766368815904,0.9000000000000002,True,correct,0.9000000000000002,True,correct,0.1,0.52497918747894,True,correct
DBLP,0.9,50,inner,SRSWOR_65_35,535,conf/vldb/WangC03,True,3,B1uNI67mfJcJ,B1uNI67mfJcJ,True,0.9999877427128404,0.9999762705367876,1.147217605257378e-05,0.9000000000000002,True,correct,0.9000000000000002,True,correct,0.1,0.52497918747894,True,correct
DBLP,0.9,50,inner,SRSWOR_65_35,536,conf/sigmod/HoAMS97,True,7,1HAB-tuw7N4J,1HAB-tuw7N4J,True,0.9999820732265357,0.9999819342988892,1.3892764638701038e-07,0.9000000000000002,True,correct,0.9000000000000002,True,correct,0.1,0.52497918747894,True,correct
DBLP,0.9,50,inner,SRSWOR_65_35,537,journals/sigmod/JacobS99,True,1,3-iiSyJLwLkJ,3-iiSyJLwLkJ,True,0.9999798331263492,0.9999675377307916,1.2295395557693212e-05,0.9000000000000002,True,correct,0.9000000000000002,True,correct,0.1,0.52497918747894,True,correct
DBLP,0.9,50,inner,SRSWOR_65_35,538,journals/sigmod/Snodgrass02,True,1,_qopgNiYmXQJ,_qopgNiYmXQJ,True,0.9999658126553648,7.248524686412872e-06,0.9999585641306784,0.9000000000000002,True,correct,0.9000000000000002,True,correct,0.1,0.52497918747894,True,correct
DBLP,0.9,50,inner,SRSWOR_65_35,539,journals/vldb/HaasCLS97,True,2,AypWukSuKVoJ,AypWukSuKVoJ,True,0.9999873202992444,0.9993350433689208,0.0006522769303237,0.9000000000000002,True,correct,0.9000000000000002,True,correct,0.1,0.52497918747894,True,correct
DBLP,0.9,50,inner,SRSWOR_65_35,540,conf/sigmod/OrdonezC00,True,1,yWkfJz_YMPkJ,yWkfJz_YMPkJ,True,0.9999779423376728,6.245163818755259e-06,0.999971697173854,0.9000000000000002,True,correct,0.9000000000000002,True,correct,0.1,0.52497918747894,True,correct
DBLP,0.9,50,inner,SRSWOR_65_35,541,conf/vldb/HjelsvoldM94,True,2,5Wuyp1aLBocJ,eyNcyx9rcFwJ,True,0.9999871152692696,0.9999795860680476,7.529201221934123e-06,0.9000000000000002,True,correct,0.9000000000000002,True,correct,0.1,0.52497918747894,True,correct
DBLP,0.9,50,inner,SRSWOR_65_35,542,conf/vldb/MurthyB03,True,1,kHi1YOTBmlkJ,kHi1YOTBmlkJ,True,0.9999833471498224,0.0001471470842541,0.9998362000655684,0.9000000000000002,True,correct,0.9000000000000002,True,correct,0.1,0.52497918747894,True,correct
DBLP,0.9,50,inner,SRSWOR_65_35,543,conf/vldb/BouganimNPW03,True,1,5oXuo8dJ6qAJ,5oXuo8dJ6qAJ,True,0.999984175721454,0.0001322614945699,0.999851914226884,0.9000000000000002,True,correct,0.9000000000000002,True,correct,0.1,0.52497918747894,True,correct
DBLP,0.9,50,inner,SRSWOR_65_35,544,conf/sigmod/SistlaW95,True,4,gLjn4f4f63wJ,KO3FcQ57_rkJ,True,0.9999877380596092,0.9999853581606648,2.379898944471215e-06,0.9000000000000002,True,correct,0.9000000000000002,True,correct,0.1,0.52497918747894,True,correct
DBLP,0.9,50,inner,SRSWOR_65_35,545,conf/vldb/KoschBBHHLRT01,True,1,xvNBOkc3UkcJ,xvNBOkc3UkcJ,True,0.999980117906954,9.61522814601544e-05,0.9998839656254938,0.9000000000000002,True,correct,0.9000000000000002,True,correct,0.1,0.52497918747894,True,correct
DBLP,0.9,50,inner,SRSWOR_65_35,546,conf/sigmod/BeyerR99,True,1,6Cdfxiuibd0J,6Cdfxiuibd0J,True,0.9999840975994864,0.0006909058219598,0.9992931917775266,0.9000000000000002,True,correct,0.9000000000000002,True,correct,0.1,0.52497918747894,True,correct
DBLP,0.9,50,inner,SRSWOR_65_35,547,journals/sigmod/MarchiLPT03,True,2,9dgFU6XaLrwJ,9dgFU6XaLrwJ,True,0.999986007742384,0.9997806443485632,0.0002053633938207,0.9000000000000002,True,correct,0.9000000000000002,True,correct,0.1,0.52497918747894,True,correct
DBLP,0.9,50,inner,SRSWOR_65_35,548,conf/vldb/ZirintsisKM99,True,2,_UYteGcmBKIJ,_UYteGcmBKIJ,True,0.999976763468742,0.3641587330835972,0.6358180303851447,0.9000000000000002,True,correct,0.9000000000000002,True,correct,0.1,0.52497918747894,True,correct
DBLP,0.9,50,inner,SRSWOR_65_35,549,conf/sigmod/BhattacharyaMBNHS02,True,3,2J_9scP1caYJ,tsQbSCfQTooJ,True,0.9999891926899092,0.9971175858711074,0.0028716068188017,0.9000000000000002,True,correct,0.9000000000000002,True,correct,0.1,0.52497918747894,True,correct
DBLP,0.9,50,inner,SRSWOR_65_35,550,journals/sigmod/PapazoglouH99,True,2,d5BG9F7_LGMJ,WbsAK4ZE17YJ,True,0.9999874115552356,0.9999786154605662,8.796094669305532e-06,0.9000000000000002,True,correct,0.9000000000000002,True,correct,0.1,0.52497918747894,True,correct
DBLP,0.9,50,inner,SRSWOR_65_35,551,journals/tods/BunemanO96,True,3,Q28u7TpTgI0J,-ZDi1Wdy_DoJ,True,0.9999883781363784,0.9999871266426372,1.2514937413055094e-06,0.9000000000000002,True,correct,0.9000000000000002,True,correct,0.1,0.52497918747894,True,correct
DBLP,0.9,50,inner,SRSWOR_65_35,552,conf/vldb/Vieille98,True,1,nlyEH7GkrjoJ,nlyEH7GkrjoJ,True,0.9999893353716588,8.643912625269037e-06,0.9999806914590336,0.9000000000000002,True,correct,0.9000000000000002,True,correct,0.1,0.52497918747894,True,correct
DBLP,0.9,50,inner,SRSWOR_65_35,553,conf/vldb/Campbell99,True,1,m1eeQnYWL0oJ,m1eeQnYWL0oJ,True,0.9999859679612398,1.2665029377845756e-05,0.999973302931862,0.9000000000000002,True,correct,0.9000000000000002,True,correct,0.1,0.52497918747894,True,correct
DBLP,0.9,50,inner,SRSWOR_65_35,554,journals/vldb/AbadiCCCCLSTZ03,True,1,gBVNSFeS4P8J,gBVNSFeS4P8J,True,0.999985040619137,0.9999753082904844,9.732328652423128e-06,0.9000000000000002,True,correct,0.9000000000000002,True,correct,0.1,0.52497918747894,True,correct
DBLP,0.9,50,inner,SRSWOR_65_35,555,conf/vldb/BouganimCDDGS99,True,1,Ult4nmnmJp8J,Ult4nmnmJp8J,True,0.9999869514494388,1.4330751135652726e-05,0.9999726206983032,0.9000000000000002,True,correct,0.9000000000000002,True,correct,0.1,0.52497918747894,True,correct
DBLP,0.9,50,inner,SRSWOR_65_35,556,conf/sigmod/BhargavaGI95,True,1,TXvfEP4WTD0J,TXvfEP4WTD0J,True,0.9999877024824716,7.180746727648471e-06,0.999980521735744,0.9000000000000002,True,correct,0.9000000000000002,True,correct,0.1,0.52497918747894,True,correct
DBLP,0.9,50,inner,SRSWOR_65_35,557,journals/sigmod/KiyokiKH94,True,1,xT3mwY4t5kEJ,xT3mwY4t5kEJ,True,0.999986907173741,6.448772027109853e-06,0.9999804584017138,0.9000000000000002,True,correct,0.9000000000000002,True,correct,0.1,0.52497918747894,True,correct
DBLP,0.9,50,inner,SRSWOR_65_35,558,conf/sigmod/VingralekBW94,True,2,qtSeY_1Q5YUJ,rM8Ecg1WL4kJ,True,0.9999873021964756,0.9999380355990548,4.926659742066075e-05,0.9000000000000002,True,correct,0.9000000000000002,True,correct,0.1,0.52497918747894,True,correct
DBLP,0.9,50,inner,SRSWOR_65_35,559,conf/sigmod/TsurUACMNR98,True,5,aym35wwVDlQJ,ij8LH1U0bgQJ,True,0.9999835936875896,0.9999830370294708,5.566581187110842e-07,0.9000000000000002,True,correct,0.9000000000000002,True,correct,0.1,0.52497918747894,True,correct
DBLP,0.9,50,inner,SRSWOR_65_35,560,conf/sigmod/BrunoCG01,True,3,8KJ9XFv1ESAJ,8KJ9XFv1ESAJ,True,0.999985532466492,0.999985336683272,1.957832198584697e-07,0.9000000000000002,True,correct,0.9000000000000002,True,correct,0.1,0.52497918747894,True,correct
DBLP,0.9,50,inner,SRSWOR_65_35,561,journals/vldb/ChenHY97,True,1,IWZsSVPC6HMJ,IWZsSVPC6HMJ,True,0.9999876353583332,2.267146592425727e-05,0.9999649638924092,0.9000000000000002,True,correct,0.9000000000000002,True,correct,0.1,0.52497918747894,True,correct
DBLP,0.9,50,inner,SRSWOR_65_35,562,conf/vldb/Fox02,True,1,eybUiurX77sJ,eybUiurX77sJ,True,0.9999830277414026,0.9991550497307652,0.0008279780106373,0.9000000000000002,True,correct,0.9000000000000002,True,correct,0.1,0.52497918747894,True,correct
DBLP,0.9,50,inner,SRSWOR_65_35,563,conf/sigmod/ZhugeGHW95,True,10,_XLK2p-e2pYJ,_XLK2p-e2pYJ,True,0.9999868485829806,0.9999839194152836,2.9291676970633063e-06,0.9000000000000002,True,correct,0.9000000000000002,True,correct,0.1,0.52497918747894,True,correct
DBLP,0.9,50,inner,SRSWOR_65_35,564,conf/sigmod/LamCKNH01,True,1,8hdQohffF48J,8hdQohffF48J,True,0.9998437669735928,6.654320629560135e-06,0.9998371126529634,0.9000000000000002,True,correct,0.9000000000000002,True,correct,0.1,0.52497918747894,True,correct
DBLP,0.9,50,inner,SRSWOR_65_35,565,conf/vldb/Brodie00,True,1,uFCOiVkDZE8J,uFCOiVkDZE8J,True,0.9999243003116872,0.1075902974275529,0.8923340028841343,0.9000000000000002,True,correct,0.9000000000000002,True,correct,0.1,0.52497918747894,True,correct
DBLP,0.9,50,inner,SRSWOR_65_35,566,journals/vldb/HuntAI02,True,1,LiYp5oaDwbMJ,LiYp5oaDwbMJ,True,0.9999863517057942,0.0002209960354275,0.9997653556703666,0.9000000000000002,True,correct,0.9000000000000002,True,correct,0.1,0.52497918747894,True,correct
DBLP,0.9,50,inner,SRSWOR_65_35,567,conf/vldb/LiRS99,True,2,Bf44yXvb6EAJ,Bf44yXvb6EAJ,True,0.999976871863499,0.7078879601551181,0.2920889117083809,0.9000000000000002,True,correct,0.9000000000000002,True,correct,0.1,0.52497918747894,True,correct
DBLP,0.9,50,inner,SRSWOR_65_35,568,conf/vldb/VeltriCV01,True,2,itG_XrygxXIJ,SdVmepmUgQIJ,False,0.9999604527833124,0.999937810174562,2.2642608750400584e-05,0.9000000000000002,True,false_link,0.9000000000000002,True,false_link,0.1,0.52497918747894,True,false_link
DBLP,0.9,50,inner,SRSWOR_65_35,569,conf/vldb/DattaDTVRF01,True,3,8_5A88ESaQ0J,mPBmOUreSecJ,True,0.9999502843260702,0.9987626944113724,0.0011875899146979,0.9000000000000002,True,correct,0.9000000000000002,True,correct,0.1,0.52497918747894,True,correct
DBLP,0.9,50,inner,SRSWOR_65_35,570,conf/vldb/AgrawalK02,True,4,4weou-KgkM8J,4weou-KgkM8J,True,0.9999858796455718,0.9999767551574178,9.124488154044208e-06,0.9000000000000002,True,correct,0.9000000000000002,True,correct,0.1,0.52497918747894,True,correct
DBLP,0.9,50,inner,SRSWOR_65_35,571,conf/vldb/SilversteinBMU98,True,2,_GLI7Izv17cJ,bCj7bOIqDc0J,True,0.9999824213973864,0.998750606599525,0.0012318147978613,0.9000000000000002,True,correct,0.9000000000000002,True,correct,0.1,0.52497918747894,True,correct
DBLP,0.9,50,inner,SRSWOR_65_35,572,conf/vldb/KossmannRR02,True,1,iGlztgiSTe4J,iGlztgiSTe4J,True,0.9999874186122704,1.856045471122885e-05,0.9999688581575592,0.9000000000000002,True,correct,0.9000000000000002,True,correct,0.1,0.52497918747894,True,correct
DBLP,0.9,50,inner,SRSWOR_65_35,573,journals/sigmod/Alonso94b,False,0,,url:http://www.springerlink.com/index/X256555608656055.pdf,False,6.436151039215754e-05,4.846506077002666e-05,1.5896449622130873e-05,0.9000000000000002,False,unmatched_abstention,0.9000000000000002,False,unmatched_abstention,0.1,0.52497918747894,False,unmatched_abstention
DBLP,0.9,50,inner,SRSWOR_65_35,574,journals/sigmod/JukicNV03,True,1,eR43Urfx-hcJ,eR43Urfx-hcJ,True,0.999988210354146,8.349263665850555e-06,0.9999798610904802,0.9000000000000002,True,correct,0.9000000000000002,True,correct,0.1,0.52497918747894,True,correct
DBLP,0.9,50,inner,SRSWOR_65_35,575,journals/sigmod/CheungF98,True,2,ig7B9agTOMAJ,ig7B9agTOMAJ,True,0.9999841981307525,0.9999763142170064,7.883913746065119e-06,0.9000000000000002,True,correct,0.9000000000000002,True,correct,0.1,0.52497918747894,True,correct
DBLP,0.9,50,inner,SRSWOR_65_35,576,journals/sigmod/Snodgrass99a,False,0,,NHxHsUH9L5MJ,False,0.0175251745267114,0.0056831335929202,0.0118420409337912,0.9000000000000002,False,unmatched_abstention,0.9000000000000002,False,unmatched_abstention,0.1,0.52497918747894,False,unmatched_abstention
DBLP,0.9,50,inner,SRSWOR_65_35,577,journals/sigmod/SouzaS99,True,2,lSJVvYYknn0J,lSJVvYYknn0J,True,0.9999879151219336,0.9999750871865738,1.2827935359949194e-05,0.9000000000000002,True,correct,0.9000000000000002,True,correct,0.1,0.52497918747894,True,correct
DBLP,0.9,50,inner,SRSWOR_65_35,578,conf/sigmod/BohlenBD99,True,1,X2odIfnOC88J,X2odIfnOC88J,True,0.999972512767232,1.0939937973778202e-05,0.999961572829258,0.9000000000000002,True,correct,0.9000000000000002,True,correct,0.1,0.52497918747894,True,correct
DBLP,0.9,50,inner,SRSWOR_65_35,579,journals/sigmod/EisenbergM99a,True,2,e3s4OFTeBqwJ,e3s4OFTeBqwJ,True,0.9999825433826602,0.999910289785952,7.22535967083715e-05,0.9000000000000002,True,correct,0.9000000000000002,True,correct,0.1,0.52497918747894,True,correct
DBLP,0.9,50,inner,SRSWOR_65_35,580,journals/sigmod/DrewHKKLLLSW95,True,2,9fcJjh5vHn8J,9fcJjh5vHn8J,True,0.999988090399862,0.9999857718310082,2.3185688536875304e-06,0.9000000000000002,True,correct,0.9000000000000002,True,correct,0.1,0.52497918747894,True,correct
DBLP,0.9,50,inner,SRSWOR_65_35,581,conf/vldb/BergerBSW03,True,3,4bBWSfhvZ5AJ,kADCX48-o5IJ,True,0.999986508562598,0.999986042074006,4.664885919769546e-07,0.9000000000000002,True,correct,0.9000000000000002,True,correct,0.1,0.52497918747894,True,correct
DBLP,0.9,50,inner,SRSWOR_65_35,582,conf/vldb/YanA94,True,3,8j5i7YJQnNAJ,8j5i7YJQnNAJ,True,0.9999858003241554,0.999978261427549,7.538896606429368e-06,0.9000000000000002,True,correct,0.9000000000000002,True,correct,0.1,0.52497918747894,True,correct
DBLP,0.9,50,inner,SRSWOR_65_35,583,journals/sigmod/Qian96b,True,1,url:http://portal.acm.org/ft_gateway.cfm%3Fid%3D245909%26type%3Dpdf%26dl%3DGUIDE%26dl%3DACM%26CFID%3D11111111%26CFTOKEN%3D2222222,url:http://portal.acm.org/ft_gateway.cfm%3Fid%3D245909%26type%3Dpdf%26dl%3DGUIDE%26dl%3DACM%26CFID%3D11111111%26CFTOKEN%3D2222222,True,0.9999857980896032,0.0007667529874413,0.999219045102162,0.9000000000000002,True,correct,0.9000000000000002,True,correct,0.1,0.52497918747894,True,correct
DBLP,0.9,50,inner,SRSWOR_65_35,584,conf/sigmod/Stonebraker03,True,1,_CGWFOx5yt0J,_CGWFOx5yt0J,True,0.9999716096489294,9.648583018524192e-06,0.9999619610659108,0.9000000000000002,True,correct,0.9000000000000002,True,correct,0.1,0.52497918747894,True,correct
DBLP,0.9,50,inner,SRSWOR_65_35,585,conf/vldb/BaulierBGJGKKMMNNRSS98,True,1,VQ41LtuXMrUJ,VQ41LtuXMrUJ,True,0.999981925837723,0.0045072395104272,0.9954746863272956,0.9000000000000002,True,correct,0.9000000000000002,True,correct,0.1,0.52497918747894,True,correct
DBLP,0.9,50,inner,SRSWOR_65_35,586,conf/vldb/NieKH03,True,2,0RaBCPWwApQJ,0RaBCPWwApQJ,True,0.9999769529100374,0.9999757523072318,1.2006028056177342e-06,0.9000000000000002,True,correct,0.9000000000000002,True,correct,0.1,0.52497918747894,True,correct
DBLP,0.9,50,inner,SRSWOR_65_35,587,journals/tods/TendickM94,True,1,FxCxfE4m1rUJ,FxCxfE4m1rUJ,True,0.9999829961336438,1.181599593841818e-05,0.9999711801377054,0.9000000000000002,True,correct,0.9000000000000002,True,correct,0.1,0.52497918747894,True,correct
DBLP,0.9,50,inner,SRSWOR_65_35,588,journals/sigmod/MeltonMJKSZ01,True,4,_u9eNZTiNSoJ,IoNxL_rg2_cJ,True,0.9999836251996688,0.9991982270156176,0.0007853981840509,0.9000000000000002,True,correct,0.9000000000000002,True,correct,0.1,0.52497918747894,True,correct
DBLP,0.9,50,inner,SRSWOR_65_35,589,conf/vldb/StillgerLMK01,True,3,k8EsgEuKhQ0J,k8EsgEuKhQ0J,True,0.9999844070189964,0.9998379747420064,0.00014643227699,0.9000000000000002,True,correct,0.9000000000000002,True,correct,0.1,0.52497918747894,True,correct
DBLP,0.9,50,inner,SRSWOR_65_35,590,conf/sigmod/Maguire01,True,1,url:http://portal.acm.org/ft_gateway.cfm%3Fid%3D375742%26type%3Dpdf%26dl%3DGUIDE%26dl%3DACM%26CFID%3D11111111%26CFTOKEN%3D2222222,url:http://portal.acm.org/ft_gateway.cfm%3Fid%3D375742%26type%3Dpdf%26dl%3DGUIDE%26dl%3DACM%26CFID%3D11111111%26CFTOKEN%3D2222222,True,0.9999842701645164,1.1007574830630705e-05,0.999973262589686,0.9000000000000002,True,correct,0.9000000000000002,True,correct,0.1,0.52497918747894,True,correct
DBLP,0.9,50,inner,SRSWOR_65_35,591,conf/sigmod/LometW98,True,3,5SmDfJWfFvUJ,F2ecYx97F2sJ,True,0.999987601280627,0.9999617730385608,2.582824206609491e-05,0.9000000000000002,True,correct,0.9000000000000002,True,correct,0.1,0.52497918747894,True,correct
DBLP,0.9,50,inner,SRSWOR_65_35,592,conf/vldb/KounevB02,True,2,DayIdkLVfyIJ,mq4cLaNqTDQJ,True,0.9999865260750735,0.9999733008295856,1.3225245488079906e-05,0.9000000000000002,True,correct,0.9000000000000002,True,correct,0.1,0.52497918747894,True,correct
DBLP,0.9,50,inner,SRSWOR_65_35,593,journals/sigmod/BunemanRU97,True,3,5qg4BNiroqMJ,5qg4BNiroqMJ,True,0.9999859837027908,0.9999760934130696,9.890289721203873e-06,0.9000000000000002,True,correct,0.9000000000000002,True,correct,0.1,0.52497918747894,True,correct
DBLP,0.9,50,inner,SRSWOR_65_35,594,conf/sigmod/Levine95,True,1,url:http://portal.acm.org/ft_gateway.cfm%3Fid%3D223878%26type%3Dpdf%26dl%3DGUIDE%26dl%3DACM%26CFID%3D11111111%26CFTOKEN%3D2222222,url:http://portal.acm.org/ft_gateway.cfm%3Fid%3D223878%26type%3Dpdf%26dl%3DGUIDE%26dl%3DACM%26CFID%3D11111111%26CFTOKEN%3D2222222,True,0.999837000053396,9.745191716488207e-06,0.9998272548616796,0.9000000000000002,True,correct,0.9000000000000002,True,correct,0.1,0.52497918747894,True,correct
DBLP,0.9,50,inner,SRSWOR_65_35,595,journals/sigmod/LabrinidisM01,True,1,url:http://portal.acm.org/ft_gateway.cfm%3Fid%3D603886%26type%3Dpdf%26dl%3DGUIDE%26dl%3DACM%26CFID%3D11111111%26CFTOKEN%3D2222222,url:http://portal.acm.org/ft_gateway.cfm%3Fid%3D603886%26type%3Dpdf%26dl%3DGUIDE%26dl%3DACM%26CFID%3D11111111%26CFTOKEN%3D2222222,True,0.9999880542615904,0.0002402501627101,0.99974780409888,0.9000000000000002,True,correct,0.9000000000000002,True,correct,0.1,0.52497918747894,True,correct
DBLP,0.9,50,inner,SRSWOR_65_35,596,conf/vldb/AksoyZF01,True,2,A92KQRVdZaoJ,A92KQRVdZaoJ,True,0.9999876831165636,0.9999739515130732,1.3731603490385602e-05,0.9000000000000002,True,correct,0.9000000000000002,True,correct,0.1,0.52497918747894,True,correct
DBLP,0.9,50,inner,SRSWOR_65_35,597,journals/sigmod/Lee95,True,2,ozmSjoqqFtwJ,ozmSjoqqFtwJ,True,0.9999854240585346,0.9998710206794408,0.0001144033790937,0.9000000000000002,True,correct,0.9000000000000002,True,correct,0.1,0.52497918747894,True,correct
DBLP,0.9,50,inner,SRSWOR_65_35,598,conf/sigmod/PapadopoulosM98,True,1,dLzAJ-I1nCcJ,dLzAJ-I1nCcJ,True,0.9999806310144452,9.874997991719976e-06,0.9999707560164534,0.9000000000000002,True,correct,0.9000000000000002,True,correct,0.1,0.52497918747894,True,correct
DBLP,0.9,50,inner,SRSWOR_65_35,599,conf/sigmod/ZouS96,True,2,DYFIQvOg7rgJ,DYFIQvOg7rgJ,True,0.9999870137685528,0.9999800937553712,6.920013181699325e-06,0.9000000000000002,True,correct,0.9000000000000002,True,correct,0.1,0.52497918747894,True,correct
DBLP,0.9,50,inner,SRSWOR_65_35,600,conf/vldb/BalminPP00,True,1,FoAVdcYe0tsJ,FoAVdcYe0tsJ,True,0.999988515362845,0.0377758059334191,0.9622127094294258,0.9000000000000002,True,correct,0.9000000000000002,True,correct,0.1,0.52497918747894,True,correct
DBLP,0.9,50,inner,SRSWOR_65_35,601,conf/sigmod/SzalayGKT00,True,11,1kKap3JyndkJ,GYR0v7CFkP0J,True,0.9999869312124164,0.9999869253658664,5.84655013291524e-09,0.9000000000000002,True,correct,0.9000000000000002,True,correct,0.1,0.52497918747894,True,correct
DBLP,0.9,50,inner,SRSWOR_65_35,602,journals/sigmod/AtzeniM98,True,2,HtxGbMkTXdsJ,HtxGbMkTXdsJ,True,0.9988935894401424,0.955563972086219,0.0433296173539233,0.9000000000000002,True,correct,0.9000000000000002,True,correct,0.1,0.52497918747894,True,correct
DBLP,0.9,50,inner,SRSWOR_65_35,603,journals/sigmod/Colliat96,True,3,3FAQV305QD0J,FP-ribG9oVsJ,True,0.9999830644109736,0.9999062381001486,7.682631082517322e-05,0.9000000000000002,True,correct,0.9000000000000002,True,correct,0.1,0.52497918747894,True,correct
DBLP,0.9,50,inner,SRSWOR_65_35,604,conf/vldb/HerlekarDRGS02,False,0,,zu_2vNzP9BwJ,False,6.012983138229058e-06,5.998795809926279e-06,1.418732830277912e-08,0.9000000000000002,False,unmatched_abstention,0.9000000000000002,False,unmatched_abstention,0.1,0.52497918747894,False,unmatched_abstention
DBLP,0.9,50,inner,SRSWOR_65_35,605,journals/vldb/ChienTZ02,True,1,j4wcclZqY0oJ,j4wcclZqY0oJ,True,0.9999867278167706,0.003442501458153,0.9965442263586176,0.9000000000000002,True,correct,0.9000000000000002,True,correct,0.1,0.52497918747894,True,correct
DBLP,0.9,50,inner,SRSWOR_65_35,606,conf/vldb/Mina98,True,2,6SiX0ZUh1x0J,ButmJWjGXusJ,True,0.999985609647907,0.9998229314992751,0.0001626781486318,0.9000000000000002,True,correct,0.9000000000000002,True,correct,0.1,0.52497918747894,True,correct
DBLP,0.9,50,inner,SRSWOR_65_35,607,journals/sigmod/Snodgrass94,True,2,i7dLYB6NnW0J,SYVDufoTe_IJ,True,0.9999795539988118,9.250656893671391e-05,0.9998870474298752,0.9000000000000002,True,correct,0.9000000000000002,True,correct,0.1,0.52497918747894,True,correct
DBLP,0.9,50,inner,SRSWOR_65_35,608,conf/vldb/TaoP02,True,1,7ZyV9ivZySQJ,7ZyV9ivZySQJ,True,0.9999740107909736,9.206681714562736e-05,0.999881943973828,0.9000000000000002,True,correct,0.9000000000000002,True,correct,0.1,0.52497918747894,True,correct
DBLP,0.9,50,inner,SRSWOR_65_35,609,conf/vldb/HageJPST03,True,3,6dAWUHYKqFUJ,xDDdtO9n_pwJ,True,0.9999887078101136,0.9999853318580592,3.3759520543519272e-06,0.9000000000000002,True,correct,0.9000000000000002,True,correct,0.1,0.52497918747894,True,correct
DBLP,0.9,50,inner,SRSWOR_65_35,610,journals/sigmod/ChienTZ01,True,1,cjBpI3TcSWsJ,cjBpI3TcSWsJ,True,0.9999764536023318,1.6250471880121897e-05,0.9999602031304516,0.9000000000000002,True,correct,0.9000000000000002,True,correct,0.1,0.52497918747894,True,correct
DBLP,0.9,50,inner,SRSWOR_65_35,611,journals/vldb/MuckP97,True,1,yHSQJtyFciMJ,yHSQJtyFciMJ,True,0.9982057648747614,8.460355264504974e-06,0.998197304519497,0.9000000000000002,True,correct,0.9000000000000002,True,correct,0.1,0.52497918747894,True,correct
DBLP,0.9,50,inner,SRSWOR_65_35,612,conf/sigmod/ShouCTRH01,True,1,url:http://portal.acm.org/ft_gateway.cfm%3Fid%3D375755%26type%3Dpdf%26dl%3DGUIDE%26dl%3DGUIDE%26CFID%3D11111111%26CFTOKEN%3D2222222,url:http://portal.acm.org/ft_gateway.cfm%3Fid%3D375755%26type%3Dpdf%26dl%3DGUIDE%26dl%3DGUIDE%26CFID%3D11111111%26CFTOKEN%3D2222222,True,0.9999852179298075,0.0002642617834278,0.9997209561463796,0.9000000000000002,True,correct,0.9000000000000002,True,correct,0.1,0.52497918747894,True,correct
DBLP,0.9,50,inner,SRSWOR_65_35,613,conf/sigmod/DanS95,True,3,nTu7PUukM1wJ,qYsoOX4e1noJ,True,0.9998795415298608,0.999807547102663,7.199442719796334e-05,0.9000000000000002,True,correct,0.9000000000000002,True,correct,0.1,0.52497918747894,True,correct
DBLP,0.9,50,inner,SRSWOR_65_35,614,conf/vldb/HalversonBKKRTVWND03,True,1,oR7DmJ9JJDYJ,oR7DmJ9JJDYJ,True,0.9999745827520624,1.3105993254869028e-05,0.9999614767588076,0.9000000000000002,True,correct,0.9000000000000002,True,correct,0.1,0.52497918747894,True,correct
DBLP,0.9,50,inner,SRSWOR_65_35,615,conf/vldb/PereiraFJLS01,True,2,Cd6A4nsDnkQJ,Cd6A4nsDnkQJ,True,0.9999866419524178,0.999983005990038,3.6359623798443153e-06,0.9000000000000002,True,correct,0.9000000000000002,True,correct,0.1,0.52497918747894,True,correct
DBLP,0.9,50,inner,SRSWOR_65_35,616,conf/sigmod/BrodskyK95,True,2,6t_N5axEm7cJ,SFmnhrhoQzgJ,True,0.9999749309404348,0.570335441513209,0.4296394894272256,0.9000000000000002,True,correct,0.9000000000000002,True,correct,0.1,0.52497918747894,True,correct
DBLP,0.9,50,inner,SRSWOR_65_35,617,conf/vldb/DeWittKLPY94,True,6,AR8Phh8yvNEJ,cehAAlTq4s8J,True,0.999974498867649,0.9998797628994835,9.473596816533814e-05,0.9000000000000002,True,correct,0.9000000000000002,True,correct,0.1,0.52497918747894,True,correct
DBLP,0.9,50,inner,SRSWOR_65_35,618,conf/vldb/VorugantiOU99,True,3,ItOlYY7ITt0J,ItOlYY7ITt0J,True,0.9999860884526268,0.9999608826290008,2.5205823626084367e-05,0.9000000000000002,True,correct,0.9000000000000002,True,correct,0.1,0.52497918747894,True,correct
DBLP,0.9,50,inner,SRSWOR_65_35,619,conf/vldb/WitkowskiBBFGSS03,True,1,Oti_CoAPH9IJ,Oti_CoAPH9IJ,True,0.9999833477850556,7.268279927842499e-05,0.9999106649857772,0.9000000000000002,True,correct,0.9000000000000002,True,correct,0.1,0.52497918747894,True,correct
DBLP,0.9,50,inner,SRSWOR_65_35,620,conf/vldb/Ioannidis03,True,1,jELnwotIy9kJ,jELnwotIy9kJ,True,0.9999775991752802,3.683418689326878e-05,0.9999407649883868,0.9000000000000002,True,correct,0.9000000000000002,True,correct,0.1,0.52497918747894,True,correct
DBLP,0.9,50,inner,SRSWOR_65_35,621,conf/vldb/Gawlick96,True,1,Y5OJk6_D-ZUJ,Y5OJk6_D-ZUJ,True,0.999988722295821,9.781149963710156e-06,0.9999789411458572,0.9000000000000002,True,correct,0.9000000000000002,True,correct,0.1,0.52497918747894,True,correct
DBLP,0.9,50,inner,SRSWOR_65_35,622,conf/vldb/CotterB00,True,1,SJ6PiY04ebMJ,SJ6PiY04ebMJ,True,0.9999801758609208,8.480388466200647e-06,0.9999716954724546,0.9000000000000002,True,correct,0.9000000000000002,True,correct,0.1,0.52497918747894,True,correct
DBLP,0.9,50,inner,SRSWOR_65_35,623,journals/sigmod/WinslettMY03,False,0,,wAq9WkwTSr8J,False,7.975987809876953e-06,6.752809026912035e-06,1.2231787829649178e-06,0.9000000000000002,False,unmatched_abstention,0.9000000000000002,False,unmatched_abstention,0.1,0.52497918747894,False,unmatched_abstention
DBLP,0.9,50,inner,SRSWOR_65_35,624,journals/sigmod/Klein94,True,1,kG86HB6N1xEJ,kG86HB6N1xEJ,True,0.9999753304149984,1.747193988645344e-05,0.999957858475112,0.9000000000000002,True,correct,0.9000000000000002,True,correct,0.1,0.52497918747894,True,correct
DBLP,0.9,50,inner,SRSWOR_65_35,625,conf/sigmod/IoannidisLANT97,True,5,bbr1Xk0-hH8J,bbr1Xk0-hH8J,True,0.9999094943753836,0.0352781554698751,0.9646313389055085,0.9000000000000002,True,correct,0.9000000000000002,True,correct,0.1,0.52497918747894,True,correct
DBLP,0.9,50,inner,SRSWOR_65_35,626,conf/vldb/AgrawalCN00,True,10,_tle794_iKcJ,U8CMJBaJyX8J,True,0.9999850294731129,0.9999381868033648,4.684266974797069e-05,0.9000000000000002,True,correct,0.9000000000000002,True,correct,0.1,0.52497918747894,True,correct
DBLP,0.9,50,inner,SRSWOR_65_35,627,conf/vldb/IyerW94,True,1,5smJVUm1KAYJ,5smJVUm1KAYJ,True,0.999986205475867,0.0023955978668063,0.9975906076090608,0.9000000000000002,True,correct,0.9000000000000002,True,correct,0.1,0.52497918747894,True,correct
DBLP,0.9,50,inner,SRSWOR_65_35,628,conf/vldb/LeeLWS97,True,2,3k61gi_ld_UJ,3k61gi_ld_UJ,True,0.9999851992676104,0.9999833760918266,1.8231757837883224e-06,0.9000000000000002,True,correct,0.9000000000000002,True,correct,0.1,0.52497918747894,True,correct
DBLP,0.9,50,inner,SRSWOR_65_35,629,journals/vldb/TenienteO95,True,3,aC-8qspy24wJ,aC-8qspy24wJ,True,0.9999843954455372,0.9999804160429026,3.979402634635143e-06,0.9000000000000002,True,correct,0.9000000000000002,True,correct,0.1,0.52497918747894,True,correct
DBLP,0.9,50,inner,SRSWOR_65_35,630,journals/sigmod/Jarke95,True,1,url:http://portal.acm.org/ft_gateway.cfm%3Fid%3D202671%26type%3Dpdf%26dl%3DGUIDE%26dl%3DACM%26CFID%3D11111111%26CFTOKEN%3D2222222,url:http://portal.acm.org/ft_gateway.cfm%3Fid%3D202671%26type%3Dpdf%26dl%3DGUIDE%26dl%3DACM%26CFID%3D11111111%26CFTOKEN%3D2222222,True,0.9999863277486446,8.353649677667986e-05,0.999902791251868,0.9000000000000002,True,correct,0.9000000000000002,True,correct,0.1,0.52497918747894,True,correct
DBLP,0.9,50,inner,SRSWOR_65_35,631,conf/vldb/MalonM97,True,1,ogRpbFNQTSkJ,ogRpbFNQTSkJ,True,0.9999828296626688,9.09552051306375e-06,0.9999737341421558,0.9000000000000002,True,correct,0.9000000000000002,True,correct,0.1,0.52497918747894,True,correct
DBLP,0.9,50,inner,SRSWOR_65_35,632,journals/vldb/C94c,True,1,url:http://portal.acm.org/citation.cfm%3Fid%3D615204.615205%26dl%3Dportal%26dl%3DACM%26type%3Dissue%26idx%3DJ869%26part%3Dperiodical%26WantType%3Dperiodical%26title%3DThe%2520VLDB%2520Journal%2520%2526mdash%253B%2520The%2520International%2520Journal%2520on%2520Very%2520Large%2520Data%2520Bases%26CFID%3D11111111%26CFTOKEN%3D2222222,url:http://www.springerlink.com/index/P4Q0445827654287.pdf,False,0.9996634003691076,0.0003312682051087,0.999332132163999,0.9000000000000002,True,false_link,0.9000000000000002,True,false_link,0.1,0.52497918747894,True,false_link
DBLP,0.9,50,inner,SRSWOR_65_35,633,conf/sigmod/CareyFZ94,True,5,_Dtj6cJQFAQJ,EN1nFWJxnoIJ,True,0.99998970982904,0.9999868184979817,2.8913310583522644e-06,0.9000000000000002,True,correct,0.9000000000000002,True,correct,0.1,0.52497918747894,True,correct
DBLP,0.9,50,inner,SRSWOR_65_35,634,journals/vldb/JagadishKNS00,True,2,GtXc02EJjCgJ,GtXc02EJjCgJ,True,0.9999857524143216,0.9999360209486112,4.973146571018994e-05,0.9000000000000002,True,correct,0.9000000000000002,True,correct,0.1,0.52497918747894,True,correct
DBLP,0.9,50,inner,SRSWOR_65_35,635,conf/vldb/GeorgeH98,True,2,2L-UFpDof3UJ,2L-UFpDof3UJ,True,0.9999802776688486,0.0075068108558668,0.9924734668129817,0.9000000000000002,True,correct,0.9000000000000002,True,correct,0.1,0.52497918747894,True,correct
DBLP,0.9,50,inner,SRSWOR_65_35,636,journals/sigmod/BaaderJN97,True,3,dr4SzOhnLB8J,url:http://portal.acm.org/ft_gateway.cfm%3Fid%3D274461%26type%3Dpdf%26dl%3DGUIDE%26dl%3DACM%26CFID%3D11111111%26CFTOKEN%3D2222222,True,0.9997270114518064,0.9994686539480871,0.0002583575037191,0.9000000000000002,True,correct,0.9000000000000002,True,correct,0.1,0.52497918747894,True,correct
DBLP,0.9,50,inner,SRSWOR_65_35,637,journals/tods/Chen95,True,1,1px2xYEVMzwJ,1px2xYEVMzwJ,True,0.9999734431866412,1.384978153608843e-05,0.9999595934051052,0.9000000000000002,True,correct,0.9000000000000002,True,correct,0.1,0.52497918747894,True,correct
DBLP,0.9,50,inner,SRSWOR_65_35,638,conf/vldb/Galindo-LegariaJWW03,True,2,3fCNsAXb9RAJ,3fCNsAXb9RAJ,True,0.999969460544062,0.9999460001422006,2.3460401861297164e-05,0.9000000000000002,True,correct,0.9000000000000002,True,correct,0.1,0.52497918747894,True,correct
DBLP,0.9,50,inner,SRSWOR_65_35,639,journals/sigmod/TaninBS96,True,5,4sRgCLIWKncJ,KUB7XvwH30AJ,True,0.9999821370176064,0.999980762635332,1.3743822744327616e-06,0.9000000000000002,True,correct,0.9000000000000002,True,correct,0.1,0.52497918747894,True,correct
DBLP,0.9,50,inner,SRSWOR_65_35,640,conf/vldb/BelloDDFNSWZ98,True,3,v-A9Q61fYy4J,zrMFWOX1h2MJ,True,0.9999857778000482,0.9999757461092502,1.0031690797940309e-05,0.9000000000000002,True,correct,0.9000000000000002,True,correct,0.1,0.52497918747894,True,correct
DBLP,0.9,50,inner,SRSWOR_65_35,641,conf/vldb/MeccaCM01,True,4,eynVF0FSPjkJ,Ph7ZpmdNOPEJ,True,0.9999813959514352,0.9999774929657332,3.902985701742523e-06,0.9000000000000002,True,correct,0.9000000000000002,True,correct,0.1,0.52497918747894,True,correct
DBLP,0.9,50,inner,SRSWOR_65_35,642,conf/sigmod/Cohen98a,True,1,qfD_kxYt-dsJ,qfD_kxYt-dsJ,True,0.9999856867997836,5.045459437756945e-05,0.999935232205406,0.9000000000000002,True,correct,0.9000000000000002,True,correct,0.1,0.52497918747894,True,correct
DBLP,0.9,50,inner,SRSWOR_65_35,643,journals/sigmod/AnyanwuS02,True,2,LoDGuFLlvsAJ,LoDGuFLlvsAJ,True,0.99996840840712,0.9998851777031116,8.323070400817478e-05,0.9000000000000002,True,correct,0.9000000000000002,True,correct,0.1,0.52497918747894,True,correct
DBLP,0.9,50,inner,SRSWOR_65_35,644,conf/vldb/KraftSRM03,False,0,,qbdSvwwe7VEJ,False,1.2382542613999588e-05,7.3458390770408924e-06,5.036703536958695e-06,0.9000000000000002,False,unmatched_abstention,0.9000000000000002,False,unmatched_abstention,0.1,0.52497918747894,False,unmatched_abstention
DBLP,0.9,50,inner,SRSWOR_65_35,645,conf/sigmod/GriffinH97,True,1,UwOPyY_jchkJ,UwOPyY_jchkJ,True,0.9999879408641512,8.711798470749915e-06,0.9999792290656804,0.9000000000000002,True,correct,0.9000000000000002,True,correct,0.1,0.52497918747894,True,correct
DBLP,0.9,50,inner,SRSWOR_65_35,646,conf/sigmod/ClaypoolRZSK01,True,1,1VWOXPII9HUJ,1VWOXPII9HUJ,True,0.99994326742888,7.349230515190184e-06,0.9999359181983648,0.9000000000000002,True,correct,0.9000000000000002,True,correct,0.1,0.52497918747894,True,correct
DBLP,0.9,50,inner,SRSWOR_65_35,647,conf/sigmod/RaoBG96,True,2,UmM1k4NoD2IJ,UmM1k4NoD2IJ,True,0.9999854655479644,0.8431045777298471,0.1568808878181172,0.9000000000000002,True,correct,0.9000000000000002,True,correct,0.1,0.52497918747894,True,correct
DBLP,0.9,50,inner,SRSWOR_65_35,648,conf/vldb/LempelM02,True,1,DcSYGPdhxwoJ,DcSYGPdhxwoJ,True,0.9999847742370592,6.379942308178725e-06,0.999978394294751,0.9000000000000002,True,correct,0.9000000000000002,True,correct,0.1,0.52497918747894,True,correct
DBLP,0.9,50,inner,SRSWOR_65_35,649,journals/vldb/YangW03,True,3,7WaQNGnv1l4J,7WaQNGnv1l4J,True,0.9999810377084876,0.999859807721984,0.0001212299865035,0.9000000000000002,True,correct,0.9000000000000002,True,correct,0.1,0.52497918747894,True,correct
DBLP,0.9,50,inner,SRSWOR_65_35,650,conf/sigmod/RoussopoulosKS99,False,0,,Mg0A5yz-_wYJ,False,0.0001141265207987,1.2351583368394076e-05,0.0001017749374303,0.9000000000000002,False,unmatched_abstention,0.9000000000000002,False,unmatched_abstention,0.1,0.52497918747894,False,unmatched_abstention
DBLP,0.9,50,inner,SRSWOR_65_35,651,conf/vldb/GolabO03,True,2,6K9FhI2pFEgJ,6K9FhI2pFEgJ,True,0.9999849332249884,0.9997970631586032,0.000187870066385,0.9000000000000002,True,correct,0.9000000000000002,True,correct,0.1,0.52497918747894,True,correct
DBLP,0.9,50,inner,SRSWOR_65_35,652,journals/sigmod/Fong95,True,1,zw3-t-veNvAJ,zw3-t-veNvAJ,True,0.9999888734800064,8.054708732746354e-05,0.9999083263926788,0.9000000000000002,True,correct,0.9000000000000002,True,correct,0.1,0.52497918747894,True,correct
DBLP,0.9,50,inner,SRSWOR_65_35,653,conf/vldb/RaghavanG03,True,1,ma-ZRYj0pXIJ,ma-ZRYj0pXIJ,True,0.999984539380477,8.072006704276889e-06,0.9999764673737728,0.9000000000000002,True,correct,0.9000000000000002,True,correct,0.1,0.52497918747894,True,correct
DBLP,0.9,50,inner,SRSWOR_65_35,654,journals/vldb/BerendtS00,True,3,_0meUij3ZJEJ,_0meUij3ZJEJ,True,0.999988344949888,0.9999871038981524,1.2410517353789174e-06,0.9000000000000002,True,correct,0.9000000000000002,True,correct,0.1,0.52497918747894,True,correct
DBLP,0.9,50,inner,SRSWOR_65_35,655,conf/sigmod/GrossmanHQ95,True,1,Z_kXgQsN0W0J,Z_kXgQsN0W0J,True,0.999979213382518,0.0318977431960264,0.9680814701864916,0.9000000000000002,True,correct,0.9000000000000002,True,correct,0.1,0.52497918747894,True,correct
DBLP,0.9,50,inner,SRSWOR_65_35,656,journals/vldb/MaratheS02,True,1,z6JEYoArZmsJ,z6JEYoArZmsJ,True,0.9999720557582285,1.584022263639075e-05,0.999956215535592,0.9000000000000002,True,correct,0.9000000000000002,True,correct,0.1,0.52497918747894,True,correct
DBLP,0.9,50,inner,SRSWOR_65_35,657,journals/tods/Jagadish95,True,1,gDFpwto83b4J,gDFpwto83b4J,True,0.9999777156820224,1.3190090599385655e-05,0.999964525591423,0.9000000000000002,True,correct,0.9000000000000002,True,correct,0.1,0.52497918747894,True,correct
DBLP,0.9,50,inner,SRSWOR_65_35,658,conf/sigmod/Chong98,True,1,W-6r_OOEHLUJ,W-6r_OOEHLUJ,True,0.9999788102230096,1.2059170349859813e-05,0.9999667510526598,0.9000000000000002,True,correct,0.9000000000000002,True,correct,0.1,0.52497918747894,True,correct
DBLP,0.9,50,inner,SRSWOR_65_35,659,conf/vldb/GaasterlandL94,True,2,cVgF0jn9q6MJ,oIFrkS2rPrcJ,True,0.9999882734286628,0.9958557227721494,0.0041325506565134,0.9000000000000002,True,correct,0.9000000000000002,True,correct,0.1,0.52497918747894,True,correct
DBLP,0.9,50,inner,SRSWOR_65_35,660,journals/vldb/GutingS95,True,8,A4lUwOD7AeYJ,CBHicx5w3ocJ,True,0.999976795887714,0.9999582185533864,1.8577334327529726e-05,0.9000000000000002,True,correct,0.9000000000000002,True,correct,0.1,0.52497918747894,True,correct
DBLP,0.9,50,inner,SRSWOR_65_35,661,conf/sigmod/MaddenH02,True,1,NXakCefUcdUJ,NXakCefUcdUJ,True,0.9999866024029104,1.2954343486224223e-05,0.9999736480594242,0.9000000000000002,True,correct,0.9000000000000002,True,correct,0.1,0.52497918747894,True,correct
DBLP,0.9,50,inner,SRSWOR_65_35,662,conf/vldb/Dyreson96,True,1,AfM_N94rVD0J,AfM_N94rVD0J,True,0.9999822981545544,1.9382640690863707e-05,0.9999629155138634,0.9000000000000002,True,correct,0.9000000000000002,True,correct,0.1,0.52497918747894,True,correct
DBLP,0.9,50,inner,SRSWOR_65_35,663,journals/tods/Revesz98,True,1,dr8s9hbwjR0J,dr8s9hbwjR0J,True,0.9999818838006718,6.280014463107743e-05,0.9999190836560408,0.9000000000000002,True,correct,0.9000000000000002,True,correct,0.1,0.52497918747894,True,correct
DBLP,0.9,50,inner,SRSWOR_65_35,664,conf/sigmod/WhiteD94,True,2,jKBaGqWJK2oJ,jKBaGqWJK2oJ,True,0.9999689051731306,0.9999382516099864,3.0653563144245055e-05,0.9000000000000002,True,correct,0.9000000000000002,True,correct,0.1,0.52497918747894,True,correct
DBLP,0.9,50,inner,SRSWOR_65_35,665,journals/sigmod/SalgadoE03,False,0,,url:http://portal.acm.org/ft_gateway.cfm%3Fid%3D310062%26type%3Dpdf%26dl%3DGUIDE%26dl%3DACM%26CFID%3D11111111%26CFTOKEN%3D2222222,False,0.0125237916094715,0.0001118777470129,0.0124119138624586,0.9000000000000002,False,unmatched_abstention,0.9000000000000002,False,unmatched_abstention,0.1,0.52497918747894,False,unmatched_abstention
DBLP,0.9,50,inner,SRSWOR_65_35,666,journals/vldb/GarofalakisOS98,True,1,byJ0lVRijnkJ,byJ0lVRijnkJ,True,0.9999672113576804,2.0757022632154365e-05,0.9999464543350484,0.9000000000000002,True,correct,0.9000000000000002,True,correct,0.1,0.52497918747894,True,correct
DBLP,0.9,50,inner,SRSWOR_65_35,667,conf/vldb/ChaudhuriGN03,True,1,sAYCyUcugbYJ,sAYCyUcugbYJ,True,0.9999863748543544,7.826129144939359e-06,0.9999785487252094,0.9000000000000002,True,correct,0.9000000000000002,True,correct,0.1,0.52497918747894,True,correct
DBLP,0.9,50,inner,SRSWOR_65_35,668,journals/tods/BaekgaardM95,True,1,6UycFCZooDoJ,6UycFCZooDoJ,True,0.9999475528864804,4.530332917693662e-05,0.9999022495573036,0.9000000000000002,True,correct,0.9000000000000002,True,correct,0.1,0.52497918747894,True,correct
DBLP,0.9,50,inner,SRSWOR_65_35,669,journals/sigmod/Snodgrass00a,False,0,,NHxHsUH9L5MJ,False,0.0091890040077705,0.0042750368808998,0.0049139671268706,0.9000000000000002,False,unmatched_abstention,0.9000000000000002,False,unmatched_abstention,0.1,0.52497918747894,False,unmatched_abstention
DBLP,0.9,50,inner,SRSWOR_65_35,670,conf/vldb/MiningGroup96,True,1,fGw7o-RlqlcJ,fGw7o-RlqlcJ,True,0.9999667879588464,1.5438416020613595e-05,0.9999513495428256,0.9000000000000002,True,correct,0.9000000000000002,True,correct,0.1,0.52497918747894,True,correct
DBLP,0.9,50,inner,SRSWOR_65_35,671,conf/sigmod/GeneserethKD97,True,3,2Nl65Vp7bxUJ,2Nl65Vp7bxUJ,True,0.9999811048419344,0.9999783546826072,2.7501593271583857e-06,0.9000000000000002,True,correct,0.9000000000000002,True,correct,0.1,0.52497918747894,True,correct
DBLP,0.9,50,inner,SRSWOR_65_35,672,conf/vldb/ChanI99,True,2,KuA45Oh0rkYJ,QV20-69j6YYJ,True,0.9999830190312444,0.9989797504748276,0.0010032685564169,0.9000000000000002,True,correct,0.9000000000000002,True,correct,0.1,0.52497918747894,True,correct
DBLP,0.9,50,inner,SRSWOR_65_35,673,journals/sigmod/RossGN03,False,0,,uPBlQ76s_g4J,False,0.0013567635526972,0.0008533647692149,0.0005033987834822,0.9000000000000002,False,unmatched_abstention,0.9000000000000002,False,unmatched_abstention,0.1,0.52497918747894,False,unmatched_abstention
DBLP,0.9,50,inner,SRSWOR_65_35,674,conf/sigmod/RaoZML02,True,2,7Ucs6vmjHN0J,7Ucs6vmjHN0J,True,0.9999839102881348,0.9999822677079444,1.642580190419629e-06,0.9000000000000002,True,correct,0.9000000000000002,True,correct,0.1,0.52497918747894,True,correct
DBLP,0.9,50,inner,SRSWOR_65_35,675,conf/vldb/JohnsonS94,True,2,1TMemq4kM3YJ,1TMemq4kM3YJ,True,0.999956736859282,0.9856305486849334,0.0143261881743484,0.9000000000000002,True,correct,0.9000000000000002,True,correct,0.1,0.52497918747894,True,correct
DBLP,0.9,50,inner,SRSWOR_65_35,676,conf/sigmod/HammerGIPUW95,True,1,ylzKvQxmX7cJ,ylzKvQxmX7cJ,True,0.9999884506161636,1.876536107008953e-05,0.9999696852550936,0.9000000000000002,True,correct,0.9000000000000002,True,correct,0.1,0.52497918747894,True,correct
DBLP,0.9,50,inner,SRSWOR_65_35,677,journals/sigmod/Vianu03,True,2,bvcQt7zFoAoJ,JgenqfLQC1UJ,True,0.99996034693048,0.9995303945303722,0.0004299524001077,0.9000000000000002,True,correct,0.9000000000000002,True,correct,0.1,0.52497918747894,True,correct
DBLP,0.9,50,inner,SRSWOR_65_35,678,conf/sigmod/PeiMHZ00,True,1,UyhrqiH_-MoJ,UyhrqiH_-MoJ,True,0.9999473920427032,1.2449750905932151e-05,0.9999349422917972,0.9000000000000002,True,correct,0.9000000000000002,True,correct,0.1,0.52497918747894,True,correct
DBLP,0.9,50,inner,SRSWOR_65_35,679,conf/sigmod/LahiriG01,True,2,2eJIgKjsQF4J,2eJIgKjsQF4J,True,0.999982706907477,0.9999531578549498,2.9549052527277908e-05,0.9000000000000002,True,correct,0.9000000000000002,True,correct,0.1,0.52497918747894,True,correct
DBLP,0.9,50,inner,SRSWOR_65_35,680,conf/sigmod/Martin94,True,1,ogow-Rtc3fEJ,ogow-Rtc3fEJ,True,0.9999852840518182,0.0032397567517785,0.9967455273000396,0.9000000000000002,True,correct,0.9000000000000002,True,correct,0.1,0.52497918747894,True,correct
DBLP,0.9,50,inner,SRSWOR_65_35,681,conf/sigmod/RamaswamyRS00,True,2,o0vnSBVzRQcJ,VJIHPbki2uAJ,True,0.9999846361959112,0.9999780698417028,6.566354208592529e-06,0.9000000000000002,True,correct,0.9000000000000002,True,correct,0.1,0.52497918747894,True,correct
DBLP,0.9,50,inner,SRSWOR_65_35,682,conf/sigmod/AgrawalGGR98,True,11,_LE5T2vKPUcJ,1rW7ao6gK-QJ,True,0.999985200834278,0.9999844854852896,7.153489882671948e-07,0.9000000000000002,True,correct,0.9000000000000002,True,correct,0.1,0.52497918747894,True,correct
DBLP,0.9,50,inner,SRSWOR_65_35,683,conf/sigmod/BunemanKTT02,True,1,cKIQyzazkYEJ,cKIQyzazkYEJ,True,0.9999163248596442,3.6617568781017096e-05,0.9998797072908632,0.9000000000000002,True,correct,0.9000000000000002,True,correct,0.1,0.52497918747894,True,correct
DBLP,0.9,50,inner,SRSWOR_65_35,684,journals/sigmod/BarbaraBFLS94,True,4,dgFX6qIJoX8J,url:http://portal.acm.org/citation.cfm%3Fid%3D187455,True,0.9999684590704282,0.999968446494973,1.2575455232699541e-08,0.9000000000000002,True,correct,0.9000000000000002,True,correct,0.1,0.52497918747894,True,correct
DBLP,0.9,50,inner,SRSWOR_65_35,685,journals/sigmod/Danish98,True,2,J2Mi5B81Il0J,mKZyoPZArGcJ,True,0.999979234087497,0.0060081817190163,0.9939710523684808,0.9000000000000002,True,correct,0.9000000000000002,True,correct,0.1,0.52497918747894,True,correct
DBLP,0.9,50,inner,SRSWOR_65_35,686,conf/sigmod/YerneniLGU99,True,5,2MbaeG3IVV0J,hnMltY0uSf0J,True,0.9999791384148852,0.999967486579823,1.1651835062131966e-05,0.9000000000000002,True,correct,0.9000000000000002,True,correct,0.1,0.52497918747894,True,correct
DBLP,0.9,50,inner,SRSWOR_65_35,687,conf/vldb/TaoPS02,True,3,c-rJ2AIMUjwJ,o0WQjRyBQ5kJ,True,0.99998130050454,0.9999711991316126,1.0101372927562302e-05,0.9000000000000002,True,correct,0.9000000000000002,True,correct,0.1,0.52497918747894,True,correct
DBLP,0.9,50,inner,SRSWOR_65_35,688,conf/sigmod/AcharyaFZ97,True,7,9OEjtHuRUzsJ,9OEjtHuRUzsJ,True,0.9999881674277818,0.9999840297565258,4.1376712560659e-06,0.9000000000000002,True,correct,0.9000000000000002,True,correct,0.1,0.52497918747894,True,correct
DBLP,0.9,50,inner,SRSWOR_65_35,689,conf/vldb/CareyKSSS00,True,2,fRo4fx_Q6gIJ,fRo4fx_Q6gIJ,True,0.9999862844700512,0.9999826918440048,3.5926260465446447e-06,0.9000000000000002,True,correct,0.9000000000000002,True,correct,0.1,0.52497918747894,True,correct
DBLP,0.9,50,inner,SRSWOR_65_35,690,journals/sigmod/RossFS02,False,0,,tOa0zXK5Ba4J,False,0.1146482520003949,0.0087470667867187,0.1059011852136761,0.9000000000000002,False,unmatched_abstention,0.9000000000000002,False,unmatched_abstention,0.1,0.52497918747894,False,unmatched_abstention
DBLP,0.9,50,inner,SRSWOR_65_35,691,journals/vldb/ChangG01,True,1,hYu2nw263UoJ,hYu2nw263UoJ,True,0.9999784262541604,1.934561494105744e-05,0.9999590806392192,0.9000000000000002,True,correct,0.9000000000000002,True,correct,0.1,0.52497918747894,True,correct
DBLP,0.9,50,inner,SRSWOR_65_35,692,journals/sigmod/Ozsu02a,False,0,,NHxHsUH9L5MJ,False,0.0092805877590829,0.0039861150293712,0.0052944727297117,0.9000000000000002,False,unmatched_abstention,0.9000000000000002,False,unmatched_abstention,0.1,0.52497918747894,False,unmatched_abstention
DBLP,0.9,50,inner,SRSWOR_65_35,693,conf/sigmod/ShivakumarG97,True,1,4ioZ9JSSjVQJ,4ioZ9JSSjVQJ,True,0.999979159095161,7.536854012188263e-06,0.9999716222411488,0.9000000000000002,True,correct,0.9000000000000002,True,correct,0.1,0.52497918747894,True,correct
DBLP,0.9,50,inner,SRSWOR_65_35,694,conf/vldb/VenkataramanZ98,True,2,KrAyBSajhZEJ,KrAyBSajhZEJ,True,0.999985806606102,0.9999612361168256,2.4570489276287688e-05,0.9000000000000002,True,correct,0.9000000000000002,True,correct,0.1,0.52497918747894,True,correct
DBLP,0.9,50,inner,SRSWOR_65_35,695,journals/vldb/CliftonGB95,True,1,YkIvdNOC64cJ,YkIvdNOC64cJ,True,0.9999868436530492,8.39565367779679e-06,0.9999784479993714,0.9000000000000002,True,correct,0.9000000000000002,True,correct,0.1,0.52497918747894,True,correct
DBLP,0.9,50,inner,SRSWOR_65_35,696,journals/sigmod/BusslerFM02,True,5,m56HUW18JKAJ,RaOQG4YyzM4J,True,0.9999881240053574,0.999987491518438,6.324869193941041e-07,0.9000000000000002,True,correct,0.9000000000000002,True,correct,0.1,0.52497918747894,True,correct
DBLP,0.9,50,inner,SRSWOR_65_35,697,conf/vldb/TatbulCZCS03,True,3,F42wOOy-KR0J,TAsynkdIAfwJ,True,0.9999898173769846,0.9999863751272208,3.4422497636743543e-06,0.9000000000000002,True,correct,0.9000000000000002,True,correct,0.1,0.52497918747894,True,correct
DBLP,0.9,50,inner,SRSWOR_65_35,698,conf/sigmod/McIverK94,True,1,LMV_K5t2am0J,LMV_K5t2am0J,True,0.9999836115456208,7.246333697504241e-06,0.9999763652119232,0.9000000000000002,True,correct,0.9000000000000002,True,correct,0.1,0.52497918747894,True,correct
DBLP,0.9,50,inner,SRSWOR_65_35,699,conf/vldb/MadhavanBR01,True,4,5mM4rpgyeNoJ,wRHapJxb_-QJ,True,0.999987542755065,0.9999871763290602,3.664260047608892e-07,0.9000000000000002,True,correct,0.9000000000000002,True,correct,0.1,0.52497918747894,True,correct
DBLP,0.9,50,inner,SRSWOR_65_35,700,conf/sigmod/PapakonstantinouPV02,True,1,5XmfwqNDii8J,5XmfwqNDii8J,True,0.9999862159040775,0.014801190329734,0.9851850255743436,0.9000000000000002,True,correct,0.9000000000000002,True,correct,0.1,0.52497918747894,True,correct
DBLP,0.9,50,inner,SRSWOR_65_35,701,conf/vldb/LuoN01,True,1,TRWSf77xoWsJ,TRWSf77xoWsJ,True,0.9999813981867768,1.0700498768226657e-05,0.9999706976880086,0.9000000000000002,True,correct,0.9000000000000002,True,correct,0.1,0.52497918747894,True,correct
DBLP,0.9,50,inner,SRSWOR_65_35,702,journals/vldb/Halevy01,True,3,jeJRCl54kasJ,NoN45RU6c9kJ,True,0.9999840722985428,0.9996908875399674,0.0002931847585755,0.9000000000000002,True,correct,0.9000000000000002,True,correct,0.1,0.52497918747894,True,correct
DBLP,0.9,50,inner,SRSWOR_65_35,703,journals/sigmod/TomasicS97,True,1,-MNdDpWC-sgJ,-MNdDpWC-sgJ,True,0.9999838073851792,7.432521005382622e-06,0.9999763748641736,0.9000000000000002,True,correct,0.9000000000000002,True,correct,0.1,0.52497918747894,True,correct
DBLP,0.9,50,inner,SRSWOR_65_35,704,journals/sigmod/EnglertGH95,True,2,JRXuKm3E_foJ,JRXuKm3E_foJ,True,0.9999888159263824,0.9999886214158537,1.945105287948224e-07,0.9000000000000002,True,correct,0.9000000000000002,True,correct,0.1,0.52497918747894,True,correct
DBLP,0.9,50,inner,SRSWOR_65_35,705,conf/vldb/GravanoG95,True,8,2nMktwioqOYJ,4HVB6aRvsk8J,True,0.9999865297752398,0.9999845002885832,2.029486656729418e-06,0.9000000000000002,True,correct,0.9000000000000002,True,correct,0.1,0.52497918747894,True,correct
DBLP,0.9,50,inner,SRSWOR_65_35,706,conf/sigmod/Fernandez94,True,1,PmrthJYk66cJ,PmrthJYk66cJ,True,0.999983621623221,8.605542549256721e-06,0.9999750160806716,0.9000000000000002,True,correct,0.9000000000000002,True,correct,0.1,0.52497918747894,True,correct
DBLP,0.9,50,inner,SRSWOR_65_35,707,conf/vldb/HaasNSS95,True,2,EfczBs13YHIJ,x70Y3qaTL40J,True,0.9999816132347634,0.9998551133057644,0.000126499928999,0.9000000000000002,True,correct,0.9000000000000002,True,correct,0.1,0.52497918747894,True,correct
DBLP,0.9,50,inner,SRSWOR_65_35,708,conf/vldb/BettiniJWW02,True,3,Aq_TE_cWEQkJ,ghIMekzCkMQJ,True,0.9999881558331424,0.9999863234973688,1.832335773555016e-06,0.9000000000000002,True,correct,0.9000000000000002,True,correct,0.1,0.52497918747894,True,correct
DBLP,0.9,50,inner,SRSWOR_65_35,709,journals/sigmod/BohmR94,True,2,GXApzwcGl78J,GXApzwcGl78J,True,0.9999829976092244,0.2353355117945623,0.7646474858146621,0.9000000000000002,True,correct,0.9000000000000002,True,correct,0.1,0.52497918747894,True,correct
DBLP,0.9,50,inner,SRSWOR_65_35,710,journals/vldb/LinJF94,True,4,8-USisLIGMMJ,8-USisLIGMMJ,True,0.9999800060860145,0.9999731966159606,6.809470053714684e-06,0.9000000000000002,True,correct,0.9000000000000002,True,correct,0.1,0.52497918747894,True,correct
DBLP,0.9,50,inner,SRSWOR_65_35,711,journals/sigmod/ConstantopoulosCP01,False,0,,YeD6vittJSMJ,False,0.0002799754449094,3.2955634266579706e-05,0.0002470198106429,0.9000000000000002,False,unmatched_abstention,0.9000000000000002,False,unmatched_abstention,0.1,0.52497918747894,False,unmatched_abstention
DBLP,0.9,50,inner,SRSWOR_65_35,712,conf/sigmod/Golding95,True,2,uJj9OgotYeEJ,uJj9OgotYeEJ,True,0.9999862205698896,0.9999825974203188,3.62314957091936e-06,0.9000000000000002,True,correct,0.9000000000000002,True,correct,0.1,0.52497918747894,True,correct
DBLP,0.9,50,inner,SRSWOR_65_35,713,journals/sigmod/FrankGGJKLMNPSSSTW99,True,5,5PisY7JvbzQJ,93C5Prxx5YcJ,True,0.9999754978212736,0.9999752686050286,2.2921624487359798e-07,0.9000000000000002,True,correct,0.9000000000000002,True,correct,0.1,0.52497918747894,True,correct
DBLP,0.9,50,inner,SRSWOR_65_35,714,conf/sigmod/GodfreyGXZ01,True,1,LNnvt5TpBhkJ,LNnvt5TpBhkJ,True,0.9999875888471698,8.617467097718945e-06,0.999978971380072,0.9000000000000002,True,correct,0.9000000000000002,True,correct,0.1,0.52497918747894,True,correct
DBLP,0.9,50,inner,SRSWOR_65_35,715,conf/vldb/AnciauxBBPV01,True,2,H2qCU9-_uykJ,PFEvlg2DiMkJ,True,0.9999870077730836,0.9999624133731968,2.459439988677925e-05,0.9000000000000002,True,correct,0.9000000000000002,True,correct,0.1,0.52497918747894,True,correct
DBLP,0.9,50,inner,SRSWOR_65_35,716,conf/sigmod/ChaudhuriN98,True,5,99oqRZGWAYMJ,99oqRZGWAYMJ,True,0.99997973625241,0.999910400927702,6.933532470776438e-05,0.9000000000000002,True,correct,0.9000000000000002,True,correct,0.1,0.52497918747894,True,correct
DBLP,0.9,50,inner,SRSWOR_65_35,717,journals/tods/TaoPZ02,True,1,CxBJwFNdozAJ,CxBJwFNdozAJ,True,0.9999856586532776,6.189435246156193e-06,0.9999794692180314,0.9000000000000002,True,correct,0.9000000000000002,True,correct,0.1,0.52497918747894,True,correct
DBLP,0.9,50,inner,SRSWOR_65_35,718,conf/vldb/RisheYACLMVSV00,True,2,0WYMHga_bt4J,0WYMHga_bt4J,True,0.9999850651083398,0.0705488239399966,0.9294362411683432,0.9000000000000002,True,correct,0.9000000000000002,True,correct,0.1,0.52497918747894,True,correct
DBLP,0.9,50,inner,SRSWOR_65_35,719,conf/sigmod/Bayardo98,True,6,htTH8PrZ0dYJ,htTH8PrZ0dYJ,True,0.9999817187002248,0.9999800302106516,1.688489572937435e-06,0.9000000000000002,True,correct,0.9000000000000002,True,correct,0.1,0.52497918747894,True,correct
DBLP,0.9,50,inner,SRSWOR_65_35,720,conf/vldb/BliujuteJSS98,True,5,gybR2qK1ib8J,oBpe7jg0YHYJ,True,0.9999838618815564,0.9994409102304532,0.000542951651103,0.9000000000000002,True,correct,0.9000000000000002,True,correct,0.1,0.52497918747894,True,correct
DBLP,0.9,50,inner,SRSWOR_65_35,721,conf/vldb/MiklauS03,True,1,cJUP6vfSm50J,cJUP6vfSm50J,True,0.9999845361216728,0.9994191904579514,0.0005653456637213,0.9000000000000002,True,correct,0.9000000000000002,True,correct,0.1,0.52497918747894,True,correct
DBLP,0.9,50,inner,SRSWOR_65_35,722,conf/vldb/LudasaherGM00,True,1,H4hHa7dQdSAJ,H4hHa7dQdSAJ,True,0.999986713037628,0.0038543839659834,0.9961323290716446,0.9000000000000002,True,correct,0.9000000000000002,True,correct,0.1,0.52497918747894,True,correct
DBLP,0.9,50,inner,SRSWOR_65_35,723,conf/sigmod/GunopulosKTD00,True,2,ASfROcKWFmgJ,ASfROcKWFmgJ,True,0.9999846366061574,0.9999814458455264,3.1907606311554204e-06,0.9000000000000002,True,correct,0.9000000000000002,True,correct,0.1,0.52497918747894,True,correct
DBLP,0.9,50,inner,SRSWOR_65_35,724,journals/sigmod/Hammer03,True,1,url:http://portal.acm.org/ft_gateway.cfm%3Fid%3D601859%26type%3Dpdf%26dl%3DGUIDE%26dl%3DACM%26CFID%3D11111111%26CFTOKEN%3D2222222,url:http://portal.acm.org/ft_gateway.cfm%3Fid%3D601859%26type%3Dpdf%26dl%3DGUIDE%26dl%3DACM%26CFID%3D11111111%26CFTOKEN%3D2222222,True,0.9433451409615822,0.0001265321175908,0.9432186088439912,0.9000000000000002,True,correct,0.9000000000000002,True,correct,0.1,0.52497918747894,True,correct
DBLP,0.9,50,inner,SRSWOR_65_35,725,conf/vldb/Padmanabhan96,True,1,1IjlMvLBFC0J,1IjlMvLBFC0J,True,0.9999865958851712,0.0013060133662658,0.9986805825189056,0.9000000000000002,True,correct,0.9000000000000002,True,correct,0.1,0.52497918747894,True,correct
DBLP,0.9,50,inner,SRSWOR_65_35,726,conf/sigmod/RoussopoulosKR97,True,1,H7Pi4AQU00YJ,H7Pi4AQU00YJ,True,0.9999614730486344,0.0001710744440799,0.9997903986045544,0.9000000000000002,True,correct,0.9000000000000002,True,correct,0.1,0.52497918747894,True,correct
DBLP,0.9,50,inner,SRSWOR_65_35,727,conf/vldb/ShanmugasundaramKSFF01,True,1,9r5dL8B5l7oJ,9r5dL8B5l7oJ,True,0.9983534315517402,6.702120101201272e-05,0.9982864103507282,0.9000000000000002,True,correct,0.9000000000000002,True,correct,0.1,0.52497918747894,True,correct
DBLP,0.9,50,inner,SRSWOR_65_35,728,conf/vldb/NishioSTTL01,True,1,S30IXg4ClFIJ,S30IXg4ClFIJ,True,0.9999360799193214,7.627782841936135e-06,0.9999284521364796,0.9000000000000002,True,correct,0.9000000000000002,True,correct,0.1,0.52497918747894,True,correct
DBLP,0.9,50,inner,SRSWOR_65_35,729,journals/sigmod/NascimentoM99,True,1,url:http://portal.acm.org/ft_gateway.cfm%3Fid%3D310062%26type%3Dpdf%26dl%3DGUIDE%26dl%3DACM%26CFID%3D11111111%26CFTOKEN%3D2222222,url:http://portal.acm.org/ft_gateway.cfm%3Fid%3D310062%26type%3Dpdf%26dl%3DGUIDE%26dl%3DACM%26CFID%3D11111111%26CFTOKEN%3D2222222,True,0.99998300383444,3.3818721331271915e-05,0.9999491851131088,0.9000000000000002,True,correct,0.9000000000000002,True,correct,0.1,0.52497918747894,True,correct
DBLP,0.9,50,inner,SRSWOR_65_35,730,journals/sigmod/ShethM02,True,2,B_axrPz8j5EJ,B_axrPz8j5EJ,True,0.9999732039254138,0.260397840679426,0.7395753632459877,0.9000000000000002,True,correct,0.9000000000000002,True,correct,0.1,0.52497918747894,True,correct
DBLP,0.9,50,inner,SRSWOR_65_35,731,conf/vldb/FlodinR95,True,2,b5vbAhJ4xxMJ,WmtiDGY_BdoJ,True,0.9999855010024988,0.9999699347170048,1.556628549403971e-05,0.9000000000000002,True,correct,0.9000000000000002,True,correct,0.1,0.52497918747894,True,correct
DBLP,0.9,50,inner,SRSWOR_65_35,732,journals/vldb/C94a,False,0,,url:http://www.springerlink.com/index/W80L2810707344M1.pdf,False,0.0337834896835067,0.0001861749854894,0.0335973146980172,0.9000000000000002,False,unmatched_abstention,0.9000000000000002,False,unmatched_abstention,0.1,0.52497918747894,False,unmatched_abstention
DBLP,0.9,50,inner,SRSWOR_65_35,733,journals/vldb/BernsteinPS00,True,1,08d5th2jiqcJ,08d5th2jiqcJ,True,0.999980000422224,0.9732949874117128,0.0266850130105114,0.9000000000000002,True,correct,0.9000000000000002,True,correct,0.1,0.52497918747894,True,correct
DBLP,0.9,50,inner,SRSWOR_65_35,734,conf/sigmod/RoySSB00,True,5,0MCbJO8XsEoJ,OZHS88jHgDkJ,True,0.9999879233248764,0.9999843408544712,3.5824704052167533e-06,0.9000000000000002,True,correct,0.9000000000000002,True,correct,0.1,0.52497918747894,True,correct
DBLP,0.9,50,inner,SRSWOR_65_35,735,conf/vldb/PolyzotisG02,True,1,krAZ7iDMEOQJ,krAZ7iDMEOQJ,True,0.9999820732949196,0.0001020704777418,0.9998800028171776,0.9000000000000002,True,correct,0.9000000000000002,True,correct,0.1,0.52497918747894,True,correct
DBLP,0.9,50,inner,SRSWOR_65_35,736,journals/tods/KrishnakumarB94,True,1,8ZjEDOBUd_QJ,8ZjEDOBUd_QJ,True,0.9999861679454508,2.8730038779356494e-05,0.9999574379066716,0.9000000000000002,True,correct,0.9000000000000002,True,correct,0.1,0.52497918747894,True,correct
DBLP,0.9,50,inner,SRSWOR_65_35,737,journals/sigmod/Liu01,False,0,,url:http://doi.wiley.com/10.1002/he.21,False,0.1780735871951593,0.0101832890606567,0.1678902981345026,0.9000000000000002,False,unmatched_abstention,0.9000000000000002,False,unmatched_abstention,0.1,0.52497918747894,False,unmatched_abstention
DBLP,0.9,50,inner,SRSWOR_65_35,738,conf/vldb/AmsalegFG95,True,3,-9bXTTM_M4cJ,-9bXTTM_M4cJ,True,0.9999792352360686,0.9998777043056992,0.0001015309303693,0.9000000000000002,True,correct,0.9000000000000002,True,correct,0.1,0.52497918747894,True,correct
DBLP,0.9,50,inner,SRSWOR_65_35,739,conf/vldb/MohanBWSZ00,True,1,zCY0pFken7wJ,zCY0pFken7wJ,True,0.9999855287683924,0.0001635002439028,0.9998220285244896,0.9000000000000002,True,correct,0.9000000000000002,True,correct,0.1,0.52497918747894,True,correct
DBLP,0.9,50,inner,SRSWOR_65_35,740,conf/vldb/KriegelPS00,True,2,DOOggMfdGYoJ,VSQ0v1UlIvoJ,True,0.999987361767827,0.9999818660661636,5.495701663416064e-06,0.9000000000000002,True,correct,0.9000000000000002,True,correct,0.1,0.52497918747894,True,correct
DBLP,0.9,50,inner,SRSWOR_65_35,741,conf/sigmod/Smith01,True,2,5wh3Y-mBqJQJ,5wh3Y-mBqJQJ,True,0.957600063025308,0.3109973936575718,0.646602669367736,0.9000000000000002,True,correct,0.9000000000000002,True,correct,0.1,0.52497918747894,True,correct
DBLP,0.9,50,inner,SRSWOR_65_35,742,journals/vldb/BernsteinIR03,True,1,url:http://www.springerlink.com/index/RTCC57FUUW3CADRF.pdf,url:http://www.springerlink.com/index/589TQRPPVBXQ6LJN.pdf,False,0.1074831884365849,0.0267340171866412,0.0807491712499436,0.9000000000000002,False,missing_match,0.9000000000000002,False,missing_match,0.1,0.52497918747894,False,missing_match
DBLP,0.9,50,inner,SRSWOR_65_35,743,journals/sigmod/Grefen02,False,0,,url:http://portal.acm.org/ft_gateway.cfm%3Fid%3D604274%26type%3Dpdf%26dl%3DGUIDE%26dl%3DACM%26CFID%3D11111111%26CFTOKEN%3D2222222,False,0.0005747385171343,0.0003619747821603,0.000212763734974,0.9000000000000002,False,unmatched_abstention,0.9000000000000002,False,unmatched_abstention,0.1,0.52497918747894,False,unmatched_abstention
DBLP,0.9,50,inner,SRSWOR_65_35,744,conf/vldb/RamaswamyMS98,True,2,Qq2kFNELi_8J,WTYQ40Rn_tUJ,True,0.9999891224502984,0.99997130853952,1.7813910778374797e-05,0.9000000000000002,True,correct,0.9000000000000002,True,correct,0.1,0.52497918747894,True,correct
DBLP,0.9,50,inner,SRSWOR_65_35,745,journals/sigmod/YanG95,True,1,tMXkkRDxvkQJ,tMXkkRDxvkQJ,True,0.9999870685653776,1.1383598570025122e-05,0.9999756849668076,0.9000000000000002,True,correct,0.9000000000000002,True,correct,0.1,0.52497918747894,True,correct
DBLP,0.9,50,inner,SRSWOR_65_35,746,conf/vldb/Deshpande00,True,1,2DiLFd0rgPgJ,2DiLFd0rgPgJ,True,0.9999879217354152,6.109269441201757e-06,0.999981812465974,0.9000000000000002,True,correct,0.9000000000000002,True,correct,0.1,0.52497918747894,True,correct
DBLP,0.9,50,inner,SRSWOR_65_35,747,journals/sigmod/SellisV95,True,1,url:http://portal.acm.org/ft_gateway.cfm%3Fid%3D219766%26type%3Dpdf%26dl%3DGUIDE%26dl%3DACM%26CFID%3D11111111%26CFTOKEN%3D2222222,url:http://portal.acm.org/ft_gateway.cfm%3Fid%3D219766%26type%3Dpdf%26dl%3DGUIDE%26dl%3DACM%26CFID%3D11111111%26CFTOKEN%3D2222222,True,0.9997960317265988,0.0001677493241856,0.9996282824024132,0.9000000000000002,True,correct,0.9000000000000002,True,correct,0.1,0.52497918747894,True,correct
DBLP,0.9,50,inner,SRSWOR_65_35,748,journals/sigmod/Snodgrass01a,False,0,,CuNhtOboaGoJ,False,5.171233926983856e-05,1.838671263275205e-05,3.332562663708651e-05,0.9000000000000002,False,unmatched_abstention,0.9000000000000002,False,unmatched_abstention,0.1,0.52497918747894,False,unmatched_abstention
DBLP,0.9,50,inner,SRSWOR_65_35,749,journals/sigmod/Winslett02a,True,1,url:http://portal.acm.org/ft_gateway.cfm%3Fid%3D565127%26type%3Dpdf%26dl%3DGUIDE%26dl%3DACM%26CFID%3D11111111%26CFTOKEN%3D2222222,url:http://portal.acm.org/ft_gateway.cfm%3Fid%3D565127%26type%3Dpdf%26dl%3DGUIDE%26dl%3DACM%26CFID%3D11111111%26CFTOKEN%3D2222222,True,0.9741365932213272,0.0076013934380363,0.9665351997832908,0.9000000000000002,True,correct,0.9000000000000002,True,correct,0.1,0.52497918747894,True,correct
DBLP,0.9,50,inner,SRSWOR_65_35,750,journals/sigmod/Gallagher94,True,1,PVm9r7wHzDAJ,PVm9r7wHzDAJ,True,0.9999699977856844,2.5449846254821765e-05,0.9999445479394296,0.9000000000000002,True,correct,0.9000000000000002,True,correct,0.1,0.52497918747894,True,correct
DBLP,0.9,50,inner,SRSWOR_65_35,751,conf/vldb/GibbonsMP97,True,1,QKnjF3UgncMJ,QKnjF3UgncMJ,True,0.9999194999063744,0.0157061632906922,0.984213336615682,0.9000000000000002,True,correct,0.9000000000000002,True,correct,0.1,0.52497918747894,True,correct
DBLP,0.9,50,inner,SRSWOR_65_35,752,journals/sigmod/Bernstein01,False,0,,url:http://portal.acm.org/citation.cfm%3Fid%3D376284,False,0.0006544841873813,0.0003244769970194,0.0003300071903619,0.9000000000000002,False,unmatched_abstention,0.9000000000000002,False,unmatched_abstention,0.1,0.52497918747894,False,unmatched_abstention
DBLP,0.9,50,inner,SRSWOR_65_35,753,conf/sigmod/RaoR98,True,3,iqZZMPppeKAJ,WlSXiMaxGlQJ,True,0.9999857550500262,0.9999850701921577,6.848578685270112e-07,0.9000000000000002,True,correct,0.9000000000000002,True,correct,0.1,0.52497918747894,True,correct
DBLP,0.9,50,inner,SRSWOR_65_35,754,journals/vldb/NybergBCGL95,True,2,A1phylxPkl4J,A1phylxPkl4J,True,0.9999874446338404,0.9999855774027528,1.8672310875267328e-06,0.9000000000000002,True,correct,0.9000000000000002,True,correct,0.1,0.52497918747894,True,correct
DBLP,0.9,50,inner,SRSWOR_65_35,755,conf/vldb/Madnick95,True,2,CVQyvLe8w38J,CVQyvLe8w38J,True,0.999982604737662,0.999972268323888,1.0336413773903708e-05,0.9000000000000002,True,correct,0.9000000000000002,True,correct,0.1,0.52497918747894,True,correct
DBLP,0.9,50,inner,SRSWOR_65_35,756,conf/sigmod/SengarH03,True,1,7Mtanhr8EKoJ,7Mtanhr8EKoJ,True,0.999983922558732,0.02941553993312,0.970568382625612,0.9000000000000002,True,correct,0.9000000000000002,True,correct,0.1,0.52497918747894,True,correct
DBLP,0.9,50,inner,SRSWOR_65_35,757,journals/tods/BrunoCG02,True,1,tkCWrg5OsIwJ,tkCWrg5OsIwJ,True,0.9999865315093428,3.073301191935233e-05,0.9999557984974234,0.9000000000000002,True,correct,0.9000000000000002,True,correct,0.1,0.52497918747894,True,correct
DBLP,0.9,50,inner,SRSWOR_65_35,758,conf/sigmod/DoanDH01,True,1,Lv0bggWzgeoJ,Lv0bggWzgeoJ,True,0.999984353602481,0.0001352754800382,0.9998490781224428,0.9000000000000002,True,correct,0.9000000000000002,True,correct,0.1,0.52497918747894,True,correct
DBLP,0.9,50,inner,SRSWOR_65_35,759,conf/sigmod/NgWY01,True,1,TShyzmLNvtoJ,TShyzmLNvtoJ,True,0.9984274913633124,1.5773127553985738e-05,0.9984117182357584,0.9000000000000002,True,correct,0.9000000000000002,True,correct,0.1,0.52497918747894,True,correct
DBLP,0.9,50,inner,SRSWOR_65_35,760,journals/sigmod/MeersmanS02,False,0,,diQK7Y_z3XwJ,False,0.0153512440747511,0.0141017748458667,0.0012494692288843,0.9000000000000002,False,unmatched_abstention,0.9000000000000002,False,unmatched_abstention,0.1,0.52497918747894,False,unmatched_abstention
DBLP,0.9,50,inner,SRSWOR_65_35,761,journals/vldb/Cobb97,True,1,R6XK3NbfZrgJ,R6XK3NbfZrgJ,True,0.9999477102467176,0.0001352819297569,0.9998124283169608,0.9000000000000002,True,correct,0.9000000000000002,True,correct,0.1,0.52497918747894,True,correct
DBLP,0.9,50,inner,SRSWOR_65_35,762,journals/sigmod/RoantreeMH99,True,3,7-Suml1GqBQJ,JJK6WGPyubgJ,True,0.9999860022970256,0.9999828683777032,3.133919322384493e-06,0.9000000000000002,True,correct,0.9000000000000002,True,correct,0.1,0.52497918747894,True,correct
DBLP,0.9,50,inner,SRSWOR_65_35,763,journals/vldb/AtkinsonM95,True,5,dahaBAYvs5AJ,N5Got4HigPgJ,True,0.9999733548807718,0.999634748080648,0.0003386068001238,0.9000000000000002,True,correct,0.9000000000000002,True,correct,0.1,0.52497918747894,True,correct
DBLP,0.9,50,inner,SRSWOR_65_35,764,journals/sigmod/CaleroPR03,True,1,zWoRcQffsq8J,zWoRcQffsq8J,True,0.9999875819448334,7.576489943704802e-06,0.9999800054548896,0.9000000000000002,True,correct,0.9000000000000002,True,correct,0.1,0.52497918747894,True,correct
DBLP,0.9,50,inner,SRSWOR_65_35,765,conf/vldb/ChengGKLLQS99,True,3,_pYZZxn2SjYJ,p4Q8x9UmngkJ,True,0.9999864089722004,0.9999791370421028,7.271930097529911e-06,0.9000000000000002,True,correct,0.9000000000000002,True,correct,0.1,0.52497918747894,True,correct
DBLP,0.9,50,inner,SRSWOR_65_35,766,journals/sigmod/Chang03,True,1,B55TCVoUsnoJ,B55TCVoUsnoJ,True,0.9999851853296758,3.438850456507589e-05,0.9999507968251108,0.9000000000000002,True,correct,0.9000000000000002,True,correct,0.1,0.52497918747894,True,correct
DBLP,0.9,50,inner,SRSWOR_65_35,767,conf/sigmod/Keim96,True,2,AF9vuEJOr6cJ,AF9vuEJOr6cJ,True,0.9999839445456732,0.999937844621312,4.6099924361220346e-05,0.9000000000000002,True,correct,0.9000000000000002,True,correct,0.1,0.52497918747894,True,correct
DBLP,0.9,50,inner,SRSWOR_65_35,768,conf/sigmod/Lomet00,True,1,FiPJDs_jm54J,FiPJDs_jm54J,True,0.9999883505616076,6.210099492293827e-06,0.9999821404621152,0.9000000000000002,True,correct,0.9000000000000002,True,correct,0.1,0.52497918747894,True,correct
DBLP,0.9,50,inner,SRSWOR_65_35,769,conf/vldb/BunemanDHOW95,True,1,95LnCs7V35YJ,95LnCs7V35YJ,True,0.9999865984287448,6.834252692822793e-06,0.999979764176052,0.9000000000000002,True,correct,0.9000000000000002,True,correct,0.1,0.52497918747894,True,correct
DBLP,0.9,50,inner,SRSWOR_65_35,770,conf/sigmod/HacigumusILM02,True,2,NMgExE-JRD0J,NMgExE-JRD0J,True,0.9999885864426052,0.999881558585466,0.0001070278571391,0.9000000000000002,True,correct,0.9000000000000002,True,correct,0.1,0.52497918747894,True,correct
DBLP,0.9,50,inner,SRSWOR_65_35,771,journals/tods/ZaharioudakisCF97,True,2,EN1nFWJxnoIJ,naUCkadkOekJ,True,0.9999895300661192,0.0004633355062615,0.9995261945598578,0.9000000000000002,True,correct,0.9000000000000002,True,correct,0.1,0.52497918747894,True,correct
DBLP,0.9,50,inner,SRSWOR_65_35,772,journals/sigmod/AlonsoCIM95,True,1,5LlePa4wQmEJ,5LlePa4wQmEJ,True,0.99998889577249,7.82525596182002e-06,0.9999810705165282,0.9000000000000002,True,correct,0.9000000000000002,True,correct,0.1,0.52497918747894,True,correct
DBLP,0.9,50,inner,SRSWOR_65_35,773,journals/sigmod/HanBP01,True,2,FT5pSUb-uTYJ,-OEJgpIAScMJ,True,0.999984612206792,0.9999189718063292,6.564040046286301e-05,0.9000000000000002,True,correct,0.9000000000000002,True,correct,0.1,0.52497918747894,True,correct
DBLP,0.9,50,inner,SRSWOR_65_35,774,conf/sigmod/Larson01,True,1,url:http://portal.acm.org/ft_gateway.cfm%3Fid%3D375792%26type%3Dpdf%26dl%3DGUIDE%26dl%3DACM%26CFID%3D11111111%26CFTOKEN%3D2222222,url:http://portal.acm.org/ft_gateway.cfm%3Fid%3D375792%26type%3Dpdf%26dl%3DGUIDE%26dl%3DACM%26CFID%3D11111111%26CFTOKEN%3D2222222,True,0.9999388678586824,0.9941454980435128,0.0057933698151695,0.9000000000000002,True,correct,0.9000000000000002,True,correct,0.1,0.52497918747894,True,correct
DBLP,0.9,50,inner,SRSWOR_65_35,775,conf/sigmod/MamoulisP99,True,4,fXHqHRgpG8sJ,z9MQwq7G3GYJ,True,0.999987412743687,0.999981391391215,6.021352471963226e-06,0.9000000000000002,True,correct,0.9000000000000002,True,correct,0.1,0.52497918747894,True,correct
DBLP,0.9,50,inner,SRSWOR_65_35,776,conf/sigmod/MayrS99,True,1,1lRZz4bZvxEJ,1lRZz4bZvxEJ,True,0.9999801864451168,1.2953219315122769e-05,0.9999672332258016,0.9000000000000002,True,correct,0.9000000000000002,True,correct,0.1,0.52497918747894,True,correct
DBLP,0.9,50,inner,SRSWOR_65_35,777,conf/vldb/PereiraFLS00,True,4,e60hJN21ZO0J,KAW0nLm2wVAJ,True,0.9999874636693614,0.9999856140799188,1.849589442715072e-06,0.9000000000000002,True,correct,0.9000000000000002,True,correct,0.1,0.52497918747894,True,correct
DBLP,0.9,50,inner,SRSWOR_65_35,778,conf/vldb/Sripada02,True,1,UXm0EWCXxpIJ,UXm0EWCXxpIJ,True,0.9999844750805204,2.497356561356559e-05,0.9999595015149068,0.9000000000000002,True,correct,0.9000000000000002,True,correct,0.1,0.52497918747894,True,correct
DBLP,0.9,50,inner,SRSWOR_65_35,779,journals/sigmod/Etzion99,True,2,aDxXrqrMy9IJ,aDxXrqrMy9IJ,True,0.9999723970554524,0.9999642293838124,8.167671640024743e-06,0.9000000000000002,True,correct,0.9000000000000002,True,correct,0.1,0.52497918747894,True,correct
DBLP,0.9,50,inner,SRSWOR_65_35,780,conf/sigmod/NatsevRS99,True,3,OtJVavxuuYgJ,OtJVavxuuYgJ,True,0.9999802557449912,0.9999519817328714,2.8274012119910985e-05,0.9000000000000002,True,correct,0.9000000000000002,True,correct,0.1,0.52497918747894,True,correct
DBLP,0.9,50,inner,SRSWOR_65_35,781,journals/vldb/RamanRH00,True,1,CgiCp6N9XZQJ,CgiCp6N9XZQJ,True,0.9999767414095077,0.9969564738460184,0.003020267563489,0.9000000000000002,True,correct,0.9000000000000002,True,correct,0.1,0.52497918747894,True,correct
DBLP,0.9,50,inner,SRSWOR_65_35,782,conf/vldb/Draluk01,True,2,FhNjU1YhINUJ,xQzrilMR-QQJ,True,0.9999852875318423,0.9999848561566518,4.313751905682395e-07,0.9000000000000002,True,correct,0.9000000000000002,True,correct,0.1,0.52497918747894,True,correct
DBLP,0.9,50,inner,SRSWOR_65_35,783,conf/sigmod/HanPY00,True,13,2xwKDuA0DI8J,rLJSEgt6UbMJ,True,0.9999860303020064,0.9999848692788104,1.161023196027955e-06,0.9000000000000002,True,correct,0.9000000000000002,True,correct,0.1,0.52497918747894,True,correct
DBLP,0.9,50,inner,SRSWOR_65_35,784,conf/vldb/TsatalosSI94,True,2,--1aoAaGkgQJ,zt5Ck1PrGf0J,True,0.9999855466705438,0.9999678847222714,1.7661948272462702e-05,0.9000000000000002,True,correct,0.9000000000000002,True,correct,0.1,0.52497918747894,True,correct
DBLP,0.9,50,inner,SRSWOR_65_35,785,conf/sigmod/TsueiPK97,True,1,DpQGq6n1jnkJ,DpQGq6n1jnkJ,True,0.999947028073262,8.879793251114925e-06,0.9999381482800108,0.9000000000000002,True,correct,0.9000000000000002,True,correct,0.1,0.52497918747894,True,correct
DBLP,0.9,50,inner,SRSWOR_65_35,786,conf/vldb/ShuklaDN98,True,2,1eCp1f8DhasJ,1eCp1f8DhasJ,True,0.9999818486951214,0.9999510246634072,3.0824031714171696e-05,0.9000000000000002,True,correct,0.9000000000000002,True,correct,0.1,0.52497918747894,True,correct
DBLP,0.9,50,inner,SRSWOR_65_35,787,conf/vldb/Brodie03,True,1,deEJ1JsF8RwJ,deEJ1JsF8RwJ,True,0.9999812208004484,9.470712153708814e-06,0.9999717500882946,0.9000000000000002,True,correct,0.9000000000000002,True,correct,0.1,0.52497918747894,True,correct
DBLP,0.9,50,inner,SRSWOR_65_35,788,conf/vldb/Johnson99,True,1,B3PwhNu8Y6IJ,B3PwhNu8Y6IJ,True,0.9999532594583258,2.0799367741266348e-05,0.9999324600905846,0.9000000000000002,True,correct,0.9000000000000002,True,correct,0.1,0.52497918747894,True,correct
DBLP,0.9,50,inner,SRSWOR_65_35,789,conf/vldb/ChenJLP03,True,2,BGcx_nZKM4wJ,BGcx_nZKM4wJ,True,0.9999844012184642,0.9999764256741356,7.975544328631123e-06,0.9000000000000002,True,correct,0.9000000000000002,True,correct,0.1,0.52497918747894,True,correct
DBLP,0.9,50,inner,SRSWOR_65_35,790,conf/sigmod/ZhangDWEMPMDR03,True,2,1hkVjoUg8hUJ,gWslyEjd3BYJ,True,0.9999828529806672,0.99998278030423,7.267643720165752e-08,0.9000000000000002,True,correct,0.9000000000000002,True,correct,0.1,0.52497918747894,True,correct
DBLP,0.9,50,inner,SRSWOR_65_35,791,conf/sigmod/ChaudhuriMN98,True,8,3fEogSGG3wQJ,hvMTb3FYOjQJ,True,0.9999825512385766,0.9999812004807662,1.3507578103810758e-06,0.9000000000000002,True,correct,0.9000000000000002,True,correct,0.1,0.52497918747894,True,correct
DBLP,0.9,50,inner,SRSWOR_65_35,792,conf/sigmod/Englert94,True,1,KOpz_NXJ3WUJ,KOpz_NXJ3WUJ,True,0.9999888961113552,1.716000804859749e-05,0.9999717361033064,0.9000000000000002,True,correct,0.9000000000000002,True,correct,0.1,0.52497918747894,True,correct
DBLP,0.9,50,inner,SRSWOR_65_35,793,journals/sigmod/Aberer03a,True,2,6MY_fFzgHtgJ,url:http://portal.acm.org/ft_gateway.cfm%3Fid%3D641004%26type%3Dpdf%26dl%3DGUIDE%26dl%3DACM%26CFID%3D11111111%26CFTOKEN%3D2222222,True,0.999988988130844,0.9999889002086876,8.79221564442645e-08,0.9000000000000002,True,correct,0.9000000000000002,True,correct,0.1,0.52497918747894,True,correct
DBLP,0.9,50,inner,SRSWOR_65_35,794,journals/sigmod/Ritter98,True,1,mzqmEYGGT_IJ,mzqmEYGGT_IJ,True,0.9999797137073662,0.4118035650179173,0.5881761486894488,0.9000000000000002,True,correct,0.9000000000000002,True,correct,0.1,0.52497918747894,True,correct
DBLP,0.9,50,inner,SRSWOR_65_35,795,conf/sigmod/Ubell94,True,3,lphlTARDI9YJ,ZrMjnFuPnI0J,True,0.9998368767559396,0.1360949480326731,0.8637419287232665,0.9000000000000002,True,correct,0.9000000000000002,True,correct,0.1,0.52497918747894,True,correct
DBLP,0.9,50,inner,SRSWOR_65_35,796,journals/tods/LakshmananLRS97,True,2,dOscxZFxArwJ,UByN6paxEXwJ,True,0.9999852326961592,0.9842493310717204,0.0157359016244388,0.9000000000000002,True,correct,0.9000000000000002,True,correct,0.1,0.52497918747894,True,correct
DBLP,0.9,50,inner,SRSWOR_65_35,797,conf/vldb/ChakrabartiGRS00,True,4,2TVYDBNYioIJ,PTmCbogNUpAJ,True,0.999967263597224,0.9998204294016552,0.0001468341955687,0.9000000000000002,True,correct,0.9000000000000002,True,correct,0.1,0.52497918747894,True,correct
DBLP,0.9,50,inner,SRSWOR_65_35,798,conf/vldb/BrodieC99,True,2,80T8-ddj8OsJ,80T8-ddj8OsJ,True,0.9999866534508344,0.9999362327943412,5.0420656493410654e-05,0.9000000000000002,True,correct,0.9000000000000002,True,correct,0.1,0.52497918747894,True,correct
DBLP,0.9,50,inner,SRSWOR_65_35,799,conf/sigmod/Chaudhuri97,True,2,9GsZHpVf2_cJ,9GsZHpVf2_cJ,True,0.9999690998290568,0.999951910795147,1.7189033909792428e-05,0.9000000000000002,True,correct,0.9000000000000002,True,correct,0.1,0.52497918747894,True,correct
DBLP,0.9,50,inner,SRSWOR_65_35,800,conf/vldb/JermaineDO99,True,2,eawaEzvWj4gJ,eawaEzvWj4gJ,True,0.9999879001187352,0.6533412926672975,0.3466466074514378,0.9000000000000002,True,correct,0.9000000000000002,True,correct,0.1,0.52497918747894,True,correct
DBLP,0.9,50,inner,SRSWOR_65_35,801,conf/sigmod/ZhangNDLL01,True,2,RkUnSP2Vkj0J,ryaV3kTsJ2IJ,True,0.9999874116392712,0.9999826668357832,4.744803487777283e-06,0.9000000000000002,True,correct,0.9000000000000002,True,correct,0.1,0.52497918747894,True,correct
DBLP,0.9,50,inner,SRSWOR_65_35,802,journals/sigmod/GroskySF02,True,1,HA3wM_i-y3YJ,HA3wM_i-y3YJ,True,0.9999800735844732,0.9998281119355458,0.0001519616489275,0.9000000000000002,True,correct,0.9000000000000002,True,correct,0.1,0.52497918747894,True,correct
DBLP,0.9,50,inner,SRSWOR_65_35,803,conf/sigmod/ChakrabartiDI98,True,2,qtVVVrzTLr4J,qtVVVrzTLr4J,True,0.9999807380545782,0.9992166507929886,0.0007640872615896,0.9000000000000002,True,correct,0.9000000000000002,True,correct,0.1,0.52497918747894,True,correct
DBLP,0.9,50,inner,SRSWOR_65_35,804,journals/sigmod/ChakravarthyAEFO03,True,2,url:http://portal.acm.org/citation.cfm%3Fid%3D641006,url:http://portal.acm.org/citation.cfm%3Fid%3D641006,True,0.9999850763986184,0.9999729940501694,1.2082348449071745e-05,0.9000000000000002,True,correct,0.9000000000000002,True,correct,0.1,0.52497918747894,True,correct
DBLP,0.9,50,inner,SRSWOR_65_35,805,conf/sigmod/LiYVGPUV98,True,6,4zDGoqCAWOoJ,6jeHlSgjCskJ,True,0.999987861990948,0.9999868822276936,9.797632546382218e-07,0.9000000000000002,True,correct,0.9000000000000002,True,correct,0.1,0.52497918747894,True,correct
DBLP,0.9,50,inner,SRSWOR_65_35,806,conf/sigmod/HellersteinW02,True,1,url:http://portal.acm.org/ft_gateway.cfm%3Fid%3D564788%26type%3Dpdf%26dl%3DGUIDE%26dl%3DACM%26CFID%3D11111111%26CFTOKEN%3D2222222,url:http://portal.acm.org/ft_gateway.cfm%3Fid%3D564788%26type%3Dpdf%26dl%3DGUIDE%26dl%3DACM%26CFID%3D11111111%26CFTOKEN%3D2222222,True,0.9999688922415532,1.725393616541118e-05,0.999951638305388,0.9000000000000002,True,correct,0.9000000000000002,True,correct,0.1,0.52497918747894,True,correct
DBLP,0.9,50,inner,SRSWOR_65_35,807,conf/vldb/PapadiasMD98,True,2,_6JbypCpDqgJ,7vbPCi-dbawJ,True,0.9999874709122568,0.9999785823976446,8.888514612337417e-06,0.9000000000000002,True,correct,0.9000000000000002,True,correct,0.1,0.52497918747894,True,correct
DBLP,0.9,50,inner,SRSWOR_65_35,808,journals/vldb/EyalM01,True,1,ntrSSBumclMJ,ntrSSBumclMJ,True,0.9999869700273952,7.554599615117716e-06,0.9999794154277802,0.9000000000000002,True,correct,0.9000000000000002,True,correct,0.1,0.52497918747894,True,correct
DBLP,0.9,50,inner,SRSWOR_65_35,809,conf/sigmod/Amer-YahiaFSX03,True,3,7-b5YXuGJS0J,7-b5YXuGJS0J,True,0.9999839735193446,0.999981598341806,2.375177538649353e-06,0.9000000000000002,True,correct,0.9000000000000002,True,correct,0.1,0.52497918747894,True,correct
DBLP,0.9,50,inner,SRSWOR_65_35,810,journals/sigmod/ShinM94,True,1,hnpTcGMYR80J,hnpTcGMYR80J,True,0.9999858964411796,2.162788181336095e-05,0.9999642685593664,0.9000000000000002,True,correct,0.9000000000000002,True,correct,0.1,0.52497918747894,True,correct
DBLP,0.9,50,inner,SRSWOR_65_35,811,journals/vldb/TempletonHMB95,True,1,RKNGp2gmOTUJ,RKNGp2gmOTUJ,True,0.9999875048716382,6.257426954762615e-06,0.9999812474446834,0.9000000000000002,True,correct,0.9000000000000002,True,correct,0.1,0.52497918747894,True,correct
DBLP,0.9,50,inner,SRSWOR_65_35,812,journals/sigmod/BertinoEH03,True,1,4m-WmWU5iGYJ,4m-WmWU5iGYJ,True,0.999987418228316,3.578900744227957e-05,0.9999516292208736,0.9000000000000002,True,correct,0.9000000000000002,True,correct,0.1,0.52497918747894,True,correct
DBLP,0.9,50,inner,SRSWOR_65_35,813,journals/tods/Snodgrass01,False,0,,347oyb_b7DAJ,False,0.3384426791720227,0.1981755325542418,0.1402671466177809,0.9000000000000002,False,unmatched_abstention,0.9000000000000002,False,unmatched_abstention,0.1,0.52497918747894,False,unmatched_abstention
DBLP,0.9,50,inner,SRSWOR_65_35,814,conf/sigmod/BonnetBCCCHKMMOSS99,False,0,,xtcC5gjw_0YJ,False,6.187051027248472e-06,6.0890626519628215e-06,9.798837528565045e-08,0.9000000000000002,False,unmatched_abstention,0.9000000000000002,False,unmatched_abstention,0.1,0.52497918747894,False,unmatched_abstention
DBLP,0.9,50,inner,SRSWOR_65_35,815,journals/sigmod/X94b,False,0,,url:http://ieeexplore.ieee.org/iel5/2/4048/x0715521.pdf,False,9.582294915564102e-05,9.408307263607112e-05,1.7398765195699023e-06,0.9000000000000002,False,unmatched_abstention,0.9000000000000002,False,unmatched_abstention,0.1,0.52497918747894,False,unmatched_abstention
DBLP,0.9,50,inner,SRSWOR_65_35,816,conf/sigmod/ChanI99,True,2,kNT7yt823K8J,uLiEqn5nA_IJ,True,0.9999875864087036,0.999977551207657,1.0035201046587616e-05,0.9000000000000002,True,correct,0.9000000000000002,True,correct,0.1,0.52497918747894,True,correct
DBLP,0.9,50,inner,SRSWOR_65_35,817,journals/tods/OliverS94,True,2,RUyqFOxZyDoJ,RUyqFOxZyDoJ,True,0.9999843148486264,0.9999823183670388,1.996481587607235e-06,0.9000000000000002,True,correct,0.9000000000000002,True,correct,0.1,0.52497918747894,True,correct
DBLP,0.9,50,inner,SRSWOR_65_35,818,journals/sigmod/Jannink95,True,1,22yR9rN5xuQJ,22yR9rN5xuQJ,True,0.9999878208745064,0.107643509238285,0.8923443116362213,0.9000000000000002,True,correct,0.9000000000000002,True,correct,0.1,0.52497918747894,True,correct
DBLP,0.9,50,inner,SRSWOR_65_35,819,journals/vldb/GeorgakopoulosRL94,True,1,G85JsnuAjzMJ,G85JsnuAjzMJ,True,0.9999857639860532,8.632519509375148e-06,0.999977131466544,0.9000000000000002,True,correct,0.9000000000000002,True,correct,0.1,0.52497918747894,True,correct
DBLP,0.9,50,inner,SRSWOR_65_35,820,journals/tods/WolfsonJH97,True,3,FlC-FF1hbbUJ,FlC-FF1hbbUJ,True,0.9999837520075158,0.8642809382487506,0.1357028137587651,0.9000000000000002,True,correct,0.9000000000000002,True,correct,0.1,0.52497918747894,True,correct
DBLP,0.9,50,inner,SRSWOR_65_35,821,journals/sigmod/Snodgrass97a,False,0,,NHxHsUH9L5MJ,False,0.0156287062228283,0.0045559796336034,0.0110727265892248,0.9000000000000002,False,unmatched_abstention,0.9000000000000002,False,unmatched_abstention,0.1,0.52497918747894,False,unmatched_abstention
DBLP,0.9,50,inner,SRSWOR_65_35,822,conf/sigmod/ChaudhuriN98a,True,3,AiXOfJPvvpUJ,JyEX0YVMP5oJ,True,0.999981149046007,0.9999809083155328,2.407304743323735e-07,0.9000000000000002,True,correct,0.9000000000000002,True,correct,0.1,0.52497918747894,True,correct
DBLP,0.9,50,inner,SRSWOR_65_35,823,conf/vldb/RamakrishnanGRSWZ95,True,2,JAMaus2HrE0J,url:http://portal.acm.org/citation.cfm%3Fid%3D645921.756661,True,0.9999864343007512,0.9999763339055444,1.0100395206769086e-05,0.9000000000000002,True,correct,0.9000000000000002,True,correct,0.1,0.52497918747894,True,correct
