dataset,fraction,seed,role,scheme,record_index,ida,has_true_match,n_valid_matches,retained_idb,top1_idb,top1_is_any_valid,top1_score,top2_score,score_gap,threshold,declared,category,legacy_threshold,legacy_declared,legacy_category,direct_threshold,direct_threshold_sigmoid_equivalent,direct_declared,direct_category
DBLP,0.7,51,inner,bootstrap_OOB,0,conf/vldb/MankuM02,True,3,dkoIJqatfrsJ,WS4ljty1ff8J,True,0.9999951964429706,0.9999899817220992,5.21472087133823e-06,0.9000000000000002,True,correct,0.9000000000000002,True,correct,0.1,0.52497918747894,True,correct
DBLP,0.7,51,inner,bootstrap_OOB,1,conf/vldb/BlottK02,False,0,,4wkD1hLmQMYJ,False,2.287609533689227e-06,2.249908757875255e-06,3.770077581397201e-08,0.9000000000000002,False,unmatched_abstention,0.9000000000000002,False,unmatched_abstention,0.1,0.52497918747894,False,unmatched_abstention
DBLP,0.7,51,inner,bootstrap_OOB,2,journals/tods/TariSS97,True,3,8UdB5vOY_r0J,wGAAD7CTrnMJ,True,0.9999955271320052,0.9999949558920712,5.71239934021861e-07,0.9000000000000002,True,correct,0.9000000000000002,True,correct,0.1,0.52497918747894,True,correct
DBLP,0.7,51,inner,bootstrap_OOB,3,journals/sigmod/PhatakSSS96,True,1,url:http://portal.acm.org/ft_gateway.cfm%3Fid%3D381897%26type%3Dpdf%26dl%3Dportal%26dl%3DACM%26CFID%3D11111111%26CFTOKEN%3D2222222,url:http://portal.acm.org/ft_gateway.cfm%3Fid%3D381897%26type%3Dpdf%26dl%3Dportal%26dl%3DACM%26CFID%3D11111111%26CFTOKEN%3D2222222,True,0.9999956958291896,8.234281316489185e-06,0.9999874615478732,0.9000000000000002,True,correct,0.9000000000000002,True,correct,0.1,0.52497918747894,True,correct
DBLP,0.7,51,inner,bootstrap_OOB,4,journals/sigmod/BhargavaAP95,True,2,ALJ4TObSDlIJ,Sql66UDiVnwJ,True,0.9999961331043246,0.9999927178850428,3.4152192818215354e-06,0.9000000000000002,True,correct,0.9000000000000002,True,correct,0.1,0.52497918747894,True,correct
DBLP,0.7,51,inner,bootstrap_OOB,5,conf/vldb/MillerHH00,True,7,6vtHcpLApB8J,KTp2S_xbXfYJ,True,0.9999953725135275,0.999995103504574,2.69008953668326e-07,0.9000000000000002,True,correct,0.9000000000000002,True,correct,0.1,0.52497918747894,True,correct
DBLP,0.7,51,inner,bootstrap_OOB,6,conf/vldb/LinLYZ03,True,1,9rbctPoEdNUJ,9rbctPoEdNUJ,True,0.999995074058366,2.408285525068578e-06,0.999992665772841,0.9000000000000002,True,correct,0.9000000000000002,True,correct,0.1,0.52497918747894,True,correct
DBLP,0.7,51,inner,bootstrap_OOB,7,journals/tods/Kim94,True,1,url:http://portal.acm.org/citation.cfm%3Fid%3D202106.569784%26coll%3Dportal%26dl%3DACM%26idx%3DJ777%26part%3Dtransaction%26WantType%3Dtransaction%26title%3DACM%2520Transactions%2520on%2520Database%2520Systems%2520(TODS)%26CFID%3D11111111%26CFTOKEN%3D2222222,url:http://portal.acm.org/citation.cfm%3Fid%3D202106.569784%26coll%3Dportal%26dl%3DACM%26idx%3DJ777%26part%3Dtransaction%26WantType%3Dtransaction%26title%3DACM%2520Transactions%2520on%2520Database%2520Systems%2520(TODS)%26CFID%3D11111111%26CFTOKEN%3D2222222,True,0.9562985581525408,3.1402363958716227e-06,0.9562954179161448,0.9000000000000002,True,correct,0.9000000000000002,True,correct,0.1,0.52497918747894,True,correct
DBLP,0.7,51,inner,bootstrap_OOB,8,conf/vldb/ManegoldBK02,True,1,KB9ZbekVNzoJ,KB9ZbekVNzoJ,True,0.9999956611238404,6.337675031970431e-06,0.9999893234488084,0.9000000000000002,True,correct,0.9000000000000002,True,correct,0.1,0.52497918747894,True,correct
DBLP,0.7,51,inner,bootstrap_OOB,9,conf/sigmod/PaparizosACJLNPSWWY03,True,1,HuPDChjYd44J,HuPDChjYd44J,True,0.9999941522460312,0.989692157074724,0.0103019951713072,0.9000000000000002,True,correct,0.9000000000000002,True,correct,0.1,0.52497918747894,True,correct
DBLP,0.7,51,inner,bootstrap_OOB,10,conf/sigmod/SalemBCL00,True,1,FElMcikK2GUJ,FElMcikK2GUJ,True,0.9999954328889324,2.35564079593034e-06,0.9999930772481364,0.9000000000000002,True,correct,0.9000000000000002,True,correct,0.1,0.52497918747894,True,correct
DBLP,0.7,51,inner,bootstrap_OOB,11,journals/sigmod/LawderK01,True,1,eznFJ2e_pQQJ,eznFJ2e_pQQJ,True,0.9999954080518182,2.1259973368908828e-05,0.9999741480784492,0.9000000000000002,True,correct,0.9000000000000002,True,correct,0.1,0.52497918747894,True,correct
DBLP,0.7,51,inner,bootstrap_OOB,12,journals/sigmod/GalianoM03,False,0,,gIKwrx708HMJ,False,0.999971445021501,0.9928001270952496,0.0071713179262513,0.9000000000000002,True,false_link,0.9000000000000002,True,false_link,0.1,0.52497918747894,True,false_link
DBLP,0.7,51,inner,bootstrap_OOB,13,journals/sigmod/Grohe02,True,2,jzwiskpRLOUJ,jzwiskpRLOUJ,True,0.999995857484428,5.666747050082738e-05,0.9999391900139272,0.9000000000000002,True,correct,0.9000000000000002,True,correct,0.1,0.52497918747894,True,correct
DBLP,0.7,51,inner,bootstrap_OOB,14,conf/vldb/BrinkhoffK94,True,2,egvBPvtoaMMJ,egvBPvtoaMMJ,True,0.9999958612910508,0.999993656689419,2.204601631916603e-06,0.9000000000000002,True,correct,0.9000000000000002,True,correct,0.1,0.52497918747894,True,correct
DBLP,0.7,51,inner,bootstrap_OOB,15,conf/vldb/BettiniJWW02,True,3,Aq_TE_cWEQkJ,ghIMekzCkMQJ,True,0.9999959325021014,0.9999956356636812,2.968384202883812e-07,0.9000000000000002,True,correct,0.9000000000000002,True,correct,0.1,0.52497918747894,True,correct
DBLP,0.7,51,inner,bootstrap_OOB,16,conf/sigmod/KornMZ03,True,1,6VAQeD6muakJ,6VAQeD6muakJ,True,0.9999965983696568,2.393231872467712e-06,0.9999942051377844,0.9000000000000002,True,correct,0.9000000000000002,True,correct,0.1,0.52497918747894,True,correct
DBLP,0.7,51,inner,bootstrap_OOB,17,conf/vldb/AnSVKIG01,True,3,4Q5ikiCy82UJ,HosSI1GtRY8J,True,0.9999957468381252,0.9976163911870568,0.0023793556510682,0.9000000000000002,True,correct,0.9000000000000002,True,correct,0.1,0.52497918747894,True,correct
DBLP,0.7,51,inner,bootstrap_OOB,18,conf/vldb/OrensteinK95,True,1,Trw6DEZeqTsJ,Trw6DEZeqTsJ,True,0.999995088632582,2.623134088597808e-06,0.9999924654984936,0.9000000000000002,True,correct,0.9000000000000002,True,correct,0.1,0.52497918747894,True,correct
DBLP,0.7,51,inner,bootstrap_OOB,19,conf/sigmod/Lassettre98,True,1,7p2MaOtr7u8J,7p2MaOtr7u8J,True,0.9999959332235412,3.805834449928585e-06,0.9999921273890912,0.9000000000000002,True,correct,0.9000000000000002,True,correct,0.1,0.52497918747894,True,correct
DBLP,0.7,51,inner,bootstrap_OOB,20,conf/vldb/WuYCT95,True,2,A5s_U6Ixg3EJ,A5s_U6Ixg3EJ,True,0.9999960206237194,0.8566609043675456,0.1433351162561738,0.9000000000000002,True,correct,0.9000000000000002,True,correct,0.1,0.52497918747894,True,correct
DBLP,0.7,51,inner,bootstrap_OOB,21,conf/sigmod/FaloutsosSTT00,True,3,qsWDIfzBxiQJ,qsWDIfzBxiQJ,True,0.9999949729401588,0.9999904512577794,4.521682379410308e-06,0.9000000000000002,True,correct,0.9000000000000002,True,correct,0.1,0.52497918747894,True,correct
DBLP,0.7,51,inner,bootstrap_OOB,22,conf/vldb/HulgeriS02,True,2,syoqNSarAscJ,xGcM9AuhrBMJ,True,0.9999962970470776,0.9999928549044226,3.4421426549080536e-06,0.9000000000000002,True,correct,0.9000000000000002,True,correct,0.1,0.52497918747894,True,correct
DBLP,0.7,51,inner,bootstrap_OOB,23,journals/sigmod/BertinoEH01,True,2,Rba70P6SqQYJ,Rba70P6SqQYJ,True,0.9999955124640644,0.7497717677346856,0.2502237447293787,0.9000000000000002,True,correct,0.9000000000000002,True,correct,0.1,0.52497918747894,True,correct
DBLP,0.7,51,inner,bootstrap_OOB,24,journals/tods/Galindo-LegariaR97,True,3,g4p3K22hY_oJ,Vjga5yC23KIJ,True,0.9999960647710796,0.9999948478740088,1.2168970708881233e-06,0.9000000000000002,True,correct,0.9000000000000002,True,correct,0.1,0.52497918747894,True,correct
DBLP,0.7,51,inner,bootstrap_OOB,25,conf/sigmod/Cattell94,True,2,QgR0DgMbdgIJ,QgR0DgMbdgIJ,True,0.999995660498979,2.993744268486777e-06,0.9999926667547104,0.9000000000000002,True,correct,0.9000000000000002,True,correct,0.1,0.52497918747894,True,correct
DBLP,0.7,51,inner,bootstrap_OOB,26,journals/sigmod/RamamrithamS97,True,1,HR-yLNuhtl4J,HR-yLNuhtl4J,True,0.999995566736984,3.50636754522804e-06,0.9999920603694388,0.9000000000000002,True,correct,0.9000000000000002,True,correct,0.1,0.52497918747894,True,correct
DBLP,0.7,51,inner,bootstrap_OOB,27,conf/sigmod/AcharyaFZ97,True,7,9OEjtHuRUzsJ,9OEjtHuRUzsJ,True,0.9999960216027124,0.9999957222032292,2.99399483316698e-07,0.9000000000000002,True,correct,0.9000000000000002,True,correct,0.1,0.52497918747894,True,correct
DBLP,0.7,51,inner,bootstrap_OOB,28,conf/sigmod/YangM97,True,5,57m7NniyTrkJ,xrTlYcyFKtwJ,True,0.9999960941735876,0.9999957450814652,3.49092122542416e-07,0.9000000000000002,True,correct,0.9000000000000002,True,correct,0.1,0.52497918747894,True,correct
DBLP,0.7,51,inner,bootstrap_OOB,29,conf/sigmod/HanKK97,True,3,MqdtZ_cUxDEJ,MqdtZ_cUxDEJ,True,0.999992288491334,0.9999910733211456,1.215170188362258e-06,0.9000000000000002,True,correct,0.9000000000000002,True,correct,0.1,0.52497918747894,True,correct
DBLP,0.7,51,inner,bootstrap_OOB,30,journals/sigmod/ArpinarD00,True,1,YQQMvRraFBwJ,YQQMvRraFBwJ,True,0.999996089775765,2.870009575488872e-06,0.9999932197661896,0.9000000000000002,True,correct,0.9000000000000002,True,correct,0.1,0.52497918747894,True,correct
DBLP,0.7,51,inner,bootstrap_OOB,31,journals/sigmod/PuSW01,True,1,nkW4iN6JqfAJ,nkW4iN6JqfAJ,True,0.9999961615533663,1.8502064954820243e-05,0.9999776594884116,0.9000000000000002,True,correct,0.9000000000000002,True,correct,0.1,0.52497918747894,True,correct
DBLP,0.7,51,inner,bootstrap_OOB,32,conf/vldb/JiangSLB00,True,1,eZwzDZ7QhzoJ,eZwzDZ7QhzoJ,True,0.999995536068114,3.821764963998238e-06,0.99999171430315,0.9000000000000002,True,correct,0.9000000000000002,True,correct,0.1,0.52497918747894,True,correct
DBLP,0.7,51,inner,bootstrap_OOB,33,journals/vldb/NybergBCGL95,True,2,A1phylxPkl4J,A1phylxPkl4J,True,0.9999963482482108,0.9999958830681612,4.651800497024184e-07,0.9000000000000002,True,correct,0.9000000000000002,True,correct,0.1,0.52497918747894,True,correct
DBLP,0.7,51,inner,bootstrap_OOB,34,conf/sigmod/DraperHW01,True,3,6csUZFROjIEJ,sURGDemFSsUJ,True,0.9999950243469008,0.9999913363301156,3.6880167852970658e-06,0.9000000000000002,True,correct,0.9000000000000002,True,correct,0.1,0.52497918747894,True,correct
DBLP,0.7,51,inner,bootstrap_OOB,35,conf/vldb/CochinwalaB94,True,1,Bp69wMYw9DAJ,Bp69wMYw9DAJ,True,0.9999967565949353,2.6614989337213647e-06,0.9999940950960016,0.9000000000000002,True,correct,0.9000000000000002,True,correct,0.1,0.52497918747894,True,correct
DBLP,0.7,51,inner,bootstrap_OOB,36,journals/sigmod/SellisV95,True,1,url:http://portal.acm.org/ft_gateway.cfm%3Fid%3D219766%26type%3Dpdf%26dl%3DGUIDE%26dl%3DACM%26CFID%3D11111111%26CFTOKEN%3D2222222,url:http://portal.acm.org/ft_gateway.cfm%3Fid%3D219766%26type%3Dpdf%26dl%3DGUIDE%26dl%3DACM%26CFID%3D11111111%26CFTOKEN%3D2222222,True,0.8371102331015534,1.00527029317297e-05,0.8371001803986217,0.9000000000000002,False,missing_match,0.9000000000000002,False,missing_match,0.1,0.52497918747894,True,correct
DBLP,0.7,51,inner,bootstrap_OOB,37,conf/vldb/CabreraRH95,True,1,x3WHLHvq-SEJ,x3WHLHvq-SEJ,True,0.9999961581914512,2.3338677866790037e-06,0.9999938243236643,0.9000000000000002,True,correct,0.9000000000000002,True,correct,0.1,0.52497918747894,True,correct
DBLP,0.7,51,inner,bootstrap_OOB,38,journals/vldb/AtluriJY03,True,1,url:http://www.springerlink.com/index/589TQRPPVBXQ6LJN.pdf,url:http://www.springerlink.com/index/RTCC57FUUW3CADRF.pdf,False,0.9990497875457198,0.9979127221147628,0.001137065430957,0.9000000000000002,True,false_link,0.9000000000000002,True,false_link,0.1,0.52497918747894,True,false_link
DBLP,0.7,51,inner,bootstrap_OOB,39,conf/vldb/Atal96,True,1,PaW8zjiNR9cJ,PaW8zjiNR9cJ,True,0.9999961382784536,2.378637507468725e-06,0.9999937596409462,0.9000000000000002,True,correct,0.9000000000000002,True,correct,0.1,0.52497918747894,True,correct
DBLP,0.7,51,inner,bootstrap_OOB,40,journals/sigmod/RossAJS02,False,0,,tOa0zXK5Ba4J,False,0.9999881834857,0.1029712323489623,0.8970169511367377,0.9000000000000002,True,false_link,0.9000000000000002,True,false_link,0.1,0.52497918747894,True,false_link
DBLP,0.7,51,inner,bootstrap_OOB,41,journals/sigmod/Suciu97,False,0,,1sGr4qMsCeMJ,False,0.9995991742245744,8.756426551560105e-05,0.9995116099590589,0.9000000000000002,True,false_link,0.9000000000000002,True,false_link,0.1,0.52497918747894,True,false_link
DBLP,0.7,51,inner,bootstrap_OOB,42,conf/sigmod/KrishnamurthyBN99,True,1,qS4jhfgPbm8J,qS4jhfgPbm8J,True,0.999996208073774,2.4893718257336724e-06,0.9999937187019484,0.9000000000000002,True,correct,0.9000000000000002,True,correct,0.1,0.52497918747894,True,correct
DBLP,0.7,51,inner,bootstrap_OOB,43,conf/sigmod/DuSD95,True,1,Vl7gY6FsOOYJ,Vl7gY6FsOOYJ,True,0.9999955820070596,2.3119917294919847e-06,0.9999932700153302,0.9000000000000002,True,correct,0.9000000000000002,True,correct,0.1,0.52497918747894,True,correct
DBLP,0.7,51,inner,bootstrap_OOB,44,journals/vldb/AbiteboulB95,True,3,_RMZmSBR_PUJ,Pkocuf5hMjYJ,True,0.9999959131657572,0.9999128555672986,8.305759845872451e-05,0.9000000000000002,True,correct,0.9000000000000002,True,correct,0.1,0.52497918747894,True,correct
DBLP,0.7,51,inner,bootstrap_OOB,45,conf/sigmod/KiepuszewskiMO98,True,5,909hLNR8130J,T3Zm8WKD_FYJ,True,0.9999958531285844,0.9999954350444042,4.180841802758906e-07,0.9000000000000002,True,correct,0.9000000000000002,True,correct,0.1,0.52497918747894,True,correct
DBLP,0.7,51,inner,bootstrap_OOB,46,conf/vldb/HeymannTKWRMF02,True,1,EAZ5Gz22bIUJ,EAZ5Gz22bIUJ,True,0.9999959547340368,2.3735887885175782e-06,0.9999935811452484,0.9000000000000002,True,correct,0.9000000000000002,True,correct,0.1,0.52497918747894,True,correct
DBLP,0.7,51,inner,bootstrap_OOB,47,conf/sigmod/BouguettayaBH99,True,3,ER8571wXl6EJ,siO8kr7vvLEJ,True,0.9999959009327428,0.9999950841715588,8.167611837972544e-07,0.9000000000000002,True,correct,0.9000000000000002,True,correct,0.1,0.52497918747894,True,correct
DBLP,0.7,51,inner,bootstrap_OOB,48,conf/vldb/AcharyaGP99,True,1,-7tsGpHin24J,-7tsGpHin24J,True,0.9999959907898934,0.1424929370954192,0.8575030536944742,0.9000000000000002,True,correct,0.9000000000000002,True,correct,0.1,0.52497918747894,True,correct
DBLP,0.7,51,inner,bootstrap_OOB,49,conf/vldb/DeWittKLPY94,True,6,AR8Phh8yvNEJ,cehAAlTq4s8J,True,0.9999931092288372,0.9999777500404488,1.535918838835304e-05,0.9000000000000002,True,correct,0.9000000000000002,True,correct,0.1,0.52497918747894,True,correct
DBLP,0.7,51,inner,bootstrap_OOB,50,conf/sigmod/OlstonWL01,True,1,I_YprPVQ45QJ,I_YprPVQ45QJ,True,0.9999958329817716,2.2943475828091306e-06,0.9999935386341888,0.9000000000000002,True,correct,0.9000000000000002,True,correct,0.1,0.52497918747894,True,correct
DBLP,0.7,51,inner,bootstrap_OOB,51,journals/sigmod/NascimentoM99,True,1,url:http://portal.acm.org/ft_gateway.cfm%3Fid%3D310062%26type%3Dpdf%26dl%3DGUIDE%26dl%3DACM%26CFID%3D11111111%26CFTOKEN%3D2222222,url:http://portal.acm.org/ft_gateway.cfm%3Fid%3D310062%26type%3Dpdf%26dl%3DGUIDE%26dl%3DACM%26CFID%3D11111111%26CFTOKEN%3D2222222,True,0.9999958713238942,5.7109026898465965e-06,0.9999901604212044,0.9000000000000002,True,correct,0.9000000000000002,True,correct,0.1,0.52497918747894,True,correct
DBLP,0.7,51,inner,bootstrap_OOB,52,conf/sigmod/KimC03,True,1,BWV2Oys1VXsJ,BWV2Oys1VXsJ,True,0.9999959773508798,2.6020208805178062e-06,0.9999933753299992,0.9000000000000002,True,correct,0.9000000000000002,True,correct,0.1,0.52497918747894,True,correct
DBLP,0.7,51,inner,bootstrap_OOB,53,conf/sigmod/CareyCNVDRSM99,True,1,W6ROObWo3bIJ,W6ROObWo3bIJ,True,0.999994326169314,0.0281170799968131,0.9718772461725008,0.9000000000000002,True,correct,0.9000000000000002,True,correct,0.1,0.52497918747894,True,correct
DBLP,0.7,51,inner,bootstrap_OOB,54,conf/vldb/Sarawagi99,True,2,gz92a8BdTLUJ,W_CVz6V80csJ,True,0.999994530843514,0.9999891862876504,5.344555863318057e-06,0.9000000000000002,True,correct,0.9000000000000002,True,correct,0.1,0.52497918747894,True,correct
DBLP,0.7,51,inner,bootstrap_OOB,55,conf/sigmod/ShuklaD00,True,3,07dT02YX07AJ,kcrWfQEI9G8J,True,0.9999961521817546,0.9999951581312092,9.94050545544134e-07,0.9000000000000002,True,correct,0.9000000000000002,True,correct,0.1,0.52497918747894,True,correct
DBLP,0.7,51,inner,bootstrap_OOB,56,conf/vldb/SimonD95,True,1,lLARMvKaIQMJ,lLARMvKaIQMJ,True,0.9999942050141852,2.860917852560612e-06,0.9999913440963328,0.9000000000000002,True,correct,0.9000000000000002,True,correct,0.1,0.52497918747894,True,correct
DBLP,0.7,51,inner,bootstrap_OOB,57,conf/vldb/Koch03,True,1,rhxIrsQkm5AJ,rhxIrsQkm5AJ,True,0.9999711234463036,2.263918395847706e-06,0.9999688595279076,0.9000000000000002,True,correct,0.9000000000000002,True,correct,0.1,0.52497918747894,True,correct
DBLP,0.7,51,inner,bootstrap_OOB,58,conf/vldb/RothS97,True,12,1fQr1rJ4yCwJ,1fQr1rJ4yCwJ,True,0.9999963094637968,0.9999961608248348,1.4863896191652517e-07,0.9000000000000002,True,correct,0.9000000000000002,True,correct,0.1,0.52497918747894,True,correct
DBLP,0.7,51,inner,bootstrap_OOB,59,journals/sigmod/WestmannKHM00,True,5,9jyzas_rFd4J,9jyzas_rFd4J,True,0.9999955291619887,0.9999936255130186,1.9036489702362047e-06,0.9000000000000002,True,correct,0.9000000000000002,True,correct,0.1,0.52497918747894,True,correct
DBLP,0.7,51,inner,bootstrap_OOB,60,conf/sigmod/CruzJ99,True,1,vXMwU21-7HMJ,vXMwU21-7HMJ,True,0.9999963604029992,0.0084578668264385,0.9915384935765608,0.9000000000000002,True,correct,0.9000000000000002,True,correct,0.1,0.52497918747894,True,correct
DBLP,0.7,51,inner,bootstrap_OOB,61,conf/vldb/ChanFFGR02,True,1,ZFI7XBuonJAJ,ZFI7XBuonJAJ,True,0.9999955871653482,2.2114664625980303e-06,0.9999933756988856,0.9000000000000002,True,correct,0.9000000000000002,True,correct,0.1,0.52497918747894,True,correct
DBLP,0.7,51,inner,bootstrap_OOB,62,conf/vldb/ChengGKLLQS99,True,3,_pYZZxn2SjYJ,p4Q8x9UmngkJ,True,0.9999961454312049,0.9999954945695908,6.508616139377921e-07,0.9000000000000002,True,correct,0.9000000000000002,True,correct,0.1,0.52497918747894,True,correct
DBLP,0.7,51,inner,bootstrap_OOB,63,conf/vldb/SripadaW94,True,1,VqNz3sp638UJ,VqNz3sp638UJ,True,0.9991438138725538,2.432097680704986e-06,0.9991413817748732,0.9000000000000002,True,correct,0.9000000000000002,True,correct,0.1,0.52497918747894,True,correct
DBLP,0.7,51,inner,bootstrap_OOB,64,journals/vldb/AgrawalHK03,True,1,NDKJPUgy_K4J,NDKJPUgy_K4J,True,0.9999959825610096,6.872419574885879e-05,0.9999272583652606,0.9000000000000002,True,correct,0.9000000000000002,True,correct,0.1,0.52497918747894,True,correct
DBLP,0.7,51,inner,bootstrap_OOB,65,journals/vldb/CasatiSG01,True,1,347oyb_b7DAJ,zp6wLbjXwYcJ,False,0.0001480595292728,9.805376532357092e-05,5.0005763949274805e-05,0.9000000000000002,False,missing_match,0.9000000000000002,False,missing_match,0.1,0.52497918747894,False,missing_match
DBLP,0.7,51,inner,bootstrap_OOB,66,conf/vldb/FlorescuKLP97,True,1,-Zb4WBd1aNUJ,-Zb4WBd1aNUJ,True,0.999996044641693,7.110007910328779e-06,0.9999889346337828,0.9000000000000002,True,correct,0.9000000000000002,True,correct,0.1,0.52497918747894,True,correct
DBLP,0.7,51,inner,bootstrap_OOB,67,conf/vldb/KnorrN98,True,6,gQVLY8V1hekJ,gQVLY8V1hekJ,True,0.999995543830598,0.9999919970857032,3.5467448946668867e-06,0.9000000000000002,True,correct,0.9000000000000002,True,correct,0.1,0.52497918747894,True,correct
DBLP,0.7,51,inner,bootstrap_OOB,68,conf/vldb/LockemannKKKN97,True,1,mFJzfuwL1jcJ,mFJzfuwL1jcJ,True,0.9999952278935365,3.153290631883169e-06,0.9999920746029046,0.9000000000000002,True,correct,0.9000000000000002,True,correct,0.1,0.52497918747894,True,correct
DBLP,0.7,51,inner,bootstrap_OOB,69,journals/sigmod/Nascimento03,True,2,cJRWis64ghgJ,url:http://portal.acm.org/citation.cfm%3Fid%3D776985.776996%26dl%3Dportal%26dl%3DACM%26idx%3D776985%26part%3Dperiodical%26WantType%3Dperiodical%26title%3DACM%2520SIGMOD%2520Record%26CFID%3D11111111%26CFTOKEN%3D2222222,True,0.9999961424892913,0.9999916415027968,4.500986494404557e-06,0.9000000000000002,True,correct,0.9000000000000002,True,correct,0.1,0.52497918747894,True,correct
DBLP,0.7,51,inner,bootstrap_OOB,70,journals/sigmod/Libkin99,True,2,V_FnUWKirh8J,zSO1Y5W7WkwJ,True,0.9999962986711644,0.9999944986303336,1.8000408307239368e-06,0.9000000000000002,True,correct,0.9000000000000002,True,correct,0.1,0.52497918747894,True,correct
DBLP,0.7,51,inner,bootstrap_OOB,71,conf/vldb/StohrMR00,True,1,7fCRAqLTNeUJ,7fCRAqLTNeUJ,True,0.999995608546704,2.7830728019087846e-06,0.999992825473902,0.9000000000000002,True,correct,0.9000000000000002,True,correct,0.1,0.52497918747894,True,correct
DBLP,0.7,51,inner,bootstrap_OOB,72,journals/sigmod/Ley00,False,0,,DPf__9SuvxoJ,False,5.669238807090791e-05,1.0146804727403255e-05,4.6545583343504654e-05,0.9000000000000002,False,unmatched_abstention,0.9000000000000002,False,unmatched_abstention,0.1,0.52497918747894,False,unmatched_abstention
DBLP,0.7,51,inner,bootstrap_OOB,73,journals/sigmod/McClatcheyV97,True,2,mbFxAqrWXbYJ,url:http://portal.acm.org/ft_gateway.cfm%3Fid%3D271087%26type%3Dpdf%26dl%3DGUIDE%26dl%3DACM%26CFID%3D11111111%26CFTOKEN%3D2222222,True,0.99999654484809,0.0003382703478411,0.9996582745002488,0.9000000000000002,True,correct,0.9000000000000002,True,correct,0.1,0.52497918747894,True,correct
DBLP,0.7,51,inner,bootstrap_OOB,74,conf/sigmod/StonebrakerH01,True,3,ltEmsluBrYkJ,opMsehfY-XoJ,True,0.9999956504184332,0.9999953946845892,2.5573384399013577e-07,0.9000000000000002,True,correct,0.9000000000000002,True,correct,0.1,0.52497918747894,True,correct
DBLP,0.7,51,inner,bootstrap_OOB,75,journals/sigmod/Franklin99b,False,0,,C84rFQN_ug0J,False,9.12660940101426e-06,4.323881708418801e-06,4.802727692595457e-06,0.9000000000000002,False,unmatched_abstention,0.9000000000000002,False,unmatched_abstention,0.1,0.52497918747894,False,unmatched_abstention
DBLP,0.7,51,inner,bootstrap_OOB,76,conf/vldb/FuC94,True,1,ReboDjzo5y0J,ReboDjzo5y0J,True,0.9999962520400084,2.29569363153967e-06,0.9999939563463768,0.9000000000000002,True,correct,0.9000000000000002,True,correct,0.1,0.52497918747894,True,correct
DBLP,0.7,51,inner,bootstrap_OOB,77,conf/vldb/LernerS03,True,3,GsTq8-R1uaMJ,KtkbM7ohXrEJ,True,0.9999965252164688,0.9999963338752972,1.9134117168473352e-07,0.9000000000000002,True,correct,0.9000000000000002,True,correct,0.1,0.52497918747894,True,correct
DBLP,0.7,51,inner,bootstrap_OOB,78,conf/vldb/Ramaswamy00,False,0,,R4QmlQHdIc8J,False,2.2799430730038475e-06,2.2659509605467708e-06,1.3992112457076733e-08,0.9000000000000002,False,unmatched_abstention,0.9000000000000002,False,unmatched_abstention,0.1,0.52497918747894,False,unmatched_abstention
DBLP,0.7,51,inner,bootstrap_OOB,79,conf/sigmod/ChaudhuriGS03,True,1,OFGtGwUHhUQJ,OFGtGwUHhUQJ,True,0.9999954902106362,2.467788538934326e-06,0.9999930224220972,0.9000000000000002,True,correct,0.9000000000000002,True,correct,0.1,0.52497918747894,True,correct
DBLP,0.7,51,inner,bootstrap_OOB,80,journals/tods/KossmannS00,True,2,PnGVbzQCWY0J,PnGVbzQCWY0J,True,0.9999956305954192,0.9998104151287328,0.0001852154666865,0.9000000000000002,True,correct,0.9000000000000002,True,correct,0.1,0.52497918747894,True,correct
DBLP,0.7,51,inner,bootstrap_OOB,81,conf/vldb/TaoP02,True,1,7ZyV9ivZySQJ,7ZyV9ivZySQJ,True,0.9999946388658604,3.167969770794941e-06,0.9999914708960894,0.9000000000000002,True,correct,0.9000000000000002,True,correct,0.1,0.52497918747894,True,correct
DBLP,0.7,51,inner,bootstrap_OOB,82,conf/sigmod/HaasH01,True,3,9wQ6RWWcHRIJ,9wQ6RWWcHRIJ,True,0.9999553665806452,0.9998912456739212,6.412090672391901e-05,0.9000000000000002,True,correct,0.9000000000000002,True,correct,0.1,0.52497918747894,True,correct
DBLP,0.7,51,inner,bootstrap_OOB,83,conf/sigmod/ChaudhuriN98a,True,3,AiXOfJPvvpUJ,AiXOfJPvvpUJ,True,0.9999946966635496,0.9999946300595952,6.660395424074039e-08,0.9000000000000002,True,correct,0.9000000000000002,True,correct,0.1,0.52497918747894,True,correct
DBLP,0.7,51,inner,bootstrap_OOB,84,journals/vldb/C94a,False,0,,url:http://www.springerlink.com/index/W80L2810707344M1.pdf,False,0.0007920091408298,1.4050826001072178e-05,0.0007779583148287,0.9000000000000002,False,unmatched_abstention,0.9000000000000002,False,unmatched_abstention,0.1,0.52497918747894,False,unmatched_abstention
DBLP,0.7,51,inner,bootstrap_OOB,85,conf/vldb/SetzerZ94,True,1,1tmW1mOCZqIJ,1tmW1mOCZqIJ,True,0.9999961723735046,2.4440720929694144e-06,0.9999937283014116,0.9000000000000002,True,correct,0.9000000000000002,True,correct,0.1,0.52497918747894,True,correct
DBLP,0.7,51,inner,bootstrap_OOB,86,conf/vldb/BenediktCFRZZ02,True,1,7xe6Gp9fIEEJ,7xe6Gp9fIEEJ,True,0.9999876730577532,2.2794430346614008e-06,0.9999853936147186,0.9000000000000002,True,correct,0.9000000000000002,True,correct,0.1,0.52497918747894,True,correct
DBLP,0.7,51,inner,bootstrap_OOB,87,conf/sigmod/WangWYY02,True,2,DRp1iFn7znkJ,DRp1iFn7znkJ,True,0.9999948333984152,0.9998272109351888,0.0001676224632264,0.9000000000000002,True,correct,0.9000000000000002,True,correct,0.1,0.52497918747894,True,correct
DBLP,0.7,51,inner,bootstrap_OOB,88,conf/vldb/PoosalaI96,True,1,NTlGMs3lqNEJ,NTlGMs3lqNEJ,True,0.999996327622125,2.4042787982563447e-06,0.9999939233433268,0.9000000000000002,True,correct,0.9000000000000002,True,correct,0.1,0.52497918747894,True,correct
DBLP,0.7,51,inner,bootstrap_OOB,89,conf/sigmod/GaoW02,True,1,PZTESZecfnQJ,PZTESZecfnQJ,True,0.9999958250183008,3.015087243733517e-06,0.999992809931057,0.9000000000000002,True,correct,0.9000000000000002,True,correct,0.1,0.52497918747894,True,correct
DBLP,0.7,51,inner,bootstrap_OOB,90,conf/sigmod/AdelbergGK95,True,1,NbLabaGWoh4J,NbLabaGWoh4J,True,0.9999957332365532,2.3384171853916955e-06,0.9999933948193676,0.9000000000000002,True,correct,0.9000000000000002,True,correct,0.1,0.52497918747894,True,correct
DBLP,0.7,51,inner,bootstrap_OOB,91,journals/sigmod/Ritter98,True,1,mzqmEYGGT_IJ,mzqmEYGGT_IJ,True,0.9999952729799896,0.0021022392848758,0.9978930336951138,0.9000000000000002,True,correct,0.9000000000000002,True,correct,0.1,0.52497918747894,True,correct
DBLP,0.7,51,inner,bootstrap_OOB,92,journals/vldb/MuthOPW00,True,1,WFygKYK0NVQJ,WFygKYK0NVQJ,True,0.9999956030611916,0.9999717431896146,2.385987157704772e-05,0.9000000000000002,True,correct,0.9000000000000002,True,correct,0.1,0.52497918747894,True,correct
DBLP,0.7,51,inner,bootstrap_OOB,93,conf/sigmod/FabretJLPRS01,True,4,8lBDhvljrAEJ,8lBDhvljrAEJ,True,0.9999952071185794,0.9999946504541444,5.566644349919159e-07,0.9000000000000002,True,correct,0.9000000000000002,True,correct,0.1,0.52497918747894,True,correct
DBLP,0.7,51,inner,bootstrap_OOB,94,conf/vldb/SubietaKL95,True,1,gEFY87Ma0XUJ,gEFY87Ma0XUJ,True,0.999995186799446,5.048665446676053e-06,0.9999901381339992,0.9000000000000002,True,correct,0.9000000000000002,True,correct,0.1,0.52497918747894,True,correct
DBLP,0.7,51,inner,bootstrap_OOB,95,conf/sigmod/AvnurHLORRRW98,True,1,bEu_llku9NMJ,bEu_llku9NMJ,True,0.999995544595481,2.268242751522951e-06,0.9999932763527296,0.9000000000000002,True,correct,0.9000000000000002,True,correct,0.1,0.52497918747894,True,correct
DBLP,0.7,51,inner,bootstrap_OOB,96,conf/vldb/NarayananS01,False,0,,8HHdaPjqRfgJ,False,2.2131078844256665e-06,2.211706903275691e-06,1.4009811499753999e-09,0.9000000000000002,False,unmatched_abstention,0.9000000000000002,False,unmatched_abstention,0.1,0.52497918747894,False,unmatched_abstention
DBLP,0.7,51,inner,bootstrap_OOB,97,journals/sigmod/Snodgrass03a,False,0,,KENWBobILMwJ,False,2.0595120351933326e-05,1.984146398916511e-05,7.536563627682148e-07,0.9000000000000002,False,unmatched_abstention,0.9000000000000002,False,unmatched_abstention,0.1,0.52497918747894,False,unmatched_abstention
DBLP,0.7,51,inner,bootstrap_OOB,98,conf/vldb/MohanBWSZ00,True,1,zCY0pFken7wJ,zCY0pFken7wJ,True,0.999996002628945,2.70212521502341e-05,0.9999689813767948,0.9000000000000002,True,correct,0.9000000000000002,True,correct,0.1,0.52497918747894,True,correct
DBLP,0.7,51,inner,bootstrap_OOB,99,conf/sigmod/RoussopoulosKS99,False,0,,Mg0A5yz-_wYJ,False,2.2013973133040262e-05,2.556055453033088e-06,1.945791768000718e-05,0.9000000000000002,False,unmatched_abstention,0.9000000000000002,False,unmatched_abstention,0.1,0.52497918747894,False,unmatched_abstention
DBLP,0.7,51,inner,bootstrap_OOB,100,conf/sigmod/AcharyaAFZ95,True,10,_-yXA5HLnqoJ,rO4-yA3tlfoJ,True,0.999996195609822,0.9999961604696715,3.514015056715891e-08,0.9000000000000002,True,correct,0.9000000000000002,True,correct,0.1,0.52497918747894,True,correct
DBLP,0.7,51,inner,bootstrap_OOB,101,conf/sigmod/GardarinMP95,True,4,9-bSCnqVrlkJ,l-9pykkOVrkJ,True,0.9999960049613152,0.999993641984424,2.3629768913790983e-06,0.9000000000000002,True,correct,0.9000000000000002,True,correct,0.1,0.52497918747894,True,correct
DBLP,0.7,51,inner,bootstrap_OOB,102,conf/vldb/MiklauS03,True,1,cJUP6vfSm50J,cJUP6vfSm50J,True,0.999995760363993,0.999963088383234,3.267198075884714e-05,0.9000000000000002,True,correct,0.9000000000000002,True,correct,0.1,0.52497918747894,True,correct
DBLP,0.7,51,inner,bootstrap_OOB,103,conf/sigmod/MumickP94,True,1,hUQBQ_9ohcgJ,hUQBQ_9ohcgJ,True,0.9999957307129742,2.3826992106948037e-06,0.9999933480137636,0.9000000000000002,True,correct,0.9000000000000002,True,correct,0.1,0.52497918747894,True,correct
DBLP,0.7,51,inner,bootstrap_OOB,104,journals/sigmod/HuangKL02,True,2,g4mWc14U8m4J,yyUMt1X2WXcJ,True,0.9999964893462744,0.9999938397552331,2.649591041237187e-06,0.9000000000000002,True,correct,0.9000000000000002,True,correct,0.1,0.52497918747894,True,correct
DBLP,0.7,51,inner,bootstrap_OOB,105,journals/sigmod/Aberer02c,True,1,url:http://portal.acm.org/ft_gateway.cfm%3Fid%3D637424%26type%3Dpdf%26coll%3DGUIDE%26dl%3DACM%26CFID%3D11111111%26CFTOKEN%3D2222222,url:http://portal.acm.org/ft_gateway.cfm%3Fid%3D604274%26type%3Dpdf%26dl%3DGUIDE%26dl%3DACM%26CFID%3D11111111%26CFTOKEN%3D2222222,False,0.9999949625404854,0.959063789865076,0.0409311726754093,0.9000000000000002,True,false_link,0.9000000000000002,True,false_link,0.1,0.52497918747894,True,false_link
DBLP,0.7,51,inner,bootstrap_OOB,106,journals/sigmod/LudwigG00,True,1,T7hbL2VkOhsJ,T7hbL2VkOhsJ,True,0.9999582981261316,2.267535508502285e-06,0.999956030590623,0.9000000000000002,True,correct,0.9000000000000002,True,correct,0.1,0.52497918747894,True,correct
DBLP,0.7,51,inner,bootstrap_OOB,107,conf/sigmod/RamanH02,True,3,4692SthNStUJ,F0T3KimkbGcJ,True,0.9999954761421592,0.999994488921023,9.872211361727778e-07,0.9000000000000002,True,correct,0.9000000000000002,True,correct,0.1,0.52497918747894,True,correct
DBLP,0.7,51,inner,bootstrap_OOB,108,journals/sigmod/Bertram94,True,1,qaSgL5tVq1AJ,qaSgL5tVq1AJ,True,0.9999957302243672,2.4609025240766885e-06,0.9999932693218432,0.9000000000000002,True,correct,0.9000000000000002,True,correct,0.1,0.52497918747894,True,correct
DBLP,0.7,51,inner,bootstrap_OOB,109,conf/vldb/Ogawa96,True,2,my4BalOLmAsJ,my4BalOLmAsJ,True,0.9999922947398804,0.9999913320161482,9.62723732178539e-07,0.9000000000000002,True,correct,0.9000000000000002,True,correct,0.1,0.52497918747894,True,correct
DBLP,0.7,51,inner,bootstrap_OOB,110,journals/sigmod/Hanna95,True,2,29btu5OspbAJ,EKqpEdn3kDMJ,True,0.999996103675334,0.9999812442822374,1.4859393096533502e-05,0.9000000000000002,True,correct,0.9000000000000002,True,correct,0.1,0.52497918747894,True,correct
DBLP,0.7,51,inner,bootstrap_OOB,111,journals/sigmod/Franklin99a,False,0,,C84rFQN_ug0J,False,9.12660940101426e-06,4.323881708418801e-06,4.802727692595457e-06,0.9000000000000002,False,unmatched_abstention,0.9000000000000002,False,unmatched_abstention,0.1,0.52497918747894,False,unmatched_abstention
DBLP,0.7,51,inner,bootstrap_OOB,112,conf/vldb/GuptaM96,True,2,I0Kfdt6sh0gJ,I83l_B0knOgJ,True,0.9999940961097163,0.9999835067163374,1.0589393379056844e-05,0.9000000000000002,True,correct,0.9000000000000002,True,correct,0.1,0.52497918747894,True,correct
DBLP,0.7,51,inner,bootstrap_OOB,113,conf/sigmod/KanthAS98,True,4,4O5JTAQZf7IJ,tG_s5R-BKcAJ,True,0.9999932315302344,0.9999928514420487,3.800881855919869e-07,0.9000000000000002,True,correct,0.9000000000000002,True,correct,0.1,0.52497918747894,True,correct
DBLP,0.7,51,inner,bootstrap_OOB,114,journals/sigmod/GriffinK98,True,2,NusQl_2spdYJ,Qvl2bcDAyqEJ,True,0.9999956696559767,0.9999851669941136,1.0502661863198703e-05,0.9000000000000002,True,correct,0.9000000000000002,True,correct,0.1,0.52497918747894,True,correct
DBLP,0.7,51,inner,bootstrap_OOB,115,conf/vldb/LeeLWS97,True,2,3k61gi_ld_UJ,3k61gi_ld_UJ,True,0.999996067937263,0.9999953741152036,6.938220593610822e-07,0.9000000000000002,True,correct,0.9000000000000002,True,correct,0.1,0.52497918747894,True,correct
DBLP,0.7,51,inner,bootstrap_OOB,116,journals/sigmod/SnodgrassACFLLORRSV99,False,0,,url:http://portal.acm.org/ft_gateway.cfm%3Fid%3D290599%26type%3Dpdf%26dl%3DGUIDE%26dl%3DACM%26CFID%3D11111111%26CFTOKEN%3D2222222,False,0.9999670303144648,0.999833852570344,0.0001331777441208,0.9000000000000002,True,false_link,0.9000000000000002,True,false_link,0.1,0.52497918747894,True,false_link
DBLP,0.7,51,inner,bootstrap_OOB,117,journals/sigmod/Snodgrass03c,True,1,url:http://portal.acm.org/ft_gateway.cfm%3Fid%3D959062%26type%3Dpdf%26dl%3DGUIDE%26dl%3DACM%26CFID%3D11111111%26CFTOKEN%3D2222222,url:http://portal.acm.org/ft_gateway.cfm%3Fid%3D959062%26type%3Dpdf%26dl%3DGUIDE%26dl%3DACM%26CFID%3D11111111%26CFTOKEN%3D2222222,True,0.9999954912685212,2.402176821253157e-05,0.9999714695003088,0.9000000000000002,True,correct,0.9000000000000002,True,correct,0.1,0.52497918747894,True,correct
DBLP,0.7,51,inner,bootstrap_OOB,118,conf/vldb/HelmerNM03,True,1,8-HpAN0xpjcJ,8-HpAN0xpjcJ,True,0.999996275318448,2.3005942167694166e-06,0.9999939747242312,0.9000000000000002,True,correct,0.9000000000000002,True,correct,0.1,0.52497918747894,True,correct
DBLP,0.7,51,inner,bootstrap_OOB,119,journals/tods/CasatiCPP99,True,6,12JXvv17ugoJ,6F_cUJERo6sJ,True,0.9999960745015892,0.9999937721376376,2.3023639518227057e-06,0.9000000000000002,True,correct,0.9000000000000002,True,correct,0.1,0.52497918747894,True,correct
DBLP,0.7,51,inner,bootstrap_OOB,120,conf/sigmod/HinneburgKW02,True,3,7v3f7Thmyw0J,VWd7jhLXfV0J,True,0.9999957984568162,0.000186795196229,0.9998090032605872,0.9000000000000002,True,correct,0.9000000000000002,True,correct,0.1,0.52497918747894,True,correct
DBLP,0.7,51,inner,bootstrap_OOB,121,journals/sigmod/Bernstein98,True,3,AYEI8XDoY9wJ,AYEI8XDoY9wJ,True,0.9999955915020644,0.9999728053108986,2.2786191165802272e-05,0.9000000000000002,True,correct,0.9000000000000002,True,correct,0.1,0.52497918747894,True,correct
DBLP,0.7,51,inner,bootstrap_OOB,122,conf/sigmod/DoRD99,True,2,Q4N41koenF8J,Rviij1nqEcoJ,True,0.999995715466578,0.9999953645675562,3.50899021728246e-07,0.9000000000000002,True,correct,0.9000000000000002,True,correct,0.1,0.52497918747894,True,correct
DBLP,0.7,51,inner,bootstrap_OOB,123,conf/vldb/JohnsonA00,True,1,EPVkQkFM2osJ,EPVkQkFM2osJ,True,0.9999955295243892,2.339608353099405e-06,0.999993189916036,0.9000000000000002,True,correct,0.9000000000000002,True,correct,0.1,0.52497918747894,True,correct
DBLP,0.7,51,inner,bootstrap_OOB,124,conf/sigmod/MotakisZ97,True,4,8hMkXAIa8vEJ,e8OIK3dEo6EJ,True,0.9999919067496936,0.9999565508860128,3.5355863680974764e-05,0.9000000000000002,True,correct,0.9000000000000002,True,correct,0.1,0.52497918747894,True,correct
DBLP,0.7,51,inner,bootstrap_OOB,125,conf/vldb/AgrawalSX02,True,1,a1CLM5GoVtYJ,a1CLM5GoVtYJ,True,0.9999960837113352,0.0002687028173173,0.9997273808940178,0.9000000000000002,True,correct,0.9000000000000002,True,correct,0.1,0.52497918747894,True,correct
DBLP,0.7,51,inner,bootstrap_OOB,126,conf/sigmod/ZhuSZ03,True,1,7VSlB0yIt3YJ,7VSlB0yIt3YJ,True,0.999995998471514,3.405639088349133e-06,0.9999925928324256,0.9000000000000002,True,correct,0.9000000000000002,True,correct,0.1,0.52497918747894,True,correct
DBLP,0.7,51,inner,bootstrap_OOB,127,conf/sigmod/BersonGMJ94,True,4,bw_c9Mk0_7IJ,bw_c9Mk0_7IJ,True,0.9999954914706094,0.9999937233101718,1.768160437620736e-06,0.9000000000000002,True,correct,0.9000000000000002,True,correct,0.1,0.52497918747894,True,correct
DBLP,0.7,51,inner,bootstrap_OOB,128,conf/vldb/BaumannDFRW99,True,2,lmKF8hAYUkMJ,OV-zNC5uzHUJ,True,0.9999955690743796,0.9999408785132196,5.4690561159920215e-05,0.9000000000000002,True,correct,0.9000000000000002,True,correct,0.1,0.52497918747894,True,correct
DBLP,0.7,51,inner,bootstrap_OOB,129,conf/vldb/AdityaBCHNS02,True,1,2vzhAz4Yll4J,2vzhAz4Yll4J,True,0.9999959742000591,0.9998991701085124,9.680409154688709e-05,0.9000000000000002,True,correct,0.9000000000000002,True,correct,0.1,0.52497918747894,True,correct
DBLP,0.7,51,inner,bootstrap_OOB,130,conf/sigmod/OriaOILY00,True,2,9SbEzfHLSooJ,xdUDA920uhMJ,True,0.9999962485570036,0.9999494458059954,4.6802751008101495e-05,0.9000000000000002,True,correct,0.9000000000000002,True,correct,0.1,0.52497918747894,True,correct
DBLP,0.7,51,inner,bootstrap_OOB,131,journals/sigmod/BaaderJN97,True,3,dr4SzOhnLB8J,url:http://portal.acm.org/ft_gateway.cfm%3Fid%3D274461%26type%3Dpdf%26dl%3DGUIDE%26dl%3DACM%26CFID%3D11111111%26CFTOKEN%3D2222222,True,0.99998677581437,0.9999865477092008,2.2810516919768986e-07,0.9000000000000002,True,correct,0.9000000000000002,True,correct,0.1,0.52497918747894,True,correct
DBLP,0.7,51,inner,bootstrap_OOB,132,conf/vldb/AmirKN01,True,1,dEwdHTZZYWYJ,dEwdHTZZYWYJ,True,0.9999957379784696,2.3420282452871366e-06,0.9999933959502244,0.9000000000000002,True,correct,0.9000000000000002,True,correct,0.1,0.52497918747894,True,correct
DBLP,0.7,51,inner,bootstrap_OOB,133,journals/vldb/BraumandlCKK00,True,1,snWxBtd7kK8J,snWxBtd7kK8J,True,0.9999946251871756,3.885963923239656e-06,0.9999907392232524,0.9000000000000002,True,correct,0.9000000000000002,True,correct,0.1,0.52497918747894,True,correct
DBLP,0.7,51,inner,bootstrap_OOB,134,conf/vldb/MarianS03,True,3,Bv5AM_5dziMJ,JVvFcEnXBmkJ,True,0.9999943102984686,0.9999938646668836,4.456315850775994e-07,0.9000000000000002,True,correct,0.9000000000000002,True,correct,0.1,0.52497918747894,True,correct
DBLP,0.7,51,inner,bootstrap_OOB,135,journals/sigmod/Yang94,True,1,sHJ914nPZtUJ,sHJ914nPZtUJ,True,0.99999646477334,3.4686848692038e-06,0.9999929960884708,0.9000000000000002,True,correct,0.9000000000000002,True,correct,0.1,0.52497918747894,True,correct
DBLP,0.7,51,inner,bootstrap_OOB,136,conf/vldb/PirotteZMY94,True,1,8s-SP8sAvQAJ,8s-SP8sAvQAJ,True,0.9999953473924488,2.2590528467070632e-06,0.999993088339602,0.9000000000000002,True,correct,0.9000000000000002,True,correct,0.1,0.52497918747894,True,correct
DBLP,0.7,51,inner,bootstrap_OOB,137,conf/vldb/Wadler01,True,2,TyF71uAlnLsJ,url:http://portal.acm.org/citation.cfm%3Fid%3D645927.672033,True,0.999995090571302,0.9999874706015914,7.619969710437324e-06,0.9000000000000002,True,correct,0.9000000000000002,True,correct,0.1,0.52497918747894,True,correct
DBLP,0.7,51,inner,bootstrap_OOB,138,conf/vldb/JagadishNSSK97,True,2,FzUYum7hqhQJ,ZG9yClLgWnsJ,True,0.9999954214719432,0.9999930263540344,2.395117909004263e-06,0.9000000000000002,True,correct,0.9000000000000002,True,correct,0.1,0.52497918747894,True,correct
DBLP,0.7,51,inner,bootstrap_OOB,139,journals/sigmod/Aberer03,False,0,,url:http://portal.acm.org/ft_gateway.cfm%3Fid%3D776994%26type%3Dpdf%26dl%3DGUIDE%26dl%3DACM%26CFID%3D11111111%26CFTOKEN%3D2222222,False,2.207963418093708e-05,2.1918993187178983e-05,1.606409937580976e-07,0.9000000000000002,False,unmatched_abstention,0.9000000000000002,False,unmatched_abstention,0.1,0.52497918747894,False,unmatched_abstention
DBLP,0.7,51,inner,bootstrap_OOB,140,journals/vldb/ApersCS02,True,1,url:http://www.springerlink.com/index/5G6L5CVD7NA9HCJJ.pdf,url:http://www.springerlink.com/index/5G6L5CVD7NA9HCJJ.pdf,True,0.8796576928665666,0.2374655689366552,0.6421921239299113,0.9000000000000002,False,missing_match,0.9000000000000002,False,missing_match,0.1,0.52497918747894,True,correct
DBLP,0.7,51,inner,bootstrap_OOB,141,journals/sigmod/CasatiDS00,True,2,jPx0tvkJ-fUJ,jPx0tvkJ-fUJ,True,0.9999761926083992,0.99995841476236,1.7777846039179757e-05,0.9000000000000002,True,correct,0.9000000000000002,True,correct,0.1,0.52497918747894,True,correct
DBLP,0.7,51,inner,bootstrap_OOB,142,journals/sigmod/Aberer03a,True,2,6MY_fFzgHtgJ,6MY_fFzgHtgJ,True,0.9999963938715266,0.9999963820113834,1.1860143200870256e-08,0.9000000000000002,True,correct,0.9000000000000002,True,correct,0.1,0.52497918747894,True,correct
DBLP,0.7,51,inner,bootstrap_OOB,143,conf/vldb/TaoPS02,True,3,c-rJ2AIMUjwJ,o0WQjRyBQ5kJ,True,0.999995556985261,0.9999910587604496,4.498224811300133e-06,0.9000000000000002,True,correct,0.9000000000000002,True,correct,0.1,0.52497918747894,True,correct
DBLP,0.7,51,inner,bootstrap_OOB,144,journals/sigmod/Widom96,False,0,,C84rFQN_ug0J,False,2.1814809566977788e-05,9.849800873789792e-06,1.1965008693187996e-05,0.9000000000000002,False,unmatched_abstention,0.9000000000000002,False,unmatched_abstention,0.1,0.52497918747894,False,unmatched_abstention
DBLP,0.7,51,inner,bootstrap_OOB,145,conf/vldb/Ganguly98,True,1,a8cB2S6Td-sJ,a8cB2S6Td-sJ,True,0.999995006758912,0.0001226985649226,0.9998723081939892,0.9000000000000002,True,correct,0.9000000000000002,True,correct,0.1,0.52497918747894,True,correct
DBLP,0.7,51,inner,bootstrap_OOB,146,conf/sigmod/HoAMS97,True,7,1HAB-tuw7N4J,1HAB-tuw7N4J,True,0.999994899226986,0.9999946760796178,2.231473681391094e-07,0.9000000000000002,True,correct,0.9000000000000002,True,correct,0.1,0.52497918747894,True,correct
DBLP,0.7,51,inner,bootstrap_OOB,147,journals/sigmod/Lomet01,True,1,fI5o4MfWwzIJ,fI5o4MfWwzIJ,True,0.9999962109945778,2.3781022158446424e-06,0.999993832892362,0.9000000000000002,True,correct,0.9000000000000002,True,correct,0.1,0.52497918747894,True,correct
DBLP,0.7,51,inner,bootstrap_OOB,148,journals/tods/HjaltasonS99,True,3,RHJjRlVhi78J,xuoJNqOArTsJ,True,0.9999916348521573,0.999991553704252,8.114790506219549e-08,0.9000000000000002,True,correct,0.9000000000000002,True,correct,0.1,0.52497918747894,True,correct
DBLP,0.7,51,inner,bootstrap_OOB,149,conf/vldb/RaoR99,True,2,N8XkcmIO0ysJ,tv4rTR2Z-I8J,True,0.999996014045324,0.0005522446391832,0.9994437694061408,0.9000000000000002,True,correct,0.9000000000000002,True,correct,0.1,0.52497918747894,True,correct
DBLP,0.7,51,inner,bootstrap_OOB,150,conf/sigmod/AdaliSS99,True,4,7OvO0Y3IU8gJ,c2dH5RxNj6kJ,True,0.999995488902988,0.9999940679586016,1.4209443863766325e-06,0.9000000000000002,True,correct,0.9000000000000002,True,correct,0.1,0.52497918747894,True,correct
DBLP,0.7,51,inner,bootstrap_OOB,151,conf/sigmod/CasatiS01,True,2,2_VG_VUkHH8J,7H9j9z0x_3UJ,True,0.9999962511677728,0.999995707008326,5.441594468358346e-07,0.9000000000000002,True,correct,0.9000000000000002,True,correct,0.1,0.52497918747894,True,correct
DBLP,0.7,51,inner,bootstrap_OOB,152,journals/vldb/AlbanoGO95,True,2,_tswCGHoswMJ,_tswCGHoswMJ,True,0.999996086283801,0.9999722897106564,2.379657314444117e-05,0.9000000000000002,True,correct,0.9000000000000002,True,correct,0.1,0.52497918747894,True,correct
DBLP,0.7,51,inner,bootstrap_OOB,153,journals/tods/GunopulosKMSTS03,True,5,5cAIVZJShAEJ,-q1BFuUI27EJ,True,0.9999958671993818,0.8777113765912625,0.1222844906081193,0.9000000000000002,True,correct,0.9000000000000002,True,correct,0.1,0.52497918747894,True,correct
DBLP,0.7,51,inner,bootstrap_OOB,154,conf/vldb/PapadimitriouBF03,True,1,pAvCmcv_-lMJ,pAvCmcv_-lMJ,True,0.9999948154568552,0.049808687449481,0.950186128007374,0.9000000000000002,True,correct,0.9000000000000002,True,correct,0.1,0.52497918747894,True,correct
DBLP,0.7,51,inner,bootstrap_OOB,155,conf/sigmod/Sarawagi00,True,2,H_bdYlpD79oJ,H_bdYlpD79oJ,True,0.9999889418899054,0.999987364684221,1.5772056843887938e-06,0.9000000000000002,True,correct,0.9000000000000002,True,correct,0.1,0.52497918747894,True,correct
DBLP,0.7,51,inner,bootstrap_OOB,156,conf/sigmod/ZhouWGGZWXYF03,True,1,AwFxLUGiceUJ,AwFxLUGiceUJ,True,0.999995316675841,2.725386220550925e-06,0.9999925912896204,0.9000000000000002,True,correct,0.9000000000000002,True,correct,0.1,0.52497918747894,True,correct
DBLP,0.7,51,inner,bootstrap_OOB,157,conf/vldb/DeutschPT99,True,1,0aJOXauNqYIJ,0aJOXauNqYIJ,True,0.9999957022442484,3.1393979768666166e-06,0.9999925628462714,0.9000000000000002,True,correct,0.9000000000000002,True,correct,0.1,0.52497918747894,True,correct
DBLP,0.7,51,inner,bootstrap_OOB,158,conf/vldb/Dayal99,True,2,OoknnZ3rbfwJ,url:http://portal.acm.org/citation.cfm%3Fid%3D645925.671502,True,0.9999954398611426,0.9998961503438244,9.928951731807968e-05,0.9000000000000002,True,correct,0.9000000000000002,True,correct,0.1,0.52497918747894,True,correct
DBLP,0.7,51,inner,bootstrap_OOB,159,conf/sigmod/LeeKOTM00,True,1,C8RLbWKCgicJ,C8RLbWKCgicJ,True,0.9999954049064738,4.192893217385663e-06,0.9999912120132564,0.9000000000000002,True,correct,0.9000000000000002,True,correct,0.1,0.52497918747894,True,correct
DBLP,0.7,51,inner,bootstrap_OOB,160,journals/sigmod/PossasMCR00,True,2,_XJZ8xD9sTMJ,7szp78IyFdQJ,True,0.999995233660734,2.233826738942804e-06,0.9999929998339953,0.9000000000000002,True,correct,0.9000000000000002,True,correct,0.1,0.52497918747894,True,correct
DBLP,0.7,51,inner,bootstrap_OOB,161,conf/sigmod/SeshadriHPLRSSS96,True,2,3OxZS395vDcJ,3OxZS395vDcJ,True,0.999995971127458,0.999984013970275,1.1957157182940216e-05,0.9000000000000002,True,correct,0.9000000000000002,True,correct,0.1,0.52497918747894,True,correct
DBLP,0.7,51,inner,bootstrap_OOB,162,conf/sigmod/MatiasVW98,True,1,6WjESNMzLvgJ,6WjESNMzLvgJ,True,0.9999952013055372,3.7789300517229577e-06,0.9999914223754852,0.9000000000000002,True,correct,0.9000000000000002,True,correct,0.1,0.52497918747894,True,correct
DBLP,0.7,51,inner,bootstrap_OOB,163,conf/sigmod/RundensteinerKRCJM96,True,5,38HoFGLnxkQJ,UEaXoXn3DicJ,True,0.9999960423815544,0.9999957164920492,3.258895050484157e-07,0.9000000000000002,True,correct,0.9000000000000002,True,correct,0.1,0.52497918747894,True,correct
DBLP,0.7,51,inner,bootstrap_OOB,164,conf/sigmod/Ozsu99,True,1,cifMTT3UYjQJ,cifMTT3UYjQJ,True,0.9999933945725776,1.6473162874547298e-05,0.9999769214097032,0.9000000000000002,True,correct,0.9000000000000002,True,correct,0.1,0.52497918747894,True,correct
DBLP,0.7,51,inner,bootstrap_OOB,165,conf/vldb/KnorrN99,True,2,7J-gi_InWY0J,7lkCBMe603kJ,True,0.99999603108797,0.9999949101990996,1.120888870609349e-06,0.9000000000000002,True,correct,0.9000000000000002,True,correct,0.1,0.52497918747894,True,correct
DBLP,0.7,51,inner,bootstrap_OOB,166,conf/vldb/HammadFAE03,True,1,vfCFumS9QtkJ,vfCFumS9QtkJ,True,0.9999955024428404,2.664785387293537e-06,0.9999928376574532,0.9000000000000002,True,correct,0.9000000000000002,True,correct,0.1,0.52497918747894,True,correct
DBLP,0.7,51,inner,bootstrap_OOB,167,conf/vldb/ShaferAM96,True,6,5HHRNLsy0sAJ,5HHRNLsy0sAJ,True,0.9999962587394374,0.9999956142135934,6.445258440290758e-07,0.9000000000000002,True,correct,0.9000000000000002,True,correct,0.1,0.52497918747894,True,correct
DBLP,0.7,51,inner,bootstrap_OOB,168,conf/sigmod/HsiaoN00,True,1,iY5wlS4jsg0J,iY5wlS4jsg0J,True,0.9999962131295328,2.908382689867909e-06,0.999993304746843,0.9000000000000002,True,correct,0.9000000000000002,True,correct,0.1,0.52497918747894,True,correct
DBLP,0.7,51,inner,bootstrap_OOB,169,conf/sigmod/CranorGJSS02,True,2,89Avc7qz9YoJ,89Avc7qz9YoJ,True,0.99999581914536,0.999993106652325,2.712493034962016e-06,0.9000000000000002,True,correct,0.9000000000000002,True,correct,0.1,0.52497918747894,True,correct
DBLP,0.7,51,inner,bootstrap_OOB,170,conf/sigmod/BabuGR01,True,2,h_oXQ6ntHEUJ,zQCRmiH6jo4J,True,0.9999956404059394,0.999995540693204,9.971273529085779e-08,0.9000000000000002,True,correct,0.9000000000000002,True,correct,0.1,0.52497918747894,True,correct
DBLP,0.7,51,inner,bootstrap_OOB,171,conf/vldb/FangSGMU98,True,5,E7yZtVJa2xAJ,MdwCZg0RBHYJ,True,0.9999953463940052,0.999993121841144,2.2245528610298493e-06,0.9000000000000002,True,correct,0.9000000000000002,True,correct,0.1,0.52497918747894,True,correct
DBLP,0.7,51,inner,bootstrap_OOB,172,conf/vldb/GravanoG95,True,8,2nMktwioqOYJ,4HVB6aRvsk8J,True,0.9999961048865,0.9999960121708488,9.271565126756089e-08,0.9000000000000002,True,correct,0.9000000000000002,True,correct,0.1,0.52497918747894,True,correct
DBLP,0.7,51,inner,bootstrap_OOB,173,conf/vldb/AbiteboulMRVW98,True,4,CDQHFdIK_cwJ,CDQHFdIK_cwJ,True,0.9999953984996136,0.9999951204260574,2.780735560703463e-07,0.9000000000000002,True,correct,0.9000000000000002,True,correct,0.1,0.52497918747894,True,correct
DBLP,0.7,51,inner,bootstrap_OOB,174,conf/vldb/Chiueh94,True,3,_YFIPoyVC3UJ,nOF-SuSEaaEJ,True,0.9999959489585734,0.9999927706395396,3.178319033736443e-06,0.9000000000000002,True,correct,0.9000000000000002,True,correct,0.1,0.52497918747894,True,correct
DBLP,0.7,51,inner,bootstrap_OOB,175,conf/sigmod/DattaDRTV01,True,2,1ivmtE5W6FsJ,qK-N8yVLSWUJ,True,0.9999962594493884,0.9999960721086792,1.873407091679269e-07,0.9000000000000002,True,correct,0.9000000000000002,True,correct,0.1,0.52497918747894,True,correct
DBLP,0.7,51,inner,bootstrap_OOB,176,journals/sigmod/Snodgrass97,False,0,,NHxHsUH9L5MJ,False,0.683400166602293,0.3249064054385019,0.358493761163791,0.9000000000000002,False,unmatched_abstention,0.9000000000000002,False,unmatched_abstention,0.1,0.52497918747894,True,false_link
DBLP,0.7,51,inner,bootstrap_OOB,177,conf/sigmod/GuptaHR97,True,2,pGix0qZ6Uz4J,pGix0qZ6Uz4J,True,0.9999959576880714,0.999785682945644,0.0002102747424274,0.9000000000000002,True,correct,0.9000000000000002,True,correct,0.1,0.52497918747894,True,correct
DBLP,0.7,51,inner,bootstrap_OOB,178,conf/sigmod/DavisonG95,True,2,96SrVGnDmMoJ,96SrVGnDmMoJ,True,0.999996140583205,3.432049093147009e-05,0.9999618200922736,0.9000000000000002,True,correct,0.9000000000000002,True,correct,0.1,0.52497918747894,True,correct
DBLP,0.7,51,inner,bootstrap_OOB,179,journals/tods/CeriFPT95,True,1,DoS7NkmUyYgJ,DoS7NkmUyYgJ,True,0.9999831606855484,0.9994346771675302,0.0005484835180181,0.9000000000000002,True,correct,0.9000000000000002,True,correct,0.1,0.52497918747894,True,correct
DBLP,0.7,51,inner,bootstrap_OOB,180,journals/sigmod/PissinouSEMOPSTD94,True,3,F7AdjoH_uTcJ,fSKoYnVJbwwJ,True,0.9999952832920824,0.9999921638110336,3.1194810488077707e-06,0.9000000000000002,True,correct,0.9000000000000002,True,correct,0.1,0.52497918747894,True,correct
DBLP,0.7,51,inner,bootstrap_OOB,181,conf/vldb/Johnson99,True,1,B3PwhNu8Y6IJ,B3PwhNu8Y6IJ,True,0.9999947441532018,2.587443503696826e-06,0.999992156709698,0.9000000000000002,True,correct,0.9000000000000002,True,correct,0.1,0.52497918747894,True,correct
DBLP,0.7,51,inner,bootstrap_OOB,182,conf/vldb/Ioannidis03,True,1,jELnwotIy9kJ,jELnwotIy9kJ,True,0.9999953280690056,6.486322057947134e-06,0.9999888417469476,0.9000000000000002,True,correct,0.9000000000000002,True,correct,0.1,0.52497918747894,True,correct
DBLP,0.7,51,inner,bootstrap_OOB,183,conf/vldb/IpeirotisG02,True,2,3CSFFlEVviMJ,3CSFFlEVviMJ,True,0.9999958425400922,0.9999958325008946,1.0039197584355009e-08,0.9000000000000002,True,correct,0.9000000000000002,True,correct,0.1,0.52497918747894,True,correct
DBLP,0.7,51,inner,bootstrap_OOB,184,journals/tods/Snodgrass01,False,0,,url:http://www.springerlink.com/index/M131V2216478525N.pdf,False,0.3261591707818045,0.2943792176475259,0.0317799531342786,0.9000000000000002,False,unmatched_abstention,0.9000000000000002,False,unmatched_abstention,0.1,0.52497918747894,False,unmatched_abstention
DBLP,0.7,51,inner,bootstrap_OOB,185,journals/sigmod/KimballS95,True,3,5AiEsU9p7FIJ,5AiEsU9p7FIJ,True,0.9999949188124851,0.999984999347362,9.919465123076066e-06,0.9000000000000002,True,correct,0.9000000000000002,True,correct,0.1,0.52497918747894,True,correct
DBLP,0.7,51,inner,bootstrap_OOB,186,conf/vldb/MuntzR94,True,1,o9DfGI9zsloJ,o9DfGI9zsloJ,True,0.999995565045513,2.2957483656678625e-06,0.9999932692971474,0.9000000000000002,True,correct,0.9000000000000002,True,correct,0.1,0.52497918747894,True,correct
DBLP,0.7,51,inner,bootstrap_OOB,187,journals/sigmod/RossGN03,False,0,,tOa0zXK5Ba4J,False,0.0003425088848604,1.472920225739368e-05,0.000327779682603,0.9000000000000002,False,unmatched_abstention,0.9000000000000002,False,unmatched_abstention,0.1,0.52497918747894,False,unmatched_abstention
DBLP,0.7,51,inner,bootstrap_OOB,188,conf/vldb/PatonG01,True,1,mHCrMuxQnBsJ,mHCrMuxQnBsJ,True,0.9999955163226292,3.140002813794637e-06,0.9999923763198156,0.9000000000000002,True,correct,0.9000000000000002,True,correct,0.1,0.52497918747894,True,correct
DBLP,0.7,51,inner,bootstrap_OOB,189,conf/vldb/SadriZZA01,True,2,_xdKnndnOLMJ,89l6j2Mbe2kJ,True,0.9999965698066934,0.9999782911976904,1.827860900294187e-05,0.9000000000000002,True,correct,0.9000000000000002,True,correct,0.1,0.52497918747894,True,correct
DBLP,0.7,51,inner,bootstrap_OOB,190,conf/vldb/Slutz98,True,1,1blbGQk5ZpUJ,1blbGQk5ZpUJ,True,0.999994911820073,2.2480878167633207e-06,0.9999926637322564,0.9000000000000002,True,correct,0.9000000000000002,True,correct,0.1,0.52497918747894,True,correct
DBLP,0.7,51,inner,bootstrap_OOB,191,conf/vldb/GoldsteinR00,True,4,30fMB9_zBm0J,ylZFc8RNoeQJ,True,0.9999961945466298,0.9999957169863124,4.775603174023146e-07,0.9000000000000002,True,correct,0.9000000000000002,True,correct,0.1,0.52497918747894,True,correct
DBLP,0.7,51,inner,bootstrap_OOB,192,conf/sigmod/Galhardas00,True,2,GxDfgCi-rq4J,GxDfgCi-rq4J,True,0.9999951520553304,0.9999893341409608,5.817914369599109e-06,0.9000000000000002,True,correct,0.9000000000000002,True,correct,0.1,0.52497918747894,True,correct
DBLP,0.7,51,inner,bootstrap_OOB,193,conf/sigmod/ShenNSHS03,True,1,LjrsWIr3rhAJ,LjrsWIr3rhAJ,True,0.9999960221338484,2.268002653476919e-06,0.9999937541311948,0.9000000000000002,True,correct,0.9000000000000002,True,correct,0.1,0.52497918747894,True,correct
DBLP,0.7,51,inner,bootstrap_OOB,194,journals/sigmod/Franklin99,False,0,,C84rFQN_ug0J,False,9.12660940101426e-06,4.323881708418801e-06,4.802727692595457e-06,0.9000000000000002,False,unmatched_abstention,0.9000000000000002,False,unmatched_abstention,0.1,0.52497918747894,False,unmatched_abstention
DBLP,0.7,51,inner,bootstrap_OOB,195,journals/vldb/HansonCDERTX98,True,1,F6Ko8ZvWypUJ,F6Ko8ZvWypUJ,True,0.9999961142658376,2.4016365450876454e-06,0.9999937126292924,0.9000000000000002,True,correct,0.9000000000000002,True,correct,0.1,0.52497918747894,True,correct
DBLP,0.7,51,inner,bootstrap_OOB,196,conf/sigmod/AgrawalCN01,True,1,2Ua-pWTof_YJ,2Ua-pWTof_YJ,True,0.9999959909084192,0.0002235650968112,0.9997724258116076,0.9000000000000002,True,correct,0.9000000000000002,True,correct,0.1,0.52497918747894,True,correct
DBLP,0.7,51,inner,bootstrap_OOB,197,journals/sigmod/Ulusoy95,True,1,uMYecZGSCv4J,uMYecZGSCv4J,True,0.9999960905140504,0.0001678190774858,0.9998282714365644,0.9000000000000002,True,correct,0.9000000000000002,True,correct,0.1,0.52497918747894,True,correct
DBLP,0.7,51,inner,bootstrap_OOB,198,conf/vldb/ChakrabartiDAR97,True,7,-2Ib1nqgXbcJ,QyBDbs7EpmsJ,True,0.9999960959685632,0.9999960269715044,6.899705895513365e-08,0.9000000000000002,True,correct,0.9000000000000002,True,correct,0.1,0.52497918747894,True,correct
DBLP,0.7,51,inner,bootstrap_OOB,199,conf/vldb/LakshmananJN00,True,1,1n7AY641YyAJ,1n7AY641YyAJ,True,0.9999964525746902,2.281034842054539e-06,0.9999941715398482,0.9000000000000002,True,correct,0.9000000000000002,True,correct,0.1,0.52497918747894,True,correct
DBLP,0.7,51,inner,bootstrap_OOB,200,conf/sigmod/GrumbachRS98,True,1,RQTFVFT_w9gJ,RQTFVFT_w9gJ,True,0.9999954057565424,2.2684439343196517e-06,0.999993137312608,0.9000000000000002,True,correct,0.9000000000000002,True,correct,0.1,0.52497918747894,True,correct
DBLP,0.7,51,inner,bootstrap_OOB,201,conf/sigmod/LiCHH97,True,2,mNqvFihFg1AJ,vjqDlXKHfzoJ,True,0.9999950536893304,0.999963912518126,3.114117120428528e-05,0.9000000000000002,True,correct,0.9000000000000002,True,correct,0.1,0.52497918747894,True,correct
DBLP,0.7,51,inner,bootstrap_OOB,202,journals/sigmod/ChakravarthyAEFO03,True,2,url:http://portal.acm.org/citation.cfm%3Fid%3D641006,url:http://portal.acm.org/citation.cfm%3Fid%3D641006,True,0.99999581075595,0.9999944483081256,1.36244782433792e-06,0.9000000000000002,True,correct,0.9000000000000002,True,correct,0.1,0.52497918747894,True,correct
DBLP,0.7,51,inner,bootstrap_OOB,203,journals/vldb/Atkinson00,True,1,url:http://www.springerlink.com/index/CFM1025XF89JLNH8.pdf,url:http://www.springerlink.com/index/0YKCKU5LKG6G102T.pdf,False,0.6098286402077108,0.3228644471609593,0.2869641930467514,0.9000000000000002,False,missing_match,0.9000000000000002,False,missing_match,0.1,0.52497918747894,True,false_link
DBLP,0.7,51,inner,bootstrap_OOB,204,conf/vldb/KeidlSSK02,True,2,dTval1yE6p8J,dTval1yE6p8J,True,0.9999959178050364,0.9999794492980733,1.6468506963018825e-05,0.9000000000000002,True,correct,0.9000000000000002,True,correct,0.1,0.52497918747894,True,correct
DBLP,0.7,51,inner,bootstrap_OOB,205,conf/vldb/LudascherMP02,True,1,cxnuI54po5EJ,cxnuI54po5EJ,True,0.9999952955382015,2.802504915939743e-06,0.9999924930332856,0.9000000000000002,True,correct,0.9000000000000002,True,correct,0.1,0.52497918747894,True,correct
DBLP,0.7,51,inner,bootstrap_OOB,206,conf/vldb/ChenDZ03,True,2,5MbqS0-RzBIJ,cCpHMzAXRnsJ,True,0.9999953818157948,0.9999827775780123,1.2604237782487536e-05,0.9000000000000002,True,correct,0.9000000000000002,True,correct,0.1,0.52497918747894,True,correct
DBLP,0.7,51,inner,bootstrap_OOB,207,conf/sigmod/BlottRS96,True,5,4aSEl4haaq4J,4aSEl4haaq4J,True,0.9999959269240816,0.99999500308137,9.238427116642356e-07,0.9000000000000002,True,correct,0.9000000000000002,True,correct,0.1,0.52497918747894,True,correct
DBLP,0.7,51,inner,bootstrap_OOB,208,conf/sigmod/DogacHKOONDMAKE96,True,7,_4ARkdpRArQJ,UAO4T_2ylPkJ,True,0.9999933014792038,0.9999899719913248,3.329487879066839e-06,0.9000000000000002,True,correct,0.9000000000000002,True,correct,0.1,0.52497918747894,True,correct
DBLP,0.7,51,inner,bootstrap_OOB,209,conf/vldb/YangKL97,True,1,qN1APPIGZMMJ,qN1APPIGZMMJ,True,0.9999956910568154,0.0042646853140863,0.995731005742729,0.9000000000000002,True,correct,0.9000000000000002,True,correct,0.1,0.52497918747894,True,correct
DBLP,0.7,51,inner,bootstrap_OOB,210,journals/sigmod/FlorescuLM98,True,9,_SR_pRTnA6IJ,_SR_pRTnA6IJ,True,0.9999957563997904,0.9999956251749982,1.3122479214366933e-07,0.9000000000000002,True,correct,0.9000000000000002,True,correct,0.1,0.52497918747894,True,correct
DBLP,0.7,51,inner,bootstrap_OOB,211,conf/sigmod/Levine95,True,1,url:http://portal.acm.org/ft_gateway.cfm%3Fid%3D223878%26type%3Dpdf%26dl%3DGUIDE%26dl%3DACM%26CFID%3D11111111%26CFTOKEN%3D2222222,url:http://portal.acm.org/ft_gateway.cfm%3Fid%3D223878%26type%3Dpdf%26dl%3DGUIDE%26dl%3DACM%26CFID%3D11111111%26CFTOKEN%3D2222222,True,0.9999869625198158,2.2630873195900904e-06,0.9999846994324962,0.9000000000000002,True,correct,0.9000000000000002,True,correct,0.1,0.52497918747894,True,correct
DBLP,0.7,51,inner,bootstrap_OOB,212,journals/vldb/ShegalovGW01,True,1,_6ErNQyZwXsJ,_6ErNQyZwXsJ,True,0.9999963797403272,2.391887940910677e-06,0.9999939878523862,0.9000000000000002,True,correct,0.9000000000000002,True,correct,0.1,0.52497918747894,True,correct
DBLP,0.7,51,inner,bootstrap_OOB,213,conf/vldb/MaedaT01,True,1,dipeGpTdsoQJ,dipeGpTdsoQJ,True,0.9999961245392848,2.5728766362198634e-06,0.9999935516626488,0.9000000000000002,True,correct,0.9000000000000002,True,correct,0.1,0.52497918747894,True,correct
DBLP,0.7,51,inner,bootstrap_OOB,214,journals/sigmod/Qian96b,True,1,url:http://portal.acm.org/ft_gateway.cfm%3Fid%3D245909%26type%3Dpdf%26dl%3DGUIDE%26dl%3DACM%26CFID%3D11111111%26CFTOKEN%3D2222222,url:http://portal.acm.org/ft_gateway.cfm%3Fid%3D245909%26type%3Dpdf%26dl%3DGUIDE%26dl%3DACM%26CFID%3D11111111%26CFTOKEN%3D2222222,True,0.9999958331288056,1.4642509591176051e-05,0.9999811906192144,0.9000000000000002,True,correct,0.9000000000000002,True,correct,0.1,0.52497918747894,True,correct
DBLP,0.7,51,inner,bootstrap_OOB,215,journals/sigmod/SchlageterBHMSW95,True,2,url:http://portal.acm.org/citation.cfm%3Fid%3D202672,url:http://portal.acm.org/citation.cfm%3Fid%3D202672,True,0.9999948552683156,0.9999869144511307,7.940817184803883e-06,0.9000000000000002,True,correct,0.9000000000000002,True,correct,0.1,0.52497918747894,True,correct
DBLP,0.7,51,inner,bootstrap_OOB,216,conf/vldb/CeriCW00,True,4,bDuu6x2n1tgJ,HbrsuuNPd1QJ,True,0.9999944821737744,0.999994169992375,3.121813995088374e-07,0.9000000000000002,True,correct,0.9000000000000002,True,correct,0.1,0.52497918747894,True,correct
DBLP,0.7,51,inner,bootstrap_OOB,217,conf/sigmod/GoelI96,True,2,_Vn4nSui5UMJ,hD6w1eBfjWcJ,True,0.999996096043026,0.999994712954388,1.383088637840757e-06,0.9000000000000002,True,correct,0.9000000000000002,True,correct,0.1,0.52497918747894,True,correct
DBLP,0.7,51,inner,bootstrap_OOB,218,journals/sigmod/AbiteboulH95,True,1,kUA9e6YP8igJ,kUA9e6YP8igJ,True,0.9999935729867416,1.6877095305900048e-05,0.999976695891436,0.9000000000000002,True,correct,0.9000000000000002,True,correct,0.1,0.52497918747894,True,correct
DBLP,0.7,51,inner,bootstrap_OOB,219,conf/sigmod/CatarciS01,True,1,frbExwv4DiwJ,frbExwv4DiwJ,True,0.999995172755926,2.407243042372288e-06,0.9999927655128836,0.9000000000000002,True,correct,0.9000000000000002,True,correct,0.1,0.52497918747894,True,correct
DBLP,0.7,51,inner,bootstrap_OOB,220,conf/sigmod/CuiOTS03,True,1,qx5oR09jmMwJ,qx5oR09jmMwJ,True,0.999995557807196,2.2564410755285686e-06,0.9999933013661204,0.9000000000000002,True,correct,0.9000000000000002,True,correct,0.1,0.52497918747894,True,correct
DBLP,0.7,51,inner,bootstrap_OOB,221,journals/sigmod/LenzVJS03,True,1,url:http://portal.acm.org/ft_gateway.cfm%3Fid%3D959083%26type%3Dpdf,HtqrJuo7GSsJ,False,0.9910401983173333,0.9872681785872952,0.003772019730038,0.9000000000000002,True,false_link,0.9000000000000002,True,false_link,0.1,0.52497918747894,True,false_link
DBLP,0.7,51,inner,bootstrap_OOB,222,journals/tods/MumickFPR96,True,3,foXmpW4KwtkJ,kaZA2eBctgUJ,True,0.9999658005250914,0.9991059898004768,0.0008598107246144,0.9000000000000002,True,correct,0.9000000000000002,True,correct,0.1,0.52497918747894,True,correct
DBLP,0.7,51,inner,bootstrap_OOB,223,journals/sigmod/DreyerDS94,True,1,GCf11c7YuucJ,GCf11c7YuucJ,True,0.9999963462068548,1.8813867331619144e-05,0.9999775323395232,0.9000000000000002,True,correct,0.9000000000000002,True,correct,0.1,0.52497918747894,True,correct
DBLP,0.7,51,inner,bootstrap_OOB,224,journals/tods/ChenHM95,True,1,pO6SFdVGt5QJ,pO6SFdVGt5QJ,True,0.999995979885863,2.3300626430434334e-06,0.99999364982322,0.9000000000000002,True,correct,0.9000000000000002,True,correct,0.1,0.52497918747894,True,correct
DBLP,0.7,51,inner,bootstrap_OOB,225,conf/sigmod/Kleissner95,True,1,DB8lVC2D9fcJ,DB8lVC2D9fcJ,True,0.9999958633903032,2.74697381930074e-06,0.999993116416484,0.9000000000000002,True,correct,0.9000000000000002,True,correct,0.1,0.52497918747894,True,correct
DBLP,0.7,51,inner,bootstrap_OOB,226,journals/vldb/C95b,True,1,url:http://www.springerlink.com/index/J267M1G774146066.pdf,url:http://www.springerlink.com/index/J267M1G774146066.pdf,True,0.999990469961996,3.700252388283973e-06,0.9999867697096076,0.9000000000000002,True,correct,0.9000000000000002,True,correct,0.1,0.52497918747894,True,correct
DBLP,0.7,51,inner,bootstrap_OOB,227,journals/sigmod/CabreraLM01,True,1,b201QeqnlNkJ,b201QeqnlNkJ,True,0.9999961805450808,2.75188754759809e-06,0.9999934286575332,0.9000000000000002,True,correct,0.9000000000000002,True,correct,0.1,0.52497918747894,True,correct
DBLP,0.7,51,inner,bootstrap_OOB,228,conf/sigmod/AdiBEY01,True,2,3jUi_Yf4DfIJ,url:http://portal.acm.org/citation.cfm%3Fdoid%3D375663.375759,True,0.9999958569629168,0.9999955588449894,2.981179273442436e-07,0.9000000000000002,True,correct,0.9000000000000002,True,correct,0.1,0.52497918747894,True,correct
DBLP,0.7,51,inner,bootstrap_OOB,229,conf/vldb/LeeHJT03,True,1,BSE2se70OMYJ,BSE2se70OMYJ,True,0.9999947800089132,2.1910761919277203e-06,0.9999925889327212,0.9000000000000002,True,correct,0.9000000000000002,True,correct,0.1,0.52497918747894,True,correct
DBLP,0.7,51,inner,bootstrap_OOB,230,conf/sigmod/CookWZ94,True,2,BYAEfUWtxgUJ,LiIWlw3oNgUJ,True,0.9999953903520892,0.9999875360291662,7.854322923050994e-06,0.9000000000000002,True,correct,0.9000000000000002,True,correct,0.1,0.52497918747894,True,correct
DBLP,0.7,51,inner,bootstrap_OOB,231,journals/vldb/GutingS95,True,8,A4lUwOD7AeYJ,CBHicx5w3ocJ,True,0.9999943006209532,0.9999933679419344,9.326790185726352e-07,0.9000000000000002,True,correct,0.9000000000000002,True,correct,0.1,0.52497918747894,True,correct
DBLP,0.7,51,inner,bootstrap_OOB,232,conf/vldb/Tygar98,True,3,kKwsIC5HmsUJ,kKwsIC5HmsUJ,True,0.999996313677818,0.9999948886163254,1.4250614925881422e-06,0.9000000000000002,True,correct,0.9000000000000002,True,correct,0.1,0.52497918747894,True,correct
DBLP,0.7,51,inner,bootstrap_OOB,233,journals/vldb/LinJF94,True,4,8-USisLIGMMJ,vmxFQL7lhKoJ,True,0.999995788431664,0.9999948497604186,9.386712455095036e-07,0.9000000000000002,True,correct,0.9000000000000002,True,correct,0.1,0.52497918747894,True,correct
DBLP,0.7,51,inner,bootstrap_OOB,234,conf/sigmod/HanKS97,True,4,_EEZCcB1BPYJ,nD_Yjp9TNuIJ,True,0.9999962841881704,0.9999959178128224,3.663753478377885e-07,0.9000000000000002,True,correct,0.9000000000000002,True,correct,0.1,0.52497918747894,True,correct
DBLP,0.7,51,inner,bootstrap_OOB,235,conf/vldb/HelalL00,True,1,LPapCvY4RFkJ,LPapCvY4RFkJ,True,0.9999960020456398,1.2149845048170857e-05,0.9999838522005916,0.9000000000000002,True,correct,0.9000000000000002,True,correct,0.1,0.52497918747894,True,correct
DBLP,0.7,51,inner,bootstrap_OOB,236,conf/vldb/MartinC94,True,1,Ur6-XAMj3tIJ,Ur6-XAMj3tIJ,True,0.999993197051154,2.7403905272016863e-06,0.9999904566606268,0.9000000000000002,True,correct,0.9000000000000002,True,correct,0.1,0.52497918747894,True,correct
DBLP,0.7,51,inner,bootstrap_OOB,237,conf/sigmod/Doherty98,True,1,7aUag74jtdIJ,7aUag74jtdIJ,True,0.9999963610034288,5.715735610713227e-06,0.999990645267818,0.9000000000000002,True,correct,0.9000000000000002,True,correct,0.1,0.52497918747894,True,correct
DBLP,0.7,51,inner,bootstrap_OOB,238,conf/vldb/LuOT94,True,1,ZFXYXT4yEcAJ,ZFXYXT4yEcAJ,True,0.9999955400977852,2.501227455084764e-06,0.9999930388703302,0.9000000000000002,True,correct,0.9000000000000002,True,correct,0.1,0.52497918747894,True,correct
DBLP,0.7,51,inner,bootstrap_OOB,239,journals/sigmod/Franklin97,False,0,,C84rFQN_ug0J,False,0.995346425229869,0.9188577345508898,0.0764886906789792,0.9000000000000002,True,false_link,0.9000000000000002,True,false_link,0.1,0.52497918747894,True,false_link
DBLP,0.7,51,inner,bootstrap_OOB,240,conf/sigmod/AgrawalASY97,True,5,3nxl8d4c0t4J,3nxl8d4c0t4J,True,0.9999953938588284,0.9999944580044238,9.35854404637837e-07,0.9000000000000002,True,correct,0.9000000000000002,True,correct,0.1,0.52497918747894,True,correct
DBLP,0.7,51,inner,bootstrap_OOB,241,conf/sigmod/Ellison95,False,0,,dwPOCFCBZ78J,False,0.9838168940811196,0.0779421460186597,0.9058747480624596,0.9000000000000002,True,false_link,0.9000000000000002,True,false_link,0.1,0.52497918747894,True,false_link
DBLP,0.7,51,inner,bootstrap_OOB,242,journals/sigmod/X94,False,0,,V3C6Q9Ki3FAJ,False,0.9996218411426256,7.586373114560802e-05,0.99954597741148,0.9000000000000002,True,false_link,0.9000000000000002,True,false_link,0.1,0.52497918747894,True,false_link
DBLP,0.7,51,inner,bootstrap_OOB,243,conf/vldb/MadhavanH03,True,2,mu31RuCR_E4J,ujCYoqKS6BcJ,True,0.9999956222785747,0.999994276076701,1.3462018737531167e-06,0.9000000000000002,True,correct,0.9000000000000002,True,correct,0.1,0.52497918747894,True,correct
DBLP,0.7,51,inner,bootstrap_OOB,244,journals/sigmod/RosenthalSMBTL95,True,1,-_FyboGgZkkJ,-_FyboGgZkkJ,True,0.9999961708692872,3.698670500502661e-05,0.9999591841642822,0.9000000000000002,True,correct,0.9000000000000002,True,correct,0.1,0.52497918747894,True,correct
DBLP,0.7,51,inner,bootstrap_OOB,245,journals/sigmod/DogacDATKCD98,True,3,fYMpjIpF8ckJ,vG5FK8BJkZgJ,True,0.9999959628659174,0.9998877490950944,0.0001082137708231,0.9000000000000002,True,correct,0.9000000000000002,True,correct,0.1,0.52497918747894,True,correct
DBLP,0.7,51,inner,bootstrap_OOB,246,journals/sigmod/PoessF00,True,3,JSrjKrTM_3sJ,JSrjKrTM_3sJ,True,0.999995954957786,0.9999946043515512,1.350606235073215e-06,0.9000000000000002,True,correct,0.9000000000000002,True,correct,0.1,0.52497918747894,True,correct
DBLP,0.7,51,inner,bootstrap_OOB,247,journals/vldb/NgC98,True,2,eTDBrdfpGNEJ,J7mY8RlpTKMJ,True,0.9999956299161504,0.999995469921026,1.5999512448239273e-07,0.9000000000000002,True,correct,0.9000000000000002,True,correct,0.1,0.52497918747894,True,correct
DBLP,0.7,51,inner,bootstrap_OOB,248,journals/sigmod/Winslett01a,False,0,,url:http://doi.wiley.com/10.1002/he.11110,False,2.5266476302916765e-06,2.502334502595966e-06,2.4313127695709877e-08,0.9000000000000002,False,unmatched_abstention,0.9000000000000002,False,unmatched_abstention,0.1,0.52497918747894,False,unmatched_abstention
DBLP,0.7,51,inner,bootstrap_OOB,249,journals/sigmod/Segev94,False,0,,C84rFQN_ug0J,False,5.161834227078482e-06,4.177152211440616e-06,9.846820156378664e-07,0.9000000000000002,False,unmatched_abstention,0.9000000000000002,False,unmatched_abstention,0.1,0.52497918747894,False,unmatched_abstention
DBLP,0.7,51,inner,bootstrap_OOB,250,conf/sigmod/DeHaanTCO03,True,4,3PH--zwkZO8J,gyYBYgpB63sJ,True,0.9999959458357768,0.9999955658321272,3.8000364943613363e-07,0.9000000000000002,True,correct,0.9000000000000002,True,correct,0.1,0.52497918747894,True,correct
DBLP,0.7,51,inner,bootstrap_OOB,251,conf/vldb/StillgerLMK01,True,3,k8EsgEuKhQ0J,k8EsgEuKhQ0J,True,0.9999958183757678,0.9999931399411258,2.6784346419672644e-06,0.9000000000000002,True,correct,0.9000000000000002,True,correct,0.1,0.52497918747894,True,correct
DBLP,0.7,51,inner,bootstrap_OOB,252,journals/tods/IoannidisR95,True,1,TJDMWbCXMtgJ,TJDMWbCXMtgJ,True,0.9999946776330324,2.3566766641915136e-06,0.9999923209563684,0.9000000000000002,True,correct,0.9000000000000002,True,correct,0.1,0.52497918747894,True,correct
DBLP,0.7,51,inner,bootstrap_OOB,253,conf/vldb/DeenJNNW00,True,1,jpJMa9UNggoJ,jpJMa9UNggoJ,True,0.9999959304767316,3.0633740282932627e-06,0.9999928671027034,0.9000000000000002,True,correct,0.9000000000000002,True,correct,0.1,0.52497918747894,True,correct
DBLP,0.7,51,inner,bootstrap_OOB,254,journals/tods/Subrahmanian94,True,8,iD6ppXF5sx4J,wl8Wa2O28_oJ,True,0.9999925768436267,0.9999907610005014,1.8158431254189369e-06,0.9000000000000002,True,correct,0.9000000000000002,True,correct,0.1,0.52497918747894,True,correct
DBLP,0.7,51,inner,bootstrap_OOB,255,conf/vldb/ArionBCDMP03,True,2,CzpCERFYBikJ,CzpCERFYBikJ,True,0.9999950723668962,0.999989015411712,6.05695518418603e-06,0.9000000000000002,True,correct,0.9000000000000002,True,correct,0.1,0.52497918747894,True,correct
DBLP,0.7,51,inner,bootstrap_OOB,256,conf/sigmod/ColeG94,True,4,_6wwPJEGUiAJ,z_W8jZ203sUJ,True,0.9999956147656612,0.999995397235606,2.1753005530200653e-07,0.9000000000000002,True,correct,0.9000000000000002,True,correct,0.1,0.52497918747894,True,correct
DBLP,0.7,51,inner,bootstrap_OOB,257,conf/sigmod/OoiTZGLLLNSWZ03,True,1,l78OeieL4ZsJ,l78OeieL4ZsJ,True,0.9999926692352532,2.3444372254156287e-06,0.9999903247980276,0.9000000000000002,True,correct,0.9000000000000002,True,correct,0.1,0.52497918747894,True,correct
DBLP,0.7,51,inner,bootstrap_OOB,258,conf/vldb/VenkataramanZ98,True,2,KrAyBSajhZEJ,KrAyBSajhZEJ,True,0.9999961518881794,0.9999950926543378,1.059233841527174e-06,0.9000000000000002,True,correct,0.9000000000000002,True,correct,0.1,0.52497918747894,True,correct
DBLP,0.7,51,inner,bootstrap_OOB,259,conf/vldb/ShashaB02,True,4,3HUnvGuXtZEJ,DEl2TsijDYEJ,True,0.9999933681632984,0.999993243377454,1.247858443242933e-07,0.9000000000000002,True,correct,0.9000000000000002,True,correct,0.1,0.52497918747894,True,correct
DBLP,0.7,51,inner,bootstrap_OOB,260,conf/sigmod/Hope95,True,1,w3Aykr4vDVwJ,w3Aykr4vDVwJ,True,0.9999915944602976,2.2870729157887124e-06,0.999989307387382,0.9000000000000002,True,correct,0.9000000000000002,True,correct,0.1,0.52497918747894,True,correct
DBLP,0.7,51,inner,bootstrap_OOB,261,conf/sigmod/KemperMPS94,True,1,ChCPyLiBpr4J,ChCPyLiBpr4J,True,0.9999943150822688,4.810694955422404e-06,0.9999895043873136,0.9000000000000002,True,correct,0.9000000000000002,True,correct,0.1,0.52497918747894,True,correct
DBLP,0.7,51,inner,bootstrap_OOB,262,conf/sigmod/MumickQM97,True,3,8m_6OmUvYJwJ,c_n0wQe1FhAJ,True,0.9999951134128487,0.9999950161310522,9.728179661827596e-08,0.9000000000000002,True,correct,0.9000000000000002,True,correct,0.1,0.52497918747894,True,correct
DBLP,0.7,51,inner,bootstrap_OOB,263,journals/sigmod/GrayG97,True,5,aYtTMXVoTiMJ,fFCqy9V5XNgJ,True,0.999996277601761,0.999996113739591,1.6386217005504022e-07,0.9000000000000002,True,correct,0.9000000000000002,True,correct,0.1,0.52497918747894,True,correct
DBLP,0.7,51,inner,bootstrap_OOB,264,conf/sigmod/Mohan96,True,8,14cgU3tAHtgJ,f9JfEpe5a24J,True,0.9999950525476492,0.9999915320651568,3.52048249241399e-06,0.9000000000000002,True,correct,0.9000000000000002,True,correct,0.1,0.52497918747894,True,correct
DBLP,0.7,51,inner,bootstrap_OOB,265,journals/sigmod/Loeffen94,True,3,gb-yIDOxaEkJ,gb-yIDOxaEkJ,True,0.9999963685783686,0.9999893016644056,7.066913963127419e-06,0.9000000000000002,True,correct,0.9000000000000002,True,correct,0.1,0.52497918747894,True,correct
DBLP,0.7,51,inner,bootstrap_OOB,266,conf/vldb/LiC94,True,1,O0rvK0GFmBEJ,O0rvK0GFmBEJ,True,0.9999958328784476,9.05292670839656e-06,0.9999867799517392,0.9000000000000002,True,correct,0.9000000000000002,True,correct,0.1,0.52497918747894,True,correct
DBLP,0.7,51,inner,bootstrap_OOB,267,conf/vldb/ColletCS94,True,4,Iap8Eg0Sm8oJ,uMutI8spj1QJ,True,0.9999958921511968,0.9999933756726332,2.5164785635301e-06,0.9000000000000002,True,correct,0.9000000000000002,True,correct,0.1,0.52497918747894,True,correct
DBLP,0.7,51,inner,bootstrap_OOB,268,conf/vldb/NgY94,True,3,1O-Uy922LQUJ,1O-Uy922LQUJ,True,0.9999957345628686,0.9999916883295792,4.0462332893120845e-06,0.9000000000000002,True,correct,0.9000000000000002,True,correct,0.1,0.52497918747894,True,correct
DBLP,0.7,51,inner,bootstrap_OOB,269,journals/sigmod/Cingil02,True,1,2K6rhX16hXwJ,2K6rhX16hXwJ,True,0.9999958544611208,2.240444833026928e-06,0.9999936140162876,0.9000000000000002,True,correct,0.9000000000000002,True,correct,0.1,0.52497918747894,True,correct
DBLP,0.7,51,inner,bootstrap_OOB,270,journals/sigmod/AndersonS94,True,1,aDk2IS_xwToJ,aDk2IS_xwToJ,True,0.9999961581438216,3.1767312645872407e-06,0.9999929814125568,0.9000000000000002,True,correct,0.9000000000000002,True,correct,0.1,0.52497918747894,True,correct
DBLP,0.7,51,inner,bootstrap_OOB,271,conf/vldb/Schoning98,True,2,HEJ1Z4Q_xXMJ,HEJ1Z4Q_xXMJ,True,0.9999943481546104,0.999992885440862,1.462713748345834e-06,0.9000000000000002,True,correct,0.9000000000000002,True,correct,0.1,0.52497918747894,True,correct
DBLP,0.7,51,inner,bootstrap_OOB,272,journals/sigmod/CareyS99,True,1,url:http://portal.acm.org/ft_gateway.cfm%3Fid%3D310071%26type%3Dpdf%26dl%3DGUIDE%26dl%3DACM%26CFID%3D11111111%26CFTOKEN%3D2222222,url:http://portal.acm.org/ft_gateway.cfm%3Fid%3D310071%26type%3Dpdf%26dl%3DGUIDE%26dl%3DACM%26CFID%3D11111111%26CFTOKEN%3D2222222,True,0.9999962412156648,1.2039417387796908e-05,0.9999842017982769,0.9000000000000002,True,correct,0.9000000000000002,True,correct,0.1,0.52497918747894,True,correct
DBLP,0.7,51,inner,bootstrap_OOB,273,conf/sigmod/GriffinL95,True,4,6QZGeKna5lgJ,7xa2FxbUh2cJ,True,0.9999892917734988,0.9999825477271528,6.744046345930066e-06,0.9000000000000002,True,correct,0.9000000000000002,True,correct,0.1,0.52497918747894,True,correct
DBLP,0.7,51,inner,bootstrap_OOB,274,journals/sigmod/Ozsoyoglu99,False,0,,yNSC6-93CosJ,False,0.0001710041532016,0.0001331588251139,3.784532808770493e-05,0.9000000000000002,False,unmatched_abstention,0.9000000000000002,False,unmatched_abstention,0.1,0.52497918747894,False,unmatched_abstention
DBLP,0.7,51,inner,bootstrap_OOB,275,conf/vldb/HasanM94,True,2,e7N82yYp8UIJ,JW7LRQwx_goJ,True,0.9999964482179976,0.9999955472333202,9.009846775320796e-07,0.9000000000000002,True,correct,0.9000000000000002,True,correct,0.1,0.52497918747894,True,correct
DBLP,0.7,51,inner,bootstrap_OOB,276,journals/sigmod/X94a,False,0,,url:http://ieeexplore.ieee.org/iel5/2/4048/x0715521.pdf,False,0.0016074521182005,4.138779995111279e-06,0.0016033133382053,0.9000000000000002,False,unmatched_abstention,0.9000000000000002,False,unmatched_abstention,0.1,0.52497918747894,False,unmatched_abstention
DBLP,0.7,51,inner,bootstrap_OOB,277,conf/sigmod/Norrie95,True,1,url:http://portal.acm.org/ft_gateway.cfm%3Fid%3D223883%26type%3Dpdf%26dl%3DGUIDE%26dl%3DACM%26CFID%3D11111111%26CFTOKEN%3D2222222,url:http://portal.acm.org/ft_gateway.cfm%3Fid%3D223883%26type%3Dpdf%26dl%3DGUIDE%26dl%3DACM%26CFID%3D11111111%26CFTOKEN%3D2222222,True,0.9999908744610956,0.3109894112356792,0.6890014632254162,0.9000000000000002,True,correct,0.9000000000000002,True,correct,0.1,0.52497918747894,True,correct
DBLP,0.7,51,inner,bootstrap_OOB,278,journals/vldb/LometS97,True,4,5EjrRrS54fsJ,qjLiaKLJ6eQJ,True,0.9999960105732372,0.9999957018097704,3.087634669052264e-07,0.9000000000000002,True,correct,0.9000000000000002,True,correct,0.1,0.52497918747894,True,correct
DBLP,0.7,51,inner,bootstrap_OOB,279,conf/vldb/RamanRH99,True,3,6uP3E_WEkCAJ,6uP3E_WEkCAJ,True,0.9999961974597212,0.9999946605205136,1.5369392075692543e-06,0.9000000000000002,True,correct,0.9000000000000002,True,correct,0.1,0.52497918747894,True,correct
DBLP,0.7,51,inner,bootstrap_OOB,280,journals/tods/Chen95,True,1,1px2xYEVMzwJ,1px2xYEVMzwJ,True,0.9999935432033992,3.1823135787574557e-06,0.9999903608898204,0.9000000000000002,True,correct,0.9000000000000002,True,correct,0.1,0.52497918747894,True,correct
DBLP,0.7,51,inner,bootstrap_OOB,281,journals/sigmod/Kemper02,False,0,,bUvKrCjhep0J,False,2.3389636196091342e-06,2.3001708113103496e-06,3.8792808298784645e-08,0.9000000000000002,False,unmatched_abstention,0.9000000000000002,False,unmatched_abstention,0.1,0.52497918747894,False,unmatched_abstention
DBLP,0.7,51,inner,bootstrap_OOB,282,journals/sigmod/Scholl01,False,0,,url:http://portal.acm.org/citation.cfm%3Fid%3D604275,False,0.0006820825030922,3.583754864537068e-06,0.0006784987482277,0.9000000000000002,False,unmatched_abstention,0.9000000000000002,False,unmatched_abstention,0.1,0.52497918747894,False,unmatched_abstention
DBLP,0.7,51,inner,bootstrap_OOB,283,conf/vldb/JoshiBLL98,True,1,RufEbUPZNbYJ,RufEbUPZNbYJ,True,0.9999947881269274,4.3147453249540175e-06,0.9999904733816024,0.9000000000000002,True,correct,0.9000000000000002,True,correct,0.1,0.52497918747894,True,correct
DBLP,0.7,51,inner,bootstrap_OOB,284,conf/sigmod/HwangLYMMGCSS94,True,1,AWah9GLEFTAJ,AWah9GLEFTAJ,True,0.999993956328626,1.7907892337640255e-05,0.9999760484362884,0.9000000000000002,True,correct,0.9000000000000002,True,correct,0.1,0.52497918747894,True,correct
DBLP,0.7,51,inner,bootstrap_OOB,285,conf/sigmod/GriffinH97,True,1,UwOPyY_jchkJ,UwOPyY_jchkJ,True,0.999996254462614,2.303355940893919e-06,0.999993951106673,0.9000000000000002,True,correct,0.9000000000000002,True,correct,0.1,0.52497918747894,True,correct
DBLP,0.7,51,inner,bootstrap_OOB,286,journals/sigmod/AnyanwuS02,True,2,LoDGuFLlvsAJ,LoDGuFLlvsAJ,True,0.999993830554258,0.999987761424828,6.069129429908671e-06,0.9000000000000002,True,correct,0.9000000000000002,True,correct,0.1,0.52497918747894,True,correct
DBLP,0.7,51,inner,bootstrap_OOB,287,journals/sigmod/McHughW97,True,1,dAnyGPqToQEJ,dAnyGPqToQEJ,True,0.9999962303097294,2.4034695431004133e-06,0.9999938268401865,0.9000000000000002,True,correct,0.9000000000000002,True,correct,0.1,0.52497918747894,True,correct
DBLP,0.7,51,inner,bootstrap_OOB,288,conf/vldb/NicklasGS03,True,1,zApMW7wX5-AJ,zApMW7wX5-AJ,True,0.9999961537703425,2.289870818710771e-06,0.9999938638995236,0.9000000000000002,True,correct,0.9000000000000002,True,correct,0.1,0.52497918747894,True,correct
DBLP,0.7,51,inner,bootstrap_OOB,289,conf/sigmod/HacigumusILM02,True,2,NMgExE-JRD0J,NMgExE-JRD0J,True,0.9999958787706612,0.9999169818291604,7.889694150087223e-05,0.9000000000000002,True,correct,0.9000000000000002,True,correct,0.1,0.52497918747894,True,correct
DBLP,0.7,51,inner,bootstrap_OOB,290,conf/vldb/LakshmananPZ03,True,2,tcnjvKELfs0J,zbzO-4fuIwUJ,True,0.9999960399086392,0.9999923221953568,3.7177132822252554e-06,0.9000000000000002,True,correct,0.9000000000000002,True,correct,0.1,0.52497918747894,True,correct
DBLP,0.7,51,inner,bootstrap_OOB,291,journals/tods/Hellerstein98,True,5,Ae-y0LICgtkJ,q8m4M7OxSSAJ,True,0.9999954662776328,0.99999444859402,1.01768361282506e-06,0.9000000000000002,True,correct,0.9000000000000002,True,correct,0.1,0.52497918747894,True,correct
DBLP,0.7,51,inner,bootstrap_OOB,292,journals/sigmod/WolfsonSDNR95,True,1,R51Yi7sWJ6EJ,R51Yi7sWJ6EJ,True,0.9999954656030892,2.6957958585882645e-06,0.9999927698072306,0.9000000000000002,True,correct,0.9000000000000002,True,correct,0.1,0.52497918747894,True,correct
DBLP,0.7,51,inner,bootstrap_OOB,293,conf/vldb/BertinoBFS96,True,1,s0v9B-K8owEJ,s0v9B-K8owEJ,True,0.9999955132899566,0.0004572551232653,0.9995382581666912,0.9000000000000002,True,correct,0.9000000000000002,True,correct,0.1,0.52497918747894,True,correct
DBLP,0.7,51,inner,bootstrap_OOB,294,journals/sigmod/Liu03b,False,0,,C84rFQN_ug0J,False,1.155801119403538e-05,1.1312194756188774e-05,2.458164378466065e-07,0.9000000000000002,False,unmatched_abstention,0.9000000000000002,False,unmatched_abstention,0.1,0.52497918747894,False,unmatched_abstention
DBLP,0.7,51,inner,bootstrap_OOB,295,journals/sigmod/ReichB98,True,2,HzOZXA_VJk8J,HzOZXA_VJk8J,True,0.9999962893937026,0.9999914623865562,4.827007146324114e-06,0.9000000000000002,True,correct,0.9000000000000002,True,correct,0.1,0.52497918747894,True,correct
DBLP,0.7,51,inner,bootstrap_OOB,296,conf/vldb/Nori00,False,0,,aP_cBgCHoGYJ,False,2.2811088054726314e-06,2.261298842909093e-06,1.9809962563538363e-08,0.9000000000000002,False,unmatched_abstention,0.9000000000000002,False,unmatched_abstention,0.1,0.52497918747894,False,unmatched_abstention
DBLP,0.7,51,inner,bootstrap_OOB,297,conf/vldb/DesslochM97,True,2,CjtIFow-OWcJ,CjtIFow-OWcJ,True,0.9999960045002848,0.9999831334275296,1.2871072755049616e-05,0.9000000000000002,True,correct,0.9000000000000002,True,correct,0.1,0.52497918747894,True,correct
DBLP,0.7,51,inner,bootstrap_OOB,298,journals/sigmod/BunemanRU97,True,3,5qg4BNiroqMJ,5qg4BNiroqMJ,True,0.9999963882305004,0.9999955241749392,8.640555611005851e-07,0.9000000000000002,True,correct,0.9000000000000002,True,correct,0.1,0.52497918747894,True,correct
DBLP,0.7,51,inner,bootstrap_OOB,299,journals/sigmod/RoantreeMH99,True,3,7-Suml1GqBQJ,JJK6WGPyubgJ,True,0.9999951647021283,0.9999951043543744,6.034775390517666e-08,0.9000000000000002,True,correct,0.9000000000000002,True,correct,0.1,0.52497918747894,True,correct
DBLP,0.7,51,inner,bootstrap_OOB,300,conf/vldb/Baumann03,True,1,pJ2UEKVG_hoJ,pJ2UEKVG_hoJ,True,0.9999959253000904,2.2785780099900102e-06,0.9999936467220804,0.9000000000000002,True,correct,0.9000000000000002,True,correct,0.1,0.52497918747894,True,correct
DBLP,0.7,51,inner,bootstrap_OOB,301,conf/vldb/NgH94,True,14,32AYdsd8K3kJ,YMluKoJrxMcJ,True,0.9999960626088088,0.9999956311870892,4.314217195711123e-07,0.9000000000000002,True,correct,0.9000000000000002,True,correct,0.1,0.52497918747894,True,correct
DBLP,0.7,51,inner,bootstrap_OOB,302,journals/sigmod/KoksalAD98,True,2,c2UQ3AM5_f8J,enYoi4XT7n0J,True,0.999995513580908,1.543875465317879e-05,0.999980074826255,0.9000000000000002,True,correct,0.9000000000000002,True,correct,0.1,0.52497918747894,True,correct
DBLP,0.7,51,inner,bootstrap_OOB,303,conf/vldb/Blecken00,True,1,hCSzil0nuVEJ,hCSzil0nuVEJ,True,0.9999960979636672,2.299868113217601e-06,0.999993798095554,0.9000000000000002,True,correct,0.9000000000000002,True,correct,0.1,0.52497918747894,True,correct
DBLP,0.7,51,inner,bootstrap_OOB,304,conf/sigmod/FreireHRRS02,True,5,1p-q7eofLWIJ,1p-q7eofLWIJ,True,0.999995462099038,0.9999936811061364,1.7809929018230974e-06,0.9000000000000002,True,correct,0.9000000000000002,True,correct,0.1,0.52497918747894,True,correct
DBLP,0.7,51,inner,bootstrap_OOB,305,conf/sigmod/WangPFY03,True,4,5JXKbI5l1FYJ,jpNXw9L7pxgJ,True,0.9999965019856352,0.9999961942562868,3.0772934855871625e-07,0.9000000000000002,True,correct,0.9000000000000002,True,correct,0.1,0.52497918747894,True,correct
DBLP,0.7,51,inner,bootstrap_OOB,306,conf/vldb/KornMZ03,True,1,hBoL6DaFUMYJ,hBoL6DaFUMYJ,True,0.9999956385304516,3.1217981374976228e-06,0.9999925167323142,0.9000000000000002,True,correct,0.9000000000000002,True,correct,0.1,0.52497918747894,True,correct
DBLP,0.7,51,inner,bootstrap_OOB,307,conf/vldb/CasatiS00,True,2,OjOQRHgD-qwJ,OjOQRHgD-qwJ,True,0.999995818774538,0.999994335771038,1.4830034997803665e-06,0.9000000000000002,True,correct,0.9000000000000002,True,correct,0.1,0.52497918747894,True,correct
DBLP,0.7,51,inner,bootstrap_OOB,308,journals/sigmod/ChangGKRS98,True,2,5FiyBEZ3v70J,url:http://portal.acm.org/ft_gateway.cfm%3Fid%3D290607%26type%3Dpdf%26dl%3Dportal%26dl%3DACM%26CFID%3D11111111%26CFTOKEN%3D2222222,True,0.9999955263811892,0.9989542953975936,0.0010412309835957,0.9000000000000002,True,correct,0.9000000000000002,True,correct,0.1,0.52497918747894,True,correct
DBLP,0.7,51,inner,bootstrap_OOB,309,conf/vldb/BonczMK99,True,4,6GAoBRINv7kJ,jsNNCDiD0yIJ,True,0.9999960350224544,0.9999958652124744,1.6980998018834017e-07,0.9000000000000002,True,correct,0.9000000000000002,True,correct,0.1,0.52497918747894,True,correct
DBLP,0.7,51,inner,bootstrap_OOB,310,conf/sigmod/Shyy95,True,1,OjZoGJLFGqIJ,OjZoGJLFGqIJ,True,0.9999957521483168,2.4536846969655344e-06,0.9999932984636198,0.9000000000000002,True,correct,0.9000000000000002,True,correct,0.1,0.52497918747894,True,correct
DBLP,0.7,51,inner,bootstrap_OOB,311,conf/vldb/Duranti01,True,1,gQW6iYG5Vh0J,gQW6iYG5Vh0J,True,0.99999498168188,0.8401853435584299,0.1598096381234501,0.9000000000000002,True,correct,0.9000000000000002,True,correct,0.1,0.52497918747894,True,correct
DBLP,0.7,51,inner,bootstrap_OOB,312,conf/vldb/OzdenGHNSDGGW01,True,2,url:http://portal.acm.org/citation.cfm%3Fid%3D645927.672352,url:http://portal.acm.org/citation.cfm%3Fid%3D645927.672352,True,0.9999959734628484,0.9999950473265284,9.261363200785412e-07,0.9000000000000002,True,correct,0.9000000000000002,True,correct,0.1,0.52497918747894,True,correct
DBLP,0.7,51,inner,bootstrap_OOB,313,journals/sigmod/RossFLOSSVW00,False,0,,tOa0zXK5Ba4J,False,0.99971334166743,0.2911263253722126,0.7085870162952173,0.9000000000000002,True,false_link,0.9000000000000002,True,false_link,0.1,0.52497918747894,True,false_link
DBLP,0.7,51,inner,bootstrap_OOB,314,conf/sigmod/SzalayGKT00,True,11,1kKap3JyndkJ,GYR0v7CFkP0J,True,0.999995989321414,0.9999959536807064,3.5640707385375954e-08,0.9000000000000002,True,correct,0.9000000000000002,True,correct,0.1,0.52497918747894,True,correct
DBLP,0.7,51,inner,bootstrap_OOB,315,journals/sigmod/RossGR03,False,0,,tOa0zXK5Ba4J,False,0.99742268867196,0.0059529225761253,0.9914697660958348,0.9000000000000002,True,false_link,0.9000000000000002,True,false_link,0.1,0.52497918747894,True,false_link
DBLP,0.7,51,inner,bootstrap_OOB,316,conf/vldb/AmielBDS94,True,2,1fKcOU28PAEJ,hBak02oe1GMJ,True,0.9999962486535984,0.999991482522448,4.766131150413244e-06,0.9000000000000002,True,correct,0.9000000000000002,True,correct,0.1,0.52497918747894,True,correct
DBLP,0.7,51,inner,bootstrap_OOB,317,conf/sigmod/GunopulosD01,True,4,kneUxV6J3nQJ,oYtmj53qV0UJ,True,0.9999954805491924,0.999990895262942,4.5852862505801895e-06,0.9000000000000002,True,correct,0.9000000000000002,True,correct,0.1,0.52497918747894,True,correct
DBLP,0.7,51,inner,bootstrap_OOB,318,conf/vldb/AshwinGG02,True,2,mObyCD3Jw0EJ,YiJojduGXXkJ,True,0.9999952926794308,0.0019861809065603,0.9980091117728704,0.9000000000000002,True,correct,0.9000000000000002,True,correct,0.1,0.52497918747894,True,correct
DBLP,0.7,51,inner,bootstrap_OOB,319,conf/vldb/ChristodoulakisTZ97,True,2,D0z0BDnbnFcJ,lojHMj5xWEwJ,True,0.99999593620491,0.9999948957379816,1.0404669282815249e-06,0.9000000000000002,True,correct,0.9000000000000002,True,correct,0.1,0.52497918747894,True,correct
DBLP,0.7,51,inner,bootstrap_OOB,320,conf/sigmod/ReveszCKLLW00,True,2,bx_A3QEqKhEJ,qxShx7aNiuEJ,True,0.9999950848184708,0.9999940247620932,1.0600563777884986e-06,0.9000000000000002,True,correct,0.9000000000000002,True,correct,0.1,0.52497918747894,True,correct
DBLP,0.7,51,inner,bootstrap_OOB,321,conf/sigmod/Ramakrishnan00,True,1,aHpKrjJEJk4J,aHpKrjJEJk4J,True,0.999985264180282,2.245617213899616e-06,0.999983018563068,0.9000000000000002,True,correct,0.9000000000000002,True,correct,0.1,0.52497918747894,True,correct
DBLP,0.7,51,inner,bootstrap_OOB,322,conf/sigmod/Al-KhalifaYJ03,True,1,boJKiPCpIxkJ,boJKiPCpIxkJ,True,0.99999511194933,2.6706495973648104e-06,0.9999924412997326,0.9000000000000002,True,correct,0.9000000000000002,True,correct,0.1,0.52497918747894,True,correct
DBLP,0.7,51,inner,bootstrap_OOB,323,conf/sigmod/ChristophidesCM96,True,4,GpGg0czXSQcJ,q3Y-Mlx2sUsJ,True,0.9999958009243336,0.9999945150691972,1.285855136590186e-06,0.9000000000000002,True,correct,0.9000000000000002,True,correct,0.1,0.52497918747894,True,correct
DBLP,0.7,51,inner,bootstrap_OOB,324,journals/sigmod/SchmidtWKFCMB01,True,3,fc8y9x82jqAJ,fc8y9x82jqAJ,True,0.9999942326963984,0.9999933700983344,8.625980638665709e-07,0.9000000000000002,True,correct,0.9000000000000002,True,correct,0.1,0.52497918747894,True,correct
DBLP,0.7,51,inner,bootstrap_OOB,325,conf/sigmod/Spiro98,True,1,u4ZAi-DRoHkJ,u4ZAi-DRoHkJ,True,0.9999932693401522,2.249554749292699e-06,0.999991019785403,0.9000000000000002,True,correct,0.9000000000000002,True,correct,0.1,0.52497918747894,True,correct
DBLP,0.7,51,inner,bootstrap_OOB,326,conf/vldb/SrikantA95,True,16,08bwdEy_OY8J,OUdGxoZdSxAJ,True,0.999995627214699,0.9999956010437856,2.6170913325351822e-08,0.9000000000000002,True,correct,0.9000000000000002,True,correct,0.1,0.52497918747894,True,correct
DBLP,0.7,51,inner,bootstrap_OOB,327,conf/sigmod/ChandrasekaranCDFHHKMRS03,True,3,eOhZfLS25AsJ,MNuT46WJZaQJ,True,0.999992269309798,0.829085669089632,0.1709066002201659,0.9000000000000002,True,correct,0.9000000000000002,True,correct,0.1,0.52497918747894,True,correct
DBLP,0.7,51,inner,bootstrap_OOB,328,journals/sigmod/FengJH01,True,1,SUT-QTwqFNkJ,SUT-QTwqFNkJ,True,0.9999954469095528,2.454255725922453e-06,0.999992992653827,0.9000000000000002,True,correct,0.9000000000000002,True,correct,0.1,0.52497918747894,True,correct
DBLP,0.7,51,inner,bootstrap_OOB,329,conf/vldb/PopaVMHF02,True,3,J0jQGfOjVZ4J,qJ4lzBFzjdgJ,True,0.9999942222532696,0.9999928193217524,1.402931517291428e-06,0.9000000000000002,True,correct,0.9000000000000002,True,correct,0.1,0.52497918747894,True,correct
DBLP,0.7,51,inner,bootstrap_OOB,330,conf/vldb/YuAA03,True,1,4bvjebYsdRkJ,4bvjebYsdRkJ,True,0.9999955880153608,2.2248632638006968e-06,0.9999933631520967,0.9000000000000002,True,correct,0.9000000000000002,True,correct,0.1,0.52497918747894,True,correct
DBLP,0.7,51,inner,bootstrap_OOB,331,conf/vldb/GarciaLL98,True,2,5MO7a6e0-GQJ,5MO7a6e0-GQJ,True,0.9999955755264572,0.9999945409631568,1.0345633004726906e-06,0.9000000000000002,True,correct,0.9000000000000002,True,correct,0.1,0.52497918747894,True,correct
DBLP,0.7,51,inner,bootstrap_OOB,332,conf/sigmod/ZhouR02,True,1,-hUVSdRv5UUJ,-hUVSdRv5UUJ,True,0.9999959320288292,4.219077746753224e-06,0.9999917129510826,0.9000000000000002,True,correct,0.9000000000000002,True,correct,0.1,0.52497918747894,True,correct
DBLP,0.7,51,inner,bootstrap_OOB,333,conf/sigmod/BressanGOT00,True,1,url:http://portal.acm.org/ft_gateway.cfm%3Fid%3D336587%26type%3Dpdf%26dl%3DGUIDE%26dl%3DACM%26CFID%3D11111111%26CFTOKEN%3D2222222,url:http://portal.acm.org/ft_gateway.cfm%3Fid%3D336587%26type%3Dpdf%26dl%3DGUIDE%26dl%3DACM%26CFID%3D11111111%26CFTOKEN%3D2222222,True,0.9999953002825284,2.4482805530175992e-06,0.9999928520019752,0.9000000000000002,True,correct,0.9000000000000002,True,correct,0.1,0.52497918747894,True,correct
DBLP,0.7,51,inner,bootstrap_OOB,334,conf/sigmod/CareyFZ94,True,5,_Dtj6cJQFAQJ,EN1nFWJxnoIJ,True,0.9999961817687651,0.9999953157199456,8.660488195477711e-07,0.9000000000000002,True,correct,0.9000000000000002,True,correct,0.1,0.52497918747894,True,correct
DBLP,0.7,51,inner,bootstrap_OOB,335,journals/vldb/KellerB96,True,3,tVoqZpEEHv8J,tVoqZpEEHv8J,True,0.9999960050032244,0.999995227679634,7.773235904950937e-07,0.9000000000000002,True,correct,0.9000000000000002,True,correct,0.1,0.52497918747894,True,correct
DBLP,0.7,51,inner,bootstrap_OOB,336,conf/sigmod/SeshadriP97,True,3,Df8s-N_5U3EJ,f9POLlECN2gJ,True,0.9999958725088804,0.9999938852514586,1.9872574217316696e-06,0.9000000000000002,True,correct,0.9000000000000002,True,correct,0.1,0.52497918747894,True,correct
DBLP,0.7,51,inner,bootstrap_OOB,337,journals/vldb/NgS98,True,3,8vJEjrhM7foJ,url:http://www.springerlink.com/index/85D6LYCWB48DWBKW.pdf,True,0.999995344982506,0.9999902130836702,5.131898835664117e-06,0.9000000000000002,True,correct,0.9000000000000002,True,correct,0.1,0.52497918747894,True,correct
DBLP,0.7,51,inner,bootstrap_OOB,338,journals/vldb/TempletonHMB95,True,1,RKNGp2gmOTUJ,RKNGp2gmOTUJ,True,0.9999962016712304,2.310098511394697e-06,0.9999938915727192,0.9000000000000002,True,correct,0.9000000000000002,True,correct,0.1,0.52497918747894,True,correct
DBLP,0.7,51,inner,bootstrap_OOB,339,journals/sigmod/ShanmugasundaramSKKVNT01,True,1,wTJy5XquCpsJ,wTJy5XquCpsJ,True,0.9999961994754492,3.069505171657676e-05,0.9999655044237326,0.9000000000000002,True,correct,0.9000000000000002,True,correct,0.1,0.52497918747894,True,correct
DBLP,0.7,51,inner,bootstrap_OOB,340,journals/vldb/DattaDVRN01,True,2,icK75z3VuGIJ,icK75z3VuGIJ,True,0.9999959882809154,2.9143437995104453e-06,0.999993073937116,0.9000000000000002,True,correct,0.9000000000000002,True,correct,0.1,0.52497918747894,True,correct
DBLP,0.7,51,inner,bootstrap_OOB,341,conf/vldb/SistlaYLL95,True,3,HtTNmhCJY-oJ,HtTNmhCJY-oJ,True,0.9999957302650866,0.9999956661525576,6.411252884142017e-08,0.9000000000000002,True,correct,0.9000000000000002,True,correct,0.1,0.52497918747894,True,correct
DBLP,0.7,51,inner,bootstrap_OOB,342,journals/sigmod/YuenCLL00,True,1,Ip82P4QfKyEJ,Ip82P4QfKyEJ,True,0.9999956269811618,7.2553507153086e-06,0.9999883716304464,0.9000000000000002,True,correct,0.9000000000000002,True,correct,0.1,0.52497918747894,True,correct
DBLP,0.7,51,inner,bootstrap_OOB,343,journals/vldb/EvangelidisS97,True,1,5dnYlEMQTb0J,5dnYlEMQTb0J,True,0.9999959995665962,9.712828091766072e-05,0.9998988712856786,0.9000000000000002,True,correct,0.9000000000000002,True,correct,0.1,0.52497918747894,True,correct
DBLP,0.7,51,inner,bootstrap_OOB,344,conf/vldb/GyssensL97,True,8,5ZEYqz95ZRAJ,7jSBx3h3cvUJ,True,0.9999955435756076,0.9999950450210636,4.985545442037775e-07,0.9000000000000002,True,correct,0.9000000000000002,True,correct,0.1,0.52497918747894,True,correct
DBLP,0.7,51,inner,bootstrap_OOB,345,conf/vldb/WangZL99,True,2,9PJWqPPVlQwJ,9PJWqPPVlQwJ,True,0.999995736653216,0.9999520864355071,4.365021770880162e-05,0.9000000000000002,True,correct,0.9000000000000002,True,correct,0.1,0.52497918747894,True,correct
DBLP,0.7,51,inner,bootstrap_OOB,346,journals/sigmod/LinP96,True,1,mzEHvKsUv5QJ,mzEHvKsUv5QJ,True,0.9999954893718922,3.35034020736657e-06,0.9999921390316848,0.9000000000000002,True,correct,0.9000000000000002,True,correct,0.1,0.52497918747894,True,correct
DBLP,0.7,51,inner,bootstrap_OOB,347,conf/vldb/FaloutsosG96,True,3,1T0QEMsUItoJ,vwcVawlOJn0J,True,0.99999607022778,0.999995762853882,3.073738980008401e-07,0.9000000000000002,True,correct,0.9000000000000002,True,correct,0.1,0.52497918747894,True,correct
DBLP,0.7,51,inner,bootstrap_OOB,348,journals/sigmod/AtzeniMM97,True,4,9CDasz2P9wsJ,Hdq-Mlh3fcMJ,True,0.9999928071700148,0.9999864890561206,6.318113894288047e-06,0.9000000000000002,True,correct,0.9000000000000002,True,correct,0.1,0.52497918747894,True,correct
DBLP,0.7,51,inner,bootstrap_OOB,349,conf/sigmod/BohrerBBCFHKKMNRRSUUW97a,True,2,JntLVX4TPi0J,NiBdZXS0TCMJ,True,0.8675721244481425,3.022748426508044e-05,0.8675418969638774,0.9000000000000002,False,missing_match,0.9000000000000002,False,missing_match,0.1,0.52497918747894,True,correct
DBLP,0.7,51,inner,bootstrap_OOB,350,conf/vldb/CherniackFZ01,True,2,49EWG8vzsXUJ,49EWG8vzsXUJ,True,0.9999959844762096,0.9999934886080636,2.4958681460462984e-06,0.9000000000000002,True,correct,0.9000000000000002,True,correct,0.1,0.52497918747894,True,correct
DBLP,0.7,51,inner,bootstrap_OOB,351,conf/sigmod/LehnerSPC00,True,3,HQRcmyswIHcJ,UFKz6Q0wVi4J,True,0.9999949980513332,0.9999107645922364,8.423345909702729e-05,0.9000000000000002,True,correct,0.9000000000000002,True,correct,0.1,0.52497918747894,True,correct
DBLP,0.7,51,inner,bootstrap_OOB,352,journals/tods/BaralisW00,True,1,4RrNbX-RjpsJ,4RrNbX-RjpsJ,True,0.9999959763379738,0.0055373934895824,0.9944585828483912,0.9000000000000002,True,correct,0.9000000000000002,True,correct,0.1,0.52497918747894,True,correct
DBLP,0.7,51,inner,bootstrap_OOB,353,conf/sigmod/ZhangNDLL01,True,2,RkUnSP2Vkj0J,ryaV3kTsJ2IJ,True,0.9999958301911164,0.9999913727559367,4.457435179627822e-06,0.9000000000000002,True,correct,0.9000000000000002,True,correct,0.1,0.52497918747894,True,correct
DBLP,0.7,51,inner,bootstrap_OOB,354,conf/sigmod/KornackerSH98,True,2,08hpWyqMTqAJ,bV8_CDuW2gMJ,True,0.999996479620254,0.9999933185712532,3.161049000777183e-06,0.9000000000000002,True,correct,0.9000000000000002,True,correct,0.1,0.52497918747894,True,correct
DBLP,0.7,51,inner,bootstrap_OOB,355,journals/tods/MamoulisP01,True,1,Rg8V7NSK9tMJ,Rg8V7NSK9tMJ,True,0.999988900864967,1.5343188141575143e-05,0.9999735576768254,0.9000000000000002,True,correct,0.9000000000000002,True,correct,0.1,0.52497918747894,True,correct
DBLP,0.7,51,inner,bootstrap_OOB,356,conf/sigmod/Galindo-Legaria94,True,1,iEs59H5EFHwJ,iEs59H5EFHwJ,True,0.9999917613749632,3.506578218576358e-06,0.9999882547967446,0.9000000000000002,True,correct,0.9000000000000002,True,correct,0.1,0.52497918747894,True,correct
DBLP,0.7,51,inner,bootstrap_OOB,357,conf/vldb/IyerW94,True,1,5smJVUm1KAYJ,5smJVUm1KAYJ,True,0.999995732854042,8.139366604266897e-06,0.9999875934874376,0.9000000000000002,True,correct,0.9000000000000002,True,correct,0.1,0.52497918747894,True,correct
DBLP,0.7,51,inner,bootstrap_OOB,358,conf/vldb/StohrR01,True,1,jn3pvb3hRzwJ,jn3pvb3hRzwJ,True,0.9999964252804384,4.9409831656740735e-06,0.9999914842972728,0.9000000000000002,True,correct,0.9000000000000002,True,correct,0.1,0.52497918747894,True,correct
DBLP,0.7,51,inner,bootstrap_OOB,359,journals/sigmod/Winslett02a,True,1,url:http://portal.acm.org/ft_gateway.cfm%3Fid%3D565127%26type%3Dpdf%26dl%3DGUIDE%26dl%3DACM%26CFID%3D11111111%26CFTOKEN%3D2222222,url:http://portal.acm.org/ft_gateway.cfm%3Fid%3D565127%26type%3Dpdf%26dl%3DGUIDE%26dl%3DACM%26CFID%3D11111111%26CFTOKEN%3D2222222,True,0.999768825066563,8.809038967372599e-05,0.9996807346768892,0.9000000000000002,True,correct,0.9000000000000002,True,correct,0.1,0.52497918747894,True,correct
DBLP,0.7,51,inner,bootstrap_OOB,360,conf/sigmod/HanFHCC94,True,3,6M-fnuhWEOIJ,6M-fnuhWEOIJ,True,0.999996040648788,0.9999958519419904,1.8870679774352086e-07,0.9000000000000002,True,correct,0.9000000000000002,True,correct,0.1,0.52497918747894,True,correct
DBLP,0.7,51,inner,bootstrap_OOB,361,journals/sigmod/Snodgrass99,False,0,,NHxHsUH9L5MJ,False,0.9366379300809607,0.7659723379796595,0.1706655921013014,0.9000000000000002,True,false_link,0.9000000000000002,True,false_link,0.1,0.52497918747894,True,false_link
DBLP,0.7,51,inner,bootstrap_OOB,362,conf/sigmod/Ahn94,True,1,5s6b10Hik30J,5s6b10Hik30J,True,0.9999768293442232,4.922574880899896e-05,0.9999276035954142,0.9000000000000002,True,correct,0.9000000000000002,True,correct,0.1,0.52497918747894,True,correct
DBLP,0.7,51,inner,bootstrap_OOB,363,conf/vldb/LakshmiZ98,True,2,3XwLBVHUBvAJ,QmXB6EKu-pYJ,True,0.9999952319285786,0.9999731052332812,2.212669529755296e-05,0.9000000000000002,True,correct,0.9000000000000002,True,correct,0.1,0.52497918747894,True,correct
DBLP,0.7,51,inner,bootstrap_OOB,364,journals/tods/KotidisR01,True,1,04utamFvle4J,04utamFvle4J,True,0.9999953159611712,5.506996775384185e-06,0.999989808964396,0.9000000000000002,True,correct,0.9000000000000002,True,correct,0.1,0.52497918747894,True,correct
DBLP,0.7,51,inner,bootstrap_OOB,365,journals/sigmod/Liu03,False,0,,C84rFQN_ug0J,False,1.155801119403538e-05,1.1312194756188774e-05,2.458164378466065e-07,0.9000000000000002,False,unmatched_abstention,0.9000000000000002,False,unmatched_abstention,0.1,0.52497918747894,False,unmatched_abstention
DBLP,0.7,51,inner,bootstrap_OOB,366,journals/vldb/KrivokapicKG99,True,3,9YwFrtrNlaIJ,9YwFrtrNlaIJ,True,0.9999959554052472,0.999995887902394,6.75028531960109e-08,0.9000000000000002,True,correct,0.9000000000000002,True,correct,0.1,0.52497918747894,True,correct
DBLP,0.7,51,inner,bootstrap_OOB,367,journals/sigmod/SmithO99,True,1,-iis302p2MkJ,-iis302p2MkJ,True,0.9999956434856434,2.352334011573978e-06,0.9999932911516318,0.9000000000000002,True,correct,0.9000000000000002,True,correct,0.1,0.52497918747894,True,correct
DBLP,0.7,51,inner,bootstrap_OOB,368,conf/sigmod/PeiMHZ00,True,1,UyhrqiH_-MoJ,UyhrqiH_-MoJ,True,0.9999950762094524,2.5953889220618914e-06,0.9999924808205304,0.9000000000000002,True,correct,0.9000000000000002,True,correct,0.1,0.52497918747894,True,correct
DBLP,0.7,51,inner,bootstrap_OOB,369,journals/sigmod/Jarke95,True,1,url:http://portal.acm.org/ft_gateway.cfm%3Fid%3D202671%26type%3Dpdf%26dl%3DGUIDE%26dl%3DACM%26CFID%3D11111111%26CFTOKEN%3D2222222,url:http://portal.acm.org/ft_gateway.cfm%3Fid%3D202671%26type%3Dpdf%26dl%3DGUIDE%26dl%3DACM%26CFID%3D11111111%26CFTOKEN%3D2222222,True,0.9999960910620812,1.1426005381290618e-05,0.9999846650567,0.9000000000000002,True,correct,0.9000000000000002,True,correct,0.1,0.52497918747894,True,correct
DBLP,0.7,51,inner,bootstrap_OOB,370,conf/sigmod/BrownCL96,True,1,H4A7nUWyXtQJ,H4A7nUWyXtQJ,True,0.9999959213034052,3.117974817953438e-06,0.9999928033285872,0.9000000000000002,True,correct,0.9000000000000002,True,correct,0.1,0.52497918747894,True,correct
DBLP,0.7,51,inner,bootstrap_OOB,371,journals/sigmod/TheodoridisN00,True,2,DXTczW8Dv4MJ,NegSmYlF-awJ,True,0.9999940862201692,0.9957808495641044,0.0042132366560647,0.9000000000000002,True,correct,0.9000000000000002,True,correct,0.1,0.52497918747894,True,correct
DBLP,0.7,51,inner,bootstrap_OOB,372,conf/sigmod/AgrawalGGR98,True,11,_LE5T2vKPUcJ,DHbEJyv20WMJ,True,0.9999952493668224,0.9999951613624108,8.800441164691365e-08,0.9000000000000002,True,correct,0.9000000000000002,True,correct,0.1,0.52497918747894,True,correct
DBLP,0.7,51,inner,bootstrap_OOB,373,conf/vldb/HankinsP03,True,1,NsxXW_CvQpkJ,NsxXW_CvQpkJ,True,0.9999954857785832,2.244202073848467e-06,0.9999932415765094,0.9000000000000002,True,correct,0.9000000000000002,True,correct,0.1,0.52497918747894,True,correct
DBLP,0.7,51,inner,bootstrap_OOB,374,journals/sigmod/UrbanDG96,True,1,url:http://portal.acm.org/ft_gateway.cfm%3Fid%3D381892%26type%3Dpdf%26dl%3DGUIDE%26dl%3DACM%26CFID%3D11111111%26CFTOKEN%3D2222222,url:http://portal.acm.org/ft_gateway.cfm%3Fid%3D381892%26type%3Dpdf%26dl%3DGUIDE%26dl%3DACM%26CFID%3D11111111%26CFTOKEN%3D2222222,True,0.9999958460673084,2.699832766760684e-05,0.9999688477396408,0.9000000000000002,True,correct,0.9000000000000002,True,correct,0.1,0.52497918747894,True,correct
DBLP,0.7,51,inner,bootstrap_OOB,375,journals/sigmod/GobleR02a,True,2,B-u4advaVBkJ,B-u4advaVBkJ,True,0.999995342695679,0.9999931747226704,2.167973008559976e-06,0.9000000000000002,True,correct,0.9000000000000002,True,correct,0.1,0.52497918747894,True,correct
DBLP,0.7,51,inner,bootstrap_OOB,376,conf/vldb/ChaudhuriS96,True,5,31oH64SXpRcJ,4MaErPILRq8J,True,0.999992959000052,0.9999894913435188,3.4676565331404063e-06,0.9000000000000002,True,correct,0.9000000000000002,True,correct,0.1,0.52497918747894,True,correct
DBLP,0.7,51,inner,bootstrap_OOB,377,conf/sigmod/ShouCTRH01,True,1,url:http://portal.acm.org/ft_gateway.cfm%3Fid%3D375755%26type%3Dpdf%26dl%3DGUIDE%26dl%3DGUIDE%26CFID%3D11111111%26CFTOKEN%3D2222222,url:http://portal.acm.org/ft_gateway.cfm%3Fid%3D375755%26type%3Dpdf%26dl%3DGUIDE%26dl%3DGUIDE%26CFID%3D11111111%26CFTOKEN%3D2222222,True,0.9999958306324984,3.40938918134712e-06,0.999992421243317,0.9000000000000002,True,correct,0.9000000000000002,True,correct,0.1,0.52497918747894,True,correct
DBLP,0.7,51,inner,bootstrap_OOB,378,journals/sigmod/BunemanFSW01,False,0,,FLey09ZW6NgJ,False,0.5389845499370087,1.4074107187302445e-05,0.5389704758298214,0.9000000000000002,False,unmatched_abstention,0.9000000000000002,False,unmatched_abstention,0.1,0.52497918747894,True,false_link
DBLP,0.7,51,inner,bootstrap_OOB,379,conf/vldb/HerlekarDRGS02,False,0,,9jNw_wKmZgUJ,False,2.265974731389156e-06,2.2339353888448946e-06,3.203934254426108e-08,0.9000000000000002,False,unmatched_abstention,0.9000000000000002,False,unmatched_abstention,0.1,0.52497918747894,False,unmatched_abstention
DBLP,0.7,51,inner,bootstrap_OOB,380,journals/sigmod/KramerNKRLKLZ97,True,1,1sBvG9OXpMAJ,1sBvG9OXpMAJ,True,0.9999959556058172,2.6775708999273435e-06,0.9999932780349172,0.9000000000000002,True,correct,0.9000000000000002,True,correct,0.1,0.52497918747894,True,correct
DBLP,0.7,51,inner,bootstrap_OOB,381,journals/tods/LiuHD98,True,2,aYjE-ILUHaoJ,aYjE-ILUHaoJ,True,0.999995920342528,0.944481172983792,0.0555147473587361,0.9000000000000002,True,correct,0.9000000000000002,True,correct,0.1,0.52497918747894,True,correct
DBLP,0.7,51,inner,bootstrap_OOB,382,conf/vldb/BerckenS96,True,2,GfvntjAdvVYJ,-iBt8AJhTSEJ,True,0.999996251296476,0.9999956472315514,6.040649246363827e-07,0.9000000000000002,True,correct,0.9000000000000002,True,correct,0.1,0.52497918747894,True,correct
DBLP,0.7,51,inner,bootstrap_OOB,383,journals/tods/PolyzoisG94,True,2,LoL0Yu6h4VAJ,LoL0Yu6h4VAJ,True,0.9999958192171282,0.9999956349269208,1.8429020753885086e-07,0.9000000000000002,True,correct,0.9000000000000002,True,correct,0.1,0.52497918747894,True,correct
DBLP,0.7,51,inner,bootstrap_OOB,384,conf/vldb/Mattos96,True,1,EpBlTCJ0_dUJ,EpBlTCJ0_dUJ,True,0.999994732421277,2.427852206703168e-06,0.9999923045690704,0.9000000000000002,True,correct,0.9000000000000002,True,correct,0.1,0.52497918747894,True,correct
DBLP,0.7,51,inner,bootstrap_OOB,385,conf/sigmod/PhanN02,True,1,LLIkm2GMqakJ,LLIkm2GMqakJ,True,0.9999956656978972,2.7048916029927086e-06,0.9999929608062942,0.9000000000000002,True,correct,0.9000000000000002,True,correct,0.1,0.52497918747894,True,correct
DBLP,0.7,51,inner,bootstrap_OOB,386,journals/sigmod/BabuW01,True,4,EWzSBh-jV3IJ,KJ26gUP0PyIJ,True,0.9999950656375588,0.9999942090636922,8.565738665033962e-07,0.9000000000000002,True,correct,0.9000000000000002,True,correct,0.1,0.52497918747894,True,correct
DBLP,0.7,51,inner,bootstrap_OOB,387,conf/sigmod/ZhangNBB94,True,3,bymQ_6SSse4J,bymQ_6SSse4J,True,0.9999960198760316,0.9999954254654608,5.944105705424363e-07,0.9000000000000002,True,correct,0.9000000000000002,True,correct,0.1,0.52497918747894,True,correct
DBLP,0.7,51,inner,bootstrap_OOB,388,conf/sigmod/HernandezMHYHT01,True,3,89WHY6hZ22UJ,pOFhgBVYVTkJ,True,0.9999959092039856,0.9999957794292302,1.2977475527531368e-07,0.9000000000000002,True,correct,0.9000000000000002,True,correct,0.1,0.52497918747894,True,correct
DBLP,0.7,51,inner,bootstrap_OOB,389,conf/sigmod/OConnellISWABCCLPWW96,True,6,5awQcPWFBrcJ,O-TrhFwhKM8J,True,0.9999954397219768,0.9999904102279422,5.02949403458075e-06,0.9000000000000002,True,correct,0.9000000000000002,True,correct,0.1,0.52497918747894,True,correct
DBLP,0.7,51,inner,bootstrap_OOB,390,conf/vldb/SeshadriLR96,True,4,ifOM4z6uxXUJ,-Pmsximl_moJ,True,0.9999962450063038,0.9999960195268092,2.2547949463103126e-07,0.9000000000000002,True,correct,0.9000000000000002,True,correct,0.1,0.52497918747894,True,correct
DBLP,0.7,51,inner,bootstrap_OOB,391,conf/sigmod/RundensteinerCLCZNJLW99,True,1,SADcQZhMqgEJ,SADcQZhMqgEJ,True,0.9999958774341444,2.376093678886296e-06,0.9999935013404656,0.9000000000000002,True,correct,0.9000000000000002,True,correct,0.1,0.52497918747894,True,correct
DBLP,0.7,51,inner,bootstrap_OOB,392,journals/sigmod/Fagin02,True,2,C3swZi1md5YJ,C3swZi1md5YJ,True,0.9999961672487128,2.5882283105992856e-06,0.9999935790204022,0.9000000000000002,True,correct,0.9000000000000002,True,correct,0.1,0.52497918747894,True,correct
DBLP,0.7,51,inner,bootstrap_OOB,393,conf/sigmod/BenediktCFFR03,True,1,T5ZdpquqfJ0J,T5ZdpquqfJ0J,True,0.999995872028628,2.407222380977928e-06,0.9999934648062472,0.9000000000000002,True,correct,0.9000000000000002,True,correct,0.1,0.52497918747894,True,correct
DBLP,0.7,51,inner,bootstrap_OOB,394,conf/sigmod/RafieiM97,True,8,F9KzvnDpCPUJ,N-kEDX56ek0J,True,0.999994166288308,0.9999940124580003,1.538303074921643e-07,0.9000000000000002,True,correct,0.9000000000000002,True,correct,0.1,0.52497918747894,True,correct
DBLP,0.7,51,inner,bootstrap_OOB,395,conf/sigmod/Rajaraman99,True,2,m_n55lcmF-sJ,url:http://portal.acm.org/ft_gateway.cfm%3Fid%3D304246%26type%3Dpdf%26dl%3DGUIDE%26dl%3DACM%26CFID%3D11111111%26CFTOKEN%3D2222222,True,0.9999950913437666,0.9999939862197282,1.1051240383919136e-06,0.9000000000000002,True,correct,0.9000000000000002,True,correct,0.1,0.52497918747894,True,correct
DBLP,0.7,51,inner,bootstrap_OOB,396,conf/vldb/Vieille98,True,1,nlyEH7GkrjoJ,nlyEH7GkrjoJ,True,0.9999955203615808,2.268948051298204e-06,0.9999932514135292,0.9000000000000002,True,correct,0.9000000000000002,True,correct,0.1,0.52497918747894,True,correct
DBLP,0.7,51,inner,bootstrap_OOB,397,journals/sigmod/Aberer02,True,1,url:http://portal.acm.org/ft_gateway.cfm%3Fid%3D507353%26type%3Dpdf%26dl%3Dportal%26dl%3DACM%26CFID%3D11111111%26CFTOKEN%3D2222222,url:http://portal.acm.org/ft_gateway.cfm%3Fid%3D604274%26type%3Dpdf%26dl%3DGUIDE%26dl%3DACM%26CFID%3D11111111%26CFTOKEN%3D2222222,False,0.9999949625404854,0.959063789865076,0.0409311726754093,0.9000000000000002,True,false_link,0.9000000000000002,True,false_link,0.1,0.52497918747894,True,false_link
DBLP,0.7,51,inner,bootstrap_OOB,398,journals/sigmod/Lee95,True,2,ozmSjoqqFtwJ,ozmSjoqqFtwJ,True,0.9999954661090062,0.999992298993344,3.1671156622836705e-06,0.9000000000000002,True,correct,0.9000000000000002,True,correct,0.1,0.52497918747894,True,correct
DBLP,0.7,51,inner,bootstrap_OOB,399,journals/sigmod/RosenthalHRS97,True,1,url:http://portal.acm.org/ft_gateway.cfm%3Fid%3D248612%26type%3Dpdf%26dl%3DGUIDE%26dl%3DACM%26CFID%3D11111111%26CFTOKEN%3D2222222,url:http://portal.acm.org/ft_gateway.cfm%3Fid%3D248612%26type%3Dpdf%26dl%3DGUIDE%26dl%3DACM%26CFID%3D11111111%26CFTOKEN%3D2222222,True,0.9999917204334028,0.0002947634368479,0.9996969569965548,0.9000000000000002,True,correct,0.9000000000000002,True,correct,0.1,0.52497918747894,True,correct
DBLP,0.7,51,inner,bootstrap_OOB,400,journals/sigmod/EnglertGH95,True,2,JRXuKm3E_foJ,WYE9fKutj70J,True,0.9999962512035242,0.9999961971514671,5.4052056941422684e-08,0.9000000000000002,True,correct,0.9000000000000002,True,correct,0.1,0.52497918747894,True,correct
DBLP,0.7,51,inner,bootstrap_OOB,401,conf/vldb/AggarwalHWY03,True,4,szlqyCesMpgJ,szlqyCesMpgJ,True,0.9999963477989318,0.9999953800141164,9.677848155087432e-07,0.9000000000000002,True,correct,0.9000000000000002,True,correct,0.1,0.52497918747894,True,correct
DBLP,0.7,51,inner,bootstrap_OOB,402,conf/vldb/Schek00,True,1,yMjJam38N8sJ,yMjJam38N8sJ,True,0.9999953755928428,0.0073649366358167,0.992630438957026,0.9000000000000002,True,correct,0.9000000000000002,True,correct,0.1,0.52497918747894,True,correct
DBLP,0.7,51,inner,bootstrap_OOB,403,conf/vldb/KangC02,True,1,gndV1O-oEkMJ,gndV1O-oEkMJ,True,0.9999961482753704,2.2474147207677336e-06,0.9999939008606497,0.9000000000000002,True,correct,0.9000000000000002,True,correct,0.1,0.52497918747894,True,correct
DBLP,0.7,51,inner,bootstrap_OOB,404,conf/sigmod/Ballinger94,True,1,xGGBIZmLvmgJ,xGGBIZmLvmgJ,True,0.9999962685099234,2.2661389731135846e-06,0.9999940023709504,0.9000000000000002,True,correct,0.9000000000000002,True,correct,0.1,0.52497918747894,True,correct
DBLP,0.7,51,inner,bootstrap_OOB,405,conf/sigmod/KatayamaS97,True,5,8_ZvLWzd8cEJ,DfJERPfnugwJ,True,0.9999954728534926,0.9999951731057868,2.997477058785947e-07,0.9000000000000002,True,correct,0.9000000000000002,True,correct,0.1,0.52497918747894,True,correct
DBLP,0.7,51,inner,bootstrap_OOB,406,journals/vldb/C95a,False,0,,ciB46ylPwJ8J,False,0.0004013934102482,0.0002056364965697,0.0001957569136784,0.9000000000000002,False,unmatched_abstention,0.9000000000000002,False,unmatched_abstention,0.1,0.52497918747894,False,unmatched_abstention
DBLP,0.7,51,inner,bootstrap_OOB,407,journals/sigmod/Gunther97,False,0,,url:http://portal.acm.org/ft_gateway.cfm%3Fid%3D245888%26type%3Dpdf%26dl%3DGUIDE%26dl%3DACM%26CFID%3D11111111%26CFTOKEN%3D2222222,False,9.665408843949772e-06,4.6069890480226905e-06,5.0584197959270814e-06,0.9000000000000002,False,unmatched_abstention,0.9000000000000002,False,unmatched_abstention,0.1,0.52497918747894,False,unmatched_abstention
DBLP,0.7,51,inner,bootstrap_OOB,408,conf/sigmod/WodtkeWWDM97,True,2,tnXqwH3BXW0J,tnXqwH3BXW0J,True,0.9999955038323218,0.9999937919611523,1.7118711693742128e-06,0.9000000000000002,True,correct,0.9000000000000002,True,correct,0.1,0.52497918747894,True,correct
DBLP,0.7,51,inner,bootstrap_OOB,409,journals/sigmod/Vassilakis00,True,2,e0j-56kaeR4J,nZO8ZA4eYzYJ,True,0.9999963109557872,0.999992855415458,3.455540329322382e-06,0.9000000000000002,True,correct,0.9000000000000002,True,correct,0.1,0.52497918747894,True,correct
DBLP,0.7,51,inner,bootstrap_OOB,410,conf/sigmod/ImielinskiV95,True,1,dKMRgoNRQDgJ,dKMRgoNRQDgJ,True,0.9999952194393752,2.2530414771732613e-06,0.999992966397898,0.9000000000000002,True,correct,0.9000000000000002,True,correct,0.1,0.52497918747894,True,correct
DBLP,0.7,51,inner,bootstrap_OOB,411,journals/sigmod/MeltzerC98,True,2,77mq-gn4LiAJ,77mq-gn4LiAJ,True,0.9999963230944426,0.9993392298744312,0.0006570932200115,0.9000000000000002,True,correct,0.9000000000000002,True,correct,0.1,0.52497918747894,True,correct
DBLP,0.7,51,inner,bootstrap_OOB,412,journals/vldb/ChangG01,True,1,hYu2nw263UoJ,hYu2nw263UoJ,True,0.9999955089919428,3.98179443883306e-06,0.999991527197504,0.9000000000000002,True,correct,0.9000000000000002,True,correct,0.1,0.52497918747894,True,correct
DBLP,0.7,51,inner,bootstrap_OOB,413,journals/sigmod/Franklin00,False,0,,C84rFQN_ug0J,False,6.586430649138186e-06,3.776818782737885e-06,2.8096118664003004e-06,0.9000000000000002,False,unmatched_abstention,0.9000000000000002,False,unmatched_abstention,0.1,0.52497918747894,False,unmatched_abstention
DBLP,0.7,51,inner,bootstrap_OOB,414,conf/vldb/GaasterlandL94,True,2,cVgF0jn9q6MJ,oIFrkS2rPrcJ,True,0.9999962182110104,0.0930440829866494,0.9069521352243608,0.9000000000000002,True,correct,0.9000000000000002,True,correct,0.1,0.52497918747894,True,correct
DBLP,0.7,51,inner,bootstrap_OOB,415,journals/sigmod/LaenderRST02,True,4,34QnrkmS0Y8J,paQAZ2KXFgAJ,True,0.999995618970803,0.999994080555112,1.538415691171302e-06,0.9000000000000002,True,correct,0.9000000000000002,True,correct,0.1,0.52497918747894,True,correct
DBLP,0.7,51,inner,bootstrap_OOB,416,journals/vldb/ClaussenKKW00,True,1,DSF-ukHbE64J,DSF-ukHbE64J,True,0.9999927880063372,2.2689329045207566e-06,0.9999905190734328,0.9000000000000002,True,correct,0.9000000000000002,True,correct,0.1,0.52497918747894,True,correct
DBLP,0.7,51,inner,bootstrap_OOB,417,conf/vldb/Hamilton99,True,1,_zPTedzhFhQJ,_zPTedzhFhQJ,True,0.9999960114976476,2.5866885368193173e-06,0.9999934248091108,0.9000000000000002,True,correct,0.9000000000000002,True,correct,0.1,0.52497918747894,True,correct
DBLP,0.7,51,inner,bootstrap_OOB,418,journals/sigmod/Aberer02b,True,1,url:http://portal.acm.org/ft_gateway.cfm%3Fid%3D601865%26type%3Dpdf%26coll%3DGUIDE%26dl%3DACM%26CFID%3D11111111%26CFTOKEN%3D2222222,url:http://portal.acm.org/ft_gateway.cfm%3Fid%3D604274%26type%3Dpdf%26dl%3DGUIDE%26dl%3DACM%26CFID%3D11111111%26CFTOKEN%3D2222222,False,0.9999949625404854,0.959063789865076,0.0409311726754093,0.9000000000000002,True,false_link,0.9000000000000002,True,false_link,0.1,0.52497918747894,True,false_link
DBLP,0.7,51,inner,bootstrap_OOB,419,conf/vldb/SizovGT03,True,1,UbQPXbPLMCAJ,UbQPXbPLMCAJ,True,0.999994945886124,2.543052151969396e-06,0.999992402833972,0.9000000000000002,True,correct,0.9000000000000002,True,correct,0.1,0.52497918747894,True,correct
DBLP,0.7,51,inner,bootstrap_OOB,420,journals/vldb/RamanRH00,True,1,CgiCp6N9XZQJ,CgiCp6N9XZQJ,True,0.9999952171045584,0.9999660086193264,2.9208485231801973e-05,0.9000000000000002,True,correct,0.9000000000000002,True,correct,0.1,0.52497918747894,True,correct
DBLP,0.7,51,inner,bootstrap_OOB,421,conf/vldb/NathDKGKS03,True,3,FirBsg8jxtkJ,pF6EW_yKYyYJ,True,0.9999962255828816,0.999994690580794,1.5350020875493089e-06,0.9000000000000002,True,correct,0.9000000000000002,True,correct,0.1,0.52497918747894,True,correct
DBLP,0.7,51,inner,bootstrap_OOB,422,conf/sigmod/KeimK95,True,2,34xG3yx9iiwJ,CWmL7TxRQ44J,True,0.9999953712997676,0.999992881721752,2.489578015518745e-06,0.9000000000000002,True,correct,0.9000000000000002,True,correct,0.1,0.52497918747894,True,correct
DBLP,0.7,51,inner,bootstrap_OOB,423,conf/sigmod/ShahC01,True,1,2wGOv6yh4yIJ,2wGOv6yh4yIJ,True,0.9999955211390348,2.6571621549568e-06,0.99999286397688,0.9000000000000002,True,correct,0.9000000000000002,True,correct,0.1,0.52497918747894,True,correct
DBLP,0.7,51,inner,bootstrap_OOB,424,journals/vldb/PapazogluK97,True,2,3k9vWWMJiWYJ,kFQl7LX8OQkJ,True,0.9999955222409088,0.9999890226165642,6.499624344735722e-06,0.9000000000000002,True,correct,0.9000000000000002,True,correct,0.1,0.52497918747894,True,correct
DBLP,0.7,51,inner,bootstrap_OOB,425,conf/sigmod/MaheshwariL97,True,3,1hXAkApUm3kJ,VcVAYDLTty8J,True,0.9999915625922344,0.9999879446586694,3.617933564958875e-06,0.9000000000000002,True,correct,0.9000000000000002,True,correct,0.1,0.52497918747894,True,correct
DBLP,0.7,51,inner,bootstrap_OOB,426,journals/vldb/BernsteinPS00,True,1,08d5th2jiqcJ,08d5th2jiqcJ,True,0.9999964015599346,0.99999324538755,3.156172384666256e-06,0.9000000000000002,True,correct,0.9000000000000002,True,correct,0.1,0.52497918747894,True,correct
DBLP,0.7,51,inner,bootstrap_OOB,427,conf/vldb/DarmontS99,True,2,1GWsEQSvJmoJ,Ebi8v9FZXcgJ,True,0.9999964634852142,0.9999954427565688,1.0207286453844944e-06,0.9000000000000002,True,correct,0.9000000000000002,True,correct,0.1,0.52497918747894,True,correct
DBLP,0.7,51,inner,bootstrap_OOB,428,conf/vldb/CeriM03,True,2,G2QuI5QYYMoJ,hFPNVe44A04J,True,0.9999955731206952,0.9999939330563872,1.640064308139344e-06,0.9000000000000002,True,correct,0.9000000000000002,True,correct,0.1,0.52497918747894,True,correct
DBLP,0.7,51,inner,bootstrap_OOB,429,conf/vldb/JagadishMN99,True,3,9rDll5YAQnoJ,RPWDtUmq6_QJ,True,0.9999957715852108,0.9999950169960168,7.545891942406513e-07,0.9000000000000002,True,correct,0.9000000000000002,True,correct,0.1,0.52497918747894,True,correct
DBLP,0.7,51,inner,bootstrap_OOB,430,conf/vldb/Greco98,True,1,CCr8CUlHeNsJ,CCr8CUlHeNsJ,True,0.9999952565377728,3.835182754569504e-06,0.9999914213550184,0.9000000000000002,True,correct,0.9000000000000002,True,correct,0.1,0.52497918747894,True,correct
DBLP,0.7,51,inner,bootstrap_OOB,431,journals/vldb/FernandezFLS00,True,1,uo79zyqUB10J,uo79zyqUB10J,True,0.999994944319396,7.359084368103237e-06,0.999987585235028,0.9000000000000002,True,correct,0.9000000000000002,True,correct,0.1,0.52497918747894,True,correct
DBLP,0.7,51,inner,bootstrap_OOB,432,conf/sigmod/BohmBKK01,True,1,C4XcBh6anhAJ,C4XcBh6anhAJ,True,0.9999959564889782,3.816964260310872e-06,0.999992139524718,0.9000000000000002,True,correct,0.9000000000000002,True,correct,0.1,0.52497918747894,True,correct
DBLP,0.7,51,inner,bootstrap_OOB,433,conf/sigmod/ChenGK01,True,1,8OgkUeiawO0J,8OgkUeiawO0J,True,0.9999944549857358,0.0003197509226657,0.99967470406307,0.9000000000000002,True,correct,0.9000000000000002,True,correct,0.1,0.52497918747894,True,correct
DBLP,0.7,51,inner,bootstrap_OOB,434,journals/vldb/ChenHY97,True,1,IWZsSVPC6HMJ,IWZsSVPC6HMJ,True,0.9999961921106914,3.4122581541603924e-06,0.9999927798525372,0.9000000000000002,True,correct,0.9000000000000002,True,correct,0.1,0.52497918747894,True,correct
DBLP,0.7,51,inner,bootstrap_OOB,435,conf/vldb/SreenathS94,True,1,sUcJBJwvKTUJ,sUcJBJwvKTUJ,True,0.999996156787952,3.6642896171207743e-06,0.9999924924983348,0.9000000000000002,True,correct,0.9000000000000002,True,correct,0.1,0.52497918747894,True,correct
DBLP,0.7,51,inner,bootstrap_OOB,436,conf/sigmod/HeC03,True,1,MNmlxFx4l-8J,MNmlxFx4l-8J,True,0.9999958512496536,0.9982480119917037,0.00174783925795,0.9000000000000002,True,correct,0.9000000000000002,True,correct,0.1,0.52497918747894,True,correct
DBLP,0.7,51,inner,bootstrap_OOB,437,conf/sigmod/BlohsfeldKS99,True,1,PQbi3PaRh84J,PQbi3PaRh84J,True,0.9999961571984278,5.7612566665704525e-06,0.9999903959417612,0.9000000000000002,True,correct,0.9000000000000002,True,correct,0.1,0.52497918747894,True,correct
DBLP,0.7,51,inner,bootstrap_OOB,438,journals/sigmod/Mendelzon98,False,0,,LxniIL-QAhgJ,False,0.0097884459284395,7.353234544607879e-05,0.0097149135829935,0.9000000000000002,False,unmatched_abstention,0.9000000000000002,False,unmatched_abstention,0.1,0.52497918747894,False,unmatched_abstention
DBLP,0.7,51,inner,bootstrap_OOB,439,conf/sigmod/RossSS96,True,1,iurxdvB6oLAJ,iurxdvB6oLAJ,True,0.999995355141954,2.3118770784690355e-06,0.9999930432648756,0.9000000000000002,True,correct,0.9000000000000002,True,correct,0.1,0.52497918747894,True,correct
DBLP,0.7,51,inner,bootstrap_OOB,440,journals/sigmod/BarclayBGS94,True,2,v1aol6mmLdMJ,wPhDoeiINQsJ,True,0.9999957849399248,0.9999916995935096,4.085346415050317e-06,0.9000000000000002,True,correct,0.9000000000000002,True,correct,0.1,0.52497918747894,True,correct
DBLP,0.7,51,inner,bootstrap_OOB,441,journals/sigmod/Bussler02,True,1,Phcd3C1cfLcJ,Phcd3C1cfLcJ,True,0.9999957761032432,3.3526798537254915e-06,0.9999924234233892,0.9000000000000002,True,correct,0.9000000000000002,True,correct,0.1,0.52497918747894,True,correct
DBLP,0.7,51,inner,bootstrap_OOB,442,journals/vldb/ShyyASL96,True,4,1J2ubL0l2UMJ,n8EWz5rQancJ,True,0.9999963252678656,0.999995742227883,5.830399827377875e-07,0.9000000000000002,True,correct,0.9000000000000002,True,correct,0.1,0.52497918747894,True,correct
DBLP,0.7,51,inner,bootstrap_OOB,443,journals/sigmod/SpynsMJ02,True,3,GVrDsGpbJGsJ,jD6nDNmhP3AJ,True,0.9999954324969192,0.9999935600226044,1.8724743148235132e-06,0.9000000000000002,True,correct,0.9000000000000002,True,correct,0.1,0.52497918747894,True,correct
DBLP,0.7,51,inner,bootstrap_OOB,444,conf/vldb/AgrawalK02,True,4,4weou-KgkM8J,4weou-KgkM8J,True,0.999995331298112,0.9999941782707372,1.1530273749116304e-06,0.9000000000000002,True,correct,0.9000000000000002,True,correct,0.1,0.52497918747894,True,correct
DBLP,0.7,51,inner,bootstrap_OOB,445,conf/vldb/ZhangL97,True,2,QGopit06CLEJ,QGopit06CLEJ,True,0.9999959036174556,0.9999954564435932,4.471738623834654e-07,0.9000000000000002,True,correct,0.9000000000000002,True,correct,0.1,0.52497918747894,True,correct
DBLP,0.7,51,inner,bootstrap_OOB,446,conf/vldb/JosifovskiR99,True,2,a58OzgW7AvUJ,rR9r4Kuzq-4J,True,0.9999956283321684,0.999972503066656,2.312526551240257e-05,0.9000000000000002,True,correct,0.9000000000000002,True,correct,0.1,0.52497918747894,True,correct
DBLP,0.7,51,inner,bootstrap_OOB,447,conf/sigmod/NestorovAM98,True,2,5icRoG_Vmc0J,5icRoG_Vmc0J,True,0.9999946283232458,0.9999643243285627,3.030399468306744e-05,0.9000000000000002,True,correct,0.9000000000000002,True,correct,0.1,0.52497918747894,True,correct
DBLP,0.7,51,inner,bootstrap_OOB,448,conf/sigmod/RiedewaldAA02,True,2,AFKhL1I3L9AJ,nQvBo5KHITYJ,True,0.9999959571290528,0.9999938695973566,2.087531696282064e-06,0.9000000000000002,True,correct,0.9000000000000002,True,correct,0.1,0.52497918747894,True,correct
DBLP,0.7,51,inner,bootstrap_OOB,449,conf/sigmod/BarbosaMKL02,True,2,ueKnwQCE3nIJ,wO-iR4jRq0UJ,True,0.9999899154661795,0.9856557981357752,0.0143341173304042,0.9000000000000002,True,correct,0.9000000000000002,True,correct,0.1,0.52497918747894,True,correct
DBLP,0.7,51,inner,bootstrap_OOB,450,conf/vldb/HsuLOMTX02,True,1,Px35BrWc6_EJ,Px35BrWc6_EJ,True,0.999995566829996,2.446784367315986e-06,0.9999931200456286,0.9000000000000002,True,correct,0.9000000000000002,True,correct,0.1,0.52497918747894,True,correct
DBLP,0.7,51,inner,bootstrap_OOB,451,conf/sigmod/Blakeley96,True,4,1fs-qN_SdH4J,jQ6eIao6R0EJ,True,0.9999959844608914,0.9999954405916938,5.438691976777932e-07,0.9000000000000002,True,correct,0.9000000000000002,True,correct,0.1,0.52497918747894,True,correct
DBLP,0.7,51,inner,bootstrap_OOB,452,conf/vldb/FlescaFM03,True,1,LXjSnbxB7EsJ,LXjSnbxB7EsJ,True,0.9999952231034676,2.8934000019705013e-05,0.999966289103448,0.9000000000000002,True,correct,0.9000000000000002,True,correct,0.1,0.52497918747894,True,correct
DBLP,0.7,51,inner,bootstrap_OOB,453,journals/sigmod/Date96,True,1,url:http://portal.acm.org/citation.cfm%3Fid%3D245882.245885%26coll%3DGUIDE%26dl%3DACM%26idx%3DJ689%26part%3Dperiodical%26WantType%3Dperiodical%26title%3DACM%2520SIGMOD%2520Record%26CFID%3D11111111%26CFTOKEN%3D2222222,url:http://portal.acm.org/citation.cfm%3Fid%3D245882.245885%26coll%3DGUIDE%26dl%3DACM%26idx%3DJ689%26part%3Dperiodical%26WantType%3Dperiodical%26title%3DACM%2520SIGMOD%2520Record%26CFID%3D11111111%26CFTOKEN%3D2222222,True,0.9999945567875904,2.9249493102900696e-05,0.9999653072944874,0.9000000000000002,True,correct,0.9000000000000002,True,correct,0.1,0.52497918747894,True,correct
DBLP,0.7,51,inner,bootstrap_OOB,454,conf/vldb/DonjerkovicR99,True,3,4U31XD8P478J,Eq1w4LPv_igJ,True,0.9999960217165332,0.999994990503949,1.0312125842126818e-06,0.9000000000000002,True,correct,0.9000000000000002,True,correct,0.1,0.52497918747894,True,correct
DBLP,0.7,51,inner,bootstrap_OOB,455,journals/vldb/C95,False,0,,url:http://www.springerlink.com/index/X256555608656055.pdf,False,7.391578020772757e-05,1.8847053315654908e-05,5.506872689207266e-05,0.9000000000000002,False,unmatched_abstention,0.9000000000000002,False,unmatched_abstention,0.1,0.52497918747894,False,unmatched_abstention
DBLP,0.7,51,inner,bootstrap_OOB,456,conf/sigmod/HanPLJ01,True,1,H_tzR6yoJLEJ,H_tzR6yoJLEJ,True,0.999996243326426,5.437323785398624e-06,0.9999908060026408,0.9000000000000002,True,correct,0.9000000000000002,True,correct,0.1,0.52497918747894,True,correct
DBLP,0.7,51,inner,bootstrap_OOB,457,conf/vldb/MorishimaKKT01,True,1,8hDo6qczOzMJ,8hDo6qczOzMJ,True,0.999995004444091,2.331531924585853e-06,0.9999926729121664,0.9000000000000002,True,correct,0.9000000000000002,True,correct,0.1,0.52497918747894,True,correct
DBLP,0.7,51,inner,bootstrap_OOB,458,journals/sigmod/Aberer03c,True,1,url:http://portal.acm.org/citation.cfm%3Fid%3D945721.945727%26coll%3DGUIDE%26dl%3DACM%26idx%3DJ689%26part%3Dperiodical%26WantType%3Dperiodical%26title%3DACM%2520SIGMOD%2520Record%26CFID%3D11111111%26CFTOKEN%3D2222222,url:http://portal.acm.org/citation.cfm%3Fid%3D945721.945727%26coll%3DGUIDE%26dl%3DACM%26idx%3DJ689%26part%3Dperiodical%26WantType%3Dperiodical%26title%3DACM%2520SIGMOD%2520Record%26CFID%3D11111111%26CFTOKEN%3D2222222,True,0.9999882205474554,0.9999704243542928,1.7796193162555873e-05,0.9000000000000002,True,correct,0.9000000000000002,True,correct,0.1,0.52497918747894,True,correct
DBLP,0.7,51,inner,bootstrap_OOB,459,conf/vldb/ChakrabartiSD98,True,3,oBDL7axDwG4J,wnke8ff8hYUJ,True,0.9999957456008306,0.9999886549836938,7.090617136773503e-06,0.9000000000000002,True,correct,0.9000000000000002,True,correct,0.1,0.52497918747894,True,correct
DBLP,0.7,51,inner,bootstrap_OOB,460,conf/vldb/ZhouR03,True,1,MvbChqWgFawJ,MvbChqWgFawJ,True,0.9999956501197622,2.2725341890456518e-06,0.9999933775855732,0.9000000000000002,True,correct,0.9000000000000002,True,correct,0.1,0.52497918747894,True,correct
DBLP,0.7,51,inner,bootstrap_OOB,461,journals/vldb/KraissW98,True,3,K0aOFYBWg3AJ,LMz7v87sxxYJ,True,0.9999963148237052,0.9999961259360884,1.8888761676993937e-07,0.9000000000000002,True,correct,0.9000000000000002,True,correct,0.1,0.52497918747894,True,correct
DBLP,0.7,51,inner,bootstrap_OOB,462,journals/sigmod/BrunieK96,True,1,spI2g7jFHuYJ,spI2g7jFHuYJ,True,0.9999962976791436,2.4124392662114668e-06,0.9999938852398774,0.9000000000000002,True,correct,0.9000000000000002,True,correct,0.1,0.52497918747894,True,correct
DBLP,0.7,51,inner,bootstrap_OOB,463,conf/vldb/BridgeJKLLM97,True,3,8qlmryXP3BsJ,JO9Jnx_gGIUJ,True,0.9999957381004048,0.999991203632174,4.53446823089898e-06,0.9000000000000002,True,correct,0.9000000000000002,True,correct,0.1,0.52497918747894,True,correct
DBLP,0.7,51,inner,bootstrap_OOB,464,journals/sigmod/Liu02a,False,0,,C84rFQN_ug0J,False,1.0671973951543757e-05,6.918070561320478e-06,3.753903390223279e-06,0.9000000000000002,False,unmatched_abstention,0.9000000000000002,False,unmatched_abstention,0.1,0.52497918747894,False,unmatched_abstention
DBLP,0.7,51,inner,bootstrap_OOB,465,conf/sigmod/MissikoffT94,True,1,nxNSfctbGWAJ,nxNSfctbGWAJ,True,0.9999964730876404,6.632519790555567e-06,0.9999898405678496,0.9000000000000002,True,correct,0.9000000000000002,True,correct,0.1,0.52497918747894,True,correct
DBLP,0.7,51,inner,bootstrap_OOB,466,conf/sigmod/WhitneyS01,True,1,bZj9gl0_YUIJ,bZj9gl0_YUIJ,True,0.9999950617584956,2.3068622578700194e-06,0.9999927548962376,0.9000000000000002,True,correct,0.9000000000000002,True,correct,0.1,0.52497918747894,True,correct
DBLP,0.7,51,inner,bootstrap_OOB,467,conf/vldb/GionisIM99,True,4,3RR94IxW5CUJ,A8rGBQif7MIJ,True,0.9999953052907102,0.9999951908508896,1.1443982061987157e-07,0.9000000000000002,True,correct,0.9000000000000002,True,correct,0.1,0.52497918747894,True,correct
DBLP,0.7,51,inner,bootstrap_OOB,468,conf/sigmod/BozkayaO97,True,3,37lliRw_cOQJ,gIZvbo_lu2IJ,True,0.9999961498508838,0.9999939409431602,2.2089077236220334e-06,0.9000000000000002,True,correct,0.9000000000000002,True,correct,0.1,0.52497918747894,True,correct
DBLP,0.7,51,inner,bootstrap_OOB,469,conf/vldb/HelmerM97,True,2,vInYFLVq0uIJ,xsh0C_nCllsJ,True,0.9999961635332476,0.9999959189805736,2.445526738892312e-07,0.9000000000000002,True,correct,0.9000000000000002,True,correct,0.1,0.52497918747894,True,correct
DBLP,0.7,51,inner,bootstrap_OOB,470,conf/vldb/MalonM97,True,1,ogRpbFNQTSkJ,ogRpbFNQTSkJ,True,0.9999957614150984,2.3753958490259563e-06,0.9999933860192496,0.9000000000000002,True,correct,0.9000000000000002,True,correct,0.1,0.52497918747894,True,correct
DBLP,0.7,51,inner,bootstrap_OOB,471,conf/sigmod/NybergBCGL94,True,2,fXziEl_Htv8J,kd-0q-M1O2gJ,True,0.9999960282709052,0.9999951870427204,8.412281845560088e-07,0.9000000000000002,True,correct,0.9000000000000002,True,correct,0.1,0.52497918747894,True,correct
DBLP,0.7,51,inner,bootstrap_OOB,472,conf/sigmod/BabcockBDM03,True,4,a2wqpKma5J4J,a2wqpKma5J4J,True,0.9999960363419024,0.99999596095967,7.538223223413355e-08,0.9000000000000002,True,correct,0.9000000000000002,True,correct,0.1,0.52497918747894,True,correct
DBLP,0.7,51,inner,bootstrap_OOB,473,conf/sigmod/ChanI98,True,4,39AOIRe9qSQJ,VC7Jbwgn_O0J,True,0.9999955651766252,0.9999955202889546,4.488767058052901e-08,0.9000000000000002,True,correct,0.9000000000000002,True,correct,0.1,0.52497918747894,True,correct
DBLP,0.7,51,inner,bootstrap_OOB,474,conf/sigmod/CohenM03,True,1,bQv5hYB-JIEJ,bQv5hYB-JIEJ,True,0.9999927905644412,2.3278082868431728e-06,0.9999904627561544,0.9000000000000002,True,correct,0.9000000000000002,True,correct,0.1,0.52497918747894,True,correct
DBLP,0.7,51,inner,bootstrap_OOB,475,conf/sigmod/JagadishJOT01,True,1,OM7n6h8R8CoJ,OM7n6h8R8CoJ,True,0.9999949953649862,2.71860835047312e-06,0.9999922767566356,0.9000000000000002,True,correct,0.9000000000000002,True,correct,0.1,0.52497918747894,True,correct
DBLP,0.7,51,inner,bootstrap_OOB,476,conf/vldb/JensenL01,True,1,yUDkYbmDTXIJ,yUDkYbmDTXIJ,True,0.9999939865236837,3.408647934571996e-06,0.9999905778757492,0.9000000000000002,True,correct,0.9000000000000002,True,correct,0.1,0.52497918747894,True,correct
DBLP,0.7,51,inner,bootstrap_OOB,477,journals/sigmod/YanG95,True,1,tMXkkRDxvkQJ,tMXkkRDxvkQJ,True,0.9999959425867528,2.744606620938711e-06,0.9999931979801318,0.9000000000000002,True,correct,0.9000000000000002,True,correct,0.1,0.52497918747894,True,correct
DBLP,0.7,51,inner,bootstrap_OOB,478,conf/sigmod/BrunoCG01,True,3,8KJ9XFv1ESAJ,8KJ9XFv1ESAJ,True,0.9999958223219167,0.9999953218405524,5.004813645737016e-07,0.9000000000000002,True,correct,0.9000000000000002,True,correct,0.1,0.52497918747894,True,correct
DBLP,0.7,51,inner,bootstrap_OOB,479,conf/vldb/Kornacker99,True,1,aOmma8tnFKIJ,aOmma8tnFKIJ,True,0.9999958052750064,2.276497210973288e-06,0.9999935287777956,0.9000000000000002,True,correct,0.9000000000000002,True,correct,0.1,0.52497918747894,True,correct
DBLP,0.7,51,inner,bootstrap_OOB,480,journals/sigmod/KarlapalemLS95,True,1,B_m0Yp4aycUJ,B_m0Yp4aycUJ,True,0.9999940653387388,3.064870177049585e-06,0.9999910004685616,0.9000000000000002,True,correct,0.9000000000000002,True,correct,0.1,0.52497918747894,True,correct
DBLP,0.7,51,inner,bootstrap_OOB,481,conf/vldb/ManolopoulosT01,True,2,BqSvyuGWls8J,hr5OGCJqc2MJ,True,0.9999961027239704,0.028393973033727,0.9716021296902434,0.9000000000000002,True,correct,0.9000000000000002,True,correct,0.1,0.52497918747894,True,correct
DBLP,0.7,51,inner,bootstrap_OOB,482,conf/sigmod/Pirahesh94,True,1,VG96hL8afvgJ,VG96hL8afvgJ,True,0.9999941532051656,2.914382710344433e-06,0.9999912388224552,0.9000000000000002,True,correct,0.9000000000000002,True,correct,0.1,0.52497918747894,True,correct
DBLP,0.7,51,inner,bootstrap_OOB,483,conf/vldb/AlonsoHST97,True,1,iRJV85kKVgwJ,iRJV85kKVgwJ,True,0.9999959851578,2.7969726125201755e-06,0.9999931881851876,0.9000000000000002,True,correct,0.9000000000000002,True,correct,0.1,0.52497918747894,True,correct
DBLP,0.7,51,inner,bootstrap_OOB,484,journals/vldb/MehtaGPN98,True,3,7Zf8Y2idDb0J,7Zf8Y2idDb0J,True,0.9999958830367514,0.9999820798585554,1.3803178195992416e-05,0.9000000000000002,True,correct,0.9000000000000002,True,correct,0.1,0.52497918747894,True,correct
DBLP,0.7,51,inner,bootstrap_OOB,485,conf/sigmod/Brown99,True,1,itP4yy9sLUUJ,itP4yy9sLUUJ,True,0.9999946327526432,3.069761129116427e-06,0.999991562991514,0.9000000000000002,True,correct,0.9000000000000002,True,correct,0.1,0.52497918747894,True,correct
DBLP,0.7,51,inner,bootstrap_OOB,486,conf/vldb/NetzCBF00,True,1,mRIRFxOC8A8J,mRIRFxOC8A8J,True,0.9999959346892986,0.98039626877218,0.0195996659171185,0.9000000000000002,True,correct,0.9000000000000002,True,correct,0.1,0.52497918747894,True,correct
DBLP,0.7,51,inner,bootstrap_OOB,487,conf/sigmod/HsiaoCY94,True,2,LEi_Rzm1iH0J,LEi_Rzm1iH0J,True,0.999996035918517,0.999995311424944,7.244935730232882e-07,0.9000000000000002,True,correct,0.9000000000000002,True,correct,0.1,0.52497918747894,True,correct
DBLP,0.7,51,inner,bootstrap_OOB,488,conf/sigmod/BaruGLMPVC99,True,7,3SHIgRrrL5QJ,mXKKjAJUm-oJ,True,0.9999958924371668,0.9999952159914708,6.764456957908394e-07,0.9000000000000002,True,correct,0.9000000000000002,True,correct,0.1,0.52497918747894,True,correct
DBLP,0.7,51,inner,bootstrap_OOB,489,conf/sigmod/BrinkhoffKSS94a,True,1,yp82ArYEGxIJ,yp82ArYEGxIJ,True,0.9999945531474662,3.703998363918676e-06,0.9999908491491024,0.9000000000000002,True,correct,0.9000000000000002,True,correct,0.1,0.52497918747894,True,correct
DBLP,0.7,51,inner,bootstrap_OOB,490,conf/vldb/MuthOPW98,True,1,cy0zVqmNba4J,cy0zVqmNba4J,True,0.999996074067304,0.999935536094507,6.053797279692574e-05,0.9000000000000002,True,correct,0.9000000000000002,True,correct,0.1,0.52497918747894,True,correct
DBLP,0.7,51,inner,bootstrap_OOB,491,journals/sigmod/Alonso94,False,0,,uzEcNW5U3V4J,False,7.868796582870215e-05,1.768237491431892e-05,6.100559091438322e-05,0.9000000000000002,False,unmatched_abstention,0.9000000000000002,False,unmatched_abstention,0.1,0.52497918747894,False,unmatched_abstention
DBLP,0.7,51,inner,bootstrap_OOB,492,conf/vldb/GhoshPSH02,True,1,2dlOojuSNeIJ,2dlOojuSNeIJ,True,0.999995507929648,2.278604086335715e-06,0.9999932293255618,0.9000000000000002,True,correct,0.9000000000000002,True,correct,0.1,0.52497918747894,True,correct
DBLP,0.7,51,inner,bootstrap_OOB,493,journals/sigmod/Colliat96,True,3,3FAQV305QD0J,FP-ribG9oVsJ,True,0.9999956492983112,0.9999916952069874,3.9540913236990605e-06,0.9000000000000002,True,correct,0.9000000000000002,True,correct,0.1,0.52497918747894,True,correct
DBLP,0.7,51,inner,bootstrap_OOB,494,conf/vldb/OlstonW00,True,5,1uei4ivV-PgJ,R_hYW6eIUuYJ,True,0.999995883225206,0.999994837919633,1.045305572988653e-06,0.9000000000000002,True,correct,0.9000000000000002,True,correct,0.1,0.52497918747894,True,correct
DBLP,0.7,51,inner,bootstrap_OOB,495,journals/sigmod/BohmR94,True,2,GXApzwcGl78J,GXApzwcGl78J,True,0.999995409133354,0.9191297006461708,0.0808657084871832,0.9000000000000002,True,correct,0.9000000000000002,True,correct,0.1,0.52497918747894,True,correct
DBLP,0.7,51,inner,bootstrap_OOB,496,journals/sigmod/Winslett03b,False,0,,nPkMLSiC3JQJ,False,3.973123220801326e-06,2.907303943312609e-06,1.0658192774887172e-06,0.9000000000000002,False,unmatched_abstention,0.9000000000000002,False,unmatched_abstention,0.1,0.52497918747894,False,unmatched_abstention
DBLP,0.7,51,inner,bootstrap_OOB,497,conf/vldb/Jacobs97,True,1,U-98tPsJi6EJ,U-98tPsJi6EJ,True,0.9999957172722236,2.50456678746432e-06,0.9999932127054364,0.9000000000000002,True,correct,0.9000000000000002,True,correct,0.1,0.52497918747894,True,correct
DBLP,0.7,51,inner,bootstrap_OOB,498,conf/vldb/IshikawaSF98,True,4,9MDCp_a1roUJ,D1HCBThHOkcJ,True,0.9999960965344428,0.9999958761365224,2.2039792024752813e-07,0.9000000000000002,True,correct,0.9000000000000002,True,correct,0.1,0.52497918747894,True,correct
DBLP,0.7,51,inner,bootstrap_OOB,499,conf/sigmod/AggarwalPWYP99,True,2,5uimonC4q_QJ,G3dX_RTA26MJ,True,0.9999958880670974,0.9999936439850432,2.24408205407034e-06,0.9000000000000002,True,correct,0.9000000000000002,True,correct,0.1,0.52497918747894,True,correct
DBLP,0.7,51,inner,bootstrap_OOB,500,conf/sigmod/FranklinJK96,True,7,0e3bs1VFPvAJ,yY5hMqazRHoJ,True,0.9999951747994902,0.9999920703750492,3.1044244410693977e-06,0.9000000000000002,True,correct,0.9000000000000002,True,correct,0.1,0.52497918747894,True,correct
DBLP,0.7,51,inner,bootstrap_OOB,501,journals/sigmod/KiyokiKH94,True,1,xT3mwY4t5kEJ,xT3mwY4t5kEJ,True,0.9999959999175696,2.347023263554161e-06,0.999993652894306,0.9000000000000002,True,correct,0.9000000000000002,True,correct,0.1,0.52497918747894,True,correct
DBLP,0.7,51,inner,bootstrap_OOB,502,conf/sigmod/Stonebraker03,True,1,_CGWFOx5yt0J,_CGWFOx5yt0J,True,0.9999946763436286,2.5272380495159646e-06,0.9999921491055792,0.9000000000000002,True,correct,0.9000000000000002,True,correct,0.1,0.52497918747894,True,correct
DBLP,0.7,51,inner,bootstrap_OOB,503,conf/vldb/BassiliadesV95,True,2,B1kJzsffXEwJ,url:http://portal.acm.org/citation.cfm%3Fid%3D673137,True,0.9999965337985376,0.9999948638864932,1.6699120441998616e-06,0.9000000000000002,True,correct,0.9000000000000002,True,correct,0.1,0.52497918747894,True,correct
DBLP,0.7,51,inner,bootstrap_OOB,504,conf/sigmod/AntonJLPZZ02,True,1,89P3EdEDuOEJ,89P3EdEDuOEJ,True,0.9999960165229932,4.5749898309793066e-05,0.9999502666246832,0.9000000000000002,True,correct,0.9000000000000002,True,correct,0.1,0.52497918747894,True,correct
DBLP,0.7,51,inner,bootstrap_OOB,505,journals/sigmod/Chamberlin03,False,0,,bTx3HtUoRr0J,False,1.2809321601153976e-05,4.100146327237496e-06,8.709175273916482e-06,0.9000000000000002,False,unmatched_abstention,0.9000000000000002,False,unmatched_abstention,0.1,0.52497918747894,False,unmatched_abstention
DBLP,0.7,51,inner,bootstrap_OOB,506,journals/sigmod/Snodgrass03b,True,1,PmIVKWJ5_V4J,PmIVKWJ5_V4J,True,0.9999945350145348,3.257611959019609e-06,0.9999912774025758,0.9000000000000002,True,correct,0.9000000000000002,True,correct,0.1,0.52497918747894,True,correct
DBLP,0.7,51,inner,bootstrap_OOB,507,conf/vldb/McKennaBHT96,True,1,0tZaTV3W05wJ,0tZaTV3W05wJ,True,0.9999965213504286,2.7866183322055204e-06,0.9999937347320964,0.9000000000000002,True,correct,0.9000000000000002,True,correct,0.1,0.52497918747894,True,correct
DBLP,0.7,51,inner,bootstrap_OOB,508,conf/vldb/ChakrabartiBD99,True,2,dQooUB7__ZsJ,zmBMRUNv8sQJ,True,0.9999960083507328,0.999970867620506,2.5140730226858032e-05,0.9000000000000002,True,correct,0.9000000000000002,True,correct,0.1,0.52497918747894,True,correct
DBLP,0.7,51,inner,bootstrap_OOB,509,journals/sigmod/JukicV97,True,1,yZbJS0Cd6cAJ,yZbJS0Cd6cAJ,True,0.9999957119020764,2.439207808724363e-06,0.9999932726942676,0.9000000000000002,True,correct,0.9000000000000002,True,correct,0.1,0.52497918747894,True,correct
DBLP,0.7,51,inner,bootstrap_OOB,510,journals/vldb/OzsuC98,False,0,,url:http://portal.acm.org/citation.cfm%3Fid%3D170105,False,3.272346040252717e-06,2.520029931469446e-06,7.523161087832717e-07,0.9000000000000002,False,unmatched_abstention,0.9000000000000002,False,unmatched_abstention,0.1,0.52497918747894,False,unmatched_abstention
DBLP,0.7,51,inner,bootstrap_OOB,511,conf/vldb/MorimotoIM97,True,3,3enylshvOl8J,3enylshvOl8J,True,0.9999947641294158,0.9999924119911684,2.3521382473967734e-06,0.9000000000000002,True,correct,0.9000000000000002,True,correct,0.1,0.52497918747894,True,correct
DBLP,0.7,51,inner,bootstrap_OOB,512,conf/vldb/JohnsonM98,True,4,cTZLUZ5_cfkJ,eFynrwKK_T0J,True,0.9999952206245882,0.9999712020703092,2.4018554278915083e-05,0.9000000000000002,True,correct,0.9000000000000002,True,correct,0.1,0.52497918747894,True,correct
DBLP,0.7,51,inner,bootstrap_OOB,513,conf/vldb/Gawlick96,True,1,Y5OJk6_D-ZUJ,Y5OJk6_D-ZUJ,True,0.9999957726053138,2.377181614657565e-06,0.9999933954236992,0.9000000000000002,True,correct,0.9000000000000002,True,correct,0.1,0.52497918747894,True,correct
DBLP,0.7,51,inner,bootstrap_OOB,514,conf/vldb/LakshmananSS96,True,9,0VHtbuWJCQUJ,0VHtbuWJCQUJ,True,0.9999964110703886,0.9999963983876208,1.2682767835947573e-08,0.9000000000000002,True,correct,0.9000000000000002,True,correct,0.1,0.52497918747894,True,correct
DBLP,0.7,51,inner,bootstrap_OOB,515,conf/vldb/OuzzaniAB94,True,3,CgoUJ7DogcwJ,CgoUJ7DogcwJ,True,0.9999963575556846,0.9999962613217278,9.623395680335989e-08,0.9000000000000002,True,correct,0.9000000000000002,True,correct,0.1,0.52497918747894,True,correct
DBLP,0.7,51,inner,bootstrap_OOB,516,journals/sigmod/BilirisP96,True,1,fu9j50Kk4Y4J,fu9j50Kk4Y4J,True,0.9999956220656494,2.700072089618528e-06,0.9999929219935598,0.9000000000000002,True,correct,0.9000000000000002,True,correct,0.1,0.52497918747894,True,correct
DBLP,0.7,51,inner,bootstrap_OOB,517,journals/sigmod/JacobS99,True,1,3-iiSyJLwLkJ,3-iiSyJLwLkJ,True,0.9999958068708564,0.9999827458663813,1.306100447506786e-05,0.9000000000000002,True,correct,0.9000000000000002,True,correct,0.1,0.52497918747894,True,correct
DBLP,0.7,51,inner,bootstrap_OOB,518,conf/sigmod/Faloutsos95,True,1,R0xUZUxSGmwJ,R0xUZUxSGmwJ,True,0.9999843766836648,5.385411657787523e-05,0.999930522567087,0.9000000000000002,True,correct,0.9000000000000002,True,correct,0.1,0.52497918747894,True,correct
DBLP,0.7,51,inner,bootstrap_OOB,519,journals/sigmod/RisheSBDOALOSS95,True,1,pGU2Ew1AQkoJ,pGU2Ew1AQkoJ,True,0.9999949605512072,7.995423070152745e-06,0.9999869651281368,0.9000000000000002,True,correct,0.9000000000000002,True,correct,0.1,0.52497918747894,True,correct
DBLP,0.7,51,inner,bootstrap_OOB,520,conf/vldb/MogiK95,True,1,39DBh8H18iEJ,39DBh8H18iEJ,True,0.9999956031198964,2.443391581544306e-06,0.9999931597283148,0.9000000000000002,True,correct,0.9000000000000002,True,correct,0.1,0.52497918747894,True,correct
DBLP,0.7,51,inner,bootstrap_OOB,521,conf/vldb/X00a,False,0,,NaCqw8qESpAJ,False,2.926818783640056e-05,5.957081961939353e-06,2.3311105874461207e-05,0.9000000000000002,False,unmatched_abstention,0.9000000000000002,False,unmatched_abstention,0.1,0.52497918747894,False,unmatched_abstention
DBLP,0.7,51,inner,bootstrap_OOB,522,conf/sigmod/GetoorTK01,True,2,99N4rXNdaqMJ,99N4rXNdaqMJ,True,0.9999948078221228,0.9999862284784456,8.579343677261875e-06,0.9000000000000002,True,correct,0.9000000000000002,True,correct,0.1,0.52497918747894,True,correct
DBLP,0.7,51,inner,bootstrap_OOB,523,journals/vldb/WidomS00,True,1,url:http://www.springerlink.com/index/JWGUMV8YDL893E3V.pdf,url:http://www.springerlink.com/index/JWGUMV8YDL893E3V.pdf,True,0.8814942134893078,0.0057610794421555,0.8757331340471523,0.9000000000000002,False,missing_match,0.9000000000000002,False,missing_match,0.1,0.52497918747894,True,correct
DBLP,0.7,51,inner,bootstrap_OOB,524,journals/vldb/OzsuPSILM95,True,5,2Y6WYH71fO0J,gld2wLKYWpsJ,True,0.99999516623283,0.9999950105336723,1.556991575668576e-07,0.9000000000000002,True,correct,0.9000000000000002,True,correct,0.1,0.52497918747894,True,correct
DBLP,0.7,51,inner,bootstrap_OOB,525,journals/sigmod/JukicNV03,True,1,eR43Urfx-hcJ,eR43Urfx-hcJ,True,0.9999956936736514,2.272889646262524e-06,0.9999934207840052,0.9000000000000002,True,correct,0.9000000000000002,True,correct,0.1,0.52497918747894,True,correct
DBLP,0.7,51,inner,bootstrap_OOB,526,journals/sigmod/SegevJS95,True,1,2kiNfwTpqp4J,2kiNfwTpqp4J,True,0.9999955731291388,5.264228355153355e-05,0.9999429308455874,0.9000000000000002,True,correct,0.9000000000000002,True,correct,0.1,0.52497918747894,True,correct
DBLP,0.7,51,inner,bootstrap_OOB,527,conf/sigmod/Weininger02,True,1,iXkSngvyu08J,iXkSngvyu08J,True,0.999994503119493,2.352652589590557e-06,0.9999921504669034,0.9000000000000002,True,correct,0.9000000000000002,True,correct,0.1,0.52497918747894,True,correct
DBLP,0.7,51,inner,bootstrap_OOB,528,journals/vldb/ManegoldBK00,True,5,6GAoBRINv7kJ,xWYu2JWiF_kJ,True,0.9999959391957116,0.9999952512330365,6.879626751610246e-07,0.9000000000000002,True,correct,0.9000000000000002,True,correct,0.1,0.52497918747894,True,correct
DBLP,0.7,51,inner,bootstrap_OOB,529,conf/sigmod/ChenR94,True,4,4Hhh-d__bksJ,4Hhh-d__bksJ,True,0.9999956461313696,0.9999920845188952,3.5616124742787747e-06,0.9000000000000002,True,correct,0.9000000000000002,True,correct,0.1,0.52497918747894,True,correct
DBLP,0.7,51,inner,bootstrap_OOB,530,journals/sigmod/BawaCCDGGKMSSVY03,True,1,7gJjI63FlyYJ,7gJjI63FlyYJ,True,0.9999897120956788,3.562158671090424e-06,0.9999861499370076,0.9000000000000002,True,correct,0.9000000000000002,True,correct,0.1,0.52497918747894,True,correct
DBLP,0.7,51,inner,bootstrap_OOB,531,conf/vldb/JarkeKL00,True,2,6c3XQZ-_HDUJ,6c3XQZ-_HDUJ,True,0.9999950424734114,0.9999927036622838,2.33881112765566e-06,0.9000000000000002,True,correct,0.9000000000000002,True,correct,0.1,0.52497918747894,True,correct
DBLP,0.7,51,inner,bootstrap_OOB,532,conf/vldb/Schnase00,True,1,OdaRU442nm0J,OdaRU442nm0J,True,0.999995086463494,0.935046910525464,0.0649481759380299,0.9000000000000002,True,correct,0.9000000000000002,True,correct,0.1,0.52497918747894,True,correct
DBLP,0.7,51,inner,bootstrap_OOB,533,journals/sigmod/BernsteinHP00,True,3,FFzJxlpy6TsJ,FFzJxlpy6TsJ,True,0.999996044679414,0.9999933158499132,2.728829500919794e-06,0.9000000000000002,True,correct,0.9000000000000002,True,correct,0.1,0.52497918747894,True,correct
DBLP,0.7,51,inner,bootstrap_OOB,534,conf/sigmod/Gerber95,True,2,Cha3zvFBfDsJ,Cha3zvFBfDsJ,True,0.9996508779097376,0.0048205560641671,0.9948303218455706,0.9000000000000002,True,correct,0.9000000000000002,True,correct,0.1,0.52497918747894,True,correct
DBLP,0.7,51,inner,bootstrap_OOB,535,journals/sigmod/DongS00,True,1,gH_HDDJghbAJ,gH_HDDJghbAJ,True,0.999994392014367,2.7043422085369307e-06,0.9999916876721584,0.9000000000000002,True,correct,0.9000000000000002,True,correct,0.1,0.52497918747894,True,correct
DBLP,0.7,51,inner,bootstrap_OOB,536,journals/sigmod/Rosneblatt94,True,1,D1RdxKP6_6YJ,D1RdxKP6_6YJ,True,0.999913051960674,2.34721128749166e-06,0.9999107047493864,0.9000000000000002,True,correct,0.9000000000000002,True,correct,0.1,0.52497918747894,True,correct
DBLP,0.7,51,inner,bootstrap_OOB,537,conf/vldb/Pound99,True,1,zWp_JdEQ8MgJ,zWp_JdEQ8MgJ,True,0.9999963375759848,2.350739526627596e-06,0.999993986836458,0.9000000000000002,True,correct,0.9000000000000002,True,correct,0.1,0.52497918747894,True,correct
DBLP,0.7,51,inner,bootstrap_OOB,538,conf/sigmod/WangCMSSZ94,True,4,_Xj-7At79joJ,ZM65itnp_E4J,True,0.9999960808718208,0.9999940232575272,2.0576142937267505e-06,0.9000000000000002,True,correct,0.9000000000000002,True,correct,0.1,0.52497918747894,True,correct
DBLP,0.7,51,inner,bootstrap_OOB,539,conf/vldb/Cabrera03,True,1,url:http://wwwdb.informatik.uni-rostock.de/vldb2003/papers/S31P01.pdf,url:http://wwwdb.informatik.uni-rostock.de/vldb2003/papers/S31P01.pdf,True,0.999994879155789,1.4961349723248527e-05,0.9999799178060658,0.9000000000000002,True,correct,0.9000000000000002,True,correct,0.1,0.52497918747894,True,correct
DBLP,0.7,51,inner,bootstrap_OOB,540,journals/sigmod/BargaL02,True,2,fY3kkkzBLw8J,QTzV3iNq2O8J,True,0.9999956739281284,0.9999951262766524,5.47651476057176e-07,0.9000000000000002,True,correct,0.9000000000000002,True,correct,0.1,0.52497918747894,True,correct
DBLP,0.7,51,inner,bootstrap_OOB,541,journals/sigmod/PourabbasR02,True,1,QyNfyYDySawJ,QyNfyYDySawJ,True,0.9999964055385374,3.067659872467328e-06,0.999993337878665,0.9000000000000002,True,correct,0.9000000000000002,True,correct,0.1,0.52497918747894,True,correct
DBLP,0.7,51,inner,bootstrap_OOB,542,conf/vldb/Vaskevitch95,True,1,s6Ax0WdZp6IJ,s6Ax0WdZp6IJ,True,0.999992500386334,2.946175696037012e-06,0.999989554210638,0.9000000000000002,True,correct,0.9000000000000002,True,correct,0.1,0.52497918747894,True,correct
DBLP,0.7,51,inner,bootstrap_OOB,543,conf/vldb/MoserKK95,True,4,53hNU_r6-jgJ,53hNU_r6-jgJ,True,0.999996167000152,0.999994025554118,2.1414460342761288e-06,0.9000000000000002,True,correct,0.9000000000000002,True,correct,0.1,0.52497918747894,True,correct
DBLP,0.7,51,inner,bootstrap_OOB,544,journals/vldb/HelmerM03,True,2,fz4PKDuWGmoJ,fz4PKDuWGmoJ,True,0.9999963646073936,0.9999907410486994,5.623558694267672e-06,0.9000000000000002,True,correct,0.9000000000000002,True,correct,0.1,0.52497918747894,True,correct
DBLP,0.7,51,inner,bootstrap_OOB,545,conf/vldb/BamfordAP99,True,1,2y9m1qzVu4EJ,2y9m1qzVu4EJ,True,0.9999962801355574,2.433380660152628e-06,0.9999938467548972,0.9000000000000002,True,correct,0.9000000000000002,True,correct,0.1,0.52497918747894,True,correct
DBLP,0.7,51,inner,bootstrap_OOB,546,conf/vldb/YuV00,True,2,43N2r_SuYccJ,43N2r_SuYccJ,True,0.9999962178323004,0.9998866118666142,0.0001096059656862,0.9000000000000002,True,correct,0.9000000000000002,True,correct,0.1,0.52497918747894,True,correct
DBLP,0.7,51,inner,bootstrap_OOB,547,conf/sigmod/Chamberlin03,True,2,_F5D4QMbZ0sJ,lEqiau26hxoJ,True,0.9999953326202876,0.999995183736806,1.488834817653384e-07,0.9000000000000002,True,correct,0.9000000000000002,True,correct,0.1,0.52497918747894,True,correct
DBLP,0.7,51,inner,bootstrap_OOB,548,journals/sigmod/RamamrithamSSTX96,True,1,kezAM71rts0J,kezAM71rts0J,True,0.9999955557308816,3.650519167794222e-06,0.9999919052117138,0.9000000000000002,True,correct,0.9000000000000002,True,correct,0.1,0.52497918747894,True,correct
DBLP,0.7,51,inner,bootstrap_OOB,549,conf/sigmod/GangulyGMS96,True,2,05ZgvGyhSC0J,05ZgvGyhSC0J,True,0.9999962793763092,0.9999756216304068,2.065774590231939e-05,0.9000000000000002,True,correct,0.9000000000000002,True,correct,0.1,0.52497918747894,True,correct
DBLP,0.7,51,inner,bootstrap_OOB,550,journals/vldb/LeeSC01,True,1,Hz_TU6kUj08J,Hz_TU6kUj08J,True,0.9999963936411024,2.6589949125208537e-06,0.9999937346461898,0.9000000000000002,True,correct,0.9000000000000002,True,correct,0.1,0.52497918747894,True,correct
DBLP,0.7,51,inner,bootstrap_OOB,551,conf/vldb/GoldmanW97,True,8,_lvdMphdfvEJ,3zf3WSt0B6UJ,True,0.999996390840442,0.9999960136157552,3.772246865985096e-07,0.9000000000000002,True,correct,0.9000000000000002,True,correct,0.1,0.52497918747894,True,correct
DBLP,0.7,51,inner,bootstrap_OOB,552,journals/sigmod/CfP99,False,0,,xKi8Vm3o9KsJ,False,7.314884186659322e-06,2.5271103144799478e-06,4.787773872179375e-06,0.9000000000000002,False,unmatched_abstention,0.9000000000000002,False,unmatched_abstention,0.1,0.52497918747894,False,unmatched_abstention
DBLP,0.7,51,inner,bootstrap_OOB,553,conf/sigmod/AgrawalCD02,True,1,iABZEL2Zoz8J,iABZEL2Zoz8J,True,0.9999959918526758,0.0001020564628877,0.999893935389788,0.9000000000000002,True,correct,0.9000000000000002,True,correct,0.1,0.52497918747894,True,correct
DBLP,0.7,51,inner,bootstrap_OOB,554,journals/tods/LeveneL99,True,1,iwPgaJ1eQrkJ,iwPgaJ1eQrkJ,True,0.9999954722403795,2.326991482762746e-06,0.9999931452488968,0.9000000000000002,True,correct,0.9000000000000002,True,correct,0.1,0.52497918747894,True,correct
DBLP,0.7,51,inner,bootstrap_OOB,555,conf/vldb/RothOH99,True,2,c-Kalb26vykJ,c-Kalb26vykJ,True,0.9999959778495652,0.9998883605420694,0.0001076173074958,0.9000000000000002,True,correct,0.9000000000000002,True,correct,0.1,0.52497918747894,True,correct
DBLP,0.7,51,inner,bootstrap_OOB,556,conf/sigmod/AltinelLKMPLWB02,True,2,HtYTQ-fN8ccJ,HtYTQ-fN8ccJ,True,0.999995755833173,0.9999875334852126,8.222347960384901e-06,0.9000000000000002,True,correct,0.9000000000000002,True,correct,0.1,0.52497918747894,True,correct
DBLP,0.7,51,inner,bootstrap_OOB,557,conf/vldb/ChangG97,True,6,0NK87fQBfPUJ,2SYiXa0vGN4J,True,0.9999955165235944,0.9999936914264838,1.8250971107747205e-06,0.9000000000000002,True,correct,0.9000000000000002,True,correct,0.1,0.52497918747894,True,correct
DBLP,0.7,51,inner,bootstrap_OOB,558,conf/sigmod/LahiriJJC98,True,1,qtwJ7XWG9JIJ,qtwJ7XWG9JIJ,True,0.999996494398129,9.186249923842772e-06,0.9999873081482052,0.9000000000000002,True,correct,0.9000000000000002,True,correct,0.1,0.52497918747894,True,correct
DBLP,0.7,51,inner,bootstrap_OOB,559,journals/sigmod/MaximilienS02,True,3,hgjhR8PwNVwJ,hgjhR8PwNVwJ,True,0.9999958252970004,0.999992566245554,3.25905144638039e-06,0.9000000000000002,True,correct,0.9000000000000002,True,correct,0.1,0.52497918747894,True,correct
DBLP,0.7,51,inner,bootstrap_OOB,560,conf/vldb/HumborstadSHT97,True,1,TjJZGlCajbMJ,TjJZGlCajbMJ,True,0.9999958247156914,2.2493831288186194e-06,0.9999935753325624,0.9000000000000002,True,correct,0.9000000000000002,True,correct,0.1,0.52497918747894,True,correct
DBLP,0.7,51,inner,bootstrap_OOB,561,journals/vldb/FiebigHKMNSW02,True,1,w_FOwUavk0kJ,w_FOwUavk0kJ,True,0.9999953267945648,2.5501169625895034e-06,0.999992776677602,0.9000000000000002,True,correct,0.9000000000000002,True,correct,0.1,0.52497918747894,True,correct
DBLP,0.7,51,inner,bootstrap_OOB,562,conf/sigmod/GatziuGD95,True,3,jC39CJrWKr8J,jC39CJrWKr8J,True,0.9999926101190332,0.9999899744870504,2.635631982550457e-06,0.9000000000000002,True,correct,0.9000000000000002,True,correct,0.1,0.52497918747894,True,correct
DBLP,0.7,51,inner,bootstrap_OOB,563,conf/vldb/ChaudhuriGN03,True,1,sAYCyUcugbYJ,sAYCyUcugbYJ,True,0.9999957207383992,2.695829280551888e-06,0.9999930249091188,0.9000000000000002,True,correct,0.9000000000000002,True,correct,0.1,0.52497918747894,True,correct
DBLP,0.7,51,inner,bootstrap_OOB,564,conf/vldb/SeegerBBKSDS01,True,2,2ceEvQZ0HGYJ,WYGjQDmRwt8J,True,0.9999962691504188,0.9999829177932168,1.335135720181846e-05,0.9000000000000002,True,correct,0.9000000000000002,True,correct,0.1,0.52497918747894,True,correct
DBLP,0.7,51,inner,bootstrap_OOB,565,conf/vldb/KemperK94,True,3,jQYEiVS0CIgJ,qUfWV4VVxegJ,True,0.9999959336734064,0.9999939108502433,2.022823163194687e-06,0.9000000000000002,True,correct,0.9000000000000002,True,correct,0.1,0.52497918747894,True,correct
DBLP,0.7,51,inner,bootstrap_OOB,566,journals/sigmod/PalpanasPKG03,True,2,KQ6elbYA84QJ,KQ6elbYA84QJ,True,0.9999956154472852,0.9999947967781824,8.186691027312065e-07,0.9000000000000002,True,correct,0.9000000000000002,True,correct,0.1,0.52497918747894,True,correct
DBLP,0.7,51,inner,bootstrap_OOB,567,journals/sigmod/Qian95a,True,1,url:http://portal.acm.org/ft_gateway.cfm%3Fid%3D212022%26type%3Dpdf%26dl%3DGUIDE%26dl%3DACM%26CFID%3D11111111%26CFTOKEN%3D2222222,url:http://portal.acm.org/ft_gateway.cfm%3Fid%3D212022%26type%3Dpdf%26dl%3DGUIDE%26dl%3DACM%26CFID%3D11111111%26CFTOKEN%3D2222222,True,0.9999958488908852,1.6057383682950746e-05,0.9999797915072024,0.9000000000000002,True,correct,0.9000000000000002,True,correct,0.1,0.52497918747894,True,correct
DBLP,0.7,51,inner,bootstrap_OOB,568,conf/sigmod/BargaL99,True,2,hf84fEpX5agJ,QGxyK7bJQOMJ,True,0.9999949849877902,0.999986518260274,8.46672751608768e-06,0.9000000000000002,True,correct,0.9000000000000002,True,correct,0.1,0.52497918747894,True,correct
DBLP,0.7,51,inner,bootstrap_OOB,569,conf/vldb/GotoK02,True,1,2Pc6rKYB8ykJ,2Pc6rKYB8ykJ,True,0.9999963102591308,1.029412650871463e-05,0.9999860161326222,0.9000000000000002,True,correct,0.9000000000000002,True,correct,0.1,0.52497918747894,True,correct
DBLP,0.7,51,inner,bootstrap_OOB,570,conf/sigmod/FlorescuGKR02,True,1,uam2rv99rxsJ,uam2rv99rxsJ,True,0.9999959703281976,5.735124635957384e-06,0.9999902352035616,0.9000000000000002,True,correct,0.9000000000000002,True,correct,0.1,0.52497918747894,True,correct
DBLP,0.7,51,inner,bootstrap_OOB,571,conf/sigmod/DanS95,True,3,nTu7PUukM1wJ,qYsoOX4e1noJ,True,0.9999860696540056,0.9999843175558436,1.7520981617780151e-06,0.9000000000000002,True,correct,0.9000000000000002,True,correct,0.1,0.52497918747894,True,correct
DBLP,0.7,51,inner,bootstrap_OOB,572,journals/sigmod/RiekertMW97,True,1,M-3MGd3wPcsJ,M-3MGd3wPcsJ,True,0.9999960108015064,0.0146682990941833,0.985327711707323,0.9000000000000002,True,correct,0.9000000000000002,True,correct,0.1,0.52497918747894,True,correct
DBLP,0.7,51,inner,bootstrap_OOB,573,journals/sigmod/BerraNT95,True,1,url:http://portal.acm.org/ft_gateway.cfm%3Fid%3D202670%26type%3Dpdf%26dl%3DGUIDE%26dl%3DACM%26CFID%3D11111111%26CFTOKEN%3D2222222,url:http://portal.acm.org/ft_gateway.cfm%3Fid%3D202670%26type%3Dpdf%26dl%3DGUIDE%26dl%3DACM%26CFID%3D11111111%26CFTOKEN%3D2222222,True,0.9999960533230904,3.2919166658610294e-05,0.9999631341564318,0.9000000000000002,True,correct,0.9000000000000002,True,correct,0.1,0.52497918747894,True,correct
DBLP,0.7,51,inner,bootstrap_OOB,574,conf/vldb/OzsoyogluAAOUO02,True,1,Pb3y_NGGwjwJ,Pb3y_NGGwjwJ,True,0.9999949620072052,2.8959004279542945e-06,0.9999920661067774,0.9000000000000002,True,correct,0.9000000000000002,True,correct,0.1,0.52497918747894,True,correct
DBLP,0.7,51,inner,bootstrap_OOB,575,conf/sigmod/IoannidisLANT97,True,5,bbr1Xk0-hH8J,bbr1Xk0-hH8J,True,0.9999716790368582,9.558892033045306e-06,0.9999621201448252,0.9000000000000002,True,correct,0.9000000000000002,True,correct,0.1,0.52497918747894,True,correct
DBLP,0.7,51,inner,bootstrap_OOB,576,conf/sigmod/Englert94,True,1,KOpz_NXJ3WUJ,KOpz_NXJ3WUJ,True,0.9999963006226562,2.588801024304257e-06,0.999993711821632,0.9000000000000002,True,correct,0.9000000000000002,True,correct,0.1,0.52497918747894,True,correct
DBLP,0.7,51,inner,bootstrap_OOB,577,conf/vldb/BernsteinHSSZ97,True,3,62aA4DYB0MQJ,L2c8XblCSicJ,True,0.9999947607978324,0.9999934299493408,1.3308484915208751e-06,0.9000000000000002,True,correct,0.9000000000000002,True,correct,0.1,0.52497918747894,True,correct
DBLP,0.7,51,inner,bootstrap_OOB,578,conf/sigmod/GoldsteinL01,True,2,dxvwQEOjBJQJ,xufwWHmOf6IJ,True,0.9999960638552626,0.9991898740050558,0.0008061898502068,0.9000000000000002,True,correct,0.9000000000000002,True,correct,0.1,0.52497918747894,True,correct
DBLP,0.7,51,inner,bootstrap_OOB,579,conf/vldb/HaberIL95,True,1,UM1ZozyrJnIJ,UM1ZozyrJnIJ,True,0.9999960729888704,2.2388770807672595e-06,0.9999938341117895,0.9000000000000002,True,correct,0.9000000000000002,True,correct,0.1,0.52497918747894,True,correct
DBLP,0.7,51,inner,bootstrap_OOB,580,conf/sigmod/DohertyHR96,True,1,v3IA8Go4UjIJ,v3IA8Go4UjIJ,True,0.9999959803765676,2.233850172788442e-06,0.9999937465263948,0.9000000000000002,True,correct,0.9000000000000002,True,correct,0.1,0.52497918747894,True,correct
DBLP,0.7,51,inner,bootstrap_OOB,581,journals/sigmod/Darwen96,True,1,url:http://portal.acm.org/citation.cfm%3Fid%3D245882.245886%26dl%3DGUIDE%26dl%3DACM%26idx%3DJ689%26part%3Dperiodical%26WantType%3Dperiodical%26title%3DACM%2520SIGMOD%2520Record%26CFID%3D11111111%26CFTOKEN%3D2222222,url:http://portal.acm.org/citation.cfm%3Fid%3D245882.245886%26dl%3DGUIDE%26dl%3DACM%26idx%3DJ689%26part%3Dperiodical%26WantType%3Dperiodical%26title%3DACM%2520SIGMOD%2520Record%26CFID%3D11111111%26CFTOKEN%3D2222222,True,0.9999959261587884,0.0923031917753515,0.907692734383437,0.9000000000000002,True,correct,0.9000000000000002,True,correct,0.1,0.52497918747894,True,correct
DBLP,0.7,51,inner,bootstrap_OOB,582,conf/vldb/Gupta96,False,0,,ISXHQD28NpYJ,False,2.2805258647527288e-06,2.2792213136305426e-06,1.30455112218618e-09,0.9000000000000002,False,unmatched_abstention,0.9000000000000002,False,unmatched_abstention,0.1,0.52497918747894,False,unmatched_abstention
DBLP,0.7,51,inner,bootstrap_OOB,583,conf/vldb/Huyn01,True,1,SbL4xw4mCewJ,SbL4xw4mCewJ,True,0.9999954880812124,2.3627842708897526e-06,0.9999931252969414,0.9000000000000002,True,correct,0.9000000000000002,True,correct,0.1,0.52497918747894,True,correct
DBLP,0.7,51,inner,bootstrap_OOB,584,conf/vldb/OhuraTPK02,False,0,,Oh2u3cZ3zJ0J,False,2.243376095918748e-06,2.231305841739892e-06,1.2070254178856244e-08,0.9000000000000002,False,unmatched_abstention,0.9000000000000002,False,unmatched_abstention,0.1,0.52497918747894,False,unmatched_abstention
DBLP,0.7,51,inner,bootstrap_OOB,585,conf/vldb/Kotidis01,True,1,lRL4LmMtwnYJ,lRL4LmMtwnYJ,True,0.9999963258110208,2.485033483841693e-06,0.999993840777537,0.9000000000000002,True,correct,0.9000000000000002,True,correct,0.1,0.52497918747894,True,correct
DBLP,0.7,51,inner,bootstrap_OOB,586,journals/vldb/VerykiosME03,True,1,khdP4spNnPoJ,khdP4spNnPoJ,True,0.9999964912340435,2.2912972750745795e-06,0.9999941999367684,0.9000000000000002,True,correct,0.9000000000000002,True,correct,0.1,0.52497918747894,True,correct
DBLP,0.7,51,inner,bootstrap_OOB,587,conf/vldb/GallersdorferN95,True,1,U8jfPCxfXicJ,U8jfPCxfXicJ,True,0.9999939057785948,2.428690517030442e-06,0.9999914770880778,0.9000000000000002,True,correct,0.9000000000000002,True,correct,0.1,0.52497918747894,True,correct
DBLP,0.7,51,inner,bootstrap_OOB,588,conf/sigmod/Gettys95,False,0,,N8syKKPN6IoJ,False,2.3190293780426847e-06,2.316949201956791e-06,2.080176085893832e-09,0.9000000000000002,False,unmatched_abstention,0.9000000000000002,False,unmatched_abstention,0.1,0.52497918747894,False,unmatched_abstention
DBLP,0.7,51,inner,bootstrap_OOB,589,journals/tods/ChaudhuriS99,True,5,31oH64SXpRcJ,QCFUIVkspywJ,True,0.9999947591787272,0.9999914731760688,3.2860026583092505e-06,0.9000000000000002,True,correct,0.9000000000000002,True,correct,0.1,0.52497918747894,True,correct
DBLP,0.7,51,inner,bootstrap_OOB,590,journals/tods/FegarasM00,True,1,eCQjRu0EiagJ,eCQjRu0EiagJ,True,0.9999952008844926,3.216372928946541e-06,0.9999919845115636,0.9000000000000002,True,correct,0.9000000000000002,True,correct,0.1,0.52497918747894,True,correct
DBLP,0.7,51,inner,bootstrap_OOB,591,conf/vldb/GardarinGT96,True,3,4NKqwzC5A_wJ,4NKqwzC5A_wJ,True,0.999995580363564,0.9999930110743288,2.569289235365701e-06,0.9000000000000002,True,correct,0.9000000000000002,True,correct,0.1,0.52497918747894,True,correct
DBLP,0.7,51,inner,bootstrap_OOB,592,conf/vldb/BaralisPT97,True,4,Cp7_R7yjRjQJ,UUiSb7q5PHgJ,True,0.9999945680352836,0.9999855073892218,9.06064606176482e-06,0.9000000000000002,True,correct,0.9000000000000002,True,correct,0.1,0.52497918747894,True,correct
DBLP,0.7,51,inner,bootstrap_OOB,593,conf/sigmod/MarklL02,True,2,5fSqMJg7FV4J,b7IXEwTLIHAJ,True,0.9999950314500292,0.9923817609511784,0.0076132704988506,0.9000000000000002,True,correct,0.9000000000000002,True,correct,0.1,0.52497918747894,True,correct
DBLP,0.7,51,inner,bootstrap_OOB,594,conf/vldb/Guting94,True,4,_0wERrIJ168J,584tvD8f6AAJ,True,0.9999949534526026,0.9999475503856788,4.740306692374574e-05,0.9000000000000002,True,correct,0.9000000000000002,True,correct,0.1,0.52497918747894,True,correct
DBLP,0.7,51,inner,bootstrap_OOB,595,conf/sigmod/GeorgeH97,True,3,Ah9B3bWU0jEJ,Ah9B3bWU0jEJ,True,0.9999959245850182,0.9999910529687728,4.871616245516464e-06,0.9000000000000002,True,correct,0.9000000000000002,True,correct,0.1,0.52497918747894,True,correct
DBLP,0.7,51,inner,bootstrap_OOB,596,conf/vldb/LuL00,True,2,Ih5hY-NRmFgJ,Ih5hY-NRmFgJ,True,0.9999964045134392,0.999986928682141,9.475831298177972e-06,0.9000000000000002,True,correct,0.9000000000000002,True,correct,0.1,0.52497918747894,True,correct
DBLP,0.7,51,inner,bootstrap_OOB,597,journals/sigmod/DarwenD95,True,5,5Sg1yO3UqawJ,DVnOcHunv7MJ,True,0.999995862467079,0.9999943609037042,1.5015633748616253e-06,0.9000000000000002,True,correct,0.9000000000000002,True,correct,0.1,0.52497918747894,True,correct
DBLP,0.7,51,inner,bootstrap_OOB,598,conf/sigmod/ZaianeHLCC98,True,6,eauaGLr5uCUJ,eauaGLr5uCUJ,True,0.9999954295252352,0.9999952955337152,1.3399152010151738e-07,0.9000000000000002,True,correct,0.9000000000000002,True,correct,0.1,0.52497918747894,True,correct
DBLP,0.7,51,inner,bootstrap_OOB,599,conf/vldb/WangZL03,True,1,tbuNzuDUSFYJ,tbuNzuDUSFYJ,True,0.9999960236964937,3.229531149281737e-06,0.9999927941653444,0.9000000000000002,True,correct,0.9000000000000002,True,correct,0.1,0.52497918747894,True,correct
DBLP,0.7,51,inner,bootstrap_OOB,600,journals/tods/ChakrabartiKMP02,True,4,_nOW6fmEcTEJ,eHY42LnL_lsJ,True,0.9999959161968824,0.9999958684604148,4.773646766764728e-08,0.9000000000000002,True,correct,0.9000000000000002,True,correct,0.1,0.52497918747894,True,correct
DBLP,0.7,51,inner,bootstrap_OOB,601,journals/vldb/RamakrishnanSSS94,True,3,K9jUyjxRaCwJ,rgA2DgNVPBUJ,True,0.9999951797161448,0.0079712014309459,0.992023978285199,0.9000000000000002,True,correct,0.9000000000000002,True,correct,0.1,0.52497918747894,True,correct
DBLP,0.7,51,inner,bootstrap_OOB,602,conf/vldb/ManegoldBK00,True,3,-7hYJxFD-AsJ,JgdpgBpMDr4J,True,0.999994848571668,0.9999946859508014,1.6262086655061125e-07,0.9000000000000002,True,correct,0.9000000000000002,True,correct,0.1,0.52497918747894,True,correct
DBLP,0.7,51,inner,bootstrap_OOB,603,conf/vldb/JagadishKNS99,True,2,GtXc02EJjCgJ,W8O7pgTYGTYJ,True,0.9999955248450374,0.9999921121291808,3.412715856687676e-06,0.9000000000000002,True,correct,0.9000000000000002,True,correct,0.1,0.52497918747894,True,correct
DBLP,0.7,51,inner,bootstrap_OOB,604,conf/vldb/Rengarajan96,False,0,,QDZuJrElFzIJ,False,5.162129596527964e-06,2.29736251419166e-06,2.8647670823363037e-06,0.9000000000000002,False,unmatched_abstention,0.9000000000000002,False,unmatched_abstention,0.1,0.52497918747894,False,unmatched_abstention
DBLP,0.7,51,inner,bootstrap_OOB,605,conf/sigmod/Keim96,True,2,AF9vuEJOr6cJ,AF9vuEJOr6cJ,True,0.999995711190456,0.9999843365829104,1.1374607545744375e-05,0.9000000000000002,True,correct,0.9000000000000002,True,correct,0.1,0.52497918747894,True,correct
DBLP,0.7,51,inner,bootstrap_OOB,606,conf/vldb/JohnsonS94,True,2,1TMemq4kM3YJ,1TMemq4kM3YJ,True,0.999991398313789,0.9604948609616448,0.0394965373521442,0.9000000000000002,True,correct,0.9000000000000002,True,correct,0.1,0.52497918747894,True,correct
DBLP,0.7,51,inner,bootstrap_OOB,607,conf/vldb/Taylor00,True,1,Af_4cNCu3MwJ,Af_4cNCu3MwJ,True,0.9999935827187254,3.14257616951332e-06,0.999990440142556,0.9000000000000002,True,correct,0.9000000000000002,True,correct,0.1,0.52497918747894,True,correct
DBLP,0.7,51,inner,bootstrap_OOB,608,journals/vldb/HuangDT99,False,0,,zODPED9-QZEJ,False,0.9999957019614328,2.3205625189923733e-06,0.9999933813989136,0.9000000000000002,True,false_link,0.9000000000000002,True,false_link,0.1,0.52497918747894,True,false_link
DBLP,0.7,51,inner,bootstrap_OOB,609,journals/sigmod/McHughAGQW97,True,7,0VMP__pyg_4J,FUXcNB3HHi4J,True,0.9999961035564262,0.9999958649443264,2.386120998565389e-07,0.9000000000000002,True,correct,0.9000000000000002,True,correct,0.1,0.52497918747894,True,correct
DBLP,0.7,51,inner,bootstrap_OOB,610,conf/vldb/RezendeS98,True,1,niRuvMkp4r4J,niRuvMkp4r4J,True,0.9999956224789652,4.608078776511644e-06,0.9999910144001888,0.9000000000000002,True,correct,0.9000000000000002,True,correct,0.1,0.52497918747894,True,correct
DBLP,0.7,51,inner,bootstrap_OOB,611,journals/sigmod/BichlerSZ98,True,2,fQNdA5cjapAJ,fQNdA5cjapAJ,True,0.9999960346632164,0.9999926815292878,3.353133928518659e-06,0.9000000000000002,True,correct,0.9000000000000002,True,correct,0.1,0.52497918747894,True,correct
DBLP,0.7,51,inner,bootstrap_OOB,612,conf/vldb/Selinger02,True,1,76u3c8hIWqoJ,76u3c8hIWqoJ,True,0.9999959240175348,3.4687841101493483e-06,0.9999924552334246,0.9000000000000002,True,correct,0.9000000000000002,True,correct,0.1,0.52497918747894,True,correct
DBLP,0.7,51,inner,bootstrap_OOB,613,journals/tods/Kuo96,True,2,p--jtVlva8AJ,p--jtVlva8AJ,True,0.9999958317496614,0.9999928721095817,2.959640079791548e-06,0.9000000000000002,True,correct,0.9000000000000002,True,correct,0.1,0.52497918747894,True,correct
DBLP,0.7,51,inner,bootstrap_OOB,614,journals/sigmod/RossCGJBV99,False,0,,url:http://portal.acm.org/ft_gateway.cfm%3Fid%3D290599%26type%3Dpdf%26dl%3DGUIDE%26dl%3DACM%26CFID%3D11111111%26CFTOKEN%3D2222222,False,0.9999670303144648,0.999833852570344,0.0001331777441208,0.9000000000000002,True,false_link,0.9000000000000002,True,false_link,0.1,0.52497918747894,True,false_link
DBLP,0.7,51,inner,bootstrap_OOB,615,conf/sigmod/LeflerSW96,True,1,4b12cZc8QK4J,4b12cZc8QK4J,True,0.9999966576062096,3.2348915581487752e-06,0.9999934227146512,0.9000000000000002,True,correct,0.9000000000000002,True,correct,0.1,0.52497918747894,True,correct
DBLP,0.7,51,inner,bootstrap_OOB,616,journals/sigmod/Etzion99,True,2,aDxXrqrMy9IJ,aDxXrqrMy9IJ,True,0.9999956860775654,0.9999955397319886,1.4634557676806994e-07,0.9000000000000002,True,correct,0.9000000000000002,True,correct,0.1,0.52497918747894,True,correct
DBLP,0.7,51,inner,bootstrap_OOB,617,conf/vldb/KornMS02,True,1,mClzTQppJE4J,mClzTQppJE4J,True,0.9999956842505362,2.6283651588750767e-06,0.9999930558853772,0.9000000000000002,True,correct,0.9000000000000002,True,correct,0.1,0.52497918747894,True,correct
DBLP,0.7,51,inner,bootstrap_OOB,618,journals/sigmod/Bhashyam96,True,1,url:http://portal.acm.org/ft_gateway.cfm%3Fid%3D245908%26type%3Dpdf%26dl%3DGUIDE%26dl%3DACM%26CFID%3D11111111%26CFTOKEN%3D2222222,url:http://portal.acm.org/ft_gateway.cfm%3Fid%3D245908%26type%3Dpdf%26dl%3DGUIDE%26dl%3DACM%26CFID%3D11111111%26CFTOKEN%3D2222222,True,0.9999955257369232,2.279325650252542e-06,0.9999932464112729,0.9000000000000002,True,correct,0.9000000000000002,True,correct,0.1,0.52497918747894,True,correct
DBLP,0.7,51,inner,bootstrap_OOB,619,conf/sigmod/Hellerstein94,True,2,Nn0LzB8rUPEJ,Nn0LzB8rUPEJ,True,0.9999934810464628,0.0147289805988028,0.98526450044766,0.9000000000000002,True,correct,0.9000000000000002,True,correct,0.1,0.52497918747894,True,correct
DBLP,0.7,51,inner,bootstrap_OOB,620,conf/sigmod/ReinwaldP98,True,2,QAjOGW-ffQIJ,y_H9p9Lqj3IJ,True,0.9999954260849078,0.9999950137587588,4.123261490018848e-07,0.9000000000000002,True,correct,0.9000000000000002,True,correct,0.1,0.52497918747894,True,correct
DBLP,0.7,51,inner,bootstrap_OOB,621,conf/vldb/Pogue98,True,1,bYLjqg3pPNgJ,bYLjqg3pPNgJ,True,0.9999960973012272,3.2228300649855653e-06,0.9999928744711624,0.9000000000000002,True,correct,0.9000000000000002,True,correct,0.1,0.52497918747894,True,correct
DBLP,0.7,51,inner,bootstrap_OOB,622,conf/vldb/MohaniaS94,True,1,JORYEDHKYSMJ,JORYEDHKYSMJ,True,0.9999941128643562,9.91756210966031e-06,0.9999841953022466,0.9000000000000002,True,correct,0.9000000000000002,True,correct,0.1,0.52497918747894,True,correct
DBLP,0.7,51,inner,bootstrap_OOB,623,conf/vldb/BohannonGKNS02,True,2,9BuBq-Tj0TUJ,9BuBq-Tj0TUJ,True,0.999996101519568,0.9999959846983136,1.1682125433676305e-07,0.9000000000000002,True,correct,0.9000000000000002,True,correct,0.1,0.52497918747894,True,correct
DBLP,0.7,51,inner,bootstrap_OOB,624,journals/tods/ChrysanthisR94,True,1,q2yP1EWKhTcJ,q2yP1EWKhTcJ,True,0.9999958058350228,0.9998983091881436,9.74966468793026e-05,0.9000000000000002,True,correct,0.9000000000000002,True,correct,0.1,0.52497918747894,True,correct
DBLP,0.7,51,inner,bootstrap_OOB,625,conf/sigmod/ChaudhuriKN03,True,1,ES6QyfgebIcJ,ES6QyfgebIcJ,True,0.9999962120062124,3.029227020951444e-06,0.9999931827791916,0.9000000000000002,True,correct,0.9000000000000002,True,correct,0.1,0.52497918747894,True,correct
DBLP,0.7,51,inner,bootstrap_OOB,626,conf/vldb/PantiSG00,True,1,C7Vuxp5KVsAJ,C7Vuxp5KVsAJ,True,0.999996208073774,2.4447271476437497e-06,0.9999937633466264,0.9000000000000002,True,correct,0.9000000000000002,True,correct,0.1,0.52497918747894,True,correct
DBLP,0.7,51,inner,bootstrap_OOB,627,conf/vldb/Klots96,True,1,dTORuW_9YRoJ,dTORuW_9YRoJ,True,0.9999946852361872,3.658681703826531e-06,0.9999910265544832,0.9000000000000002,True,correct,0.9000000000000002,True,correct,0.1,0.52497918747894,True,correct
DBLP,0.7,51,inner,bootstrap_OOB,628,conf/sigmod/HsuLG00,True,2,AvYMafGTVLEJ,kxIpDxLD46gJ,True,0.9999958109477132,0.9999937701714136,2.040776299505609e-06,0.9000000000000002,True,correct,0.9000000000000002,True,correct,0.1,0.52497918747894,True,correct
DBLP,0.7,51,inner,bootstrap_OOB,629,conf/sigmod/FlorescuLMS99,True,2,h0uuqAstOPUJ,mH0XY3h8UlcJ,True,0.9999956253377088,0.9999956191546336,6.183075051957587e-09,0.9000000000000002,True,correct,0.9000000000000002,True,correct,0.1,0.52497918747894,True,correct
DBLP,0.7,51,inner,bootstrap_OOB,630,journals/sigmod/DunhamH95a,True,3,CiumYR8Q4WcJ,CyzIFxmvc1cJ,True,0.9999951337076568,0.999992388051542,2.745656114910844e-06,0.9000000000000002,True,correct,0.9000000000000002,True,correct,0.1,0.52497918747894,True,correct
DBLP,0.7,51,inner,bootstrap_OOB,631,journals/sigmod/Snodgrass98a,True,1,CGvD6Du5kaoJ,url:http://portal.acm.org/ft_gateway.cfm%3Fid%3D290599%26type%3Dpdf%26dl%3DGUIDE%26dl%3DACM%26CFID%3D11111111%26CFTOKEN%3D2222222,False,0.9999734292537548,0.9998311960143444,0.0001422332394104,0.9000000000000002,True,false_link,0.9000000000000002,True,false_link,0.1,0.52497918747894,True,false_link
DBLP,0.7,51,inner,bootstrap_OOB,632,journals/sigmod/Franklin98a,False,0,,C84rFQN_ug0J,False,7.877549322360934e-06,3.966868637555562e-06,3.910680684805372e-06,0.9000000000000002,False,unmatched_abstention,0.9000000000000002,False,unmatched_abstention,0.1,0.52497918747894,False,unmatched_abstention
DBLP,0.7,51,inner,bootstrap_OOB,633,conf/sigmod/MaddenH02,True,1,NXakCefUcdUJ,NXakCefUcdUJ,True,0.9999959022225622,2.4501000820710577e-06,0.99999345212248,0.9000000000000002,True,correct,0.9000000000000002,True,correct,0.1,0.52497918747894,True,correct
DBLP,0.7,51,inner,bootstrap_OOB,634,conf/sigmod/BryanMCLG94,True,1,nbU-wr3ivUIJ,nbU-wr3ivUIJ,True,0.999996456980101,2.3315675011281607e-06,0.9999941254125998,0.9000000000000002,True,correct,0.9000000000000002,True,correct,0.1,0.52497918747894,True,correct
DBLP,0.7,51,inner,bootstrap_OOB,635,journals/sigmod/DiazJPa94,True,2,sG7PCEiN2xAJ,sG7PCEiN2xAJ,True,0.9999941038238892,0.0002481122596872,0.999745991564202,0.9000000000000002,True,correct,0.9000000000000002,True,correct,0.1,0.52497918747894,True,correct
DBLP,0.7,51,inner,bootstrap_OOB,636,conf/sigmod/FranklinZ98,True,2,5Cj9Wx8llkwJ,5Cj9Wx8llkwJ,True,0.9999958862000736,0.9999901068756576,5.779324416144149e-06,0.9000000000000002,True,correct,0.9000000000000002,True,correct,0.1,0.52497918747894,True,correct
DBLP,0.7,51,inner,bootstrap_OOB,637,conf/sigmod/MankuRL99,True,4,LlPkfgH5fCIJ,X94gDE70Zn0J,True,0.9999952897560352,0.999987935940997,7.353815038135814e-06,0.9000000000000002,True,correct,0.9000000000000002,True,correct,0.1,0.52497918747894,True,correct
DBLP,0.7,51,inner,bootstrap_OOB,638,conf/sigmod/BerchtoldBK98,True,8,1tZ74y0DNLIJ,4Uf5sjXgwhoJ,True,0.9999962953516184,0.9999950066446248,1.288706993340938e-06,0.9000000000000002,True,correct,0.9000000000000002,True,correct,0.1,0.52497918747894,True,correct
DBLP,0.7,51,inner,bootstrap_OOB,639,conf/sigmod/ShenoyHSBBS00,True,3,SipDBj3SOb4J,SipDBj3SOb4J,True,0.9999944369451552,0.9999898535533024,4.58339185283041e-06,0.9000000000000002,True,correct,0.9000000000000002,True,correct,0.1,0.52497918747894,True,correct
DBLP,0.7,51,inner,bootstrap_OOB,640,journals/sigmod/EisenbergM01,True,2,GKUflKzgAVEJ,GKUflKzgAVEJ,True,0.9999960424457164,0.9999938261988532,2.2162468633624144e-06,0.9000000000000002,True,correct,0.9000000000000002,True,correct,0.1,0.52497918747894,True,correct
DBLP,0.7,51,inner,bootstrap_OOB,641,conf/sigmod/HammerGNYBV97,True,9,2rysKgS6lugJ,t9nmZzSMVAAJ,True,0.999995706160764,0.9999950353434308,6.708173332370393e-07,0.9000000000000002,True,correct,0.9000000000000002,True,correct,0.1,0.52497918747894,True,correct
DBLP,0.7,51,inner,bootstrap_OOB,642,conf/vldb/ConradGJM02,True,1,gIm89AXuE4oJ,gIm89AXuE4oJ,True,0.9997193347589988,2.25486858112338e-06,0.9997170798904178,0.9000000000000002,True,correct,0.9000000000000002,True,correct,0.1,0.52497918747894,True,correct
DBLP,0.7,51,inner,bootstrap_OOB,643,journals/sigmod/Dogac98,True,1,diQK7Y_z3XwJ,rqTxO0ix3qUJ,False,0.9999608179654808,0.9998162296237538,0.0001445883417269,0.9000000000000002,True,false_link,0.9000000000000002,True,false_link,0.1,0.52497918747894,True,false_link
DBLP,0.7,51,inner,bootstrap_OOB,644,journals/sigmod/Ioannidis96,True,1,IgQsVaud8BIJ,IgQsVaud8BIJ,True,0.9999950878081604,7.485451522478751e-06,0.999987602356638,0.9000000000000002,True,correct,0.9000000000000002,True,correct,0.1,0.52497918747894,True,correct
DBLP,0.7,51,inner,bootstrap_OOB,645,conf/sigmod/LiYVGPUV98,True,6,4zDGoqCAWOoJ,6jeHlSgjCskJ,True,0.9999958787863824,0.9999949117715484,9.670148338747353e-07,0.9000000000000002,True,correct,0.9000000000000002,True,correct,0.1,0.52497918747894,True,correct
DBLP,0.7,51,inner,bootstrap_OOB,646,conf/vldb/BrownCC94,True,3,E-1nAx7gc-8J,E-1nAx7gc-8J,True,0.9999952506080272,0.9999951247518952,1.2585613184956657e-07,0.9000000000000002,True,correct,0.9000000000000002,True,correct,0.1,0.52497918747894,True,correct
DBLP,0.7,51,inner,bootstrap_OOB,647,conf/vldb/BrownG01,True,1,aJoPVuDNDSsJ,aJoPVuDNDSsJ,True,0.999995988491332,3.609978835289008e-06,0.9999923785124968,0.9000000000000002,True,correct,0.9000000000000002,True,correct,0.1,0.52497918747894,True,correct
DBLP,0.7,51,inner,bootstrap_OOB,648,conf/sigmod/KeoghCMP01,True,5,_nOW6fmEcTEJ,QTzuiNlMnR4J,True,0.999996162739222,0.9999958216724536,3.410667683834135e-07,0.9000000000000002,True,correct,0.9000000000000002,True,correct,0.1,0.52497918747894,True,correct
DBLP,0.7,51,inner,bootstrap_OOB,649,conf/vldb/OzdenBRS94,True,4,ARyxUwGOA10J,ARyxUwGOA10J,True,0.9999960165077972,0.9999956773964052,3.391113920780953e-07,0.9000000000000002,True,correct,0.9000000000000002,True,correct,0.1,0.52497918747894,True,correct
DBLP,0.7,51,inner,bootstrap_OOB,650,journals/sigmod/Kosch02,True,1,_avm808LQocJ,_avm808LQocJ,True,0.9999961510807316,2.014127256809097e-05,0.9999760098081636,0.9000000000000002,True,correct,0.9000000000000002,True,correct,0.1,0.52497918747894,True,correct
DBLP,0.7,51,inner,bootstrap_OOB,651,conf/sigmod/LuWYBLY02,True,1,JKQ1qE-naxQJ,JKQ1qE-naxQJ,True,0.999996245153123,0.9999846716709536,1.157348216940246e-05,0.9000000000000002,True,correct,0.9000000000000002,True,correct,0.1,0.52497918747894,True,correct
DBLP,0.7,51,inner,bootstrap_OOB,652,journals/sigmod/RamirezSP94,True,1,V2WMOB42Gj0J,V2WMOB42Gj0J,True,0.9999956753471176,2.839276787764675e-06,0.9999928360703298,0.9000000000000002,True,correct,0.9000000000000002,True,correct,0.1,0.52497918747894,True,correct
DBLP,0.7,51,inner,bootstrap_OOB,653,journals/sigmod/Snodgrass00b,False,0,,NHxHsUH9L5MJ,False,0.0348255006129294,0.0191411195800513,0.015684381032878,0.9000000000000002,False,unmatched_abstention,0.9000000000000002,False,unmatched_abstention,0.1,0.52497918747894,False,unmatched_abstention
DBLP,0.7,51,inner,bootstrap_OOB,654,conf/vldb/SchaeferBBJ00,True,1,url:http://portal.acm.org/citation.cfm%3Fid%3D645926.671845,url:http://portal.acm.org/citation.cfm%3Fid%3D645926.671845,True,0.9999955931498234,1.3813414914222984e-05,0.9999817797349092,0.9000000000000002,True,correct,0.9000000000000002,True,correct,0.1,0.52497918747894,True,correct
DBLP,0.7,51,inner,bootstrap_OOB,655,conf/vldb/Leymann03,True,1,url:http://www.vldb.org/conf/2003/papers/S32P01.pdf,url:http://www.vldb.org/conf/2003/papers/S32P01.pdf,True,0.9999959485954016,2.481705994659394e-06,0.9999934668894068,0.9000000000000002,True,correct,0.9000000000000002,True,correct,0.1,0.52497918747894,True,correct
DBLP,0.7,51,inner,bootstrap_OOB,656,conf/vldb/Garcia-MolinaLY98,True,5,5Rq_5hPceK8J,lWVWAhlsyYYJ,True,0.9999953359174168,0.9999945702986018,7.65618815012914e-07,0.9000000000000002,True,correct,0.9000000000000002,True,correct,0.1,0.52497918747894,True,correct
DBLP,0.7,51,inner,bootstrap_OOB,657,journals/tods/StolboushkinT98,True,1,ZnWLup8HMkUJ,ZnWLup8HMkUJ,True,0.9999960230366164,5.738461946494124e-06,0.99999028457467,0.9000000000000002,True,correct,0.9000000000000002,True,correct,0.1,0.52497918747894,True,correct
DBLP,0.7,51,inner,bootstrap_OOB,658,journals/sigmod/KokkotosIPS95,True,1,-IvY8_ki_psJ,-IvY8_ki_psJ,True,0.9999957466312585,2.686966438565498e-06,0.99999305966482,0.9000000000000002,True,correct,0.9000000000000002,True,correct,0.1,0.52497918747894,True,correct
DBLP,0.7,51,inner,bootstrap_OOB,659,journals/vldb/KabraD99,True,3,JF30ixlsraUJ,JF30ixlsraUJ,True,0.9999965078020356,0.9999948660216448,1.6417803907486928e-06,0.9000000000000002,True,correct,0.9000000000000002,True,correct,0.1,0.52497918747894,True,correct
DBLP,0.7,51,inner,bootstrap_OOB,660,conf/sigmod/Han96,True,2,DlQd7WIkVF0J,DlQd7WIkVF0J,True,0.9999941432883812,0.9985947301478308,0.0013994131405504,0.9000000000000002,True,correct,0.9000000000000002,True,correct,0.1,0.52497918747894,True,correct
DBLP,0.7,51,inner,bootstrap_OOB,661,journals/tods/ZobelMR98,True,3,AvV6lMEBGWsJ,tdDLf6RffisJ,True,0.9999959883229996,0.9999945525916268,1.4357313727897392e-06,0.9000000000000002,True,correct,0.9000000000000002,True,correct,0.1,0.52497918747894,True,correct
DBLP,0.7,51,inner,bootstrap_OOB,662,journals/vldb/Sarawagi01,True,1,Xx6kw0tCeQIJ,Xx6kw0tCeQIJ,True,0.9999947857555056,2.894235578764611e-06,0.9999918915199268,0.9000000000000002,True,correct,0.9000000000000002,True,correct,0.1,0.52497918747894,True,correct
DBLP,0.7,51,inner,bootstrap_OOB,663,journals/sigmod/ACT-NET96,True,3,AWM-7zzaO7wJ,FTDeavdkHpsJ,True,0.9998660729379948,0.9998063849766244,5.9687961370458176e-05,0.9000000000000002,True,correct,0.9000000000000002,True,correct,0.1,0.52497918747894,True,correct
DBLP,0.7,51,inner,bootstrap_OOB,664,journals/sigmod/Ozsu02,False,0,,yNSC6-93CosJ,False,0.251813102454162,0.2050747500386858,0.0467383524154761,0.9000000000000002,False,unmatched_abstention,0.9000000000000002,False,unmatched_abstention,0.1,0.52497918747894,False,unmatched_abstention
DBLP,0.7,51,inner,bootstrap_OOB,665,conf/sigmod/DasuJMS02,True,3,POt1WbTBB4cJ,POt1WbTBB4cJ,True,0.9999932352085116,0.9999928363461597,3.988623520356782e-07,0.9000000000000002,True,correct,0.9000000000000002,True,correct,0.1,0.52497918747894,True,correct
DBLP,0.7,51,inner,bootstrap_OOB,666,conf/sigmod/RoussopoulosKR97,True,1,H7Pi4AQU00YJ,H7Pi4AQU00YJ,True,0.9999932893754864,3.738917166223276e-06,0.9999895504583204,0.9000000000000002,True,correct,0.9000000000000002,True,correct,0.1,0.52497918747894,True,correct
DBLP,0.7,51,inner,bootstrap_OOB,667,journals/vldb/AntoshenkovZ96,True,2,N8syKKPN6IoJ,N8syKKPN6IoJ,True,0.9999960775215384,0.9999926998063788,3.377715159680328e-06,0.9000000000000002,True,correct,0.9000000000000002,True,correct,0.1,0.52497918747894,True,correct
DBLP,0.7,51,inner,bootstrap_OOB,668,conf/vldb/Lesk94,True,1,nL5wl20jB-kJ,nL5wl20jB-kJ,True,0.9999956780518072,2.3896854355548684e-06,0.9999932883663718,0.9000000000000002,True,correct,0.9000000000000002,True,correct,0.1,0.52497918747894,True,correct
DBLP,0.7,51,inner,bootstrap_OOB,669,journals/vldb/IvesHW02,True,1,Bbm74R5b5yoJ,Bbm74R5b5yoJ,True,0.999996244734136,3.83737788329487e-06,0.9999924073562526,0.9000000000000002,True,correct,0.9000000000000002,True,correct,0.1,0.52497918747894,True,correct
DBLP,0.7,51,inner,bootstrap_OOB,670,conf/sigmod/PopaDST00,True,1,gAwckIiPpTEJ,gAwckIiPpTEJ,True,0.9999935545849924,2.369648826879296e-06,0.9999911849361656,0.9000000000000002,True,correct,0.9000000000000002,True,correct,0.1,0.52497918747894,True,correct
DBLP,0.7,51,inner,bootstrap_OOB,671,journals/sigmod/PitouraB95,True,1,KlM6IrItVpcJ,KlM6IrItVpcJ,True,0.9999958524878656,2.4504669544475352e-06,0.9999934020209112,0.9000000000000002,True,correct,0.9000000000000002,True,correct,0.1,0.52497918747894,True,correct
DBLP,0.7,51,inner,bootstrap_OOB,672,journals/sigmod/SalgadoE03,False,0,,url:http://portal.acm.org/ft_gateway.cfm%3Fid%3D310062%26type%3Dpdf%26dl%3DGUIDE%26dl%3DACM%26CFID%3D11111111%26CFTOKEN%3D2222222,False,0.9939369919072808,1.1321541046906652e-05,0.9939256703662338,0.9000000000000002,True,false_link,0.9000000000000002,True,false_link,0.1,0.52497918747894,True,false_link
DBLP,0.7,51,inner,bootstrap_OOB,673,conf/vldb/Sterling98,True,1,LlP2Fn3bzUMJ,LlP2Fn3bzUMJ,True,0.9999948449693564,2.6868464577731632e-05,0.9999679765047784,0.9000000000000002,True,correct,0.9000000000000002,True,correct,0.1,0.52497918747894,True,correct
