dataset,fraction,seed,role,scheme,record_index,ida,has_true_match,n_valid_matches,retained_idb,top1_idb,top1_is_any_valid,top1_score,top2_score,score_gap,threshold,declared,category,legacy_threshold,legacy_declared,legacy_category,direct_threshold,direct_threshold_sigmoid_equivalent,direct_declared,direct_category
DBLP,0.8,49,inner,SRSWOR_65_35,0,conf/sigmod/SelfridgeSW96,True,2,4ucV5h3-YvMJ,V2Wysmw3ti4J,True,0.99999036906773,0.9999855907382184,4.778329511512247e-06,0.9000000000000002,True,correct,0.9000000000000002,True,correct,0.1,0.52497918747894,True,correct
DBLP,0.8,49,inner,SRSWOR_65_35,1,conf/vldb/AcharyaFZ96,True,6,4AK08s31YqUJ,ccEW59Ac84MJ,True,0.9999921967950026,0.9999899720965212,2.224698481434473e-06,0.9000000000000002,True,correct,0.9000000000000002,True,correct,0.1,0.52497918747894,True,correct
DBLP,0.8,49,inner,SRSWOR_65_35,2,conf/vldb/YuV00,True,2,43N2r_SuYccJ,43N2r_SuYccJ,True,0.9999930594282996,0.9649990917512996,0.0349939676770001,0.9000000000000002,True,correct,0.9000000000000002,True,correct,0.1,0.52497918747894,True,correct
DBLP,0.8,49,inner,SRSWOR_65_35,3,journals/vldb/HuntAI02,True,1,LiYp5oaDwbMJ,LiYp5oaDwbMJ,True,0.9999934206319884,0.0003069250027905,0.9996864956291978,0.9000000000000002,True,correct,0.9000000000000002,True,correct,0.1,0.52497918747894,True,correct
DBLP,0.8,49,inner,SRSWOR_65_35,4,conf/vldb/DesslochM97,True,2,CjtIFow-OWcJ,CjtIFow-OWcJ,True,0.999993830748414,0.9987876033026608,0.001206227445753,0.9000000000000002,True,correct,0.9000000000000002,True,correct,0.1,0.52497918747894,True,correct
DBLP,0.8,49,inner,SRSWOR_65_35,5,journals/tods/LakshmananLN03,True,1,g8e0xiRUkIwJ,g8e0xiRUkIwJ,True,0.99997858490977,9.196248961548247e-05,0.9998866224201544,0.9000000000000002,True,correct,0.9000000000000002,True,correct,0.1,0.52497918747894,True,correct
DBLP,0.8,49,inner,SRSWOR_65_35,6,journals/vldb/MedjahedBE03,True,2,M0FH31YCEU0J,YqXx_xeZE2gJ,True,0.9999934268471136,0.9999755461655944,1.788068151920008e-05,0.9000000000000002,True,correct,0.9000000000000002,True,correct,0.1,0.52497918747894,True,correct
DBLP,0.8,49,inner,SRSWOR_65_35,7,conf/vldb/RaghavanG01,True,3,9Wo54Wyh_X8J,LcX8Pm2ABJsJ,True,0.99999215084942,0.999985787440182,6.363409237986062e-06,0.9000000000000002,True,correct,0.9000000000000002,True,correct,0.1,0.52497918747894,True,correct
DBLP,0.8,49,inner,SRSWOR_65_35,8,journals/sigmod/KempsterST99,True,1,JfmkT9KvKWoJ,JfmkT9KvKWoJ,True,0.9999810180777278,0.0521068706799179,0.9478741473978096,0.9000000000000002,True,correct,0.9000000000000002,True,correct,0.1,0.52497918747894,True,correct
DBLP,0.8,49,inner,SRSWOR_65_35,9,conf/sigmod/SengarH03,True,1,7Mtanhr8EKoJ,7Mtanhr8EKoJ,True,0.9999910077779498,0.0222489313111918,0.977742076466758,0.9000000000000002,True,correct,0.9000000000000002,True,correct,0.1,0.52497918747894,True,correct
DBLP,0.8,49,inner,SRSWOR_65_35,10,conf/vldb/HammadFAE03,True,1,vfCFumS9QtkJ,vfCFumS9QtkJ,True,0.9999918219088914,1.1029000109802511e-05,0.9999807929087816,0.9000000000000002,True,correct,0.9000000000000002,True,correct,0.1,0.52497918747894,True,correct
DBLP,0.8,49,inner,SRSWOR_65_35,11,conf/sigmod/AdyaGLM95,True,4,7YMi5qKSe2EJ,bfcbZlt6vngJ,True,0.9999928210609283,0.9999925029106128,3.181503157589916e-07,0.9000000000000002,True,correct,0.9000000000000002,True,correct,0.1,0.52497918747894,True,correct
DBLP,0.8,49,inner,SRSWOR_65_35,12,journals/sigmod/SnodgrassAABCDEGJKKKLLRSSS94a,True,2,12xRfc32PXoJ,12xRfc32PXoJ,True,0.9997354478072148,0.5720055939065184,0.4277298539006964,0.9000000000000002,True,correct,0.9000000000000002,True,correct,0.1,0.52497918747894,True,correct
DBLP,0.8,49,inner,SRSWOR_65_35,13,conf/sigmod/CeriFP98,True,1,iUGa3pKj-20J,iUGa3pKj-20J,True,0.9999899190720086,3.903044923929082e-06,0.9999860160270848,0.9000000000000002,True,correct,0.9000000000000002,True,correct,0.1,0.52497918747894,True,correct
DBLP,0.8,49,inner,SRSWOR_65_35,14,conf/vldb/ViverosNR96,True,2,lsY_rXfEDDIJ,lsY_rXfEDDIJ,True,0.9999922137435504,0.9999906250800517,1.5886634986417292e-06,0.9000000000000002,True,correct,0.9000000000000002,True,correct,0.1,0.52497918747894,True,correct
DBLP,0.8,49,inner,SRSWOR_65_35,15,conf/sigmod/PangCL94,True,1,beMsu5ebf30J,beMsu5ebf30J,True,0.9999938109130014,3.928648068390556e-06,0.999989882264933,0.9000000000000002,True,correct,0.9000000000000002,True,correct,0.1,0.52497918747894,True,correct
DBLP,0.8,49,inner,SRSWOR_65_35,16,conf/vldb/Mohan02a,True,1,ulDehVmIgfAJ,ulDehVmIgfAJ,True,0.9999949199704932,4.545093338951276e-05,0.9999494690371036,0.9000000000000002,True,correct,0.9000000000000002,True,correct,0.1,0.52497918747894,True,correct
DBLP,0.8,49,inner,SRSWOR_65_35,17,journals/sigmod/Loeffen94,True,3,gb-yIDOxaEkJ,gb-yIDOxaEkJ,True,0.9999945028678616,0.999922872870309,7.162999755250254e-05,0.9000000000000002,True,correct,0.9000000000000002,True,correct,0.1,0.52497918747894,True,correct
DBLP,0.8,49,inner,SRSWOR_65_35,18,conf/sigmod/LiefkeS00,True,4,epCsER2LDJgJ,vnc0Ml_3BFsJ,True,0.9999905803963868,0.9999898197170202,7.606793666070644e-07,0.9000000000000002,True,correct,0.9000000000000002,True,correct,0.1,0.52497918747894,True,correct
DBLP,0.8,49,inner,SRSWOR_65_35,19,journals/vldb/GutingS95,True,8,A4lUwOD7AeYJ,CBHicx5w3ocJ,True,0.9999907557036236,0.9999832193588556,7.536344767800074e-06,0.9000000000000002,True,correct,0.9000000000000002,True,correct,0.1,0.52497918747894,True,correct
DBLP,0.8,49,inner,SRSWOR_65_35,20,journals/sigmod/ArpinarD00,True,1,YQQMvRraFBwJ,YQQMvRraFBwJ,True,0.9999931539990112,1.1122997713255718e-05,0.999982031001298,0.9000000000000002,True,correct,0.9000000000000002,True,correct,0.1,0.52497918747894,True,correct
DBLP,0.8,49,inner,SRSWOR_65_35,21,conf/vldb/Kleewein96,True,1,rXaCSxty6AAJ,rXaCSxty6AAJ,True,0.9999929985193238,4.554393277144073e-06,0.9999884441260466,0.9000000000000002,True,correct,0.9000000000000002,True,correct,0.1,0.52497918747894,True,correct
DBLP,0.8,49,inner,SRSWOR_65_35,22,journals/sigmod/Suciu97,False,0,,1sGr4qMsCeMJ,False,0.9997031400011464,0.0029085045068203,0.996794635494326,0.9000000000000002,True,false_link,0.9000000000000002,True,false_link,0.1,0.52497918747894,True,false_link
DBLP,0.8,49,inner,SRSWOR_65_35,23,journals/vldb/TorpJS00,True,2,dMRIRjR_KAAJ,wr5pRI-iGqsJ,True,0.9999896377636184,0.9999595464779004,3.0091285717848137e-05,0.9000000000000002,True,correct,0.9000000000000002,True,correct,0.1,0.52497918747894,True,correct
DBLP,0.8,49,inner,SRSWOR_65_35,24,journals/sigmod/CatarciC96,True,1,url:http://portal.acm.org/ft_gateway.cfm%3Fid%3D245888%26type%3Dpdf%26dl%3DGUIDE%26dl%3DACM%26CFID%3D11111111%26CFTOKEN%3D2222222,url:http://portal.acm.org/ft_gateway.cfm%3Fid%3D245888%26type%3Dpdf%26dl%3DGUIDE%26dl%3DACM%26CFID%3D11111111%26CFTOKEN%3D2222222,True,0.9999903153534174,0.0254295593960167,0.9745607559574008,0.9000000000000002,True,correct,0.9000000000000002,True,correct,0.1,0.52497918747894,True,correct
DBLP,0.8,49,inner,SRSWOR_65_35,25,journals/sigmod/GerlaX03,True,1,KKiefntReoUJ,KKiefntReoUJ,True,0.99999361674086,3.9388709291402005e-06,0.999989677869931,0.9000000000000002,True,correct,0.9000000000000002,True,correct,0.1,0.52497918747894,True,correct
DBLP,0.8,49,inner,SRSWOR_65_35,26,conf/sigmod/ZhouWGGZWXYF03,True,1,AwFxLUGiceUJ,AwFxLUGiceUJ,True,0.9999893459640288,4.744385150972606e-06,0.9999846015788778,0.9000000000000002,True,correct,0.9000000000000002,True,correct,0.1,0.52497918747894,True,correct
DBLP,0.8,49,inner,SRSWOR_65_35,27,conf/vldb/CotterB00,True,1,SJ6PiY04ebMJ,SJ6PiY04ebMJ,True,0.9999931549390956,1.017026865847882e-05,0.999982984670437,0.9000000000000002,True,correct,0.9000000000000002,True,correct,0.1,0.52497918747894,True,correct
DBLP,0.8,49,inner,SRSWOR_65_35,28,journals/tods/RosenthalR94,True,1,zM422IjZcPgJ,zM422IjZcPgJ,True,0.9999948970618456,0.0004086278057421,0.9995862692561034,0.9000000000000002,True,correct,0.9000000000000002,True,correct,0.1,0.52497918747894,True,correct
DBLP,0.8,49,inner,SRSWOR_65_35,29,conf/sigmod/CeriFPP95,False,0,,LnNHfHLFsEcJ,False,1.3132479699172888e-05,7.681495852803145e-06,5.450983846369744e-06,0.9000000000000002,False,unmatched_abstention,0.9000000000000002,False,unmatched_abstention,0.1,0.52497918747894,False,unmatched_abstention
DBLP,0.8,49,inner,SRSWOR_65_35,30,journals/sigmod/CoxEH96,True,1,pqzGz7zfpDgJ,pqzGz7zfpDgJ,True,0.9999884753496168,3.809632814456495e-06,0.9999846657168022,0.9000000000000002,True,correct,0.9000000000000002,True,correct,0.1,0.52497918747894,True,correct
DBLP,0.8,49,inner,SRSWOR_65_35,31,conf/vldb/Garcia-MolinaLY98,True,5,5Rq_5hPceK8J,lWVWAhlsyYYJ,True,0.9999917126206296,0.9999847122989376,7.000321692096634e-06,0.9000000000000002,True,correct,0.9000000000000002,True,correct,0.1,0.52497918747894,True,correct
DBLP,0.8,49,inner,SRSWOR_65_35,32,conf/vldb/Dyreson96,True,1,AfM_N94rVD0J,AfM_N94rVD0J,True,0.9999920745785286,5.000784871868816e-06,0.9999870737936568,0.9000000000000002,True,correct,0.9000000000000002,True,correct,0.1,0.52497918747894,True,correct
DBLP,0.8,49,inner,SRSWOR_65_35,33,conf/sigmod/JarkeQCLFLVV00,True,2,AYtgczYwVnYJ,bl_VrPzIIPwJ,True,0.999990661833888,0.9999890764087824,1.5854251055325008e-06,0.9000000000000002,True,correct,0.9000000000000002,True,correct,0.1,0.52497918747894,True,correct
DBLP,0.8,49,inner,SRSWOR_65_35,34,conf/vldb/Sterling98,True,1,LlP2Fn3bzUMJ,LlP2Fn3bzUMJ,True,0.9999938649594304,0.0023013131556747,0.9976925518037556,0.9000000000000002,True,correct,0.9000000000000002,True,correct,0.1,0.52497918747894,True,correct
DBLP,0.8,49,inner,SRSWOR_65_35,35,journals/sigmod/DongS00,True,1,gH_HDDJghbAJ,gH_HDDJghbAJ,True,0.9999903704269671,8.838656408343937e-06,0.9999815317705588,0.9000000000000002,True,correct,0.9000000000000002,True,correct,0.1,0.52497918747894,True,correct
DBLP,0.8,49,inner,SRSWOR_65_35,36,conf/vldb/DayalHL01,True,3,0XYRlW9tvw8J,0XYRlW9tvw8J,True,0.9999930627370104,0.9999913218591095,1.7408779008354358e-06,0.9000000000000002,True,correct,0.9000000000000002,True,correct,0.1,0.52497918747894,True,correct
DBLP,0.8,49,inner,SRSWOR_65_35,37,journals/sigmod/ClementLGMK97,True,2,J7Y20fYLGbcJ,J7Y20fYLGbcJ,True,0.9999926644028034,0.9999553736882412,3.7290714562154825e-05,0.9000000000000002,True,correct,0.9000000000000002,True,correct,0.1,0.52497918747894,True,correct
DBLP,0.8,49,inner,SRSWOR_65_35,38,journals/sigmod/KaradimitriouT97,True,1,SrCBkHnIFL8J,SrCBkHnIFL8J,True,0.9999922958934696,3.85245568095375e-06,0.9999884434377888,0.9000000000000002,True,correct,0.9000000000000002,True,correct,0.1,0.52497918747894,True,correct
DBLP,0.8,49,inner,SRSWOR_65_35,39,journals/sigmod/ConradHHKRSS99,True,4,3aPleydkcIoJ,cjvOCqu3cJgJ,True,0.9999903550600944,0.9999903469992424,8.060852096924975e-09,0.9000000000000002,True,correct,0.9000000000000002,True,correct,0.1,0.52497918747894,True,correct
DBLP,0.8,49,inner,SRSWOR_65_35,40,journals/sigmod/Darwen96,True,1,url:http://portal.acm.org/citation.cfm%3Fid%3D245882.245886%26dl%3DGUIDE%26dl%3DACM%26idx%3DJ689%26part%3Dperiodical%26WantType%3Dperiodical%26title%3DACM%2520SIGMOD%2520Record%26CFID%3D11111111%26CFTOKEN%3D2222222,url:http://portal.acm.org/citation.cfm%3Fid%3D245882.245886%26dl%3DGUIDE%26dl%3DACM%26idx%3DJ689%26part%3Dperiodical%26WantType%3Dperiodical%26title%3DACM%2520SIGMOD%2520Record%26CFID%3D11111111%26CFTOKEN%3D2222222,True,0.9999940140394976,0.9970165811208744,0.0029774329186231,0.9000000000000002,True,correct,0.9000000000000002,True,correct,0.1,0.52497918747894,True,correct
DBLP,0.8,49,inner,SRSWOR_65_35,41,conf/vldb/Suciu96,True,2,D45fvUWVon0J,D45fvUWVon0J,True,0.999994211769151,0.0006508341948126,0.9993433775743384,0.9000000000000002,True,correct,0.9000000000000002,True,correct,0.1,0.52497918747894,True,correct
DBLP,0.8,49,inner,SRSWOR_65_35,42,conf/vldb/Sripada02,True,1,UXm0EWCXxpIJ,UXm0EWCXxpIJ,True,0.9999905536065442,5.730756242127326e-06,0.999984822850302,0.9000000000000002,True,correct,0.9000000000000002,True,correct,0.1,0.52497918747894,True,correct
DBLP,0.8,49,inner,SRSWOR_65_35,43,conf/sigmod/AgrawalASY97,True,5,3nxl8d4c0t4J,C85vtVHZmjUJ,True,0.999992341099594,0.9999917899010105,5.511985835537914e-07,0.9000000000000002,True,correct,0.9000000000000002,True,correct,0.1,0.52497918747894,True,correct
DBLP,0.8,49,inner,SRSWOR_65_35,44,journals/vldb/C95c,False,0,,X90A1BsaKHoJ,False,1.41368599531088e-05,6.716412343377334e-06,7.420447609731465e-06,0.9000000000000002,False,unmatched_abstention,0.9000000000000002,False,unmatched_abstention,0.1,0.52497918747894,False,unmatched_abstention
DBLP,0.8,49,inner,SRSWOR_65_35,45,journals/sigmod/EisenbergM98a,True,1,AatoNnELw78J,AatoNnELw78J,True,0.9999940413271228,0.999918399477766,7.564184935671125e-05,0.9000000000000002,True,correct,0.9000000000000002,True,correct,0.1,0.52497918747894,True,correct
DBLP,0.8,49,inner,SRSWOR_65_35,46,conf/vldb/BaumgartnerFG01a,True,1,GGyAHg9kwysJ,GGyAHg9kwysJ,True,0.99999199625376,6.655977144958785e-06,0.9999853402766148,0.9000000000000002,True,correct,0.9000000000000002,True,correct,0.1,0.52497918747894,True,correct
DBLP,0.8,49,inner,SRSWOR_65_35,47,conf/sigmod/AndersonBKW98,True,3,H6eMdbXATmkJ,j6v2b9hN-R4J,True,0.9999950534110108,0.9292412583192354,0.0707537950917754,0.9000000000000002,True,correct,0.9000000000000002,True,correct,0.1,0.52497918747894,True,correct
DBLP,0.8,49,inner,SRSWOR_65_35,48,conf/vldb/ZellerK02,True,1,UIWreKZndVQJ,UIWreKZndVQJ,True,0.9999934074108304,4.444976982014831e-06,0.9999889624338484,0.9000000000000002,True,correct,0.9000000000000002,True,correct,0.1,0.52497918747894,True,correct
DBLP,0.8,49,inner,SRSWOR_65_35,49,journals/sigmod/AtkinsonDJPS96,True,5,5tuINV43CDUJ,yfjKkIhvfXcJ,True,0.9999888897135296,0.9999886846870742,2.0502645547981762e-07,0.9000000000000002,True,correct,0.9000000000000002,True,correct,0.1,0.52497918747894,True,correct
DBLP,0.8,49,inner,SRSWOR_65_35,50,journals/sigmod/DunhamH95a,True,3,CiumYR8Q4WcJ,CiumYR8Q4WcJ,True,0.9999885405587224,0.9999875908828036,9.496759190152916e-07,0.9000000000000002,True,correct,0.9000000000000002,True,correct,0.1,0.52497918747894,True,correct
DBLP,0.8,49,inner,SRSWOR_65_35,51,journals/vldb/LeeSC01,True,1,Hz_TU6kUj08J,Hz_TU6kUj08J,True,0.9999947569791412,6.909334340774997e-06,0.9999878476448004,0.9000000000000002,True,correct,0.9000000000000002,True,correct,0.1,0.52497918747894,True,correct
DBLP,0.8,49,inner,SRSWOR_65_35,52,conf/vldb/AmirKN01,True,1,dEwdHTZZYWYJ,dEwdHTZZYWYJ,True,0.999992837903628,3.978879164823673e-06,0.9999888590244632,0.9000000000000002,True,correct,0.9000000000000002,True,correct,0.1,0.52497918747894,True,correct
DBLP,0.8,49,inner,SRSWOR_65_35,53,conf/sigmod/Shyy95,True,1,OjZoGJLFGqIJ,OjZoGJLFGqIJ,True,0.9999920767474384,6.383125216036387e-06,0.9999856936222224,0.9000000000000002,True,correct,0.9000000000000002,True,correct,0.1,0.52497918747894,True,correct
DBLP,0.8,49,inner,SRSWOR_65_35,54,journals/sigmod/TheodoridisN00,True,2,DXTczW8Dv4MJ,NegSmYlF-awJ,True,0.999988117038011,0.9996677497297554,0.0003203673082556,0.9000000000000002,True,correct,0.9000000000000002,True,correct,0.1,0.52497918747894,True,correct
DBLP,0.8,49,inner,SRSWOR_65_35,55,conf/vldb/MohanBWSZ00,True,1,zCY0pFken7wJ,zCY0pFken7wJ,True,0.9999939437796568,0.0018148852608297,0.998179058518827,0.9000000000000002,True,correct,0.9000000000000002,True,correct,0.1,0.52497918747894,True,correct
DBLP,0.8,49,inner,SRSWOR_65_35,56,journals/sigmod/JukicNV03,True,1,eR43Urfx-hcJ,eR43Urfx-hcJ,True,0.9999915217786962,3.844726056728203e-06,0.9999876770526396,0.9000000000000002,True,correct,0.9000000000000002,True,correct,0.1,0.52497918747894,True,correct
DBLP,0.8,49,inner,SRSWOR_65_35,57,conf/vldb/Mohan01,True,2,6rkYIagTMckJ,tAO-l_SkmSwJ,True,0.9999933552803004,0.9999762292470692,1.7126033231340543e-05,0.9000000000000002,True,correct,0.9000000000000002,True,correct,0.1,0.52497918747894,True,correct
DBLP,0.8,49,inner,SRSWOR_65_35,58,conf/sigmod/PossSKL02,True,1,c3QptREmhgAJ,c3QptREmhgAJ,True,0.999994296254719,5.95431591726792e-06,0.9999883419388016,0.9000000000000002,True,correct,0.9000000000000002,True,correct,0.1,0.52497918747894,True,correct
DBLP,0.8,49,inner,SRSWOR_65_35,59,conf/sigmod/CareyMN97,True,4,6YXYnLb8CyYJ,dBgA1e-6LvkJ,True,0.999989844114515,0.999985822339375,4.021775139917416e-06,0.9000000000000002,True,correct,0.9000000000000002,True,correct,0.1,0.52497918747894,True,correct
DBLP,0.8,49,inner,SRSWOR_65_35,60,conf/sigmod/BrinDG95,True,3,7mNCkZ7D-R8J,7mNCkZ7D-R8J,True,0.9999931541295864,0.9999919145028314,1.23962675491196e-06,0.9000000000000002,True,correct,0.9000000000000002,True,correct,0.1,0.52497918747894,True,correct
DBLP,0.8,49,inner,SRSWOR_65_35,61,conf/vldb/RusinkiewiczKTWM95,True,4,019zSr3Lx4EJ,T2fm7Wb1ak4J,True,0.9999935897833844,0.9999919872647852,1.6025185991530575e-06,0.9000000000000002,True,correct,0.9000000000000002,True,correct,0.1,0.52497918747894,True,correct
DBLP,0.8,49,inner,SRSWOR_65_35,62,conf/vldb/BlokWZPAKJ01,True,2,4Ga0Ts2_rp0J,jxPqWIuxhvwJ,True,0.999992045888664,0.9998646286454724,0.0001274172431917,0.9000000000000002,True,correct,0.9000000000000002,True,correct,0.1,0.52497918747894,True,correct
DBLP,0.8,49,inner,SRSWOR_65_35,63,journals/tods/Suciu02,True,1,Y7kHpHu3nP0J,Y7kHpHu3nP0J,True,0.9999867355480502,1.115177085054957e-05,0.9999755837771996,0.9000000000000002,True,correct,0.9000000000000002,True,correct,0.1,0.52497918747894,True,correct
DBLP,0.8,49,inner,SRSWOR_65_35,64,journals/tods/EiterGM97,True,1,WXWcO2ulDQUJ,WXWcO2ulDQUJ,True,0.9999735972512116,0.5069517502289046,0.4930218470223069,0.9000000000000002,True,correct,0.9000000000000002,True,correct,0.1,0.52497918747894,True,correct
DBLP,0.8,49,inner,SRSWOR_65_35,65,conf/sigmod/ChenGMV02,True,1,IqV3EploPP4J,IqV3EploPP4J,True,0.999984481386377,1.0635103718046696e-05,0.999973846282659,0.9000000000000002,True,correct,0.9000000000000002,True,correct,0.1,0.52497918747894,True,correct
DBLP,0.8,49,inner,SRSWOR_65_35,66,conf/sigmod/Rodriguez-Martinez00,True,1,ZX_Rn4h2st0J,ZX_Rn4h2st0J,True,0.9999912284196322,3.183356204107419e-05,0.9999593948575912,0.9000000000000002,True,correct,0.9000000000000002,True,correct,0.1,0.52497918747894,True,correct
DBLP,0.8,49,inner,SRSWOR_65_35,67,journals/sigmod/Snodgrass94,True,2,i7dLYB6NnW0J,SYVDufoTe_IJ,True,0.9999916354903376,0.0001209400222846,0.9998706954680529,0.9000000000000002,True,correct,0.9000000000000002,True,correct,0.1,0.52497918747894,True,correct
DBLP,0.8,49,inner,SRSWOR_65_35,68,conf/vldb/LiC94,True,1,O0rvK0GFmBEJ,O0rvK0GFmBEJ,True,0.9999930913509028,3.614572367641309e-05,0.9999569456272264,0.9000000000000002,True,correct,0.9000000000000002,True,correct,0.1,0.52497918747894,True,correct
DBLP,0.8,49,inner,SRSWOR_65_35,69,journals/vldb/MaedcheMS03,True,1,qKJ1c8D-95wJ,qKJ1c8D-95wJ,True,0.9999942077104884,1.1029021145738849e-05,0.9999831786893426,0.9000000000000002,True,correct,0.9000000000000002,True,correct,0.1,0.52497918747894,True,correct
DBLP,0.8,49,inner,SRSWOR_65_35,70,conf/vldb/Mattos03,True,2,0ZvKAMWwp80J,HeE1NxaX5t8J,True,0.9999934359240504,0.9999695049837488,2.3930940301619685e-05,0.9000000000000002,True,correct,0.9000000000000002,True,correct,0.1,0.52497918747894,True,correct
DBLP,0.8,49,inner,SRSWOR_65_35,71,journals/tods/BunemanO96,True,3,Q28u7TpTgI0J,-ZDi1Wdy_DoJ,True,0.9999913060706168,0.9999907111110496,5.949595673904184e-07,0.9000000000000002,True,correct,0.9000000000000002,True,correct,0.1,0.52497918747894,True,correct
DBLP,0.8,49,inner,SRSWOR_65_35,72,conf/sigmod/GibbsBT94,True,7,28mTFsC-KCIJ,sZifEczLuOUJ,True,0.9999923080874288,0.9999920870473163,2.210401123248218e-07,0.9000000000000002,True,correct,0.9000000000000002,True,correct,0.1,0.52497918747894,True,correct
DBLP,0.8,49,inner,SRSWOR_65_35,73,conf/sigmod/Miller98,True,5,_ExuZq1BkEkJ,fW6JIoNRqAQJ,True,0.9999881347259504,0.9999506005850034,3.753414094698204e-05,0.9000000000000002,True,correct,0.9000000000000002,True,correct,0.1,0.52497918747894,True,correct
DBLP,0.8,49,inner,SRSWOR_65_35,74,journals/sigmod/VenkatraoP95,True,1,qk3LVAuS2SUJ,qk3LVAuS2SUJ,True,0.999987477804656,4.279351383716128e-06,0.9999831984532724,0.9000000000000002,True,correct,0.9000000000000002,True,correct,0.1,0.52497918747894,True,correct
DBLP,0.8,49,inner,SRSWOR_65_35,75,conf/vldb/JiangWL03,True,1,s3bawcAka-EJ,s3bawcAka-EJ,True,0.9999929363348636,0.9776637366726932,0.0223291996621702,0.9000000000000002,True,correct,0.9000000000000002,True,correct,0.1,0.52497918747894,True,correct
DBLP,0.8,49,inner,SRSWOR_65_35,76,conf/vldb/BamfordBKM98,True,1,rfuptELfgLkJ,rfuptELfgLkJ,True,0.9999916505213464,9.059801556015568e-06,0.9999825907197905,0.9000000000000002,True,correct,0.9000000000000002,True,correct,0.1,0.52497918747894,True,correct
DBLP,0.8,49,inner,SRSWOR_65_35,77,conf/vldb/GotoK02,True,1,2Pc6rKYB8ykJ,2Pc6rKYB8ykJ,True,0.9999945054622592,0.0001157122724238,0.9998787931898354,0.9000000000000002,True,correct,0.9000000000000002,True,correct,0.1,0.52497918747894,True,correct
DBLP,0.8,49,inner,SRSWOR_65_35,78,journals/sigmod/MedskerCS95,True,1,url:http://portal.acm.org/ft_gateway.cfm%3Fid%3D202673%26type%3Dpdf%26coll%3DGUIDE%26dl%3DACM%26CFID%3D11111111%26CFTOKEN%3D2222222,url:http://portal.acm.org/ft_gateway.cfm%3Fid%3D202673%26type%3Dpdf%26coll%3DGUIDE%26dl%3DACM%26CFID%3D11111111%26CFTOKEN%3D2222222,True,0.9999931869552136,4.133218420286004e-06,0.9999890537367933,0.9000000000000002,True,correct,0.9000000000000002,True,correct,0.1,0.52497918747894,True,correct
DBLP,0.8,49,inner,SRSWOR_65_35,79,journals/sigmod/RossAKSSY00,False,0,,uPBlQ76s_g4J,False,0.1262867686103765,0.0231425964214187,0.1031441721889577,0.9000000000000002,False,unmatched_abstention,0.9000000000000002,False,unmatched_abstention,0.1,0.52497918747894,False,unmatched_abstention
DBLP,0.8,49,inner,SRSWOR_65_35,80,conf/vldb/ReuterCGSW95,True,1,url:http://portal.acm.org/citation.cfm%3Fid%3D645921.673318,url:http://portal.acm.org/citation.cfm%3Fid%3D645921.673318,True,0.999993520806248,0.998759089366801,0.001234431439447,0.9000000000000002,True,correct,0.9000000000000002,True,correct,0.1,0.52497918747894,True,correct
DBLP,0.8,49,inner,SRSWOR_65_35,81,conf/vldb/StolteA02,True,1,N3Bry6sSMw8J,N3Bry6sSMw8J,True,0.9999872733190616,4.930486425219029e-06,0.9999823428326364,0.9000000000000002,True,correct,0.9000000000000002,True,correct,0.1,0.52497918747894,True,correct
DBLP,0.8,49,inner,SRSWOR_65_35,82,journals/sigmod/KuokFW98,True,4,3oLpUbHFATsJ,3oLpUbHFATsJ,True,0.9999726409902994,0.9999605996310464,1.2041359252923378e-05,0.9000000000000002,True,correct,0.9000000000000002,True,correct,0.1,0.52497918747894,True,correct
DBLP,0.8,49,inner,SRSWOR_65_35,83,journals/sigmod/Stacey95,True,2,2GKNc8zlLRwJ,rdXUggm5kg0J,True,0.9999922360844544,0.9999565066528978,3.572943155660813e-05,0.9000000000000002,True,correct,0.9000000000000002,True,correct,0.1,0.52497918747894,True,correct
DBLP,0.8,49,inner,SRSWOR_65_35,84,journals/sigmod/TsotrasK96,True,3,9HEdn3A13BQJ,9HEdn3A13BQJ,True,0.999605392018922,0.2085697924228018,0.7910355995961202,0.9000000000000002,True,correct,0.9000000000000002,True,correct,0.1,0.52497918747894,True,correct
DBLP,0.8,49,inner,SRSWOR_65_35,85,conf/sigmod/PhanN02,True,1,LLIkm2GMqakJ,LLIkm2GMqakJ,True,0.9999927831282972,6.383447855527246e-06,0.9999863996804416,0.9000000000000002,True,correct,0.9000000000000002,True,correct,0.1,0.52497918747894,True,correct
DBLP,0.8,49,inner,SRSWOR_65_35,86,conf/vldb/Sacks-Davis96,True,1,GkINzG_IffAJ,GkINzG_IffAJ,True,0.999993717555104,7.299351273192188e-06,0.9999864182038308,0.9000000000000002,True,correct,0.9000000000000002,True,correct,0.1,0.52497918747894,True,correct
DBLP,0.8,49,inner,SRSWOR_65_35,87,conf/sigmod/ChenGK01,True,1,8OgkUeiawO0J,8OgkUeiawO0J,True,0.9999896541943862,5.9585893402213326e-05,0.999930068300984,0.9000000000000002,True,correct,0.9000000000000002,True,correct,0.1,0.52497918747894,True,correct
DBLP,0.8,49,inner,SRSWOR_65_35,88,journals/vldb/SuHHHLWLPLL01,True,3,GRzquCzL_OUJ,xcRKDHBIUb8J,True,0.9999945808465678,0.9999942192495082,3.615970596282381e-07,0.9000000000000002,True,correct,0.9000000000000002,True,correct,0.1,0.52497918747894,True,correct
DBLP,0.8,49,inner,SRSWOR_65_35,89,conf/sigmod/Whelan98,True,1,Jp9LEvXjiJAJ,Jp9LEvXjiJAJ,True,0.9999934869622832,4.434768393598211e-06,0.9999890521938896,0.9000000000000002,True,correct,0.9000000000000002,True,correct,0.1,0.52497918747894,True,correct
DBLP,0.8,49,inner,SRSWOR_65_35,90,journals/sigmod/Snodgrass98b,False,0,,NHxHsUH9L5MJ,False,0.031133278642995,0.0113062836865872,0.0198269949564077,0.9000000000000002,False,unmatched_abstention,0.9000000000000002,False,unmatched_abstention,0.1,0.52497918747894,False,unmatched_abstention
DBLP,0.8,49,inner,SRSWOR_65_35,91,conf/sigmod/DoppelhammerHKK97,True,2,LUfRqM48JaEJ,q_A8Y8KY9WkJ,True,0.999994071922975,0.9999887942323736,5.277690601213081e-06,0.9000000000000002,True,correct,0.9000000000000002,True,correct,0.1,0.52497918747894,True,correct
DBLP,0.8,49,inner,SRSWOR_65_35,92,journals/sigmod/Konig-RiesL97,True,2,3fQBks2g-BMJ,url:http://portal.acm.org/ft_gateway.cfm%3Fid%3D262771%26type%3Dpdf%26dl%3DGUIDE%26dl%3DACM%26CFID%3D11111111%26CFTOKEN%3D2222222,True,0.9999923446193326,0.9999918176026152,5.270167173776485e-07,0.9000000000000002,True,correct,0.9000000000000002,True,correct,0.1,0.52497918747894,True,correct
DBLP,0.8,49,inner,SRSWOR_65_35,93,journals/tods/LeveneL99,True,1,iwPgaJ1eQrkJ,iwPgaJ1eQrkJ,True,0.9999933817535056,4.271783580098559e-06,0.9999891099699254,0.9000000000000002,True,correct,0.9000000000000002,True,correct,0.1,0.52497918747894,True,correct
DBLP,0.8,49,inner,SRSWOR_65_35,94,conf/sigmod/CatarciS01,True,1,frbExwv4DiwJ,frbExwv4DiwJ,True,0.9999921730647534,4.448789514456704e-06,0.999987724275239,0.9000000000000002,True,correct,0.9000000000000002,True,correct,0.1,0.52497918747894,True,correct
DBLP,0.8,49,inner,SRSWOR_65_35,95,conf/sigmod/AvnurHLORRRW98,True,1,bEu_llku9NMJ,bEu_llku9NMJ,True,0.9999935527468412,3.5108043891470518e-06,0.999990041942452,0.9000000000000002,True,correct,0.9000000000000002,True,correct,0.1,0.52497918747894,True,correct
DBLP,0.8,49,inner,SRSWOR_65_35,96,conf/sigmod/LlirbatFS97,True,1,hJiwQ2CQRBkJ,hJiwQ2CQRBkJ,True,0.9999928499625316,3.5462617224783285e-06,0.9999893037008092,0.9000000000000002,True,correct,0.9000000000000002,True,correct,0.1,0.52497918747894,True,correct
DBLP,0.8,49,inner,SRSWOR_65_35,97,conf/vldb/Wadler01,True,2,TyF71uAlnLsJ,url:http://portal.acm.org/citation.cfm%3Fid%3D645927.672033,True,0.9999911218663914,0.999972409608903,1.8712257488395775e-05,0.9000000000000002,True,correct,0.9000000000000002,True,correct,0.1,0.52497918747894,True,correct
DBLP,0.8,49,inner,SRSWOR_65_35,98,journals/vldb/SinghalS97,True,1,3fO2448hZgwJ,3fO2448hZgwJ,True,0.999992939809985,3.836389919930404e-06,0.9999891034200652,0.9000000000000002,True,correct,0.9000000000000002,True,correct,0.1,0.52497918747894,True,correct
DBLP,0.8,49,inner,SRSWOR_65_35,99,journals/vldb/GibsonKR00,True,1,9FBwT6XFOssJ,9FBwT6XFOssJ,True,0.9999935330414604,8.586900474652738e-06,0.9999849461409857,0.9000000000000002,True,correct,0.9000000000000002,True,correct,0.1,0.52497918747894,True,correct
DBLP,0.8,49,inner,SRSWOR_65_35,100,journals/sigmod/ChangASS98,True,2,CPzROuDNZqgJ,CPzROuDNZqgJ,True,0.9999938064196928,0.9999886821940784,5.124225614494549e-06,0.9000000000000002,True,correct,0.9000000000000002,True,correct,0.1,0.52497918747894,True,correct
DBLP,0.8,49,inner,SRSWOR_65_35,101,journals/sigmod/SchmidtWKFCMB01,True,3,fc8y9x82jqAJ,fc8y9x82jqAJ,True,0.9999894475779348,0.99998271205212,6.735525814982601e-06,0.9000000000000002,True,correct,0.9000000000000002,True,correct,0.1,0.52497918747894,True,correct
DBLP,0.8,49,inner,SRSWOR_65_35,102,journals/sigmod/Naughton00,False,0,,url:http://portal.acm.org/ft_gateway.cfm%3Fid%3D601859%26type%3Dpdf%26dl%3DGUIDE%26dl%3DACM%26CFID%3D11111111%26CFTOKEN%3D2222222,False,0.070061977046879,0.0006587106161516,0.0694032664307273,0.9000000000000002,False,unmatched_abstention,0.9000000000000002,False,unmatched_abstention,0.1,0.52497918747894,False,unmatched_abstention
DBLP,0.8,49,inner,SRSWOR_65_35,103,conf/vldb/HoelS95,True,3,7KsyQNj74A4J,hwBMsP8-fXcJ,True,0.999993066493792,0.9999907951149036,2.2713788884187736e-06,0.9000000000000002,True,correct,0.9000000000000002,True,correct,0.1,0.52497918747894,True,correct
DBLP,0.8,49,inner,SRSWOR_65_35,104,conf/vldb/BohannonLRSSS97,True,4,GzK2N5eQ0pQJ,GzK2N5eQ0pQJ,True,0.999993734702922,0.999992995814582,7.388883400683e-07,0.9000000000000002,True,correct,0.9000000000000002,True,correct,0.1,0.52497918747894,True,correct
DBLP,0.8,49,inner,SRSWOR_65_35,105,conf/sigmod/GorelikWD94,True,3,1QvhrpZ7KBgJ,1QvhrpZ7KBgJ,True,0.9999765544559824,0.9991224021491056,0.000854152306877,0.9000000000000002,True,correct,0.9000000000000002,True,correct,0.1,0.52497918747894,True,correct
DBLP,0.8,49,inner,SRSWOR_65_35,106,journals/sigmod/PitouraB95,True,1,KlM6IrItVpcJ,KlM6IrItVpcJ,True,0.9999946677413126,5.241900954348706e-06,0.9999894258403584,0.9000000000000002,True,correct,0.9000000000000002,True,correct,0.1,0.52497918747894,True,correct
DBLP,0.8,49,inner,SRSWOR_65_35,107,conf/vldb/BouganimNPW03,True,1,5oXuo8dJ6qAJ,5oXuo8dJ6qAJ,True,0.9999929174477704,0.0001039965200989,0.9998889209276716,0.9000000000000002,True,correct,0.9000000000000002,True,correct,0.1,0.52497918747894,True,correct
DBLP,0.8,49,inner,SRSWOR_65_35,108,conf/sigmod/Ozsu99,True,1,cifMTT3UYjQJ,cifMTT3UYjQJ,True,0.99998506325666,0.524709092939695,0.4752759703169649,0.9000000000000002,True,correct,0.9000000000000002,True,correct,0.1,0.52497918747894,True,correct
DBLP,0.8,49,inner,SRSWOR_65_35,109,conf/sigmod/LiYVGPUV98,True,6,4zDGoqCAWOoJ,6jeHlSgjCskJ,True,0.9999934378518316,0.9999913407080004,2.097143831369941e-06,0.9000000000000002,True,correct,0.9000000000000002,True,correct,0.1,0.52497918747894,True,correct
DBLP,0.8,49,inner,SRSWOR_65_35,110,journals/sigmod/CabreraLM01,True,1,b201QeqnlNkJ,b201QeqnlNkJ,True,0.9999944876542428,4.552230783415818e-06,0.9999899354234594,0.9000000000000002,True,correct,0.9000000000000002,True,correct,0.1,0.52497918747894,True,correct
DBLP,0.8,49,inner,SRSWOR_65_35,111,conf/sigmod/DoRD99,True,2,Q4N41koenF8J,Rviij1nqEcoJ,True,0.999993737886796,0.9999933066005532,4.312862428301756e-07,0.9000000000000002,True,correct,0.9000000000000002,True,correct,0.1,0.52497918747894,True,correct
DBLP,0.8,49,inner,SRSWOR_65_35,112,conf/vldb/Brodie03,True,1,deEJ1JsF8RwJ,deEJ1JsF8RwJ,True,0.999991895279954,3.695660712520528e-06,0.9999881996192416,0.9000000000000002,True,correct,0.9000000000000002,True,correct,0.1,0.52497918747894,True,correct
DBLP,0.8,49,inner,SRSWOR_65_35,113,journals/tods/WandSW99,True,2,nrEQsOAiE44J,pYtOkFSgdXYJ,True,0.9999939272735654,0.9983993237425948,0.0015946035309706,0.9000000000000002,True,correct,0.9000000000000002,True,correct,0.1,0.52497918747894,True,correct
DBLP,0.8,49,inner,SRSWOR_65_35,114,conf/vldb/HammelP02,True,1,SU2XS1MVb40J,SU2XS1MVb40J,True,0.9999919220559528,3.770772533897541e-06,0.9999881512834188,0.9000000000000002,True,correct,0.9000000000000002,True,correct,0.1,0.52497918747894,True,correct
DBLP,0.8,49,inner,SRSWOR_65_35,115,conf/sigmod/RodriguezR00,True,6,Bzj3hMdoqVoJ,UF4wxbIa6FMJ,True,0.9999944689815304,0.999993033233948,1.4357475823789656e-06,0.9000000000000002,True,correct,0.9000000000000002,True,correct,0.1,0.52497918747894,True,correct
DBLP,0.8,49,inner,SRSWOR_65_35,116,conf/sigmod/ChaudhuriGS03,True,1,OFGtGwUHhUQJ,OFGtGwUHhUQJ,True,0.999992643792498,0.0028813179524192,0.9971113258400788,0.9000000000000002,True,correct,0.9000000000000002,True,correct,0.1,0.52497918747894,True,correct
DBLP,0.8,49,inner,SRSWOR_65_35,117,journals/sigmod/SegevJS95,True,1,2kiNfwTpqp4J,2kiNfwTpqp4J,True,0.9999924222165903,0.0001971985638577,0.9997952236527328,0.9000000000000002,True,correct,0.9000000000000002,True,correct,0.1,0.52497918747894,True,correct
DBLP,0.8,49,inner,SRSWOR_65_35,118,journals/tods/CeriFPT95,True,1,DoS7NkmUyYgJ,aphxPCo8qkgJ,False,0.9985793609195664,0.9985709018777188,8.459041847541648e-06,0.9000000000000002,True,false_link,0.9000000000000002,True,false_link,0.1,0.52497918747894,True,false_link
DBLP,0.8,49,inner,SRSWOR_65_35,119,journals/sigmod/Qian94a,False,0,,url:http://portal.acm.org/ft_gateway.cfm%3Fid%3D212022%26type%3Dpdf%26dl%3DGUIDE%26dl%3DACM%26CFID%3D11111111%26CFTOKEN%3D2222222,False,0.0001548367296336,5.608807173710907e-05,9.874865789655564e-05,0.9000000000000002,False,unmatched_abstention,0.9000000000000002,False,unmatched_abstention,0.1,0.52497918747894,False,unmatched_abstention
DBLP,0.8,49,inner,SRSWOR_65_35,120,conf/sigmod/ConsensM94,True,1,u7rv6LAF8s8J,u7rv6LAF8s8J,True,0.9970024037484312,1.0231917476096656e-05,0.996992171830955,0.9000000000000002,True,correct,0.9000000000000002,True,correct,0.1,0.52497918747894,True,correct
DBLP,0.8,49,inner,SRSWOR_65_35,121,conf/vldb/AgrawalKSX02,True,1,XK-KPRa2qjcJ,XK-KPRa2qjcJ,True,0.9999845920011268,9.236033929384694e-05,0.9998922316618328,0.9000000000000002,True,correct,0.9000000000000002,True,correct,0.1,0.52497918747894,True,correct
DBLP,0.8,49,inner,SRSWOR_65_35,122,conf/sigmod/CasatiS01,True,2,2_VG_VUkHH8J,7H9j9z0x_3UJ,True,0.9999953314049684,0.99999300325845,2.3281465183488947e-06,0.9000000000000002,True,correct,0.9000000000000002,True,correct,0.1,0.52497918747894,True,correct
DBLP,0.8,49,inner,SRSWOR_65_35,123,journals/sigmod/MarchiLPT03,True,2,9dgFU6XaLrwJ,9dgFU6XaLrwJ,True,0.9999928137727464,0.9999301154367246,6.269833602168262e-05,0.9000000000000002,True,correct,0.9000000000000002,True,correct,0.1,0.52497918747894,True,correct
DBLP,0.8,49,inner,SRSWOR_65_35,124,journals/sigmod/TaninBS96,True,5,4sRgCLIWKncJ,KUB7XvwH30AJ,True,0.9999915590268944,0.999990511776908,1.0472499865077367e-06,0.9000000000000002,True,correct,0.9000000000000002,True,correct,0.1,0.52497918747894,True,correct
DBLP,0.8,49,inner,SRSWOR_65_35,125,journals/sigmod/AbiteboulH95,True,1,kUA9e6YP8igJ,kUA9e6YP8igJ,True,0.9999487283669436,5.273076169353697e-05,0.99989599760525,0.9000000000000002,True,correct,0.9000000000000002,True,correct,0.1,0.52497918747894,True,correct
DBLP,0.8,49,inner,SRSWOR_65_35,126,journals/sigmod/BunemanFSW01,False,0,,FLey09ZW6NgJ,False,0.0441579054297721,0.0003775758313656,0.0437803295984064,0.9000000000000002,False,unmatched_abstention,0.9000000000000002,False,unmatched_abstention,0.1,0.52497918747894,False,unmatched_abstention
DBLP,0.8,49,inner,SRSWOR_65_35,127,conf/sigmod/BreunigKKS01,True,3,3ET_IEkoGjYJ,LxyVmHubIfUJ,True,0.9999939525868532,0.9999939379723696,1.4614483845321048e-08,0.9000000000000002,True,correct,0.9000000000000002,True,correct,0.1,0.52497918747894,True,correct
DBLP,0.8,49,inner,SRSWOR_65_35,128,conf/vldb/CareyKRLABFLOPQRSSUVWY01,True,1,_pAcjtd1nbEJ,_pAcjtd1nbEJ,True,0.999991402914518,6.557756444621308e-06,0.9999848451580732,0.9000000000000002,True,correct,0.9000000000000002,True,correct,0.1,0.52497918747894,True,correct
DBLP,0.8,49,inner,SRSWOR_65_35,129,conf/vldb/ZurekS99,True,1,mEdoUlcnDsgJ,mEdoUlcnDsgJ,True,0.9999949071158836,3.625023852103281e-06,0.9999912820920316,0.9000000000000002,True,correct,0.9000000000000002,True,correct,0.1,0.52497918747894,True,correct
DBLP,0.8,49,inner,SRSWOR_65_35,130,conf/vldb/BouganimFV96,True,1,TiffIV1Y6AMJ,TiffIV1Y6AMJ,True,0.9999923876377526,0.02688411558486,0.9731082720528924,0.9000000000000002,True,correct,0.9000000000000002,True,correct,0.1,0.52497918747894,True,correct
DBLP,0.8,49,inner,SRSWOR_65_35,131,conf/sigmod/ClaypoolRZSK01,True,1,1VWOXPII9HUJ,1VWOXPII9HUJ,True,0.9999884887174624,3.804633270801362e-06,0.9999846840841916,0.9000000000000002,True,correct,0.9000000000000002,True,correct,0.1,0.52497918747894,True,correct
DBLP,0.8,49,inner,SRSWOR_65_35,132,journals/vldb/DiazJ97,True,1,RKAY1aZAeCoJ,RKAY1aZAeCoJ,True,0.9999921240356676,5.361241508543621e-06,0.9999867627941592,0.9000000000000002,True,correct,0.9000000000000002,True,correct,0.1,0.52497918747894,True,correct
DBLP,0.8,49,inner,SRSWOR_65_35,133,conf/sigmod/DasuJMS02,True,3,POt1WbTBB4cJ,POt1WbTBB4cJ,True,0.9999888478675524,0.9999884177470948,4.3012045758406003e-07,0.9000000000000002,True,correct,0.9000000000000002,True,correct,0.1,0.52497918747894,True,correct
DBLP,0.8,49,inner,SRSWOR_65_35,134,journals/sigmod/SnodgrassHMOPRRWY98,False,0,,uPBlQ76s_g4J,False,0.8438740420996494,0.0563835255235688,0.7874905165760806,0.9000000000000002,False,unmatched_abstention,0.9000000000000002,False,unmatched_abstention,0.1,0.52497918747894,True,false_link
DBLP,0.8,49,inner,SRSWOR_65_35,135,journals/vldb/BunemanFS00,True,1,E_CQlx3K0W4J,E_CQlx3K0W4J,True,0.9999940724034964,1.8725781772339818e-05,0.999975346621724,0.9000000000000002,True,correct,0.9000000000000002,True,correct,0.1,0.52497918747894,True,correct
DBLP,0.8,49,inner,SRSWOR_65_35,136,conf/sigmod/KatayamaS97,True,5,8_ZvLWzd8cEJ,G-XP436aGVAJ,True,0.9999932175604042,0.999990171395998,3.046164406272922e-06,0.9000000000000002,True,correct,0.9000000000000002,True,correct,0.1,0.52497918747894,True,correct
DBLP,0.8,49,inner,SRSWOR_65_35,137,conf/sigmod/Bussler01,True,1,UYIeOe280OwJ,UYIeOe280OwJ,True,0.9999203995901474,0.0333264918478938,0.9665939077422536,0.9000000000000002,True,correct,0.9000000000000002,True,correct,0.1,0.52497918747894,True,correct
DBLP,0.8,49,inner,SRSWOR_65_35,138,conf/sigmod/DarEGP98,True,1,ewnL82c8kiMJ,ewnL82c8kiMJ,True,0.9999942095551856,0.0001616243784881,0.9998325851766976,0.9000000000000002,True,correct,0.9000000000000002,True,correct,0.1,0.52497918747894,True,correct
DBLP,0.8,49,inner,SRSWOR_65_35,139,journals/sigmod/GamacheS95,True,1,vqgfvx71hgQJ,vqgfvx71hgQJ,True,0.9999937978846556,3.719335898920621e-06,0.9999900785487564,0.9000000000000002,True,correct,0.9000000000000002,True,correct,0.1,0.52497918747894,True,correct
DBLP,0.8,49,inner,SRSWOR_65_35,140,journals/vldb/GarofalakisOS98,True,1,byJ0lVRijnkJ,byJ0lVRijnkJ,True,0.999994441362726,0.0001098532010432,0.9998845881616828,0.9000000000000002,True,correct,0.9000000000000002,True,correct,0.1,0.52497918747894,True,correct
DBLP,0.8,49,inner,SRSWOR_65_35,141,journals/sigmod/Danish98,True,2,J2Mi5B81Il0J,mKZyoPZArGcJ,True,0.99999193117964,0.0259495640376775,0.9740423671419626,0.9000000000000002,True,correct,0.9000000000000002,True,correct,0.1,0.52497918747894,True,correct
DBLP,0.8,49,inner,SRSWOR_65_35,142,conf/sigmod/BenediktCFFR03,True,1,T5ZdpquqfJ0J,T5ZdpquqfJ0J,True,0.9999937823033792,3.7866357315187175e-06,0.9999899956676476,0.9000000000000002,True,correct,0.9000000000000002,True,correct,0.1,0.52497918747894,True,correct
DBLP,0.8,49,inner,SRSWOR_65_35,143,conf/vldb/DeutschT03,True,1,qkJ_IyVmLfUJ,qkJ_IyVmLfUJ,True,0.999994816050142,4.053039275432984e-06,0.9999907630108666,0.9000000000000002,True,correct,0.9000000000000002,True,correct,0.1,0.52497918747894,True,correct
DBLP,0.8,49,inner,SRSWOR_65_35,144,conf/vldb/Ioannidis03,True,1,jELnwotIy9kJ,jELnwotIy9kJ,True,0.9999899731579864,8.620368605811895e-06,0.9999813527893808,0.9000000000000002,True,correct,0.9000000000000002,True,correct,0.1,0.52497918747894,True,correct
DBLP,0.8,49,inner,SRSWOR_65_35,145,conf/vldb/Schoning03,True,1,4NM5WR1WtPcJ,4NM5WR1WtPcJ,True,0.9999906727278434,5.2295927930641885e-06,0.9999854431350504,0.9000000000000002,True,correct,0.9000000000000002,True,correct,0.1,0.52497918747894,True,correct
DBLP,0.8,49,inner,SRSWOR_65_35,146,journals/sigmod/GalianoM03,False,0,,gIKwrx708HMJ,False,0.997263778900852,0.5200927289590239,0.4771710499418281,0.9000000000000002,True,false_link,0.9000000000000002,True,false_link,0.1,0.52497918747894,True,false_link
DBLP,0.8,49,inner,SRSWOR_65_35,147,conf/sigmod/YangM97,True,5,57m7NniyTrkJ,WcA1L5srKj4J,True,0.9999927463719588,0.9999922581176156,4.882543429562958e-07,0.9000000000000002,True,correct,0.9000000000000002,True,correct,0.1,0.52497918747894,True,correct
DBLP,0.8,49,inner,SRSWOR_65_35,148,conf/vldb/Cluet03,True,1,faRBjw1op8YJ,faRBjw1op8YJ,True,0.9999880462387832,1.0161097518009706e-05,0.9999778851412652,0.9000000000000002,True,correct,0.9000000000000002,True,correct,0.1,0.52497918747894,True,correct
DBLP,0.8,49,inner,SRSWOR_65_35,149,journals/sigmod/Cetintemel01,True,1,CAKcsKXFoCoJ,CAKcsKXFoCoJ,True,0.999993875201464,3.7116786775313705e-06,0.9999901635227864,0.9000000000000002,True,correct,0.9000000000000002,True,correct,0.1,0.52497918747894,True,correct
DBLP,0.8,49,inner,SRSWOR_65_35,150,journals/vldb/DeWittNSV96,True,1,WTuHfc-D3TwJ,WTuHfc-D3TwJ,True,0.9999904626611626,3.882596692953737e-06,0.9999865800644696,0.9000000000000002,True,correct,0.9000000000000002,True,correct,0.1,0.52497918747894,True,correct
DBLP,0.8,49,inner,SRSWOR_65_35,151,conf/sigmod/CallanCD99,True,3,8UP-2TRKI5wJ,eWVreKOw_QgJ,True,0.9999930536408832,0.999979321454498,1.3732186385340128e-05,0.9000000000000002,True,correct,0.9000000000000002,True,correct,0.1,0.52497918747894,True,correct
DBLP,0.8,49,inner,SRSWOR_65_35,152,conf/sigmod/McAuliffeCS96,True,2,c__Nxyn_uvwJ,c__Nxyn_uvwJ,True,0.999993499224208,0.999770541206747,0.0002229580174609,0.9000000000000002,True,correct,0.9000000000000002,True,correct,0.1,0.52497918747894,True,correct
DBLP,0.8,49,inner,SRSWOR_65_35,153,journals/sigmod/RamDD99,True,2,kHE9-cv77fwJ,uA-E1lBgLe0J,True,0.9999932470879332,0.9996592711252898,0.0003339759626433,0.9000000000000002,True,correct,0.9000000000000002,True,correct,0.1,0.52497918747894,True,correct
DBLP,0.8,49,inner,SRSWOR_65_35,154,conf/sigmod/LeflerSW96,True,1,4b12cZc8QK4J,4b12cZc8QK4J,True,0.9999950015562064,6.263236036769779e-06,0.9999887383201695,0.9000000000000002,True,correct,0.9000000000000002,True,correct,0.1,0.52497918747894,True,correct
DBLP,0.8,49,inner,SRSWOR_65_35,155,conf/sigmod/Chan98,True,1,oo2mr5fbMggJ,oo2mr5fbMggJ,True,0.999993108413922,0.1001459387923458,0.8998471696215762,0.9000000000000002,True,correct,0.9000000000000002,True,correct,0.1,0.52497918747894,True,correct
DBLP,0.8,49,inner,SRSWOR_65_35,156,journals/sigmod/Kuijpers02,True,1,url:http://portal.acm.org/citation.cfm%3Fid%3D601858.601866%26dl%3DGUIDE%26dl%3DACM%26idx%3DJ689%26part%3Dperiodical%26WantType%3Dperiodical%26title%3DACM%2520SIGMOD%2520Record%26CFID%3D11111111%26CFTOKEN%3D2222222,06Ut4zQ7xWQJ,False,0.999980916161095,0.999975313658678,5.60250241699034e-06,0.9000000000000002,True,false_link,0.9000000000000002,True,false_link,0.1,0.52497918747894,True,false_link
DBLP,0.8,49,inner,SRSWOR_65_35,157,journals/sigmod/NascimentoM99,True,1,url:http://portal.acm.org/ft_gateway.cfm%3Fid%3D310062%26type%3Dpdf%26dl%3DGUIDE%26dl%3DACM%26CFID%3D11111111%26CFTOKEN%3D2222222,url:http://portal.acm.org/ft_gateway.cfm%3Fid%3D310062%26type%3Dpdf%26dl%3DGUIDE%26dl%3DACM%26CFID%3D11111111%26CFTOKEN%3D2222222,True,0.9999920446293596,1.3296989124901937e-05,0.9999787476402348,0.9000000000000002,True,correct,0.9000000000000002,True,correct,0.1,0.52497918747894,True,correct
DBLP,0.8,49,inner,SRSWOR_65_35,158,conf/vldb/StanoiRAA01,True,1,SBpUQ0L7KUgJ,SBpUQ0L7KUgJ,True,0.9999941190705836,3.649607156597223e-06,0.999990469463427,0.9000000000000002,True,correct,0.9000000000000002,True,correct,0.1,0.52497918747894,True,correct
DBLP,0.8,49,inner,SRSWOR_65_35,159,conf/vldb/BunemanDHOW95,True,1,95LnCs7V35YJ,95LnCs7V35YJ,True,0.999993310665468,3.838150135468817e-06,0.9999894725153324,0.9000000000000002,True,correct,0.9000000000000002,True,correct,0.1,0.52497918747894,True,correct
DBLP,0.8,49,inner,SRSWOR_65_35,160,conf/sigmod/RaoZML02,True,2,7Ucs6vmjHN0J,c2PgXbSSAFcJ,True,0.999991833303335,0.9999916592756324,1.740277026929249e-07,0.9000000000000002,True,correct,0.9000000000000002,True,correct,0.1,0.52497918747894,True,correct
DBLP,0.8,49,inner,SRSWOR_65_35,161,journals/vldb/IshakbeyogluO98,True,1,O9A-15rmzOsJ,O9A-15rmzOsJ,True,0.9999903519322528,3.7126876346938384e-06,0.999986639244618,0.9000000000000002,True,correct,0.9000000000000002,True,correct,0.1,0.52497918747894,True,correct
DBLP,0.8,49,inner,SRSWOR_65_35,162,conf/sigmod/MerialdoAMMP00,True,1,Qq0WheHyVv8J,Qq0WheHyVv8J,True,0.9999946551864248,4.355101995037007e-06,0.99999030008443,0.9000000000000002,True,correct,0.9000000000000002,True,correct,0.1,0.52497918747894,True,correct
DBLP,0.8,49,inner,SRSWOR_65_35,163,journals/sigmod/Critchlow01,True,1,wuQbvQAcACsJ,wuQbvQAcACsJ,True,0.9999900129724196,4.532671836029041e-06,0.9999854803005838,0.9000000000000002,True,correct,0.9000000000000002,True,correct,0.1,0.52497918747894,True,correct
DBLP,0.8,49,inner,SRSWOR_65_35,164,journals/sigmod/Winslett03c,False,0,,GCVMmOSZn0AJ,False,0.0002359280980237,1.854884694536166e-05,0.0002173792510783,0.9000000000000002,False,unmatched_abstention,0.9000000000000002,False,unmatched_abstention,0.1,0.52497918747894,False,unmatched_abstention
DBLP,0.8,49,inner,SRSWOR_65_35,165,journals/sigmod/Halevy03,True,1,706PCMwA_E4J,706PCMwA_E4J,True,0.9999947506101382,5.860404707467832e-06,0.9999888902054308,0.9000000000000002,True,correct,0.9000000000000002,True,correct,0.1,0.52497918747894,True,correct
DBLP,0.8,49,inner,SRSWOR_65_35,166,conf/sigmod/KrollW94,True,4,AMvcOVWQiNEJ,zd_8s13rNRoJ,True,0.9999900828162044,0.9999877703502482,2.312465956055832e-06,0.9000000000000002,True,correct,0.9000000000000002,True,correct,0.1,0.52497918747894,True,correct
DBLP,0.8,49,inner,SRSWOR_65_35,167,conf/vldb/SteinbrunnPMK95,True,2,EPtaqugcCyMJ,EPtaqugcCyMJ,True,0.9999927301668204,0.9995572787669916,0.0004354513998288,0.9000000000000002,True,correct,0.9000000000000002,True,correct,0.1,0.52497918747894,True,correct
DBLP,0.8,49,inner,SRSWOR_65_35,168,conf/vldb/JagadishMN99,True,3,9rDll5YAQnoJ,RPWDtUmq6_QJ,True,0.9999909562115163,0.9999864001167912,4.556094725050031e-06,0.9000000000000002,True,correct,0.9000000000000002,True,correct,0.1,0.52497918747894,True,correct
DBLP,0.8,49,inner,SRSWOR_65_35,169,conf/sigmod/BabcockBDM03,True,4,a2wqpKma5J4J,a2wqpKma5J4J,True,0.9999936376961278,0.9999934245210492,2.1317507870044494e-07,0.9000000000000002,True,correct,0.9000000000000002,True,correct,0.1,0.52497918747894,True,correct
DBLP,0.8,49,inner,SRSWOR_65_35,170,conf/vldb/GaoS03,True,1,BEpwgIQR6r4J,BEpwgIQR6r4J,True,0.999989821289688,3.700972338126453e-06,0.9999861203173498,0.9000000000000002,True,correct,0.9000000000000002,True,correct,0.1,0.52497918747894,True,correct
DBLP,0.8,49,inner,SRSWOR_65_35,171,conf/vldb/Brodie00,True,1,uFCOiVkDZE8J,uFCOiVkDZE8J,True,0.9999901595317512,0.9940843650048306,0.0059057945269206,0.9000000000000002,True,correct,0.9000000000000002,True,correct,0.1,0.52497918747894,True,correct
DBLP,0.8,49,inner,SRSWOR_65_35,172,journals/tods/ShashaLSV95,True,1,0aVKzjogLlAJ,0aVKzjogLlAJ,True,0.9999933204252084,7.538119144744686e-06,0.9999857823060636,0.9000000000000002,True,correct,0.9000000000000002,True,correct,0.1,0.52497918747894,True,correct
DBLP,0.8,49,inner,SRSWOR_65_35,173,conf/sigmod/BerchtoldK98,True,5,9UYo0M1RV7oJ,pKKu82IYP9EJ,True,0.9999941222889576,0.9999935454443918,5.768445658915766e-07,0.9000000000000002,True,correct,0.9000000000000002,True,correct,0.1,0.52497918747894,True,correct
DBLP,0.8,49,inner,SRSWOR_65_35,174,conf/vldb/Bowker00,True,1,fAHjV8C1hLcJ,fAHjV8C1hLcJ,True,0.999994633551082,1.3333712698281695e-05,0.9999812998383836,0.9000000000000002,True,correct,0.9000000000000002,True,correct,0.1,0.52497918747894,True,correct
DBLP,0.8,49,inner,SRSWOR_65_35,175,conf/vldb/PedersenJD00,True,1,bSRLP5_ErFMJ,bSRLP5_ErFMJ,True,0.9999932460188028,5.8473711272447245e-05,0.9999347723075304,0.9000000000000002,True,correct,0.9000000000000002,True,correct,0.1,0.52497918747894,True,correct
DBLP,0.8,49,inner,SRSWOR_65_35,176,journals/sigmod/Bussler02,True,1,Phcd3C1cfLcJ,Phcd3C1cfLcJ,True,0.999993225039978,1.0170656626893249e-05,0.9999830543833512,0.9000000000000002,True,correct,0.9000000000000002,True,correct,0.1,0.52497918747894,True,correct
DBLP,0.8,49,inner,SRSWOR_65_35,177,conf/vldb/GoyalHSS95,True,3,2sGH4SLcdL4J,2sGH4SLcdL4J,True,0.9999922397856666,0.9999895831898268,2.656595839867215e-06,0.9000000000000002,True,correct,0.9000000000000002,True,correct,0.1,0.52497918747894,True,correct
DBLP,0.8,49,inner,SRSWOR_65_35,178,journals/vldb/TanGO00,True,1,url:http://www.springerlink.com/index/4N8LT3XHXGCR8DLW.pdf,url:http://www.springerlink.com/index/4N8LT3XHXGCR8DLW.pdf,True,0.9999845107798588,5.41532007367024e-06,0.9999790954597852,0.9000000000000002,True,correct,0.9000000000000002,True,correct,0.1,0.52497918747894,True,correct
DBLP,0.8,49,inner,SRSWOR_65_35,179,conf/vldb/ManolescuFK01,True,4,ckjlnFHOwd8J,inDI0X1MJG4J,True,0.9999721394436556,0.9999719873734046,1.520702509472116e-07,0.9000000000000002,True,correct,0.9000000000000002,True,correct,0.1,0.52497918747894,True,correct
DBLP,0.8,49,inner,SRSWOR_65_35,180,conf/vldb/DattaDTVRF01,True,3,8_5A88ESaQ0J,mPBmOUreSecJ,True,0.9999822084052312,0.9995011670287552,0.0004810413764761,0.9000000000000002,True,correct,0.9000000000000002,True,correct,0.1,0.52497918747894,True,correct
DBLP,0.8,49,inner,SRSWOR_65_35,181,journals/sigmod/JaegerF95,True,2,oacFELqmw0cJ,oacFELqmw0cJ,True,0.9999842864920214,0.9999815663048196,2.7201872018212114e-06,0.9000000000000002,True,correct,0.9000000000000002,True,correct,0.1,0.52497918747894,True,correct
DBLP,0.8,49,inner,SRSWOR_65_35,182,conf/sigmod/ColbyKLMR97,True,3,0FohHTWs5toJ,0FohHTWs5toJ,True,0.9999925321530196,0.9999871038489582,5.428304061472211e-06,0.9000000000000002,True,correct,0.9000000000000002,True,correct,0.1,0.52497918747894,True,correct
DBLP,0.8,49,inner,SRSWOR_65_35,183,journals/sigmod/Elderini02,False,0,,url:http://portal.acm.org/citation.cfm%3Fid%3D974121.974130%26coll%3DGUIDE%26dl%3DACM%26type%3Dissue%26idx%3DJ689%26part%3Dperiodical%26WantType%3Dperiodical%26title%3DACM%2520SIGMOD%2520Record%26CFID%3D11111111%26CFTOKEN%3D2222222,False,1.0662563934648288e-05,9.963283256731358e-06,6.992806779169296e-07,0.9000000000000002,False,unmatched_abstention,0.9000000000000002,False,unmatched_abstention,0.1,0.52497918747894,False,unmatched_abstention
DBLP,0.8,49,inner,SRSWOR_65_35,184,conf/vldb/ViglasNB03,True,1,GGX9LS25OhwJ,GGX9LS25OhwJ,True,0.9999938870997466,4.381994434390035e-06,0.999989505105312,0.9000000000000002,True,correct,0.9000000000000002,True,correct,0.1,0.52497918747894,True,correct
DBLP,0.8,49,inner,SRSWOR_65_35,185,conf/sigmod/LometT99,True,1,JvZ9JWtn72QJ,JvZ9JWtn72QJ,True,0.9999923361677794,3.9149854193403e-06,0.99998842118236,0.9000000000000002,True,correct,0.9000000000000002,True,correct,0.1,0.52497918747894,True,correct
DBLP,0.8,49,inner,SRSWOR_65_35,186,conf/sigmod/BreitbartKRSS99,True,1,XV2lpkhWCsYJ,XV2lpkhWCsYJ,True,0.9999932675619058,7.013349228180228e-06,0.9999862542126776,0.9000000000000002,True,correct,0.9000000000000002,True,correct,0.1,0.52497918747894,True,correct
DBLP,0.8,49,inner,SRSWOR_65_35,187,conf/sigmod/GarofalakisG02,True,2,6EaC2CmjsmAJ,6EaC2CmjsmAJ,True,0.999990382284598,0.9807956272919734,0.0191947549926244,0.9000000000000002,True,correct,0.9000000000000002,True,correct,0.1,0.52497918747894,True,correct
DBLP,0.8,49,inner,SRSWOR_65_35,188,conf/vldb/Huyn01,True,1,SbL4xw4mCewJ,SbL4xw4mCewJ,True,0.9999922700322694,3.696238766486855e-06,0.9999885737935028,0.9000000000000002,True,correct,0.9000000000000002,True,correct,0.1,0.52497918747894,True,correct
DBLP,0.8,49,inner,SRSWOR_65_35,189,conf/vldb/Slutz98,True,1,1blbGQk5ZpUJ,1blbGQk5ZpUJ,True,0.9999911853928248,3.964576749933697e-06,0.9999872208160748,0.9000000000000002,True,correct,0.9000000000000002,True,correct,0.1,0.52497918747894,True,correct
DBLP,0.8,49,inner,SRSWOR_65_35,190,conf/vldb/RothS97,True,12,1fQr1rJ4yCwJ,1fQr1rJ4yCwJ,True,0.9999951388423508,0.9999944817843596,6.570579913489638e-07,0.9000000000000002,True,correct,0.9000000000000002,True,correct,0.1,0.52497918747894,True,correct
DBLP,0.8,49,inner,SRSWOR_65_35,191,conf/vldb/HsuLOMTX02,True,1,Px35BrWc6_EJ,Px35BrWc6_EJ,True,0.9999930139464018,5.189875884008425e-06,0.9999878240705178,0.9000000000000002,True,correct,0.9000000000000002,True,correct,0.1,0.52497918747894,True,correct
DBLP,0.8,49,inner,SRSWOR_65_35,192,conf/sigmod/FegarasM95,True,4,LSWVPfB8TC4J,LSWVPfB8TC4J,True,0.9999927507079652,0.999970235998377,2.2514709588361548e-05,0.9000000000000002,True,correct,0.9000000000000002,True,correct,0.1,0.52497918747894,True,correct
DBLP,0.8,49,inner,SRSWOR_65_35,193,journals/sigmod/GottlobKP03a,True,1,rDRdlwdHGb0J,rDRdlwdHGb0J,True,0.999991140262537,6.635144733961609e-05,0.9999247888151974,0.9000000000000002,True,correct,0.9000000000000002,True,correct,0.1,0.52497918747894,True,correct
DBLP,0.8,49,inner,SRSWOR_65_35,194,conf/vldb/MorishimaKKT01,True,1,8hDo6qczOzMJ,8hDo6qczOzMJ,True,0.9999878022534118,4.444646349071909e-06,0.9999833576070628,0.9000000000000002,True,correct,0.9000000000000002,True,correct,0.1,0.52497918747894,True,correct
DBLP,0.8,49,inner,SRSWOR_65_35,195,conf/vldb/Vaskevitch95,True,1,s6Ax0WdZp6IJ,s6Ax0WdZp6IJ,True,0.9999877325038176,1.0040736011766963e-05,0.999977691767806,0.9000000000000002,True,correct,0.9000000000000002,True,correct,0.1,0.52497918747894,True,correct
DBLP,0.8,49,inner,SRSWOR_65_35,196,conf/sigmod/Seshadri03,False,0,,U9tDRbbUCSYJ,False,3.7794886905223214e-06,3.655204646619508e-06,1.2428404390281308e-07,0.9000000000000002,False,unmatched_abstention,0.9000000000000002,False,unmatched_abstention,0.1,0.52497918747894,False,unmatched_abstention
DBLP,0.8,49,inner,SRSWOR_65_35,197,journals/sigmod/Segev94b,False,0,,C84rFQN_ug0J,False,5.30187751147517e-05,1.7702132433428235e-05,3.531664268132347e-05,0.9000000000000002,False,unmatched_abstention,0.9000000000000002,False,unmatched_abstention,0.1,0.52497918747894,False,unmatched_abstention
DBLP,0.8,49,inner,SRSWOR_65_35,198,journals/vldb/KieslingSSD94,True,1,bvFRYOianJUJ,bvFRYOianJUJ,True,0.9999922233387984,4.016232308085481e-06,0.9999882071064904,0.9000000000000002,True,correct,0.9000000000000002,True,correct,0.1,0.52497918747894,True,correct
DBLP,0.8,49,inner,SRSWOR_65_35,199,conf/sigmod/Kramer97,True,2,FZRPzy583jAJ,FZRPzy583jAJ,True,0.9999920584177356,0.9999786172551144,1.3441162621252722e-05,0.9000000000000002,True,correct,0.9000000000000002,True,correct,0.1,0.52497918747894,True,correct
DBLP,0.8,49,inner,SRSWOR_65_35,200,conf/vldb/ManegoldBK00,True,3,-7hYJxFD-AsJ,JgdpgBpMDr4J,True,0.9999918297199288,0.9999892757081148,2.5540118138156487e-06,0.9000000000000002,True,correct,0.9000000000000002,True,correct,0.1,0.52497918747894,True,correct
DBLP,0.8,49,inner,SRSWOR_65_35,201,conf/vldb/LeeL99,True,1,szHsyFiOuwAJ,szHsyFiOuwAJ,True,0.9999920606137824,3.615074228043644e-06,0.9999884455395543,0.9000000000000002,True,correct,0.9000000000000002,True,correct,0.1,0.52497918747894,True,correct
DBLP,0.8,49,inner,SRSWOR_65_35,202,journals/sigmod/BerzalM02,False,0,,U7glO1ebLPYJ,False,0.8139980328780597,0.003853499776387,0.8101445331016727,0.9000000000000002,False,unmatched_abstention,0.9000000000000002,False,unmatched_abstention,0.1,0.52497918747894,True,false_link
DBLP,0.8,49,inner,SRSWOR_65_35,203,conf/vldb/BettiniJWW02,True,3,Aq_TE_cWEQkJ,ghIMekzCkMQJ,True,0.9999944637887294,0.999993920806958,5.429817713231699e-07,0.9000000000000002,True,correct,0.9000000000000002,True,correct,0.1,0.52497918747894,True,correct
DBLP,0.8,49,inner,SRSWOR_65_35,204,journals/vldb/KamelWS94,True,1,tYBrsGkj1a0J,tYBrsGkj1a0J,True,0.9999935120137488,3.882630017562088e-06,0.9999896293837311,0.9000000000000002,True,correct,0.9000000000000002,True,correct,0.1,0.52497918747894,True,correct
DBLP,0.8,49,inner,SRSWOR_65_35,205,journals/sigmod/Alonso94b,False,0,,url:http://www.springerlink.com/index/X256555608656055.pdf,False,2.2234538871384486e-05,1.93528852361378e-05,2.881653635246685e-06,0.9000000000000002,False,unmatched_abstention,0.9000000000000002,False,unmatched_abstention,0.1,0.52497918747894,False,unmatched_abstention
DBLP,0.8,49,inner,SRSWOR_65_35,206,conf/vldb/LiM01,True,3,9vDm1Q41J8oJ,vkMYwC5tzUgJ,True,0.999993999728026,0.9999794793985548,1.4520329471023883e-05,0.9000000000000002,True,correct,0.9000000000000002,True,correct,0.1,0.52497918747894,True,correct
DBLP,0.8,49,inner,SRSWOR_65_35,207,journals/vldb/PoulovassilisS96,True,2,0BMQ7HirTaUJ,B87s9MFTeZ8J,True,0.999991355320704,0.0192514878333568,0.9807398674873472,0.9000000000000002,True,correct,0.9000000000000002,True,correct,0.1,0.52497918747894,True,correct
DBLP,0.8,49,inner,SRSWOR_65_35,208,conf/vldb/RamasamyPNK00,True,1,wR0R0jS5J6oJ,wR0R0jS5J6oJ,True,0.9999924703517538,4.274501717717069e-06,0.999988195850036,0.9000000000000002,True,correct,0.9000000000000002,True,correct,0.1,0.52497918747894,True,correct
DBLP,0.8,49,inner,SRSWOR_65_35,209,journals/tods/HsuSY01,True,2,dkdzE1VG71sJ,dkdzE1VG71sJ,True,0.9999324911094905,0.9927898774714726,0.0071426136380178,0.9000000000000002,True,correct,0.9000000000000002,True,correct,0.1,0.52497918747894,True,correct
DBLP,0.8,49,inner,SRSWOR_65_35,210,conf/sigmod/ShenoyHSBBS00,True,3,SipDBj3SOb4J,SipDBj3SOb4J,True,0.9999902346015588,0.9999865316249416,3.702976617114828e-06,0.9000000000000002,True,correct,0.9000000000000002,True,correct,0.1,0.52497918747894,True,correct
DBLP,0.8,49,inner,SRSWOR_65_35,211,journals/vldb/HaasCLS97,True,2,AypWukSuKVoJ,AypWukSuKVoJ,True,0.999993959290421,0.9999689921137936,2.4967176627477272e-05,0.9000000000000002,True,correct,0.9000000000000002,True,correct,0.1,0.52497918747894,True,correct
DBLP,0.8,49,inner,SRSWOR_65_35,212,conf/sigmod/HanFHCC94,True,3,6M-fnuhWEOIJ,dvmROCT52KoJ,True,0.9999933539494272,0.9999923454296656,1.0085197618137087e-06,0.9000000000000002,True,correct,0.9000000000000002,True,correct,0.1,0.52497918747894,True,correct
DBLP,0.8,49,inner,SRSWOR_65_35,213,journals/vldb/RahmB01,True,6,707RPzHAB8YJ,OmmFvfvPT6MJ,True,0.9999946113040054,0.9999933460855028,1.265218502410903e-06,0.9000000000000002,True,correct,0.9000000000000002,True,correct,0.1,0.52497918747894,True,correct
DBLP,0.8,49,inner,SRSWOR_65_35,214,conf/vldb/Raghavan96,True,1,zuVOWDbv0lsJ,zuVOWDbv0lsJ,True,0.9999912028855392,5.2238206848395095e-06,0.9999859790648544,0.9000000000000002,True,correct,0.9000000000000002,True,correct,0.1,0.52497918747894,True,correct
DBLP,0.8,49,inner,SRSWOR_65_35,215,conf/vldb/KornMS02,True,1,mClzTQppJE4J,mClzTQppJE4J,True,0.9999890482872434,7.548240654743856e-06,0.9999815000465888,0.9000000000000002,True,correct,0.9000000000000002,True,correct,0.1,0.52497918747894,True,correct
DBLP,0.8,49,inner,SRSWOR_65_35,216,journals/tods/Ross96,True,1,url:http://portal.acm.org/ft_gateway.cfm%3Fid%3D232628%26type%3Dpdf%26dl%3DGUIDE%26dl%3DACM%26CFID%3D11111111%26CFTOKEN%3D2222222,url:http://portal.acm.org/ft_gateway.cfm%3Fid%3D232628%26type%3Dpdf%26dl%3DGUIDE%26dl%3DACM%26CFID%3D11111111%26CFTOKEN%3D2222222,True,0.9999891149891748,4.855319874546357e-06,0.9999842596693004,0.9000000000000002,True,correct,0.9000000000000002,True,correct,0.1,0.52497918747894,True,correct
DBLP,0.8,49,inner,SRSWOR_65_35,217,conf/vldb/CareyHMW96,True,1,Nz8zwxjBoyYJ,Nz8zwxjBoyYJ,True,0.9999800537925988,6.19567751281621e-06,0.999973858115086,0.9000000000000002,True,correct,0.9000000000000002,True,correct,0.1,0.52497918747894,True,correct
DBLP,0.8,49,inner,SRSWOR_65_35,218,journals/sigmod/Snodgrass01a,False,0,,CuNhtOboaGoJ,False,4.822716259854474e-06,4.340833807446857e-06,4.818824524076175e-07,0.9000000000000002,False,unmatched_abstention,0.9000000000000002,False,unmatched_abstention,0.1,0.52497918747894,False,unmatched_abstention
DBLP,0.8,49,inner,SRSWOR_65_35,219,conf/sigmod/RinfretOO01,True,1,pyqtmrPg24YJ,pyqtmrPg24YJ,True,0.9999795751826211,4.923105027490166e-06,0.9999746520775936,0.9000000000000002,True,correct,0.9000000000000002,True,correct,0.1,0.52497918747894,True,correct
DBLP,0.8,49,inner,SRSWOR_65_35,220,conf/vldb/AbiteboulABBNM03,True,1,TD1X4Bo-eYsJ,TD1X4Bo-eYsJ,True,0.9999914950305364,3.890702988619075e-06,0.999987604327548,0.9000000000000002,True,correct,0.9000000000000002,True,correct,0.1,0.52497918747894,True,correct
DBLP,0.8,49,inner,SRSWOR_65_35,221,journals/sigmod/Bohlen95,True,5,43K14Y5xa0YJ,v5P_NFXdOR8J,True,0.9999860341782738,0.999974930318842,1.11038594318158e-05,0.9000000000000002,True,correct,0.9000000000000002,True,correct,0.1,0.52497918747894,True,correct
DBLP,0.8,49,inner,SRSWOR_65_35,222,conf/vldb/KumarRRT99,True,2,1xbD4ssSjjUJ,fJn_2E8aihYJ,True,0.9999935830002372,0.9999933311820008,2.5181823659625735e-07,0.9000000000000002,True,correct,0.9000000000000002,True,correct,0.1,0.52497918747894,True,correct
DBLP,0.8,49,inner,SRSWOR_65_35,223,conf/sigmod/ColletC95,True,1,vP27NkXI4MEJ,vP27NkXI4MEJ,True,0.999982098544908,3.23407108453848e-05,0.9999497578340626,0.9000000000000002,True,correct,0.9000000000000002,True,correct,0.1,0.52497918747894,True,correct
DBLP,0.8,49,inner,SRSWOR_65_35,224,conf/sigmod/LeeKC99,True,1,c-5n9qQKLaEJ,c-5n9qQKLaEJ,True,0.9999893926398398,9.000956223494334e-06,0.9999803916836164,0.9000000000000002,True,correct,0.9000000000000002,True,correct,0.1,0.52497918747894,True,correct
DBLP,0.8,49,inner,SRSWOR_65_35,225,conf/vldb/AbiteboulBMMW02,True,4,0MJZbBBMixgJ,mm3mXWb8QS0J,True,0.9999938883529994,0.9999921649991688,1.7233538307515062e-06,0.9000000000000002,True,correct,0.9000000000000002,True,correct,0.1,0.52497918747894,True,correct
DBLP,0.8,49,inner,SRSWOR_65_35,226,conf/vldb/CowleyP00,True,2,KGeFsGtIROsJ,KGeFsGtIROsJ,True,0.9999843058561164,0.9999445727382892,3.973311782723421e-05,0.9000000000000002,True,correct,0.9000000000000002,True,correct,0.1,0.52497918747894,True,correct
DBLP,0.8,49,inner,SRSWOR_65_35,227,conf/vldb/TanEO01,True,2,1A06w64wjvcJ,bTjeXC-1wf4J,True,0.9999824134159266,0.9999818275644864,5.858514403600523e-07,0.9000000000000002,True,correct,0.9000000000000002,True,correct,0.1,0.52497918747894,True,correct
DBLP,0.8,49,inner,SRSWOR_65_35,228,conf/sigmod/ProcopiucJAM02,True,1,k7RinzPIdhYJ,k7RinzPIdhYJ,True,0.9999905184705018,0.9977542543468246,0.0022362641236771,0.9000000000000002,True,correct,0.9000000000000002,True,correct,0.1,0.52497918747894,True,correct
DBLP,0.8,49,inner,SRSWOR_65_35,229,journals/vldb/FiletoLPAM03,True,2,jMQ_SiixnSEJ,VWbm4EeeFNMJ,True,0.999994057109494,0.999992421363794,1.6357456998905562e-06,0.9000000000000002,True,correct,0.9000000000000002,True,correct,0.1,0.52497918747894,True,correct
DBLP,0.8,49,inner,SRSWOR_65_35,230,journals/vldb/BraumandlKKKKSS01,True,1,dURGvGhlWbsJ,dURGvGhlWbsJ,True,0.9999927121672983,0.1585152448768283,0.8414774672904701,0.9000000000000002,True,correct,0.9000000000000002,True,correct,0.1,0.52497918747894,True,correct
DBLP,0.8,49,inner,SRSWOR_65_35,231,journals/sigmod/RashidS00,True,1,e0GH54HirssJ,e0GH54HirssJ,True,0.9999925203784662,5.407661489531642e-06,0.9999871127169768,0.9000000000000002,True,correct,0.9000000000000002,True,correct,0.1,0.52497918747894,True,correct
DBLP,0.8,49,inner,SRSWOR_65_35,232,conf/vldb/QianZXP03,True,1,Chp-3UwMgTQJ,Chp-3UwMgTQJ,True,0.999993819235598,6.360171550305661e-05,0.9999302175200948,0.9000000000000002,True,correct,0.9000000000000002,True,correct,0.1,0.52497918747894,True,correct
DBLP,0.8,49,inner,SRSWOR_65_35,233,conf/vldb/HuntAI01,True,1,0GT_dHqK5roJ,0GT_dHqK5roJ,True,0.999993018828215,0.0034239403053503,0.9965690785228648,0.9000000000000002,True,correct,0.9000000000000002,True,correct,0.1,0.52497918747894,True,correct
DBLP,0.8,49,inner,SRSWOR_65_35,234,journals/tods/ChakrabartiKMP02,True,4,_nOW6fmEcTEJ,eHY42LnL_lsJ,True,0.9999936471059648,0.99999334517167,3.019342946775083e-07,0.9000000000000002,True,correct,0.9000000000000002,True,correct,0.1,0.52497918747894,True,correct
DBLP,0.8,49,inner,SRSWOR_65_35,235,conf/sigmod/LakshmananPZ03a,True,2,4sJ3mLPGGVQJ,4sJ3mLPGGVQJ,True,0.999992639785628,0.999979746105572,1.2893680056080823e-05,0.9000000000000002,True,correct,0.9000000000000002,True,correct,0.1,0.52497918747894,True,correct
DBLP,0.8,49,inner,SRSWOR_65_35,236,conf/vldb/LiCHH97,True,2,DmGBKpaiyGEJ,DmGBKpaiyGEJ,True,0.9999848587271232,0.9999158141538148,6.904457330814129e-05,0.9000000000000002,True,correct,0.9000000000000002,True,correct,0.1,0.52497918747894,True,correct
DBLP,0.8,49,inner,SRSWOR_65_35,237,conf/sigmod/KriegelMPS01,True,1,tsPOU-H3A94J,tsPOU-H3A94J,True,0.9999913240768072,5.141087540295667e-06,0.9999861829892668,0.9000000000000002,True,correct,0.9000000000000002,True,correct,0.1,0.52497918747894,True,correct
DBLP,0.8,49,inner,SRSWOR_65_35,238,conf/vldb/KietzRS97,True,1,L4k3lAWc-JgJ,L4k3lAWc-JgJ,True,0.9999919337801187,7.082342846136883e-06,0.9999848514372728,0.9000000000000002,True,correct,0.9000000000000002,True,correct,0.1,0.52497918747894,True,correct
DBLP,0.8,49,inner,SRSWOR_65_35,239,conf/sigmod/Norrie95,True,1,url:http://portal.acm.org/ft_gateway.cfm%3Fid%3D223883%26type%3Dpdf%26dl%3DGUIDE%26dl%3DACM%26CFID%3D11111111%26CFTOKEN%3D2222222,url:http://portal.acm.org/ft_gateway.cfm%3Fid%3D223883%26type%3Dpdf%26dl%3DGUIDE%26dl%3DACM%26CFID%3D11111111%26CFTOKEN%3D2222222,True,0.999943243944045,0.0009052567554631,0.9990379871885818,0.9000000000000002,True,correct,0.9000000000000002,True,correct,0.1,0.52497918747894,True,correct
DBLP,0.8,49,inner,SRSWOR_65_35,240,journals/sigmod/FrankNS02,True,1,YeD6vittJSMJ,YeD6vittJSMJ,True,0.0111317611486711,7.203748734216722e-05,0.0110597236613289,0.9000000000000002,False,missing_match,0.9000000000000002,False,missing_match,0.1,0.52497918747894,False,missing_match
DBLP,0.8,49,inner,SRSWOR_65_35,241,conf/sigmod/BrunoC02,True,2,Gz0uaD8l3T4J,KAf2DUUVabIJ,True,0.9999920588872864,0.078706893976508,0.9212851649107784,0.9000000000000002,True,correct,0.9000000000000002,True,correct,0.1,0.52497918747894,True,correct
DBLP,0.8,49,inner,SRSWOR_65_35,242,conf/vldb/EvangelidisLS95,True,5,3TOqLeL1G64J,EbGZKQPyH_4J,True,0.9999931452971098,0.9999914762249276,1.6690721823531265e-06,0.9000000000000002,True,correct,0.9000000000000002,True,correct,0.1,0.52497918747894,True,correct
DBLP,0.8,49,inner,SRSWOR_65_35,243,journals/vldb/NgS98,True,3,8vJEjrhM7foJ,url:http://www.springerlink.com/index/85D6LYCWB48DWBKW.pdf,True,0.999990946779749,0.9999538093952898,3.713738445920711e-05,0.9000000000000002,True,correct,0.9000000000000002,True,correct,0.1,0.52497918747894,True,correct
DBLP,0.8,49,inner,SRSWOR_65_35,244,conf/vldb/BerckenS96,True,2,GfvntjAdvVYJ,-iBt8AJhTSEJ,True,0.9999915688822292,0.9999892010555824,2.367826646643145e-06,0.9000000000000002,True,correct,0.9000000000000002,True,correct,0.1,0.52497918747894,True,correct
DBLP,0.8,49,inner,SRSWOR_65_35,245,journals/sigmod/RossHLW01,True,1,url:http://portal.acm.org/citation.cfm%3Fid%3D1041410.1041430,uPBlQ76s_g4J,False,0.0841112789726273,0.0311974778208897,0.0529138011517375,0.9000000000000002,False,missing_match,0.9000000000000002,False,missing_match,0.1,0.52497918747894,False,missing_match
DBLP,0.8,49,inner,SRSWOR_65_35,246,conf/vldb/HaasKWY97,True,10,6TrmUUoylzIJ,U09WdB3GIK4J,True,0.9999916136129076,0.9999892916203168,2.3219925906481365e-06,0.9000000000000002,True,correct,0.9000000000000002,True,correct,0.1,0.52497918747894,True,correct
DBLP,0.8,49,inner,SRSWOR_65_35,247,conf/vldb/HaasKU99,True,1,jteJcGoGxnMJ,jteJcGoGxnMJ,True,0.9999845634242438,0.0917473847419071,0.9082371786823368,0.9000000000000002,True,correct,0.9000000000000002,True,correct,0.1,0.52497918747894,True,correct
DBLP,0.8,49,inner,SRSWOR_65_35,248,conf/sigmod/ChenGM01,True,3,dyXJODAynUgJ,IuyDb53VoG0J,True,0.9999910093557172,0.9999852577847952,5.751570921974647e-06,0.9000000000000002,True,correct,0.9000000000000002,True,correct,0.1,0.52497918747894,True,correct
DBLP,0.8,49,inner,SRSWOR_65_35,249,conf/vldb/JonscherD94,True,3,1R21hO7j9sQJ,1R21hO7j9sQJ,True,0.9999946952421652,0.9999607760938364,3.3919148328842574e-05,0.9000000000000002,True,correct,0.9000000000000002,True,correct,0.1,0.52497918747894,True,correct
DBLP,0.8,49,inner,SRSWOR_65_35,250,journals/vldb/VaghaniRKSSLH94,True,1,B3E3_clrrrYJ,B3E3_clrrrYJ,True,0.9999910923445808,0.9627067672996916,0.0372843250448892,0.9000000000000002,True,correct,0.9000000000000002,True,correct,0.1,0.52497918747894,True,correct
DBLP,0.8,49,inner,SRSWOR_65_35,251,conf/vldb/RezendeS98,True,1,niRuvMkp4r4J,niRuvMkp4r4J,True,0.9999910895748042,1.7890941919421654e-05,0.9999731986328848,0.9000000000000002,True,correct,0.9000000000000002,True,correct,0.1,0.52497918747894,True,correct
DBLP,0.8,49,inner,SRSWOR_65_35,252,conf/vldb/MaedaT01,True,1,dipeGpTdsoQJ,dipeGpTdsoQJ,True,0.9999937086636184,6.235534740726389e-06,0.9999874731288776,0.9000000000000002,True,correct,0.9000000000000002,True,correct,0.1,0.52497918747894,True,correct
DBLP,0.8,49,inner,SRSWOR_65_35,253,conf/vldb/StohrMR00,True,1,7fCRAqLTNeUJ,7fCRAqLTNeUJ,True,0.9999917251853973,7.999862033680114e-06,0.9999837253233635,0.9000000000000002,True,correct,0.9000000000000002,True,correct,0.1,0.52497918747894,True,correct
DBLP,0.8,49,inner,SRSWOR_65_35,254,journals/sigmod/SofferMC02,False,0,,n_rgdg3xmCoJ,False,5.109541418998994e-06,4.089146109580588e-06,1.0203953094184055e-06,0.9000000000000002,False,unmatched_abstention,0.9000000000000002,False,unmatched_abstention,0.1,0.52497918747894,False,unmatched_abstention
DBLP,0.8,49,inner,SRSWOR_65_35,255,conf/vldb/PitouraC99,True,1,6VU-VxcDsFsJ,6VU-VxcDsFsJ,True,0.9999943127451096,4.064822232881229e-06,0.9999902479228768,0.9000000000000002,True,correct,0.9000000000000002,True,correct,0.1,0.52497918747894,True,correct
DBLP,0.8,49,inner,SRSWOR_65_35,256,conf/sigmod/ChristophidesCS00,True,6,DJv_OAw-BcIJ,DqHBAYRAtyIJ,True,0.9999940848608244,0.9999881763164594,5.9085443649964375e-06,0.9000000000000002,True,correct,0.9000000000000002,True,correct,0.1,0.52497918747894,True,correct
DBLP,0.8,49,inner,SRSWOR_65_35,257,conf/vldb/PapadiasTS03,True,1,TmcyYF1CNsYJ,TmcyYF1CNsYJ,True,0.9999945416659372,0.0063162558403992,0.993678285825538,0.9000000000000002,True,correct,0.9000000000000002,True,correct,0.1,0.52497918747894,True,correct
DBLP,0.8,49,inner,SRSWOR_65_35,258,journals/vldb/KraissW98,True,3,K0aOFYBWg3AJ,LMz7v87sxxYJ,True,0.9999945659316758,0.9999937772789612,7.886527145783973e-07,0.9000000000000002,True,correct,0.9000000000000002,True,correct,0.1,0.52497918747894,True,correct
DBLP,0.8,49,inner,SRSWOR_65_35,259,conf/vldb/AgarwalADGNRS96,True,7,1bXX8uOvfQAJ,E4fU9kpfXQsJ,True,0.9999918153081298,0.999986525034219,5.290273910718568e-06,0.9000000000000002,True,correct,0.9000000000000002,True,correct,0.1,0.52497918747894,True,correct
DBLP,0.8,49,inner,SRSWOR_65_35,260,conf/vldb/BohannonGKNS02,True,2,9BuBq-Tj0TUJ,9BuBq-Tj0TUJ,True,0.9999941430482058,0.9999938849540478,2.580941579344298e-07,0.9000000000000002,True,correct,0.9000000000000002,True,correct,0.1,0.52497918747894,True,correct
DBLP,0.8,49,inner,SRSWOR_65_35,261,conf/sigmod/ShuklaD00,True,3,07dT02YX07AJ,kcrWfQEI9G8J,True,0.999993576191534,0.9999919916803428,1.5845111911438892e-06,0.9000000000000002,True,correct,0.9000000000000002,True,correct,0.1,0.52497918747894,True,correct
DBLP,0.8,49,inner,SRSWOR_65_35,262,journals/sigmod/RossCGJBV99,False,0,,uPBlQ76s_g4J,False,0.4663391222857277,0.0233952822396463,0.4429438400460814,0.9000000000000002,False,unmatched_abstention,0.9000000000000002,False,unmatched_abstention,0.1,0.52497918747894,False,unmatched_abstention
DBLP,0.8,49,inner,SRSWOR_65_35,263,conf/vldb/LuL00,True,2,Ih5hY-NRmFgJ,Ih5hY-NRmFgJ,True,0.9999929180826556,0.9999392774133592,5.364066929647304e-05,0.9000000000000002,True,correct,0.9000000000000002,True,correct,0.1,0.52497918747894,True,correct
DBLP,0.8,49,inner,SRSWOR_65_35,264,conf/vldb/JosifovskiR99,True,2,a58OzgW7AvUJ,rR9r4Kuzq-4J,True,0.99999226680274,0.9999546114382988,3.765536444133577e-05,0.9000000000000002,True,correct,0.9000000000000002,True,correct,0.1,0.52497918747894,True,correct
DBLP,0.8,49,inner,SRSWOR_65_35,265,conf/vldb/LitwinNS94,True,4,Ass0qgT-aa4J,SnkWnX5WoKwJ,True,0.999988823304712,0.9999851005308632,3.722773848857664e-06,0.9000000000000002,True,correct,0.9000000000000002,True,correct,0.1,0.52497918747894,True,correct
DBLP,0.8,49,inner,SRSWOR_65_35,266,journals/sigmod/LinP96,True,1,mzEHvKsUv5QJ,mzEHvKsUv5QJ,True,0.9999931778397922,1.1315992779326612e-05,0.9999818618470128,0.9000000000000002,True,correct,0.9000000000000002,True,correct,0.1,0.52497918747894,True,correct
DBLP,0.8,49,inner,SRSWOR_65_35,267,conf/vldb/ChakrabartiDAR97,True,7,-2Ib1nqgXbcJ,QyBDbs7EpmsJ,True,0.9999945513446782,0.9999939894764134,5.618682648034223e-07,0.9000000000000002,True,correct,0.9000000000000002,True,correct,0.1,0.52497918747894,True,correct
DBLP,0.8,49,inner,SRSWOR_65_35,268,journals/vldb/PeckhamMD95,True,2,nhU_8O_9SY0J,zOfVTNgEwz0J,True,0.9999945441691817,0.9999892000050776,5.344164104026383e-06,0.9000000000000002,True,correct,0.9000000000000002,True,correct,0.1,0.52497918747894,True,correct
DBLP,0.8,49,inner,SRSWOR_65_35,269,journals/sigmod/HanBP01,True,2,FT5pSUb-uTYJ,-OEJgpIAScMJ,True,0.9999896798546876,0.9997961833643254,0.0001934964903621,0.9000000000000002,True,correct,0.9000000000000002,True,correct,0.1,0.52497918747894,True,correct
DBLP,0.8,49,inner,SRSWOR_65_35,270,conf/vldb/AggarwalHWY03,True,4,szlqyCesMpgJ,szlqyCesMpgJ,True,0.9999945923694532,0.9999930249639328,1.5674055203751536e-06,0.9000000000000002,True,correct,0.9000000000000002,True,correct,0.1,0.52497918747894,True,correct
DBLP,0.8,49,inner,SRSWOR_65_35,271,journals/sigmod/DarwenD95,True,5,5Sg1yO3UqawJ,DVnOcHunv7MJ,True,0.9999896543325152,0.9999896358561984,1.8476317031890236e-08,0.9000000000000002,True,correct,0.9000000000000002,True,correct,0.1,0.52497918747894,True,correct
DBLP,0.8,49,inner,SRSWOR_65_35,272,conf/sigmod/DeHaanTCO03,True,4,3PH--zwkZO8J,gyYBYgpB63sJ,True,0.999994247681164,0.9999936752399918,5.724411720198219e-07,0.9000000000000002,True,correct,0.9000000000000002,True,correct,0.1,0.52497918747894,True,correct
DBLP,0.8,49,inner,SRSWOR_65_35,273,journals/sigmod/KokkotosIPS95,True,1,-IvY8_ki_psJ,-IvY8_ki_psJ,True,0.9999944940587456,6.716918375366589e-06,0.9999877771403703,0.9000000000000002,True,correct,0.9000000000000002,True,correct,0.1,0.52497918747894,True,correct
DBLP,0.8,49,inner,SRSWOR_65_35,274,conf/sigmod/AcharyaAFZ95,True,10,_-yXA5HLnqoJ,y74PIIvb_GMJ,True,0.9999943868028374,0.9999939826169734,4.041858640002616e-07,0.9000000000000002,True,correct,0.9000000000000002,True,correct,0.1,0.52497918747894,True,correct
DBLP,0.8,49,inner,SRSWOR_65_35,275,conf/vldb/Toivonen96,True,6,fiDTOBR8njMJ,ut53pjEsmxEJ,True,0.99999262486878,0.9999857841461878,6.840722592271753e-06,0.9000000000000002,True,correct,0.9000000000000002,True,correct,0.1,0.52497918747894,True,correct
DBLP,0.8,49,inner,SRSWOR_65_35,276,journals/tods/MumickFPR96,True,3,foXmpW4KwtkJ,kaZA2eBctgUJ,True,0.9999692158317326,0.9999335600373608,3.565579437181388e-05,0.9000000000000002,True,correct,0.9000000000000002,True,correct,0.1,0.52497918747894,True,correct
DBLP,0.8,49,inner,SRSWOR_65_35,277,journals/sigmod/Stonebraker02,True,1,0HMk-YUh4i8J,0HMk-YUh4i8J,True,0.9999885245592424,8.618116358887592e-06,0.9999799064428834,0.9000000000000002,True,correct,0.9000000000000002,True,correct,0.1,0.52497918747894,True,correct
DBLP,0.8,49,inner,SRSWOR_65_35,278,conf/vldb/ManolopoulosT01,True,2,BqSvyuGWls8J,hr5OGCJqc2MJ,True,0.999993415560212,0.000461363036631,0.9995320525235808,0.9000000000000002,True,correct,0.9000000000000002,True,correct,0.1,0.52497918747894,True,correct
DBLP,0.8,49,inner,SRSWOR_65_35,279,conf/vldb/LongS03,True,1,zU4MULiFRrYJ,zU4MULiFRrYJ,True,0.999994246770448,4.22497242451124e-06,0.9999900217980237,0.9000000000000002,True,correct,0.9000000000000002,True,correct,0.1,0.52497918747894,True,correct
DBLP,0.8,49,inner,SRSWOR_65_35,280,conf/sigmod/BozkayaO97,True,3,37lliRw_cOQJ,gIZvbo_lu2IJ,True,0.9999914923048367,0.9999647783945748,2.671391026198844e-05,0.9000000000000002,True,correct,0.9000000000000002,True,correct,0.1,0.52497918747894,True,correct
DBLP,0.8,49,inner,SRSWOR_65_35,281,conf/sigmod/FaginKS03,True,2,dOY1djmoy04J,tQZWeE_nsa0J,True,0.9999923358461876,0.9999791895214624,1.3146324725377134e-05,0.9000000000000002,True,correct,0.9000000000000002,True,correct,0.1,0.52497918747894,True,correct
DBLP,0.8,49,inner,SRSWOR_65_35,282,journals/vldb/FungKL03,True,1,rFEOA75JjSIJ,rFEOA75JjSIJ,True,0.9999939990756512,7.498389084028671e-05,0.9999190151848112,0.9000000000000002,True,correct,0.9000000000000002,True,correct,0.1,0.52497918747894,True,correct
DBLP,0.8,49,inner,SRSWOR_65_35,283,conf/sigmod/ZaianeHLCC98,True,6,eauaGLr5uCUJ,GfRmtB2qhgYJ,True,0.9999947128333764,0.9999938389914578,8.738419186027357e-07,0.9000000000000002,True,correct,0.9000000000000002,True,correct,0.1,0.52497918747894,True,correct
DBLP,0.8,49,inner,SRSWOR_65_35,284,conf/vldb/LuOT94,True,1,ZFXYXT4yEcAJ,ZFXYXT4yEcAJ,True,0.9999926495288364,5.308831880781528e-06,0.9999873406969556,0.9000000000000002,True,correct,0.9000000000000002,True,correct,0.1,0.52497918747894,True,correct
DBLP,0.8,49,inner,SRSWOR_65_35,285,conf/sigmod/DraperHW01,True,3,6csUZFROjIEJ,sURGDemFSsUJ,True,0.9999915592764368,0.9999864883860912,5.070890345737489e-06,0.9000000000000002,True,correct,0.9000000000000002,True,correct,0.1,0.52497918747894,True,correct
DBLP,0.8,49,inner,SRSWOR_65_35,286,conf/sigmod/UrhanFA98,True,1,ufjnZovcIb4J,ufjnZovcIb4J,True,0.9999891889686068,3.887379846237107e-06,0.9999853015887604,0.9000000000000002,True,correct,0.9000000000000002,True,correct,0.1,0.52497918747894,True,correct
DBLP,0.8,49,inner,SRSWOR_65_35,287,conf/vldb/ChakrabartiGRS00,True,4,2TVYDBNYioIJ,PTmCbogNUpAJ,True,0.9999888273543251,0.9999862809118382,2.54644248709468e-06,0.9000000000000002,True,correct,0.9000000000000002,True,correct,0.1,0.52497918747894,True,correct
DBLP,0.8,49,inner,SRSWOR_65_35,288,journals/vldb/BenzakenD95,True,1,rF3edU2oNcEJ,rF3edU2oNcEJ,True,0.9999920913249232,5.0897353693391006e-05,0.99994119397123,0.9000000000000002,True,correct,0.9000000000000002,True,correct,0.1,0.52497918747894,True,correct
DBLP,0.8,49,inner,SRSWOR_65_35,289,journals/sigmod/Snodgrass02a,False,0,,url:http://portal.acm.org/citation.cfm%3Fid%3D1084805.1084832,False,5.353873878056972e-05,2.1253243247403717e-05,3.228549553316601e-05,0.9000000000000002,False,unmatched_abstention,0.9000000000000002,False,unmatched_abstention,0.1,0.52497918747894,False,unmatched_abstention
DBLP,0.8,49,inner,SRSWOR_65_35,290,journals/sigmod/ErdurD02,True,1,9OcrAEypDhMJ,9OcrAEypDhMJ,True,0.9999920028001148,6.2891168294993806e-06,0.9999857136832851,0.9000000000000002,True,correct,0.9000000000000002,True,correct,0.1,0.52497918747894,True,correct
DBLP,0.8,49,inner,SRSWOR_65_35,291,conf/sigmod/Larson01,True,1,url:http://portal.acm.org/ft_gateway.cfm%3Fid%3D375792%26type%3Dpdf%26dl%3DGUIDE%26dl%3DACM%26CFID%3D11111111%26CFTOKEN%3D2222222,aSQwWnnzgAcJ,False,0.9999781473363752,0.9999678021697316,1.0345166643666026e-05,0.9000000000000002,True,false_link,0.9000000000000002,True,false_link,0.1,0.52497918747894,True,false_link
DBLP,0.8,49,inner,SRSWOR_65_35,292,journals/sigmod/SellisV95,True,1,url:http://portal.acm.org/ft_gateway.cfm%3Fid%3D219766%26type%3Dpdf%26dl%3DGUIDE%26dl%3DACM%26CFID%3D11111111%26CFTOKEN%3D2222222,url:http://portal.acm.org/ft_gateway.cfm%3Fid%3D219766%26type%3Dpdf%26dl%3DGUIDE%26dl%3DACM%26CFID%3D11111111%26CFTOKEN%3D2222222,True,0.9999369142650604,2.0730079304836613e-05,0.9999161841857556,0.9000000000000002,True,correct,0.9000000000000002,True,correct,0.1,0.52497918747894,True,correct
DBLP,0.8,49,inner,SRSWOR_65_35,293,conf/sigmod/Meseck01,True,1,hWiIngXs5I0J,hWiIngXs5I0J,True,0.99998953521701,4.286319390103624e-06,0.99998524889762,0.9000000000000002,True,correct,0.9000000000000002,True,correct,0.1,0.52497918747894,True,correct
DBLP,0.8,49,inner,SRSWOR_65_35,294,conf/vldb/KemperKW99,False,0,,v-kvo2hnsgkJ,False,5.2530656857918925e-06,3.832411370420201e-06,1.4206543153716918e-06,0.9000000000000002,False,unmatched_abstention,0.9000000000000002,False,unmatched_abstention,0.1,0.52497918747894,False,unmatched_abstention
DBLP,0.8,49,inner,SRSWOR_65_35,295,journals/sigmod/Qian96a,True,1,url:http://portal.acm.org/ft_gateway.cfm%3Fid%3D234903%26type%3Dpdf%26dl%3DGUIDE%26dl%3DACM%26CFID%3D11111111%26CFTOKEN%3D2222222,url:http://portal.acm.org/ft_gateway.cfm%3Fid%3D234903%26type%3Dpdf%26dl%3DGUIDE%26dl%3DACM%26CFID%3D11111111%26CFTOKEN%3D2222222,True,0.9999922746530158,3.6862378100919887e-06,0.9999885884152055,0.9000000000000002,True,correct,0.9000000000000002,True,correct,0.1,0.52497918747894,True,correct
DBLP,0.8,49,inner,SRSWOR_65_35,296,journals/sigmod/LeeC00,True,4,3kSb_ooS1cgJ,Knzz_bkGA00J,True,0.99999120863886,0.9999892479355832,1.960703276626674e-06,0.9000000000000002,True,correct,0.9000000000000002,True,correct,0.1,0.52497918747894,True,correct
DBLP,0.8,49,inner,SRSWOR_65_35,297,conf/vldb/PellenkoftLK97,True,2,793XPMTdcBEJ,mCU3zHcPfCsJ,True,0.9999903991098026,0.9999892670727382,1.132037064421887e-06,0.9000000000000002,True,correct,0.9000000000000002,True,correct,0.1,0.52497918747894,True,correct
DBLP,0.8,49,inner,SRSWOR_65_35,298,journals/sigmod/BaaderJN97,True,3,dr4SzOhnLB8J,url:http://portal.acm.org/ft_gateway.cfm%3Fid%3D274461%26type%3Dpdf%26dl%3DGUIDE%26dl%3DACM%26CFID%3D11111111%26CFTOKEN%3D2222222,True,0.9998485000960278,0.999820505065446,2.7995030581817737e-05,0.9000000000000002,True,correct,0.9000000000000002,True,correct,0.1,0.52497918747894,True,correct
DBLP,0.8,49,inner,SRSWOR_65_35,299,conf/vldb/HulgeriS02,True,2,syoqNSarAscJ,xGcM9AuhrBMJ,True,0.99999297552583,0.999978292274203,1.468325162701234e-05,0.9000000000000002,True,correct,0.9000000000000002,True,correct,0.1,0.52497918747894,True,correct
DBLP,0.8,49,inner,SRSWOR_65_35,300,journals/tods/KossmannFDA00,True,1,8tDPAHGDRggJ,8tDPAHGDRggJ,True,0.9999943147407024,4.170675877400016e-06,0.999990144064825,0.9000000000000002,True,correct,0.9000000000000002,True,correct,0.1,0.52497918747894,True,correct
DBLP,0.8,49,inner,SRSWOR_65_35,301,conf/vldb/BassiliadesV95,True,2,B1kJzsffXEwJ,url:http://portal.acm.org/citation.cfm%3Fid%3D673137,True,0.9999948793706628,0.9999924269558118,2.452414850973028e-06,0.9000000000000002,True,correct,0.9000000000000002,True,correct,0.1,0.52497918747894,True,correct
DBLP,0.8,49,inner,SRSWOR_65_35,302,conf/sigmod/LakshmananNHP99,True,4,ALUnDjtT1OAJ,lduaYmELtHoJ,True,0.9999934340833672,0.9999932482277232,1.858556438749659e-07,0.9000000000000002,True,correct,0.9000000000000002,True,correct,0.1,0.52497918747894,True,correct
DBLP,0.8,49,inner,SRSWOR_65_35,303,journals/sigmod/Dogac98,True,1,diQK7Y_z3XwJ,url:http://www.springerlink.com/index/CBHRGBHFTW90N54X.pdf,False,0.0153120692144721,0.0082368652090325,0.0070752040054396,0.9000000000000002,False,missing_match,0.9000000000000002,False,missing_match,0.1,0.52497918747894,False,missing_match
DBLP,0.8,49,inner,SRSWOR_65_35,304,journals/sigmod/RosenthalSMBTL95,True,1,-_FyboGgZkkJ,-_FyboGgZkkJ,True,0.9999932686083676,7.523690558472062e-06,0.9999857449178092,0.9000000000000002,True,correct,0.9000000000000002,True,correct,0.1,0.52497918747894,True,correct
DBLP,0.8,49,inner,SRSWOR_65_35,305,conf/vldb/LiRS99,True,2,Bf44yXvb6EAJ,Bf44yXvb6EAJ,True,0.9999878391540498,0.9041896562583088,0.0957981828957408,0.9000000000000002,True,correct,0.9000000000000002,True,correct,0.1,0.52497918747894,True,correct
DBLP,0.8,49,inner,SRSWOR_65_35,306,conf/sigmod/SarawagiTA98,True,7,0Vmsc0oib2kJ,SLmQWvsYtKYJ,True,0.9999915671774766,0.9999841068174192,7.4603600572764606e-06,0.9000000000000002,True,correct,0.9000000000000002,True,correct,0.1,0.52497918747894,True,correct
DBLP,0.8,49,inner,SRSWOR_65_35,307,journals/vldb/TenienteO95,True,3,aC-8qspy24wJ,aC-8qspy24wJ,True,0.9999940566674088,0.9999927471674332,1.3094999754548198e-06,0.9000000000000002,True,correct,0.9000000000000002,True,correct,0.1,0.52497918747894,True,correct
DBLP,0.8,49,inner,SRSWOR_65_35,308,conf/sigmod/Hellerstein00,True,1,rbluxTXqUQwJ,Vl6qoNo6MhAJ,False,0.9997861024633008,0.9645725635677468,0.0352135388955537,0.9000000000000002,True,false_link,0.9000000000000002,True,false_link,0.1,0.52497918747894,True,false_link
DBLP,0.8,49,inner,SRSWOR_65_35,309,journals/sigmod/Liu03c,False,0,,url:http://portal.acm.org/citation.cfm%3Fid%3D945721.945727%26coll%3DGUIDE%26dl%3DACM%26idx%3DJ689%26part%3Dperiodical%26WantType%3Dperiodical%26title%3DACM%2520SIGMOD%2520Record%26CFID%3D11111111%26CFTOKEN%3D2222222,False,0.0002541975945759,4.231559699903632e-05,0.0002118819975769,0.9000000000000002,False,unmatched_abstention,0.9000000000000002,False,unmatched_abstention,0.1,0.52497918747894,False,unmatched_abstention
DBLP,0.8,49,inner,SRSWOR_65_35,310,conf/sigmod/AgrawalCD02,True,1,iABZEL2Zoz8J,iABZEL2Zoz8J,True,0.9999940626157984,0.000911114998643,0.9990829476171552,0.9000000000000002,True,correct,0.9000000000000002,True,correct,0.1,0.52497918747894,True,correct
DBLP,0.8,49,inner,SRSWOR_65_35,311,conf/sigmod/RamanH02,True,3,4692SthNStUJ,F0T3KimkbGcJ,True,0.999988312003031,0.9999710863838868,1.7225619144189963e-05,0.9000000000000002,True,correct,0.9000000000000002,True,correct,0.1,0.52497918747894,True,correct
DBLP,0.8,49,inner,SRSWOR_65_35,312,conf/sigmod/DeshpandeNGS03,True,2,aBiqHXGXoJEJ,fU6zoUKeXe8J,True,0.999992984095336,0.999985082915471,7.90117986515515e-06,0.9000000000000002,True,correct,0.9000000000000002,True,correct,0.1,0.52497918747894,True,correct
DBLP,0.8,49,inner,SRSWOR_65_35,313,conf/sigmod/HjaltasonS98,True,2,3mwWUz_ORNYJ,3mwWUz_ORNYJ,True,0.999989991901572,0.9936264899494788,0.0063635019520931,0.9000000000000002,True,correct,0.9000000000000002,True,correct,0.1,0.52497918747894,True,correct
DBLP,0.8,49,inner,SRSWOR_65_35,314,conf/vldb/MiloZ98,True,3,a7XtgKiAJFMJ,Nd7-CTB1lRgJ,True,0.9999944870075996,0.999981719362708,1.2767644891775731e-05,0.9000000000000002,True,correct,0.9000000000000002,True,correct,0.1,0.52497918747894,True,correct
DBLP,0.8,49,inner,SRSWOR_65_35,315,conf/vldb/OoiGT98,True,1,LJdSx1Di81MJ,LJdSx1Di81MJ,True,0.999991567732363,5.791532783271855e-06,0.9999857761995796,0.9000000000000002,True,correct,0.9000000000000002,True,correct,0.1,0.52497918747894,True,correct
DBLP,0.8,49,inner,SRSWOR_65_35,316,conf/sigmod/Amer-YahiaCLS01,True,4,DFubU20j1OIJ,79CvVWsqYLcJ,False,0.9999867223350832,0.999985103471842,1.618863241459323e-06,0.9000000000000002,True,false_link,0.9000000000000002,True,false_link,0.1,0.52497918747894,True,false_link
DBLP,0.8,49,inner,SRSWOR_65_35,317,journals/vldb/MaratheS02,True,1,z6JEYoArZmsJ,z6JEYoArZmsJ,True,0.999992509106865,9.689930963786004e-06,0.9999828191759011,0.9000000000000002,True,correct,0.9000000000000002,True,correct,0.1,0.52497918747894,True,correct
DBLP,0.8,49,inner,SRSWOR_65_35,318,journals/vldb/MecellaP01,True,1,_JwGwZUTAOEJ,_JwGwZUTAOEJ,True,0.9999948989837576,0.4105753182294471,0.5894195807543103,0.9000000000000002,True,correct,0.9000000000000002,True,correct,0.1,0.52497918747894,True,correct
DBLP,0.8,49,inner,SRSWOR_65_35,319,conf/vldb/GolabO03,True,2,6K9FhI2pFEgJ,6K9FhI2pFEgJ,True,0.9999924497722954,0.9999688865452084,2.356322708707559e-05,0.9000000000000002,True,correct,0.9000000000000002,True,correct,0.1,0.52497918747894,True,correct
DBLP,0.8,49,inner,SRSWOR_65_35,320,journals/sigmod/Widom94,True,1,lAbG3uFZvVUJ,lAbG3uFZvVUJ,True,0.9999924258651866,1.825043266032287e-05,0.9999741754325262,0.9000000000000002,True,correct,0.9000000000000002,True,correct,0.1,0.52497918747894,True,correct
DBLP,0.8,49,inner,SRSWOR_65_35,321,conf/sigmod/DeutschFS99,True,12,2lypQEgzfb8J,QxtGOVsCF78J,True,0.999992841147266,0.9999898133850608,3.027762205176643e-06,0.9000000000000002,True,correct,0.9000000000000002,True,correct,0.1,0.52497918747894,True,correct
DBLP,0.8,49,inner,SRSWOR_65_35,322,journals/vldb/LaurentLSV01,True,1,TTIgIh9uC_YJ,TTIgIh9uC_YJ,True,0.9999939625329004,3.5584034292603417e-06,0.9999904041294712,0.9000000000000002,True,correct,0.9000000000000002,True,correct,0.1,0.52497918747894,True,correct
DBLP,0.8,49,inner,SRSWOR_65_35,323,conf/sigmod/WitkowskiBBDFGSS03,True,1,ygCe1xRFuKgJ,ygCe1xRFuKgJ,True,0.9999924523496,1.2746017644417704e-05,0.9999797063319554,0.9000000000000002,True,correct,0.9000000000000002,True,correct,0.1,0.52497918747894,True,correct
DBLP,0.8,49,inner,SRSWOR_65_35,324,journals/sigmod/GunopulosK01,False,0,,Q3GsyHYz-EUJ,False,3.902352652563217e-06,3.7210601511270586e-06,1.812925014361581e-07,0.9000000000000002,False,unmatched_abstention,0.9000000000000002,False,unmatched_abstention,0.1,0.52497918747894,False,unmatched_abstention
DBLP,0.8,49,inner,SRSWOR_65_35,325,conf/vldb/GehaniJR94,True,2,MxYiwR2f9UYJ,MxYiwR2f9UYJ,True,0.999994077906926,0.9999936260844328,4.518224933081072e-07,0.9000000000000002,True,correct,0.9000000000000002,True,correct,0.1,0.52497918747894,True,correct
DBLP,0.8,49,inner,SRSWOR_65_35,326,conf/sigmod/Han96,True,2,DlQd7WIkVF0J,DlQd7WIkVF0J,True,0.9999821605957332,0.999228090215608,0.000754070380125,0.9000000000000002,True,correct,0.9000000000000002,True,correct,0.1,0.52497918747894,True,correct
DBLP,0.8,49,inner,SRSWOR_65_35,327,journals/sigmod/Winslett02,False,0,,url:http://portal.acm.org/citation.cfm%3Fid%3D507338.507358%26coll%3DGUIDE%26dl%3Dacm%26idx%3D984378%26part%3Dperiodical%26WantType%3Dperiodical%26title%3DACM%2520SIGMOD%2520Record%26CFID%3D11111111%26CFTOKEN%3D2222222,False,0.0001717286665599,4.852314490715804e-05,0.0001232055216527,0.9000000000000002,False,unmatched_abstention,0.9000000000000002,False,unmatched_abstention,0.1,0.52497918747894,False,unmatched_abstention
DBLP,0.8,49,inner,SRSWOR_65_35,328,conf/sigmod/Melling94,True,1,j4O-xhs1QAgJ,j4O-xhs1QAgJ,True,0.9999942420115328,1.211607005187452e-05,0.999982125941481,0.9000000000000002,True,correct,0.9000000000000002,True,correct,0.1,0.52497918747894,True,correct
DBLP,0.8,49,inner,SRSWOR_65_35,329,conf/vldb/TamuraK99,True,3,N0yBbMrpeUwJ,rAHGAfoqookJ,True,0.999994280725648,0.9999938279884726,4.527371753049181e-07,0.9000000000000002,True,correct,0.9000000000000002,True,correct,0.1,0.52497918747894,True,correct
DBLP,0.8,49,inner,SRSWOR_65_35,330,journals/sigmod/MedeirosP94,True,3,5aANcyqvjJQJ,chmPCuLihZoJ,True,0.9999899050645564,0.9999872730399086,2.632024647786224e-06,0.9000000000000002,True,correct,0.9000000000000002,True,correct,0.1,0.52497918747894,True,correct
DBLP,0.8,49,inner,SRSWOR_65_35,331,conf/vldb/Carey00,False,0,,YNf6LdvNZO0J,False,8.590463444347666e-06,3.7446409191574448e-06,4.845822525190221e-06,0.9000000000000002,False,unmatched_abstention,0.9000000000000002,False,unmatched_abstention,0.1,0.52497918747894,False,unmatched_abstention
DBLP,0.8,49,inner,SRSWOR_65_35,332,conf/vldb/GilbertKMS02,True,2,kxGdQhvpi_sJ,kxGdQhvpi_sJ,True,0.9999921203093076,0.9999846315505758,7.488758731910572e-06,0.9000000000000002,True,correct,0.9000000000000002,True,correct,0.1,0.52497918747894,True,correct
DBLP,0.8,49,inner,SRSWOR_65_35,333,journals/tods/RaschidL96,True,1,rUpu2pcFa8cJ,rUpu2pcFa8cJ,True,0.9999939177624902,6.122847943576427e-06,0.9999877949145468,0.9000000000000002,True,correct,0.9000000000000002,True,correct,0.1,0.52497918747894,True,correct
DBLP,0.8,49,inner,SRSWOR_65_35,334,conf/sigmod/KotidisR98,True,2,CpHJwU8o-BkJ,CpHJwU8o-BkJ,True,0.9999947018097174,0.9999941951188432,5.066908742579201e-07,0.9000000000000002,True,correct,0.9000000000000002,True,correct,0.1,0.52497918747894,True,correct
DBLP,0.8,49,inner,SRSWOR_65_35,335,conf/vldb/FlorescuHKLRWCSA03,True,2,1KSfxI44iGUJ,1KSfxI44iGUJ,True,0.9999903957214722,0.999956767172671,3.362854880117894e-05,0.9000000000000002,True,correct,0.9000000000000002,True,correct,0.1,0.52497918747894,True,correct
DBLP,0.8,49,inner,SRSWOR_65_35,336,journals/vldb/HarderST99,True,1,KGyKFmRfspAJ,KGyKFmRfspAJ,True,0.99999298956631,3.708724188263553e-06,0.9999892808421216,0.9000000000000002,True,correct,0.9000000000000002,True,correct,0.1,0.52497918747894,True,correct
DBLP,0.8,49,inner,SRSWOR_65_35,337,conf/sigmod/Ramanan02,True,1,VGe-IBWyMm4J,VGe-IBWyMm4J,True,0.9999931587633843,0.9966348495115588,0.0033583092518255,0.9000000000000002,True,correct,0.9000000000000002,True,correct,0.1,0.52497918747894,True,correct
DBLP,0.8,49,inner,SRSWOR_65_35,338,journals/sigmod/ShethBS99,True,3,cqlnSEkt12EJ,NLklGN91cZgJ,True,0.9999896854925876,0.9999717954992228,1.7889993364827994e-05,0.9000000000000002,True,correct,0.9000000000000002,True,correct,0.1,0.52497918747894,True,correct
DBLP,0.8,49,inner,SRSWOR_65_35,339,journals/sigmod/LometBCLN98,True,2,eCi5eTVzsoQJ,url:http://portal.acm.org/ft_gateway.cfm%3Fid%3D290608%26type%3Dpdf%26dl%3DGUIDE%26dl%3DACM%26CFID%3D11111111%26CFTOKEN%3D2222222,True,0.9999920412677094,0.999879715882463,0.0001123253852463,0.9000000000000002,True,correct,0.9000000000000002,True,correct,0.1,0.52497918747894,True,correct
DBLP,0.8,49,inner,SRSWOR_65_35,340,journals/sigmod/Stonebraker94,True,1,url:http://portal.acm.org/citation.cfm%3Fid%3D181551,url:http://portal.acm.org/citation.cfm%3Fid%3D181551,True,0.9999924654241285,8.846347114395654e-06,0.999983619077014,0.9000000000000002,True,correct,0.9000000000000002,True,correct,0.1,0.52497918747894,True,correct
DBLP,0.8,49,inner,SRSWOR_65_35,341,journals/sigmod/Han98,True,5,2kDtSxYI5DgJ,Y0GdVVrbzfQJ,True,0.9999923491444188,0.999991474054252,8.75090166663206e-07,0.9000000000000002,True,correct,0.9000000000000002,True,correct,0.1,0.52497918747894,True,correct
DBLP,0.8,49,inner,SRSWOR_65_35,342,conf/sigmod/BabyCY01,True,1,rNoNn5hWsroJ,rNoNn5hWsroJ,True,0.999992203891116,9.739682140968526e-06,0.999982464208975,0.9000000000000002,True,correct,0.9000000000000002,True,correct,0.1,0.52497918747894,True,correct
DBLP,0.8,49,inner,SRSWOR_65_35,343,journals/vldb/PacittiS00,True,5,9ReaNbX2I-IJ,yXCROrOo320J,True,0.999993694926991,0.99999165205799,2.0428690010732e-06,0.9000000000000002,True,correct,0.9000000000000002,True,correct,0.1,0.52497918747894,True,correct
DBLP,0.8,49,inner,SRSWOR_65_35,344,journals/sigmod/Group94,False,0,,url:http://www.ingentaconnect.com/search/expand%3Fpub%3Dinfobike://els/08830355/2001/00000035/00000004/art00040%26unc%3D,False,4.944282712705677e-06,4.2857757558003385e-06,6.585069569053384e-07,0.9000000000000002,False,unmatched_abstention,0.9000000000000002,False,unmatched_abstention,0.1,0.52497918747894,False,unmatched_abstention
DBLP,0.8,49,inner,SRSWOR_65_35,345,journals/sigmod/Giorgini03,True,1,url:http://portal.acm.org/ft_gateway.cfm%3Fid%3D959084%26type%3Dpdf%26dl%3Dportal%26dl%3DACM%26CFID%3D11111111%26CFTOKEN%3D2222222,url:http://portal.acm.org/ft_gateway.cfm%3Fid%3D959084%26type%3Dpdf%26dl%3Dportal%26dl%3DACM%26CFID%3D11111111%26CFTOKEN%3D2222222,True,0.99998241125226,0.0007829872503117,0.9991994240019484,0.9000000000000002,True,correct,0.9000000000000002,True,correct,0.1,0.52497918747894,True,correct
DBLP,0.8,49,inner,SRSWOR_65_35,346,conf/sigmod/ChoSG00,True,1,ilJdCU_qODkJ,ilJdCU_qODkJ,True,0.9999933293183078,6.54582705059919e-05,0.9999278710478018,0.9000000000000002,True,correct,0.9000000000000002,True,correct,0.1,0.52497918747894,True,correct
DBLP,0.8,49,inner,SRSWOR_65_35,347,conf/sigmod/ParkCY95,True,8,8CqjZ166ScEJ,8CqjZ166ScEJ,True,0.999990515160477,0.9999896188122128,8.963482640567122e-07,0.9000000000000002,True,correct,0.9000000000000002,True,correct,0.1,0.52497918747894,True,correct
DBLP,0.8,49,inner,SRSWOR_65_35,348,journals/sigmod/NadoH97,True,1,yN9f4dSKC9QJ,yN9f4dSKC9QJ,True,0.9999890091350324,9.535319865871516e-06,0.9999794738151664,0.9000000000000002,True,correct,0.9000000000000002,True,correct,0.1,0.52497918747894,True,correct
DBLP,0.8,49,inner,SRSWOR_65_35,349,conf/vldb/MaratheS97,True,2,HcgXkUDB-wYJ,vBUROMKYmQYJ,True,0.9999948991053732,8.329912931648367e-05,0.9999115999760568,0.9000000000000002,True,correct,0.9000000000000002,True,correct,0.1,0.52497918747894,True,correct
DBLP,0.8,49,inner,SRSWOR_65_35,350,conf/sigmod/Galindo-LegariaJ01,True,1,BSlaDX5r0HQJ,BSlaDX5r0HQJ,True,0.999991070264431,4.354146833704059e-06,0.9999867161175972,0.9000000000000002,True,correct,0.9000000000000002,True,correct,0.1,0.52497918747894,True,correct
DBLP,0.8,49,inner,SRSWOR_65_35,351,journals/sigmod/SonDT96,True,1,62uEWBKYqgoJ,62uEWBKYqgoJ,True,0.999991995643104,0.0001876089600023,0.999804386683102,0.9000000000000002,True,correct,0.9000000000000002,True,correct,0.1,0.52497918747894,True,correct
DBLP,0.8,49,inner,SRSWOR_65_35,352,conf/vldb/ShanmugasundaramSBCLPR00,True,4,_bdp5T8SSuoJ,HKM-zP0LT_UJ,True,0.9999899230225168,0.9999890081182712,9.149042455858236e-07,0.9000000000000002,True,correct,0.9000000000000002,True,correct,0.1,0.52497918747894,True,correct
DBLP,0.8,49,inner,SRSWOR_65_35,353,journals/sigmod/QuixSJ02,True,1,BrO3XOrt66MJ,BrO3XOrt66MJ,True,0.9928627309685986,6.335330378418498e-06,0.99285639563822,0.9000000000000002,True,correct,0.9000000000000002,True,correct,0.1,0.52497918747894,True,correct
DBLP,0.8,49,inner,SRSWOR_65_35,354,conf/vldb/YangG01,True,6,0Chz95gOxHMJ,xQYKEHCggZQJ,True,0.9999924201422488,0.9999820113864756,1.0408755773072542e-05,0.9000000000000002,True,correct,0.9000000000000002,True,correct,0.1,0.52497918747894,True,correct
DBLP,0.8,49,inner,SRSWOR_65_35,355,journals/tods/LakshmananSS01,True,1,FqrVkPwzd3kJ,FqrVkPwzd3kJ,True,0.9999930181624116,3.442305431274142e-05,0.9999585951080988,0.9000000000000002,True,correct,0.9000000000000002,True,correct,0.1,0.52497918747894,True,correct
DBLP,0.8,49,inner,SRSWOR_65_35,356,journals/sigmod/FrewD97,True,2,5jMT1PENhSIJ,5jMT1PENhSIJ,True,0.999991745134478,0.9999906500534108,1.0950810670484756e-06,0.9000000000000002,True,correct,0.9000000000000002,True,correct,0.1,0.52497918747894,True,correct
DBLP,0.8,49,inner,SRSWOR_65_35,357,conf/sigmod/GangulyGMS96,True,2,05ZgvGyhSC0J,05ZgvGyhSC0J,True,0.9999932153543912,0.9999851743056104,8.041048780826898e-06,0.9000000000000002,True,correct,0.9000000000000002,True,correct,0.1,0.52497918747894,True,correct
DBLP,0.8,49,inner,SRSWOR_65_35,358,journals/tods/GibbonsMP02,True,1,QKnjF3UgncMJ,QKnjF3UgncMJ,True,0.9999846661297266,0.9999086183961474,7.604773357916539e-05,0.9000000000000002,True,correct,0.9000000000000002,True,correct,0.1,0.52497918747894,True,correct
DBLP,0.8,49,inner,SRSWOR_65_35,359,journals/tods/KarpSP03,True,1,mAQIVsd2VOMJ,mAQIVsd2VOMJ,True,0.9999953856414796,5.28406153533608e-06,0.9999901015799442,0.9000000000000002,True,correct,0.9000000000000002,True,correct,0.1,0.52497918747894,True,correct
DBLP,0.8,49,inner,SRSWOR_65_35,360,conf/vldb/BestavrosB95,True,2,LDv4my6gWJQJ,lGyhpsPV6ogJ,True,0.9999917754032872,0.9998469324555233,0.0001448429477639,0.9000000000000002,True,correct,0.9000000000000002,True,correct,0.1,0.52497918747894,True,correct
DBLP,0.8,49,inner,SRSWOR_65_35,361,journals/tods/Galindo-LegariaR97,True,3,g4p3K22hY_oJ,Vjga5yC23KIJ,True,0.999993618432964,0.9999901598602036,3.4585727604063976e-06,0.9000000000000002,True,correct,0.9000000000000002,True,correct,0.1,0.52497918747894,True,correct
DBLP,0.8,49,inner,SRSWOR_65_35,362,conf/vldb/AilamakiDHW99,True,2,4bTXoodYyHMJ,-mTrpy_n8PYJ,True,0.9999923669778168,0.9999807277650404,1.1639212776137777e-05,0.9000000000000002,True,correct,0.9000000000000002,True,correct,0.1,0.52497918747894,True,correct
DBLP,0.8,49,inner,SRSWOR_65_35,363,journals/vldb/LandauST95,True,3,E8U_krxA1dsJ,E8U_krxA1dsJ,True,0.9999905519578088,0.999990362342194,1.8961561487618186e-07,0.9000000000000002,True,correct,0.9000000000000002,True,correct,0.1,0.52497918747894,True,correct
DBLP,0.8,49,inner,SRSWOR_65_35,364,journals/sigmod/BoulosO99,True,2,0mk_QzaJKHEJ,yzbCsw2erkcJ,True,0.9999861199258608,0.8716803181881758,0.1283058017376849,0.9000000000000002,True,correct,0.9000000000000002,True,correct,0.1,0.52497918747894,True,correct
DBLP,0.8,49,inner,SRSWOR_65_35,365,journals/tods/GuoSW96,True,2,KoI8CRWkAYsJ,V8Ls_TYs6mgJ,True,0.9999929250289016,0.9987839219083262,0.0012090031205754,0.9000000000000002,True,correct,0.9000000000000002,True,correct,0.1,0.52497918747894,True,correct
DBLP,0.8,49,inner,SRSWOR_65_35,366,conf/sigmod/Chakravarthy97,True,3,5Ng-bLUNAsQJ,5Ng-bLUNAsQJ,True,0.9999929410083704,0.999958362104046,3.457890432423394e-05,0.9000000000000002,True,correct,0.9000000000000002,True,correct,0.1,0.52497918747894,True,correct
DBLP,0.8,49,inner,SRSWOR_65_35,367,journals/tods/GunopulosKMSTS03,True,5,5cAIVZJShAEJ,-q1BFuUI27EJ,True,0.9999940779182211,0.9921356141141482,0.007858463804073,0.9000000000000002,True,correct,0.9000000000000002,True,correct,0.1,0.52497918747894,True,correct
DBLP,0.8,49,inner,SRSWOR_65_35,368,conf/vldb/RoussopoulosK98,True,1,Mg0A5yz-_wYJ,Mg0A5yz-_wYJ,True,0.999991791639019,0.0071725953912641,0.9928191962477548,0.9000000000000002,True,correct,0.9000000000000002,True,correct,0.1,0.52497918747894,True,correct
DBLP,0.8,49,inner,SRSWOR_65_35,369,conf/vldb/OhuraTPK02,False,0,,7e_EwULfgusJ,False,3.54655596579027e-06,3.4482786320689104e-06,9.827733372135974e-08,0.9000000000000002,False,unmatched_abstention,0.9000000000000002,False,unmatched_abstention,0.1,0.52497918747894,False,unmatched_abstention
DBLP,0.8,49,inner,SRSWOR_65_35,370,journals/tods/WinslettSQ94,True,2,lvZTVlP7s7oJ,lvZTVlP7s7oJ,True,0.999992661554993,0.9999907098264792,1.951728513915896e-06,0.9000000000000002,True,correct,0.9000000000000002,True,correct,0.1,0.52497918747894,True,correct
DBLP,0.8,49,inner,SRSWOR_65_35,371,conf/sigmod/TomasicABKNR97,True,3,_fF5I-bkUSQJ,6CpWnsUqJNIJ,True,0.9999944031221804,0.9999919201452176,2.4829769628142984e-06,0.9000000000000002,True,correct,0.9000000000000002,True,correct,0.1,0.52497918747894,True,correct
DBLP,0.8,49,inner,SRSWOR_65_35,372,conf/vldb/ShivakumarGC98,True,1,GHz2PmQwW2UJ,GHz2PmQwW2UJ,True,0.99998968499091,4.203246455987558e-06,0.999985481744454,0.9000000000000002,True,correct,0.9000000000000002,True,correct,0.1,0.52497918747894,True,correct
DBLP,0.8,49,inner,SRSWOR_65_35,373,journals/sigmod/CuiJO02,True,2,LIUl6zpveGQJ,Llr0ikQ8yIIJ,True,0.999931445136931,0.0035361952986295,0.9963952498383014,0.9000000000000002,True,correct,0.9000000000000002,True,correct,0.1,0.52497918747894,True,correct
DBLP,0.8,49,inner,SRSWOR_65_35,374,journals/vldb/ChandrasekaranF03,True,1,b9r9U3OwrkcJ,b9r9U3OwrkcJ,True,0.9999941299465324,0.0005924134534641,0.999401716493068,0.9000000000000002,True,correct,0.9000000000000002,True,correct,0.1,0.52497918747894,True,correct
DBLP,0.8,49,inner,SRSWOR_65_35,375,conf/sigmod/Pruscino03,False,0,,7aUag74jtdIJ,False,4.372088933958431e-06,4.172302971703023e-06,1.9978596225540826e-07,0.9000000000000002,False,unmatched_abstention,0.9000000000000002,False,unmatched_abstention,0.1,0.52497918747894,False,unmatched_abstention
DBLP,0.8,49,inner,SRSWOR_65_35,376,conf/vldb/Sarawagi00,True,1,z5DmAoBjsjAJ,z5DmAoBjsjAJ,True,0.999992664248896,6.299760280121093e-05,0.9999296666460946,0.9000000000000002,True,correct,0.9000000000000002,True,correct,0.1,0.52497918747894,True,correct
DBLP,0.8,49,inner,SRSWOR_65_35,377,conf/vldb/ShethKMWDLPLS96,True,3,jWZkmgGziVoJ,jWZkmgGziVoJ,True,0.999994475154828,0.9999928899175028,1.585237325074651e-06,0.9000000000000002,True,correct,0.9000000000000002,True,correct,0.1,0.52497918747894,True,correct
DBLP,0.8,49,inner,SRSWOR_65_35,378,journals/sigmod/ElmagarmidJF95,True,1,CJK2SWLYrRYJ,CJK2SWLYrRYJ,True,0.9999948538747168,5.840486315183399e-06,0.9999890133884016,0.9000000000000002,True,correct,0.9000000000000002,True,correct,0.1,0.52497918747894,True,correct
DBLP,0.8,49,inner,SRSWOR_65_35,379,conf/sigmod/BrinMS97,True,9,41B5NuefLPsJ,41B5NuefLPsJ,True,0.999994244147219,0.9999931249758603,1.1191713586988785e-06,0.9000000000000002,True,correct,0.9000000000000002,True,correct,0.1,0.52497918747894,True,correct
DBLP,0.8,49,inner,SRSWOR_65_35,380,conf/vldb/SatheS01,True,1,L1IBwD8w1G0J,L1IBwD8w1G0J,True,0.9999915044339804,3.853705034612856e-06,0.999987650728946,0.9000000000000002,True,correct,0.9000000000000002,True,correct,0.1,0.52497918747894,True,correct
DBLP,0.8,49,inner,SRSWOR_65_35,381,conf/sigmod/SismanisDRK02,True,4,bCj32WyDQ0IJ,seSeL2gsCJoJ,True,0.999992176139436,0.9999869059125812,5.270226854814375e-06,0.9000000000000002,True,correct,0.9000000000000002,True,correct,0.1,0.52497918747894,True,correct
DBLP,0.8,49,inner,SRSWOR_65_35,382,journals/sigmod/Liu02a,False,0,,C84rFQN_ug0J,False,2.762277325599175e-05,1.488220097154374e-05,1.2740572284448009e-05,0.9000000000000002,False,unmatched_abstention,0.9000000000000002,False,unmatched_abstention,0.1,0.52497918747894,False,unmatched_abstention
DBLP,0.8,49,inner,SRSWOR_65_35,383,conf/sigmod/Hellerstein94,True,2,Nn0LzB8rUPEJ,Nn0LzB8rUPEJ,True,0.9999579589620552,0.0011252219907146,0.9988327369713406,0.9000000000000002,True,correct,0.9000000000000002,True,correct,0.1,0.52497918747894,True,correct
DBLP,0.8,49,inner,SRSWOR_65_35,384,conf/sigmod/PatelD96,True,5,Goan1fI4O_oJ,nmTGteLy8NAJ,True,0.9999895549187042,0.9999879991789756,1.555739728709149e-06,0.9000000000000002,True,correct,0.9000000000000002,True,correct,0.1,0.52497918747894,True,correct
DBLP,0.8,49,inner,SRSWOR_65_35,385,conf/sigmod/WangJLY03,True,1,EQsWWZdE45wJ,EQsWWZdE45wJ,True,0.9999932815504856,4.613240909855684e-06,0.9999886683095756,0.9000000000000002,True,correct,0.9000000000000002,True,correct,0.1,0.52497918747894,True,correct
DBLP,0.8,49,inner,SRSWOR_65_35,386,conf/sigmod/MorpainCFP96,True,1,98umDgwqRHcJ,98umDgwqRHcJ,True,0.9999946292657588,0.0011248393917421,0.9988697898740166,0.9000000000000002,True,correct,0.9000000000000002,True,correct,0.1,0.52497918747894,True,correct
DBLP,0.8,49,inner,SRSWOR_65_35,387,journals/sigmod/Dogac96,True,1,url:http://portal.acm.org/citation.cfm%3Fid%3D234889.234900%26dl%3DGUIDE%26dl%3DACM%26idx%3DJ689%26part%3Dperiodical%26WantType%3Dperiodical%26title%3DACM%2520SIGMOD%2520Record%26CFID%3D11111111%26CFTOKEN%3D2222222,url:http://portal.acm.org/citation.cfm%3Fid%3D234889.234900%26dl%3DGUIDE%26dl%3DACM%26idx%3DJ689%26part%3Dperiodical%26WantType%3Dperiodical%26title%3DACM%2520SIGMOD%2520Record%26CFID%3D11111111%26CFTOKEN%3D2222222,True,0.999991614420648,0.0262409864933278,0.9737506279273204,0.9000000000000002,True,correct,0.9000000000000002,True,correct,0.1,0.52497918747894,True,correct
DBLP,0.8,49,inner,SRSWOR_65_35,388,conf/sigmod/GraySSU03,True,1,NnKrsx4j4pkJ,NnKrsx4j4pkJ,True,0.9999832602286716,1.3728144836755915e-05,0.9999695320838348,0.9000000000000002,True,correct,0.9000000000000002,True,correct,0.1,0.52497918747894,True,correct
DBLP,0.8,49,inner,SRSWOR_65_35,389,journals/sigmod/DoanPK95,True,1,c0TSepqRwwMJ,c0TSepqRwwMJ,True,0.9999950265149524,4.697185835730922e-06,0.9999903293291166,0.9000000000000002,True,correct,0.9000000000000002,True,correct,0.1,0.52497918747894,True,correct
DBLP,0.8,49,inner,SRSWOR_65_35,390,conf/sigmod/BergstraesserBPS99,True,2,4Ha7Bs5Vq3MJ,qcZ2tYThtK0J,True,0.9999939917114962,0.0214445494296145,0.9785494422818816,0.9000000000000002,True,correct,0.9000000000000002,True,correct,0.1,0.52497918747894,True,correct
DBLP,0.8,49,inner,SRSWOR_65_35,391,journals/sigmod/Widom95,False,0,,C84rFQN_ug0J,False,0.0001093271396038,1.4372522582027306e-05,9.49546170217992e-05,0.9000000000000002,False,unmatched_abstention,0.9000000000000002,False,unmatched_abstention,0.1,0.52497918747894,False,unmatched_abstention
DBLP,0.8,49,inner,SRSWOR_65_35,392,journals/sigmod/GriffinK98,True,2,NusQl_2spdYJ,Qvl2bcDAyqEJ,True,0.9999911513916256,0.9999693812828838,2.177010874182539e-05,0.9000000000000002,True,correct,0.9000000000000002,True,correct,0.1,0.52497918747894,True,correct
DBLP,0.8,49,inner,SRSWOR_65_35,393,conf/vldb/Jermaine03,True,1,393ZqH9szo0J,393ZqH9szo0J,True,0.9999925126850632,9.964452026097828e-06,0.9999825482330372,0.9000000000000002,True,correct,0.9000000000000002,True,correct,0.1,0.52497918747894,True,correct
DBLP,0.8,49,inner,SRSWOR_65_35,394,journals/sigmod/ChrysanthisSZ03,False,0,,url:http://portal.acm.org/ft_gateway.cfm%3Fid%3D1058166%26type%3Dpdf,False,7.097776424189306e-05,1.4543408956423645e-05,5.6434355285469415e-05,0.9000000000000002,False,unmatched_abstention,0.9000000000000002,False,unmatched_abstention,0.1,0.52497918747894,False,unmatched_abstention
DBLP,0.8,49,inner,SRSWOR_65_35,395,conf/vldb/SindoniTABFGMPPT01,True,1,0zdXnl9cQysJ,0zdXnl9cQysJ,True,0.9999928410653396,6.813467129377106e-06,0.99998602759821,0.9000000000000002,True,correct,0.9000000000000002,True,correct,0.1,0.52497918747894,True,correct
DBLP,0.8,49,inner,SRSWOR_65_35,396,conf/sigmod/TheobaldW02,True,1,w5_HkketH-wJ,w5_HkketH-wJ,True,0.9999929882357445,6.529686546446367e-06,0.999986458549198,0.9000000000000002,True,correct,0.9000000000000002,True,correct,0.1,0.52497918747894,True,correct
DBLP,0.8,49,inner,SRSWOR_65_35,397,journals/tods/KonopnickiS98,True,2,5cWufy7ZrAoJ,BKUtItHoTX8J,True,0.9999941451089264,0.9999722512343449,2.1893874581735417e-05,0.9000000000000002,True,correct,0.9000000000000002,True,correct,0.1,0.52497918747894,True,correct
DBLP,0.8,49,inner,SRSWOR_65_35,398,journals/sigmod/FlorescuLM98,True,9,_SR_pRTnA6IJ,23GbcclZy6gJ,True,0.9999938406128988,0.999993514772736,3.258401627403984e-07,0.9000000000000002,True,correct,0.9000000000000002,True,correct,0.1,0.52497918747894,True,correct
DBLP,0.8,49,inner,SRSWOR_65_35,399,conf/vldb/ScheuermannSV96,True,5,42whesD5Rl8J,kxebBNLKWl4J,True,0.9999936501769088,0.999984543095561,9.107081347825565e-06,0.9000000000000002,True,correct,0.9000000000000002,True,correct,0.1,0.52497918747894,True,correct
DBLP,0.8,49,inner,SRSWOR_65_35,400,conf/sigmod/AltinelLKMPLWB02,True,2,HtYTQ-fN8ccJ,HtYTQ-fN8ccJ,True,0.9999923198299644,0.9999639451626776,2.8374667286779065e-05,0.9000000000000002,True,correct,0.9000000000000002,True,correct,0.1,0.52497918747894,True,correct
DBLP,0.8,49,inner,SRSWOR_65_35,401,conf/vldb/CareyKSSS00,True,2,fRo4fx_Q6gIJ,fRo4fx_Q6gIJ,True,0.9999940292564372,0.9999931148320524,9.144243847680756e-07,0.9000000000000002,True,correct,0.9000000000000002,True,correct,0.1,0.52497918747894,True,correct
DBLP,0.8,49,inner,SRSWOR_65_35,402,conf/vldb/ZengBNN01,True,2,3TivNLIErRkJ,3TivNLIErRkJ,True,0.999993589068098,0.9999894666510756,4.122417022300873e-06,0.9000000000000002,True,correct,0.9000000000000002,True,correct,0.1,0.52497918747894,True,correct
DBLP,0.8,49,inner,SRSWOR_65_35,403,conf/vldb/HasanM95,True,3,8cd64f0t0-EJ,-aml_OMAQNgJ,True,0.9999930759891033,0.999990427506369,2.6484827342354578e-06,0.9000000000000002,True,correct,0.9000000000000002,True,correct,0.1,0.52497918747894,True,correct
DBLP,0.8,49,inner,SRSWOR_65_35,404,conf/sigmod/BraumandlKK99,True,3,4fjXoCHhe1kJ,4fjXoCHhe1kJ,True,0.9999913695054582,0.9999710293058828,2.034019957553035e-05,0.9000000000000002,True,correct,0.9000000000000002,True,correct,0.1,0.52497918747894,True,correct
DBLP,0.8,49,inner,SRSWOR_65_35,405,conf/sigmod/Vaskevitch94,True,1,cr7xWKidCnYJ,cr7xWKidCnYJ,True,0.9999936681849756,3.926430685847411e-06,0.99998974175429,0.9000000000000002,True,correct,0.9000000000000002,True,correct,0.1,0.52497918747894,True,correct
DBLP,0.8,49,inner,SRSWOR_65_35,406,conf/vldb/KoschBBHHLRT01,True,1,xvNBOkc3UkcJ,xvNBOkc3UkcJ,True,0.9999871526187254,0.0007076430034888,0.9992795096152366,0.9000000000000002,True,correct,0.9000000000000002,True,correct,0.1,0.52497918747894,True,correct
DBLP,0.8,49,inner,SRSWOR_65_35,407,conf/sigmod/BerensonBGMOO95,True,9,-CQaLTpGJLQJ,xvAw7wQgenoJ,True,0.9999941706650836,0.9999940852669684,8.539811513497143e-08,0.9000000000000002,True,correct,0.9000000000000002,True,correct,0.1,0.52497918747894,True,correct
DBLP,0.8,49,inner,SRSWOR_65_35,408,journals/tods/FernandezKSMT02,True,1,ckrgSn0vBOMJ,ckrgSn0vBOMJ,True,0.9999935879246964,6.415433313565525e-06,0.9999871724913828,0.9000000000000002,True,correct,0.9000000000000002,True,correct,0.1,0.52497918747894,True,correct
DBLP,0.8,49,inner,SRSWOR_65_35,409,conf/sigmod/JagadishLMSV99,True,1,946iAs3adDcJ,946iAs3adDcJ,True,0.9999881660623042,6.530284380566688e-06,0.9999816357779236,0.9000000000000002,True,correct,0.9000000000000002,True,correct,0.1,0.52497918747894,True,correct
DBLP,0.8,49,inner,SRSWOR_65_35,410,conf/sigmod/YangWYH02,True,1,xsaovu54vl4J,xsaovu54vl4J,True,0.9999902979558284,0.8890894733936866,0.1109008245621419,0.9000000000000002,True,correct,0.9000000000000002,True,correct,0.1,0.52497918747894,True,correct
DBLP,0.8,49,inner,SRSWOR_65_35,411,conf/sigmod/Kohler99,False,0,,tORqjZEtKvMJ,False,3.78545866213768e-06,3.7708300715422505e-06,1.4628590595429844e-08,0.9000000000000002,False,unmatched_abstention,0.9000000000000002,False,unmatched_abstention,0.1,0.52497918747894,False,unmatched_abstention
DBLP,0.8,49,inner,SRSWOR_65_35,412,conf/vldb/BawaBA03,True,2,bo1rnY4bU4kJ,ZjIllDHwkSoJ,True,0.9999922809054136,0.9999801639091084,1.211699630532248e-05,0.9000000000000002,True,correct,0.9000000000000002,True,correct,0.1,0.52497918747894,True,correct
DBLP,0.8,49,inner,SRSWOR_65_35,413,conf/sigmod/LarsonG03,True,3,14VyjJ0mnBMJ,14VyjJ0mnBMJ,True,0.999991331305212,0.9999052123632562,8.611894195564851e-05,0.9000000000000002,True,correct,0.9000000000000002,True,correct,0.1,0.52497918747894,True,correct
DBLP,0.8,49,inner,SRSWOR_65_35,414,conf/vldb/IwerksSS03,True,1,4B_LhCns0WoJ,4B_LhCns0WoJ,True,0.9999944105204942,7.751937412312907e-06,0.999986658583082,0.9000000000000002,True,correct,0.9000000000000002,True,correct,0.1,0.52497918747894,True,correct
DBLP,0.8,49,inner,SRSWOR_65_35,415,conf/sigmod/GehrkeGRL99,True,1,s3neqsFCVrAJ,s3neqsFCVrAJ,True,0.9999903746045024,7.4073087793124094e-06,0.999982967295723,0.9000000000000002,True,correct,0.9000000000000002,True,correct,0.1,0.52497918747894,True,correct
DBLP,0.8,49,inner,SRSWOR_65_35,416,journals/vldb/Cobb97,True,1,R6XK3NbfZrgJ,R6XK3NbfZrgJ,True,0.9999791794173932,1.786005258572776e-05,0.9999613193648076,0.9000000000000002,True,correct,0.9000000000000002,True,correct,0.1,0.52497918747894,True,correct
DBLP,0.8,49,inner,SRSWOR_65_35,417,journals/sigmod/Etzion99,True,2,aDxXrqrMy9IJ,aDxXrqrMy9IJ,True,0.9999929765707984,0.999989906816552,3.0697542464652727e-06,0.9000000000000002,True,correct,0.9000000000000002,True,correct,0.1,0.52497918747894,True,correct
DBLP,0.8,49,inner,SRSWOR_65_35,418,conf/sigmod/ZadorozhnyRVUB02,True,1,xmE1380_4E4J,xmE1380_4E4J,True,0.9999927998265312,0.9981306385493396,0.0018621612771915,0.9000000000000002,True,correct,0.9000000000000002,True,correct,0.1,0.52497918747894,True,correct
DBLP,0.8,49,inner,SRSWOR_65_35,419,journals/sigmod/Liu01b,False,0,,C84rFQN_ug0J,False,3.122518889907056e-05,1.3527240169904366e-05,1.7697948729166195e-05,0.9000000000000002,False,unmatched_abstention,0.9000000000000002,False,unmatched_abstention,0.1,0.52497918747894,False,unmatched_abstention
DBLP,0.8,49,inner,SRSWOR_65_35,420,journals/sigmod/BunemanRU97,True,3,5qg4BNiroqMJ,5qg4BNiroqMJ,True,0.9999934387279088,0.999984173955712,9.264772196648783e-06,0.9000000000000002,True,correct,0.9000000000000002,True,correct,0.1,0.52497918747894,True,correct
DBLP,0.8,49,inner,SRSWOR_65_35,421,conf/sigmod/KementsietsidisAM03,True,4,A3TmzWOtgmYJ,uCU2G94_fOIJ,True,0.9999936314313572,0.999993236524462,3.949068954067769e-07,0.9000000000000002,True,correct,0.9000000000000002,True,correct,0.1,0.52497918747894,True,correct
DBLP,0.8,49,inner,SRSWOR_65_35,422,journals/vldb/PottingerH01,True,4,eXceb1SMqE4J,Kv3ZFRUKCogJ,True,0.9999942989629392,0.999974911807442,1.9387155496986e-05,0.9000000000000002,True,correct,0.9000000000000002,True,correct,0.1,0.52497918747894,True,correct
DBLP,0.8,49,inner,SRSWOR_65_35,423,journals/sigmod/Segev95,False,0,,C84rFQN_ug0J,False,0.0003610693879141,0.0001194202315768,0.0002416491563373,0.9000000000000002,False,unmatched_abstention,0.9000000000000002,False,unmatched_abstention,0.1,0.52497918747894,False,unmatched_abstention
DBLP,0.8,49,inner,SRSWOR_65_35,424,journals/vldb/Atkinson00,True,1,url:http://www.springerlink.com/index/CFM1025XF89JLNH8.pdf,url:http://www.springerlink.com/index/0YKCKU5LKG6G102T.pdf,False,0.9998693932009836,0.6877316791519792,0.3121377140490043,0.9000000000000002,True,false_link,0.9000000000000002,True,false_link,0.1,0.52497918747894,True,false_link
DBLP,0.8,49,inner,SRSWOR_65_35,425,conf/vldb/Kuhn03,False,0,,MyW5sLwDtogJ,False,0.999880876270352,3.8781781633382856e-06,0.9998769980921888,0.9000000000000002,True,false_link,0.9000000000000002,True,false_link,0.1,0.52497918747894,True,false_link
DBLP,0.8,49,inner,SRSWOR_65_35,426,journals/sigmod/GobleR02a,True,2,B-u4advaVBkJ,B-u4advaVBkJ,True,0.999990819906721,0.999990109583053,7.103236679961711e-07,0.9000000000000002,True,correct,0.9000000000000002,True,correct,0.1,0.52497918747894,True,correct
DBLP,0.8,49,inner,SRSWOR_65_35,427,journals/sigmod/Snodgrass97a,False,0,,NHxHsUH9L5MJ,False,0.4003631859171777,0.0473284696674119,0.3530347162497658,0.9000000000000002,False,unmatched_abstention,0.9000000000000002,False,unmatched_abstention,0.1,0.52497918747894,False,unmatched_abstention
DBLP,0.8,49,inner,SRSWOR_65_35,428,journals/tods/BertinoBFS98,True,2,5Zpm_QmAfv4J,5Zpm_QmAfv4J,True,0.9999941774545358,0.9999268345895092,6.734286502652065e-05,0.9000000000000002,True,correct,0.9000000000000002,True,correct,0.1,0.52497918747894,True,correct
DBLP,0.8,49,inner,SRSWOR_65_35,429,conf/sigmod/BrodskyK95,True,2,6t_N5axEm7cJ,SFmnhrhoQzgJ,True,0.9999914543465864,0.9782262999857824,0.0217651543608039,0.9000000000000002,True,correct,0.9000000000000002,True,correct,0.1,0.52497918747894,True,correct
DBLP,0.8,49,inner,SRSWOR_65_35,430,conf/vldb/Fecteau95,True,2,5JMz3UpESeQJ,LhjvKpDcJKUJ,True,0.9999931505509312,0.9999734165050974,1.973404583366367e-05,0.9000000000000002,True,correct,0.9000000000000002,True,correct,0.1,0.52497918747894,True,correct
DBLP,0.8,49,inner,SRSWOR_65_35,431,conf/vldb/BaralisPT97,True,4,Cp7_R7yjRjQJ,UUiSb7q5PHgJ,True,0.999991612477141,0.9999825508059276,9.061671213395073e-06,0.9000000000000002,True,correct,0.9000000000000002,True,correct,0.1,0.52497918747894,True,correct
DBLP,0.8,49,inner,SRSWOR_65_35,432,conf/sigmod/SeshadriLR94,True,3,60I0j0qUHVYJ,60I0j0qUHVYJ,True,0.9999809730947826,0.9999688932501722,1.2079844610379809e-05,0.9000000000000002,True,correct,0.9000000000000002,True,correct,0.1,0.52497918747894,True,correct
DBLP,0.8,49,inner,SRSWOR_65_35,433,conf/sigmod/Ramakrishnan00,True,1,aHpKrjJEJk4J,aHpKrjJEJk4J,True,0.99992793097459,3.743373373888359e-06,0.999924187601216,0.9000000000000002,True,correct,0.9000000000000002,True,correct,0.1,0.52497918747894,True,correct
DBLP,0.8,49,inner,SRSWOR_65_35,434,conf/sigmod/Chong98,True,1,W-6r_OOEHLUJ,W-6r_OOEHLUJ,True,0.999985453026152,4.488511797217044e-06,0.9999809645143548,0.9000000000000002,True,correct,0.9000000000000002,True,correct,0.1,0.52497918747894,True,correct
DBLP,0.8,49,inner,SRSWOR_65_35,435,conf/sigmod/OhHP00,True,3,cFpgCsBTSBEJ,T91d5LI-xIwJ,True,0.9999898531468892,0.9999642373651992,2.561578168980283e-05,0.9000000000000002,True,correct,0.9000000000000002,True,correct,0.1,0.52497918747894,True,correct
DBLP,0.8,49,inner,SRSWOR_65_35,436,conf/sigmod/MumickP94,True,1,hUQBQ_9ohcgJ,hUQBQ_9ohcgJ,True,0.9999912739746876,5.903614402651876e-06,0.9999853703602848,0.9000000000000002,True,correct,0.9000000000000002,True,correct,0.1,0.52497918747894,True,correct
DBLP,0.8,49,inner,SRSWOR_65_35,437,conf/sigmod/TaoP02,True,1,fDWfHiQ6BR4J,fDWfHiQ6BR4J,True,0.999991170737071,8.672299966824194e-06,0.9999824984371042,0.9000000000000002,True,correct,0.9000000000000002,True,correct,0.1,0.52497918747894,True,correct
DBLP,0.8,49,inner,SRSWOR_65_35,438,conf/vldb/KonopnickiS95,True,5,cA1Zsnlz-tIJ,cA1Zsnlz-tIJ,True,0.9999921747365754,0.9999915865928436,5.881437317167837e-07,0.9000000000000002,True,correct,0.9000000000000002,True,correct,0.1,0.52497918747894,True,correct
DBLP,0.8,49,inner,SRSWOR_65_35,439,conf/sigmod/IvesLPST00,True,2,4-FwpSOweRAJ,rtnpqb22gGcJ,True,0.9999912337382592,0.999987274484156,3.959254103236276e-06,0.9000000000000002,True,correct,0.9000000000000002,True,correct,0.1,0.52497918747894,True,correct
DBLP,0.8,49,inner,SRSWOR_65_35,440,conf/vldb/Cuppens96,True,1,8_HtXom0CVgJ,8_HtXom0CVgJ,True,0.9999928709742858,6.067024615499203e-06,0.9999868039496704,0.9000000000000002,True,correct,0.9000000000000002,True,correct,0.1,0.52497918747894,True,correct
DBLP,0.8,49,inner,SRSWOR_65_35,441,conf/vldb/CandanALPH02,False,0,,efYVCK07AwMJ,False,4.580270583586606e-06,4.387769403970068e-06,1.9250117961653794e-07,0.9000000000000002,False,unmatched_abstention,0.9000000000000002,False,unmatched_abstention,0.1,0.52497918747894,False,unmatched_abstention
DBLP,0.8,49,inner,SRSWOR_65_35,442,conf/sigmod/WhiteCF98,True,2,tORqjZEtKvMJ,tORqjZEtKvMJ,True,0.9999910807499616,0.9998632569519708,0.0001278237979908,0.9000000000000002,True,correct,0.9000000000000002,True,correct,0.1,0.52497918747894,True,correct
DBLP,0.8,49,inner,SRSWOR_65_35,443,conf/vldb/ShanmugasundaramGTZDN99,True,13,C5EoaXfZ7BsJ,GIlUG9H3gUUJ,True,0.999993735091286,0.9999936899463036,4.5144982530054285e-08,0.9000000000000002,True,correct,0.9000000000000002,True,correct,0.1,0.52497918747894,True,correct
DBLP,0.8,49,inner,SRSWOR_65_35,444,journals/sigmod/DAndreaJ96,True,1,-XugBF7u07EJ,-XugBF7u07EJ,True,0.9993702537038622,0.9971813169233732,0.0021889367804889,0.9000000000000002,True,correct,0.9000000000000002,True,correct,0.1,0.52497918747894,True,correct
DBLP,0.8,49,inner,SRSWOR_65_35,445,journals/sigmod/Liu03,False,0,,url:http://portal.acm.org/citation.cfm%3Fid%3D945721.945727%26coll%3DGUIDE%26dl%3DACM%26idx%3DJ689%26part%3Dperiodical%26WantType%3Dperiodical%26title%3DACM%2520SIGMOD%2520Record%26CFID%3D11111111%26CFTOKEN%3D2222222,False,0.0002541975945759,4.231559699903632e-05,0.0002118819975769,0.9000000000000002,False,unmatched_abstention,0.9000000000000002,False,unmatched_abstention,0.1,0.52497918747894,False,unmatched_abstention
DBLP,0.8,49,inner,SRSWOR_65_35,446,conf/vldb/BergerBSW03,True,3,4bBWSfhvZ5AJ,kADCX48-o5IJ,True,0.9999927676950288,0.9999919538095178,8.138855110972898e-07,0.9000000000000002,True,correct,0.9000000000000002,True,correct,0.1,0.52497918747894,True,correct
DBLP,0.8,49,inner,SRSWOR_65_35,447,journals/sigmod/OConnellW03,True,1,SeDkIL_DlRwJ,SeDkIL_DlRwJ,True,0.9997116083717772,3.8725900542750245e-06,0.999707735781723,0.9000000000000002,True,correct,0.9000000000000002,True,correct,0.1,0.52497918747894,True,correct
DBLP,0.8,49,inner,SRSWOR_65_35,448,journals/tods/DekhtyarRS01,True,6,5HstPUbtZ1QJ,jZShiF9wrikJ,True,0.9999907733363508,0.9999886967234254,2.07661292550565e-06,0.9000000000000002,True,correct,0.9000000000000002,True,correct,0.1,0.52497918747894,True,correct
DBLP,0.8,49,inner,SRSWOR_65_35,449,conf/vldb/Bar-YossefBCFW00,True,1,-gm97JzyHJsJ,-gm97JzyHJsJ,True,0.9999907277677804,3.627707538785432e-06,0.9999871000602416,0.9000000000000002,True,correct,0.9000000000000002,True,correct,0.1,0.52497918747894,True,correct
DBLP,0.8,49,inner,SRSWOR_65_35,450,conf/vldb/NgC97,True,2,eTDBrdfpGNEJ,J7mY8RlpTKMJ,True,0.9999928976432492,0.999991397796976,1.4998462729565176e-06,0.9000000000000002,True,correct,0.9000000000000002,True,correct,0.1,0.52497918747894,True,correct
DBLP,0.8,49,inner,SRSWOR_65_35,451,conf/vldb/BernsteinD94,True,1,rNNtyNCgHLoJ,rNNtyNCgHLoJ,True,0.9999938699773588,1.5943506475237373e-05,0.9999779264708836,0.9000000000000002,True,correct,0.9000000000000002,True,correct,0.1,0.52497918747894,True,correct
DBLP,0.8,49,inner,SRSWOR_65_35,452,conf/vldb/Ladin00,True,1,kPTa4IiS_sgJ,kPTa4IiS_sgJ,True,0.9999921037598344,0.4076018966160333,0.5923902071438011,0.9000000000000002,True,correct,0.9000000000000002,True,correct,0.1,0.52497918747894,True,correct
DBLP,0.8,49,inner,SRSWOR_65_35,453,journals/vldb/JiangE98,True,1,PjtgP4aQt00J,PjtgP4aQt00J,True,0.9999937856112272,4.114180495236009e-06,0.9999896714307318,0.9000000000000002,True,correct,0.9000000000000002,True,correct,0.1,0.52497918747894,True,correct
DBLP,0.8,49,inner,SRSWOR_65_35,454,conf/sigmod/CuiOTS03,True,1,qx5oR09jmMwJ,qx5oR09jmMwJ,True,0.999993007861006,4.180890524543666e-06,0.9999888269704816,0.9000000000000002,True,correct,0.9000000000000002,True,correct,0.1,0.52497918747894,True,correct
DBLP,0.8,49,inner,SRSWOR_65_35,455,conf/vldb/ChakravarthyKAK94,True,3,3M_0Kd8NNjgJ,L9eva_gsxrIJ,True,0.9999942263843348,0.999993439904171,7.864801637724739e-07,0.9000000000000002,True,correct,0.9000000000000002,True,correct,0.1,0.52497918747894,True,correct
DBLP,0.8,49,inner,SRSWOR_65_35,456,conf/vldb/FuhDCMTLDRM99,True,1,nh2FuiC6fHgJ,nh2FuiC6fHgJ,True,0.9999909464343926,3.478062425688918e-06,0.9999874683719668,0.9000000000000002,True,correct,0.9000000000000002,True,correct,0.1,0.52497918747894,True,correct
DBLP,0.8,49,inner,SRSWOR_65_35,457,conf/sigmod/Dullmann99,True,1,5bp8rSFAkzEJ,5bp8rSFAkzEJ,True,0.9912915057102596,0.0002506841230479,0.9910408215872116,0.9000000000000002,True,correct,0.9000000000000002,True,correct,0.1,0.52497918747894,True,correct
DBLP,0.8,49,inner,SRSWOR_65_35,458,journals/sigmod/Lee95,True,2,ozmSjoqqFtwJ,ozmSjoqqFtwJ,True,0.9999886981893454,0.9999212631700584,6.743501928696549e-05,0.9000000000000002,True,correct,0.9000000000000002,True,correct,0.1,0.52497918747894,True,correct
DBLP,0.8,49,inner,SRSWOR_65_35,459,conf/sigmod/CareyK97,True,5,2OPEy9_6BlEJ,yuAO6FZOXmQJ,True,0.9999907920858638,0.9999846655447836,6.1265410802313625e-06,0.9000000000000002,True,correct,0.9000000000000002,True,correct,0.1,0.52497918747894,True,correct
DBLP,0.8,49,inner,SRSWOR_65_35,460,journals/vldb/C94c,True,1,url:http://portal.acm.org/citation.cfm%3Fid%3D615204.615205%26dl%3Dportal%26dl%3DACM%26type%3Dissue%26idx%3DJ869%26part%3Dperiodical%26WantType%3Dperiodical%26title%3DThe%2520VLDB%2520Journal%2520%2526mdash%253B%2520The%2520International%2520Journal%2520on%2520Very%2520Large%2520Data%2520Bases%26CFID%3D11111111%26CFTOKEN%3D2222222,url:http://www.springerlink.com/index/P4Q0445827654287.pdf,False,0.9999085804822436,0.0074745011574282,0.9924340793248156,0.9000000000000002,True,false_link,0.9000000000000002,True,false_link,0.1,0.52497918747894,True,false_link
DBLP,0.8,49,inner,SRSWOR_65_35,461,journals/sigmod/BawaCCDGGKMSSVY03,True,1,7gJjI63FlyYJ,7gJjI63FlyYJ,True,0.9999509896694412,9.43879317387997e-06,0.9999415508762672,0.9000000000000002,True,correct,0.9000000000000002,True,correct,0.1,0.52497918747894,True,correct
DBLP,0.8,49,inner,SRSWOR_65_35,462,conf/vldb/KaushikBNS02,True,1,dL5oJVHK10kJ,dL5oJVHK10kJ,True,0.9999915658665124,3.65521161835026e-06,0.999987910654894,0.9000000000000002,True,correct,0.9000000000000002,True,correct,0.1,0.52497918747894,True,correct
DBLP,0.8,49,inner,SRSWOR_65_35,463,conf/vldb/ChenRS95,True,1,4TMZhO1wdwsJ,4TMZhO1wdwsJ,True,0.9999888257026864,4.686786855931685e-06,0.9999841389158306,0.9000000000000002,True,correct,0.9000000000000002,True,correct,0.1,0.52497918747894,True,correct
DBLP,0.8,49,inner,SRSWOR_65_35,464,conf/vldb/OlstonW00,True,5,1uei4ivV-PgJ,R_hYW6eIUuYJ,True,0.9999940828917588,0.999989865757457,4.217134301764958e-06,0.9000000000000002,True,correct,0.9000000000000002,True,correct,0.1,0.52497918747894,True,correct
DBLP,0.8,49,inner,SRSWOR_65_35,465,journals/sigmod/BoucelmaCGJLL02,True,1,I9JXY0-R4GgJ,I9JXY0-R4GgJ,True,0.9999928568461616,6.075958877960989e-06,0.9999867808872837,0.9000000000000002,True,correct,0.9000000000000002,True,correct,0.1,0.52497918747894,True,correct
DBLP,0.8,49,inner,SRSWOR_65_35,466,conf/sigmod/LiuHBPT99,True,2,BIox2W-EPfEJ,PKQ1dCQIwi0J,True,0.999994308958066,0.9999529953768436,4.131358122261286e-05,0.9000000000000002,True,correct,0.9000000000000002,True,correct,0.1,0.52497918747894,True,correct
DBLP,0.8,49,inner,SRSWOR_65_35,467,journals/vldb/RoySSSA98,True,3,5VcKjo7jBOMJ,vitgygjdz3AJ,True,0.9999946277648314,0.9999939932755596,6.344892719001294e-07,0.9000000000000002,True,correct,0.9000000000000002,True,correct,0.1,0.52497918747894,True,correct
DBLP,0.8,49,inner,SRSWOR_65_35,468,conf/sigmod/HanFWCZK96,True,1,v9BdA55u_XMJ,v9BdA55u_XMJ,True,0.9999936062495532,6.394861400467762e-05,0.9999296576355484,0.9000000000000002,True,correct,0.9000000000000002,True,correct,0.1,0.52497918747894,True,correct
DBLP,0.8,49,inner,SRSWOR_65_35,469,conf/vldb/JohnsonM98,True,4,cTZLUZ5_cfkJ,eFynrwKK_T0J,True,0.9999867945542305,0.9997254244093918,0.0002613701448386,0.9000000000000002,True,correct,0.9000000000000002,True,correct,0.1,0.52497918747894,True,correct
DBLP,0.8,49,inner,SRSWOR_65_35,470,conf/vldb/IdrisGC94,True,2,esWYQTXHBfUJ,Xf7TnMxlGTkJ,True,0.9999925990179578,0.9944081530724438,0.0055844459455139,0.9000000000000002,True,correct,0.9000000000000002,True,correct,0.1,0.52497918747894,True,correct
DBLP,0.8,49,inner,SRSWOR_65_35,471,conf/sigmod/MarklL02,True,2,5fSqMJg7FV4J,b7IXEwTLIHAJ,True,0.9999885364816858,0.0197011944383999,0.980287342043286,0.9000000000000002,True,correct,0.9000000000000002,True,correct,0.1,0.52497918747894,True,correct
DBLP,0.8,49,inner,SRSWOR_65_35,472,journals/tods/YanG94,True,3,fx6kDLBa8q8J,fx6kDLBa8q8J,True,0.9999680048287704,0.9999124118500908,5.559297867951951e-05,0.9000000000000002,True,correct,0.9000000000000002,True,correct,0.1,0.52497918747894,True,correct
DBLP,0.8,49,inner,SRSWOR_65_35,473,conf/vldb/ShahRS02,True,2,ByAk0yD64SYJ,ByAk0yD64SYJ,True,0.9999909166844032,0.9999778583100436,1.3058374359720126e-05,0.9000000000000002,True,correct,0.9000000000000002,True,correct,0.1,0.52497918747894,True,correct
DBLP,0.8,49,inner,SRSWOR_65_35,474,conf/sigmod/HaasH01,True,3,9wQ6RWWcHRIJ,9wQ6RWWcHRIJ,True,0.9945545588955156,0.9627861296128032,0.0317684292827125,0.9000000000000002,True,correct,0.9000000000000002,True,correct,0.1,0.52497918747894,True,correct
DBLP,0.8,49,inner,SRSWOR_65_35,475,conf/vldb/TanGO99,True,1,CcTZvs8xd2sJ,CcTZvs8xd2sJ,True,0.9999933332168384,5.336531976079567e-06,0.9999879966848624,0.9000000000000002,True,correct,0.9000000000000002,True,correct,0.1,0.52497918747894,True,correct
DBLP,0.8,49,inner,SRSWOR_65_35,476,conf/sigmod/ZhangZPTL03,True,1,S3lELcdpzTkJ,S3lELcdpzTkJ,True,0.9999890856763656,0.0207737723225274,0.9792153133538384,0.9000000000000002,True,correct,0.9000000000000002,True,correct,0.1,0.52497918747894,True,correct
DBLP,0.8,49,inner,SRSWOR_65_35,477,journals/sigmod/JukicV97,True,1,yZbJS0Cd6cAJ,yZbJS0Cd6cAJ,True,0.9999930171436092,4.192817243955639e-06,0.9999888243263652,0.9000000000000002,True,correct,0.9000000000000002,True,correct,0.1,0.52497918747894,True,correct
DBLP,0.8,49,inner,SRSWOR_65_35,478,journals/sigmod/Ley00,False,0,,DPf__9SuvxoJ,False,6.248288814006063e-05,5.601751363807735e-05,6.465374501983285e-06,0.9000000000000002,False,unmatched_abstention,0.9000000000000002,False,unmatched_abstention,0.1,0.52497918747894,False,unmatched_abstention
DBLP,0.8,49,inner,SRSWOR_65_35,479,conf/vldb/ChatziantoniouR97,True,2,UEvW-FsWASUJ,UEvW-FsWASUJ,True,0.9999821506064956,0.999981151239114,9.99367381626648e-07,0.9000000000000002,True,correct,0.9000000000000002,True,correct,0.1,0.52497918747894,True,correct
DBLP,0.8,49,inner,SRSWOR_65_35,480,conf/vldb/ShaferA97,True,1,O4UcgdEM7vYJ,O4UcgdEM7vYJ,True,0.9999937632698715,0.0328001918191909,0.9671935714506806,0.9000000000000002,True,correct,0.9000000000000002,True,correct,0.1,0.52497918747894,True,correct
DBLP,0.8,49,inner,SRSWOR_65_35,481,journals/sigmod/NascimentoSP03,True,1,G3QWq2T08SEJ,G3QWq2T08SEJ,True,0.999968685768082,4.638346582515079e-06,0.9999640474214996,0.9000000000000002,True,correct,0.9000000000000002,True,correct,0.1,0.52497918747894,True,correct
DBLP,0.8,49,inner,SRSWOR_65_35,482,conf/vldb/AgrawalK02,True,4,4weou-KgkM8J,4weou-KgkM8J,True,0.9999882643331968,0.9999816324251984,6.631907998544406e-06,0.9000000000000002,True,correct,0.9000000000000002,True,correct,0.1,0.52497918747894,True,correct
DBLP,0.8,49,inner,SRSWOR_65_35,483,journals/vldb/SivasankaranSTPR96,True,3,url:http://ieeexplore.ieee.org/iel2/997/7843/00331718.pdf%3Farnumber%3D331718,XX_3v0k3v6QJ,True,0.999992383113641,0.9999900108292276,2.3722844134654864e-06,0.9000000000000002,True,correct,0.9000000000000002,True,correct,0.1,0.52497918747894,True,correct
DBLP,0.8,49,inner,SRSWOR_65_35,484,journals/sigmod/ChongFTSYKDJJ03,True,1,url:http://portal.acm.org/ft_gateway.cfm%3Fid%3D777000%26type%3Dpdf%26coll%3DGUIDE%26dl%3DACM%26CFID%3D11111111%26CFTOKEN%3D2222222,url:http://portal.acm.org/ft_gateway.cfm%3Fid%3D777000%26type%3Dpdf%26coll%3DGUIDE%26dl%3DACM%26CFID%3D11111111%26CFTOKEN%3D2222222,True,0.9999751586670436,3.792772522571672e-06,0.9999713658945212,0.9000000000000002,True,correct,0.9000000000000002,True,correct,0.1,0.52497918747894,True,correct
DBLP,0.8,49,inner,SRSWOR_65_35,485,conf/sigmod/ChenWZ98,True,1,NuwRNfDPpTcJ,NuwRNfDPpTcJ,True,0.9999919154743424,4.091287604158402e-06,0.9999878241867384,0.9000000000000002,True,correct,0.9000000000000002,True,correct,0.1,0.52497918747894,True,correct
DBLP,0.8,49,inner,SRSWOR_65_35,486,conf/sigmod/GodfreySE98,True,2,f5cqkpUXl0kJ,f5cqkpUXl0kJ,True,0.9999936352322348,0.9999922250962734,1.4101359613327702e-06,0.9000000000000002,True,correct,0.9000000000000002,True,correct,0.1,0.52497918747894,True,correct
DBLP,0.8,49,inner,SRSWOR_65_35,487,conf/sigmod/JagadishLS99,True,3,p5n3KKoHgMgJ,p5n3KKoHgMgJ,True,0.9999948266042292,0.999994368014088,4.585901413056704e-07,0.9000000000000002,True,correct,0.9000000000000002,True,correct,0.1,0.52497918747894,True,correct
DBLP,0.8,49,inner,SRSWOR_65_35,488,conf/sigmod/Sheth95,True,5,0CD9uUPdnbUJ,JrkRUbNsLwEJ,True,0.9999930155918142,0.9999867629444842,6.252647330007299e-06,0.9000000000000002,True,correct,0.9000000000000002,True,correct,0.1,0.52497918747894,True,correct
DBLP,0.8,49,inner,SRSWOR_65_35,489,conf/sigmod/BohannonMR01,True,1,ChD3-mp23f8J,ChD3-mp23f8J,True,0.9999932222934704,1.819518705817188e-05,0.9999750271064124,0.9000000000000002,True,correct,0.9000000000000002,True,correct,0.1,0.52497918747894,True,correct
DBLP,0.8,49,inner,SRSWOR_65_35,490,journals/sigmod/Badia02,False,0,,url:http://portal.acm.org/ft_gateway.cfm%3Fid%3D637425%26type%3Dpdf%26dl%3DGUIDE%26dl%3DACM%26CFID%3D11111111%26CFTOKEN%3D2222222,False,0.9999916381462406,0.000799627822441,0.9991920103237996,0.9000000000000002,True,false_link,0.9000000000000002,True,false_link,0.1,0.52497918747894,True,false_link
DBLP,0.8,49,inner,SRSWOR_65_35,491,journals/sigmod/Aberer03b,True,1,url:http://portal.acm.org/ft_gateway.cfm%3Fid%3D776994%26type%3Dpdf%26dl%3DGUIDE%26dl%3DACM%26CFID%3D11111111%26CFTOKEN%3D2222222,url:http://portal.acm.org/ft_gateway.cfm%3Fid%3D959078%26type%3Dpdf%26dl%3DGUIDE%26dl%3DACM%26CFID%3D11111111%26CFTOKEN%3D2222222,False,0.999656660560508,0.0126591434361078,0.9869975171244002,0.9000000000000002,True,false_link,0.9000000000000002,True,false_link,0.1,0.52497918747894,True,false_link
DBLP,0.8,49,inner,SRSWOR_65_35,492,conf/vldb/LuSL95,True,6,2g1GW3T-fVQJ,h7_7SZrI7M0J,True,0.9999927985698388,0.9999871027912378,5.695778601100265e-06,0.9000000000000002,True,correct,0.9000000000000002,True,correct,0.1,0.52497918747894,True,correct
DBLP,0.8,49,inner,SRSWOR_65_35,493,conf/vldb/FerrandinaMZ94,True,1,yQ2TMZ92GaIJ,yQ2TMZ92GaIJ,True,0.9999933008020242,0.0008923957317908,0.9991009050702332,0.9000000000000002,True,correct,0.9000000000000002,True,correct,0.1,0.52497918747894,True,correct
DBLP,0.8,49,inner,SRSWOR_65_35,494,journals/sigmod/VetterliVS00,True,3,dAF5Z861mZgJ,h7RBOvmQHhEJ,True,0.9999933741183684,0.9999930794417188,2.946766495259823e-07,0.9000000000000002,True,correct,0.9000000000000002,True,correct,0.1,0.52497918747894,True,correct
DBLP,0.8,49,inner,SRSWOR_65_35,495,journals/sigmod/Hainaut03,True,1,url:http://portal.acm.org/ft_gateway.cfm%3Fid%3D959087%26type%3Dpdf%26coll%3DGUIDE%26dl%3DACM%26CFID%3D11111111%26CFTOKEN%3D2222222,url:http://portal.acm.org/ft_gateway.cfm%3Fid%3D959087%26type%3Dpdf%26coll%3DGUIDE%26dl%3DACM%26CFID%3D11111111%26CFTOKEN%3D2222222,True,0.9999943014688,6.590014082812343e-05,0.9999284013279718,0.9000000000000002,True,correct,0.9000000000000002,True,correct,0.1,0.52497918747894,True,correct
DBLP,0.8,49,inner,SRSWOR_65_35,496,conf/sigmod/SagonasSW94,True,7,0hHYO7tQJUgJ,xc8KEoeRT9sJ,True,0.9999923622010614,0.9999921854233124,1.7677774888369413e-07,0.9000000000000002,True,correct,0.9000000000000002,True,correct,0.1,0.52497918747894,True,correct
DBLP,0.8,49,inner,SRSWOR_65_35,497,journals/tods/Chen95,True,1,1px2xYEVMzwJ,1px2xYEVMzwJ,True,0.9999847921154384,6.5148703011822025e-06,0.9999782772451372,0.9000000000000002,True,correct,0.9000000000000002,True,correct,0.1,0.52497918747894,True,correct
DBLP,0.8,49,inner,SRSWOR_65_35,498,conf/sigmod/CruzALRZ97,True,3,uh2lQGa6hQUJ,YWWvQnGCpDEJ,True,0.999991274440691,0.99999022344763,1.0509930610247409e-06,0.9000000000000002,True,correct,0.9000000000000002,True,correct,0.1,0.52497918747894,True,correct
DBLP,0.8,49,inner,SRSWOR_65_35,499,conf/sigmod/AdaliSS99,True,4,7OvO0Y3IU8gJ,c2dH5RxNj6kJ,True,0.9999940211482172,0.9999904685168202,3.552631396952499e-06,0.9000000000000002,True,correct,0.9000000000000002,True,correct,0.1,0.52497918747894,True,correct
DBLP,0.8,49,inner,SRSWOR_65_35,500,conf/sigmod/AcharyaGPR99a,True,7,ahfoveFQC2sJ,VlVV2mEnoQ4J,True,0.9999934142916572,0.99999313294393,2.813477273377885e-07,0.9000000000000002,True,correct,0.9000000000000002,True,correct,0.1,0.52497918747894,True,correct
DBLP,0.8,49,inner,SRSWOR_65_35,501,conf/vldb/WildfogelY97,True,1,uqYakLN84x0J,uqYakLN84x0J,True,0.9999911691623594,3.801503278074341e-06,0.9999873676590814,0.9000000000000002,True,correct,0.9000000000000002,True,correct,0.1,0.52497918747894,True,correct
DBLP,0.8,49,inner,SRSWOR_65_35,502,conf/vldb/MatiasVW00,True,2,7SeTnikjovEJ,7SeTnikjovEJ,True,0.9999894772635852,0.9999805133655384,8.963898046721042e-06,0.9000000000000002,True,correct,0.9000000000000002,True,correct,0.1,0.52497918747894,True,correct
DBLP,0.8,49,inner,SRSWOR_65_35,503,conf/sigmod/LaursenOP94,True,2,fTbCV3Lh8W0J,fTbCV3Lh8W0J,True,0.9999951856609408,0.9999874816374344,7.704023506360791e-06,0.9000000000000002,True,correct,0.9000000000000002,True,correct,0.1,0.52497918747894,True,correct
DBLP,0.8,49,inner,SRSWOR_65_35,504,conf/sigmod/MelnikRB03,True,4,bkpTodGryDAJ,wfjeWtEY2NcJ,True,0.9999945768708572,0.9999942899632078,2.869076493050571e-07,0.9000000000000002,True,correct,0.9000000000000002,True,correct,0.1,0.52497918747894,True,correct
DBLP,0.8,49,inner,SRSWOR_65_35,505,conf/sigmod/BohrerBBCFHKKMNRRSUUW97,True,4,oulaZpEWkMQJ,oulaZpEWkMQJ,True,0.9999918218153008,0.9999434348414084,4.838697389220048e-05,0.9000000000000002,True,correct,0.9000000000000002,True,correct,0.1,0.52497918747894,True,correct
DBLP,0.8,49,inner,SRSWOR_65_35,506,conf/sigmod/AgrawalS00,True,1,ufPUBsN4eg0J,ufPUBsN4eg0J,True,0.9999846219917164,0.0134491045154685,0.9865355174762478,0.9000000000000002,True,correct,0.9000000000000002,True,correct,0.1,0.52497918747894,True,correct
DBLP,0.8,49,inner,SRSWOR_65_35,507,journals/sigmod/DiazJPa94,True,2,sG7PCEiN2xAJ,sG7PCEiN2xAJ,True,0.9999870516715462,0.2479339860544322,0.7520530656171139,0.9000000000000002,True,correct,0.9000000000000002,True,correct,0.1,0.52497918747894,True,correct
DBLP,0.8,49,inner,SRSWOR_65_35,508,journals/vldb/MirbelPSTV00,True,1,tUEcojf_6BUJ,tUEcojf_6BUJ,True,0.9999941277684724,0.0014915797221442,0.9985025480463284,0.9000000000000002,True,correct,0.9000000000000002,True,correct,0.1,0.52497918747894,True,correct
DBLP,0.8,49,inner,SRSWOR_65_35,509,conf/vldb/DarmontS99,True,2,1GWsEQSvJmoJ,Ebi8v9FZXcgJ,True,0.9999945314120028,0.9999931434926302,1.3879193724308792e-06,0.9000000000000002,True,correct,0.9000000000000002,True,correct,0.1,0.52497918747894,True,correct
DBLP,0.8,49,inner,SRSWOR_65_35,510,journals/sigmod/Barbara01,True,1,U8tEHzJ2Xj0J,U8tEHzJ2Xj0J,True,0.9982722543690316,1.6760313655576364e-05,0.998255494055376,0.9000000000000002,True,correct,0.9000000000000002,True,correct,0.1,0.52497918747894,True,correct
DBLP,0.8,49,inner,SRSWOR_65_35,511,journals/sigmod/Gardels97,True,1,PlitMluIJyYJ,PlitMluIJyYJ,True,0.9999938607746854,0.7164505832535046,0.2835432775211808,0.9000000000000002,True,correct,0.9000000000000002,True,correct,0.1,0.52497918747894,True,correct
DBLP,0.8,49,inner,SRSWOR_65_35,512,journals/sigmod/Chen94,True,1,url:http://portal.acm.org/ft_gateway.cfm%3Fid%3D187460%26type%3Dpdf%26coll%3DGUIDE%26dl%3DACM%26CFID%3D11111111%26CFTOKEN%3D2222222,url:http://portal.acm.org/ft_gateway.cfm%3Fid%3D187460%26type%3Dpdf%26coll%3DGUIDE%26dl%3DACM%26CFID%3D11111111%26CFTOKEN%3D2222222,True,0.9999924612338305,0.91639126773018,0.0836011935036505,0.9000000000000002,True,correct,0.9000000000000002,True,correct,0.1,0.52497918747894,True,correct
DBLP,0.8,49,inner,SRSWOR_65_35,513,conf/sigmod/AcharyaPR99,True,5,0dY1brFaEzgJ,0dY1brFaEzgJ,True,0.9999891862154618,0.9999809623679908,8.223847470900658e-06,0.9000000000000002,True,correct,0.9000000000000002,True,correct,0.1,0.52497918747894,True,correct
DBLP,0.8,49,inner,SRSWOR_65_35,514,journals/sigmod/Cardelli01,True,1,UYAoi4DYOXUJ,UYAoi4DYOXUJ,True,0.9999920295249488,3.113105477701491e-05,0.9999608984701716,0.9000000000000002,True,correct,0.9000000000000002,True,correct,0.1,0.52497918747894,True,correct
DBLP,0.8,49,inner,SRSWOR_65_35,515,conf/sigmod/ZhangRL96,True,17,1ms09_UeEH4J,hk9P76dJfcAJ,True,0.9999934316157916,0.9999928559877737,5.756280180291284e-07,0.9000000000000002,True,correct,0.9000000000000002,True,correct,0.1,0.52497918747894,True,correct
DBLP,0.8,49,inner,SRSWOR_65_35,516,journals/tods/BozkayaO99,True,2,0znTIa901S8J,CEKbSWc_C6UJ,True,0.9999932421917322,0.9999881664234376,5.075768294560135e-06,0.9000000000000002,True,correct,0.9000000000000002,True,correct,0.1,0.52497918747894,True,correct
DBLP,0.8,49,inner,SRSWOR_65_35,517,conf/sigmod/ParkKKLPC98,True,2,aepGxosl6YoJ,aepGxosl6YoJ,True,0.9999928630561814,0.9040895184115288,0.0959033446446525,0.9000000000000002,True,correct,0.9000000000000002,True,correct,0.1,0.52497918747894,True,correct
DBLP,0.8,49,inner,SRSWOR_65_35,518,conf/vldb/KemmeA00,True,2,MoiF5MYTIrYJ,-McZOyw__qQJ,True,0.9999945906776628,0.9999379179571288,5.667272053400119e-05,0.9000000000000002,True,correct,0.9000000000000002,True,correct,0.1,0.52497918747894,True,correct
DBLP,0.8,49,inner,SRSWOR_65_35,519,journals/vldb/BeckerGOSW96,True,2,BNQ07kOYONgJ,BNQ07kOYONgJ,True,0.999990852050245,0.9999617017397144,2.9150310530523527e-05,0.9000000000000002,True,correct,0.9000000000000002,True,correct,0.1,0.52497918747894,True,correct
DBLP,0.8,49,inner,SRSWOR_65_35,520,conf/vldb/CuiW01,True,1,SaOd6rDz5ZgJ,SaOd6rDz5ZgJ,True,0.9999861026277173,2.097603404431978e-05,0.9999651265936728,0.9000000000000002,True,correct,0.9000000000000002,True,correct,0.1,0.52497918747894,True,correct
DBLP,0.8,49,inner,SRSWOR_65_35,521,conf/vldb/KonigW99,True,1,6HMffRHCspAJ,6HMffRHCspAJ,True,0.9999943560023712,0.9963725404339,0.0036218155684712,0.9000000000000002,True,correct,0.9000000000000002,True,correct,0.1,0.52497918747894,True,correct
DBLP,0.8,49,inner,SRSWOR_65_35,522,conf/vldb/WangSG03,True,1,T1TgIax4zVcJ,T1TgIax4zVcJ,True,0.9999935404996286,3.779153497333501e-06,0.9999897613461312,0.9000000000000002,True,correct,0.9000000000000002,True,correct,0.1,0.52497918747894,True,correct
DBLP,0.8,49,inner,SRSWOR_65_35,523,journals/sigmod/BernsteinBCDFGGHHJLMNPSU98,True,6,CuNhtOboaGoJ,Syu5W-3uFFAJ,True,0.9999904407342044,0.9999883439828436,2.0967513608693977e-06,0.9000000000000002,True,correct,0.9000000000000002,True,correct,0.1,0.52497918747894,True,correct
DBLP,0.8,49,inner,SRSWOR_65_35,524,journals/sigmod/Liu01a,False,0,,C84rFQN_ug0J,False,3.122518889907056e-05,1.3527240169904366e-05,1.7697948729166195e-05,0.9000000000000002,False,unmatched_abstention,0.9000000000000002,False,unmatched_abstention,0.1,0.52497918747894,False,unmatched_abstention
DBLP,0.8,49,inner,SRSWOR_65_35,525,conf/sigmod/ZhugeGHW95,True,10,_XLK2p-e2pYJ,_XLK2p-e2pYJ,True,0.9999935583395856,0.9999923074198672,1.25091971847624e-06,0.9000000000000002,True,correct,0.9000000000000002,True,correct,0.1,0.52497918747894,True,correct
DBLP,0.8,49,inner,SRSWOR_65_35,526,journals/sigmod/Datta94,True,2,3TVyZeq1-i4J,PPH2NlobSwsJ,True,0.9999929506015802,0.9999917183565088,1.232245071314253e-06,0.9000000000000002,True,correct,0.9000000000000002,True,correct,0.1,0.52497918747894,True,correct
DBLP,0.8,49,inner,SRSWOR_65_35,527,conf/vldb/Moni96,True,1,gbjXwFztQTsJ,gbjXwFztQTsJ,True,0.99999359121983,3.898922883274098e-06,0.9999896922969468,0.9000000000000002,True,correct,0.9000000000000002,True,correct,0.1,0.52497918747894,True,correct
DBLP,0.8,49,inner,SRSWOR_65_35,528,conf/vldb/StathatosRB97,True,3,JH2hiRXPJcEJ,JH2hiRXPJcEJ,True,0.9999928597271386,0.9999909603504492,1.899376689262766e-06,0.9000000000000002,True,correct,0.9000000000000002,True,correct,0.1,0.52497918747894,True,correct
DBLP,0.8,49,inner,SRSWOR_65_35,529,journals/vldb/ChanGR03,True,2,7rn7AHVs1YUJ,7rn7AHVs1YUJ,True,0.9999937902203078,0.999978298007803,1.5492212504741865e-05,0.9000000000000002,True,correct,0.9000000000000002,True,correct,0.1,0.52497918747894,True,correct
DBLP,0.8,49,inner,SRSWOR_65_35,530,conf/sigmod/DeshpandeNGS03a,True,3,pF6EW_yKYyYJ,sfB17Fi4MZsJ,True,0.9999929421661676,0.9999917880216682,1.1541444994156436e-06,0.9000000000000002,True,correct,0.9000000000000002,True,correct,0.1,0.52497918747894,True,correct
DBLP,0.8,49,inner,SRSWOR_65_35,531,conf/sigmod/RundensteinerCCSO00,True,1,url:http://portal.acm.org/ft_gateway.cfm%3Fid%3D335496%26type%3Dpdf%26dl%3DGUIDE%26dl%3DACM%26CFID%3D11111111%26CFTOKEN%3D2222222,url:http://portal.acm.org/ft_gateway.cfm%3Fid%3D335496%26type%3Dpdf%26dl%3DGUIDE%26dl%3DACM%26CFID%3D11111111%26CFTOKEN%3D2222222,True,0.9999931554156166,0.0001864000357275,0.9998067553798892,0.9000000000000002,True,correct,0.9000000000000002,True,correct,0.1,0.52497918747894,True,correct
DBLP,0.8,49,inner,SRSWOR_65_35,532,conf/vldb/Orenstein98,True,1,VfWJDzGt9JYJ,VfWJDzGt9JYJ,True,0.9999931640394808,3.955418661127456e-06,0.9999892086208196,0.9000000000000002,True,correct,0.9000000000000002,True,correct,0.1,0.52497918747894,True,correct
DBLP,0.8,49,inner,SRSWOR_65_35,533,conf/sigmod/GardarinMP95,True,4,9-bSCnqVrlkJ,l-9pykkOVrkJ,True,0.999994144399763,0.9999920500217264,2.094378036554545e-06,0.9000000000000002,True,correct,0.9000000000000002,True,correct,0.1,0.52497918747894,True,correct
DBLP,0.8,49,inner,SRSWOR_65_35,534,journals/sigmod/LiefkeS00,True,2,4q4PDOS45uIJ,N0eowMtIAukJ,True,0.9999933181060908,0.999974245279564,1.907282652691133e-05,0.9000000000000002,True,correct,0.9000000000000002,True,correct,0.1,0.52497918747894,True,correct
DBLP,0.8,49,inner,SRSWOR_65_35,535,journals/sigmod/NormanZT96,True,1,rPFgPOAANuQJ,rPFgPOAANuQJ,True,0.9999925781602452,5.777934075262261e-06,0.99998680022617,0.9000000000000002,True,correct,0.9000000000000002,True,correct,0.1,0.52497918747894,True,correct
DBLP,0.8,49,inner,SRSWOR_65_35,536,conf/vldb/SchaeferBBJ00,True,1,url:http://portal.acm.org/citation.cfm%3Fid%3D645926.671845,url:http://portal.acm.org/citation.cfm%3Fid%3D645926.671845,True,0.999991910816196,0.0002964397233082,0.9996954710928878,0.9000000000000002,True,correct,0.9000000000000002,True,correct,0.1,0.52497918747894,True,correct
DBLP,0.8,49,inner,SRSWOR_65_35,537,conf/sigmod/KalnisP01,True,1,-UHxodSX8oMJ,-UHxodSX8oMJ,True,0.9999922583907884,5.358711244608429e-06,0.999986899679544,0.9000000000000002,True,correct,0.9000000000000002,True,correct,0.1,0.52497918747894,True,correct
DBLP,0.8,49,inner,SRSWOR_65_35,538,journals/sigmod/X95a,False,0,,url:http://www.springerlink.com/index/X256555608656055.pdf,False,3.2560490629433904e-05,8.822571433116603e-06,2.37379191963173e-05,0.9000000000000002,False,unmatched_abstention,0.9000000000000002,False,unmatched_abstention,0.1,0.52497918747894,False,unmatched_abstention
DBLP,0.8,49,inner,SRSWOR_65_35,539,conf/sigmod/GeorgeH97,True,3,Ah9B3bWU0jEJ,Ah9B3bWU0jEJ,True,0.9999935770797692,0.9999552786850028,3.829839476632291e-05,0.9000000000000002,True,correct,0.9000000000000002,True,correct,0.1,0.52497918747894,True,correct
DBLP,0.8,49,inner,SRSWOR_65_35,540,conf/sigmod/WilschutFA95,True,2,vgoFTdXYHZ0J,vgoFTdXYHZ0J,True,0.9999910725719644,2.277885002356966e-05,0.9999682937219408,0.9000000000000002,True,correct,0.9000000000000002,True,correct,0.1,0.52497918747894,True,correct
DBLP,0.8,49,inner,SRSWOR_65_35,541,journals/sigmod/KambhampatiK03,True,1,url:http://portal.acm.org/ft_gateway.cfm%3Fid%3D959086%26type%3Dpdf%26dl%3DGUIDE%26dl%3DACM%26CFID%3D11111111%26CFTOKEN%3D2222222,url:http://portal.acm.org/ft_gateway.cfm%3Fid%3D959086%26type%3Dpdf%26dl%3DGUIDE%26dl%3DACM%26CFID%3D11111111%26CFTOKEN%3D2222222,True,0.999993442650048,8.71549638035148e-06,0.9999847271536676,0.9000000000000002,True,correct,0.9000000000000002,True,correct,0.1,0.52497918747894,True,correct
DBLP,0.8,49,inner,SRSWOR_65_35,542,conf/vldb/PetrovicBJ03,True,1,nIuz3dc8yHMJ,nIuz3dc8yHMJ,True,0.9999928479097904,1.5896047451112485e-05,0.9999769518623394,0.9000000000000002,True,correct,0.9000000000000002,True,correct,0.1,0.52497918747894,True,correct
DBLP,0.8,49,inner,SRSWOR_65_35,543,journals/vldb/BerendtS00,True,3,_0meUij3ZJEJ,_0meUij3ZJEJ,True,0.999994161707809,0.9999937805954138,3.811123951980022e-07,0.9000000000000002,True,correct,0.9000000000000002,True,correct,0.1,0.52497918747894,True,correct
DBLP,0.8,49,inner,SRSWOR_65_35,544,conf/sigmod/HsuLG00,True,2,AvYMafGTVLEJ,kxIpDxLD46gJ,True,0.9999922386680866,0.9999866815883988,5.557079687856792e-06,0.9000000000000002,True,correct,0.9000000000000002,True,correct,0.1,0.52497918747894,True,correct
DBLP,0.8,49,inner,SRSWOR_65_35,545,conf/vldb/Objectivity98,True,1,o3fkxpcCBskJ,o3fkxpcCBskJ,True,0.7636494335058112,1.2628858723854223e-05,0.7636368046470873,0.9000000000000002,False,missing_match,0.9000000000000002,False,missing_match,0.1,0.52497918747894,True,correct
DBLP,0.8,49,inner,SRSWOR_65_35,546,conf/sigmod/NgLHP98,True,12,_2mjU5KqoVgJ,qOiru8Q7FbIJ,True,0.9999937325933864,0.9999930140596612,7.185337250747992e-07,0.9000000000000002,True,correct,0.9000000000000002,True,correct,0.1,0.52497918747894,True,correct
DBLP,0.8,49,inner,SRSWOR_65_35,547,conf/vldb/PfoserJT00,True,2,0IeLWfNYZEYJ,0IeLWfNYZEYJ,True,0.999994255224684,0.9999190136748984,7.524154978555408e-05,0.9000000000000002,True,correct,0.9000000000000002,True,correct,0.1,0.52497918747894,True,correct
DBLP,0.8,49,inner,SRSWOR_65_35,548,journals/sigmod/SalgadoE03,False,0,,url:http://portal.acm.org/ft_gateway.cfm%3Fid%3D310062%26type%3Dpdf%26dl%3DGUIDE%26dl%3DACM%26CFID%3D11111111%26CFTOKEN%3D2222222,False,0.9684183037215796,1.5622437299715696e-05,0.96840268128428,0.9000000000000002,True,false_link,0.9000000000000002,True,false_link,0.1,0.52497918747894,True,false_link
DBLP,0.8,49,inner,SRSWOR_65_35,549,conf/sigmod/MaddenFHH03,True,1,qz24tfFNHuoJ,qz24tfFNHuoJ,True,0.9999941908878484,0.0064077363622791,0.9935864545255692,0.9000000000000002,True,correct,0.9000000000000002,True,correct,0.1,0.52497918747894,True,correct
DBLP,0.8,49,inner,SRSWOR_65_35,550,conf/vldb/JensenL01,True,1,yUDkYbmDTXIJ,yUDkYbmDTXIJ,True,0.9999922020098616,3.675232780465178e-05,0.9999554496820569,0.9000000000000002,True,correct,0.9000000000000002,True,correct,0.1,0.52497918747894,True,correct
DBLP,0.8,49,inner,SRSWOR_65_35,551,conf/sigmod/CareyDFHMNSSTTWZ94,True,8,0oPBNo-ofPkJ,0oPBNo-ofPkJ,True,0.9999802011590928,0.9999793260290756,8.751300170084519e-07,0.9000000000000002,True,correct,0.9000000000000002,True,correct,0.1,0.52497918747894,True,correct
DBLP,0.8,49,inner,SRSWOR_65_35,552,journals/sigmod/PalpanasPKG03,True,2,KQ6elbYA84QJ,KQ6elbYA84QJ,True,0.9999929438621324,0.999990041134023,2.902728109321906e-06,0.9000000000000002,True,correct,0.9000000000000002,True,correct,0.1,0.52497918747894,True,correct
DBLP,0.8,49,inner,SRSWOR_65_35,553,conf/sigmod/MistryRSR01,True,1,r62IMncHe0IJ,r62IMncHe0IJ,True,0.9999943119423368,4.020171645532916e-06,0.9999902917706912,0.9000000000000002,True,correct,0.9000000000000002,True,correct,0.1,0.52497918747894,True,correct
DBLP,0.8,49,inner,SRSWOR_65_35,554,journals/sigmod/AlonsoCIM95,True,1,5LlePa4wQmEJ,5LlePa4wQmEJ,True,0.9999932522637373,3.963125150131345e-06,0.999989289138587,0.9000000000000002,True,correct,0.9000000000000002,True,correct,0.1,0.52497918747894,True,correct
DBLP,0.8,49,inner,SRSWOR_65_35,555,conf/sigmod/LiuFP03,True,2,_97cTemKZnMJ,5BY1upUmSTUJ,True,0.0107838603453347,0.0013780980567055,0.0094057622886292,0.9000000000000002,False,missing_match,0.9000000000000002,False,missing_match,0.1,0.52497918747894,False,missing_match
DBLP,0.8,49,inner,SRSWOR_65_35,556,journals/sigmod/Aberer02b,True,1,url:http://portal.acm.org/ft_gateway.cfm%3Fid%3D601865%26type%3Dpdf%26coll%3DGUIDE%26dl%3DACM%26CFID%3D11111111%26CFTOKEN%3D2222222,url:http://portal.acm.org/ft_gateway.cfm%3Fid%3D637424%26type%3Dpdf%26coll%3DGUIDE%26dl%3DACM%26CFID%3D11111111%26CFTOKEN%3D2222222,False,0.6156611942736221,0.1608822966024534,0.4547788976711686,0.9000000000000002,False,missing_match,0.9000000000000002,False,missing_match,0.1,0.52497918747894,True,false_link
DBLP,0.8,49,inner,SRSWOR_65_35,557,conf/vldb/Gawlick96,True,1,Y5OJk6_D-ZUJ,Y5OJk6_D-ZUJ,True,0.9999941103261109,4.685991326235286e-06,0.9999894243347844,0.9000000000000002,True,correct,0.9000000000000002,True,correct,0.1,0.52497918747894,True,correct
DBLP,0.8,49,inner,SRSWOR_65_35,558,conf/vldb/KraftSRM03,False,0,,qbdSvwwe7VEJ,False,4.378314301649464e-06,3.990674866363443e-06,3.8763943528602133e-07,0.9000000000000002,False,unmatched_abstention,0.9000000000000002,False,unmatched_abstention,0.1,0.52497918747894,False,unmatched_abstention
DBLP,0.8,49,inner,SRSWOR_65_35,559,conf/vldb/ShanmugasundaramKSFF01,True,1,9r5dL8B5l7oJ,9r5dL8B5l7oJ,True,0.9999124433326984,3.7779098658979815e-05,0.9998746642340394,0.9000000000000002,True,correct,0.9000000000000002,True,correct,0.1,0.52497918747894,True,correct
DBLP,0.8,49,inner,SRSWOR_65_35,560,journals/sigmod/MattosD94,True,1,HhUCea7De6YJ,HhUCea7De6YJ,True,0.9999907212573366,4.212681038694708e-06,0.999986508576298,0.9000000000000002,True,correct,0.9000000000000002,True,correct,0.1,0.52497918747894,True,correct
DBLP,0.8,49,inner,SRSWOR_65_35,561,journals/vldb/FengYLH02,True,1,Uxh3R2hfBOAJ,Uxh3R2hfBOAJ,True,0.999995021280603,7.986004161113307e-06,0.999987035276442,0.9000000000000002,True,correct,0.9000000000000002,True,correct,0.1,0.52497918747894,True,correct
DBLP,0.8,49,inner,SRSWOR_65_35,562,conf/vldb/GibsonKR98,True,1,9FBwT6XFOssJ,9FBwT6XFOssJ,True,0.999992963786058,7.1134939846974935e-06,0.9999858502920732,0.9000000000000002,True,correct,0.9000000000000002,True,correct,0.1,0.52497918747894,True,correct
DBLP,0.8,49,inner,SRSWOR_65_35,563,journals/sigmod/AtzeniM98,True,2,HtxGbMkTXdsJ,HtxGbMkTXdsJ,True,0.9876318060545026,0.6125455558712949,0.3750862501832077,0.9000000000000002,True,correct,0.9000000000000002,True,correct,0.1,0.52497918747894,True,correct
DBLP,0.8,49,inner,SRSWOR_65_35,564,journals/sigmod/AndlerHEMBE96,True,5,3Isoplo_hi0J,oNYOKYvjoKgJ,True,0.999993960096884,0.9999914307941542,2.529302729703531e-06,0.9000000000000002,True,correct,0.9000000000000002,True,correct,0.1,0.52497918747894,True,correct
DBLP,0.8,49,inner,SRSWOR_65_35,565,journals/vldb/RafieiM02,True,1,kZFfJieudW4J,kZFfJieudW4J,True,0.9999878622919092,1.4221860877054611e-05,0.999973640431032,0.9000000000000002,True,correct,0.9000000000000002,True,correct,0.1,0.52497918747894,True,correct
DBLP,0.8,49,inner,SRSWOR_65_35,566,journals/sigmod/BarclayBGS94,True,2,v1aol6mmLdMJ,wPhDoeiINQsJ,True,0.99999315662309,0.9998169063200836,0.0001762503030063,0.9000000000000002,True,correct,0.9000000000000002,True,correct,0.1,0.52497918747894,True,correct
DBLP,0.8,49,inner,SRSWOR_65_35,567,conf/sigmod/AmbiteABKMMMPT98,True,3,iE-UE2bDGZ8J,iE-UE2bDGZ8J,True,0.9999935079597452,0.9999917584752568,1.7494844883891858e-06,0.9000000000000002,True,correct,0.9000000000000002,True,correct,0.1,0.52497918747894,True,correct
DBLP,0.8,49,inner,SRSWOR_65_35,568,conf/vldb/MedianoCD94,True,1,qwjRkZuiMHsJ,qwjRkZuiMHsJ,True,0.9999878557037876,3.5193223604422238e-06,0.9999843363814273,0.9000000000000002,True,correct,0.9000000000000002,True,correct,0.1,0.52497918747894,True,correct
DBLP,0.8,49,inner,SRSWOR_65_35,569,conf/vldb/AmmannJR95,True,1,x-H7BqZ0Hw8J,x-H7BqZ0Hw8J,True,0.999995050216292,0.9999494803124304,4.5569903861730765e-05,0.9000000000000002,True,correct,0.9000000000000002,True,correct,0.1,0.52497918747894,True,correct
DBLP,0.8,49,inner,SRSWOR_65_35,570,journals/sigmod/Abiteboul99,True,2,13NBtnaNfIEJ,J_7kZS39msAJ,True,0.9999937736935436,0.9999596272179744,3.4146475569318824e-05,0.9000000000000002,True,correct,0.9000000000000002,True,correct,0.1,0.52497918747894,True,correct
DBLP,0.8,49,inner,SRSWOR_65_35,571,journals/tods/Kuo96,True,2,p--jtVlva8AJ,p--jtVlva8AJ,True,0.9999938837992568,0.999986395459878,7.488339379024822e-06,0.9000000000000002,True,correct,0.9000000000000002,True,correct,0.1,0.52497918747894,True,correct
DBLP,0.8,49,inner,SRSWOR_65_35,572,conf/vldb/Mohan96,True,1,wYwNJy4GsEYJ,wYwNJy4GsEYJ,True,0.9999922810968088,2.33730569887758e-05,0.9999689080398202,0.9000000000000002,True,correct,0.9000000000000002,True,correct,0.1,0.52497918747894,True,correct
DBLP,0.8,49,inner,SRSWOR_65_35,573,journals/tods/Wijsen99,True,2,_D3JPE9NgNgJ,_D3JPE9NgNgJ,True,0.9999843469909334,0.9999823846627336,1.962328199822672e-06,0.9000000000000002,True,correct,0.9000000000000002,True,correct,0.1,0.52497918747894,True,correct
DBLP,0.8,49,inner,SRSWOR_65_35,574,conf/vldb/BrightR02,True,1,lovlkpxUzUsJ,lovlkpxUzUsJ,True,0.9999940772348098,3.5971088014297e-06,0.9999904801260084,0.9000000000000002,True,correct,0.9000000000000002,True,correct,0.1,0.52497918747894,True,correct
DBLP,0.8,49,inner,SRSWOR_65_35,575,conf/sigmod/GangulyGR03,True,1,Di-EjDZ_abYJ,Di-EjDZ_abYJ,True,0.9999928847894796,0.0598675323401256,0.9401253524493538,0.9000000000000002,True,correct,0.9000000000000002,True,correct,0.1,0.52497918747894,True,correct
DBLP,0.8,49,inner,SRSWOR_65_35,576,conf/vldb/SchieferKBLF98,True,1,1LATgSt5o_EJ,1LATgSt5o_EJ,True,0.9999927031264766,4.585703309492778e-06,0.9999881174231672,0.9000000000000002,True,correct,0.9000000000000002,True,correct,0.1,0.52497918747894,True,correct
DBLP,0.8,49,inner,SRSWOR_65_35,577,conf/sigmod/Gray95,False,0,,jiJgbmwO0lAJ,False,0.0004075461272599,0.0003608835578675,4.6662569392442966e-05,0.9000000000000002,False,unmatched_abstention,0.9000000000000002,False,unmatched_abstention,0.1,0.52497918747894,False,unmatched_abstention
DBLP,0.8,49,inner,SRSWOR_65_35,578,conf/vldb/BarjaPFWD94,True,2,qhl9_KGvjcUJ,qhl9_KGvjcUJ,True,0.9999935577620984,0.001073930722003,0.9989196270400952,0.9000000000000002,True,correct,0.9000000000000002,True,correct,0.1,0.52497918747894,True,correct
DBLP,0.8,49,inner,SRSWOR_65_35,579,journals/vldb/AlbanoGO95,True,2,_tswCGHoswMJ,_tswCGHoswMJ,True,0.999994140735314,0.9999724434247802,2.16973105339191e-05,0.9000000000000002,True,correct,0.9000000000000002,True,correct,0.1,0.52497918747894,True,correct
DBLP,0.8,49,inner,SRSWOR_65_35,580,conf/sigmod/AdelbergGK95,True,1,NbLabaGWoh4J,NbLabaGWoh4J,True,0.9999936775135426,4.2445432644745e-06,0.9999894329702782,0.9000000000000002,True,correct,0.9000000000000002,True,correct,0.1,0.52497918747894,True,correct
DBLP,0.8,49,inner,SRSWOR_65_35,581,conf/sigmod/YerneniLGU99,True,5,2MbaeG3IVV0J,hnMltY0uSf0J,True,0.9999889546112652,0.9999788702154708,1.0084395794529575e-05,0.9000000000000002,True,correct,0.9000000000000002,True,correct,0.1,0.52497918747894,True,correct
DBLP,0.8,49,inner,SRSWOR_65_35,582,conf/vldb/GoodmanRS94,True,1,8CCHAKnGJ1EJ,8CCHAKnGJ1EJ,True,0.9999948685816762,7.14917835661873e-06,0.9999877194033197,0.9000000000000002,True,correct,0.9000000000000002,True,correct,0.1,0.52497918747894,True,correct
DBLP,0.8,49,inner,SRSWOR_65_35,583,conf/sigmod/SimmenSM96,True,1,XVP8s4K0Bg4J,XVP8s4K0Bg4J,True,0.99999336888426,4.5210242549282826e-06,0.999988847860005,0.9000000000000002,True,correct,0.9000000000000002,True,correct,0.1,0.52497918747894,True,correct
DBLP,0.8,49,inner,SRSWOR_65_35,584,conf/sigmod/HanPDW01,True,3,CnAw9v-vEjwJ,CnAw9v-vEjwJ,True,0.999991871493283,0.9999901143168558,1.7571764271417931e-06,0.9000000000000002,True,correct,0.9000000000000002,True,correct,0.1,0.52497918747894,True,correct
DBLP,0.8,49,inner,SRSWOR_65_35,585,journals/sigmod/Libkin99,True,2,V_FnUWKirh8J,zSO1Y5W7WkwJ,True,0.9999949235058708,0.9999940373991524,8.86106718334112e-07,0.9000000000000002,True,correct,0.9000000000000002,True,correct,0.1,0.52497918747894,True,correct
DBLP,0.8,49,inner,SRSWOR_65_35,586,journals/sigmod/Ioannidis96,True,1,IgQsVaud8BIJ,IgQsVaud8BIJ,True,0.9999871534395872,9.905671483630568e-05,0.9998880967247508,0.9000000000000002,True,correct,0.9000000000000002,True,correct,0.1,0.52497918747894,True,correct
DBLP,0.8,49,inner,SRSWOR_65_35,587,conf/vldb/ChaudhuriS01,True,2,4bS3tvLQ-LAJ,4bS3tvLQ-LAJ,True,0.999924233292148,0.9999198990877836,4.334204364297989e-06,0.9000000000000002,True,correct,0.9000000000000002,True,correct,0.1,0.52497918747894,True,correct
DBLP,0.8,49,inner,SRSWOR_65_35,588,conf/sigmod/Bampahl95,True,1,MbgdgwgZCIUJ,MbgdgwgZCIUJ,True,0.9999887069054856,3.80858298308272e-06,0.9999848983225026,0.9000000000000002,True,correct,0.9000000000000002,True,correct,0.1,0.52497918747894,True,correct
DBLP,0.8,49,inner,SRSWOR_65_35,589,conf/sigmod/CatarciS94,True,3,ga4l4QhCXU4J,ga4l4QhCXU4J,True,0.99999337243733,0.9990178587201604,0.0009755137171696,0.9000000000000002,True,correct,0.9000000000000002,True,correct,0.1,0.52497918747894,True,correct
DBLP,0.8,49,inner,SRSWOR_65_35,590,journals/sigmod/WestmannKHM00,True,5,9jyzas_rFd4J,9jyzas_rFd4J,True,0.999993316665794,0.9999911927199758,2.1239458182220616e-06,0.9000000000000002,True,correct,0.9000000000000002,True,correct,0.1,0.52497918747894,True,correct
DBLP,0.8,49,inner,SRSWOR_65_35,591,conf/vldb/HoelS94,True,2,Id1cvsQURBAJ,Id1cvsQURBAJ,True,0.9999880257014152,0.9147818188956314,0.0852062068057839,0.9000000000000002,True,correct,0.9000000000000002,True,correct,0.1,0.52497918747894,True,correct
DBLP,0.8,49,inner,SRSWOR_65_35,592,conf/sigmod/VriesMNK02,True,1,dVn0Led5JLAJ,dVn0Led5JLAJ,True,0.9999940833488212,3.625708418496453e-06,0.9999904576404026,0.9000000000000002,True,correct,0.9000000000000002,True,correct,0.1,0.52497918747894,True,correct
DBLP,0.8,49,inner,SRSWOR_65_35,593,conf/vldb/BasuFP00,False,0,,url:http://portal.acm.org/ft_gateway.cfm%3Fid%3D1007674%26type%3Dpdf,False,4.148900697736507e-06,3.765436141569872e-06,3.834645561666343e-07,0.9000000000000002,False,unmatched_abstention,0.9000000000000002,False,unmatched_abstention,0.1,0.52497918747894,False,unmatched_abstention
DBLP,0.8,49,inner,SRSWOR_65_35,594,conf/vldb/BaumannFRW97,True,2,7BgXVuviUvoJ,7BgXVuviUvoJ,True,0.9999940462064768,0.9999803833881232,1.3662818353576968e-05,0.9000000000000002,True,correct,0.9000000000000002,True,correct,0.1,0.52497918747894,True,correct
DBLP,0.8,49,inner,SRSWOR_65_35,595,conf/sigmod/ChawatheRGW96,True,4,ilCT5UFnHxgJ,ilCT5UFnHxgJ,True,0.9999917576656712,0.999990319028612,1.4386370593699738e-06,0.9000000000000002,True,correct,0.9000000000000002,True,correct,0.1,0.52497918747894,True,correct
DBLP,0.8,49,inner,SRSWOR_65_35,596,conf/vldb/Spintzik95,True,1,QcD01ZjsNcIJ,QcD01ZjsNcIJ,True,0.9999942801147342,1.056145285765803e-05,0.9999837186618766,0.9000000000000002,True,correct,0.9000000000000002,True,correct,0.1,0.52497918747894,True,correct
DBLP,0.8,49,inner,SRSWOR_65_35,597,conf/sigmod/Mohan01,True,1,IGS3TtqfKUgJ,IGS3TtqfKUgJ,True,0.9999829399503192,0.9999776348651078,5.305085211237959e-06,0.9000000000000002,True,correct,0.9000000000000002,True,correct,0.1,0.52497918747894,True,correct
DBLP,0.8,49,inner,SRSWOR_65_35,598,conf/vldb/Brin95,True,7,CuCm_rmA28cJ,dXegp-RmzXEJ,True,0.999993121139244,0.9999855980331314,7.523106112738986e-06,0.9000000000000002,True,correct,0.9000000000000002,True,correct,0.1,0.52497918747894,True,correct
DBLP,0.8,49,inner,SRSWOR_65_35,599,journals/sigmod/Snodgrass03a,False,0,,url:http://portal.acm.org/citation.cfm%3Fid%3D1084805.1084832,False,0.0001178927785061,9.622465141372662e-05,2.1668127092406867e-05,0.9000000000000002,False,unmatched_abstention,0.9000000000000002,False,unmatched_abstention,0.1,0.52497918747894,False,unmatched_abstention
DBLP,0.8,49,inner,SRSWOR_65_35,600,conf/vldb/JagadishNSSK97,True,2,FzUYum7hqhQJ,ZG9yClLgWnsJ,True,0.9999926037241964,0.9999755259150866,1.707780910975565e-05,0.9000000000000002,True,correct,0.9000000000000002,True,correct,0.1,0.52497918747894,True,correct
DBLP,0.8,49,inner,SRSWOR_65_35,601,conf/vldb/NarayananS01,False,0,,iMyHel-UTWcJ,False,3.687932650043508e-06,3.590651621251046e-06,9.728102879246169e-08,0.9000000000000002,False,unmatched_abstention,0.9000000000000002,False,unmatched_abstention,0.1,0.52497918747894,False,unmatched_abstention
DBLP,0.8,49,inner,SRSWOR_65_35,602,conf/sigmod/KalnisNOPT02,True,2,ipAB8UMS7QkJ,ipAB8UMS7QkJ,True,0.9999943744449316,0.99991368796976,8.068647517178729e-05,0.9000000000000002,True,correct,0.9000000000000002,True,correct,0.1,0.52497918747894,True,correct
DBLP,0.8,49,inner,SRSWOR_65_35,603,conf/vldb/GoldmanSVG98,True,3,4qYPBQ1l07YJ,pweOUtA2iTAJ,True,0.9999918007536202,0.9997673848187816,0.0002244159348384,0.9000000000000002,True,correct,0.9000000000000002,True,correct,0.1,0.52497918747894,True,correct
DBLP,0.8,49,inner,SRSWOR_65_35,604,conf/vldb/DeRose99,True,1,_7DyRIjTceAJ,_7DyRIjTceAJ,True,0.9999788813759032,4.207987187847573e-06,0.9999746733887154,0.9000000000000002,True,correct,0.9000000000000002,True,correct,0.1,0.52497918747894,True,correct
DBLP,0.8,49,inner,SRSWOR_65_35,605,conf/vldb/AnKR03,True,1,Z9dkL1yphh8J,Z9dkL1yphh8J,True,0.9999925994343724,3.749071770061533e-06,0.9999888503626024,0.9000000000000002,True,correct,0.9000000000000002,True,correct,0.1,0.52497918747894,True,correct
DBLP,0.8,49,inner,SRSWOR_65_35,606,conf/vldb/AlexandrovABBBCDFHJKKKLLMMMPNPPRRSSW02,True,1,-FP8UTv_smkJ,-FP8UTv_smkJ,True,0.9999726692842544,4.591190642237813e-06,0.999968078093612,0.9000000000000002,True,correct,0.9000000000000002,True,correct,0.1,0.52497918747894,True,correct
DBLP,0.8,49,inner,SRSWOR_65_35,607,conf/sigmod/ArefBV95,True,2,ht_8Iq3SZ80J,ht_8Iq3SZ80J,True,0.9999940932713351,0.9998660794508272,0.000128013820508,0.9000000000000002,True,correct,0.9000000000000002,True,correct,0.1,0.52497918747894,True,correct
DBLP,0.8,49,inner,SRSWOR_65_35,608,conf/vldb/DittrichSTW02,True,1,egCgEjikCgAJ,egCgEjikCgAJ,True,0.999993086631886,6.925998746941184e-06,0.9999861606331392,0.9000000000000002,True,correct,0.9000000000000002,True,correct,0.1,0.52497918747894,True,correct
DBLP,0.8,49,inner,SRSWOR_65_35,609,conf/vldb/RossS97,True,4,5Y_l1wlPo04J,-rTWS2erFQcJ,True,0.9999843815847732,0.9997365583087904,0.0002478232759829,0.9000000000000002,True,correct,0.9000000000000002,True,correct,0.1,0.52497918747894,True,correct
DBLP,0.8,49,inner,SRSWOR_65_35,610,conf/vldb/FaloutsosG96,True,3,1T0QEMsUItoJ,vwcVawlOJn0J,True,0.9999930606659424,0.9999909300407284,2.1306252139252635e-06,0.9000000000000002,True,correct,0.9000000000000002,True,correct,0.1,0.52497918747894,True,correct
DBLP,0.8,49,inner,SRSWOR_65_35,611,conf/sigmod/LiskovACDGGMMS96,True,2,0Mj8N23H1QEJ,Ey7Mbh6IdQIJ,True,0.9999941388798717,0.9999337862192792,6.035266059234434e-05,0.9000000000000002,True,correct,0.9000000000000002,True,correct,0.1,0.52497918747894,True,correct
DBLP,0.8,49,inner,SRSWOR_65_35,612,conf/vldb/Moerkotte02,True,1,jiGdThcReckJ,jiGdThcReckJ,True,0.9999912591161144,3.5989617257848685e-06,0.9999876601543888,0.9000000000000002,True,correct,0.9000000000000002,True,correct,0.1,0.52497918747894,True,correct
DBLP,0.8,49,inner,SRSWOR_65_35,613,conf/sigmod/BrunoCG01,True,3,8KJ9XFv1ESAJ,8KJ9XFv1ESAJ,True,0.9999927607461988,0.9999898991806334,2.8615655652819427e-06,0.9000000000000002,True,correct,0.9000000000000002,True,correct,0.1,0.52497918747894,True,correct
DBLP,0.8,49,inner,SRSWOR_65_35,614,conf/vldb/WeberSB98,True,5,6D0Qt6Sjp8cJ,6D0Qt6Sjp8cJ,True,0.9999948431303712,0.9999937490205996,1.0941097716710146e-06,0.9000000000000002,True,correct,0.9000000000000002,True,correct,0.1,0.52497918747894,True,correct
DBLP,0.8,49,inner,SRSWOR_65_35,615,conf/vldb/KumaranH03,True,1,wW6dUVL80RYJ,wW6dUVL80RYJ,True,0.9999908806031426,2.431563312041003e-05,0.999966564970022,0.9000000000000002,True,correct,0.9000000000000002,True,correct,0.1,0.52497918747894,True,correct
DBLP,0.8,49,inner,SRSWOR_65_35,616,conf/sigmod/Seshadri99,True,2,B855ccGhBu4J,B855ccGhBu4J,True,0.9999712574922832,0.99975575787739,0.0002154996148931,0.9000000000000002,True,correct,0.9000000000000002,True,correct,0.1,0.52497918747894,True,correct
DBLP,0.8,49,inner,SRSWOR_65_35,617,conf/sigmod/SwamiS94,True,1,S6TmnZKgmxwJ,S6TmnZKgmxwJ,True,0.999991809498802,6.373666349572634e-06,0.9999854358324524,0.9000000000000002,True,correct,0.9000000000000002,True,correct,0.1,0.52497918747894,True,correct
DBLP,0.8,49,inner,SRSWOR_65_35,618,journals/tods/KrishnakumarB94,True,1,8ZjEDOBUd_QJ,8ZjEDOBUd_QJ,True,0.9999944775516456,4.535550481340222e-05,0.9999491220468322,0.9000000000000002,True,correct,0.9000000000000002,True,correct,0.1,0.52497918747894,True,correct
DBLP,0.8,49,inner,SRSWOR_65_35,619,journals/sigmod/Mendelzon00,False,0,,LxniIL-QAhgJ,False,0.0036044129672211,0.0003515996219911,0.00325281334523,0.9000000000000002,False,unmatched_abstention,0.9000000000000002,False,unmatched_abstention,0.1,0.52497918747894,False,unmatched_abstention
DBLP,0.8,49,inner,SRSWOR_65_35,620,conf/sigmod/ChungMS02,True,5,2y_G8dmz1QkJ,mEfTTKdu6soJ,True,0.9999929552253376,0.9999917903081446,1.1649171931527036e-06,0.9000000000000002,True,correct,0.9000000000000002,True,correct,0.1,0.52497918747894,True,correct
DBLP,0.8,49,inner,SRSWOR_65_35,621,conf/sigmod/BlakeleyD00,True,2,url:http://portal.acm.org/citation.cfm%3Fid%3D335191.335480%26coll%3DGUIDE%26dl%3DACM%26idx%3DJ689%26part%3Dperiodical%26WantType%3Dperiodical%26title%3DACM%2520SIGMOD%2520Record%26CFID%3D11111111%26CFTOKEN%3D2222222,url:http://portal.acm.org/citation.cfm%3Fid%3D335191.335480%26coll%3DGUIDE%26dl%3DACM%26idx%3DJ689%26part%3Dperiodical%26WantType%3Dperiodical%26title%3DACM%2520SIGMOD%2520Record%26CFID%3D11111111%26CFTOKEN%3D2222222,True,0.999562748550162,0.6574498235834286,0.3421129249667335,0.9000000000000002,True,correct,0.9000000000000002,True,correct,0.1,0.52497918747894,True,correct
DBLP,0.8,49,inner,SRSWOR_65_35,622,conf/sigmod/Cohen98a,True,1,qfD_kxYt-dsJ,qfD_kxYt-dsJ,True,0.9999943017785587,6.277637394252451e-05,0.9999315254046164,0.9000000000000002,True,correct,0.9000000000000002,True,correct,0.1,0.52497918747894,True,correct
DBLP,0.8,49,inner,SRSWOR_65_35,623,conf/vldb/YuPM03,True,2,sP3bZMqHmZsJ,ZEEZqsnVCyYJ,True,0.9999942046991662,3.889653073216385e-06,0.999990315046093,0.9000000000000002,True,correct,0.9000000000000002,True,correct,0.1,0.52497918747894,True,correct
DBLP,0.8,49,inner,SRSWOR_65_35,624,conf/vldb/BaralisW94,True,2,nqaF5CzBelgJ,q-td2YANr18J,True,0.9999939116109166,0.9999810753209984,1.2836289918105592e-05,0.9000000000000002,True,correct,0.9000000000000002,True,correct,0.1,0.52497918747894,True,correct
DBLP,0.8,49,inner,SRSWOR_65_35,625,conf/sigmod/BlakeleyP98,True,1,yotsUgKBK44J,yotsUgKBK44J,True,0.9999750370302816,0.8698616484275236,0.1301133886027581,0.9000000000000002,True,correct,0.9000000000000002,True,correct,0.1,0.52497918747894,True,correct
DBLP,0.8,49,inner,SRSWOR_65_35,626,conf/vldb/HinneburgAK00,True,2,1ambq2RMGMoJ,1ambq2RMGMoJ,True,0.999984033563614,0.0215869085552596,0.9783971250083542,0.9000000000000002,True,correct,0.9000000000000002,True,correct,0.1,0.52497918747894,True,correct
DBLP,0.8,49,inner,SRSWOR_65_35,627,conf/sigmod/Weininger02,True,1,iXkSngvyu08J,iXkSngvyu08J,True,0.9999892204200984,4.863290648779184e-06,0.9999843571294496,0.9000000000000002,True,correct,0.9000000000000002,True,correct,0.1,0.52497918747894,True,correct
DBLP,0.8,49,inner,SRSWOR_65_35,628,conf/vldb/KornMZ03,True,1,hBoL6DaFUMYJ,hBoL6DaFUMYJ,True,0.9999932562008688,8.440288894223189e-06,0.9999848159119746,0.9000000000000002,True,correct,0.9000000000000002,True,correct,0.1,0.52497918747894,True,correct
DBLP,0.8,49,inner,SRSWOR_65_35,629,conf/sigmod/AcharyaGP00,True,3,q_bQLiJ-KZAJ,WGWZ2cNZW2YJ,True,0.9999934547894164,0.9999922765167452,1.1782726712095126e-06,0.9000000000000002,True,correct,0.9000000000000002,True,correct,0.1,0.52497918747894,True,correct
DBLP,0.8,49,inner,SRSWOR_65_35,630,conf/sigmod/BaruFGHJPW95,True,2,C60KJG_xVm0J,C60KJG_xVm0J,True,0.9999925982697644,4.203137693766596e-05,0.9999505668928266,0.9000000000000002,True,correct,0.9000000000000002,True,correct,0.1,0.52497918747894,True,correct
DBLP,0.8,49,inner,SRSWOR_65_35,631,journals/sigmod/Rosenthal98,True,1,ZMMeRrWUlOoJ,ZMMeRrWUlOoJ,True,0.999979275237964,4.1108193676201706e-06,0.9999751644185966,0.9000000000000002,True,correct,0.9000000000000002,True,correct,0.1,0.52497918747894,True,correct
DBLP,0.8,49,inner,SRSWOR_65_35,632,conf/vldb/Padmanabhan96,True,1,1IjlMvLBFC0J,1IjlMvLBFC0J,True,0.9999935442439568,0.0016460088727201,0.9983475353712364,0.9000000000000002,True,correct,0.9000000000000002,True,correct,0.1,0.52497918747894,True,correct
DBLP,0.8,49,inner,SRSWOR_65_35,633,journals/tods/MokNE96,True,1,xUeP4X8k5SoJ,xUeP4X8k5SoJ,True,0.999927996165518,0.0152082119810652,0.9847197841844528,0.9000000000000002,True,correct,0.9000000000000002,True,correct,0.1,0.52497918747894,True,correct
DBLP,0.8,49,inner,SRSWOR_65_35,634,conf/sigmod/HernandezMHYHT01,True,3,89WHY6hZ22UJ,89WHY6hZ22UJ,True,0.999994586796926,0.9999936924431544,8.943537718186789e-07,0.9000000000000002,True,correct,0.9000000000000002,True,correct,0.1,0.52497918747894,True,correct
DBLP,0.8,49,inner,SRSWOR_65_35,635,conf/vldb/ZemankovaI94,True,1,Y1ZxtWV-qeUJ,Y1ZxtWV-qeUJ,True,0.9999939058890192,3.7416851703717673e-06,0.9999901642038488,0.9000000000000002,True,correct,0.9000000000000002,True,correct,0.1,0.52497918747894,True,correct
DBLP,0.8,49,inner,SRSWOR_65_35,636,conf/sigmod/ButtlerLPP01,True,1,8TcpKdIK1r0J,8TcpKdIK1r0J,True,0.9999943860105178,6.019558345084469e-06,0.9999883664521728,0.9000000000000002,True,correct,0.9000000000000002,True,correct,0.1,0.52497918747894,True,correct
DBLP,0.8,49,inner,SRSWOR_65_35,637,conf/sigmod/KriegelBKPS03,True,2,i0c65loyE60J,tsqBH6P4jMcJ,True,0.9999946750183646,0.9999946275752648,4.7443099893129677e-08,0.9000000000000002,True,correct,0.9000000000000002,True,correct,0.1,0.52497918747894,True,correct
DBLP,0.8,49,inner,SRSWOR_65_35,638,conf/sigmod/MissikoffT94,True,1,nxNSfctbGWAJ,nxNSfctbGWAJ,True,0.9999945196285668,0.000104084916772,0.9998904347117946,0.9000000000000002,True,correct,0.9000000000000002,True,correct,0.1,0.52497918747894,True,correct
DBLP,0.8,49,inner,SRSWOR_65_35,639,conf/sigmod/HinneburgKW02,True,3,7v3f7Thmyw0J,VWd7jhLXfV0J,True,0.9999917422290552,0.000247553662435,0.9997441885666204,0.9000000000000002,True,correct,0.9000000000000002,True,correct,0.1,0.52497918747894,True,correct
DBLP,0.8,49,inner,SRSWOR_65_35,640,conf/vldb/ChoN02,True,2,4tTQJrG4pn8J,4tTQJrG4pn8J,True,0.9999933559393008,0.9999102150726332,8.314086666771914e-05,0.9000000000000002,True,correct,0.9000000000000002,True,correct,0.1,0.52497918747894,True,correct
DBLP,0.8,49,inner,SRSWOR_65_35,641,conf/vldb/CareyCNVDRSM99,True,1,JpMllVmmnkAJ,JpMllVmmnkAJ,True,0.999992084941613,0.0011449787743449,0.998847106167268,0.9000000000000002,True,correct,0.9000000000000002,True,correct,0.1,0.52497918747894,True,correct
DBLP,0.8,49,inner,SRSWOR_65_35,642,journals/sigmod/KuanL99,True,2,BZfdROjhbhwJ,lkrtCULVA6oJ,True,0.999995105638134,0.9999901913593484,4.914278785794757e-06,0.9000000000000002,True,correct,0.9000000000000002,True,correct,0.1,0.52497918747894,True,correct
DBLP,0.8,49,inner,SRSWOR_65_35,643,conf/sigmod/BouguettayaBH99,True,3,ER8571wXl6EJ,siO8kr7vvLEJ,True,0.9999937755043188,0.9999924126568912,1.362847427799352e-06,0.9000000000000002,True,correct,0.9000000000000002,True,correct,0.1,0.52497918747894,True,correct
DBLP,0.8,49,inner,SRSWOR_65_35,644,journals/vldb/TurkerG01,True,1,Jab63JLU3N0J,Jab63JLU3N0J,True,0.9999932376595858,1.1118967555825164e-05,0.99998211869203,0.9000000000000002,True,correct,0.9000000000000002,True,correct,0.1,0.52497918747894,True,correct
DBLP,0.8,49,inner,SRSWOR_65_35,645,conf/vldb/ChakrabartiSD98,True,3,oBDL7axDwG4J,wnke8ff8hYUJ,True,0.999992218004618,0.99998428643208,7.931572537867027e-06,0.9000000000000002,True,correct,0.9000000000000002,True,correct,0.1,0.52497918747894,True,correct
DBLP,0.8,49,inner,SRSWOR_65_35,646,conf/vldb/GuptaM96,True,2,I0Kfdt6sh0gJ,I83l_B0knOgJ,True,0.9999878454613694,0.9999647967964052,2.30486649641648e-05,0.9000000000000002,True,correct,0.9000000000000002,True,correct,0.1,0.52497918747894,True,correct
DBLP,0.8,49,inner,SRSWOR_65_35,647,conf/vldb/OzsuLON01,True,2,qqdXmdgAaMgJ,qqdXmdgAaMgJ,True,0.9999945588272804,0.9999884150074696,6.14381981078882e-06,0.9000000000000002,True,correct,0.9000000000000002,True,correct,0.1,0.52497918747894,True,correct
DBLP,0.8,49,inner,SRSWOR_65_35,648,conf/sigmod/GuhaJKSY02,True,1,z6l0wfs32iYJ,z6l0wfs32iYJ,True,0.999986846312682,3.488052788219507e-05,0.9999519657847998,0.9000000000000002,True,correct,0.9000000000000002,True,correct,0.1,0.52497918747894,True,correct
DBLP,0.8,49,inner,SRSWOR_65_35,649,journals/sigmod/BallMRZ02,True,1,Mfc9xsb7BuQJ,Mfc9xsb7BuQJ,True,0.9999935363832908,5.86521311985067e-06,0.999987671170171,0.9000000000000002,True,correct,0.9000000000000002,True,correct,0.1,0.52497918747894,True,correct
DBLP,0.8,49,inner,SRSWOR_65_35,650,conf/sigmod/Keim96,True,2,AF9vuEJOr6cJ,AF9vuEJOr6cJ,True,0.999991078393493,0.9999719952529776,1.9083140515352422e-05,0.9000000000000002,True,correct,0.9000000000000002,True,correct,0.1,0.52497918747894,True,correct
DBLP,0.8,49,inner,SRSWOR_65_35,651,conf/sigmod/FlorescuLMS99,True,2,h0uuqAstOPUJ,mH0XY3h8UlcJ,True,0.9999936860396086,0.9999921119185504,1.5741210580566545e-06,0.9000000000000002,True,correct,0.9000000000000002,True,correct,0.1,0.52497918747894,True,correct
DBLP,0.8,49,inner,SRSWOR_65_35,652,journals/sigmod/PuSW01,True,1,nkW4iN6JqfAJ,nkW4iN6JqfAJ,True,0.9999937079495956,4.0599493637547e-05,0.9999531084559582,0.9000000000000002,True,correct,0.9000000000000002,True,correct,0.1,0.52497918747894,True,correct
DBLP,0.8,49,inner,SRSWOR_65_35,653,journals/tods/KorthS94,True,1,w40iTKlpWEQJ,w40iTKlpWEQJ,True,0.9999944555726848,4.413385490933585e-05,0.9999503217177756,0.9000000000000002,True,correct,0.9000000000000002,True,correct,0.1,0.52497918747894,True,correct
DBLP,0.8,49,inner,SRSWOR_65_35,654,conf/sigmod/AnnamalaiCD00,True,1,0Igfv6jL3jwJ,0Igfv6jL3jwJ,True,0.9999922808317988,4.309740464664218e-06,0.9999879710913342,0.9000000000000002,True,correct,0.9000000000000002,True,correct,0.1,0.52497918747894,True,correct
DBLP,0.8,49,inner,SRSWOR_65_35,655,conf/vldb/DaynesC02,True,1,Ug0Yk0QhILMJ,Ug0Yk0QhILMJ,True,0.9999923147598592,3.819312864410283e-06,0.9999884954469946,0.9000000000000002,True,correct,0.9000000000000002,True,correct,0.1,0.52497918747894,True,correct
DBLP,0.8,49,inner,SRSWOR_65_35,656,journals/sigmod/Lomet01,True,1,fI5o4MfWwzIJ,fI5o4MfWwzIJ,True,0.9999940062707342,4.252014149404593e-06,0.9999897542565848,0.9000000000000002,True,correct,0.9000000000000002,True,correct,0.1,0.52497918747894,True,correct
DBLP,0.8,49,inner,SRSWOR_65_35,657,conf/vldb/KangC02,True,1,gndV1O-oEkMJ,gndV1O-oEkMJ,True,0.9999941831378067,4.483378064248775e-06,0.9999896997597424,0.9000000000000002,True,correct,0.9000000000000002,True,correct,0.1,0.52497918747894,True,correct
DBLP,0.8,49,inner,SRSWOR_65_35,658,conf/vldb/Suciu96a,True,1,tJtSq968rwgJ,tJtSq968rwgJ,True,0.999993968494976,4.805027757834485e-06,0.9999891634672182,0.9000000000000002,True,correct,0.9000000000000002,True,correct,0.1,0.52497918747894,True,correct
DBLP,0.8,49,inner,SRSWOR_65_35,659,journals/vldb/BernsteinIR03,True,1,url:http://www.springerlink.com/index/RTCC57FUUW3CADRF.pdf,url:http://www.springerlink.com/index/589TQRPPVBXQ6LJN.pdf,False,0.9997947668154497,0.9669838318831288,0.0328109349323207,0.9000000000000002,True,false_link,0.9000000000000002,True,false_link,0.1,0.52497918747894,True,false_link
DBLP,0.8,49,inner,SRSWOR_65_35,660,conf/sigmod/LometT03,True,1,GidOUF_Jd4oJ,GidOUF_Jd4oJ,True,0.9999902598812948,9.338258748634932e-05,0.9998968772938084,0.9000000000000002,True,correct,0.9000000000000002,True,correct,0.1,0.52497918747894,True,correct
DBLP,0.8,49,inner,SRSWOR_65_35,661,conf/vldb/GionisIM99,True,4,3RR94IxW5CUJ,A8rGBQif7MIJ,True,0.9999930328751638,0.9999923821402064,6.507349574746968e-07,0.9000000000000002,True,correct,0.9000000000000002,True,correct,0.1,0.52497918747894,True,correct
DBLP,0.8,49,inner,SRSWOR_65_35,662,conf/sigmod/NguyenACP01,True,2,A57h1N3H3pgJ,VCiXh8qcrIMJ,True,0.9999918141059996,7.860057001074168e-06,0.9999839540489984,0.9000000000000002,True,correct,0.9000000000000002,True,correct,0.1,0.52497918747894,True,correct
DBLP,0.8,49,inner,SRSWOR_65_35,663,journals/vldb/PucheralBVB01,True,5,8DRB_dYz2CgJ,hNOti13KB_8J,True,0.999991169263419,0.9999834954348156,7.673828603560473e-06,0.9000000000000002,True,correct,0.9000000000000002,True,correct,0.1,0.52497918747894,True,correct
DBLP,0.8,49,inner,SRSWOR_65_35,664,conf/vldb/SistlaYLL95,True,3,HtTNmhCJY-oJ,HtTNmhCJY-oJ,True,0.9999921448287908,0.999986729867074,5.41496171668765e-06,0.9000000000000002,True,correct,0.9000000000000002,True,correct,0.1,0.52497918747894,True,correct
DBLP,0.8,49,inner,SRSWOR_65_35,665,conf/vldb/BalminHKPSW03,True,1,8xRHvInl0_0J,8xRHvInl0_0J,True,0.9999863195839838,0.0001265965638518,0.999859723020132,0.9000000000000002,True,correct,0.9000000000000002,True,correct,0.1,0.52497918747894,True,correct
DBLP,0.8,49,inner,SRSWOR_65_35,666,journals/vldb/DesslochHMMT98,True,1,4D2HQE6fXXEJ,4D2HQE6fXXEJ,True,0.999973211002949,2.5302275780921987e-05,0.999947908727168,0.9000000000000002,True,correct,0.9000000000000002,True,correct,0.1,0.52497918747894,True,correct
DBLP,0.8,49,inner,SRSWOR_65_35,667,conf/sigmod/BonnetBCCCHKMMOSS99,False,0,,xtcC5gjw_0YJ,False,3.565509813764884e-06,3.5413545051435896e-06,2.4155308621294646e-08,0.9000000000000002,False,unmatched_abstention,0.9000000000000002,False,unmatched_abstention,0.1,0.52497918747894,False,unmatched_abstention
DBLP,0.8,49,inner,SRSWOR_65_35,668,conf/sigmod/RundensteinerWYD02,True,1,7MfXAAdBQ2EJ,7MfXAAdBQ2EJ,True,0.9999940751615004,4.0225532143973645e-06,0.999990052608286,0.9000000000000002,True,correct,0.9000000000000002,True,correct,0.1,0.52497918747894,True,correct
DBLP,0.8,49,inner,SRSWOR_65_35,669,conf/vldb/Blum99,True,1,EYfIweE8pHEJ,EYfIweE8pHEJ,True,0.999993194695692,3.7772041994389673e-06,0.9999894174914924,0.9000000000000002,True,correct,0.9000000000000002,True,correct,0.1,0.52497918747894,True,correct
DBLP,0.8,49,inner,SRSWOR_65_35,670,conf/vldb/Dasgupta96,True,1,A0c2Gd1lP5QJ,A0c2Gd1lP5QJ,True,0.9999922969954635,5.471352764348679e-06,0.9999868256426993,0.9000000000000002,True,correct,0.9000000000000002,True,correct,0.1,0.52497918747894,True,correct
DBLP,0.8,49,inner,SRSWOR_65_35,671,conf/sigmod/GuptaMR95,True,4,2GUwicKtWTUJ,ELtcV7mOQDgJ,True,0.9999909352809376,0.9999586390903478,3.2296190589753415e-05,0.9000000000000002,True,correct,0.9000000000000002,True,correct,0.1,0.52497918747894,True,correct
DBLP,0.8,49,inner,SRSWOR_65_35,672,journals/sigmod/Snodgrass00,False,0,,NHxHsUH9L5MJ,False,0.0334028316579692,0.02084642760112,0.0125564040568492,0.9000000000000002,False,unmatched_abstention,0.9000000000000002,False,unmatched_abstention,0.1,0.52497918747894,False,unmatched_abstention
DBLP,0.8,49,inner,SRSWOR_65_35,673,conf/vldb/AdityaBCHNS02,True,1,2vzhAz4Yll4J,2vzhAz4Yll4J,True,0.9999934545709442,0.9980480560807672,0.0019453984901769,0.9000000000000002,True,correct,0.9000000000000002,True,correct,0.1,0.52497918747894,True,correct
DBLP,0.8,49,inner,SRSWOR_65_35,674,journals/sigmod/Hampapur99,True,2,I-r1LE1najAJ,I-r1LE1najAJ,True,0.9999930200664404,0.9999815037215748,1.1516344865736272e-05,0.9000000000000002,True,correct,0.9000000000000002,True,correct,0.1,0.52497918747894,True,correct
DBLP,0.8,49,inner,SRSWOR_65_35,675,journals/sigmod/Winslett01a,False,0,,ckKUfccnbcEJ,False,5.328563020262108e-06,4.715327177626791e-06,6.132358426353168e-07,0.9000000000000002,False,unmatched_abstention,0.9000000000000002,False,unmatched_abstention,0.1,0.52497918747894,False,unmatched_abstention
DBLP,0.8,49,inner,SRSWOR_65_35,676,conf/sigmod/AgrawalES03,True,2,HypA8oN4PqsJ,HypA8oN4PqsJ,True,0.9999887800530676,0.7548794971797359,0.2451092828733316,0.9000000000000002,True,correct,0.9000000000000002,True,correct,0.1,0.52497918747894,True,correct
DBLP,0.8,49,inner,SRSWOR_65_35,677,journals/sigmod/CareyS99,True,1,url:http://portal.acm.org/ft_gateway.cfm%3Fid%3D310071%26type%3Dpdf%26dl%3DGUIDE%26dl%3DACM%26CFID%3D11111111%26CFTOKEN%3D2222222,url:http://portal.acm.org/ft_gateway.cfm%3Fid%3D310071%26type%3Dpdf%26dl%3DGUIDE%26dl%3DACM%26CFID%3D11111111%26CFTOKEN%3D2222222,True,0.9999930240459148,1.6777648850392996e-05,0.9999762463970644,0.9000000000000002,True,correct,0.9000000000000002,True,correct,0.1,0.52497918747894,True,correct
DBLP,0.8,49,inner,SRSWOR_65_35,678,conf/vldb/Hammond96,True,1,LDxiVdRU6EEJ,LDxiVdRU6EEJ,True,0.9999944737636702,9.11817937887329e-06,0.9999853555842914,0.9000000000000002,True,correct,0.9000000000000002,True,correct,0.1,0.52497918747894,True,correct
DBLP,0.8,49,inner,SRSWOR_65_35,679,journals/sigmod/RossFS02,False,0,,tOa0zXK5Ba4J,False,0.2582532963259804,0.1315609755027902,0.1266923208231902,0.9000000000000002,False,unmatched_abstention,0.9000000000000002,False,unmatched_abstention,0.1,0.52497918747894,False,unmatched_abstention
DBLP,0.8,49,inner,SRSWOR_65_35,680,journals/sigmod/NgH95,True,2,qolJkVC2MoYJ,url:http://portal.acm.org/citation.cfm%3Fid%3D202660.202665%26dl%3DGUIDE%26dl%3DACM%26idx%3DJ689%26part%3Dperiodical%26WantType%3Dperiodical%26title%3DACM%2520SIGMOD%2520Record%26CFID%3D11111111%26CFTOKEN%3D2222222,True,0.9999922669576112,0.9999118058065748,8.04611510366593e-05,0.9000000000000002,True,correct,0.9000000000000002,True,correct,0.1,0.52497918747894,True,correct
DBLP,0.8,49,inner,SRSWOR_65_35,681,journals/sigmod/X94,False,0,,V3C6Q9Ki3FAJ,False,0.8112863238323681,0.0017990274467856,0.8094872963855825,0.9000000000000002,False,unmatched_abstention,0.9000000000000002,False,unmatched_abstention,0.1,0.52497918747894,True,false_link
DBLP,0.8,49,inner,SRSWOR_65_35,682,conf/vldb/ChaudhuriS94,True,3,bd-Lu1jeg-AJ,-f2FsG-EC9IJ,True,0.9999926282018684,0.9999894789694236,3.149232444821237e-06,0.9000000000000002,True,correct,0.9000000000000002,True,correct,0.1,0.52497918747894,True,correct
DBLP,0.8,49,inner,SRSWOR_65_35,683,journals/sigmod/BonifatiC00,True,4,EP5trsliqVMJ,XCdMiXLp41IJ,True,0.9999905298568385,0.999984830948715,5.698908123297208e-06,0.9000000000000002,True,correct,0.9000000000000002,True,correct,0.1,0.52497918747894,True,correct
DBLP,0.8,49,inner,SRSWOR_65_35,684,conf/sigmod/LakshmananPZ03,True,3,F1aaWSFF8TcJ,rNu93TfKkd4J,True,0.9999940023024952,0.9999919085401324,2.093762362598284e-06,0.9000000000000002,True,correct,0.9000000000000002,True,correct,0.1,0.52497918747894,True,correct
DBLP,0.8,49,inner,SRSWOR_65_35,685,journals/sigmod/Sidell96,True,1,url:http://portal.acm.org/ft_gateway.cfm%3Fid%3D245906%26type%3Dpdf%26dl%3DGUIDE%26dl%3DACM%26CFID%3D11111111%26CFTOKEN%3D2222222,url:http://portal.acm.org/ft_gateway.cfm%3Fid%3D245906%26type%3Dpdf%26dl%3DGUIDE%26dl%3DACM%26CFID%3D11111111%26CFTOKEN%3D2222222,True,0.9999880488376682,9.363154145608202e-05,0.9998944172962122,0.9000000000000002,True,correct,0.9000000000000002,True,correct,0.1,0.52497918747894,True,correct
DBLP,0.8,49,inner,SRSWOR_65_35,686,journals/sigmod/TomasicS97,True,1,-MNdDpWC-sgJ,-MNdDpWC-sgJ,True,0.99999229956617,4.551306174928051e-06,0.999987748259995,0.9000000000000002,True,correct,0.9000000000000002,True,correct,0.1,0.52497918747894,True,correct
DBLP,0.8,49,inner,SRSWOR_65_35,687,conf/vldb/BaumgartnerFG01,True,3,I1xHtA3f3MsJ,I1xHtA3f3MsJ,True,0.9999910918093844,0.9999883432825198,2.7485268645488503e-06,0.9000000000000002,True,correct,0.9000000000000002,True,correct,0.1,0.52497918747894,True,correct
DBLP,0.8,49,inner,SRSWOR_65_35,688,conf/sigmod/ArasuBBDIRW03,True,3,1DKKwROqEeYJ,1DKKwROqEeYJ,True,0.9999301113714166,0.999866904138725,6.320723269159778e-05,0.9000000000000002,True,correct,0.9000000000000002,True,correct,0.1,0.52497918747894,True,correct
DBLP,0.8,49,inner,SRSWOR_65_35,689,conf/sigmod/AtzeniT97,True,3,i2LI1TWifbYJ,i2LI1TWifbYJ,True,0.999994816213284,0.9999946403841316,1.7582915257108314e-07,0.9000000000000002,True,correct,0.9000000000000002,True,correct,0.1,0.52497918747894,True,correct
DBLP,0.8,49,inner,SRSWOR_65_35,690,journals/sigmod/LudascherMM01,True,2,16yr6uv8Rn8J,16yr6uv8Rn8J,True,0.99999126180819,0.1825183340954987,0.8174729277126913,0.9000000000000002,True,correct,0.9000000000000002,True,correct,0.1,0.52497918747894,True,correct
DBLP,0.8,49,inner,SRSWOR_65_35,691,conf/sigmod/KabraD98,True,3,E0nhpX8pYsQJ,V9XUvirmVEEJ,True,0.9999887642272356,0.9999863365469328,2.427680302563573e-06,0.9000000000000002,True,correct,0.9000000000000002,True,correct,0.1,0.52497918747894,True,correct
DBLP,0.8,49,inner,SRSWOR_65_35,692,conf/sigmod/AbadiCCCCEGHMRSSTXYZ03,True,3,eBnT7lhV2LwJ,VuY9Y49GqXgJ,True,0.9999865733810246,0.9999768088957144,9.76448531020413e-06,0.9000000000000002,True,correct,0.9000000000000002,True,correct,0.1,0.52497918747894,True,correct
DBLP,0.8,49,inner,SRSWOR_65_35,693,conf/sigmod/ForlizziGNS00,True,5,4k4fUbwNV8UJ,jW1JUC-AQXoJ,True,0.9999948747684446,0.999994593766844,2.8100160065491764e-07,0.9000000000000002,True,correct,0.9000000000000002,True,correct,0.1,0.52497918747894,True,correct
DBLP,0.8,49,inner,SRSWOR_65_35,694,conf/sigmod/ChaudhuriD97,True,5,4zZ7Lxt4PPIJ,D7w6TQwatE0J,True,0.9999920582208188,0.999982663149222,9.395071596807192e-06,0.9000000000000002,True,correct,0.9000000000000002,True,correct,0.1,0.52497918747894,True,correct
DBLP,0.8,49,inner,SRSWOR_65_35,695,journals/sigmod/WolfsonSDNR95,True,1,R51Yi7sWJ6EJ,R51Yi7sWJ6EJ,True,0.9999925783159588,5.156446702330478e-06,0.9999874218692564,0.9000000000000002,True,correct,0.9000000000000002,True,correct,0.1,0.52497918747894,True,correct
DBLP,0.8,49,inner,SRSWOR_65_35,696,conf/vldb/PacittMS99,True,1,jJyGKE2N34gJ,jJyGKE2N34gJ,True,0.9999943391947436,0.0001711033190026,0.999823235875741,0.9000000000000002,True,correct,0.9000000000000002,True,correct,0.1,0.52497918747894,True,correct
DBLP,0.8,49,inner,SRSWOR_65_35,697,journals/sigmod/Qian95a,True,1,url:http://portal.acm.org/ft_gateway.cfm%3Fid%3D212022%26type%3Dpdf%26dl%3DGUIDE%26dl%3DACM%26CFID%3D11111111%26CFTOKEN%3D2222222,url:http://portal.acm.org/ft_gateway.cfm%3Fid%3D212022%26type%3Dpdf%26dl%3DGUIDE%26dl%3DACM%26CFID%3D11111111%26CFTOKEN%3D2222222,True,0.9999941562711094,6.121789739293627e-05,0.9999329383737166,0.9000000000000002,True,correct,0.9000000000000002,True,correct,0.1,0.52497918747894,True,correct
DBLP,0.8,49,inner,SRSWOR_65_35,698,conf/sigmod/LamCKNH01,True,1,8hdQohffF48J,8hdQohffF48J,True,0.9999909824271882,3.928224721329109e-06,0.9999870542024668,0.9000000000000002,True,correct,0.9000000000000002,True,correct,0.1,0.52497918747894,True,correct
DBLP,0.8,49,inner,SRSWOR_65_35,699,conf/sigmod/Eaton98,False,0,,LhjvKpDcJKUJ,False,4.069763896290694e-06,4.046245975890355e-06,2.3517920400338757e-08,0.9000000000000002,False,unmatched_abstention,0.9000000000000002,False,unmatched_abstention,0.1,0.52497918747894,False,unmatched_abstention
DBLP,0.8,49,inner,SRSWOR_65_35,700,journals/sigmod/TatarinovIMHSDDKMM03,True,2,0JPhnHlRGOoJ,0JPhnHlRGOoJ,True,0.9999655661766642,0.9993758144345022,0.000589751742162,0.9000000000000002,True,correct,0.9000000000000002,True,correct,0.1,0.52497918747894,True,correct
DBLP,0.8,49,inner,SRSWOR_65_35,701,conf/vldb/SahuguetA99,True,5,Mi0eqxwTUwEJ,Mi0eqxwTUwEJ,True,0.9999944747227636,0.9999943449358706,1.29786893010575e-07,0.9000000000000002,True,correct,0.9000000000000002,True,correct,0.1,0.52497918747894,True,correct
DBLP,0.8,49,inner,SRSWOR_65_35,702,journals/tods/ZobelMR98,True,3,AvV6lMEBGWsJ,tdDLf6RffisJ,True,0.9999938734664332,0.9999894058429286,4.467623504478269e-06,0.9000000000000002,True,correct,0.9000000000000002,True,correct,0.1,0.52497918747894,True,correct
DBLP,0.8,49,inner,SRSWOR_65_35,703,conf/vldb/FankhauserGLMT98,True,2,jGFfS5lAyLQJ,JnwUAxUMwvQJ,True,0.9999934663268588,0.9999908441253452,2.6222015135912717e-06,0.9000000000000002,True,correct,0.9000000000000002,True,correct,0.1,0.52497918747894,True,correct
DBLP,0.8,49,inner,SRSWOR_65_35,704,conf/vldb/ChoALS02,True,1,_-JZT1cOuZ8J,_-JZT1cOuZ8J,True,0.9999925923592002,2.6738282640955203e-05,0.9999658540765592,0.9000000000000002,True,correct,0.9000000000000002,True,correct,0.1,0.52497918747894,True,correct
DBLP,0.8,49,inner,SRSWOR_65_35,705,journals/sigmod/Ozsu01a,False,0,,NHxHsUH9L5MJ,False,0.356344597329751,0.1194636932139753,0.2368809041157756,0.9000000000000002,False,unmatched_abstention,0.9000000000000002,False,unmatched_abstention,0.1,0.52497918747894,False,unmatched_abstention
DBLP,0.8,49,inner,SRSWOR_65_35,706,conf/vldb/HelmerNM03,True,1,8-HpAN0xpjcJ,8-HpAN0xpjcJ,True,0.999994418510548,3.8103958492375792e-06,0.9999906081146986,0.9000000000000002,True,correct,0.9000000000000002,True,correct,0.1,0.52497918747894,True,correct
DBLP,0.8,49,inner,SRSWOR_65_35,707,conf/sigmod/HellersteinA00,True,5,Gsb6dnkFBMoJ,Gsb6dnkFBMoJ,True,0.9999922171511068,0.9999908481933866,1.3689577201825287e-06,0.9000000000000002,True,correct,0.9000000000000002,True,correct,0.1,0.52497918747894,True,correct
DBLP,0.8,49,inner,SRSWOR_65_35,708,conf/sigmod/Kennamer98,True,3,RQ9qLR4St8sJ,url:http://portal.acm.org/citation.cfm%3Fid%3D276304.276373%26dl%3Dportal%26dl%3DACM%26type%3Dseries%26idx%3D276304%26part%3DProceedings%26WantType%3DProceedings%26title%3DInternational%2520Conference%2520on%2520Management%2520of%2520Data%26CFID%3D11111111%26CFTOKEN%3D2222222,True,0.9999952036800852,0.9999845777560732,1.0625924012130916e-05,0.9000000000000002,True,correct,0.9000000000000002,True,correct,0.1,0.52497918747894,True,correct
DBLP,0.8,49,inner,SRSWOR_65_35,709,conf/sigmod/OConnellISWABCCLPWW96,True,6,5awQcPWFBrcJ,O-TrhFwhKM8J,True,0.9999929849383312,0.9999783577580672,1.4627180264126238e-05,0.9000000000000002,True,correct,0.9000000000000002,True,correct,0.1,0.52497918747894,True,correct
DBLP,0.8,49,inner,SRSWOR_65_35,710,journals/sigmod/UrbanDG96,True,1,url:http://portal.acm.org/ft_gateway.cfm%3Fid%3D381892%26type%3Dpdf%26dl%3DGUIDE%26dl%3DACM%26CFID%3D11111111%26CFTOKEN%3D2222222,url:http://portal.acm.org/ft_gateway.cfm%3Fid%3D381892%26type%3Dpdf%26dl%3DGUIDE%26dl%3DACM%26CFID%3D11111111%26CFTOKEN%3D2222222,True,0.999992463490987,3.306354541268645e-05,0.9999593999455744,0.9000000000000002,True,correct,0.9000000000000002,True,correct,0.1,0.52497918747894,True,correct
DBLP,0.8,49,inner,SRSWOR_65_35,711,conf/sigmod/ZhangNBB94,True,3,bymQ_6SSse4J,bymQ_6SSse4J,True,0.9999943370187162,0.9999925261397664,1.8108789496817932e-06,0.9000000000000002,True,correct,0.9000000000000002,True,correct,0.1,0.52497918747894,True,correct
DBLP,0.8,49,inner,SRSWOR_65_35,712,journals/vldb/CombiP01,True,1,8YoYzQtOgYoJ,8YoYzQtOgYoJ,True,0.999988215457522,5.066115328927834e-06,0.9999831493421932,0.9000000000000002,True,correct,0.9000000000000002,True,correct,0.1,0.52497918747894,True,correct
DBLP,0.8,49,inner,SRSWOR_65_35,713,journals/tods/HjaltasonS99,True,3,RHJjRlVhi78J,xuoJNqOArTsJ,True,0.9999877452725332,0.9999866753887426,1.069883790671966e-06,0.9000000000000002,True,correct,0.9000000000000002,True,correct,0.1,0.52497918747894,True,correct
DBLP,0.8,49,inner,SRSWOR_65_35,714,journals/sigmod/JacobS99,True,1,3-iiSyJLwLkJ,3-iiSyJLwLkJ,True,0.9999896318326638,0.999975021789824,1.461004283964673e-05,0.9000000000000002,True,correct,0.9000000000000002,True,correct,0.1,0.52497918747894,True,correct
DBLP,0.8,49,inner,SRSWOR_65_35,715,journals/sigmod/PapianiWDN99,True,3,aU7XlTpoxRgJ,HxmnEeCigX8J,True,0.999994166961444,0.9999857879687766,8.378992667479324e-06,0.9000000000000002,True,correct,0.9000000000000002,True,correct,0.1,0.52497918747894,True,correct
DBLP,0.8,49,inner,SRSWOR_65_35,716,conf/vldb/PereiraFLS00,True,4,e60hJN21ZO0J,KAW0nLm2wVAJ,True,0.9999933274922744,0.9999925693075128,7.581847614179793e-07,0.9000000000000002,True,correct,0.9000000000000002,True,correct,0.1,0.52497918747894,True,correct
DBLP,0.8,49,inner,SRSWOR_65_35,717,conf/vldb/Amer-YahiaCD98,True,3,9nmG2KCklEcJ,9nmG2KCklEcJ,True,0.9999943942494532,0.9999934343087846,9.599406685101286e-07,0.9000000000000002,True,correct,0.9000000000000002,True,correct,0.1,0.52497918747894,True,correct
DBLP,0.8,49,inner,SRSWOR_65_35,718,journals/tods/GoldmanL94,True,1,VxMarpzwtzQJ,VxMarpzwtzQJ,True,0.999988086969329,6.005848055432623e-06,0.9999820811212736,0.9000000000000002,True,correct,0.9000000000000002,True,correct,0.1,0.52497918747894,True,correct
DBLP,0.8,49,inner,SRSWOR_65_35,719,conf/vldb/LempelM02,True,1,DcSYGPdhxwoJ,DcSYGPdhxwoJ,True,0.9999908153881644,3.824525001956169e-06,0.9999869908631625,0.9000000000000002,True,correct,0.9000000000000002,True,correct,0.1,0.52497918747894,True,correct
DBLP,0.8,49,inner,SRSWOR_65_35,720,journals/sigmod/JensenCEGHJ94,True,13,9ccpmdcUA5QJ,url:http://portal.acm.org/ft_gateway.cfm%3Fid%3D181560%26type%3Dpdf%26coll%3DGUIDE%26dl%3DACM%26CFID%3D11111111%26CFTOKEN%3D2222222,True,0.9999923348520924,0.999985335158956,6.999693136444662e-06,0.9000000000000002,True,correct,0.9000000000000002,True,correct,0.1,0.52497918747894,True,correct
DBLP,0.8,49,inner,SRSWOR_65_35,721,conf/sigmod/MeccaAMMS98,True,3,I-fmtPvluKEJ,v2KwhRi-OrMJ,True,0.9999906870113168,0.9999899041595608,7.828517559760328e-07,0.9000000000000002,True,correct,0.9000000000000002,True,correct,0.1,0.52497918747894,True,correct
DBLP,0.8,49,inner,SRSWOR_65_35,722,journals/tods/DiaoAFZF03,True,2,fREDZIbZVdEJ,fREDZIbZVdEJ,True,0.999994640869683,0.999989335554726,5.305314957126939e-06,0.9000000000000002,True,correct,0.9000000000000002,True,correct,0.1,0.52497918747894,True,correct
DBLP,0.8,49,inner,SRSWOR_65_35,723,journals/sigmod/ShethGJRSWW96,True,4,HOvgrl8NmmoJ,yI5E8TGu5BwJ,True,0.9999943725454304,0.9999943033053688,6.924006146213912e-08,0.9000000000000002,True,correct,0.9000000000000002,True,correct,0.1,0.52497918747894,True,correct
DBLP,0.8,49,inner,SRSWOR_65_35,724,conf/sigmod/AndersonAF98,True,1,_EbKUPc1jYAJ,_EbKUPc1jYAJ,True,0.9999908843594104,3.609283470471693e-06,0.99998727507594,0.9000000000000002,True,correct,0.9000000000000002,True,correct,0.1,0.52497918747894,True,correct
DBLP,0.8,49,inner,SRSWOR_65_35,725,journals/sigmod/KoksalAD98,True,2,c2UQ3AM5_f8J,enYoi4XT7n0J,True,0.9999856451205634,0.4180667496739241,0.5819188954466392,0.9000000000000002,True,correct,0.9000000000000002,True,correct,0.1,0.52497918747894,True,correct
DBLP,0.8,49,inner,SRSWOR_65_35,726,journals/sigmod/Hammer00,True,1,url:http://portal.acm.org/ft_gateway.cfm%3Fid%3D601859%26type%3Dpdf%26dl%3DGUIDE%26dl%3DACM%26CFID%3D11111111%26CFTOKEN%3D2222222,url:http://portal.acm.org/ft_gateway.cfm%3Fid%3D601859%26type%3Dpdf%26dl%3DGUIDE%26dl%3DACM%26CFID%3D11111111%26CFTOKEN%3D2222222,True,0.999989940823822,5.959436050407775e-05,0.999930346463318,0.9000000000000002,True,correct,0.9000000000000002,True,correct,0.1,0.52497918747894,True,correct
DBLP,0.8,49,inner,SRSWOR_65_35,727,conf/vldb/ChanFFGR02,True,1,ZFI7XBuonJAJ,ZFI7XBuonJAJ,True,0.999991282766307,3.616425936351715e-06,0.9999876663403706,0.9000000000000002,True,correct,0.9000000000000002,True,correct,0.1,0.52497918747894,True,correct
DBLP,0.8,49,inner,SRSWOR_65_35,728,conf/vldb/Taylor00,True,1,Af_4cNCu3MwJ,Af_4cNCu3MwJ,True,0.9999919940704508,1.6062024273736358e-05,0.9999759320461772,0.9000000000000002,True,correct,0.9000000000000002,True,correct,0.1,0.52497918747894,True,correct
DBLP,0.8,49,inner,SRSWOR_65_35,729,journals/vldb/HuangDT99,False,0,,zODPED9-QZEJ,False,0.9999920914531404,4.074047127145776e-06,0.9999880174060132,0.9000000000000002,True,false_link,0.9000000000000002,True,false_link,0.1,0.52497918747894,True,false_link
DBLP,0.8,49,inner,SRSWOR_65_35,730,conf/sigmod/YuMWL01,True,2,h95306-8rjEJ,h95306-8rjEJ,True,0.9999941389972514,0.9831047003911788,0.0168894386060725,0.9000000000000002,True,correct,0.9000000000000002,True,correct,0.1,0.52497918747894,True,correct
DBLP,0.8,49,inner,SRSWOR_65_35,731,journals/sigmod/Wiegand03,False,0,,I8PUKJzlR8AJ,False,3.7603439783998634e-06,3.684455904026844e-06,7.58880743730182e-08,0.9000000000000002,False,unmatched_abstention,0.9000000000000002,False,unmatched_abstention,0.1,0.52497918747894,False,unmatched_abstention
DBLP,0.8,49,inner,SRSWOR_65_35,732,conf/vldb/IlyasAE03,True,1,Y385z1Dxp84J,Y385z1Dxp84J,True,0.9999899734639736,1.999671707524298e-05,0.9999699767468984,0.9000000000000002,True,correct,0.9000000000000002,True,correct,0.1,0.52497918747894,True,correct
