record_index,ida,has_true_match,n_valid_matches,ft_lr_top1_idb,ft_lr_top1_score,ft_lr_top2_score,ft_lr_gap,ft_lr_threshold,ft_lr_declared,ft_lr_category,dataset,seed,ce_direct_declared,ce_direct_category
0,journals/sigmod/AtzeniM98,True,2,HtxGbMkTXdsJ,0.11821222745664951,0.06543375917297431,0.0527784682836752,0.5000000000000001,False,missing_match,DBLP,43,True,correct
1,conf/vldb/ShiSZ03,True,1,-OjqoDQTIxMJ,0.9857352785999955,0.001920112106344306,0.9838151664936512,0.5000000000000001,True,correct,DBLP,43,True,correct
2,conf/vldb/MalonM97,True,1,ogRpbFNQTSkJ,0.9789397713585812,0.0004464126254890873,0.9784933587330922,0.5000000000000001,True,correct,DBLP,43,True,correct
3,conf/vldb/ChaudhuriS96,True,5,QCFUIVkspywJ,0.9582567857569543,0.9240547324431221,0.03420205331383219,0.5000000000000001,True,correct,DBLP,43,True,correct
4,conf/sigmod/SeidlK98,True,2,TodiMgxv4vMJ,0.931779565270988,0.8649972008157107,0.0667823644552773,0.5000000000000001,True,correct,DBLP,43,True,correct
5,conf/sigmod/BargaL99,True,2,QGxyK7bJQOMJ,0.9275715775324828,0.8804291954521186,0.04714238208036414,0.5000000000000001,True,correct,DBLP,43,True,correct
6,conf/sigmod/ChooOLCGBPS96,True,6,WrrEnOJswS4J,0.9525412816035059,0.8017030433108568,0.15083823829264909,0.5000000000000001,True,correct,DBLP,43,True,correct
7,conf/sigmod/Galindo-Legaria94,True,1,iEs59H5EFHwJ,0.9356342916701397,0.009275024702512185,0.9263592669676275,0.5000000000000001,True,correct,DBLP,43,True,correct
8,conf/vldb/AgrawalSX02,True,1,a1CLM5GoVtYJ,0.990000597873991,0.014197465367898942,0.9758031325060921,0.5000000000000001,True,correct,DBLP,43,True,correct
9,journals/sigmod/NorrieBSW94,True,2,q6YVJJgD1uQJ,0.9850184145936424,0.026511804382707217,0.9585066102109352,0.5000000000000001,True,correct,DBLP,43,True,correct
10,journals/vldb/PapazogluK97,True,2,kFQl7LX8OQkJ,0.9079358358550589,0.7683934686089199,0.139542367246139,0.5000000000000001,True,correct,DBLP,43,True,correct
11,journals/vldb/BerendtS00,True,3,_0meUij3ZJEJ,0.9862840286611482,0.9643703163501506,0.02191371231099759,0.5000000000000001,True,correct,DBLP,43,True,correct
12,conf/sigmod/UrhanFA98,True,1,ufjnZovcIb4J,0.9359316035638529,0.0005708484304475896,0.9353607551334052,0.5000000000000001,True,correct,DBLP,43,True,correct
13,conf/vldb/NgH94,True,14,YMluKoJrxMcJ,0.9750525158001753,0.9692653672767352,0.005787148523440089,0.5000000000000001,True,correct,DBLP,43,True,correct
14,conf/vldb/TanGO99,True,1,CcTZvs8xd2sJ,0.9791864099406902,0.009855665005885965,0.9693307449348042,0.5000000000000001,True,correct,DBLP,43,True,correct
15,conf/sigmod/OoiTZGLLLNSWZ03,True,1,l78OeieL4ZsJ,0.6119462202763706,0.0007511308613207903,0.6111950894150497,0.5000000000000001,True,correct,DBLP,43,True,correct
16,conf/vldb/MadhavanBR01,True,4,wRHapJxb_-QJ,0.9888086285920092,0.9864543168209162,0.0023543117710930206,0.5000000000000001,True,correct,DBLP,43,True,correct
17,conf/sigmod/HjaltasonS98,True,2,3mwWUz_ORNYJ,0.9859695373574268,0.615683429893529,0.3702861074638978,0.5000000000000001,True,correct,DBLP,43,True,correct
18,journals/tods/GutingBEJLSV00,True,4,1qV5-83rTyUJ,0.9130285136086413,0.8166778155887245,0.0963506980199168,0.5000000000000001,True,correct,DBLP,43,True,correct
19,journals/sigmod/CuiJO02,True,2,Llr0ikQ8yIIJ,0.6380876999719642,0.17749567550422196,0.4605920244677423,0.5000000000000001,True,correct,DBLP,43,True,correct
20,conf/vldb/GarofalakisRS99,True,6,Xm3ygCvkmN8J,0.9900005974714438,0.9766865764447303,0.013314021026713418,0.5000000000000001,True,correct,DBLP,43,True,correct
21,conf/vldb/Moerkotte98,True,2,HcCevkoobDsJ,0.9900006131278463,0.879395206678871,0.11060540644897521,0.5000000000000001,True,correct,DBLP,43,True,correct
22,conf/sigmod/PopaDST00,True,1,gAwckIiPpTEJ,0.9601133429347455,0.00028516888860189826,0.9598281740461436,0.5000000000000001,True,correct,DBLP,43,True,correct
23,conf/sigmod/Aggarwal03,True,1,qbubaA6mQawJ,0.6007699277541073,0.07862810510543541,0.5221418226486719,0.5000000000000001,True,correct,DBLP,43,True,correct
24,conf/sigmod/KarbhariRXD02,True,2,TZsVVmiiHqEJ,0.9559881722068857,0.9127248398465304,0.04326333236035529,0.5000000000000001,True,correct,DBLP,43,True,correct
25,conf/sigmod/IoannidisP95,True,3,bv21uJEzUwAJ,0.9843869663629371,0.9463623663291622,0.03802460003377495,0.5000000000000001,True,correct,DBLP,43,True,correct
26,conf/vldb/GrustKT03,True,2,25xRkmL_4BsJ,0.9822504582867709,0.47160957659921343,0.5106408816875575,0.5000000000000001,True,correct,DBLP,43,True,correct
27,conf/sigmod/Dietterich94,False,0,pMJCOmp4AAkJ,0.011952461164645158,0.0011639623247631124,0.010788498839882046,0.5000000000000001,False,unmatched_abstention,DBLP,43,True,false_link
28,conf/sigmod/BreitbartKRSS99,True,1,XV2lpkhWCsYJ,0.9498725347263375,0.024224752624426,0.9256477821019115,0.5000000000000001,True,correct,DBLP,43,True,correct
29,conf/sigmod/HsiaoN00,True,1,iY5wlS4jsg0J,0.9859266134466503,0.000494010225642579,0.9854326032210078,0.5000000000000001,True,correct,DBLP,43,True,correct
30,conf/vldb/MillerHH00,True,7,KTp2S_xbXfYJ,0.9578316182358203,0.9569403686037965,0.000891249632023805,0.5000000000000001,True,correct,DBLP,43,True,correct
31,conf/vldb/BliujuteJSS98,True,5,oBpe7jg0YHYJ,0.989209392073,0.7612780140294906,0.22793137804350938,0.5000000000000001,True,correct,DBLP,43,True,correct
32,journals/sigmod/FifeG03,True,1,oOdAqQph_zsJ,0.9869119829155417,0.09257348305830193,0.8943384998572398,0.5000000000000001,True,correct,DBLP,43,True,correct
33,conf/sigmod/AchyutuniON96,True,1,eRSkDzxP1JcJ,0.9867679445792864,0.0015134373572717689,0.9852545072220147,0.5000000000000001,True,correct,DBLP,43,True,correct
34,conf/vldb/MahnkeMS02,True,1,VhxIKKG8oWYJ,0.882349631636205,0.0009159413086956503,0.8814336903275093,0.5000000000000001,True,correct,DBLP,43,True,correct
35,conf/vldb/JarkeKL00,True,2,6c3XQZ-_HDUJ,0.9743020306959246,0.8382673189659576,0.13603471172996695,0.5000000000000001,True,correct,DBLP,43,True,correct
36,conf/sigmod/JonkerS95,True,1,Rg4UOUTwgAcJ,0.9804099940147488,0.0026903829509678893,0.9777196110637809,0.5000000000000001,True,correct,DBLP,43,True,correct
37,conf/sigmod/OlstonWL01,True,1,I_YprPVQ45QJ,0.988062463966754,0.006879399282406863,0.9811830646843471,0.5000000000000001,True,correct,DBLP,43,True,correct
38,conf/vldb/Slutz98,True,1,1blbGQk5ZpUJ,0.9658008371806136,0.0014568080513044266,0.9643440291293092,0.5000000000000001,True,correct,DBLP,43,True,correct
39,conf/vldb/ChristodoulakisTZ97,True,2,lojHMj5xWEwJ,0.985735279764223,0.4862696079502903,0.49946567181393275,0.5000000000000001,True,correct,DBLP,43,True,correct
40,conf/vldb/NiermanJ02,True,1,1NZsxf_zwF4J,0.9884584726766757,0.000966748574103144,0.9874917241025726,0.5000000000000001,True,correct,DBLP,43,True,correct
41,conf/vldb/SkubiszewskiV97,True,1,MJAw_2C6ErAJ,0.985068904097143,0.005365499766647283,0.9797034043304957,0.5000000000000001,True,correct,DBLP,43,True,correct
42,journals/tods/GunopulosKMSTS03,True,5,-q1BFuUI27EJ,0.9825270153355488,0.354774497910622,0.6277525174249268,0.5000000000000001,True,correct,DBLP,43,True,correct
43,journals/sigmod/Ulusoy95,True,1,uMYecZGSCv4J,0.9901881233407668,0.06932846542455809,0.9208596579162087,0.5000000000000001,True,correct,DBLP,43,True,correct
44,journals/sigmod/LuoI02,True,2,url:http://portal.acm.org/ft_gateway.cfm%3Fid%3D601879%26type%3Dpdf%26dl%3DGUIDE%26dl%3DACM%26CFID%3D11111111%26CFTOKEN%3D2222222,0.6683261522771212,0.6180064517379983,0.050319700539122936,0.5000000000000001,True,correct,DBLP,43,True,correct
45,conf/vldb/Selinger02,True,1,76u3c8hIWqoJ,0.9779644979460703,0.0065639846372082845,0.971400513308862,0.5000000000000001,True,correct,DBLP,43,True,correct
46,conf/vldb/LiRS99,True,2,Bf44yXvb6EAJ,0.9041921850108459,0.7573493380961225,0.14684284691472338,0.5000000000000001,True,correct,DBLP,43,True,correct
47,journals/sigmod/Franklin97,False,0,url:http://doi.wiley.com/10.1002/tl.7700,0.44580411469091813,0.4392235989483884,0.006580515742529713,0.5000000000000001,False,unmatched_abstention,DBLP,43,False,unmatched_abstention
48,conf/sigmod/BarbosaMKL02,True,2,wO-iR4jRq0UJ,0.8383751150442065,0.8292566786567295,0.009118436387477002,0.5000000000000001,True,correct,DBLP,43,True,correct
49,conf/vldb/Ladin00,True,1,kPTa4IiS_sgJ,0.9857353099658533,0.2142813567076101,0.7714539532582433,0.5000000000000001,True,correct,DBLP,43,True,correct
50,conf/vldb/ShuklaDN98,True,2,1eCp1f8DhasJ,0.9889152471680862,0.7031062557739004,0.2858089913941858,0.5000000000000001,True,correct,DBLP,43,True,correct
51,conf/vldb/ChristopheBPV00,True,5,8DRB_dYz2CgJ,0.9900005852008434,0.9651297780705498,0.02487080713029366,0.5000000000000001,True,correct,DBLP,43,True,correct
52,journals/sigmod/SchlageterBHMSW95,True,2,url:http://portal.acm.org/citation.cfm%3Fid%3D202672,0.9566767339439494,0.599394028957142,0.35728270498680736,0.5000000000000001,True,correct,DBLP,43,True,correct
53,conf/vldb/Amer-YahiaCD98,True,3,9nmG2KCklEcJ,0.9900005974714438,0.9343614100503858,0.055639187421058,0.5000000000000001,True,correct,DBLP,43,True,correct
54,journals/sigmod/BonifatiC00,True,4,XCdMiXLp41IJ,0.9901881233407668,0.9479014431526968,0.042286680188070025,0.5000000000000001,True,correct,DBLP,43,True,correct
55,journals/sigmod/BertinoEH03,True,1,4m-WmWU5iGYJ,0.9830082732687333,0.07585168739844396,0.9071565858702894,0.5000000000000001,True,correct,DBLP,43,True,correct
56,conf/sigmod/SagonasSW94a,True,6,nDGblldnEGAJ,0.9858705165989395,0.7536148817214788,0.2322556348774607,0.5000000000000001,True,correct,DBLP,43,True,correct
57,conf/sigmod/Weininger00,True,1,url:http://portal.acm.org/citation.cfm%3Fid%3D335465,0.986974985763476,0.0003205882278244514,0.9866543975356515,0.5000000000000001,True,correct,DBLP,43,True,correct
58,journals/tods/Chomicki95,False,0,QVmWvrI3myQJ,0.8262866024430071,0.04179460874310373,0.7844919936999034,0.5000000000000001,True,false_link,DBLP,43,True,false_link
59,conf/sigmod/CookWZ94,True,2,LiIWlw3oNgUJ,0.9794083368999291,0.9524564243895216,0.026951912510407516,0.5000000000000001,True,correct,DBLP,43,True,correct
60,journals/tods/BozkayaO99,True,2,CEKbSWc_C6UJ,0.9828809889080187,0.7034822703199201,0.2793987185880986,0.5000000000000001,True,correct,DBLP,43,True,correct
61,conf/sigmod/BersonGMJ94,True,4,bw_c9Mk0_7IJ,0.988462658553156,0.9084140736211799,0.08004858493197609,0.5000000000000001,True,correct,DBLP,43,True,correct
62,conf/sigmod/AdamY98,True,1,url:http://portal.acm.org/ft_gateway.cfm%3Fid%3D276350%26type%3Dpdf%26dl%3DGUIDE%26dl%3DACM%26CFID%3D11111111%26CFTOKEN%3D2222222,0.8979605081760987,0.4748446873921956,0.42311582078390314,0.5000000000000001,True,correct,DBLP,43,True,correct
63,conf/sigmod/KanthRA02,True,1,RgDMwqhT30wJ,0.7806395939729095,0.0007489820073053163,0.7798906119656042,0.5000000000000001,True,correct,DBLP,43,True,correct
64,journals/tods/MehrotraRKS98,True,1,tAnONC5J2W8J,0.9855077919777334,0.02662960301401959,0.9588781889637138,0.5000000000000001,True,correct,DBLP,43,True,correct
65,journals/sigmod/GrayG97,True,5,fFCqy9V5XNgJ,0.9901881233407668,0.9566894881700809,0.03349863517068585,0.5000000000000001,True,correct,DBLP,43,True,correct
66,conf/vldb/MuthOPW98,True,1,cy0zVqmNba4J,0.9747513948105623,0.4310347679342893,0.543716626876273,0.5000000000000001,True,correct,DBLP,43,True,correct
67,journals/sigmod/Libkin99,True,2,zSO1Y5W7WkwJ,0.9901881249496111,0.5984064010896174,0.39178172385999366,0.5000000000000001,True,correct,DBLP,43,True,correct
68,conf/sigmod/Lassettre98,True,1,7p2MaOtr7u8J,0.9402282368971681,0.0005270949620453927,0.9397011419351227,0.5000000000000001,True,correct,DBLP,43,True,correct
69,journals/vldb/ChirkovaHS02,True,1,NdmocXlpq9QJ,0.9835960431194891,0.002108332758438241,0.9814877103610509,0.5000000000000001,True,correct,DBLP,43,True,correct
70,journals/sigmod/MattosD94,True,1,HhUCea7De6YJ,0.9873946274036725,0.001118394790647603,0.9862762326130249,0.5000000000000001,True,correct,DBLP,43,True,correct
71,journals/tods/DeySB99,True,1,lUIjuGqk6q4J,0.9805995692845038,0.0019252504690434175,0.9786743188154603,0.5000000000000001,True,correct,DBLP,43,True,correct
72,conf/vldb/PoosalaI96,True,1,NTlGMs3lqNEJ,0.979912369545094,0.014308752781523937,0.96560361676357,0.5000000000000001,True,correct,DBLP,43,True,correct
73,journals/sigmod/Group94,False,0,url:http://www.ingentaconnect.com/search/expand%3Fpub%3Dinfobike://els/08830355/2001/00000035/00000004/art00040%26unc%3D,0.0003141911884802185,0.0002837472388500809,3.0443949630137607e-05,0.5000000000000001,False,unmatched_abstention,DBLP,43,False,unmatched_abstention
74,conf/vldb/LaneEN00,True,2,EUNYWV7uBTwJ,0.3983986547481535,0.21524967901315367,0.18314897573499983,0.5000000000000001,False,missing_match,DBLP,43,True,correct
75,journals/vldb/TanGO00,True,1,url:http://www.springerlink.com/index/4N8LT3XHXGCR8DLW.pdf,0.9799819565801466,0.00875373178959116,0.9712282247905555,0.5000000000000001,True,correct,DBLP,43,True,correct
76,conf/sigmod/AdelbergGW97,True,2,zZo47Z-jVX4J,0.9902426264979829,0.9370154476287624,0.05322717886922046,0.5000000000000001,True,correct,DBLP,43,True,correct
77,conf/vldb/MiklauS03,True,1,cJUP6vfSm50J,0.9857352785999955,0.3391030422487694,0.6466322363512261,0.5000000000000001,True,correct,DBLP,43,True,correct
78,conf/vldb/KaushikBNS02,True,1,dL5oJVHK10kJ,0.9895489826705299,0.011258477605466478,0.9782905050650634,0.5000000000000001,True,correct,DBLP,43,True,correct
79,journals/tods/GravanoGT99,True,3,aXLcAfb2y5kJ,0.9863323725042336,0.5463729260433582,0.43995944646087537,0.5000000000000001,True,correct,DBLP,43,True,correct
80,journals/vldb/RafieiM02,True,1,kZFfJieudW4J,0.9832981987783924,0.048063156176412596,0.9352350426019799,0.5000000000000001,True,correct,DBLP,43,True,correct
81,journals/vldb/RahmB01,True,6,OmmFvfvPT6MJ,0.9826373322324532,0.9537895868969347,0.028847745335518482,0.5000000000000001,True,correct,DBLP,43,True,correct
82,conf/vldb/Deshpande00,True,1,2DiLFd0rgPgJ,0.985735279764223,0.0010181365704997343,0.9847171431937233,0.5000000000000001,True,correct,DBLP,43,True,correct
83,journals/sigmod/Gallagher94,True,1,PVm9r7wHzDAJ,0.9901881249496111,0.0036228031747571614,0.9865653217748539,0.5000000000000001,True,correct,DBLP,43,True,correct
84,conf/sigmod/Raghavan03,False,0,url:http://portal.acm.org/ft_gateway.cfm%3Fid%3D1099660%26type%3Dpdf,0.003479002426119808,0.0009261117350650807,0.0025528906910547273,0.5000000000000001,False,unmatched_abstention,DBLP,43,False,unmatched_abstention
85,conf/sigmod/FukudaMMT96,True,3,Bcuo4_yr2p0J,0.9773692264955732,0.9710587173321901,0.00631050916338316,0.5000000000000001,True,correct,DBLP,43,True,correct
86,journals/sigmod/YanG95,True,1,tMXkkRDxvkQJ,0.9893019650168727,0.011579665987679942,0.9777222990291928,0.5000000000000001,True,correct,DBLP,43,True,correct
87,journals/sigmod/Konig-RiesMMPPRSVW02,True,2,s6EfjBMbUb4J,0.2684711771137248,0.0066264668673522075,0.2618447102463726,0.5000000000000001,False,missing_match,DBLP,43,True,correct
88,journals/tods/TaoPZ02,True,1,CxBJwFNdozAJ,0.9863323727783241,0.0026523539482829956,0.9836800188300411,0.5000000000000001,True,correct,DBLP,43,True,correct
89,conf/sigmod/ChaudhuriG96,True,1,Fh1QPZpWHUMJ,0.9619034439270008,0.5847555172115645,0.3771479267154363,0.5000000000000001,True,correct,DBLP,43,True,correct
90,journals/sigmod/HasselbringHHKRRS00,True,3,X9PsaiaoDJ4J,0.28919470694782323,0.22652558945680495,0.06266911749101828,0.5000000000000001,False,missing_match,DBLP,43,True,correct
91,conf/vldb/Sripada02,True,1,UXm0EWCXxpIJ,0.9794498379558563,0.001590682743015717,0.9778591552128405,0.5000000000000001,True,correct,DBLP,43,True,correct
92,conf/vldb/DeutschT03,True,1,qkJ_IyVmLfUJ,0.9857352785999955,0.00255585923312256,0.983179419366873,0.5000000000000001,True,correct,DBLP,43,True,correct
93,conf/vldb/PottingerL00,True,5,llb7DerHoGIJ,0.8551765258759743,0.7719773359774338,0.08319918989854047,0.5000000000000001,True,correct,DBLP,43,True,correct
94,journals/sigmod/Roussopoulos98,True,2,GfjHZswtM0EJ,0.9901881375642547,0.5674242575694249,0.4227638799948298,0.5000000000000001,True,correct,DBLP,43,True,correct
95,journals/sigmod/GroskyFS94,True,2,zMK02pxd4OEJ,0.9843139481726775,0.7416794876249879,0.24263446054768956,0.5000000000000001,True,correct,DBLP,43,True,correct
96,conf/sigmod/ChanI98,True,4,VC7Jbwgn_O0J,0.9789523634776157,0.8572755412526833,0.12167682222493237,0.5000000000000001,True,correct,DBLP,43,True,correct
97,conf/vldb/LinR98,True,1,9qhYcGzQxC4J,0.985735304331202,0.0005760394639472752,0.9851592648672548,0.5000000000000001,True,correct,DBLP,43,True,correct
98,journals/sigmod/GobleR02,True,1,url:http://portal.acm.org/ft_gateway.cfm%3Fid%3D507366%26type%3Dpdf%26dl%3DGUIDE%26dl%3DACM%26CFID%3D11111111%26CFTOKEN%3D2222222,0.5161024421009742,0.011574222744435701,0.5045282193565386,0.5000000000000001,True,correct,DBLP,43,True,correct
99,journals/sigmod/LawderK01,True,1,eznFJ2e_pQQJ,0.979206256386021,0.10975248634895717,0.8694537700370638,0.5000000000000001,True,correct,DBLP,43,True,correct
100,journals/tods/WolfsonJH97,True,3,FlC-FF1hbbUJ,0.9863323705459821,0.8186879702167572,0.1676444003292249,0.5000000000000001,True,correct,DBLP,43,True,correct
101,conf/sigmod/BhargavaGI95,True,1,TXvfEP4WTD0J,0.9873747219618613,0.005733960088410445,0.9816407618734508,0.5000000000000001,True,correct,DBLP,43,True,correct
102,conf/sigmod/MaddenH02,True,1,NXakCefUcdUJ,0.9891910187546,0.001665606536644012,0.987525412217956,0.5000000000000001,True,correct,DBLP,43,True,correct
103,conf/vldb/LlirbatST97,True,1,v1fsWCSPn2MJ,0.6216128696338744,0.005297070996794227,0.6163157986370802,0.5000000000000001,True,correct,DBLP,43,True,correct
104,conf/vldb/Moni96,True,1,gbjXwFztQTsJ,0.985735279764223,0.0007216722995234539,0.9850136074646996,0.5000000000000001,True,correct,DBLP,43,True,correct
105,journals/sigmod/Snodgrass03,True,1,m-l6e98xxOsJ,0.9818849441258064,0.08275637102723078,0.8991285730985756,0.5000000000000001,True,correct,DBLP,43,True,correct
106,journals/vldb/MuthOPW00,True,1,WFygKYK0NVQJ,0.9841553875559564,0.6378331283882023,0.34632225916775417,0.5000000000000001,True,correct,DBLP,43,True,correct
107,conf/sigmod/BohmA96,True,1,978pJCGhaGoJ,0.947482514802301,0.015189376975623892,0.932293137826677,0.5000000000000001,True,correct,DBLP,43,True,correct
108,journals/vldb/Ozsu03,True,1,url:http://www.springerlink.com/index/3G9E0YCGLRQFPN89.pdf,0.8691844021366959,0.00031919285876807135,0.8688652092779279,0.5000000000000001,True,correct,DBLP,43,True,correct
109,conf/vldb/MorimotoIM97,True,3,3enylshvOl8J,0.961848115198556,0.8761000888285352,0.08574802637002077,0.5000000000000001,True,correct,DBLP,43,True,correct
110,conf/sigmod/CeriFPP95,False,0,LnNHfHLFsEcJ,0.0011143382189941124,0.0010799326903830199,3.4405528611092554e-05,0.5000000000000001,False,unmatched_abstention,DBLP,43,False,unmatched_abstention
111,journals/sigmod/Alonso95a,False,0,8Ge2xzsWVhAJ,0.003440436344766108,0.002973817749631005,0.0004666185951351029,0.5000000000000001,False,unmatched_abstention,DBLP,43,False,unmatched_abstention
112,conf/vldb/PirotteZMY94,True,1,8s-SP8sAvQAJ,0.9769060163058122,0.0044159807040293035,0.9724900356017829,0.5000000000000001,True,correct,DBLP,43,True,correct
113,conf/sigmod/WynblattN01,True,1,PVUtZWBcxlAJ,0.9864172260863787,0.006962571679927639,0.9794546544064511,0.5000000000000001,True,correct,DBLP,43,True,correct
114,conf/sigmod/CareyDFHMNSSTTWZ94,True,8,0oPBNo-ofPkJ,0.7679426399459285,0.5898525431016679,0.17809009684426058,0.5000000000000001,True,correct,DBLP,43,True,correct
115,conf/sigmod/AgrawalES03,True,2,HypA8oN4PqsJ,0.9510265917802497,0.11554204241014235,0.8354845493701074,0.5000000000000001,True,correct,DBLP,43,True,correct
116,conf/sigmod/Norrie95,True,1,url:http://portal.acm.org/ft_gateway.cfm%3Fid%3D223883%26type%3Dpdf%26dl%3DGUIDE%26dl%3DACM%26CFID%3D11111111%26CFTOKEN%3D2222222,0.4229078326277514,0.012552093518068469,0.4103557391096829,0.5000000000000001,False,missing_match,DBLP,43,True,correct
117,journals/vldb/PapazogluK97a,False,0,kFQl7LX8OQkJ,0.49515800783221636,0.28774216332165964,0.20741584451055672,0.5000000000000001,False,unmatched_abstention,DBLP,43,True,false_link
118,conf/vldb/DuttaDMRT00,True,1,q0Ovw6QUk3MJ,0.937529020990287,0.19655683866824597,0.740972182322041,0.5000000000000001,True,correct,DBLP,43,True,correct
119,conf/sigmod/HwangLYMMGCSS94,True,1,AWah9GLEFTAJ,0.9014266600147256,0.06189308128681644,0.8395335787279091,0.5000000000000001,True,correct,DBLP,43,True,correct
120,conf/sigmod/CareyMN97,True,4,dBgA1e-6LvkJ,0.6095162382749841,0.4908304945587939,0.11868574371619023,0.5000000000000001,True,correct,DBLP,43,True,correct
121,conf/vldb/IlyasAE02,True,1,nQsk3GveFP0J,0.9776615585039774,0.004676162528396882,0.9729853959755805,0.5000000000000001,True,correct,DBLP,43,True,correct
122,conf/sigmod/BohrerBBCFHKKMNRRSUUW97a,True,2,NiBdZXS0TCMJ,0.4325415457431859,0.33074009953095157,0.1018014462122343,0.5000000000000001,False,missing_match,DBLP,43,True,correct
123,conf/sigmod/RamaswamyRS00,True,2,VJIHPbki2uAJ,0.9664285223962717,0.6704795216337158,0.2959490007625559,0.5000000000000001,True,correct,DBLP,43,True,correct
124,conf/sigmod/Amer-YahiaFSX03,True,3,7-b5YXuGJS0J,0.9530951263148879,0.7262349656820626,0.22686016063282533,0.5000000000000001,True,correct,DBLP,43,True,correct
125,conf/sigmod/BreunigKNS00,True,4,vezxTIGxNywJ,0.893982818119733,0.763577181571593,0.13040563654813997,0.5000000000000001,True,correct,DBLP,43,True,correct
126,journals/tods/YanG94,True,3,fx6kDLBa8q8J,0.8920074700974681,0.8192235881613675,0.07278388193610053,0.5000000000000001,True,correct,DBLP,43,True,correct
127,conf/vldb/CareyCNVDRSM99,True,1,JpMllVmmnkAJ,0.9580591472642599,0.48358975069517396,0.47446939656908593,0.5000000000000001,True,correct,DBLP,43,True,correct
128,conf/sigmod/Deutsch95,True,1,url:http://portal.acm.org/citation.cfm%3Fid%3D223784.223880,0.9272379551852947,0.012797086027854782,0.9144408691574399,0.5000000000000001,True,correct,DBLP,43,True,correct
129,journals/sigmod/Snodgrass97,False,0,NHxHsUH9L5MJ,0.109979385324308,0.0651849140247978,0.0447944712995102,0.5000000000000001,False,unmatched_abstention,DBLP,43,False,unmatched_abstention
130,conf/sigmod/ChoALS03,True,1,MAdjH9lCsysJ,0.9845766394479174,0.0032766493083497047,0.9812999901395677,0.5000000000000001,True,correct,DBLP,43,True,correct
131,journals/vldb/C94b,False,0,url:http://www.springerlink.com/index/Q78X31366106T7X5.pdf,0.2142832147497011,0.2039999366486345,0.010283278101066606,0.5000000000000001,False,unmatched_abstention,DBLP,43,False,unmatched_abstention
132,conf/sigmod/SionAP03,True,1,_L0DhCpFaXMJ,0.8026646473259593,0.47313688294915,0.3295277643768093,0.5000000000000001,True,correct,DBLP,43,True,correct
133,conf/vldb/CohenMKS03,True,1,gRoNHWLN1WMJ,0.9857352945262216,0.027497564518112777,0.9582377300081087,0.5000000000000001,True,correct,DBLP,43,True,correct
134,conf/sigmod/JarkeQCLFLVV00,True,2,bl_VrPzIIPwJ,0.9858422747453299,0.9186677206282787,0.0671745541170512,0.5000000000000001,True,correct,DBLP,43,True,correct
135,journals/tods/BellNNS96,True,2,pz2VRTdXq1cJ,0.9813466550633626,0.8717614709637713,0.10958518409959128,0.5000000000000001,True,correct,DBLP,43,True,correct
136,conf/vldb/GoldmanW97,True,8,3zf3WSt0B6UJ,0.9900006114885662,0.952563169807676,0.03743744168089025,0.5000000000000001,True,correct,DBLP,43,True,correct
137,conf/sigmod/BerckenDS00,True,4,3IFlpeKgLlAJ,0.9765427595918588,0.931436923797059,0.045105835794799765,0.5000000000000001,True,correct,DBLP,43,True,correct
138,conf/vldb/OzsoyogluAAOUO02,True,1,Pb3y_NGGwjwJ,0.8449309788110361,0.004304862389238459,0.8406261164217976,0.5000000000000001,True,correct,DBLP,43,True,correct
139,journals/sigmod/Snodgrass94,True,2,SYVDufoTe_IJ,0.9818849204130289,0.04064278716376593,0.941242133249263,0.5000000000000001,True,correct,DBLP,43,True,correct
140,conf/sigmod/KriegelBKPS03,True,2,tsqBH6P4jMcJ,0.9845273085653465,0.959721291127482,0.02480601743786459,0.5000000000000001,True,correct,DBLP,43,True,correct
141,journals/sigmod/Chang03,True,1,B55TCVoUsnoJ,0.9863254581955473,0.005978743071026797,0.9803467151245205,0.5000000000000001,True,correct,DBLP,43,True,correct
142,journals/sigmod/KempsterST99,True,1,JfmkT9KvKWoJ,0.9842036667368327,0.5895264045455215,0.39467726219131116,0.5000000000000001,True,correct,DBLP,43,True,correct
143,journals/tods/CeriFPT95,True,1,DoS7NkmUyYgJ,0.8985312150031793,0.8576442813001683,0.040886933703011,0.5000000000000001,True,correct,DBLP,43,True,false_link
144,journals/vldb/BeckerGOSW96,True,2,BNQ07kOYONgJ,0.9842606199893036,0.9036677809689533,0.0805928390203503,0.5000000000000001,True,correct,DBLP,43,True,correct
145,conf/vldb/CareyD96,True,7,5xe-dQqXfI8J,0.9705257082663685,0.8499252926600143,0.12060041560635426,0.5000000000000001,True,correct,DBLP,43,True,correct
146,conf/sigmod/BaruFGHJPW95,True,2,C60KJG_xVm0J,0.9855555423005593,0.07559083287056684,0.9099647094299925,0.5000000000000001,True,correct,DBLP,43,True,correct
147,journals/sigmod/WenLMZ03,True,1,5KdceadGf8cJ,0.9860813482799089,0.0007220170777475138,0.9853593312021613,0.5000000000000001,True,correct,DBLP,43,True,correct
148,conf/sigmod/PeiMHZ00,True,1,UyhrqiH_-MoJ,0.9753641081252045,0.0010412554895692214,0.9743228526356352,0.5000000000000001,True,correct,DBLP,43,True,correct
149,conf/sigmod/GodfreySE98,True,2,f5cqkpUXl0kJ,0.9862641199806905,0.14142259799567347,0.844841521985017,0.5000000000000001,True,correct,DBLP,43,True,correct
150,journals/vldb/NanopoulosM02,True,1,icoWjIZ_6IIJ,0.9862840171695737,0.0029607696233671156,0.9833232475462066,0.5000000000000001,True,correct,DBLP,43,True,correct
151,journals/vldb/BerchtoldKK97,True,1,VHo2go6vjYsJ,0.9767351574442192,0.0024391426292414077,0.9742960148149779,0.5000000000000001,True,correct,DBLP,43,True,correct
152,conf/sigmod/BrunoKS02,True,3,GahdNMZNCWgJ,0.9559880937496263,0.4133465526770413,0.5426415410725851,0.5000000000000001,True,correct,DBLP,43,True,correct
153,conf/vldb/LuOT94,True,1,ZFXYXT4yEcAJ,0.9805714171558942,0.0064095299582429145,0.9741618871976513,0.5000000000000001,True,correct,DBLP,43,True,correct
154,conf/sigmod/GuhaJKSY02,True,1,z6l0wfs32iYJ,0.9418718150770534,0.04738645483825687,0.8944853602387965,0.5000000000000001,True,correct,DBLP,43,True,correct
155,journals/sigmod/LeeCL95,True,1,G1E5PwzwdSMJ,0.9726766312018629,0.009627193210151994,0.9630494379917108,0.5000000000000001,True,correct,DBLP,43,True,correct
156,journals/vldb/BernsteinIR03,True,1,url:http://www.springerlink.com/index/589TQRPPVBXQ6LJN.pdf,0.623309889047011,0.5005538148745664,0.12275607417244461,0.5000000000000001,True,false_link,DBLP,43,True,false_link
157,conf/sigmod/Rajaraman99,True,2,url:http://portal.acm.org/ft_gateway.cfm%3Fid%3D304246%26type%3Dpdf%26dl%3DGUIDE%26dl%3DACM%26CFID%3D11111111%26CFTOKEN%3D2222222,0.9592664067539634,0.9477619335400922,0.011504473213871158,0.5000000000000001,True,correct,DBLP,43,True,correct
158,conf/vldb/SindoniTABFGMPPT01,True,1,0zdXnl9cQysJ,0.9789816579157241,0.0018382498715346438,0.9771434080441894,0.5000000000000001,True,correct,DBLP,43,True,correct
159,conf/vldb/EsterKSWX98,True,2,MC7KlhmEQt8J,0.9860150546885358,0.9508017224944376,0.03521333219409817,0.5000000000000001,True,correct,DBLP,43,True,correct
160,journals/vldb/DiazJ97,True,1,RKAY1aZAeCoJ,0.9581198928177462,0.001474629657477001,0.9566452631602692,0.5000000000000001,True,correct,DBLP,43,True,correct
161,conf/sigmod/Amer-YahiaCLS01,True,4,DFubU20j1OIJ,0.9533696094560649,0.9473328250966689,0.006036784359395919,0.5000000000000001,True,correct,DBLP,43,True,correct
162,conf/sigmod/Cattell94,True,2,QgR0DgMbdgIJ,0.9235153063260944,0.003978092885255538,0.9195372134408388,0.5000000000000001,True,correct,DBLP,43,True,correct
163,journals/vldb/LandauST95,True,3,N9d3F0NvbcEJ,0.9762320891580479,0.8907838383746888,0.08544825078335916,0.5000000000000001,True,correct,DBLP,43,True,correct
164,conf/vldb/GuptaHQ95,True,5,VCSbj6MwKlgJ,0.990000611891113,0.887605770768212,0.10239484112290098,0.5000000000000001,True,correct,DBLP,43,True,correct
165,conf/vldb/LiCHPALHAY01,True,1,Nn0x6RmkrVwJ,0.9739153121123192,0.04059817856538401,0.9333171335469351,0.5000000000000001,True,correct,DBLP,43,True,correct
166,journals/tods/DekhtyarRS01,True,6,jZShiF9wrikJ,0.981400366081996,0.9463892215191699,0.03501114456282606,0.5000000000000001,True,correct,DBLP,43,True,correct
167,journals/sigmod/Winslett03b,False,0,oJtB__MYF4EJ,0.001726133887411688,0.0003079383158007423,0.0014181955716109458,0.5000000000000001,False,unmatched_abstention,DBLP,43,False,unmatched_abstention
168,conf/vldb/LimWV03,True,1,aPJnWocHLUwJ,0.9850804864899559,0.0026452725133044954,0.9824352139766515,0.5000000000000001,True,correct,DBLP,43,True,correct
169,conf/vldb/NaumannLF99,True,3,MEQuU1E4vdoJ,0.9777369572876541,0.8127646768302592,0.16497228045739487,0.5000000000000001,True,correct,DBLP,43,True,correct
170,conf/sigmod/DoppelhammerHKK97,True,2,q_A8Y8KY9WkJ,0.9700880363762693,0.9356237913531724,0.03446424502309686,0.5000000000000001,True,correct,DBLP,43,True,correct
171,conf/sigmod/IvesLPST00,True,2,rtnpqb22gGcJ,0.9767692276011438,0.8420886515693821,0.13468057603176176,0.5000000000000001,True,correct,DBLP,43,True,correct
172,conf/vldb/LakshmiZ98,True,2,QmXB6EKu-pYJ,0.9820320544680651,0.3015273690013417,0.6805046854667234,0.5000000000000001,True,correct,DBLP,43,True,correct
173,journals/sigmod/KambhampatiK03,True,1,url:http://portal.acm.org/ft_gateway.cfm%3Fid%3D959086%26type%3Dpdf%26dl%3DGUIDE%26dl%3DACM%26CFID%3D11111111%26CFTOKEN%3D2222222,0.9829286579976774,0.0011419542558158162,0.9817867037418615,0.5000000000000001,True,correct,DBLP,43,True,correct
174,journals/sigmod/Chen94,True,1,url:http://portal.acm.org/ft_gateway.cfm%3Fid%3D187460%26type%3Dpdf%26coll%3DGUIDE%26dl%3DACM%26CFID%3D11111111%26CFTOKEN%3D2222222,0.9638345422498497,0.006793285632273053,0.9570412566175766,0.5000000000000001,True,correct,DBLP,43,True,correct
175,conf/sigmod/Pirahesh94,True,1,VG96hL8afvgJ,0.9632041544842463,0.004811152156457587,0.9583930023277888,0.5000000000000001,True,correct,DBLP,43,True,correct
176,conf/sigmod/CatarciS01,True,1,frbExwv4DiwJ,0.9562186065393501,0.005388394904999619,0.9508302116343504,0.5000000000000001,True,correct,DBLP,43,True,correct
177,conf/sigmod/ZhugeGHW95,True,10,_XLK2p-e2pYJ,0.9612498821643342,0.9393587632964707,0.021891118867863435,0.5000000000000001,True,correct,DBLP,43,True,correct
178,journals/sigmod/AndlerHEMBE96,True,5,oNYOKYvjoKgJ,0.986465312952411,0.9582078229104176,0.028257490041993405,0.5000000000000001,True,correct,DBLP,43,True,correct
179,conf/vldb/PapakonstantinouAG96,True,6,gkbvvgj8kdUJ,0.990000611891113,0.9535333504178136,0.03646726147329937,0.5000000000000001,True,correct,DBLP,43,True,correct
180,conf/sigmod/Zeller03,False,0,amSBALWOE6cJ,0.026852486207928062,0.0030533816817441403,0.02379910452618392,0.5000000000000001,False,unmatched_abstention,DBLP,43,False,unmatched_abstention
181,conf/vldb/Huyn01,True,1,SbL4xw4mCewJ,0.985735279764223,0.0005105566173657641,0.9852247231468573,0.5000000000000001,True,correct,DBLP,43,True,correct
182,conf/sigmod/CookKWZ96,True,1,5MTgNlhnyTgJ,0.9806721282995569,0.06401751058331116,0.9166546177162457,0.5000000000000001,True,correct,DBLP,43,True,correct
183,journals/vldb/C94a,False,0,url:http://www.springerlink.com/index/W80L2810707344M1.pdf,0.035792956940112454,0.011126723393776487,0.024666233546335965,0.5000000000000001,False,unmatched_abstention,DBLP,43,True,false_link
184,journals/sigmod/Neven02,True,1,xAXF0HSF4h8J,0.9901881403153058,0.0037041072770495845,0.9864840330382562,0.5000000000000001,True,correct,DBLP,43,True,correct
185,conf/vldb/OzsuLON01,True,2,qqdXmdgAaMgJ,0.9760233327480766,0.8794659052976845,0.09655742745039209,0.5000000000000001,True,correct,DBLP,43,True,correct
186,journals/sigmod/Wedekind94,True,1,gqehj3-ukjIJ,0.8127476423996812,0.00027970474377707745,0.8124679376559042,0.5000000000000001,True,correct,DBLP,43,True,correct
187,journals/sigmod/Han98,True,5,Y0GdVVrbzfQJ,0.9901881304517194,0.9394230397502663,0.050765090701453075,0.5000000000000001,True,correct,DBLP,43,True,correct
188,conf/vldb/StillgerLMK01,True,3,k8EsgEuKhQ0J,0.9900005962347085,0.931557198382304,0.05844339785240449,0.5000000000000001,True,correct,DBLP,43,True,correct
189,conf/sigmod/MohanN94,True,1,_2hj6snS3foJ,0.9837768397657618,0.09294963423565568,0.8908272055301061,0.5000000000000001,True,correct,DBLP,43,True,correct
190,conf/vldb/WangC03,True,3,B1uNI67mfJcJ,0.9736065829682601,0.9668877882180041,0.006718794750255941,0.5000000000000001,True,correct,DBLP,43,True,correct
191,journals/tods/GuoSW96,True,2,V8Ls_TYs6mgJ,0.9850770238160325,0.868109905082384,0.11696711873364851,0.5000000000000001,True,correct,DBLP,43,True,correct
192,journals/tods/Ng01,True,1,npCKXD_vLM8J,0.9863323918665593,0.03455062940396157,0.9517817624625977,0.5000000000000001,True,correct,DBLP,43,True,correct
193,journals/sigmod/Widom96a,False,0,xgdBJbatYcIJ,0.6255641633932416,0.6064494115365667,0.019114751856674883,0.5000000000000001,True,false_link,DBLP,43,False,unmatched_abstention
194,conf/sigmod/BabcockO03,True,1,acnzsOLHFywJ,0.957615908810037,0.00227248140500425,0.9553434274050328,0.5000000000000001,True,correct,DBLP,43,True,correct
195,journals/sigmod/BuchnerM98,True,6,SZwq84m3bGYJ,0.9612559628369489,0.922330977792215,0.03892498504473396,0.5000000000000001,True,correct,DBLP,43,True,correct
196,journals/tods/HsuSY01,True,2,dkdzE1VG71sJ,0.9622299379618203,0.8700938902997979,0.09213604766202244,0.5000000000000001,True,correct,DBLP,43,True,correct
197,journals/tods/BeneventanoBS03,True,1,rRH6Z1oP78cJ,0.9863323907503898,0.29247170040175263,0.6938606903486372,0.5000000000000001,True,correct,DBLP,43,True,correct
198,journals/sigmod/Alonso94,False,0,8Ge2xzsWVhAJ,0.0036298382025503418,0.003363999902628572,0.0002658382999217697,0.5000000000000001,False,unmatched_abstention,DBLP,43,False,unmatched_abstention
199,conf/vldb/RaghavanG01,True,3,LcX8Pm2ABJsJ,0.9900005934316047,0.9230608418144911,0.06693975161711363,0.5000000000000001,True,correct,DBLP,43,True,correct
200,conf/vldb/BlottKS98,False,0,url:http://portal.acm.org/ft_gateway.cfm%3Fid%3D1099557%26type%3Dpdf,0.0008811781245233513,0.0005074380969404776,0.0003737400275828737,0.5000000000000001,False,unmatched_abstention,DBLP,43,False,unmatched_abstention
201,conf/sigmod/GuptaHR97,True,2,pGix0qZ6Uz4J,0.9902426319698301,0.8750479651233702,0.11519466684645985,0.5000000000000001,True,correct,DBLP,43,True,correct
202,journals/vldb/CliftonGB95,True,1,YkIvdNOC64cJ,0.9862840286611482,0.003932703595259038,0.9823513250658892,0.5000000000000001,True,correct,DBLP,43,True,correct
203,conf/vldb/SarawagiBKM02,True,1,G9DGYRD0cnMJ,0.990000597873991,0.32126968219386765,0.6687309156801233,0.5000000000000001,True,correct,DBLP,43,True,correct
204,conf/sigmod/CareyCNVDRSM99,True,1,W6ROObWo3bIJ,0.8891639965179546,0.653776603133092,0.2353873933848626,0.5000000000000001,True,correct,DBLP,43,True,correct
205,journals/vldb/FernandezFLS00,True,1,uo79zyqUB10J,0.9702856715073036,0.05095294603380467,0.919332725473499,0.5000000000000001,True,correct,DBLP,43,True,correct
206,journals/sigmod/DogacAOD95,True,1,oUOuTMrB0esJ,0.9901881288428759,0.05573564620231331,0.9344524826405626,0.5000000000000001,True,correct,DBLP,43,True,correct
207,journals/sigmod/Scholl01,False,0,url:http://portal.acm.org/citation.cfm%3Fid%3D604275,0.005750312853412668,0.0023547480464285557,0.0033955648069841126,0.5000000000000001,False,unmatched_abstention,DBLP,43,False,unmatched_abstention
208,conf/vldb/GinisHKMT97,True,1,GBVvAWWCTcgJ,0.9823804479322858,0.013523177744734651,0.9688572701875512,0.5000000000000001,True,correct,DBLP,43,True,correct
209,conf/sigmod/OzdenRSS96,True,1,-NqtWdEMQkgJ,0.9798078637103383,0.040458934741998895,0.9393489289683394,0.5000000000000001,True,correct,DBLP,43,True,correct
210,conf/sigmod/GehrkeKS01,True,3,f6JFkfhawW8J,0.9902426319698301,0.9441927627589299,0.04604986921090015,0.5000000000000001,True,correct,DBLP,43,True,correct
211,conf/sigmod/NestorovAM98,True,2,5icRoG_Vmc0J,0.9673526624026072,0.8595025138627463,0.10785014853986086,0.5000000000000001,True,correct,DBLP,43,True,correct
212,conf/sigmod/AgrawalCD02,True,1,iABZEL2Zoz8J,0.9873614127773804,0.1433857425307523,0.8439756702466281,0.5000000000000001,True,correct,DBLP,43,True,correct
213,conf/sigmod/BilirisDGJR94,True,2,3Lzo6p8X-n4J,0.9823980969368364,0.9171194757855549,0.06527862115128158,0.5000000000000001,True,correct,DBLP,43,True,correct
214,conf/sigmod/SalemBCL00,True,1,FElMcikK2GUJ,0.987178638680163,0.0009154254050312341,0.9862632132751318,0.5000000000000001,True,correct,DBLP,43,True,correct
215,conf/sigmod/Bussler02,True,1,url:http://portal.acm.org/ft_gateway.cfm%3Fid%3D564801%26type%3Dpdf%26dl%3DGUIDE%26dl%3DACM%26CFID%3D11111111%26CFTOKEN%3D2222222,0.4475298872126649,0.0008958904955568063,0.4466339967171081,0.5000000000000001,False,missing_match,DBLP,43,True,correct
216,conf/sigmod/KemperKM98,True,2,Z0oCigN4pVMJ,0.5359478291136135,0.4014500264959511,0.13449780261766242,0.5000000000000001,True,correct,DBLP,43,True,correct
217,conf/sigmod/JoshiA01,True,2,H9bMRYKnXMQJ,0.9719630336819659,0.7629793767211783,0.20898365696078758,0.5000000000000001,True,correct,DBLP,43,True,correct
218,conf/sigmod/WodtkeWWDM97,True,2,tnXqwH3BXW0J,0.899130476020946,0.2734623417393786,0.6256681342815673,0.5000000000000001,True,correct,DBLP,43,True,correct
219,journals/sigmod/Yang94,True,1,sHJ914nPZtUJ,0.9901881249496111,0.0014998319607878493,0.9886882929888232,0.5000000000000001,True,correct,DBLP,43,True,correct
220,conf/sigmod/ChoiC02,True,1,D8a4umAppIcJ,0.9843125858519632,0.10032236346184245,0.8839902223901208,0.5000000000000001,True,correct,DBLP,43,True,correct
221,conf/vldb/KornSFSP96,True,8,QjbxSG6_-WIJ,0.9860799948673417,0.9090827273086842,0.07699726755865743,0.5000000000000001,True,correct,DBLP,43,True,correct
222,journals/vldb/WidomS00,True,1,url:http://www.springerlink.com/index/JWGUMV8YDL893E3V.pdf,0.2763816741361045,0.22365789359088098,0.0527237805452235,0.5000000000000001,False,missing_match,DBLP,43,True,correct
223,conf/sigmod/Hope95,True,1,w3Aykr4vDVwJ,0.9299658559241679,0.0008512498884484619,0.9291146060357195,0.5000000000000001,True,correct,DBLP,43,True,correct
224,journals/sigmod/Franklin98a,False,0,ntqMqfgRXM4J,0.543450422244227,0.48852425840434677,0.05492616383988025,0.5000000000000001,True,false_link,DBLP,43,False,unmatched_abstention
225,conf/vldb/RizviH02,True,4,3ku_XOqYuawJ,0.9860451478960254,0.8944565852428586,0.09158856265316673,0.5000000000000001,True,correct,DBLP,43,True,correct
226,journals/vldb/BohmAnY97,True,4,PALTnITURBcJ,0.9872266488310057,0.9756291972525982,0.011597451578407525,0.5000000000000001,True,correct,DBLP,43,True,correct
227,journals/sigmod/SmithO99,True,1,-iis302p2MkJ,0.982792435908312,0.00036141787297628295,0.9824310180353357,0.5000000000000001,True,correct,DBLP,43,True,correct
228,conf/sigmod/DanielsDDEHJJLSSS94,True,1,fLNHwVFqnbIJ,0.7260882139120508,0.0004111803103336266,0.7256770336017172,0.5000000000000001,True,correct,DBLP,43,True,correct
229,conf/vldb/ZengBNN01,True,2,3TivNLIErRkJ,0.9844801372883972,0.932859030250416,0.05162110703798117,0.5000000000000001,True,correct,DBLP,43,True,correct
230,journals/sigmod/MalaikaEM03,True,2,OGh0R54BW0MJ,0.9264415257030887,0.49848887936516917,0.4279526463379195,0.5000000000000001,True,correct,DBLP,43,True,correct
231,conf/vldb/RezendeS98,True,1,niRuvMkp4r4J,0.934169096735508,0.12479155517591287,0.8093775415595951,0.5000000000000001,True,correct,DBLP,43,True,correct
232,conf/vldb/Guting94,True,4,584tvD8f6AAJ,0.875238755638423,0.5621912439326642,0.31304751170575884,0.5000000000000001,True,correct,DBLP,43,True,correct
233,journals/sigmod/CaplinskasEV02,True,5,url:http://portal.acm.org/citation.cfm%3Fid%3D507338.507367%26dl%3DGUIDE%26dl%3DACM%26idx%3DJ689%26part%3Dperiodical%26WantType%3Dperiodical%26title%3DACM%2520SIGMOD%2520Record%26CFID%3D11111111%26CFTOKEN%3D2222222,0.7699914836253418,0.589941989467401,0.1800494941579408,0.5000000000000001,True,correct,DBLP,43,True,correct
234,conf/sigmod/MassariPSC95,True,1,O2FrN68p5PUJ,0.9012327331275508,0.3255755130473845,0.5756572200801663,0.5000000000000001,True,correct,DBLP,43,True,correct
235,journals/sigmod/AbererCDDHPS03,True,1,hBrgosYDi3oJ,0.9225646952345903,0.05183344550736341,0.8707312497272268,0.5000000000000001,True,correct,DBLP,43,True,correct
236,journals/vldb/ChienTZ02,True,1,j4wcclZqY0oJ,0.9788095161252209,0.18278490816823664,0.7960246079569843,0.5000000000000001,True,correct,DBLP,43,True,correct
237,conf/vldb/LuoN01,True,1,TRWSf77xoWsJ,0.9832338018589435,0.006562687168333818,0.9766711146906096,0.5000000000000001,True,correct,DBLP,43,True,correct
238,journals/sigmod/GriffinK98,True,2,Qvl2bcDAyqEJ,0.9901881249496111,0.5663467073253775,0.42384141762423355,0.5000000000000001,True,correct,DBLP,43,True,correct
239,conf/vldb/KeidlSSK02,True,2,dTval1yE6p8J,0.990000603480195,0.7541529155759116,0.23584768790428345,0.5000000000000001,True,correct,DBLP,43,True,correct
240,journals/sigmod/Gunther97,False,0,url:http://portal.acm.org/ft_gateway.cfm%3Fid%3D245888%26type%3Dpdf%26dl%3DGUIDE%26dl%3DACM%26CFID%3D11111111%26CFTOKEN%3D2222222,0.0026492439277394503,0.002384455188844297,0.00026478873889515314,0.5000000000000001,False,unmatched_abstention,DBLP,43,False,unmatched_abstention
241,conf/vldb/SizovGT03,True,1,UbQPXbPLMCAJ,0.9792125114710312,0.019946387148771536,0.9592661243222597,0.5000000000000001,True,correct,DBLP,43,True,correct
242,journals/sigmod/Suciu02,True,1,Ikk1rb4o66UJ,0.9901881403153058,0.017099047284554237,0.9730890930307515,0.5000000000000001,True,correct,DBLP,43,True,correct
243,conf/sigmod/ZhangRL96,True,17,hk9P76dJfcAJ,0.9902426417791675,0.9622994195186183,0.02794322226054924,0.5000000000000001,True,correct,DBLP,43,True,correct
244,conf/sigmod/CranorGJSS02,True,2,89Avc7qz9YoJ,0.9525951649565415,0.9390143302071454,0.013580834749396087,0.5000000000000001,True,correct,DBLP,43,True,correct
245,conf/vldb/BernsteinHSSZ97,True,3,L2c8XblCSicJ,0.9767246992612644,0.9461141420633724,0.030610557197891963,0.5000000000000001,True,correct,DBLP,43,True,correct
246,journals/sigmod/Segev94,False,0,ntqMqfgRXM4J,0.5942620283165686,0.551703364746889,0.04255866356967963,0.5000000000000001,True,false_link,DBLP,43,False,unmatched_abstention
247,journals/sigmod/GalianoM03,False,0,gIKwrx708HMJ,0.028451117058949784,0.01904016569163459,0.009410951367315193,0.5000000000000001,False,unmatched_abstention,DBLP,43,True,false_link
248,journals/sigmod/Snodgrass98,False,0,NHxHsUH9L5MJ,0.10905814913195368,0.06461165698845292,0.04444649214350076,0.5000000000000001,False,unmatched_abstention,DBLP,43,False,unmatched_abstention
249,journals/sigmod/Snodgrass01,False,0,NHxHsUH9L5MJ,0.0980147905454852,0.05777713487125111,0.040237655674234096,0.5000000000000001,False,unmatched_abstention,DBLP,43,False,unmatched_abstention
250,conf/vldb/Gawlick96,True,1,Y5OJk6_D-ZUJ,0.9857353020027508,0.001711588172341283,0.9840237138304095,0.5000000000000001,True,correct,DBLP,43,True,correct
251,conf/sigmod/KanthRSB99,True,2,yPFlbrVJFJoJ,0.9430246533372121,0.9086901837799225,0.03433446955728958,0.5000000000000001,True,correct,DBLP,43,True,correct
252,conf/sigmod/ChenR94,True,4,4Hhh-d__bksJ,0.9870815872657507,0.8739710651250329,0.11311052214071782,0.5000000000000001,True,correct,DBLP,43,True,correct
253,conf/sigmod/StoltePAG03,True,1,9WTNlminW6AJ,0.9887750941403659,0.0011636266625396764,0.9876114674778262,0.5000000000000001,True,correct,DBLP,43,True,correct
254,journals/sigmod/Halevy03,True,1,706PCMwA_E4J,0.990188128038454,0.0008665643129756128,0.9893215637254784,0.5000000000000001,True,correct,DBLP,43,True,correct
255,conf/sigmod/ChaudhuriDN01,True,2,qfohkpyTawoJ,0.9902426409933688,0.9490539663810664,0.041188674612302356,0.5000000000000001,True,correct,DBLP,43,True,correct
256,conf/vldb/Bayer95,True,1,W3l3pQ62_YMJ,0.9857352877273377,0.0022033533699688038,0.9835319343573689,0.5000000000000001,True,correct,DBLP,43,True,correct
257,conf/vldb/SteenhagenABB94,True,5,Xr2RguUzt-gJ,0.9712679611943277,0.7929141247069075,0.1783538364874202,0.5000000000000001,True,correct,DBLP,43,True,correct
258,journals/sigmod/Snodgrass03b,True,1,PmIVKWJ5_V4J,0.9901881379020427,0.0007475096876816364,0.9894406282143611,0.5000000000000001,True,correct,DBLP,43,True,correct
259,journals/vldb/C95c,False,0,A5OVJrr0UUoJ,0.0006334843104566447,0.0003585043932433705,0.0002749799172132742,0.5000000000000001,False,unmatched_abstention,DBLP,43,False,unmatched_abstention
260,conf/vldb/FukudaMMT96,True,1,B8_0dK37qcsJ,0.9842470409050481,0.1320073764313255,0.8522396644737226,0.5000000000000001,True,correct,DBLP,43,True,correct
261,journals/sigmod/TanK03,True,2,qIzj09N-Qr8J,0.9901881379020427,0.8553391460899453,0.13484899181209742,0.5000000000000001,True,correct,DBLP,43,True,correct
262,conf/sigmod/DewanSHH94,True,1,GUdXGx4blW8J,0.9875219334723088,0.03750779529786895,0.9500141381744398,0.5000000000000001,True,correct,DBLP,43,True,correct
263,journals/vldb/LinJF94,True,4,vmxFQL7lhKoJ,0.9810173378090035,0.9287399411447784,0.05227739666422504,0.5000000000000001,True,correct,DBLP,43,True,correct
264,conf/sigmod/CohenM03,True,1,bQv5hYB-JIEJ,0.957615780426995,0.0006536585744844249,0.9569621218525106,0.5000000000000001,True,correct,DBLP,43,True,correct
265,journals/sigmod/Finkelstein95,True,1,gbnxN3MpucMJ,0.9892728469924063,0.017850844338526173,0.9714220026538801,0.5000000000000001,True,correct,DBLP,43,True,correct
266,journals/sigmod/Lomet01,True,1,fI5o4MfWwzIJ,0.9901881233407668,0.005002038280776594,0.9851860850599902,0.5000000000000001,True,correct,DBLP,43,True,correct
267,conf/sigmod/BrinMUT97,True,13,swPpkmm8SdYJ,0.9809149800174639,0.9749708601397677,0.0059441198776961635,0.5000000000000001,True,correct,DBLP,43,True,correct
268,journals/sigmod/Franklin97b,False,0,ntqMqfgRXM4J,0.5610607894973305,0.4908847473194233,0.07017604217790724,0.5000000000000001,True,false_link,DBLP,43,False,unmatched_abstention
269,conf/sigmod/RafieiM97,True,8,url:http://www.csa.com/partners/viewrecord.php%3Frequester%3Dgs%26collection%3DTRD%26recid%3D0294143CI,0.9751729320140495,0.9605571870968743,0.01461574491717521,0.5000000000000001,True,correct,DBLP,43,True,correct
270,journals/vldb/ChangG01,True,1,hYu2nw263UoJ,0.9661103235993018,0.015587684607634345,0.9505226389916674,0.5000000000000001,True,correct,DBLP,43,True,correct
271,conf/sigmod/GreenwaldK01,True,2,8but_7FuryIJ,0.9902426264979829,0.27077730331017075,0.7194653231878121,0.5000000000000001,True,correct,DBLP,43,True,correct
272,journals/sigmod/BernsteinBCDFGGHHJLMNPSU98,True,6,Syu5W-3uFFAJ,0.9814655852934674,0.5718905446844628,0.4095750406090046,0.5000000000000001,True,correct,DBLP,43,True,correct
273,conf/sigmod/HernandezS95,True,5,CckDkmI4U3wJ,0.9817597198885963,0.9536456816869847,0.028114038201611624,0.5000000000000001,True,correct,DBLP,43,True,correct
274,journals/sigmod/CoxEH96,True,1,pqzGz7zfpDgJ,0.9633185824909668,0.014923230592286655,0.9483953518986802,0.5000000000000001,True,correct,DBLP,43,True,correct
275,conf/sigmod/ChoSG00,True,1,ilJdCU_qODkJ,0.9902426264979829,0.19611395099335777,0.7941286755046251,0.5000000000000001,True,correct,DBLP,43,True,correct
276,journals/sigmod/ChristoffelPSL98,True,4,yC3NWP247K8J,0.9677708931072972,0.9579796982816974,0.00979119482559987,0.5000000000000001,True,correct,DBLP,43,True,correct
277,journals/tods/TaoP03,True,1,faqaX7J_Kl8J,0.9863323767901384,0.006928046592345709,0.9794043301977927,0.5000000000000001,True,correct,DBLP,43,True,correct
278,conf/vldb/KietzRS97,True,1,L4k3lAWc-JgJ,0.9814053545478744,0.0011644773871460866,0.9802408771607283,0.5000000000000001,True,correct,DBLP,43,True,correct
279,conf/vldb/Chawathe99,True,3,1-mxxSvIMB8J,0.9683174954369145,0.8582274117484777,0.11009008368843676,0.5000000000000001,True,correct,DBLP,43,True,correct
280,conf/vldb/WuYCT95,True,2,A5s_U6Ixg3EJ,0.9717452060325482,0.3354996242666021,0.636245581765946,0.5000000000000001,True,correct,DBLP,43,True,correct
281,conf/vldb/BraumandlCK98,True,1,rH5VOr1x-a8J,0.9713119387897158,0.00848341972384563,0.9628285190658702,0.5000000000000001,True,correct,DBLP,43,True,correct
282,conf/vldb/RantzauCHM02,False,0,url:http://www.springerlink.com/index/P86160527882109L.pdf,0.0047414469138634474,0.0013756026890583927,0.0033658442248050546,0.5000000000000001,False,unmatched_abstention,DBLP,43,False,unmatched_abstention
283,conf/vldb/LeeLWS97,True,2,3k61gi_ld_UJ,0.9776152605110804,0.9391518190729239,0.0384634414381565,0.5000000000000001,True,correct,DBLP,43,True,correct
284,journals/vldb/SuHHHLWLPLL01,True,3,xcRKDHBIUb8J,0.9745879757325455,0.9079756063268225,0.06661236940572302,0.5000000000000001,True,correct,DBLP,43,True,correct
285,conf/vldb/BertinoBFS96,True,1,s0v9B-K8owEJ,0.985735279764223,0.7164511449944905,0.26928413476973256,0.5000000000000001,True,correct,DBLP,43,True,correct
286,journals/sigmod/Stacey95,True,2,rdXUggm5kg0J,0.9864497953734966,0.6377065496443286,0.34874324572916804,0.5000000000000001,True,correct,DBLP,43,True,correct
287,conf/sigmod/BunemanKTT02,True,1,cKIQyzazkYEJ,0.96187737128307,0.033948562872227354,0.9279288084108427,0.5000000000000001,True,correct,DBLP,43,True,correct
288,journals/sigmod/Dogac02,True,1,url:http://portal.acm.org/citation.cfm%3Fid%3D945721.945727%26coll%3DGUIDE%26dl%3DACM%26idx%3DJ689%26part%3Dperiodical%26WantType%3Dperiodical%26title%3DACM%2520SIGMOD%2520Record%26CFID%3D11111111%26CFTOKEN%3D2222222,0.5522750742716945,0.5518203650010383,0.00045470927065627276,0.5000000000000001,True,false_link,DBLP,43,False,missing_match
289,journals/sigmod/AbererCH02,True,2,ulDBbXl-6Q4J,0.976365564755618,0.5770021762739455,0.3993633884816725,0.5000000000000001,True,correct,DBLP,43,True,correct
290,conf/sigmod/RadekeBBEKKN95,True,2,bDN03rZhUQEJ,0.9797319651599422,0.4342351207916764,0.5454968443682657,0.5000000000000001,True,correct,DBLP,43,True,correct
291,journals/sigmod/DongS00,True,1,gH_HDDJghbAJ,0.9445292335427979,0.013150074169302488,0.9313791593734955,0.5000000000000001,True,correct,DBLP,43,True,correct
292,journals/sigmod/KlasS94,True,3,bViLh5-jVsAJ,0.9438081649460671,0.7369124231246238,0.20689574182144332,0.5000000000000001,True,correct,DBLP,43,True,correct
293,conf/vldb/TanSHCR01,True,2,hPcNG0tPwgIJ,0.9845959956795309,0.9149593049764075,0.0696366907031234,0.5000000000000001,True,correct,DBLP,43,True,correct
294,journals/tods/KarpSP03,True,1,mAQIVsd2VOMJ,0.9703836098711325,0.00568861264757007,0.9646949972235624,0.5000000000000001,True,correct,DBLP,43,True,correct
295,conf/vldb/CeriCW00,True,4,bDuu6x2n1tgJ,0.9753119346379537,0.937703419990144,0.03760851464780979,0.5000000000000001,True,correct,DBLP,43,True,correct
296,conf/vldb/Hallmark95,True,2,xTKZ6OuegIEJ,0.9850603268078673,0.5053863226873567,0.47967400412051053,0.5000000000000001,True,correct,DBLP,43,True,correct
297,journals/sigmod/BichlerSZ98,True,2,fQNdA5cjapAJ,0.9893063682192479,0.7016265332497433,0.28767983496950456,0.5000000000000001,True,correct,DBLP,43,True,correct
298,conf/vldb/HristidisGP03,True,1,B2rShDD99xwJ,0.9251086018536321,0.01738716514284693,0.9077214367107852,0.5000000000000001,True,correct,DBLP,43,True,correct
299,conf/vldb/MedianoCD94,True,1,qwjRkZuiMHsJ,0.939463204643907,0.000890304280586615,0.9385729003633204,0.5000000000000001,True,correct,DBLP,43,True,correct
300,journals/sigmod/LudwigG00,True,1,T7hbL2VkOhsJ,0.2989383776262615,0.00020993200940384207,0.2987284456168577,0.5000000000000001,False,missing_match,DBLP,43,True,correct
301,conf/vldb/OoiYTJ01,True,2,RFEE_MNM8IUJ,0.9868617598610521,0.9438366836959755,0.04302507616507656,0.5000000000000001,True,correct,DBLP,43,True,correct
302,journals/sigmod/CherniakV03,False,0,tOa0zXK5Ba4J,0.495905564099883,0.33792238848830125,0.15798317561158176,0.5000000000000001,False,unmatched_abstention,DBLP,43,True,false_link
303,conf/sigmod/Kennamer98,True,3,url:http://portal.acm.org/citation.cfm%3Fid%3D276304.276373%26dl%3Dportal%26dl%3DACM%26type%3Dseries%26idx%3D276304%26part%3DProceedings%26WantType%3DProceedings%26title%3DInternational%2520Conference%2520on%2520Management%2520of%2520Data%26CFID%3D11111111%26CFTOKEN%3D2222222,0.9870566809542511,0.9536543513970271,0.033402329557224,0.5000000000000001,True,correct,DBLP,43,True,correct
304,conf/vldb/GuPS00,True,2,mRWLGqueLNsJ,0.9768816391038984,0.7538383417278299,0.22304329737606843,0.5000000000000001,True,correct,DBLP,43,True,correct
305,conf/sigmod/AntonJLPZZ02,True,1,89P3EdEDuOEJ,0.9885739379325679,0.216684356385054,0.7718895815475139,0.5000000000000001,True,correct,DBLP,43,True,correct
306,journals/sigmod/BergamaschiCV99,True,3,4C9A2HGs4qsJ,0.9572105390897768,0.6308063546253658,0.326404184464411,0.5000000000000001,True,correct,DBLP,43,True,correct
307,journals/tods/ZaharioudakisCF97,True,2,naUCkadkOekJ,0.9837498284184945,0.2227943373045564,0.760955491113938,0.5000000000000001,True,correct,DBLP,43,True,correct
308,conf/vldb/AbiteboulABBNM03,True,1,TD1X4Bo-eYsJ,0.9792046157430537,0.008286268461974836,0.9709183472810788,0.5000000000000001,True,correct,DBLP,43,True,correct
309,journals/tods/ChrysanthisR94,True,1,q2yP1EWKhTcJ,0.9845709636841502,0.1366314393431909,0.8479395243409593,0.5000000000000001,True,correct,DBLP,43,True,correct
310,conf/sigmod/LamCKNH01,True,1,8hdQohffF48J,0.9452391081759199,0.000663804940159947,0.94457530323576,0.5000000000000001,True,correct,DBLP,43,True,correct
311,conf/sigmod/PatelD96,True,5,Y9z2OdhzSGQJ,0.913213102905634,0.9087183201511543,0.004494782754479676,0.5000000000000001,True,correct,DBLP,43,True,correct
312,conf/sigmod/RaoBG96,True,2,UmM1k4NoD2IJ,0.9772090462714136,0.21785002374886142,0.7593590225225522,0.5000000000000001,True,correct,DBLP,43,True,correct
313,conf/vldb/SteinbrunnPMK95,True,2,EPtaqugcCyMJ,0.9576585032788639,0.5827607578482916,0.3748977454305723,0.5000000000000001,True,correct,DBLP,43,True,correct
314,conf/sigmod/SlivinskasJS01,True,1,oAVbM_vepr8J,0.9874348659687612,0.0007818351239585175,0.9866530308448027,0.5000000000000001,True,correct,DBLP,43,True,correct
315,journals/sigmod/Kuijpers02,True,1,06Ut4zQ7xWQJ,0.3861868637365726,0.27917283434495116,0.10701402939162147,0.5000000000000001,False,missing_match,DBLP,43,True,false_link
316,conf/vldb/FuhDCMTLDRM99,True,1,nh2FuiC6fHgJ,0.9377445873642604,0.0018112454459206864,0.9359333419183397,0.5000000000000001,True,correct,DBLP,43,True,correct
317,conf/vldb/DiligentiCLGG00,True,1,XCP3p-Hk8bMJ,0.9844725711845507,0.0069369663349036085,0.9775356048496471,0.5000000000000001,True,correct,DBLP,43,True,correct
318,journals/tods/LiuM96,True,3,TNx5vnRHHxMJ,0.9811432559986802,0.7448261326135619,0.23631712338511834,0.5000000000000001,True,correct,DBLP,43,True,correct
319,journals/sigmod/Hammer00,True,1,url:http://portal.acm.org/ft_gateway.cfm%3Fid%3D601859%26type%3Dpdf%26dl%3DGUIDE%26dl%3DACM%26CFID%3D11111111%26CFTOKEN%3D2222222,0.6342309599055284,0.007902687059962842,0.6263282728455655,0.5000000000000001,True,correct,DBLP,43,True,correct
320,conf/vldb/TamuraK99,True,3,rAHGAfoqookJ,0.9849144513049747,0.960995086788134,0.023919364516840735,0.5000000000000001,True,correct,DBLP,43,True,correct
321,journals/vldb/Baumann94,True,1,2Yii02idzcUJ,0.9862840194097032,0.1549205144426613,0.8313635049670419,0.5000000000000001,True,correct,DBLP,43,True,correct
322,conf/sigmod/ThaperGIK02,True,4,PBwqFDIQ79UJ,0.9657068702074934,0.9652417035053173,0.00046516670217600087,0.5000000000000001,True,correct,DBLP,43,True,correct
323,journals/sigmod/Kemper02,False,0,kIKj9dGKjQgJ,0.0017599379431177094,0.0008739101666167005,0.000886027776501009,0.5000000000000001,False,unmatched_abstention,DBLP,43,False,unmatched_abstention
324,journals/vldb/TenienteO95,True,3,aC-8qspy24wJ,0.9587962235218455,0.917863024034225,0.04093319948762042,0.5000000000000001,True,correct,DBLP,43,True,correct
325,conf/vldb/AboulnagaAN01,True,2,OBbDFGQNEDQJ,0.9817503623866392,0.9390124101089936,0.04273795227764554,0.5000000000000001,True,correct,DBLP,43,True,correct
326,conf/sigmod/AltinelLKMPLWB02,True,2,HtYTQ-fN8ccJ,0.9785198906851285,0.9083666127208755,0.07015327796425297,0.5000000000000001,True,correct,DBLP,43,True,correct
327,journals/vldb/WangW01,True,1,4eHVZHcQvdMJ,0.9840916927157323,0.0028583158107729437,0.9812333769049594,0.5000000000000001,True,correct,DBLP,43,True,correct
328,conf/vldb/KnorrN98,True,6,gQVLY8V1hekJ,0.9766206096067355,0.9160747651822594,0.06054584442447608,0.5000000000000001,True,correct,DBLP,43,True,correct
329,conf/vldb/NishioSTTL01,True,1,S30IXg4ClFIJ,0.9651292475256368,0.003954011589100084,0.9611752359365366,0.5000000000000001,True,correct,DBLP,43,True,correct
330,conf/sigmod/Perna95,True,1,url:http://portal.acm.org/ft_gateway.cfm%3Fid%3D223872%26type%3Dpdf%26dl%3DGUIDE%26dl%3DACM%26CFID%3D11111111%26CFTOKEN%3D2222222,0.9612499199802577,0.0033378763183179237,0.9579120436619397,0.5000000000000001,True,correct,DBLP,43,True,correct
331,conf/vldb/NicklasGS03,True,1,zApMW7wX5-AJ,0.9748926967326226,0.0007633222185918061,0.9741293745140308,0.5000000000000001,True,correct,DBLP,43,True,correct
332,journals/vldb/KamelWS94,True,1,tYBrsGkj1a0J,0.9804417280322384,0.0008927115839800348,0.9795490164482583,0.5000000000000001,True,correct,DBLP,43,True,correct
333,conf/sigmod/HinneburgK99,True,3,C9imFvgrSvAJ,0.9882693027949924,0.9648154981614331,0.023453804633559283,0.5000000000000001,True,correct,DBLP,43,True,correct
334,conf/sigmod/HammerGNYBV97,True,9,t9nmZzSMVAAJ,0.9620694259711123,0.9416047185359762,0.020464707435136176,0.5000000000000001,True,correct,DBLP,43,True,correct
335,conf/vldb/Hamilton99,True,1,_zPTedzhFhQJ,0.990000603077648,0.005562227963656815,0.9844383751139912,0.5000000000000001,True,correct,DBLP,43,True,correct
336,journals/vldb/AgrawalHK03,True,1,NDKJPUgy_K4J,0.9855772431230814,0.32233077373881514,0.6632464693842662,0.5000000000000001,True,correct,DBLP,43,True,correct
337,conf/vldb/BonifatiCDS01,True,1,tCrfb27dXiwJ,0.9833773343661167,0.004188552609842203,0.9791887817562746,0.5000000000000001,True,correct,DBLP,43,True,correct
338,conf/vldb/OzdenGHNSDGGW01,True,2,url:http://portal.acm.org/citation.cfm%3Fid%3D645927.672352,0.9617891148670416,0.872191549025054,0.08959756584198753,0.5000000000000001,True,correct,DBLP,43,True,correct
339,conf/sigmod/RundensteinerKZWLLN99,True,1,2XRfNjwuDrsJ,0.9787884525350601,0.16569912028445358,0.8130893322506065,0.5000000000000001,True,correct,DBLP,43,True,correct
340,journals/sigmod/Ritter98,True,1,mzqmEYGGT_IJ,0.9901881249496111,0.36086031136008284,0.6293278135895282,0.5000000000000001,True,correct,DBLP,43,True,correct
341,journals/sigmod/Ioannidis96,True,1,IgQsVaud8BIJ,0.9892728409826036,0.054429164531961526,0.934843676450642,0.5000000000000001,True,correct,DBLP,43,True,correct
342,conf/sigmod/KiesslingHFE01,True,2,tNzM8E3W2K4J,0.9577076023719946,0.8862527300216343,0.0714548723503603,0.5000000000000001,True,correct,DBLP,43,True,correct
343,conf/sigmod/KrishnanVI96,True,1,8tFA4ENYqKQJ,0.9894199457921267,0.003017527022174165,0.9864024187699525,0.5000000000000001,True,correct,DBLP,43,True,correct
344,journals/sigmod/BohmR94,True,2,GXApzwcGl78J,0.9799437282091663,0.2590031468869275,0.7209405813222388,0.5000000000000001,True,correct,DBLP,43,True,correct
345,conf/sigmod/BumbulisB02,True,1,Ev27auQiecUJ,0.949524611968864,0.11900658716236756,0.8305180248064964,0.5000000000000001,True,correct,DBLP,43,True,correct
346,conf/vldb/WeberSB98,True,5,6D0Qt6Sjp8cJ,0.9873973957229586,0.9751875561681914,0.012209839554767177,0.5000000000000001,True,correct,DBLP,43,True,correct
347,journals/vldb/MedjahedBE03,True,2,YqXx_xeZE2gJ,0.9833731771117208,0.15904092175504808,0.8243322553566728,0.5000000000000001,True,correct,DBLP,43,True,correct
348,conf/sigmod/MogiK96,True,3,hxWB8uQMCdgJ,0.9768820927414708,0.8967651473634976,0.0801169453779732,0.5000000000000001,True,correct,DBLP,43,True,correct
349,conf/sigmod/MeccaAMMS98,True,3,v2KwhRi-OrMJ,0.9675543398174181,0.9609417406106264,0.006612599206791692,0.5000000000000001,True,correct,DBLP,43,True,correct
350,conf/sigmod/Team95a,True,1,P-jrIizJxEgJ,0.3764060310738582,0.0017536892225149803,0.3746523418513433,0.5000000000000001,False,missing_match,DBLP,43,True,correct
351,conf/vldb/Pound99,True,1,zWp_JdEQ8MgJ,0.9857352820926777,0.00025503671291747835,0.9854802453797602,0.5000000000000001,True,correct,DBLP,43,True,correct
352,journals/sigmod/BunemanRU97,True,3,5qg4BNiroqMJ,0.9886296558843061,0.909832215584184,0.07879744030012203,0.5000000000000001,True,correct,DBLP,43,True,correct
353,conf/vldb/Sterling98,True,1,LlP2Fn3bzUMJ,0.9857352820926777,0.3851524124658921,0.6005828696267856,0.5000000000000001,True,correct,DBLP,43,True,correct
354,conf/sigmod/GravanoCGP97,True,8,PsoYENGEh9cJ,0.9734118939604135,0.940209079475174,0.03320281448523954,0.5000000000000001,True,correct,DBLP,43,True,correct
355,journals/sigmod/ClementLGMK97,True,2,J7Y20fYLGbcJ,0.9901881288428759,0.777217614763459,0.21297051407941692,0.5000000000000001,True,correct,DBLP,43,True,correct
356,conf/vldb/Ramaswamy00,False,0,AYqgaR3tudgJ,0.0012559086891038782,0.0005597760692641245,0.0006961326198397537,0.5000000000000001,False,unmatched_abstention,DBLP,43,False,unmatched_abstention
357,journals/sigmod/HalkidiBV02a,True,1,SFs0XOMPphIJ,0.985264923837315,0.9712886056238395,0.013976318213475558,0.5000000000000001,True,correct,DBLP,43,True,correct
358,conf/sigmod/ShanmugasundaramNSR99,True,6,eQjFv7QxsQQJ,0.9816238773324075,0.8950588563492763,0.08656502098313124,0.5000000000000001,True,correct,DBLP,43,True,correct
359,journals/vldb/LeeW94,True,1,KPU-guH7cCkJ,0.9816365954308021,0.35129501759107257,0.6303415778397294,0.5000000000000001,True,correct,DBLP,43,True,correct
360,conf/sigmod/ChangC01,True,2,BGagLieYacQJ,0.9085029871108955,0.6753255437465923,0.23317744336430324,0.5000000000000001,True,correct,DBLP,43,True,correct
361,journals/vldb/NguSHL01,True,1,djYvVVRYNTwJ,0.9757428378000902,0.09846166278853817,0.877281175011552,0.5000000000000001,True,correct,DBLP,43,True,correct
362,journals/sigmod/YeungHL94,True,1,yQv94p3tE1IJ,0.9901881249496111,0.1518407977510183,0.8383473271985927,0.5000000000000001,True,correct,DBLP,43,True,correct
363,conf/sigmod/ChawatheG97,True,3,oHUiSrycKdgJ,0.953800760280772,0.9440641361078577,0.009736624172914321,0.5000000000000001,True,correct,DBLP,43,True,correct
364,conf/sigmod/YerneniLGU99,True,5,hnMltY0uSf0J,0.9902426335698246,0.9594987089018553,0.03074392466796927,0.5000000000000001,True,correct,DBLP,43,True,correct
365,conf/sigmod/IvesFFLW99,True,4,yrnhcMqsUVoJ,0.9891955864057055,0.9509797101924224,0.03821587621328304,0.5000000000000001,True,correct,DBLP,43,True,correct
366,journals/sigmod/BorgidaCS98,True,2,iPbD7vPHzgYJ,0.5321126190826184,0.10536152119349862,0.4267510978891198,0.5000000000000001,True,correct,DBLP,43,True,correct
367,journals/sigmod/FengJH01,True,1,SUT-QTwqFNkJ,0.9894535883499525,0.003485942012228406,0.985967646337724,0.5000000000000001,True,correct,DBLP,43,True,correct
368,conf/vldb/GallersdorferN95,True,1,U8jfPCxfXicJ,0.8723545083514723,0.0023867968044536526,0.8699677115470187,0.5000000000000001,True,correct,DBLP,43,True,correct
369,journals/sigmod/RossAKSSY00,False,0,tOa0zXK5Ba4J,0.512727548925674,0.4418136484093477,0.07091390051632623,0.5000000000000001,True,false_link,DBLP,43,True,false_link
370,journals/tods/ChakrabartiKMP02,True,4,eHY42LnL_lsJ,0.9863323725042336,0.9721756646922222,0.014156707812011393,0.5000000000000001,True,correct,DBLP,43,True,correct
371,journals/sigmod/Snodgrass00,False,0,NHxHsUH9L5MJ,0.10381758019630986,0.06135978131797197,0.04245779887833789,0.5000000000000001,False,unmatched_abstention,DBLP,43,False,unmatched_abstention
372,conf/vldb/HalversonBKKRTVWND03,True,1,oR7DmJ9JJDYJ,0.9722574065215244,0.015840852286953217,0.9564165542345712,0.5000000000000001,True,correct,DBLP,43,True,correct
373,journals/sigmod/ShethM02,True,2,B_axrPz8j5EJ,0.9782657622406713,0.07625465517518763,0.9020111070654837,0.5000000000000001,True,correct,DBLP,43,True,correct
374,conf/vldb/Faloutsos02,False,0,7-VkshLsSwoJ,0.0025259212984198543,0.0018275383158415557,0.0006983829825782987,0.5000000000000001,False,unmatched_abstention,DBLP,43,False,unmatched_abstention
375,journals/vldb/FuCCM00,True,1,7kC8fo78d6sJ,0.9809708082475495,0.0033609491646524165,0.977609859082897,0.5000000000000001,True,correct,DBLP,43,True,correct
376,conf/vldb/FernandezSCMS03,True,2,sn_R4N1q2SwJ,0.9857352785999955,0.8229347814331137,0.16280049716688183,0.5000000000000001,True,correct,DBLP,43,True,correct
377,conf/sigmod/Gal00,True,2,i6QOOOYvOqQJ,0.5187158819722428,0.31029282940773323,0.2084230525645096,0.5000000000000001,True,correct,DBLP,43,True,correct
378,journals/tods/Jimenez-PerisPAK03,True,2,yj7oLWfPR4gJ,0.9851559790558436,0.8755099677958554,0.10964601125998819,0.5000000000000001,True,correct,DBLP,43,True,correct
379,conf/vldb/GraefeBC98,True,1,v-kvo2hnsgkJ,0.9900005974714438,0.029321458578912163,0.9606791388925315,0.5000000000000001,True,correct,DBLP,43,True,correct
380,journals/tods/FernandezKSMT02,True,1,ckrgSn0vBOMJ,0.9821851207326331,0.010380992441597956,0.9718041282910351,0.5000000000000001,True,correct,DBLP,43,True,correct
381,conf/vldb/MaedaT01,True,1,dipeGpTdsoQJ,0.985735279764223,0.008239991877347102,0.9774952878868759,0.5000000000000001,True,correct,DBLP,43,True,correct
382,journals/sigmod/Ouksel02,True,1,url:http://portal.acm.org/citation.cfm%3Fid%3D565117.565131%26dl%3DGUIDE%26dl%3DACM%26idx%3DJ689%26part%3Dperiodical%26WantType%3Dperiodical%26title%3DACM%2520SIGMOD%2520Record%26CFID%3D11111111%26CFTOKEN%3D2222222,0.1167694755513785,0.0062521658289553216,0.11051730972242317,0.5000000000000001,False,missing_match,DBLP,43,True,correct
383,conf/vldb/GarofalakisG02,True,4,YkSTcehl8o4J,0.4001891834212651,0.3457955704185145,0.054393613002750585,0.5000000000000001,False,missing_match,DBLP,43,True,correct
384,journals/vldb/KraissW98,True,3,LMz7v87sxxYJ,0.986284030901276,0.9630712688395865,0.02321276206168954,0.5000000000000001,True,correct,DBLP,43,True,correct
385,conf/vldb/CasatiDGS01,True,2,XQw3ADYCXdcJ,0.948609899955269,0.9483691135607808,0.0002407863944882127,0.5000000000000001,True,correct,DBLP,43,True,correct
386,journals/sigmod/Manola98,True,2,VIjfH9f94xkJ,0.9901881403153058,0.8152681667710472,0.1749199735442586,0.5000000000000001,True,correct,DBLP,43,True,correct
387,journals/tods/GhandeharizadehHJ96,True,3,axMI0TqrxxQJ,0.9569801191746291,0.9436838268042805,0.013296292370348572,0.5000000000000001,True,correct,DBLP,43,True,correct
388,conf/sigmod/GeneserethKD97,True,3,2Nl65Vp7bxUJ,0.9328331483808163,0.9197953958366837,0.013037752544132641,0.5000000000000001,True,correct,DBLP,43,True,correct
389,conf/vldb/ArionBCDMP03,True,2,CzpCERFYBikJ,0.9554210036191412,0.9304851671348815,0.024935836484259677,0.5000000000000001,True,correct,DBLP,43,True,correct
390,conf/sigmod/ClaypoolRZSK01,True,1,1VWOXPII9HUJ,0.8253497985039946,0.0026311394774957177,0.8227186590264989,0.5000000000000001,True,correct,DBLP,43,True,correct
391,journals/sigmod/NgH95,True,2,url:http://portal.acm.org/citation.cfm%3Fid%3D202660.202665%26dl%3DGUIDE%26dl%3DACM%26idx%3DJ689%26part%3Dperiodical%26WantType%3Dperiodical%26title%3DACM%2520SIGMOD%2520Record%26CFID%3D11111111%26CFTOKEN%3D2222222,0.9892728409826036,0.6144106898320685,0.3748621511505351,0.5000000000000001,True,correct,DBLP,43,True,correct
392,conf/sigmod/PapadiasTSE95,True,2,PogZLKV_bIsJ,0.9708160674037208,0.8069225117644219,0.16389355563929897,0.5000000000000001,True,correct,DBLP,43,True,correct
393,conf/sigmod/HanWDPW02,True,2,nwWpGh3Mx7MJ,0.9559881056634766,0.7293789151740565,0.22660919048942008,0.5000000000000001,True,correct,DBLP,43,True,correct
394,journals/sigmod/AtzeniMM97,True,4,Hdq-Mlh3fcMJ,0.9792238438893915,0.9082560795204663,0.07096776436892527,0.5000000000000001,True,correct,DBLP,43,True,correct
395,conf/sigmod/GunopulosKTD00,True,2,ASfROcKWFmgJ,0.9898528911682205,0.9639636889423958,0.025889202225824692,0.5000000000000001,True,correct,DBLP,43,True,correct
396,conf/vldb/AgrawalK02,True,4,4weou-KgkM8J,0.990000597873991,0.958077342361688,0.03192325551230302,0.5000000000000001,True,correct,DBLP,43,True,correct
397,conf/sigmod/KiepuszewskiMO98,True,5,T3Zm8WKD_FYJ,0.9822973773397787,0.9318034696140907,0.05049390772568807,0.5000000000000001,True,correct,DBLP,43,True,correct
398,conf/sigmod/KriegelMPS01,True,1,tsPOU-H3A94J,0.8679789611304163,0.0034510367558755425,0.8645279243745407,0.5000000000000001,True,correct,DBLP,43,True,correct
399,conf/sigmod/MoonWH02,True,1,rlfxeE4k2p4J,0.9865776873172006,0.0606522760105472,0.9259254113066534,0.5000000000000001,True,correct,DBLP,43,True,correct
400,conf/sigmod/MoleskyR95,True,2,u03oQbB0y-oJ,0.9843835435662632,0.10399376304068758,0.8803897805255756,0.5000000000000001,True,correct,DBLP,43,True,correct
401,journals/sigmod/KuokFW98,True,4,3oLpUbHFATsJ,0.9165361812679755,0.6702446293087387,0.2462915519592368,0.5000000000000001,True,correct,DBLP,43,True,correct
402,journals/vldb/HarderR96,True,1,pWXIPx5lA7gJ,0.9345469139221599,0.0015884693725116454,0.9329584445496483,0.5000000000000001,True,correct,DBLP,43,True,correct
403,journals/sigmod/Segev94b,False,0,C84rFQN_ug0J,0.0640798920237865,0.06273374736650131,0.001346144657285192,0.5000000000000001,False,unmatched_abstention,DBLP,43,False,unmatched_abstention
404,conf/vldb/AbrolLMMMRTWZ01,True,1,w9Ma-YjZHYkJ,0.9748875029730639,0.0008054649811341689,0.9740820379919297,0.5000000000000001,True,correct,DBLP,43,True,correct
405,journals/tods/CliffordC94,True,4,OY6BjHhbz2cJ,0.9861541091450976,0.8974284670483841,0.08872564209671352,0.5000000000000001,True,correct,DBLP,43,True,correct
406,conf/sigmod/LabioWGG00,True,1,EhR3fz7f7vcJ,0.9897522172394526,0.24551431278189784,0.7442379044575548,0.5000000000000001,True,correct,DBLP,43,True,correct
407,conf/vldb/Mina98,True,2,ButmJWjGXusJ,0.9893878915840578,0.3545856363020873,0.6348022552819705,0.5000000000000001,True,correct,DBLP,43,True,correct
408,journals/sigmod/RossAA02,False,0,tOa0zXK5Ba4J,0.6327477574367635,0.38680100465914197,0.2459467527776215,0.5000000000000001,True,false_link,DBLP,43,True,false_link
409,journals/vldb/OzsuPSILM95,True,5,gld2wLKYWpsJ,0.93718008430034,0.7965679246346554,0.14061215966568463,0.5000000000000001,True,correct,DBLP,43,True,correct
410,conf/sigmod/BerchtoldBBKK97,True,1,BMkGN7AiGhYJ,0.9106715645949617,0.038515752054712804,0.8721558125402489,0.5000000000000001,True,correct,DBLP,43,True,correct
411,conf/vldb/Klots96,True,1,dTORuW_9YRoJ,0.985735279764223,0.015755040109256734,0.9699802396549663,0.5000000000000001,True,correct,DBLP,43,True,correct
412,conf/vldb/BaralisW94,True,2,q-td2YANr18J,0.985735304331202,0.9264846024848641,0.05925070184633796,0.5000000000000001,True,correct,DBLP,43,True,correct
413,journals/sigmod/DunhamH95,False,0,ShXp0F0h7Z4J,0.003195095932866616,0.002490147994164209,0.0007049479387024071,0.5000000000000001,False,unmatched_abstention,DBLP,43,False,unmatched_abstention
414,conf/sigmod/RaoR98,True,3,WlSXiMaxGlQJ,0.9878743723135256,0.9715208486470096,0.01635352366651599,0.5000000000000001,True,correct,DBLP,43,True,correct
415,journals/tods/KossmannFDA00,True,1,8tDPAHGDRggJ,0.9851209165105405,0.0007645255913034542,0.984356390919237,0.5000000000000001,True,correct,DBLP,43,True,correct
416,conf/sigmod/RossSS96,True,1,iurxdvB6oLAJ,0.8823376771904844,0.0034121635560515483,0.8789255136344328,0.5000000000000001,True,correct,DBLP,43,True,correct
417,journals/sigmod/ChangGKRS98,True,2,url:http://portal.acm.org/ft_gateway.cfm%3Fid%3D290607%26type%3Dpdf%26dl%3Dportal%26dl%3DACM%26CFID%3D11111111%26CFTOKEN%3D2222222,0.9872046270587489,0.6784052874979363,0.3087993395608126,0.5000000000000001,True,correct,DBLP,43,True,correct
418,conf/sigmod/KaushikBNK02,True,2,xJQAjLzvlB0J,0.8462007303577914,0.8328868378010149,0.013313892556776508,0.5000000000000001,True,correct,DBLP,43,True,correct
419,conf/sigmod/2003,False,0,GbKwENZEG40J,0.0012153801881060785,0.00010237475532898204,0.0011130054327770965,0.5000000000000001,False,unmatched_abstention,DBLP,43,False,unmatched_abstention
420,conf/vldb/YuV00,True,2,43N2r_SuYccJ,0.9900006174973092,0.5434779385355525,0.4465226789617567,0.5000000000000001,True,correct,DBLP,43,True,correct
421,journals/tods/TaoSP03,True,1,FBp7oibu4ygJ,0.986332369429811,0.10391416892001122,0.8824182005097997,0.5000000000000001,True,correct,DBLP,43,True,correct
422,conf/sigmod/Carey00,True,3,x6n6Ev8WnhEJ,0.9185205689623294,0.8965318413025635,0.021988727659765894,0.5000000000000001,True,correct,DBLP,43,True,correct
423,conf/sigmod/ZhaoDN97,True,3,YwLoGdTgG-sJ,0.9879180722607231,0.9324161479823996,0.05550192427832357,0.5000000000000001,True,correct,DBLP,43,True,correct
424,journals/sigmod/Winslett01a,False,0,url:http://www.csa.com/partners/viewrecord.php%3Frequester%3Dgs%26collection%3DTRD%26recid%3D0309614CI,0.00029997363958509965,0.0002963286017388985,3.645037846201145e-06,0.5000000000000001,False,unmatched_abstention,DBLP,43,False,unmatched_abstention
425,journals/tods/BrightHP94,True,2,BHvvo_nJxucJ,0.9684040434506284,0.6449531772332877,0.32345086621734065,0.5000000000000001,True,correct,DBLP,43,True,correct
426,conf/vldb/AksoyZF01,True,2,A92KQRVdZaoJ,0.9842478708183457,0.8164184272137619,0.16782944360458385,0.5000000000000001,True,correct,DBLP,43,True,correct
427,journals/vldb/DerrMP94,True,2,a-QMCFr5yJYJ,0.9836169555368107,0.34714513045753004,0.6364718250792807,0.5000000000000001,True,correct,DBLP,43,True,correct
428,conf/vldb/ChungCLL01,True,1,mJiDvbtTKWoJ,0.980517049493916,0.11002905958414379,0.8704879899097723,0.5000000000000001,True,correct,DBLP,43,True,correct
429,journals/tods/EiterGM97,True,1,WXWcO2ulDQUJ,0.9863323705459821,0.5952433471141767,0.3910890234318054,0.5000000000000001,True,correct,DBLP,43,True,correct
430,conf/vldb/DarEGP98,True,1,D6gxih90YU4J,0.990000597873991,0.7193129887076504,0.2706876091663406,0.5000000000000001,True,correct,DBLP,43,True,correct
431,conf/sigmod/AggarwalPWYP99,True,2,G3dX_RTA26MJ,0.9855979537124112,0.7928302705796151,0.19276768313279613,0.5000000000000001,True,correct,DBLP,43,True,correct
432,journals/vldb/VerykiosME03,True,1,khdP4spNnPoJ,0.976365717056425,0.002343231299485385,0.9740224857569396,0.5000000000000001,True,correct,DBLP,43,True,correct
433,conf/vldb/IoannidisLGP96,True,4,U04OC6OSBT0J,0.9795369302740814,0.9452788487576835,0.034258081516397865,0.5000000000000001,True,correct,DBLP,43,True,correct
434,journals/sigmod/Grohe02,True,2,jzwiskpRLOUJ,0.9901881304517194,0.5387032113509566,0.4514849191007628,0.5000000000000001,True,correct,DBLP,43,True,correct
435,conf/sigmod/DattaDRTV01,True,2,qK-N8yVLSWUJ,0.987556763248849,0.8706139277582358,0.11694283549061324,0.5000000000000001,True,correct,DBLP,43,True,correct
436,conf/vldb/GionisIM99,True,4,A8rGBQif7MIJ,0.9900006131278463,0.9626279977121555,0.027372615415690804,0.5000000000000001,True,correct,DBLP,43,True,correct
437,conf/vldb/AbiteboulBMMW02,True,4,mm3mXWb8QS0J,0.9861828403829284,0.9656230215254027,0.02055981885752567,0.5000000000000001,True,correct,DBLP,43,True,correct
438,journals/tods/IoannidisR95,True,1,TJDMWbCXMtgJ,0.9822231188045617,0.009749314032333867,0.9724738047722279,0.5000000000000001,True,correct,DBLP,43,True,correct
439,journals/sigmod/DoanPK95,True,1,c0TSepqRwwMJ,0.9862578738029946,0.000587597073705788,0.9856702767292888,0.5000000000000001,True,correct,DBLP,43,True,correct
440,conf/sigmod/FlorescuLMS99,True,2,h0uuqAstOPUJ,0.9805153759637585,0.9588209042242701,0.021694471739488352,0.5000000000000001,True,correct,DBLP,43,True,correct
441,conf/sigmod/ChangBCLLS00,True,2,bqtRaOoJ87AJ,0.9869676256330208,0.9564119716444235,0.030555653988597276,0.5000000000000001,True,correct,DBLP,43,True,correct
442,conf/sigmod/GangulyGMS96,True,2,05ZgvGyhSC0J,0.9897012680348629,0.6000978081034318,0.3896034599314311,0.5000000000000001,True,correct,DBLP,43,True,correct
443,journals/sigmod/RoddickABDEGHLMMMW00,True,2,eA8gNVxHRJ4J,0.9826819936036867,0.9518101790938606,0.030871814509826123,0.5000000000000001,True,correct,DBLP,43,True,correct
444,conf/sigmod/ShatdalN95,True,1,nbU59lK7JJYJ,0.9888340846743146,0.018623715239761945,0.9702103694345526,0.5000000000000001,True,correct,DBLP,43,True,correct
445,conf/sigmod/GangulyGR03,True,1,Di-EjDZ_abYJ,0.9879947822078973,0.4147112870391031,0.5732834951687942,0.5000000000000001,True,correct,DBLP,43,True,correct
446,conf/sigmod/CasatiS01,True,2,7H9j9z0x_3UJ,0.5106783937143743,0.21718541129841495,0.29349298241595934,0.5000000000000001,True,correct,DBLP,43,True,correct
447,conf/sigmod/BlakeleyD00,True,2,ZSR-MThg9UEJ,0.41542529655471,0.09883448894373228,0.3165908076109777,0.5000000000000001,False,missing_match,DBLP,43,True,correct
448,conf/sigmod/KrishnamurthyBN99,True,1,qS4jhfgPbm8J,0.9902426280979785,0.005375961452578571,0.9848666666453999,0.5000000000000001,True,correct,DBLP,43,True,correct
449,conf/sigmod/NgLHM99,True,1,YemauUgIzlcJ,0.988658297124379,0.3673930029125436,0.6212652942118354,0.5000000000000001,True,correct,DBLP,43,True,correct
450,conf/sigmod/RoussopoulosKS99,False,0,Mg0A5yz-_wYJ,0.043705761703822954,0.007711133870707525,0.035994627833115425,0.5000000000000001,False,unmatched_abstention,DBLP,43,False,unmatched_abstention
451,conf/sigmod/NazeriBO01,True,1,2E9I_lugGC4J,0.9562186065393501,0.15746846139151682,0.7987501451478333,0.5000000000000001,True,correct,DBLP,43,True,correct
452,journals/sigmod/Bhashyam96,True,1,url:http://portal.acm.org/ft_gateway.cfm%3Fid%3D245908%26type%3Dpdf%26dl%3DGUIDE%26dl%3DACM%26CFID%3D11111111%26CFTOKEN%3D2222222,0.8599924797716256,0.00020706014913439804,0.8597854196224912,0.5000000000000001,True,correct,DBLP,43,True,correct
453,conf/sigmod/LoR96,True,2,em5eiGpRZFkJ,0.9542841248944598,0.45570569971427927,0.49857842518018053,0.5000000000000001,True,correct,DBLP,43,True,correct
454,conf/sigmod/WolfsonSXZC99,True,5,vwdWTx0dk7QJ,0.9526600806561019,0.9360017750711157,0.016658305584986155,0.5000000000000001,True,correct,DBLP,43,True,correct
455,conf/sigmod/KrollW94,True,4,zd_8s13rNRoJ,0.9744729364699416,0.917140766496145,0.05733216997379664,0.5000000000000001,True,correct,DBLP,43,True,correct
456,conf/vldb/AgrawalPWZ95,True,7,x_ykbVlfyP8J,0.9800955563632997,0.8599567415810259,0.12013881478227384,0.5000000000000001,True,correct,DBLP,43,True,correct
457,conf/sigmod/KotidisR99,True,5,qzjtGDo7OuMJ,0.9902426433791606,0.9529090998733389,0.03733354350582163,0.5000000000000001,True,correct,DBLP,43,True,correct
458,journals/tods/FranklinCL97,True,2,vqboZ3T4n4AJ,0.9386865016419678,0.1930950526934976,0.7455914489484702,0.5000000000000001,True,correct,DBLP,43,True,correct
459,conf/sigmod/DarEGP98,True,1,ewnL82c8kiMJ,0.9902426433791606,0.7176430069134562,0.2725996364657044,0.5000000000000001,True,correct,DBLP,43,True,correct
460,conf/sigmod/MaheshwariL97,True,3,VcVAYDLTty8J,0.9584186137981228,0.9065687594712671,0.05184985432685563,0.5000000000000001,True,correct,DBLP,43,True,correct
461,conf/sigmod/LuMSS95,True,1,Kk87yanaI1AJ,0.9708169700621251,0.028662095394384225,0.9421548746677408,0.5000000000000001,True,correct,DBLP,43,True,correct
462,journals/vldb/MirbelPSTV00,True,1,tUEcojf_6BUJ,0.9840394445786745,0.4131916294650466,0.5708478151136279,0.5000000000000001,True,correct,DBLP,43,True,correct
463,conf/vldb/BasuFP00,False,0,url:http://portal.acm.org/ft_gateway.cfm%3Fid%3D1007674%26type%3Dpdf,0.002573424615173715,0.0021415501974157256,0.0004318744177579893,0.5000000000000001,False,unmatched_abstention,DBLP,43,False,unmatched_abstention
464,conf/vldb/FlorescuKLP97,True,1,-Zb4WBd1aNUJ,0.9820727984719304,0.01161755079791593,0.9704552476740145,0.5000000000000001,True,correct,DBLP,43,True,correct
465,conf/vldb/AilamakiDHW99,True,2,-mTrpy_n8PYJ,0.9441443030812777,0.2886617213989782,0.6554825816822996,0.5000000000000001,True,correct,DBLP,43,True,correct
466,journals/sigmod/Kosch02,True,1,_avm808LQocJ,0.9901881375642547,0.47684861904353804,0.5133395185207167,0.5000000000000001,True,correct,DBLP,43,True,correct
467,conf/vldb/WildfogelY97,True,1,uqYakLN84x0J,0.9857352757826641,0.000875289929690304,0.9848599858529737,0.5000000000000001,True,correct,DBLP,43,True,correct
468,conf/vldb/HelmerWM98,True,2,5ipPVLRhDqoJ,0.9900006131278463,0.6869124521423509,0.3030881609854954,0.5000000000000001,True,correct,DBLP,43,True,correct
469,conf/vldb/HankinsP03,True,1,NsxXW_CvQpkJ,0.9802281012165026,0.0019284026566263235,0.9782996985598763,0.5000000000000001,True,correct,DBLP,43,True,correct
470,conf/sigmod/AtzeniT97,True,3,i2LI1TWifbYJ,0.9902426264979829,0.9694657939898526,0.02077683250813034,0.5000000000000001,True,correct,DBLP,43,True,correct
471,conf/sigmod/GuptaMR95,True,4,ELtcV7mOQDgJ,0.9719801851664205,0.836162238423468,0.13581794674295244,0.5000000000000001,True,correct,DBLP,43,True,correct
472,conf/vldb/ShahDR03,True,3,Zlk6Tn-sPxwJ,0.9626123554488863,0.8804871225209474,0.08212523292793894,0.5000000000000001,True,correct,DBLP,43,True,correct
473,conf/vldb/GarofalakisG01,True,3,rcSfDxBif40J,0.9682523303929184,0.9626299295554851,0.005622400837433261,0.5000000000000001,True,correct,DBLP,43,True,correct
474,conf/vldb/GehrkeRG98,True,2,hobnzQKRlK4J,0.9608074187351214,0.9157689606613141,0.04503845807380735,0.5000000000000001,True,correct,DBLP,43,True,correct
475,conf/sigmod/GebhardtJJ97,True,3,9mbr0dyW1NgJ,0.9839215787939882,0.9275955051392262,0.056326073654762054,0.5000000000000001,True,correct,DBLP,43,True,correct
476,journals/sigmod/ErdurD02,True,1,9OcrAEypDhMJ,0.9765113383097518,0.01733154827759933,0.9591797900321525,0.5000000000000001,True,correct,DBLP,43,True,correct
477,conf/vldb/ZellerK02,True,1,UIWreKZndVQJ,0.9887237386202051,0.002235456510662842,0.9864882821095423,0.5000000000000001,True,correct,DBLP,43,True,correct
478,journals/tods/TariSS97,True,3,wGAAD7CTrnMJ,0.9863323705459821,0.9661620343660127,0.02017033617996944,0.5000000000000001,True,correct,DBLP,43,True,correct
479,journals/vldb/C95a,False,0,QLeWwLgl5KsJ,0.33476343793736724,0.31996331447334964,0.0148001234640176,0.5000000000000001,False,unmatched_abstention,DBLP,43,False,unmatched_abstention
480,conf/sigmod/IoannidisLANT97,True,5,qb-jf_sQ_5kJ,0.424512341638064,0.2927659785053294,0.13174636313273458,0.5000000000000001,False,missing_match,DBLP,43,True,correct
481,journals/sigmod/Snodgrass98a,True,1,url:http://portal.acm.org/ft_gateway.cfm%3Fid%3D290599%26type%3Dpdf%26dl%3DGUIDE%26dl%3DACM%26CFID%3D11111111%26CFTOKEN%3D2222222,0.5744837289552509,0.5441351557759503,0.03034857317930062,0.5000000000000001,True,false_link,DBLP,43,True,false_link
482,journals/sigmod/FernandezFLS97,True,4,9NlVdFCl2ysJ,0.9752832758749963,0.866681532977973,0.10860174289702329,0.5000000000000001,True,correct,DBLP,43,True,correct
483,conf/vldb/CiliaHB02,True,1,_aEC8CgKod0J,0.9730292791946842,0.0014313456770966107,0.9715979335175876,0.5000000000000001,True,correct,DBLP,43,True,correct
484,journals/sigmod/Alonso94a,False,0,8Ge2xzsWVhAJ,0.0036298382025503418,0.003363999902628572,0.0002658382999217697,0.5000000000000001,False,unmatched_abstention,DBLP,43,False,unmatched_abstention
485,conf/vldb/LernerS03,True,3,KtkbM7ohXrEJ,0.9857352785999955,0.9040059146152386,0.08172936398475694,0.5000000000000001,True,correct,DBLP,43,True,correct
486,conf/vldb/BerckenS01,True,3,fhbW320LsusJ,0.9791809004344848,0.9690487436935693,0.010132156740915499,0.5000000000000001,True,correct,DBLP,43,True,correct
487,conf/vldb/SeshadriLR96,True,4,-Pmsximl_moJ,0.9900005962347085,0.9575240756019306,0.03247652063277784,0.5000000000000001,True,correct,DBLP,43,True,correct
488,conf/vldb/AggarwalHWY03,True,4,szlqyCesMpgJ,0.9847456248988725,0.8384207873497372,0.14632483754913528,0.5000000000000001,True,correct,DBLP,43,True,correct
489,conf/vldb/KangC02,True,1,gndV1O-oEkMJ,0.9835639587754059,0.0009866411266660669,0.9825773176487399,0.5000000000000001,True,correct,DBLP,43,True,correct
490,journals/vldb/FengYLH02,True,1,Uxh3R2hfBOAJ,0.9845275831276045,0.002544587992487534,0.9819829951351169,0.5000000000000001,True,correct,DBLP,43,True,correct
491,conf/vldb/CareyKSSS00,True,2,fRo4fx_Q6gIJ,0.979904460055025,0.897790988797689,0.08211347125733592,0.5000000000000001,True,correct,DBLP,43,True,correct
492,conf/sigmod/Bayardo98,True,6,htTH8PrZ0dYJ,0.9545656612808193,0.5697559323995087,0.3848097288813106,0.5000000000000001,True,correct,DBLP,43,True,correct
493,conf/sigmod/ZhouWGGZWXYF03,True,1,AwFxLUGiceUJ,0.9466945388557606,0.00947941059163181,0.9372151282641288,0.5000000000000001,True,correct,DBLP,43,True,correct
494,conf/sigmod/Miller98,True,5,fW6JIoNRqAQJ,0.9381223334737281,0.91712439256599,0.0209979409077381,0.5000000000000001,True,correct,DBLP,43,True,correct
495,conf/vldb/FlorescuHKLRWCSA03,True,2,1KSfxI44iGUJ,0.9713699663277039,0.9497228640201514,0.021647102307552513,0.5000000000000001,True,correct,DBLP,43,True,correct
496,conf/sigmod/DavisonG95,True,2,96SrVGnDmMoJ,0.9826617159806609,0.4670029580686739,0.5156587579119869,0.5000000000000001,True,correct,DBLP,43,True,correct
497,conf/sigmod/ZhaoDNS98,True,7,mBC03oUT8yAJ,0.9897219353365502,0.9575723365082985,0.032149598828251635,0.5000000000000001,True,correct,DBLP,43,True,correct
498,conf/vldb/Gentili01,True,1,2j1dalv3kCEJ,0.9857353020027508,0.0016688773945559268,0.9840664246081949,0.5000000000000001,True,correct,DBLP,43,True,correct
499,journals/sigmod/Segev94a,False,0,ntqMqfgRXM4J,0.5942620283165686,0.551703364746889,0.04255866356967963,0.5000000000000001,True,false_link,DBLP,43,False,unmatched_abstention
500,conf/vldb/DyresonBJ99,True,1,FkPcMtplo18J,0.9816073053738364,0.00252862275793254,0.9790786826159039,0.5000000000000001,True,correct,DBLP,43,True,correct
501,journals/sigmod/Aberer02,True,1,url:http://portal.acm.org/ft_gateway.cfm%3Fid%3D604274%26type%3Dpdf%26dl%3DGUIDE%26dl%3DACM%26CFID%3D11111111%26CFTOKEN%3D2222222,0.9883013083595854,0.7699772739130133,0.2183240344465721,0.5000000000000001,True,false_link,DBLP,43,False,missing_match
502,conf/sigmod/RiedewaldAA02,True,2,nQvBo5KHITYJ,0.9864178656547927,0.5714872000054474,0.41493066564934533,0.5000000000000001,True,correct,DBLP,43,True,correct
503,conf/sigmod/MiloAABN03,True,2,fHp5E4Rxt7cJ,0.9660411295220624,0.7237050184745332,0.24233611104752928,0.5000000000000001,True,correct,DBLP,43,True,correct
504,conf/sigmod/Epstein95,False,0,m42J4EvvK_wJ,0.43485640727153535,0.4126283920401889,0.022228015231346432,0.5000000000000001,False,unmatched_abstention,DBLP,43,False,unmatched_abstention
505,conf/sigmod/AgrawalGGR98,True,11,EQ0ys8s10vcJ,0.9614388641573052,0.9592010281090606,0.002237836048244568,0.5000000000000001,True,correct,DBLP,43,True,correct
506,journals/sigmod/FrewD97,True,2,5jMT1PENhSIJ,0.9901881540721371,0.9100889144362349,0.08009923963590226,0.5000000000000001,True,correct,DBLP,43,True,correct
507,journals/vldb/C95b,True,1,url:http://www.springerlink.com/index/J267M1G774146066.pdf,0.1356922246253992,0.0008220147075388363,0.13487020991786036,0.5000000000000001,False,missing_match,DBLP,43,True,correct
508,conf/sigmod/AcharyaGPR99a,True,7,EpUtXEhwDaUJ,0.9505783652114713,0.9210021483730326,0.029576216838438696,0.5000000000000001,True,correct,DBLP,43,True,correct
509,conf/vldb/McKennaBHT96,True,1,0tZaTV3W05wJ,0.9845743056326656,0.004860114373649653,0.9797141912590159,0.5000000000000001,True,correct,DBLP,43,True,correct
510,journals/vldb/FangGM96,False,0,AWGtiQgXS7QJ,0.9252843611347045,0.19728506920504935,0.7279992919296552,0.5000000000000001,True,false_link,DBLP,43,True,false_link
511,conf/sigmod/ChandrasekaranCDFHHKMRS03,True,3,MNuT46WJZaQJ,0.9104994639411712,0.46698482067331687,0.44351464326785434,0.5000000000000001,True,correct,DBLP,43,True,correct
512,conf/sigmod/LlirbatFS97,True,1,hJiwQ2CQRBkJ,0.9902426390432469,0.0005624719092366463,0.9896801671340103,0.5000000000000001,True,correct,DBLP,43,True,correct
513,conf/vldb/FegarasE01,True,1,pinPEM3Rvm0J,0.9900006018409134,0.03960990792254712,0.9503906939183663,0.5000000000000001,True,correct,DBLP,43,True,correct
514,conf/sigmod/AdyaGLM95,True,4,bfcbZlt6vngJ,0.9902426417791675,0.9730861840323638,0.017156457746803744,0.5000000000000001,True,correct,DBLP,43,True,correct
515,conf/vldb/RaoR99,True,2,tv4rTR2Z-I8J,0.9822925632580325,0.04064014310379194,0.9416524201542406,0.5000000000000001,True,correct,DBLP,43,True,correct
516,conf/vldb/RothOH99,True,2,c-Kalb26vykJ,0.9768302068408495,0.6721353531806133,0.3046948536602362,0.5000000000000001,True,correct,DBLP,43,True,correct
517,journals/sigmod/ConstantopoulosCP01,False,0,RaOQG4YyzM4J,0.001405093232817529,0.0009658959523202645,0.0004391972804972645,0.5000000000000001,False,unmatched_abstention,DBLP,43,False,unmatched_abstention
518,journals/sigmod/DogacDATKCD98,True,3,vG5FK8BJkZgJ,0.9880208197301226,0.6959601695203558,0.2920606502097668,0.5000000000000001,True,correct,DBLP,43,True,correct
519,conf/vldb/OzsuVU98,True,2,WAivXgeI8vIJ,0.9709336865612342,0.4897293145525448,0.48120437200868943,0.5000000000000001,True,correct,DBLP,43,True,correct
520,conf/vldb/JiangSLB00,True,1,eZwzDZ7QhzoJ,0.9766095761662771,0.0038144267534837802,0.9727951494127933,0.5000000000000001,True,correct,DBLP,43,True,correct
521,journals/vldb/JagadishKNS00,True,2,GtXc02EJjCgJ,0.9832680122801426,0.951420251269753,0.03184776101038955,0.5000000000000001,True,correct,DBLP,43,True,correct
522,conf/vldb/JoshiBLL98,True,1,RufEbUPZNbYJ,0.9857352820926777,0.011532550483484751,0.9742027316091929,0.5000000000000001,True,correct,DBLP,43,True,correct
523,journals/sigmod/Bussche00,True,2,CER66z1lh0MJ,0.9679245781225632,0.4623256219188433,0.5055989562037199,0.5000000000000001,True,correct,DBLP,43,True,correct
524,conf/sigmod/Hammond99,True,1,-ndr_jftgFkJ,0.9847981882110074,0.0022233049541954685,0.982574883256812,0.5000000000000001,True,correct,DBLP,43,True,correct
525,conf/vldb/TreschPL95,True,1,1rPUqMFsS3AJ,0.985735279764223,0.11496800740661521,0.8707672723576079,0.5000000000000001,True,correct,DBLP,43,True,correct
526,journals/sigmod/Keim96,True,1,vkUvhZOw-1YJ,0.9826182046283074,0.3944755121569387,0.5881426924713686,0.5000000000000001,True,correct,DBLP,43,True,correct
527,conf/sigmod/KoudasS03,True,1,url:http://portal.acm.org/ft_gateway.cfm%3Fid%3D872871%26type%3Dpdf%26dl%3Dportal%26dl%3DACM%26CFID%3D11111111%26CFTOKEN%3D2222222,0.9576158446185625,0.020833382999683205,0.9367824616188793,0.5000000000000001,True,correct,DBLP,43,True,correct
528,conf/sigmod/OlstonW02,True,1,pBKI-JCAlcIJ,0.9902426433791606,0.0011207179287258749,0.9891219254504346,0.5000000000000001,True,correct,DBLP,43,True,correct
529,journals/sigmod/Snodgrass03a,False,0,url:http://portal.acm.org/citation.cfm%3Fid%3D1084805.1084832,0.012568736956207083,0.0094008067966682,0.003167930159538883,0.5000000000000001,False,unmatched_abstention,DBLP,43,False,unmatched_abstention
530,conf/vldb/ChenRS95,True,1,4TMZhO1wdwsJ,0.957562236486916,0.0027722790940582585,0.9547899573928577,0.5000000000000001,True,correct,DBLP,43,True,correct
531,conf/sigmod/CareyFZ94,True,5,EN1nFWJxnoIJ,0.9839334713299032,0.9328983786006987,0.05103509272920448,0.5000000000000001,True,correct,DBLP,43,True,correct
532,conf/vldb/BunemanDHOW95,True,1,95LnCs7V35YJ,0.9883466318734667,0.0027834475944135636,0.9855631842790532,0.5000000000000001,True,correct,DBLP,43,True,correct
533,conf/sigmod/Lomet00,True,1,FiPJDs_jm54J,0.9650367332238432,0.00024575079440188096,0.9647909824294413,0.5000000000000001,True,correct,DBLP,43,True,correct
534,conf/sigmod/DeshpandeGR01,True,2,knAoAIpo7hYJ,0.9902426319698301,0.8275310537909798,0.1627115781788503,0.5000000000000001,True,correct,DBLP,43,True,correct
535,conf/vldb/KoudasGGSV03,True,1,d8BBxc5Ato8J,0.98386127736392,0.004610245256038758,0.9792510321078813,0.5000000000000001,True,correct,DBLP,43,True,correct
536,conf/vldb/CatozziR01,True,2,x_mqIy3GCmAJ,0.9857353020027508,0.34177412085009806,0.6439611811526528,0.5000000000000001,True,correct,DBLP,43,True,correct
537,conf/vldb/JohnsonM98,True,4,eFynrwKK_T0J,0.9848521171630584,0.8305884151240913,0.1542637020389671,0.5000000000000001,True,correct,DBLP,43,True,correct
538,conf/vldb/Ioannidis03,True,1,jELnwotIy9kJ,0.9770458087700524,0.02426685511401205,0.9527789536560404,0.5000000000000001,True,correct,DBLP,43,True,correct
539,journals/vldb/GutingS95,True,8,CBHicx5w3ocJ,0.9333438760792614,0.8642046102773405,0.06913926580192087,0.5000000000000001,True,correct,DBLP,43,True,correct
540,conf/sigmod/LakhamrajuRSS00,True,3,GveQLUTEle8J,0.9842958844854941,0.6007489246084861,0.38354695987700804,0.5000000000000001,True,correct,DBLP,43,True,correct
541,conf/sigmod/ChenDLT00,True,1,url:http://portal.acm.org/citation.cfm%3Fid%3D342009.336560,0.9869749581518433,0.46448186152305265,0.5224930966287906,0.5000000000000001,True,correct,DBLP,43,True,correct
542,conf/vldb/HuangJR97,True,3,nBHS2BTx-GkJ,0.9872665808718173,0.7115794442889226,0.2756871365828947,0.5000000000000001,True,correct,DBLP,43,True,correct
543,journals/sigmod/JaegerF95,True,2,oacFELqmw0cJ,0.9417458055830005,0.6822700907333191,0.25947571484968135,0.5000000000000001,True,correct,DBLP,43,True,correct
544,journals/tods/Snodgrass01a,False,0,zvcs9bbyoi0J,0.5330639813470719,0.5060986383952282,0.026965342951843718,0.5000000000000001,True,false_link,DBLP,43,False,unmatched_abstention
545,conf/sigmod/BrunoCG01,True,3,8KJ9XFv1ESAJ,0.9902426319698301,0.9634067304265492,0.02683590154328086,0.5000000000000001,True,correct,DBLP,43,True,correct
546,journals/sigmod/SalgadoE03,False,0,url:http://portal.acm.org/ft_gateway.cfm%3Fid%3D310062%26type%3Dpdf%26dl%3DGUIDE%26dl%3DACM%26CFID%3D11111111%26CFTOKEN%3D2222222,0.14749665518061095,0.004305961614153966,0.14319069356645697,0.5000000000000001,False,unmatched_abstention,DBLP,43,False,unmatched_abstention
547,journals/sigmod/Fagin02,True,2,C3swZi1md5YJ,0.9901881304517194,0.011862111795237208,0.9783260186564822,0.5000000000000001,True,correct,DBLP,43,True,correct
548,journals/tods/Ross96,True,1,url:http://portal.acm.org/ft_gateway.cfm%3Fid%3D232628%26type%3Dpdf%26dl%3DGUIDE%26dl%3DACM%26CFID%3D11111111%26CFTOKEN%3D2222222,0.9778067109506919,0.0023563130507426927,0.9754503978999493,0.5000000000000001,True,correct,DBLP,43,True,correct
549,conf/sigmod/SismanisDRK02,True,4,seSeL2gsCJoJ,0.9561968284241934,0.8126982490612398,0.14349857936295363,0.5000000000000001,True,correct,DBLP,43,True,correct
550,journals/sigmod/TatarinovIMHSDDKMM03,True,2,0JPhnHlRGOoJ,0.8870551161428872,0.5524194904967864,0.33463562564610083,0.5000000000000001,True,correct,DBLP,43,True,correct
551,conf/sigmod/OhHP00,True,3,T91d5LI-xIwJ,0.9643563562762442,0.9122031607203263,0.05215319555591791,0.5000000000000001,True,correct,DBLP,43,True,correct
552,conf/vldb/BaulierBKS98,True,1,dNK16sHm9eUJ,0.9850530340345551,0.0026987984129514427,0.9823542356216037,0.5000000000000001,True,correct,DBLP,43,True,correct
553,conf/vldb/ShahRS02,True,2,Q3MhG5RK29oJ,0.851082689203049,0.7852276267724546,0.06585506243059436,0.5000000000000001,True,correct,DBLP,43,True,correct
554,conf/vldb/Gibbons01,True,1,tYtl6ZxQ-_YJ,0.9859224124857584,0.5905673332468059,0.3953550792389525,0.5000000000000001,True,correct,DBLP,43,True,correct
555,conf/sigmod/ViglasN02,True,2,2aeb_pBP7lcJ,0.9887699007450133,0.5410505195818148,0.4477193811631984,0.5000000000000001,True,correct,DBLP,43,True,correct
556,conf/vldb/Leymann01,True,1,eRh9hA637AMJ,0.5923957724790068,0.0045894663666210915,0.5878063061123857,0.5000000000000001,True,correct,DBLP,43,True,correct
557,conf/sigmod/MamoulisP99,True,4,z9MQwq7G3GYJ,0.9902426280979785,0.9762173810419036,0.014025247056074885,0.5000000000000001,True,correct,DBLP,43,True,correct
558,journals/sigmod/ArenasKKKMM03,True,2,biVrK7MrU4QJ,0.9314322111303918,0.8519643574261819,0.07946785370420983,0.5000000000000001,True,correct,DBLP,43,True,correct
559,conf/sigmod/ChenGK01,True,1,8OgkUeiawO0J,0.9562186065393501,0.08859500773964947,0.8676235987997006,0.5000000000000001,True,correct,DBLP,43,True,correct
560,conf/sigmod/WuAA01,True,2,QKlyEeIFW24J,0.9688545091497835,0.8413772218310839,0.12747728731869967,0.5000000000000001,True,correct,DBLP,43,True,correct
561,conf/sigmod/MayrS99,True,1,1lRZz4bZvxEJ,0.9902426543228329,0.0031591682264894235,0.9870834860963434,0.5000000000000001,True,correct,DBLP,43,True,correct
562,conf/sigmod/SelfridgeSW96,True,2,V2Wysmw3ti4J,0.9340004652038333,0.8952311397557499,0.038769325448083425,0.5000000000000001,True,correct,DBLP,43,True,correct
563,conf/vldb/WuFSP00,True,2,XojbAfbtdvcJ,0.9878098354477419,0.5188998726962148,0.4689099627515271,0.5000000000000001,True,correct,DBLP,43,True,correct
564,journals/tods/Revesz98,True,1,dr8s9hbwjR0J,0.9836416503582515,0.011837799915513992,0.9718038504427374,0.5000000000000001,True,correct,DBLP,43,True,correct
565,conf/vldb/OoiGT98,True,1,LJdSx1Di81MJ,0.9850357174788084,0.0254764718153185,0.9595592456634898,0.5000000000000001,True,correct,DBLP,43,True,correct
566,journals/sigmod/PourabbasR00,True,2,3y6y5AXu-j0J,0.9901881288428759,0.6114580061557995,0.3787301226870764,0.5000000000000001,True,correct,DBLP,43,True,correct
567,journals/vldb/Bertino94,True,2,ylP7n4GU-DQJ,0.9862840210000995,0.45660696358805264,0.5296770574120468,0.5000000000000001,True,correct,DBLP,43,True,correct
568,conf/sigmod/BohmBKK01,True,1,C4XcBh6anhAJ,0.982545866408812,0.0012398432780997052,0.9813060231307124,0.5000000000000001,True,correct,DBLP,43,True,correct
569,journals/vldb/MihailaRT02,True,1,my7mYCzEEJAJ,0.9838511361215994,0.010957927134648186,0.9728932089869512,0.5000000000000001,True,correct,DBLP,43,True,correct
570,conf/vldb/RosenthalS94,True,1,NFUWsBXtCncJ,0.9845446993362631,0.0010291621294605015,0.9835155372068026,0.5000000000000001,True,correct,DBLP,43,True,correct
571,journals/sigmod/Loeffen94,True,3,gb-yIDOxaEkJ,0.9901881249496111,0.8263752792167935,0.1638128457328175,0.5000000000000001,True,correct,DBLP,43,True,correct
572,conf/vldb/LabrinidisR01,True,3,3Ozte0ucNJAJ,0.9900006074471152,0.9410512175412946,0.04894938990582054,0.5000000000000001,True,correct,DBLP,43,True,correct
573,conf/sigmod/EmbleyJN99,True,3,x8uC_9_IzUEJ,0.9466733868738324,0.8896818310030102,0.056991555870822164,0.5000000000000001,True,correct,DBLP,43,True,correct
574,conf/sigmod/SaltenisJLL00,True,11,e0UYPB4kRCYJ,0.9729294225811725,0.958938617164937,0.013990805416235541,0.5000000000000001,True,correct,DBLP,43,True,correct
575,journals/sigmod/ZobelMR96,True,1,6NbNX8nSta0J,0.9901881288428759,0.0017157171654988575,0.988472411677377,0.5000000000000001,True,correct,DBLP,43,True,correct
576,journals/sigmod/CfP99,False,0,xKi8Vm3o9KsJ,0.0024554616530844888,0.0005202284709185189,0.00193523318216597,0.5000000000000001,False,unmatched_abstention,DBLP,43,False,unmatched_abstention
577,conf/sigmod/WilschutFA95,True,2,vgoFTdXYHZ0J,0.9847463859824752,0.049078520277908266,0.935667865704567,0.5000000000000001,True,correct,DBLP,43,True,correct
578,journals/sigmod/LightstoneLZ02,True,2,7TYVQTwq9FIJ,0.9901881403153058,0.8869197659567304,0.10326837435857539,0.5000000000000001,True,correct,DBLP,43,True,correct
579,conf/vldb/Bhashyam96,True,1,url:http://portal.acm.org/ft_gateway.cfm%3Fid%3D245908%26type%3Dpdf%26dl%3DGUIDE%26dl%3DACM%26CFID%3D11111111%26CFTOKEN%3D2222222,0.9803311073033926,0.000249695402104563,0.9800814119012881,0.5000000000000001,True,correct,DBLP,43,True,correct
580,conf/sigmod/BornhovdAKMPR03,True,2,7lPu8hBgKksJ,0.9745195881697589,0.9317747828342069,0.04274480533555203,0.5000000000000001,True,correct,DBLP,43,True,correct
581,journals/sigmod/Vassilakis00,True,2,nZO8ZA4eYzYJ,0.9901881233407668,0.651953684267213,0.33823443907355377,0.5000000000000001,True,correct,DBLP,43,True,correct
582,conf/vldb/CeriFP99,True,3,8OrOAQnaveIJ,0.9849144546399639,0.9603978705522525,0.0245165840877114,0.5000000000000001,True,correct,DBLP,43,True,correct
583,conf/vldb/ChangG97,True,6,2SYiXa0vGN4J,0.985735279764223,0.9281936284113317,0.057541651352891354,0.5000000000000001,True,correct,DBLP,43,True,correct
584,journals/tods/Galindo-LegariaR97,True,3,Vjga5yC23KIJ,0.9863323781803992,0.9084776960539163,0.07785468212648294,0.5000000000000001,True,correct,DBLP,43,True,correct
585,journals/sigmod/FreemanG96,True,3,Em3qp7RGalkJ,0.9901881233407668,0.9657546721656091,0.024433451175157717,0.5000000000000001,True,correct,DBLP,43,True,correct
586,conf/sigmod/BertinoCF01,True,1,JSzfxAgs4pgJ,0.9873357213258064,0.5823709440764072,0.40496477724939917,0.5000000000000001,True,correct,DBLP,43,True,correct
587,journals/vldb/Sarawagi01,True,1,Xx6kw0tCeQIJ,0.9862840423950499,0.025983364612448274,0.9603006777826015,0.5000000000000001,True,correct,DBLP,43,True,correct
588,journals/sigmod/UrbanDG96,True,1,url:http://portal.acm.org/ft_gateway.cfm%3Fid%3D381892%26type%3Dpdf%26dl%3DGUIDE%26dl%3DACM%26CFID%3D11111111%26CFTOKEN%3D2222222,0.977577156165635,0.02021345560671438,0.9573637005589206,0.5000000000000001,True,correct,DBLP,43,True,correct
589,journals/vldb/ShegalovGW01,True,1,_6ErNQyZwXsJ,0.9862840232402287,0.004661020655580303,0.9816230025846484,0.5000000000000001,True,correct,DBLP,43,True,correct
590,conf/sigmod/Martin94,True,1,ogow-Rtc3fEJ,0.9662914913170113,0.06666442508207542,0.8996270662349359,0.5000000000000001,True,correct,DBLP,43,True,correct
591,conf/vldb/SchindlerAG03,True,1,CsWyDorgQF4J,0.9838546263365112,0.0010134623643980722,0.9828411639721132,0.5000000000000001,True,correct,DBLP,43,True,correct
592,conf/vldb/TsoisS03,True,1,_2oz5poi5asJ,0.9774280277744739,0.0019433024654522395,0.9754847253090216,0.5000000000000001,True,correct,DBLP,43,True,correct
593,conf/vldb/Kuhn03,False,0,MyW5sLwDtogJ,0.3775179918276764,0.0004775506844227372,0.3770404411432537,0.5000000000000001,False,unmatched_abstention,DBLP,43,True,false_link
594,conf/sigmod/RoySSB00,True,5,OZHS88jHgDkJ,0.9588199227004538,0.9083810166582276,0.05043890604222623,0.5000000000000001,True,correct,DBLP,43,True,correct
595,journals/tods/MamoulisP01,True,1,Rg8V7NSK9tMJ,0.9863323702718916,0.11433289074313696,0.8719994795287547,0.5000000000000001,True,correct,DBLP,43,True,correct
596,conf/vldb/VenkataramanZ98,True,2,KrAyBSajhZEJ,0.990000597873991,0.9440104769881759,0.04599012088581511,0.5000000000000001,True,correct,DBLP,43,True,correct
597,journals/sigmod/BunemanFSW01,False,0,vsgKNz-kktsJ,0.21957045101774805,0.07228599926091359,0.14728445175683447,0.5000000000000001,False,unmatched_abstention,DBLP,43,True,false_link
598,conf/vldb/ColletCS94,True,4,uMutI8spj1QJ,0.9846708848143348,0.9041815854026785,0.08048929941165639,0.5000000000000001,True,correct,DBLP,43,True,correct
599,journals/sigmod/LaenderRST02,True,4,paQAZ2KXFgAJ,0.9837970287124043,0.9510092930239069,0.032787735688497355,0.5000000000000001,True,correct,DBLP,43,True,correct
600,journals/tods/Lerner00,True,2,ETqxTcvf7K4J,0.9787861260091713,0.49445368781447835,0.4843324381946929,0.5000000000000001,True,correct,DBLP,43,True,correct
601,conf/vldb/RysNS96,True,2,pwxPfVlOqQUJ,0.9762234738839021,0.9618148597573472,0.01440861412655492,0.5000000000000001,True,correct,DBLP,43,True,correct
602,journals/sigmod/SureSS02,True,3,v0tY6g0DHMcJ,0.9746876984552634,0.9697247460535003,0.004962952401763032,0.5000000000000001,True,correct,DBLP,43,True,correct
603,conf/sigmod/DuSD95,True,1,Vl7gY6FsOOYJ,0.9797549815049583,0.00020403580191515324,0.9795509457030431,0.5000000000000001,True,correct,DBLP,43,True,correct
604,journals/vldb/Halevy02,True,1,url:http://www.springerlink.com/index/6UEYKJ4UQTK18H6D.pdf,0.6192586950428793,0.520786392335523,0.0984723027073563,0.5000000000000001,True,correct,DBLP,43,False,missing_match
605,conf/sigmod/Faloutsos95,True,1,R0xUZUxSGmwJ,0.3598337463433196,0.008604734899929219,0.35122901144339036,0.5000000000000001,False,missing_match,DBLP,43,True,correct
606,conf/vldb/WangHH00,True,1,qbxHq9qXVrUJ,0.990000595832161,0.47088176966268597,0.519118826169475,0.5000000000000001,True,correct,DBLP,43,True,correct
607,journals/sigmod/Franklin98b,False,0,ntqMqfgRXM4J,0.543450422244227,0.48852425840434677,0.05492616383988025,0.5000000000000001,True,false_link,DBLP,43,False,unmatched_abstention
608,conf/vldb/BestavrosB95,True,2,lGyhpsPV6ogJ,0.985735279764223,0.8673382364072003,0.11839704335702272,0.5000000000000001,True,correct,DBLP,43,True,correct
609,journals/sigmod/EisenbergM99a,True,2,e3s4OFTeBqwJ,0.9752785845772548,0.5627380796526401,0.4125405049246147,0.5000000000000001,True,correct,DBLP,43,True,correct
610,conf/vldb/MignetMAC01,True,4,VaDXNMtPZ4oJ,0.9857353020027508,0.9741889402770021,0.011546361725748744,0.5000000000000001,True,correct,DBLP,43,True,correct
611,conf/sigmod/Grust02,True,3,-3LAxRNpDJIJ,0.9559881960345427,0.9316023241146102,0.024385871919932467,0.5000000000000001,True,correct,DBLP,43,True,correct
612,conf/vldb/ZemankovaI94,True,1,Y1ZxtWV-qeUJ,0.9827110846129079,0.009001725744439738,0.9737093588684682,0.5000000000000001,True,correct,DBLP,43,True,correct
613,conf/vldb/SimonD95,True,1,lLARMvKaIQMJ,0.9757844838680925,0.002209773423982623,0.9735747104441098,0.5000000000000001,True,correct,DBLP,43,True,correct
614,journals/vldb/MuckP97,True,1,yHSQJtyFciMJ,0.9200554820857697,0.0006335217022399374,0.9194219603835297,0.5000000000000001,True,correct,DBLP,43,True,correct
615,conf/sigmod/ZhouR02,True,1,-hUVSdRv5UUJ,0.9885468957087865,0.0400653927148242,0.9484815029939623,0.5000000000000001,True,correct,DBLP,43,True,correct
616,conf/sigmod/WoelkBJOTU95,True,6,--PsNHvlpbIJ,0.9200076573565029,0.5938516987735426,0.3261559585829603,0.5000000000000001,True,correct,DBLP,43,True,correct
617,journals/sigmod/WuY00,True,1,url:http://portal.acm.org/ft_gateway.cfm%3Fid%3D362096%26type%3Dpdf%26dl%3DGUIDE%26dl%3DACM%26CFID%3D11111111%26CFTOKEN%3D2222222,0.490403166857164,0.002063984899435495,0.4883391819577285,0.5000000000000001,False,missing_match,DBLP,43,True,correct
618,journals/sigmod/ChengP03,True,1,6fAPR3UvX28J,0.9844596184025731,0.032079804498121575,0.9523798139044516,0.5000000000000001,True,correct,DBLP,43,True,correct
619,conf/sigmod/PiatkoYLS96,True,1,3NMPG1vUNgwJ,0.9873503447642784,0.00024793935485754106,0.9871024054094208,0.5000000000000001,True,correct,DBLP,43,True,correct
620,conf/sigmod/Keim96,True,2,AF9vuEJOr6cJ,0.9827140232124516,0.8296262159000938,0.15308780731235783,0.5000000000000001,True,correct,DBLP,43,True,correct
621,conf/sigmod/AgichteinG03,True,1,url:http://portal.acm.org/citation.cfm%3Fid%3D872851,0.9843580774472396,0.030569777760790652,0.953788299686449,0.5000000000000001,True,correct,DBLP,43,True,correct
622,conf/vldb/YanA94,True,3,8j5i7YJQnNAJ,0.9884816841488419,0.9502226919475143,0.03825899220132756,0.5000000000000001,True,correct,DBLP,43,True,correct
623,journals/sigmod/Geller02,True,1,url:http://portal.acm.org/ft_gateway.cfm%3Fid%3D507355%26type%3Dpdf%26dl%3DGUIDE%26dl%3DACM%26CFID%3D11111111%26CFTOKEN%3D2222222,0.9473900851045285,0.14301489219177668,0.8043751929127518,0.5000000000000001,True,correct,DBLP,43,True,correct
624,conf/vldb/DiaoLCT00,True,2,lzbvXZxLKJIJ,0.9900006114885662,0.6503085021026638,0.33969210938590244,0.5000000000000001,True,correct,DBLP,43,True,correct
625,journals/vldb/Seshadri98,True,1,yXXD9DeXoAgJ,0.9862840446351757,0.13200492955738746,0.8542791150777882,0.5000000000000001,True,correct,DBLP,43,True,correct
626,journals/sigmod/OConnellW03,True,1,SeDkIL_DlRwJ,0.530826950547805,0.003621601291854383,0.5272053492559506,0.5000000000000001,True,correct,DBLP,43,True,correct
627,journals/sigmod/LabrinidisR00,True,2,Wcbvsi-QDtcJ,0.9663651225144558,0.605344616692257,0.3610205058221988,0.5000000000000001,True,correct,DBLP,43,True,correct
628,conf/sigmod/ZaharioudakisC97,True,1,U0o8vPY7L4kJ,0.9851176142646331,0.011447546182064176,0.9736700680825688,0.5000000000000001,True,correct,DBLP,43,True,correct
629,journals/sigmod/GatziuJSV99,True,1,HtqrJuo7GSsJ,0.9896275111683623,0.2070403667689373,0.782587144399425,0.5000000000000001,True,correct,DBLP,43,True,correct
630,conf/vldb/CormodeKMS03,True,1,0ZQnv8tOzBwJ,0.9608319764266149,0.24814515178311203,0.7126868246435029,0.5000000000000001,True,correct,DBLP,43,True,correct
631,conf/vldb/GottlobKP02,True,6,lmLjPf_m6jwJ,0.9618693202385895,0.9387473684239777,0.023121951814611852,0.5000000000000001,True,correct,DBLP,43,True,correct
632,conf/vldb/LifantsevC02,True,1,gPvyDDUyrg4J,0.990000597873991,0.0005054334759038273,0.9894951643980872,0.5000000000000001,True,correct,DBLP,43,True,correct
633,conf/sigmod/PatelYKTNBHRLEKGDN97,True,2,0inuMFZSQ50J,0.9782719388672007,0.6053727441852699,0.3728991946819308,0.5000000000000001,True,correct,DBLP,43,True,correct
634,conf/sigmod/BaruGLMPVC99,True,7,mXKKjAJUm-oJ,0.9383196287540391,0.8756602658862729,0.06265936286776619,0.5000000000000001,True,correct,DBLP,43,True,correct
635,conf/sigmod/RiedelFGN00,True,1,ospJVA6AD1sJ,0.9887045167388754,0.0065777722360903824,0.982126744502785,0.5000000000000001,True,correct,DBLP,43,True,correct
636,journals/sigmod/AilamakiFFSV03,True,1,rMV2yNFwvggJ,0.9886140872381081,0.0022742695448850565,0.986339817693223,0.5000000000000001,True,correct,DBLP,43,True,correct
637,conf/vldb/CormodeDIM02,True,2,LU7BfMnARgYJ,0.9679461557973859,0.9365582227307558,0.031387933066630014,0.5000000000000001,True,correct,DBLP,43,True,correct
638,conf/sigmod/JaedickeM98,True,4,MswqiEweEGUJ,0.9902426280979785,0.961147227086069,0.02909540101190944,0.5000000000000001,True,correct,DBLP,43,True,correct
639,journals/sigmod/KokkotosIPS95,True,1,-IvY8_ki_psJ,0.9802730098169546,0.004962743165595977,0.9753102666513587,0.5000000000000001,True,correct,DBLP,43,True,correct
640,journals/sigmod/MeersmanS02,False,0,url:http://portal.acm.org/citation.cfm%3Fid%3D945721.945727%26coll%3DGUIDE%26dl%3DACM%26idx%3DJ689%26part%3Dperiodical%26WantType%3Dperiodical%26title%3DACM%2520SIGMOD%2520Record%26CFID%3D11111111%26CFTOKEN%3D2222222,0.5522750918676229,0.551820382600335,0.0004547092672879671,0.5000000000000001,True,false_link,DBLP,43,False,unmatched_abstention
641,journals/sigmod/McHughW97,True,1,dAnyGPqToQEJ,0.9901881442085644,0.0013222083887251415,0.9888659358198393,0.5000000000000001,True,correct,DBLP,43,True,correct
642,journals/tods/CeriFPT94,True,4,aphxPCo8qkgJ,0.9863323801386498,0.9106732239416298,0.07565915619702002,0.5000000000000001,True,correct,DBLP,43,True,correct
643,conf/sigmod/Gray95,False,0,jiJgbmwO0lAJ,0.19115486600749979,0.05182555100622079,0.13932931500127899,0.5000000000000001,False,unmatched_abstention,DBLP,43,False,unmatched_abstention
644,conf/vldb/SarawagiS96,True,2,GzBmx-QUxFYJ,0.9857353020027508,0.8754597336831815,0.1102755683195693,0.5000000000000001,True,correct,DBLP,43,True,correct
645,journals/sigmod/Snodgrass03c,True,1,url:http://portal.acm.org/ft_gateway.cfm%3Fid%3D959062%26type%3Dpdf%26dl%3DGUIDE%26dl%3DACM%26CFID%3D11111111%26CFTOKEN%3D2222222,0.9901881225363447,0.136487017387457,0.8537011051488876,0.5000000000000001,True,correct,DBLP,43,True,correct
646,conf/vldb/TaoPS02,True,3,o0WQjRyBQ5kJ,0.990000597873991,0.9338280168542044,0.056172581019786616,0.5000000000000001,True,correct,DBLP,43,True,correct
647,conf/sigmod/GravanoGT94,True,10,H6fWl-cSuY4J,0.9902426280979785,0.9468785940763043,0.043364034021674214,0.5000000000000001,True,correct,DBLP,43,True,correct
648,conf/vldb/BelloDDFNSWZ98,True,3,zrMFWOX1h2MJ,0.9613397517963199,0.26710676690536916,0.6942329848909508,0.5000000000000001,True,correct,DBLP,43,True,correct
649,journals/sigmod/YuenCLL00,True,1,Ip82P4QfKyEJ,0.9858319369199962,0.28976778092937383,0.6960641559906223,0.5000000000000001,True,correct,DBLP,43,True,correct
650,journals/sigmod/SnodgrassAABCDEGJKKKLLRSSS94a,True,2,12xRfc32PXoJ,0.9169636145252746,0.6711674152424987,0.24579619928277596,0.5000000000000001,True,correct,DBLP,43,True,correct
651,journals/vldb/AmielBDS96,True,1,RtYWYRjBUmEJ,0.9844707668441475,0.03562085473002817,0.9488499121141193,0.5000000000000001,True,correct,DBLP,43,True,correct
652,conf/vldb/Korth95,True,1,UZAQL1o-c0MJ,0.7448601830318521,0.0005186047236366204,0.7443415783082155,0.5000000000000001,True,correct,DBLP,43,True,correct
653,conf/vldb/FerrandinaMZ94,True,1,yQ2TMZ92GaIJ,0.9900006247427804,0.46888178799586255,0.5211188367469178,0.5000000000000001,True,correct,DBLP,43,True,correct
654,journals/sigmod/LiefkeS00,True,2,N0eowMtIAukJ,0.9901881387064638,0.5256261724387973,0.46456196626766655,0.5000000000000001,True,correct,DBLP,43,True,correct
655,conf/vldb/HulgeriS02,True,2,xGcM9AuhrBMJ,0.9900006135303929,0.9309272452498452,0.05907336828054777,0.5000000000000001,True,correct,DBLP,43,True,correct
656,conf/vldb/RamanRH99,True,3,6uP3E_WEkCAJ,0.989601239807674,0.9268221093832316,0.06277913042444239,0.5000000000000001,True,correct,DBLP,43,True,correct
657,journals/tods/LeveneL99,True,1,iwPgaJ1eQrkJ,0.9863323938248078,0.006070239836791964,0.9802621539880157,0.5000000000000001,True,correct,DBLP,43,True,correct
658,conf/sigmod/IpeirotisGS01,True,1,bo7ArXlXypQJ,0.9860194764906036,0.006557236345682741,0.9794622401449209,0.5000000000000001,True,correct,DBLP,43,True,correct
659,conf/sigmod/ZhangNBB94,True,3,bymQ_6SSse4J,0.9877844816026072,0.7168616034964556,0.2709228781061517,0.5000000000000001,True,correct,DBLP,43,True,correct
660,conf/vldb/PapadiasMD98,True,2,7vbPCi-dbawJ,0.9857353122943032,0.8780650871015893,0.10767022519271396,0.5000000000000001,True,correct,DBLP,43,True,correct
661,journals/sigmod/DarwenD95,True,5,DVnOcHunv7MJ,0.9884124277629619,0.8979394504032377,0.09047297735972415,0.5000000000000001,True,correct,DBLP,43,True,correct
662,journals/sigmod/KiyokiKH94,True,1,xT3mwY4t5kEJ,0.9901881458174053,0.004745144008660836,0.9854430018087444,0.5000000000000001,True,correct,DBLP,43,True,correct
663,journals/sigmod/Gaffney96,True,1,uaT2hY6421UJ,0.7484609403403775,0.00015949936659811513,0.7483014409737794,0.5000000000000001,True,correct,DBLP,43,True,correct
664,conf/sigmod/IoannidisL94,True,1,dDHNsS9sisEJ,0.9314033195192031,0.0011469950779166732,0.9302563244412864,0.5000000000000001,True,correct,DBLP,43,True,correct
665,journals/sigmod/BerraNT95,True,1,url:http://portal.acm.org/ft_gateway.cfm%3Fid%3D202670%26type%3Dpdf%26dl%3DGUIDE%26dl%3DACM%26CFID%3D11111111%26CFTOKEN%3D2222222,0.9291977748317315,0.01863923672183086,0.9105585381099006,0.5000000000000001,True,correct,DBLP,43,True,correct
666,conf/vldb/PantiSG00,True,1,C7Vuxp5KVsAJ,0.990000611891113,0.009931870888256826,0.9800687410028561,0.5000000000000001,True,correct,DBLP,43,True,correct
667,conf/vldb/GehaniJR94,True,2,MxYiwR2f9UYJ,0.9774092912785101,0.5190566492857034,0.4583526419928067,0.5000000000000001,True,correct,DBLP,43,True,correct
668,conf/sigmod/Seshadri99,True,2,B855ccGhBu4J,0.9717579593852946,0.8791225509976455,0.09263540838764917,0.5000000000000001,True,correct,DBLP,43,True,correct
669,journals/sigmod/Darwen96,True,1,url:http://portal.acm.org/citation.cfm%3Fid%3D245882.245886%26dl%3DGUIDE%26dl%3DACM%26idx%3DJ689%26part%3Dperiodical%26WantType%3Dperiodical%26title%3DACM%2520SIGMOD%2520Record%26CFID%3D11111111%26CFTOKEN%3D2222222,0.9892728409826036,0.21672615729765018,0.7725466836849534,0.5000000000000001,True,correct,DBLP,43,True,correct
670,conf/vldb/ZhuS02,True,1,iuyRrJJDBcIJ,0.990000597873991,0.0031181495465565506,0.9868824483274344,0.5000000000000001,True,correct,DBLP,43,True,correct
671,conf/vldb/CarinoO98,True,3,lDNAWc5SrmIJ,0.9866345242724177,0.9375511301751639,0.04908339409725382,0.5000000000000001,True,correct,DBLP,43,True,correct
672,journals/sigmod/Franklin00b,False,0,ntqMqfgRXM4J,0.5038931044098723,0.47476601955851544,0.0291270848513569,0.5000000000000001,True,false_link,DBLP,43,False,unmatched_abstention
673,conf/sigmod/BaulierBGGHJKKMMNNRSSSWW99,True,1,wgRWDYY7q_8J,0.9682913341887552,0.09153192310821405,0.8767594110805412,0.5000000000000001,True,correct,DBLP,43,True,correct
674,conf/sigmod/AgrawalASY97,True,5,3nxl8d4c0t4J,0.9854811837741662,0.9266231510232216,0.05885803275094459,0.5000000000000001,True,correct,DBLP,43,True,correct
675,journals/tods/Hellerstein98,True,5,q8m4M7OxSSAJ,0.9822521228899029,0.9114463174173467,0.07080580547255622,0.5000000000000001,True,correct,DBLP,43,True,correct
676,journals/sigmod/TianDCZ02,True,5,JceK-ywXk8UJ,0.9877359329870019,0.9008483153124427,0.08688761767455921,0.5000000000000001,True,correct,DBLP,43,True,correct
677,conf/vldb/DarFJST96,True,11,95lS1rShpqQJ,0.9744203873228083,0.9625405480392473,0.011879839283561067,0.5000000000000001,True,correct,DBLP,43,True,correct
678,journals/vldb/FerrariAABC02,True,1,74D4YiDcxfcJ,0.9808986668252169,0.014252669230090307,0.9666459975951266,0.5000000000000001,True,correct,DBLP,43,True,correct
679,journals/sigmod/ShahMFH01,True,1,7b-nJDMGtwUJ,0.9661273855276786,0.004655911601175203,0.9614714739265035,0.5000000000000001,True,correct,DBLP,43,True,correct
680,journals/sigmod/BerndtssonH96,True,2,url:http://portal.acm.org/ft_gateway.cfm%3Fid%3D381889%26type%3Dpdf%26dl%3DGUIDE%26dl%3DACM%26CFID%3D11111111%26CFTOKEN%3D2222222,0.5427431262735767,0.2497088566592693,0.29303426961430734,0.5000000000000001,True,correct,DBLP,43,True,correct
681,journals/sigmod/JacobS99,True,1,3-iiSyJLwLkJ,0.9884080714703055,0.37863053496390187,0.6097775365064037,0.5000000000000001,True,correct,DBLP,43,True,correct
682,conf/sigmod/LiuFP03,True,2,5BY1upUmSTUJ,0.8378162518412523,0.5714130292165415,0.26640322262471083,0.5000000000000001,True,correct,DBLP,43,True,correct
683,journals/tods/SrivastavaSRN95,True,2,zm3D83ZiU4UJ,0.9848121804824451,0.9270603468807125,0.05775183360173264,0.5000000000000001,True,correct,DBLP,43,True,correct
684,journals/sigmod/CruzKLSWY02,True,1,url:http://portal.acm.org/ft_gateway.cfm%3Fid%3D601882%26type%3Dpdf%26dl%3DGUIDE%26dl%3DACM%26CFID%3D11111111%26CFTOKEN%3D2222222,0.9846410047233661,0.057543166866000285,0.9270978378573659,0.5000000000000001,True,correct,DBLP,43,True,correct
685,journals/vldb/Antoshenkov97,True,1,gleX-n_dgkcJ,0.9862840210000995,0.6643784721595102,0.3219055488405893,0.5000000000000001,True,correct,DBLP,43,True,correct
686,journals/sigmod/X94b,False,0,url:http://ieeexplore.ieee.org/iel5/2/4048/x0715521.pdf,0.06614009374588244,0.0025076414265228957,0.06363245231935954,0.5000000000000001,False,unmatched_abstention,DBLP,43,False,unmatched_abstention
687,conf/sigmod/PapadopoulosM98,True,1,dLzAJ-I1nCcJ,0.9609417618660301,0.0010264692380186854,0.9599152926280115,0.5000000000000001,True,correct,DBLP,43,True,correct
688,conf/sigmod/Team95c,False,0,O-TrhFwhKM8J,0.00037917877584150674,0.00015620414459969337,0.00022297463124181337,0.5000000000000001,False,unmatched_abstention,DBLP,43,False,unmatched_abstention
689,journals/vldb/EyalM01,True,1,ntrSSBumclMJ,0.9862840423950499,0.003823847116064972,0.9824601952789849,0.5000000000000001,True,correct,DBLP,43,True,correct
690,conf/sigmod/ZaharioudakisCLPU00,True,3,Pbl_CbLYKWYJ,0.985027408670488,0.8497789265420901,0.1352484821283979,0.5000000000000001,True,correct,DBLP,43,True,correct
691,conf/vldb/AtzeniMM97,True,7,sARbiNQPPWQJ,0.990000611891113,0.9216489533901174,0.06835165850099556,0.5000000000000001,True,correct,DBLP,43,True,correct
692,conf/vldb/CarinoJ98,True,1,LF2aUSIWko4J,0.9900006131278463,0.0015995843122232883,0.988401028815623,0.5000000000000001,True,correct,DBLP,43,True,correct
693,conf/sigmod/ChakrabartiM99,True,1,Jg81WYtxtZoJ,0.9902426335698246,0.02896163378241615,0.9612809997874084,0.5000000000000001,True,correct,DBLP,43,True,correct
694,conf/vldb/WangSG03,True,1,T1TgIax4zVcJ,0.9857352785999955,0.004108854333626319,0.9816264242663693,0.5000000000000001,True,correct,DBLP,43,True,correct
695,journals/sigmod/PuSW01,True,1,nkW4iN6JqfAJ,0.9901881233407668,0.06449880501921743,0.9256893183215493,0.5000000000000001,True,correct,DBLP,43,True,correct
696,journals/sigmod/CiliaB02,True,1,Y1HVgTopekIJ,0.9846955677582372,0.002463819583633399,0.9822317481746038,0.5000000000000001,True,correct,DBLP,43,True,correct
697,conf/vldb/PossP03,True,1,DYZlq4rntjwJ,0.9724288766177083,0.0150513016453375,0.9573775749723707,0.5000000000000001,True,correct,DBLP,43,True,correct
698,journals/sigmod/BallMRZ02,True,1,Mfc9xsb7BuQJ,0.9873163528584015,0.00292766260918346,0.984388690249218,0.5000000000000001,True,correct,DBLP,43,True,correct
699,conf/sigmod/CarinoKKB01,True,2,a9HFF_bwiH4J,0.9798431810312064,0.9115927027517527,0.06825047827945363,0.5000000000000001,True,correct,DBLP,43,True,correct
700,journals/sigmod/AtkinsonDJPS96,True,5,JHVWab3P4zIJ,0.9536930793289369,0.9307945531106795,0.022898526218257387,0.5000000000000001,True,correct,DBLP,43,True,correct
701,conf/vldb/YuPM03,True,2,ZEEZqsnVCyYJ,0.9857352785999955,0.001230873343353175,0.9845044052566424,0.5000000000000001,True,correct,DBLP,43,True,correct
702,conf/sigmod/CallanCD99,True,3,eWVreKOw_QgJ,0.9902426128167727,0.9317787470615438,0.05846386575522888,0.5000000000000001,True,correct,DBLP,43,True,correct
703,journals/sigmod/Gardels97,True,1,PlitMluIJyYJ,0.9901881233407668,0.008310503064859691,0.9818776202759071,0.5000000000000001,True,correct,DBLP,43,True,correct
704,journals/sigmod/WangD03,False,0,enUg70kEpM8J,0.005622753622713929,0.00016019518150492388,0.005462558441209005,0.5000000000000001,False,unmatched_abstention,DBLP,43,True,false_link
705,conf/sigmod/BohannonMR01,True,1,ChD3-mp23f8J,0.9803517290121111,0.060447268338755356,0.9199044606733557,0.5000000000000001,True,correct,DBLP,43,True,correct
706,journals/vldb/DeyBS96,True,1,q8IL-AZTmcgJ,0.9807262953207991,0.06660944369054682,0.9141168516302524,0.5000000000000001,True,correct,DBLP,43,True,correct
707,conf/vldb/Duranti01,True,1,gQW6iYG5Vh0J,0.9857353020027508,0.26447260621295277,0.7212626957897981,0.5000000000000001,True,correct,DBLP,43,True,correct
708,journals/tods/PolyzoisG94,True,2,LoL0Yu6h4VAJ,0.980734890131488,0.964333966349554,0.016400923781933918,0.5000000000000001,True,correct,DBLP,43,True,correct
709,conf/sigmod/ClossmanSHKPB98,True,4,Q0Jr0CGWn5MJ,0.6318781963873255,0.4767565424513975,0.15512165393592797,0.5000000000000001,True,correct,DBLP,43,True,correct
710,conf/sigmod/DraperHW01,True,3,sURGDemFSsUJ,0.9835306738316133,0.865959664533585,0.11757100929802833,0.5000000000000001,True,correct,DBLP,43,True,correct
711,conf/vldb/NgY94,True,3,1O-Uy922LQUJ,0.9767615838686419,0.8778387238522798,0.09892286001636208,0.5000000000000001,True,correct,DBLP,43,True,correct
712,conf/vldb/RossS97,True,4,-rTWS2erFQcJ,0.980756335995467,0.8579219861655406,0.12283434982992636,0.5000000000000001,True,correct,DBLP,43,True,correct
713,conf/sigmod/DasuJMS02,True,3,POt1WbTBB4cJ,0.9856448964791715,0.9409424270366799,0.04470246944249168,0.5000000000000001,True,correct,DBLP,43,True,correct
714,conf/sigmod/GeorgeH97,True,3,Ah9B3bWU0jEJ,0.9902426264979829,0.916819851433161,0.07342277506482187,0.5000000000000001,True,correct,DBLP,43,True,correct
715,journals/sigmod/Huyn01,True,1,KNYDz76C_HsJ,0.9901881387064638,0.005319448226569373,0.9848686904798944,0.5000000000000001,True,correct,DBLP,43,True,correct
716,conf/vldb/JermaineDO99,True,2,eawaEzvWj4gJ,0.9857352820926777,0.2681569112516422,0.7175783708410355,0.5000000000000001,True,correct,DBLP,43,True,correct
717,conf/sigmod/LiBCS00,True,1,4abl38Q9iH4J,0.9773741218014685,0.0027126005050081186,0.9746615212964604,0.5000000000000001,True,correct,DBLP,43,True,correct
718,journals/sigmod/Chamberlin03,False,0,MgMdNhAX41cJ,0.0005784874231554314,0.0004326390872458775,0.00014584833590955393,0.5000000000000001,False,unmatched_abstention,DBLP,43,False,unmatched_abstention
719,conf/vldb/BernsteinPS99,True,1,JcHiZlbsts0J,0.987300580706194,0.85056282448311,0.13673775622308393,0.5000000000000001,True,correct,DBLP,43,True,correct
720,journals/vldb/NgS98,True,3,url:http://www.springerlink.com/index/85D6LYCWB48DWBKW.pdf,0.9758511281313228,0.9297656920861214,0.04608543604520143,0.5000000000000001,True,correct,DBLP,43,True,correct
721,conf/sigmod/Galindo-LegariaJ01,True,1,BSlaDX5r0HQJ,0.9864856443466418,0.002138440265436453,0.9843472040812054,0.5000000000000001,True,correct,DBLP,43,True,correct
722,journals/sigmod/Wade96,True,1,AYtrcxExrbkJ,0.9635266945640658,0.00013823982684007315,0.9633884547372258,0.5000000000000001,True,correct,DBLP,43,True,correct
723,conf/vldb/IdrisGC94,True,2,Xf7TnMxlGTkJ,0.9740193159192494,0.12543725759112404,0.8485820583281254,0.5000000000000001,True,correct,DBLP,43,True,correct
724,journals/sigmod/Abiteboul99,True,2,J_7kZS39msAJ,0.9871295448742569,0.648967321853045,0.3381622230212119,0.5000000000000001,True,correct,DBLP,43,True,correct
725,conf/vldb/VassalosP97,True,8,kG-k9420fGMJ,0.9900006014383661,0.9727815041765752,0.01721909726179094,0.5000000000000001,True,correct,DBLP,43,True,correct
726,conf/vldb/ViverosNR96,True,2,YWG9plUEbigJ,0.8879845454164156,0.8413468863778406,0.046637659038574975,0.5000000000000001,True,correct,DBLP,43,True,correct
727,conf/vldb/BalminPP00,True,1,FoAVdcYe0tsJ,0.9852548690333341,0.7584502200210431,0.22680464901229103,0.5000000000000001,True,correct,DBLP,43,True,correct
728,journals/tods/KossmannS00,True,2,PnGVbzQCWY0J,0.9863323781803992,0.3563772598137877,0.6299551183666114,0.5000000000000001,True,correct,DBLP,43,True,correct
729,journals/tods/CasatiCPP99,True,6,6F_cUJERo6sJ,0.9863323727783241,0.9325516841368531,0.05378068864147101,0.5000000000000001,True,correct,DBLP,43,True,correct
730,journals/vldb/BunemanFS00,True,1,E_CQlx3K0W4J,0.9862840210000995,0.009035806480319509,0.97724821451978,0.5000000000000001,True,correct,DBLP,43,True,correct
731,journals/vldb/Cobb97,True,1,R6XK3NbfZrgJ,0.9418271424203527,0.004490247652595485,0.9373368947677572,0.5000000000000001,True,correct,DBLP,43,True,correct
732,conf/vldb/BrinkhoffK94,True,2,egvBPvtoaMMJ,0.9792135042509706,0.8336399566615401,0.14557354758943053,0.5000000000000001,True,correct,DBLP,43,True,correct
733,journals/sigmod/HasanFV96,True,3,m2CCumFeAWgJ,0.9901881288428759,0.9657874656913762,0.02440066315149969,0.5000000000000001,True,correct,DBLP,43,True,correct
734,conf/vldb/GantiLR00,True,2,V7byawkFcZMJ,0.9883284636956307,0.7342899441675901,0.2540385195280406,0.5000000000000001,True,correct,DBLP,43,True,correct
735,journals/vldb/SwamiS95,True,1,S6TmnZKgmxwJ,0.9808763395709259,0.0025737883970215585,0.9783025511739043,0.5000000000000001,True,correct,DBLP,43,True,correct
736,conf/sigmod/BabcockBDM03,True,4,a2wqpKma5J4J,0.9902426311698326,0.9475864985135675,0.04265613265626511,0.5000000000000001,True,correct,DBLP,43,True,correct
737,journals/vldb/AntoshenkovZ96,True,2,N8syKKPN6IoJ,0.9862840286611482,0.7621377984265442,0.224146230234604,0.5000000000000001,True,correct,DBLP,43,True,correct
738,conf/vldb/MankuM02,True,3,WS4ljty1ff8J,0.9876469629444419,0.9317852697307185,0.05586169321372336,0.5000000000000001,True,correct,DBLP,43,True,correct
739,conf/vldb/SistlaYLL95,True,3,HtTNmhCJY-oJ,0.9700753609400785,0.9295207938346494,0.04055456710542915,0.5000000000000001,True,correct,DBLP,43,True,correct
740,conf/vldb/BonczMK99,True,4,xWYu2JWiF_kJ,0.9592411405121953,0.953560619975904,0.005680520536291311,0.5000000000000001,True,correct,DBLP,43,True,correct
741,conf/vldb/RezendeH98,True,1,njuthCBUMPAJ,0.926761032542478,0.09111608672469969,0.8356449458177783,0.5000000000000001,True,correct,DBLP,43,True,correct
742,conf/vldb/LiM01,True,3,vkMYwC5tzUgJ,0.9900005934316047,0.9312899172429129,0.05871067618869186,0.5000000000000001,True,correct,DBLP,43,True,correct
743,conf/sigmod/JagatheesanR03,True,4,fobv5DPqKUcJ,0.9639781378399306,0.957615780426995,0.00636235741293556,0.5000000000000001,True,correct,DBLP,43,True,correct
744,journals/tods/BaralisW00,True,1,4RrNbX-RjpsJ,0.9863323705459821,0.37640717711985994,0.6099251934261222,0.5000000000000001,True,correct,DBLP,43,True,correct
745,conf/sigmod/RundensteinerWYD02,True,1,7MfXAAdBQ2EJ,0.9837757077458474,0.004115219876971096,0.9796604878688764,0.5000000000000001,True,correct,DBLP,43,True,correct
746,conf/vldb/PereiraFJLS01,True,2,Cd6A4nsDnkQJ,0.9756706476536513,0.949086201054778,0.026584446598873268,0.5000000000000001,True,correct,DBLP,43,True,correct
747,conf/vldb/LockemannKKKN97,True,1,mFJzfuwL1jcJ,0.9638731257296212,0.00414665070897795,0.9597264750206433,0.5000000000000001,True,correct,DBLP,43,True,correct
748,conf/vldb/DattaRT99,True,1,gckQTLQjsj8J,0.985735304331202,0.0018538072919236698,0.9838814970392784,0.5000000000000001,True,correct,DBLP,43,True,correct
749,conf/sigmod/BunemanDHS96,True,9,rNVPCLfguuMJ,0.9902426264979829,0.945639664286704,0.04460296221127891,0.5000000000000001,True,correct,DBLP,43,True,correct
750,conf/vldb/MengLLA03,True,2,_dOpWA3QWOEJ,0.9883685102050482,0.5270132517468454,0.4613552584582028,0.5000000000000001,True,correct,DBLP,43,True,correct
751,journals/sigmod/Bohlen95,True,5,WnwPjh0a0twJ,0.9659924935367142,0.8744198857703879,0.09157260776632636,0.5000000000000001,True,correct,DBLP,43,True,correct
752,journals/sigmod/WinslettCDHZZ02,True,1,url:http://portal.acm.org/ft_gateway.cfm%3Fid%3D601881%26type%3Dpdf%26dl%3DGUIDE%26dl%3DACM%26CFID%3D11111111%26CFTOKEN%3D2222222,0.9869546466143188,0.051814847605506344,0.9351397990088124,0.5000000000000001,True,correct,DBLP,43,True,correct
753,conf/sigmod/MelnikRB03,True,4,wfjeWtEY2NcJ,0.9889227771949175,0.9842550792451341,0.004667697949783389,0.5000000000000001,True,correct,DBLP,43,True,correct
754,conf/sigmod/KangN03,True,1,ABztkd0E9lUJ,0.9891558701396229,0.00211775796778159,0.9870381121718413,0.5000000000000001,True,correct,DBLP,43,True,correct
755,journals/sigmod/Datta94,True,2,PPH2NlobSwsJ,0.9901881249496111,0.9701725176582904,0.02001560729132068,0.5000000000000001,True,correct,DBLP,43,True,correct
756,conf/vldb/KeimH99,True,1,28GZ8M1ZPVYJ,0.9879788994572497,0.002211282844702116,0.9857676166125476,0.5000000000000001,True,correct,DBLP,43,True,correct
757,conf/vldb/BenediktCFRZZ02,True,1,7xe6Gp9fIEEJ,0.6961237319192438,0.00038276205610074393,0.695740969863143,0.5000000000000001,True,correct,DBLP,43,True,correct
758,journals/sigmod/Mendelzon98,False,0,LxniIL-QAhgJ,0.13710098072702018,0.024964584129057,0.11213639659796318,0.5000000000000001,False,unmatched_abstention,DBLP,43,False,unmatched_abstention
759,conf/vldb/EleftheriouBCDHLPPABDDDGJHLRSVW03,True,1,hRToevpkaa0J,0.9707888117479694,0.0014870136364630979,0.9693017981115063,0.5000000000000001,True,correct,DBLP,43,True,correct
760,conf/sigmod/CherniackZ96,True,3,ZsHfcZJwFQQJ,0.9875235886846743,0.8972027950812129,0.09032079360346135,0.5000000000000001,True,correct,DBLP,43,True,correct
761,conf/sigmod/LehnerSPC00,True,3,UFKz6Q0wVi4J,0.9749794408931586,0.9517250465785543,0.0232543943146043,0.5000000000000001,True,correct,DBLP,43,True,correct
762,journals/sigmod/Hammer03,True,1,url:http://portal.acm.org/ft_gateway.cfm%3Fid%3D601859%26type%3Dpdf%26dl%3DGUIDE%26dl%3DACM%26CFID%3D11111111%26CFTOKEN%3D2222222,0.457664878937171,0.005761250676478249,0.45190362826069275,0.5000000000000001,False,missing_match,DBLP,43,True,correct
763,conf/sigmod/LuoEHN02,True,1,7p7mpmvIBrYJ,0.7422161727117063,0.0033819457722813057,0.7388342269394249,0.5000000000000001,True,correct,DBLP,43,True,correct
764,journals/tods/Chen95a,True,1,qexCEm3QaUgJ,0.9863323702718916,0.19787759784061515,0.7884547724312765,0.5000000000000001,True,correct,DBLP,43,True,correct
765,journals/sigmod/JensenCEGHJ94,True,13,url:http://portal.acm.org/ft_gateway.cfm%3Fid%3D181560%26type%3Dpdf%26coll%3DGUIDE%26dl%3DACM%26CFID%3D11111111%26CFTOKEN%3D2222222,0.9584961666903218,0.8930201076776895,0.06547605901263231,0.5000000000000001,True,correct,DBLP,43,True,correct
766,conf/sigmod/JosifovskiSHL02,True,1,xA9KNostV4cJ,0.9709851550528883,0.00015870658531169795,0.9708264484675766,0.5000000000000001,True,correct,DBLP,43,True,correct
767,journals/sigmod/LabrinidisM01,True,1,url:http://portal.acm.org/ft_gateway.cfm%3Fid%3D603886%26type%3Dpdf%26dl%3DGUIDE%26dl%3DACM%26CFID%3D11111111%26CFTOKEN%3D2222222,0.987608086439764,0.00835545700776311,0.979252629432001,0.5000000000000001,True,correct,DBLP,43,True,correct
768,journals/tods/AikenHW95,True,3,U8ZlWhxgtxYJ,0.9652389765225965,0.8878107602281159,0.0774282162944806,0.5000000000000001,True,correct,DBLP,43,True,correct
769,conf/vldb/DittrichSTW02,True,1,egCgEjikCgAJ,0.9847257349438543,0.0016664146466111613,0.9830593202972431,0.5000000000000001,True,correct,DBLP,43,True,correct
770,conf/vldb/SeifertS02,True,2,1VEHUogTMZMJ,0.9888870544823825,0.7979737792323575,0.190913275250025,0.5000000000000001,True,correct,DBLP,43,True,correct
771,conf/sigmod/JonssonFS98,True,2,5fb1l1MyGisJ,0.9862985877830142,0.8990511976395302,0.08724739014348393,0.5000000000000001,True,correct,DBLP,43,True,correct
772,conf/sigmod/BrinkhoffKSS94a,True,1,yp82ArYEGxIJ,0.8972399653635795,0.021148005148200165,0.8760919602153794,0.5000000000000001,True,correct,DBLP,43,True,correct
773,conf/vldb/ChoN02,True,2,4tTQJrG4pn8J,0.9900006135303929,0.8511552547117424,0.13884535881865057,0.5000000000000001,True,correct,DBLP,43,True,correct
774,conf/vldb/BlokWZPAKJ01,True,2,jxPqWIuxhvwJ,0.9747871899367917,0.8825787569410277,0.09220843299576398,0.5000000000000001,True,correct,DBLP,43,True,correct
775,conf/sigmod/FranklinZ98,True,2,5Cj9Wx8llkwJ,0.9609417618660301,0.8802231765627176,0.08071858530331244,0.5000000000000001,True,correct,DBLP,43,True,correct
776,conf/sigmod/2002,False,0,aYljR4znM8gJ,0.0014212613781576318,0.00043887661848004196,0.0009823847596775897,0.5000000000000001,False,unmatched_abstention,DBLP,43,False,unmatched_abstention
777,journals/sigmod/LenzeriniNNS01,False,0,url:http://portal.acm.org/ft_gateway.cfm%3Fid%3D290595%26type%3Dpdf%26dl%3DGUIDE%26dl%3DACM%26CFID%3D11111111%26CFTOKEN%3D2222222,0.16394284168937706,0.021461293723738933,0.14248154796563814,0.5000000000000001,False,unmatched_abstention,DBLP,43,True,false_link
778,conf/sigmod/Hidber99,True,2,Rn-E82gM1RQJ,0.9592665017446194,0.8005728113727542,0.1586936903718652,0.5000000000000001,True,correct,DBLP,43,True,correct
779,conf/sigmod/ZhangNDLL01,True,2,ryaV3kTsJ2IJ,0.9902426319698301,0.7130161287707608,0.2772265031990693,0.5000000000000001,True,correct,DBLP,43,True,correct
780,conf/sigmod/GoldmanW00,True,1,Ol886Ck3jz4J,0.9902426264979829,0.00042953692807182973,0.9898130895699111,0.5000000000000001,True,correct,DBLP,43,True,correct
781,journals/sigmod/Jhingran00,True,1,lrGge6mTVckJ,0.9901881233407668,0.00023394617143036465,0.9899541771693364,0.5000000000000001,True,correct,DBLP,43,True,correct
782,conf/sigmod/Ballinger94,True,1,xGGBIZmLvmgJ,0.9877844816026072,0.001650522706984852,0.9861339588956224,0.5000000000000001,True,correct,DBLP,43,True,correct
783,journals/vldb/PottingerH01,True,4,Kv3ZFRUKCogJ,0.9862840423950499,0.6193412475926314,0.3669427948024184,0.5000000000000001,True,correct,DBLP,43,True,correct
784,journals/vldb/LiangOY00,True,1,ikw-En98LywJ,0.9811255434069255,0.02681985174412453,0.954305691662801,0.5000000000000001,True,correct,DBLP,43,True,correct
785,conf/sigmod/BonnetBCCCHKMMOSS99,False,0,QuUCX1UWWC0J,0.00014275779126291996,9.68927699171967e-05,4.5865021345723266e-05,0.5000000000000001,False,unmatched_abstention,DBLP,43,False,unmatched_abstention
786,conf/sigmod/GarofalakisG02,True,2,6EaC2CmjsmAJ,0.9297191974379247,0.6337467209145494,0.2959724765233753,0.5000000000000001,True,correct,DBLP,43,True,correct
787,conf/vldb/RastogiS98,True,5,yztQfwBZU6EJ,0.9704132206467484,0.9680507100652103,0.0023625105815381353,0.5000000000000001,True,correct,DBLP,43,True,correct
788,conf/vldb/KilgerM94,True,1,OzgnxugGCWMJ,0.9900006135303929,0.003104256244386359,0.9868963572860066,0.5000000000000001,True,correct,DBLP,43,True,correct
789,conf/vldb/Vingralek02,False,0,1R21hO7j9sQJ,0.0004488870040273964,0.00040697646053038117,4.1910543497015226e-05,0.5000000000000001,False,unmatched_abstention,DBLP,43,False,unmatched_abstention
790,conf/vldb/GrumbachRS00,True,1,iQ3Zi3crc9wJ,0.990000595832161,0.0006539547703032333,0.9893466410618578,0.5000000000000001,True,correct,DBLP,43,True,correct
791,conf/vldb/WangZ00,True,2,eDa9jQWsTMoJ,0.9852548542843191,0.8362060727967385,0.1490487814875806,0.5000000000000001,True,correct,DBLP,43,True,correct
792,journals/sigmod/Hoffner03,True,1,url:http://portal.acm.org/citation.cfm%3Fid%3D776985.776995%26coll%3DGUIDE%26dl%3DACM%26idx%3DJ689%26part%3Dperiodical%26WantType%3Dperiodical%26title%3DACM%2520SIGMOD%2520Record%26CFID%3D11111111%26CFTOKEN%3D2222222,0.9553358115647341,0.0007008107282430513,0.9546350008364911,0.5000000000000001,True,correct,DBLP,43,True,correct
793,conf/vldb/DeRose99,True,1,_7DyRIjTceAJ,0.9766471490464748,0.0006342703955917716,0.976012878650883,0.5000000000000001,True,correct,DBLP,43,True,correct
794,conf/sigmod/RaoZML02,True,2,7Ucs6vmjHN0J,0.9775310631463984,0.9433552097112672,0.03417585343513119,0.5000000000000001,True,correct,DBLP,43,True,correct
795,conf/vldb/ChatziantoniouR97,True,2,Xx-pSjq7Mv8J,0.9715037050328932,0.9642213610973007,0.007282343935592461,0.5000000000000001,True,correct,DBLP,43,True,correct
796,conf/sigmod/ArasuG03,True,3,zN8ngmWNDlgJ,0.957615780426995,0.8318639346972422,0.12575184572975284,0.5000000000000001,True,correct,DBLP,43,True,correct
797,conf/sigmod/RamaswamyK95,True,3,g9Y0KAu_UHQJ,0.9438974540783032,0.9317958400280341,0.012101614050269105,0.5000000000000001,True,correct,DBLP,43,True,correct
798,conf/sigmod/Carey94,True,1,Lj8CI8ALd9UJ,0.9253319369810381,0.025835474942787658,0.8994964620382504,0.5000000000000001,True,correct,DBLP,43,True,correct
799,conf/vldb/GalhardasFSSS01,True,6,nlOAkKW_ry8J,0.9882837979081961,0.9406484617677964,0.04763533614039972,0.5000000000000001,True,correct,DBLP,43,True,correct
800,journals/sigmod/Vianu03,True,2,JgenqfLQC1UJ,0.9554804582182953,0.3323155172345716,0.6231649409837237,0.5000000000000001,True,correct,DBLP,43,True,correct
801,journals/vldb/AtzeniM00,True,1,wt2W1fPudfIJ,0.002483962008608566,0.001474097634649019,0.0010098643739595468,0.5000000000000001,False,missing_match,DBLP,43,False,missing_match
802,conf/sigmod/AdaliSS99,True,4,c2dH5RxNj6kJ,0.9758842337106345,0.972934059403175,0.0029501743074594744,0.5000000000000001,True,correct,DBLP,43,True,correct
803,conf/vldb/OuzzaniAB94,True,3,CgoUJ7DogcwJ,0.9796730382453014,0.9361578759821353,0.043515162263166096,0.5000000000000001,True,correct,DBLP,43,True,correct
804,journals/vldb/GibsonKR00,True,1,9FBwT6XFOssJ,0.9862840210000995,0.0052505127052747515,0.9810335082948247,0.5000000000000001,True,correct,DBLP,43,True,correct
805,conf/vldb/ZhangL97,True,2,QGopit06CLEJ,0.9881062641295849,0.9532133748498135,0.03489288927977141,0.5000000000000001,True,correct,DBLP,43,True,correct
806,conf/sigmod/PoosalaIHS96,True,9,hHGQKstQ2PQJ,0.9735899728473734,0.9678358264717998,0.005754146375573588,0.5000000000000001,True,correct,DBLP,43,True,correct
807,conf/sigmod/Kohler99,False,0,ZSR-MThg9UEJ,0.0004518078932161115,0.000341675367949719,0.00011013252526639254,0.5000000000000001,False,unmatched_abstention,DBLP,43,False,unmatched_abstention
808,conf/vldb/NathDKGKS03,True,3,pF6EW_yKYyYJ,0.9800361964595239,0.9103071020860621,0.06972909437346175,0.5000000000000001,True,correct,DBLP,43,True,correct
809,journals/sigmod/ACT-NET96,True,3,FTDeavdkHpsJ,0.15672914599038495,0.13381626521303697,0.022912880777347988,0.5000000000000001,False,missing_match,DBLP,43,True,correct
810,conf/sigmod/BrodskySCE99,True,3,jnBo-gBTmAcJ,0.9584262960476481,0.8857695098250054,0.07265678622264271,0.5000000000000001,True,correct,DBLP,43,True,correct
811,conf/sigmod/AcharyaGP00,True,3,WGWZ2cNZW2YJ,0.9895122167607459,0.9190604505518126,0.07045176620893323,0.5000000000000001,True,correct,DBLP,43,True,correct
812,conf/sigmod/JajodiaSSB97,True,4,p-m7MMOS2aUJ,0.9529021118311782,0.9490190734191627,0.003883038412015538,0.5000000000000001,True,correct,DBLP,43,True,correct
813,conf/sigmod/WattezCBFF00,True,1,1SA9LhktHsUJ,0.9873123431048072,0.0007217902236094625,0.9865905528811978,0.5000000000000001,True,correct,DBLP,43,True,correct
814,conf/vldb/GoldsteinR00,True,4,ylZFc8RNoeQJ,0.9852548548750709,0.9343803208925509,0.050874533982520065,0.5000000000000001,True,correct,DBLP,43,True,correct
815,conf/sigmod/Melling94,True,1,j4O-xhs1QAgJ,0.9857741474010346,0.006721712817995498,0.9790524345830391,0.5000000000000001,True,correct,DBLP,43,True,correct
816,conf/vldb/HumborstadSHT97,True,1,TjJZGlCajbMJ,0.6376792250865472,0.0003383030107514896,0.6373409220757957,0.5000000000000001,True,correct,DBLP,43,True,correct
817,conf/sigmod/HanKS97,True,4,nD_Yjp9TNuIJ,0.9902426417791675,0.9237467052066799,0.06649593657248765,0.5000000000000001,True,correct,DBLP,43,True,correct
818,conf/vldb/KumarKA97,True,3,EhTWppk6No8J,0.9830038991697476,0.9530936789902353,0.02991022017951228,0.5000000000000001,True,correct,DBLP,43,True,correct
819,journals/sigmod/Cardelli01,True,1,UYAoi4DYOXUJ,0.9901881211600226,0.011438739881124791,0.9787493812788979,0.5000000000000001,True,correct,DBLP,43,True,correct
820,conf/sigmod/Chamberlin03,True,2,PYiczYqMYLEJ,0.4457941968746305,0.37927974107261814,0.06651445580201237,0.5000000000000001,False,missing_match,DBLP,43,True,false_link
821,conf/sigmod/BarbaraI94,True,10,GXhaGGajWZkJ,0.9801557091183573,0.9661062332950254,0.014049475823331825,0.5000000000000001,True,correct,DBLP,43,True,correct
822,conf/sigmod/SimmenSM96,True,1,XVP8s4K0Bg4J,0.9867191937677919,0.0014415177469099053,0.985277676020882,0.5000000000000001,True,correct,DBLP,43,True,correct
823,journals/tods/KonopnickiS98,True,2,BKUtItHoTX8J,0.986027640927541,0.7953688427489674,0.19065879817857367,0.5000000000000001,True,correct,DBLP,43,True,correct
824,journals/tods/GraefeC95,True,1,Bn8s7u5T9SAJ,0.9838461915484835,0.004240717157263039,0.9796054743912205,0.5000000000000001,True,correct,DBLP,43,True,correct
825,journals/sigmod/RamamrithamSSTX96,True,1,kezAM71rts0J,0.9828843982460489,0.021364304386047923,0.9615200938600009,0.5000000000000001,True,correct,DBLP,43,True,correct
826,conf/sigmod/PengC03,True,1,4Zlh-TEx9m4J,0.9450847338485079,0.5402832174655685,0.4048015163829394,0.5000000000000001,True,correct,DBLP,43,True,correct
827,conf/sigmod/DeshpandeRSN98,True,1,BXB96UFPHn8J,0.9613535825026319,0.027020664080907714,0.9343329184217242,0.5000000000000001,True,correct,DBLP,43,True,correct
828,journals/sigmod/JainH94,True,3,iQMUP3fkvo4J,0.9901881458174053,0.8673693758417644,0.1228187699756409,0.5000000000000001,True,correct,DBLP,43,True,correct
829,journals/sigmod/Qian95a,True,1,url:http://portal.acm.org/ft_gateway.cfm%3Fid%3D212022%26type%3Dpdf%26dl%3DGUIDE%26dl%3DACM%26CFID%3D11111111%26CFTOKEN%3D2222222,0.9901881233407668,0.0134156751855224,0.9767724481552443,0.5000000000000001,True,correct,DBLP,43,True,correct
830,journals/sigmod/ChangASS98,True,2,CPzROuDNZqgJ,0.9901881249496111,0.7866462950642227,0.20354182988538838,0.5000000000000001,True,correct,DBLP,43,True,correct
831,conf/sigmod/NatsevRS99,True,3,OtJVavxuuYgJ,0.9611923844854457,0.9200380187945933,0.0411543656908524,0.5000000000000001,True,correct,DBLP,43,True,correct
832,journals/tods/Chen95,True,1,1px2xYEVMzwJ,0.9863323705459821,0.004590021463574681,0.9817423490824074,0.5000000000000001,True,correct,DBLP,43,True,correct
833,journals/sigmod/DreyerDS94,True,1,GCf11c7YuucJ,0.9876376915629763,0.01139460233069826,0.9762430892322781,0.5000000000000001,True,correct,DBLP,43,True,correct
834,conf/vldb/FuC94,True,1,ReboDjzo5y0J,0.9734224288229415,0.0010088680680101743,0.9724135607549313,0.5000000000000001,True,correct,DBLP,43,True,correct
835,conf/sigmod/FabretJLPRS01,True,4,8lBDhvljrAEJ,0.9701731066534413,0.8389926065898321,0.13118050006360915,0.5000000000000001,True,correct,DBLP,43,True,correct
836,conf/vldb/ChawatheCY94,True,1,VPwP1w9wvhEJ,0.9693323413125249,0.0009674402309886506,0.9683649010815363,0.5000000000000001,True,correct,DBLP,43,True,correct
837,conf/sigmod/Sahuguet01,True,2,xb63RaGQYmYJ,0.9697843997238625,0.7896970320566903,0.18008736766717226,0.5000000000000001,True,correct,DBLP,43,True,correct
838,journals/vldb/LaurentLSV01,True,1,TTIgIh9uC_YJ,0.9790253069388094,0.0003658236712922275,0.9786594832675172,0.5000000000000001,True,correct,DBLP,43,True,correct
839,journals/vldb/NybergBCGL95,True,2,A1phylxPkl4J,0.9862840210000995,0.9592385748225798,0.027045446177519694,0.5000000000000001,True,correct,DBLP,43,True,correct
840,conf/sigmod/BunemanM95,True,1,V9DIFmU3vi8J,0.9873747295284073,0.006393987338558487,0.9809807421898489,0.5000000000000001,True,correct,DBLP,43,True,correct
841,conf/sigmod/Nori00,True,1,url:http://portal.acm.org/citation.cfm%3Fid%3D342009.335474,0.9061961843338543,0.00017502764465356823,0.9060211566892007,0.5000000000000001,True,correct,DBLP,43,False,missing_match
842,journals/sigmod/Wiegand03,False,0,i3-F0UM7NxQJ,0.0016282511620112382,0.0010313906011942724,0.0005968605608169658,0.5000000000000001,False,unmatched_abstention,DBLP,43,False,unmatched_abstention
843,journals/sigmod/SchmidtWKFCMB01,True,3,fc8y9x82jqAJ,0.9865543731453287,0.9753199958118135,0.011234377333515178,0.5000000000000001,True,correct,DBLP,43,True,correct
844,journals/sigmod/Kim94,True,1,930Uth7EArkJ,0.9026999076990978,0.00038083351461429325,0.9023190741844835,0.5000000000000001,True,correct,DBLP,43,True,correct
845,conf/sigmod/DarR94,True,1,TtV6gGLQ9NMJ,0.9902426280979785,0.16302580711778256,0.8272168209801959,0.5000000000000001,True,correct,DBLP,43,True,correct
846,conf/vldb/GibbonsMP97,True,1,QKnjF3UgncMJ,0.9363579870176575,0.07035801473704735,0.8659999722806101,0.5000000000000001,True,correct,DBLP,43,True,correct
847,conf/sigmod/Rodriguez-Martinez00,True,1,ZX_Rn4h2st0J,0.9250566744023749,0.022823064356935336,0.9022336100454396,0.5000000000000001,True,correct,DBLP,43,True,correct
848,journals/vldb/GarofalakisOS98,True,1,byJ0lVRijnkJ,0.9672242162718107,0.10371701835706647,0.8635071979147442,0.5000000000000001,True,correct,DBLP,43,True,correct
849,conf/sigmod/FlorescuGKR02,True,1,uam2rv99rxsJ,0.9150683390274731,0.09509682580531544,0.8199715132221577,0.5000000000000001,True,correct,DBLP,43,True,correct
850,conf/vldb/GarofalakisIO98,True,2,ReV4xpbiC6EJ,0.9646353260501005,0.43843412201595966,0.5262012040341408,0.5000000000000001,True,correct,DBLP,43,True,correct
851,conf/sigmod/GorelikWD94,True,3,1QvhrpZ7KBgJ,0.9632041344128874,0.833942993475948,0.1292611409369394,0.5000000000000001,True,correct,DBLP,43,True,correct
852,journals/sigmod/DomenigD99,True,2,S6TMGRGUq1IJ,0.9885887454023798,0.6231250102327469,0.36546373516963293,0.5000000000000001,True,correct,DBLP,43,True,correct
853,journals/sigmod/Franklin98,False,0,ntqMqfgRXM4J,0.543450422244227,0.48852425840434677,0.05492616383988025,0.5000000000000001,True,false_link,DBLP,43,False,unmatched_abstention
854,journals/sigmod/PapazoglouH99,True,2,WbsAK4ZE17YJ,0.9901881249496111,0.7080454920899222,0.2821426328596889,0.5000000000000001,True,correct,DBLP,43,True,correct
855,conf/vldb/LingLL00,True,2,yKnPPSNrDb0J,0.9814364640756718,0.9397055623271924,0.041730901748479377,0.5000000000000001,True,correct,DBLP,43,True,correct
856,conf/sigmod/WangSCRZP97,True,2,chcojj8yN1sJ,0.9567830115059819,0.2527206844899149,0.704062327016067,0.5000000000000001,True,correct,DBLP,43,True,correct
857,conf/sigmod/LarsonG98,True,2,QmBz3hMOFh4J,0.9511372731457851,0.9262068961866171,0.024930376959168,0.5000000000000001,True,correct,DBLP,43,True,correct
858,journals/vldb/PoulovassilisS96,True,2,B87s9MFTeZ8J,0.98628403856453,0.8384817350440014,0.1478023035205286,0.5000000000000001,True,correct,DBLP,43,True,correct
859,conf/vldb/FlorescuLS98,False,0,ukgazb6f4a4J,0.012278614888047074,0.009693082858116433,0.002585532029930641,0.5000000000000001,False,unmatched_abstention,DBLP,43,False,unmatched_abstention
860,conf/vldb/BassiliadesV95,True,2,url:http://portal.acm.org/citation.cfm%3Fid%3D673137,0.985735279764223,0.7849911850452859,0.20074409471893717,0.5000000000000001,True,correct,DBLP,43,True,correct
861,journals/sigmod/Wiegand02,True,1,RAcoVQuEzD8J,0.9901881403153058,0.000967247238990842,0.9892208930763149,0.5000000000000001,True,correct,DBLP,43,True,correct
862,conf/vldb/ViglasNB03,True,1,GGX9LS25OhwJ,0.9846986444484559,0.04123205614465996,0.9434665883037959,0.5000000000000001,True,correct,DBLP,43,True,correct
863,journals/sigmod/NestorovAM97,True,1,NVS_rDpScp0J,0.9886836845237535,0.020248624312873022,0.9684350602108805,0.5000000000000001,True,correct,DBLP,43,True,correct
864,journals/vldb/RamamurthyDS03,True,3,uem5wXLoU0wJ,0.9792944559701938,0.868587286613373,0.11070716935682079,0.5000000000000001,True,correct,DBLP,43,True,correct
865,conf/sigmod/DogacAEOADAOS94,True,5,AgBMhm_0uEIJ,0.9342950467368121,0.6352514011508119,0.29904364558600016,0.5000000000000001,True,correct,DBLP,43,True,correct
866,conf/vldb/Cabrera03,True,1,url:http://wwwdb.informatik.uni-rostock.de/vldb2003/papers/S31P01.pdf,0.9602624512104646,0.015446894450412687,0.9448155567600519,0.5000000000000001,True,correct,DBLP,43,True,correct
867,journals/vldb/RamamohanaraoH94,True,2,UiWvxN_y9SAJ,0.98628403856453,0.8521936243301919,0.1340904142343381,0.5000000000000001,True,correct,DBLP,43,True,correct
868,conf/vldb/HulgeriS03,True,1,l5_H15LkpCsJ,0.9857352785999955,0.25071494074378187,0.7350203378562137,0.5000000000000001,True,correct,DBLP,43,True,correct
869,journals/sigmod/Hainaut03,True,1,url:http://portal.acm.org/ft_gateway.cfm%3Fid%3D959087%26type%3Dpdf%26coll%3DGUIDE%26dl%3DACM%26CFID%3D11111111%26CFTOKEN%3D2222222,0.9836071183091599,0.014235412434945444,0.9693717058742145,0.5000000000000001,True,correct,DBLP,43,True,correct
870,conf/sigmod/Bosworth03,False,0,vtgbh3Fwu58J,0.3264925259974784,0.042038773351073734,0.28445375264640466,0.5000000000000001,False,unmatched_abstention,DBLP,43,False,unmatched_abstention
871,journals/sigmod/TsotrasJS98,True,2,f3-E7x12K4gJ,0.9866574792143513,0.7063388445338268,0.28031863468052454,0.5000000000000001,True,correct,DBLP,43,True,correct
872,journals/vldb/RamakrishnanSSS94,True,3,rgA2DgNVPBUJ,0.9845666007127404,0.39531819582217226,0.5892484048905682,0.5000000000000001,True,correct,DBLP,43,True,correct
873,conf/vldb/ChenDZ03,True,2,cCpHMzAXRnsJ,0.9785504540209088,0.5793991372812543,0.39915131673965454,0.5000000000000001,True,correct,DBLP,43,True,correct
874,journals/sigmod/BhargavaAP95,True,2,Sql66UDiVnwJ,0.9901881233407668,0.9176153679100499,0.07257275543071684,0.5000000000000001,True,correct,DBLP,43,True,correct
875,conf/vldb/CiacciaPZ97,True,8,HQQsPfQN7q0J,0.9627872466018751,0.9530501209016066,0.009737125700268523,0.5000000000000001,True,correct,DBLP,43,True,correct
876,conf/sigmod/BerchtoldK98,True,5,irJbh9rrinoJ,0.9819839978744497,0.9817148406786589,0.00026915719579079234,0.5000000000000001,True,correct,DBLP,43,True,correct
877,conf/vldb/JagadishLRSS94,True,2,Yiwh22hbTAcJ,0.9646641798052514,0.22705378766080042,0.737610392144451,0.5000000000000001,True,correct,DBLP,43,True,correct
878,conf/sigmod/BhattacharyaMBNHS02,True,3,tsQbSCfQTooJ,0.9863861825492074,0.23860280849464113,0.7477833740545663,0.5000000000000001,True,correct,DBLP,43,True,correct
879,conf/sigmod/AgrawalCN01,True,1,2Ua-pWTof_YJ,0.9902426237620583,0.12706380073796744,0.8631788230240909,0.5000000000000001,True,correct,DBLP,43,True,correct
880,journals/sigmod/BestavrosLS96,True,1,url:http://portal.acm.org/ft_gateway.cfm%3Fid%3D381889%26type%3Dpdf%26dl%3DGUIDE%26dl%3DACM%26CFID%3D11111111%26CFTOKEN%3D2222222,0.19500695288597966,0.18833256267792187,0.0066743902080577955,0.5000000000000001,False,missing_match,DBLP,43,True,false_link
881,conf/vldb/AmirKN01,True,1,dEwdHTZZYWYJ,0.9844714014485985,0.0007115638297683724,0.9837598376188301,0.5000000000000001,True,correct,DBLP,43,True,correct
882,conf/sigmod/GarofalakisI96,True,3,MfPbk62EdyQJ,0.9795873700097725,0.8687311465436566,0.1108562234661159,0.5000000000000001,True,correct,DBLP,43,True,correct
883,conf/sigmod/Chakrabarti99,True,1,url:http://portal.acm.org/ft_gateway.cfm%3Fid%3D304231%26type%3Dpdf%26dl%3DGUIDE%26dl%3DACM%26CFID%3D11111111%26CFTOKEN%3D2222222,0.4893239341136922,0.015334907093773466,0.47398902701991874,0.5000000000000001,False,missing_match,DBLP,43,True,correct
884,conf/sigmod/MorpainCFP96,True,1,98umDgwqRHcJ,0.9799983846089505,0.005466671953409074,0.9745317126555414,0.5000000000000001,True,correct,DBLP,43,True,correct
885,conf/sigmod/Fegaras98,True,1,XVtlJYx2G_wJ,0.9609417999704276,0.005241296279949181,0.9557005036904784,0.5000000000000001,True,correct,DBLP,43,True,correct
886,conf/vldb/Team00,False,0,wgRWDYY7q_8J,0.0005976789461280336,0.00039218009156355486,0.00020549885456447873,0.5000000000000001,False,unmatched_abstention,DBLP,43,False,unmatched_abstention
887,conf/vldb/BamfordBKM98,True,1,rfuptELfgLkJ,0.990000597873991,0.2743906307955346,0.7156099670784564,0.5000000000000001,True,correct,DBLP,43,True,correct
888,conf/sigmod/GrossmanHQ95,True,1,Z_kXgQsN0W0J,0.9541592450598957,0.6327257181402944,0.32143352691960125,0.5000000000000001,True,correct,DBLP,43,True,correct
889,journals/sigmod/GottlobKP03,True,1,rDRdlwdHGb0J,0.9901881156579094,0.09599470940773969,0.8941934062501697,0.5000000000000001,True,correct,DBLP,43,True,correct
890,conf/sigmod/QunLO03,True,2,BnNNuVfklfcJ,0.9498597678552302,0.5583244235188856,0.3915353443363446,0.5000000000000001,True,correct,DBLP,43,True,correct
891,conf/vldb/CarinoOBS99,True,1,47kAOej6WIQJ,0.8226419559940722,0.00101413377779821,0.821627822216274,0.5000000000000001,True,correct,DBLP,43,True,correct
892,journals/tods/CaldersNW02,True,1,DSl0gT8EgR0J,0.9848009569351928,0.0009711900092694617,0.9838297669259233,0.5000000000000001,True,correct,DBLP,43,True,correct
893,conf/sigmod/Aulakh98,True,1,xFK4CkKj14EJ,0.9902426280979785,0.0014380473661684786,0.98880458073181,0.5000000000000001,True,correct,DBLP,43,True,correct
894,conf/vldb/Mihalisin98,True,1,FuzSLPzjrokJ,0.990000597873991,0.00036332129181266404,0.9896372765821783,0.5000000000000001,True,correct,DBLP,43,True,correct
895,conf/sigmod/ButtlerLPP01,True,1,8TcpKdIK1r0J,0.9804382561443069,0.001898961067042755,0.9785392950772641,0.5000000000000001,True,correct,DBLP,43,True,correct
896,conf/vldb/ChoG00,True,6,9MI4jOOqkn4J,0.9900006086854669,0.9543636917954926,0.03563691688997428,0.5000000000000001,True,correct,DBLP,43,True,correct
897,conf/sigmod/BrinDG95,True,3,7mNCkZ7D-R8J,0.9902426264979829,0.9422435479002832,0.047999078597699696,0.5000000000000001,True,correct,DBLP,43,True,correct
898,journals/sigmod/LudascherMM01,True,2,16yr6uv8Rn8J,0.8927881951355982,0.08421193528257993,0.8085762598530182,0.5000000000000001,True,correct,DBLP,43,True,correct
899,conf/sigmod/LakshmananNHP99,True,4,DfOLEzMoEaEJ,0.9859982598743698,0.9372350881682712,0.048763171706098674,0.5000000000000001,True,correct,DBLP,43,True,correct
900,conf/sigmod/JagadishLMSV99,True,1,946iAs3adDcJ,0.8888488100176317,0.016235588902087532,0.8726132211155442,0.5000000000000001,True,correct,DBLP,43,True,correct
901,conf/sigmod/GehrkeGRL99,True,1,s3neqsFCVrAJ,0.958533558504113,0.004162381102094229,0.9543711774020188,0.5000000000000001,True,correct,DBLP,43,True,correct
902,conf/vldb/ChavdaW97,True,2,E9AsPVyCDlMJ,0.9853152660469968,0.31320005090378256,0.6721152151432143,0.5000000000000001,True,correct,DBLP,43,True,correct
903,journals/tods/PetersO97,True,2,mQp5jjo-npAJ,0.9577776612805236,0.7265957971553887,0.23118186412513486,0.5000000000000001,True,correct,DBLP,43,True,correct
904,journals/sigmod/Bernstein01,False,0,K1pma60iA7oJ,0.0009101538679716034,0.0008036789986176127,0.00010647486935399066,0.5000000000000001,False,unmatched_abstention,DBLP,43,False,unmatched_abstention
905,conf/sigmod/VossenW99,True,2,9PhYz-N58A8J,0.9902426280979785,0.048658948515439775,0.9415836795825387,0.5000000000000001,True,correct,DBLP,43,True,correct
906,conf/vldb/Lesk94,True,1,nL5wl20jB-kJ,0.9857352820926777,0.0006428431531472537,0.9850924389395305,0.5000000000000001,True,correct,DBLP,43,True,correct
907,conf/vldb/RohmBSS02,True,2,YMcmy4FOXi8J,0.9835061917107817,0.9822984824607016,0.001207709250080069,0.5000000000000001,True,correct,DBLP,43,True,correct
908,journals/sigmod/MedskerCS95,True,1,url:http://portal.acm.org/ft_gateway.cfm%3Fid%3D202673%26type%3Dpdf%26coll%3DGUIDE%26dl%3DACM%26CFID%3D11111111%26CFTOKEN%3D2222222,0.9888827566070877,0.0015903956390386274,0.9872923609680491,0.5000000000000001,True,correct,DBLP,43,True,correct
909,conf/vldb/XinHLW03,True,1,v0rD-1nzJmYJ,0.9850892623973816,0.00716088387007033,0.9779283785273113,0.5000000000000001,True,correct,DBLP,43,True,correct
910,conf/vldb/Nori02,False,0,gAQqEB3jjxUJ,0.0037015009336344266,0.0010315290127053706,0.0026699719209290563,0.5000000000000001,False,unmatched_abstention,DBLP,43,False,unmatched_abstention
911,conf/sigmod/AcharyaFZ97,True,7,9OEjtHuRUzsJ,0.9902426417791675,0.9644658087412694,0.025776833037898128,0.5000000000000001,True,correct,DBLP,43,True,correct
912,journals/sigmod/Liu02b,False,0,url:http://doi.wiley.com/10.1002/tl.7700,0.5124499415199142,0.5096320193191861,0.0028179222007280735,0.5000000000000001,True,false_link,DBLP,43,False,unmatched_abstention
913,conf/vldb/MatiasVW00,True,2,7SeTnikjovEJ,0.9894383860692514,0.9360000171730108,0.05343836889624054,0.5000000000000001,True,correct,DBLP,43,True,correct
914,journals/vldb/SivasankaranSTPR96,True,3,XX_3v0k3v6QJ,0.9748814867293693,0.943934474761942,0.030947011967427218,0.5000000000000001,True,correct,DBLP,43,True,correct
915,conf/sigmod/Ramanan02,True,1,VGe-IBWyMm4J,0.9902426280979785,0.4361799779630872,0.5540626501348913,0.5000000000000001,True,correct,DBLP,43,True,correct
916,conf/vldb/ManolescuFKXO00,True,5,c22l_WX_ADwJ,0.9884121382797912,0.9251888049845519,0.06322333329523933,0.5000000000000001,True,correct,DBLP,43,True,correct
917,journals/sigmod/Snodgrass01a,False,0,hvdME1Egw6AJ,0.010990669091602215,0.0009270319369489433,0.010063637154653271,0.5000000000000001,False,unmatched_abstention,DBLP,43,False,unmatched_abstention
918,journals/sigmod/RossGR03,False,0,tOa0zXK5Ba4J,0.49590570566961584,0.33792251519087446,0.15798319047874138,0.5000000000000001,False,unmatched_abstention,DBLP,43,True,false_link
919,conf/vldb/HaasB03,True,2,-sWlL27yCP0J,0.9733075381578206,0.9271980051343627,0.04610953302345788,0.5000000000000001,True,correct,DBLP,43,True,correct
920,conf/vldb/KraissW97,True,1,X6w3sK-vb2wJ,0.9095570859287545,0.005118464326849453,0.904438621601905,0.5000000000000001,True,correct,DBLP,43,True,correct
921,conf/vldb/LiCHH97,True,2,DmGBKpaiyGEJ,0.9645436468161985,0.8308368035686639,0.13370684324753468,0.5000000000000001,True,correct,DBLP,43,True,correct
922,conf/vldb/BrightR02,True,1,lovlkpxUzUsJ,0.9900006135303929,0.00016405952972627506,0.9898365540006666,0.5000000000000001,True,correct,DBLP,43,True,correct
923,conf/vldb/AmielBDS94,True,2,hBak02oe1GMJ,0.9834427068970615,0.9650027741440697,0.018439932752991828,0.5000000000000001,True,correct,DBLP,43,True,correct
924,conf/vldb/ShaferA97,True,1,O4UcgdEM7vYJ,0.980035595937746,0.8965278334865167,0.08350776245122937,0.5000000000000001,True,correct,DBLP,43,True,correct
925,conf/sigmod/DreyerDS95,True,2,i1qU2OFSeloJ,0.9515454227245598,0.0938777535473025,0.8576676691772572,0.5000000000000001,True,correct,DBLP,43,True,correct
926,journals/sigmod/Hanna95,True,2,EKqpEdn3kDMJ,0.9821449169284903,0.9095300679136964,0.07261484901479387,0.5000000000000001,True,correct,DBLP,43,True,correct
927,conf/vldb/PereiraFLS00,True,4,KAW0nLm2wVAJ,0.9860699774579421,0.9393161261809463,0.04675385127699583,0.5000000000000001,True,correct,DBLP,43,True,correct
928,conf/sigmod/AnnamalaiCD00,True,1,0Igfv6jL3jwJ,0.9840117065513143,0.0032817753544885924,0.9807299311968257,0.5000000000000001,True,correct,DBLP,43,True,correct
929,journals/vldb/HjaltasonS02,True,2,FH41DtWf_jAJ,0.9803117850023901,0.8168095023406682,0.16350228266172195,0.5000000000000001,True,correct,DBLP,43,True,correct
930,journals/sigmod/Snodgrass99,False,0,NHxHsUH9L5MJ,0.10487995862429565,0.06201775039555374,0.04286220822874191,0.5000000000000001,False,unmatched_abstention,DBLP,43,False,unmatched_abstention
931,journals/vldb/BonifatiCP01,True,1,FLTKBG-bw7sJ,0.9862840210000995,0.04541739526275747,0.940866625737342,0.5000000000000001,True,correct,DBLP,43,True,correct
932,conf/sigmod/ChaudhuriGS03,True,1,OFGtGwUHhUQJ,0.9902426311698326,0.00394186172240907,0.9863007694474235,0.5000000000000001,True,correct,DBLP,43,True,correct
933,conf/vldb/MoserKK95,True,4,53hNU_r6-jgJ,0.981061330235371,0.9594723547986935,0.021588975436677482,0.5000000000000001,True,correct,DBLP,43,True,correct
934,conf/sigmod/WitkowskiBBDFGSS03,True,1,ygCe1xRFuKgJ,0.9800243246190127,0.023894871194504688,0.956129453424508,0.5000000000000001,True,correct,DBLP,43,True,correct
935,conf/sigmod/ChawatheRGW96,True,4,ilCT5UFnHxgJ,0.9869031816013303,0.8531589506091274,0.1337442309922029,0.5000000000000001,True,correct,DBLP,43,True,correct
936,conf/vldb/FaloutsosG96,True,3,vwcVawlOJn0J,0.9851151591968026,0.9282834576399734,0.05683170155682915,0.5000000000000001,True,correct,DBLP,43,True,correct
937,conf/sigmod/HanFHCC94,True,3,6M-fnuhWEOIJ,0.9798404457372016,0.9521848375520297,0.027655608185171987,0.5000000000000001,True,correct,DBLP,43,True,correct
938,conf/sigmod/TatarinovVBSSZ02,True,2,0HlMHEPJRH4J,0.9638611913513085,0.9358974668816221,0.027963724469686424,0.5000000000000001,True,correct,DBLP,43,True,correct
939,journals/vldb/FiebigHKMNSW02,True,1,w_FOwUavk0kJ,0.9778417571234815,0.0014273715261788336,0.9764143855973026,0.5000000000000001,True,correct,DBLP,43,True,correct
940,journals/sigmod/Critchlow01,True,1,wuQbvQAcACsJ,0.5340798825293933,0.0006516905156068518,0.5334281920137864,0.5000000000000001,True,correct,DBLP,43,True,correct
941,journals/vldb/LiR99,True,2,nu5nhxl6WXQJ,0.9833261749902118,0.7457766601223991,0.23754951486781273,0.5000000000000001,True,correct,DBLP,43,True,correct
942,conf/vldb/CooperSFHS01,True,1,PAfEdPwJ8tgJ,0.9861140988343078,0.3214485124803008,0.664665586354007,0.5000000000000001,True,correct,DBLP,43,True,correct
943,conf/vldb/ZhouR03,True,1,MvbChqWgFawJ,0.9832694632107191,0.01381591896757793,0.9694535442431411,0.5000000000000001,True,correct,DBLP,43,True,correct
944,journals/sigmod/BarbaraBFLS94,True,4,url:http://portal.acm.org/citation.cfm%3Fid%3D187455,0.9809363151135608,0.9326195225149501,0.04831679259861077,0.5000000000000001,True,correct,DBLP,43,True,correct
945,conf/vldb/Greco98,True,1,CCr8CUlHeNsJ,0.9900005974714438,0.1651138345017055,0.8248867629697383,0.5000000000000001,True,correct,DBLP,43,True,correct
946,journals/sigmod/Widom96b,False,0,xgdBJbatYcIJ,0.5250494643355985,0.45009465896636275,0.07495480536923577,0.5000000000000001,True,false_link,DBLP,43,False,unmatched_abstention
947,journals/vldb/EvangelidisS97,True,1,5dnYlEMQTb0J,0.9625336068624092,0.45381119913812323,0.508722407724286,0.5000000000000001,True,correct,DBLP,43,True,correct
948,journals/vldb/C94,False,0,url:http://www.springerlink.com/index/Q78X31366106T7X5.pdf,0.2142832147497011,0.20399996353842598,0.01028325121127513,0.5000000000000001,False,unmatched_abstention,DBLP,43,False,unmatched_abstention
949,conf/vldb/Sheth96,True,1,xoD5vxZQJ8AJ,0.985735279764223,0.000417200940912355,0.9853180788233107,0.5000000000000001,True,correct,DBLP,43,True,correct
950,conf/vldb/JagadishKMPSS98,True,3,TB8sxeXqHRQJ,0.9179622006822158,0.9041773738088729,0.013784826873342926,0.5000000000000001,True,correct,DBLP,43,True,correct
951,journals/vldb/JagadishACLNPPSWWY02,True,5,zaDlTkyGASQJ,0.969262839667501,0.7961784125317,0.17308442713580108,0.5000000000000001,True,correct,DBLP,43,True,correct
952,conf/vldb/YiF00,True,6,DpQrWnvO7rEJ,0.9846456054687761,0.9840389267076965,0.0006066787610795599,0.5000000000000001,True,correct,DBLP,43,True,correct
953,conf/sigmod/ChoG00,True,3,s7K6rICx3fkJ,0.9588199115201451,0.19384843260213463,0.7649714789180104,0.5000000000000001,True,correct,DBLP,43,True,correct
954,conf/vldb/BouganimFV96,True,1,TiffIV1Y6AMJ,0.983157766743761,0.20004239558286405,0.7831153711608969,0.5000000000000001,True,correct,DBLP,43,True,correct
955,conf/sigmod/ImielinskiV95,True,1,dKMRgoNRQDgJ,0.9612498610698473,0.0014857362100402225,0.9597641248598071,0.5000000000000001,True,correct,DBLP,43,True,correct
956,journals/sigmod/Hampapur99,True,2,I-r1LE1najAJ,0.9878422633731377,0.6095225537388371,0.3783197096343006,0.5000000000000001,True,correct,DBLP,43,True,correct
957,conf/vldb/Kiessling02,True,2,uS43GVHJ3jQJ,0.9751973335909059,0.8569708226213308,0.11822651096957504,0.5000000000000001,True,correct,DBLP,43,True,correct
958,conf/sigmod/VingralekBW94,True,2,rM8Ecg1WL4kJ,0.9902426335698246,0.7685332388380961,0.22170939473172846,0.5000000000000001,True,correct,DBLP,43,True,correct
959,journals/sigmod/RossIJP00,False,0,tOa0zXK5Ba4J,0.512727548925674,0.4418136484093477,0.07091390051632623,0.5000000000000001,True,false_link,DBLP,43,True,false_link
960,journals/sigmod/Stonebraker02,True,1,0HMk-YUh4i8J,0.9901881304517194,0.007444427261518937,0.9827437031902004,0.5000000000000001,True,correct,DBLP,43,True,correct
961,conf/sigmod/AdelbergGK95,True,1,NbLabaGWoh4J,0.9902426264979829,0.000980888240598303,0.9892617382573846,0.5000000000000001,True,correct,DBLP,43,True,correct
962,conf/sigmod/NybergBCGL94,True,2,kd-0q-M1O2gJ,0.9877844652275216,0.846226042633868,0.1415584225936536,0.5000000000000001,True,correct,DBLP,43,True,correct
963,journals/sigmod/Ozsu03,False,0,NHxHsUH9L5MJ,0.10105212592312234,0.05965010905776103,0.0414020168653613,0.5000000000000001,False,unmatched_abstention,DBLP,43,False,unmatched_abstention
964,conf/sigmod/Bierman03,True,1,vQcfluHWCeAJ,0.9199999853510841,0.014821934694831817,0.9051780506562522,0.5000000000000001,True,correct,DBLP,43,True,correct
965,journals/sigmod/NascimentoM99,True,1,url:http://portal.acm.org/ft_gateway.cfm%3Fid%3D310062%26type%3Dpdf%26dl%3DGUIDE%26dl%3DACM%26CFID%3D11111111%26CFTOKEN%3D2222222,0.47542216617495486,0.002148465226678508,0.47327370094827637,0.5000000000000001,False,missing_match,DBLP,43,True,correct
966,journals/tods/GoldmanL94,True,1,VxMarpzwtzQJ,0.9817443906701698,0.03804764160832774,0.9436967490618421,0.5000000000000001,True,correct,DBLP,43,True,correct
967,journals/vldb/ShyyASL96,True,4,n8EWz5rQancJ,0.9815372116354405,0.8980368234707296,0.08350038816471095,0.5000000000000001,True,correct,DBLP,43,True,correct
968,conf/vldb/IlyasAE03,True,1,Y385z1Dxp84J,0.9661832026524751,0.004737334677024897,0.9614458679754503,0.5000000000000001,True,correct,DBLP,43,True,correct
969,conf/vldb/LinLYZ03,True,1,9rbctPoEdNUJ,0.9602624728202491,0.0010749991926773323,0.9591874736275718,0.5000000000000001,True,correct,DBLP,43,True,correct
970,conf/sigmod/Kramer97,True,2,FZRPzy583jAJ,0.9549509690143504,0.24379042592566535,0.711160543088685,0.5000000000000001,True,correct,DBLP,43,True,correct
971,conf/vldb/SrinivasanDFCJYKTDB00,True,1,RmyORCW6qn8J,0.9779704788161216,0.006454802178045617,0.971515676638076,0.5000000000000001,True,correct,DBLP,43,True,correct
972,conf/vldb/Jermaine03,True,1,393ZqH9szo0J,0.9857352785999955,0.18273849466357522,0.8029967839364203,0.5000000000000001,True,correct,DBLP,43,True,correct
973,journals/vldb/Atkinson00,True,1,url:http://www.springerlink.com/index/CFM1025XF89JLNH8.pdf,0.5952420773857068,0.5816684346938412,0.013573642691865562,0.5000000000000001,True,correct,DBLP,43,False,missing_match
974,conf/sigmod/CareyDNAGS97,True,5,mt8Q1YmVRkMJ,0.9498105710812264,0.8497639881313731,0.10004658294985325,0.5000000000000001,True,correct,DBLP,43,True,correct
975,conf/vldb/JagadishMN99,True,3,RPWDtUmq6_QJ,0.9781156427241862,0.9320236734592702,0.04609196926491599,0.5000000000000001,True,correct,DBLP,43,True,correct
976,journals/sigmod/BunemanLSTW94,True,4,lkreWUl_euYJ,0.9901881117646395,0.9228450946889846,0.06734301707565493,0.5000000000000001,True,correct,DBLP,43,True,correct
977,conf/sigmod/Cohen98,True,2,_ICk4vgjlgsJ,0.982276761846538,0.9700704584837707,0.01220630336276729,0.5000000000000001,True,correct,DBLP,43,True,correct
978,journals/sigmod/Nascimento03,True,2,url:http://portal.acm.org/citation.cfm%3Fid%3D776985.776996%26dl%3Dportal%26dl%3DACM%26idx%3D776985%26part%3Dperiodical%26WantType%3Dperiodical%26title%3DACM%2520SIGMOD%2520Record%26CFID%3D11111111%26CFTOKEN%3D2222222,0.9832196669128249,0.7321070796553824,0.25111258725744257,0.5000000000000001,True,correct,DBLP,43,True,correct
979,journals/tods/ChoG03,True,2,HqAWyuB11loJ,0.98633236533851,0.9134126673320009,0.0729196980065091,0.5000000000000001,True,correct,DBLP,43,True,correct
980,conf/vldb/HaasKU99,True,1,jteJcGoGxnMJ,0.9393027085913624,0.4114537859388844,0.5278489226524781,0.5000000000000001,True,correct,DBLP,43,True,correct
981,journals/sigmod/MeltonE01,True,1,619anaISuGEJ,0.9646893579407273,0.22109295902636894,0.7435963989143584,0.5000000000000001,True,correct,DBLP,43,True,correct
982,journals/sigmod/LohmanGFS01,False,0,DPf__9SuvxoJ,0.007221660247070697,0.0011419003306979672,0.00607975991637273,0.5000000000000001,False,unmatched_abstention,DBLP,43,False,unmatched_abstention
983,journals/sigmod/Franklin99,False,0,ntqMqfgRXM4J,0.5009453728861071,0.4776013828144317,0.02334399007167537,0.5000000000000001,True,false_link,DBLP,43,False,unmatched_abstention
984,conf/sigmod/ShklarSKT95,True,1,4IaWCBK6dMQJ,0.9902426319698301,0.07561029900192544,0.9146323329679047,0.5000000000000001,True,correct,DBLP,43,True,correct
985,conf/sigmod/BlohsfeldKS99,True,1,PQbi3PaRh84J,0.9902426433791606,0.017441622767178883,0.9728010206119817,0.5000000000000001,True,correct,DBLP,43,True,correct
986,conf/vldb/HelalL00,True,1,LPapCvY4RFkJ,0.9857352877273377,0.04838076594202296,0.9373545217853146,0.5000000000000001,True,correct,DBLP,43,True,correct
987,journals/sigmod/EisenbergM00,True,3,4mD1eFCHKKwJ,0.9892728409826036,0.5683054126414343,0.4209674283411693,0.5000000000000001,True,correct,DBLP,43,True,correct
988,journals/sigmod/MaximilienS02,True,3,hgjhR8PwNVwJ,0.9829252285050845,0.9065497016274534,0.07637552687763105,0.5000000000000001,True,correct,DBLP,43,True,correct
989,conf/vldb/GaoS03,True,1,BEpwgIQR6r4J,0.9801201765364361,0.0005181406621984667,0.9796020358742377,0.5000000000000001,True,correct,DBLP,43,True,correct
990,journals/sigmod/Chaudhri98,True,1,url:http://portal.acm.org/ft_gateway.cfm%3Fid%3D273247%26type%3Dpdf%26dl%3DGUIDE%26dl%3DACM%26CFID%3D11111111%26CFTOKEN%3D2222222,0.5803063538559662,0.0012797181055191735,0.579026635750447,0.5000000000000001,True,correct,DBLP,43,True,correct
991,conf/sigmod/KoudasS97,True,3,0u8r8MJWgKAJ,0.9830427597724034,0.8349008972671397,0.14814186250526373,0.5000000000000001,True,correct,DBLP,43,True,correct
992,journals/tods/StolboushkinT98,True,1,ZnWLup8HMkUJ,0.9680160888988832,0.029548855693230583,0.9384672332056526,0.5000000000000001,True,correct,DBLP,43,True,correct
993,journals/vldb/C95,False,0,url:http://www.springerlink.com/index/X256555608656055.pdf,0.15439895380514643,0.015390727019007087,0.13900822678613933,0.5000000000000001,False,unmatched_abstention,DBLP,43,False,unmatched_abstention
994,conf/vldb/SayalCDS02,True,1,0acvmJtaI8QJ,0.9884498656260181,0.007919197481778457,0.9805306681442396,0.5000000000000001,True,correct,DBLP,43,True,correct
995,conf/vldb/KoudasS03,True,2,F0VufxHFRP8J,0.5293590818622778,0.14005749041639456,0.38930159144588317,0.5000000000000001,True,correct,DBLP,43,True,correct
996,conf/vldb/LimWPVP02,True,2,9kl_hTyQtmQJ,0.9898445139311205,0.7681196965003505,0.22172481743077,0.5000000000000001,True,correct,DBLP,43,True,correct
997,conf/sigmod/SeshadriLR94,True,3,60I0j0qUHVYJ,0.9871843858683117,0.8485331033126111,0.13865128255570058,0.5000000000000001,True,correct,DBLP,43,True,correct
998,conf/vldb/LeeHJT03,True,1,BSE2se70OMYJ,0.9850855684681413,0.0005884112203080938,0.9844971572478333,0.5000000000000001,True,correct,DBLP,43,True,correct
999,journals/sigmod/ClementiniF00,True,1,9_GTdteKEYsJ,0.9484106054592324,0.6180161451096979,0.33039446034953446,0.5000000000000001,True,correct,DBLP,43,True,correct
1000,conf/vldb/GoyalHSS95,True,3,2sGH4SLcdL4J,0.9836901974906274,0.9648710839844808,0.018819113506146512,0.5000000000000001,True,correct,DBLP,43,True,correct
1001,conf/vldb/LeeL99,True,1,szHsyFiOuwAJ,0.9709450619277497,0.0006995639960233396,0.9702454979317263,0.5000000000000001,True,correct,DBLP,43,True,correct
1002,conf/vldb/SheikholeslamiCZ98,True,3,btydMRJMBqoJ,0.9900005974714438,0.9155510739543609,0.0744495235170829,0.5000000000000001,True,correct,DBLP,43,True,correct
1003,conf/vldb/ChangG00,True,2,fIuGhhcZl-4J,0.9470809500064731,0.694842442406377,0.25223850760009603,0.5000000000000001,True,correct,DBLP,43,True,correct
1004,journals/sigmod/Baeza-YatesN96,True,4,1avO1fqtQ6QJ,0.9901881156579094,0.9414716179316102,0.04871649772629927,0.5000000000000001,True,correct,DBLP,43,True,correct
1005,conf/vldb/AgrawalS94,True,20,P0age7qyZacJ,0.9848157614757265,0.9639076288860676,0.020908132589658845,0.5000000000000001,True,correct,DBLP,43,True,correct
1006,conf/vldb/CherniackFZ01,True,2,49EWG8vzsXUJ,0.9808713776631657,0.9290272984692346,0.05184407919393108,0.5000000000000001,True,correct,DBLP,43,True,correct
1007,journals/sigmod/SnodgrassAABCDEGJKKKLLRSSS94,True,6,64iWa-ZiPRcJ,0.9402050774941154,0.6387247843767846,0.3014802931173308,0.5000000000000001,True,correct,DBLP,43,True,correct
1008,conf/vldb/CabreraRH95,True,1,x3WHLHvq-SEJ,0.9835887826487415,0.010613948602273653,0.9729748340464679,0.5000000000000001,True,correct,DBLP,43,True,correct
1009,conf/sigmod/Golding95,True,2,uJj9OgotYeEJ,0.9727935164069812,0.8792271924596786,0.09356632394730258,0.5000000000000001,True,correct,DBLP,43,True,correct
1010,conf/vldb/ChaudhuriS01,True,2,4bS3tvLQ-LAJ,0.45379324201547616,0.24588494239375835,0.2079082996217178,0.5000000000000001,False,missing_match,DBLP,43,True,correct
1011,conf/vldb/HinneburgAK00,True,2,1ambq2RMGMoJ,0.9857420921081145,0.013990045375069473,0.971752046733045,0.5000000000000001,True,correct,DBLP,43,True,correct
1012,conf/vldb/Ramanan03,True,2,QCJEyGp-iZcJ,0.9857352785999955,0.6841037765187444,0.3016315020812511,0.5000000000000001,True,correct,DBLP,43,True,correct
1013,conf/vldb/KornackerB95,True,5,IN_sibgHb9MJ,0.985735279764223,0.935282536876791,0.05045274288743207,0.5000000000000001,True,correct,DBLP,43,True,correct
1014,conf/sigmod/Chakravarthy97,True,3,5Ng-bLUNAsQJ,0.9873123563316772,0.47950978204664824,0.507802574285029,0.5000000000000001,True,correct,DBLP,43,True,correct
1015,conf/vldb/WangZL03,True,1,tbuNzuDUSFYJ,0.9841756041001664,0.20918522545445084,0.7749903786457155,0.5000000000000001,True,correct,DBLP,43,True,correct
1016,conf/vldb/YangKL97,True,1,qN1APPIGZMMJ,0.9467177416776067,0.2747450808633953,0.6719726608142114,0.5000000000000001,True,correct,DBLP,43,True,correct
1017,journals/tods/CliffordDIJS97,True,7,1XXrXRdYiFQJ,0.9442343813408398,0.9322684561320126,0.011965925208827222,0.5000000000000001,True,correct,DBLP,43,True,correct
1018,conf/sigmod/LeeKC99,True,1,c-5n9qQKLaEJ,0.981949762177246,0.022714869001455494,0.9592348931757906,0.5000000000000001,True,correct,DBLP,43,True,correct
1019,conf/vldb/CareyK98,True,1,MCuFKbwcWIIJ,0.9872145994509997,0.00015220285077555197,0.9870623966002241,0.5000000000000001,True,correct,DBLP,43,True,correct
1020,conf/vldb/Bar-YossefBCFW00,True,1,-gm97JzyHJsJ,0.9886800902168452,0.0006032012446419616,0.9880768889722032,0.5000000000000001,True,correct,DBLP,43,True,correct
1021,journals/sigmod/AilamakiH03,True,1,url:http://portal.acm.org/ft_gateway.cfm%3Fid%3D945725%26type%3Dpdf%26dl%3DGUIDE%26dl%3DACM%26CFID%3D11111111%26CFTOKEN%3D2222222,0.990188128038454,0.0007249887409012525,0.9894631392975528,0.5000000000000001,True,correct,DBLP,43,True,correct
1022,conf/vldb/Brodie03,True,1,deEJ1JsF8RwJ,0.9753414271468637,0.0015004360678861465,0.9738409910789775,0.5000000000000001,True,correct,DBLP,43,True,correct
1023,conf/vldb/HaasNSS95,True,2,x70Y3qaTL40J,0.9882725528183584,0.33784528597584484,0.6504272668425135,0.5000000000000001,True,correct,DBLP,43,True,correct
1024,journals/tods/SalemGS94,True,1,7IBL1cudvR0J,0.9863323727783241,0.13166509058066103,0.8546672821976631,0.5000000000000001,True,correct,DBLP,43,True,correct
1025,conf/sigmod/QuassWGHLMNRRAUW96,True,2,oB7qYK3HKiEJ,0.8617840519333314,0.2528973026480288,0.6088867492853026,0.5000000000000001,True,correct,DBLP,43,True,correct
1026,conf/vldb/KemperK94,True,3,qUfWV4VVxegJ,0.990000597873991,0.954366997257577,0.03563360061641396,0.5000000000000001,True,correct,DBLP,43,True,correct
1027,journals/sigmod/Winslett03a,False,0,oJtB__MYF4EJ,0.0008497345041483795,0.0005362788470682133,0.00031345565708016624,0.5000000000000001,False,unmatched_abstention,DBLP,43,False,unmatched_abstention
1028,conf/sigmod/LoR94,True,2,3CMnzSHX7KoJ,0.9318734539310535,0.8750097969193895,0.05686365701166396,0.5000000000000001,True,correct,DBLP,43,True,correct
1029,conf/sigmod/DoanDH01,True,1,Lv0bggWzgeoJ,0.9885918876272746,0.0950563872751414,0.8935355003521331,0.5000000000000001,True,correct,DBLP,43,True,correct
1030,conf/sigmod/Team02,True,1,r5oJTEjlOPgJ,0.9266766037276376,0.0005809022790706362,0.926095701448567,0.5000000000000001,True,correct,DBLP,43,True,correct
1031,journals/tods/Jagadish95,True,1,gDFpwto83b4J,0.9800807711531708,0.002485144500810956,0.9775956266523599,0.5000000000000001,True,correct,DBLP,43,True,correct
1032,conf/sigmod/CuiOTS03,True,1,qx5oR09jmMwJ,0.9684355089838865,0.00047318174703903223,0.9679623272368475,0.5000000000000001,True,correct,DBLP,43,True,correct
1033,journals/sigmod/ForteHWDCVHFS99,True,1,7ML1mmPqIooJ,0.9848429385271814,0.0018095260686659894,0.9830334124585154,0.5000000000000001,True,correct,DBLP,43,True,correct
1034,conf/vldb/KoudasMJ99,True,2,dRemTC899xcJ,0.982768584948414,0.9378243711238099,0.04494421382460412,0.5000000000000001,True,correct,DBLP,43,True,correct
1035,conf/sigmod/DanS95,True,3,qjHzY4uEG7gJ,0.9312864764638807,0.9295235512009319,0.0017629252629488557,0.5000000000000001,True,correct,DBLP,43,True,correct
1036,conf/vldb/DiaoF03,True,1,Crt1JZ1eEj0J,0.9857352865631108,0.5972602228008833,0.3884750637622275,0.5000000000000001,True,correct,DBLP,43,True,correct
1037,conf/vldb/ChenL03,True,1,WaSgR87oMpcJ,0.9734411507042684,0.00034737005881120553,0.9730937806454572,0.5000000000000001,True,correct,DBLP,43,True,correct
1038,conf/vldb/ZirintsisKM99,True,2,_UYteGcmBKIJ,0.9145637533418131,0.5574175047006064,0.3571462486412067,0.5000000000000001,True,correct,DBLP,43,True,correct
1039,journals/sigmod/RoantreeMH99,True,3,JJK6WGPyubgJ,0.989272859523426,0.9232556078974387,0.06601725162598737,0.5000000000000001,True,correct,DBLP,43,True,correct
1040,conf/vldb/PappasC00,True,2,url:http://portal.acm.org/citation.cfm%3Fid%3D645926.671850,0.9852548696240856,0.9343232724634319,0.05093159716065365,0.5000000000000001,True,correct,DBLP,43,True,correct
1041,conf/sigmod/Team95,False,0,Gw13PXoFi7UJ,0.0026727941074448673,0.0017157796854282107,0.0009570144220166566,0.5000000000000001,False,unmatched_abstention,DBLP,43,False,unmatched_abstention
1042,conf/vldb/Chakrabarti02,False,0,j-fcJS_86GYJ,0.0014878072938069235,0.0007470688880554608,0.0007407384057514627,0.5000000000000001,False,unmatched_abstention,DBLP,43,False,unmatched_abstention
1043,conf/vldb/GohOST99,True,1,hK5EOo-Z7JMJ,0.9804612327216833,0.00020029195152365464,0.9802609407701597,0.5000000000000001,True,correct,DBLP,43,True,correct
1044,journals/vldb/ChenHY97,True,1,IWZsSVPC6HMJ,0.9717931376548838,0.012108547405224577,0.9596845902496592,0.5000000000000001,True,correct,DBLP,43,True,correct
1045,journals/vldb/ClaussenKKW00,True,1,DSF-ukHbE64J,0.9250086219363307,0.0001454390332419715,0.9248631829030888,0.5000000000000001,True,correct,DBLP,43,True,correct
1046,conf/vldb/HasanM94,True,2,JW7LRQwx_goJ,0.985078272001723,0.79571684818595,0.18936142381577303,0.5000000000000001,True,correct,DBLP,43,True,correct
1047,conf/vldb/LeeWMS02,True,1,c-MP8R47zVIJ,0.987193992328651,0.0005540355879968095,0.9866399567406542,0.5000000000000001,True,correct,DBLP,43,True,correct
1048,conf/vldb/LabioYCGW00,True,1,-UILVcP4CZ8J,0.9900005962347085,0.01296887967096325,0.9770317165637452,0.5000000000000001,True,correct,DBLP,43,True,correct
1049,conf/sigmod/ChenRW02,True,1,05ShsIGjnKkJ,0.9852777507480757,0.007768340266038955,0.9775094104820367,0.5000000000000001,True,correct,DBLP,43,True,correct
1050,conf/sigmod/KatayamaS97,True,5,GPEkH-UohLYJ,0.9681318853578202,0.9651306148674771,0.0030012704903431553,0.5000000000000001,True,correct,DBLP,43,True,correct
1051,conf/vldb/ChenCFGJMTW99,True,2,Hq3W65us8dkJ,0.9797197433458946,0.2941521910707872,0.6855675522751075,0.5000000000000001,True,correct,DBLP,43,True,correct
1052,journals/vldb/VaghaniRKSSLH94,True,1,B3E3_clrrrYJ,0.9728003628950428,0.5157640764231523,0.45703628647189054,0.5000000000000001,True,correct,DBLP,43,True,correct
1053,conf/vldb/RamakrishnanR96,True,1,3y1e-H-FdC0J,0.9796963656649852,0.006184215888807581,0.9735121497761776,0.5000000000000001,True,correct,DBLP,43,True,correct
1054,conf/vldb/KochBG03,True,2,xCbXlJHLR48J,0.9857352785999955,0.8982909786001984,0.08744429999979719,0.5000000000000001,True,correct,DBLP,43,True,correct
1055,conf/sigmod/Shasha97,True,2,r2TwyhAdYecJ,0.5494323502259368,0.08136533878686623,0.4680670114390706,0.5000000000000001,True,correct,DBLP,43,True,correct
1056,conf/vldb/FlescaFM03,True,1,LXjSnbxB7EsJ,0.9857352785999955,0.4604831570532205,0.525252121546775,0.5000000000000001,True,correct,DBLP,43,True,correct
1057,journals/sigmod/KennedyMB96,True,1,vBYtmDEYeK0J,0.9875418479897982,0.03071755661831076,0.9568242913714874,0.5000000000000001,True,correct,DBLP,43,True,correct
1058,journals/tods/GibbonsMP02,True,1,QKnjF3UgncMJ,0.9848031208102458,0.052879428944901725,0.9319236918653441,0.5000000000000001,True,correct,DBLP,43,True,correct
1059,conf/sigmod/JarkeQBLMS99,True,1,nSKzTBqurCwJ,0.9893380925125912,0.0015500188992663675,0.9877880736133249,0.5000000000000001,True,correct,DBLP,43,True,correct
1060,conf/sigmod/LiGS02,True,1,DZzqgw2TJ-MJ,0.9459794592649898,0.008219602812272055,0.9377598564527178,0.5000000000000001,True,correct,DBLP,43,True,correct
1061,conf/sigmod/OlstonJW03,True,2,D1h_jOHVyA4J,0.9902426311698326,0.04530363009725424,0.9449390010725783,0.5000000000000001,True,correct,DBLP,43,True,correct
1062,conf/vldb/Hammond96,True,1,LDxiVdRU6EEJ,0.985735279764223,0.013959208610025848,0.9717760711541972,0.5000000000000001,True,correct,DBLP,43,True,correct
1063,journals/sigmod/EisenbergM02,True,1,wgK6p4mDSIMJ,0.9901881403153058,0.2202355742677658,0.7699525660475399,0.5000000000000001,True,correct,DBLP,43,True,correct
1064,journals/sigmod/RisheSBDOALOSS95,True,1,pGU2Ew1AQkoJ,0.9755342502798469,0.030079535982958944,0.9454547142968879,0.5000000000000001,True,correct,DBLP,43,True,correct
1065,conf/vldb/NipplM98,True,2,C5jVmNqIE4IJ,0.9848157926820885,0.6637457779320561,0.3210700147500324,0.5000000000000001,True,correct,DBLP,43,True,correct
1066,conf/sigmod/ChakrabartiDI98,True,2,qtVVVrzTLr4J,0.9831164649670733,0.9138431275041153,0.06927333746295794,0.5000000000000001,True,correct,DBLP,43,True,correct
1067,journals/sigmod/Liu01,False,0,url:http://doi.wiley.com/10.1002/tl.7700,0.47797773623582374,0.42429554696268773,0.053682189273136005,0.5000000000000001,False,unmatched_abstention,DBLP,43,False,unmatched_abstention
1068,journals/sigmod/ChrysanthisSZ03,False,0,url:http://portal.acm.org/ft_gateway.cfm%3Fid%3D1058166%26type%3Dpdf,0.0012752825217343816,0.0002979682068875871,0.0009773143148467944,0.5000000000000001,False,unmatched_abstention,DBLP,43,False,unmatched_abstention
1069,conf/vldb/PanRAMOHAMV02,True,1,F9Fe5NfpK6MJ,0.9830028156033062,0.0016971473635438148,0.9813056682397624,0.5000000000000001,True,correct,DBLP,43,True,correct
1070,conf/vldb/JagadishNSSK97,True,2,ZG9yClLgWnsJ,0.9278186365246607,0.8258564367449949,0.10196219977966581,0.5000000000000001,True,correct,DBLP,43,True,correct
1071,journals/sigmod/Franklin99b,False,0,ntqMqfgRXM4J,0.5009453728861071,0.4776013828144317,0.02334399007167537,0.5000000000000001,True,false_link,DBLP,43,False,unmatched_abstention
1072,conf/sigmod/Eaton98,False,0,5JMz3UpESeQJ,0.00386406144890485,0.00306076516699456,0.00080329628191029,0.5000000000000001,False,unmatched_abstention,DBLP,43,False,unmatched_abstention
1073,conf/vldb/WitkowskiBBFGSS03,True,1,Oti_CoAPH9IJ,0.97392467513762,0.02226943003384136,0.9516552451037786,0.5000000000000001,True,correct,DBLP,43,True,correct
1074,conf/sigmod/BressanGOT00,True,1,url:http://portal.acm.org/ft_gateway.cfm%3Fid%3D336587%26type%3Dpdf%26dl%3DGUIDE%26dl%3DACM%26CFID%3D11111111%26CFTOKEN%3D2222222,0.8611289776638668,0.07483249162638031,0.7862964860374865,0.5000000000000001,True,correct,DBLP,43,True,correct
1075,conf/vldb/SevcikK96,True,1,GiHrMj3vbSAJ,0.9808112889202386,0.00018262900522689679,0.9806286599150117,0.5000000000000001,True,correct,DBLP,43,True,correct
1076,conf/sigmod/LiuHBPT99,True,2,PKQ1dCQIwi0J,0.9902426335698246,0.8844255828445217,0.1058170507253029,0.5000000000000001,True,correct,DBLP,43,True,correct
1077,journals/vldb/GeorgeH00,True,2,2L-UFpDof3UJ,0.6473745076426292,0.3902928135596015,0.25708169408302767,0.5000000000000001,True,correct,DBLP,43,True,correct
1078,conf/sigmod/ZouS96,True,2,DYFIQvOg7rgJ,0.9869130001929315,0.9598956058265599,0.027017394366371628,0.5000000000000001,True,correct,DBLP,43,True,correct
1079,conf/vldb/RothS97,True,12,1fQr1rJ4yCwJ,0.9728256917835125,0.950537024272949,0.022288667510563576,0.5000000000000001,True,correct,DBLP,43,True,correct
1080,conf/sigmod/Seshadri03,False,0,U9tDRbbUCSYJ,0.001480140311653122,0.00036346597782008623,0.0011166743338330357,0.5000000000000001,False,unmatched_abstention,DBLP,43,False,unmatched_abstention
1081,journals/tods/ChaudhuriS99,True,5,QCFUIVkspywJ,0.9863323804127399,0.9072348535234376,0.07909752688930227,0.5000000000000001,True,correct,DBLP,43,True,correct
1082,journals/sigmod/Liu02a,False,0,url:http://doi.wiley.com/10.1002/tl.7700,0.5124499415199142,0.5096320193191861,0.0028179222007280735,0.5000000000000001,True,false_link,DBLP,43,False,unmatched_abstention
1083,journals/vldb/BraumandlKKKKSS01,True,1,dURGvGhlWbsJ,0.980293853664761,0.11882672015749085,0.8614671335072701,0.5000000000000001,True,correct,DBLP,43,True,correct
1084,conf/sigmod/BohannonDGKLNS03,True,1,83wqw4ciNWoJ,0.025011055994817948,0.007965725114370024,0.017045330880447924,0.5000000000000001,False,missing_match,DBLP,43,False,missing_match
1085,conf/sigmod/LahiriG01,True,2,2eJIgKjsQF4J,0.9562186302479652,0.8819546276722187,0.0742640025757465,0.5000000000000001,True,correct,DBLP,43,True,correct
1086,conf/vldb/SellisRF97,True,2,moT0ba0vRKcJ,0.983406111756985,0.9536157188732024,0.0297903928837826,0.5000000000000001,True,correct,DBLP,43,True,correct
1087,journals/vldb/ZezulaSAR98,True,1,DM9hrpKpqmMJ,0.986284030901276,0.012849549839704402,0.9734344810615716,0.5000000000000001,True,correct,DBLP,43,True,correct
1088,journals/sigmod/Jonsson03,False,0,u-UJiUNUcOwJ,0.0005461833282034018,0.0003313807139110174,0.00021480261429238442,0.5000000000000001,False,unmatched_abstention,DBLP,43,False,unmatched_abstention
1089,journals/tods/OliverS94,True,2,RUyqFOxZyDoJ,0.9696557145349136,0.9520142114194005,0.017641503115513157,0.5000000000000001,True,correct,DBLP,43,True,correct
1090,conf/vldb/CarneyCZRCS03,True,2,JubkWSUFbbcJ,0.9835334846718556,0.8268929038877633,0.15664058078409238,0.5000000000000001,True,correct,DBLP,43,True,correct
1091,conf/sigmod/PapakonstantinouV99,True,3,du5GsqT0_vQJ,0.9473600452983306,0.9120402732216444,0.03531977207668624,0.5000000000000001,True,correct,DBLP,43,True,correct
1092,conf/vldb/CochinwalaB94,True,1,Bp69wMYw9DAJ,0.9857352820926777,0.009228718529040633,0.9765065635636371,0.5000000000000001,True,correct,DBLP,43,True,correct
1093,conf/vldb/DarmontS99,True,2,Ebi8v9FZXcgJ,0.9849144781385646,0.8900786696433224,0.0948358084952422,0.5000000000000001,True,correct,DBLP,43,True,correct
1094,journals/sigmod/BarbaraS97,True,3,Iw5bYR098o4J,0.9901881387064638,0.9341659590552219,0.0560221796512419,0.5000000000000001,True,correct,DBLP,43,True,correct
1095,journals/sigmod/Chaudhri95,True,1,DY6x1fDAy9EJ,0.9763106265256843,0.00013675243254238632,0.9761738740931419,0.5000000000000001,True,correct,DBLP,43,True,correct
1096,conf/vldb/KnorrN99,True,2,7lkCBMe603kJ,0.9766206096067355,0.6485871400538145,0.328033469552921,0.5000000000000001,True,correct,DBLP,43,True,correct
1097,journals/sigmod/WestmannKHM00,True,5,9jyzas_rFd4J,0.9901881387064638,0.9001970696556828,0.08999106905078103,0.5000000000000001,True,correct,DBLP,43,True,correct
1098,conf/sigmod/DasGR03,True,1,JaJKfzmaEBYJ,0.9576158034125449,0.019920663082642093,0.9376951403299029,0.5000000000000001,True,correct,DBLP,43,True,correct
1099,journals/tods/CiacciaTZ96,True,1,rkCKzi1v0-0J,0.9863323702718916,0.0019801267268500663,0.9843522435450415,0.5000000000000001,True,correct,DBLP,43,True,correct
1100,journals/sigmod/Widom95a,False,0,xgdBJbatYcIJ,0.6214117902962834,0.49327165469088197,0.12814013560540138,0.5000000000000001,True,false_link,DBLP,43,False,unmatched_abstention
1101,conf/vldb/DattaDTVRF01,True,3,rDObsYKVroMJ,0.9437981077359541,0.6725391988907244,0.27125890884522963,0.5000000000000001,True,correct,DBLP,43,True,correct
1102,journals/sigmod/EisenbergM01,True,2,GKUflKzgAVEJ,0.9901881233407668,0.952870555280049,0.03731756806071773,0.5000000000000001,True,correct,DBLP,43,True,correct
1103,conf/sigmod/AggarwalY01,True,2,QkTd5WogN-AJ,0.9092278219158059,0.7989761100786295,0.11025171183717641,0.5000000000000001,True,correct,DBLP,43,True,correct
1104,conf/vldb/BohannonFHRRS02,True,1,zYfyg0fCzEsJ,0.9824292932643504,0.002410207792528551,0.9800190854718218,0.5000000000000001,True,correct,DBLP,43,True,correct
1105,journals/sigmod/ChenHKPW94,True,1,HTvxhMKB69AJ,0.9322942913650044,0.06007441530530905,0.8722198760596953,0.5000000000000001,True,correct,DBLP,43,True,correct
1106,conf/vldb/WienerN94,True,1,PrUWsoySLGcJ,0.978952086567751,0.06032036390344269,0.9186317226643084,0.5000000000000001,True,correct,DBLP,43,True,correct
1107,conf/vldb/ManegoldBK02,True,1,KB9ZbekVNzoJ,0.9869380019384439,0.004369570666363663,0.9825684312720803,0.5000000000000001,True,correct,DBLP,43,True,correct
1108,conf/sigmod/DeshpandeNGS03,True,2,fU6zoUKeXe8J,0.9490464364128415,0.8742939217173817,0.07475251469545974,0.5000000000000001,True,correct,DBLP,43,True,correct
1109,conf/vldb/CherniackZ98,True,1,So_H9Oer6lsJ,0.9817833117864058,0.00354602386387003,0.9782372879225357,0.5000000000000001,True,correct,DBLP,43,True,correct
1110,conf/vldb/GoodmanRS94,True,1,8CCHAKnGJ1EJ,0.9744318222175393,0.0003136199317789311,0.9741182022857604,0.5000000000000001,True,correct,DBLP,43,True,correct
1111,conf/sigmod/Shyy95,True,1,OjZoGJLFGqIJ,0.9841279629458503,0.0027055426539878678,0.9814224202918624,0.5000000000000001,True,correct,DBLP,43,True,correct
1112,journals/sigmod/Suciu01,True,2,_vOvQUzSV-gJ,0.9901881233407668,0.7632188345575123,0.2269692887832545,0.5000000000000001,True,correct,DBLP,43,True,correct
1113,conf/sigmod/RajagopalanML98,True,7,wO6VeeLIXAsJ,0.9883772360634667,0.967996154826565,0.020381081236901744,0.5000000000000001,True,correct,DBLP,43,True,correct
1114,journals/sigmod/Winslett03c,False,0,GCVMmOSZn0AJ,0.022366116533738167,0.0014555760161538479,0.020910540517584317,0.5000000000000001,False,unmatched_abstention,DBLP,43,False,unmatched_abstention
1115,conf/vldb/LuSL95,True,6,h7_7SZrI7M0J,0.990000595832161,0.9297199397346128,0.06028065609754829,0.5000000000000001,True,correct,DBLP,43,True,correct
1116,conf/vldb/AgrawalCN00,True,10,U8CMJBaJyX8J,0.9808025081956283,0.9579592180885134,0.022843290107114944,0.5000000000000001,True,correct,DBLP,43,True,correct
1117,journals/vldb/Navarro02,True,2,UDQsHc_ps4IJ,0.9862840232402287,0.8740764348218422,0.11220758841838652,0.5000000000000001,True,correct,DBLP,43,True,correct
1118,conf/sigmod/ShuklaD00,True,3,kcrWfQEI9G8J,0.5626987314374945,0.4240232704232432,0.13867546101425127,0.5000000000000001,True,correct,DBLP,43,True,correct
1119,conf/vldb/SetzerZ94,True,1,1tmW1mOCZqIJ,0.9824711441170242,0.0023961000686906313,0.9800750440483336,0.5000000000000001,True,correct,DBLP,43,True,correct
1120,journals/sigmod/AshishK97,True,5,rWfbcLnj7_YJ,0.9829360169847039,0.9598449978242232,0.02309101916048073,0.5000000000000001,True,correct,DBLP,43,True,correct
1121,conf/vldb/JagadishLS99,True,2,5d1R2mD-7MkJ,0.9821782227464848,0.4739430355665784,0.5082351871799065,0.5000000000000001,True,correct,DBLP,43,True,correct
1122,journals/tods/HjaltasonS99,True,3,xuoJNqOArTsJ,0.9803807736632493,0.9624813523408683,0.01789942132238098,0.5000000000000001,True,correct,DBLP,43,True,correct
1123,conf/sigmod/YangWYH02,True,1,xsaovu54vl4J,0.9888810225457946,0.7877369281901225,0.20114409435567204,0.5000000000000001,True,correct,DBLP,43,True,correct
1124,conf/sigmod/Ramakrishnan00,True,1,aHpKrjJEJk4J,0.9016440895982507,0.0003598434088346858,0.901284246189416,0.5000000000000001,True,correct,DBLP,43,True,correct
1125,conf/vldb/PfoserJT00,True,2,0IeLWfNYZEYJ,0.9836133463788007,0.6551228295146126,0.32849051686418806,0.5000000000000001,True,correct,DBLP,43,True,correct
1126,journals/sigmod/ChaudhuriD97,True,14,zlbJ-7JZdP0J,0.9901881359554126,0.9720607023270416,0.018127433628370992,0.5000000000000001,True,correct,DBLP,43,True,correct
1127,conf/sigmod/BlakeleyP98,True,1,yotsUgKBK44J,0.9443971286983109,0.00356206274801584,0.9408350659502951,0.5000000000000001,True,correct,DBLP,43,True,correct
1128,conf/vldb/SenkulKT02,True,1,g7HDbO4GCN4J,0.9896100597447054,0.00346863039390443,0.986141429350801,0.5000000000000001,True,correct,DBLP,43,True,correct
1129,conf/sigmod/ShahC01,True,1,2wGOv6yh4yIJ,0.984128387775323,0.01373721517171129,0.9703911726036116,0.5000000000000001,True,correct,DBLP,43,True,correct
1130,conf/vldb/KriegelPS00,True,2,VSQ0v1UlIvoJ,0.9748692039030926,0.718227624223591,0.25664157967950163,0.5000000000000001,True,correct,DBLP,43,True,correct
1131,journals/sigmod/Cingil02,True,1,2K6rhX16hXwJ,0.9901881403153058,0.0003954218271682231,0.9897927184881375,0.5000000000000001,True,correct,DBLP,43,True,correct
1132,conf/sigmod/LiuPTBBZBHY98,True,3,ezlAkB7ijDUJ,0.9884789714340372,0.6707155063563085,0.3177634650777287,0.5000000000000001,True,correct,DBLP,43,True,correct
1133,conf/sigmod/LabioZWGGW97,True,3,uzpyy9XRpgYJ,0.988719914852539,0.9804800988332119,0.008239816019327106,0.5000000000000001,True,correct,DBLP,43,True,correct
1134,conf/vldb/MarianS03,True,3,JVvFcEnXBmkJ,0.9857352785999955,0.6357976943652677,0.34993758423472787,0.5000000000000001,True,correct,DBLP,43,True,correct
1135,conf/vldb/Keogh02,True,1,rKIsQpbRiM0J,0.8427949147566314,0.0021819902970039487,0.8406129244596274,0.5000000000000001,True,correct,DBLP,43,True,correct
1136,conf/vldb/JagadishKNS99,True,2,W8O7pgTYGTYJ,0.9877917305596703,0.9397553553257749,0.04803637523389537,0.5000000000000001,True,correct,DBLP,43,True,correct
1137,conf/vldb/KraftSRM03,False,0,qbdSvwwe7VEJ,0.004254547924164089,0.0011786995723360436,0.0030758483518280454,0.5000000000000001,False,unmatched_abstention,DBLP,43,False,unmatched_abstention
1138,conf/vldb/BouganimCDDGS99,True,1,Ult4nmnmJp8J,0.9757845758797788,0.00305266555673842,0.9727319103230404,0.5000000000000001,True,correct,DBLP,43,True,correct
1139,conf/vldb/KonopnickiS95,True,5,fAZ2KwztkLoJ,0.9636781524928889,0.957970536761595,0.005707615731293858,0.5000000000000001,True,correct,DBLP,43,True,correct
1140,journals/sigmod/TanakaV01,True,2,sQu8znidi50J,0.8275372169735965,0.6717148274938276,0.1558223894797689,0.5000000000000001,True,correct,DBLP,43,True,correct
1141,conf/sigmod/FernandezS96,True,4,66uAX5EPtKcJ,0.5313208056107009,0.3630637522470096,0.16825705336369134,0.5000000000000001,True,correct,DBLP,43,True,correct
1142,conf/sigmod/FernandezFKLS98,True,9,x-Xcm921UTMJ,0.9606519161745769,0.9597262822602789,0.0009256339142980075,0.5000000000000001,True,correct,DBLP,43,True,correct
1143,journals/sigmod/NascimentoSP03,True,1,G3QWq2T08SEJ,0.9205844970913988,0.0010974616073467275,0.9194870354840521,0.5000000000000001,True,correct,DBLP,43,True,correct
1144,conf/sigmod/HouZ95,True,1,AeRUCf7iBqYJ,0.986418000007351,0.0030450233218831196,0.9833729766854679,0.5000000000000001,True,correct,DBLP,43,True,correct
1145,journals/vldb/KnorrNT00,True,1,SggrbO99AJgJ,0.9796663399010349,0.3493884983064392,0.6302778415945958,0.5000000000000001,True,correct,DBLP,43,True,correct
1146,journals/sigmod/MeltonMJKS02,True,1,cvBAdEvcTSkJ,0.9749161846633583,0.39870628811056036,0.576209896552798,0.5000000000000001,True,correct,DBLP,43,True,correct
1147,journals/sigmod/MusickC99,True,2,mA4kKq9Z3tYJ,0.9901881403153058,0.6697887952001249,0.32039934511518087,0.5000000000000001,True,correct,DBLP,43,True,correct
1148,journals/sigmod/Qian94a,False,0,url:http://portal.acm.org/ft_gateway.cfm%3Fid%3D212022%26type%3Dpdf%26dl%3DGUIDE%26dl%3DACM%26CFID%3D11111111%26CFTOKEN%3D2222222,0.30083896157147405,0.00641804447706423,0.2944209170944098,0.5000000000000001,False,unmatched_abstention,DBLP,43,False,unmatched_abstention
1149,conf/vldb/HuebschHLLSS03,True,3,7y9SomIIAG0J,0.9796962430670325,0.8640603928458891,0.11563585022114342,0.5000000000000001,True,correct,DBLP,43,True,correct
1150,journals/vldb/IoannidisNSS97,True,1,if5vzPT-qIAJ,0.9757154813580556,0.6348891739505848,0.3408263074074709,0.5000000000000001,True,correct,DBLP,43,True,correct
1151,conf/vldb/RusinkiewiczKTWM95,True,4,T2fm7Wb1ak4J,0.9835655381166882,0.8920966890816996,0.09146884903498864,0.5000000000000001,True,correct,DBLP,43,True,correct
1152,conf/vldb/LubbersGJ03,True,1,T3nGiiT3tbsJ,0.9788783854713323,0.0011131233999337154,0.9777652620713986,0.5000000000000001,True,correct,DBLP,43,True,correct
1153,conf/vldb/AgrawalLSS95,True,8,Y799jSppkKEJ,0.9887556811671289,0.9760842666953253,0.012671414471803533,0.5000000000000001,True,correct,DBLP,43,True,correct
1154,conf/vldb/OlstonW00,True,5,R_hYW6eIUuYJ,0.990000595832161,0.9494624325793967,0.04053816325276438,0.5000000000000001,True,correct,DBLP,43,True,correct
1155,journals/sigmod/RossAJS02,False,0,tOa0zXK5Ba4J,0.6327477574367635,0.38680100465914197,0.2459467527776215,0.5000000000000001,True,false_link,DBLP,43,True,false_link
1156,conf/vldb/CatozziR95,True,1,8ftKLh07LM0J,0.9857353020027508,0.08292560005491695,0.9028097019478338,0.5000000000000001,True,correct,DBLP,43,True,correct
1157,conf/vldb/Atal96,True,1,PaW8zjiNR9cJ,0.9857353020027508,0.001892138509673294,0.9838431634930775,0.5000000000000001,True,correct,DBLP,43,True,correct
1158,conf/vldb/GilbertKMS01,True,2,9rDLhwM_4mYJ,0.9855703000483136,0.9285025213028208,0.05706777874549274,0.5000000000000001,True,correct,DBLP,43,True,correct
1159,journals/tods/RosenthalR94,True,1,zM422IjZcPgJ,0.9863323697524465,0.16915470443524072,0.8171776653172058,0.5000000000000001,True,correct,DBLP,43,True,correct
1160,journals/sigmod/NejdlSS03,True,1,lZGtV8TM9yoJ,0.9901881379020427,0.008130369977252973,0.9820577679247897,0.5000000000000001,True,correct,DBLP,43,True,correct
1161,conf/sigmod/ChaudhuriKN03,True,1,ES6QyfgebIcJ,0.9895130779752684,0.005820780221346139,0.9836922977539223,0.5000000000000001,True,correct,DBLP,43,True,correct
1162,conf/vldb/GyssensL97,True,8,7jSBx3h3cvUJ,0.9569610524405184,0.9502741856170698,0.006686866823448656,0.5000000000000001,True,correct,DBLP,43,True,correct
1163,conf/sigmod/Whelan98,True,1,Jp9LEvXjiJAJ,0.9686043935668134,0.0024793420802268645,0.9661250514865866,0.5000000000000001,True,correct,DBLP,43,True,correct
1164,journals/sigmod/Ozsoyoglu99,False,0,qU_IX5KFwIoJ,0.01912957168374005,0.012755709626534198,0.00637386205720585,0.5000000000000001,False,unmatched_abstention,DBLP,43,False,unmatched_abstention
1165,conf/sigmod/KimC03,True,1,BWV2Oys1VXsJ,0.9705922068583146,0.0068318517366260595,0.9637603551216886,0.5000000000000001,True,correct,DBLP,43,True,correct
1166,journals/sigmod/BoucelmaCGJLL02,True,1,I9JXY0-R4GgJ,0.577371275485495,0.000740958492660653,0.5766303169928344,0.5000000000000001,True,correct,DBLP,43,True,correct
1167,journals/tods/AndriesCPB01,True,2,iMGwasyHkgIJ,0.9793912628799889,0.22649367025539438,0.7528975926245945,0.5000000000000001,True,correct,DBLP,43,True,correct
1168,journals/sigmod/Alonso94b,False,0,url:http://www.springerlink.com/index/X256555608656055.pdf,0.004805235402202891,0.002891052441839296,0.0019141829603635955,0.5000000000000001,False,unmatched_abstention,DBLP,43,False,unmatched_abstention
1169,journals/vldb/Amer-YahiaCLS02,True,2,SdqZz-Rnmk4J,0.985361529423528,0.9113934746914917,0.07396805473203627,0.5000000000000001,True,correct,DBLP,43,True,correct
1170,journals/sigmod/BoulosO99,True,2,yzbCsw2erkcJ,0.965210410821358,0.6401271223794243,0.3250832884419337,0.5000000000000001,True,correct,DBLP,43,True,correct
1171,conf/vldb/ShanmugasundaramGTZDN99,True,13,GIlUG9H3gUUJ,0.9642934362517485,0.929801385469915,0.03449205078183348,0.5000000000000001,True,correct,DBLP,43,True,correct
1172,conf/vldb/Sarawagi02,True,1,BJ0pr7FqzzoJ,0.445933651273133,0.0013667224878546904,0.4445669287852783,0.5000000000000001,False,missing_match,DBLP,43,True,correct
1173,conf/vldb/CandanALPH02,False,0,cUHoPtgmTMgJ,0.014127588655980766,0.007719701936082751,0.006407886719898015,0.5000000000000001,False,unmatched_abstention,DBLP,43,False,unmatched_abstention
1174,journals/vldb/KornLKF00,True,1,DNIfr9w2fucJ,0.9862840210000995,0.081954234379251,0.9043297866208485,0.5000000000000001,True,correct,DBLP,43,True,correct
1175,journals/vldb/AguileraCMVV02,True,3,SdVmepmUgQIJ,0.9862840446351757,0.6557713497338131,0.3305126949013626,0.5000000000000001,True,correct,DBLP,43,True,correct
1176,journals/sigmod/RashidS00,True,1,e0GH54HirssJ,0.9901881288428759,0.012479369236161258,0.9777087596067147,0.5000000000000001,True,correct,DBLP,43,True,correct
1177,conf/vldb/SahuguetA99,True,5,pK5bydjeZFIJ,0.9900005974714438,0.9592035367634872,0.030797060707956514,0.5000000000000001,True,correct,DBLP,43,True,correct
1178,journals/sigmod/Suciu97,False,0,1sGr4qMsCeMJ,0.14824922087715436,0.0025450800576490656,0.1457041408195053,0.5000000000000001,False,unmatched_abstention,DBLP,43,True,false_link
1179,conf/sigmod/HsuLG00,True,2,kxIpDxLD46gJ,0.9821434491019235,0.9056061367946664,0.07653731230725713,0.5000000000000001,True,correct,DBLP,43,True,correct
1180,conf/vldb/Cuppens96,True,1,8_HtXom0CVgJ,0.985735279764223,0.0034051692159501688,0.9823301105482729,0.5000000000000001,True,correct,DBLP,43,True,correct
1181,journals/vldb/AilamakiDH02,True,1,J9MeFW0vDJAJ,0.973165908959424,0.0009644273429463828,0.9722014816164777,0.5000000000000001,True,correct,DBLP,43,True,correct
1182,journals/vldb/KrivokapicKG99,True,3,A8qZGxwlDiYJ,0.9868200866668085,0.9802340507287308,0.006586035938077717,0.5000000000000001,True,correct,DBLP,43,True,correct
1183,conf/sigmod/PaparizosACJLNPSWWY03,True,1,HuPDChjYd44J,0.8716632903350282,0.6237119405811944,0.24795134975383382,0.5000000000000001,True,correct,DBLP,43,True,correct
1184,conf/vldb/ShatdalKN94,True,1,27-P8X0mjfcJ,0.9846352226667975,0.0034369779372082315,0.9811982447295893,0.5000000000000001,True,correct,DBLP,43,True,correct
1185,conf/vldb/Sarawagi99,True,2,W_CVz6V80csJ,0.9202884633138181,0.8520174092884317,0.06827105402538636,0.5000000000000001,True,correct,DBLP,43,True,correct
1186,conf/vldb/Orenstein98,True,1,VfWJDzGt9JYJ,0.974731400456278,0.0005521922717202585,0.9741792081845578,0.5000000000000001,True,correct,DBLP,43,True,correct
1187,conf/sigmod/WhiteD94,True,2,jKBaGqWJK2oJ,0.909513897973604,0.6661015219761856,0.2434123759974185,0.5000000000000001,True,correct,DBLP,43,True,correct
1188,journals/sigmod/RossCGLLM01,False,0,tOa0zXK5Ba4J,0.5427493319987142,0.40185864182626385,0.14089069017245037,0.5000000000000001,True,false_link,DBLP,43,True,false_link
1189,conf/vldb/LiC94,True,1,O0rvK0GFmBEJ,0.9880075253450752,0.05352922575767403,0.9344782995874011,0.5000000000000001,True,correct,DBLP,43,True,correct
1190,conf/vldb/Mohan02a,True,1,ulDehVmIgfAJ,0.990000597873991,0.010595543852972579,0.9794050540210184,0.5000000000000001,True,correct,DBLP,43,True,correct
1191,conf/sigmod/BreunigKKS01,True,3,3ET_IEkoGjYJ,0.9739519556889867,0.87365682004528,0.10029513564370673,0.5000000000000001,True,correct,DBLP,43,True,correct
1192,journals/sigmod/ConradHHKRSS99,True,4,nmEhI0tiWGAJ,0.9830665216325724,0.9719619332309817,0.011104588401590676,0.5000000000000001,True,correct,DBLP,43,True,correct
1193,conf/sigmod/WangCMSSZ94,True,4,ZM65itnp_E4J,0.9825823209732487,0.6727120503333841,0.3098702706398646,0.5000000000000001,True,correct,DBLP,43,True,correct
1194,journals/tods/MayL02,True,1,ky-2yjNGtW8J,0.9863323725042336,0.04935312755967911,0.9369792449445544,0.5000000000000001,True,correct,DBLP,43,True,correct
1195,conf/vldb/VeltriCV01,True,2,SdVmepmUgQIJ,0.9455149685263637,0.7956332894428918,0.14988167908347194,0.5000000000000001,True,false_link,DBLP,43,True,false_link
1196,conf/vldb/MatthesS94,True,2,KRLEL-N4Ce8J,0.9847699872400749,0.3954932757620035,0.5892767114780715,0.5000000000000001,True,correct,DBLP,43,True,correct
1197,journals/vldb/OzsuC98,False,0,url:http://portal.acm.org/citation.cfm%3Fid%3D170105,0.008527083574633517,0.002963632782950832,0.005563450791682686,0.5000000000000001,False,unmatched_abstention,DBLP,43,False,unmatched_abstention
1198,journals/sigmod/RossFS02,False,0,tOa0zXK5Ba4J,0.6327477621614446,0.3868010167152316,0.24594674544621298,0.5000000000000001,True,false_link,DBLP,43,True,false_link
1199,conf/sigmod/LiS98,True,1,Vxg-4KP7FfEJ,0.9246808872633628,0.01508297941814447,0.9095979078452183,0.5000000000000001,True,correct,DBLP,43,True,correct
1200,journals/sigmod/RosenthalSMBTL95,True,1,-_FyboGgZkkJ,0.9869787097866956,0.05661824076875921,0.9303604690179363,0.5000000000000001,True,correct,DBLP,43,True,correct
1201,journals/sigmod/GamacheS95,True,1,vqgfvx71hgQJ,0.9887129338477239,0.0017286036861813338,0.9869843301615425,0.5000000000000001,True,correct,DBLP,43,True,correct
1202,conf/vldb/BalminHKPSW03,True,1,8xRHvInl0_0J,0.9128384200431727,0.08292135849413979,0.829917061549033,0.5000000000000001,True,correct,DBLP,43,True,correct
1203,journals/sigmod/ChongFTSYKDJJ03,True,1,url:http://portal.acm.org/ft_gateway.cfm%3Fid%3D777000%26type%3Dpdf%26coll%3DGUIDE%26dl%3DACM%26CFID%3D11111111%26CFTOKEN%3D2222222,0.9582041406084958,0.0006565557071543941,0.9575475849013414,0.5000000000000001,True,correct,DBLP,43,True,correct
1204,conf/vldb/DidriksenGD95,True,1,0TNJ5d1tfkEJ,0.9427064101653746,0.0035665095630266195,0.939139900602348,0.5000000000000001,True,correct,DBLP,43,True,correct
1205,journals/tods/BertinoBFS98,True,2,5Zpm_QmAfv4J,0.9863323725042336,0.7516515799959809,0.2346807925082527,0.5000000000000001,True,correct,DBLP,43,True,correct
1206,conf/vldb/RahmM95,True,2,6ioboOxJvQIJ,0.9848157589994887,0.9532093150671568,0.03160644393233192,0.5000000000000001,True,correct,DBLP,43,True,correct
1207,conf/vldb/Galindo-LegariaPK94,True,3,47fE4F2kahEJ,0.9888997215173136,0.8757414493737208,0.11315827214359286,0.5000000000000001,True,correct,DBLP,43,True,correct
1208,conf/vldb/Tsur00,True,1,buI2V0eIcZoJ,0.985735279764223,0.007095365692882271,0.9786399140713408,0.5000000000000001,True,correct,DBLP,43,True,correct
1209,conf/vldb/May01,True,1,Fb4oYRM9N4EJ,0.9589487434109745,0.0018489975676137902,0.9570997458433607,0.5000000000000001,True,correct,DBLP,43,True,correct
1210,conf/sigmod/FukudaMMT96a,True,3,WOCgxlV_LgoJ,0.9763542617644775,0.527218523397923,0.4491357383665545,0.5000000000000001,True,correct,DBLP,43,True,correct
1211,conf/sigmod/RoussopoulosKR97,True,1,H7Pi4AQU00YJ,0.9594494598829696,0.24056544749931713,0.7188840123836524,0.5000000000000001,True,correct,DBLP,43,True,correct
1212,journals/sigmod/dOnofrioP03,True,1,url:http://portal.acm.org/ft_gateway.cfm%3Fid%3D776990%26type%3Dpdf%26dl%3DGUIDE%26dl%3DACM%26CFID%3D11111111%26CFTOKEN%3D2222222,0.9736436971979534,0.021197004288463994,0.9524466929094895,0.5000000000000001,True,correct,DBLP,43,True,correct
1213,conf/vldb/BarjaPFWD94,True,2,qhl9_KGvjcUJ,0.9669873617082251,0.06748911805296698,0.8994982436552581,0.5000000000000001,True,correct,DBLP,43,True,correct
1214,conf/sigmod/SarawagiTA98,True,7,SLmQWvsYtKYJ,0.9394482356442361,0.8977911630761748,0.04165707256806128,0.5000000000000001,True,correct,DBLP,43,True,correct
1215,conf/sigmod/Bussler01,True,1,UYIeOe280OwJ,0.448888176524958,0.009378726063223132,0.43950945046173484,0.5000000000000001,False,missing_match,DBLP,43,True,correct
1216,conf/sigmod/BrinMS97,True,9,-tbXaORoThUJ,0.9670084681844475,0.9547613242983626,0.012247143886084944,0.5000000000000001,True,correct,DBLP,43,True,correct
1217,conf/sigmod/TomasicABKNR97,True,3,6CpWnsUqJNIJ,0.9874371508120482,0.9024874427326481,0.08494970807940005,0.5000000000000001,True,correct,DBLP,43,True,correct
1218,conf/sigmod/HullZ96,True,2,H1E3GuQcoUAJ,0.9902426264979829,0.49963612585537354,0.49060650064260936,0.5000000000000001,True,correct,DBLP,43,True,correct
1219,conf/vldb/Kotidis01,True,1,lRL4LmMtwnYJ,0.985735279764223,0.0009284748970878637,0.9848068048671351,0.5000000000000001,True,correct,DBLP,43,True,correct
1220,conf/vldb/AnciauxBBPV01,True,2,PFEvlg2DiMkJ,0.9826446534009864,0.756646867006809,0.22599778639417734,0.5000000000000001,True,correct,DBLP,43,True,correct
1221,conf/sigmod/BarclaySG00,True,6,7br3WXwZRQ4J,0.9657642073381221,0.9590704298788819,0.006693777459240158,0.5000000000000001,True,correct,DBLP,43,True,correct
1222,conf/vldb/JosifovskiR99,True,2,rR9r4Kuzq-4J,0.9836995506480983,0.8248822736782134,0.1588172769698849,0.5000000000000001,True,correct,DBLP,43,True,correct
1223,conf/vldb/ShanmugasundaramKSFF01,True,1,9r5dL8B5l7oJ,0.8084342449675975,0.0361262368578407,0.7723080081097569,0.5000000000000001,True,correct,DBLP,43,True,correct
1224,conf/sigmod/MinPC03,True,1,JjrRZt4ONqMJ,0.9340806755462291,0.017325674649569283,0.9167550008966598,0.5000000000000001,True,correct,DBLP,43,True,correct
1225,conf/sigmod/LibkinMW96,True,3,OfZWx8jhQvwJ,0.9652127195881385,0.9075551907160686,0.057657528872069874,0.5000000000000001,True,correct,DBLP,43,True,correct
1226,journals/sigmod/KeetonPH98,True,3,6MtRlhEClPEJ,0.9887141537190878,0.9765366920599318,0.012177461659156008,0.5000000000000001,True,correct,DBLP,43,True,correct
1227,conf/sigmod/LacroixSC98,True,1,MyaiGcr-oYkJ,0.9624816706917967,0.0012961328886932188,0.9611855378031035,0.5000000000000001,True,correct,DBLP,43,True,correct
1228,conf/sigmod/Dullmann99,True,1,5bp8rSFAkzEJ,0.5122016043061248,0.07345861989951288,0.43874298440661197,0.5000000000000001,True,correct,DBLP,43,False,missing_match
1229,journals/sigmod/Ouksel03,True,1,8M_z-OUkoxYJ,0.990188128038454,0.3353862090175437,0.6548019190209103,0.5000000000000001,True,correct,DBLP,43,True,correct
1230,conf/vldb/LitwinNS94,True,4,SnkWnX5WoKwJ,0.9706213678404353,0.9438691234889007,0.02675224435153456,0.5000000000000001,True,correct,DBLP,43,True,correct
1231,conf/vldb/HellersteinNP95,True,6,AC19Z_yOCTUJ,0.9883692012487015,0.8896357172240157,0.09873348402468585,0.5000000000000001,True,correct,DBLP,43,True,correct
1232,conf/vldb/FlodinR95,True,2,WmtiDGY_BdoJ,0.9850603035330076,0.9366640922682343,0.048396211264773226,0.5000000000000001,True,correct,DBLP,43,True,correct
1233,conf/sigmod/CrescenziMM02,True,1,pI0WktymowwJ,0.9626692690317136,0.8311988029748377,0.13147046605687585,0.5000000000000001,True,correct,DBLP,43,True,correct
1234,conf/vldb/Shaw98,True,2,sZZVwXivu-kJ,0.9801628796751144,0.9164822424291716,0.06368063724594275,0.5000000000000001,True,correct,DBLP,43,True,correct
1235,journals/sigmod/Mendelzon00,False,0,LxniIL-QAhgJ,0.13071056876545117,0.02365766006621926,0.10705290869923191,0.5000000000000001,False,unmatched_abstention,DBLP,43,False,unmatched_abstention
1236,journals/vldb/CandanLS00,True,2,nXvDy_QqSd4J,0.9776189905531624,0.8752888091078921,0.10233018144527029,0.5000000000000001,True,correct,DBLP,43,True,correct
1237,conf/sigmod/AndersonBKW98,True,3,j6v2b9hN-R4J,0.9898519274623165,0.4333048081845688,0.5565471192777478,0.5000000000000001,True,correct,DBLP,43,True,correct
1238,conf/vldb/AggarwalY02,True,1,W9wJnFy0TDAJ,0.9784510546517243,0.009330383188478718,0.9691206714632457,0.5000000000000001,True,correct,DBLP,43,True,correct
1239,conf/vldb/Campbell99,True,1,m1eeQnYWL0oJ,0.9857352820926777,0.0009820148413479514,0.9847532672513297,0.5000000000000001,True,correct,DBLP,43,True,correct
1240,journals/vldb/AnGSVKI02,True,1,kBzZ1GUoa1AJ,0.9636597523559252,0.18101313956400594,0.7826466127919192,0.5000000000000001,True,correct,DBLP,43,True,correct
1241,conf/sigmod/FaginKS03,True,2,tQZWeE_nsa0J,0.9902426229620601,0.17988087902754024,0.8103617439345199,0.5000000000000001,True,correct,DBLP,43,True,correct
1242,journals/tods/KotidisR01,True,1,04utamFvle4J,0.9863323781803992,0.06340945479778248,0.9229229233826167,0.5000000000000001,True,correct,DBLP,43,True,correct
1243,conf/sigmod/BerchtoldK97,True,2,DNVHTz7tMywJ,0.9318180978867833,0.849534613172549,0.0822834847142343,0.5000000000000001,True,correct,DBLP,43,True,correct
1244,conf/vldb/LiuJ02,False,0,cVVo6IeUE9MJ,0.4348938351787534,0.022076157459048583,0.41281767771970485,0.5000000000000001,False,unmatched_abstention,DBLP,43,False,unmatched_abstention
1245,conf/sigmod/Hellerstein94,True,2,Nn0LzB8rUPEJ,0.9525514735902774,0.11599361061973833,0.836557862970539,0.5000000000000001,True,correct,DBLP,43,True,correct
1246,conf/vldb/StohrMR00,True,1,7fCRAqLTNeUJ,0.9636532666299172,0.024149588166333745,0.9395036784635835,0.5000000000000001,True,correct,DBLP,43,True,correct
1247,conf/sigmod/Wu99,True,2,xl1Jscb79KEJ,0.9443619713785165,0.8961981385713728,0.04816383280714376,0.5000000000000001,True,correct,DBLP,43,True,correct
1248,journals/sigmod/HellersteinHM03,True,1,6ussAgzdL6oJ,0.9901881225363447,0.007319089796447408,0.9828690327398973,0.5000000000000001,True,correct,DBLP,43,True,correct
1249,journals/sigmod/Hanson99,False,0,url:http://portal.acm.org/citation.cfm%3Fid%3D984488.984489%26coll%3DGUIDE%26dl%3DACM%26idx%3DJ689%26part%3Dperiodical%26WantType%3Dperiodical%26title%3DACM%2520SIGMOD%2520Record%26CFID%3D11111111%26CFTOKEN%3D2222222,0.038353271147988664,0.03363987193351639,0.004713399214472273,0.5000000000000001,False,unmatched_abstention,DBLP,43,False,unmatched_abstention
1250,journals/sigmod/RossFLOSSVW00,False,0,tOa0zXK5Ba4J,0.5127274074381843,0.4418136833248167,0.07091372411336766,0.5000000000000001,True,false_link,DBLP,43,True,false_link
1251,conf/sigmod/TsurUACMNR98,True,5,aym35wwVDlQJ,0.9592939872269478,0.8892569086463943,0.07003707858055352,0.5000000000000001,True,correct,DBLP,43,True,correct
1252,conf/sigmod/ZhuSZ03,True,1,7VSlB0yIt3YJ,0.9902426256979849,0.01811626960733782,0.9721263560906471,0.5000000000000001,True,correct,DBLP,43,True,correct
1253,journals/sigmod/Colliat96,True,3,FP-ribG9oVsJ,0.9901881233407668,0.7797753309742707,0.21041279236649613,0.5000000000000001,True,correct,DBLP,43,True,correct
1254,journals/tods/JajodiaSSS01,True,1,oH5XZWjwC6AJ,0.9785484613393416,0.48611065456502006,0.49243780677432153,0.5000000000000001,True,correct,DBLP,43,True,correct
1255,conf/vldb/StathatosRB97,True,3,JH2hiRXPJcEJ,0.9847580228271393,0.9495509327952455,0.03520709003189382,0.5000000000000001,True,correct,DBLP,43,True,correct
1256,conf/sigmod/Ullman03,True,1,TabFkjNTLMsJ,0.9797806425263383,0.0010958137542337707,0.9786848287721046,0.5000000000000001,True,correct,DBLP,43,True,correct
1257,conf/sigmod/CruzJ99,True,1,vXMwU21-7HMJ,0.9758296192966455,0.29595038644684246,0.679879232849803,0.5000000000000001,True,correct,DBLP,43,True,correct
1258,conf/vldb/Schek00,True,1,yMjJam38N8sJ,0.975892968689413,0.5089982839530147,0.4668946847363983,0.5000000000000001,True,correct,DBLP,43,True,correct
1259,conf/sigmod/LometT99,True,1,JvZ9JWtn72QJ,0.9409496821688591,0.0024341039473119506,0.9385155782215472,0.5000000000000001,True,correct,DBLP,43,True,correct
1260,conf/sigmod/IlyasRLGL03,True,1,qCnvlNwYp6cJ,0.9205626014143005,0.007237201726857199,0.9133253996874433,0.5000000000000001,True,correct,DBLP,43,True,correct
1261,conf/vldb/LamKR02,True,1,GdvZvvRTXIAJ,0.9900006135303929,0.00520673079194439,0.9847938827384486,0.5000000000000001,True,correct,DBLP,43,True,correct
1262,conf/sigmod/BraumandlKK99,True,3,4fjXoCHhe1kJ,0.9902426433791606,0.7634452822239106,0.22679736115524995,0.5000000000000001,True,correct,DBLP,43,True,correct
1263,conf/sigmod/BabyCY01,True,1,rNoNn5hWsroJ,0.9379465330884214,0.006357012740410571,0.9315895203480108,0.5000000000000001,True,correct,DBLP,43,True,correct
1264,conf/vldb/Spaccapietra94,True,1,ZpVzTb1a7VoJ,0.9774064369606201,0.005732285055890602,0.9716741519047295,0.5000000000000001,True,correct,DBLP,43,True,correct
1265,conf/vldb/LiPHCAAT03,True,1,eSC19V7zgtsJ,0.941838116344763,0.03801353523689203,0.903824581107871,0.5000000000000001,True,correct,DBLP,43,True,correct
1266,conf/vldb/Bowker00,True,1,fAHjV8C1hLcJ,0.9813397371833094,0.002202143937358851,0.9791375932459505,0.5000000000000001,True,correct,DBLP,43,True,correct
1267,conf/sigmod/ArefBV95,True,2,ht_8Iq3SZ80J,0.9832736098974526,0.30828384368516193,0.6749897662122907,0.5000000000000001,True,correct,DBLP,43,True,correct
1268,journals/tods/DiaoAFZF03,True,2,fREDZIbZVdEJ,0.9859232272208098,0.816511388319222,0.16941183890158784,0.5000000000000001,True,correct,DBLP,43,True,correct
1269,journals/sigmod/LenzVJS03,True,1,url:http://portal.acm.org/ft_gateway.cfm%3Fid%3D959083%26type%3Dpdf,0.2147288770314453,0.03280683880659838,0.18192203822484693,0.5000000000000001,False,missing_match,DBLP,43,True,correct
1270,conf/vldb/SchieferKBLF98,True,1,1LATgSt5o_EJ,0.9834514209402104,0.0041048626371162225,0.9793465583030943,0.5000000000000001,True,correct,DBLP,43,True,correct
1271,journals/sigmod/SnodgrassACFLLORRSV99,False,0,tOa0zXK5Ba4J,0.46749448082664685,0.45010523458565893,0.01738924624098792,0.5000000000000001,False,unmatched_abstention,DBLP,43,True,false_link
1272,journals/sigmod/FininJ02,True,1,rg8576nvnkUJ,0.9901881403153058,0.0017886789640030956,0.9883994613513026,0.5000000000000001,True,correct,DBLP,43,True,correct
1273,conf/vldb/SumiyaYTSI95,True,1,ZoMjwB0ps2kJ,0.9836473675269413,0.0005894383059137531,0.9830579292210275,0.5000000000000001,True,correct,DBLP,43,True,correct
1274,conf/sigmod/GuptaLM03,True,1,iCg06Oc9DV8J,0.9784981163370546,0.0014275692970719945,0.9770705470399826,0.5000000000000001,True,correct,DBLP,43,True,correct
1275,conf/sigmod/ChenWZ98,True,1,NuwRNfDPpTcJ,0.8029160220729625,0.0010127418462135829,0.801903280226749,0.5000000000000001,True,correct,DBLP,43,True,correct
1276,journals/sigmod/BarclayBGS94,True,2,wPhDoeiINQsJ,0.9901881304517194,0.7295416403515537,0.2606464901001657,0.5000000000000001,True,correct,DBLP,43,True,correct
1277,journals/sigmod/ShethBS99,True,3,cqlnSEkt12EJ,0.9103600490596863,0.8794301873746198,0.030929861685066506,0.5000000000000001,True,correct,DBLP,43,True,correct
1278,journals/tods/FormicaGM98,True,1,PtcmzsfKYrsJ,0.9831711090733085,0.000650234357442134,0.9825208747158664,0.5000000000000001,True,correct,DBLP,43,True,correct
1279,conf/sigmod/QuassW97,True,6,u6Sx6E5i4L8J,0.9612948035941699,0.874516802430747,0.08677800116342282,0.5000000000000001,True,correct,DBLP,43,True,correct
1280,journals/sigmod/BrunieK96,True,1,spI2g7jFHuYJ,0.9901881233407668,0.0007695436282058309,0.989418579712561,0.5000000000000001,True,correct,DBLP,43,True,correct
1281,conf/sigmod/ChristophidesCS00,True,6,DqHBAYRAtyIJ,0.9702376307078961,0.9135998890924445,0.05663774161545165,0.5000000000000001,True,correct,DBLP,43,True,correct
1282,conf/sigmod/MankuRL99,True,4,X94gDE70Zn0J,0.9868148622369806,0.6714254344682744,0.31538942776870615,0.5000000000000001,True,correct,DBLP,43,True,correct
1283,journals/sigmod/ArpinarD00,True,1,YQQMvRraFBwJ,0.9901881387064638,0.00842089915141575,0.9817672395550481,0.5000000000000001,True,correct,DBLP,43,True,correct
1284,journals/vldb/ShanmugasundaramSBCLPR01,True,5,HKM-zP0LT_UJ,0.9753226960225664,0.9142606175105109,0.06106207851205547,0.5000000000000001,True,correct,DBLP,43,True,correct
1285,journals/sigmod/Snodgrass02,True,1,_qopgNiYmXQJ,0.9818849485439087,0.00040760775370878705,0.9814773407902,0.5000000000000001,True,correct,DBLP,43,True,correct
1286,journals/sigmod/Dogac96,True,1,url:http://portal.acm.org/citation.cfm%3Fid%3D234889.234900%26dl%3DGUIDE%26dl%3DACM%26idx%3DJ689%26part%3Dperiodical%26WantType%3Dperiodical%26title%3DACM%2520SIGMOD%2520Record%26CFID%3D11111111%26CFTOKEN%3D2222222,0.9892728409826036,0.12647556856771516,0.8627972724148885,0.5000000000000001,True,correct,DBLP,43,True,correct
1287,conf/vldb/HardingLM03,False,0,_dOpWA3QWOEJ,0.0010578078607410587,0.0008741110784456908,0.00018369678229536793,0.5000000000000001,False,unmatched_abstention,DBLP,43,False,unmatched_abstention
1288,conf/vldb/DeckerK03,True,1,es2kSNccUGMJ,0.5671318543916732,0.017175518652791735,0.5499563357388815,0.5000000000000001,True,correct,DBLP,43,True,correct
1289,conf/vldb/MuntzR94,True,1,o9DfGI9zsloJ,0.9691365587704429,0.0034718175194885714,0.9656647412509544,0.5000000000000001,True,correct,DBLP,43,True,correct
1290,conf/sigmod/ChangG99,True,4,8Yt1Mba9-wQJ,0.9864745095911527,0.9187194658068639,0.06775504378428876,0.5000000000000001,True,correct,DBLP,43,True,correct
1291,journals/tods/KrishnakumarB94,True,1,8ZjEDOBUd_QJ,0.9826495971988153,0.008554776750677236,0.974094820448138,0.5000000000000001,True,correct,DBLP,43,True,correct
1292,journals/sigmod/ElmagarmidJF95,True,1,CJK2SWLYrRYJ,0.9901881387064638,0.002933854412227854,0.987254284294236,0.5000000000000001,True,correct,DBLP,43,True,correct
1293,conf/sigmod/GoyalHKMS96,True,1,uUcmU_hKF2kJ,0.8418194991077677,0.005624151018699724,0.8361953480890679,0.5000000000000001,True,correct,DBLP,43,True,correct
1294,journals/sigmod/MillerHHYHFP01,True,4,q_MyUzye5SoJ,0.9526478399691235,0.9146776262418435,0.037970213727280044,0.5000000000000001,True,correct,DBLP,43,True,correct
1295,conf/vldb/BaralisPT97,True,4,UUiSb7q5PHgJ,0.9876797941542916,0.8221651123704417,0.16551468178384998,0.5000000000000001,True,correct,DBLP,43,True,correct
1296,journals/vldb/LometS97,True,4,qjLiaKLJ6eQJ,0.9862840286611482,0.9608804067507019,0.025403621910446317,0.5000000000000001,True,correct,DBLP,43,True,correct
1297,journals/sigmod/Rosenthal98,True,1,ZMMeRrWUlOoJ,0.9766528371583411,0.0009158591315941994,0.9757369780267469,0.5000000000000001,True,correct,DBLP,43,True,correct
1298,conf/sigmod/MumickQM97,True,3,cvHvC7tUSrIJ,0.9674307312291935,0.9535981484055605,0.013832582823633088,0.5000000000000001,True,correct,DBLP,43,True,correct
1299,journals/vldb/AbbadiSW01,False,0,url:http://portal.acm.org/citation.cfm%3Fid%3D599610.599633,0.6120175908389882,0.5650241821261596,0.046993408712828644,0.5000000000000001,True,false_link,DBLP,43,True,false_link
1300,conf/vldb/TanEO01,True,2,1A06w64wjvcJ,0.9795045400937609,0.6757616350650223,0.3037429050287386,0.5000000000000001,True,correct,DBLP,43,True,correct
1301,journals/tods/BrunoCG02,True,1,tkCWrg5OsIwJ,0.9863324090936124,0.1319826850507264,0.854349724042886,0.5000000000000001,True,correct,DBLP,43,True,correct
1302,conf/sigmod/Tajima96,True,1,IZSzLlgi8tUJ,0.9902426374416741,0.0013707662517571588,0.9888718711899169,0.5000000000000001,True,correct,DBLP,43,True,correct
1303,conf/vldb/LuoNEW03,True,1,8n1UIzMm4VMJ,0.981884165277371,0.0010392966350945892,0.9808448686422764,0.5000000000000001,True,correct,DBLP,43,True,correct
1304,conf/vldb/PitouraC99,True,1,6VU-VxcDsFsJ,0.9832563449393376,0.012175095212623433,0.9710812497267142,0.5000000000000001,True,correct,DBLP,43,True,correct
1305,conf/sigmod/WangSSZZW00,True,2,CaplZan57x4J,0.9789433577202902,0.9544725018975051,0.024470855822785076,0.5000000000000001,True,correct,DBLP,43,True,correct
1306,journals/sigmod/KantM00,True,1,url:http://portal.acm.org/citation.cfm%3Fid%3D362084.362091%26dl%3DGUIDE%26dl%3DACM%26idx%3DJ689%26part%3Dperiodical%26WantType%3Dperiodical%26title%3DACM%2520SIGMOD%2520Record%26CFID%3D11111111%26CFTOKEN%3D2222222,0.20791340326220947,0.0022281868910070837,0.20568521637120238,0.5000000000000001,False,missing_match,DBLP,43,True,correct
1307,journals/sigmod/ReichB98,True,2,HzOZXA_VJk8J,0.9901881249496111,0.5957479601681325,0.3944401647814786,0.5000000000000001,True,correct,DBLP,43,True,correct
